{
  "type": "FeatureCollection",
  "features": [
    {
      "type": "Feature",
      "properties": {
        "intersection_id": "5df4729b-b2ae-4d2d-b600-4b22238e9ffb",
        "risk_score": 0.65,
        "risk_level": "High",
        "risk_level_numeric": 4,
        "crash_count": 3,
        "latitude": 32.90541037,
        "longitude": -97.5641605333333,
        "intersecting_roads": [],
        "recent_crashes": [
          {
            "crash_id": "20931595",
            "crash_date": "2025-07-25",
            "severity": "K_Fatal",
            "persons_involved": 0
          },
          {
            "crash_id": "20831864",
            "crash_date": "2025-05-22",
            "severity": "A_IncapacitatingInjury",
            "persons_involved": 0
          },
          {
            "crash_id": "20676540",
            "crash_date": "2025-02-26",
            "severity": "B_NonIncapacitatingInjury",
            "persons_involved": 1
          }
        ],
        "fatal_crashes": 1,
        "injury_crashes": 2,
        "property_damage_crashes": 0
      },
      "geometry": {
        "type": "Point",
        "coordinates": [
          -97.5641605333333,
          32.90541037
        ]
      }
    },
    {
      "type": "Feature",
      "properties": {
        "intersection_id": "f7862725-f68d-48d9-9ce9-29b2c5657420",
        "risk_score": 0.63,
        "risk_level": "High",
        "risk_level_numeric": 4,
        "crash_count": 14,
        "latitude": 32.7275869128572,
        "longitude": -97.7882775907143,
        "intersecting_roads": [],
        "recent_crashes": [
          {
            "crash_id": "20956411",
            "crash_date": "2025-08-12",
            "severity": "A_IncapacitatingInjury",
            "persons_involved": 3
          },
          {
            "crash_id": "20940670",
            "crash_date": "2025-08-02",
            "severity": "K_Fatal",
            "persons_involved": 0
          },
          {
            "crash_id": "20942892",
            "crash_date": "2025-07-31",
            "severity": "A_IncapacitatingInjury",
            "persons_involved": 2
          },
          {
            "crash_id": "20937043",
            "crash_date": "2025-07-30",
            "severity": "A_IncapacitatingInjury",
            "persons_involved": 1
          },
          {
            "crash_id": "20903588",
            "crash_date": "2025-07-10",
            "severity": "O_NoInjury",
            "persons_involved": 2
          },
          {
            "crash_id": "20863356",
            "crash_date": "2025-06-13",
            "severity": "O_NoInjury",
            "persons_involved": 1
          },
          {
            "crash_id": "20815819",
            "crash_date": "2025-05-16",
            "severity": "B_NonIncapacitatingInjury",
            "persons_involved": 1
          },
          {
            "crash_id": "20807900",
            "crash_date": "2025-05-13",
            "severity": "B_NonIncapacitatingInjury",
            "persons_involved": 3
          },
          {
            "crash_id": "20797580",
            "crash_date": "2025-05-07",
            "severity": "O_NoInjury",
            "persons_involved": 2
          },
          {
            "crash_id": "20754537",
            "crash_date": "2025-04-12",
            "severity": "O_NoInjury",
            "persons_involved": 4
          }
        ],
        "fatal_crashes": 1,
        "injury_crashes": 5,
        "property_damage_crashes": 4
      },
      "geometry": {
        "type": "Point",
        "coordinates": [
          -97.7882775907143,
          32.7275869128572
        ]
      }
    },
    {
      "type": "Feature",
      "properties": {
        "intersection_id": "0798eb22-7b04-4642-b267-782f242e014a",
        "risk_score": 0.62,
        "risk_level": "High",
        "risk_level_numeric": 4,
        "crash_count": 2,
        "latitude": 32.97451116,
        "longitude": -97.729139705,
        "intersecting_roads": [],
        "recent_crashes": [
          {
            "crash_id": "20949409",
            "crash_date": "2025-07-28",
            "severity": "A_IncapacitatingInjury",
            "persons_involved": 1
          },
          {
            "crash_id": "20619866",
            "crash_date": "2025-01-15",
            "severity": "A_IncapacitatingInjury",
            "persons_involved": 0
          }
        ],
        "fatal_crashes": 0,
        "injury_crashes": 2,
        "property_damage_crashes": 0
      },
      "geometry": {
        "type": "Point",
        "coordinates": [
          -97.729139705,
          32.97451116
        ]
      }
    },
    {
      "type": "Feature",
      "properties": {
        "intersection_id": "7020ad72-f1c9-4e08-8094-23ae602dcba6",
        "risk_score": 0.62,
        "risk_level": "High",
        "risk_level_numeric": 4,
        "crash_count": 2,
        "latitude": 32.799218935,
        "longitude": -97.69126131,
        "intersecting_roads": [],
        "recent_crashes": [
          {
            "crash_id": "20940659",
            "crash_date": "2025-08-01",
            "severity": "A_IncapacitatingInjury",
            "persons_involved": 0
          },
          {
            "crash_id": "20743200",
            "crash_date": "2025-03-18",
            "severity": "A_IncapacitatingInjury",
            "persons_involved": 0
          }
        ],
        "fatal_crashes": 0,
        "injury_crashes": 2,
        "property_damage_crashes": 0
      },
      "geometry": {
        "type": "Point",
        "coordinates": [
          -97.69126131,
          32.799218935
        ]
      }
    },
    {
      "type": "Feature",
      "properties": {
        "intersection_id": "7fecfdc7-0df1-431f-9ec6-6bf7a2aa04f0",
        "risk_score": 0.56375,
        "risk_level": "Moderate",
        "risk_level_numeric": 3,
        "crash_count": 8,
        "latitude": 32.7507877575,
        "longitude": -97.78605137,
        "intersecting_roads": [],
        "recent_crashes": [
          {
            "crash_id": "20867545",
            "crash_date": "2025-06-17",
            "severity": "B_NonIncapacitatingInjury",
            "persons_involved": 1
          },
          {
            "crash_id": "20836171",
            "crash_date": "2025-05-29",
            "severity": "O_NoInjury",
            "persons_involved": 0
          },
          {
            "crash_id": "20829648",
            "crash_date": "2025-05-24",
            "severity": "A_IncapacitatingInjury",
            "persons_involved": 1
          },
          {
            "crash_id": "20760864",
            "crash_date": "2025-04-16",
            "severity": "O_NoInjury",
            "persons_involved": 0
          },
          {
            "crash_id": "20734061",
            "crash_date": "2025-04-01",
            "severity": "O_NoInjury",
            "persons_involved": 0
          },
          {
            "crash_id": "20712981",
            "crash_date": "2025-03-18",
            "severity": "B_NonIncapacitatingInjury",
            "persons_involved": 0
          },
          {
            "crash_id": "20653149",
            "crash_date": "2025-02-12",
            "severity": "A_IncapacitatingInjury",
            "persons_involved": 1
          },
          {
            "crash_id": "20592998",
            "crash_date": "2025-01-03",
            "severity": "B_NonIncapacitatingInjury",
            "persons_involved": 1
          }
        ],
        "fatal_crashes": 0,
        "injury_crashes": 5,
        "property_damage_crashes": 3
      },
      "geometry": {
        "type": "Point",
        "coordinates": [
          -97.78605137,
          32.7507877575
        ]
      }
    },
    {
      "type": "Feature",
      "properties": {
        "intersection_id": "f6dcead0-6ce6-47f5-8149-f0c958c04a09",
        "risk_score": 0.56,
        "risk_level": "Moderate",
        "risk_level_numeric": 3,
        "crash_count": 7,
        "latitude": 32.7295808271429,
        "longitude": -97.7892506985714,
        "intersecting_roads": [],
        "recent_crashes": [
          {
            "crash_id": "20896301",
            "crash_date": "2025-07-03",
            "severity": "A_IncapacitatingInjury",
            "persons_involved": 2
          },
          {
            "crash_id": "20839412",
            "crash_date": "2025-05-31",
            "severity": "A_IncapacitatingInjury",
            "persons_involved": 1
          },
          {
            "crash_id": "20829636",
            "crash_date": "2025-05-23",
            "severity": "A_IncapacitatingInjury",
            "persons_involved": 0
          },
          {
            "crash_id": "20815830",
            "crash_date": "2025-05-16",
            "severity": "A_IncapacitatingInjury",
            "persons_involved": 1
          },
          {
            "crash_id": "20693108",
            "crash_date": "2025-03-07",
            "severity": "O_NoInjury",
            "persons_involved": 3
          },
          {
            "crash_id": "20692840",
            "crash_date": "2025-03-07",
            "severity": "O_NoInjury",
            "persons_involved": 4
          },
          {
            "crash_id": "20640392",
            "crash_date": "2025-02-03",
            "severity": "O_NoInjury",
            "persons_involved": 0
          }
        ],
        "fatal_crashes": 0,
        "injury_crashes": 4,
        "property_damage_crashes": 3
      },
      "geometry": {
        "type": "Point",
        "coordinates": [
          -97.7892506985714,
          32.7295808271429
        ]
      }
    },
    {
      "type": "Feature",
      "properties": {
        "intersection_id": "e9bfaebf-b5f9-486c-ac31-ca6f651e88e3",
        "risk_score": 0.55,
        "risk_level": "Moderate",
        "risk_level_numeric": 3,
        "crash_count": 2,
        "latitude": 32.744350735,
        "longitude": -97.60014667,
        "intersecting_roads": [],
        "recent_crashes": [
          {
            "crash_id": "20842413",
            "crash_date": "2025-05-31",
            "severity": "A_IncapacitatingInjury",
            "persons_involved": 0
          },
          {
            "crash_id": "20763354",
            "crash_date": "2025-04-14",
            "severity": "B_NonIncapacitatingInjury",
            "persons_involved": 1
          }
        ],
        "fatal_crashes": 0,
        "injury_crashes": 2,
        "property_damage_crashes": 0
      },
      "geometry": {
        "type": "Point",
        "coordinates": [
          -97.60014667,
          32.744350735
        ]
      }
    },
    {
      "type": "Feature",
      "properties": {
        "intersection_id": "088411e1-d093-4b95-a268-9310a006f433",
        "risk_score": 0.55,
        "risk_level": "Moderate",
        "risk_level_numeric": 3,
        "crash_count": 2,
        "latitude": 32.733453825,
        "longitude": -97.773649475,
        "intersecting_roads": [],
        "recent_crashes": [
          {
            "crash_id": "20839425",
            "crash_date": "2025-06-02",
            "severity": "A_IncapacitatingInjury",
            "persons_involved": 1
          },
          {
            "crash_id": "20803236",
            "crash_date": "2025-05-10",
            "severity": "B_NonIncapacitatingInjury",
            "persons_involved": 0
          }
        ],
        "fatal_crashes": 0,
        "injury_crashes": 2,
        "property_damage_crashes": 0
      },
      "geometry": {
        "type": "Point",
        "coordinates": [
          -97.773649475,
          32.733453825
        ]
      }
    },
    {
      "type": "Feature",
      "properties": {
        "intersection_id": "676e6945-7275-4c3b-84c6-bcd65366765e",
        "risk_score": 0.55,
        "risk_level": "Moderate",
        "risk_level_numeric": 3,
        "crash_count": 2,
        "latitude": 32.672323685,
        "longitude": -97.58588088,
        "intersecting_roads": [],
        "recent_crashes": [
          {
            "crash_id": "20901184",
            "crash_date": "2025-07-09",
            "severity": "B_NonIncapacitatingInjury",
            "persons_involved": 0
          },
          {
            "crash_id": "20810474",
            "crash_date": "2025-05-04",
            "severity": "A_IncapacitatingInjury",
            "persons_involved": 3
          }
        ],
        "fatal_crashes": 0,
        "injury_crashes": 2,
        "property_damage_crashes": 0
      },
      "geometry": {
        "type": "Point",
        "coordinates": [
          -97.58588088,
          32.672323685
        ]
      }
    },
    {
      "type": "Feature",
      "properties": {
        "intersection_id": "3e0d1f0b-eec6-442a-b61c-cf4f25e387c3",
        "risk_score": 0.52,
        "risk_level": "Moderate",
        "risk_level_numeric": 3,
        "crash_count": 8,
        "latitude": 32.72888319875,
        "longitude": -97.78918476125,
        "intersecting_roads": [],
        "recent_crashes": [
          {
            "crash_id": "20907280",
            "crash_date": "2025-07-11",
            "severity": "B_NonIncapacitatingInjury",
            "persons_involved": 3
          },
          {
            "crash_id": "20896315",
            "crash_date": "2025-07-04",
            "severity": "O_NoInjury",
            "persons_involved": 0
          },
          {
            "crash_id": "20834266",
            "crash_date": "2025-05-28",
            "severity": "B_NonIncapacitatingInjury",
            "persons_involved": 2
          },
          {
            "crash_id": "20829653",
            "crash_date": "2025-05-24",
            "severity": "O_NoInjury",
            "persons_involved": 2
          },
          {
            "crash_id": "20811528",
            "crash_date": "2025-05-15",
            "severity": "A_IncapacitatingInjury",
            "persons_involved": 0
          },
          {
            "crash_id": "20786937",
            "crash_date": "2025-04-22",
            "severity": "O_NoInjury",
            "persons_involved": 0
          },
          {
            "crash_id": "20766692",
            "crash_date": "2025-04-19",
            "severity": "A_IncapacitatingInjury",
            "persons_involved": 0
          },
          {
            "crash_id": "20603989",
            "crash_date": "2025-01-11",
            "severity": "O_NoInjury",
            "persons_involved": 0
          }
        ],
        "fatal_crashes": 0,
        "injury_crashes": 4,
        "property_damage_crashes": 4
      },
      "geometry": {
        "type": "Point",
        "coordinates": [
          -97.78918476125,
          32.72888319875
        ]
      }
    },
    {
      "type": "Feature",
      "properties": {
        "intersection_id": "c76620fe-c749-477b-9d61-3e1627c5c57f",
        "risk_score": 0.5,
        "risk_level": "Moderate",
        "risk_level_numeric": 3,
        "crash_count": 14,
        "latitude": 32.7430535542857,
        "longitude": -97.7467023135714,
        "intersecting_roads": [],
        "recent_crashes": [
          {
            "crash_id": "20956413",
            "crash_date": "2025-08-12",
            "severity": "B_NonIncapacitatingInjury",
            "persons_involved": 0
          },
          {
            "crash_id": "20870816",
            "crash_date": "2025-06-19",
            "severity": "K_Fatal",
            "persons_involved": 0
          },
          {
            "crash_id": "20854606",
            "crash_date": "2025-06-05",
            "severity": "B_NonIncapacitatingInjury",
            "persons_involved": 3
          },
          {
            "crash_id": "20811529",
            "crash_date": "2025-05-15",
            "severity": "A_IncapacitatingInjury",
            "persons_involved": 0
          },
          {
            "crash_id": "20766687",
            "crash_date": "2025-04-18",
            "severity": "O_NoInjury",
            "persons_involved": 1
          },
          {
            "crash_id": "20766680",
            "crash_date": "2025-04-16",
            "severity": "O_NoInjury",
            "persons_involved": 0
          },
          {
            "crash_id": "20748521",
            "crash_date": "2025-04-08",
            "severity": "O_NoInjury",
            "persons_involved": 0
          },
          {
            "crash_id": "20742069",
            "crash_date": "2025-04-04",
            "severity": "O_NoInjury",
            "persons_involved": 2
          },
          {
            "crash_id": "20712976",
            "crash_date": "2025-03-13",
            "severity": "O_NoInjury",
            "persons_involved": 1
          },
          {
            "crash_id": "20708669",
            "crash_date": "2025-03-12",
            "severity": "O_NoInjury",
            "persons_involved": 0
          }
        ],
        "fatal_crashes": 1,
        "injury_crashes": 3,
        "property_damage_crashes": 6
      },
      "geometry": {
        "type": "Point",
        "coordinates": [
          -97.7467023135714,
          32.7430535542857
        ]
      }
    },
    {
      "type": "Feature",
      "properties": {
        "intersection_id": "4c2cc5fc-35fd-4332-adc6-7e245dc5d683",
        "risk_score": 0.489,
        "risk_level": "Moderate",
        "risk_level_numeric": 3,
        "crash_count": 10,
        "latitude": 32.758695353,
        "longitude": -97.784294067,
        "intersecting_roads": [],
        "recent_crashes": [
          {
            "crash_id": "20926862",
            "crash_date": "2025-07-25",
            "severity": "O_NoInjury",
            "persons_involved": 1
          },
          {
            "crash_id": "20839422",
            "crash_date": "2025-06-01",
            "severity": "O_NoInjury",
            "persons_involved": 1
          },
          {
            "crash_id": "20839393",
            "crash_date": "2025-05-26",
            "severity": "B_NonIncapacitatingInjury",
            "persons_involved": 1
          },
          {
            "crash_id": "20823902",
            "crash_date": "2025-05-22",
            "severity": "O_NoInjury",
            "persons_involved": 1
          },
          {
            "crash_id": "20803240",
            "crash_date": "2025-05-10",
            "severity": "O_NoInjury",
            "persons_involved": 0
          },
          {
            "crash_id": "20771370",
            "crash_date": "2025-04-22",
            "severity": "O_NoInjury",
            "persons_involved": 0
          },
          {
            "crash_id": "20770509",
            "crash_date": "2025-04-21",
            "severity": "O_NoInjury",
            "persons_involved": 0
          },
          {
            "crash_id": "20759001",
            "crash_date": "2025-04-15",
            "severity": "A_IncapacitatingInjury",
            "persons_involved": 1
          },
          {
            "crash_id": "20636389",
            "crash_date": "2025-02-01",
            "severity": "O_NoInjury",
            "persons_involved": 0
          },
          {
            "crash_id": "20598025",
            "crash_date": "2025-01-08",
            "severity": "B_NonIncapacitatingInjury",
            "persons_involved": 1
          }
        ],
        "fatal_crashes": 0,
        "injury_crashes": 3,
        "property_damage_crashes": 7
      },
      "geometry": {
        "type": "Point",
        "coordinates": [
          -97.784294067,
          32.758695353
        ]
      }
    },
    {
      "type": "Feature",
      "properties": {
        "intersection_id": "8d48abb0-9bc5-4038-a2d6-141751c47dba",
        "risk_score": 0.4866666666666667,
        "risk_level": "Moderate",
        "risk_level_numeric": 3,
        "crash_count": 3,
        "latitude": 32.73882531,
        "longitude": -97.67203837,
        "intersecting_roads": [],
        "recent_crashes": [
          {
            "crash_id": "20908423",
            "crash_date": "2025-07-14",
            "severity": "B_NonIncapacitatingInjury",
            "persons_involved": 0
          },
          {
            "crash_id": "20741542",
            "crash_date": "2025-04-06",
            "severity": "K_Fatal",
            "persons_involved": 5
          },
          {
            "crash_id": "20630522",
            "crash_date": "2025-01-29",
            "severity": "O_NoInjury",
            "persons_involved": 0
          }
        ],
        "fatal_crashes": 1,
        "injury_crashes": 1,
        "property_damage_crashes": 1
      },
      "geometry": {
        "type": "Point",
        "coordinates": [
          -97.67203837,
          32.73882531
        ]
      }
    },
    {
      "type": "Feature",
      "properties": {
        "intersection_id": "8fa66d83-78eb-42f1-9f01-1c2a705edc30",
        "risk_score": 0.4866666666666667,
        "risk_level": "Moderate",
        "risk_level_numeric": 3,
        "crash_count": 3,
        "latitude": 32.59894178,
        "longitude": -97.5716010933333,
        "intersecting_roads": [],
        "recent_crashes": [
          {
            "crash_id": "20780492",
            "crash_date": "2025-04-23",
            "severity": "K_Fatal",
            "persons_involved": 0
          },
          {
            "crash_id": "20773214",
            "crash_date": "2025-04-16",
            "severity": "O_NoInjury",
            "persons_involved": 0
          },
          {
            "crash_id": "20636103",
            "crash_date": "2025-01-25",
            "severity": "B_NonIncapacitatingInjury",
            "persons_involved": 0
          }
        ],
        "fatal_crashes": 1,
        "injury_crashes": 1,
        "property_damage_crashes": 1
      },
      "geometry": {
        "type": "Point",
        "coordinates": [
          -97.5716010933333,
          32.59894178
        ]
      }
    },
    {
      "type": "Feature",
      "properties": {
        "intersection_id": "cfc9f9b6-cb30-4827-9cc0-81a4206be416",
        "risk_score": 0.4866666666666667,
        "risk_level": "Moderate",
        "risk_level_numeric": 3,
        "crash_count": 3,
        "latitude": 32.96077438,
        "longitude": -97.6752759133333,
        "intersecting_roads": [],
        "recent_crashes": [
          {
            "crash_id": "20663403",
            "crash_date": "2025-02-13",
            "severity": "A_IncapacitatingInjury",
            "persons_involved": 0
          },
          {
            "crash_id": "20644264",
            "crash_date": "2025-02-06",
            "severity": "O_NoInjury",
            "persons_involved": 2
          },
          {
            "crash_id": "20644257",
            "crash_date": "2025-02-02",
            "severity": "A_IncapacitatingInjury",
            "persons_involved": 5
          }
        ],
        "fatal_crashes": 0,
        "injury_crashes": 2,
        "property_damage_crashes": 1
      },
      "geometry": {
        "type": "Point",
        "coordinates": [
          -97.6752759133333,
          32.96077438
        ]
      }
    },
    {
      "type": "Feature",
      "properties": {
        "intersection_id": "aa001458-035c-4e77-a957-b7f8dc33d50c",
        "risk_score": 0.4866666666666667,
        "risk_level": "Moderate",
        "risk_level_numeric": 3,
        "crash_count": 3,
        "latitude": 32.7479399033333,
        "longitude": -97.7297947233333,
        "intersecting_roads": [],
        "recent_crashes": [
          {
            "crash_id": "20940677",
            "crash_date": "2025-08-03",
            "severity": "O_NoInjury",
            "persons_involved": 0
          },
          {
            "crash_id": "20769153",
            "crash_date": "2025-04-21",
            "severity": "A_IncapacitatingInjury",
            "persons_involved": 0
          },
          {
            "crash_id": "20680542",
            "crash_date": "2025-02-28",
            "severity": "A_IncapacitatingInjury",
            "persons_involved": 1
          }
        ],
        "fatal_crashes": 0,
        "injury_crashes": 2,
        "property_damage_crashes": 1
      },
      "geometry": {
        "type": "Point",
        "coordinates": [
          -97.7297947233333,
          32.7479399033333
        ]
      }
    },
    {
      "type": "Feature",
      "properties": {
        "intersection_id": "f42b0a9c-eff6-410f-ac73-5cb6c461a8a5",
        "risk_score": 0.4866666666666667,
        "risk_level": "Moderate",
        "risk_level_numeric": 3,
        "crash_count": 3,
        "latitude": 32.75643181,
        "longitude": -97.7973911166667,
        "intersecting_roads": [],
        "recent_crashes": [
          {
            "crash_id": "20885954",
            "crash_date": "2025-06-27",
            "severity": "A_IncapacitatingInjury",
            "persons_involved": 1
          },
          {
            "crash_id": "20834263",
            "crash_date": "2025-05-27",
            "severity": "A_IncapacitatingInjury",
            "persons_involved": 4
          },
          {
            "crash_id": "20716766",
            "crash_date": "2025-03-13",
            "severity": "O_NoInjury",
            "persons_involved": 0
          }
        ],
        "fatal_crashes": 0,
        "injury_crashes": 2,
        "property_damage_crashes": 1
      },
      "geometry": {
        "type": "Point",
        "coordinates": [
          -97.7973911166667,
          32.75643181
        ]
      }
    },
    {
      "type": "Feature",
      "properties": {
        "intersection_id": "20b96d55-3058-461e-995b-1f0b264cbb45",
        "risk_score": 0.4866666666666667,
        "risk_level": "Moderate",
        "risk_level_numeric": 3,
        "crash_count": 3,
        "latitude": 32.8074105466667,
        "longitude": -97.8412175633333,
        "intersecting_roads": [],
        "recent_crashes": [
          {
            "crash_id": "20885917",
            "crash_date": "2025-06-21",
            "severity": "A_IncapacitatingInjury",
            "persons_involved": 0
          },
          {
            "crash_id": "20870649",
            "crash_date": "2025-06-19",
            "severity": "O_NoInjury",
            "persons_involved": 0
          },
          {
            "crash_id": "20833013",
            "crash_date": "2025-05-22",
            "severity": "A_IncapacitatingInjury",
            "persons_involved": 0
          }
        ],
        "fatal_crashes": 0,
        "injury_crashes": 2,
        "property_damage_crashes": 1
      },
      "geometry": {
        "type": "Point",
        "coordinates": [
          -97.8412175633333,
          32.8074105466667
        ]
      }
    },
    {
      "type": "Feature",
      "properties": {
        "intersection_id": "ee42f929-e79f-43aa-9db4-590e340abb10",
        "risk_score": 0.486,
        "risk_level": "Moderate",
        "risk_level_numeric": 3,
        "crash_count": 5,
        "latitude": 32.773637732,
        "longitude": -97.797292312,
        "intersecting_roads": [],
        "recent_crashes": [
          {
            "crash_id": "20940666",
            "crash_date": "2025-08-02",
            "severity": "O_NoInjury",
            "persons_involved": 0
          },
          {
            "crash_id": "20823901",
            "crash_date": "2025-05-21",
            "severity": "B_NonIncapacitatingInjury",
            "persons_involved": 0
          },
          {
            "crash_id": "20742056",
            "crash_date": "2025-04-02",
            "severity": "A_IncapacitatingInjury",
            "persons_involved": 7
          },
          {
            "crash_id": "20625288",
            "crash_date": "2025-01-25",
            "severity": "A_IncapacitatingInjury",
            "persons_involved": 2
          },
          {
            "crash_id": "20589483",
            "crash_date": "2025-01-02",
            "severity": "O_NoInjury",
            "persons_involved": 0
          }
        ],
        "fatal_crashes": 0,
        "injury_crashes": 3,
        "property_damage_crashes": 2
      },
      "geometry": {
        "type": "Point",
        "coordinates": [
          -97.797292312,
          32.773637732
        ]
      }
    },
    {
      "type": "Feature",
      "properties": {
        "intersection_id": "7c9f8eb5-799a-47c3-955f-38f31c053055",
        "risk_score": 0.4716666666666667,
        "risk_level": "Moderate",
        "risk_level_numeric": 3,
        "crash_count": 6,
        "latitude": 32.9529057733333,
        "longitude": -97.6611996966666,
        "intersecting_roads": [],
        "recent_crashes": [
          {
            "crash_id": "20832236",
            "crash_date": "2025-05-22",
            "severity": "B_NonIncapacitatingInjury",
            "persons_involved": 0
          },
          {
            "crash_id": "20801033",
            "crash_date": "2025-05-06",
            "severity": "O_NoInjury",
            "persons_involved": 1
          },
          {
            "crash_id": "20789280",
            "crash_date": "2025-05-03",
            "severity": "B_NonIncapacitatingInjury",
            "persons_involved": 1
          },
          {
            "crash_id": "20764350",
            "crash_date": "2025-04-17",
            "severity": "O_NoInjury",
            "persons_involved": 0
          },
          {
            "crash_id": "20734733",
            "crash_date": "2025-03-27",
            "severity": "K_Fatal",
            "persons_involved": 0
          },
          {
            "crash_id": "20644259",
            "crash_date": "2025-02-03",
            "severity": "O_NoInjury",
            "persons_involved": 0
          }
        ],
        "fatal_crashes": 1,
        "injury_crashes": 2,
        "property_damage_crashes": 3
      },
      "geometry": {
        "type": "Point",
        "coordinates": [
          -97.6611996966666,
          32.9529057733333
        ]
      }
    },
    {
      "type": "Feature",
      "properties": {
        "intersection_id": "5e0d5750-769d-4e33-9f86-e4e937010dca",
        "risk_score": 0.4633333333333334,
        "risk_level": "Moderate",
        "risk_level_numeric": 3,
        "crash_count": 12,
        "latitude": 32.7388976091667,
        "longitude": -97.7974702058333,
        "intersecting_roads": [],
        "recent_crashes": [
          {
            "crash_id": "20933517",
            "crash_date": "2025-07-24",
            "severity": "O_NoInjury",
            "persons_involved": 1
          },
          {
            "crash_id": "20898016",
            "crash_date": "2025-07-07",
            "severity": "O_NoInjury",
            "persons_involved": 1
          },
          {
            "crash_id": "20854608",
            "crash_date": "2025-06-09",
            "severity": "O_NoInjury",
            "persons_involved": 2
          },
          {
            "crash_id": "20839409",
            "crash_date": "2025-05-31",
            "severity": "O_NoInjury",
            "persons_involved": 2
          },
          {
            "crash_id": "20799374",
            "crash_date": "2025-05-08",
            "severity": "O_NoInjury",
            "persons_involved": 2
          },
          {
            "crash_id": "20682894",
            "crash_date": "2025-03-03",
            "severity": "A_IncapacitatingInjury",
            "persons_involved": 3
          },
          {
            "crash_id": "20676718",
            "crash_date": "2025-02-27",
            "severity": "O_NoInjury",
            "persons_involved": 0
          },
          {
            "crash_id": "20684914",
            "crash_date": "2025-02-27",
            "severity": "O_NoInjury",
            "persons_involved": 0
          },
          {
            "crash_id": "20673312",
            "crash_date": "2025-02-24",
            "severity": "K_Fatal",
            "persons_involved": 0
          },
          {
            "crash_id": "20669412",
            "crash_date": "2025-02-18",
            "severity": "O_NoInjury",
            "persons_involved": 1
          }
        ],
        "fatal_crashes": 1,
        "injury_crashes": 1,
        "property_damage_crashes": 8
      },
      "geometry": {
        "type": "Point",
        "coordinates": [
          -97.7974702058333,
          32.7388976091667
        ]
      }
    },
    {
      "type": "Feature",
      "properties": {
        "intersection_id": "98796217-0c32-4a70-9d52-4ab2c98c452b",
        "risk_score": 0.4463636363636364,
        "risk_level": "Moderate",
        "risk_level_numeric": 3,
        "crash_count": 11,
        "latitude": 32.7301145618182,
        "longitude": -97.5999007672727,
        "intersecting_roads": [],
        "recent_crashes": [
          {
            "crash_id": "20950014",
            "crash_date": "2025-08-07",
            "severity": "O_NoInjury",
            "persons_involved": 0
          },
          {
            "crash_id": "20950015",
            "crash_date": "2025-08-07",
            "severity": "B_NonIncapacitatingInjury",
            "persons_involved": 0
          },
          {
            "crash_id": "20897528",
            "crash_date": "2025-07-07",
            "severity": "O_NoInjury",
            "persons_involved": 0
          },
          {
            "crash_id": "20888575",
            "crash_date": "2025-06-13",
            "severity": "O_NoInjury",
            "persons_involved": 0
          },
          {
            "crash_id": "20885913",
            "crash_date": "2025-06-12",
            "severity": "O_NoInjury",
            "persons_involved": 0
          },
          {
            "crash_id": "20827747",
            "crash_date": "2025-05-22",
            "severity": "O_NoInjury",
            "persons_involved": 1
          },
          {
            "crash_id": "20789952",
            "crash_date": "2025-04-27",
            "severity": "A_IncapacitatingInjury",
            "persons_involved": 0
          },
          {
            "crash_id": "20733988",
            "crash_date": "2025-03-17",
            "severity": "O_NoInjury",
            "persons_involved": 1
          },
          {
            "crash_id": "20661253",
            "crash_date": "2025-02-14",
            "severity": "O_NoInjury",
            "persons_involved": 2
          },
          {
            "crash_id": "20715392",
            "crash_date": "2025-02-11",
            "severity": "O_NoInjury",
            "persons_involved": 0
          }
        ],
        "fatal_crashes": 0,
        "injury_crashes": 2,
        "property_damage_crashes": 8
      },
      "geometry": {
        "type": "Point",
        "coordinates": [
          -97.5999007672727,
          32.7301145618182
        ]
      }
    },
    {
      "type": "Feature",
      "properties": {
        "intersection_id": "bb25e9fa-6cd2-4250-8bde-58630187ecbb",
        "risk_score": 0.445,
        "risk_level": "Moderate",
        "risk_level_numeric": 3,
        "crash_count": 2,
        "latitude": 32.837263785,
        "longitude": -97.63882983,
        "intersecting_roads": [],
        "recent_crashes": [
          {
            "crash_id": "20870603",
            "crash_date": "2025-06-09",
            "severity": "O_NoInjury",
            "persons_involved": 0
          },
          {
            "crash_id": "20701036",
            "crash_date": "2025-02-27",
            "severity": "K_Fatal",
            "persons_involved": 1
          }
        ],
        "fatal_crashes": 1,
        "injury_crashes": 0,
        "property_damage_crashes": 1
      },
      "geometry": {
        "type": "Point",
        "coordinates": [
          -97.63882983,
          32.837263785
        ]
      }
    },
    {
      "type": "Feature",
      "properties": {
        "intersection_id": "d9ee8ea0-7d11-4828-aec3-13ed36b1add1",
        "risk_score": 0.445,
        "risk_level": "Moderate",
        "risk_level_numeric": 3,
        "crash_count": 2,
        "latitude": 32.887126455,
        "longitude": -97.55702343,
        "intersecting_roads": [],
        "recent_crashes": [
          {
            "crash_id": "20794403",
            "crash_date": "2025-05-05",
            "severity": "O_NoInjury",
            "persons_involved": 30
          },
          {
            "crash_id": "20752929",
            "crash_date": "2025-04-13",
            "severity": "K_Fatal",
            "persons_involved": 0
          }
        ],
        "fatal_crashes": 1,
        "injury_crashes": 0,
        "property_damage_crashes": 1
      },
      "geometry": {
        "type": "Point",
        "coordinates": [
          -97.55702343,
          32.887126455
        ]
      }
    },
    {
      "type": "Feature",
      "properties": {
        "intersection_id": "ea35a432-a173-4dd2-a872-dc7e3f00f18c",
        "risk_score": 0.445,
        "risk_level": "Moderate",
        "risk_level_numeric": 3,
        "crash_count": 2,
        "latitude": 32.949024235,
        "longitude": -97.689282725,
        "intersecting_roads": [],
        "recent_crashes": [
          {
            "crash_id": "20863052",
            "crash_date": "2025-06-05",
            "severity": "K_Fatal",
            "persons_involved": 0
          },
          {
            "crash_id": "20863049",
            "crash_date": "2025-06-01",
            "severity": "O_NoInjury",
            "persons_involved": 0
          }
        ],
        "fatal_crashes": 1,
        "injury_crashes": 0,
        "property_damage_crashes": 1
      },
      "geometry": {
        "type": "Point",
        "coordinates": [
          -97.689282725,
          32.949024235
        ]
      }
    },
    {
      "type": "Feature",
      "properties": {
        "intersection_id": "0400bcf6-0179-4997-9d50-a350188c7f81",
        "risk_score": 0.44,
        "risk_level": "Moderate",
        "risk_level_numeric": 3,
        "crash_count": 3,
        "latitude": 32.72189127,
        "longitude": -97.8109463666667,
        "intersecting_roads": [],
        "recent_crashes": [
          {
            "crash_id": "20944731",
            "crash_date": "2025-08-05",
            "severity": "B_NonIncapacitatingInjury",
            "persons_involved": 0
          },
          {
            "crash_id": "20933514",
            "crash_date": "2025-07-27",
            "severity": "A_IncapacitatingInjury",
            "persons_involved": 4
          },
          {
            "crash_id": "20638384",
            "crash_date": "2025-01-30",
            "severity": "O_NoInjury",
            "persons_involved": 0
          }
        ],
        "fatal_crashes": 0,
        "injury_crashes": 2,
        "property_damage_crashes": 1
      },
      "geometry": {
        "type": "Point",
        "coordinates": [
          -97.8109463666667,
          32.72189127
        ]
      }
    },
    {
      "type": "Feature",
      "properties": {
        "intersection_id": "40928159-ba99-4f48-a1c5-c5d06e30a317",
        "risk_score": 0.44,
        "risk_level": "Moderate",
        "risk_level_numeric": 3,
        "crash_count": 3,
        "latitude": 32.7277026566667,
        "longitude": -97.5894287166666,
        "intersecting_roads": [],
        "recent_crashes": [
          {
            "crash_id": "20924519",
            "crash_date": "2025-07-20",
            "severity": "B_NonIncapacitatingInjury",
            "persons_involved": 0
          },
          {
            "crash_id": "20872005",
            "crash_date": "2025-06-20",
            "severity": "A_IncapacitatingInjury",
            "persons_involved": 0
          },
          {
            "crash_id": "20749517",
            "crash_date": "2025-04-06",
            "severity": "O_NoInjury",
            "persons_involved": 0
          }
        ],
        "fatal_crashes": 0,
        "injury_crashes": 2,
        "property_damage_crashes": 1
      },
      "geometry": {
        "type": "Point",
        "coordinates": [
          -97.5894287166666,
          32.7277026566667
        ]
      }
    },
    {
      "type": "Feature",
      "properties": {
        "intersection_id": "ab378742-3d28-40f3-96c0-e0669f272a08",
        "risk_score": 0.435,
        "risk_level": "Moderate",
        "risk_level_numeric": 3,
        "crash_count": 4,
        "latitude": 32.7283392875,
        "longitude": -97.7887712575,
        "intersecting_roads": [],
        "recent_crashes": [
          {
            "crash_id": "20845270",
            "crash_date": "2025-06-04",
            "severity": "A_IncapacitatingInjury",
            "persons_involved": 1
          },
          {
            "crash_id": "20789966",
            "crash_date": "2025-04-23",
            "severity": "A_IncapacitatingInjury",
            "persons_involved": 0
          },
          {
            "crash_id": "20716774",
            "crash_date": "2025-03-22",
            "severity": "O_NoInjury",
            "persons_involved": 0
          },
          {
            "crash_id": "20603990",
            "crash_date": "2025-01-11",
            "severity": "O_NoInjury",
            "persons_involved": 0
          }
        ],
        "fatal_crashes": 0,
        "injury_crashes": 2,
        "property_damage_crashes": 2
      },
      "geometry": {
        "type": "Point",
        "coordinates": [
          -97.7887712575,
          32.7283392875
        ]
      }
    },
    {
      "type": "Feature",
      "properties": {
        "intersection_id": "fea40782-2b9f-46b9-9a56-4352dee76f39",
        "risk_score": 0.43,
        "risk_level": "Moderate",
        "risk_level_numeric": 3,
        "crash_count": 5,
        "latitude": 32.743518204,
        "longitude": -97.797625334,
        "intersecting_roads": [],
        "recent_crashes": [
          {
            "crash_id": "20870813",
            "crash_date": "2025-06-19",
            "severity": "B_NonIncapacitatingInjury",
            "persons_involved": 2
          },
          {
            "crash_id": "20786939",
            "crash_date": "2025-04-30",
            "severity": "O_NoInjury",
            "persons_involved": 0
          },
          {
            "crash_id": "20729409",
            "crash_date": "2025-03-28",
            "severity": "O_NoInjury",
            "persons_involved": 2
          },
          {
            "crash_id": "20708670",
            "crash_date": "2025-03-18",
            "severity": "B_NonIncapacitatingInjury",
            "persons_involved": 2
          },
          {
            "crash_id": "20636380",
            "crash_date": "2025-01-31",
            "severity": "B_NonIncapacitatingInjury",
            "persons_involved": 1
          }
        ],
        "fatal_crashes": 0,
        "injury_crashes": 3,
        "property_damage_crashes": 2
      },
      "geometry": {
        "type": "Point",
        "coordinates": [
          -97.797625334,
          32.743518204
        ]
      }
    },
    {
      "type": "Feature",
      "properties": {
        "intersection_id": "dc40b5ac-ec36-44c5-bf88-18aa170806c6",
        "risk_score": 0.426,
        "risk_level": "Moderate",
        "risk_level_numeric": 3,
        "crash_count": 15,
        "latitude": 32.730252146,
        "longitude": -97.789883204,
        "intersecting_roads": [],
        "recent_crashes": [
          {
            "crash_id": "20956412",
            "crash_date": "2025-08-12",
            "severity": "A_IncapacitatingInjury",
            "persons_involved": 1
          },
          {
            "crash_id": "20933515",
            "crash_date": "2025-07-27",
            "severity": "O_NoInjury",
            "persons_involved": 0
          },
          {
            "crash_id": "20929564",
            "crash_date": "2025-07-26",
            "severity": "B_NonIncapacitatingInjury",
            "persons_involved": 0
          },
          {
            "crash_id": "20925456",
            "crash_date": "2025-07-24",
            "severity": "O_NoInjury",
            "persons_involved": 0
          },
          {
            "crash_id": "20907281",
            "crash_date": "2025-07-11",
            "severity": "O_NoInjury",
            "persons_involved": 0
          },
          {
            "crash_id": "20874644",
            "crash_date": "2025-06-20",
            "severity": "O_NoInjury",
            "persons_involved": 5
          },
          {
            "crash_id": "20818120",
            "crash_date": "2025-05-19",
            "severity": "O_NoInjury",
            "persons_involved": 0
          },
          {
            "crash_id": "20797587",
            "crash_date": "2025-05-07",
            "severity": "O_NoInjury",
            "persons_involved": 0
          },
          {
            "crash_id": "20731920",
            "crash_date": "2025-03-29",
            "severity": "O_NoInjury",
            "persons_involved": 2
          },
          {
            "crash_id": "20721283",
            "crash_date": "2025-03-24",
            "severity": "O_NoInjury",
            "persons_involved": 0
          }
        ],
        "fatal_crashes": 0,
        "injury_crashes": 2,
        "property_damage_crashes": 8
      },
      "geometry": {
        "type": "Point",
        "coordinates": [
          -97.789883204,
          32.730252146
        ]
      }
    },
    {
      "type": "Feature",
      "properties": {
        "intersection_id": "925157ac-af73-41b8-955c-498b80e8f246",
        "risk_score": 0.41375,
        "risk_level": "Moderate",
        "risk_level_numeric": 3,
        "crash_count": 16,
        "latitude": 32.759204080625,
        "longitude": -97.79744661875,
        "intersecting_roads": [],
        "recent_crashes": [
          {
            "crash_id": "20951554",
            "crash_date": "2025-08-08",
            "severity": "O_NoInjury",
            "persons_involved": 1
          },
          {
            "crash_id": "20942888",
            "crash_date": "2025-07-31",
            "severity": "O_NoInjury",
            "persons_involved": 4
          },
          {
            "crash_id": "20940658",
            "crash_date": "2025-07-29",
            "severity": "B_NonIncapacitatingInjury",
            "persons_involved": 0
          },
          {
            "crash_id": "20925454",
            "crash_date": "2025-07-24",
            "severity": "O_NoInjury",
            "persons_involved": 0
          },
          {
            "crash_id": "20907296",
            "crash_date": "2025-07-13",
            "severity": "O_NoInjury",
            "persons_involved": 0
          },
          {
            "crash_id": "20847125",
            "crash_date": "2025-06-05",
            "severity": "O_NoInjury",
            "persons_involved": 4
          },
          {
            "crash_id": "20847079",
            "crash_date": "2025-05-31",
            "severity": "O_NoInjury",
            "persons_involved": 2
          },
          {
            "crash_id": "20823897",
            "crash_date": "2025-05-21",
            "severity": "O_NoInjury",
            "persons_involved": 0
          },
          {
            "crash_id": "20818647",
            "crash_date": "2025-05-19",
            "severity": "O_NoInjury",
            "persons_involved": 0
          },
          {
            "crash_id": "20815813",
            "crash_date": "2025-05-13",
            "severity": "O_NoInjury",
            "persons_involved": 0
          }
        ],
        "fatal_crashes": 0,
        "injury_crashes": 1,
        "property_damage_crashes": 9
      },
      "geometry": {
        "type": "Point",
        "coordinates": [
          -97.79744661875,
          32.759204080625
        ]
      }
    },
    {
      "type": "Feature",
      "properties": {
        "intersection_id": "faf2676c-14bb-456b-bb64-c8a2ed06106e",
        "risk_score": 0.4133333333333334,
        "risk_level": "Moderate",
        "risk_level_numeric": 3,
        "crash_count": 6,
        "latitude": 32.96260818,
        "longitude": -97.680980285,
        "intersecting_roads": [],
        "recent_crashes": [
          {
            "crash_id": "20947039",
            "crash_date": "2025-07-31",
            "severity": "O_NoInjury",
            "persons_involved": 1
          },
          {
            "crash_id": "20943868",
            "crash_date": "2025-07-24",
            "severity": "O_NoInjury",
            "persons_involved": 0
          },
          {
            "crash_id": "20908853",
            "crash_date": "2025-07-10",
            "severity": "A_IncapacitatingInjury",
            "persons_involved": 0
          },
          {
            "crash_id": "20693564",
            "crash_date": "2025-02-25",
            "severity": "O_NoInjury",
            "persons_involved": 0
          },
          {
            "crash_id": "20663401",
            "crash_date": "2025-02-10",
            "severity": "A_IncapacitatingInjury",
            "persons_involved": 0
          },
          {
            "crash_id": "20616719",
            "crash_date": "2025-01-04",
            "severity": "O_NoInjury",
            "persons_involved": 1
          }
        ],
        "fatal_crashes": 0,
        "injury_crashes": 2,
        "property_damage_crashes": 4
      },
      "geometry": {
        "type": "Point",
        "coordinates": [
          -97.680980285,
          32.96260818
        ]
      }
    },
    {
      "type": "Feature",
      "properties": {
        "intersection_id": "1c93466e-3795-46b5-9659-3219857650a0",
        "risk_score": 0.4133333333333334,
        "risk_level": "Moderate",
        "risk_level_numeric": 3,
        "crash_count": 6,
        "latitude": 32.7569645483333,
        "longitude": -97.7140884666667,
        "intersecting_roads": [],
        "recent_crashes": [
          {
            "crash_id": "20950270",
            "crash_date": "2025-08-09",
            "severity": "O_NoInjury",
            "persons_involved": 0
          },
          {
            "crash_id": "20931366",
            "crash_date": "2025-07-28",
            "severity": "A_IncapacitatingInjury",
            "persons_involved": 1
          },
          {
            "crash_id": "20908988",
            "crash_date": "2025-07-14",
            "severity": "O_NoInjury",
            "persons_involved": 1
          },
          {
            "crash_id": "20902878",
            "crash_date": "2025-07-09",
            "severity": "O_NoInjury",
            "persons_involved": 0
          },
          {
            "crash_id": "20667572",
            "crash_date": "2025-02-22",
            "severity": "O_NoInjury",
            "persons_involved": 1
          },
          {
            "crash_id": "20635129",
            "crash_date": "2025-02-01",
            "severity": "A_IncapacitatingInjury",
            "persons_involved": 0
          }
        ],
        "fatal_crashes": 0,
        "injury_crashes": 2,
        "property_damage_crashes": 4
      },
      "geometry": {
        "type": "Point",
        "coordinates": [
          -97.7140884666667,
          32.7569645483333
        ]
      }
    },
    {
      "type": "Feature",
      "properties": {
        "intersection_id": "edfd5d15-83f0-4520-98a4-ec8ea1c6fc42",
        "risk_score": 0.4,
        "risk_level": "Moderate",
        "risk_level_numeric": 3,
        "crash_count": 4,
        "latitude": 32.758988115,
        "longitude": -97.803860215,
        "intersecting_roads": [],
        "recent_crashes": [
          {
            "crash_id": "20918710",
            "crash_date": "2025-07-18",
            "severity": "O_NoInjury",
            "persons_involved": 0
          },
          {
            "crash_id": "20863352",
            "crash_date": "2025-06-12",
            "severity": "O_NoInjury",
            "persons_involved": 1
          },
          {
            "crash_id": "20731924",
            "crash_date": "2025-03-30",
            "severity": "B_NonIncapacitatingInjury",
            "persons_involved": 0
          },
          {
            "crash_id": "20665774",
            "crash_date": "2025-02-20",
            "severity": "A_IncapacitatingInjury",
            "persons_involved": 0
          }
        ],
        "fatal_crashes": 0,
        "injury_crashes": 2,
        "property_damage_crashes": 2
      },
      "geometry": {
        "type": "Point",
        "coordinates": [
          -97.803860215,
          32.758988115
        ]
      }
    },
    {
      "type": "Feature",
      "properties": {
        "intersection_id": "212a3874-6ddd-4c94-b1ae-d19189c7ece0",
        "risk_score": 0.3975,
        "risk_level": "Low",
        "risk_level_numeric": 2,
        "crash_count": 8,
        "latitude": 32.75367895125,
        "longitude": -97.79742515375,
        "intersecting_roads": [],
        "recent_crashes": [
          {
            "crash_id": "20874647",
            "crash_date": "2025-06-20",
            "severity": "O_NoInjury",
            "persons_involved": 1
          },
          {
            "crash_id": "20803235",
            "crash_date": "2025-05-11",
            "severity": "O_NoInjury",
            "persons_involved": 3
          },
          {
            "crash_id": "20799740",
            "crash_date": "2025-05-06",
            "severity": "B_NonIncapacitatingInjury",
            "persons_involved": 0
          },
          {
            "crash_id": "20790936",
            "crash_date": "2025-05-01",
            "severity": "O_NoInjury",
            "persons_involved": 0
          },
          {
            "crash_id": "20783405",
            "crash_date": "2025-04-29",
            "severity": "O_NoInjury",
            "persons_involved": 1
          },
          {
            "crash_id": "20779125",
            "crash_date": "2025-04-26",
            "severity": "O_NoInjury",
            "persons_involved": 1
          },
          {
            "crash_id": "20770510",
            "crash_date": "2025-04-22",
            "severity": "B_NonIncapacitatingInjury",
            "persons_involved": 0
          },
          {
            "crash_id": "20593014",
            "crash_date": "2025-01-05",
            "severity": "O_NoInjury",
            "persons_involved": 3
          }
        ],
        "fatal_crashes": 0,
        "injury_crashes": 2,
        "property_damage_crashes": 6
      },
      "geometry": {
        "type": "Point",
        "coordinates": [
          -97.79742515375,
          32.75367895125
        ]
      }
    },
    {
      "type": "Feature",
      "properties": {
        "intersection_id": "2188d862-b0ab-4d2a-baaa-7c4a822638e8",
        "risk_score": 0.3933333333333333,
        "risk_level": "Low",
        "risk_level_numeric": 2,
        "crash_count": 3,
        "latitude": 32.78213123,
        "longitude": -97.81341925,
        "intersecting_roads": [],
        "recent_crashes": [
          {
            "crash_id": "20865571",
            "crash_date": "2025-06-16",
            "severity": "B_NonIncapacitatingInjury",
            "persons_involved": 2
          },
          {
            "crash_id": "20716761",
            "crash_date": "2025-03-21",
            "severity": "O_NoInjury",
            "persons_involved": 1
          },
          {
            "crash_id": "20588646",
            "crash_date": "2025-01-01",
            "severity": "B_NonIncapacitatingInjury",
            "persons_involved": 0
          }
        ],
        "fatal_crashes": 0,
        "injury_crashes": 2,
        "property_damage_crashes": 1
      },
      "geometry": {
        "type": "Point",
        "coordinates": [
          -97.81341925,
          32.78213123
        ]
      }
    },
    {
      "type": "Feature",
      "properties": {
        "intersection_id": "e02b2fb4-39be-4e02-89f5-4d234959a8ef",
        "risk_score": 0.3933333333333333,
        "risk_level": "Low",
        "risk_level_numeric": 2,
        "crash_count": 3,
        "latitude": 32.7390465533333,
        "longitude": -97.79699053,
        "intersecting_roads": [],
        "recent_crashes": [
          {
            "crash_id": "20944730",
            "crash_date": "2025-08-05",
            "severity": "B_NonIncapacitatingInjury",
            "persons_involved": 0
          },
          {
            "crash_id": "20673311",
            "crash_date": "2025-02-24",
            "severity": "B_NonIncapacitatingInjury",
            "persons_involved": 0
          },
          {
            "crash_id": "20658419",
            "crash_date": "2025-02-14",
            "severity": "O_NoInjury",
            "persons_involved": 0
          }
        ],
        "fatal_crashes": 0,
        "injury_crashes": 2,
        "property_damage_crashes": 1
      },
      "geometry": {
        "type": "Point",
        "coordinates": [
          -97.79699053,
          32.7390465533333
        ]
      }
    },
    {
      "type": "Feature",
      "properties": {
        "intersection_id": "6b28810f-6760-419e-a043-a3a20b86a1c1",
        "risk_score": 0.39,
        "risk_level": "Low",
        "risk_level_numeric": 2,
        "crash_count": 6,
        "latitude": 32.7589483116667,
        "longitude": -97.7954375066666,
        "intersecting_roads": [],
        "recent_crashes": [
          {
            "crash_id": "20899909",
            "crash_date": "2025-07-07",
            "severity": "O_NoInjury",
            "persons_involved": 1
          },
          {
            "crash_id": "20870814",
            "crash_date": "2025-06-19",
            "severity": "O_NoInjury",
            "persons_involved": 0
          },
          {
            "crash_id": "20750531",
            "crash_date": "2025-04-10",
            "severity": "O_NoInjury",
            "persons_involved": 0
          },
          {
            "crash_id": "20750527",
            "crash_date": "2025-04-10",
            "severity": "A_IncapacitatingInjury",
            "persons_involved": 1
          },
          {
            "crash_id": "20651244",
            "crash_date": "2025-02-11",
            "severity": "B_NonIncapacitatingInjury",
            "persons_involved": 1
          },
          {
            "crash_id": "20595074",
            "crash_date": "2025-01-06",
            "severity": "O_NoInjury",
            "persons_involved": 1
          }
        ],
        "fatal_crashes": 0,
        "injury_crashes": 2,
        "property_damage_crashes": 4
      },
      "geometry": {
        "type": "Point",
        "coordinates": [
          -97.7954375066666,
          32.7589483116667
        ]
      }
    },
    {
      "type": "Feature",
      "properties": {
        "intersection_id": "b1b55360-1549-4c96-a410-1225afe1164e",
        "risk_score": 0.39,
        "risk_level": "Low",
        "risk_level_numeric": 2,
        "crash_count": 6,
        "latitude": 32.9630586883333,
        "longitude": -97.6832227516667,
        "intersecting_roads": [],
        "recent_crashes": [
          {
            "crash_id": "20882922",
            "crash_date": "2025-06-20",
            "severity": "B_NonIncapacitatingInjury",
            "persons_involved": 0
          },
          {
            "crash_id": "20832085",
            "crash_date": "2025-05-22",
            "severity": "O_NoInjury",
            "persons_involved": 0
          },
          {
            "crash_id": "20831972",
            "crash_date": "2025-04-29",
            "severity": "O_NoInjury",
            "persons_involved": 3
          },
          {
            "crash_id": "20785565",
            "crash_date": "2025-04-28",
            "severity": "A_IncapacitatingInjury",
            "persons_involved": 0
          },
          {
            "crash_id": "20734748",
            "crash_date": "2025-04-01",
            "severity": "O_NoInjury",
            "persons_involved": 0
          },
          {
            "crash_id": "20693572",
            "crash_date": "2025-03-05",
            "severity": "O_NoInjury",
            "persons_involved": 0
          }
        ],
        "fatal_crashes": 0,
        "injury_crashes": 2,
        "property_damage_crashes": 4
      },
      "geometry": {
        "type": "Point",
        "coordinates": [
          -97.6832227516667,
          32.9630586883333
        ]
      }
    },
    {
      "type": "Feature",
      "properties": {
        "intersection_id": "6e91bc98-a0d8-4f02-85bd-3642efdc139f",
        "risk_score": 0.388,
        "risk_level": "Low",
        "risk_level_numeric": 2,
        "crash_count": 5,
        "latitude": 32.967116222,
        "longitude": -97.69953617,
        "intersecting_roads": [],
        "recent_crashes": [
          {
            "crash_id": "20832311",
            "crash_date": "2025-05-27",
            "severity": "O_NoInjury",
            "persons_involved": 0
          },
          {
            "crash_id": "20832062",
            "crash_date": "2025-05-20",
            "severity": "O_NoInjury",
            "persons_involved": 1
          },
          {
            "crash_id": "20744642",
            "crash_date": "2025-04-02",
            "severity": "O_NoInjury",
            "persons_involved": 0
          },
          {
            "crash_id": "20616728",
            "crash_date": "2025-01-18",
            "severity": "A_IncapacitatingInjury",
            "persons_involved": 1
          },
          {
            "crash_id": "20616721",
            "crash_date": "2025-01-13",
            "severity": "B_NonIncapacitatingInjury",
            "persons_involved": 2
          }
        ],
        "fatal_crashes": 0,
        "injury_crashes": 2,
        "property_damage_crashes": 3
      },
      "geometry": {
        "type": "Point",
        "coordinates": [
          -97.69953617,
          32.967116222
        ]
      }
    },
    {
      "type": "Feature",
      "properties": {
        "intersection_id": "722022b0-d229-4b98-8eea-821f1337da66",
        "risk_score": 0.388,
        "risk_level": "Low",
        "risk_level_numeric": 2,
        "crash_count": 5,
        "latitude": 32.729498962,
        "longitude": -97.789612322,
        "intersecting_roads": [],
        "recent_crashes": [
          {
            "crash_id": "20839397",
            "crash_date": "2025-05-27",
            "severity": "B_NonIncapacitatingInjury",
            "persons_involved": 0
          },
          {
            "crash_id": "20759002",
            "crash_date": "2025-04-15",
            "severity": "O_NoInjury",
            "persons_involved": 5
          },
          {
            "crash_id": "20682898",
            "crash_date": "2025-03-03",
            "severity": "A_IncapacitatingInjury",
            "persons_involved": 0
          },
          {
            "crash_id": "20680545",
            "crash_date": "2025-02-28",
            "severity": "O_NoInjury",
            "persons_involved": 0
          },
          {
            "crash_id": "20673318",
            "crash_date": "2025-02-25",
            "severity": "O_NoInjury",
            "persons_involved": 0
          }
        ],
        "fatal_crashes": 0,
        "injury_crashes": 2,
        "property_damage_crashes": 3
      },
      "geometry": {
        "type": "Point",
        "coordinates": [
          -97.789612322,
          32.729498962
        ]
      }
    },
    {
      "type": "Feature",
      "properties": {
        "intersection_id": "946d052f-1ac2-477e-814b-77bb8e2cb175",
        "risk_score": 0.388,
        "risk_level": "Low",
        "risk_level_numeric": 2,
        "crash_count": 5,
        "latitude": 32.830490516,
        "longitude": -97.597392582,
        "intersecting_roads": [],
        "recent_crashes": [
          {
            "crash_id": "20924627",
            "crash_date": "2025-07-18",
            "severity": "A_IncapacitatingInjury",
            "persons_involved": 0
          },
          {
            "crash_id": "20760424",
            "crash_date": "2025-04-10",
            "severity": "O_NoInjury",
            "persons_involved": 0
          },
          {
            "crash_id": "20743203",
            "crash_date": "2025-04-03",
            "severity": "B_NonIncapacitatingInjury",
            "persons_involved": 0
          },
          {
            "crash_id": "20721620",
            "crash_date": "2025-03-18",
            "severity": "O_NoInjury",
            "persons_involved": 0
          },
          {
            "crash_id": "20722606",
            "crash_date": "2025-03-07",
            "severity": "O_NoInjury",
            "persons_involved": 0
          }
        ],
        "fatal_crashes": 0,
        "injury_crashes": 2,
        "property_damage_crashes": 3
      },
      "geometry": {
        "type": "Point",
        "coordinates": [
          -97.597392582,
          32.830490516
        ]
      }
    },
    {
      "type": "Feature",
      "properties": {
        "intersection_id": "1d12892d-b63e-4a90-8a9f-d37368ba9ddb",
        "risk_score": 0.38000000000000006,
        "risk_level": "Low",
        "risk_level_numeric": 2,
        "crash_count": 7,
        "latitude": 32.76150341,
        "longitude": -97.7973413757143,
        "intersecting_roads": [],
        "recent_crashes": [
          {
            "crash_id": "20942894",
            "crash_date": "2025-08-03",
            "severity": "O_NoInjury",
            "persons_involved": 2
          },
          {
            "crash_id": "20903589",
            "crash_date": "2025-07-10",
            "severity": "B_NonIncapacitatingInjury",
            "persons_involved": 0
          },
          {
            "crash_id": "20885963",
            "crash_date": "2025-06-28",
            "severity": "O_NoInjury",
            "persons_involved": 1
          },
          {
            "crash_id": "20847103",
            "crash_date": "2025-06-04",
            "severity": "B_NonIncapacitatingInjury",
            "persons_involved": 0
          },
          {
            "crash_id": "20795923",
            "crash_date": "2025-05-05",
            "severity": "O_NoInjury",
            "persons_involved": 0
          },
          {
            "crash_id": "20665775",
            "crash_date": "2025-02-20",
            "severity": "O_NoInjury",
            "persons_involved": 0
          },
          {
            "crash_id": "20669411",
            "crash_date": "2025-02-18",
            "severity": "O_NoInjury",
            "persons_involved": 0
          }
        ],
        "fatal_crashes": 0,
        "injury_crashes": 2,
        "property_damage_crashes": 5
      },
      "geometry": {
        "type": "Point",
        "coordinates": [
          -97.7973413757143,
          32.76150341
        ]
      }
    },
    {
      "type": "Feature",
      "properties": {
        "intersection_id": "f9c043ed-d870-4ec4-8262-8403905ba340",
        "risk_score": 0.3788888888888889,
        "risk_level": "Low",
        "risk_level_numeric": 2,
        "crash_count": 9,
        "latitude": 32.7288603733333,
        "longitude": -97.5997857133333,
        "intersecting_roads": [],
        "recent_crashes": [
          {
            "crash_id": "20931694",
            "crash_date": "2025-07-22",
            "severity": "O_NoInjury",
            "persons_involved": 0
          },
          {
            "crash_id": "20924100",
            "crash_date": "2025-07-17",
            "severity": "O_NoInjury",
            "persons_involved": 0
          },
          {
            "crash_id": "20885399",
            "crash_date": "2025-06-21",
            "severity": "O_NoInjury",
            "persons_involved": 2
          },
          {
            "crash_id": "20827811",
            "crash_date": "2025-05-23",
            "severity": "O_NoInjury",
            "persons_involved": 2
          },
          {
            "crash_id": "20842371",
            "crash_date": "2025-05-12",
            "severity": "O_NoInjury",
            "persons_involved": 2
          },
          {
            "crash_id": "20811338",
            "crash_date": "2025-05-09",
            "severity": "O_NoInjury",
            "persons_involved": 0
          },
          {
            "crash_id": "20780489",
            "crash_date": "2025-04-23",
            "severity": "B_NonIncapacitatingInjury",
            "persons_involved": 1
          },
          {
            "crash_id": "20712536",
            "crash_date": "2025-03-06",
            "severity": "O_NoInjury",
            "persons_involved": 0
          },
          {
            "crash_id": "20624618",
            "crash_date": "2025-01-23",
            "severity": "O_NoInjury",
            "persons_involved": 0
          }
        ],
        "fatal_crashes": 0,
        "injury_crashes": 1,
        "property_damage_crashes": 8
      },
      "geometry": {
        "type": "Point",
        "coordinates": [
          -97.5997857133333,
          32.7288603733333
        ]
      }
    },
    {
      "type": "Feature",
      "properties": {
        "intersection_id": "8455e06b-5451-4708-8f4a-1ff5c0462561",
        "risk_score": 0.375,
        "risk_level": "Low",
        "risk_level_numeric": 2,
        "crash_count": 2,
        "latitude": 32.720981665,
        "longitude": -97.557525415,
        "intersecting_roads": [],
        "recent_crashes": [
          {
            "crash_id": "20813891",
            "crash_date": "2025-05-16",
            "severity": "O_NoInjury",
            "persons_involved": 3
          },
          {
            "crash_id": "20599572",
            "crash_date": "2025-01-06",
            "severity": "A_IncapacitatingInjury",
            "persons_involved": 1
          }
        ],
        "fatal_crashes": 0,
        "injury_crashes": 1,
        "property_damage_crashes": 1
      },
      "geometry": {
        "type": "Point",
        "coordinates": [
          -97.557525415,
          32.720981665
        ]
      }
    },
    {
      "type": "Feature",
      "properties": {
        "intersection_id": "f9a8e8c7-96f1-458b-9560-126fb728becf",
        "risk_score": 0.375,
        "risk_level": "Low",
        "risk_level_numeric": 2,
        "crash_count": 2,
        "latitude": 32.75467216,
        "longitude": -97.79927234,
        "intersecting_roads": [],
        "recent_crashes": [
          {
            "crash_id": "20647221",
            "crash_date": "2025-02-07",
            "severity": "O_NoInjury",
            "persons_involved": 1
          },
          {
            "crash_id": "20616087",
            "crash_date": "2025-01-19",
            "severity": "A_IncapacitatingInjury",
            "persons_involved": 6
          }
        ],
        "fatal_crashes": 0,
        "injury_crashes": 1,
        "property_damage_crashes": 1
      },
      "geometry": {
        "type": "Point",
        "coordinates": [
          -97.79927234,
          32.75467216
        ]
      }
    },
    {
      "type": "Feature",
      "properties": {
        "intersection_id": "ac5bcd17-3c15-43bf-b075-169b92834665",
        "risk_score": 0.375,
        "risk_level": "Low",
        "risk_level_numeric": 2,
        "crash_count": 2,
        "latitude": 32.754526985,
        "longitude": -97.694917685,
        "intersecting_roads": [],
        "recent_crashes": [
          {
            "crash_id": "20939088",
            "crash_date": "2025-08-02",
            "severity": "A_IncapacitatingInjury",
            "persons_involved": 4
          },
          {
            "crash_id": "20628729",
            "crash_date": "2025-01-27",
            "severity": "O_NoInjury",
            "persons_involved": 0
          }
        ],
        "fatal_crashes": 0,
        "injury_crashes": 1,
        "property_damage_crashes": 1
      },
      "geometry": {
        "type": "Point",
        "coordinates": [
          -97.694917685,
          32.754526985
        ]
      }
    },
    {
      "type": "Feature",
      "properties": {
        "intersection_id": "22db258b-39a8-448e-a820-3da2810f0907",
        "risk_score": 0.375,
        "risk_level": "Low",
        "risk_level_numeric": 2,
        "crash_count": 2,
        "latitude": 32.568228005,
        "longitude": -97.605567245,
        "intersecting_roads": [],
        "recent_crashes": [
          {
            "crash_id": "20758908",
            "crash_date": "2025-04-06",
            "severity": "O_NoInjury",
            "persons_involved": 1
          },
          {
            "crash_id": "20636073",
            "crash_date": "2025-02-01",
            "severity": "A_IncapacitatingInjury",
            "persons_involved": 0
          }
        ],
        "fatal_crashes": 0,
        "injury_crashes": 1,
        "property_damage_crashes": 1
      },
      "geometry": {
        "type": "Point",
        "coordinates": [
          -97.605567245,
          32.568228005
        ]
      }
    },
    {
      "type": "Feature",
      "properties": {
        "intersection_id": "571b7061-fb84-4361-8180-fc3a70e9e078",
        "risk_score": 0.375,
        "risk_level": "Low",
        "risk_level_numeric": 2,
        "crash_count": 2,
        "latitude": 32.96622937,
        "longitude": -97.68385282,
        "intersecting_roads": [],
        "recent_crashes": [
          {
            "crash_id": "20848149",
            "crash_date": "2025-06-06",
            "severity": "A_IncapacitatingInjury",
            "persons_involved": 1
          },
          {
            "crash_id": "20644267",
            "crash_date": "2025-02-06",
            "severity": "O_NoInjury",
            "persons_involved": 0
          }
        ],
        "fatal_crashes": 0,
        "injury_crashes": 1,
        "property_damage_crashes": 1
      },
      "geometry": {
        "type": "Point",
        "coordinates": [
          -97.68385282,
          32.96622937
        ]
      }
    },
    {
      "type": "Feature",
      "properties": {
        "intersection_id": "d59cc5ae-d9bc-4a74-9299-f7ea803eac69",
        "risk_score": 0.375,
        "risk_level": "Low",
        "risk_level_numeric": 2,
        "crash_count": 2,
        "latitude": 32.696810925,
        "longitude": -97.770250325,
        "intersecting_roads": [],
        "recent_crashes": [
          {
            "crash_id": "20723402",
            "crash_date": "2025-03-27",
            "severity": "O_NoInjury",
            "persons_involved": 0
          },
          {
            "crash_id": "20646600",
            "crash_date": "2025-02-09",
            "severity": "A_IncapacitatingInjury",
            "persons_involved": 1
          }
        ],
        "fatal_crashes": 0,
        "injury_crashes": 1,
        "property_damage_crashes": 1
      },
      "geometry": {
        "type": "Point",
        "coordinates": [
          -97.770250325,
          32.696810925
        ]
      }
    },
    {
      "type": "Feature",
      "properties": {
        "intersection_id": "3b3f3a68-7472-4569-a602-8dc3310d391a",
        "risk_score": 0.375,
        "risk_level": "Low",
        "risk_level_numeric": 2,
        "crash_count": 2,
        "latitude": 32.735001965,
        "longitude": -97.63443178,
        "intersecting_roads": [],
        "recent_crashes": [
          {
            "crash_id": "20661301",
            "crash_date": "2025-02-18",
            "severity": "O_NoInjury",
            "persons_involved": 0
          },
          {
            "crash_id": "20650701",
            "crash_date": "2025-02-02",
            "severity": "A_IncapacitatingInjury",
            "persons_involved": 0
          }
        ],
        "fatal_crashes": 0,
        "injury_crashes": 1,
        "property_damage_crashes": 1
      },
      "geometry": {
        "type": "Point",
        "coordinates": [
          -97.63443178,
          32.735001965
        ]
      }
    },
    {
      "type": "Feature",
      "properties": {
        "intersection_id": "ba8f234a-6a03-4b8b-907d-0240a19c545b",
        "risk_score": 0.375,
        "risk_level": "Low",
        "risk_level_numeric": 2,
        "crash_count": 2,
        "latitude": 32.758871175,
        "longitude": -97.793490975,
        "intersecting_roads": [],
        "recent_crashes": [
          {
            "crash_id": "20818648",
            "crash_date": "2025-05-19",
            "severity": "O_NoInjury",
            "persons_involved": 0
          },
          {
            "crash_id": "20651246",
            "crash_date": "2025-02-11",
            "severity": "A_IncapacitatingInjury",
            "persons_involved": 1
          }
        ],
        "fatal_crashes": 0,
        "injury_crashes": 1,
        "property_damage_crashes": 1
      },
      "geometry": {
        "type": "Point",
        "coordinates": [
          -97.793490975,
          32.758871175
        ]
      }
    },
    {
      "type": "Feature",
      "properties": {
        "intersection_id": "5408c7ec-fde8-4fbc-ae44-852443f94719",
        "risk_score": 0.375,
        "risk_level": "Low",
        "risk_level_numeric": 2,
        "crash_count": 2,
        "latitude": 32.75696166,
        "longitude": -97.703045865,
        "intersecting_roads": [],
        "recent_crashes": [
          {
            "crash_id": "20958017",
            "crash_date": "2025-08-14",
            "severity": "O_NoInjury",
            "persons_involved": 0
          },
          {
            "crash_id": "20669196",
            "crash_date": "2025-02-23",
            "severity": "A_IncapacitatingInjury",
            "persons_involved": 2
          }
        ],
        "fatal_crashes": 0,
        "injury_crashes": 1,
        "property_damage_crashes": 1
      },
      "geometry": {
        "type": "Point",
        "coordinates": [
          -97.703045865,
          32.75696166
        ]
      }
    },
    {
      "type": "Feature",
      "properties": {
        "intersection_id": "65a08f3c-dabb-43f1-b78e-3ae4124454ba",
        "risk_score": 0.375,
        "risk_level": "Low",
        "risk_level_numeric": 2,
        "crash_count": 2,
        "latitude": 32.737205795,
        "longitude": -97.76212788,
        "intersecting_roads": [],
        "recent_crashes": [
          {
            "crash_id": "20843567",
            "crash_date": "2025-06-02",
            "severity": "O_NoInjury",
            "persons_involved": 1
          },
          {
            "crash_id": "20669418",
            "crash_date": "2025-02-21",
            "severity": "A_IncapacitatingInjury",
            "persons_involved": 1
          }
        ],
        "fatal_crashes": 0,
        "injury_crashes": 1,
        "property_damage_crashes": 1
      },
      "geometry": {
        "type": "Point",
        "coordinates": [
          -97.76212788,
          32.737205795
        ]
      }
    },
    {
      "type": "Feature",
      "properties": {
        "intersection_id": "c3d30c5f-27bc-4ca7-898d-507d761d9dd5",
        "risk_score": 0.375,
        "risk_level": "Low",
        "risk_level_numeric": 2,
        "crash_count": 2,
        "latitude": 32.725614055,
        "longitude": -97.808350495,
        "intersecting_roads": [],
        "recent_crashes": [
          {
            "crash_id": "20823903",
            "crash_date": "2025-05-21",
            "severity": "O_NoInjury",
            "persons_involved": 1
          },
          {
            "crash_id": "20675010",
            "crash_date": "2025-02-25",
            "severity": "A_IncapacitatingInjury",
            "persons_involved": 4
          }
        ],
        "fatal_crashes": 0,
        "injury_crashes": 1,
        "property_damage_crashes": 1
      },
      "geometry": {
        "type": "Point",
        "coordinates": [
          -97.808350495,
          32.725614055
        ]
      }
    },
    {
      "type": "Feature",
      "properties": {
        "intersection_id": "144662e5-9f77-4194-af99-0071047e31cc",
        "risk_score": 0.375,
        "risk_level": "Low",
        "risk_level_numeric": 2,
        "crash_count": 2,
        "latitude": 32.73959945,
        "longitude": -97.755876115,
        "intersecting_roads": [],
        "recent_crashes": [
          {
            "crash_id": "20822140",
            "crash_date": "2025-05-21",
            "severity": "O_NoInjury",
            "persons_involved": 0
          },
          {
            "crash_id": "20716768",
            "crash_date": "2025-03-21",
            "severity": "A_IncapacitatingInjury",
            "persons_involved": 1
          }
        ],
        "fatal_crashes": 0,
        "injury_crashes": 1,
        "property_damage_crashes": 1
      },
      "geometry": {
        "type": "Point",
        "coordinates": [
          -97.755876115,
          32.73959945
        ]
      }
    },
    {
      "type": "Feature",
      "properties": {
        "intersection_id": "36263d42-2c6f-4b8f-9d8c-8f7b69b00586",
        "risk_score": 0.375,
        "risk_level": "Low",
        "risk_level_numeric": 2,
        "crash_count": 2,
        "latitude": 32.7529443,
        "longitude": -97.83592231,
        "intersecting_roads": [],
        "recent_crashes": [
          {
            "crash_id": "20795921",
            "crash_date": "2025-05-05",
            "severity": "O_NoInjury",
            "persons_involved": 3
          },
          {
            "crash_id": "20729407",
            "crash_date": "2025-03-25",
            "severity": "A_IncapacitatingInjury",
            "persons_involved": 1
          }
        ],
        "fatal_crashes": 0,
        "injury_crashes": 1,
        "property_damage_crashes": 1
      },
      "geometry": {
        "type": "Point",
        "coordinates": [
          -97.83592231,
          32.7529443
        ]
      }
    },
    {
      "type": "Feature",
      "properties": {
        "intersection_id": "4446d778-b0a8-41c0-8cf4-57e57dddd077",
        "risk_score": 0.375,
        "risk_level": "Low",
        "risk_level_numeric": 2,
        "crash_count": 2,
        "latitude": 32.942784145,
        "longitude": -97.642476415,
        "intersecting_roads": [],
        "recent_crashes": [
          {
            "crash_id": "20908848",
            "crash_date": "2025-07-10",
            "severity": "O_NoInjury",
            "persons_involved": 0
          },
          {
            "crash_id": "20734710",
            "crash_date": "2025-03-21",
            "severity": "A_IncapacitatingInjury",
            "persons_involved": 1
          }
        ],
        "fatal_crashes": 0,
        "injury_crashes": 1,
        "property_damage_crashes": 1
      },
      "geometry": {
        "type": "Point",
        "coordinates": [
          -97.642476415,
          32.942784145
        ]
      }
    },
    {
      "type": "Feature",
      "properties": {
        "intersection_id": "cf9009fc-ffa3-480e-8e07-991f9e11610f",
        "risk_score": 0.375,
        "risk_level": "Low",
        "risk_level_numeric": 2,
        "crash_count": 2,
        "latitude": 32.728722915,
        "longitude": -97.5988775,
        "intersecting_roads": [],
        "recent_crashes": [
          {
            "crash_id": "20791163",
            "crash_date": "2025-05-05",
            "severity": "A_IncapacitatingInjury",
            "persons_involved": 0
          },
          {
            "crash_id": "20747535",
            "crash_date": "2025-03-20",
            "severity": "O_NoInjury",
            "persons_involved": 0
          }
        ],
        "fatal_crashes": 0,
        "injury_crashes": 1,
        "property_damage_crashes": 1
      },
      "geometry": {
        "type": "Point",
        "coordinates": [
          -97.5988775,
          32.728722915
        ]
      }
    },
    {
      "type": "Feature",
      "properties": {
        "intersection_id": "b731ede3-c602-4ead-b805-d2e1354296c7",
        "risk_score": 0.375,
        "risk_level": "Low",
        "risk_level_numeric": 2,
        "crash_count": 2,
        "latitude": 32.78787496,
        "longitude": -97.59787542,
        "intersecting_roads": [],
        "recent_crashes": [
          {
            "crash_id": "20899324",
            "crash_date": "2025-07-08",
            "severity": "O_NoInjury",
            "persons_involved": 0
          },
          {
            "crash_id": "20760445",
            "crash_date": "2025-04-11",
            "severity": "A_IncapacitatingInjury",
            "persons_involved": 0
          }
        ],
        "fatal_crashes": 0,
        "injury_crashes": 1,
        "property_damage_crashes": 1
      },
      "geometry": {
        "type": "Point",
        "coordinates": [
          -97.59787542,
          32.78787496
        ]
      }
    },
    {
      "type": "Feature",
      "properties": {
        "intersection_id": "68a79122-2b26-4269-a23d-a36096be747e",
        "risk_score": 0.375,
        "risk_level": "Low",
        "risk_level_numeric": 2,
        "crash_count": 2,
        "latitude": 32.66863721,
        "longitude": -97.649460705,
        "intersecting_roads": [],
        "recent_crashes": [
          {
            "crash_id": "20843342",
            "crash_date": "2025-05-31",
            "severity": "A_IncapacitatingInjury",
            "persons_involved": 0
          },
          {
            "crash_id": "20763346",
            "crash_date": "2025-04-12",
            "severity": "O_NoInjury",
            "persons_involved": 0
          }
        ],
        "fatal_crashes": 0,
        "injury_crashes": 1,
        "property_damage_crashes": 1
      },
      "geometry": {
        "type": "Point",
        "coordinates": [
          -97.649460705,
          32.66863721
        ]
      }
    },
    {
      "type": "Feature",
      "properties": {
        "intersection_id": "e0b5368c-e5e7-47ba-84f9-8f4ff8d28bcf",
        "risk_score": 0.375,
        "risk_level": "Low",
        "risk_level_numeric": 2,
        "crash_count": 2,
        "latitude": 32.96692663,
        "longitude": -97.698779895,
        "intersecting_roads": [],
        "recent_crashes": [
          {
            "crash_id": "20785598",
            "crash_date": "2025-04-29",
            "severity": "O_NoInjury",
            "persons_involved": 0
          },
          {
            "crash_id": "20764347",
            "crash_date": "2025-04-14",
            "severity": "A_IncapacitatingInjury",
            "persons_involved": 0
          }
        ],
        "fatal_crashes": 0,
        "injury_crashes": 1,
        "property_damage_crashes": 1
      },
      "geometry": {
        "type": "Point",
        "coordinates": [
          -97.698779895,
          32.96692663
        ]
      }
    },
    {
      "type": "Feature",
      "properties": {
        "intersection_id": "f5a10cae-83a3-4aad-a9b5-f5f8b52909b9",
        "risk_score": 0.375,
        "risk_level": "Low",
        "risk_level_numeric": 2,
        "crash_count": 2,
        "latitude": 32.90127487,
        "longitude": -97.549064975,
        "intersecting_roads": [],
        "recent_crashes": [
          {
            "crash_id": "20895419",
            "crash_date": "2025-07-06",
            "severity": "O_NoInjury",
            "persons_involved": 0
          },
          {
            "crash_id": "20768831",
            "crash_date": "2025-04-03",
            "severity": "A_IncapacitatingInjury",
            "persons_involved": 0
          }
        ],
        "fatal_crashes": 0,
        "injury_crashes": 1,
        "property_damage_crashes": 1
      },
      "geometry": {
        "type": "Point",
        "coordinates": [
          -97.549064975,
          32.90127487
        ]
      }
    },
    {
      "type": "Feature",
      "properties": {
        "intersection_id": "3d047678-1074-4597-b771-b997336a0314",
        "risk_score": 0.375,
        "risk_level": "Low",
        "risk_level_numeric": 2,
        "crash_count": 2,
        "latitude": 32.73164655,
        "longitude": -97.778982125,
        "intersecting_roads": [],
        "recent_crashes": [
          {
            "crash_id": "20863373",
            "crash_date": "2025-06-15",
            "severity": "O_NoInjury",
            "persons_involved": 1
          },
          {
            "crash_id": "20803233",
            "crash_date": "2025-05-09",
            "severity": "A_IncapacitatingInjury",
            "persons_involved": 3
          }
        ],
        "fatal_crashes": 0,
        "injury_crashes": 1,
        "property_damage_crashes": 1
      },
      "geometry": {
        "type": "Point",
        "coordinates": [
          -97.778982125,
          32.73164655
        ]
      }
    },
    {
      "type": "Feature",
      "properties": {
        "intersection_id": "b126f77c-3443-49a8-a259-9ea2f274bc81",
        "risk_score": 0.375,
        "risk_level": "Low",
        "risk_level_numeric": 2,
        "crash_count": 2,
        "latitude": 32.97386323,
        "longitude": -97.726547945,
        "intersecting_roads": [],
        "recent_crashes": [
          {
            "crash_id": "20928520",
            "crash_date": "2025-07-16",
            "severity": "O_NoInjury",
            "persons_involved": 0
          },
          {
            "crash_id": "20814753",
            "crash_date": "2025-05-08",
            "severity": "A_IncapacitatingInjury",
            "persons_involved": 0
          }
        ],
        "fatal_crashes": 0,
        "injury_crashes": 1,
        "property_damage_crashes": 1
      },
      "geometry": {
        "type": "Point",
        "coordinates": [
          -97.726547945,
          32.97386323
        ]
      }
    },
    {
      "type": "Feature",
      "properties": {
        "intersection_id": "49094da8-0ecf-4504-9646-485596478c3d",
        "risk_score": 0.375,
        "risk_level": "Low",
        "risk_level_numeric": 2,
        "crash_count": 2,
        "latitude": 32.72846435,
        "longitude": -97.823339355,
        "intersecting_roads": [],
        "recent_crashes": [
          {
            "crash_id": "20863364",
            "crash_date": "2025-06-05",
            "severity": "O_NoInjury",
            "persons_involved": 0
          },
          {
            "crash_id": "20829628",
            "crash_date": "2025-05-23",
            "severity": "A_IncapacitatingInjury",
            "persons_involved": 0
          }
        ],
        "fatal_crashes": 0,
        "injury_crashes": 1,
        "property_damage_crashes": 1
      },
      "geometry": {
        "type": "Point",
        "coordinates": [
          -97.823339355,
          32.72846435
        ]
      }
    },
    {
      "type": "Feature",
      "properties": {
        "intersection_id": "bd7437b2-0bb5-4e59-8522-bae99d70f340",
        "risk_score": 0.375,
        "risk_level": "Low",
        "risk_level_numeric": 2,
        "crash_count": 2,
        "latitude": 32.96362234,
        "longitude": -97.68553036,
        "intersecting_roads": [],
        "recent_crashes": [
          {
            "crash_id": "20882926",
            "crash_date": "2025-06-20",
            "severity": "O_NoInjury",
            "persons_involved": 0
          },
          {
            "crash_id": "20832019",
            "crash_date": "2025-05-16",
            "severity": "A_IncapacitatingInjury",
            "persons_involved": 0
          }
        ],
        "fatal_crashes": 0,
        "injury_crashes": 1,
        "property_damage_crashes": 1
      },
      "geometry": {
        "type": "Point",
        "coordinates": [
          -97.68553036,
          32.96362234
        ]
      }
    },
    {
      "type": "Feature",
      "properties": {
        "intersection_id": "cc01ae60-4b0f-48f3-a833-d761650d93cf",
        "risk_score": 0.375,
        "risk_level": "Low",
        "risk_level_numeric": 2,
        "crash_count": 2,
        "latitude": 32.7552643,
        "longitude": -97.71408234,
        "intersecting_roads": [],
        "recent_crashes": [
          {
            "crash_id": "20937835",
            "crash_date": "2025-07-31",
            "severity": "A_IncapacitatingInjury",
            "persons_involved": 1
          },
          {
            "crash_id": "20859029",
            "crash_date": "2025-06-12",
            "severity": "O_NoInjury",
            "persons_involved": 2
          }
        ],
        "fatal_crashes": 0,
        "injury_crashes": 1,
        "property_damage_crashes": 1
      },
      "geometry": {
        "type": "Point",
        "coordinates": [
          -97.71408234,
          32.7552643
        ]
      }
    },
    {
      "type": "Feature",
      "properties": {
        "intersection_id": "b7a8e3f5-108e-4f5e-9310-024f7a056cfe",
        "risk_score": 0.375,
        "risk_level": "Low",
        "risk_level_numeric": 2,
        "crash_count": 2,
        "latitude": 32.72091679,
        "longitude": -97.55195454,
        "intersecting_roads": [],
        "recent_crashes": [
          {
            "crash_id": "20890697",
            "crash_date": "2025-07-01",
            "severity": "A_IncapacitatingInjury",
            "persons_involved": 0
          },
          {
            "crash_id": "20893168",
            "crash_date": "2025-06-30",
            "severity": "O_NoInjury",
            "persons_involved": 0
          }
        ],
        "fatal_crashes": 0,
        "injury_crashes": 1,
        "property_damage_crashes": 1
      },
      "geometry": {
        "type": "Point",
        "coordinates": [
          -97.55195454,
          32.72091679
        ]
      }
    },
    {
      "type": "Feature",
      "properties": {
        "intersection_id": "4f9f46c8-589a-472c-b135-c45704bca3a1",
        "risk_score": 0.375,
        "risk_level": "Low",
        "risk_level_numeric": 2,
        "crash_count": 2,
        "latitude": 32.72740001,
        "longitude": -97.87435,
        "intersecting_roads": [],
        "recent_crashes": [
          {
            "crash_id": "20954342",
            "crash_date": "2025-08-11",
            "severity": "O_NoInjury",
            "persons_involved": 0
          },
          {
            "crash_id": "20896300",
            "crash_date": "2025-07-03",
            "severity": "A_IncapacitatingInjury",
            "persons_involved": 2
          }
        ],
        "fatal_crashes": 0,
        "injury_crashes": 1,
        "property_damage_crashes": 1
      },
      "geometry": {
        "type": "Point",
        "coordinates": [
          -97.87435,
          32.72740001
        ]
      }
    },
    {
      "type": "Feature",
      "properties": {
        "intersection_id": "2f229db9-eb21-4471-a91a-725ba9ea70be",
        "risk_score": 0.37,
        "risk_level": "Low",
        "risk_level_numeric": 2,
        "crash_count": 12,
        "latitude": 32.7620147508333,
        "longitude": -97.8337124933334,
        "intersecting_roads": [],
        "recent_crashes": [
          {
            "crash_id": "20951558",
            "crash_date": "2025-08-09",
            "severity": "O_NoInjury",
            "persons_involved": 0
          },
          {
            "crash_id": "20951553",
            "crash_date": "2025-08-08",
            "severity": "O_NoInjury",
            "persons_involved": 0
          },
          {
            "crash_id": "20956404",
            "crash_date": "2025-08-07",
            "severity": "O_NoInjury",
            "persons_involved": 3
          },
          {
            "crash_id": "20907278",
            "crash_date": "2025-07-11",
            "severity": "O_NoInjury",
            "persons_involved": 1
          },
          {
            "crash_id": "20896319",
            "crash_date": "2025-07-06",
            "severity": "O_NoInjury",
            "persons_involved": 0
          },
          {
            "crash_id": "20852180",
            "crash_date": "2025-06-06",
            "severity": "O_NoInjury",
            "persons_involved": 0
          },
          {
            "crash_id": "20839413",
            "crash_date": "2025-05-31",
            "severity": "O_NoInjury",
            "persons_involved": 0
          },
          {
            "crash_id": "20823896",
            "crash_date": "2025-05-21",
            "severity": "O_NoInjury",
            "persons_involved": 0
          },
          {
            "crash_id": "20799371",
            "crash_date": "2025-05-08",
            "severity": "O_NoInjury",
            "persons_involved": 0
          },
          {
            "crash_id": "20790935",
            "crash_date": "2025-04-29",
            "severity": "O_NoInjury",
            "persons_involved": 1
          }
        ],
        "fatal_crashes": 0,
        "injury_crashes": 0,
        "property_damage_crashes": 10
      },
      "geometry": {
        "type": "Point",
        "coordinates": [
          -97.8337124933334,
          32.7620147508333
        ]
      }
    },
    {
      "type": "Feature",
      "properties": {
        "intersection_id": "98ca231b-e2ce-4265-80ab-c26721b089b5",
        "risk_score": 0.37,
        "risk_level": "Low",
        "risk_level_numeric": 2,
        "crash_count": 3,
        "latitude": 32.9785181,
        "longitude": -97.6860717433333,
        "intersecting_roads": [],
        "recent_crashes": [
          {
            "crash_id": "20832356",
            "crash_date": "2025-05-25",
            "severity": "O_NoInjury",
            "persons_involved": 1
          },
          {
            "crash_id": "20634724",
            "crash_date": "2025-02-01",
            "severity": "K_Fatal",
            "persons_involved": 0
          },
          {
            "crash_id": "20616724",
            "crash_date": "2025-01-14",
            "severity": "O_NoInjury",
            "persons_involved": 0
          }
        ],
        "fatal_crashes": 1,
        "injury_crashes": 0,
        "property_damage_crashes": 2
      },
      "geometry": {
        "type": "Point",
        "coordinates": [
          -97.6860717433333,
          32.9785181
        ]
      }
    },
    {
      "type": "Feature",
      "properties": {
        "intersection_id": "8258934d-6d92-4b36-849f-12273828fe6a",
        "risk_score": 0.37,
        "risk_level": "Low",
        "risk_level_numeric": 2,
        "crash_count": 3,
        "latitude": 32.9646990933333,
        "longitude": -97.6898890866666,
        "intersecting_roads": [],
        "recent_crashes": [
          {
            "crash_id": "20734707",
            "crash_date": "2025-03-21",
            "severity": "O_NoInjury",
            "persons_involved": 1
          },
          {
            "crash_id": "20734702",
            "crash_date": "2025-03-19",
            "severity": "K_Fatal",
            "persons_involved": 0
          },
          {
            "crash_id": "20663402",
            "crash_date": "2025-01-28",
            "severity": "O_NoInjury",
            "persons_involved": 0
          }
        ],
        "fatal_crashes": 1,
        "injury_crashes": 0,
        "property_damage_crashes": 2
      },
      "geometry": {
        "type": "Point",
        "coordinates": [
          -97.6898890866666,
          32.9646990933333
        ]
      }
    },
    {
      "type": "Feature",
      "properties": {
        "intersection_id": "911d14d4-f62f-44f3-a8c9-17180aa7e319",
        "risk_score": 0.37,
        "risk_level": "Low",
        "risk_level_numeric": 2,
        "crash_count": 3,
        "latitude": 32.98938353,
        "longitude": -97.8153393966667,
        "intersecting_roads": [],
        "recent_crashes": [
          {
            "crash_id": "20803713",
            "crash_date": "2025-05-04",
            "severity": "O_NoInjury",
            "persons_involved": 0
          },
          {
            "crash_id": "20763590",
            "crash_date": "2025-04-18",
            "severity": "K_Fatal",
            "persons_involved": 0
          },
          {
            "crash_id": "20743033",
            "crash_date": "2025-03-25",
            "severity": "O_NoInjury",
            "persons_involved": 0
          }
        ],
        "fatal_crashes": 1,
        "injury_crashes": 0,
        "property_damage_crashes": 2
      },
      "geometry": {
        "type": "Point",
        "coordinates": [
          -97.8153393966667,
          32.98938353
        ]
      }
    },
    {
      "type": "Feature",
      "properties": {
        "intersection_id": "b60ba70a-3596-46f3-8c45-c8a93e076196",
        "risk_score": 0.37,
        "risk_level": "Low",
        "risk_level_numeric": 2,
        "crash_count": 3,
        "latitude": 32.72934514,
        "longitude": -97.7884847033333,
        "intersecting_roads": [],
        "recent_crashes": [
          {
            "crash_id": "20954340",
            "crash_date": "2025-08-07",
            "severity": "O_NoInjury",
            "persons_involved": 0
          },
          {
            "crash_id": "20918712",
            "crash_date": "2025-07-19",
            "severity": "K_Fatal",
            "persons_involved": 1
          },
          {
            "crash_id": "20885953",
            "crash_date": "2025-06-27",
            "severity": "O_NoInjury",
            "persons_involved": 3
          }
        ],
        "fatal_crashes": 1,
        "injury_crashes": 0,
        "property_damage_crashes": 2
      },
      "geometry": {
        "type": "Point",
        "coordinates": [
          -97.7884847033333,
          32.72934514
        ]
      }
    },
    {
      "type": "Feature",
      "properties": {
        "intersection_id": "e694e7b9-6597-46aa-a793-6d659fddc4e1",
        "risk_score": 0.3666666666666667,
        "risk_level": "Low",
        "risk_level_numeric": 2,
        "crash_count": 6,
        "latitude": 32.7588753883333,
        "longitude": -97.7978826416666,
        "intersecting_roads": [],
        "recent_crashes": [
          {
            "crash_id": "20951559",
            "crash_date": "2025-08-09",
            "severity": "O_NoInjury",
            "persons_involved": 2
          },
          {
            "crash_id": "20951555",
            "crash_date": "2025-08-08",
            "severity": "O_NoInjury",
            "persons_involved": 2
          },
          {
            "crash_id": "20942897",
            "crash_date": "2025-08-04",
            "severity": "O_NoInjury",
            "persons_involved": 0
          },
          {
            "crash_id": "20834264",
            "crash_date": "2025-05-28",
            "severity": "O_NoInjury",
            "persons_involved": 0
          },
          {
            "crash_id": "20754534",
            "crash_date": "2025-04-12",
            "severity": "B_NonIncapacitatingInjury",
            "persons_involved": 5
          },
          {
            "crash_id": "20742068",
            "crash_date": "2025-04-04",
            "severity": "B_NonIncapacitatingInjury",
            "persons_involved": 0
          }
        ],
        "fatal_crashes": 0,
        "injury_crashes": 2,
        "property_damage_crashes": 4
      },
      "geometry": {
        "type": "Point",
        "coordinates": [
          -97.7978826416666,
          32.7588753883333
        ]
      }
    },
    {
      "type": "Feature",
      "properties": {
        "intersection_id": "dbb4a9c7-a9c1-454c-b23f-b0df9bede46f",
        "risk_score": 0.35375,
        "risk_level": "Low",
        "risk_level_numeric": 2,
        "crash_count": 8,
        "latitude": 32.92456104875,
        "longitude": -97.6083993075,
        "intersecting_roads": [],
        "recent_crashes": [
          {
            "crash_id": "20870633",
            "crash_date": "2025-06-10",
            "severity": "O_NoInjury",
            "persons_involved": 2
          },
          {
            "crash_id": "20820482",
            "crash_date": "2025-05-15",
            "severity": "O_NoInjury",
            "persons_involved": 1
          },
          {
            "crash_id": "20811537",
            "crash_date": "2025-05-05",
            "severity": "O_NoInjury",
            "persons_involved": 3
          },
          {
            "crash_id": "20714656",
            "crash_date": "2025-03-13",
            "severity": "O_NoInjury",
            "persons_involved": 0
          },
          {
            "crash_id": "20673207",
            "crash_date": "2025-02-19",
            "severity": "B_NonIncapacitatingInjury",
            "persons_involved": 0
          },
          {
            "crash_id": "20638330",
            "crash_date": "2025-01-29",
            "severity": "O_NoInjury",
            "persons_involved": 1
          },
          {
            "crash_id": "20629201",
            "crash_date": "2025-01-23",
            "severity": "O_NoInjury",
            "persons_involved": 3
          },
          {
            "crash_id": "20622221",
            "crash_date": "2025-01-17",
            "severity": "O_NoInjury",
            "persons_involved": 0
          }
        ],
        "fatal_crashes": 0,
        "injury_crashes": 1,
        "property_damage_crashes": 7
      },
      "geometry": {
        "type": "Point",
        "coordinates": [
          -97.6083993075,
          32.92456104875
        ]
      }
    },
    {
      "type": "Feature",
      "properties": {
        "intersection_id": "78f91756-dad1-41a6-8228-786efff86232",
        "risk_score": 0.35375,
        "risk_level": "Low",
        "risk_level_numeric": 2,
        "crash_count": 8,
        "latitude": 32.7569077975,
        "longitude": -97.7301957725,
        "intersecting_roads": [],
        "recent_crashes": [
          {
            "crash_id": "20956409",
            "crash_date": "2025-08-12",
            "severity": "O_NoInjury",
            "persons_involved": 0
          },
          {
            "crash_id": "20918706",
            "crash_date": "2025-07-14",
            "severity": "O_NoInjury",
            "persons_involved": 0
          },
          {
            "crash_id": "20907294",
            "crash_date": "2025-07-13",
            "severity": "O_NoInjury",
            "persons_involved": 0
          },
          {
            "crash_id": "20863361",
            "crash_date": "2025-06-13",
            "severity": "O_NoInjury",
            "persons_involved": 0
          },
          {
            "crash_id": "20766682",
            "crash_date": "2025-04-17",
            "severity": "O_NoInjury",
            "persons_involved": 1
          },
          {
            "crash_id": "20748519",
            "crash_date": "2025-04-04",
            "severity": "O_NoInjury",
            "persons_involved": 2
          },
          {
            "crash_id": "20636383",
            "crash_date": "2025-01-31",
            "severity": "B_NonIncapacitatingInjury",
            "persons_involved": 3
          },
          {
            "crash_id": "20625255",
            "crash_date": "2025-01-23",
            "severity": "O_NoInjury",
            "persons_involved": 1
          }
        ],
        "fatal_crashes": 0,
        "injury_crashes": 1,
        "property_damage_crashes": 7
      },
      "geometry": {
        "type": "Point",
        "coordinates": [
          -97.7301957725,
          32.7569077975
        ]
      }
    },
    {
      "type": "Feature",
      "properties": {
        "intersection_id": "4c525543-bb45-4048-a218-18d8f9abd437",
        "risk_score": 0.346,
        "risk_level": "Low",
        "risk_level_numeric": 2,
        "crash_count": 5,
        "latitude": 32.901694714,
        "longitude": -97.551145342,
        "intersecting_roads": [],
        "recent_crashes": [
          {
            "crash_id": "20909258",
            "crash_date": "2025-07-13",
            "severity": "K_Fatal",
            "persons_involved": 0
          },
          {
            "crash_id": "20872320",
            "crash_date": "2025-06-21",
            "severity": "O_NoInjury",
            "persons_involved": 0
          },
          {
            "crash_id": "20730201",
            "crash_date": "2025-03-31",
            "severity": "O_NoInjury",
            "persons_involved": 0
          },
          {
            "crash_id": "20714274",
            "crash_date": "2025-03-17",
            "severity": "O_NoInjury",
            "persons_involved": 1
          },
          {
            "crash_id": "20618257",
            "crash_date": "2025-01-14",
            "severity": "O_NoInjury",
            "persons_involved": 0
          }
        ],
        "fatal_crashes": 1,
        "injury_crashes": 0,
        "property_damage_crashes": 4
      },
      "geometry": {
        "type": "Point",
        "coordinates": [
          -97.551145342,
          32.901694714
        ]
      }
    },
    {
      "type": "Feature",
      "properties": {
        "intersection_id": "81520050-ca17-44c5-9514-06f77bbae761",
        "risk_score": 0.33166666666666667,
        "risk_level": "Low",
        "risk_level_numeric": 2,
        "crash_count": 6,
        "latitude": 32.757047165,
        "longitude": -97.710754445,
        "intersecting_roads": [],
        "recent_crashes": [
          {
            "crash_id": "20955986",
            "crash_date": "2025-08-12",
            "severity": "A_IncapacitatingInjury",
            "persons_involved": 0
          },
          {
            "crash_id": "20954172",
            "crash_date": "2025-08-11",
            "severity": "O_NoInjury",
            "persons_involved": 4
          },
          {
            "crash_id": "20951560",
            "crash_date": "2025-08-09",
            "severity": "O_NoInjury",
            "persons_involved": 1
          },
          {
            "crash_id": "20902248",
            "crash_date": "2025-07-09",
            "severity": "O_NoInjury",
            "persons_involved": 0
          },
          {
            "crash_id": "20877944",
            "crash_date": "2025-06-23",
            "severity": "O_NoInjury",
            "persons_involved": 0
          },
          {
            "crash_id": "20735816",
            "crash_date": "2025-04-01",
            "severity": "O_NoInjury",
            "persons_involved": 0
          }
        ],
        "fatal_crashes": 0,
        "injury_crashes": 1,
        "property_damage_crashes": 5
      },
      "geometry": {
        "type": "Point",
        "coordinates": [
          -97.710754445,
          32.757047165
        ]
      }
    },
    {
      "type": "Feature",
      "properties": {
        "intersection_id": "ac71b2a2-1141-4ffd-a804-5a287723360c",
        "risk_score": 0.32333333333333336,
        "risk_level": "Low",
        "risk_level_numeric": 2,
        "crash_count": 3,
        "latitude": 32.90403015,
        "longitude": -97.55856958,
        "intersecting_roads": [],
        "recent_crashes": [
          {
            "crash_id": "20948275",
            "crash_date": "2025-07-29",
            "severity": "A_IncapacitatingInjury",
            "persons_involved": 0
          },
          {
            "crash_id": "20679136",
            "crash_date": "2025-02-28",
            "severity": "O_NoInjury",
            "persons_involved": 0
          },
          {
            "crash_id": "20592497",
            "crash_date": "2025-01-03",
            "severity": "O_NoInjury",
            "persons_involved": 0
          }
        ],
        "fatal_crashes": 0,
        "injury_crashes": 1,
        "property_damage_crashes": 2
      },
      "geometry": {
        "type": "Point",
        "coordinates": [
          -97.55856958,
          32.90403015
        ]
      }
    },
    {
      "type": "Feature",
      "properties": {
        "intersection_id": "fb2399a4-5be7-49d5-803e-047e27946b7b",
        "risk_score": 0.32333333333333336,
        "risk_level": "Low",
        "risk_level_numeric": 2,
        "crash_count": 3,
        "latitude": 32.8775091266667,
        "longitude": -97.5848310633333,
        "intersecting_roads": [],
        "recent_crashes": [
          {
            "crash_id": "20725430",
            "crash_date": "2025-03-26",
            "severity": "O_NoInjury",
            "persons_involved": 1
          },
          {
            "crash_id": "20725354",
            "crash_date": "2025-03-25",
            "severity": "O_NoInjury",
            "persons_involved": 0
          },
          {
            "crash_id": "20637535",
            "crash_date": "2025-02-03",
            "severity": "A_IncapacitatingInjury",
            "persons_involved": 0
          }
        ],
        "fatal_crashes": 0,
        "injury_crashes": 1,
        "property_damage_crashes": 2
      },
      "geometry": {
        "type": "Point",
        "coordinates": [
          -97.5848310633333,
          32.8775091266667
        ]
      }
    },
    {
      "type": "Feature",
      "properties": {
        "intersection_id": "a4630dc9-0d16-45bc-b8d4-45d05a55385c",
        "risk_score": 0.32333333333333336,
        "risk_level": "Low",
        "risk_level_numeric": 2,
        "crash_count": 3,
        "latitude": 32.9672407333333,
        "longitude": -97.70003285,
        "intersecting_roads": [],
        "recent_crashes": [
          {
            "crash_id": "20858646",
            "crash_date": "2025-06-12",
            "severity": "A_IncapacitatingInjury",
            "persons_involved": 3
          },
          {
            "crash_id": "20744644",
            "crash_date": "2025-04-04",
            "severity": "O_NoInjury",
            "persons_involved": 0
          },
          {
            "crash_id": "20644235",
            "crash_date": "2025-01-27",
            "severity": "O_NoInjury",
            "persons_involved": 2
          }
        ],
        "fatal_crashes": 0,
        "injury_crashes": 1,
        "property_damage_crashes": 2
      },
      "geometry": {
        "type": "Point",
        "coordinates": [
          -97.70003285,
          32.9672407333333
        ]
      }
    },
    {
      "type": "Feature",
      "properties": {
        "intersection_id": "a997110d-3282-468a-aa35-12992a7c8af5",
        "risk_score": 0.32333333333333336,
        "risk_level": "Low",
        "risk_level_numeric": 2,
        "crash_count": 3,
        "latitude": 32.7527080433333,
        "longitude": -97.7119205433334,
        "intersecting_roads": [],
        "recent_crashes": [
          {
            "crash_id": "20903585",
            "crash_date": "2025-07-10",
            "severity": "O_NoInjury",
            "persons_involved": 0
          },
          {
            "crash_id": "20839395",
            "crash_date": "2025-05-27",
            "severity": "O_NoInjury",
            "persons_involved": 0
          },
          {
            "crash_id": "20704163",
            "crash_date": "2025-03-16",
            "severity": "A_IncapacitatingInjury",
            "persons_involved": 0
          }
        ],
        "fatal_crashes": 0,
        "injury_crashes": 1,
        "property_damage_crashes": 2
      },
      "geometry": {
        "type": "Point",
        "coordinates": [
          -97.7119205433334,
          32.7527080433333
        ]
      }
    },
    {
      "type": "Feature",
      "properties": {
        "intersection_id": "4b8d91a3-ce7f-45b8-82e2-80e83b1050e6",
        "risk_score": 0.32333333333333336,
        "risk_level": "Low",
        "risk_level_numeric": 2,
        "crash_count": 3,
        "latitude": 32.7267902,
        "longitude": -97.87439291,
        "intersecting_roads": [],
        "recent_crashes": [
          {
            "crash_id": "20863354",
            "crash_date": "2025-06-13",
            "severity": "O_NoInjury",
            "persons_involved": 1
          },
          {
            "crash_id": "20815816",
            "crash_date": "2025-05-11",
            "severity": "A_IncapacitatingInjury",
            "persons_involved": 0
          },
          {
            "crash_id": "20742063",
            "crash_date": "2025-04-02",
            "severity": "O_NoInjury",
            "persons_involved": 0
          }
        ],
        "fatal_crashes": 0,
        "injury_crashes": 1,
        "property_damage_crashes": 2
      },
      "geometry": {
        "type": "Point",
        "coordinates": [
          -97.87439291,
          32.7267902
        ]
      }
    },
    {
      "type": "Feature",
      "properties": {
        "intersection_id": "a87b81b6-7c37-49c9-ad01-b66dfcefba2d",
        "risk_score": 0.32333333333333336,
        "risk_level": "Low",
        "risk_level_numeric": 2,
        "crash_count": 3,
        "latitude": 32.7485951366667,
        "longitude": -97.7276261566666,
        "intersecting_roads": [],
        "recent_crashes": [
          {
            "crash_id": "20833143",
            "crash_date": "2025-05-08",
            "severity": "A_IncapacitatingInjury",
            "persons_involved": 1
          },
          {
            "crash_id": "20774317",
            "crash_date": "2025-04-23",
            "severity": "O_NoInjury",
            "persons_involved": 0
          },
          {
            "crash_id": "20754532",
            "crash_date": "2025-04-11",
            "severity": "O_NoInjury",
            "persons_involved": 5
          }
        ],
        "fatal_crashes": 0,
        "injury_crashes": 1,
        "property_damage_crashes": 2
      },
      "geometry": {
        "type": "Point",
        "coordinates": [
          -97.7276261566666,
          32.7485951366667
        ]
      }
    },
    {
      "type": "Feature",
      "properties": {
        "intersection_id": "788af567-8241-416b-8dba-bb595be7958c",
        "risk_score": 0.318,
        "risk_level": "Low",
        "risk_level_numeric": 2,
        "crash_count": 5,
        "latitude": 32.756674926,
        "longitude": -97.698859588,
        "intersecting_roads": [],
        "recent_crashes": [
          {
            "crash_id": "20927084",
            "crash_date": "2025-07-25",
            "severity": "A_IncapacitatingInjury",
            "persons_involved": 0
          },
          {
            "crash_id": "20910489",
            "crash_date": "2025-07-15",
            "severity": "O_NoInjury",
            "persons_involved": 0
          },
          {
            "crash_id": "20909708",
            "crash_date": "2025-07-14",
            "severity": "O_NoInjury",
            "persons_involved": 0
          },
          {
            "crash_id": "20810684",
            "crash_date": "2025-05-15",
            "severity": "O_NoInjury",
            "persons_involved": 0
          },
          {
            "crash_id": "20701539",
            "crash_date": "2025-03-13",
            "severity": "O_NoInjury",
            "persons_involved": 0
          }
        ],
        "fatal_crashes": 0,
        "injury_crashes": 1,
        "property_damage_crashes": 4
      },
      "geometry": {
        "type": "Point",
        "coordinates": [
          -97.698859588,
          32.756674926
        ]
      }
    },
    {
      "type": "Feature",
      "properties": {
        "intersection_id": "0f19fa52-da8a-4afa-9f22-5f382ccc5b60",
        "risk_score": 0.3125,
        "risk_level": "Low",
        "risk_level_numeric": 2,
        "crash_count": 4,
        "latitude": 32.83194213,
        "longitude": -97.765931545,
        "intersecting_roads": [],
        "recent_crashes": [
          {
            "crash_id": "20857009",
            "crash_date": "2025-06-03",
            "severity": "A_IncapacitatingInjury",
            "persons_involved": 1
          },
          {
            "crash_id": "20746554",
            "crash_date": "2025-03-31",
            "severity": "O_NoInjury",
            "persons_involved": 0
          },
          {
            "crash_id": "20720022",
            "crash_date": "2025-03-22",
            "severity": "O_NoInjury",
            "persons_involved": 1
          },
          {
            "crash_id": "20669476",
            "crash_date": "2025-02-12",
            "severity": "O_NoInjury",
            "persons_involved": 0
          }
        ],
        "fatal_crashes": 0,
        "injury_crashes": 1,
        "property_damage_crashes": 3
      },
      "geometry": {
        "type": "Point",
        "coordinates": [
          -97.765931545,
          32.83194213
        ]
      }
    },
    {
      "type": "Feature",
      "properties": {
        "intersection_id": "d22e8e46-5c3f-4901-ae96-de568f75a5ef",
        "risk_score": 0.3125,
        "risk_level": "Low",
        "risk_level_numeric": 2,
        "crash_count": 4,
        "latitude": 32.7585555075,
        "longitude": -97.8145055625,
        "intersecting_roads": [],
        "recent_crashes": [
          {
            "crash_id": "20720246",
            "crash_date": "2025-03-22",
            "severity": "O_NoInjury",
            "persons_involved": 1
          },
          {
            "crash_id": "20693110",
            "crash_date": "2025-03-08",
            "severity": "O_NoInjury",
            "persons_involved": 1
          },
          {
            "crash_id": "20693105",
            "crash_date": "2025-03-07",
            "severity": "A_IncapacitatingInjury",
            "persons_involved": 0
          },
          {
            "crash_id": "20712510",
            "crash_date": "2025-02-13",
            "severity": "O_NoInjury",
            "persons_involved": 0
          }
        ],
        "fatal_crashes": 0,
        "injury_crashes": 1,
        "property_damage_crashes": 3
      },
      "geometry": {
        "type": "Point",
        "coordinates": [
          -97.8145055625,
          32.7585555075
        ]
      }
    },
    {
      "type": "Feature",
      "properties": {
        "intersection_id": "ff039286-cc72-44b8-8812-f77a2e99e774",
        "risk_score": 0.3125,
        "risk_level": "Low",
        "risk_level_numeric": 2,
        "crash_count": 4,
        "latitude": 32.771732295,
        "longitude": -97.831650945,
        "intersecting_roads": [],
        "recent_crashes": [
          {
            "crash_id": "20933512",
            "crash_date": "2025-07-25",
            "severity": "O_NoInjury",
            "persons_involved": 2
          },
          {
            "crash_id": "20899917",
            "crash_date": "2025-07-09",
            "severity": "A_IncapacitatingInjury",
            "persons_involved": 0
          },
          {
            "crash_id": "20843580",
            "crash_date": "2025-06-03",
            "severity": "O_NoInjury",
            "persons_involved": 0
          },
          {
            "crash_id": "20786936",
            "crash_date": "2025-04-30",
            "severity": "O_NoInjury",
            "persons_involved": 0
          }
        ],
        "fatal_crashes": 0,
        "injury_crashes": 1,
        "property_damage_crashes": 3
      },
      "geometry": {
        "type": "Point",
        "coordinates": [
          -97.831650945,
          32.771732295
        ]
      }
    },
    {
      "type": "Feature",
      "properties": {
        "intersection_id": "4a804d36-85b3-4657-9893-d2b7c4900753",
        "risk_score": 0.31,
        "risk_level": "Low",
        "risk_level_numeric": 2,
        "crash_count": 8,
        "latitude": 32.76205543375,
        "longitude": -97.83425750125,
        "intersecting_roads": [],
        "recent_crashes": [
          {
            "crash_id": "20898014",
            "crash_date": "2025-07-07",
            "severity": "O_NoInjury",
            "persons_involved": 1
          },
          {
            "crash_id": "20829229",
            "crash_date": "2025-05-25",
            "severity": "O_NoInjury",
            "persons_involved": 1
          },
          {
            "crash_id": "20815833",
            "crash_date": "2025-05-17",
            "severity": "O_NoInjury",
            "persons_involved": 2
          },
          {
            "crash_id": "20807894",
            "crash_date": "2025-05-12",
            "severity": "O_NoInjury",
            "persons_involved": 2
          },
          {
            "crash_id": "20693112",
            "crash_date": "2025-03-08",
            "severity": "O_NoInjury",
            "persons_involved": 0
          },
          {
            "crash_id": "20680559",
            "crash_date": "2025-03-02",
            "severity": "O_NoInjury",
            "persons_involved": 0
          },
          {
            "crash_id": "20636390",
            "crash_date": "2025-02-02",
            "severity": "O_NoInjury",
            "persons_involved": 1
          },
          {
            "crash_id": "20616086",
            "crash_date": "2025-01-18",
            "severity": "O_NoInjury",
            "persons_involved": 0
          }
        ],
        "fatal_crashes": 0,
        "injury_crashes": 0,
        "property_damage_crashes": 8
      },
      "geometry": {
        "type": "Point",
        "coordinates": [
          -97.83425750125,
          32.76205543375
        ]
      }
    },
    {
      "type": "Feature",
      "properties": {
        "intersection_id": "95120603-6eaf-419d-a88c-638653316eb0",
        "risk_score": 0.30833333333333335,
        "risk_level": "Low",
        "risk_level_numeric": 2,
        "crash_count": 6,
        "latitude": 32.7284856416667,
        "longitude": -97.8221904483333,
        "intersecting_roads": [],
        "recent_crashes": [
          {
            "crash_id": "20839421",
            "crash_date": "2025-06-01",
            "severity": "O_NoInjury",
            "persons_involved": 3
          },
          {
            "crash_id": "20818645",
            "crash_date": "2025-05-18",
            "severity": "B_NonIncapacitatingInjury",
            "persons_involved": 2
          },
          {
            "crash_id": "20799738",
            "crash_date": "2025-05-06",
            "severity": "O_NoInjury",
            "persons_involved": 0
          },
          {
            "crash_id": "20786938",
            "crash_date": "2025-04-30",
            "severity": "O_NoInjury",
            "persons_involved": 0
          },
          {
            "crash_id": "20770514",
            "crash_date": "2025-04-21",
            "severity": "O_NoInjury",
            "persons_involved": 0
          },
          {
            "crash_id": "20643976",
            "crash_date": "2025-02-05",
            "severity": "O_NoInjury",
            "persons_involved": 0
          }
        ],
        "fatal_crashes": 0,
        "injury_crashes": 1,
        "property_damage_crashes": 5
      },
      "geometry": {
        "type": "Point",
        "coordinates": [
          -97.8221904483333,
          32.7284856416667
        ]
      }
    },
    {
      "type": "Feature",
      "properties": {
        "intersection_id": "f1381aeb-0547-4467-90ff-580b09fa272d",
        "risk_score": 0.30833333333333335,
        "risk_level": "Low",
        "risk_level_numeric": 2,
        "crash_count": 6,
        "latitude": 32.7573939116667,
        "longitude": -97.7973792233334,
        "intersecting_roads": [],
        "recent_crashes": [
          {
            "crash_id": "20940663",
            "crash_date": "2025-08-01",
            "severity": "B_NonIncapacitatingInjury",
            "persons_involved": 2
          },
          {
            "crash_id": "20907295",
            "crash_date": "2025-07-11",
            "severity": "O_NoInjury",
            "persons_involved": 3
          },
          {
            "crash_id": "20897998",
            "crash_date": "2025-07-03",
            "severity": "O_NoInjury",
            "persons_involved": 3
          },
          {
            "crash_id": "20803242",
            "crash_date": "2025-05-10",
            "severity": "O_NoInjury",
            "persons_involved": 0
          },
          {
            "crash_id": "20779122",
            "crash_date": "2025-04-26",
            "severity": "O_NoInjury",
            "persons_involved": 0
          },
          {
            "crash_id": "20673316",
            "crash_date": "2025-02-25",
            "severity": "O_NoInjury",
            "persons_involved": 0
          }
        ],
        "fatal_crashes": 0,
        "injury_crashes": 1,
        "property_damage_crashes": 5
      },
      "geometry": {
        "type": "Point",
        "coordinates": [
          -97.7973792233334,
          32.7573939116667
        ]
      }
    },
    {
      "type": "Feature",
      "properties": {
        "intersection_id": "07048b23-df4a-4ec0-83c9-584bd1ae274e",
        "risk_score": 0.305,
        "risk_level": "Low",
        "risk_level_numeric": 2,
        "crash_count": 2,
        "latitude": 32.73870301,
        "longitude": -97.758684285,
        "intersecting_roads": [],
        "recent_crashes": [
          {
            "crash_id": "20754524",
            "crash_date": "2025-04-11",
            "severity": "B_NonIncapacitatingInjury",
            "persons_involved": 0
          },
          {
            "crash_id": "20593010",
            "crash_date": "2025-01-04",
            "severity": "O_NoInjury",
            "persons_involved": 2
          }
        ],
        "fatal_crashes": 0,
        "injury_crashes": 1,
        "property_damage_crashes": 1
      },
      "geometry": {
        "type": "Point",
        "coordinates": [
          -97.758684285,
          32.73870301
        ]
      }
    },
    {
      "type": "Feature",
      "properties": {
        "intersection_id": "782063db-1196-4e5f-af84-438eaccf2110",
        "risk_score": 0.305,
        "risk_level": "Low",
        "risk_level_numeric": 2,
        "crash_count": 2,
        "latitude": 32.740908085,
        "longitude": -97.752367915,
        "intersecting_roads": [],
        "recent_crashes": [
          {
            "crash_id": "20658416",
            "crash_date": "2025-02-14",
            "severity": "O_NoInjury",
            "persons_involved": 0
          },
          {
            "crash_id": "20598026",
            "crash_date": "2025-01-07",
            "severity": "B_NonIncapacitatingInjury",
            "persons_involved": 2
          }
        ],
        "fatal_crashes": 0,
        "injury_crashes": 1,
        "property_damage_crashes": 1
      },
      "geometry": {
        "type": "Point",
        "coordinates": [
          -97.752367915,
          32.740908085
        ]
      }
    },
    {
      "type": "Feature",
      "properties": {
        "intersection_id": "38b2cbef-836f-498b-a9ed-6f03bc55f00c",
        "risk_score": 0.305,
        "risk_level": "Low",
        "risk_level_numeric": 2,
        "crash_count": 2,
        "latitude": 32.714850515,
        "longitude": -97.56247171,
        "intersecting_roads": [],
        "recent_crashes": [
          {
            "crash_id": "20719607",
            "crash_date": "2025-03-24",
            "severity": "B_NonIncapacitatingInjury",
            "persons_involved": 1
          },
          {
            "crash_id": "20609888",
            "crash_date": "2025-01-14",
            "severity": "O_NoInjury",
            "persons_involved": 0
          }
        ],
        "fatal_crashes": 0,
        "injury_crashes": 1,
        "property_damage_crashes": 1
      },
      "geometry": {
        "type": "Point",
        "coordinates": [
          -97.56247171,
          32.714850515
        ]
      }
    },
    {
      "type": "Feature",
      "properties": {
        "intersection_id": "6ec47f17-dc06-4908-b70f-8816d950bd23",
        "risk_score": 0.305,
        "risk_level": "Low",
        "risk_level_numeric": 2,
        "crash_count": 2,
        "latitude": 32.577078605,
        "longitude": -97.87867231,
        "intersecting_roads": [],
        "recent_crashes": [
          {
            "crash_id": "20933250",
            "crash_date": "2025-07-22",
            "severity": "O_NoInjury",
            "persons_involved": 0
          },
          {
            "crash_id": "20613861",
            "crash_date": "2025-01-17",
            "severity": "B_NonIncapacitatingInjury",
            "persons_involved": 3
          }
        ],
        "fatal_crashes": 0,
        "injury_crashes": 1,
        "property_damage_crashes": 1
      },
      "geometry": {
        "type": "Point",
        "coordinates": [
          -97.87867231,
          32.577078605
        ]
      }
    },
    {
      "type": "Feature",
      "properties": {
        "intersection_id": "2f6418b5-f751-4ad8-9a2b-349fdc0b8d84",
        "risk_score": 0.305,
        "risk_level": "Low",
        "risk_level_numeric": 2,
        "crash_count": 2,
        "latitude": 32.75873675,
        "longitude": -97.779868365,
        "intersecting_roads": [],
        "recent_crashes": [
          {
            "crash_id": "20773430",
            "crash_date": "2025-04-23",
            "severity": "B_NonIncapacitatingInjury",
            "persons_involved": 0
          },
          {
            "crash_id": "20616083",
            "crash_date": "2025-01-17",
            "severity": "O_NoInjury",
            "persons_involved": 0
          }
        ],
        "fatal_crashes": 0,
        "injury_crashes": 1,
        "property_damage_crashes": 1
      },
      "geometry": {
        "type": "Point",
        "coordinates": [
          -97.779868365,
          32.75873675
        ]
      }
    },
    {
      "type": "Feature",
      "properties": {
        "intersection_id": "d0709cfd-8add-4c9d-b662-57b634fb95ab",
        "risk_score": 0.305,
        "risk_level": "Low",
        "risk_level_numeric": 2,
        "crash_count": 2,
        "latitude": 32.7731105,
        "longitude": -97.79725567,
        "intersecting_roads": [],
        "recent_crashes": [
          {
            "crash_id": "20863349",
            "crash_date": "2025-06-06",
            "severity": "O_NoInjury",
            "persons_involved": 2
          },
          {
            "crash_id": "20625246",
            "crash_date": "2025-01-22",
            "severity": "B_NonIncapacitatingInjury",
            "persons_involved": 0
          }
        ],
        "fatal_crashes": 0,
        "injury_crashes": 1,
        "property_damage_crashes": 1
      },
      "geometry": {
        "type": "Point",
        "coordinates": [
          -97.79725567,
          32.7731105
        ]
      }
    },
    {
      "type": "Feature",
      "properties": {
        "intersection_id": "2e7bcc75-b4c5-4c6c-9b1b-715291e30713",
        "risk_score": 0.305,
        "risk_level": "Low",
        "risk_level_numeric": 2,
        "crash_count": 2,
        "latitude": 32.681222105,
        "longitude": -97.644545045,
        "intersecting_roads": [],
        "recent_crashes": [
          {
            "crash_id": "20931669",
            "crash_date": "2025-07-22",
            "severity": "B_NonIncapacitatingInjury",
            "persons_involved": 0
          },
          {
            "crash_id": "20652377",
            "crash_date": "2025-02-11",
            "severity": "O_NoInjury",
            "persons_involved": 0
          }
        ],
        "fatal_crashes": 0,
        "injury_crashes": 1,
        "property_damage_crashes": 1
      },
      "geometry": {
        "type": "Point",
        "coordinates": [
          -97.644545045,
          32.681222105
        ]
      }
    },
    {
      "type": "Feature",
      "properties": {
        "intersection_id": "f2a323df-5172-4c5f-b2a1-9cffba47923f",
        "risk_score": 0.305,
        "risk_level": "Low",
        "risk_level_numeric": 2,
        "crash_count": 2,
        "latitude": 32.720859235,
        "longitude": -97.55285007,
        "intersecting_roads": [],
        "recent_crashes": [
          {
            "crash_id": "20702025",
            "crash_date": "2025-03-08",
            "severity": "B_NonIncapacitatingInjury",
            "persons_involved": 0
          },
          {
            "crash_id": "20657902",
            "crash_date": "2025-02-14",
            "severity": "O_NoInjury",
            "persons_involved": 0
          }
        ],
        "fatal_crashes": 0,
        "injury_crashes": 1,
        "property_damage_crashes": 1
      },
      "geometry": {
        "type": "Point",
        "coordinates": [
          -97.55285007,
          32.720859235
        ]
      }
    },
    {
      "type": "Feature",
      "properties": {
        "intersection_id": "994b52fa-4efa-4d9f-9d9f-e61df8e7a8c3",
        "risk_score": 0.305,
        "risk_level": "Low",
        "risk_level_numeric": 2,
        "crash_count": 2,
        "latitude": 32.77818967,
        "longitude": -97.5979575,
        "intersecting_roads": [],
        "recent_crashes": [
          {
            "crash_id": "20744647",
            "crash_date": "2025-04-03",
            "severity": "O_NoInjury",
            "persons_involved": 1
          },
          {
            "crash_id": "20658319",
            "crash_date": "2025-02-08",
            "severity": "B_NonIncapacitatingInjury",
            "persons_involved": 0
          }
        ],
        "fatal_crashes": 0,
        "injury_crashes": 1,
        "property_damage_crashes": 1
      },
      "geometry": {
        "type": "Point",
        "coordinates": [
          -97.5979575,
          32.77818967
        ]
      }
    },
    {
      "type": "Feature",
      "properties": {
        "intersection_id": "26e32d90-c481-4583-9e55-c6b2e7abec15",
        "risk_score": 0.305,
        "risk_level": "Low",
        "risk_level_numeric": 2,
        "crash_count": 2,
        "latitude": 32.736612425,
        "longitude": -97.796306625,
        "intersecting_roads": [],
        "recent_crashes": [
          {
            "crash_id": "20918714",
            "crash_date": "2025-07-20",
            "severity": "O_NoInjury",
            "persons_involved": 1
          },
          {
            "crash_id": "20669417",
            "crash_date": "2025-02-21",
            "severity": "B_NonIncapacitatingInjury",
            "persons_involved": 0
          }
        ],
        "fatal_crashes": 0,
        "injury_crashes": 1,
        "property_damage_crashes": 1
      },
      "geometry": {
        "type": "Point",
        "coordinates": [
          -97.796306625,
          32.736612425
        ]
      }
    },
    {
      "type": "Feature",
      "properties": {
        "intersection_id": "6474e81a-08c9-4454-b5f8-451582695a86",
        "risk_score": 0.305,
        "risk_level": "Low",
        "risk_level_numeric": 2,
        "crash_count": 2,
        "latitude": 32.7292966,
        "longitude": -97.79044191,
        "intersecting_roads": [],
        "recent_crashes": [
          {
            "crash_id": "20712975",
            "crash_date": "2025-03-12",
            "severity": "O_NoInjury",
            "persons_involved": 1
          },
          {
            "crash_id": "20669420",
            "crash_date": "2025-02-21",
            "severity": "B_NonIncapacitatingInjury",
            "persons_involved": 2
          }
        ],
        "fatal_crashes": 0,
        "injury_crashes": 1,
        "property_damage_crashes": 1
      },
      "geometry": {
        "type": "Point",
        "coordinates": [
          -97.79044191,
          32.7292966
        ]
      }
    },
    {
      "type": "Feature",
      "properties": {
        "intersection_id": "4afe4708-4377-413b-9a7f-3e4e8b1d01b9",
        "risk_score": 0.305,
        "risk_level": "Low",
        "risk_level_numeric": 2,
        "crash_count": 2,
        "latitude": 32.731196315,
        "longitude": -97.78206216,
        "intersecting_roads": [],
        "recent_crashes": [
          {
            "crash_id": "20803234",
            "crash_date": "2025-05-09",
            "severity": "O_NoInjury",
            "persons_involved": 0
          },
          {
            "crash_id": "20673313",
            "crash_date": "2025-02-25",
            "severity": "B_NonIncapacitatingInjury",
            "persons_involved": 0
          }
        ],
        "fatal_crashes": 0,
        "injury_crashes": 1,
        "property_damage_crashes": 1
      },
      "geometry": {
        "type": "Point",
        "coordinates": [
          -97.78206216,
          32.731196315
        ]
      }
    },
    {
      "type": "Feature",
      "properties": {
        "intersection_id": "5e71ca79-114b-4ebc-9855-6b68a6210524",
        "risk_score": 0.305,
        "risk_level": "Low",
        "risk_level_numeric": 2,
        "crash_count": 2,
        "latitude": 32.735872115,
        "longitude": -97.637500515,
        "intersecting_roads": [],
        "recent_crashes": [
          {
            "crash_id": "20894621",
            "crash_date": "2025-07-04",
            "severity": "B_NonIncapacitatingInjury",
            "persons_involved": 1
          },
          {
            "crash_id": "20673745",
            "crash_date": "2025-02-23",
            "severity": "O_NoInjury",
            "persons_involved": 0
          }
        ],
        "fatal_crashes": 0,
        "injury_crashes": 1,
        "property_damage_crashes": 1
      },
      "geometry": {
        "type": "Point",
        "coordinates": [
          -97.637500515,
          32.735872115
        ]
      }
    },
    {
      "type": "Feature",
      "properties": {
        "intersection_id": "0ce73caf-f827-46ff-9702-da8f5492e4ec",
        "risk_score": 0.305,
        "risk_level": "Low",
        "risk_level_numeric": 2,
        "crash_count": 2,
        "latitude": 32.798219435,
        "longitude": -97.987707965,
        "intersecting_roads": [],
        "recent_crashes": [
          {
            "crash_id": "20889307",
            "crash_date": "2025-06-30",
            "severity": "B_NonIncapacitatingInjury",
            "persons_involved": 0
          },
          {
            "crash_id": "20681568",
            "crash_date": "2025-03-02",
            "severity": "O_NoInjury",
            "persons_involved": 0
          }
        ],
        "fatal_crashes": 0,
        "injury_crashes": 1,
        "property_damage_crashes": 1
      },
      "geometry": {
        "type": "Point",
        "coordinates": [
          -97.987707965,
          32.798219435
        ]
      }
    },
    {
      "type": "Feature",
      "properties": {
        "intersection_id": "5c50b356-e291-4bfb-995e-55c96f081eaa",
        "risk_score": 0.305,
        "risk_level": "Low",
        "risk_level_numeric": 2,
        "crash_count": 2,
        "latitude": 32.963500895,
        "longitude": -97.68503299,
        "intersecting_roads": [],
        "recent_crashes": [
          {
            "crash_id": "20734708",
            "crash_date": "2025-03-22",
            "severity": "B_NonIncapacitatingInjury",
            "persons_involved": 1
          },
          {
            "crash_id": "20697945",
            "crash_date": "2025-03-10",
            "severity": "O_NoInjury",
            "persons_involved": 0
          }
        ],
        "fatal_crashes": 0,
        "injury_crashes": 1,
        "property_damage_crashes": 1
      },
      "geometry": {
        "type": "Point",
        "coordinates": [
          -97.68503299,
          32.963500895
        ]
      }
    },
    {
      "type": "Feature",
      "properties": {
        "intersection_id": "bfcfb6f7-b5f8-4b9f-a6ca-e99ef2281644",
        "risk_score": 0.305,
        "risk_level": "Low",
        "risk_level_numeric": 2,
        "crash_count": 2,
        "latitude": 32.906655855,
        "longitude": -97.56819447,
        "intersecting_roads": [],
        "recent_crashes": [
          {
            "crash_id": "20937782",
            "crash_date": "2025-07-24",
            "severity": "O_NoInjury",
            "persons_involved": 2
          },
          {
            "crash_id": "20708666",
            "crash_date": "2025-03-05",
            "severity": "B_NonIncapacitatingInjury",
            "persons_involved": 0
          }
        ],
        "fatal_crashes": 0,
        "injury_crashes": 1,
        "property_damage_crashes": 1
      },
      "geometry": {
        "type": "Point",
        "coordinates": [
          -97.56819447,
          32.906655855
        ]
      }
    },
    {
      "type": "Feature",
      "properties": {
        "intersection_id": "f121b0af-1262-429a-8a3d-f9b05a432a31",
        "risk_score": 0.305,
        "risk_level": "Low",
        "risk_level_numeric": 2,
        "crash_count": 2,
        "latitude": 32.751481655,
        "longitude": -97.83555794,
        "intersecting_roads": [],
        "recent_crashes": [
          {
            "crash_id": "20823899",
            "crash_date": "2025-05-22",
            "severity": "O_NoInjury",
            "persons_involved": 0
          },
          {
            "crash_id": "20712508",
            "crash_date": "2025-03-20",
            "severity": "B_NonIncapacitatingInjury",
            "persons_involved": 1
          }
        ],
        "fatal_crashes": 0,
        "injury_crashes": 1,
        "property_damage_crashes": 1
      },
      "geometry": {
        "type": "Point",
        "coordinates": [
          -97.83555794,
          32.751481655
        ]
      }
    },
    {
      "type": "Feature",
      "properties": {
        "intersection_id": "4fe0d93d-abf2-4fb2-811b-cdf7b4086c68",
        "risk_score": 0.305,
        "risk_level": "Low",
        "risk_level_numeric": 2,
        "crash_count": 2,
        "latitude": 32.74741846,
        "longitude": -97.731595605,
        "intersecting_roads": [],
        "recent_crashes": [
          {
            "crash_id": "20803239",
            "crash_date": "2025-05-09",
            "severity": "B_NonIncapacitatingInjury",
            "persons_involved": 0
          },
          {
            "crash_id": "20742057",
            "crash_date": "2025-04-02",
            "severity": "O_NoInjury",
            "persons_involved": 0
          }
        ],
        "fatal_crashes": 0,
        "injury_crashes": 1,
        "property_damage_crashes": 1
      },
      "geometry": {
        "type": "Point",
        "coordinates": [
          -97.731595605,
          32.74741846
        ]
      }
    },
    {
      "type": "Feature",
      "properties": {
        "intersection_id": "51e12156-db12-4082-9150-e27b03d73097",
        "risk_score": 0.305,
        "risk_level": "Low",
        "risk_level_numeric": 2,
        "crash_count": 2,
        "latitude": 32.909270485,
        "longitude": -97.57821705,
        "intersecting_roads": [],
        "recent_crashes": [
          {
            "crash_id": "20895257",
            "crash_date": "2025-06-29",
            "severity": "B_NonIncapacitatingInjury",
            "persons_involved": 4
          },
          {
            "crash_id": "20748266",
            "crash_date": "2025-03-28",
            "severity": "O_NoInjury",
            "persons_involved": 0
          }
        ],
        "fatal_crashes": 0,
        "injury_crashes": 1,
        "property_damage_crashes": 1
      },
      "geometry": {
        "type": "Point",
        "coordinates": [
          -97.57821705,
          32.909270485
        ]
      }
    },
    {
      "type": "Feature",
      "properties": {
        "intersection_id": "5beb9920-f837-4568-8abc-3f0a529adf46",
        "risk_score": 0.305,
        "risk_level": "Low",
        "risk_level_numeric": 2,
        "crash_count": 2,
        "latitude": 32.73366105,
        "longitude": -97.79184898,
        "intersecting_roads": [],
        "recent_crashes": [
          {
            "crash_id": "20885947",
            "crash_date": "2025-06-25",
            "severity": "O_NoInjury",
            "persons_involved": 2
          },
          {
            "crash_id": "20766681",
            "crash_date": "2025-04-17",
            "severity": "B_NonIncapacitatingInjury",
            "persons_involved": 0
          }
        ],
        "fatal_crashes": 0,
        "injury_crashes": 1,
        "property_damage_crashes": 1
      },
      "geometry": {
        "type": "Point",
        "coordinates": [
          -97.79184898,
          32.73366105
        ]
      }
    },
    {
      "type": "Feature",
      "properties": {
        "intersection_id": "40f70faa-369c-4d73-a1a1-6a9fff3dd42b",
        "risk_score": 0.305,
        "risk_level": "Low",
        "risk_level_numeric": 2,
        "crash_count": 2,
        "latitude": 32.72086809,
        "longitude": -97.559505065,
        "intersecting_roads": [],
        "recent_crashes": [
          {
            "crash_id": "20879443",
            "crash_date": "2025-06-16",
            "severity": "B_NonIncapacitatingInjury",
            "persons_involved": 1
          },
          {
            "crash_id": "20797058",
            "crash_date": "2025-05-02",
            "severity": "O_NoInjury",
            "persons_involved": 0
          }
        ],
        "fatal_crashes": 0,
        "injury_crashes": 1,
        "property_damage_crashes": 1
      },
      "geometry": {
        "type": "Point",
        "coordinates": [
          -97.559505065,
          32.72086809
        ]
      }
    },
    {
      "type": "Feature",
      "properties": {
        "intersection_id": "cf1a3fd1-4db8-4025-a8f1-f7fc73f12345",
        "risk_score": 0.305,
        "risk_level": "Low",
        "risk_level_numeric": 2,
        "crash_count": 2,
        "latitude": 32.70118332,
        "longitude": -97.96024323,
        "intersecting_roads": [],
        "recent_crashes": [
          {
            "crash_id": "20886833",
            "crash_date": "2025-06-26",
            "severity": "O_NoInjury",
            "persons_involved": 2
          },
          {
            "crash_id": "20827810",
            "crash_date": "2025-05-23",
            "severity": "B_NonIncapacitatingInjury",
            "persons_involved": 0
          }
        ],
        "fatal_crashes": 0,
        "injury_crashes": 1,
        "property_damage_crashes": 1
      },
      "geometry": {
        "type": "Point",
        "coordinates": [
          -97.96024323,
          32.70118332
        ]
      }
    },
    {
      "type": "Feature",
      "properties": {
        "intersection_id": "60c3e020-1092-46c1-a9c7-916eecf9d296",
        "risk_score": 0.305,
        "risk_level": "Low",
        "risk_level_numeric": 2,
        "crash_count": 2,
        "latitude": 32.64719503,
        "longitude": -97.79777431,
        "intersecting_roads": [],
        "recent_crashes": [
          {
            "crash_id": "20907721",
            "crash_date": "2025-07-05",
            "severity": "B_NonIncapacitatingInjury",
            "persons_involved": 0
          },
          {
            "crash_id": "20901825",
            "crash_date": "2025-06-24",
            "severity": "O_NoInjury",
            "persons_involved": 0
          }
        ],
        "fatal_crashes": 0,
        "injury_crashes": 1,
        "property_damage_crashes": 1
      },
      "geometry": {
        "type": "Point",
        "coordinates": [
          -97.79777431,
          32.64719503
        ]
      }
    },
    {
      "type": "Feature",
      "properties": {
        "intersection_id": "f95957b0-a85a-4db0-85f5-e3273816fbae",
        "risk_score": 0.305,
        "risk_level": "Low",
        "risk_level_numeric": 2,
        "crash_count": 2,
        "latitude": 32.735851155,
        "longitude": -97.76633956,
        "intersecting_roads": [],
        "recent_crashes": [
          {
            "crash_id": "20909566",
            "crash_date": "2025-07-14",
            "severity": "O_NoInjury",
            "persons_involved": 2
          },
          {
            "crash_id": "20907287",
            "crash_date": "2025-07-11",
            "severity": "B_NonIncapacitatingInjury",
            "persons_involved": 16
          }
        ],
        "fatal_crashes": 0,
        "injury_crashes": 1,
        "property_damage_crashes": 1
      },
      "geometry": {
        "type": "Point",
        "coordinates": [
          -97.76633956,
          32.735851155
        ]
      }
    },
    {
      "type": "Feature",
      "properties": {
        "intersection_id": "b40c79c8-6688-43aa-9a95-744a7e7490e5",
        "risk_score": 0.3025,
        "risk_level": "Low",
        "risk_level_numeric": 2,
        "crash_count": 6,
        "latitude": 32.7606753116667,
        "longitude": -97.79734785,
        "intersecting_roads": [],
        "recent_crashes": [
          {
            "crash_id": "20783406",
            "crash_date": "2025-04-29",
            "severity": "O_NoInjury",
            "persons_involved": 0
          },
          {
            "crash_id": "20742065",
            "crash_date": "2025-04-04",
            "severity": "O_NoInjury",
            "persons_involved": 1
          },
          {
            "crash_id": "20704512",
            "crash_date": "2025-03-14",
            "severity": "B_NonIncapacitatingInjury",
            "persons_involved": 0
          },
          {
            "crash_id": "20692845",
            "crash_date": "2025-03-07",
            "severity": "O_NoInjury",
            "persons_involved": 2
          },
          {
            "crash_id": "20665777",
            "crash_date": "2025-02-20",
            "severity": "O_NoInjury",
            "persons_involved": 2
          },
          {
            "crash_id": "20647222",
            "crash_date": "2025-02-07",
            "severity": "Unknown",
            "persons_involved": 0
          }
        ],
        "fatal_crashes": 0,
        "injury_crashes": 2,
        "property_damage_crashes": 4
      },
      "geometry": {
        "type": "Point",
        "coordinates": [
          -97.79734785,
          32.7606753116667
        ]
      }
    },
    {
      "type": "Feature",
      "properties": {
        "intersection_id": "45a597d0-de07-4cc2-8f37-08033f61c685",
        "risk_score": 0.29,
        "risk_level": "Low",
        "risk_level_numeric": 2,
        "crash_count": 5,
        "latitude": 32.699912756,
        "longitude": -97.959589272,
        "intersecting_roads": [],
        "recent_crashes": [
          {
            "crash_id": "20920405",
            "crash_date": "2025-07-15",
            "severity": "O_NoInjury",
            "persons_involved": 2
          },
          {
            "crash_id": "20868688",
            "crash_date": "2025-06-13",
            "severity": "O_NoInjury",
            "persons_involved": 2
          },
          {
            "crash_id": "20803795",
            "crash_date": "2025-05-03",
            "severity": "O_NoInjury",
            "persons_involved": 5
          },
          {
            "crash_id": "20688628",
            "crash_date": "2025-03-01",
            "severity": "O_NoInjury",
            "persons_involved": 0
          },
          {
            "crash_id": "20599835",
            "crash_date": "2025-01-08",
            "severity": "B_NonIncapacitatingInjury",
            "persons_involved": 0
          }
        ],
        "fatal_crashes": 0,
        "injury_crashes": 1,
        "property_damage_crashes": 4
      },
      "geometry": {
        "type": "Point",
        "coordinates": [
          -97.959589272,
          32.699912756
        ]
      }
    },
    {
      "type": "Feature",
      "properties": {
        "intersection_id": "e88f62bf-0916-4a85-b81c-8e0e242381b5",
        "risk_score": 0.29,
        "risk_level": "Low",
        "risk_level_numeric": 2,
        "crash_count": 5,
        "latitude": 32.74365255,
        "longitude": -97.746841498,
        "intersecting_roads": [],
        "recent_crashes": [
          {
            "crash_id": "20907290",
            "crash_date": "2025-07-12",
            "severity": "O_NoInjury",
            "persons_involved": 0
          },
          {
            "crash_id": "20762814",
            "crash_date": "2025-04-16",
            "severity": "O_NoInjury",
            "persons_involved": 0
          },
          {
            "crash_id": "20680549",
            "crash_date": "2025-02-28",
            "severity": "O_NoInjury",
            "persons_involved": 0
          },
          {
            "crash_id": "20636385",
            "crash_date": "2025-01-31",
            "severity": "B_NonIncapacitatingInjury",
            "persons_involved": 2
          },
          {
            "crash_id": "20611165",
            "crash_date": "2025-01-15",
            "severity": "O_NoInjury",
            "persons_involved": 0
          }
        ],
        "fatal_crashes": 0,
        "injury_crashes": 1,
        "property_damage_crashes": 4
      },
      "geometry": {
        "type": "Point",
        "coordinates": [
          -97.746841498,
          32.74365255
        ]
      }
    },
    {
      "type": "Feature",
      "properties": {
        "intersection_id": "548be987-d23c-42f1-b380-634ec3feedf5",
        "risk_score": 0.29,
        "risk_level": "Low",
        "risk_level_numeric": 2,
        "crash_count": 5,
        "latitude": 32.754649986,
        "longitude": -97.797413148,
        "intersecting_roads": [],
        "recent_crashes": [
          {
            "crash_id": "20925451",
            "crash_date": "2025-07-23",
            "severity": "B_NonIncapacitatingInjury",
            "persons_involved": 0
          },
          {
            "crash_id": "20914917",
            "crash_date": "2025-07-17",
            "severity": "O_NoInjury",
            "persons_involved": 0
          },
          {
            "crash_id": "20818642",
            "crash_date": "2025-05-17",
            "severity": "O_NoInjury",
            "persons_involved": 1
          },
          {
            "crash_id": "20630731",
            "crash_date": "2025-01-29",
            "severity": "O_NoInjury",
            "persons_involved": 0
          },
          {
            "crash_id": "20630732",
            "crash_date": "2025-01-29",
            "severity": "O_NoInjury",
            "persons_involved": 3
          }
        ],
        "fatal_crashes": 0,
        "injury_crashes": 1,
        "property_damage_crashes": 4
      },
      "geometry": {
        "type": "Point",
        "coordinates": [
          -97.797413148,
          32.754649986
        ]
      }
    },
    {
      "type": "Feature",
      "properties": {
        "intersection_id": "7f893a05-48ad-4eec-964b-11ccf5e33906",
        "risk_score": 0.29,
        "risk_level": "Low",
        "risk_level_numeric": 2,
        "crash_count": 5,
        "latitude": 32.758991992,
        "longitude": -97.800371032,
        "intersecting_roads": [],
        "recent_crashes": [
          {
            "crash_id": "20790937",
            "crash_date": "2025-04-28",
            "severity": "O_NoInjury",
            "persons_involved": 0
          },
          {
            "crash_id": "20754530",
            "crash_date": "2025-04-11",
            "severity": "B_NonIncapacitatingInjury",
            "persons_involved": 1
          },
          {
            "crash_id": "20731919",
            "crash_date": "2025-03-28",
            "severity": "O_NoInjury",
            "persons_involved": 0
          },
          {
            "crash_id": "20720248",
            "crash_date": "2025-03-24",
            "severity": "O_NoInjury",
            "persons_involved": 0
          },
          {
            "crash_id": "20710599",
            "crash_date": "2025-03-19",
            "severity": "O_NoInjury",
            "persons_involved": 1
          }
        ],
        "fatal_crashes": 0,
        "injury_crashes": 1,
        "property_damage_crashes": 4
      },
      "geometry": {
        "type": "Point",
        "coordinates": [
          -97.800371032,
          32.758991992
        ]
      }
    },
    {
      "type": "Feature",
      "properties": {
        "intersection_id": "d54110f0-def1-41cd-8bd1-1f3c47dd44f9",
        "risk_score": 0.29,
        "risk_level": "Low",
        "risk_level_numeric": 2,
        "crash_count": 5,
        "latitude": 32.758984678,
        "longitude": -97.796834402,
        "intersecting_roads": [],
        "recent_crashes": [
          {
            "crash_id": "20931495",
            "crash_date": "2025-07-28",
            "severity": "B_NonIncapacitatingInjury",
            "persons_involved": 2
          },
          {
            "crash_id": "20889893",
            "crash_date": "2025-06-30",
            "severity": "O_NoInjury",
            "persons_involved": 0
          },
          {
            "crash_id": "20888017",
            "crash_date": "2025-06-30",
            "severity": "O_NoInjury",
            "persons_involved": 0
          },
          {
            "crash_id": "20799370",
            "crash_date": "2025-05-07",
            "severity": "O_NoInjury",
            "persons_involved": 1
          },
          {
            "crash_id": "20746431",
            "crash_date": "2025-04-08",
            "severity": "O_NoInjury",
            "persons_involved": 0
          }
        ],
        "fatal_crashes": 0,
        "injury_crashes": 1,
        "property_damage_crashes": 4
      },
      "geometry": {
        "type": "Point",
        "coordinates": [
          -97.796834402,
          32.758984678
        ]
      }
    },
    {
      "type": "Feature",
      "properties": {
        "intersection_id": "0a8714b4-1e74-4513-9457-10056028d41f",
        "risk_score": 0.2775,
        "risk_level": "Low",
        "risk_level_numeric": 2,
        "crash_count": 4,
        "latitude": 32.7274171825,
        "longitude": -97.599629695,
        "intersecting_roads": [],
        "recent_crashes": [
          {
            "crash_id": "20954332",
            "crash_date": "2025-08-06",
            "severity": "O_NoInjury",
            "persons_involved": 0
          },
          {
            "crash_id": "20893886",
            "crash_date": "2025-06-26",
            "severity": "O_NoInjury",
            "persons_involved": 0
          },
          {
            "crash_id": "20833010",
            "crash_date": "2025-05-21",
            "severity": "O_NoInjury",
            "persons_involved": 0
          },
          {
            "crash_id": "20608477",
            "crash_date": "2025-01-08",
            "severity": "B_NonIncapacitatingInjury",
            "persons_involved": 0
          }
        ],
        "fatal_crashes": 0,
        "injury_crashes": 1,
        "property_damage_crashes": 3
      },
      "geometry": {
        "type": "Point",
        "coordinates": [
          -97.599629695,
          32.7274171825
        ]
      }
    },
    {
      "type": "Feature",
      "properties": {
        "intersection_id": "6d4673d4-5f2b-4b69-822b-74a39dc36eb3",
        "risk_score": 0.2775,
        "risk_level": "Low",
        "risk_level_numeric": 2,
        "crash_count": 4,
        "latitude": 32.7279630825,
        "longitude": -97.6329404875,
        "intersecting_roads": [],
        "recent_crashes": [
          {
            "crash_id": "20850792",
            "crash_date": "2025-05-26",
            "severity": "O_NoInjury",
            "persons_involved": 1
          },
          {
            "crash_id": "20819244",
            "crash_date": "2025-05-20",
            "severity": "B_NonIncapacitatingInjury",
            "persons_involved": 1
          },
          {
            "crash_id": "20777410",
            "crash_date": "2025-04-23",
            "severity": "O_NoInjury",
            "persons_involved": 0
          },
          {
            "crash_id": "20621183",
            "crash_date": "2025-01-18",
            "severity": "O_NoInjury",
            "persons_involved": 1
          }
        ],
        "fatal_crashes": 0,
        "injury_crashes": 1,
        "property_damage_crashes": 3
      },
      "geometry": {
        "type": "Point",
        "coordinates": [
          -97.6329404875,
          32.7279630825
        ]
      }
    },
    {
      "type": "Feature",
      "properties": {
        "intersection_id": "2cb72a84-ca21-46cf-b934-3d1d17003a47",
        "risk_score": 0.2775,
        "risk_level": "Low",
        "risk_level_numeric": 2,
        "crash_count": 4,
        "latitude": 32.658916995,
        "longitude": -97.77464406,
        "intersecting_roads": [],
        "recent_crashes": [
          {
            "crash_id": "20863080",
            "crash_date": "2025-06-15",
            "severity": "O_NoInjury",
            "persons_involved": 0
          },
          {
            "crash_id": "20681537",
            "crash_date": "2025-02-25",
            "severity": "O_NoInjury",
            "persons_involved": 0
          },
          {
            "crash_id": "20658326",
            "crash_date": "2025-02-15",
            "severity": "O_NoInjury",
            "persons_involved": 3
          },
          {
            "crash_id": "20658290",
            "crash_date": "2025-02-07",
            "severity": "B_NonIncapacitatingInjury",
            "persons_involved": 1
          }
        ],
        "fatal_crashes": 0,
        "injury_crashes": 1,
        "property_damage_crashes": 3
      },
      "geometry": {
        "type": "Point",
        "coordinates": [
          -97.77464406,
          32.658916995
        ]
      }
    },
    {
      "type": "Feature",
      "properties": {
        "intersection_id": "846bf218-6e01-4d6b-aa06-3eff92bd14cf",
        "risk_score": 0.2775,
        "risk_level": "Low",
        "risk_level_numeric": 2,
        "crash_count": 4,
        "latitude": 32.7456195425,
        "longitude": -97.7819100925,
        "intersecting_roads": [],
        "recent_crashes": [
          {
            "crash_id": "20930195",
            "crash_date": "2025-07-23",
            "severity": "B_NonIncapacitatingInjury",
            "persons_involved": 4
          },
          {
            "crash_id": "20874639",
            "crash_date": "2025-06-17",
            "severity": "O_NoInjury",
            "persons_involved": 0
          },
          {
            "crash_id": "20790941",
            "crash_date": "2025-05-02",
            "severity": "O_NoInjury",
            "persons_involved": 0
          },
          {
            "crash_id": "20704510",
            "crash_date": "2025-03-14",
            "severity": "O_NoInjury",
            "persons_involved": 0
          }
        ],
        "fatal_crashes": 0,
        "injury_crashes": 1,
        "property_damage_crashes": 3
      },
      "geometry": {
        "type": "Point",
        "coordinates": [
          -97.7819100925,
          32.7456195425
        ]
      }
    },
    {
      "type": "Feature",
      "properties": {
        "intersection_id": "479affc8-3206-47df-bcce-60fb62cdf628",
        "risk_score": 0.27666666666666667,
        "risk_level": "Low",
        "risk_level_numeric": 2,
        "crash_count": 3,
        "latitude": 32.72780804,
        "longitude": -97.8157553033333,
        "intersecting_roads": [],
        "recent_crashes": [
          {
            "crash_id": "20918707",
            "crash_date": "2025-07-18",
            "severity": "B_NonIncapacitatingInjury",
            "persons_involved": 5
          },
          {
            "crash_id": "20680553",
            "crash_date": "2025-02-28",
            "severity": "O_NoInjury",
            "persons_involved": 0
          },
          {
            "crash_id": "20600675",
            "crash_date": "2025-01-09",
            "severity": "O_NoInjury",
            "persons_involved": 1
          }
        ],
        "fatal_crashes": 0,
        "injury_crashes": 1,
        "property_damage_crashes": 2
      },
      "geometry": {
        "type": "Point",
        "coordinates": [
          -97.8157553033333,
          32.72780804
        ]
      }
    },
    {
      "type": "Feature",
      "properties": {
        "intersection_id": "b2ae6182-e72f-4124-a1af-9906b2bcb1eb",
        "risk_score": 0.27666666666666667,
        "risk_level": "Low",
        "risk_level_numeric": 2,
        "crash_count": 3,
        "latitude": 32.7311242333333,
        "longitude": -97.79072114,
        "intersecting_roads": [],
        "recent_crashes": [
          {
            "crash_id": "20940661",
            "crash_date": "2025-08-01",
            "severity": "O_NoInjury",
            "persons_involved": 0
          },
          {
            "crash_id": "20885964",
            "crash_date": "2025-06-29",
            "severity": "B_NonIncapacitatingInjury",
            "persons_involved": 1
          },
          {
            "crash_id": "20625253",
            "crash_date": "2025-01-22",
            "severity": "O_NoInjury",
            "persons_involved": 0
          }
        ],
        "fatal_crashes": 0,
        "injury_crashes": 1,
        "property_damage_crashes": 2
      },
      "geometry": {
        "type": "Point",
        "coordinates": [
          -97.79072114,
          32.7311242333333
        ]
      }
    },
    {
      "type": "Feature",
      "properties": {
        "intersection_id": "e6a95952-9ecf-42a7-b318-df095af2c82c",
        "risk_score": 0.27666666666666667,
        "risk_level": "Low",
        "risk_level_numeric": 2,
        "crash_count": 3,
        "latitude": 32.9123572733333,
        "longitude": -97.9791013233334,
        "intersecting_roads": [],
        "recent_crashes": [
          {
            "crash_id": "20649263",
            "crash_date": "2025-02-05",
            "severity": "O_NoInjury",
            "persons_involved": 1
          },
          {
            "crash_id": "20632227",
            "crash_date": "2025-01-29",
            "severity": "B_NonIncapacitatingInjury",
            "persons_involved": 0
          },
          {
            "crash_id": "20643331",
            "crash_date": "2025-01-29",
            "severity": "O_NoInjury",
            "persons_involved": 0
          }
        ],
        "fatal_crashes": 0,
        "injury_crashes": 1,
        "property_damage_crashes": 2
      },
      "geometry": {
        "type": "Point",
        "coordinates": [
          -97.9791013233334,
          32.9123572733333
        ]
      }
    },
    {
      "type": "Feature",
      "properties": {
        "intersection_id": "88771cab-00b1-4930-9ac9-c8bffa5b9233",
        "risk_score": 0.27666666666666667,
        "risk_level": "Low",
        "risk_level_numeric": 2,
        "crash_count": 3,
        "latitude": 32.75691635,
        "longitude": -97.7421036966666,
        "intersecting_roads": [],
        "recent_crashes": [
          {
            "crash_id": "20669416",
            "crash_date": "2025-02-20",
            "severity": "B_NonIncapacitatingInjury",
            "persons_involved": 0
          },
          {
            "crash_id": "20636375",
            "crash_date": "2025-01-30",
            "severity": "O_NoInjury",
            "persons_involved": 1
          },
          {
            "crash_id": "20632671",
            "crash_date": "2025-01-26",
            "severity": "O_NoInjury",
            "persons_involved": 0
          }
        ],
        "fatal_crashes": 0,
        "injury_crashes": 1,
        "property_damage_crashes": 2
      },
      "geometry": {
        "type": "Point",
        "coordinates": [
          -97.7421036966666,
          32.75691635
        ]
      }
    },
    {
      "type": "Feature",
      "properties": {
        "intersection_id": "434dee7e-b63d-4522-a124-aba9533de494",
        "risk_score": 0.27666666666666667,
        "risk_level": "Low",
        "risk_level_numeric": 2,
        "crash_count": 3,
        "latitude": 32.73506139,
        "longitude": -97.8613542033333,
        "intersecting_roads": [],
        "recent_crashes": [
          {
            "crash_id": "20931677",
            "crash_date": "2025-07-23",
            "severity": "O_NoInjury",
            "persons_involved": 0
          },
          {
            "crash_id": "20870478",
            "crash_date": "2025-06-19",
            "severity": "O_NoInjury",
            "persons_involved": 0
          },
          {
            "crash_id": "20661208",
            "crash_date": "2025-02-12",
            "severity": "B_NonIncapacitatingInjury",
            "persons_involved": 0
          }
        ],
        "fatal_crashes": 0,
        "injury_crashes": 1,
        "property_damage_crashes": 2
      },
      "geometry": {
        "type": "Point",
        "coordinates": [
          -97.8613542033333,
          32.73506139
        ]
      }
    },
    {
      "type": "Feature",
      "properties": {
        "intersection_id": "054e5c4a-0cbc-4161-ad78-5ab30802d271",
        "risk_score": 0.27666666666666667,
        "risk_level": "Low",
        "risk_level_numeric": 2,
        "crash_count": 3,
        "latitude": 32.74789912,
        "longitude": -97.7975480766666,
        "intersecting_roads": [],
        "recent_crashes": [
          {
            "crash_id": "20922652",
            "crash_date": "2025-07-22",
            "severity": "B_NonIncapacitatingInjury",
            "persons_involved": 0
          },
          {
            "crash_id": "20704511",
            "crash_date": "2025-03-16",
            "severity": "O_NoInjury",
            "persons_involved": 1
          },
          {
            "crash_id": "20680555",
            "crash_date": "2025-03-02",
            "severity": "O_NoInjury",
            "persons_involved": 0
          }
        ],
        "fatal_crashes": 0,
        "injury_crashes": 1,
        "property_damage_crashes": 2
      },
      "geometry": {
        "type": "Point",
        "coordinates": [
          -97.7975480766666,
          32.74789912
        ]
      }
    },
    {
      "type": "Feature",
      "properties": {
        "intersection_id": "1bf718f2-82e8-466e-89f7-786253876465",
        "risk_score": 0.27666666666666667,
        "risk_level": "Low",
        "risk_level_numeric": 2,
        "crash_count": 3,
        "latitude": 32.7468263266667,
        "longitude": -97.6724723433333,
        "intersecting_roads": [],
        "recent_crashes": [
          {
            "crash_id": "20768437",
            "crash_date": "2025-04-21",
            "severity": "O_NoInjury",
            "persons_involved": 1
          },
          {
            "crash_id": "20690765",
            "crash_date": "2025-03-07",
            "severity": "O_NoInjury",
            "persons_involved": 3
          },
          {
            "crash_id": "20684023",
            "crash_date": "2025-03-04",
            "severity": "B_NonIncapacitatingInjury",
            "persons_involved": 3
          }
        ],
        "fatal_crashes": 0,
        "injury_crashes": 1,
        "property_damage_crashes": 2
      },
      "geometry": {
        "type": "Point",
        "coordinates": [
          -97.6724723433333,
          32.7468263266667
        ]
      }
    },
    {
      "type": "Feature",
      "properties": {
        "intersection_id": "85eb6ac7-61dd-46f3-a4ec-fdc5900249f8",
        "risk_score": 0.27666666666666667,
        "risk_level": "Low",
        "risk_level_numeric": 2,
        "crash_count": 3,
        "latitude": 32.7467478833333,
        "longitude": -97.7341985233333,
        "intersecting_roads": [],
        "recent_crashes": [
          {
            "crash_id": "20803238",
            "crash_date": "2025-05-09",
            "severity": "O_NoInjury",
            "persons_involved": 0
          },
          {
            "crash_id": "20742062",
            "crash_date": "2025-04-03",
            "severity": "O_NoInjury",
            "persons_involved": 0
          },
          {
            "crash_id": "20731926",
            "crash_date": "2025-03-31",
            "severity": "B_NonIncapacitatingInjury",
            "persons_involved": 1
          }
        ],
        "fatal_crashes": 0,
        "injury_crashes": 1,
        "property_damage_crashes": 2
      },
      "geometry": {
        "type": "Point",
        "coordinates": [
          -97.7341985233333,
          32.7467478833333
        ]
      }
    },
    {
      "type": "Feature",
      "properties": {
        "intersection_id": "5a8cc0aa-e1cb-468c-b3a9-9342df190f53",
        "risk_score": 0.27666666666666667,
        "risk_level": "Low",
        "risk_level_numeric": 2,
        "crash_count": 3,
        "latitude": 32.7204731566667,
        "longitude": -97.79780487,
        "intersecting_roads": [],
        "recent_crashes": [
          {
            "crash_id": "20859214",
            "crash_date": "2025-06-12",
            "severity": "O_NoInjury",
            "persons_involved": 0
          },
          {
            "crash_id": "20795927",
            "crash_date": "2025-05-06",
            "severity": "O_NoInjury",
            "persons_involved": 0
          },
          {
            "crash_id": "20754539",
            "crash_date": "2025-04-12",
            "severity": "B_NonIncapacitatingInjury",
            "persons_involved": 3
          }
        ],
        "fatal_crashes": 0,
        "injury_crashes": 1,
        "property_damage_crashes": 2
      },
      "geometry": {
        "type": "Point",
        "coordinates": [
          -97.79780487,
          32.7204731566667
        ]
      }
    },
    {
      "type": "Feature",
      "properties": {
        "intersection_id": "9fd5cbe7-02fd-4c35-bbdb-6d6e6b026cb0",
        "risk_score": 0.27666666666666667,
        "risk_level": "Low",
        "risk_level_numeric": 2,
        "crash_count": 3,
        "latitude": 32.7589807866667,
        "longitude": -97.79929659,
        "intersecting_roads": [],
        "recent_crashes": [
          {
            "crash_id": "20870812",
            "crash_date": "2025-06-18",
            "severity": "O_NoInjury",
            "persons_involved": 0
          },
          {
            "crash_id": "20863357",
            "crash_date": "2025-06-13",
            "severity": "B_NonIncapacitatingInjury",
            "persons_involved": 1
          },
          {
            "crash_id": "20774318",
            "crash_date": "2025-04-24",
            "severity": "O_NoInjury",
            "persons_involved": 0
          }
        ],
        "fatal_crashes": 0,
        "injury_crashes": 1,
        "property_damage_crashes": 2
      },
      "geometry": {
        "type": "Point",
        "coordinates": [
          -97.79929659,
          32.7589807866667
        ]
      }
    },
    {
      "type": "Feature",
      "properties": {
        "intersection_id": "0409b7b2-fc5c-4260-a0d3-d5de65ef2725",
        "risk_score": 0.25,
        "risk_level": "Low",
        "risk_level_numeric": 2,
        "crash_count": 6,
        "latitude": 32.7270247183333,
        "longitude": -97.80768849,
        "intersecting_roads": [],
        "recent_crashes": [
          {
            "crash_id": "20854196",
            "crash_date": "2025-06-07",
            "severity": "O_NoInjury",
            "persons_involved": 0
          },
          {
            "crash_id": "20797579",
            "crash_date": "2025-05-07",
            "severity": "O_NoInjury",
            "persons_involved": 1
          },
          {
            "crash_id": "20697455",
            "crash_date": "2025-03-11",
            "severity": "O_NoInjury",
            "persons_involved": 1
          },
          {
            "crash_id": "20697453",
            "crash_date": "2025-03-11",
            "severity": "O_NoInjury",
            "persons_involved": 3
          },
          {
            "crash_id": "20653148",
            "crash_date": "2025-02-12",
            "severity": "O_NoInjury",
            "persons_involved": 0
          },
          {
            "crash_id": "20593002",
            "crash_date": "2025-01-03",
            "severity": "O_NoInjury",
            "persons_involved": 1
          }
        ],
        "fatal_crashes": 0,
        "injury_crashes": 0,
        "property_damage_crashes": 6
      },
      "geometry": {
        "type": "Point",
        "coordinates": [
          -97.80768849,
          32.7270247183333
        ]
      }
    },
    {
      "type": "Feature",
      "properties": {
        "intersection_id": "20e837fb-9616-436d-b840-65a626abc884",
        "risk_score": 0.25,
        "risk_level": "Low",
        "risk_level_numeric": 2,
        "crash_count": 6,
        "latitude": 32.74243697,
        "longitude": -97.7975756433333,
        "intersecting_roads": [],
        "recent_crashes": [
          {
            "crash_id": "20820244",
            "crash_date": "2025-05-20",
            "severity": "O_NoInjury",
            "persons_involved": 2
          },
          {
            "crash_id": "20820245",
            "crash_date": "2025-05-19",
            "severity": "O_NoInjury",
            "persons_involved": 0
          },
          {
            "crash_id": "20790939",
            "crash_date": "2025-05-02",
            "severity": "O_NoInjury",
            "persons_involved": 0
          },
          {
            "crash_id": "20750529",
            "crash_date": "2025-04-10",
            "severity": "O_NoInjury",
            "persons_involved": 0
          },
          {
            "crash_id": "20651237",
            "crash_date": "2025-02-10",
            "severity": "O_NoInjury",
            "persons_involved": 1
          },
          {
            "crash_id": "20607865",
            "crash_date": "2025-01-13",
            "severity": "O_NoInjury",
            "persons_involved": 0
          }
        ],
        "fatal_crashes": 0,
        "injury_crashes": 0,
        "property_damage_crashes": 6
      },
      "geometry": {
        "type": "Point",
        "coordinates": [
          -97.7975756433333,
          32.74243697
        ]
      }
    },
    {
      "type": "Feature",
      "properties": {
        "intersection_id": "4ece2b70-bdc0-43ac-ad20-69b1b164c503",
        "risk_score": 0.235,
        "risk_level": "Low",
        "risk_level_numeric": 2,
        "crash_count": 2,
        "latitude": 32.751970535,
        "longitude": -97.714773995,
        "intersecting_roads": [],
        "recent_crashes": [
          {
            "crash_id": "20649293",
            "crash_date": "2025-01-30",
            "severity": "O_NoInjury",
            "persons_involved": 0
          },
          {
            "crash_id": "20609865",
            "crash_date": "2025-01-02",
            "severity": "C_PossibleInjury",
            "persons_involved": 4
          }
        ],
        "fatal_crashes": 0,
        "injury_crashes": 1,
        "property_damage_crashes": 1
      },
      "geometry": {
        "type": "Point",
        "coordinates": [
          -97.714773995,
          32.751970535
        ]
      }
    },
    {
      "type": "Feature",
      "properties": {
        "intersection_id": "2e39bf91-a761-45a8-9caf-5bd6f8bb8c95",
        "risk_score": 0.22,
        "risk_level": "Low",
        "risk_level_numeric": 2,
        "crash_count": 5,
        "latitude": 32.920349004,
        "longitude": -97.599636824,
        "intersecting_roads": [],
        "recent_crashes": [
          {
            "crash_id": "20888363",
            "crash_date": "2025-06-16",
            "severity": "O_NoInjury",
            "persons_involved": 2
          },
          {
            "crash_id": "20885882",
            "crash_date": "2025-06-06",
            "severity": "O_NoInjury",
            "persons_involved": 0
          },
          {
            "crash_id": "20857018",
            "crash_date": "2025-06-05",
            "severity": "O_NoInjury",
            "persons_involved": 0
          },
          {
            "crash_id": "20658265",
            "crash_date": "2025-02-11",
            "severity": "O_NoInjury",
            "persons_involved": 1
          },
          {
            "crash_id": "20612933",
            "crash_date": "2025-01-09",
            "severity": "O_NoInjury",
            "persons_involved": 0
          }
        ],
        "fatal_crashes": 0,
        "injury_crashes": 0,
        "property_damage_crashes": 5
      },
      "geometry": {
        "type": "Point",
        "coordinates": [
          -97.599636824,
          32.920349004
        ]
      }
    },
    {
      "type": "Feature",
      "properties": {
        "intersection_id": "d3d1e82e-9915-4021-ac63-f1449e15dce9",
        "risk_score": 0.22,
        "risk_level": "Low",
        "risk_level_numeric": 2,
        "crash_count": 5,
        "latitude": 32.74093389,
        "longitude": -97.79767768,
        "intersecting_roads": [],
        "recent_crashes": [
          {
            "crash_id": "20958330",
            "crash_date": "2025-08-05",
            "severity": "O_NoInjury",
            "persons_involved": 1
          },
          {
            "crash_id": "20815839",
            "crash_date": "2025-05-18",
            "severity": "O_NoInjury",
            "persons_involved": 3
          },
          {
            "crash_id": "20766679",
            "crash_date": "2025-04-16",
            "severity": "O_NoInjury",
            "persons_involved": 0
          },
          {
            "crash_id": "20669422",
            "crash_date": "2025-02-23",
            "severity": "O_NoInjury",
            "persons_involved": 2
          },
          {
            "crash_id": "20627172",
            "crash_date": "2025-01-27",
            "severity": "O_NoInjury",
            "persons_involved": 6
          }
        ],
        "fatal_crashes": 0,
        "injury_crashes": 0,
        "property_damage_crashes": 5
      },
      "geometry": {
        "type": "Point",
        "coordinates": [
          -97.79767768,
          32.74093389
        ]
      }
    },
    {
      "type": "Feature",
      "properties": {
        "intersection_id": "2e76c642-c661-480b-ab60-9184d8a617d8",
        "risk_score": 0.22,
        "risk_level": "Low",
        "risk_level_numeric": 2,
        "crash_count": 5,
        "latitude": 32.758737714,
        "longitude": -97.778336592,
        "intersecting_roads": [],
        "recent_crashes": [
          {
            "crash_id": "20896311",
            "crash_date": "2025-07-04",
            "severity": "O_NoInjury",
            "persons_involved": 0
          },
          {
            "crash_id": "20882221",
            "crash_date": "2025-06-25",
            "severity": "O_NoInjury",
            "persons_involved": 1
          },
          {
            "crash_id": "20734059",
            "crash_date": "2025-04-01",
            "severity": "O_NoInjury",
            "persons_involved": 0
          },
          {
            "crash_id": "20653145",
            "crash_date": "2025-02-12",
            "severity": "O_NoInjury",
            "persons_involved": 0
          },
          {
            "crash_id": "20630726",
            "crash_date": "2025-01-29",
            "severity": "O_NoInjury",
            "persons_involved": 0
          }
        ],
        "fatal_crashes": 0,
        "injury_crashes": 0,
        "property_damage_crashes": 5
      },
      "geometry": {
        "type": "Point",
        "coordinates": [
          -97.778336592,
          32.758737714
        ]
      }
    },
    {
      "type": "Feature",
      "properties": {
        "intersection_id": "f89625aa-647c-4456-a32b-2479658d4b75",
        "risk_score": 0.22,
        "risk_level": "Low",
        "risk_level_numeric": 2,
        "crash_count": 5,
        "latitude": 32.733038724,
        "longitude": -97.792782142,
        "intersecting_roads": [],
        "recent_crashes": [
          {
            "crash_id": "20958333",
            "crash_date": "2025-08-13",
            "severity": "O_NoInjury",
            "persons_involved": 2
          },
          {
            "crash_id": "20885956",
            "crash_date": "2025-06-28",
            "severity": "O_NoInjury",
            "persons_involved": 1
          },
          {
            "crash_id": "20852181",
            "crash_date": "2025-06-06",
            "severity": "O_NoInjury",
            "persons_involved": 1
          },
          {
            "crash_id": "20669425",
            "crash_date": "2025-02-23",
            "severity": "O_NoInjury",
            "persons_involved": 0
          },
          {
            "crash_id": "20665773",
            "crash_date": "2025-02-20",
            "severity": "O_NoInjury",
            "persons_involved": 2
          }
        ],
        "fatal_crashes": 0,
        "injury_crashes": 0,
        "property_damage_crashes": 5
      },
      "geometry": {
        "type": "Point",
        "coordinates": [
          -97.792782142,
          32.733038724
        ]
      }
    },
    {
      "type": "Feature",
      "properties": {
        "intersection_id": "a294c7b1-d072-4138-8403-f5ab076d2bab",
        "risk_score": 0.22,
        "risk_level": "Low",
        "risk_level_numeric": 2,
        "crash_count": 5,
        "latitude": 32.96323522,
        "longitude": -97.683944926,
        "intersecting_roads": [],
        "recent_crashes": [
          {
            "crash_id": "20943866",
            "crash_date": "2025-07-15",
            "severity": "O_NoInjury",
            "persons_involved": 1
          },
          {
            "crash_id": "20863050",
            "crash_date": "2025-06-05",
            "severity": "O_NoInjury",
            "persons_involved": 0
          },
          {
            "crash_id": "20832293",
            "crash_date": "2025-05-27",
            "severity": "O_NoInjury",
            "persons_involved": 0
          },
          {
            "crash_id": "20801103",
            "crash_date": "2025-05-07",
            "severity": "O_NoInjury",
            "persons_involved": 0
          },
          {
            "crash_id": "20787814",
            "crash_date": "2025-04-24",
            "severity": "O_NoInjury",
            "persons_involved": 0
          }
        ],
        "fatal_crashes": 0,
        "injury_crashes": 0,
        "property_damage_crashes": 5
      },
      "geometry": {
        "type": "Point",
        "coordinates": [
          -97.683944926,
          32.96323522
        ]
      }
    },
    {
      "type": "Feature",
      "properties": {
        "intersection_id": "484fa60a-a795-4f1c-8402-8b264f5aa3d1",
        "risk_score": 0.19,
        "risk_level": "VeryLow",
        "risk_level_numeric": 1,
        "crash_count": 4,
        "latitude": 32.7420143375,
        "longitude": -97.7497515675,
        "intersecting_roads": [],
        "recent_crashes": [
          {
            "crash_id": "20954341",
            "crash_date": "2025-08-07",
            "severity": "O_NoInjury",
            "persons_involved": 0
          },
          {
            "crash_id": "20721281",
            "crash_date": "2025-03-24",
            "severity": "O_NoInjury",
            "persons_involved": 0
          },
          {
            "crash_id": "20712980",
            "crash_date": "2025-03-17",
            "severity": "O_NoInjury",
            "persons_involved": 1
          },
          {
            "crash_id": "20588554",
            "crash_date": "2025-01-02",
            "severity": "O_NoInjury",
            "persons_involved": 0
          }
        ],
        "fatal_crashes": 0,
        "injury_crashes": 0,
        "property_damage_crashes": 4
      },
      "geometry": {
        "type": "Point",
        "coordinates": [
          -97.7497515675,
          32.7420143375
        ]
      }
    },
    {
      "type": "Feature",
      "properties": {
        "intersection_id": "7bcca563-ba40-4abe-95f8-98d5b01182fa",
        "risk_score": 0.19,
        "risk_level": "VeryLow",
        "risk_level_numeric": 1,
        "crash_count": 4,
        "latitude": 32.74824746,
        "longitude": -97.7287001175,
        "intersecting_roads": [],
        "recent_crashes": [
          {
            "crash_id": "20841531",
            "crash_date": "2025-06-02",
            "severity": "O_NoInjury",
            "persons_involved": 1
          },
          {
            "crash_id": "20807896",
            "crash_date": "2025-05-13",
            "severity": "O_NoInjury",
            "persons_involved": 1
          },
          {
            "crash_id": "20754523",
            "crash_date": "2025-04-07",
            "severity": "O_NoInjury",
            "persons_involved": 0
          },
          {
            "crash_id": "20621651",
            "crash_date": "2025-01-23",
            "severity": "O_NoInjury",
            "persons_involved": 0
          }
        ],
        "fatal_crashes": 0,
        "injury_crashes": 0,
        "property_damage_crashes": 4
      },
      "geometry": {
        "type": "Point",
        "coordinates": [
          -97.7287001175,
          32.74824746
        ]
      }
    },
    {
      "type": "Feature",
      "properties": {
        "intersection_id": "40bc6198-cd9d-4321-9285-588de8a4bb6b",
        "risk_score": 0.19,
        "risk_level": "VeryLow",
        "risk_level_numeric": 1,
        "crash_count": 4,
        "latitude": 32.7397959225,
        "longitude": -97.7782575225,
        "intersecting_roads": [],
        "recent_crashes": [
          {
            "crash_id": "20891512",
            "crash_date": "2025-07-02",
            "severity": "O_NoInjury",
            "persons_involved": 2
          },
          {
            "crash_id": "20855694",
            "crash_date": "2025-06-06",
            "severity": "O_NoInjury",
            "persons_involved": 1
          },
          {
            "crash_id": "20807897",
            "crash_date": "2025-05-13",
            "severity": "O_NoInjury",
            "persons_involved": 0
          },
          {
            "crash_id": "20676719",
            "crash_date": "2025-02-27",
            "severity": "O_NoInjury",
            "persons_involved": 1
          }
        ],
        "fatal_crashes": 0,
        "injury_crashes": 0,
        "property_damage_crashes": 4
      },
      "geometry": {
        "type": "Point",
        "coordinates": [
          -97.7782575225,
          32.7397959225
        ]
      }
    },
    {
      "type": "Feature",
      "properties": {
        "intersection_id": "ee95bc0b-651c-4ce2-baa7-daa057275c52",
        "risk_score": 0.19,
        "risk_level": "VeryLow",
        "risk_level_numeric": 1,
        "crash_count": 4,
        "latitude": 32.7252536,
        "longitude": -97.7869692025,
        "intersecting_roads": [],
        "recent_crashes": [
          {
            "crash_id": "20929566",
            "crash_date": "2025-07-26",
            "severity": "O_NoInjury",
            "persons_involved": 2
          },
          {
            "crash_id": "20907276",
            "crash_date": "2025-07-09",
            "severity": "O_NoInjury",
            "persons_involved": 3
          },
          {
            "crash_id": "20885961",
            "crash_date": "2025-06-25",
            "severity": "O_NoInjury",
            "persons_involved": 1
          },
          {
            "crash_id": "20693113",
            "crash_date": "2025-03-07",
            "severity": "O_NoInjury",
            "persons_involved": 0
          }
        ],
        "fatal_crashes": 0,
        "injury_crashes": 0,
        "property_damage_crashes": 4
      },
      "geometry": {
        "type": "Point",
        "coordinates": [
          -97.7869692025,
          32.7252536
        ]
      }
    },
    {
      "type": "Feature",
      "properties": {
        "intersection_id": "880eaf30-b926-4c0c-a370-fedcba06ac9b",
        "risk_score": 0.19,
        "risk_level": "VeryLow",
        "risk_level_numeric": 1,
        "crash_count": 4,
        "latitude": 32.963962125,
        "longitude": -97.68690873,
        "intersecting_roads": [],
        "recent_crashes": [
          {
            "crash_id": "20900265",
            "crash_date": "2025-07-02",
            "severity": "O_NoInjury",
            "persons_involved": 1
          },
          {
            "crash_id": "20900429",
            "crash_date": "2025-07-02",
            "severity": "O_NoInjury",
            "persons_involved": 0
          },
          {
            "crash_id": "20824664",
            "crash_date": "2025-05-23",
            "severity": "O_NoInjury",
            "persons_involved": 0
          },
          {
            "crash_id": "20744640",
            "crash_date": "2025-04-08",
            "severity": "O_NoInjury",
            "persons_involved": 1
          }
        ],
        "fatal_crashes": 0,
        "injury_crashes": 0,
        "property_damage_crashes": 4
      },
      "geometry": {
        "type": "Point",
        "coordinates": [
          -97.68690873,
          32.963962125
        ]
      }
    },
    {
      "type": "Feature",
      "properties": {
        "intersection_id": "3291ecf3-d83e-4de6-af82-2f83a759be7a",
        "risk_score": 0.16,
        "risk_level": "VeryLow",
        "risk_level_numeric": 1,
        "crash_count": 3,
        "latitude": 32.89784049,
        "longitude": -97.5477084933333,
        "intersecting_roads": [],
        "recent_crashes": [
          {
            "crash_id": "20892909",
            "crash_date": "2025-06-27",
            "severity": "O_NoInjury",
            "persons_involved": 2
          },
          {
            "crash_id": "20634486",
            "crash_date": "2025-01-23",
            "severity": "O_NoInjury",
            "persons_involved": 0
          },
          {
            "crash_id": "20590166",
            "crash_date": "2025-01-03",
            "severity": "O_NoInjury",
            "persons_involved": 1
          }
        ],
        "fatal_crashes": 0,
        "injury_crashes": 0,
        "property_damage_crashes": 3
      },
      "geometry": {
        "type": "Point",
        "coordinates": [
          -97.5477084933333,
          32.89784049
        ]
      }
    },
    {
      "type": "Feature",
      "properties": {
        "intersection_id": "9cca5ce3-cb50-4c31-aa1d-dfff9c04191e",
        "risk_score": 0.16,
        "risk_level": "VeryLow",
        "risk_level_numeric": 1,
        "crash_count": 3,
        "latitude": 32.7881912033333,
        "longitude": -97.7950260266667,
        "intersecting_roads": [],
        "recent_crashes": [
          {
            "crash_id": "20716773",
            "crash_date": "2025-03-21",
            "severity": "O_NoInjury",
            "persons_involved": 0
          },
          {
            "crash_id": "20624628",
            "crash_date": "2025-01-25",
            "severity": "O_NoInjury",
            "persons_involved": 0
          },
          {
            "crash_id": "20597917",
            "crash_date": "2025-01-05",
            "severity": "O_NoInjury",
            "persons_involved": 1
          }
        ],
        "fatal_crashes": 0,
        "injury_crashes": 0,
        "property_damage_crashes": 3
      },
      "geometry": {
        "type": "Point",
        "coordinates": [
          -97.7950260266667,
          32.7881912033333
        ]
      }
    },
    {
      "type": "Feature",
      "properties": {
        "intersection_id": "04591865-c17f-43a6-bea0-fd2a75eca8fb",
        "risk_score": 0.16,
        "risk_level": "VeryLow",
        "risk_level_numeric": 1,
        "crash_count": 3,
        "latitude": 32.7297509533333,
        "longitude": -97.7906455666667,
        "intersecting_roads": [],
        "recent_crashes": [
          {
            "crash_id": "20954343",
            "crash_date": "2025-08-11",
            "severity": "O_NoInjury",
            "persons_involved": 0
          },
          {
            "crash_id": "20889891",
            "crash_date": "2025-06-30",
            "severity": "O_NoInjury",
            "persons_involved": 2
          },
          {
            "crash_id": "20609565",
            "crash_date": "2025-01-15",
            "severity": "O_NoInjury",
            "persons_involved": 1
          }
        ],
        "fatal_crashes": 0,
        "injury_crashes": 0,
        "property_damage_crashes": 3
      },
      "geometry": {
        "type": "Point",
        "coordinates": [
          -97.7906455666667,
          32.7297509533333
        ]
      }
    },
    {
      "type": "Feature",
      "properties": {
        "intersection_id": "10f7af51-1a2c-4e04-b6f4-a50583c5ac19",
        "risk_score": 0.16,
        "risk_level": "VeryLow",
        "risk_level_numeric": 1,
        "crash_count": 3,
        "latitude": 32.9936799766667,
        "longitude": -97.8227119,
        "intersecting_roads": [],
        "recent_crashes": [
          {
            "crash_id": "20833002",
            "crash_date": "2025-05-20",
            "severity": "O_NoInjury",
            "persons_involved": 4
          },
          {
            "crash_id": "20774334",
            "crash_date": "2025-04-10",
            "severity": "O_NoInjury",
            "persons_involved": 1
          },
          {
            "crash_id": "20613943",
            "crash_date": "2025-01-18",
            "severity": "O_NoInjury",
            "persons_involved": 2
          }
        ],
        "fatal_crashes": 0,
        "injury_crashes": 0,
        "property_damage_crashes": 3
      },
      "geometry": {
        "type": "Point",
        "coordinates": [
          -97.8227119,
          32.9936799766667
        ]
      }
    },
    {
      "type": "Feature",
      "properties": {
        "intersection_id": "322daa97-f28b-4d58-a134-ce485254fe05",
        "risk_score": 0.16,
        "risk_level": "VeryLow",
        "risk_level_numeric": 1,
        "crash_count": 3,
        "latitude": 32.7423328666667,
        "longitude": -97.78321232,
        "intersecting_roads": [],
        "recent_crashes": [
          {
            "crash_id": "20899911",
            "crash_date": "2025-07-08",
            "severity": "O_NoInjury",
            "persons_involved": 0
          },
          {
            "crash_id": "20790940",
            "crash_date": "2025-05-02",
            "severity": "O_NoInjury",
            "persons_involved": 0
          },
          {
            "crash_id": "20630730",
            "crash_date": "2025-01-29",
            "severity": "O_NoInjury",
            "persons_involved": 5
          }
        ],
        "fatal_crashes": 0,
        "injury_crashes": 0,
        "property_damage_crashes": 3
      },
      "geometry": {
        "type": "Point",
        "coordinates": [
          -97.78321232,
          32.7423328666667
        ]
      }
    },
    {
      "type": "Feature",
      "properties": {
        "intersection_id": "e50b0394-5d94-4e8c-bb81-f057b23280bb",
        "risk_score": 0.16,
        "risk_level": "VeryLow",
        "risk_level_numeric": 1,
        "crash_count": 3,
        "latitude": 32.9647102933333,
        "longitude": -97.6835377866666,
        "intersecting_roads": [],
        "recent_crashes": [
          {
            "crash_id": "20801109",
            "crash_date": "2025-05-10",
            "severity": "O_NoInjury",
            "persons_involved": 0
          },
          {
            "crash_id": "20663404",
            "crash_date": "2025-02-11",
            "severity": "O_NoInjury",
            "persons_involved": 0
          },
          {
            "crash_id": "20644228",
            "crash_date": "2025-01-20",
            "severity": "O_NoInjury",
            "persons_involved": 0
          }
        ],
        "fatal_crashes": 0,
        "injury_crashes": 0,
        "property_damage_crashes": 3
      },
      "geometry": {
        "type": "Point",
        "coordinates": [
          -97.6835377866666,
          32.9647102933333
        ]
      }
    },
    {
      "type": "Feature",
      "properties": {
        "intersection_id": "ceb58608-766c-45ee-ac08-10a809617cd5",
        "risk_score": 0.16,
        "risk_level": "VeryLow",
        "risk_level_numeric": 1,
        "crash_count": 3,
        "latitude": 32.7344633666667,
        "longitude": -97.63295513,
        "intersecting_roads": [],
        "recent_crashes": [
          {
            "crash_id": "20757091",
            "crash_date": "2025-04-10",
            "severity": "O_NoInjury",
            "persons_involved": 0
          },
          {
            "crash_id": "20745978",
            "crash_date": "2025-04-08",
            "severity": "O_NoInjury",
            "persons_involved": 1
          },
          {
            "crash_id": "20645010",
            "crash_date": "2025-02-07",
            "severity": "O_NoInjury",
            "persons_involved": 2
          }
        ],
        "fatal_crashes": 0,
        "injury_crashes": 0,
        "property_damage_crashes": 3
      },
      "geometry": {
        "type": "Point",
        "coordinates": [
          -97.63295513,
          32.7344633666667
        ]
      }
    },
    {
      "type": "Feature",
      "properties": {
        "intersection_id": "b518242f-0f63-4a48-99c1-16d03adae80d",
        "risk_score": 0.16,
        "risk_level": "VeryLow",
        "risk_level_numeric": 1,
        "crash_count": 3,
        "latitude": 32.7640415066667,
        "longitude": -97.7953724466666,
        "intersecting_roads": [],
        "recent_crashes": [
          {
            "crash_id": "20896323",
            "crash_date": "2025-07-06",
            "severity": "O_NoInjury",
            "persons_involved": 0
          },
          {
            "crash_id": "20859213",
            "crash_date": "2025-06-11",
            "severity": "O_NoInjury",
            "persons_involved": 0
          },
          {
            "crash_id": "20669424",
            "crash_date": "2025-02-23",
            "severity": "O_NoInjury",
            "persons_involved": 0
          }
        ],
        "fatal_crashes": 0,
        "injury_crashes": 0,
        "property_damage_crashes": 3
      },
      "geometry": {
        "type": "Point",
        "coordinates": [
          -97.7953724466666,
          32.7640415066667
        ]
      }
    },
    {
      "type": "Feature",
      "properties": {
        "intersection_id": "c3449fe4-f166-4ea0-b351-30d7a24ae1fe",
        "risk_score": 0.16,
        "risk_level": "VeryLow",
        "risk_level_numeric": 1,
        "crash_count": 3,
        "latitude": 32.73198768,
        "longitude": -97.79146788,
        "intersecting_roads": [],
        "recent_crashes": [
          {
            "crash_id": "20885946",
            "crash_date": "2025-06-21",
            "severity": "O_NoInjury",
            "persons_involved": 3
          },
          {
            "crash_id": "20725181",
            "crash_date": "2025-03-27",
            "severity": "O_NoInjury",
            "persons_involved": 1
          },
          {
            "crash_id": "20692836",
            "crash_date": "2025-03-04",
            "severity": "O_NoInjury",
            "persons_involved": 0
          }
        ],
        "fatal_crashes": 0,
        "injury_crashes": 0,
        "property_damage_crashes": 3
      },
      "geometry": {
        "type": "Point",
        "coordinates": [
          -97.79146788,
          32.73198768
        ]
      }
    },
    {
      "type": "Feature",
      "properties": {
        "intersection_id": "632887dc-4ef6-41cf-b676-5d88580c633f",
        "risk_score": 0.16,
        "risk_level": "VeryLow",
        "risk_level_numeric": 1,
        "crash_count": 3,
        "latitude": 32.74229044,
        "longitude": -97.7821647433334,
        "intersecting_roads": [],
        "recent_crashes": [
          {
            "crash_id": "20954338",
            "crash_date": "2025-08-06",
            "severity": "O_NoInjury",
            "persons_involved": 0
          },
          {
            "crash_id": "20716775",
            "crash_date": "2025-03-21",
            "severity": "O_NoInjury",
            "persons_involved": 1
          },
          {
            "crash_id": "20697454",
            "crash_date": "2025-03-11",
            "severity": "O_NoInjury",
            "persons_involved": 1
          }
        ],
        "fatal_crashes": 0,
        "injury_crashes": 0,
        "property_damage_crashes": 3
      },
      "geometry": {
        "type": "Point",
        "coordinates": [
          -97.7821647433334,
          32.74229044
        ]
      }
    },
    {
      "type": "Feature",
      "properties": {
        "intersection_id": "35fba6d0-ef03-496f-986b-beb4a3050faf",
        "risk_score": 0.16,
        "risk_level": "VeryLow",
        "risk_level_numeric": 1,
        "crash_count": 3,
        "latitude": 32.96338921,
        "longitude": -97.68457559,
        "intersecting_roads": [],
        "recent_crashes": [
          {
            "crash_id": "20744645",
            "crash_date": "2025-04-05",
            "severity": "O_NoInjury",
            "persons_involved": 4
          },
          {
            "crash_id": "20734714",
            "crash_date": "2025-03-25",
            "severity": "O_NoInjury",
            "persons_involved": 0
          },
          {
            "crash_id": "20697943",
            "crash_date": "2025-02-21",
            "severity": "O_NoInjury",
            "persons_involved": 0
          }
        ],
        "fatal_crashes": 0,
        "injury_crashes": 0,
        "property_damage_crashes": 3
      },
      "geometry": {
        "type": "Point",
        "coordinates": [
          -97.68457559,
          32.96338921
        ]
      }
    },
    {
      "type": "Feature",
      "properties": {
        "intersection_id": "a3b57e5a-4751-4d53-a504-bfcc52b36b78",
        "risk_score": 0.16,
        "risk_level": "VeryLow",
        "risk_level_numeric": 1,
        "crash_count": 3,
        "latitude": 32.7551161666667,
        "longitude": -97.6989433033334,
        "intersecting_roads": [],
        "recent_crashes": [
          {
            "crash_id": "20884972",
            "crash_date": "2025-06-29",
            "severity": "O_NoInjury",
            "persons_involved": 0
          },
          {
            "crash_id": "20748412",
            "crash_date": "2025-04-09",
            "severity": "O_NoInjury",
            "persons_involved": 0
          },
          {
            "crash_id": "20701564",
            "crash_date": "2025-03-14",
            "severity": "O_NoInjury",
            "persons_involved": 3
          }
        ],
        "fatal_crashes": 0,
        "injury_crashes": 0,
        "property_damage_crashes": 3
      },
      "geometry": {
        "type": "Point",
        "coordinates": [
          -97.6989433033334,
          32.7551161666667
        ]
      }
    },
    {
      "type": "Feature",
      "properties": {
        "intersection_id": "c06605ef-5a05-4ac2-bcd4-d732aa2cfef1",
        "risk_score": 0.16,
        "risk_level": "VeryLow",
        "risk_level_numeric": 1,
        "crash_count": 3,
        "latitude": 32.88197529,
        "longitude": -97.57714417,
        "intersecting_roads": [],
        "recent_crashes": [
          {
            "crash_id": "20914590",
            "crash_date": "2025-07-16",
            "severity": "O_NoInjury",
            "persons_involved": 0
          },
          {
            "crash_id": "20866773",
            "crash_date": "2025-06-12",
            "severity": "O_NoInjury",
            "persons_involved": 2
          },
          {
            "crash_id": "20705776",
            "crash_date": "2025-03-17",
            "severity": "O_NoInjury",
            "persons_involved": 0
          }
        ],
        "fatal_crashes": 0,
        "injury_crashes": 0,
        "property_damage_crashes": 3
      },
      "geometry": {
        "type": "Point",
        "coordinates": [
          -97.57714417,
          32.88197529
        ]
      }
    },
    {
      "type": "Feature",
      "properties": {
        "intersection_id": "d573e34d-5374-4c04-b343-6ed82338d7a1",
        "risk_score": 0.16,
        "risk_level": "VeryLow",
        "risk_level_numeric": 1,
        "crash_count": 3,
        "latitude": 32.7906526233333,
        "longitude": -97.7935524433334,
        "intersecting_roads": [],
        "recent_crashes": [
          {
            "crash_id": "20832873",
            "crash_date": "2025-05-10",
            "severity": "O_NoInjury",
            "persons_involved": 0
          },
          {
            "crash_id": "20815991",
            "crash_date": "2025-05-05",
            "severity": "O_NoInjury",
            "persons_involved": 0
          },
          {
            "crash_id": "20758899",
            "crash_date": "2025-04-05",
            "severity": "O_NoInjury",
            "persons_involved": 0
          }
        ],
        "fatal_crashes": 0,
        "injury_crashes": 0,
        "property_damage_crashes": 3
      },
      "geometry": {
        "type": "Point",
        "coordinates": [
          -97.7935524433334,
          32.7906526233333
        ]
      }
    },
    {
      "type": "Feature",
      "properties": {
        "intersection_id": "e3867c63-3c1b-43e5-bdc0-deac18f1f306",
        "risk_score": 0.16,
        "risk_level": "VeryLow",
        "risk_level_numeric": 1,
        "crash_count": 3,
        "latitude": 32.7282062566667,
        "longitude": -97.8469081366667,
        "intersecting_roads": [],
        "recent_crashes": [
          {
            "crash_id": "20907288",
            "crash_date": "2025-07-12",
            "severity": "O_NoInjury",
            "persons_involved": 0
          },
          {
            "crash_id": "20847122",
            "crash_date": "2025-06-05",
            "severity": "O_NoInjury",
            "persons_involved": 0
          },
          {
            "crash_id": "20770515",
            "crash_date": "2025-04-17",
            "severity": "O_NoInjury",
            "persons_involved": 1
          }
        ],
        "fatal_crashes": 0,
        "injury_crashes": 0,
        "property_damage_crashes": 3
      },
      "geometry": {
        "type": "Point",
        "coordinates": [
          -97.8469081366667,
          32.7282062566667
        ]
      }
    },
    {
      "type": "Feature",
      "properties": {
        "intersection_id": "f17bdb2c-be2c-48a6-95f7-f367fca9f9b1",
        "risk_score": 0.16,
        "risk_level": "VeryLow",
        "risk_level_numeric": 1,
        "crash_count": 3,
        "latitude": 32.7393201933333,
        "longitude": -97.6498143466667,
        "intersecting_roads": [],
        "recent_crashes": [
          {
            "crash_id": "20903904",
            "crash_date": "2025-06-25",
            "severity": "O_NoInjury",
            "persons_involved": 0
          },
          {
            "crash_id": "20813841",
            "crash_date": "2025-05-17",
            "severity": "O_NoInjury",
            "persons_involved": 0
          },
          {
            "crash_id": "20774640",
            "crash_date": "2025-04-23",
            "severity": "O_NoInjury",
            "persons_involved": 1
          }
        ],
        "fatal_crashes": 0,
        "injury_crashes": 0,
        "property_damage_crashes": 3
      },
      "geometry": {
        "type": "Point",
        "coordinates": [
          -97.6498143466667,
          32.7393201933333
        ]
      }
    },
    {
      "type": "Feature",
      "properties": {
        "intersection_id": "24105384-0ac5-48e0-89da-a2b7a5edfea1",
        "risk_score": 0.16,
        "risk_level": "VeryLow",
        "risk_level_numeric": 1,
        "crash_count": 3,
        "latitude": 32.7643081266667,
        "longitude": -97.7973194466666,
        "intersecting_roads": [],
        "recent_crashes": [
          {
            "crash_id": "20958728",
            "crash_date": "2025-08-13",
            "severity": "O_NoInjury",
            "persons_involved": 0
          },
          {
            "crash_id": "20874653",
            "crash_date": "2025-06-22",
            "severity": "O_NoInjury",
            "persons_involved": 1
          },
          {
            "crash_id": "20805746",
            "crash_date": "2025-05-12",
            "severity": "O_NoInjury",
            "persons_involved": 1
          }
        ],
        "fatal_crashes": 0,
        "injury_crashes": 0,
        "property_damage_crashes": 3
      },
      "geometry": {
        "type": "Point",
        "coordinates": [
          -97.7973194466666,
          32.7643081266667
        ]
      }
    },
    {
      "type": "Feature",
      "properties": {
        "intersection_id": "e77fd3f4-1992-47cb-8007-1c1657760401",
        "risk_score": 0.13,
        "risk_level": "VeryLow",
        "risk_level_numeric": 1,
        "crash_count": 2,
        "latitude": 32.73401162,
        "longitude": -97.633013305,
        "intersecting_roads": [],
        "recent_crashes": [
          {
            "crash_id": "20782717",
            "crash_date": "2025-04-29",
            "severity": "O_NoInjury",
            "persons_involved": 0
          },
          {
            "crash_id": "20591220",
            "crash_date": "2025-01-03",
            "severity": "O_NoInjury",
            "persons_involved": 2
          }
        ],
        "fatal_crashes": 0,
        "injury_crashes": 0,
        "property_damage_crashes": 2
      },
      "geometry": {
        "type": "Point",
        "coordinates": [
          -97.633013305,
          32.73401162
        ]
      }
    },
    {
      "type": "Feature",
      "properties": {
        "intersection_id": "3f25c869-3e5c-41f9-82ca-dc192d19ed2a",
        "risk_score": 0.13,
        "risk_level": "VeryLow",
        "risk_level_numeric": 1,
        "crash_count": 2,
        "latitude": 32.743575175,
        "longitude": -97.745099625,
        "intersecting_roads": [],
        "recent_crashes": [
          {
            "crash_id": "20779127",
            "crash_date": "2025-04-27",
            "severity": "O_NoInjury",
            "persons_involved": 2
          },
          {
            "crash_id": "20592999",
            "crash_date": "2025-01-03",
            "severity": "O_NoInjury",
            "persons_involved": 3
          }
        ],
        "fatal_crashes": 0,
        "injury_crashes": 0,
        "property_damage_crashes": 2
      },
      "geometry": {
        "type": "Point",
        "coordinates": [
          -97.745099625,
          32.743575175
        ]
      }
    },
    {
      "type": "Feature",
      "properties": {
        "intersection_id": "7862c359-9679-4001-a2b8-16f8a2a6a710",
        "risk_score": 0.13,
        "risk_level": "VeryLow",
        "risk_level_numeric": 1,
        "crash_count": 2,
        "latitude": 32.72357677,
        "longitude": -97.786006175,
        "intersecting_roads": [],
        "recent_crashes": [
          {
            "crash_id": "20885951",
            "crash_date": "2025-06-26",
            "severity": "O_NoInjury",
            "persons_involved": 1
          },
          {
            "crash_id": "20593009",
            "crash_date": "2025-01-04",
            "severity": "O_NoInjury",
            "persons_involved": 2
          }
        ],
        "fatal_crashes": 0,
        "injury_crashes": 0,
        "property_damage_crashes": 2
      },
      "geometry": {
        "type": "Point",
        "coordinates": [
          -97.786006175,
          32.72357677
        ]
      }
    },
    {
      "type": "Feature",
      "properties": {
        "intersection_id": "4b7c8c12-275c-4631-8301-63a470f1e807",
        "risk_score": 0.13,
        "risk_level": "VeryLow",
        "risk_level_numeric": 1,
        "crash_count": 2,
        "latitude": 32.65560493,
        "longitude": -97.796315625,
        "intersecting_roads": [],
        "recent_crashes": [
          {
            "crash_id": "20735780",
            "crash_date": "2025-04-01",
            "severity": "O_NoInjury",
            "persons_involved": 0
          },
          {
            "crash_id": "20596830",
            "crash_date": "2025-01-02",
            "severity": "O_NoInjury",
            "persons_involved": 0
          }
        ],
        "fatal_crashes": 0,
        "injury_crashes": 0,
        "property_damage_crashes": 2
      },
      "geometry": {
        "type": "Point",
        "coordinates": [
          -97.796315625,
          32.65560493
        ]
      }
    },
    {
      "type": "Feature",
      "properties": {
        "intersection_id": "ebe1d918-1790-48e8-8727-9c6fe4fad65e",
        "risk_score": 0.13,
        "risk_level": "VeryLow",
        "risk_level_numeric": 1,
        "crash_count": 2,
        "latitude": 32.80399581,
        "longitude": -97.8236375,
        "intersecting_roads": [],
        "recent_crashes": [
          {
            "crash_id": "20810478",
            "crash_date": "2025-05-05",
            "severity": "O_NoInjury",
            "persons_involved": 0
          },
          {
            "crash_id": "20599818",
            "crash_date": "2025-01-01",
            "severity": "O_NoInjury",
            "persons_involved": 1
          }
        ],
        "fatal_crashes": 0,
        "injury_crashes": 0,
        "property_damage_crashes": 2
      },
      "geometry": {
        "type": "Point",
        "coordinates": [
          -97.8236375,
          32.80399581
        ]
      }
    },
    {
      "type": "Feature",
      "properties": {
        "intersection_id": "1572eba2-5034-4a23-b4be-c8940c805418",
        "risk_score": 0.13,
        "risk_level": "VeryLow",
        "risk_level_numeric": 1,
        "crash_count": 2,
        "latitude": 32.87742427,
        "longitude": -97.595745,
        "intersecting_roads": [],
        "recent_crashes": [
          {
            "crash_id": "20798195",
            "crash_date": "2025-04-30",
            "severity": "O_NoInjury",
            "persons_involved": 1
          },
          {
            "crash_id": "20599822",
            "crash_date": "2025-01-07",
            "severity": "O_NoInjury",
            "persons_involved": 0
          }
        ],
        "fatal_crashes": 0,
        "injury_crashes": 0,
        "property_damage_crashes": 2
      },
      "geometry": {
        "type": "Point",
        "coordinates": [
          -97.595745,
          32.87742427
        ]
      }
    },
    {
      "type": "Feature",
      "properties": {
        "intersection_id": "69530c75-be72-4ee3-bb3b-68ac9a82dfb4",
        "risk_score": 0.13,
        "risk_level": "VeryLow",
        "risk_level_numeric": 1,
        "crash_count": 2,
        "latitude": 32.73476498,
        "longitude": -97.63359599,
        "intersecting_roads": [],
        "recent_crashes": [
          {
            "crash_id": "20875515",
            "crash_date": "2025-06-13",
            "severity": "O_NoInjury",
            "persons_involved": 0
          },
          {
            "crash_id": "20599894",
            "crash_date": "2025-01-09",
            "severity": "O_NoInjury",
            "persons_involved": 0
          }
        ],
        "fatal_crashes": 0,
        "injury_crashes": 0,
        "property_damage_crashes": 2
      },
      "geometry": {
        "type": "Point",
        "coordinates": [
          -97.63359599,
          32.73476498
        ]
      }
    },
    {
      "type": "Feature",
      "properties": {
        "intersection_id": "6f681fd9-cffe-49e8-a0a9-c4ac793ad934",
        "risk_score": 0.13,
        "risk_level": "VeryLow",
        "risk_level_numeric": 1,
        "crash_count": 2,
        "latitude": 32.739160105,
        "longitude": -97.75740896,
        "intersecting_roads": [],
        "recent_crashes": [
          {
            "crash_id": "20704518",
            "crash_date": "2025-03-15",
            "severity": "O_NoInjury",
            "persons_involved": 0
          },
          {
            "crash_id": "20603991",
            "crash_date": "2025-01-08",
            "severity": "O_NoInjury",
            "persons_involved": 0
          }
        ],
        "fatal_crashes": 0,
        "injury_crashes": 0,
        "property_damage_crashes": 2
      },
      "geometry": {
        "type": "Point",
        "coordinates": [
          -97.75740896,
          32.739160105
        ]
      }
    },
    {
      "type": "Feature",
      "properties": {
        "intersection_id": "9a2f035c-3740-42ae-821e-2fec4c1a8ba4",
        "risk_score": 0.13,
        "risk_level": "VeryLow",
        "risk_level_numeric": 1,
        "crash_count": 2,
        "latitude": 32.90068851,
        "longitude": -97.551533965,
        "intersecting_roads": [],
        "recent_crashes": [
          {
            "crash_id": "20899448",
            "crash_date": "2025-07-08",
            "severity": "O_NoInjury",
            "persons_involved": 2
          },
          {
            "crash_id": "20606925",
            "crash_date": "2025-01-08",
            "severity": "O_NoInjury",
            "persons_involved": 1
          }
        ],
        "fatal_crashes": 0,
        "injury_crashes": 0,
        "property_damage_crashes": 2
      },
      "geometry": {
        "type": "Point",
        "coordinates": [
          -97.551533965,
          32.90068851
        ]
      }
    },
    {
      "type": "Feature",
      "properties": {
        "intersection_id": "5493d227-5021-4a49-a7d9-f2909ac2b9ab",
        "risk_score": 0.13,
        "risk_level": "VeryLow",
        "risk_level_numeric": 1,
        "crash_count": 2,
        "latitude": 32.63472324,
        "longitude": -97.83798684,
        "intersecting_roads": [],
        "recent_crashes": [
          {
            "crash_id": "20681527",
            "crash_date": "2025-02-17",
            "severity": "O_NoInjury",
            "persons_involved": 0
          },
          {
            "crash_id": "20616391",
            "crash_date": "2025-01-09",
            "severity": "O_NoInjury",
            "persons_involved": 0
          }
        ],
        "fatal_crashes": 0,
        "injury_crashes": 0,
        "property_damage_crashes": 2
      },
      "geometry": {
        "type": "Point",
        "coordinates": [
          -97.83798684,
          32.63472324
        ]
      }
    },
    {
      "type": "Feature",
      "properties": {
        "intersection_id": "012bb2a6-6fad-405c-a5a3-59a1b30e8dd1",
        "risk_score": 0.13,
        "risk_level": "VeryLow",
        "risk_level_numeric": 1,
        "crash_count": 2,
        "latitude": 32.72793313,
        "longitude": -97.592635205,
        "intersecting_roads": [],
        "recent_crashes": [
          {
            "crash_id": "20957225",
            "crash_date": "2025-08-11",
            "severity": "O_NoInjury",
            "persons_involved": 0
          },
          {
            "crash_id": "20623548",
            "crash_date": "2025-01-22",
            "severity": "O_NoInjury",
            "persons_involved": 0
          }
        ],
        "fatal_crashes": 0,
        "injury_crashes": 0,
        "property_damage_crashes": 2
      },
      "geometry": {
        "type": "Point",
        "coordinates": [
          -97.592635205,
          32.72793313
        ]
      }
    },
    {
      "type": "Feature",
      "properties": {
        "intersection_id": "606c82ff-14f5-4502-ad68-83ede8b9e68a",
        "risk_score": 0.13,
        "risk_level": "VeryLow",
        "risk_level_numeric": 1,
        "crash_count": 2,
        "latitude": 32.92341292,
        "longitude": -97.605581525,
        "intersecting_roads": [],
        "recent_crashes": [
          {
            "crash_id": "20743198",
            "crash_date": "2025-03-04",
            "severity": "O_NoInjury",
            "persons_involved": 1
          },
          {
            "crash_id": "20629190",
            "crash_date": "2025-01-23",
            "severity": "O_NoInjury",
            "persons_involved": 0
          }
        ],
        "fatal_crashes": 0,
        "injury_crashes": 0,
        "property_damage_crashes": 2
      },
      "geometry": {
        "type": "Point",
        "coordinates": [
          -97.605581525,
          32.92341292
        ]
      }
    },
    {
      "type": "Feature",
      "properties": {
        "intersection_id": "ef4405aa-4bbc-4684-a2f7-900ca74745ed",
        "risk_score": 0.13,
        "risk_level": "VeryLow",
        "risk_level_numeric": 1,
        "crash_count": 2,
        "latitude": 32.72995693,
        "longitude": -97.786401115,
        "intersecting_roads": [],
        "recent_crashes": [
          {
            "crash_id": "20859215",
            "crash_date": "2025-06-12",
            "severity": "O_NoInjury",
            "persons_involved": 1
          },
          {
            "crash_id": "20629523",
            "crash_date": "2025-01-26",
            "severity": "O_NoInjury",
            "persons_involved": 0
          }
        ],
        "fatal_crashes": 0,
        "injury_crashes": 0,
        "property_damage_crashes": 2
      },
      "geometry": {
        "type": "Point",
        "coordinates": [
          -97.786401115,
          32.72995693
        ]
      }
    },
    {
      "type": "Feature",
      "properties": {
        "intersection_id": "dcb4b719-a158-497a-a434-78411ff013d8",
        "risk_score": 0.13,
        "risk_level": "VeryLow",
        "risk_level_numeric": 1,
        "crash_count": 2,
        "latitude": 32.730387375,
        "longitude": -97.610187355,
        "intersecting_roads": [],
        "recent_crashes": [
          {
            "crash_id": "20859112",
            "crash_date": "2025-06-11",
            "severity": "O_NoInjury",
            "persons_involved": 0
          },
          {
            "crash_id": "20632228",
            "crash_date": "2025-01-30",
            "severity": "O_NoInjury",
            "persons_involved": 1
          }
        ],
        "fatal_crashes": 0,
        "injury_crashes": 0,
        "property_damage_crashes": 2
      },
      "geometry": {
        "type": "Point",
        "coordinates": [
          -97.610187355,
          32.730387375
        ]
      }
    },
    {
      "type": "Feature",
      "properties": {
        "intersection_id": "dd9b6604-2124-4e35-8709-deaae68a9506",
        "risk_score": 0.13,
        "risk_level": "VeryLow",
        "risk_level_numeric": 1,
        "crash_count": 2,
        "latitude": 32.71785009,
        "longitude": -97.61006451,
        "intersecting_roads": [],
        "recent_crashes": [
          {
            "crash_id": "20658309",
            "crash_date": "2025-02-06",
            "severity": "O_NoInjury",
            "persons_involved": 0
          },
          {
            "crash_id": "20643083",
            "crash_date": "2025-02-05",
            "severity": "O_NoInjury",
            "persons_involved": 1
          }
        ],
        "fatal_crashes": 0,
        "injury_crashes": 0,
        "property_damage_crashes": 2
      },
      "geometry": {
        "type": "Point",
        "coordinates": [
          -97.61006451,
          32.71785009
        ]
      }
    },
    {
      "type": "Feature",
      "properties": {
        "intersection_id": "6980c22b-250c-4bde-8c71-b2d962f05cea",
        "risk_score": 0.13,
        "risk_level": "VeryLow",
        "risk_level_numeric": 1,
        "crash_count": 2,
        "latitude": 32.95747971,
        "longitude": -97.68307089,
        "intersecting_roads": [],
        "recent_crashes": [
          {
            "crash_id": "20693578",
            "crash_date": "2025-03-08",
            "severity": "O_NoInjury",
            "persons_involved": 0
          },
          {
            "crash_id": "20644244",
            "crash_date": "2025-01-31",
            "severity": "O_NoInjury",
            "persons_involved": 0
          }
        ],
        "fatal_crashes": 0,
        "injury_crashes": 0,
        "property_damage_crashes": 2
      },
      "geometry": {
        "type": "Point",
        "coordinates": [
          -97.68307089,
          32.95747971
        ]
      }
    },
    {
      "type": "Feature",
      "properties": {
        "intersection_id": "16cdbdbc-d20f-4def-8c98-7fb2d21cc0e8",
        "risk_score": 0.13,
        "risk_level": "VeryLow",
        "risk_level_numeric": 1,
        "crash_count": 2,
        "latitude": 32.96042426,
        "longitude": -97.68103234,
        "intersecting_roads": [],
        "recent_crashes": [
          {
            "crash_id": "20764348",
            "crash_date": "2025-04-15",
            "severity": "O_NoInjury",
            "persons_involved": 1
          },
          {
            "crash_id": "20644246",
            "crash_date": "2025-01-31",
            "severity": "O_NoInjury",
            "persons_involved": 1
          }
        ],
        "fatal_crashes": 0,
        "injury_crashes": 0,
        "property_damage_crashes": 2
      },
      "geometry": {
        "type": "Point",
        "coordinates": [
          -97.68103234,
          32.96042426
        ]
      }
    },
    {
      "type": "Feature",
      "properties": {
        "intersection_id": "c5e594d9-731a-47a6-8347-c1be8d860dea",
        "risk_score": 0.13,
        "risk_level": "VeryLow",
        "risk_level_numeric": 1,
        "crash_count": 2,
        "latitude": 32.96280122,
        "longitude": -97.68194195,
        "intersecting_roads": [],
        "recent_crashes": [
          {
            "crash_id": "20882921",
            "crash_date": "2025-06-20",
            "severity": "O_NoInjury",
            "persons_involved": 0
          },
          {
            "crash_id": "20644258",
            "crash_date": "2025-02-02",
            "severity": "O_NoInjury",
            "persons_involved": 1
          }
        ],
        "fatal_crashes": 0,
        "injury_crashes": 0,
        "property_damage_crashes": 2
      },
      "geometry": {
        "type": "Point",
        "coordinates": [
          -97.68194195,
          32.96280122
        ]
      }
    },
    {
      "type": "Feature",
      "properties": {
        "intersection_id": "ed353a97-8f3a-47b5-bf96-554d33d62aee",
        "risk_score": 0.13,
        "risk_level": "VeryLow",
        "risk_level_numeric": 1,
        "crash_count": 2,
        "latitude": 32.709109965,
        "longitude": -97.60278219,
        "intersecting_roads": [],
        "recent_crashes": [
          {
            "crash_id": "20944608",
            "crash_date": "2025-07-29",
            "severity": "O_NoInjury",
            "persons_involved": 0
          },
          {
            "crash_id": "20652526",
            "crash_date": "2025-02-11",
            "severity": "O_NoInjury",
            "persons_involved": 0
          }
        ],
        "fatal_crashes": 0,
        "injury_crashes": 0,
        "property_damage_crashes": 2
      },
      "geometry": {
        "type": "Point",
        "coordinates": [
          -97.60278219,
          32.709109965
        ]
      }
    },
    {
      "type": "Feature",
      "properties": {
        "intersection_id": "22e1b2ab-e233-4a42-ba04-a5b9e41d8874",
        "risk_score": 0.13,
        "risk_level": "VeryLow",
        "risk_level_numeric": 1,
        "crash_count": 2,
        "latitude": 32.75092937,
        "longitude": -97.68262984,
        "intersecting_roads": [],
        "recent_crashes": [
          {
            "crash_id": "20757170",
            "crash_date": "2025-04-15",
            "severity": "O_NoInjury",
            "persons_involved": 0
          },
          {
            "crash_id": "20653309",
            "crash_date": "2025-02-13",
            "severity": "O_NoInjury",
            "persons_involved": 1
          }
        ],
        "fatal_crashes": 0,
        "injury_crashes": 0,
        "property_damage_crashes": 2
      },
      "geometry": {
        "type": "Point",
        "coordinates": [
          -97.68262984,
          32.75092937
        ]
      }
    },
    {
      "type": "Feature",
      "properties": {
        "intersection_id": "54712423-2089-4835-a4f3-3f64de2c5c76",
        "risk_score": 0.13,
        "risk_level": "VeryLow",
        "risk_level_numeric": 1,
        "crash_count": 2,
        "latitude": 32.748326065,
        "longitude": -97.83522325,
        "intersecting_roads": [],
        "recent_crashes": [
          {
            "crash_id": "20818649",
            "crash_date": "2025-05-19",
            "severity": "O_NoInjury",
            "persons_involved": 0
          },
          {
            "crash_id": "20654712",
            "crash_date": "2025-02-12",
            "severity": "O_NoInjury",
            "persons_involved": 0
          }
        ],
        "fatal_crashes": 0,
        "injury_crashes": 0,
        "property_damage_crashes": 2
      },
      "geometry": {
        "type": "Point",
        "coordinates": [
          -97.83522325,
          32.748326065
        ]
      }
    },
    {
      "type": "Feature",
      "properties": {
        "intersection_id": "c9485c3b-8151-475c-8fa3-4f99eef13c9e",
        "risk_score": 0.13,
        "risk_level": "VeryLow",
        "risk_level_numeric": 1,
        "crash_count": 2,
        "latitude": 32.75869032,
        "longitude": -97.78483228,
        "intersecting_roads": [],
        "recent_crashes": [
          {
            "crash_id": "20712983",
            "crash_date": "2025-03-20",
            "severity": "O_NoInjury",
            "persons_involved": 0
          },
          {
            "crash_id": "20654716",
            "crash_date": "2025-02-13",
            "severity": "O_NoInjury",
            "persons_involved": 1
          }
        ],
        "fatal_crashes": 0,
        "injury_crashes": 0,
        "property_damage_crashes": 2
      },
      "geometry": {
        "type": "Point",
        "coordinates": [
          -97.78483228,
          32.75869032
        ]
      }
    },
    {
      "type": "Feature",
      "properties": {
        "intersection_id": "7e31a4fd-e9d4-4041-a1eb-7e418e5216d1",
        "risk_score": 0.13,
        "risk_level": "VeryLow",
        "risk_level_numeric": 1,
        "crash_count": 2,
        "latitude": 32.920713595,
        "longitude": -97.600444665,
        "intersecting_roads": [],
        "recent_crashes": [
          {
            "crash_id": "20954367",
            "crash_date": "2025-08-09",
            "severity": "O_NoInjury",
            "persons_involved": 0
          },
          {
            "crash_id": "20658295",
            "crash_date": "2025-02-16",
            "severity": "O_NoInjury",
            "persons_involved": 2
          }
        ],
        "fatal_crashes": 0,
        "injury_crashes": 0,
        "property_damage_crashes": 2
      },
      "geometry": {
        "type": "Point",
        "coordinates": [
          -97.600444665,
          32.920713595
        ]
      }
    },
    {
      "type": "Feature",
      "properties": {
        "intersection_id": "6115526e-af57-4f80-9a16-be10b57619bb",
        "risk_score": 0.13,
        "risk_level": "VeryLow",
        "risk_level_numeric": 1,
        "crash_count": 2,
        "latitude": 32.728993375,
        "longitude": -97.87434954,
        "intersecting_roads": [],
        "recent_crashes": [
          {
            "crash_id": "20942713",
            "crash_date": "2025-07-31",
            "severity": "O_NoInjury",
            "persons_involved": 1
          },
          {
            "crash_id": "20658418",
            "crash_date": "2025-02-14",
            "severity": "O_NoInjury",
            "persons_involved": 0
          }
        ],
        "fatal_crashes": 0,
        "injury_crashes": 0,
        "property_damage_crashes": 2
      },
      "geometry": {
        "type": "Point",
        "coordinates": [
          -97.87434954,
          32.728993375
        ]
      }
    },
    {
      "type": "Feature",
      "properties": {
        "intersection_id": "efd1d150-b095-4384-a669-ad1bc03e82c3",
        "risk_score": 0.13,
        "risk_level": "VeryLow",
        "risk_level_numeric": 1,
        "crash_count": 2,
        "latitude": 32.71641677,
        "longitude": -97.75049072,
        "intersecting_roads": [],
        "recent_crashes": [
          {
            "crash_id": "20935336",
            "crash_date": "2025-07-05",
            "severity": "O_NoInjury",
            "persons_involved": 0
          },
          {
            "crash_id": "20661642",
            "crash_date": "2025-02-18",
            "severity": "O_NoInjury",
            "persons_involved": 0
          }
        ],
        "fatal_crashes": 0,
        "injury_crashes": 0,
        "property_damage_crashes": 2
      },
      "geometry": {
        "type": "Point",
        "coordinates": [
          -97.75049072,
          32.71641677
        ]
      }
    },
    {
      "type": "Feature",
      "properties": {
        "intersection_id": "58c8ac23-e5a7-4fd3-b96e-922c9265b51a",
        "risk_score": 0.13,
        "risk_level": "VeryLow",
        "risk_level_numeric": 1,
        "crash_count": 2,
        "latitude": 32.93064724,
        "longitude": -97.619949685,
        "intersecting_roads": [],
        "recent_crashes": [
          {
            "crash_id": "20787863",
            "crash_date": "2025-04-24",
            "severity": "O_NoInjury",
            "persons_involved": 1
          },
          {
            "crash_id": "20665635",
            "crash_date": "2025-02-16",
            "severity": "O_NoInjury",
            "persons_involved": 0
          }
        ],
        "fatal_crashes": 0,
        "injury_crashes": 0,
        "property_damage_crashes": 2
      },
      "geometry": {
        "type": "Point",
        "coordinates": [
          -97.619949685,
          32.93064724
        ]
      }
    },
    {
      "type": "Feature",
      "properties": {
        "intersection_id": "f58c5ec3-41ad-40d0-9994-fcb8db8da7af",
        "risk_score": 0.13,
        "risk_level": "VeryLow",
        "risk_level_numeric": 1,
        "crash_count": 2,
        "latitude": 32.73198448,
        "longitude": -97.787562535,
        "intersecting_roads": [],
        "recent_crashes": [
          {
            "crash_id": "20911553",
            "crash_date": "2025-07-15",
            "severity": "O_NoInjury",
            "persons_involved": 4
          },
          {
            "crash_id": "20676721",
            "crash_date": "2025-02-27",
            "severity": "O_NoInjury",
            "persons_involved": 3
          }
        ],
        "fatal_crashes": 0,
        "injury_crashes": 0,
        "property_damage_crashes": 2
      },
      "geometry": {
        "type": "Point",
        "coordinates": [
          -97.787562535,
          32.73198448
        ]
      }
    },
    {
      "type": "Feature",
      "properties": {
        "intersection_id": "d2b98bb6-9bb6-4752-9974-61796a6eab21",
        "risk_score": 0.13,
        "risk_level": "VeryLow",
        "risk_level_numeric": 1,
        "crash_count": 2,
        "latitude": 32.725161455,
        "longitude": -97.581628395,
        "intersecting_roads": [],
        "recent_crashes": [
          {
            "crash_id": "20795243",
            "crash_date": "2025-05-06",
            "severity": "O_NoInjury",
            "persons_involved": 0
          },
          {
            "crash_id": "20684508",
            "crash_date": "2025-02-28",
            "severity": "O_NoInjury",
            "persons_involved": 0
          }
        ],
        "fatal_crashes": 0,
        "injury_crashes": 0,
        "property_damage_crashes": 2
      },
      "geometry": {
        "type": "Point",
        "coordinates": [
          -97.581628395,
          32.725161455
        ]
      }
    },
    {
      "type": "Feature",
      "properties": {
        "intersection_id": "c7ee51af-ef13-4855-8c75-c1ac07ac32a8",
        "risk_score": 0.13,
        "risk_level": "VeryLow",
        "risk_level_numeric": 1,
        "crash_count": 2,
        "latitude": 32.72759598,
        "longitude": -97.80748467,
        "intersecting_roads": [],
        "recent_crashes": [
          {
            "crash_id": "20847102",
            "crash_date": "2025-06-04",
            "severity": "O_NoInjury",
            "persons_involved": 0
          },
          {
            "crash_id": "20684916",
            "crash_date": "2025-02-27",
            "severity": "O_NoInjury",
            "persons_involved": 0
          }
        ],
        "fatal_crashes": 0,
        "injury_crashes": 0,
        "property_damage_crashes": 2
      },
      "geometry": {
        "type": "Point",
        "coordinates": [
          -97.80748467,
          32.72759598
        ]
      }
    },
    {
      "type": "Feature",
      "properties": {
        "intersection_id": "18066a5c-5867-48ab-84d5-3c5c80d7cad0",
        "risk_score": 0.13,
        "risk_level": "VeryLow",
        "risk_level_numeric": 1,
        "crash_count": 2,
        "latitude": 32.748297885,
        "longitude": -97.797540275,
        "intersecting_roads": [],
        "recent_crashes": [
          {
            "crash_id": "20896298",
            "crash_date": "2025-07-01",
            "severity": "O_NoInjury",
            "persons_involved": 0
          },
          {
            "crash_id": "20686761",
            "crash_date": "2025-03-05",
            "severity": "O_NoInjury",
            "persons_involved": 0
          }
        ],
        "fatal_crashes": 0,
        "injury_crashes": 0,
        "property_damage_crashes": 2
      },
      "geometry": {
        "type": "Point",
        "coordinates": [
          -97.797540275,
          32.748297885
        ]
      }
    },
    {
      "type": "Feature",
      "properties": {
        "intersection_id": "e5383430-b7ac-499c-a545-f2087ca91ce3",
        "risk_score": 0.13,
        "risk_level": "VeryLow",
        "risk_level_numeric": 1,
        "crash_count": 2,
        "latitude": 32.977157195,
        "longitude": -97.739723965,
        "intersecting_roads": [],
        "recent_crashes": [
          {
            "crash_id": "20951935",
            "crash_date": "2025-05-20",
            "severity": "O_NoInjury",
            "persons_involved": 3
          },
          {
            "crash_id": "20689790",
            "crash_date": "2025-03-07",
            "severity": "O_NoInjury",
            "persons_involved": 0
          }
        ],
        "fatal_crashes": 0,
        "injury_crashes": 0,
        "property_damage_crashes": 2
      },
      "geometry": {
        "type": "Point",
        "coordinates": [
          -97.739723965,
          32.977157195
        ]
      }
    },
    {
      "type": "Feature",
      "properties": {
        "intersection_id": "9a56a84d-e86f-4513-9584-8d6a2ae8a6d1",
        "risk_score": 0.13,
        "risk_level": "VeryLow",
        "risk_level_numeric": 1,
        "crash_count": 2,
        "latitude": 32.96147933,
        "longitude": -97.676773785,
        "intersecting_roads": [],
        "recent_crashes": [
          {
            "crash_id": "20764346",
            "crash_date": "2025-04-09",
            "severity": "O_NoInjury",
            "persons_involved": 0
          },
          {
            "crash_id": "20693575",
            "crash_date": "2025-03-06",
            "severity": "O_NoInjury",
            "persons_involved": 2
          }
        ],
        "fatal_crashes": 0,
        "injury_crashes": 0,
        "property_damage_crashes": 2
      },
      "geometry": {
        "type": "Point",
        "coordinates": [
          -97.676773785,
          32.96147933
        ]
      }
    },
    {
      "type": "Feature",
      "properties": {
        "intersection_id": "53a7e086-236c-46ff-8051-204c86ba04d1",
        "risk_score": 0.13,
        "risk_level": "VeryLow",
        "risk_level_numeric": 1,
        "crash_count": 2,
        "latitude": 32.728573915,
        "longitude": -97.792117625,
        "intersecting_roads": [],
        "recent_crashes": [
          {
            "crash_id": "20770512",
            "crash_date": "2025-04-22",
            "severity": "O_NoInjury",
            "persons_involved": 0
          },
          {
            "crash_id": "20704520",
            "crash_date": "2025-03-11",
            "severity": "O_NoInjury",
            "persons_involved": 1
          }
        ],
        "fatal_crashes": 0,
        "injury_crashes": 0,
        "property_damage_crashes": 2
      },
      "geometry": {
        "type": "Point",
        "coordinates": [
          -97.792117625,
          32.728573915
        ]
      }
    },
    {
      "type": "Feature",
      "properties": {
        "intersection_id": "9d94bce9-3a54-44f0-8ea4-779e3bc369e2",
        "risk_score": 0.13,
        "risk_level": "VeryLow",
        "risk_level_numeric": 1,
        "crash_count": 2,
        "latitude": 32.73077286,
        "longitude": -97.61624024,
        "intersecting_roads": [],
        "recent_crashes": [
          {
            "crash_id": "20956691",
            "crash_date": "2025-08-07",
            "severity": "O_NoInjury",
            "persons_involved": 1
          },
          {
            "crash_id": "20708941",
            "crash_date": "2025-03-12",
            "severity": "O_NoInjury",
            "persons_involved": 1
          }
        ],
        "fatal_crashes": 0,
        "injury_crashes": 0,
        "property_damage_crashes": 2
      },
      "geometry": {
        "type": "Point",
        "coordinates": [
          -97.61624024,
          32.73077286
        ]
      }
    },
    {
      "type": "Feature",
      "properties": {
        "intersection_id": "065d7b40-7daa-47d5-82d9-eb7a148e625c",
        "risk_score": 0.13,
        "risk_level": "VeryLow",
        "risk_level_numeric": 1,
        "crash_count": 2,
        "latitude": 32.72836815,
        "longitude": -97.81760976,
        "intersecting_roads": [],
        "recent_crashes": [
          {
            "crash_id": "20795925",
            "crash_date": "2025-05-06",
            "severity": "O_NoInjury",
            "persons_involved": 0
          },
          {
            "crash_id": "20712982",
            "crash_date": "2025-03-18",
            "severity": "O_NoInjury",
            "persons_involved": 0
          }
        ],
        "fatal_crashes": 0,
        "injury_crashes": 0,
        "property_damage_crashes": 2
      },
      "geometry": {
        "type": "Point",
        "coordinates": [
          -97.81760976,
          32.72836815
        ]
      }
    },
    {
      "type": "Feature",
      "properties": {
        "intersection_id": "b9187644-f848-4377-8aeb-8d94098bbc62",
        "risk_score": 0.13,
        "risk_level": "VeryLow",
        "risk_level_numeric": 1,
        "crash_count": 2,
        "latitude": 32.821923425,
        "longitude": -97.77376488,
        "intersecting_roads": [],
        "recent_crashes": [
          {
            "crash_id": "20902942",
            "crash_date": "2025-07-10",
            "severity": "O_NoInjury",
            "persons_involved": 1
          },
          {
            "crash_id": "20714651",
            "crash_date": "2025-03-11",
            "severity": "O_NoInjury",
            "persons_involved": 0
          }
        ],
        "fatal_crashes": 0,
        "injury_crashes": 0,
        "property_damage_crashes": 2
      },
      "geometry": {
        "type": "Point",
        "coordinates": [
          -97.77376488,
          32.821923425
        ]
      }
    },
    {
      "type": "Feature",
      "properties": {
        "intersection_id": "086bb489-d6bb-421d-a759-0b4589674ba9",
        "risk_score": 0.13,
        "risk_level": "VeryLow",
        "risk_level_numeric": 1,
        "crash_count": 2,
        "latitude": 32.75270391,
        "longitude": -97.68776376,
        "intersecting_roads": [],
        "recent_crashes": [
          {
            "crash_id": "20789768",
            "crash_date": "2025-05-03",
            "severity": "O_NoInjury",
            "persons_involved": 1
          },
          {
            "crash_id": "20715686",
            "crash_date": "2025-03-18",
            "severity": "O_NoInjury",
            "persons_involved": 0
          }
        ],
        "fatal_crashes": 0,
        "injury_crashes": 0,
        "property_damage_crashes": 2
      },
      "geometry": {
        "type": "Point",
        "coordinates": [
          -97.68776376,
          32.75270391
        ]
      }
    },
    {
      "type": "Feature",
      "properties": {
        "intersection_id": "00d6aeeb-4931-4a2e-9cd7-d8cd2765b279",
        "risk_score": 0.13,
        "risk_level": "VeryLow",
        "risk_level_numeric": 1,
        "crash_count": 2,
        "latitude": 32.74679541,
        "longitude": -97.67403331,
        "intersecting_roads": [],
        "recent_crashes": [
          {
            "crash_id": "20810494",
            "crash_date": "2025-05-14",
            "severity": "O_NoInjury",
            "persons_involved": 1
          },
          {
            "crash_id": "20733406",
            "crash_date": "2025-03-31",
            "severity": "O_NoInjury",
            "persons_involved": 0
          }
        ],
        "fatal_crashes": 0,
        "injury_crashes": 0,
        "property_damage_crashes": 2
      },
      "geometry": {
        "type": "Point",
        "coordinates": [
          -97.67403331,
          32.74679541
        ]
      }
    },
    {
      "type": "Feature",
      "properties": {
        "intersection_id": "68c5f372-ea12-46ef-bb94-702867132604",
        "risk_score": 0.13,
        "risk_level": "VeryLow",
        "risk_level_numeric": 1,
        "crash_count": 2,
        "latitude": 32.830072265,
        "longitude": -97.854934385,
        "intersecting_roads": [],
        "recent_crashes": [
          {
            "crash_id": "20810437",
            "crash_date": "2025-05-14",
            "severity": "O_NoInjury",
            "persons_involved": 0
          },
          {
            "crash_id": "20733983",
            "crash_date": "2025-03-24",
            "severity": "O_NoInjury",
            "persons_involved": 0
          }
        ],
        "fatal_crashes": 0,
        "injury_crashes": 0,
        "property_damage_crashes": 2
      },
      "geometry": {
        "type": "Point",
        "coordinates": [
          -97.854934385,
          32.830072265
        ]
      }
    },
    {
      "type": "Feature",
      "properties": {
        "intersection_id": "176fae6b-0153-48aa-b94d-1ca093d68128",
        "risk_score": 0.13,
        "risk_level": "VeryLow",
        "risk_level_numeric": 1,
        "crash_count": 2,
        "latitude": 32.720616845,
        "longitude": -97.899247545,
        "intersecting_roads": [],
        "recent_crashes": [
          {
            "crash_id": "20936985",
            "crash_date": "2025-07-26",
            "severity": "O_NoInjury",
            "persons_involved": 0
          },
          {
            "crash_id": "20743205",
            "crash_date": "2025-04-02",
            "severity": "O_NoInjury",
            "persons_involved": 0
          }
        ],
        "fatal_crashes": 0,
        "injury_crashes": 0,
        "property_damage_crashes": 2
      },
      "geometry": {
        "type": "Point",
        "coordinates": [
          -97.899247545,
          32.720616845
        ]
      }
    },
    {
      "type": "Feature",
      "properties": {
        "intersection_id": "968e5feb-e038-4189-aac1-a5021cfab816",
        "risk_score": 0.13,
        "risk_level": "VeryLow",
        "risk_level_numeric": 1,
        "crash_count": 2,
        "latitude": 32.960521815,
        "longitude": -97.6746382,
        "intersecting_roads": [],
        "recent_crashes": [
          {
            "crash_id": "20889402",
            "crash_date": "2025-07-01",
            "severity": "O_NoInjury",
            "persons_involved": 0
          },
          {
            "crash_id": "20744643",
            "crash_date": "2025-04-03",
            "severity": "O_NoInjury",
            "persons_involved": 0
          }
        ],
        "fatal_crashes": 0,
        "injury_crashes": 0,
        "property_damage_crashes": 2
      },
      "geometry": {
        "type": "Point",
        "coordinates": [
          -97.6746382,
          32.960521815
        ]
      }
    },
    {
      "type": "Feature",
      "properties": {
        "intersection_id": "8440f641-9f36-447a-b62a-2aedffb90494",
        "risk_score": 0.13,
        "risk_level": "VeryLow",
        "risk_level_numeric": 1,
        "crash_count": 2,
        "latitude": 32.756903665,
        "longitude": -97.797385285,
        "intersecting_roads": [],
        "recent_crashes": [
          {
            "crash_id": "20940671",
            "crash_date": "2025-08-02",
            "severity": "O_NoInjury",
            "persons_involved": 0
          },
          {
            "crash_id": "20748523",
            "crash_date": "2025-04-09",
            "severity": "O_NoInjury",
            "persons_involved": 5
          }
        ],
        "fatal_crashes": 0,
        "injury_crashes": 0,
        "property_damage_crashes": 2
      },
      "geometry": {
        "type": "Point",
        "coordinates": [
          -97.797385285,
          32.756903665
        ]
      }
    },
    {
      "type": "Feature",
      "properties": {
        "intersection_id": "bfa7f3fd-b3d0-45e4-9c7c-252754baf21e",
        "risk_score": 0.13,
        "risk_level": "VeryLow",
        "risk_level_numeric": 1,
        "crash_count": 2,
        "latitude": 32.866702675,
        "longitude": -97.867420565,
        "intersecting_roads": [],
        "recent_crashes": [
          {
            "crash_id": "20789975",
            "crash_date": "2025-04-29",
            "severity": "O_NoInjury",
            "persons_involved": 0
          },
          {
            "crash_id": "20749507",
            "crash_date": "2025-04-04",
            "severity": "O_NoInjury",
            "persons_involved": 0
          }
        ],
        "fatal_crashes": 0,
        "injury_crashes": 0,
        "property_damage_crashes": 2
      },
      "geometry": {
        "type": "Point",
        "coordinates": [
          -97.867420565,
          32.866702675
        ]
      }
    },
    {
      "type": "Feature",
      "properties": {
        "intersection_id": "91416136-6bad-4562-b109-273a5195cbc1",
        "risk_score": 0.13,
        "risk_level": "VeryLow",
        "risk_level_numeric": 1,
        "crash_count": 2,
        "latitude": 32.71054042,
        "longitude": -97.55803799,
        "intersecting_roads": [],
        "recent_crashes": [
          {
            "crash_id": "20893741",
            "crash_date": "2025-07-03",
            "severity": "O_NoInjury",
            "persons_involved": 1
          },
          {
            "crash_id": "20757900",
            "crash_date": "2025-04-09",
            "severity": "O_NoInjury",
            "persons_involved": 0
          }
        ],
        "fatal_crashes": 0,
        "injury_crashes": 0,
        "property_damage_crashes": 2
      },
      "geometry": {
        "type": "Point",
        "coordinates": [
          -97.55803799,
          32.71054042
        ]
      }
    },
    {
      "type": "Feature",
      "properties": {
        "intersection_id": "84eea4b0-cc98-4f01-b9b1-541309be3705",
        "risk_score": 0.13,
        "risk_level": "VeryLow",
        "risk_level_numeric": 1,
        "crash_count": 2,
        "latitude": 32.7928112,
        "longitude": -97.791443115,
        "intersecting_roads": [],
        "recent_crashes": [
          {
            "crash_id": "20867271",
            "crash_date": "2025-06-09",
            "severity": "O_NoInjury",
            "persons_involved": 0
          },
          {
            "crash_id": "20766006",
            "crash_date": "2025-04-12",
            "severity": "O_NoInjury",
            "persons_involved": 3
          }
        ],
        "fatal_crashes": 0,
        "injury_crashes": 0,
        "property_damage_crashes": 2
      },
      "geometry": {
        "type": "Point",
        "coordinates": [
          -97.791443115,
          32.7928112
        ]
      }
    },
    {
      "type": "Feature",
      "properties": {
        "intersection_id": "7fad05d3-5124-4e61-a74a-22c3836f3f72",
        "risk_score": 0.13,
        "risk_level": "VeryLow",
        "risk_level_numeric": 1,
        "crash_count": 2,
        "latitude": 32.75895809,
        "longitude": -97.80471642,
        "intersecting_roads": [],
        "recent_crashes": [
          {
            "crash_id": "20926863",
            "crash_date": "2025-07-25",
            "severity": "O_NoInjury",
            "persons_involved": 1
          },
          {
            "crash_id": "20766693",
            "crash_date": "2025-04-19",
            "severity": "O_NoInjury",
            "persons_involved": 1
          }
        ],
        "fatal_crashes": 0,
        "injury_crashes": 0,
        "property_damage_crashes": 2
      },
      "geometry": {
        "type": "Point",
        "coordinates": [
          -97.80471642,
          32.75895809
        ]
      }
    },
    {
      "type": "Feature",
      "properties": {
        "intersection_id": "800490d3-7974-407c-8b9e-b8240e54ae02",
        "risk_score": 0.13,
        "risk_level": "VeryLow",
        "risk_level_numeric": 1,
        "crash_count": 2,
        "latitude": 32.753239305,
        "longitude": -97.79558732,
        "intersecting_roads": [],
        "recent_crashes": [
          {
            "crash_id": "20869313",
            "crash_date": "2025-06-18",
            "severity": "O_NoInjury",
            "persons_involved": 0
          },
          {
            "crash_id": "20770508",
            "crash_date": "2025-04-17",
            "severity": "O_NoInjury",
            "persons_involved": 0
          }
        ],
        "fatal_crashes": 0,
        "injury_crashes": 0,
        "property_damage_crashes": 2
      },
      "geometry": {
        "type": "Point",
        "coordinates": [
          -97.79558732,
          32.753239305
        ]
      }
    },
    {
      "type": "Feature",
      "properties": {
        "intersection_id": "7384dbd6-f66b-4173-90fb-e424b80a9441",
        "risk_score": 0.13,
        "risk_level": "VeryLow",
        "risk_level_numeric": 1,
        "crash_count": 2,
        "latitude": 32.92337838,
        "longitude": -97.61071296,
        "intersecting_roads": [],
        "recent_crashes": [
          {
            "crash_id": "20791573",
            "crash_date": "2025-03-28",
            "severity": "O_NoInjury",
            "persons_involved": 0
          },
          {
            "crash_id": "20791570",
            "crash_date": "2025-03-28",
            "severity": "O_NoInjury",
            "persons_involved": 0
          }
        ],
        "fatal_crashes": 0,
        "injury_crashes": 0,
        "property_damage_crashes": 2
      },
      "geometry": {
        "type": "Point",
        "coordinates": [
          -97.61071296,
          32.92337838
        ]
      }
    },
    {
      "type": "Feature",
      "properties": {
        "intersection_id": "cb519f1a-34b4-45af-b914-d13efd55acf2",
        "risk_score": 0.13,
        "risk_level": "VeryLow",
        "risk_level_numeric": 1,
        "crash_count": 2,
        "latitude": 32.932605565,
        "longitude": -97.70201362,
        "intersecting_roads": [],
        "recent_crashes": [
          {
            "crash_id": "20792252",
            "crash_date": "2025-05-05",
            "severity": "O_NoInjury",
            "persons_involved": 0
          },
          {
            "crash_id": "20792150",
            "crash_date": "2025-05-05",
            "severity": "O_NoInjury",
            "persons_involved": 1
          }
        ],
        "fatal_crashes": 0,
        "injury_crashes": 0,
        "property_damage_crashes": 2
      },
      "geometry": {
        "type": "Point",
        "coordinates": [
          -97.70201362,
          32.932605565
        ]
      }
    },
    {
      "type": "Feature",
      "properties": {
        "intersection_id": "0364e077-195f-4096-935b-605ed203b983",
        "risk_score": 0.13,
        "risk_level": "VeryLow",
        "risk_level_numeric": 1,
        "crash_count": 2,
        "latitude": 32.730416245,
        "longitude": -97.78762905,
        "intersecting_roads": [],
        "recent_crashes": [
          {
            "crash_id": "20885952",
            "crash_date": "2025-06-26",
            "severity": "O_NoInjury",
            "persons_involved": 2
          },
          {
            "crash_id": "20815837",
            "crash_date": "2025-05-17",
            "severity": "O_NoInjury",
            "persons_involved": 3
          }
        ],
        "fatal_crashes": 0,
        "injury_crashes": 0,
        "property_damage_crashes": 2
      },
      "geometry": {
        "type": "Point",
        "coordinates": [
          -97.78762905,
          32.730416245
        ]
      }
    },
    {
      "type": "Feature",
      "properties": {
        "intersection_id": "69b6dff5-67bd-4ac0-9515-b154a9a60ae1",
        "risk_score": 0.13,
        "risk_level": "VeryLow",
        "risk_level_numeric": 1,
        "crash_count": 2,
        "latitude": 32.74601809,
        "longitude": -97.672187525,
        "intersecting_roads": [],
        "recent_crashes": [
          {
            "crash_id": "20879527",
            "crash_date": "2025-06-21",
            "severity": "O_NoInjury",
            "persons_involved": 0
          },
          {
            "crash_id": "20817707",
            "crash_date": "2025-05-09",
            "severity": "O_NoInjury",
            "persons_involved": 1
          }
        ],
        "fatal_crashes": 0,
        "injury_crashes": 0,
        "property_damage_crashes": 2
      },
      "geometry": {
        "type": "Point",
        "coordinates": [
          -97.672187525,
          32.74601809
        ]
      }
    },
    {
      "type": "Feature",
      "properties": {
        "intersection_id": "53bd1343-215e-4924-92be-9631dbb0b74c",
        "risk_score": 0.13,
        "risk_level": "VeryLow",
        "risk_level_numeric": 1,
        "crash_count": 2,
        "latitude": 32.729335805,
        "longitude": -97.603092125,
        "intersecting_roads": [],
        "recent_crashes": [
          {
            "crash_id": "20844520",
            "crash_date": "2025-05-29",
            "severity": "O_NoInjury",
            "persons_involved": 0
          },
          {
            "crash_id": "20844465",
            "crash_date": "2025-05-23",
            "severity": "O_NoInjury",
            "persons_involved": 0
          }
        ],
        "fatal_crashes": 0,
        "injury_crashes": 0,
        "property_damage_crashes": 2
      },
      "geometry": {
        "type": "Point",
        "coordinates": [
          -97.603092125,
          32.729335805
        ]
      }
    },
    {
      "type": "Feature",
      "properties": {
        "intersection_id": "3eb8eb65-2b94-4717-8e2e-b52415bda233",
        "risk_score": 0.13,
        "risk_level": "VeryLow",
        "risk_level_numeric": 1,
        "crash_count": 2,
        "latitude": 32.727337985,
        "longitude": -97.798047235,
        "intersecting_roads": [],
        "recent_crashes": [
          {
            "crash_id": "20942893",
            "crash_date": "2025-07-31",
            "severity": "O_NoInjury",
            "persons_involved": 0
          },
          {
            "crash_id": "20852186",
            "crash_date": "2025-06-08",
            "severity": "O_NoInjury",
            "persons_involved": 3
          }
        ],
        "fatal_crashes": 0,
        "injury_crashes": 0,
        "property_damage_crashes": 2
      },
      "geometry": {
        "type": "Point",
        "coordinates": [
          -97.798047235,
          32.727337985
        ]
      }
    },
    {
      "type": "Feature",
      "properties": {
        "intersection_id": "9a2c8683-c284-4392-9766-abf340b6f1fa",
        "risk_score": 0.13,
        "risk_level": "VeryLow",
        "risk_level_numeric": 1,
        "crash_count": 2,
        "latitude": 32.723903695,
        "longitude": -97.57904534,
        "intersecting_roads": [],
        "recent_crashes": [
          {
            "crash_id": "20880907",
            "crash_date": "2025-06-23",
            "severity": "O_NoInjury",
            "persons_involved": 0
          },
          {
            "crash_id": "20859680",
            "crash_date": "2025-06-06",
            "severity": "O_NoInjury",
            "persons_involved": 1
          }
        ],
        "fatal_crashes": 0,
        "injury_crashes": 0,
        "property_damage_crashes": 2
      },
      "geometry": {
        "type": "Point",
        "coordinates": [
          -97.57904534,
          32.723903695
        ]
      }
    },
    {
      "type": "Feature",
      "properties": {
        "intersection_id": "00d92b73-4c7a-41c4-9a33-ce24315a2079",
        "risk_score": 0.13,
        "risk_level": "VeryLow",
        "risk_level_numeric": 1,
        "crash_count": 2,
        "latitude": 32.60299051,
        "longitude": -97.561971785,
        "intersecting_roads": [],
        "recent_crashes": [
          {
            "crash_id": "20907170",
            "crash_date": "2025-07-11",
            "severity": "O_NoInjury",
            "persons_involved": 0
          },
          {
            "crash_id": "20862976",
            "crash_date": "2025-06-16",
            "severity": "O_NoInjury",
            "persons_involved": 0
          }
        ],
        "fatal_crashes": 0,
        "injury_crashes": 0,
        "property_damage_crashes": 2
      },
      "geometry": {
        "type": "Point",
        "coordinates": [
          -97.561971785,
          32.60299051
        ]
      }
    },
    {
      "type": "Feature",
      "properties": {
        "intersection_id": "c3718a16-19a7-4e75-839e-258e76a4929b",
        "risk_score": 0.13,
        "risk_level": "VeryLow",
        "risk_level_numeric": 1,
        "crash_count": 2,
        "latitude": 32.6862953,
        "longitude": -97.59680004,
        "intersecting_roads": [],
        "recent_crashes": [
          {
            "crash_id": "20923602",
            "crash_date": "2025-07-21",
            "severity": "O_NoInjury",
            "persons_involved": 0
          },
          {
            "crash_id": "20868684",
            "crash_date": "2025-06-10",
            "severity": "O_NoInjury",
            "persons_involved": 1
          }
        ],
        "fatal_crashes": 0,
        "injury_crashes": 0,
        "property_damage_crashes": 2
      },
      "geometry": {
        "type": "Point",
        "coordinates": [
          -97.59680004,
          32.6862953
        ]
      }
    },
    {
      "type": "Feature",
      "properties": {
        "intersection_id": "09be9efc-a58c-4c1b-a897-4c27438fc2e8",
        "risk_score": 0.13,
        "risk_level": "VeryLow",
        "risk_level_numeric": 1,
        "crash_count": 2,
        "latitude": 32.978549645,
        "longitude": -97.74529384,
        "intersecting_roads": [],
        "recent_crashes": [
          {
            "crash_id": "20870609",
            "crash_date": "2025-06-14",
            "severity": "O_NoInjury",
            "persons_involved": 1
          },
          {
            "crash_id": "20870606",
            "crash_date": "2025-06-14",
            "severity": "O_NoInjury",
            "persons_involved": 2
          }
        ],
        "fatal_crashes": 0,
        "injury_crashes": 0,
        "property_damage_crashes": 2
      },
      "geometry": {
        "type": "Point",
        "coordinates": [
          -97.74529384,
          32.978549645
        ]
      }
    },
    {
      "type": "Feature",
      "properties": {
        "intersection_id": "f28ec1ef-7155-400b-be6b-8ee26b65caa7",
        "risk_score": 0.13,
        "risk_level": "VeryLow",
        "risk_level_numeric": 1,
        "crash_count": 2,
        "latitude": 32.72807782,
        "longitude": -97.862250455,
        "intersecting_roads": [],
        "recent_crashes": [
          {
            "crash_id": "20878238",
            "crash_date": "2025-06-19",
            "severity": "O_NoInjury",
            "persons_involved": 0
          },
          {
            "crash_id": "20870646",
            "crash_date": "2025-06-19",
            "severity": "O_NoInjury",
            "persons_involved": 0
          }
        ],
        "fatal_crashes": 0,
        "injury_crashes": 0,
        "property_damage_crashes": 2
      },
      "geometry": {
        "type": "Point",
        "coordinates": [
          -97.862250455,
          32.72807782
        ]
      }
    },
    {
      "type": "Feature",
      "properties": {
        "intersection_id": "3c97bd1a-fdad-41ca-8077-bb265e3980fa",
        "risk_score": 0.13,
        "risk_level": "VeryLow",
        "risk_level_numeric": 1,
        "crash_count": 2,
        "latitude": 32.90214776,
        "longitude": -97.55098458,
        "intersecting_roads": [],
        "recent_crashes": [
          {
            "crash_id": "20891823",
            "crash_date": "2025-07-02",
            "severity": "O_NoInjury",
            "persons_involved": 0
          },
          {
            "crash_id": "20882555",
            "crash_date": "2025-06-05",
            "severity": "O_NoInjury",
            "persons_involved": 0
          }
        ],
        "fatal_crashes": 0,
        "injury_crashes": 0,
        "property_damage_crashes": 2
      },
      "geometry": {
        "type": "Point",
        "coordinates": [
          -97.55098458,
          32.90214776
        ]
      }
    },
    {
      "type": "Feature",
      "properties": {
        "intersection_id": "399a36ad-96ee-4b1c-b769-396b4a4a0e17",
        "risk_score": 0.13,
        "risk_level": "VeryLow",
        "risk_level_numeric": 1,
        "crash_count": 2,
        "latitude": 32.752305855,
        "longitude": -97.861620215,
        "intersecting_roads": [],
        "recent_crashes": [
          {
            "crash_id": "20936966",
            "crash_date": "2025-07-29",
            "severity": "O_NoInjury",
            "persons_involved": 0
          },
          {
            "crash_id": "20927073",
            "crash_date": "2025-07-25",
            "severity": "O_NoInjury",
            "persons_involved": 0
          }
        ],
        "fatal_crashes": 0,
        "injury_crashes": 0,
        "property_damage_crashes": 2
      },
      "geometry": {
        "type": "Point",
        "coordinates": [
          -97.861620215,
          32.752305855
        ]
      }
    },
    {
      "type": "Feature",
      "properties": {
        "intersection_id": "bc5415c8-694b-440c-a77b-b64157944442",
        "risk_score": 0.1125,
        "risk_level": "VeryLow",
        "risk_level_numeric": 1,
        "crash_count": 2,
        "latitude": 32.71664353,
        "longitude": -97.78163436,
        "intersecting_roads": [],
        "recent_crashes": [
          {
            "crash_id": "20896316",
            "crash_date": "2025-07-04",
            "severity": "Unknown",
            "persons_involved": 0
          },
          {
            "crash_id": "20651251",
            "crash_date": "2025-02-11",
            "severity": "O_NoInjury",
            "persons_involved": 0
          }
        ],
        "fatal_crashes": 0,
        "injury_crashes": 1,
        "property_damage_crashes": 1
      },
      "geometry": {
        "type": "Point",
        "coordinates": [
          -97.78163436,
          32.71664353
        ]
      }
    },
    {
      "type": "Feature",
      "properties": {
        "intersection_id": "02738823-448a-423f-aa0f-4b26474bd551",
        "risk_score": 0.1125,
        "risk_level": "VeryLow",
        "risk_level_numeric": 1,
        "crash_count": 2,
        "latitude": 32.724441435,
        "longitude": -97.57927626,
        "intersecting_roads": [],
        "recent_crashes": [
          {
            "crash_id": "20854076",
            "crash_date": "2025-05-25",
            "severity": "Unknown",
            "persons_involved": 0
          },
          {
            "crash_id": "20681933",
            "crash_date": "2025-03-01",
            "severity": "O_NoInjury",
            "persons_involved": 0
          }
        ],
        "fatal_crashes": 0,
        "injury_crashes": 1,
        "property_damage_crashes": 1
      },
      "geometry": {
        "type": "Point",
        "coordinates": [
          -97.57927626,
          32.724441435
        ]
      }
    },
    {
      "type": "Feature",
      "properties": {
        "intersection_id": "d6de5e6b-f1dc-4ac4-99f3-25f631dff190",
        "risk_score": 0.1125,
        "risk_level": "VeryLow",
        "risk_level_numeric": 1,
        "crash_count": 2,
        "latitude": 32.789194775,
        "longitude": -97.696652835,
        "intersecting_roads": [],
        "recent_crashes": [
          {
            "crash_id": "20957220",
            "crash_date": "2025-08-13",
            "severity": "O_NoInjury",
            "persons_involved": 0
          },
          {
            "crash_id": "20731921",
            "crash_date": "2025-03-29",
            "severity": "Unknown",
            "persons_involved": 0
          }
        ],
        "fatal_crashes": 0,
        "injury_crashes": 1,
        "property_damage_crashes": 1
      },
      "geometry": {
        "type": "Point",
        "coordinates": [
          -97.696652835,
          32.789194775
        ]
      }
    },
    {
      "type": "Feature",
      "properties": {
        "intersection_id": "7ced6c78-7dc2-4ca2-948d-5c4905b1a6e0",
        "risk_score": 0.1125,
        "risk_level": "VeryLow",
        "risk_level_numeric": 1,
        "crash_count": 2,
        "latitude": 32.961010415,
        "longitude": -97.681051955,
        "intersecting_roads": [],
        "recent_crashes": [
          {
            "crash_id": "20900209",
            "crash_date": "2025-07-01",
            "severity": "O_NoInjury",
            "persons_involved": 1
          },
          {
            "crash_id": "20785143",
            "crash_date": "2025-04-20",
            "severity": "Unknown",
            "persons_involved": 0
          }
        ],
        "fatal_crashes": 0,
        "injury_crashes": 1,
        "property_damage_crashes": 1
      },
      "geometry": {
        "type": "Point",
        "coordinates": [
          -97.681051955,
          32.961010415
        ]
      }
    }
  ],
  "metadata": {
    "GeneratedAt": "2025-09-16T14:45:51.156119Z",
    "DataSource": "CRIS Intersection Risks",
    "StartDate": "0001-01-01",
    "EndDate": "0001-01-01",
    "TotalCrashes": 0,
    "TrafficEnabledSegments": 0,
    "ModelWeights": {
      "CrashFrequency": 0.35,
      "SeverityIndex": 0.25,
      "TrafficVolume": 0.10,
      "DrainageRisk": 0.05,
      "Environmental": 0.05
    }
  }
}