{"type":"FeatureCollection","features":[{"type":"Feature","geometry":{"type":"Point","coordinates":[-97.959952,32.706812]},"properties":{"locationId":"184CR106","locatedOn":"-","locOnAlias":"","type":"SPOT","category":"URBAN ACR","routeType":"","route":"","active":"Yes","fnctClass":"(7)Local","latestAadt":1206,"latestAadtYear":2024,"latestDhv30":124,"latestKPercent":10,"latestDPercent":null,"latestVolumeCount":1237,"latestVolumeDate":"2024-05-06","extractedAt":"2025-08-01T16:58:21Z"}},{"type":"Feature","geometry":{"type":"Point","coordinates":[-97.962815,32.728547]},"properties":{"locationId":"184CR106A","locatedOn":"Fairview Rd","locOnAlias":"184AA0482","type":"SPOT","category":"URBAN ACR","routeType":"CR","route":"0000","active":"Yes","fnctClass":"(7)Local","latestAadt":780,"latestAadtYear":2009,"latestDhv30":null,"latestKPercent":null,"latestDPercent":null,"latestVolumeCount":null,"latestVolumeDate":null,"extractedAt":"2025-08-01T16:58:36Z"}},{"type":"Feature","geometry":{"type":"Point","coordinates":[-97.957383,32.732329]},"properties":{"locationId":"184CR106B","locatedOn":"-","locOnAlias":"","type":"SPOT","category":"URBAN ACR","routeType":"","route":"","active":"Yes","fnctClass":"(7)Local","latestAadt":267,"latestAadtYear":2024,"latestDhv30":26,"latestKPercent":10,"latestDPercent":null,"latestVolumeCount":274,"latestVolumeDate":"2024-05-06","extractedAt":"2025-08-01T16:58:51Z"}},{"type":"Feature","geometry":{"type":"Point","coordinates":[-97.953528,32.741822]},"properties":{"locationId":"184CR107A","locatedOn":"-","locOnAlias":"","type":"SPOT","category":"INACTIVE","routeType":"","route":"","active":"No","fnctClass":"(7)Local","latestAadt":91,"latestAadtYear":2019,"latestDhv30":14,"latestKPercent":15,"latestDPercent":null,"latestVolumeCount":98,"latestVolumeDate":"2019-05-08","extractedAt":"2025-08-01T16:59:06Z"}},{"type":"Feature","geometry":{"type":"Point","coordinates":[-97.914811,32.756471]},"properties":{"locationId":"184CR108A","locatedOn":"-","locOnAlias":"","type":"SPOT","category":"INACTIVE","routeType":"","route":"","active":"No","fnctClass":"(6)Minor Collector","latestAadt":154,"latestAadtYear":2019,"latestDhv30":24,"latestKPercent":16,"latestDPercent":null,"latestVolumeCount":167,"latestVolumeDate":"2019-05-08","extractedAt":"2025-08-01T16:59:20Z"}},{"type":"Feature","geometry":{"type":"Point","coordinates":[-97.922204,32.720696]},"properties":{"locationId":"184CR108B","locatedOn":"-","locOnAlias":"","type":"SPOT","category":"INACTIVE","routeType":"","route":"","active":"No","fnctClass":"(7)Local","latestAadt":96,"latestAadtYear":2019,"latestDhv30":14,"latestKPercent":15,"latestDPercent":null,"latestVolumeCount":104,"latestVolumeDate":"2019-05-15","extractedAt":"2025-08-01T16:59:33Z"}},{"type":"Feature","geometry":{"type":"Point","coordinates":[-98.053772,32.831157]},"properties":{"locationId":"184CR127E","locatedOn":"-","locOnAlias":"","type":"SPOT","category":"INACTIVE","routeType":"","route":"","active":"No","fnctClass":"(7)Local","latestAadt":89,"latestAadtYear":2019,"latestDhv30":15,"latestKPercent":17,"latestDPercent":null,"latestVolumeCount":96,"latestVolumeDate":"2019-05-08","extractedAt":"2025-08-01T17:36:51Z"}},{"type":"Feature","geometry":{"type":"Point","coordinates":[-98.052038,32.830625]},"properties":{"locationId":"184CR127F","locatedOn":"Pershing Rd","locOnAlias":"1173334","type":"SPOT","category":"INACTIVE","routeType":"LS","route":"0000","active":"No","fnctClass":"(7)Local","latestAadt":130,"latestAadtYear":2009,"latestDhv30":null,"latestKPercent":null,"latestDPercent":null,"latestVolumeCount":null,"latestVolumeDate":null,"extractedAt":"2025-08-01T17:37:07Z"}},{"type":"Feature","geometry":{"type":"Point","coordinates":[-98.053428,32.829793]},"properties":{"locationId":"184CR127G","locatedOn":"-","locOnAlias":"","type":"SPOT","category":"URBAN ACR","routeType":"","route":"","active":"Yes","fnctClass":"(7)Local","latestAadt":153,"latestAadtYear":2024,"latestDhv30":17,"latestKPercent":12,"latestDPercent":null,"latestVolumeCount":152,"latestVolumeDate":"2024-05-08","extractedAt":"2025-08-01T17:37:21Z"}},{"type":"Feature","geometry":{"type":"Point","coordinates":[-98.059066,32.825478]},"properties":{"locationId":"184CR127H","locatedOn":"-","locOnAlias":"","type":"SPOT","category":"URBAN ACR","routeType":"","route":"","active":"Yes","fnctClass":"(5)Major Collector","latestAadt":550,"latestAadtYear":2019,"latestDhv30":76,"latestKPercent":14,"latestDPercent":null,"latestVolumeCount":665,"latestVolumeDate":"2019-05-08","extractedAt":"2025-08-01T17:37:37Z"}},{"type":"Feature","geometry":{"type":"Point","coordinates":[-98.053244,32.820424]},"properties":{"locationId":"184CR127J","locatedOn":"-","locOnAlias":"","type":"SPOT","category":"URBAN ACR","routeType":"","route":"","active":"Yes","fnctClass":"(5)Major Collector","latestAadt":1063,"latestAadtYear":2024,"latestDhv30":105,"latestKPercent":10,"latestDPercent":null,"latestVolumeCount":1120,"latestVolumeDate":"2024-05-08","extractedAt":"2025-08-01T17:37:53Z"}},{"type":"Feature","geometry":{"type":"Point","coordinates":[-97.995326,32.831636]},"properties":{"locationId":"184CR129","locatedOn":"-","locOnAlias":"","type":"SPOT","category":"URBAN ACR","routeType":"","route":"","active":"Yes","fnctClass":"(7)Local","latestAadt":907,"latestAadtYear":2024,"latestDhv30":95,"latestKPercent":11,"latestDPercent":null,"latestVolumeCount":884,"latestVolumeDate":"2024-05-15","extractedAt":"2025-08-01T17:38:09Z"}},{"type":"Feature","geometry":{"type":"Point","coordinates":[-97.986231,32.832047]},"properties":{"locationId":"184CR130","locatedOn":"-","locOnAlias":"","type":"SPOT","category":"URBAN ACR","routeType":"","route":"","active":"Yes","fnctClass":"(6)Minor Collector","latestAadt":504,"latestAadtYear":2024,"latestDhv30":157,"latestKPercent":31,"latestDPercent":null,"latestVolumeCount":519,"latestVolumeDate":"2024-05-15","extractedAt":"2025-08-01T17:38:26Z"}},{"type":"Feature","geometry":{"type":"Point","coordinates":[-97.989136,32.833167]},"properties":{"locationId":"184CR130A","locatedOn":"-","locOnAlias":"","type":"SPOT","category":"INACTIVE","routeType":"","route":"","active":"No","fnctClass":"(7)Local","latestAadt":12,"latestAadtYear":2019,"latestDhv30":3,"latestKPercent":25,"latestDPercent":null,"latestVolumeCount":13,"latestVolumeDate":"2019-05-15","extractedAt":"2025-08-01T17:38:41Z"}},{"type":"Feature","geometry":{"type":"Point","coordinates":[-97.985821,32.834441]},"properties":{"locationId":"184CR131","locatedOn":"-","locOnAlias":"","type":"SPOT","category":"URBAN ACR","routeType":"","route":"","active":"Yes","fnctClass":"(7)Local","latestAadt":406,"latestAadtYear":2024,"latestDhv30":48,"latestKPercent":12,"latestDPercent":null,"latestVolumeCount":396,"latestVolumeDate":"2024-05-15","extractedAt":"2025-08-01T17:38:56Z"}},{"type":"Feature","geometry":{"type":"Point","coordinates":[-97.992124,32.836287]},"properties":{"locationId":"184CR132","locatedOn":"-","locOnAlias":"","type":"SPOT","category":"URBAN ACR","routeType":"","route":"","active":"Yes","fnctClass":"(7)Local","latestAadt":126,"latestAadtYear":2024,"latestDhv30":10,"latestKPercent":9,"latestDPercent":null,"latestVolumeCount":124,"latestVolumeDate":"2024-05-15","extractedAt":"2025-08-01T17:39:11Z"}},{"type":"Feature","geometry":{"type":"Point","coordinates":[-97.881531,32.833822]},"properties":{"locationId":"184CR144","locatedOn":"-","locOnAlias":"","type":"SPOT","category":"URBAN ACR","routeType":"","route":"","active":"Yes","fnctClass":"(7)Local","latestAadt":735,"latestAadtYear":2024,"latestDhv30":77,"latestKPercent":10,"latestDPercent":null,"latestVolumeCount":716,"latestVolumeDate":"2024-05-15","extractedAt":"2025-08-01T18:14:32Z"}},{"type":"Feature","geometry":{"type":"Point","coordinates":[-97.913709,32.824585]},"properties":{"locationId":"184CR144B","locatedOn":"-","locOnAlias":"","type":"SPOT","category":"URBAN ACR","routeType":"","route":"","active":"Yes","fnctClass":"(7)Local","latestAadt":267,"latestAadtYear":2024,"latestDhv30":28,"latestKPercent":11,"latestDPercent":null,"latestVolumeCount":260,"latestVolumeDate":"2024-05-15","extractedAt":"2025-08-01T18:14:46Z"}},{"type":"Feature","geometry":{"type":"Point","coordinates":[-97.893764,32.824976]},"properties":{"locationId":"184CR145A","locatedOn":"-","locOnAlias":"","type":"SPOT","category":"URBAN ACR","routeType":"","route":"","active":"Yes","fnctClass":"(7)Local","latestAadt":156,"latestAadtYear":2024,"latestDhv30":16,"latestKPercent":11,"latestDPercent":null,"latestVolumeCount":151,"latestVolumeDate":"2024-05-15","extractedAt":"2025-08-01T18:15:00Z"}},{"type":"Feature","geometry":{"type":"Point","coordinates":[-98.039015,32.668305]},"properties":{"locationId":"184CR102","locatedOn":"-","locOnAlias":"","type":"SPOT","category":"URBAN ACR","routeType":"","route":"","active":"Yes","fnctClass":"(7)Local","latestAadt":648,"latestAadtYear":2024,"latestDhv30":65,"latestKPercent":10,"latestDPercent":null,"latestVolumeCount":666,"latestVolumeDate":"2024-05-06","extractedAt":"2025-08-01T19:06:45Z"}},{"type":"Feature","geometry":{"type":"Point","coordinates":[-98.012139,32.696168]},"properties":{"locationId":"184CR103","locatedOn":"-","locOnAlias":"","type":"SPOT","category":"URBAN ACR","routeType":"","route":"","active":"Yes","fnctClass":"(7)Local","latestAadt":416,"latestAadtYear":2024,"latestDhv30":34,"latestKPercent":8,"latestDPercent":null,"latestVolumeCount":408,"latestVolumeDate":"2024-05-08","extractedAt":"2025-08-01T19:08:21Z"}},{"type":"Feature","geometry":{"type":"Point","coordinates":[-97.980144,32.697761]},"properties":{"locationId":"184CR105","locatedOn":"-","locOnAlias":"","type":"SPOT","category":"URBAN ACR","routeType":"","route":"","active":"Yes","fnctClass":"(7)Local","latestAadt":512,"latestAadtYear":2024,"latestDhv30":62,"latestKPercent":12,"latestDPercent":null,"latestVolumeCount":525,"latestVolumeDate":"2024-05-06","extractedAt":"2025-08-01T19:08:35Z"}},{"type":"Feature","geometry":{"type":"Point","coordinates":[-97.947184,32.824694]},"properties":{"locationId":"184CR207","locatedOn":"NAOLD GARNER","locOnAlias":"","type":"SPOT","category":"INACTIVE","routeType":"","route":"","active":"No","fnctClass":"(6)Minor Collector","latestAadt":183,"latestAadtYear":2019,"latestDhv30":28,"latestKPercent":15,"latestDPercent":null,"latestVolumeCount":199,"latestVolumeDate":"2019-05-15","extractedAt":"2025-08-01T19:36:53Z"}},{"type":"Feature","geometry":{"type":"Point","coordinates":[-97.921616,32.771147]},"properties":{"locationId":"184CR209","locatedOn":"NAOLD MILLSAP","locOnAlias":"","type":"SPOT","category":"INACTIVE","routeType":"","route":"","active":"No","fnctClass":"(7)Local","latestAadt":287,"latestAadtYear":2019,"latestDhv30":30,"latestKPercent":10,"latestDPercent":null,"latestVolumeCount":309,"latestVolumeDate":"2019-05-08","extractedAt":"2025-08-01T19:42:41Z"}},{"type":"Feature","geometry":{"type":"Point","coordinates":[-97.989258,32.59259]},"properties":{"locationId":"184CR212","locatedOn":"NACOUGAR","locOnAlias":"","type":"SPOT","category":"INACTIVE","routeType":"","route":"","active":"No","fnctClass":"(7)Local","latestAadt":26,"latestAadtYear":2019,"latestDhv30":6,"latestKPercent":23,"latestDPercent":null,"latestVolumeCount":28,"latestVolumeDate":"2019-05-15","extractedAt":"2025-08-01T19:43:27Z"}},{"type":"Feature","geometry":{"type":"Point","coordinates":[-97.904071,32.696599]},"properties":{"locationId":"184CR213","locatedOn":"NAOLD BROCK","locOnAlias":"","type":"SPOT","category":"URBAN ACR","routeType":"","route":"","active":"Yes","fnctClass":"(7)Local","latestAadt":1211,"latestAadtYear":2024,"latestDhv30":219,"latestKPercent":18,"latestDPercent":null,"latestVolumeCount":1205,"latestVolumeDate":"2024-05-15","extractedAt":"2025-08-01T19:43:41Z"}},{"type":"Feature","geometry":{"type":"Point","coordinates":[-97.739292,32.718719]},"properties":{"locationId":"184CR214","locatedOn":"NAAIRPORT","locOnAlias":"","type":"SPOT","category":"URBAN ACR","routeType":"","route":"","active":"Yes","fnctClass":"(6)Minor Collector","latestAadt":922,"latestAadtYear":2019,"latestDhv30":98,"latestKPercent":11,"latestDPercent":null,"latestVolumeCount":1017,"latestVolumeDate":"2019-05-15","extractedAt":"2025-08-01T19:43:56Z"}},{"type":"Feature","geometry":{"type":"Point","coordinates":[-97.794111,32.71142]},"properties":{"locationId":"184CR215","locatedOn":"NATIN TOP","locOnAlias":"","type":"SPOT","category":"URBAN ACR","routeType":"","route":"","active":"Yes","fnctClass":"(6)Minor Collector","latestAadt":6704,"latestAadtYear":2024,"latestDhv30":699,"latestKPercent":10,"latestDPercent":null,"latestVolumeCount":6949,"latestVolumeDate":"2024-05-15","extractedAt":"2025-08-01T19:44:13Z"}},{"type":"Feature","geometry":{"type":"Point","coordinates":[-97.802089,32.698307]},"properties":{"locationId":"184CR228","locatedOn":"NAHARMONY","locOnAlias":"","type":"SPOT","category":"URBAN ACR","routeType":"","route":"","active":"Yes","fnctClass":"(6)Minor Collector","latestAadt":675,"latestAadtYear":2024,"latestDhv30":69,"latestKPercent":10,"latestDPercent":null,"latestVolumeCount":699,"latestVolumeDate":"2024-05-15","extractedAt":"2025-08-01T19:58:52Z"}},{"type":"Feature","geometry":{"type":"Point","coordinates":[-97.978642,32.738568]},"properties":{"locationId":"184CR229","locatedOn":"NAFAIRVIEW","locOnAlias":"","type":"SPOT","category":"URBAN ACR","routeType":"","route":"","active":"Yes","fnctClass":"(7)Local","latestAadt":907,"latestAadtYear":2024,"latestDhv30":98,"latestKPercent":11,"latestDPercent":null,"latestVolumeCount":929,"latestVolumeDate":"2024-05-06","extractedAt":"2025-08-01T19:59:06Z"}},{"type":"Feature","geometry":{"type":"Point","coordinates":[-98.005227,32.805881]},"properties":{"locationId":"184CR230","locatedOn":"NAHOLDERS CHAPEL","locOnAlias":"","type":"SPOT","category":"INACTIVE","routeType":"","route":"","active":"No","fnctClass":"(7)Local","latestAadt":59,"latestAadtYear":2019,"latestDhv30":8,"latestKPercent":14,"latestDPercent":null,"latestVolumeCount":63,"latestVolumeDate":"2019-05-08","extractedAt":"2025-08-01T19:59:22Z"}},{"type":"Feature","geometry":{"type":"Point","coordinates":[-97.997002,32.754922]},"properties":{"locationId":"184CR233","locatedOn":"NACOOL JUNCTION","locOnAlias":"","type":"SPOT","category":"URBAN ACR","routeType":"","route":"","active":"Yes","fnctClass":"(7)Local","latestAadt":123,"latestAadtYear":2019,"latestDhv30":16,"latestKPercent":13,"latestDPercent":null,"latestVolumeCount":132,"latestVolumeDate":"2019-05-08","extractedAt":"2025-08-01T20:00:03Z"}},{"type":"Feature","geometry":{"type":"Point","coordinates":[-97.997002,32.754922]},"properties":{"locationId":"184CR233","locatedOn":"NACOOL JUNCTION","locOnAlias":"","type":"SPOT","category":"URBAN ACR","routeType":"","route":"","active":"Yes","fnctClass":"(7)Local","latestAadt":123,"latestAadtYear":2019,"latestDhv30":16,"latestKPercent":13,"latestDPercent":null,"latestVolumeCount":132,"latestVolumeDate":"2019-05-08","extractedAt":"2025-08-01T20:00:21Z"}},{"type":"Feature","geometry":{"type":"Point","coordinates":[-97.795421,32.76238]},"properties":{"locationId":"184CR301","locatedOn":"-","locOnAlias":"","type":"SPOT","category":"URBAN ACR","routeType":"","route":"","active":"Yes","fnctClass":"(5)Major Collector","latestAadt":4868,"latestAadtYear":2024,"latestDhv30":420,"latestKPercent":9,"latestDPercent":null,"latestVolumeCount":5115,"latestVolumeDate":"2024-05-21","extractedAt":"2025-08-01T20:14:57Z"}},{"type":"Feature","geometry":{"type":"Point","coordinates":[-97.795819,32.761376]},"properties":{"locationId":"184CR301A","locatedOn":"-","locOnAlias":"","type":"SPOT","category":"URBAN ACR","routeType":"","route":"","active":"Yes","fnctClass":"(7)Local","latestAadt":4804,"latestAadtYear":2024,"latestDhv30":403,"latestKPercent":8,"latestDPercent":null,"latestVolumeCount":4701,"latestVolumeDate":"2024-05-21","extractedAt":"2025-08-01T20:15:13Z"}},{"type":"Feature","geometry":{"type":"Point","coordinates":[-97.79234,32.756886]},"properties":{"locationId":"184CR301B","locatedOn":"-","locOnAlias":"","type":"SPOT","category":"INACTIVE","routeType":"","route":"","active":"No","fnctClass":"(7)Local","latestAadt":278,"latestAadtYear":2019,"latestDhv30":31,"latestKPercent":11,"latestDPercent":null,"latestVolumeCount":289,"latestVolumeDate":"2019-05-06","extractedAt":"2025-08-01T20:15:27Z"}},{"type":"Feature","geometry":{"type":"Point","coordinates":[-97.800308,32.763361]},"properties":{"locationId":"184CR302A","locatedOn":"-","locOnAlias":"","type":"SPOT","category":"URBAN ACR","routeType":"","route":"","active":"Yes","fnctClass":"(7)Local","latestAadt":97,"latestAadtYear":2019,"latestDhv30":13,"latestKPercent":13,"latestDPercent":null,"latestVolumeCount":100,"latestVolumeDate":"2019-05-06","extractedAt":"2025-08-01T20:15:40Z"}},{"type":"Feature","geometry":{"type":"Point","coordinates":[-97.801268,32.763394]},"properties":{"locationId":"184CR302B","locatedOn":"-","locOnAlias":"","type":"SPOT","category":"INACTIVE","routeType":"","route":"","active":"No","fnctClass":"(7)Local","latestAadt":64,"latestAadtYear":2019,"latestDhv30":9,"latestKPercent":14,"latestDPercent":null,"latestVolumeCount":66,"latestVolumeDate":"2019-05-06","extractedAt":"2025-08-01T20:15:54Z"}},{"type":"Feature","geometry":{"type":"Point","coordinates":[-97.795356,32.785678]},"properties":{"locationId":"184CR303","locatedOn":"-","locOnAlias":"","type":"SPOT","category":"URBAN ACR","routeType":"","route":"","active":"Yes","fnctClass":"(7)Local","latestAadt":809,"latestAadtYear":2024,"latestDhv30":88,"latestKPercent":11,"latestDPercent":null,"latestVolumeCount":821,"latestVolumeDate":"2024-05-22","extractedAt":"2025-08-01T20:16:09Z"}},{"type":"Feature","geometry":{"type":"Point","coordinates":[-97.7958,32.788445]},"properties":{"locationId":"184CR304","locatedOn":"Hawkins Lilly","locOnAlias":"184AA0660","type":"SPOT","category":"INACTIVE","routeType":"CR","route":"0000","active":"No","fnctClass":"(7)Local","latestAadt":600,"latestAadtYear":2009,"latestDhv30":null,"latestKPercent":null,"latestDPercent":null,"latestVolumeCount":null,"latestVolumeDate":null,"extractedAt":"2025-08-01T20:23:06Z"}},{"type":"Feature","geometry":{"type":"Point","coordinates":[-97.787602,32.794922]},"properties":{"locationId":"184CR305","locatedOn":"-","locOnAlias":"","type":"SPOT","category":"URBAN ACR","routeType":"","route":"","active":"Yes","fnctClass":"(7)Local","latestAadt":10603,"latestAadtYear":2024,"latestDhv30":null,"latestKPercent":null,"latestDPercent":null,"latestVolumeCount":873,"latestVolumeDate":"2019-05-06","extractedAt":"2025-08-01T20:23:21Z"}},{"type":"Feature","geometry":{"type":"Point","coordinates":[-97.772075,32.795909]},"properties":{"locationId":"184CR305A","locatedOn":"-","locOnAlias":"","type":"SPOT","category":"INACTIVE","routeType":"","route":"","active":"No","fnctClass":"(7)Local","latestAadt":548,"latestAadtYear":2014,"latestDhv30":64,"latestKPercent":12,"latestDPercent":null,"latestVolumeCount":571,"latestVolumeDate":"2014-04-23","extractedAt":"2025-08-01T20:23:37Z"}},{"type":"Feature","geometry":{"type":"Point","coordinates":[-97.770842,32.781492]},"properties":{"locationId":"184CR305B","locatedOn":"-","locOnAlias":"","type":"SPOT","category":"URBAN ACR","routeType":"","route":"","active":"Yes","fnctClass":"(5)Major Collector","latestAadt":1766,"latestAadtYear":2024,"latestDhv30":199,"latestKPercent":11,"latestDPercent":null,"latestVolumeCount":1862,"latestVolumeDate":"2024-05-22","extractedAt":"2025-08-01T20:23:53Z"}},{"type":"Feature","geometry":{"type":"Point","coordinates":[-97.766964,32.787457]},"properties":{"locationId":"184CR305C","locatedOn":"-","locOnAlias":"","type":"SPOT","category":"URBAN ACR","routeType":"","route":"","active":"Yes","fnctClass":"(7)Local","latestAadt":598,"latestAadtYear":2014,"latestDhv30":72,"latestKPercent":12,"latestDPercent":null,"latestVolumeCount":623,"latestVolumeDate":"2014-04-21","extractedAt":"2025-08-01T20:24:06Z"}},{"type":"Feature","geometry":{"type":"Point","coordinates":[-97.783521,32.804682]},"properties":{"locationId":"184CR306","locatedOn":"-","locOnAlias":"","type":"SPOT","category":"URBAN ACR","routeType":"","route":"","active":"Yes","fnctClass":"(7)Local","latestAadt":289,"latestAadtYear":2024,"latestDhv30":28,"latestKPercent":10,"latestDPercent":null,"latestVolumeCount":294,"latestVolumeDate":"2024-05-22","extractedAt":"2025-08-01T20:24:20Z"}},{"type":"Feature","geometry":{"type":"Point","coordinates":[-97.76926,32.82459]},"properties":{"locationId":"184CR307","locatedOn":"-","locOnAlias":"","type":"SPOT","category":"URBAN ACR","routeType":"","route":"","active":"Yes","fnctClass":"(7)Local","latestAadt":643,"latestAadtYear":2024,"latestDhv30":56,"latestKPercent":9,"latestDPercent":null,"latestVolumeCount":653,"latestVolumeDate":"2024-05-22","extractedAt":"2025-08-01T20:24:36Z"}},{"type":"Feature","geometry":{"type":"Point","coordinates":[-97.739499,32.766144]},"properties":{"locationId":"184CR312A","locatedOn":"-","locOnAlias":"","type":"SPOT","category":"INACTIVE","routeType":"","route":"","active":"No","fnctClass":"(7)Local","latestAadt":1670,"latestAadtYear":2009,"latestDhv30":null,"latestKPercent":null,"latestDPercent":null,"latestVolumeCount":null,"latestVolumeDate":null,"extractedAt":"2025-08-01T20:25:02Z"}},{"type":"Feature","geometry":{"type":"Point","coordinates":[-97.760035,32.736488]},"properties":{"locationId":"184CR329A","locatedOn":"-","locOnAlias":"","type":"SPOT","category":"URBAN ACR","routeType":"","route":"","active":"Yes","fnctClass":"(7)Local","latestAadt":4144,"latestAadtYear":2019,"latestDhv30":386,"latestKPercent":9,"latestDPercent":null,"latestVolumeCount":4497,"latestVolumeDate":"2019-05-15","extractedAt":"2025-08-01T20:48:48Z"}},{"type":"Feature","geometry":{"type":"Point","coordinates":[-97.747676,32.74402]},"properties":{"locationId":"184CR330","locatedOn":"-","locOnAlias":"","type":"SPOT","category":"URBAN ACR","routeType":"","route":"","active":"Yes","fnctClass":"(5)Major Collector","latestAadt":8741,"latestAadtYear":2024,"latestDhv30":972,"latestKPercent":11,"latestDPercent":null,"latestVolumeCount":8909,"latestVolumeDate":"2024-05-13","extractedAt":"2025-08-01T20:54:51Z"}},{"type":"Feature","geometry":{"type":"Point","coordinates":[-97.78432,32.72512]},"properties":{"locationId":"184CR331A","locatedOn":"-","locOnAlias":"","type":"SPOT","category":"URBAN ACR","routeType":"","route":"","active":"Yes","fnctClass":"(7)Local","latestAadt":1826,"latestAadtYear":2024,"latestDhv30":178,"latestKPercent":10,"latestDPercent":null,"latestVolumeCount":1830,"latestVolumeDate":"2024-05-15","extractedAt":"2025-08-01T20:55:07Z"}},{"type":"Feature","geometry":{"type":"Point","coordinates":[-97.824629,32.726613]},"properties":{"locationId":"184CR333","locatedOn":"-","locOnAlias":"","type":"SPOT","category":"URBAN ACR","routeType":"","route":"","active":"Yes","fnctClass":"(5)Major Collector","latestAadt":8832,"latestAadtYear":2024,"latestDhv30":653,"latestKPercent":7,"latestDPercent":null,"latestVolumeCount":9307,"latestVolumeDate":"2024-05-15","extractedAt":"2025-08-01T20:55:39Z"}},{"type":"Feature","geometry":{"type":"Point","coordinates":[-97.820168,32.742383]},"properties":{"locationId":"184CR333B","locatedOn":"-","locOnAlias":"","type":"SPOT","category":"URBAN ACR","routeType":"","route":"","active":"Yes","fnctClass":"(7)Local","latestAadt":1314,"latestAadtYear":2024,"latestDhv30":150,"latestKPercent":11,"latestDPercent":null,"latestVolumeCount":1323,"latestVolumeDate":"2024-05-08","extractedAt":"2025-08-01T20:55:54Z"}},{"type":"Feature","geometry":{"type":"Point","coordinates":[-97.824863,32.755281]},"properties":{"locationId":"184CR334","locatedOn":"-","locOnAlias":"","type":"SPOT","category":"URBAN ACR","routeType":"","route":"","active":"Yes","fnctClass":"(5)Major Collector","latestAadt":1242,"latestAadtYear":2024,"latestDhv30":110,"latestKPercent":9,"latestDPercent":null,"latestVolumeCount":1309,"latestVolumeDate":"2024-05-08","extractedAt":"2025-08-01T20:56:08Z"}},{"type":"Feature","geometry":{"type":"Point","coordinates":[-97.814531,32.757221]},"properties":{"locationId":"184CR334A","locatedOn":"-","locOnAlias":"","type":"SPOT","category":"URBAN ACR","routeType":"","route":"","active":"Yes","fnctClass":"(4)Minor Arterial","latestAadt":5562,"latestAadtYear":2019,"latestDhv30":726,"latestKPercent":13,"latestDPercent":null,"latestVolumeCount":6890,"latestVolumeDate":"2019-05-06","extractedAt":"2025-08-01T20:56:22Z"}},{"type":"Feature","geometry":{"type":"Point","coordinates":[-97.828602,32.764054]},"properties":{"locationId":"184CR336","locatedOn":"-","locOnAlias":"","type":"SPOT","category":"URBAN ACR","routeType":"","route":"","active":"Yes","fnctClass":"(7)Local","latestAadt":937,"latestAadtYear":2024,"latestDhv30":107,"latestKPercent":11,"latestDPercent":null,"latestVolumeCount":935,"latestVolumeDate":"2024-05-08","extractedAt":"2025-08-01T20:56:37Z"}},{"type":"Feature","geometry":{"type":"Point","coordinates":[-97.824383,32.786655]},"properties":{"locationId":"184CR337","locatedOn":"-","locOnAlias":"","type":"SPOT","category":"URBAN ACR","routeType":"","route":"","active":"Yes","fnctClass":"(7)Local","latestAadt":718,"latestAadtYear":2024,"latestDhv30":83,"latestKPercent":12,"latestDPercent":null,"latestVolumeCount":691,"latestVolumeDate":"2024-05-15","extractedAt":"2025-08-01T21:09:44Z"}},{"type":"Feature","geometry":{"type":"Point","coordinates":[-97.808826,32.778757]},"properties":{"locationId":"184CR337A","locatedOn":"-","locOnAlias":"","type":"SPOT","category":"URBAN ACR","routeType":"","route":"","active":"Yes","fnctClass":"(7)Local","latestAadt":1210,"latestAadtYear":2024,"latestDhv30":135,"latestKPercent":11,"latestDPercent":null,"latestVolumeCount":1168,"latestVolumeDate":"2024-05-15","extractedAt":"2025-08-01T21:09:58Z"}},{"type":"Feature","geometry":{"type":"Point","coordinates":[-97.810755,32.792269]},"properties":{"locationId":"184CR338","locatedOn":"-","locOnAlias":"","type":"SPOT","category":"URBAN ACR","routeType":"","route":"","active":"Yes","fnctClass":"(7)Local","latestAadt":665,"latestAadtYear":2024,"latestDhv30":59,"latestKPercent":9,"latestDPercent":null,"latestVolumeCount":641,"latestVolumeDate":"2024-05-15","extractedAt":"2025-08-01T21:10:14Z"}},{"type":"Feature","geometry":{"type":"Point","coordinates":[-97.825573,32.824601]},"properties":{"locationId":"184CR339A","locatedOn":"-","locOnAlias":"","type":"SPOT","category":"URBAN ACR","routeType":"","route":"","active":"Yes","fnctClass":"(7)Local","latestAadt":925,"latestAadtYear":2024,"latestDhv30":76,"latestKPercent":8,"latestDPercent":null,"latestVolumeCount":890,"latestVolumeDate":"2024-05-15","extractedAt":"2025-08-01T21:10:28Z"}},{"type":"Feature","geometry":{"type":"Point","coordinates":[-97.841117,32.808479]},"properties":{"locationId":"184CR339B","locatedOn":"-","locOnAlias":"","type":"SPOT","category":"URBAN ACR","routeType":"","route":"","active":"Yes","fnctClass":"(7)Local","latestAadt":678,"latestAadtYear":2024,"latestDhv30":57,"latestKPercent":8,"latestDPercent":null,"latestVolumeCount":652,"latestVolumeDate":"2024-05-15","extractedAt":"2025-08-01T21:10:46Z"}},{"type":"Feature","geometry":{"type":"Point","coordinates":[-97.743175,32.799881]},"properties":{"locationId":"184CR52C","locatedOn":"-","locOnAlias":"","type":"SPOT","category":"URBAN ACR","routeType":"","route":"","active":"Yes","fnctClass":"(7)Local","latestAadt":478,"latestAadtYear":2024,"latestDhv30":45,"latestKPercent":10,"latestDPercent":null,"latestVolumeCount":467,"latestVolumeDate":"2024-05-22","extractedAt":"2025-08-01T21:25:46Z"}},{"type":"Feature","geometry":{"type":"Point","coordinates":[-97.789916,32.68645]},"properties":{"locationId":"184CR66A","locatedOn":"-","locOnAlias":"","type":"SPOT","category":"URBAN ACR","routeType":"","route":"","active":"Yes","fnctClass":"(6)Minor Collector","latestAadt":4849,"latestAadtYear":2024,"latestDhv30":495,"latestKPercent":10,"latestDPercent":null,"latestVolumeCount":5026,"latestVolumeDate":"2024-05-15","extractedAt":"2025-08-01T21:26:32Z"}},{"type":"Feature","geometry":{"type":"Point","coordinates":[-97.799667,32.6921]},"properties":{"locationId":"184CR83A","locatedOn":"-","locOnAlias":"","type":"SPOT","category":"URBAN ACR","routeType":"","route":"","active":"Yes","fnctClass":"(7)Local","latestAadt":241,"latestAadtYear":2024,"latestDhv30":22,"latestKPercent":9,"latestDPercent":null,"latestVolumeCount":241,"latestVolumeDate":"2024-05-15","extractedAt":"2025-08-01T23:10:17Z"}},{"type":"Feature","geometry":{"type":"Point","coordinates":[-97.82702,32.694335]},"properties":{"locationId":"184CR84","locatedOn":"-","locOnAlias":"","type":"SPOT","category":"URBAN ACR","routeType":"","route":"","active":"Yes","fnctClass":"(6)Minor Collector","latestAadt":645,"latestAadtYear":2024,"latestDhv30":56,"latestKPercent":9,"latestDPercent":null,"latestVolumeCount":668,"latestVolumeDate":"2024-05-15","extractedAt":"2025-08-01T23:10:32Z"}},{"type":"Feature","geometry":{"type":"Point","coordinates":[-97.854556,32.692137]},"properties":{"locationId":"184CR84A","locatedOn":"-","locOnAlias":"","type":"SPOT","category":"URBAN ACR","routeType":"","route":"","active":"Yes","fnctClass":"(6)Minor Collector","latestAadt":1649,"latestAadtYear":2024,"latestDhv30":138,"latestKPercent":8,"latestDPercent":null,"latestVolumeCount":1708,"latestVolumeDate":"2024-05-15","extractedAt":"2025-08-01T23:10:48Z"}},{"type":"Feature","geometry":{"type":"Point","coordinates":[-97.850064,32.720413]},"properties":{"locationId":"184CR89A","locatedOn":"-","locOnAlias":"","type":"SPOT","category":"URBAN ACR","routeType":"","route":"","active":"Yes","fnctClass":"(7)Local","latestAadt":423,"latestAadtYear":2024,"latestDhv30":55,"latestKPercent":13,"latestDPercent":null,"latestVolumeCount":420,"latestVolumeDate":"2024-05-15","extractedAt":"2025-08-01T23:11:02Z"}},{"type":"Feature","geometry":{"type":"Point","coordinates":[-97.874438,32.722099]},"properties":{"locationId":"184CR90","locatedOn":"-","locOnAlias":"","type":"SPOT","category":"URBAN ACR","routeType":"","route":"","active":"Yes","fnctClass":"(6)Minor Collector","latestAadt":6288,"latestAadtYear":2024,"latestDhv30":588,"latestKPercent":9,"latestDPercent":null,"latestVolumeCount":6504,"latestVolumeDate":"2024-05-15","extractedAt":"2025-08-01T23:12:18Z"}},{"type":"Feature","geometry":{"type":"Point","coordinates":[-97.908217,32.661555]},"properties":{"locationId":"184CR91","locatedOn":"-","locOnAlias":"","type":"SPOT","category":"URBAN ACR","routeType":"","route":"","active":"Yes","fnctClass":"(6)Minor Collector","latestAadt":3794,"latestAadtYear":2024,"latestDhv30":432,"latestKPercent":11,"latestDPercent":null,"latestVolumeCount":3914,"latestVolumeDate":"2024-05-15","extractedAt":"2025-08-01T23:12:31Z"}},{"type":"Feature","geometry":{"type":"Point","coordinates":[-97.887788,32.68732]},"properties":{"locationId":"184CR91A","locatedOn":"-","locOnAlias":"","type":"SPOT","category":"INACTIVE","routeType":"","route":"","active":"No","fnctClass":"(6)Minor Collector","latestAadt":3732,"latestAadtYear":2019,"latestDhv30":358,"latestKPercent":10,"latestDPercent":null,"latestVolumeCount":4103,"latestVolumeDate":"2019-05-15","extractedAt":"2025-08-01T23:29:51Z"}},{"type":"Feature","geometry":{"type":"Point","coordinates":[-97.908631,32.637761]},"properties":{"locationId":"184CR92","locatedOn":"Old Dennis","locOnAlias":"184AA0411","type":"SPOT","category":"URBAN ACR","routeType":"CR","route":"0000","active":"Yes","fnctClass":"(6)Minor Collector","latestAadt":811,"latestAadtYear":2024,"latestDhv30":85,"latestKPercent":11,"latestDPercent":null,"latestVolumeCount":837,"latestVolumeDate":"2024-05-15","extractedAt":"2025-08-01T23:30:06Z"}},{"type":"Feature","geometry":{"type":"Point","coordinates":[-97.921897,32.588898]},"properties":{"locationId":"184CR94","locatedOn":"-","locOnAlias":"","type":"SPOT","category":"URBAN ACR","routeType":"","route":"","active":"Yes","fnctClass":"(7)Local","latestAadt":342,"latestAadtYear":2024,"latestDhv30":34,"latestKPercent":10,"latestDPercent":null,"latestVolumeCount":338,"latestVolumeDate":"2024-05-15","extractedAt":"2025-08-01T23:30:21Z"}},{"type":"Feature","geometry":{"type":"Point","coordinates":[-97.907706,32.590886]},"properties":{"locationId":"184CR94A","locatedOn":"-","locOnAlias":"","type":"SPOT","category":"URBAN ACR","routeType":"","route":"","active":"Yes","fnctClass":"(7)Local","latestAadt":130,"latestAadtYear":2024,"latestDhv30":12,"latestKPercent":10,"latestDPercent":null,"latestVolumeCount":129,"latestVolumeDate":"2024-05-15","extractedAt":"2025-08-01T23:30:37Z"}},{"type":"Feature","geometry":{"type":"Point","coordinates":[-97.896595,32.591928]},"properties":{"locationId":"184CR94B","locatedOn":"-","locOnAlias":"","type":"SPOT","category":"INACTIVE","routeType":"","route":"","active":"No","fnctClass":"(7)Local","latestAadt":38,"latestAadtYear":2019,"latestDhv30":6,"latestKPercent":16,"latestDPercent":null,"latestVolumeCount":41,"latestVolumeDate":"2019-05-15","extractedAt":"2025-08-01T23:30:52Z"}},{"type":"Feature","geometry":{"type":"Point","coordinates":[-97.932638,32.624226]},"properties":{"locationId":"184CR95","locatedOn":"-","locOnAlias":"","type":"SPOT","category":"URBAN ACR","routeType":"","route":"","active":"Yes","fnctClass":"(7)Local","latestAadt":648,"latestAadtYear":2024,"latestDhv30":81,"latestKPercent":13,"latestDPercent":null,"latestVolumeCount":641,"latestVolumeDate":"2024-05-15","extractedAt":"2025-08-01T23:31:05Z"}},{"type":"Feature","geometry":{"type":"Point","coordinates":[-97.943427,32.639564]},"properties":{"locationId":"184CR95A","locatedOn":"-","locOnAlias":"","type":"SPOT","category":"INACTIVE","routeType":"","route":"","active":"No","fnctClass":"(7)Local","latestAadt":76,"latestAadtYear":2014,"latestDhv30":14,"latestKPercent":18,"latestDPercent":null,"latestVolumeCount":79,"latestVolumeDate":"2014-04-23","extractedAt":"2025-08-01T23:31:19Z"}},{"type":"Feature","geometry":{"type":"Point","coordinates":[-97.942258,32.669622]},"properties":{"locationId":"184CR96","locatedOn":"-","locOnAlias":"","type":"SPOT","category":"URBAN ACR","routeType":"","route":"","active":"Yes","fnctClass":"(7)Local","latestAadt":2093,"latestAadtYear":2024,"latestDhv30":315,"latestKPercent":15,"latestDPercent":null,"latestVolumeCount":2061,"latestVolumeDate":"2024-05-15","extractedAt":"2025-08-01T23:31:37Z"}},{"type":"Feature","geometry":{"type":"Point","coordinates":[-97.950786,32.671943]},"properties":{"locationId":"184CR97","locatedOn":"-","locOnAlias":"","type":"SPOT","category":"URBAN ACR","routeType":"","route":"","active":"Yes","fnctClass":"(7)Local","latestAadt":2019,"latestAadtYear":2024,"latestDhv30":226,"latestKPercent":11,"latestDPercent":null,"latestVolumeCount":1982,"latestVolumeDate":"2024-05-15","extractedAt":"2025-08-01T23:31:53Z"}},{"type":"Feature","geometry":{"type":"Point","coordinates":[-97.955161,32.6995]},"properties":{"locationId":"184CR99","locatedOn":"-","locOnAlias":"","type":"SPOT","category":"URBAN ACR","routeType":"","route":"","active":"Yes","fnctClass":"(7)Local","latestAadt":2615,"latestAadtYear":2024,"latestDhv30":417,"latestKPercent":16,"latestDPercent":null,"latestVolumeCount":2585,"latestVolumeDate":"2024-05-15","extractedAt":"2025-08-01T23:32:08Z"}},{"type":"Feature","geometry":{"type":"Point","coordinates":[-97.854696,32.827053]},"properties":{"locationId":"184D1","locatedOn":"FM0920","locOnAlias":"FM0920-KG","type":"SPOT","category":"ANNUAL ACR","routeType":"FM","route":"0920","active":"Yes","fnctClass":"(5)Major Collector","latestAadt":102573,"latestAadtYear":2024,"latestDhv30":null,"latestKPercent":null,"latestDPercent":null,"latestVolumeCount":10386,"latestVolumeDate":"2023-07-19","extractedAt":"2025-08-01T23:37:44Z"}},{"type":"Feature","geometry":{"type":"Point","coordinates":[-97.844212,32.728584]},"properties":{"locationId":"184D48WBSR","locatedOn":"IH0020","locOnAlias":"IH0020-XG","type":"SPOT","category":"ANNUAL ACR","routeType":"IH","route":"0020","active":"Yes","fnctClass":"(5)Major Collector","latestAadt":519,"latestAadtYear":2024,"latestDhv30":119,"latestKPercent":23,"latestDPercent":null,"latestVolumeCount":555,"latestVolumeDate":"2024-05-08","extractedAt":"2025-08-01T23:40:57Z"}},{"type":"Feature","geometry":{"type":"Point","coordinates":[-97.791813,32.758731]},"properties":{"locationId":"184D5AEBSR","locatedOn":"US0180","locOnAlias":"US0180-AG","type":"SPOT","category":"ANNUAL ACR","routeType":"US","route":"0180","active":"Yes","fnctClass":"(7)Local","latestAadt":120,"latestAadtYear":2024,"latestDhv30":14,"latestKPercent":12,"latestDPercent":null,"latestVolumeCount":131,"latestVolumeDate":"2024-05-13","extractedAt":"2025-08-01T23:43:53Z"}},{"type":"Feature","geometry":{"type":"Point","coordinates":[-97.791813,32.759004]},"properties":{"locationId":"184D5AWBSR","locatedOn":"US0180","locOnAlias":"US0180-XG","type":"SPOT","category":"ANNUAL ACR","routeType":"US","route":"0180","active":"Yes","fnctClass":"(7)Local","latestAadt":101,"latestAadtYear":2024,"latestDhv30":11,"latestKPercent":11,"latestDPercent":null,"latestVolumeCount":110,"latestVolumeDate":"2024-05-13","extractedAt":"2025-08-01T23:49:29Z"}},{"type":"Feature","geometry":{"type":"Point","coordinates":[-97.788549,32.758667]},"properties":{"locationId":"184D6EBSR","locatedOn":"US0180","locOnAlias":"US0180-AG","type":"SPOT","category":"ANNUAL ACR","routeType":"US","route":"0180","active":"Yes","fnctClass":"(7)Local","latestAadt":202,"latestAadtYear":2024,"latestDhv30":40,"latestKPercent":20,"latestDPercent":null,"latestVolumeCount":217,"latestVolumeDate":"2024-05-13","extractedAt":"2025-08-01T23:50:16Z"}},{"type":"Feature","geometry":{"type":"Point","coordinates":[-97.788544,32.758985]},"properties":{"locationId":"184D6WBSR","locatedOn":"US0180","locOnAlias":"Fort Worth Highway","type":"SPOT","category":"ANNUAL ACR","routeType":"US","route":"0180","active":"Yes","fnctClass":"(7)Local","latestAadt":159,"latestAadtYear":2024,"latestDhv30":23,"latestKPercent":15,"latestDPercent":null,"latestVolumeCount":174,"latestVolumeDate":"2024-05-13","extractedAt":"2025-08-01T23:50:28Z"}},{"type":"Feature","geometry":{"type":"Point","coordinates":[-97.759536,32.570529]},"properties":{"locationId":"184D8","locatedOn":"FM0051","locOnAlias":"","type":"SPOT","category":"INACTIVE","routeType":"","route":"","active":"No","fnctClass":"(4)Minor Arterial","latestAadt":6522,"latestAadtYear":2020,"latestDhv30":636,"latestKPercent":10,"latestDPercent":null,"latestVolumeCount":7173,"latestVolumeDate":"2020-08-19","extractedAt":"2025-08-01T23:51:13Z"}},{"type":"Feature","geometry":{"type":"Point","coordinates":[-98.039351,32.811388]},"properties":{"locationId":"184FS100","locatedOn":"PR0071","locOnAlias":"PR0071-KG","type":"SPOT","category":"INACTIVE","routeType":"PR","route":"0071","active":"No","fnctClass":"(5)Major Collector","latestAadt":118,"latestAadtYear":2014,"latestDhv30":19,"latestKPercent":21,"latestDPercent":null,"latestVolumeCount":123,"latestVolumeDate":"2014-04-21","extractedAt":"2025-08-01T23:58:48Z"}},{"type":"Feature","geometry":{"type":"Point","coordinates":[-97.783504,32.757531]},"properties":{"locationId":"184FS101","locatedOn":"E Oak St","locOnAlias":"1250476","type":"SPOT","category":"URBAN ACR","routeType":"LS","route":"0000","active":"Yes","fnctClass":"(7)Local","latestAadt":918,"latestAadtYear":2024,"latestDhv30":86,"latestKPercent":9,"latestDPercent":null,"latestVolumeCount":903,"latestVolumeDate":"2024-05-21","extractedAt":"2025-08-01T23:59:03Z"}},{"type":"Feature","geometry":{"type":"Point","coordinates":[-97.811618,32.748288]},"properties":{"locationId":"184FS103","locatedOn":"Charles St","locOnAlias":"1250407","type":"SPOT","category":"URBAN ACR","routeType":"LS","route":"0000","active":"Yes","fnctClass":"(7)Local","latestAadt":2889,"latestAadtYear":2024,"latestDhv30":642,"latestKPercent":22,"latestDPercent":null,"latestVolumeCount":2923,"latestVolumeDate":"2024-05-08","extractedAt":"2025-08-01T23:59:18Z"}},{"type":"Feature","geometry":{"type":"Point","coordinates":[-97.802181,32.759497]},"properties":{"locationId":"184FS104","locatedOn":"FC0000","locOnAlias":"267324","type":"SPOT","category":"URBAN ACR","routeType":"FC","route":"0000","active":"Yes","fnctClass":"(5)Major Collector","latestAadt":31203,"latestAadtYear":2022,"latestDhv30":null,"latestKPercent":null,"latestDPercent":null,"latestVolumeCount":2308,"latestVolumeDate":"2014-04-23","extractedAt":"2025-08-01T23:59:34Z"}},{"type":"Feature","geometry":{"type":"Point","coordinates":[-97.825033,32.57275]},"properties":{"locationId":"184FS15","locatedOn":"CR0000","locOnAlias":"184AA0609","type":"SPOT","category":"INACTIVE","routeType":"CR","route":"0000","active":"No","fnctClass":"(7)Local","latestAadt":37,"latestAadtYear":2019,"latestDhv30":9,"latestKPercent":24,"latestDPercent":null,"latestVolumeCount":40,"latestVolumeDate":"2019-05-15","extractedAt":"2025-08-02T00:10:24Z"}},{"type":"Feature","geometry":{"type":"Point","coordinates":[-97.905504,32.723962]},"properties":{"locationId":"184FS16","locatedOn":"CR0000","locOnAlias":"184AA0507","type":"SPOT","category":"INACTIVE","routeType":"CR","route":"0000","active":"No","fnctClass":"(7)Local","latestAadt":24,"latestAadtYear":2019,"latestDhv30":6,"latestKPercent":25,"latestDPercent":null,"latestVolumeCount":26,"latestVolumeDate":"2019-05-15","extractedAt":"2025-08-02T00:10:38Z"}},{"type":"Feature","geometry":{"type":"Point","coordinates":[-97.806398,32.823416]},"properties":{"locationId":"184FS18","locatedOn":"CR0000","locOnAlias":"184AA1102","type":"SPOT","category":"INACTIVE","routeType":"CR","route":"0000","active":"No","fnctClass":"(7)Local","latestAadt":121,"latestAadtYear":2019,"latestDhv30":18,"latestKPercent":15,"latestDPercent":null,"latestVolumeCount":126,"latestVolumeDate":"2019-05-13","extractedAt":"2025-08-02T00:10:51Z"}},{"type":"Feature","geometry":{"type":"Point","coordinates":[-97.788866,32.78478]},"properties":{"locationId":"184FS20","locatedOn":"CR0000","locOnAlias":"184AA0656","type":"SPOT","category":"INACTIVE","routeType":"CR","route":"0000","active":"No","fnctClass":"(7)Local","latestAadt":198,"latestAadtYear":2019,"latestDhv30":22,"latestKPercent":11,"latestDPercent":null,"latestVolumeCount":209,"latestVolumeDate":"2019-05-06","extractedAt":"2025-08-02T00:11:07Z"}},{"type":"Feature","geometry":{"type":"Point","coordinates":[-97.760253,32.792721]},"properties":{"locationId":"184FS25","locatedOn":"CR0000","locOnAlias":"184AA0261","type":"SPOT","category":"INACTIVE","routeType":"CR","route":"0000","active":"No","fnctClass":"(5)Major Collector","latestAadt":651,"latestAadtYear":2014,"latestDhv30":101,"latestKPercent":16,"latestDPercent":null,"latestVolumeCount":844,"latestVolumeDate":"2014-04-21","extractedAt":"2025-08-02T00:11:54Z"}},{"type":"Feature","geometry":{"type":"Point","coordinates":[-97.751239,32.777863]},"properties":{"locationId":"184FS29","locatedOn":"CR0000","locOnAlias":"184AA1039","type":"SPOT","category":"INACTIVE","routeType":"CR","route":"0000","active":"No","fnctClass":"(7)Local","latestAadt":26,"latestAadtYear":2019,"latestDhv30":6,"latestKPercent":23,"latestDPercent":null,"latestVolumeCount":27,"latestVolumeDate":"2019-05-06","extractedAt":"2025-08-02T00:12:40Z"}},{"type":"Feature","geometry":{"type":"Point","coordinates":[-97.820035,32.574146]},"properties":{"locationId":"184FS3","locatedOn":"CR0000","locOnAlias":"184AA0602","type":"SPOT","category":"INACTIVE","routeType":"CR","route":"0000","active":"No","fnctClass":"(7)Local","latestAadt":38,"latestAadtYear":2019,"latestDhv30":5,"latestKPercent":13,"latestDPercent":null,"latestVolumeCount":41,"latestVolumeDate":"2019-05-15","extractedAt":"2025-08-02T00:33:01Z"}},{"type":"Feature","geometry":{"type":"Point","coordinates":[-98.008044,32.748652]},"properties":{"locationId":"184FS314","locatedOn":"LS0000","locOnAlias":"1173002","type":"SPOT","category":"INACTIVE","routeType":"LS","route":"0000","active":"No","fnctClass":"(7)Local","latestAadt":133,"latestAadtYear":2019,"latestDhv30":16,"latestKPercent":12,"latestDPercent":null,"latestVolumeCount":143,"latestVolumeDate":"2019-05-08","extractedAt":"2025-08-02T00:41:24Z"}},{"type":"Feature","geometry":{"type":"Point","coordinates":[-98.00813,32.750033]},"properties":{"locationId":"184FS317","locatedOn":"LS0000","locOnAlias":"1173001","type":"SPOT","category":"URBAN ACR","routeType":"LS","route":"0000","active":"Yes","fnctClass":"(7)Local","latestAadt":107,"latestAadtYear":2019,"latestDhv30":30,"latestKPercent":28,"latestDPercent":null,"latestVolumeCount":115,"latestVolumeDate":"2019-05-08","extractedAt":"2025-08-02T00:42:09Z"}},{"type":"Feature","geometry":{"type":"Point","coordinates":[-97.932354,32.839393]},"properties":{"locationId":"184FS39","locatedOn":"CR0000","locOnAlias":"184AA0233","type":"SPOT","category":"INACTIVE","routeType":"CR","route":"0000","active":"No","fnctClass":"(7)Local","latestAadt":13,"latestAadtYear":2019,"latestDhv30":3,"latestKPercent":23,"latestDPercent":null,"latestVolumeCount":14,"latestVolumeDate":"2019-05-15","extractedAt":"2025-08-02T00:54:55Z"}},{"type":"Feature","geometry":{"type":"Point","coordinates":[-97.816337,32.626804]},"properties":{"locationId":"184FS4","locatedOn":"CR0000","locOnAlias":"184AA0959","type":"SPOT","category":"INACTIVE","routeType":"CR","route":"0000","active":"No","fnctClass":"(7)Local","latestAadt":291,"latestAadtYear":2019,"latestDhv30":32,"latestKPercent":11,"latestDPercent":null,"latestVolumeCount":314,"latestVolumeDate":"2019-05-15","extractedAt":"2025-08-02T00:55:08Z"}},{"type":"Feature","geometry":{"type":"Point","coordinates":[-97.816337,32.626804]},"properties":{"locationId":"184FS4","locatedOn":"CR0000","locOnAlias":"184AA0959","type":"SPOT","category":"INACTIVE","routeType":"CR","route":"0000","active":"No","fnctClass":"(7)Local","latestAadt":291,"latestAadtYear":2019,"latestDhv30":32,"latestKPercent":11,"latestDPercent":null,"latestVolumeCount":314,"latestVolumeDate":"2019-05-15","extractedAt":"2025-08-02T01:10:27Z"}},{"type":"Feature","geometry":{"type":"Point","coordinates":[-97.764587,32.833518]},"properties":{"locationId":"184H2","locatedOn":"FM0051","locOnAlias":"FM0051-KG","type":"SPOT","category":"ANNUAL ACR","routeType":"FM","route":"0051","active":"Yes","fnctClass":"(4)Minor Arterial","latestAadt":10761,"latestAadtYear":2024,"latestDhv30":947,"latestKPercent":9,"latestDPercent":null,"latestVolumeCount":11885,"latestVolumeDate":"2024-05-22","extractedAt":"2025-08-02T03:30:51Z"}},{"type":"Feature","geometry":{"type":"Point","coordinates":[-97.771911,32.733979]},"properties":{"locationId":"184H2001","locatedOn":"IH0020","locOnAlias":"IH0020-KG","type":"SPOT","category":"ANNUAL ACR","routeType":"IH","route":"0020","active":"Yes","fnctClass":"(1)Interstate","latestAadt":716488,"latestAadtYear":2024,"latestDhv30":null,"latestKPercent":null,"latestDPercent":null,"latestVolumeCount":null,"latestVolumeDate":null,"extractedAt":"2025-08-02T03:36:41Z"}},{"type":"Feature","geometry":{"type":"Point","coordinates":[-97.772075,32.733483]},"properties":{"locationId":"184H2001EBSR","locatedOn":"IH0020","locOnAlias":"IH0020-AG","type":"SPOT","category":"ANNUAL ACR","routeType":"IH","route":"0020","active":"Yes","fnctClass":"(5)Major Collector","latestAadt":2977,"latestAadtYear":2024,"latestDhv30":356,"latestKPercent":12,"latestDPercent":null,"latestVolumeCount":3184,"latestVolumeDate":"2024-05-08","extractedAt":"2025-08-02T03:36:54Z"}},{"type":"Feature","geometry":{"type":"Point","coordinates":[-97.771981,32.734354]},"properties":{"locationId":"184H2001WBSR","locatedOn":"IH0020","locOnAlias":"IH0020-XG","type":"SPOT","category":"ANNUAL ACR","routeType":"IH","route":"0020","active":"Yes","fnctClass":"(5)Major Collector","latestAadt":3416,"latestAadtYear":2024,"latestDhv30":321,"latestKPercent":9,"latestDPercent":null,"latestVolumeCount":3654,"latestVolumeDate":"2024-05-08","extractedAt":"2025-08-02T03:37:08Z"}},{"type":"Feature","geometry":{"type":"Point","coordinates":[-97.815129,32.727921]},"properties":{"locationId":"184H2002","locatedOn":"IH0020","locOnAlias":"IH0020-KG","type":"SPOT","category":"ANNUAL ACR","routeType":"IH","route":"0020","active":"Yes","fnctClass":"(1)Interstate","latestAadt":499558,"latestAadtYear":2024,"latestDhv30":null,"latestKPercent":null,"latestDPercent":null,"latestVolumeCount":null,"latestVolumeDate":null,"extractedAt":"2025-08-02T03:37:24Z"}},{"type":"Feature","geometry":{"type":"Point","coordinates":[-97.814681,32.72752]},"properties":{"locationId":"184H2002EBSR","locatedOn":"IH0020","locOnAlias":"IH0020-AG","type":"SPOT","category":"ANNUAL ACR","routeType":"IH","route":"0020","active":"Yes","fnctClass":"(5)Major Collector","latestAadt":103163,"latestAadtYear":2024,"latestDhv30":null,"latestKPercent":null,"latestDPercent":null,"latestVolumeCount":10939,"latestVolumeDate":"2023-07-19","extractedAt":"2025-08-02T03:37:38Z"}},{"type":"Feature","geometry":{"type":"Point","coordinates":[-97.814616,32.728251]},"properties":{"locationId":"184H2002WBSR","locatedOn":"IH0020","locOnAlias":"IH0020-XG","type":"SPOT","category":"ANNUAL ACR","routeType":"IH","route":"0020","active":"Yes","fnctClass":"(5)Major Collector","latestAadt":127383,"latestAadtYear":2024,"latestDhv30":null,"latestKPercent":null,"latestDPercent":null,"latestVolumeCount":13354,"latestVolumeDate":"2023-07-19","extractedAt":"2025-08-02T03:37:53Z"}},{"type":"Feature","geometry":{"type":"Point","coordinates":[-97.739513,32.773848]},"properties":{"locationId":"184H21","locatedOn":"FM0730","locOnAlias":"FM0730-KG","type":"SPOT","category":"ANNUAL ACR","routeType":"FM","route":"0730","active":"Yes","fnctClass":"(5)Major Collector","latestAadt":105643,"latestAadtYear":2024,"latestDhv30":null,"latestKPercent":null,"latestDPercent":null,"latestVolumeCount":10451,"latestVolumeDate":"2023-07-19","extractedAt":"2025-08-02T03:38:54Z"}},{"type":"Feature","geometry":{"type":"Point","coordinates":[-97.813966,32.721591]},"properties":{"locationId":"184HP6005","locatedOn":"WBB FIELDER","locOnAlias":"","type":"SPOT","category":"URBAN ACR","routeType":"","route":"","active":"Yes","fnctClass":"(6)Minor Collector","latestAadt":2746,"latestAadtYear":2024,"latestDhv30":332,"latestKPercent":12,"latestDPercent":74,"latestVolumeCount":2854,"latestVolumeDate":"2024-05-15","extractedAt":"2025-08-02T12:43:49Z"}},{"type":"Feature","geometry":{"type":"Point","coordinates":[-97.760267,32.792736]},"properties":{"locationId":"184HP7","locatedOn":"Upper Denton","locOnAlias":"184AA0261","type":"SPOT","category":"ANNUAL ACR","routeType":"CR","route":"0000","active":"Yes","fnctClass":"(6)Minor Collector","latestAadt":1281,"latestAadtYear":2024,"latestDhv30":119,"latestKPercent":9,"latestDPercent":66,"latestVolumeCount":1283,"latestVolumeDate":"2024-05-15","extractedAt":"2025-08-02T12:44:07Z"}},{"type":"Feature","geometry":{"type":"Point","coordinates":[-97.79984,32.735232]},"properties":{"locationId":"184HP8001","locatedOn":"Tin Top","locOnAlias":"250317","type":"SPOT","category":"URBAN ACR","routeType":"FC","route":"0000","active":"Yes","fnctClass":"(5)Major Collector","latestAadt":5978,"latestAadtYear":2024,"latestDhv30":null,"latestKPercent":null,"latestDPercent":null,"latestVolumeCount":5970,"latestVolumeDate":"2019-05-06","extractedAt":"2025-08-02T12:44:34Z"}},{"type":"Feature","geometry":{"type":"Point","coordinates":[-97.797863,32.725584]},"properties":{"locationId":"184HP8001A","locatedOn":"Tin Top","locOnAlias":"250317","type":"SPOT","category":"URBAN ACR","routeType":"FC","route":"0000","active":"Yes","fnctClass":"(5)Major Collector","latestAadt":5536,"latestAadtYear":2024,"latestDhv30":556,"latestKPercent":10,"latestDPercent":null,"latestVolumeCount":5833,"latestVolumeDate":"2024-05-15","extractedAt":"2025-08-02T12:44:50Z"}},{"type":"Feature","geometry":{"type":"Point","coordinates":[-97.797975,32.76979]},"properties":{"locationId":"184HP8004","locatedOn":"1st St","locOnAlias":"1250784","type":"SPOT","category":"URBAN ACR","routeType":"LS","route":"0000","active":"Yes","fnctClass":"(7)Local","latestAadt":723,"latestAadtYear":2014,"latestDhv30":68,"latestKPercent":9,"latestDPercent":null,"latestVolumeCount":753,"latestVolumeDate":"2014-04-23","extractedAt":"2025-08-02T12:45:05Z"}},{"type":"Feature","geometry":{"type":"Point","coordinates":[-97.791781,32.769734]},"properties":{"locationId":"184HP8005","locatedOn":"1st St","locOnAlias":"1250459","type":"SPOT","category":"URBAN ACR","routeType":"LS","route":"0000","active":"Yes","fnctClass":"(7)Local","latestAadt":511,"latestAadtYear":2024,"latestDhv30":43,"latestKPercent":9,"latestDPercent":null,"latestVolumeCount":501,"latestVolumeDate":"2024-05-21","extractedAt":"2025-08-02T12:45:19Z"}},{"type":"Feature","geometry":{"type":"Point","coordinates":[-97.777248,32.760565]},"properties":{"locationId":"184HP8007","locatedOn":"Jameson","locOnAlias":"250320","type":"SPOT","category":"URBAN ACR","routeType":"FC","route":"0000","active":"Yes","fnctClass":"(5)Major Collector","latestAadt":2380,"latestAadtYear":2024,"latestDhv30":275,"latestKPercent":12,"latestDPercent":null,"latestVolumeCount":2500,"latestVolumeDate":"2024-05-21","extractedAt":"2025-08-02T12:45:32Z"}},{"type":"Feature","geometry":{"type":"Point","coordinates":[-97.79233,32.764714]},"properties":{"locationId":"184HP8009","locatedOn":"Rusk","locOnAlias":"267487","type":"SPOT","category":"URBAN ACR","routeType":"FC","route":"0000","active":"Yes","fnctClass":"(5)Major Collector","latestAadt":967,"latestAadtYear":2024,"latestDhv30":94,"latestKPercent":10,"latestDPercent":null,"latestVolumeCount":1016,"latestVolumeDate":"2024-05-21","extractedAt":"2025-08-02T12:45:46Z"}},{"type":"Feature","geometry":{"type":"Point","coordinates":[-97.804031,32.748865]},"properties":{"locationId":"184HP8017","locatedOn":"S Lamar St","locOnAlias":"250321","type":"SPOT","category":"URBAN ACR","routeType":"FC","route":"0000","active":"Yes","fnctClass":"(5)Major Collector","latestAadt":1469,"latestAadtYear":2024,"latestDhv30":177,"latestKPercent":12,"latestDPercent":null,"latestVolumeCount":1547,"latestVolumeDate":"2024-05-08","extractedAt":"2025-08-02T12:51:20Z"}},{"type":"Feature","geometry":{"type":"Point","coordinates":[-97.792281,32.772873]},"properties":{"locationId":"184HP8021","locatedOn":"Rusk","locOnAlias":"267487","type":"SPOT","category":"INACTIVE","routeType":"FC","route":"0000","active":"No","fnctClass":"(5)Major Collector","latestAadt":391,"latestAadtYear":2019,"latestDhv30":66,"latestKPercent":17,"latestDPercent":null,"latestVolumeCount":473,"latestVolumeDate":"2019-05-06","extractedAt":"2025-08-02T12:51:35Z"}},{"type":"Feature","geometry":{"type":"Point","coordinates":[-97.798769,32.763038]},"properties":{"locationId":"184HP8022","locatedOn":"Water St","locOnAlias":"267328","type":"SPOT","category":"URBAN ACR","routeType":"FC","route":"0000","active":"Yes","fnctClass":"(5)Major Collector","latestAadt":1415,"latestAadtYear":2019,"latestDhv30":147,"latestKPercent":10,"latestDPercent":null,"latestVolumeCount":1712,"latestVolumeDate":"2019-05-06","extractedAt":"2025-08-02T12:51:48Z"}},{"type":"Feature","geometry":{"type":"Point","coordinates":[-97.814503,32.758982]},"properties":{"locationId":"184HP8029","locatedOn":"BOWIE","locOnAlias":"250313","type":"SPOT","category":"URBAN ACR","routeType":"FC","route":"0000","active":"Yes","fnctClass":"(5)Major Collector","latestAadt":736,"latestAadtYear":2024,"latestDhv30":80,"latestKPercent":11,"latestDPercent":null,"latestVolumeCount":776,"latestVolumeDate":"2024-05-08","extractedAt":"2025-08-02T12:52:02Z"}},{"type":"Feature","geometry":{"type":"Point","coordinates":[-97.820352,32.730429]},"properties":{"locationId":"184HP8030","locatedOn":"BOWIE","locOnAlias":"250313","type":"SPOT","category":"URBAN ACR","routeType":"FC","route":"0000","active":"Yes","fnctClass":"(4)Minor Arterial","latestAadt":6856,"latestAadtYear":2024,"latestDhv30":839,"latestKPercent":12,"latestDPercent":null,"latestVolumeCount":7750,"latestVolumeDate":"2024-05-08","extractedAt":"2025-08-02T12:52:19Z"}},{"type":"Feature","geometry":{"type":"Point","coordinates":[-97.822881,32.760947]},"properties":{"locationId":"184HP8031","locatedOn":"Garner Rd","locOnAlias":"296523","type":"SPOT","category":"URBAN ACR","routeType":"FC","route":"0000","active":"Yes","fnctClass":"(6)Minor Collector","latestAadt":1765,"latestAadtYear":2019,"latestDhv30":192,"latestKPercent":11,"latestDPercent":null,"latestVolumeCount":1936,"latestVolumeDate":"2019-05-06","extractedAt":"2025-08-02T12:52:31Z"}},{"type":"Feature","geometry":{"type":"Point","coordinates":[-97.784295,32.759418]},"properties":{"locationId":"184HP8032","locatedOn":"DENTON","locOnAlias":"250316","type":"SPOT","category":"URBAN ACR","routeType":"FC","route":"0000","active":"Yes","fnctClass":"(5)Major Collector","latestAadt":6209,"latestAadtYear":2024,"latestDhv30":615,"latestKPercent":10,"latestDPercent":null,"latestVolumeCount":6523,"latestVolumeDate":"2024-05-21","extractedAt":"2025-08-02T12:52:46Z"}},{"type":"Feature","geometry":{"type":"Point","coordinates":[-97.797179,32.742408]},"properties":{"locationId":"184HP8034","locatedOn":"E Park Ave","locOnAlias":"250325","type":"SPOT","category":"URBAN ACR","routeType":"FC","route":"0000","active":"Yes","fnctClass":"(4)Minor Arterial","latestAadt":4493,"latestAadtYear":2024,"latestDhv30":422,"latestKPercent":9,"latestDPercent":null,"latestVolumeCount":5076,"latestVolumeDate":"2024-05-08","extractedAt":"2025-08-02T12:53:01Z"}},{"type":"Feature","geometry":{"type":"Point","coordinates":[-97.796425,32.764136]},"properties":{"locationId":"184HP8036","locatedOn":"FRONT STREET","locOnAlias":"267490","type":"SPOT","category":"URBAN ACR","routeType":"FC","route":"0000","active":"Yes","fnctClass":"(5)Major Collector","latestAadt":3946,"latestAadtYear":2024,"latestDhv30":358,"latestKPercent":9,"latestDPercent":73,"latestVolumeCount":4162,"latestVolumeDate":"2024-05-22","extractedAt":"2025-08-02T12:53:33Z"}},{"type":"Feature","geometry":{"type":"Point","coordinates":[-97.774112,32.739121]},"properties":{"locationId":"184HP8037","locatedOn":"Holland Lake Dr","locOnAlias":"267322","type":"SPOT","category":"INACTIVE","routeType":"FC","route":"0000","active":"No","fnctClass":"(5)Major Collector","latestAadt":51023,"latestAadtYear":2022,"latestDhv30":null,"latestKPercent":null,"latestDPercent":null,"latestVolumeCount":6325,"latestVolumeDate":"2019-05-06","extractedAt":"2025-08-02T12:59:11Z"}},{"type":"Feature","geometry":{"type":"Point","coordinates":[-97.742592,32.765284]},"properties":{"locationId":"184HP8038","locatedOn":"Old Dicey Rd","locOnAlias":"269664","type":"SPOT","category":"URBAN ACR","routeType":"FC","route":"0000","active":"Yes","fnctClass":"(5)Major Collector","latestAadt":1565,"latestAadtYear":2024,"latestDhv30":253,"latestKPercent":16,"latestDPercent":null,"latestVolumeCount":1643,"latestVolumeDate":"2024-05-21","extractedAt":"2025-08-02T12:59:26Z"}},{"type":"Feature","geometry":{"type":"Point","coordinates":[-97.797107,32.754665]},"properties":{"locationId":"184HP8039","locatedOn":"Lee Ave","locOnAlias":"267482","type":"SPOT","category":"URBAN ACR","routeType":"FC","route":"0000","active":"Yes","fnctClass":"(5)Major Collector","latestAadt":2666,"latestAadtYear":2024,"latestDhv30":257,"latestKPercent":10,"latestDPercent":null,"latestVolumeCount":2799,"latestVolumeDate":"2024-05-21","extractedAt":"2025-08-02T12:59:42Z"}},{"type":"Feature","geometry":{"type":"Point","coordinates":[-97.787593,32.749111]},"properties":{"locationId":"184HP8040","locatedOn":"Foster","locOnAlias":"290226","type":"SPOT","category":"URBAN ACR","routeType":"FC","route":"0000","active":"Yes","fnctClass":"(5)Major Collector","latestAadt":8820,"latestAadtYear":2024,"latestDhv30":812,"latestKPercent":9,"latestDPercent":55,"latestVolumeCount":9490,"latestVolumeDate":"2024-05-13","extractedAt":"2025-08-02T12:59:56Z"}},{"type":"Feature","geometry":{"type":"Point","coordinates":[-97.783727,32.733914]},"properties":{"locationId":"184HP8042","locatedOn":"Washington Dr","locOnAlias":"267320","type":"SPOT","category":"URBAN ACR","routeType":"FC","route":"0000","active":"Yes","fnctClass":"(5)Major Collector","latestAadt":1920,"latestAadtYear":2024,"latestDhv30":211,"latestKPercent":11,"latestDPercent":null,"latestVolumeCount":1950,"latestVolumeDate":"2024-05-13","extractedAt":"2025-08-02T13:00:23Z"}},{"type":"Feature","geometry":{"type":"Point","coordinates":[-97.783224,32.741328]},"properties":{"locationId":"184HP8043","locatedOn":"TEXAS DR","locOnAlias":"267321","type":"SPOT","category":"URBAN ACR","routeType":"FC","route":"0000","active":"Yes","fnctClass":"(5)Major Collector","latestAadt":3679,"latestAadtYear":2024,"latestDhv30":337,"latestKPercent":9,"latestDPercent":null,"latestVolumeCount":3735,"latestVolumeDate":"2024-05-13","extractedAt":"2025-08-02T13:00:40Z"}},{"type":"Feature","geometry":{"type":"Point","coordinates":[-97.796604,32.773742]},"properties":{"locationId":"184HP8044","locatedOn":"E 4th St","locOnAlias":"267483","type":"SPOT","category":"URBAN ACR","routeType":"FC","route":"0000","active":"Yes","fnctClass":"(5)Major Collector","latestAadt":1910,"latestAadtYear":2009,"latestDhv30":null,"latestKPercent":null,"latestDPercent":null,"latestVolumeCount":null,"latestVolumeDate":null,"extractedAt":"2025-08-02T13:00:57Z"}},{"type":"Feature","geometry":{"type":"Point","coordinates":[-97.758594,32.724029]},"properties":{"locationId":"184HP8045","locatedOn":"NACLEAR LAKE","locOnAlias":"","type":"SPOT","category":"URBAN ACR","routeType":"","route":"","active":"Yes","fnctClass":"(5)Major Collector","latestAadt":1241,"latestAadtYear":2019,"latestDhv30":126,"latestKPercent":10,"latestDPercent":null,"latestVolumeCount":1554,"latestVolumeDate":"2019-05-15","extractedAt":"2025-08-02T13:01:11Z"}},{"type":"Feature","geometry":{"type":"Point","coordinates":[-97.790166,32.734805]},"properties":{"locationId":"184HP8052","locatedOn":"MARTIN","locOnAlias":"","type":"SPOT","category":"URBAN ACR","routeType":"","route":"","active":"Yes","fnctClass":"(4)Minor Arterial","latestAadt":5477,"latestAadtYear":2019,"latestDhv30":637,"latestKPercent":12,"latestDPercent":null,"latestVolumeCount":6753,"latestVolumeDate":"2019-05-06","extractedAt":"2025-08-02T13:08:14Z"}},{"type":"Feature","geometry":{"type":"Point","coordinates":[-97.799843,32.760573]},"properties":{"locationId":"184HP8053","locatedOn":"SPRING","locOnAlias":"","type":"SPOT","category":"URBAN ACR","routeType":"","route":"","active":"Yes","fnctClass":"(5)Major Collector","latestAadt":1663,"latestAadtYear":2019,"latestDhv30":186,"latestKPercent":11,"latestDPercent":null,"latestVolumeCount":2012,"latestVolumeDate":"2019-05-06","extractedAt":"2025-08-02T13:08:30Z"}},{"type":"Feature","geometry":{"type":"Point","coordinates":[-97.781799,32.72992]},"properties":{"locationId":"184HP8054","locatedOn":"EBB FIELDER","locOnAlias":"","type":"SPOT","category":"URBAN ACR","routeType":"","route":"","active":"Yes","fnctClass":"(5)Major Collector","latestAadt":2440,"latestAadtYear":2024,"latestDhv30":278,"latestKPercent":11,"latestDPercent":null,"latestVolumeCount":2570,"latestVolumeDate":"2024-05-15","extractedAt":"2025-08-02T13:08:45Z"}},{"type":"Feature","geometry":{"type":"Point","coordinates":[-97.788827,32.724862]},"properties":{"locationId":"184HP8056","locatedOn":"WBB FIELDER","locOnAlias":"","type":"SPOT","category":"URBAN ACR","routeType":"","route":"","active":"Yes","fnctClass":"(5)Major Collector","latestAadt":5278,"latestAadtYear":2024,"latestDhv30":639,"latestKPercent":12,"latestDPercent":61,"latestVolumeCount":5560,"latestVolumeDate":"2024-05-15","extractedAt":"2025-08-02T13:09:15Z"}},{"type":"Feature","geometry":{"type":"Point","coordinates":[-98.054933,32.81201]},"properties":{"locationId":"184HP8058","locatedOn":"WASHINGTON","locOnAlias":"","type":"SPOT","category":"URBAN ACR","routeType":"","route":"","active":"Yes","fnctClass":"(5)Major Collector","latestAadt":2929,"latestAadtYear":2024,"latestDhv30":271,"latestKPercent":9,"latestDPercent":73,"latestVolumeCount":3062,"latestVolumeDate":"2024-05-06","extractedAt":"2025-08-02T13:15:09Z"}},{"type":"Feature","geometry":{"type":"Point","coordinates":[-97.80881,32.720585]},"properties":{"locationId":"184HP8059","locatedOn":"WBB FIELDER","locOnAlias":"","type":"SPOT","category":"URBAN ACR","routeType":"","route":"","active":"Yes","fnctClass":"(5)Major Collector","latestAadt":3129,"latestAadtYear":2024,"latestDhv30":null,"latestKPercent":null,"latestDPercent":null,"latestVolumeCount":3181,"latestVolumeDate":"2019-05-15","extractedAt":"2025-08-02T13:15:23Z"}},{"type":"Feature","geometry":{"type":"Point","coordinates":[-97.7955,32.757873]},"properties":{"locationId":"184HP8060","locatedOn":"ELM ST","locOnAlias":"267484","type":"SPOT","category":"URBAN ACR","routeType":"CS","route":"267484","active":"Yes","fnctClass":"(5)Major Collector","latestAadt":1696,"latestAadtYear":2024,"latestDhv30":164,"latestKPercent":10,"latestDPercent":null,"latestVolumeCount":1851,"latestVolumeDate":"2024-05-21","extractedAt":"2025-08-02T13:15:38Z"}},{"type":"Feature","geometry":{"type":"Point","coordinates":[-97.787922,32.741894]},"properties":{"locationId":"184HP8061","locatedOn":"COLLEGE PARK DR","locOnAlias":"290225","type":"SPOT","category":"URBAN ACR","routeType":"CS","route":"290225","active":"Yes","fnctClass":"(4)Minor Arterial","latestAadt":10006,"latestAadtYear":2024,"latestDhv30":942,"latestKPercent":9,"latestDPercent":null,"latestVolumeCount":12151,"latestVolumeDate":"2024-05-13","extractedAt":"2025-08-02T13:15:52Z"}},{"type":"Feature","geometry":{"type":"Point","coordinates":[-97.817615,32.73137]},"properties":{"locationId":"184HP9","locatedOn":"W Park Ave","locOnAlias":"250325","type":"SPOT","category":"ANNUAL ACR","routeType":"FC","route":"0000","active":"Yes","fnctClass":"(4)Minor Arterial","latestAadt":1829,"latestAadtYear":2024,"latestDhv30":275,"latestKPercent":15,"latestDPercent":61,"latestVolumeCount":1930,"latestVolumeDate":"2024-05-15","extractedAt":"2025-08-02T13:16:07Z"}},{"type":"Feature","geometry":{"type":"Point","coordinates":[-97.784263,32.756769]},"properties":{"locationId":"184PT1","locatedOn":"FC0000","locOnAlias":"Jack Borden Way","type":"SPOT","category":"ANNUAL ACR","routeType":"FC","route":"7470","active":"Yes","fnctClass":"(5)Major Collector","latestAadt":11748,"latestAadtYear":2024,"latestDhv30":1044,"latestKPercent":9,"latestDPercent":53,"latestVolumeCount":13129,"latestVolumeDate":"2024-05-22","extractedAt":"2025-08-02T13:22:52Z"}},{"type":"Feature","geometry":{"type":"Point","coordinates":[-97.764177,32.736356]},"properties":{"locationId":"184PT10","locatedOn":"IH0020","locOnAlias":"IH0020-AG","type":"SPOT","category":"ANNUAL ACR","routeType":"IH","route":"0020","active":"Yes","fnctClass":"(5)Major Collector","latestAadt":14493,"latestAadtYear":2024,"latestDhv30":null,"latestKPercent":null,"latestDPercent":null,"latestVolumeCount":1534,"latestVolumeDate":"2023-07-19","extractedAt":"2025-08-02T13:23:10Z"}},{"type":"Feature","geometry":{"type":"Point","coordinates":[-97.766155,32.736444]},"properties":{"locationId":"184PT11","locatedOn":"IH0020","locOnAlias":"IH0020-XG","type":"SPOT","category":"ANNUAL ACR","routeType":"IH","route":"0020","active":"Yes","fnctClass":"(5)Major Collector","latestAadt":2580,"latestAadtYear":2024,"latestDhv30":196,"latestKPercent":8,"latestDPercent":null,"latestVolumeCount":2626,"latestVolumeDate":"2024-05-13","extractedAt":"2025-08-02T13:23:26Z"}},{"type":"Feature","geometry":{"type":"Point","coordinates":[-97.775788,32.73288]},"properties":{"locationId":"184PT13","locatedOn":"IH0020","locOnAlias":"IH0020-KG","type":"SPOT","category":"INACTIVE","routeType":"IH","route":"0020","active":"No","fnctClass":"(1)Interstate","latestAadt":7672,"latestAadtYear":2021,"latestDhv30":544,"latestKPercent":7,"latestDPercent":null,"latestVolumeCount":6989,"latestVolumeDate":"2021-09-08","extractedAt":"2025-08-02T13:23:40Z"}},{"type":"Feature","geometry":{"type":"Point","coordinates":[-97.786227,32.730772]},"properties":{"locationId":"184PT16","locatedOn":"IH0020","locOnAlias":"IH0020-XG","type":"SPOT","category":"ANNUAL ACR","routeType":"IH","route":"0020","active":"Yes","fnctClass":"(5)Major Collector","latestAadt":15504,"latestAadtYear":2024,"latestDhv30":1285,"latestKPercent":8,"latestDPercent":null,"latestVolumeCount":15964,"latestVolumeDate":"2024-05-13","extractedAt":"2025-08-02T13:23:56Z"}},{"type":"Feature","geometry":{"type":"Point","coordinates":[-97.786648,32.750375]},"properties":{"locationId":"184PT2","locatedOn":"Foster Ln","locOnAlias":"290226","type":"SPOT","category":"ANNUAL ACR","routeType":"LS","route":"0000","active":"Yes","fnctClass":"(5)Major Collector","latestAadt":11268,"latestAadtYear":2024,"latestDhv30":964,"latestKPercent":9,"latestDPercent":50,"latestVolumeCount":12593,"latestVolumeDate":"2024-05-22","extractedAt":"2025-08-02T13:24:11Z"}},{"type":"Feature","geometry":{"type":"Point","coordinates":[-97.789864,32.729087]},"properties":{"locationId":"184PT4","locatedOn":"IH0020","locOnAlias":"IH0020-AG","type":"SPOT","category":"ANNUAL ACR","routeType":"IH","route":"0020","active":"Yes","fnctClass":"(5)Major Collector","latestAadt":14463,"latestAadtYear":2024,"latestDhv30":null,"latestKPercent":null,"latestDPercent":null,"latestVolumeCount":1551,"latestVolumeDate":"2023-07-19","extractedAt":"2025-08-02T13:24:28Z"}},{"type":"Feature","geometry":{"type":"Point","coordinates":[-97.78948,32.72987]},"properties":{"locationId":"184PT5","locatedOn":"IH0020","locOnAlias":"IH0020-XG","type":"SPOT","category":"ANNUAL ACR","routeType":"IH","route":"0020","active":"Yes","fnctClass":"(5)Major Collector","latestAadt":4330,"latestAadtYear":2024,"latestDhv30":389,"latestKPercent":9,"latestDPercent":null,"latestVolumeCount":4455,"latestVolumeDate":"2024-05-13","extractedAt":"2025-08-02T13:24:43Z"}},{"type":"Feature","geometry":{"type":"Point","coordinates":[-97.763439,32.737334]},"properties":{"locationId":"184PT6","locatedOn":"IH0020","locOnAlias":"IH0020-AG","type":"SPOT","category":"ANNUAL ACR","routeType":"IH","route":"0020","active":"Yes","fnctClass":"(5)Major Collector","latestAadt":223,"latestAadtYear":2024,"latestDhv30":null,"latestKPercent":null,"latestDPercent":null,"latestVolumeCount":23,"latestVolumeDate":"2023-07-19","extractedAt":"2025-08-02T13:24:55Z"}},{"type":"Feature","geometry":{"type":"Point","coordinates":[-97.773835,32.732458]},"properties":{"locationId":"184PT7","locatedOn":"Fossil Hill Rd","locOnAlias":"1250504","type":"SPOT","category":"ANNUAL ACR","routeType":"LS","route":"0000","active":"Yes","fnctClass":"(7)Local","latestAadt":422,"latestAadtYear":2024,"latestDhv30":58,"latestKPercent":14,"latestDPercent":null,"latestVolumeCount":442,"latestVolumeDate":"2024-05-13","extractedAt":"2025-08-02T13:25:11Z"}},{"type":"Feature","geometry":{"type":"Point","coordinates":[-97.774195,32.733779]},"properties":{"locationId":"184PT8","locatedOn":"Holland Lake Dr","locOnAlias":"267322","type":"SPOT","category":"ANNUAL ACR","routeType":"LS","route":"0000","active":"Yes","fnctClass":"(5)Major Collector","latestAadt":60563,"latestAadtYear":2024,"latestDhv30":null,"latestKPercent":null,"latestDPercent":null,"latestVolumeCount":6257,"latestVolumeDate":"2023-07-19","extractedAt":"2025-08-02T13:30:50Z"}},{"type":"Feature","geometry":{"type":"Point","coordinates":[-97.887911,32.72509]},"properties":{"locationId":"184RP201","locatedOn":"IH0020","locOnAlias":"IH0020-KG","type":"SPOT","category":"RAMP","routeType":"IH","route":"0020","active":"Yes","fnctClass":"(1)Interstate","latestAadt":10818,"latestAadtYear":2024,"latestDhv30":116,"latestKPercent":11,"latestDPercent":null,"latestVolumeCount":1280,"latestVolumeDate":"2024-05-01","extractedAt":"2025-08-02T13:31:50Z"}},{"type":"Feature","geometry":{"type":"Point","coordinates":[-97.810116,32.727807]},"properties":{"locationId":"184RP2010","locatedOn":"IH0020","locOnAlias":"IH0020-KG","type":"SPOT","category":"INACTIVE","routeType":"IH","route":"0020","active":"No","fnctClass":"(1)Interstate","latestAadt":30712,"latestAadtYear":2019,"latestDhv30":null,"latestKPercent":null,"latestDPercent":null,"latestVolumeCount":null,"latestVolumeDate":null,"extractedAt":"2025-08-02T13:32:07Z"}},{"type":"Feature","geometry":{"type":"Point","coordinates":[-97.954942,32.702695]},"properties":{"locationId":"184RP20101","locatedOn":"IH0020","locOnAlias":"IH0020-KG","type":"SPOT","category":"RAMP","routeType":"IH","route":"0020","active":"Yes","fnctClass":"(1)Interstate","latestAadt":25048,"latestAadtYear":2024,"latestDhv30":304,"latestKPercent":12,"latestDPercent":null,"latestVolumeCount":2234,"latestVolumeDate":"2024-04-08","extractedAt":"2025-08-02T13:32:23Z"}},{"type":"Feature","geometry":{"type":"Point","coordinates":[-97.954956,32.703366]},"properties":{"locationId":"184RP20102","locatedOn":"IH0020","locOnAlias":"IH0020-KG","type":"SPOT","category":"RAMP","routeType":"IH","route":"0020","active":"Yes","fnctClass":"(1)Interstate","latestAadt":24468,"latestAadtYear":2024,"latestDhv30":236,"latestKPercent":10,"latestDPercent":null,"latestVolumeCount":2405,"latestVolumeDate":"2024-04-08","extractedAt":"2025-08-02T13:32:35Z"}},{"type":"Feature","geometry":{"type":"Point","coordinates":[-97.965061,32.699163]},"properties":{"locationId":"184RP20103","locatedOn":"IH0020","locOnAlias":"IH0020-KG","type":"SPOT","category":"RAMP","routeType":"","route":"","active":"Yes","fnctClass":"(1)Interstate","latestAadt":7618,"latestAadtYear":2024,"latestDhv30":86,"latestKPercent":11,"latestDPercent":null,"latestVolumeCount":867,"latestVolumeDate":"2024-04-08","extractedAt":"2025-08-02T13:32:49Z"}},{"type":"Feature","geometry":{"type":"Point","coordinates":[-97.968532,32.698596]},"properties":{"locationId":"184RP20104","locatedOn":"IH0020","locOnAlias":"IH0020-KG","type":"SPOT","category":"RAMP","routeType":"","route":"","active":"Yes","fnctClass":"(1)Interstate","latestAadt":8338,"latestAadtYear":2024,"latestDhv30":77,"latestKPercent":9,"latestDPercent":null,"latestVolumeCount":842,"latestVolumeDate":"2024-04-08","extractedAt":"2025-08-02T13:33:04Z"}},{"type":"Feature","geometry":{"type":"Point","coordinates":[-98.006732,32.682248]},"properties":{"locationId":"184RP20105","locatedOn":"IH0020","locOnAlias":"IH0020-KG","type":"SPOT","category":"RAMP","routeType":"IH","route":"0020","active":"Yes","fnctClass":"(1)Interstate","latestAadt":8498,"latestAadtYear":2024,"latestDhv30":139,"latestKPercent":16,"latestDPercent":null,"latestVolumeCount":1298,"latestVolumeDate":"2024-04-08","extractedAt":"2025-08-02T13:38:43Z"}},{"type":"Feature","geometry":{"type":"Point","coordinates":[-98.00703,32.682861]},"properties":{"locationId":"184RP20106","locatedOn":"IH0020","locOnAlias":"IH0020-KG","type":"SPOT","category":"RAMP","routeType":"","route":"","active":"Yes","fnctClass":"(1)Interstate","latestAadt":12478,"latestAadtYear":2024,"latestDhv30":130,"latestKPercent":10,"latestDPercent":null,"latestVolumeCount":1136,"latestVolumeDate":"2024-04-08","extractedAt":"2025-08-02T13:38:57Z"}},{"type":"Feature","geometry":{"type":"Point","coordinates":[-98.025336,32.669824]},"properties":{"locationId":"184RP20107","locatedOn":"IH0020","locOnAlias":"IH0020-KG","type":"SPOT","category":"RAMP","routeType":"","route":"","active":"Yes","fnctClass":"(1)Interstate","latestAadt":3578,"latestAadtYear":2024,"latestDhv30":28,"latestKPercent":8,"latestDPercent":null,"latestVolumeCount":266,"latestVolumeDate":"2024-04-08","extractedAt":"2025-08-02T13:39:13Z"}},{"type":"Feature","geometry":{"type":"Point","coordinates":[-98.024719,32.67097]},"properties":{"locationId":"184RP20108","locatedOn":"IH0020","locOnAlias":"IH0020-KG","type":"SPOT","category":"RAMP","routeType":"","route":"","active":"Yes","fnctClass":"(1)Interstate","latestAadt":3348,"latestAadtYear":2024,"latestDhv30":43,"latestKPercent":13,"latestDPercent":null,"latestVolumeCount":365,"latestVolumeDate":"2024-04-08","extractedAt":"2025-08-02T13:39:30Z"}},{"type":"Feature","geometry":{"type":"Point","coordinates":[-98.041685,32.658807]},"properties":{"locationId":"184RP20109","locatedOn":"IH0020","locOnAlias":"IH0020-KG","type":"SPOT","category":"RAMP","routeType":"","route":"","active":"Yes","fnctClass":"(1)Interstate","latestAadt":3828,"latestAadtYear":2024,"latestDhv30":58,"latestKPercent":15,"latestDPercent":null,"latestVolumeCount":605,"latestVolumeDate":"2024-05-01","extractedAt":"2025-08-02T13:39:46Z"}},{"type":"Feature","geometry":{"type":"Point","coordinates":[-97.810124,32.7278]},"properties":{"locationId":"184RP2010R","locatedOn":"IH0020","locOnAlias":"IH0020-KG","type":"SPOT","category":"RAMP","routeType":"IH","route":"0020","active":"Yes","fnctClass":"(1)Interstate","latestAadt":57568,"latestAadtYear":2024,"latestDhv30":519,"latestKPercent":9,"latestDPercent":null,"latestVolumeCount":5900,"latestVolumeDate":"2024-05-01","extractedAt":"2025-08-02T13:40:00Z"}},{"type":"Feature","geometry":{"type":"Point","coordinates":[-97.793422,32.728213]},"properties":{"locationId":"184RP2011","locatedOn":"IH0020","locOnAlias":"","type":"SPOT","category":"RAMP","routeType":"","route":"","active":"Yes","fnctClass":"(1)Interstate","latestAadt":46008,"latestAadtYear":2024,"latestDhv30":420,"latestKPercent":9,"latestDPercent":null,"latestVolumeCount":5481,"latestVolumeDate":"2024-04-10","extractedAt":"2025-08-02T13:40:13Z"}},{"type":"Feature","geometry":{"type":"Point","coordinates":[-98.041602,32.659809]},"properties":{"locationId":"184RP20110","locatedOn":"IH0020","locOnAlias":"","type":"SPOT","category":"RAMP","routeType":"","route":"","active":"Yes","fnctClass":"(1)Interstate","latestAadt":5468,"latestAadtYear":2024,"latestDhv30":51,"latestKPercent":9,"latestDPercent":null,"latestVolumeCount":503,"latestVolumeDate":"2024-04-08","extractedAt":"2025-08-02T13:40:28Z"}},{"type":"Feature","geometry":{"type":"Point","coordinates":[-98.048448,32.652837]},"properties":{"locationId":"184RP20111","locatedOn":"IH0020","locOnAlias":"IH0020-KG","type":"SPOT","category":"RAMP","routeType":"","route":"","active":"Yes","fnctClass":"(1)Interstate","latestAadt":598,"latestAadtYear":2024,"latestDhv30":7,"latestKPercent":12,"latestDPercent":null,"latestVolumeCount":44,"latestVolumeDate":"2024-04-08","extractedAt":"2025-08-02T13:40:43Z"}},{"type":"Feature","geometry":{"type":"Point","coordinates":[-98.048989,32.653169]},"properties":{"locationId":"184RP20112","locatedOn":"IH0020","locOnAlias":"IH0020-KG","type":"SPOT","category":"RAMP","routeType":"","route":"","active":"Yes","fnctClass":"(1)Interstate","latestAadt":528,"latestAadtYear":2024,"latestDhv30":7,"latestKPercent":13,"latestDPercent":null,"latestVolumeCount":59,"latestVolumeDate":"2024-12-11","extractedAt":"2025-08-02T13:41:00Z"}},{"type":"Feature","geometry":{"type":"Point","coordinates":[-97.792626,32.728952]},"properties":{"locationId":"184RP2012","locatedOn":"IH0020","locOnAlias":"","type":"SPOT","category":"RAMP","routeType":"","route":"","active":"Yes","fnctClass":"(1)Interstate","latestAadt":45378,"latestAadtYear":2024,"latestDhv30":360,"latestKPercent":8,"latestDPercent":null,"latestVolumeCount":4799,"latestVolumeDate":"2024-04-10","extractedAt":"2025-08-02T13:46:39Z"}},{"type":"Feature","geometry":{"type":"Point","coordinates":[-97.786346,32.73013]},"properties":{"locationId":"184RP2013","locatedOn":"IH0020","locOnAlias":"","type":"SPOT","category":"RAMP","routeType":"","route":"","active":"Yes","fnctClass":"(1)Interstate","latestAadt":11588,"latestAadtYear":2024,"latestDhv30":143,"latestKPercent":12,"latestDPercent":null,"latestVolumeCount":1380,"latestVolumeDate":"2024-04-10","extractedAt":"2025-08-02T13:46:56Z"}},{"type":"Feature","geometry":{"type":"Point","coordinates":[-97.778469,32.731769]},"properties":{"locationId":"184RP2013A","locatedOn":"IH0020","locOnAlias":"","type":"SPOT","category":"RAMP","routeType":"","route":"","active":"Yes","fnctClass":"(1)Interstate","latestAadt":116398,"latestAadtYear":2024,"latestDhv30":916,"latestKPercent":8,"latestDPercent":null,"latestVolumeCount":11817,"latestVolumeDate":"2024-04-10","extractedAt":"2025-08-02T13:47:11Z"}},{"type":"Feature","geometry":{"type":"Point","coordinates":[-97.784794,32.73093]},"properties":{"locationId":"184RP2014","locatedOn":"IH0020","locOnAlias":"IH0020-KG","type":"SPOT","category":"RAMP","routeType":"IH","route":"0020","active":"Yes","fnctClass":"(1)Interstate","latestAadt":22388,"latestAadtYear":2024,"latestDhv30":215,"latestKPercent":10,"latestDPercent":null,"latestVolumeCount":2367,"latestVolumeDate":"2024-04-10","extractedAt":"2025-08-02T13:47:28Z"}},{"type":"Feature","geometry":{"type":"Point","coordinates":[-97.775691,32.732936]},"properties":{"locationId":"184RP2014A","locatedOn":"IH0020","locOnAlias":"IH0020-KG","type":"SPOT","category":"RAMP","routeType":"IH","route":"0020","active":"Yes","fnctClass":"(1)Interstate","latestAadt":120848,"latestAadtYear":2024,"latestDhv30":1168,"latestKPercent":10,"latestDPercent":null,"latestVolumeCount":12684,"latestVolumeDate":"2024-04-10","extractedAt":"2025-08-02T13:47:43Z"}},{"type":"Feature","geometry":{"type":"Point","coordinates":[-97.769165,32.73472]},"properties":{"locationId":"184RP2015","locatedOn":"IH0020","locOnAlias":"","type":"SPOT","category":"RAMP","routeType":"","route":"","active":"Yes","fnctClass":"(1)Interstate","latestAadt":13068,"latestAadtYear":2024,"latestDhv30":150,"latestKPercent":11,"latestDPercent":null,"latestVolumeCount":1327,"latestVolumeDate":"2024-04-10","extractedAt":"2025-08-02T13:47:57Z"}},{"type":"Feature","geometry":{"type":"Point","coordinates":[-97.767147,32.735968]},"properties":{"locationId":"184RP2016","locatedOn":"IH0020","locOnAlias":"","type":"SPOT","category":"RAMP","routeType":"","route":"","active":"Yes","fnctClass":"(1)Interstate","latestAadt":7208,"latestAadtYear":2024,"latestDhv30":79,"latestKPercent":11,"latestDPercent":null,"latestVolumeCount":752,"latestVolumeDate":"2024-04-10","extractedAt":"2025-08-02T13:48:14Z"}},{"type":"Feature","geometry":{"type":"Point","coordinates":[-97.760611,32.737668]},"properties":{"locationId":"184RP2017","locatedOn":"IH0020","locOnAlias":"","type":"SPOT","category":"RAMP","routeType":"","route":"","active":"Yes","fnctClass":"(1)Interstate","latestAadt":54088,"latestAadtYear":2024,"latestDhv30":407,"latestKPercent":8,"latestDPercent":null,"latestVolumeCount":5491,"latestVolumeDate":"2024-04-10","extractedAt":"2025-08-02T13:48:30Z"}},{"type":"Feature","geometry":{"type":"Point","coordinates":[-97.760671,32.73834]},"properties":{"locationId":"184RP2018","locatedOn":"IH0020","locOnAlias":"","type":"SPOT","category":"RAMP","routeType":"","route":"","active":"Yes","fnctClass":"(1)Interstate","latestAadt":59368,"latestAadtYear":2024,"latestDhv30":502,"latestKPercent":8,"latestDPercent":null,"latestVolumeCount":6249,"latestVolumeDate":"2024-04-10","extractedAt":"2025-08-02T13:48:46Z"}},{"type":"Feature","geometry":{"type":"Point","coordinates":[-97.746769,32.742546]},"properties":{"locationId":"184RP2019","locatedOn":"IH0020","locOnAlias":"","type":"SPOT","category":"RAMP","routeType":"","route":"","active":"Yes","fnctClass":"(1)Interstate","latestAadt":27298,"latestAadtYear":2024,"latestDhv30":230,"latestKPercent":8,"latestDPercent":null,"latestVolumeCount":2946,"latestVolumeDate":"2024-04-10","extractedAt":"2025-08-02T13:49:04Z"}},{"type":"Feature","geometry":{"type":"Point","coordinates":[-97.882461,32.727087]},"properties":{"locationId":"184RP202","locatedOn":"IH0020","locOnAlias":"IH0020-KG","type":"SPOT","category":"RAMP","routeType":"IH","route":"0020","active":"Yes","fnctClass":"(1)Interstate","latestAadt":14998,"latestAadtYear":2024,"latestDhv30":185,"latestKPercent":12,"latestDPercent":null,"latestVolumeCount":1517,"latestVolumeDate":"2024-04-08","extractedAt":"2025-08-02T13:54:42Z"}},{"type":"Feature","geometry":{"type":"Point","coordinates":[-97.748029,32.742848]},"properties":{"locationId":"184RP2020","locatedOn":"IH0020","locOnAlias":"","type":"SPOT","category":"RAMP","routeType":"","route":"","active":"Yes","fnctClass":"(1)Interstate","latestAadt":36358,"latestAadtYear":2024,"latestDhv30":362,"latestKPercent":10,"latestDPercent":null,"latestVolumeCount":3424,"latestVolumeDate":"2024-04-10","extractedAt":"2025-08-02T13:54:58Z"}},{"type":"Feature","geometry":{"type":"Point","coordinates":[-97.744395,32.743578]},"properties":{"locationId":"184RP2021","locatedOn":"IH0020","locOnAlias":"","type":"SPOT","category":"INACTIVE","routeType":"","route":"","active":"No","fnctClass":"(1)Interstate","latestAadt":1547,"latestAadtYear":2021,"latestDhv30":131,"latestKPercent":8,"latestDPercent":null,"latestVolumeCount":1611,"latestVolumeDate":"2021-07-21","extractedAt":"2025-08-02T13:55:13Z"}},{"type":"Feature","geometry":{"type":"Point","coordinates":[-97.743872,32.74384]},"properties":{"locationId":"184RP2021R","locatedOn":"IH0020","locOnAlias":"IH0020-KG","type":"SPOT","category":"RAMP","routeType":"IH","route":"0020","active":"Yes","fnctClass":"(1)Interstate","latestAadt":23518,"latestAadtYear":2024,"latestDhv30":255,"latestKPercent":11,"latestDPercent":null,"latestVolumeCount":2533,"latestVolumeDate":"2024-04-10","extractedAt":"2025-08-02T13:55:45Z"}},{"type":"Feature","geometry":{"type":"Point","coordinates":[-97.74099,32.745166]},"properties":{"locationId":"184RP2022","locatedOn":"IH0020","locOnAlias":"","type":"SPOT","category":"INACTIVE","routeType":"","route":"","active":"No","fnctClass":"(1)Interstate","latestAadt":1574,"latestAadtYear":2021,"latestDhv30":235,"latestKPercent":15,"latestDPercent":null,"latestVolumeCount":1629,"latestVolumeDate":"2021-07-21","extractedAt":"2025-08-02T13:56:01Z"}},{"type":"Feature","geometry":{"type":"Point","coordinates":[-97.740881,32.74516]},"properties":{"locationId":"184RP2022R","locatedOn":"IH0020","locOnAlias":"IH0020-KG","type":"SPOT","category":"RAMP","routeType":"IH","route":"0020","active":"Yes","fnctClass":"(1)Interstate","latestAadt":37078,"latestAadtYear":2024,"latestDhv30":640,"latestKPercent":17,"latestDPercent":null,"latestVolumeCount":4212,"latestVolumeDate":"2024-12-11","extractedAt":"2025-08-02T13:56:31Z"}},{"type":"Feature","geometry":{"type":"Point","coordinates":[-97.873184,32.727357]},"properties":{"locationId":"184RP204","locatedOn":"IH0020","locOnAlias":"IH0020-KG","type":"SPOT","category":"RAMP","routeType":"IH","route":"0020","active":"Yes","fnctClass":"(1)Interstate","latestAadt":46328,"latestAadtYear":2024,"latestDhv30":388,"latestKPercent":8,"latestDPercent":null,"latestVolumeCount":4544,"latestVolumeDate":"2024-04-08","extractedAt":"2025-08-02T14:10:09Z"}},{"type":"Feature","geometry":{"type":"Point","coordinates":[-97.825017,32.728184]},"properties":{"locationId":"184RP205","locatedOn":"IH0020","locOnAlias":"","type":"SPOT","category":"RAMP","routeType":"","route":"","active":"Yes","fnctClass":"(1)Interstate","latestAadt":21798,"latestAadtYear":2024,"latestDhv30":220,"latestKPercent":10,"latestDPercent":null,"latestVolumeCount":2581,"latestVolumeDate":"2024-05-01","extractedAt":"2025-08-02T14:16:18Z"}},{"type":"Feature","geometry":{"type":"Point","coordinates":[-97.835197,32.728039]},"properties":{"locationId":"184RP205A","locatedOn":"IH0020","locOnAlias":"IH0020-KG","type":"SPOT","category":"RAMP","routeType":"IH","route":"0020","active":"Yes","fnctClass":"(1)Interstate","latestAadt":62618,"latestAadtYear":2024,"latestDhv30":486,"latestKPercent":8,"latestDPercent":null,"latestVolumeCount":5587,"latestVolumeDate":"2024-04-08","extractedAt":"2025-08-02T14:16:31Z"}},{"type":"Feature","geometry":{"type":"Point","coordinates":[-97.845338,32.727951]},"properties":{"locationId":"184RP205B","locatedOn":"IH0020","locOnAlias":"IH0020-KG","type":"SPOT","category":"RAMP","routeType":"","route":"","active":"Yes","fnctClass":"(1)Interstate","latestAadt":3628,"latestAadtYear":2024,"latestDhv30":41,"latestKPercent":11,"latestDPercent":null,"latestVolumeCount":412,"latestVolumeDate":"2024-04-08","extractedAt":"2025-08-02T14:16:49Z"}},{"type":"Feature","geometry":{"type":"Point","coordinates":[-97.8272,32.72861]},"properties":{"locationId":"184RP206","locatedOn":"IH0020","locOnAlias":"","type":"SPOT","category":"RAMP","routeType":"","route":"","active":"Yes","fnctClass":"(1)Interstate","latestAadt":22948,"latestAadtYear":2024,"latestDhv30":191,"latestKPercent":8,"latestDPercent":null,"latestVolumeCount":2317,"latestVolumeDate":"2024-04-08","extractedAt":"2025-08-02T14:17:01Z"}},{"type":"Feature","geometry":{"type":"Point","coordinates":[-97.8355,32.728551]},"properties":{"locationId":"184RP206A","locatedOn":"IH0020","locOnAlias":"IH0020-KG","type":"SPOT","category":"RAMP","routeType":"IH","route":"0020","active":"Yes","fnctClass":"(1)Interstate","latestAadt":74818,"latestAadtYear":2024,"latestDhv30":651,"latestKPercent":9,"latestDPercent":null,"latestVolumeCount":7354,"latestVolumeDate":"2024-04-08","extractedAt":"2025-08-02T14:17:15Z"}},{"type":"Feature","geometry":{"type":"Point","coordinates":[-97.843985,32.728466]},"properties":{"locationId":"184RP206B","locatedOn":"IH0020","locOnAlias":"IH0020-KG","type":"SPOT","category":"RAMP","routeType":"IH","route":"0020","active":"Yes","fnctClass":"(1)Interstate","latestAadt":3448,"latestAadtYear":2024,"latestDhv30":30,"latestKPercent":9,"latestDPercent":null,"latestVolumeCount":347,"latestVolumeDate":"2024-04-08","extractedAt":"2025-08-02T14:17:28Z"}},{"type":"Feature","geometry":{"type":"Point","coordinates":[-97.819848,32.728084]},"properties":{"locationId":"184RP207R","locatedOn":"IH0020","locOnAlias":"IH0020-KG","type":"SPOT","category":"RAMP","routeType":"IH","route":"0020","active":"Yes","fnctClass":"(1)Interstate","latestAadt":22398,"latestAadtYear":2024,"latestDhv30":223,"latestKPercent":10,"latestDPercent":null,"latestVolumeCount":2557,"latestVolumeDate":"2024-04-08","extractedAt":"2025-08-02T14:17:45Z"}},{"type":"Feature","geometry":{"type":"Point","coordinates":[-97.817827,32.728387]},"properties":{"locationId":"184RP208R","locatedOn":"IH0020","locOnAlias":"IH0020-KG","type":"SPOT","category":"RAMP","routeType":"IH","route":"0020","active":"Yes","fnctClass":"(1)Interstate","latestAadt":25978,"latestAadtYear":2024,"latestDhv30":251,"latestKPercent":10,"latestDPercent":null,"latestVolumeCount":2618,"latestVolumeDate":"2024-04-08","extractedAt":"2025-08-02T14:18:01Z"}},{"type":"Feature","geometry":{"type":"Point","coordinates":[-97.812394,32.727488]},"properties":{"locationId":"184RP209","locatedOn":"IH0020","locOnAlias":"IH0020-KG","type":"SPOT","category":"RAMP","routeType":"IH","route":"0020","active":"Yes","fnctClass":"(1)Interstate","latestAadt":47478,"latestAadtYear":2024,"latestDhv30":452,"latestKPercent":10,"latestDPercent":null,"latestVolumeCount":4244,"latestVolumeDate":"2024-04-08","extractedAt":"2025-08-02T14:23:41Z"}},{"type":"Feature","geometry":{"type":"Point","coordinates":[-97.788832,32.759457]},"properties":{"locationId":"184RS11","locatedOn":"NMILL","locOnAlias":"","type":"SPOT","category":"URBAN ACR","routeType":"","route":"","active":"Yes","fnctClass":"(7)Local","latestAadt":392,"latestAadtYear":2024,"latestDhv30":41,"latestKPercent":11,"latestDPercent":null,"latestVolumeCount":385,"latestVolumeDate":"2024-05-21","extractedAt":"2025-08-02T14:25:18Z"}},{"type":"Feature","geometry":{"type":"Point","coordinates":[-97.752584,32.724933]},"properties":{"locationId":"184RS13","locatedOn":"NACLEAR LAKE","locOnAlias":"","type":"SPOT","category":"URBAN ACR","routeType":"","route":"","active":"Yes","fnctClass":"(7)Local","latestAadt":180,"latestAadtYear":2019,"latestDhv30":19,"latestKPercent":11,"latestDPercent":null,"latestVolumeCount":195,"latestVolumeDate":"2019-05-15","extractedAt":"2025-08-02T14:25:49Z"}},{"type":"Feature","geometry":{"type":"Point","coordinates":[-97.772277,32.754832]},"properties":{"locationId":"184RS14","locatedOn":"BULLARD","locOnAlias":"","type":"SPOT","category":"INACTIVE","routeType":"","route":"","active":"No","fnctClass":"(7)Local","latestAadt":74,"latestAadtYear":2019,"latestDhv30":10,"latestKPercent":14,"latestDPercent":null,"latestVolumeCount":78,"latestVolumeDate":"2019-05-06","extractedAt":"2025-08-02T14:26:02Z"}},{"type":"Feature","geometry":{"type":"Point","coordinates":[-97.77003,32.756262]},"properties":{"locationId":"184RS21","locatedOn":"RICKEY","locOnAlias":"","type":"SPOT","category":"INACTIVE","routeType":"","route":"","active":"No","fnctClass":"(7)Local","latestAadt":77,"latestAadtYear":2019,"latestDhv30":10,"latestKPercent":13,"latestDPercent":null,"latestVolumeCount":81,"latestVolumeDate":"2019-05-06","extractedAt":"2025-08-02T15:17:26Z"}},{"type":"Feature","geometry":{"type":"Point","coordinates":[-97.757007,32.745719]},"properties":{"locationId":"184RS22","locatedOn":"JENNIFER","locOnAlias":"","type":"SPOT","category":"URBAN ACR","routeType":"","route":"","active":"Yes","fnctClass":"(7)Local","latestAadt":1118,"latestAadtYear":2024,"latestDhv30":103,"latestKPercent":9,"latestDPercent":null,"latestVolumeCount":1197,"latestVolumeDate":"2024-05-13","extractedAt":"2025-08-02T15:17:39Z"}},{"type":"Feature","geometry":{"type":"Point","coordinates":[-97.784998,32.792059]},"properties":{"locationId":"184RS25","locatedOn":"NAMEADOW BRIDGE","locOnAlias":"","type":"SPOT","category":"URBAN ACR","routeType":"","route":"","active":"Yes","fnctClass":"(7)Local","latestAadt":84,"latestAadtYear":2019,"latestDhv30":10,"latestKPercent":12,"latestDPercent":null,"latestVolumeCount":89,"latestVolumeDate":"2019-05-06","extractedAt":"2025-08-02T15:18:23Z"}},{"type":"Feature","geometry":{"type":"Point","coordinates":[-97.874523,32.576394]},"properties":{"locationId":"184RS2A","locatedOn":"LIPAN TRL","locOnAlias":"184AA0593","type":"SPOT","category":"URBAN ACR","routeType":"CR","route":"593","active":"Yes","fnctClass":"(7)Local","latestAadt":234,"latestAadtYear":2024,"latestDhv30":23,"latestKPercent":10,"latestDPercent":null,"latestVolumeCount":235,"latestVolumeDate":"2024-05-15","extractedAt":"2025-08-02T15:19:10Z"}},{"type":"Feature","geometry":{"type":"Point","coordinates":[-97.841188,32.81609]},"properties":{"locationId":"184RS4","locatedOn":"NAJOHNSON BEND","locOnAlias":"","type":"SPOT","category":"INACTIVE","routeType":"","route":"","active":"No","fnctClass":"(7)Local","latestAadt":356,"latestAadtYear":2019,"latestDhv30":29,"latestKPercent":8,"latestDPercent":null,"latestVolumeCount":372,"latestVolumeDate":"2019-05-13","extractedAt":"2025-08-02T15:25:02Z"}},{"type":"Feature","geometry":{"type":"Point","coordinates":[-98.028786,32.63111]},"properties":{"locationId":"184RS7","locatedOn":"NAGILBERT PIT","locOnAlias":"","type":"SPOT","category":"URBAN ACR","routeType":"","route":"","active":"Yes","fnctClass":"(7)Local","latestAadt":45,"latestAadtYear":2024,"latestDhv30":5,"latestKPercent":13,"latestDPercent":null,"latestVolumeCount":44,"latestVolumeDate":"2024-05-15","extractedAt":"2025-08-02T15:25:45Z"}},{"type":"Feature","geometry":{"type":"Point","coordinates":[-97.900466,32.785958]},"properties":{"locationId":"184RS9","locatedOn":"WLAMBERT","locOnAlias":"","type":"SPOT","category":"URBAN ACR","routeType":"","route":"","active":"Yes","fnctClass":"(7)Local","latestAadt":382,"latestAadtYear":2024,"latestDhv30":45,"latestKPercent":12,"latestDPercent":null,"latestVolumeCount":381,"latestVolumeDate":"2024-05-08","extractedAt":"2025-08-02T15:26:15Z"}},{"type":"Feature","geometry":{"type":"Point","coordinates":[-97.797353,32.759868]},"properties":{"locationId":"184T1","locatedOn":"FM0051","locOnAlias":"N Main St","type":"SPOT","category":"ANNUAL ACR","routeType":"FM","route":"0051","active":"Yes","fnctClass":"(4)Minor Arterial","latestAadt":12716,"latestAadtYear":2024,"latestDhv30":1021,"latestKPercent":8,"latestDPercent":50,"latestVolumeCount":13877,"latestVolumeDate":"2024-05-22","extractedAt":"2025-08-02T15:27:15Z"}},{"type":"Feature","geometry":{"type":"Point","coordinates":[-97.812481,32.758804]},"properties":{"locationId":"184T10","locatedOn":"US0180","locOnAlias":"US0180-KG","type":"SPOT","category":"ANNUAL ACR","routeType":"US","route":"0180","active":"Yes","fnctClass":"(3)Principal Arterial-Other","latestAadt":14062,"latestAadtYear":2024,"latestDhv30":1270,"latestKPercent":9,"latestDPercent":57,"latestVolumeCount":14958,"latestVolumeDate":"2024-05-13","extractedAt":"2025-08-02T15:32:49Z"}},{"type":"Feature","geometry":{"type":"Point","coordinates":[-97.821255,32.759722]},"properties":{"locationId":"184T10A","locatedOn":"US0180","locOnAlias":"US0180-KG","type":"SPOT","category":"ANNUAL ACR","routeType":"US","route":"0180","active":"Yes","fnctClass":"(4)Minor Arterial","latestAadt":9462,"latestAadtYear":2024,"latestDhv30":979,"latestKPercent":10,"latestDPercent":57,"latestVolumeCount":10923,"latestVolumeDate":"2024-05-13","extractedAt":"2025-08-02T15:33:05Z"}},{"type":"Feature","geometry":{"type":"Point","coordinates":[-97.79728,32.773109]},"properties":{"locationId":"184T2","locatedOn":"FM0051","locOnAlias":"FM0051-KG","type":"SPOT","category":"ANNUAL ACR","routeType":"FM","route":"0051","active":"Yes","fnctClass":"(4)Minor Arterial","latestAadt":20222,"latestAadtYear":2024,"latestDhv30":1674,"latestKPercent":8,"latestDPercent":68,"latestVolumeCount":21976,"latestVolumeDate":"2024-05-22","extractedAt":"2025-08-02T15:35:08Z"}},{"type":"Feature","geometry":{"type":"Point","coordinates":[-98.011307,32.748684]},"properties":{"locationId":"184T26","locatedOn":"FM0113","locOnAlias":"FM0113-KG","type":"SPOT","category":"ANNUAL ACR","routeType":"FM","route":"0113","active":"Yes","fnctClass":"(5)Major Collector","latestAadt":42443,"latestAadtYear":2024,"latestDhv30":null,"latestKPercent":null,"latestDPercent":null,"latestVolumeCount":4333,"latestVolumeDate":"2023-07-19","extractedAt":"2025-08-02T15:42:21Z"}},{"type":"Feature","geometry":{"type":"Point","coordinates":[-98.00932,32.747083]},"properties":{"locationId":"184T27","locatedOn":"FM0113","locOnAlias":"FM0113-KG","type":"SPOT","category":"ANNUAL ACR","routeType":"FM","route":"0113","active":"Yes","fnctClass":"(5)Major Collector","latestAadt":45883,"latestAadtYear":2024,"latestDhv30":null,"latestKPercent":null,"latestDPercent":null,"latestVolumeCount":4685,"latestVolumeDate":"2023-07-19","extractedAt":"2025-08-02T15:42:37Z"}},{"type":"Feature","geometry":{"type":"Point","coordinates":[-97.986689,32.832551]},"properties":{"locationId":"184T28","locatedOn":"FM0113","locOnAlias":"FM0113-KG","type":"SPOT","category":"ANNUAL ACR","routeType":"FM","route":"0113","active":"Yes","fnctClass":"(5)Major Collector","latestAadt":2529,"latestAadtYear":2024,"latestDhv30":295,"latestKPercent":12,"latestDPercent":null,"latestVolumeCount":2675,"latestVolumeDate":"2024-05-14","extractedAt":"2025-08-02T15:42:54Z"}},{"type":"Feature","geometry":{"type":"Point","coordinates":[-97.797815,32.773757]},"properties":{"locationId":"184T3","locatedOn":"FM0920","locOnAlias":"FM0920-KG","type":"SPOT","category":"ANNUAL ACR","routeType":"FM","route":"0920","active":"Yes","fnctClass":"(5)Major Collector","latestAadt":9549,"latestAadtYear":2024,"latestDhv30":760,"latestKPercent":8,"latestDPercent":null,"latestVolumeCount":10300,"latestVolumeDate":"2024-05-22","extractedAt":"2025-08-02T15:43:09Z"}},{"type":"Feature","geometry":{"type":"Point","coordinates":[-97.797271,32.774201]},"properties":{"locationId":"184T4","locatedOn":"FM0051","locOnAlias":"FM0051-KG","type":"SPOT","category":"ANNUAL ACR","routeType":"FM","route":"0051","active":"Yes","fnctClass":"(4)Minor Arterial","latestAadt":12867,"latestAadtYear":2024,"latestDhv30":1163,"latestKPercent":9,"latestDPercent":58,"latestVolumeCount":13995,"latestVolumeDate":"2024-05-22","extractedAt":"2025-08-02T15:49:35Z"}},{"type":"Feature","geometry":{"type":"Point","coordinates":[-97.795784,32.75894]},"properties":{"locationId":"184T5","locatedOn":"US0180","locOnAlias":"US0180-KG","type":"SPOT","category":"ANNUAL ACR","routeType":"US","route":"0180","active":"Yes","fnctClass":"(3)Principal Arterial-Other","latestAadt":144943,"latestAadtYear":2024,"latestDhv30":null,"latestKPercent":null,"latestDPercent":null,"latestVolumeCount":15586,"latestVolumeDate":"2023-07-19","extractedAt":"2025-08-02T15:49:49Z"}},{"type":"Feature","geometry":{"type":"Point","coordinates":[-97.769221,32.757795]},"properties":{"locationId":"184T6","locatedOn":"US0180","locOnAlias":"US0180-KG","type":"SPOT","category":"ANNUAL ACR","routeType":"US","route":"0180","active":"Yes","fnctClass":"(3)Principal Arterial-Other","latestAadt":224673,"latestAadtYear":2024,"latestDhv30":null,"latestKPercent":null,"latestDPercent":null,"latestVolumeCount":24878,"latestVolumeDate":"2023-07-19","extractedAt":"2025-08-02T15:50:07Z"}},{"type":"Feature","geometry":{"type":"Point","coordinates":[-97.792826,32.758357]},"properties":{"locationId":"184T7","locatedOn":"FM2552","locOnAlias":"FM2552-KG","type":"SPOT","category":"ANNUAL ACR","routeType":"FM","route":"2552","active":"Yes","fnctClass":"(4)Minor Arterial","latestAadt":10148,"latestAadtYear":2024,"latestDhv30":910,"latestKPercent":9,"latestDPercent":51,"latestVolumeCount":11786,"latestVolumeDate":"2024-05-22","extractedAt":"2025-08-02T15:50:21Z"}},{"type":"Feature","geometry":{"type":"Point","coordinates":[-97.782462,32.747459]},"properties":{"locationId":"184T7A","locatedOn":"FM2552","locOnAlias":"FM2552-KG","type":"SPOT","category":"ANNUAL ACR","routeType":"FM","route":"2552","active":"Yes","fnctClass":"(4)Minor Arterial","latestAadt":160453,"latestAadtYear":2024,"latestDhv30":null,"latestKPercent":null,"latestDPercent":null,"latestVolumeCount":18521,"latestVolumeDate":"2023-07-19","extractedAt":"2025-08-02T15:50:35Z"}},{"type":"Feature","geometry":{"type":"Point","coordinates":[-97.79739,32.757948]},"properties":{"locationId":"184T8","locatedOn":"SH0171","locOnAlias":"SH0171-KG","type":"SPOT","category":"ANNUAL ACR","routeType":"SH","route":"0171","active":"Yes","fnctClass":"(3)Principal Arterial-Other","latestAadt":16640,"latestAadtYear":2024,"latestDhv30":1379,"latestKPercent":8,"latestDPercent":53,"latestVolumeCount":18291,"latestVolumeDate":"2024-05-22","extractedAt":"2025-08-02T15:50:49Z"}},{"type":"Feature","geometry":{"type":"Point","coordinates":[-97.792001,32.732371]},"properties":{"locationId":"184T8A","locatedOn":"SH0171","locOnAlias":"SH0171-KG","type":"SPOT","category":"ANNUAL ACR","routeType":"SH","route":"0171","active":"Yes","fnctClass":"(3)Principal Arterial-Other","latestAadt":24481,"latestAadtYear":2024,"latestDhv30":2282,"latestKPercent":9,"latestDPercent":53,"latestVolumeCount":26984,"latestVolumeDate":"2024-05-22","extractedAt":"2025-08-02T15:51:04Z"}},{"type":"Feature","geometry":{"type":"Point","coordinates":[-97.804649,32.732757]},"properties":{"locationId":"184T8B","locatedOn":"FM1884","locOnAlias":"FM1884-KG","type":"SPOT","category":"ANNUAL ACR","routeType":"FM","route":"1884","active":"Yes","fnctClass":"(5)Major Collector","latestAadt":6903,"latestAadtYear":2024,"latestDhv30":536,"latestKPercent":8,"latestDPercent":null,"latestVolumeCount":7404,"latestVolumeDate":"2024-05-21","extractedAt":"2025-08-02T15:56:44Z"}},{"type":"Feature","geometry":{"type":"Point","coordinates":[-97.798786,32.758988]},"properties":{"locationId":"184T9","locatedOn":"US0180","locOnAlias":"US0180-KG","type":"SPOT","category":"ANNUAL ACR","routeType":"US","route":"0180","active":"Yes","fnctClass":"(3)Principal Arterial-Other","latestAadt":15349,"latestAadtYear":2024,"latestDhv30":1409,"latestKPercent":9,"latestDPercent":55,"latestVolumeCount":16324,"latestVolumeDate":"2024-05-13","extractedAt":"2025-08-02T15:57:00Z"}},{"type":"Feature","geometry":{"type":"Point","coordinates":[-97.779618,32.73393]},"properties":{"locationId":"184U10","locatedOn":"RED OAK/WASHINGTON","locOnAlias":"","type":"SPOT","category":"INACTIVE","routeType":"","route":"","active":"No","fnctClass":"(5)Major Collector","latestAadt":1727,"latestAadtYear":2019,"latestDhv30":192,"latestKPercent":11,"latestDPercent":54,"latestVolumeCount":2090,"latestVolumeDate":"2019-05-06","extractedAt":"2025-08-02T15:57:32Z"}},{"type":"Feature","geometry":{"type":"Point","coordinates":[-97.82813,32.751951]},"properties":{"locationId":"184U16","locatedOn":"SS0312","locOnAlias":"SS0312-KG","type":"SPOT","category":"URBAN ACR","routeType":"SS","route":"312","active":"Yes","fnctClass":"(5)Major Collector","latestAadt":3868,"latestAadtYear":2024,"latestDhv30":439,"latestKPercent":11,"latestDPercent":null,"latestVolumeCount":4405,"latestVolumeDate":"2024-05-08","extractedAt":"2025-08-02T15:58:12Z"}},{"type":"Feature","geometry":{"type":"Point","coordinates":[-97.822268,32.699891]},"properties":{"locationId":"184U17","locatedOn":"FM1884","locOnAlias":"FM1884-KG","type":"SPOT","category":"URBAN ACR","routeType":"FM","route":"1884","active":"Yes","fnctClass":"(5)Major Collector","latestAadt":null,"latestAadtYear":null,"latestDhv30":null,"latestKPercent":null,"latestDPercent":null,"latestVolumeCount":null,"latestVolumeDate":null,"extractedAt":"2025-08-02T15:58:26Z"}},{"type":"Feature","geometry":{"type":"Point","coordinates":[-97.759667,32.690612]},"properties":{"locationId":"184U18","locatedOn":"SH0171","locOnAlias":"SH0171-KG","type":"SPOT","category":"URBAN ACR","routeType":"SH","route":"171","active":"Yes","fnctClass":"(4)Minor Arterial","latestAadt":5229,"latestAadtYear":2024,"latestDhv30":449,"latestKPercent":9,"latestDPercent":null,"latestVolumeCount":6346,"latestVolumeDate":"2024-05-20","extractedAt":"2025-08-02T15:58:39Z"}},{"type":"Feature","geometry":{"type":"Point","coordinates":[-97.784703,32.721664]},"properties":{"locationId":"184U19","locatedOn":"SH0171","locOnAlias":"SH0171-KG","type":"SPOT","category":"URBAN ACR","routeType":"SH","route":"171","active":"Yes","fnctClass":"(4)Minor Arterial","latestAadt":14924,"latestAadtYear":2024,"latestDhv30":1350,"latestKPercent":9,"latestDPercent":null,"latestVolumeCount":17624,"latestVolumeDate":"2024-05-15","extractedAt":"2025-08-02T15:58:52Z"}},{"type":"Feature","geometry":{"type":"Point","coordinates":[-97.805437,32.775248]},"properties":{"locationId":"184U21","locatedOn":"FM0920","locOnAlias":"FM0920-KG","type":"SPOT","category":"URBAN ACR","routeType":"FM","route":"920","active":"Yes","fnctClass":"(5)Major Collector","latestAadt":11434,"latestAadtYear":2024,"latestDhv30":1039,"latestKPercent":9,"latestDPercent":null,"latestVolumeCount":12639,"latestVolumeDate":"2024-05-15","extractedAt":"2025-08-02T16:04:51Z"}},{"type":"Feature","geometry":{"type":"Point","coordinates":[-97.801685,32.788099]},"properties":{"locationId":"184U3576","locatedOn":"-","locOnAlias":"","type":"SPOT","category":"INACTIVE","routeType":"","route":"","active":"No","fnctClass":"(-)-","latestAadt":1113,"latestAadtYear":2014,"latestDhv30":169,"latestKPercent":15,"latestDPercent":null,"latestVolumeCount":1582,"latestVolumeDate":"2014-04-23","extractedAt":"2025-08-02T16:06:07Z"}},{"type":"Feature","geometry":{"type":"Point","coordinates":[-97.811502,32.783913]},"properties":{"locationId":"184U3577","locatedOn":"-","locOnAlias":"","type":"SPOT","category":"INACTIVE","routeType":"","route":"","active":"No","fnctClass":"(3)Principal Arterial-Other","latestAadt":21033,"latestAadtYear":2015,"latestDhv30":null,"latestKPercent":15,"latestDPercent":null,"latestVolumeCount":2934,"latestVolumeDate":"2014-04-23","extractedAt":"2025-08-02T16:06:19Z"}},{"type":"Feature","geometry":{"type":"Point","coordinates":[-97.820191,32.776137]},"properties":{"locationId":"184U3578","locatedOn":"-","locOnAlias":"","type":"SPOT","category":"INACTIVE","routeType":"","route":"","active":"No","fnctClass":"(-)-","latestAadt":2963,"latestAadtYear":2014,"latestDhv30":420,"latestKPercent":14,"latestDPercent":null,"latestVolumeCount":4236,"latestVolumeDate":"2014-04-23","extractedAt":"2025-08-02T16:06:35Z"}},{"type":"Feature","geometry":{"type":"Point","coordinates":[-97.8299,32.773195]},"properties":{"locationId":"184U3579","locatedOn":"-","locOnAlias":"","type":"SPOT","category":"INACTIVE","routeType":"","route":"","active":"No","fnctClass":"(-)-","latestAadt":2975,"latestAadtYear":2014,"latestDhv30":423,"latestKPercent":14,"latestDPercent":null,"latestVolumeCount":4252,"latestVolumeDate":"2014-04-23","extractedAt":"2025-08-02T16:06:48Z"}}]}