{
  "type": "FeatureCollection",
  "features": [
    {
      "type": "Feature",
      "properties": {
        "segment_id": "abbd4fde-1896-4570-8958-1025ec0f140b",
        "risk_score": 0.4525,
        "risk_level": "Moderate",
        "risk_level_numeric": 3,
        "crash_count": 10,
        "aadt": 0,
        "segment_length": 0,
        "crashes_per_mile": 0,
        "recent_crashes": [
          {
            "crash_id": "20896302",
            "crash_date": "2025-07-03",
            "severity": "O_NoInjury"
          },
          {
            "crash_id": "20852185",
            "crash_date": "2025-06-07",
            "severity": "A_IncapacitatingInjury"
          },
          {
            "crash_id": "20836171",
            "crash_date": "2025-05-29",
            "severity": "O_NoInjury"
          },
          {
            "crash_id": "20829648",
            "crash_date": "2025-05-24",
            "severity": "A_IncapacitatingInjury"
          },
          {
            "crash_id": "20760864",
            "crash_date": "2025-04-16",
            "severity": "O_NoInjury"
          }
        ],
        "start_latitude": 32.75079531,
        "start_longitude": -97.78602212,
        "end_latitude": 32.75304717,
        "end_longitude": -97.78827373
      },
      "geometry": {
        "type": "LineString",
        "coordinates": [
          [
            -97.78602212,
            32.75079531
          ],
          [
            -97.78827373,
            32.75304717
          ]
        ]
      }
    },
    {
      "type": "Feature",
      "properties": {
        "segment_id": "d8df7448-7837-41b9-8c63-5694e249e4d6",
        "risk_score": 0.44,
        "risk_level": "Moderate",
        "risk_level_numeric": 3,
        "crash_count": 10,
        "aadt": 0,
        "segment_length": 0,
        "crashes_per_mile": 0,
        "recent_crashes": [
          {
            "crash_id": "20944730",
            "crash_date": "2025-08-05",
            "severity": "B_NonIncapacitatingInjury"
          },
          {
            "crash_id": "20896297",
            "crash_date": "2025-07-01",
            "severity": "O_NoInjury"
          },
          {
            "crash_id": "20854608",
            "crash_date": "2025-06-09",
            "severity": "O_NoInjury"
          },
          {
            "crash_id": "20832307",
            "crash_date": "2025-05-27",
            "severity": "O_NoInjury"
          },
          {
            "crash_id": "20829631",
            "crash_date": "2025-05-23",
            "severity": "A_IncapacitatingInjury"
          }
        ],
        "start_latitude": 32.7390443,
        "start_longitude": -97.79704233,
        "end_latitude": 32.7390443,
        "end_longitude": -97.79704233
      },
      "geometry": {
        "type": "LineString",
        "coordinates": [
          [
            -97.79704233,
            32.7390443
          ],
          [
            -97.79704233,
            32.7390443
          ]
        ]
      }
    },
    {
      "type": "Feature",
      "properties": {
        "segment_id": "1cbb32aa-b0a1-440e-bf6d-c57bf83b0538",
        "risk_score": 0.4370689655172414,
        "risk_level": "Moderate",
        "risk_level_numeric": 3,
        "crash_count": 29,
        "aadt": 0,
        "segment_length": 0,
        "crashes_per_mile": 0,
        "recent_crashes": [
          {
            "crash_id": "20951215",
            "crash_date": "2025-08-10",
            "severity": "B_NonIncapacitatingInjury"
          },
          {
            "crash_id": "20914590",
            "crash_date": "2025-07-16",
            "severity": "O_NoInjury"
          },
          {
            "crash_id": "20936279",
            "crash_date": "2025-06-27",
            "severity": "O_NoInjury"
          },
          {
            "crash_id": "20895694",
            "crash_date": "2025-06-21",
            "severity": "O_NoInjury"
          },
          {
            "crash_id": "20870605",
            "crash_date": "2025-06-12",
            "severity": "A_IncapacitatingInjury"
          }
        ],
        "start_latitude": 32.83620794,
        "start_longitude": -97.65890752,
        "end_latitude": 32.8778107,
        "end_longitude": -97.58422545
      },
      "geometry": {
        "type": "LineString",
        "coordinates": [
          [
            -97.65890752,
            32.83620794
          ],
          [
            -97.58422545,
            32.8778107
          ]
        ]
      }
    },
    {
      "type": "Feature",
      "properties": {
        "segment_id": "b32e3e20-3e87-4a7d-b878-eb9d7ee57d2b",
        "risk_score": 0.43411458333333336,
        "risk_level": "Moderate",
        "risk_level_numeric": 3,
        "crash_count": 48,
        "aadt": 0,
        "segment_length": 0,
        "crashes_per_mile": 0,
        "recent_crashes": [
          {
            "crash_id": "20958333",
            "crash_date": "2025-08-13",
            "severity": "O_NoInjury"
          },
          {
            "crash_id": "20956411",
            "crash_date": "2025-08-12",
            "severity": "A_IncapacitatingInjury"
          },
          {
            "crash_id": "20956408",
            "crash_date": "2025-08-12",
            "severity": "O_NoInjury"
          },
          {
            "crash_id": "20940670",
            "crash_date": "2025-08-02",
            "severity": "K_Fatal"
          },
          {
            "crash_id": "20940661",
            "crash_date": "2025-08-01",
            "severity": "O_NoInjury"
          }
        ],
        "start_latitude": 32.72351669,
        "start_longitude": -97.78595731,
        "end_latitude": 32.73303989,
        "end_longitude": -97.79286008
      },
      "geometry": {
        "type": "LineString",
        "coordinates": [
          [
            -97.78595731,
            32.72351669
          ],
          [
            -97.79286008,
            32.73303989
          ]
        ]
      }
    },
    {
      "type": "Feature",
      "properties": {
        "segment_id": "ccadf2e7-a347-4427-87a0-dbf8cd4716bc",
        "risk_score": 0.43289473684210533,
        "risk_level": "Moderate",
        "risk_level_numeric": 3,
        "crash_count": 19,
        "aadt": 0,
        "segment_length": 0,
        "crashes_per_mile": 0,
        "recent_crashes": [
          {
            "crash_id": "20906168",
            "crash_date": "2025-07-02",
            "severity": "A_IncapacitatingInjury"
          },
          {
            "crash_id": "20895257",
            "crash_date": "2025-06-29",
            "severity": "B_NonIncapacitatingInjury"
          },
          {
            "crash_id": "20882922",
            "crash_date": "2025-06-20",
            "severity": "B_NonIncapacitatingInjury"
          },
          {
            "crash_id": "20842404",
            "crash_date": "2025-05-31",
            "severity": "O_NoInjury"
          },
          {
            "crash_id": "20820482",
            "crash_date": "2025-05-15",
            "severity": "O_NoInjury"
          }
        ],
        "start_latitude": 32.92448006,
        "start_longitude": -97.60840925,
        "end_latitude": 32.95950654,
        "end_longitude": -97.67362111
      },
      "geometry": {
        "type": "LineString",
        "coordinates": [
          [
            -97.60840925,
            32.92448006
          ],
          [
            -97.67362111,
            32.95950654
          ]
        ]
      }
    },
    {
      "type": "Feature",
      "properties": {
        "segment_id": "1fcbc6fd-c4ec-4a37-acee-ca5cf896f5c1",
        "risk_score": 0.4325,
        "risk_level": "Moderate",
        "risk_level_numeric": 3,
        "crash_count": 15,
        "aadt": 0,
        "segment_length": 0,
        "crashes_per_mile": 0,
        "recent_crashes": [
          {
            "crash_id": "20913252",
            "crash_date": "2025-07-13",
            "severity": "O_NoInjury"
          },
          {
            "crash_id": "20895255",
            "crash_date": "2025-07-06",
            "severity": "A_IncapacitatingInjury"
          },
          {
            "crash_id": "20843565",
            "crash_date": "2025-06-02",
            "severity": "O_NoInjury"
          },
          {
            "crash_id": "20815732",
            "crash_date": "2025-05-13",
            "severity": "O_NoInjury"
          },
          {
            "crash_id": "20807895",
            "crash_date": "2025-05-13",
            "severity": "O_NoInjury"
          }
        ],
        "start_latitude": 32.80393108,
        "start_longitude": -97.82361666,
        "end_latitude": 32.82632937,
        "end_longitude": -97.82354709
      },
      "geometry": {
        "type": "LineString",
        "coordinates": [
          [
            -97.82361666,
            32.80393108
          ],
          [
            -97.82354709,
            32.82632937
          ]
        ]
      }
    },
    {
      "type": "Feature",
      "properties": {
        "segment_id": "e6c772cb-5f00-4c83-aa42-8746832990be",
        "risk_score": 0.4323529411764706,
        "risk_level": "Moderate",
        "risk_level_numeric": 3,
        "crash_count": 34,
        "aadt": 0,
        "segment_length": 0,
        "crashes_per_mile": 0,
        "recent_crashes": [
          {
            "crash_id": "20944731",
            "crash_date": "2025-08-05",
            "severity": "B_NonIncapacitatingInjury"
          },
          {
            "crash_id": "20933514",
            "crash_date": "2025-07-27",
            "severity": "A_IncapacitatingInjury"
          },
          {
            "crash_id": "20943277",
            "crash_date": "2025-07-25",
            "severity": "O_NoInjury"
          },
          {
            "crash_id": "20933517",
            "crash_date": "2025-07-24",
            "severity": "O_NoInjury"
          },
          {
            "crash_id": "20924089",
            "crash_date": "2025-07-19",
            "severity": "B_NonIncapacitatingInjury"
          }
        ],
        "start_latitude": 32.73862639,
        "start_longitude": -97.79741571,
        "end_latitude": 32.70780058,
        "end_longitude": -97.81819559
      },
      "geometry": {
        "type": "LineString",
        "coordinates": [
          [
            -97.79741571,
            32.73862639
          ],
          [
            -97.81819559,
            32.70780058
          ]
        ]
      }
    },
    {
      "type": "Feature",
      "properties": {
        "segment_id": "b88ca5a0-d554-49a3-a2bd-6898016613a5",
        "risk_score": 0.43194444444444446,
        "risk_level": "Moderate",
        "risk_level_numeric": 3,
        "crash_count": 18,
        "aadt": 0,
        "segment_length": 0,
        "crashes_per_mile": 0,
        "recent_crashes": [
          {
            "crash_id": "20957223",
            "crash_date": "2025-08-13",
            "severity": "O_NoInjury"
          },
          {
            "crash_id": "20949391",
            "crash_date": "2025-08-04",
            "severity": "B_NonIncapacitatingInjury"
          },
          {
            "crash_id": "20896304",
            "crash_date": "2025-07-03",
            "severity": "O_NoInjury"
          },
          {
            "crash_id": "20874652",
            "crash_date": "2025-06-22",
            "severity": "B_NonIncapacitatingInjury"
          },
          {
            "crash_id": "20885917",
            "crash_date": "2025-06-21",
            "severity": "A_IncapacitatingInjury"
          }
        ],
        "start_latitude": 32.78206166,
        "start_longitude": -97.81330508,
        "end_latitude": 32.79531553,
        "end_longitude": -97.83145308
      },
      "geometry": {
        "type": "LineString",
        "coordinates": [
          [
            -97.81330508,
            32.78206166
          ],
          [
            -97.83145308,
            32.79531553
          ]
        ]
      }
    },
    {
      "type": "Feature",
      "properties": {
        "segment_id": "7922a246-8ae3-4b24-957e-67edcce1b9e9",
        "risk_score": 0.426875,
        "risk_level": "Moderate",
        "risk_level_numeric": 3,
        "crash_count": 8,
        "aadt": 0,
        "segment_length": 0,
        "crashes_per_mile": 0,
        "recent_crashes": [
          {
            "crash_id": "20939515",
            "crash_date": "2025-07-27",
            "severity": "B_NonIncapacitatingInjury"
          },
          {
            "crash_id": "20938679",
            "crash_date": "2025-07-25",
            "severity": "K_Fatal"
          },
          {
            "crash_id": "20939437",
            "crash_date": "2025-07-25",
            "severity": "O_NoInjury"
          },
          {
            "crash_id": "20923598",
            "crash_date": "2025-07-11",
            "severity": "A_IncapacitatingInjury"
          },
          {
            "crash_id": "20845820",
            "crash_date": "2025-05-31",
            "severity": "K_Fatal"
          }
        ],
        "start_latitude": 32.93765189,
        "start_longitude": -97.61817903,
        "end_latitude": 32.94198468,
        "end_longitude": -97.6142578
      },
      "geometry": {
        "type": "LineString",
        "coordinates": [
          [
            -97.61817903,
            32.93765189
          ],
          [
            -97.6142578,
            32.94198468
          ]
        ]
      }
    },
    {
      "type": "Feature",
      "properties": {
        "segment_id": "70cd8b5c-1cd0-48b3-9fad-110d0370342a",
        "risk_score": 0.42625,
        "risk_level": "Moderate",
        "risk_level_numeric": 3,
        "crash_count": 10,
        "aadt": 0,
        "segment_length": 0,
        "crashes_per_mile": 0,
        "recent_crashes": [
          {
            "crash_id": "20947039",
            "crash_date": "2025-07-31",
            "severity": "O_NoInjury"
          },
          {
            "crash_id": "20908853",
            "crash_date": "2025-07-10",
            "severity": "A_IncapacitatingInjury"
          },
          {
            "crash_id": "20900209",
            "crash_date": "2025-07-01",
            "severity": "O_NoInjury"
          },
          {
            "crash_id": "20785143",
            "crash_date": "2025-04-20",
            "severity": "Unknown"
          },
          {
            "crash_id": "20764348",
            "crash_date": "2025-04-15",
            "severity": "O_NoInjury"
          }
        ],
        "start_latitude": 32.96042426,
        "start_longitude": -97.68103234,
        "end_latitude": 32.96261614,
        "end_longitude": -97.68101995
      },
      "geometry": {
        "type": "LineString",
        "coordinates": [
          [
            -97.68103234,
            32.96042426
          ],
          [
            -97.68101995,
            32.96261614
          ]
        ]
      }
    },
    {
      "type": "Feature",
      "properties": {
        "segment_id": "476441ac-be50-422c-86a6-4f91a1fce14e",
        "risk_score": 0.4256410256410256,
        "risk_level": "Moderate",
        "risk_level_numeric": 3,
        "crash_count": 39,
        "aadt": 0,
        "segment_length": 0,
        "crashes_per_mile": 0,
        "recent_crashes": [
          {
            "crash_id": "20944603",
            "crash_date": "2025-08-04",
            "severity": "O_NoInjury"
          },
          {
            "crash_id": "20936092",
            "crash_date": "2025-07-31",
            "severity": "B_NonIncapacitatingInjury"
          },
          {
            "crash_id": "20936975",
            "crash_date": "2025-07-26",
            "severity": "O_NoInjury"
          },
          {
            "crash_id": "20902942",
            "crash_date": "2025-07-10",
            "severity": "O_NoInjury"
          },
          {
            "crash_id": "20895800",
            "crash_date": "2025-07-04",
            "severity": "O_NoInjury"
          }
        ],
        "start_latitude": 32.89624959,
        "start_longitude": -97.72998205,
        "end_latitude": 32.8738758,
        "end_longitude": -97.74256026
      },
      "geometry": {
        "type": "LineString",
        "coordinates": [
          [
            -97.72998205,
            32.89624959
          ],
          [
            -97.74256026,
            32.8738758
          ]
        ]
      }
    },
    {
      "type": "Feature",
      "properties": {
        "segment_id": "5e5c68aa-c5bc-4bad-a64f-cbfdef9f962d",
        "risk_score": 0.425,
        "risk_level": "Moderate",
        "risk_level_numeric": 3,
        "crash_count": 13,
        "aadt": 0,
        "segment_length": 0,
        "crashes_per_mile": 0,
        "recent_crashes": [
          {
            "crash_id": "20954338",
            "crash_date": "2025-08-06",
            "severity": "O_NoInjury"
          },
          {
            "crash_id": "20930195",
            "crash_date": "2025-07-23",
            "severity": "B_NonIncapacitatingInjury"
          },
          {
            "crash_id": "20925452",
            "crash_date": "2025-07-23",
            "severity": "O_NoInjury"
          },
          {
            "crash_id": "20913276",
            "crash_date": "2025-07-16",
            "severity": "A_IncapacitatingInjury"
          },
          {
            "crash_id": "20903586",
            "crash_date": "2025-07-09",
            "severity": "O_NoInjury"
          }
        ],
        "start_latitude": 32.7398035,
        "start_longitude": -97.77849796,
        "end_latitude": 32.74228899,
        "end_longitude": -97.78216441
      },
      "geometry": {
        "type": "LineString",
        "coordinates": [
          [
            -97.77849796,
            32.7398035
          ],
          [
            -97.78216441,
            32.74228899
          ]
        ]
      }
    },
    {
      "type": "Feature",
      "properties": {
        "segment_id": "19d06f1f-52bc-47d8-80de-edcbf9a219f9",
        "risk_score": 0.42272727272727273,
        "risk_level": "Moderate",
        "risk_level_numeric": 3,
        "crash_count": 11,
        "aadt": 0,
        "segment_length": 0,
        "crashes_per_mile": 0,
        "recent_crashes": [
          {
            "crash_id": "20848149",
            "crash_date": "2025-06-06",
            "severity": "A_IncapacitatingInjury"
          },
          {
            "crash_id": "20832264",
            "crash_date": "2025-05-23",
            "severity": "A_IncapacitatingInjury"
          },
          {
            "crash_id": "20832085",
            "crash_date": "2025-05-22",
            "severity": "O_NoInjury"
          },
          {
            "crash_id": "20832151",
            "crash_date": "2025-05-20",
            "severity": "O_NoInjury"
          },
          {
            "crash_id": "20801109",
            "crash_date": "2025-05-10",
            "severity": "O_NoInjury"
          }
        ],
        "start_latitude": 32.9645825,
        "start_longitude": -97.68351117,
        "end_latitude": 32.96622937,
        "end_longitude": -97.68385282
      },
      "geometry": {
        "type": "LineString",
        "coordinates": [
          [
            -97.68351117,
            32.9645825
          ],
          [
            -97.68385282,
            32.96622937
          ]
        ]
      }
    },
    {
      "type": "Feature",
      "properties": {
        "segment_id": "6a346916-98c0-4901-9a5e-f7e141df5b90",
        "risk_score": 0.4225,
        "risk_level": "Moderate",
        "risk_level_numeric": 3,
        "crash_count": 10,
        "aadt": 0,
        "segment_length": 0,
        "crashes_per_mile": 0,
        "recent_crashes": [
          {
            "crash_id": "20858646",
            "crash_date": "2025-06-12",
            "severity": "A_IncapacitatingInjury"
          },
          {
            "crash_id": "20863054",
            "crash_date": "2025-06-11",
            "severity": "O_NoInjury"
          },
          {
            "crash_id": "20832311",
            "crash_date": "2025-05-27",
            "severity": "O_NoInjury"
          },
          {
            "crash_id": "20832062",
            "crash_date": "2025-05-20",
            "severity": "O_NoInjury"
          },
          {
            "crash_id": "20785598",
            "crash_date": "2025-04-29",
            "severity": "O_NoInjury"
          }
        ],
        "start_latitude": 32.96712287,
        "start_longitude": -97.69956268,
        "end_latitude": 32.97908426,
        "end_longitude": -97.69499858
      },
      "geometry": {
        "type": "LineString",
        "coordinates": [
          [
            -97.69956268,
            32.96712287
          ],
          [
            -97.69499858,
            32.97908426
          ]
        ]
      }
    },
    {
      "type": "Feature",
      "properties": {
        "segment_id": "dc0713f5-95c4-403b-ab7c-ae521c8f0b21",
        "risk_score": 0.421875,
        "risk_level": "Moderate",
        "risk_level_numeric": 3,
        "crash_count": 12,
        "aadt": 0,
        "segment_length": 0,
        "crashes_per_mile": 0,
        "recent_crashes": [
          {
            "crash_id": "20933249",
            "crash_date": "2025-07-22",
            "severity": "O_NoInjury"
          },
          {
            "crash_id": "20924401",
            "crash_date": "2025-07-17",
            "severity": "O_NoInjury"
          },
          {
            "crash_id": "20901828",
            "crash_date": "2025-06-28",
            "severity": "O_NoInjury"
          },
          {
            "crash_id": "20810437",
            "crash_date": "2025-05-14",
            "severity": "O_NoInjury"
          },
          {
            "crash_id": "20761194",
            "crash_date": "2025-04-13",
            "severity": "A_IncapacitatingInjury"
          }
        ],
        "start_latitude": 32.83079859,
        "start_longitude": -97.85735625,
        "end_latitude": 32.88805653,
        "end_longitude": -97.92952135
      },
      "geometry": {
        "type": "LineString",
        "coordinates": [
          [
            -97.85735625,
            32.83079859
          ],
          [
            -97.92952135,
            32.88805653
          ]
        ]
      }
    },
    {
      "type": "Feature",
      "properties": {
        "segment_id": "545948ba-39bf-4f2e-9b5f-8ba0d9678843",
        "risk_score": 0.42115384615384616,
        "risk_level": "Moderate",
        "risk_level_numeric": 3,
        "crash_count": 13,
        "aadt": 0,
        "segment_length": 0,
        "crashes_per_mile": 0,
        "recent_crashes": [
          {
            "crash_id": "20929108",
            "crash_date": "2025-07-27",
            "severity": "O_NoInjury"
          },
          {
            "crash_id": "20894287",
            "crash_date": "2025-07-04",
            "severity": "O_NoInjury"
          },
          {
            "crash_id": "20890697",
            "crash_date": "2025-07-01",
            "severity": "A_IncapacitatingInjury"
          },
          {
            "crash_id": "20893168",
            "crash_date": "2025-06-30",
            "severity": "O_NoInjury"
          },
          {
            "crash_id": "20879443",
            "crash_date": "2025-06-16",
            "severity": "B_NonIncapacitatingInjury"
          }
        ],
        "start_latitude": 32.72086519,
        "start_longitude": -97.55743014,
        "end_latitude": 32.72085664,
        "end_longitude": -97.54991999
      },
      "geometry": {
        "type": "LineString",
        "coordinates": [
          [
            -97.55743014,
            32.72086519
          ],
          [
            -97.54991999,
            32.72085664
          ]
        ]
      }
    },
    {
      "type": "Feature",
      "properties": {
        "segment_id": "8b3c91ff-9075-4c06-ab37-bc2404114f59",
        "risk_score": 0.418801652892562,
        "risk_level": "Moderate",
        "risk_level_numeric": 3,
        "crash_count": 121,
        "aadt": 0,
        "segment_length": 0,
        "crashes_per_mile": 0,
        "recent_crashes": [
          {
            "crash_id": "20956413",
            "crash_date": "2025-08-12",
            "severity": "B_NonIncapacitatingInjury"
          },
          {
            "crash_id": "20956410",
            "crash_date": "2025-08-12",
            "severity": "B_NonIncapacitatingInjury"
          },
          {
            "crash_id": "20954341",
            "crash_date": "2025-08-07",
            "severity": "O_NoInjury"
          },
          {
            "crash_id": "20940677",
            "crash_date": "2025-08-03",
            "severity": "O_NoInjury"
          },
          {
            "crash_id": "20949420",
            "crash_date": "2025-08-03",
            "severity": "O_NoInjury"
          }
        ],
        "start_latitude": 32.74203078,
        "start_longitude": -97.74981677,
        "end_latitude": 32.70734467,
        "end_longitude": -97.94301981
      },
      "geometry": {
        "type": "LineString",
        "coordinates": [
          [
            -97.74981677,
            32.74203078
          ],
          [
            -97.94301981,
            32.70734467
          ]
        ]
      }
    },
    {
      "type": "Feature",
      "properties": {
        "segment_id": "8a0ff495-e6a0-41d5-bcf5-fefaac9db4aa",
        "risk_score": 0.4175,
        "risk_level": "Moderate",
        "risk_level_numeric": 3,
        "crash_count": 10,
        "aadt": 0,
        "segment_length": 0,
        "crashes_per_mile": 0,
        "recent_crashes": [
          {
            "crash_id": "20940666",
            "crash_date": "2025-08-02",
            "severity": "O_NoInjury"
          },
          {
            "crash_id": "20895078",
            "crash_date": "2025-06-26",
            "severity": "O_NoInjury"
          },
          {
            "crash_id": "20874653",
            "crash_date": "2025-06-22",
            "severity": "O_NoInjury"
          },
          {
            "crash_id": "20863349",
            "crash_date": "2025-06-06",
            "severity": "O_NoInjury"
          },
          {
            "crash_id": "20847079",
            "crash_date": "2025-05-31",
            "severity": "O_NoInjury"
          }
        ],
        "start_latitude": 32.77307086,
        "start_longitude": -97.79725693,
        "end_latitude": 32.77367004,
        "end_longitude": -97.79724495
      },
      "geometry": {
        "type": "LineString",
        "coordinates": [
          [
            -97.79725693,
            32.77307086
          ],
          [
            -97.79724495,
            32.77367004
          ]
        ]
      }
    },
    {
      "type": "Feature",
      "properties": {
        "segment_id": "14087408-ded3-4ae4-86d2-9b91457cb5ce",
        "risk_score": 0.4174038461538462,
        "risk_level": "Moderate",
        "risk_level_numeric": 3,
        "crash_count": 130,
        "aadt": 0,
        "segment_length": 0,
        "crashes_per_mile": 0,
        "recent_crashes": [
          {
            "crash_id": "20948248",
            "crash_date": "2025-08-07",
            "severity": "O_NoInjury"
          },
          {
            "crash_id": "20956691",
            "crash_date": "2025-08-07",
            "severity": "O_NoInjury"
          },
          {
            "crash_id": "20945795",
            "crash_date": "2025-08-06",
            "severity": "A_IncapacitatingInjury"
          },
          {
            "crash_id": "20940665",
            "crash_date": "2025-08-01",
            "severity": "O_NoInjury"
          },
          {
            "crash_id": "20936985",
            "crash_date": "2025-07-26",
            "severity": "O_NoInjury"
          }
        ],
        "start_latitude": 32.74092989,
        "start_longitude": -97.7521593,
        "end_latitude": 32.73081785,
        "end_longitude": -97.61614611
      },
      "geometry": {
        "type": "LineString",
        "coordinates": [
          [
            -97.7521593,
            32.74092989
          ],
          [
            -97.61614611,
            32.73081785
          ]
        ]
      }
    },
    {
      "type": "Feature",
      "properties": {
        "segment_id": "f34fda89-30c0-4058-a7ac-d183c23df9e6",
        "risk_score": 0.4166666666666667,
        "risk_level": "Moderate",
        "risk_level_numeric": 3,
        "crash_count": 24,
        "aadt": 0,
        "segment_length": 0,
        "crashes_per_mile": 0,
        "recent_crashes": [
          {
            "crash_id": "20958017",
            "crash_date": "2025-08-14",
            "severity": "O_NoInjury"
          },
          {
            "crash_id": "20956409",
            "crash_date": "2025-08-12",
            "severity": "O_NoInjury"
          },
          {
            "crash_id": "20950270",
            "crash_date": "2025-08-09",
            "severity": "O_NoInjury"
          },
          {
            "crash_id": "20951560",
            "crash_date": "2025-08-09",
            "severity": "O_NoInjury"
          },
          {
            "crash_id": "20931366",
            "crash_date": "2025-07-28",
            "severity": "A_IncapacitatingInjury"
          }
        ],
        "start_latitude": 32.75688471,
        "start_longitude": -97.73017311,
        "end_latitude": 32.75696155,
        "end_longitude": -97.70288358
      },
      "geometry": {
        "type": "LineString",
        "coordinates": [
          [
            -97.73017311,
            32.75688471
          ],
          [
            -97.70288358,
            32.75696155
          ]
        ]
      }
    },
    {
      "type": "Feature",
      "properties": {
        "segment_id": "fba81993-c334-442e-aef4-14fb2da3b05b",
        "risk_score": 0.415,
        "risk_level": "Moderate",
        "risk_level_numeric": 3,
        "crash_count": 15,
        "aadt": 0,
        "segment_length": 0,
        "crashes_per_mile": 0,
        "recent_crashes": [
          {
            "crash_id": "20897528",
            "crash_date": "2025-07-07",
            "severity": "O_NoInjury"
          },
          {
            "crash_id": "20888575",
            "crash_date": "2025-06-13",
            "severity": "O_NoInjury"
          },
          {
            "crash_id": "20885913",
            "crash_date": "2025-06-12",
            "severity": "O_NoInjury"
          },
          {
            "crash_id": "20859118",
            "crash_date": "2025-06-05",
            "severity": "O_NoInjury"
          },
          {
            "crash_id": "20842413",
            "crash_date": "2025-05-31",
            "severity": "A_IncapacitatingInjury"
          }
        ],
        "start_latitude": 32.74149905,
        "start_longitude": -97.60011345,
        "end_latitude": 32.73020118,
        "end_longitude": -97.59990662
      },
      "geometry": {
        "type": "LineString",
        "coordinates": [
          [
            -97.60011345,
            32.74149905
          ],
          [
            -97.59990662,
            32.73020118
          ]
        ]
      }
    },
    {
      "type": "Feature",
      "properties": {
        "segment_id": "6ae5094c-5472-44eb-9d4f-0289f1f477cd",
        "risk_score": 0.4125,
        "risk_level": "Moderate",
        "risk_level_numeric": 3,
        "crash_count": 14,
        "aadt": 0,
        "segment_length": 0,
        "crashes_per_mile": 0,
        "recent_crashes": [
          {
            "crash_id": "20907290",
            "crash_date": "2025-07-12",
            "severity": "O_NoInjury"
          },
          {
            "crash_id": "20896311",
            "crash_date": "2025-07-04",
            "severity": "O_NoInjury"
          },
          {
            "crash_id": "20896306",
            "crash_date": "2025-07-03",
            "severity": "O_NoInjury"
          },
          {
            "crash_id": "20882221",
            "crash_date": "2025-06-25",
            "severity": "O_NoInjury"
          },
          {
            "crash_id": "20852179",
            "crash_date": "2025-06-02",
            "severity": "O_NoInjury"
          }
        ],
        "start_latitude": 32.74364501,
        "start_longitude": -97.74684822,
        "end_latitude": 32.74365146,
        "end_longitude": -97.7468341
      },
      "geometry": {
        "type": "LineString",
        "coordinates": [
          [
            -97.74684822,
            32.74364501
          ],
          [
            -97.7468341,
            32.74365146
          ]
        ]
      }
    },
    {
      "type": "Feature",
      "properties": {
        "segment_id": "0c85a67c-39fe-4e63-a410-000b7c37a83d",
        "risk_score": 0.41,
        "risk_level": "Moderate",
        "risk_level_numeric": 3,
        "crash_count": 40,
        "aadt": 0,
        "segment_length": 0,
        "crashes_per_mile": 0,
        "recent_crashes": [
          {
            "crash_id": "20958330",
            "crash_date": "2025-08-05",
            "severity": "O_NoInjury"
          },
          {
            "crash_id": "20940671",
            "crash_date": "2025-08-02",
            "severity": "O_NoInjury"
          },
          {
            "crash_id": "20940663",
            "crash_date": "2025-08-01",
            "severity": "B_NonIncapacitatingInjury"
          },
          {
            "crash_id": "20922652",
            "crash_date": "2025-07-22",
            "severity": "B_NonIncapacitatingInjury"
          },
          {
            "crash_id": "20914917",
            "crash_date": "2025-07-17",
            "severity": "O_NoInjury"
          }
        ],
        "start_latitude": 32.74936081,
        "start_longitude": -97.79750318,
        "end_latitude": 32.74078959,
        "end_longitude": -97.79767887
      },
      "geometry": {
        "type": "LineString",
        "coordinates": [
          [
            -97.79750318,
            32.74936081
          ],
          [
            -97.79767887,
            32.74078959
          ]
        ]
      }
    },
    {
      "type": "Feature",
      "properties": {
        "segment_id": "358db6cf-fbc8-48ca-8112-b2528351ab8c",
        "risk_score": 0.408531746031746,
        "risk_level": "Moderate",
        "risk_level_numeric": 3,
        "crash_count": 63,
        "aadt": 0,
        "segment_length": 0,
        "crashes_per_mile": 0,
        "recent_crashes": [
          {
            "crash_id": "20954367",
            "crash_date": "2025-08-09",
            "severity": "O_NoInjury"
          },
          {
            "crash_id": "20948275",
            "crash_date": "2025-07-29",
            "severity": "A_IncapacitatingInjury"
          },
          {
            "crash_id": "20931595",
            "crash_date": "2025-07-25",
            "severity": "K_Fatal"
          },
          {
            "crash_id": "20937782",
            "crash_date": "2025-07-24",
            "severity": "O_NoInjury"
          },
          {
            "crash_id": "20943868",
            "crash_date": "2025-07-24",
            "severity": "O_NoInjury"
          }
        ],
        "start_latitude": 32.96224635,
        "start_longitude": -97.6791777,
        "end_latitude": 32.92089194,
        "end_longitude": -97.60047167
      },
      "geometry": {
        "type": "LineString",
        "coordinates": [
          [
            -97.6791777,
            32.96224635
          ],
          [
            -97.60047167,
            32.92089194
          ]
        ]
      }
    },
    {
      "type": "Feature",
      "properties": {
        "segment_id": "9f641055-a978-43a1-a63a-c6bd1e6d3d5b",
        "risk_score": 0.40303030303030307,
        "risk_level": "Moderate",
        "risk_level_numeric": 3,
        "crash_count": 66,
        "aadt": 0,
        "segment_length": 0,
        "crashes_per_mile": 0,
        "recent_crashes": [
          {
            "crash_id": "20954172",
            "crash_date": "2025-08-11",
            "severity": "O_NoInjury"
          },
          {
            "crash_id": "20951558",
            "crash_date": "2025-08-09",
            "severity": "O_NoInjury"
          },
          {
            "crash_id": "20951554",
            "crash_date": "2025-08-08",
            "severity": "O_NoInjury"
          },
          {
            "crash_id": "20951553",
            "crash_date": "2025-08-08",
            "severity": "O_NoInjury"
          },
          {
            "crash_id": "20944732",
            "crash_date": "2025-08-05",
            "severity": "O_NoInjury"
          }
        ],
        "start_latitude": 32.75919344,
        "start_longitude": -97.79741741,
        "end_latitude": 32.75706374,
        "end_longitude": -97.7107966
      },
      "geometry": {
        "type": "LineString",
        "coordinates": [
          [
            -97.79741741,
            32.75919344
          ],
          [
            -97.7107966,
            32.75706374
          ]
        ]
      }
    },
    {
      "type": "Feature",
      "properties": {
        "segment_id": "076fb171-09de-4a56-a1fc-5f1b25843a02",
        "risk_score": 0.395625,
        "risk_level": "Low",
        "risk_level_numeric": 2,
        "crash_count": 8,
        "aadt": 0,
        "segment_length": 0,
        "crashes_per_mile": 0,
        "recent_crashes": [
          {
            "crash_id": "20899324",
            "crash_date": "2025-07-08",
            "severity": "O_NoInjury"
          },
          {
            "crash_id": "20878224",
            "crash_date": "2025-06-11",
            "severity": "O_NoInjury"
          },
          {
            "crash_id": "20760445",
            "crash_date": "2025-04-11",
            "severity": "A_IncapacitatingInjury"
          },
          {
            "crash_id": "20743203",
            "crash_date": "2025-04-03",
            "severity": "B_NonIncapacitatingInjury"
          },
          {
            "crash_id": "20744647",
            "crash_date": "2025-04-03",
            "severity": "O_NoInjury"
          }
        ],
        "start_latitude": 32.78541998,
        "start_longitude": -97.59789569,
        "end_latitude": 32.78789979,
        "end_longitude": -97.59787521
      },
      "geometry": {
        "type": "LineString",
        "coordinates": [
          [
            -97.59789569,
            32.78541998
          ],
          [
            -97.59787521,
            32.78789979
          ]
        ]
      }
    },
    {
      "type": "Feature",
      "properties": {
        "segment_id": "90191266-4d8e-4d62-aa18-bf6f1b019e69",
        "risk_score": 0.38722222222222225,
        "risk_level": "Low",
        "risk_level_numeric": 2,
        "crash_count": 9,
        "aadt": 0,
        "segment_length": 0,
        "crashes_per_mile": 0,
        "recent_crashes": [
          {
            "crash_id": "20949416",
            "crash_date": "2025-07-31",
            "severity": "O_NoInjury"
          },
          {
            "crash_id": "20924627",
            "crash_date": "2025-07-18",
            "severity": "A_IncapacitatingInjury"
          },
          {
            "crash_id": "20907719",
            "crash_date": "2025-07-04",
            "severity": "O_NoInjury"
          },
          {
            "crash_id": "20886798",
            "crash_date": "2025-06-19",
            "severity": "O_NoInjury"
          },
          {
            "crash_id": "20870621",
            "crash_date": "2025-06-15",
            "severity": "O_NoInjury"
          }
        ],
        "start_latitude": 32.86015998,
        "start_longitude": -97.59425865,
        "end_latitude": 32.85533774,
        "end_longitude": -97.59209618
      },
      "geometry": {
        "type": "LineString",
        "coordinates": [
          [
            -97.59425865,
            32.86015998
          ],
          [
            -97.59209618,
            32.85533774
          ]
        ]
      }
    },
    {
      "type": "Feature",
      "properties": {
        "segment_id": "7dc48ae4-00cb-436d-b040-53520abae876",
        "risk_score": 0.3854166666666667,
        "risk_level": "Low",
        "risk_level_numeric": 2,
        "crash_count": 12,
        "aadt": 0,
        "segment_length": 0,
        "crashes_per_mile": 0,
        "recent_crashes": [
          {
            "crash_id": "20954359",
            "crash_date": "2025-08-08",
            "severity": "O_NoInjury"
          },
          {
            "crash_id": "20850792",
            "crash_date": "2025-05-26",
            "severity": "O_NoInjury"
          },
          {
            "crash_id": "20819244",
            "crash_date": "2025-05-20",
            "severity": "B_NonIncapacitatingInjury"
          },
          {
            "crash_id": "20780567",
            "crash_date": "2025-04-28",
            "severity": "O_NoInjury"
          },
          {
            "crash_id": "20777410",
            "crash_date": "2025-04-23",
            "severity": "O_NoInjury"
          }
        ],
        "start_latitude": 32.7279643,
        "start_longitude": -97.63294236,
        "end_latitude": 32.71627702,
        "end_longitude": -97.60419325
      },
      "geometry": {
        "type": "LineString",
        "coordinates": [
          [
            -97.63294236,
            32.7279643
          ],
          [
            -97.60419325,
            32.71627702
          ]
        ]
      }
    },
    {
      "type": "Feature",
      "properties": {
        "segment_id": "b8f5fbc2-9bbe-4540-abf5-622178380372",
        "risk_score": 0.3854166666666667,
        "risk_level": "Low",
        "risk_level_numeric": 2,
        "crash_count": 12,
        "aadt": 0,
        "segment_length": 0,
        "crashes_per_mile": 0,
        "recent_crashes": [
          {
            "crash_id": "20942713",
            "crash_date": "2025-07-31",
            "severity": "O_NoInjury"
          },
          {
            "crash_id": "20931677",
            "crash_date": "2025-07-23",
            "severity": "O_NoInjury"
          },
          {
            "crash_id": "20870478",
            "crash_date": "2025-06-19",
            "severity": "O_NoInjury"
          },
          {
            "crash_id": "20843361",
            "crash_date": "2025-06-02",
            "severity": "O_NoInjury"
          },
          {
            "crash_id": "20829633",
            "crash_date": "2025-05-23",
            "severity": "O_NoInjury"
          }
        ],
        "start_latitude": 32.74886251,
        "start_longitude": -97.83522062,
        "end_latitude": 32.72901474,
        "end_longitude": -97.87426361
      },
      "geometry": {
        "type": "LineString",
        "coordinates": [
          [
            -97.83522062,
            32.74886251
          ],
          [
            -97.87426361,
            32.72901474
          ]
        ]
      }
    },
    {
      "type": "Feature",
      "properties": {
        "segment_id": "0cda4e91-37a0-40d4-a4bc-cd285e07125f",
        "risk_score": 0.38333333333333336,
        "risk_level": "Low",
        "risk_level_numeric": 2,
        "crash_count": 15,
        "aadt": 0,
        "segment_length": 0,
        "crashes_per_mile": 0,
        "recent_crashes": [
          {
            "crash_id": "20957683",
            "crash_date": "2025-08-07",
            "severity": "O_NoInjury"
          },
          {
            "crash_id": "20954332",
            "crash_date": "2025-08-06",
            "severity": "O_NoInjury"
          },
          {
            "crash_id": "20944608",
            "crash_date": "2025-07-29",
            "severity": "O_NoInjury"
          },
          {
            "crash_id": "20931694",
            "crash_date": "2025-07-22",
            "severity": "O_NoInjury"
          },
          {
            "crash_id": "20924100",
            "crash_date": "2025-07-17",
            "severity": "O_NoInjury"
          }
        ],
        "start_latitude": 32.7200816,
        "start_longitude": -97.59852977,
        "end_latitude": 32.69749831,
        "end_longitude": -97.60356481
      },
      "geometry": {
        "type": "LineString",
        "coordinates": [
          [
            -97.59852977,
            32.7200816
          ],
          [
            -97.60356481,
            32.69749831
          ]
        ]
      }
    },
    {
      "type": "Feature",
      "properties": {
        "segment_id": "82eda826-c495-4dc7-9ddd-b9b9f219e8da",
        "risk_score": 0.3788888888888889,
        "risk_level": "Low",
        "risk_level_numeric": 2,
        "crash_count": 9,
        "aadt": 0,
        "segment_length": 0,
        "crashes_per_mile": 0,
        "recent_crashes": [
          {
            "crash_id": "20954355",
            "crash_date": "2025-08-08",
            "severity": "O_NoInjury"
          },
          {
            "crash_id": "20938682",
            "crash_date": "2025-07-26",
            "severity": "O_NoInjury"
          },
          {
            "crash_id": "20907721",
            "crash_date": "2025-07-05",
            "severity": "B_NonIncapacitatingInjury"
          },
          {
            "crash_id": "20901825",
            "crash_date": "2025-06-24",
            "severity": "O_NoInjury"
          },
          {
            "crash_id": "20827713",
            "crash_date": "2025-05-19",
            "severity": "O_NoInjury"
          }
        ],
        "start_latitude": 32.65568627,
        "start_longitude": -97.79631111,
        "end_latitude": 32.6974296,
        "end_longitude": -97.79396232
      },
      "geometry": {
        "type": "LineString",
        "coordinates": [
          [
            -97.79631111,
            32.65568627
          ],
          [
            -97.79396232,
            32.6974296
          ]
        ]
      }
    },
    {
      "type": "Feature",
      "properties": {
        "segment_id": "1b6a7888-6ca1-47d3-8f0c-25bc1ef98c67",
        "risk_score": 0.37333333333333335,
        "risk_level": "Low",
        "risk_level_numeric": 2,
        "crash_count": 9,
        "aadt": 0,
        "segment_length": 0,
        "crashes_per_mile": 0,
        "recent_crashes": [
          {
            "crash_id": "20956412",
            "crash_date": "2025-08-12",
            "severity": "A_IncapacitatingInjury"
          },
          {
            "crash_id": "20929564",
            "crash_date": "2025-07-26",
            "severity": "B_NonIncapacitatingInjury"
          },
          {
            "crash_id": "20925456",
            "crash_date": "2025-07-24",
            "severity": "O_NoInjury"
          },
          {
            "crash_id": "20818120",
            "crash_date": "2025-05-19",
            "severity": "O_NoInjury"
          },
          {
            "crash_id": "20731920",
            "crash_date": "2025-03-29",
            "severity": "O_NoInjury"
          }
        ],
        "start_latitude": 32.73024524,
        "start_longitude": -97.78977584,
        "end_latitude": 32.73018963,
        "end_longitude": -97.78996059
      },
      "geometry": {
        "type": "LineString",
        "coordinates": [
          [
            -97.78977584,
            32.73024524
          ],
          [
            -97.78996059,
            32.73018963
          ]
        ]
      }
    },
    {
      "type": "Feature",
      "properties": {
        "segment_id": "7588d389-c21c-4189-b9bc-54a1dfb8ca18",
        "risk_score": 0.35944444444444446,
        "risk_level": "Low",
        "risk_level_numeric": 2,
        "crash_count": 9,
        "aadt": 0,
        "segment_length": 0,
        "crashes_per_mile": 0,
        "recent_crashes": [
          {
            "crash_id": "20949390",
            "crash_date": "2025-08-03",
            "severity": "O_NoInjury"
          },
          {
            "crash_id": "20900185",
            "crash_date": "2025-07-07",
            "severity": "O_NoInjury"
          },
          {
            "crash_id": "20886790",
            "crash_date": "2025-06-20",
            "severity": "O_NoInjury"
          },
          {
            "crash_id": "20870633",
            "crash_date": "2025-06-10",
            "severity": "O_NoInjury"
          },
          {
            "crash_id": "20798202",
            "crash_date": "2025-05-03",
            "severity": "O_NoInjury"
          }
        ],
        "start_latitude": 32.92322377,
        "start_longitude": -97.60550836,
        "end_latitude": 32.93311575,
        "end_longitude": -97.62456623
      },
      "geometry": {
        "type": "LineString",
        "coordinates": [
          [
            -97.60550836,
            32.92322377
          ],
          [
            -97.62456623,
            32.93311575
          ]
        ]
      }
    },
    {
      "type": "Feature",
      "properties": {
        "segment_id": "adb628bf-dd5a-4095-8eb2-7af858e84dab",
        "risk_score": 0.358125,
        "risk_level": "Low",
        "risk_level_numeric": 2,
        "crash_count": 8,
        "aadt": 0,
        "segment_length": 0,
        "crashes_per_mile": 0,
        "recent_crashes": [
          {
            "crash_id": "20926862",
            "crash_date": "2025-07-25",
            "severity": "O_NoInjury"
          },
          {
            "crash_id": "20839422",
            "crash_date": "2025-06-01",
            "severity": "O_NoInjury"
          },
          {
            "crash_id": "20839393",
            "crash_date": "2025-05-26",
            "severity": "B_NonIncapacitatingInjury"
          },
          {
            "crash_id": "20823902",
            "crash_date": "2025-05-22",
            "severity": "O_NoInjury"
          },
          {
            "crash_id": "20803240",
            "crash_date": "2025-05-10",
            "severity": "O_NoInjury"
          }
        ],
        "start_latitude": 32.75869565,
        "start_longitude": -97.78426233,
        "end_latitude": 32.75869565,
        "end_longitude": -97.78426233
      },
      "geometry": {
        "type": "LineString",
        "coordinates": [
          [
            -97.78426233,
            32.75869565
          ],
          [
            -97.78426233,
            32.75869565
          ]
        ]
      }
    },
    {
      "type": "Feature",
      "properties": {
        "segment_id": "94f8a95f-67db-4bd3-910c-c4e5f52b9b2e",
        "risk_score": 0.3425,
        "risk_level": "Low",
        "risk_level_numeric": 2,
        "crash_count": 8,
        "aadt": 0,
        "segment_length": 0,
        "crashes_per_mile": 0,
        "recent_crashes": [
          {
            "crash_id": "20956404",
            "crash_date": "2025-08-07",
            "severity": "O_NoInjury"
          },
          {
            "crash_id": "20907278",
            "crash_date": "2025-07-11",
            "severity": "O_NoInjury"
          },
          {
            "crash_id": "20896319",
            "crash_date": "2025-07-06",
            "severity": "O_NoInjury"
          },
          {
            "crash_id": "20852180",
            "crash_date": "2025-06-06",
            "severity": "O_NoInjury"
          },
          {
            "crash_id": "20850824",
            "crash_date": "2025-06-02",
            "severity": "A_IncapacitatingInjury"
          }
        ],
        "start_latitude": 32.79819008,
        "start_longitude": -97.98751453,
        "end_latitude": 32.76209036,
        "end_longitude": -97.83368993
      },
      "geometry": {
        "type": "LineString",
        "coordinates": [
          [
            -97.98751453,
            32.79819008
          ],
          [
            -97.83368993,
            32.76209036
          ]
        ]
      }
    },
    {
      "type": "Feature",
      "properties": {
        "segment_id": "0d195444-41d5-4c6d-a663-d4a9a365fc78",
        "risk_score": 0.3325,
        "risk_level": "Low",
        "risk_level_numeric": 2,
        "crash_count": 7,
        "aadt": 0,
        "segment_length": 0,
        "crashes_per_mile": 0,
        "recent_crashes": [
          {
            "crash_id": "20895787",
            "crash_date": "2025-07-02",
            "severity": "O_NoInjury"
          },
          {
            "crash_id": "20895258",
            "crash_date": "2025-06-17",
            "severity": "K_Fatal"
          },
          {
            "crash_id": "20815797",
            "crash_date": "2025-05-18",
            "severity": "K_Fatal"
          },
          {
            "crash_id": "20735784",
            "crash_date": "2025-03-31",
            "severity": "O_NoInjury"
          },
          {
            "crash_id": "20791573",
            "crash_date": "2025-03-28",
            "severity": "O_NoInjury"
          }
        ],
        "start_latitude": 32.91734692,
        "start_longitude": -97.61884986,
        "end_latitude": 32.91284229,
        "end_longitude": -97.65384983
      },
      "geometry": {
        "type": "LineString",
        "coordinates": [
          [
            -97.61884986,
            32.91734692
          ],
          [
            -97.65384983,
            32.91284229
          ]
        ]
      }
    },
    {
      "type": "Feature",
      "properties": {
        "segment_id": "cf41d3ab-b439-44da-a045-5d4dc4319311",
        "risk_score": 0.32,
        "risk_level": "Low",
        "risk_level_numeric": 2,
        "crash_count": 7,
        "aadt": 0,
        "segment_length": 0,
        "crashes_per_mile": 0,
        "recent_crashes": [
          {
            "crash_id": "20924102",
            "crash_date": "2025-07-21",
            "severity": "B_NonIncapacitatingInjury"
          },
          {
            "crash_id": "20798195",
            "crash_date": "2025-04-30",
            "severity": "O_NoInjury"
          },
          {
            "crash_id": "20721886",
            "crash_date": "2025-03-26",
            "severity": "O_NoInjury"
          },
          {
            "crash_id": "20658287",
            "crash_date": "2025-02-06",
            "severity": "O_NoInjury"
          },
          {
            "crash_id": "20648950",
            "crash_date": "2025-02-02",
            "severity": "O_NoInjury"
          }
        ],
        "start_latitude": 32.87742427,
        "start_longitude": -97.5957,
        "end_latitude": 32.90487427,
        "end_longitude": -97.67126234
      },
      "geometry": {
        "type": "LineString",
        "coordinates": [
          [
            -97.5957,
            32.87742427
          ],
          [
            -97.67126234,
            32.90487427
          ]
        ]
      }
    },
    {
      "type": "Feature",
      "properties": {
        "segment_id": "a5c3f0cc-7027-4c23-9f15-d268ba4b5a96",
        "risk_score": 0.3190625,
        "risk_level": "Low",
        "risk_level_numeric": 2,
        "crash_count": 8,
        "aadt": 0,
        "segment_length": 0,
        "crashes_per_mile": 0,
        "recent_crashes": [
          {
            "crash_id": "20923585",
            "crash_date": "2025-07-12",
            "severity": "Unknown"
          },
          {
            "crash_id": "20922473",
            "crash_date": "2025-07-12",
            "severity": "O_NoInjury"
          },
          {
            "crash_id": "20893836",
            "crash_date": "2025-07-04",
            "severity": "O_NoInjury"
          },
          {
            "crash_id": "20901851",
            "crash_date": "2025-07-02",
            "severity": "O_NoInjury"
          },
          {
            "crash_id": "20777390",
            "crash_date": "2025-04-19",
            "severity": "O_NoInjury"
          }
        ],
        "start_latitude": 32.69178818,
        "start_longitude": -97.62654541,
        "end_latitude": 32.70360512,
        "end_longitude": -97.66561774
      },
      "geometry": {
        "type": "LineString",
        "coordinates": [
          [
            -97.62654541,
            32.69178818
          ],
          [
            -97.66561774,
            32.70360512
          ]
        ]
      }
    },
    {
      "type": "Feature",
      "properties": {
        "segment_id": "cb9ce9c6-9b18-4817-9f54-b486d864439d",
        "risk_score": 0.31642857142857145,
        "risk_level": "Low",
        "risk_level_numeric": 2,
        "crash_count": 7,
        "aadt": 0,
        "segment_length": 0,
        "crashes_per_mile": 0,
        "recent_crashes": [
          {
            "crash_id": "20956679",
            "crash_date": "2025-08-08",
            "severity": "B_NonIncapacitatingInjury"
          },
          {
            "crash_id": "20931683",
            "crash_date": "2025-07-17",
            "severity": "O_NoInjury"
          },
          {
            "crash_id": "20933248",
            "crash_date": "2025-07-14",
            "severity": "O_NoInjury"
          },
          {
            "crash_id": "20828556",
            "crash_date": "2025-05-15",
            "severity": "C_PossibleInjury"
          },
          {
            "crash_id": "20760438",
            "crash_date": "2025-04-11",
            "severity": "O_NoInjury"
          }
        ],
        "start_latitude": 32.70144722,
        "start_longitude": -97.77071648,
        "end_latitude": 32.70099785,
        "end_longitude": -97.77020211
      },
      "geometry": {
        "type": "LineString",
        "coordinates": [
          [
            -97.77071648,
            32.70144722
          ],
          [
            -97.77020211,
            32.70099785
          ]
        ]
      }
    },
    {
      "type": "Feature",
      "properties": {
        "segment_id": "9b85e013-4709-4de2-9ae4-e195f5c69d89",
        "risk_score": 0.3057142857142857,
        "risk_level": "Low",
        "risk_level_numeric": 2,
        "crash_count": 7,
        "aadt": 0,
        "segment_length": 0,
        "crashes_per_mile": 0,
        "recent_crashes": [
          {
            "crash_id": "20942894",
            "crash_date": "2025-08-03",
            "severity": "O_NoInjury"
          },
          {
            "crash_id": "20903589",
            "crash_date": "2025-07-10",
            "severity": "B_NonIncapacitatingInjury"
          },
          {
            "crash_id": "20885963",
            "crash_date": "2025-06-28",
            "severity": "O_NoInjury"
          },
          {
            "crash_id": "20847103",
            "crash_date": "2025-06-04",
            "severity": "B_NonIncapacitatingInjury"
          },
          {
            "crash_id": "20795923",
            "crash_date": "2025-05-05",
            "severity": "O_NoInjury"
          }
        ],
        "start_latitude": 32.76150445,
        "start_longitude": -97.79734137,
        "end_latitude": 32.76150017,
        "end_longitude": -97.7973414
      },
      "geometry": {
        "type": "LineString",
        "coordinates": [
          [
            -97.79734137,
            32.76150445
          ],
          [
            -97.7973414,
            32.76150017
          ]
        ]
      }
    },
    {
      "type": "Feature",
      "properties": {
        "segment_id": "29145f80-2c5e-47ba-83e0-f01785feb8dd",
        "risk_score": 0.305,
        "risk_level": "Low",
        "risk_level_numeric": 2,
        "crash_count": 8,
        "aadt": 0,
        "segment_length": 0,
        "crashes_per_mile": 0,
        "recent_crashes": [
          {
            "crash_id": "20899448",
            "crash_date": "2025-07-08",
            "severity": "O_NoInjury"
          },
          {
            "crash_id": "20892909",
            "crash_date": "2025-06-27",
            "severity": "O_NoInjury"
          },
          {
            "crash_id": "20890634",
            "crash_date": "2025-06-27",
            "severity": "O_NoInjury"
          },
          {
            "crash_id": "20881408",
            "crash_date": "2025-06-25",
            "severity": "O_NoInjury"
          },
          {
            "crash_id": "20847922",
            "crash_date": "2025-06-06",
            "severity": "O_NoInjury"
          }
        ],
        "start_latitude": 32.8978386,
        "start_longitude": -97.54771156,
        "end_latitude": 32.90072323,
        "end_longitude": -97.55160338
      },
      "geometry": {
        "type": "LineString",
        "coordinates": [
          [
            -97.54771156,
            32.8978386
          ],
          [
            -97.55160338,
            32.90072323
          ]
        ]
      }
    },
    {
      "type": "Feature",
      "properties": {
        "segment_id": "80e778a8-8d1e-40f2-90d3-774eb14655e7",
        "risk_score": 0.305,
        "risk_level": "Low",
        "risk_level_numeric": 2,
        "crash_count": 8,
        "aadt": 0,
        "segment_length": 0,
        "crashes_per_mile": 0,
        "recent_crashes": [
          {
            "crash_id": "20911552",
            "crash_date": "2025-07-15",
            "severity": "O_NoInjury"
          },
          {
            "crash_id": "20898014",
            "crash_date": "2025-07-07",
            "severity": "O_NoInjury"
          },
          {
            "crash_id": "20898409",
            "crash_date": "2025-07-03",
            "severity": "O_NoInjury"
          },
          {
            "crash_id": "20815833",
            "crash_date": "2025-05-17",
            "severity": "O_NoInjury"
          },
          {
            "crash_id": "20810932",
            "crash_date": "2025-05-02",
            "severity": "O_NoInjury"
          }
        ],
        "start_latitude": 32.76200348,
        "start_longitude": -97.83448402,
        "end_latitude": 32.7615268,
        "end_longitude": -97.83374744
      },
      "geometry": {
        "type": "LineString",
        "coordinates": [
          [
            -97.83448402,
            32.76200348
          ],
          [
            -97.83374744,
            32.7615268
          ]
        ]
      }
    },
    {
      "type": "Feature",
      "properties": {
        "segment_id": "3fccfc31-26bf-4f16-8d59-551379155e19",
        "risk_score": 0.295,
        "risk_level": "Low",
        "risk_level_numeric": 2,
        "crash_count": 5,
        "aadt": 0,
        "segment_length": 0,
        "crashes_per_mile": 0,
        "recent_crashes": [
          {
            "crash_id": "20896320",
            "crash_date": "2025-07-06",
            "severity": "B_NonIncapacitatingInjury"
          },
          {
            "crash_id": "20704513",
            "crash_date": "2025-03-14",
            "severity": "O_NoInjury"
          },
          {
            "crash_id": "20625288",
            "crash_date": "2025-01-25",
            "severity": "A_IncapacitatingInjury"
          },
          {
            "crash_id": "20595077",
            "crash_date": "2025-01-06",
            "severity": "A_IncapacitatingInjury"
          },
          {
            "crash_id": "20589483",
            "crash_date": "2025-01-02",
            "severity": "O_NoInjury"
          }
        ],
        "start_latitude": 32.77373588,
        "start_longitude": -97.79747998,
        "end_latitude": 32.77372311,
        "end_longitude": -97.80063001
      },
      "geometry": {
        "type": "LineString",
        "coordinates": [
          [
            -97.79747998,
            32.77373588
          ],
          [
            -97.80063001,
            32.77372311
          ]
        ]
      }
    },
    {
      "type": "Feature",
      "properties": {
        "segment_id": "9dbb564a-6a35-48c8-aba0-5cbc56d2ac50",
        "risk_score": 0.295,
        "risk_level": "Low",
        "risk_level_numeric": 2,
        "crash_count": 5,
        "aadt": 0,
        "segment_length": 0,
        "crashes_per_mile": 0,
        "recent_crashes": [
          {
            "crash_id": "20896315",
            "crash_date": "2025-07-04",
            "severity": "O_NoInjury"
          },
          {
            "crash_id": "20834266",
            "crash_date": "2025-05-28",
            "severity": "B_NonIncapacitatingInjury"
          },
          {
            "crash_id": "20811528",
            "crash_date": "2025-05-15",
            "severity": "A_IncapacitatingInjury"
          },
          {
            "crash_id": "20766692",
            "crash_date": "2025-04-19",
            "severity": "A_IncapacitatingInjury"
          },
          {
            "crash_id": "20603989",
            "crash_date": "2025-01-11",
            "severity": "O_NoInjury"
          }
        ],
        "start_latitude": 32.72888184,
        "start_longitude": -97.78931154,
        "end_latitude": 32.72888184,
        "end_longitude": -97.78931154
      },
      "geometry": {
        "type": "LineString",
        "coordinates": [
          [
            -97.78931154,
            32.72888184
          ],
          [
            -97.78931154,
            32.72888184
          ]
        ]
      }
    },
    {
      "type": "Feature",
      "properties": {
        "segment_id": "3a3f2ee9-aae0-4d77-ba02-5605454b46dd",
        "risk_score": 0.295,
        "risk_level": "Low",
        "risk_level_numeric": 2,
        "crash_count": 5,
        "aadt": 0,
        "segment_length": 0,
        "crashes_per_mile": 0,
        "recent_crashes": [
          {
            "crash_id": "20878049",
            "crash_date": "2025-06-23",
            "severity": "B_NonIncapacitatingInjury"
          },
          {
            "crash_id": "20794403",
            "crash_date": "2025-05-05",
            "severity": "O_NoInjury"
          },
          {
            "crash_id": "20752929",
            "crash_date": "2025-04-13",
            "severity": "K_Fatal"
          },
          {
            "crash_id": "20736531",
            "crash_date": "2025-04-03",
            "severity": "O_NoInjury"
          },
          {
            "crash_id": "20692590",
            "crash_date": "2025-03-04",
            "severity": "B_NonIncapacitatingInjury"
          }
        ],
        "start_latitude": 32.88486566,
        "start_longitude": -97.56721955,
        "end_latitude": 32.88787084,
        "end_longitude": -97.54604264
      },
      "geometry": {
        "type": "LineString",
        "coordinates": [
          [
            -97.56721955,
            32.88486566
          ],
          [
            -97.54604264,
            32.88787084
          ]
        ]
      }
    },
    {
      "type": "Feature",
      "properties": {
        "segment_id": "bc26b149-71c4-4689-8a26-8f785fdc0dd8",
        "risk_score": 0.29333333333333333,
        "risk_level": "Low",
        "risk_level_numeric": 2,
        "crash_count": 6,
        "aadt": 0,
        "segment_length": 0,
        "crashes_per_mile": 0,
        "recent_crashes": [
          {
            "crash_id": "20908423",
            "crash_date": "2025-07-14",
            "severity": "B_NonIncapacitatingInjury"
          },
          {
            "crash_id": "20810469",
            "crash_date": "2025-05-14",
            "severity": "O_NoInjury"
          },
          {
            "crash_id": "20775269",
            "crash_date": "2025-04-20",
            "severity": "O_NoInjury"
          },
          {
            "crash_id": "20741542",
            "crash_date": "2025-04-06",
            "severity": "K_Fatal"
          },
          {
            "crash_id": "20630522",
            "crash_date": "2025-01-29",
            "severity": "O_NoInjury"
          }
        ],
        "start_latitude": 32.72346445,
        "start_longitude": -97.66955503,
        "end_latitude": 32.73882531,
        "end_longitude": -97.67203837
      },
      "geometry": {
        "type": "LineString",
        "coordinates": [
          [
            -97.66955503,
            32.72346445
          ],
          [
            -97.67203837,
            32.73882531
          ]
        ]
      }
    },
    {
      "type": "Feature",
      "properties": {
        "segment_id": "a7c70aed-bf02-499d-af36-e97679e75289",
        "risk_score": 0.28785714285714287,
        "risk_level": "Low",
        "risk_level_numeric": 2,
        "crash_count": 7,
        "aadt": 0,
        "segment_length": 0,
        "crashes_per_mile": 0,
        "recent_crashes": [
          {
            "crash_id": "20920139",
            "crash_date": "2025-07-21",
            "severity": "B_NonIncapacitatingInjury"
          },
          {
            "crash_id": "20924397",
            "crash_date": "2025-07-13",
            "severity": "O_NoInjury"
          },
          {
            "crash_id": "20831956",
            "crash_date": "2025-05-11",
            "severity": "O_NoInjury"
          },
          {
            "crash_id": "20760424",
            "crash_date": "2025-04-10",
            "severity": "O_NoInjury"
          },
          {
            "crash_id": "20704533",
            "crash_date": "2025-03-08",
            "severity": "O_NoInjury"
          }
        ],
        "start_latitude": 32.82803962,
        "start_longitude": -97.56115989,
        "end_latitude": 32.82972489,
        "end_longitude": -97.59420919
      },
      "geometry": {
        "type": "LineString",
        "coordinates": [
          [
            -97.56115989,
            32.82803962
          ],
          [
            -97.59420919,
            32.82972489
          ]
        ]
      }
    },
    {
      "type": "Feature",
      "properties": {
        "segment_id": "275b545d-fe15-45c4-8262-7852394e3388",
        "risk_score": 0.2860714285714286,
        "risk_level": "Low",
        "risk_level_numeric": 2,
        "crash_count": 7,
        "aadt": 0,
        "segment_length": 0,
        "crashes_per_mile": 0,
        "recent_crashes": [
          {
            "crash_id": "20801969",
            "crash_date": "2025-05-11",
            "severity": "Unknown"
          },
          {
            "crash_id": "20799738",
            "crash_date": "2025-05-06",
            "severity": "O_NoInjury"
          },
          {
            "crash_id": "20796225",
            "crash_date": "2025-04-26",
            "severity": "O_NoInjury"
          },
          {
            "crash_id": "20789969",
            "crash_date": "2025-04-24",
            "severity": "O_NoInjury"
          },
          {
            "crash_id": "20720026",
            "crash_date": "2025-03-23",
            "severity": "O_NoInjury"
          }
        ],
        "start_latitude": 32.63984002,
        "start_longitude": -97.90202517,
        "end_latitude": 32.66036113,
        "end_longitude": -97.87709846
      },
      "geometry": {
        "type": "LineString",
        "coordinates": [
          [
            -97.90202517,
            32.63984002
          ],
          [
            -97.87709846,
            32.66036113
          ]
        ]
      }
    },
    {
      "type": "Feature",
      "properties": {
        "segment_id": "831db658-1c61-459a-999e-20daba606817",
        "risk_score": 0.285,
        "risk_level": "Low",
        "risk_level_numeric": 2,
        "crash_count": 6,
        "aadt": 0,
        "segment_length": 0,
        "crashes_per_mile": 0,
        "recent_crashes": [
          {
            "crash_id": "20920405",
            "crash_date": "2025-07-15",
            "severity": "O_NoInjury"
          },
          {
            "crash_id": "20895792",
            "crash_date": "2025-07-03",
            "severity": "A_IncapacitatingInjury"
          },
          {
            "crash_id": "20868688",
            "crash_date": "2025-06-13",
            "severity": "O_NoInjury"
          },
          {
            "crash_id": "20803795",
            "crash_date": "2025-05-03",
            "severity": "O_NoInjury"
          },
          {
            "crash_id": "20688628",
            "crash_date": "2025-03-01",
            "severity": "O_NoInjury"
          }
        ],
        "start_latitude": 32.69994635,
        "start_longitude": -97.95961141,
        "end_latitude": 32.69992797,
        "end_longitude": -97.9595993
      },
      "geometry": {
        "type": "LineString",
        "coordinates": [
          [
            -97.95961141,
            32.69994635
          ],
          [
            -97.9595993,
            32.69992797
          ]
        ]
      }
    },
    {
      "type": "Feature",
      "properties": {
        "segment_id": "21d494fb-9502-4601-94ce-792a6e459e65",
        "risk_score": 0.285,
        "risk_level": "Low",
        "risk_level_numeric": 2,
        "crash_count": 6,
        "aadt": 0,
        "segment_length": 0,
        "crashes_per_mile": 0,
        "recent_crashes": [
          {
            "crash_id": "20950014",
            "crash_date": "2025-08-07",
            "severity": "O_NoInjury"
          },
          {
            "crash_id": "20950015",
            "crash_date": "2025-08-07",
            "severity": "B_NonIncapacitatingInjury"
          },
          {
            "crash_id": "20881794",
            "crash_date": "2025-06-26",
            "severity": "A_IncapacitatingInjury"
          },
          {
            "crash_id": "20660116",
            "crash_date": "2025-02-18",
            "severity": "O_NoInjury"
          },
          {
            "crash_id": "20632228",
            "crash_date": "2025-01-30",
            "severity": "O_NoInjury"
          }
        ],
        "start_latitude": 32.7300725,
        "start_longitude": -97.59984644,
        "end_latitude": 32.73008296,
        "end_longitude": -97.59984667
      },
      "geometry": {
        "type": "LineString",
        "coordinates": [
          [
            -97.59984644,
            32.7300725
          ],
          [
            -97.59984667,
            32.73008296
          ]
        ]
      }
    },
    {
      "type": "Feature",
      "properties": {
        "segment_id": "9fb18af3-5ee9-4fc3-a038-785e23644762",
        "risk_score": 0.285,
        "risk_level": "Low",
        "risk_level_numeric": 2,
        "crash_count": 6,
        "aadt": 0,
        "segment_length": 0,
        "crashes_per_mile": 0,
        "recent_crashes": [
          {
            "crash_id": "20888369",
            "crash_date": "2025-06-22",
            "severity": "O_NoInjury"
          },
          {
            "crash_id": "20885400",
            "crash_date": "2025-06-21",
            "severity": "A_IncapacitatingInjury"
          },
          {
            "crash_id": "20870642",
            "crash_date": "2025-06-17",
            "severity": "B_NonIncapacitatingInjury"
          },
          {
            "crash_id": "20766020",
            "crash_date": "2025-04-20",
            "severity": "O_NoInjury"
          },
          {
            "crash_id": "20766010",
            "crash_date": "2025-04-05",
            "severity": "O_NoInjury"
          }
        ],
        "start_latitude": 32.78876627,
        "start_longitude": -97.76247089,
        "end_latitude": 32.7699843,
        "end_longitude": -97.77618231
      },
      "geometry": {
        "type": "LineString",
        "coordinates": [
          [
            -97.76247089,
            32.78876627
          ],
          [
            -97.77618231,
            32.7699843
          ]
        ]
      }
    },
    {
      "type": "Feature",
      "properties": {
        "segment_id": "731d9d1c-1f42-4a65-8294-e1ff97ca6fc6",
        "risk_score": 0.285,
        "risk_level": "Low",
        "risk_level_numeric": 2,
        "crash_count": 1,
        "aadt": 0,
        "segment_length": 0,
        "crashes_per_mile": 0,
        "recent_crashes": [
          {
            "crash_id": "20670092",
            "crash_date": "2025-02-22",
            "severity": "K_Fatal"
          }
        ],
        "start_latitude": 32.69386238,
        "start_longitude": -97.82787619,
        "end_latitude": 32.69386238,
        "end_longitude": -97.82787619
      },
      "geometry": {
        "type": "LineString",
        "coordinates": [
          [
            -97.82787619,
            32.69386238
          ],
          [
            -97.82787619,
            32.69386238
          ]
        ]
      }
    },
    {
      "type": "Feature",
      "properties": {
        "segment_id": "e2f94507-f811-4af5-a511-da2061f434d7",
        "risk_score": 0.285,
        "risk_level": "Low",
        "risk_level_numeric": 2,
        "crash_count": 1,
        "aadt": 0,
        "segment_length": 0,
        "crashes_per_mile": 0,
        "recent_crashes": [
          {
            "crash_id": "20768439",
            "crash_date": "2025-04-17",
            "severity": "K_Fatal"
          }
        ],
        "start_latitude": 32.73037794,
        "start_longitude": -97.62784508,
        "end_latitude": 32.73037794,
        "end_longitude": -97.62784508
      },
      "geometry": {
        "type": "LineString",
        "coordinates": [
          [
            -97.62784508,
            32.73037794
          ],
          [
            -97.62784508,
            32.73037794
          ]
        ]
      }
    },
    {
      "type": "Feature",
      "properties": {
        "segment_id": "5e84b950-6910-4170-964f-9c8f823e74e9",
        "risk_score": 0.285,
        "risk_level": "Low",
        "risk_level_numeric": 2,
        "crash_count": 1,
        "aadt": 0,
        "segment_length": 0,
        "crashes_per_mile": 0,
        "recent_crashes": [
          {
            "crash_id": "20769785",
            "crash_date": "2025-04-21",
            "severity": "K_Fatal"
          }
        ],
        "start_latitude": 32.75199105,
        "start_longitude": -97.66735423,
        "end_latitude": 32.75199105,
        "end_longitude": -97.66735423
      },
      "geometry": {
        "type": "LineString",
        "coordinates": [
          [
            -97.66735423,
            32.75199105
          ],
          [
            -97.66735423,
            32.75199105
          ]
        ]
      }
    },
    {
      "type": "Feature",
      "properties": {
        "segment_id": "d7b3f68c-d5fc-459b-b151-c2081b9c9f6a",
        "risk_score": 0.285,
        "risk_level": "Low",
        "risk_level_numeric": 2,
        "crash_count": 1,
        "aadt": 0,
        "segment_length": 0,
        "crashes_per_mile": 0,
        "recent_crashes": [
          {
            "crash_id": "20887917",
            "crash_date": "2025-06-15",
            "severity": "K_Fatal"
          }
        ],
        "start_latitude": 32.93020164,
        "start_longitude": -97.55198774,
        "end_latitude": 32.93020164,
        "end_longitude": -97.55198774
      },
      "geometry": {
        "type": "LineString",
        "coordinates": [
          [
            -97.55198774,
            32.93020164
          ],
          [
            -97.55198774,
            32.93020164
          ]
        ]
      }
    },
    {
      "type": "Feature",
      "properties": {
        "segment_id": "91943493-46b1-4255-a640-de84c6eb32db",
        "risk_score": 0.28375,
        "risk_level": "Low",
        "risk_level_numeric": 2,
        "crash_count": 4,
        "aadt": 0,
        "segment_length": 0,
        "crashes_per_mile": 0,
        "recent_crashes": [
          {
            "crash_id": "20934407",
            "crash_date": "2025-07-22",
            "severity": "A_IncapacitatingInjury"
          },
          {
            "crash_id": "20701084",
            "crash_date": "2025-03-04",
            "severity": "O_NoInjury"
          },
          {
            "crash_id": "20681545",
            "crash_date": "2025-03-02",
            "severity": "A_IncapacitatingInjury"
          },
          {
            "crash_id": "20599820",
            "crash_date": "2025-01-02",
            "severity": "B_NonIncapacitatingInjury"
          }
        ],
        "start_latitude": 32.84750887,
        "start_longitude": -97.7809571,
        "end_latitude": 32.96788083,
        "end_longitude": -97.79070006
      },
      "geometry": {
        "type": "LineString",
        "coordinates": [
          [
            -97.7809571,
            32.84750887
          ],
          [
            -97.79070006,
            32.96788083
          ]
        ]
      }
    },
    {
      "type": "Feature",
      "properties": {
        "segment_id": "17e306a3-1762-4082-b551-81b3f67ec74a",
        "risk_score": 0.28375,
        "risk_level": "Low",
        "risk_level_numeric": 2,
        "crash_count": 4,
        "aadt": 0,
        "segment_length": 0,
        "crashes_per_mile": 0,
        "recent_crashes": [
          {
            "crash_id": "20924532",
            "crash_date": "2025-07-12",
            "severity": "O_NoInjury"
          },
          {
            "crash_id": "20901184",
            "crash_date": "2025-07-09",
            "severity": "B_NonIncapacitatingInjury"
          },
          {
            "crash_id": "20810474",
            "crash_date": "2025-05-04",
            "severity": "A_IncapacitatingInjury"
          },
          {
            "crash_id": "20688631",
            "crash_date": "2025-03-06",
            "severity": "A_IncapacitatingInjury"
          }
        ],
        "start_latitude": 32.65194046,
        "start_longitude": -97.58677208,
        "end_latitude": 32.66360002,
        "end_longitude": -97.58606361
      },
      "geometry": {
        "type": "LineString",
        "coordinates": [
          [
            -97.58677208,
            32.65194046
          ],
          [
            -97.58606361,
            32.66360002
          ]
        ]
      }
    },
    {
      "type": "Feature",
      "properties": {
        "segment_id": "304d4571-9e95-4761-b50e-4e696a916840",
        "risk_score": 0.2829166666666667,
        "risk_level": "Low",
        "risk_level_numeric": 2,
        "crash_count": 6,
        "aadt": 0,
        "segment_length": 0,
        "crashes_per_mile": 0,
        "recent_crashes": [
          {
            "crash_id": "20742065",
            "crash_date": "2025-04-04",
            "severity": "O_NoInjury"
          },
          {
            "crash_id": "20704512",
            "crash_date": "2025-03-14",
            "severity": "B_NonIncapacitatingInjury"
          },
          {
            "crash_id": "20665777",
            "crash_date": "2025-02-20",
            "severity": "O_NoInjury"
          },
          {
            "crash_id": "20654717",
            "crash_date": "2025-02-13",
            "severity": "A_IncapacitatingInjury"
          },
          {
            "crash_id": "20647222",
            "crash_date": "2025-02-07",
            "severity": "Unknown"
          }
        ],
        "start_latitude": 32.7881343,
        "start_longitude": -97.7956942,
        "end_latitude": 32.76078021,
        "end_longitude": -97.79734703
      },
      "geometry": {
        "type": "LineString",
        "coordinates": [
          [
            -97.7956942,
            32.7881343
          ],
          [
            -97.79734703,
            32.76078021
          ]
        ]
      }
    },
    {
      "type": "Feature",
      "properties": {
        "segment_id": "fbbd961f-80f9-4cfc-a316-2e87de9dabe6",
        "risk_score": 0.28,
        "risk_level": "Low",
        "risk_level_numeric": 2,
        "crash_count": 3,
        "aadt": 0,
        "segment_length": 0,
        "crashes_per_mile": 0,
        "recent_crashes": [
          {
            "crash_id": "20907182",
            "crash_date": "2025-07-07",
            "severity": "K_Fatal"
          },
          {
            "crash_id": "20731918",
            "crash_date": "2025-03-28",
            "severity": "K_Fatal"
          },
          {
            "crash_id": "20652380",
            "crash_date": "2025-02-07",
            "severity": "O_NoInjury"
          }
        ],
        "start_latitude": 32.71841405,
        "start_longitude": -97.90392359,
        "end_latitude": 32.72476425,
        "end_longitude": -97.88610047
      },
      "geometry": {
        "type": "LineString",
        "coordinates": [
          [
            -97.90392359,
            32.71841405
          ],
          [
            -97.88610047,
            32.72476425
          ]
        ]
      }
    },
    {
      "type": "Feature",
      "properties": {
        "segment_id": "22cd5b44-bf08-4212-aa02-395698f51034",
        "risk_score": 0.27166666666666667,
        "risk_level": "Low",
        "risk_level_numeric": 2,
        "crash_count": 3,
        "aadt": 0,
        "segment_length": 0,
        "crashes_per_mile": 0,
        "recent_crashes": [
          {
            "crash_id": "20927084",
            "crash_date": "2025-07-25",
            "severity": "A_IncapacitatingInjury"
          },
          {
            "crash_id": "20773430",
            "crash_date": "2025-04-23",
            "severity": "B_NonIncapacitatingInjury"
          },
          {
            "crash_id": "20643977",
            "crash_date": "2025-02-06",
            "severity": "B_NonIncapacitatingInjury"
          }
        ],
        "start_latitude": 32.75794048,
        "start_longitude": -97.76994881,
        "end_latitude": 32.75662278,
        "end_longitude": -97.69857484
      },
      "geometry": {
        "type": "LineString",
        "coordinates": [
          [
            -97.76994881,
            32.75794048
          ],
          [
            -97.69857484,
            32.75662278
          ]
        ]
      }
    },
    {
      "type": "Feature",
      "properties": {
        "segment_id": "3f21437b-403b-4f13-ae86-7d0d2d286f49",
        "risk_score": 0.265,
        "risk_level": "Low",
        "risk_level_numeric": 2,
        "crash_count": 4,
        "aadt": 0,
        "segment_length": 0,
        "crashes_per_mile": 0,
        "recent_crashes": [
          {
            "crash_id": "20908856",
            "crash_date": "2025-07-10",
            "severity": "A_IncapacitatingInjury"
          },
          {
            "crash_id": "20734707",
            "crash_date": "2025-03-21",
            "severity": "O_NoInjury"
          },
          {
            "crash_id": "20734702",
            "crash_date": "2025-03-19",
            "severity": "K_Fatal"
          },
          {
            "crash_id": "20663402",
            "crash_date": "2025-01-28",
            "severity": "O_NoInjury"
          }
        ],
        "start_latitude": 32.96471844,
        "start_longitude": -97.68996734,
        "end_latitude": 32.9657135,
        "end_longitude": -97.68374634
      },
      "geometry": {
        "type": "LineString",
        "coordinates": [
          [
            -97.68996734,
            32.96471844
          ],
          [
            -97.68374634,
            32.9657135
          ]
        ]
      }
    },
    {
      "type": "Feature",
      "properties": {
        "segment_id": "e398b391-b6a0-4e24-91d2-1fc5c24f6b9f",
        "risk_score": 0.26416666666666666,
        "risk_level": "Low",
        "risk_level_numeric": 2,
        "crash_count": 6,
        "aadt": 0,
        "segment_length": 0,
        "crashes_per_mile": 0,
        "recent_crashes": [
          {
            "crash_id": "20886782",
            "crash_date": "2025-06-19",
            "severity": "O_NoInjury"
          },
          {
            "crash_id": "20863354",
            "crash_date": "2025-06-13",
            "severity": "O_NoInjury"
          },
          {
            "crash_id": "20847877",
            "crash_date": "2025-05-21",
            "severity": "O_NoInjury"
          },
          {
            "crash_id": "20815816",
            "crash_date": "2025-05-11",
            "severity": "A_IncapacitatingInjury"
          },
          {
            "crash_id": "20742063",
            "crash_date": "2025-04-02",
            "severity": "O_NoInjury"
          }
        ],
        "start_latitude": 32.72897201,
        "start_longitude": -97.87443547,
        "end_latitude": 32.70546995,
        "end_longitude": -97.87518884
      },
      "geometry": {
        "type": "LineString",
        "coordinates": [
          [
            -97.87443547,
            32.72897201
          ],
          [
            -97.87518884,
            32.70546995
          ]
        ]
      }
    },
    {
      "type": "Feature",
      "properties": {
        "segment_id": "c3d28535-b63f-4cbe-9df4-bb976a99fba0",
        "risk_score": 0.25583333333333336,
        "risk_level": "Low",
        "risk_level_numeric": 2,
        "crash_count": 6,
        "aadt": 0,
        "segment_length": 0,
        "crashes_per_mile": 0,
        "recent_crashes": [
          {
            "crash_id": "20899909",
            "crash_date": "2025-07-07",
            "severity": "O_NoInjury"
          },
          {
            "crash_id": "20870814",
            "crash_date": "2025-06-19",
            "severity": "O_NoInjury"
          },
          {
            "crash_id": "20869313",
            "crash_date": "2025-06-18",
            "severity": "O_NoInjury"
          },
          {
            "crash_id": "20770508",
            "crash_date": "2025-04-17",
            "severity": "O_NoInjury"
          },
          {
            "crash_id": "20651244",
            "crash_date": "2025-02-11",
            "severity": "B_NonIncapacitatingInjury"
          }
        ],
        "start_latitude": 32.75894862,
        "start_longitude": -97.79552004,
        "end_latitude": 32.75894862,
        "end_longitude": -97.79552238
      },
      "geometry": {
        "type": "LineString",
        "coordinates": [
          [
            -97.79552004,
            32.75894862
          ],
          [
            -97.79552238,
            32.75894862
          ]
        ]
      }
    },
    {
      "type": "Feature",
      "properties": {
        "segment_id": "3c375094-d99b-476e-8f4f-7049e59a4910",
        "risk_score": 0.25583333333333336,
        "risk_level": "Low",
        "risk_level_numeric": 2,
        "crash_count": 6,
        "aadt": 0,
        "segment_length": 0,
        "crashes_per_mile": 0,
        "recent_crashes": [
          {
            "crash_id": "20885961",
            "crash_date": "2025-06-25",
            "severity": "O_NoInjury"
          },
          {
            "crash_id": "20859214",
            "crash_date": "2025-06-12",
            "severity": "O_NoInjury"
          },
          {
            "crash_id": "20795927",
            "crash_date": "2025-05-06",
            "severity": "O_NoInjury"
          },
          {
            "crash_id": "20754539",
            "crash_date": "2025-04-12",
            "severity": "B_NonIncapacitatingInjury"
          },
          {
            "crash_id": "20693113",
            "crash_date": "2025-03-07",
            "severity": "O_NoInjury"
          }
        ],
        "start_latitude": 32.72529431,
        "start_longitude": -97.78521,
        "end_latitude": 32.72525153,
        "end_longitude": -97.78688742
      },
      "geometry": {
        "type": "LineString",
        "coordinates": [
          [
            -97.78521,
            32.72529431
          ],
          [
            -97.78688742,
            32.72525153
          ]
        ]
      }
    },
    {
      "type": "Feature",
      "properties": {
        "segment_id": "80dcfce4-c00c-4b5a-a3a1-4e96db862e41",
        "risk_score": 0.245,
        "risk_level": "Low",
        "risk_level_numeric": 2,
        "crash_count": 5,
        "aadt": 0,
        "segment_length": 0,
        "crashes_per_mile": 0,
        "recent_crashes": [
          {
            "crash_id": "20832356",
            "crash_date": "2025-05-25",
            "severity": "O_NoInjury"
          },
          {
            "crash_id": "20734704",
            "crash_date": "2025-03-19",
            "severity": "O_NoInjury"
          },
          {
            "crash_id": "20693566",
            "crash_date": "2025-02-27",
            "severity": "O_NoInjury"
          },
          {
            "crash_id": "20634724",
            "crash_date": "2025-02-01",
            "severity": "K_Fatal"
          },
          {
            "crash_id": "20616724",
            "crash_date": "2025-01-14",
            "severity": "O_NoInjury"
          }
        ],
        "start_latitude": 32.9781637,
        "start_longitude": -97.6860315,
        "end_latitude": 32.97879822,
        "end_longitude": -97.68610355
      },
      "geometry": {
        "type": "LineString",
        "coordinates": [
          [
            -97.6860315,
            32.9781637
          ],
          [
            -97.68610355,
            32.97879822
          ]
        ]
      }
    },
    {
      "type": "Feature",
      "properties": {
        "segment_id": "8615b8c2-0a68-477d-b1cd-5581101dd0a1",
        "risk_score": 0.245,
        "risk_level": "Low",
        "risk_level_numeric": 2,
        "crash_count": 5,
        "aadt": 0,
        "segment_length": 0,
        "crashes_per_mile": 0,
        "recent_crashes": [
          {
            "crash_id": "20884972",
            "crash_date": "2025-06-29",
            "severity": "O_NoInjury"
          },
          {
            "crash_id": "20809302",
            "crash_date": "2025-05-14",
            "severity": "O_NoInjury"
          },
          {
            "crash_id": "20748412",
            "crash_date": "2025-04-09",
            "severity": "O_NoInjury"
          },
          {
            "crash_id": "20671374",
            "crash_date": "2025-02-24",
            "severity": "K_Fatal"
          },
          {
            "crash_id": "20638029",
            "crash_date": "2025-02-01",
            "severity": "O_NoInjury"
          }
        ],
        "start_latitude": 32.7529043,
        "start_longitude": -97.69915234,
        "end_latitude": 32.75521576,
        "end_longitude": -97.69899277
      },
      "geometry": {
        "type": "LineString",
        "coordinates": [
          [
            -97.69915234,
            32.7529043
          ],
          [
            -97.69899277,
            32.75521576
          ]
        ]
      }
    },
    {
      "type": "Feature",
      "properties": {
        "segment_id": "77f06802-a0c7-477e-b081-d0800867c2f8",
        "risk_score": 0.24,
        "risk_level": "Low",
        "risk_level_numeric": 2,
        "crash_count": 4,
        "aadt": 0,
        "segment_length": 0,
        "crashes_per_mile": 0,
        "recent_crashes": [
          {
            "crash_id": "20870812",
            "crash_date": "2025-06-18",
            "severity": "O_NoInjury"
          },
          {
            "crash_id": "20863357",
            "crash_date": "2025-06-13",
            "severity": "B_NonIncapacitatingInjury"
          },
          {
            "crash_id": "20651249",
            "crash_date": "2025-02-11",
            "severity": "O_NoInjury"
          },
          {
            "crash_id": "20616087",
            "crash_date": "2025-01-19",
            "severity": "A_IncapacitatingInjury"
          }
        ],
        "start_latitude": 32.75467002,
        "start_longitude": -97.79927236,
        "end_latitude": 32.75897978,
        "end_longitude": -97.7991999
      },
      "geometry": {
        "type": "LineString",
        "coordinates": [
          [
            -97.79927236,
            32.75467002
          ],
          [
            -97.7991999,
            32.75897978
          ]
        ]
      }
    },
    {
      "type": "Feature",
      "properties": {
        "segment_id": "b9f8e970-9bda-4293-9bfd-2edeeb177b7b",
        "risk_score": 0.235,
        "risk_level": "Low",
        "risk_level_numeric": 2,
        "crash_count": 6,
        "aadt": 0,
        "segment_length": 0,
        "crashes_per_mile": 0,
        "recent_crashes": [
          {
            "crash_id": "20942735",
            "crash_date": "2025-08-01",
            "severity": "O_NoInjury"
          },
          {
            "crash_id": "20833002",
            "crash_date": "2025-05-20",
            "severity": "O_NoInjury"
          },
          {
            "crash_id": "20774334",
            "crash_date": "2025-04-10",
            "severity": "O_NoInjury"
          },
          {
            "crash_id": "20765994",
            "crash_date": "2025-04-07",
            "severity": "O_NoInjury"
          },
          {
            "crash_id": "20643327",
            "crash_date": "2025-01-26",
            "severity": "O_NoInjury"
          }
        ],
        "start_latitude": 32.99360212,
        "start_longitude": -97.82257793,
        "end_latitude": 32.99343581,
        "end_longitude": -97.82229175
      },
      "geometry": {
        "type": "LineString",
        "coordinates": [
          [
            -97.82257793,
            32.99360212
          ],
          [
            -97.82229175,
            32.99343581
          ]
        ]
      }
    },
    {
      "type": "Feature",
      "properties": {
        "segment_id": "b76ec594-5a26-4aec-9856-233fdd899a65",
        "risk_score": 0.235,
        "risk_level": "Low",
        "risk_level_numeric": 2,
        "crash_count": 5,
        "aadt": 0,
        "segment_length": 0,
        "crashes_per_mile": 0,
        "recent_crashes": [
          {
            "crash_id": "20940669",
            "crash_date": "2025-08-02",
            "severity": "O_NoInjury"
          },
          {
            "crash_id": "20940668",
            "crash_date": "2025-08-02",
            "severity": "A_IncapacitatingInjury"
          },
          {
            "crash_id": "20925453",
            "crash_date": "2025-07-23",
            "severity": "O_NoInjury"
          },
          {
            "crash_id": "20829646",
            "crash_date": "2025-05-23",
            "severity": "O_NoInjury"
          },
          {
            "crash_id": "20621651",
            "crash_date": "2025-01-23",
            "severity": "O_NoInjury"
          }
        ],
        "start_latitude": 32.74821052,
        "start_longitude": -97.72862562,
        "end_latitude": 32.7526243,
        "end_longitude": -97.73037234
      },
      "geometry": {
        "type": "LineString",
        "coordinates": [
          [
            -97.72862562,
            32.74821052
          ],
          [
            -97.73037234,
            32.7526243
          ]
        ]
      }
    },
    {
      "type": "Feature",
      "properties": {
        "segment_id": "4ec5fe69-3eb6-48b2-ba43-d9074caec1de",
        "risk_score": 0.235,
        "risk_level": "Low",
        "risk_level_numeric": 2,
        "crash_count": 6,
        "aadt": 0,
        "segment_length": 0,
        "crashes_per_mile": 0,
        "recent_crashes": [
          {
            "crash_id": "20899911",
            "crash_date": "2025-07-08",
            "severity": "O_NoInjury"
          },
          {
            "crash_id": "20815835",
            "crash_date": "2025-05-12",
            "severity": "O_NoInjury"
          },
          {
            "crash_id": "20790940",
            "crash_date": "2025-05-02",
            "severity": "O_NoInjury"
          },
          {
            "crash_id": "20750529",
            "crash_date": "2025-04-10",
            "severity": "O_NoInjury"
          },
          {
            "crash_id": "20647219",
            "crash_date": "2025-02-07",
            "severity": "O_NoInjury"
          }
        ],
        "start_latitude": 32.7423343,
        "start_longitude": -97.78321232,
        "end_latitude": 32.74233,
        "end_longitude": -97.78321232
      },
      "geometry": {
        "type": "LineString",
        "coordinates": [
          [
            -97.78321232,
            32.7423343
          ],
          [
            -97.78321232,
            32.74233
          ]
        ]
      }
    },
    {
      "type": "Feature",
      "properties": {
        "segment_id": "7e90ec6b-56b6-48da-a10f-f45fb5af1d46",
        "risk_score": 0.235,
        "risk_level": "Low",
        "risk_level_numeric": 2,
        "crash_count": 5,
        "aadt": 0,
        "segment_length": 0,
        "crashes_per_mile": 0,
        "recent_crashes": [
          {
            "crash_id": "20911553",
            "crash_date": "2025-07-15",
            "severity": "O_NoInjury"
          },
          {
            "crash_id": "20885946",
            "crash_date": "2025-06-21",
            "severity": "O_NoInjury"
          },
          {
            "crash_id": "20843581",
            "crash_date": "2025-06-03",
            "severity": "O_NoInjury"
          },
          {
            "crash_id": "20766683",
            "crash_date": "2025-04-17",
            "severity": "A_IncapacitatingInjury"
          },
          {
            "crash_id": "20676721",
            "crash_date": "2025-02-27",
            "severity": "O_NoInjury"
          }
        ],
        "start_latitude": 32.73198885,
        "start_longitude": -97.78756257,
        "end_latitude": 32.73198011,
        "end_longitude": -97.7875625
      },
      "geometry": {
        "type": "LineString",
        "coordinates": [
          [
            -97.78756257,
            32.73198885
          ],
          [
            -97.7875625,
            32.73198011
          ]
        ]
      }
    },
    {
      "type": "Feature",
      "properties": {
        "segment_id": "7f604eb5-1ff2-454d-adc6-446824fde440",
        "risk_score": 0.235,
        "risk_level": "Low",
        "risk_level_numeric": 2,
        "crash_count": 6,
        "aadt": 0,
        "segment_length": 0,
        "crashes_per_mile": 0,
        "recent_crashes": [
          {
            "crash_id": "20931500",
            "crash_date": "2025-07-24",
            "severity": "O_NoInjury"
          },
          {
            "crash_id": "20891512",
            "crash_date": "2025-07-02",
            "severity": "O_NoInjury"
          },
          {
            "crash_id": "20855694",
            "crash_date": "2025-06-06",
            "severity": "O_NoInjury"
          },
          {
            "crash_id": "20843567",
            "crash_date": "2025-06-02",
            "severity": "O_NoInjury"
          },
          {
            "crash_id": "20807897",
            "crash_date": "2025-05-13",
            "severity": "O_NoInjury"
          }
        ],
        "start_latitude": 32.73763619,
        "start_longitude": -97.76386412,
        "end_latitude": 32.74555014,
        "end_longitude": -97.77988255
      },
      "geometry": {
        "type": "LineString",
        "coordinates": [
          [
            -97.76386412,
            32.73763619
          ],
          [
            -97.77988255,
            32.74555014
          ]
        ]
      }
    },
    {
      "type": "Feature",
      "properties": {
        "segment_id": "729fc7f6-974c-4e77-b090-40c04c3264a0",
        "risk_score": 0.235,
        "risk_level": "Low",
        "risk_level_numeric": 2,
        "crash_count": 5,
        "aadt": 0,
        "segment_length": 0,
        "crashes_per_mile": 0,
        "recent_crashes": [
          {
            "crash_id": "20936966",
            "crash_date": "2025-07-29",
            "severity": "O_NoInjury"
          },
          {
            "crash_id": "20927073",
            "crash_date": "2025-07-25",
            "severity": "O_NoInjury"
          },
          {
            "crash_id": "20886588",
            "crash_date": "2025-06-21",
            "severity": "O_NoInjury"
          },
          {
            "crash_id": "20795921",
            "crash_date": "2025-05-05",
            "severity": "O_NoInjury"
          },
          {
            "crash_id": "20729407",
            "crash_date": "2025-03-25",
            "severity": "A_IncapacitatingInjury"
          }
        ],
        "start_latitude": 32.7529443,
        "start_longitude": -97.83592231,
        "end_latitude": 32.75238,
        "end_longitude": -97.8616423
      },
      "geometry": {
        "type": "LineString",
        "coordinates": [
          [
            -97.83592231,
            32.7529443
          ],
          [
            -97.8616423,
            32.75238
          ]
        ]
      }
    },
    {
      "type": "Feature",
      "properties": {
        "segment_id": "fc1c8983-5eec-46b3-aae8-0635ed44fc45",
        "risk_score": 0.235,
        "risk_level": "Low",
        "risk_level_numeric": 2,
        "crash_count": 6,
        "aadt": 0,
        "segment_length": 0,
        "crashes_per_mile": 0,
        "recent_crashes": [
          {
            "crash_id": "20951559",
            "crash_date": "2025-08-09",
            "severity": "O_NoInjury"
          },
          {
            "crash_id": "20942897",
            "crash_date": "2025-08-04",
            "severity": "O_NoInjury"
          },
          {
            "crash_id": "20926863",
            "crash_date": "2025-07-25",
            "severity": "O_NoInjury"
          },
          {
            "crash_id": "20863352",
            "crash_date": "2025-06-12",
            "severity": "O_NoInjury"
          },
          {
            "crash_id": "20836166",
            "crash_date": "2025-05-29",
            "severity": "O_NoInjury"
          }
        ],
        "start_latitude": 32.75896488,
        "start_longitude": -97.80452279,
        "end_latitude": 32.75882773,
        "end_longitude": -97.79779091
      },
      "geometry": {
        "type": "LineString",
        "coordinates": [
          [
            -97.80452279,
            32.75896488
          ],
          [
            -97.79779091,
            32.75882773
          ]
        ]
      }
    },
    {
      "type": "Feature",
      "properties": {
        "segment_id": "63fe02b4-4ffc-4077-a74e-497d8d29d667",
        "risk_score": 0.235,
        "risk_level": "Low",
        "risk_level_numeric": 2,
        "crash_count": 1,
        "aadt": 0,
        "segment_length": 0,
        "crashes_per_mile": 0,
        "recent_crashes": [
          {
            "crash_id": "20777405",
            "crash_date": "2025-04-21",
            "severity": "A_IncapacitatingInjury"
          }
        ],
        "start_latitude": 32.59750748,
        "start_longitude": -97.8131198,
        "end_latitude": 32.59750748,
        "end_longitude": -97.8131198
      },
      "geometry": {
        "type": "LineString",
        "coordinates": [
          [
            -97.8131198,
            32.59750748
          ],
          [
            -97.8131198,
            32.59750748
          ]
        ]
      }
    },
    {
      "type": "Feature",
      "properties": {
        "segment_id": "cc8cfd26-4e2b-4688-879d-290b32defc63",
        "risk_score": 0.235,
        "risk_level": "Low",
        "risk_level_numeric": 2,
        "crash_count": 1,
        "aadt": 0,
        "segment_length": 0,
        "crashes_per_mile": 0,
        "recent_crashes": [
          {
            "crash_id": "20863362",
            "crash_date": "2025-06-13",
            "severity": "A_IncapacitatingInjury"
          }
        ],
        "start_latitude": 32.76031017,
        "start_longitude": -97.80214232,
        "end_latitude": 32.76031017,
        "end_longitude": -97.80214232
      },
      "geometry": {
        "type": "LineString",
        "coordinates": [
          [
            -97.80214232,
            32.76031017
          ],
          [
            -97.80214232,
            32.76031017
          ]
        ]
      }
    },
    {
      "type": "Feature",
      "properties": {
        "segment_id": "ccee4b45-4ad4-4d0b-92a1-9c7b744183c9",
        "risk_score": 0.235,
        "risk_level": "Low",
        "risk_level_numeric": 2,
        "crash_count": 1,
        "aadt": 0,
        "segment_length": 0,
        "crashes_per_mile": 0,
        "recent_crashes": [
          {
            "crash_id": "20895794",
            "crash_date": "2025-07-03",
            "severity": "A_IncapacitatingInjury"
          }
        ],
        "start_latitude": 32.70901431,
        "start_longitude": -97.68504235,
        "end_latitude": 32.70901431,
        "end_longitude": -97.68504235
      },
      "geometry": {
        "type": "LineString",
        "coordinates": [
          [
            -97.68504235,
            32.70901431
          ],
          [
            -97.68504235,
            32.70901431
          ]
        ]
      }
    },
    {
      "type": "Feature",
      "properties": {
        "segment_id": "f03a0f1f-45e4-4abb-b499-629c489ae4c7",
        "risk_score": 0.235,
        "risk_level": "Low",
        "risk_level_numeric": 2,
        "crash_count": 1,
        "aadt": 0,
        "segment_length": 0,
        "crashes_per_mile": 0,
        "recent_crashes": [
          {
            "crash_id": "20903587",
            "crash_date": "2025-07-09",
            "severity": "A_IncapacitatingInjury"
          }
        ],
        "start_latitude": 32.75651003,
        "start_longitude": -97.81451236,
        "end_latitude": 32.75651003,
        "end_longitude": -97.81451236
      },
      "geometry": {
        "type": "LineString",
        "coordinates": [
          [
            -97.81451236,
            32.75651003
          ],
          [
            -97.81451236,
            32.75651003
          ]
        ]
      }
    },
    {
      "type": "Feature",
      "properties": {
        "segment_id": "ebe3bb19-4e9f-450b-85a6-eb86a8df5b66",
        "risk_score": 0.235,
        "risk_level": "Low",
        "risk_level_numeric": 2,
        "crash_count": 1,
        "aadt": 0,
        "segment_length": 0,
        "crashes_per_mile": 0,
        "recent_crashes": [
          {
            "crash_id": "20913208",
            "crash_date": "2025-07-10",
            "severity": "A_IncapacitatingInjury"
          }
        ],
        "start_latitude": 32.7636543,
        "start_longitude": -97.69761234,
        "end_latitude": 32.7636543,
        "end_longitude": -97.69761234
      },
      "geometry": {
        "type": "LineString",
        "coordinates": [
          [
            -97.69761234,
            32.7636543
          ],
          [
            -97.69761234,
            32.7636543
          ]
        ]
      }
    },
    {
      "type": "Feature",
      "properties": {
        "segment_id": "ef98c4af-7398-468e-ad13-c185abe247d8",
        "risk_score": 0.235,
        "risk_level": "Low",
        "risk_level_numeric": 2,
        "crash_count": 1,
        "aadt": 0,
        "segment_length": 0,
        "crashes_per_mile": 0,
        "recent_crashes": [
          {
            "crash_id": "20940140",
            "crash_date": "2025-08-03",
            "severity": "A_IncapacitatingInjury"
          }
        ],
        "start_latitude": 32.75228821,
        "start_longitude": -97.69101962,
        "end_latitude": 32.75228821,
        "end_longitude": -97.69101962
      },
      "geometry": {
        "type": "LineString",
        "coordinates": [
          [
            -97.69101962,
            32.75228821
          ],
          [
            -97.69101962,
            32.75228821
          ]
        ]
      }
    },
    {
      "type": "Feature",
      "properties": {
        "segment_id": "ed59afe4-77a8-44bb-9b70-efa96cd5312a",
        "risk_score": 0.235,
        "risk_level": "Low",
        "risk_level_numeric": 2,
        "crash_count": 1,
        "aadt": 0,
        "segment_length": 0,
        "crashes_per_mile": 0,
        "recent_crashes": [
          {
            "crash_id": "20955986",
            "crash_date": "2025-08-12",
            "severity": "A_IncapacitatingInjury"
          }
        ],
        "start_latitude": 32.75732832,
        "start_longitude": -97.71070321,
        "end_latitude": 32.75732832,
        "end_longitude": -97.71070321
      },
      "geometry": {
        "type": "LineString",
        "coordinates": [
          [
            -97.71070321,
            32.75732832
          ],
          [
            -97.71070321,
            32.75732832
          ]
        ]
      }
    },
    {
      "type": "Feature",
      "properties": {
        "segment_id": "a36b5fe7-dc8e-4bc4-b0b8-a23e10c1ec0a",
        "risk_score": 0.235,
        "risk_level": "Low",
        "risk_level_numeric": 2,
        "crash_count": 1,
        "aadt": 0,
        "segment_length": 0,
        "crashes_per_mile": 0,
        "recent_crashes": [
          {
            "crash_id": "20956405",
            "crash_date": "2025-08-11",
            "severity": "A_IncapacitatingInjury"
          }
        ],
        "start_latitude": 32.7655543,
        "start_longitude": -97.79534232,
        "end_latitude": 32.7655543,
        "end_longitude": -97.79534232
      },
      "geometry": {
        "type": "LineString",
        "coordinates": [
          [
            -97.79534232,
            32.7655543
          ],
          [
            -97.79534232,
            32.7655543
          ]
        ]
      }
    },
    {
      "type": "Feature",
      "properties": {
        "segment_id": "6e5eb90a-1911-4053-8d4a-7b8c026f5969",
        "risk_score": 0.23,
        "risk_level": "Low",
        "risk_level_numeric": 2,
        "crash_count": 3,
        "aadt": 0,
        "segment_length": 0,
        "crashes_per_mile": 0,
        "recent_crashes": [
          {
            "crash_id": "20884289",
            "crash_date": "2025-06-21",
            "severity": "O_NoInjury"
          },
          {
            "crash_id": "20658300",
            "crash_date": "2025-02-07",
            "severity": "B_NonIncapacitatingInjury"
          },
          {
            "crash_id": "20624619",
            "crash_date": "2025-01-22",
            "severity": "A_IncapacitatingInjury"
          }
        ],
        "start_latitude": 32.65705096,
        "start_longitude": -97.9115172,
        "end_latitude": 32.66281432,
        "end_longitude": -97.9073223
      },
      "geometry": {
        "type": "LineString",
        "coordinates": [
          [
            -97.9115172,
            32.65705096
          ],
          [
            -97.9073223,
            32.66281432
          ]
        ]
      }
    },
    {
      "type": "Feature",
      "properties": {
        "segment_id": "fae9f525-d03c-4f02-aa1a-ea7ea5899160",
        "risk_score": 0.23,
        "risk_level": "Low",
        "risk_level_numeric": 2,
        "crash_count": 3,
        "aadt": 0,
        "segment_length": 0,
        "crashes_per_mile": 0,
        "recent_crashes": [
          {
            "crash_id": "20918710",
            "crash_date": "2025-07-18",
            "severity": "O_NoInjury"
          },
          {
            "crash_id": "20731924",
            "crash_date": "2025-03-30",
            "severity": "B_NonIncapacitatingInjury"
          },
          {
            "crash_id": "20665774",
            "crash_date": "2025-02-20",
            "severity": "A_IncapacitatingInjury"
          }
        ],
        "start_latitude": 32.75898771,
        "start_longitude": -97.80387174,
        "end_latitude": 32.75898741,
        "end_longitude": -97.80388026
      },
      "geometry": {
        "type": "LineString",
        "coordinates": [
          [
            -97.80387174,
            32.75898771
          ],
          [
            -97.80388026,
            32.75898741
          ]
        ]
      }
    },
    {
      "type": "Feature",
      "properties": {
        "segment_id": "4ff66c6e-e550-43b9-9339-cf21740d2089",
        "risk_score": 0.225,
        "risk_level": "Low",
        "risk_level_numeric": 2,
        "crash_count": 5,
        "aadt": 0,
        "segment_length": 0,
        "crashes_per_mile": 0,
        "recent_crashes": [
          {
            "crash_id": "20885949",
            "crash_date": "2025-06-25",
            "severity": "O_NoInjury"
          },
          {
            "crash_id": "20885947",
            "crash_date": "2025-06-25",
            "severity": "O_NoInjury"
          },
          {
            "crash_id": "20829649",
            "crash_date": "2025-05-24",
            "severity": "O_NoInjury"
          },
          {
            "crash_id": "20766681",
            "crash_date": "2025-04-17",
            "severity": "B_NonIncapacitatingInjury"
          },
          {
            "crash_id": "20665773",
            "crash_date": "2025-02-20",
            "severity": "O_NoInjury"
          }
        ],
        "start_latitude": 32.73311707,
        "start_longitude": -97.79270223,
        "end_latitude": 32.7377043,
        "end_longitude": -97.78780232
      },
      "geometry": {
        "type": "LineString",
        "coordinates": [
          [
            -97.79270223,
            32.73311707
          ],
          [
            -97.78780232,
            32.7377043
          ]
        ]
      }
    },
    {
      "type": "Feature",
      "properties": {
        "segment_id": "4b521252-1f0e-4190-83d6-6d754d2b7dd1",
        "risk_score": 0.21333333333333335,
        "risk_level": "Low",
        "risk_level_numeric": 2,
        "crash_count": 3,
        "aadt": 0,
        "segment_length": 0,
        "crashes_per_mile": 0,
        "recent_crashes": [
          {
            "crash_id": "20933250",
            "crash_date": "2025-07-22",
            "severity": "O_NoInjury"
          },
          {
            "crash_id": "20857020",
            "crash_date": "2025-06-08",
            "severity": "B_NonIncapacitatingInjury"
          },
          {
            "crash_id": "20613861",
            "crash_date": "2025-01-17",
            "severity": "B_NonIncapacitatingInjury"
          }
        ],
        "start_latitude": 32.57704434,
        "start_longitude": -97.87867231,
        "end_latitude": 32.57711287,
        "end_longitude": -97.87867231
      },
      "geometry": {
        "type": "LineString",
        "coordinates": [
          [
            -97.87867231,
            32.57704434
          ],
          [
            -97.87867231,
            32.57711287
          ]
        ]
      }
    },
    {
      "type": "Feature",
      "properties": {
        "segment_id": "a476480f-e559-434e-9da8-bbf848638552",
        "risk_score": 0.20875,
        "risk_level": "Low",
        "risk_level_numeric": 2,
        "crash_count": 4,
        "aadt": 0,
        "segment_length": 0,
        "crashes_per_mile": 0,
        "recent_crashes": [
          {
            "crash_id": "20693105",
            "crash_date": "2025-03-07",
            "severity": "A_IncapacitatingInjury"
          },
          {
            "crash_id": "20689212",
            "crash_date": "2025-03-06",
            "severity": "O_NoInjury"
          },
          {
            "crash_id": "20684913",
            "crash_date": "2025-02-26",
            "severity": "O_NoInjury"
          },
          {
            "crash_id": "20611164",
            "crash_date": "2025-01-13",
            "severity": "O_NoInjury"
          }
        ],
        "start_latitude": 32.73718535,
        "start_longitude": -97.81492033,
        "end_latitude": 32.75856306,
        "end_longitude": -97.81450971
      },
      "geometry": {
        "type": "LineString",
        "coordinates": [
          [
            -97.81492033,
            32.73718535
          ],
          [
            -97.81450971,
            32.75856306
          ]
        ]
      }
    },
    {
      "type": "Feature",
      "properties": {
        "segment_id": "9f0f0e6a-5d27-4ee8-a2c6-04b919f141aa",
        "risk_score": 0.20875,
        "risk_level": "Low",
        "risk_level_numeric": 2,
        "crash_count": 4,
        "aadt": 0,
        "segment_length": 0,
        "crashes_per_mile": 0,
        "recent_crashes": [
          {
            "crash_id": "20885952",
            "crash_date": "2025-06-26",
            "severity": "O_NoInjury"
          },
          {
            "crash_id": "20818646",
            "crash_date": "2025-05-19",
            "severity": "O_NoInjury"
          },
          {
            "crash_id": "20815837",
            "crash_date": "2025-05-17",
            "severity": "O_NoInjury"
          },
          {
            "crash_id": "20665771",
            "crash_date": "2025-02-20",
            "severity": "A_IncapacitatingInjury"
          }
        ],
        "start_latitude": 32.73145457,
        "start_longitude": -97.78306298,
        "end_latitude": 32.73039656,
        "end_longitude": -97.78772144
      },
      "geometry": {
        "type": "LineString",
        "coordinates": [
          [
            -97.78306298,
            32.73145457
          ],
          [
            -97.78772144,
            32.73039656
          ]
        ]
      }
    },
    {
      "type": "Feature",
      "properties": {
        "segment_id": "33e8814d-405b-44a8-8a21-07c8e9dd369a",
        "risk_score": 0.2075,
        "risk_level": "Low",
        "risk_level_numeric": 2,
        "crash_count": 2,
        "aadt": 0,
        "segment_length": 0,
        "crashes_per_mile": 0,
        "recent_crashes": [
          {
            "crash_id": "20766686",
            "crash_date": "2025-04-18",
            "severity": "O_NoInjury"
          },
          {
            "crash_id": "20725180",
            "crash_date": "2025-03-27",
            "severity": "K_Fatal"
          }
        ],
        "start_latitude": 32.75638073,
        "start_longitude": -97.78426232,
        "end_latitude": 32.75748303,
        "end_longitude": -97.78426232
      },
      "geometry": {
        "type": "LineString",
        "coordinates": [
          [
            -97.78426232,
            32.75638073
          ],
          [
            -97.78426232,
            32.75748303
          ]
        ]
      }
    },
    {
      "type": "Feature",
      "properties": {
        "segment_id": "8dd9d6ad-2c5f-4d84-a4bb-b2587c6a736a",
        "risk_score": 0.2075,
        "risk_level": "Low",
        "risk_level_numeric": 2,
        "crash_count": 2,
        "aadt": 0,
        "segment_length": 0,
        "crashes_per_mile": 0,
        "recent_crashes": [
          {
            "crash_id": "20863724",
            "crash_date": "2025-05-31",
            "severity": "O_NoInjury"
          },
          {
            "crash_id": "20832541",
            "crash_date": "2025-05-18",
            "severity": "K_Fatal"
          }
        ],
        "start_latitude": 32.76190848,
        "start_longitude": -97.94363672,
        "end_latitude": 32.77141048,
        "end_longitude": -97.91467808
      },
      "geometry": {
        "type": "LineString",
        "coordinates": [
          [
            -97.94363672,
            32.76190848
          ],
          [
            -97.91467808,
            32.77141048
          ]
        ]
      }
    },
    {
      "type": "Feature",
      "properties": {
        "segment_id": "a6cbf3a3-42e5-4c44-9e13-d657cbf2bd70",
        "risk_score": 0.205,
        "risk_level": "Low",
        "risk_level_numeric": 2,
        "crash_count": 3,
        "aadt": 0,
        "segment_length": 0,
        "crashes_per_mile": 0,
        "recent_crashes": [
          {
            "crash_id": "20954340",
            "crash_date": "2025-08-07",
            "severity": "O_NoInjury"
          },
          {
            "crash_id": "20918712",
            "crash_date": "2025-07-19",
            "severity": "K_Fatal"
          },
          {
            "crash_id": "20885953",
            "crash_date": "2025-06-27",
            "severity": "O_NoInjury"
          }
        ],
        "start_latitude": 32.72932526,
        "start_longitude": -97.7885114,
        "end_latitude": 32.72933523,
        "end_longitude": -97.78850139
      },
      "geometry": {
        "type": "LineString",
        "coordinates": [
          [
            -97.7885114,
            32.72932526
          ],
          [
            -97.78850139,
            32.72933523
          ]
        ]
      }
    },
    {
      "type": "Feature",
      "properties": {
        "segment_id": "9de5d1ec-4126-444b-90b4-b9eab9960ffc",
        "risk_score": 0.2,
        "risk_level": "Low",
        "risk_level_numeric": 2,
        "crash_count": 5,
        "aadt": 0,
        "segment_length": 0,
        "crashes_per_mile": 0,
        "recent_crashes": [
          {
            "crash_id": "20844516",
            "crash_date": "2025-05-29",
            "severity": "O_NoInjury"
          },
          {
            "crash_id": "20725430",
            "crash_date": "2025-03-26",
            "severity": "O_NoInjury"
          },
          {
            "crash_id": "20725354",
            "crash_date": "2025-03-25",
            "severity": "O_NoInjury"
          },
          {
            "crash_id": "20743034",
            "crash_date": "2025-03-22",
            "severity": "O_NoInjury"
          },
          {
            "crash_id": "20592066",
            "crash_date": "2025-01-04",
            "severity": "O_NoInjury"
          }
        ],
        "start_latitude": 32.86861333,
        "start_longitude": -97.57093761,
        "end_latitude": 32.87441493,
        "end_longitude": -97.57453614
      },
      "geometry": {
        "type": "LineString",
        "coordinates": [
          [
            -97.57093761,
            32.86861333
          ],
          [
            -97.57453614,
            32.87441493
          ]
        ]
      }
    },
    {
      "type": "Feature",
      "properties": {
        "segment_id": "9d9d1072-fb96-4840-ab1f-ac7b5f4c9e53",
        "risk_score": 0.2,
        "risk_level": "Low",
        "risk_level_numeric": 2,
        "crash_count": 5,
        "aadt": 0,
        "segment_length": 0,
        "crashes_per_mile": 0,
        "recent_crashes": [
          {
            "crash_id": "20951557",
            "crash_date": "2025-08-09",
            "severity": "O_NoInjury"
          },
          {
            "crash_id": "20863373",
            "crash_date": "2025-06-15",
            "severity": "O_NoInjury"
          },
          {
            "crash_id": "20859215",
            "crash_date": "2025-06-12",
            "severity": "O_NoInjury"
          },
          {
            "crash_id": "20712503",
            "crash_date": "2025-03-19",
            "severity": "O_NoInjury"
          },
          {
            "crash_id": "20629523",
            "crash_date": "2025-01-26",
            "severity": "O_NoInjury"
          }
        ],
        "start_latitude": 32.7299404,
        "start_longitude": -97.78647931,
        "end_latitude": 32.73064693,
        "end_longitude": -97.78314142
      },
      "geometry": {
        "type": "LineString",
        "coordinates": [
          [
            -97.78647931,
            32.7299404
          ],
          [
            -97.78314142,
            32.73064693
          ]
        ]
      }
    },
    {
      "type": "Feature",
      "properties": {
        "segment_id": "44eb0a7b-ea4f-4139-a6b4-f7e478e859cf",
        "risk_score": 0.2,
        "risk_level": "Low",
        "risk_level_numeric": 2,
        "crash_count": 5,
        "aadt": 0,
        "segment_length": 0,
        "crashes_per_mile": 0,
        "recent_crashes": [
          {
            "crash_id": "20758923",
            "crash_date": "2025-04-11",
            "severity": "O_NoInjury"
          },
          {
            "crash_id": "20693578",
            "crash_date": "2025-03-08",
            "severity": "O_NoInjury"
          },
          {
            "crash_id": "20705694",
            "crash_date": "2025-03-03",
            "severity": "O_NoInjury"
          },
          {
            "crash_id": "20693560",
            "crash_date": "2025-02-22",
            "severity": "O_NoInjury"
          },
          {
            "crash_id": "20633986",
            "crash_date": "2025-01-13",
            "severity": "O_NoInjury"
          }
        ],
        "start_latitude": 32.95766426,
        "start_longitude": -97.69809898,
        "end_latitude": 32.95413461,
        "end_longitude": -97.70721496
      },
      "geometry": {
        "type": "LineString",
        "coordinates": [
          [
            -97.69809898,
            32.95766426
          ],
          [
            -97.70721496,
            32.95413461
          ]
        ]
      }
    },
    {
      "type": "Feature",
      "properties": {
        "segment_id": "de73eb26-4eec-47e8-b82a-40d6b4d5de9f",
        "risk_score": 0.2,
        "risk_level": "Low",
        "risk_level_numeric": 2,
        "crash_count": 5,
        "aadt": 0,
        "segment_length": 0,
        "crashes_per_mile": 0,
        "recent_crashes": [
          {
            "crash_id": "20954310",
            "crash_date": "2025-08-04",
            "severity": "O_NoInjury"
          },
          {
            "crash_id": "20879527",
            "crash_date": "2025-06-21",
            "severity": "O_NoInjury"
          },
          {
            "crash_id": "20810494",
            "crash_date": "2025-05-14",
            "severity": "O_NoInjury"
          },
          {
            "crash_id": "20817707",
            "crash_date": "2025-05-09",
            "severity": "O_NoInjury"
          },
          {
            "crash_id": "20733406",
            "crash_date": "2025-03-31",
            "severity": "O_NoInjury"
          }
        ],
        "start_latitude": 32.74686073,
        "start_longitude": -97.67418733,
        "end_latitude": 32.72778725,
        "end_longitude": -97.60110033
      },
      "geometry": {
        "type": "LineString",
        "coordinates": [
          [
            -97.67418733,
            32.74686073
          ],
          [
            -97.60110033,
            32.72778725
          ]
        ]
      }
    },
    {
      "type": "Feature",
      "properties": {
        "segment_id": "b7749cb7-c79c-452b-962b-fe2817576873",
        "risk_score": 0.19666666666666666,
        "risk_level": "VeryLow",
        "risk_level_numeric": 1,
        "crash_count": 3,
        "aadt": 0,
        "segment_length": 0,
        "crashes_per_mile": 0,
        "recent_crashes": [
          {
            "crash_id": "20705711",
            "crash_date": "2025-03-13",
            "severity": "C_PossibleInjury"
          },
          {
            "crash_id": "20632227",
            "crash_date": "2025-01-29",
            "severity": "B_NonIncapacitatingInjury"
          },
          {
            "crash_id": "20626901",
            "crash_date": "2025-01-28",
            "severity": "O_NoInjury"
          }
        ],
        "start_latitude": 32.81510858,
        "start_longitude": -97.98779477,
        "end_latitude": 32.88747002,
        "end_longitude": -97.97915018
      },
      "geometry": {
        "type": "LineString",
        "coordinates": [
          [
            -97.98779477,
            32.81510858
          ],
          [
            -97.97915018,
            32.88747002
          ]
        ]
      }
    },
    {
      "type": "Feature",
      "properties": {
        "segment_id": "4c2e5027-5308-4ff6-8cc0-6af4c94a93d9",
        "risk_score": 0.19625,
        "risk_level": "VeryLow",
        "risk_level_numeric": 1,
        "crash_count": 4,
        "aadt": 0,
        "segment_length": 0,
        "crashes_per_mile": 0,
        "recent_crashes": [
          {
            "crash_id": "20839410",
            "crash_date": "2025-05-31",
            "severity": "B_NonIncapacitatingInjury"
          },
          {
            "crash_id": "20698845",
            "crash_date": "2025-03-12",
            "severity": "O_NoInjury"
          },
          {
            "crash_id": "20669419",
            "crash_date": "2025-02-21",
            "severity": "O_NoInjury"
          },
          {
            "crash_id": "20616088",
            "crash_date": "2025-01-19",
            "severity": "O_NoInjury"
          }
        ],
        "start_latitude": 32.73157958,
        "start_longitude": -97.78249393,
        "end_latitude": 32.74057863,
        "end_longitude": -97.78346511
      },
      "geometry": {
        "type": "LineString",
        "coordinates": [
          [
            -97.78249393,
            32.73157958
          ],
          [
            -97.78346511,
            32.74057863
          ]
        ]
      }
    },
    {
      "type": "Feature",
      "properties": {
        "segment_id": "4da05b8e-ef35-4957-886c-07b1569b58cc",
        "risk_score": 0.19625,
        "risk_level": "VeryLow",
        "risk_level_numeric": 1,
        "crash_count": 4,
        "aadt": 0,
        "segment_length": 0,
        "crashes_per_mile": 0,
        "recent_crashes": [
          {
            "crash_id": "20925451",
            "crash_date": "2025-07-23",
            "severity": "B_NonIncapacitatingInjury"
          },
          {
            "crash_id": "20818642",
            "crash_date": "2025-05-17",
            "severity": "O_NoInjury"
          },
          {
            "crash_id": "20647221",
            "crash_date": "2025-02-07",
            "severity": "O_NoInjury"
          },
          {
            "crash_id": "20630731",
            "crash_date": "2025-01-29",
            "severity": "O_NoInjury"
          }
        ],
        "start_latitude": 32.75466053,
        "start_longitude": -97.79741302,
        "end_latitude": 32.75466028,
        "end_longitude": -97.79741302
      },
      "geometry": {
        "type": "LineString",
        "coordinates": [
          [
            -97.79741302,
            32.75466053
          ],
          [
            -97.79741302,
            32.75466028
          ]
        ]
      }
    },
    {
      "type": "Feature",
      "properties": {
        "segment_id": "c9e5dd32-74fc-4c15-a04b-bd1def723cdd",
        "risk_score": 0.19625,
        "risk_level": "VeryLow",
        "risk_level_numeric": 1,
        "crash_count": 4,
        "aadt": 0,
        "segment_length": 0,
        "crashes_per_mile": 0,
        "recent_crashes": [
          {
            "crash_id": "20931495",
            "crash_date": "2025-07-28",
            "severity": "B_NonIncapacitatingInjury"
          },
          {
            "crash_id": "20889893",
            "crash_date": "2025-06-30",
            "severity": "O_NoInjury"
          },
          {
            "crash_id": "20888017",
            "crash_date": "2025-06-30",
            "severity": "O_NoInjury"
          },
          {
            "crash_id": "20799370",
            "crash_date": "2025-05-07",
            "severity": "O_NoInjury"
          }
        ],
        "start_latitude": 32.75895616,
        "start_longitude": -97.79693879,
        "end_latitude": 32.75895566,
        "end_longitude": -97.7968913
      },
      "geometry": {
        "type": "LineString",
        "coordinates": [
          [
            -97.79693879,
            32.75895616
          ],
          [
            -97.7968913,
            32.75895566
          ]
        ]
      }
    },
    {
      "type": "Feature",
      "properties": {
        "segment_id": "bbc48c94-9748-4c11-b697-9dd8382d8fdc",
        "risk_score": 0.18833333333333332,
        "risk_level": "VeryLow",
        "risk_level_numeric": 1,
        "crash_count": 3,
        "aadt": 0,
        "segment_length": 0,
        "crashes_per_mile": 0,
        "recent_crashes": [
          {
            "crash_id": "20763373",
            "crash_date": "2025-04-01",
            "severity": "A_IncapacitatingInjury"
          },
          {
            "crash_id": "20648474",
            "crash_date": "2025-02-10",
            "severity": "O_NoInjury"
          },
          {
            "crash_id": "20599830",
            "crash_date": "2025-01-04",
            "severity": "O_NoInjury"
          }
        ],
        "start_latitude": 32.6880809,
        "start_longitude": -97.60189366,
        "end_latitude": 32.69574828,
        "end_longitude": -97.60247911
      },
      "geometry": {
        "type": "LineString",
        "coordinates": [
          [
            -97.60189366,
            32.6880809
          ],
          [
            -97.60247911,
            32.69574828
          ]
        ]
      }
    },
    {
      "type": "Feature",
      "properties": {
        "segment_id": "b98d38e5-0d5e-4f02-ac5a-1b4b47488ae8",
        "risk_score": 0.18833333333333332,
        "risk_level": "VeryLow",
        "risk_level_numeric": 1,
        "crash_count": 3,
        "aadt": 0,
        "segment_length": 0,
        "crashes_per_mile": 0,
        "recent_crashes": [
          {
            "crash_id": "20957225",
            "crash_date": "2025-08-11",
            "severity": "O_NoInjury"
          },
          {
            "crash_id": "20895249",
            "crash_date": "2025-07-06",
            "severity": "A_IncapacitatingInjury"
          },
          {
            "crash_id": "20623548",
            "crash_date": "2025-01-22",
            "severity": "O_NoInjury"
          }
        ],
        "start_latitude": 32.72790736,
        "start_longitude": -97.59241683,
        "end_latitude": 32.7279589,
        "end_longitude": -97.59285358
      },
      "geometry": {
        "type": "LineString",
        "coordinates": [
          [
            -97.59241683,
            32.72790736
          ],
          [
            -97.59285358,
            32.7279589
          ]
        ]
      }
    },
    {
      "type": "Feature",
      "properties": {
        "segment_id": "cb06fe68-5bd9-4b4a-9d75-dc31cf63202b",
        "risk_score": 0.18833333333333332,
        "risk_level": "VeryLow",
        "risk_level_numeric": 1,
        "crash_count": 3,
        "aadt": 0,
        "segment_length": 0,
        "crashes_per_mile": 0,
        "recent_crashes": [
          {
            "crash_id": "20814751",
            "crash_date": "2025-05-08",
            "severity": "A_IncapacitatingInjury"
          },
          {
            "crash_id": "20681524",
            "crash_date": "2025-02-11",
            "severity": "O_NoInjury"
          },
          {
            "crash_id": "20632189",
            "crash_date": "2025-01-26",
            "severity": "O_NoInjury"
          }
        ],
        "start_latitude": 32.627649,
        "start_longitude": -97.61194615,
        "end_latitude": 32.61082934,
        "end_longitude": -97.58171203
      },
      "geometry": {
        "type": "LineString",
        "coordinates": [
          [
            -97.61194615,
            32.627649
          ],
          [
            -97.58171203,
            32.61082934
          ]
        ]
      }
    },
    {
      "type": "Feature",
      "properties": {
        "segment_id": "cb5b709f-727a-4528-bbb8-13efc4fad0a2",
        "risk_score": 0.18833333333333332,
        "risk_level": "VeryLow",
        "risk_level_numeric": 1,
        "crash_count": 3,
        "aadt": 0,
        "segment_length": 0,
        "crashes_per_mile": 0,
        "recent_crashes": [
          {
            "crash_id": "20937044",
            "crash_date": "2025-07-30",
            "severity": "O_NoInjury"
          },
          {
            "crash_id": "20868674",
            "crash_date": "2025-06-12",
            "severity": "A_IncapacitatingInjury"
          },
          {
            "crash_id": "20669387",
            "crash_date": "2025-02-18",
            "severity": "O_NoInjury"
          }
        ],
        "start_latitude": 32.71016112,
        "start_longitude": -97.88234375,
        "end_latitude": 32.72691717,
        "end_longitude": -97.84217942
      },
      "geometry": {
        "type": "LineString",
        "coordinates": [
          [
            -97.88234375,
            32.71016112
          ],
          [
            -97.84217942,
            32.72691717
          ]
        ]
      }
    },
    {
      "type": "Feature",
      "properties": {
        "segment_id": "e7f1825e-5604-4bae-8cce-d0532c1a1e20",
        "risk_score": 0.18833333333333332,
        "risk_level": "VeryLow",
        "risk_level_numeric": 1,
        "crash_count": 3,
        "aadt": 0,
        "segment_length": 0,
        "crashes_per_mile": 0,
        "recent_crashes": [
          {
            "crash_id": "20928520",
            "crash_date": "2025-07-16",
            "severity": "O_NoInjury"
          },
          {
            "crash_id": "20814753",
            "crash_date": "2025-05-08",
            "severity": "A_IncapacitatingInjury"
          },
          {
            "crash_id": "20679177",
            "crash_date": "2025-03-02",
            "severity": "O_NoInjury"
          }
        ],
        "start_latitude": 32.99160009,
        "start_longitude": -97.72655683,
        "end_latitude": 32.97390176,
        "end_longitude": -97.72670206
      },
      "geometry": {
        "type": "LineString",
        "coordinates": [
          [
            -97.72655683,
            32.99160009
          ],
          [
            -97.72670206,
            32.97390176
          ]
        ]
      }
    },
    {
      "type": "Feature",
      "properties": {
        "segment_id": "1df56825-429e-4b58-91ee-1d2f628f278d",
        "risk_score": 0.185,
        "risk_level": "VeryLow",
        "risk_level_numeric": 1,
        "crash_count": 1,
        "aadt": 0,
        "segment_length": 0,
        "crashes_per_mile": 0,
        "recent_crashes": [
          {
            "crash_id": "20632221",
            "crash_date": "2025-01-29",
            "severity": "B_NonIncapacitatingInjury"
          }
        ],
        "start_latitude": 32.9069757,
        "start_longitude": -97.73853033,
        "end_latitude": 32.9069757,
        "end_longitude": -97.73853033
      },
      "geometry": {
        "type": "LineString",
        "coordinates": [
          [
            -97.73853033,
            32.9069757
          ],
          [
            -97.73853033,
            32.9069757
          ]
        ]
      }
    },
    {
      "type": "Feature",
      "properties": {
        "segment_id": "3ba6a989-31fa-4a8d-9c29-3f76e6464e08",
        "risk_score": 0.185,
        "risk_level": "VeryLow",
        "risk_level_numeric": 1,
        "crash_count": 1,
        "aadt": 0,
        "segment_length": 0,
        "crashes_per_mile": 0,
        "recent_crashes": [
          {
            "crash_id": "20633885",
            "crash_date": "2025-01-31",
            "severity": "B_NonIncapacitatingInjury"
          }
        ],
        "start_latitude": 32.75357853,
        "start_longitude": -97.70731513,
        "end_latitude": 32.75357853,
        "end_longitude": -97.70731513
      },
      "geometry": {
        "type": "LineString",
        "coordinates": [
          [
            -97.70731513,
            32.75357853
          ],
          [
            -97.70731513,
            32.75357853
          ]
        ]
      }
    },
    {
      "type": "Feature",
      "properties": {
        "segment_id": "60b12a98-daf0-4397-9e39-3a418421da59",
        "risk_score": 0.185,
        "risk_level": "VeryLow",
        "risk_level_numeric": 1,
        "crash_count": 1,
        "aadt": 0,
        "segment_length": 0,
        "crashes_per_mile": 0,
        "recent_crashes": [
          {
            "crash_id": "20661173",
            "crash_date": "2025-02-18",
            "severity": "B_NonIncapacitatingInjury"
          }
        ],
        "start_latitude": 32.92692114,
        "start_longitude": -97.80099993,
        "end_latitude": 32.92692114,
        "end_longitude": -97.80099993
      },
      "geometry": {
        "type": "LineString",
        "coordinates": [
          [
            -97.80099993,
            32.92692114
          ],
          [
            -97.80099993,
            32.92692114
          ]
        ]
      }
    },
    {
      "type": "Feature",
      "properties": {
        "segment_id": "8fda6dda-7120-4a71-b012-91e4ec3f2519",
        "risk_score": 0.185,
        "risk_level": "VeryLow",
        "risk_level_numeric": 1,
        "crash_count": 1,
        "aadt": 0,
        "segment_length": 0,
        "crashes_per_mile": 0,
        "recent_crashes": [
          {
            "crash_id": "20754534",
            "crash_date": "2025-04-12",
            "severity": "B_NonIncapacitatingInjury"
          }
        ],
        "start_latitude": 32.75882671,
        "start_longitude": -97.79781002,
        "end_latitude": 32.75882671,
        "end_longitude": -97.79781002
      },
      "geometry": {
        "type": "LineString",
        "coordinates": [
          [
            -97.79781002,
            32.75882671
          ],
          [
            -97.79781002,
            32.75882671
          ]
        ]
      }
    },
    {
      "type": "Feature",
      "properties": {
        "segment_id": "573e8c6b-4d6b-41f7-ab51-9d71d996e224",
        "risk_score": 0.185,
        "risk_level": "VeryLow",
        "risk_level_numeric": 1,
        "crash_count": 1,
        "aadt": 0,
        "segment_length": 0,
        "crashes_per_mile": 0,
        "recent_crashes": [
          {
            "crash_id": "20774923",
            "crash_date": "2025-04-02",
            "severity": "B_NonIncapacitatingInjury"
          }
        ],
        "start_latitude": 32.70999232,
        "start_longitude": -97.93648571,
        "end_latitude": 32.70999232,
        "end_longitude": -97.93648571
      },
      "geometry": {
        "type": "LineString",
        "coordinates": [
          [
            -97.93648571,
            32.70999232
          ],
          [
            -97.93648571,
            32.70999232
          ]
        ]
      }
    },
    {
      "type": "Feature",
      "properties": {
        "segment_id": "22084fda-75d4-4fe6-b8e6-3dfda8c20fe9",
        "risk_score": 0.185,
        "risk_level": "VeryLow",
        "risk_level_numeric": 1,
        "crash_count": 1,
        "aadt": 0,
        "segment_length": 0,
        "crashes_per_mile": 0,
        "recent_crashes": [
          {
            "crash_id": "20781819",
            "crash_date": "2025-04-25",
            "severity": "B_NonIncapacitatingInjury"
          }
        ],
        "start_latitude": 32.84101018,
        "start_longitude": -97.65762088,
        "end_latitude": 32.84101018,
        "end_longitude": -97.65762088
      },
      "geometry": {
        "type": "LineString",
        "coordinates": [
          [
            -97.65762088,
            32.84101018
          ],
          [
            -97.65762088,
            32.84101018
          ]
        ]
      }
    },
    {
      "type": "Feature",
      "properties": {
        "segment_id": "7648515b-41c0-4ba8-8fc8-cac6d2333a60",
        "risk_score": 0.185,
        "risk_level": "VeryLow",
        "risk_level_numeric": 1,
        "crash_count": 1,
        "aadt": 0,
        "segment_length": 0,
        "crashes_per_mile": 0,
        "recent_crashes": [
          {
            "crash_id": "20785324",
            "crash_date": "2025-04-30",
            "severity": "B_NonIncapacitatingInjury"
          }
        ],
        "start_latitude": 32.7590061,
        "start_longitude": -97.80213998,
        "end_latitude": 32.7590061,
        "end_longitude": -97.80213998
      },
      "geometry": {
        "type": "LineString",
        "coordinates": [
          [
            -97.80213998,
            32.7590061
          ],
          [
            -97.80213998,
            32.7590061
          ]
        ]
      }
    },
    {
      "type": "Feature",
      "properties": {
        "segment_id": "3c29184a-8992-4df6-8194-a36805bb953c",
        "risk_score": 0.185,
        "risk_level": "VeryLow",
        "risk_level_numeric": 1,
        "crash_count": 1,
        "aadt": 0,
        "segment_length": 0,
        "crashes_per_mile": 0,
        "recent_crashes": [
          {
            "crash_id": "20816002",
            "crash_date": "2025-05-15",
            "severity": "B_NonIncapacitatingInjury"
          }
        ],
        "start_latitude": 32.7994821,
        "start_longitude": -97.99666968,
        "end_latitude": 32.7994821,
        "end_longitude": -97.99666968
      },
      "geometry": {
        "type": "LineString",
        "coordinates": [
          [
            -97.99666968,
            32.7994821
          ],
          [
            -97.99666968,
            32.7994821
          ]
        ]
      }
    },
    {
      "type": "Feature",
      "properties": {
        "segment_id": "7421ec7e-6627-4d4c-b3b1-9b5a431c1e84",
        "risk_score": 0.185,
        "risk_level": "VeryLow",
        "risk_level_numeric": 1,
        "crash_count": 1,
        "aadt": 0,
        "segment_length": 0,
        "crashes_per_mile": 0,
        "recent_crashes": [
          {
            "crash_id": "20867545",
            "crash_date": "2025-06-17",
            "severity": "B_NonIncapacitatingInjury"
          }
        ],
        "start_latitude": 32.7506727,
        "start_longitude": -97.7861809,
        "end_latitude": 32.7506727,
        "end_longitude": -97.7861809
      },
      "geometry": {
        "type": "LineString",
        "coordinates": [
          [
            -97.7861809,
            32.7506727
          ],
          [
            -97.7861809,
            32.7506727
          ]
        ]
      }
    },
    {
      "type": "Feature",
      "properties": {
        "segment_id": "dc7ca63d-e744-41e5-8980-683d80a6fcec",
        "risk_score": 0.185,
        "risk_level": "VeryLow",
        "risk_level_numeric": 1,
        "crash_count": 1,
        "aadt": 0,
        "segment_length": 0,
        "crashes_per_mile": 0,
        "recent_crashes": [
          {
            "crash_id": "20874641",
            "crash_date": "2025-06-20",
            "severity": "B_NonIncapacitatingInjury"
          }
        ],
        "start_latitude": 32.76015057,
        "start_longitude": -97.82357808,
        "end_latitude": 32.76015057,
        "end_longitude": -97.82357808
      },
      "geometry": {
        "type": "LineString",
        "coordinates": [
          [
            -97.82357808,
            32.76015057
          ],
          [
            -97.82357808,
            32.76015057
          ]
        ]
      }
    },
    {
      "type": "Feature",
      "properties": {
        "segment_id": "9e225338-3811-4aef-ac0d-6a5ae4bf927a",
        "risk_score": 0.185,
        "risk_level": "VeryLow",
        "risk_level_numeric": 1,
        "crash_count": 1,
        "aadt": 0,
        "segment_length": 0,
        "crashes_per_mile": 0,
        "recent_crashes": [
          {
            "crash_id": "20874651",
            "crash_date": "2025-06-20",
            "severity": "B_NonIncapacitatingInjury"
          }
        ],
        "start_latitude": 32.7583001,
        "start_longitude": -97.79736802,
        "end_latitude": 32.7583001,
        "end_longitude": -97.79736802
      },
      "geometry": {
        "type": "LineString",
        "coordinates": [
          [
            -97.79736802,
            32.7583001
          ],
          [
            -97.79736802,
            32.7583001
          ]
        ]
      }
    },
    {
      "type": "Feature",
      "properties": {
        "segment_id": "d354ea08-bbbb-47b4-bc2a-3e8b3a58fd8b",
        "risk_score": 0.1825,
        "risk_level": "VeryLow",
        "risk_level_numeric": 1,
        "crash_count": 2,
        "aadt": 0,
        "segment_length": 0,
        "crashes_per_mile": 0,
        "recent_crashes": [
          {
            "crash_id": "20726339",
            "crash_date": "2025-03-26",
            "severity": "O_NoInjury"
          },
          {
            "crash_id": "20681525",
            "crash_date": "2025-02-23",
            "severity": "A_IncapacitatingInjury"
          }
        ],
        "start_latitude": 32.99044086,
        "start_longitude": -97.58964033,
        "end_latitude": 32.99044737,
        "end_longitude": -97.59039959
      },
      "geometry": {
        "type": "LineString",
        "coordinates": [
          [
            -97.58964033,
            32.99044086
          ],
          [
            -97.59039959,
            32.99044737
          ]
        ]
      }
    },
    {
      "type": "Feature",
      "properties": {
        "segment_id": "6c94925d-5106-4b9e-8214-c976e0078581",
        "risk_score": 0.1825,
        "risk_level": "VeryLow",
        "risk_level_numeric": 1,
        "crash_count": 2,
        "aadt": 0,
        "segment_length": 0,
        "crashes_per_mile": 0,
        "recent_crashes": [
          {
            "crash_id": "20829654",
            "crash_date": "2025-05-24",
            "severity": "O_NoInjury"
          },
          {
            "crash_id": "20773431",
            "crash_date": "2025-04-23",
            "severity": "A_IncapacitatingInjury"
          }
        ],
        "start_latitude": 32.72756648,
        "start_longitude": -97.86631189,
        "end_latitude": 32.72683032,
        "end_longitude": -97.87122736
      },
      "geometry": {
        "type": "LineString",
        "coordinates": [
          [
            -97.86631189,
            32.72756648
          ],
          [
            -97.87122736,
            32.72683032
          ]
        ]
      }
    },
    {
      "type": "Feature",
      "properties": {
        "segment_id": "49743b96-3863-40cb-8b3a-3ce3e61c5825",
        "risk_score": 0.1825,
        "risk_level": "VeryLow",
        "risk_level_numeric": 1,
        "crash_count": 2,
        "aadt": 0,
        "segment_length": 0,
        "crashes_per_mile": 0,
        "recent_crashes": [
          {
            "crash_id": "20937835",
            "crash_date": "2025-07-31",
            "severity": "A_IncapacitatingInjury"
          },
          {
            "crash_id": "20859029",
            "crash_date": "2025-06-12",
            "severity": "O_NoInjury"
          }
        ],
        "start_latitude": 32.7552643,
        "start_longitude": -97.71408234,
        "end_latitude": 32.7552643,
        "end_longitude": -97.71408234
      },
      "geometry": {
        "type": "LineString",
        "coordinates": [
          [
            -97.71408234,
            32.7552643
          ],
          [
            -97.71408234,
            32.7552643
          ]
        ]
      }
    },
    {
      "type": "Feature",
      "properties": {
        "segment_id": "e080fa3a-ee6c-49a5-9bb4-68b417dd907f",
        "risk_score": 0.1825,
        "risk_level": "VeryLow",
        "risk_level_numeric": 1,
        "crash_count": 2,
        "aadt": 0,
        "segment_length": 0,
        "crashes_per_mile": 0,
        "recent_crashes": [
          {
            "crash_id": "20954342",
            "crash_date": "2025-08-11",
            "severity": "O_NoInjury"
          },
          {
            "crash_id": "20896300",
            "crash_date": "2025-07-03",
            "severity": "A_IncapacitatingInjury"
          }
        ],
        "start_latitude": 32.72740001,
        "start_longitude": -97.87435,
        "end_latitude": 32.72740001,
        "end_longitude": -97.87435
      },
      "geometry": {
        "type": "LineString",
        "coordinates": [
          [
            -97.87435,
            32.72740001
          ],
          [
            -97.87435,
            32.72740001
          ]
        ]
      }
    },
    {
      "type": "Feature",
      "properties": {
        "segment_id": "eb3ca5be-af94-4d4f-a1df-04eb7548a392",
        "risk_score": 0.17625,
        "risk_level": "VeryLow",
        "risk_level_numeric": 1,
        "crash_count": 2,
        "aadt": 0,
        "segment_length": 0,
        "crashes_per_mile": 0,
        "recent_crashes": [
          {
            "crash_id": "20895784",
            "crash_date": "2025-07-02",
            "severity": "A_IncapacitatingInjury"
          },
          {
            "crash_id": "20601242",
            "crash_date": "2025-01-10",
            "severity": "Unknown"
          }
        ],
        "start_latitude": 32.77946834,
        "start_longitude": -97.71534188,
        "end_latitude": 32.78029944,
        "end_longitude": -97.71773253
      },
      "geometry": {
        "type": "LineString",
        "coordinates": [
          [
            -97.71534188,
            32.77946834
          ],
          [
            -97.71773253,
            32.78029944
          ]
        ]
      }
    },
    {
      "type": "Feature",
      "properties": {
        "segment_id": "6ba18e7d-4306-4f61-b45c-dc62fb61897d",
        "risk_score": 0.17166666666666666,
        "risk_level": "VeryLow",
        "risk_level_numeric": 1,
        "crash_count": 3,
        "aadt": 0,
        "segment_length": 0,
        "crashes_per_mile": 0,
        "recent_crashes": [
          {
            "crash_id": "20864125",
            "crash_date": "2025-06-12",
            "severity": "O_NoInjury"
          },
          {
            "crash_id": "20810908",
            "crash_date": "2025-05-15",
            "severity": "B_NonIncapacitatingInjury"
          },
          {
            "crash_id": "20591220",
            "crash_date": "2025-01-03",
            "severity": "O_NoInjury"
          }
        ],
        "start_latitude": 32.73384701,
        "start_longitude": -97.63308477,
        "end_latitude": 32.73338699,
        "end_longitude": -97.6332776
      },
      "geometry": {
        "type": "LineString",
        "coordinates": [
          [
            -97.63308477,
            32.73384701
          ],
          [
            -97.6332776,
            32.73338699
          ]
        ]
      }
    },
    {
      "type": "Feature",
      "properties": {
        "segment_id": "f1a61b98-c6a0-427d-ad5c-d0cb712b9998",
        "risk_score": 0.17166666666666666,
        "risk_level": "VeryLow",
        "risk_level_numeric": 1,
        "crash_count": 3,
        "aadt": 0,
        "segment_length": 0,
        "crashes_per_mile": 0,
        "recent_crashes": [
          {
            "crash_id": "20901840",
            "crash_date": "2025-07-08",
            "severity": "B_NonIncapacitatingInjury"
          },
          {
            "crash_id": "20951935",
            "crash_date": "2025-05-20",
            "severity": "O_NoInjury"
          },
          {
            "crash_id": "20689790",
            "crash_date": "2025-03-07",
            "severity": "O_NoInjury"
          }
        ],
        "start_latitude": 32.9771209,
        "start_longitude": -97.7395788,
        "end_latitude": 32.97719349,
        "end_longitude": -97.73986913
      },
      "geometry": {
        "type": "LineString",
        "coordinates": [
          [
            -97.7395788,
            32.9771209
          ],
          [
            -97.73986913,
            32.97719349
          ]
        ]
      }
    },
    {
      "type": "Feature",
      "properties": {
        "segment_id": "2bfc0882-cb6f-4515-9005-c3a3559200a8",
        "risk_score": 0.165,
        "risk_level": "VeryLow",
        "risk_level_numeric": 1,
        "crash_count": 4,
        "aadt": 0,
        "segment_length": 0,
        "crashes_per_mile": 0,
        "recent_crashes": [
          {
            "crash_id": "20854196",
            "crash_date": "2025-06-07",
            "severity": "O_NoInjury"
          },
          {
            "crash_id": "20797579",
            "crash_date": "2025-05-07",
            "severity": "O_NoInjury"
          },
          {
            "crash_id": "20653148",
            "crash_date": "2025-02-12",
            "severity": "O_NoInjury"
          },
          {
            "crash_id": "20593002",
            "crash_date": "2025-01-03",
            "severity": "O_NoInjury"
          }
        ],
        "start_latitude": 32.7269894,
        "start_longitude": -97.80771178,
        "end_latitude": 32.72702172,
        "end_longitude": -97.80769677
      },
      "geometry": {
        "type": "LineString",
        "coordinates": [
          [
            -97.80771178,
            32.7269894
          ],
          [
            -97.80769677,
            32.72702172
          ]
        ]
      }
    },
    {
      "type": "Feature",
      "properties": {
        "segment_id": "02c36eaa-eaf1-416a-a4ba-ddab1f63c812",
        "risk_score": 0.165,
        "risk_level": "VeryLow",
        "risk_level_numeric": 1,
        "crash_count": 4,
        "aadt": 0,
        "segment_length": 0,
        "crashes_per_mile": 0,
        "recent_crashes": [
          {
            "crash_id": "20954343",
            "crash_date": "2025-08-11",
            "severity": "O_NoInjury"
          },
          {
            "crash_id": "20913277",
            "crash_date": "2025-07-16",
            "severity": "O_NoInjury"
          },
          {
            "crash_id": "20889891",
            "crash_date": "2025-06-30",
            "severity": "O_NoInjury"
          },
          {
            "crash_id": "20609565",
            "crash_date": "2025-01-15",
            "severity": "O_NoInjury"
          }
        ],
        "start_latitude": 32.72981835,
        "start_longitude": -97.79059358,
        "end_latitude": 32.72970976,
        "end_longitude": -97.79070579
      },
      "geometry": {
        "type": "LineString",
        "coordinates": [
          [
            -97.79059358,
            32.72981835
          ],
          [
            -97.79070579,
            32.72970976
          ]
        ]
      }
    },
    {
      "type": "Feature",
      "properties": {
        "segment_id": "860a4b15-941a-4eea-b8b2-df75fa6562fb",
        "risk_score": 0.165,
        "risk_level": "VeryLow",
        "risk_level_numeric": 1,
        "crash_count": 4,
        "aadt": 0,
        "segment_length": 0,
        "crashes_per_mile": 0,
        "recent_crashes": [
          {
            "crash_id": "20866773",
            "crash_date": "2025-06-12",
            "severity": "O_NoInjury"
          },
          {
            "crash_id": "20730201",
            "crash_date": "2025-03-31",
            "severity": "O_NoInjury"
          },
          {
            "crash_id": "20705776",
            "crash_date": "2025-03-17",
            "severity": "O_NoInjury"
          },
          {
            "crash_id": "20618257",
            "crash_date": "2025-01-14",
            "severity": "O_NoInjury"
          }
        ],
        "start_latitude": 32.90160687,
        "start_longitude": -97.55118771,
        "end_latitude": 32.88203962,
        "end_longitude": -97.57706682
      },
      "geometry": {
        "type": "LineString",
        "coordinates": [
          [
            -97.55118771,
            32.90160687
          ],
          [
            -97.57706682,
            32.88203962
          ]
        ]
      }
    },
    {
      "type": "Feature",
      "properties": {
        "segment_id": "b885978e-82f1-4370-817a-f1b2cf35c143",
        "risk_score": 0.165,
        "risk_level": "VeryLow",
        "risk_level_numeric": 1,
        "crash_count": 4,
        "aadt": 0,
        "segment_length": 0,
        "crashes_per_mile": 0,
        "recent_crashes": [
          {
            "crash_id": "20814744",
            "crash_date": "2025-05-10",
            "severity": "O_NoInjury"
          },
          {
            "crash_id": "20796249",
            "crash_date": "2025-04-26",
            "severity": "O_NoInjury"
          },
          {
            "crash_id": "20688606",
            "crash_date": "2025-02-26",
            "severity": "O_NoInjury"
          },
          {
            "crash_id": "20637570",
            "crash_date": "2025-01-25",
            "severity": "O_NoInjury"
          }
        ],
        "start_latitude": 32.9420848,
        "start_longitude": -97.65442059,
        "end_latitude": 32.92026007,
        "end_longitude": -97.64712994
      },
      "geometry": {
        "type": "LineString",
        "coordinates": [
          [
            -97.65442059,
            32.9420848
          ],
          [
            -97.64712994,
            32.92026007
          ]
        ]
      }
    },
    {
      "type": "Feature",
      "properties": {
        "segment_id": "827986c1-acf9-4d24-b735-654e79c77eb9",
        "risk_score": 0.165,
        "risk_level": "VeryLow",
        "risk_level_numeric": 1,
        "crash_count": 4,
        "aadt": 0,
        "segment_length": 0,
        "crashes_per_mile": 0,
        "recent_crashes": [
          {
            "crash_id": "20925454",
            "crash_date": "2025-07-24",
            "severity": "O_NoInjury"
          },
          {
            "crash_id": "20818647",
            "crash_date": "2025-05-19",
            "severity": "O_NoInjury"
          },
          {
            "crash_id": "20731919",
            "crash_date": "2025-03-28",
            "severity": "O_NoInjury"
          },
          {
            "crash_id": "20642253",
            "crash_date": "2025-02-05",
            "severity": "O_NoInjury"
          }
        ],
        "start_latitude": 32.75920197,
        "start_longitude": -97.79735937,
        "end_latitude": 32.75910809,
        "end_longitude": -97.79776839
      },
      "geometry": {
        "type": "LineString",
        "coordinates": [
          [
            -97.79735937,
            32.75920197
          ],
          [
            -97.79776839,
            32.75910809
          ]
        ]
      }
    },
    {
      "type": "Feature",
      "properties": {
        "segment_id": "95fc7201-966c-4302-8016-be6d115a0523",
        "risk_score": 0.1575,
        "risk_level": "VeryLow",
        "risk_level_numeric": 1,
        "crash_count": 2,
        "aadt": 0,
        "segment_length": 0,
        "crashes_per_mile": 0,
        "recent_crashes": [
          {
            "crash_id": "20734304",
            "crash_date": "2025-03-13",
            "severity": "B_NonIncapacitatingInjury"
          },
          {
            "crash_id": "20680291",
            "crash_date": "2025-02-22",
            "severity": "O_NoInjury"
          }
        ],
        "start_latitude": 32.97941316,
        "start_longitude": -97.57754703,
        "end_latitude": 32.97870187,
        "end_longitude": -97.59065236
      },
      "geometry": {
        "type": "LineString",
        "coordinates": [
          [
            -97.57754703,
            32.97941316
          ],
          [
            -97.59065236,
            32.97870187
          ]
        ]
      }
    },
    {
      "type": "Feature",
      "properties": {
        "segment_id": "bd18f4f4-6d4a-4673-9470-420af4d72521",
        "risk_score": 0.1575,
        "risk_level": "VeryLow",
        "risk_level_numeric": 1,
        "crash_count": 2,
        "aadt": 0,
        "segment_length": 0,
        "crashes_per_mile": 0,
        "recent_crashes": [
          {
            "crash_id": "20951555",
            "crash_date": "2025-08-08",
            "severity": "O_NoInjury"
          },
          {
            "crash_id": "20742068",
            "crash_date": "2025-04-04",
            "severity": "B_NonIncapacitatingInjury"
          }
        ],
        "start_latitude": 32.75899457,
        "start_longitude": -97.79804486,
        "end_latitude": 32.75896809,
        "end_longitude": -97.79807992
      },
      "geometry": {
        "type": "LineString",
        "coordinates": [
          [
            -97.79804486,
            32.75899457
          ],
          [
            -97.79807992,
            32.75896809
          ]
        ]
      }
    },
    {
      "type": "Feature",
      "properties": {
        "segment_id": "b23e32eb-3e7b-4bfb-8c9c-30488c23598c",
        "risk_score": 0.135,
        "risk_level": "VeryLow",
        "risk_level_numeric": 1,
        "crash_count": 1,
        "aadt": 0,
        "segment_length": 0,
        "crashes_per_mile": 0,
        "recent_crashes": [
          {
            "crash_id": "20642252",
            "crash_date": "2025-02-05",
            "severity": "C_PossibleInjury"
          }
        ],
        "start_latitude": 32.76016209,
        "start_longitude": -97.79919316,
        "end_latitude": 32.76016209,
        "end_longitude": -97.79919316
      },
      "geometry": {
        "type": "LineString",
        "coordinates": [
          [
            -97.79919316,
            32.76016209
          ],
          [
            -97.79919316,
            32.76016209
          ]
        ]
      }
    },
    {
      "type": "Feature",
      "properties": {
        "segment_id": "97b39333-122a-46dd-b3b9-2368ec6de68a",
        "risk_score": 0.135,
        "risk_level": "VeryLow",
        "risk_level_numeric": 1,
        "crash_count": 1,
        "aadt": 0,
        "segment_length": 0,
        "crashes_per_mile": 0,
        "recent_crashes": [
          {
            "crash_id": "20652375",
            "crash_date": "2025-02-04",
            "severity": "C_PossibleInjury"
          }
        ],
        "start_latitude": 32.97079605,
        "start_longitude": -97.62264855,
        "end_latitude": 32.97079605,
        "end_longitude": -97.62264855
      },
      "geometry": {
        "type": "LineString",
        "coordinates": [
          [
            -97.62264855,
            32.97079605
          ],
          [
            -97.62264855,
            32.97079605
          ]
        ]
      }
    },
    {
      "type": "Feature",
      "properties": {
        "segment_id": "efcb339d-1e6e-40b9-81f7-255ff52448dd",
        "risk_score": 0.135,
        "risk_level": "VeryLow",
        "risk_level_numeric": 1,
        "crash_count": 1,
        "aadt": 0,
        "segment_length": 0,
        "crashes_per_mile": 0,
        "recent_crashes": [
          {
            "crash_id": "20806252",
            "crash_date": "2025-04-27",
            "severity": "C_PossibleInjury"
          }
        ],
        "start_latitude": 32.91263792,
        "start_longitude": -97.99651742,
        "end_latitude": 32.91263792,
        "end_longitude": -97.99651742
      },
      "geometry": {
        "type": "LineString",
        "coordinates": [
          [
            -97.99651742,
            32.91263792
          ],
          [
            -97.99651742,
            32.91263792
          ]
        ]
      }
    },
    {
      "type": "Feature",
      "properties": {
        "segment_id": "7e016a35-a09b-4614-81a5-7fe8c5e7f2cc",
        "risk_score": 0.13,
        "risk_level": "VeryLow",
        "risk_level_numeric": 1,
        "crash_count": 3,
        "aadt": 0,
        "segment_length": 0,
        "crashes_per_mile": 0,
        "recent_crashes": [
          {
            "crash_id": "20716773",
            "crash_date": "2025-03-21",
            "severity": "O_NoInjury"
          },
          {
            "crash_id": "20624628",
            "crash_date": "2025-01-25",
            "severity": "O_NoInjury"
          },
          {
            "crash_id": "20597917",
            "crash_date": "2025-01-05",
            "severity": "O_NoInjury"
          }
        ],
        "start_latitude": 32.78819556,
        "start_longitude": -97.79502401,
        "end_latitude": 32.78815549,
        "end_longitude": -97.79504256
      },
      "geometry": {
        "type": "LineString",
        "coordinates": [
          [
            -97.79502401,
            32.78819556
          ],
          [
            -97.79504256,
            32.78815549
          ]
        ]
      }
    },
    {
      "type": "Feature",
      "properties": {
        "segment_id": "1cd5b74e-4374-4725-9930-6881499180c3",
        "risk_score": 0.13,
        "risk_level": "VeryLow",
        "risk_level_numeric": 1,
        "crash_count": 3,
        "aadt": 0,
        "segment_length": 0,
        "crashes_per_mile": 0,
        "recent_crashes": [
          {
            "crash_id": "20850816",
            "crash_date": "2025-06-01",
            "severity": "O_NoInjury"
          },
          {
            "crash_id": "20658282",
            "crash_date": "2025-02-10",
            "severity": "O_NoInjury"
          },
          {
            "crash_id": "20605060",
            "crash_date": "2025-01-10",
            "severity": "O_NoInjury"
          }
        ],
        "start_latitude": 32.75753017,
        "start_longitude": -97.67307235,
        "end_latitude": 32.75823736,
        "end_longitude": -97.67308022
      },
      "geometry": {
        "type": "LineString",
        "coordinates": [
          [
            -97.67307235,
            32.75753017
          ],
          [
            -97.67308022,
            32.75823736
          ]
        ]
      }
    },
    {
      "type": "Feature",
      "properties": {
        "segment_id": "a3b93b84-0455-4b40-9c04-7cce89e8baf9",
        "risk_score": 0.13,
        "risk_level": "VeryLow",
        "risk_level_numeric": 1,
        "crash_count": 3,
        "aadt": 0,
        "segment_length": 0,
        "crashes_per_mile": 0,
        "recent_crashes": [
          {
            "crash_id": "20946079",
            "crash_date": "2025-07-31",
            "severity": "O_NoInjury"
          },
          {
            "crash_id": "20698251",
            "crash_date": "2025-03-06",
            "severity": "O_NoInjury"
          },
          {
            "crash_id": "20644266",
            "crash_date": "2025-02-06",
            "severity": "O_NoInjury"
          }
        ],
        "start_latitude": 32.97639426,
        "start_longitude": -97.69677233,
        "end_latitude": 32.98412854,
        "end_longitude": -97.73512502
      },
      "geometry": {
        "type": "LineString",
        "coordinates": [
          [
            -97.69677233,
            32.97639426
          ],
          [
            -97.73512502,
            32.98412854
          ]
        ]
      }
    },
    {
      "type": "Feature",
      "properties": {
        "segment_id": "d1fd2ab1-36b5-430c-92ff-11b430492cdb",
        "risk_score": 0.13,
        "risk_level": "VeryLow",
        "risk_level_numeric": 1,
        "crash_count": 3,
        "aadt": 0,
        "segment_length": 0,
        "crashes_per_mile": 0,
        "recent_crashes": [
          {
            "crash_id": "20782717",
            "crash_date": "2025-04-29",
            "severity": "O_NoInjury"
          },
          {
            "crash_id": "20745978",
            "crash_date": "2025-04-08",
            "severity": "O_NoInjury"
          },
          {
            "crash_id": "20645010",
            "crash_date": "2025-02-07",
            "severity": "O_NoInjury"
          }
        ],
        "start_latitude": 32.73440543,
        "start_longitude": -97.63284461,
        "end_latitude": 32.73417623,
        "end_longitude": -97.63294184
      },
      "geometry": {
        "type": "LineString",
        "coordinates": [
          [
            -97.63284461,
            32.73440543
          ],
          [
            -97.63294184,
            32.73417623
          ]
        ]
      }
    },
    {
      "type": "Feature",
      "properties": {
        "segment_id": "adc5ea60-f44b-44ad-b1cf-53c08bfd3006",
        "risk_score": 0.13,
        "risk_level": "VeryLow",
        "risk_level_numeric": 1,
        "crash_count": 3,
        "aadt": 0,
        "segment_length": 0,
        "crashes_per_mile": 0,
        "recent_crashes": [
          {
            "crash_id": "20699297",
            "crash_date": "2025-03-08",
            "severity": "O_NoInjury"
          },
          {
            "crash_id": "20661233",
            "crash_date": "2025-02-05",
            "severity": "O_NoInjury"
          },
          {
            "crash_id": "20646706",
            "crash_date": "2025-01-26",
            "severity": "O_NoInjury"
          }
        ],
        "start_latitude": 32.98397344,
        "start_longitude": -97.75629008,
        "end_latitude": 32.98427073,
        "end_longitude": -97.75529064
      },
      "geometry": {
        "type": "LineString",
        "coordinates": [
          [
            -97.75629008,
            32.98397344
          ],
          [
            -97.75529064,
            32.98427073
          ]
        ]
      }
    },
    {
      "type": "Feature",
      "properties": {
        "segment_id": "2d5faaf4-0815-4d38-93db-0e78f7e03ed0",
        "risk_score": 0.13,
        "risk_level": "VeryLow",
        "risk_level_numeric": 1,
        "crash_count": 3,
        "aadt": 0,
        "segment_length": 0,
        "crashes_per_mile": 0,
        "recent_crashes": [
          {
            "crash_id": "20764234",
            "crash_date": "2025-04-16",
            "severity": "O_NoInjury"
          },
          {
            "crash_id": "20747517",
            "crash_date": "2025-04-03",
            "severity": "O_NoInjury"
          },
          {
            "crash_id": "20650111",
            "crash_date": "2025-02-01",
            "severity": "O_NoInjury"
          }
        ],
        "start_latitude": 32.93569188,
        "start_longitude": -97.54958948,
        "end_latitude": 32.93817571,
        "end_longitude": -97.55572056
      },
      "geometry": {
        "type": "LineString",
        "coordinates": [
          [
            -97.54958948,
            32.93569188
          ],
          [
            -97.55572056,
            32.93817571
          ]
        ]
      }
    },
    {
      "type": "Feature",
      "properties": {
        "segment_id": "703e92a4-0eaa-4df0-a91f-281263196631",
        "risk_score": 0.13,
        "risk_level": "VeryLow",
        "risk_level_numeric": 1,
        "crash_count": 3,
        "aadt": 0,
        "segment_length": 0,
        "crashes_per_mile": 0,
        "recent_crashes": [
          {
            "crash_id": "20885402",
            "crash_date": "2025-06-21",
            "severity": "O_NoInjury"
          },
          {
            "crash_id": "20661216",
            "crash_date": "2025-02-09",
            "severity": "O_NoInjury"
          },
          {
            "crash_id": "20661220",
            "crash_date": "2025-02-05",
            "severity": "O_NoInjury"
          }
        ],
        "start_latitude": 32.95149993,
        "start_longitude": -97.92720227,
        "end_latitude": 32.916,
        "end_longitude": -97.92731228
      },
      "geometry": {
        "type": "LineString",
        "coordinates": [
          [
            -97.92720227,
            32.95149993
          ],
          [
            -97.92731228,
            32.916
          ]
        ]
      }
    },
    {
      "type": "Feature",
      "properties": {
        "segment_id": "78b3e21d-e5f6-4bb4-bc7a-636cc6342516",
        "risk_score": 0.13,
        "risk_level": "VeryLow",
        "risk_level_numeric": 1,
        "crash_count": 3,
        "aadt": 0,
        "segment_length": 0,
        "crashes_per_mile": 0,
        "recent_crashes": [
          {
            "crash_id": "20896323",
            "crash_date": "2025-07-06",
            "severity": "O_NoInjury"
          },
          {
            "crash_id": "20859213",
            "crash_date": "2025-06-11",
            "severity": "O_NoInjury"
          },
          {
            "crash_id": "20669424",
            "crash_date": "2025-02-23",
            "severity": "O_NoInjury"
          }
        ],
        "start_latitude": 32.76404011,
        "start_longitude": -97.79537251,
        "end_latitude": 32.76404011,
        "end_longitude": -97.79537251
      },
      "geometry": {
        "type": "LineString",
        "coordinates": [
          [
            -97.79537251,
            32.76404011
          ],
          [
            -97.79537251,
            32.76404011
          ]
        ]
      }
    },
    {
      "type": "Feature",
      "properties": {
        "segment_id": "944daf01-171f-45d4-9d22-1d43653f8ebf",
        "risk_score": 0.13,
        "risk_level": "VeryLow",
        "risk_level_numeric": 1,
        "crash_count": 3,
        "aadt": 0,
        "segment_length": 0,
        "crashes_per_mile": 0,
        "recent_crashes": [
          {
            "crash_id": "20907173",
            "crash_date": "2025-06-30",
            "severity": "O_NoInjury"
          },
          {
            "crash_id": "20843022",
            "crash_date": "2025-05-30",
            "severity": "O_NoInjury"
          },
          {
            "crash_id": "20686268",
            "crash_date": "2025-03-03",
            "severity": "O_NoInjury"
          }
        ],
        "start_latitude": 32.72051107,
        "start_longitude": -97.57020426,
        "end_latitude": 32.72749857,
        "end_longitude": -97.59835071
      },
      "geometry": {
        "type": "LineString",
        "coordinates": [
          [
            -97.57020426,
            32.72051107
          ],
          [
            -97.59835071,
            32.72749857
          ]
        ]
      }
    },
    {
      "type": "Feature",
      "properties": {
        "segment_id": "7b6825ed-80db-473d-92b6-08122745aee7",
        "risk_score": 0.13,
        "risk_level": "VeryLow",
        "risk_level_numeric": 1,
        "crash_count": 3,
        "aadt": 0,
        "segment_length": 0,
        "crashes_per_mile": 0,
        "recent_crashes": [
          {
            "crash_id": "20902248",
            "crash_date": "2025-07-09",
            "severity": "O_NoInjury"
          },
          {
            "crash_id": "20877944",
            "crash_date": "2025-06-23",
            "severity": "O_NoInjury"
          },
          {
            "crash_id": "20735816",
            "crash_date": "2025-04-01",
            "severity": "O_NoInjury"
          }
        ],
        "start_latitude": 32.757064,
        "start_longitude": -97.71071236,
        "end_latitude": 32.75694248,
        "end_longitude": -97.71071233
      },
      "geometry": {
        "type": "LineString",
        "coordinates": [
          [
            -97.71071236,
            32.757064
          ],
          [
            -97.71071233,
            32.75694248
          ]
        ]
      }
    },
    {
      "type": "Feature",
      "properties": {
        "segment_id": "b998e4ca-7d96-414f-9022-a801f3c6182c",
        "risk_score": 0.12583333333333335,
        "risk_level": "VeryLow",
        "risk_level_numeric": 1,
        "crash_count": 3,
        "aadt": 0,
        "segment_length": 0,
        "crashes_per_mile": 0,
        "recent_crashes": [
          {
            "crash_id": "20854076",
            "crash_date": "2025-05-25",
            "severity": "Unknown"
          },
          {
            "crash_id": "20813891",
            "crash_date": "2025-05-16",
            "severity": "O_NoInjury"
          },
          {
            "crash_id": "20784053",
            "crash_date": "2025-04-28",
            "severity": "O_NoInjury"
          }
        ],
        "start_latitude": 32.72235901,
        "start_longitude": -97.57393298,
        "end_latitude": 32.72426827,
        "end_longitude": -97.57923702
      },
      "geometry": {
        "type": "LineString",
        "coordinates": [
          [
            -97.57393298,
            32.72235901
          ],
          [
            -97.57923702,
            32.72426827
          ]
        ]
      }
    },
    {
      "type": "Feature",
      "properties": {
        "segment_id": "baffc9f1-bc24-45e4-b7f2-9a3f3de66a1b",
        "risk_score": 0.095,
        "risk_level": "VeryLow",
        "risk_level_numeric": 1,
        "crash_count": 2,
        "aadt": 0,
        "segment_length": 0,
        "crashes_per_mile": 0,
        "recent_crashes": [
          {
            "crash_id": "20712982",
            "crash_date": "2025-03-18",
            "severity": "O_NoInjury"
          },
          {
            "crash_id": "20616085",
            "crash_date": "2025-01-18",
            "severity": "O_NoInjury"
          }
        ],
        "start_latitude": 32.72911385,
        "start_longitude": -97.82231973,
        "end_latitude": 32.7284938,
        "end_longitude": -97.81743971
      },
      "geometry": {
        "type": "LineString",
        "coordinates": [
          [
            -97.82231973,
            32.72911385
          ],
          [
            -97.81743971,
            32.7284938
          ]
        ]
      }
    },
    {
      "type": "Feature",
      "properties": {
        "segment_id": "a9c974d4-2f17-4d9a-9fb5-45dd4f50f55c",
        "risk_score": 0.095,
        "risk_level": "VeryLow",
        "risk_level_numeric": 1,
        "crash_count": 2,
        "aadt": 0,
        "segment_length": 0,
        "crashes_per_mile": 0,
        "recent_crashes": [
          {
            "crash_id": "20705828",
            "crash_date": "2025-03-17",
            "severity": "O_NoInjury"
          },
          {
            "crash_id": "20625231",
            "crash_date": "2025-01-24",
            "severity": "O_NoInjury"
          }
        ],
        "start_latitude": 32.72768344,
        "start_longitude": -97.8067489,
        "end_latitude": 32.72901585,
        "end_longitude": -97.79288092
      },
      "geometry": {
        "type": "LineString",
        "coordinates": [
          [
            -97.8067489,
            32.72768344
          ],
          [
            -97.79288092,
            32.72901585
          ]
        ]
      }
    },
    {
      "type": "Feature",
      "properties": {
        "segment_id": "513e4e9f-540a-4888-b41e-2b3de5e45e2a",
        "risk_score": 0.095,
        "risk_level": "VeryLow",
        "risk_level_numeric": 1,
        "crash_count": 2,
        "aadt": 0,
        "segment_length": 0,
        "crashes_per_mile": 0,
        "recent_crashes": [
          {
            "crash_id": "20827759",
            "crash_date": "2025-05-22",
            "severity": "O_NoInjury"
          },
          {
            "crash_id": "20644233",
            "crash_date": "2025-01-25",
            "severity": "O_NoInjury"
          }
        ],
        "start_latitude": 32.95975426,
        "start_longitude": -97.65964234,
        "end_latitude": 32.95265098,
        "end_longitude": -97.64165015
      },
      "geometry": {
        "type": "LineString",
        "coordinates": [
          [
            -97.65964234,
            32.95975426
          ],
          [
            -97.64165015,
            32.95265098
          ]
        ]
      }
    },
    {
      "type": "Feature",
      "properties": {
        "segment_id": "6335e595-9f44-4aa8-ab51-594804628e0b",
        "risk_score": 0.095,
        "risk_level": "VeryLow",
        "risk_level_numeric": 1,
        "crash_count": 2,
        "aadt": 0,
        "segment_length": 0,
        "crashes_per_mile": 0,
        "recent_crashes": [
          {
            "crash_id": "20863047",
            "crash_date": "2025-05-30",
            "severity": "O_NoInjury"
          },
          {
            "crash_id": "20644244",
            "crash_date": "2025-01-31",
            "severity": "O_NoInjury"
          }
        ],
        "start_latitude": 32.95747426,
        "start_longitude": -97.68305234,
        "end_latitude": 32.96251184,
        "end_longitude": -97.68310358
      },
      "geometry": {
        "type": "LineString",
        "coordinates": [
          [
            -97.68305234,
            32.95747426
          ],
          [
            -97.68310358,
            32.96251184
          ]
        ]
      }
    },
    {
      "type": "Feature",
      "properties": {
        "segment_id": "640a1a66-3c2b-461d-af82-b5acdfb613e8",
        "risk_score": 0.095,
        "risk_level": "VeryLow",
        "risk_level_numeric": 1,
        "crash_count": 2,
        "aadt": 0,
        "segment_length": 0,
        "crashes_per_mile": 0,
        "recent_crashes": [
          {
            "crash_id": "20930372",
            "crash_date": "2025-07-06",
            "severity": "O_NoInjury"
          },
          {
            "crash_id": "20649313",
            "crash_date": "2025-01-30",
            "severity": "O_NoInjury"
          }
        ],
        "start_latitude": 32.74002431,
        "start_longitude": -97.98266928,
        "end_latitude": 32.74107259,
        "end_longitude": -97.98842227
      },
      "geometry": {
        "type": "LineString",
        "coordinates": [
          [
            -97.98266928,
            32.74002431
          ],
          [
            -97.98842227,
            32.74107259
          ]
        ]
      }
    },
    {
      "type": "Feature",
      "properties": {
        "segment_id": "13a8ee5f-e117-4dd8-9af5-fdcf5ee1b813",
        "risk_score": 0.095,
        "risk_level": "VeryLow",
        "risk_level_numeric": 1,
        "crash_count": 2,
        "aadt": 0,
        "segment_length": 0,
        "crashes_per_mile": 0,
        "recent_crashes": [
          {
            "crash_id": "20843563",
            "crash_date": "2025-05-27",
            "severity": "O_NoInjury"
          },
          {
            "crash_id": "20651237",
            "crash_date": "2025-02-10",
            "severity": "O_NoInjury"
          }
        ],
        "start_latitude": 32.74237999,
        "start_longitude": -97.79764966,
        "end_latitude": 32.72913237,
        "end_longitude": -97.82140825
      },
      "geometry": {
        "type": "LineString",
        "coordinates": [
          [
            -97.79764966,
            32.74237999
          ],
          [
            -97.82140825,
            32.72913237
          ]
        ]
      }
    },
    {
      "type": "Feature",
      "properties": {
        "segment_id": "6576b470-79bd-4152-bf0d-4b960fc72944",
        "risk_score": 0.095,
        "risk_level": "VeryLow",
        "risk_level_numeric": 1,
        "crash_count": 2,
        "aadt": 0,
        "segment_length": 0,
        "crashes_per_mile": 0,
        "recent_crashes": [
          {
            "crash_id": "20712983",
            "crash_date": "2025-03-20",
            "severity": "O_NoInjury"
          },
          {
            "crash_id": "20654716",
            "crash_date": "2025-02-13",
            "severity": "O_NoInjury"
          }
        ],
        "start_latitude": 32.75869032,
        "start_longitude": -97.78483228,
        "end_latitude": 32.75869032,
        "end_longitude": -97.78483228
      },
      "geometry": {
        "type": "LineString",
        "coordinates": [
          [
            -97.78483228,
            32.75869032
          ],
          [
            -97.78483228,
            32.75869032
          ]
        ]
      }
    },
    {
      "type": "Feature",
      "properties": {
        "segment_id": "dbbc22ff-44f3-48fd-b6f9-6019d56ee0c7",
        "risk_score": 0.095,
        "risk_level": "VeryLow",
        "risk_level_numeric": 1,
        "crash_count": 2,
        "aadt": 0,
        "segment_length": 0,
        "crashes_per_mile": 0,
        "recent_crashes": [
          {
            "crash_id": "20827716",
            "crash_date": "2025-05-21",
            "severity": "O_NoInjury"
          },
          {
            "crash_id": "20660147",
            "crash_date": "2025-02-17",
            "severity": "O_NoInjury"
          }
        ],
        "start_latitude": 32.96349546,
        "start_longitude": -97.82213777,
        "end_latitude": 32.96716492,
        "end_longitude": -97.84392559
      },
      "geometry": {
        "type": "LineString",
        "coordinates": [
          [
            -97.82213777,
            32.96349546
          ],
          [
            -97.84392559,
            32.96716492
          ]
        ]
      }
    },
    {
      "type": "Feature",
      "properties": {
        "segment_id": "7b77d343-a648-4eb2-895f-6659691cb8a1",
        "risk_score": 0.095,
        "risk_level": "VeryLow",
        "risk_level_numeric": 1,
        "crash_count": 2,
        "aadt": 0,
        "segment_length": 0,
        "crashes_per_mile": 0,
        "recent_crashes": [
          {
            "crash_id": "20933516",
            "crash_date": "2025-07-28",
            "severity": "O_NoInjury"
          },
          {
            "crash_id": "20680553",
            "crash_date": "2025-02-28",
            "severity": "O_NoInjury"
          }
        ],
        "start_latitude": 32.72763772,
        "start_longitude": -97.81581717,
        "end_latitude": 32.72773579,
        "end_longitude": -97.82232759
      },
      "geometry": {
        "type": "LineString",
        "coordinates": [
          [
            -97.81581717,
            32.72763772
          ],
          [
            -97.82232759,
            32.72773579
          ]
        ]
      }
    },
    {
      "type": "Feature",
      "properties": {
        "segment_id": "c969e3ff-5d3c-4144-b23a-57534047b793",
        "risk_score": 0.095,
        "risk_level": "VeryLow",
        "risk_level_numeric": 1,
        "crash_count": 2,
        "aadt": 0,
        "segment_length": 0,
        "crashes_per_mile": 0,
        "recent_crashes": [
          {
            "crash_id": "20895636",
            "crash_date": "2025-07-04",
            "severity": "O_NoInjury"
          },
          {
            "crash_id": "20681940",
            "crash_date": "2025-03-01",
            "severity": "O_NoInjury"
          }
        ],
        "start_latitude": 32.99423986,
        "start_longitude": -97.62271704,
        "end_latitude": 32.99508212,
        "end_longitude": -97.63880596
      },
      "geometry": {
        "type": "LineString",
        "coordinates": [
          [
            -97.62271704,
            32.99423986
          ],
          [
            -97.63880596,
            32.99508212
          ]
        ]
      }
    },
    {
      "type": "Feature",
      "properties": {
        "segment_id": "0e08b0d9-240b-446c-96cf-d9697d440cd0",
        "risk_score": 0.095,
        "risk_level": "VeryLow",
        "risk_level_numeric": 1,
        "crash_count": 2,
        "aadt": 0,
        "segment_length": 0,
        "crashes_per_mile": 0,
        "recent_crashes": [
          {
            "crash_id": "20918713",
            "crash_date": "2025-07-20",
            "severity": "O_NoInjury"
          },
          {
            "crash_id": "20684916",
            "crash_date": "2025-02-27",
            "severity": "O_NoInjury"
          }
        ],
        "start_latitude": 32.72772478,
        "start_longitude": -97.8073699,
        "end_latitude": 32.72782924,
        "end_longitude": -97.80869929
      },
      "geometry": {
        "type": "LineString",
        "coordinates": [
          [
            -97.8073699,
            32.72772478
          ],
          [
            -97.80869929,
            32.72782924
          ]
        ]
      }
    },
    {
      "type": "Feature",
      "properties": {
        "segment_id": "ddf51058-2319-4e50-be47-70c8aa3e7c0c",
        "risk_score": 0.095,
        "risk_level": "VeryLow",
        "risk_level_numeric": 1,
        "crash_count": 2,
        "aadt": 0,
        "segment_length": 0,
        "crashes_per_mile": 0,
        "recent_crashes": [
          {
            "crash_id": "20783406",
            "crash_date": "2025-04-29",
            "severity": "O_NoInjury"
          },
          {
            "crash_id": "20692845",
            "crash_date": "2025-03-07",
            "severity": "O_NoInjury"
          }
        ],
        "start_latitude": 32.76053999,
        "start_longitude": -97.79734891,
        "end_latitude": 32.76056015,
        "end_longitude": -97.79734875
      },
      "geometry": {
        "type": "LineString",
        "coordinates": [
          [
            -97.79734891,
            32.76053999
          ],
          [
            -97.79734875,
            32.76056015
          ]
        ]
      }
    },
    {
      "type": "Feature",
      "properties": {
        "segment_id": "0e0936c2-549f-4f19-b922-2c9708365dd1",
        "risk_score": 0.095,
        "risk_level": "VeryLow",
        "risk_level_numeric": 1,
        "crash_count": 2,
        "aadt": 0,
        "segment_length": 0,
        "crashes_per_mile": 0,
        "recent_crashes": [
          {
            "crash_id": "20704520",
            "crash_date": "2025-03-11",
            "severity": "O_NoInjury"
          },
          {
            "crash_id": "20693115",
            "crash_date": "2025-03-09",
            "severity": "O_NoInjury"
          }
        ],
        "start_latitude": 32.72871611,
        "start_longitude": -97.79109006,
        "end_latitude": 32.72845156,
        "end_longitude": -97.7920032
      },
      "geometry": {
        "type": "LineString",
        "coordinates": [
          [
            -97.79109006,
            32.72871611
          ],
          [
            -97.7920032,
            32.72845156
          ]
        ]
      }
    },
    {
      "type": "Feature",
      "properties": {
        "segment_id": "1d544b4b-5784-417e-8d9e-1f8d910dbafa",
        "risk_score": 0.095,
        "risk_level": "VeryLow",
        "risk_level_numeric": 1,
        "crash_count": 2,
        "aadt": 0,
        "segment_length": 0,
        "crashes_per_mile": 0,
        "recent_crashes": [
          {
            "crash_id": "20933518",
            "crash_date": "2025-07-29",
            "severity": "O_NoInjury"
          },
          {
            "crash_id": "20712505",
            "crash_date": "2025-03-19",
            "severity": "O_NoInjury"
          }
        ],
        "start_latitude": 32.74570125,
        "start_longitude": -97.73928494,
        "end_latitude": 32.74425057,
        "end_longitude": -97.74481379
      },
      "geometry": {
        "type": "LineString",
        "coordinates": [
          [
            -97.73928494,
            32.74570125
          ],
          [
            -97.74481379,
            32.74425057
          ]
        ]
      }
    },
    {
      "type": "Feature",
      "properties": {
        "segment_id": "42693402-a6ab-4874-a139-e3705064a1b3",
        "risk_score": 0.095,
        "risk_level": "VeryLow",
        "risk_level_numeric": 1,
        "crash_count": 2,
        "aadt": 0,
        "segment_length": 0,
        "crashes_per_mile": 0,
        "recent_crashes": [
          {
            "crash_id": "20882555",
            "crash_date": "2025-06-05",
            "severity": "O_NoInjury"
          },
          {
            "crash_id": "20714274",
            "crash_date": "2025-03-17",
            "severity": "O_NoInjury"
          }
        ],
        "start_latitude": 32.90179062,
        "start_longitude": -97.55110931,
        "end_latitude": 32.90214252,
        "end_longitude": -97.55096644
      },
      "geometry": {
        "type": "LineString",
        "coordinates": [
          [
            -97.55110931,
            32.90179062
          ],
          [
            -97.55096644,
            32.90214252
          ]
        ]
      }
    },
    {
      "type": "Feature",
      "properties": {
        "segment_id": "6b645006-50e3-4ac2-ad88-60638b0fef46",
        "risk_score": 0.095,
        "risk_level": "VeryLow",
        "risk_level_numeric": 1,
        "crash_count": 2,
        "aadt": 0,
        "segment_length": 0,
        "crashes_per_mile": 0,
        "recent_crashes": [
          {
            "crash_id": "20786937",
            "crash_date": "2025-04-22",
            "severity": "O_NoInjury"
          },
          {
            "crash_id": "20716774",
            "crash_date": "2025-03-22",
            "severity": "O_NoInjury"
          }
        ],
        "start_latitude": 32.72863148,
        "start_longitude": -97.78889393,
        "end_latitude": 32.72880585,
        "end_longitude": -97.78914754
      },
      "geometry": {
        "type": "LineString",
        "coordinates": [
          [
            -97.78889393,
            32.72863148
          ],
          [
            -97.78914754,
            32.72880585
          ]
        ]
      }
    },
    {
      "type": "Feature",
      "properties": {
        "segment_id": "8f33c1d4-25c5-4f2c-90a9-336f88831ea1",
        "risk_score": 0.095,
        "risk_level": "VeryLow",
        "risk_level_numeric": 1,
        "crash_count": 2,
        "aadt": 0,
        "segment_length": 0,
        "crashes_per_mile": 0,
        "recent_crashes": [
          {
            "crash_id": "20726903",
            "crash_date": "2025-03-28",
            "severity": "O_NoInjury"
          },
          {
            "crash_id": "20718992",
            "crash_date": "2025-03-22",
            "severity": "O_NoInjury"
          }
        ],
        "start_latitude": 32.90344703,
        "start_longitude": -97.55145186,
        "end_latitude": 32.90505426,
        "end_longitude": -97.55198237
      },
      "geometry": {
        "type": "LineString",
        "coordinates": [
          [
            -97.55145186,
            32.90344703
          ],
          [
            -97.55198237,
            32.90505426
          ]
        ]
      }
    },
    {
      "type": "Feature",
      "properties": {
        "segment_id": "cdbf0ac4-a0a4-4566-98f0-e1ad137aef01",
        "risk_score": 0.095,
        "risk_level": "VeryLow",
        "risk_level_numeric": 1,
        "crash_count": 2,
        "aadt": 0,
        "segment_length": 0,
        "crashes_per_mile": 0,
        "recent_crashes": [
          {
            "crash_id": "20748522",
            "crash_date": "2025-04-09",
            "severity": "O_NoInjury"
          },
          {
            "crash_id": "20742067",
            "crash_date": "2025-04-04",
            "severity": "O_NoInjury"
          }
        ],
        "start_latitude": 32.74912725,
        "start_longitude": -97.81152442,
        "end_latitude": 32.7486143,
        "end_longitude": -97.81153232
      },
      "geometry": {
        "type": "LineString",
        "coordinates": [
          [
            -97.81152442,
            32.74912725
          ],
          [
            -97.81153232,
            32.7486143
          ]
        ]
      }
    },
    {
      "type": "Feature",
      "properties": {
        "segment_id": "c7a7617b-0300-4689-a4e3-ce96267db62d",
        "risk_score": 0.095,
        "risk_level": "VeryLow",
        "risk_level_numeric": 1,
        "crash_count": 2,
        "aadt": 0,
        "segment_length": 0,
        "crashes_per_mile": 0,
        "recent_crashes": [
          {
            "crash_id": "20816010",
            "crash_date": "2025-05-11",
            "severity": "O_NoInjury"
          },
          {
            "crash_id": "20793200",
            "crash_date": "2025-05-02",
            "severity": "O_NoInjury"
          }
        ],
        "start_latitude": 32.7778643,
        "start_longitude": -97.55130205,
        "end_latitude": 32.77814586,
        "end_longitude": -97.55184536
      },
      "geometry": {
        "type": "LineString",
        "coordinates": [
          [
            -97.55130205,
            32.7778643
          ],
          [
            -97.55184536,
            32.77814586
          ]
        ]
      }
    },
    {
      "type": "Feature",
      "properties": {
        "segment_id": "bd26fe08-4dfd-4dc4-a100-d97664c527c6",
        "risk_score": 0.095,
        "risk_level": "VeryLow",
        "risk_level_numeric": 1,
        "crash_count": 2,
        "aadt": 0,
        "segment_length": 0,
        "crashes_per_mile": 0,
        "recent_crashes": [
          {
            "crash_id": "20907295",
            "crash_date": "2025-07-11",
            "severity": "O_NoInjury"
          },
          {
            "crash_id": "20803242",
            "crash_date": "2025-05-10",
            "severity": "O_NoInjury"
          }
        ],
        "start_latitude": 32.75738036,
        "start_longitude": -97.79737939,
        "end_latitude": 32.75738036,
        "end_longitude": -97.79737939
      },
      "geometry": {
        "type": "LineString",
        "coordinates": [
          [
            -97.79737939,
            32.75738036
          ],
          [
            -97.79737939,
            32.75738036
          ]
        ]
      }
    },
    {
      "type": "Feature",
      "properties": {
        "segment_id": "18d822bb-e421-4a13-abba-1f998b38b15d",
        "risk_score": 0.095,
        "risk_level": "VeryLow",
        "risk_level_numeric": 1,
        "crash_count": 2,
        "aadt": 0,
        "segment_length": 0,
        "crashes_per_mile": 0,
        "recent_crashes": [
          {
            "crash_id": "20910489",
            "crash_date": "2025-07-15",
            "severity": "O_NoInjury"
          },
          {
            "crash_id": "20810684",
            "crash_date": "2025-05-15",
            "severity": "O_NoInjury"
          }
        ],
        "start_latitude": 32.75659121,
        "start_longitude": -97.69891077,
        "end_latitude": 32.75659121,
        "end_longitude": -97.69891077
      },
      "geometry": {
        "type": "LineString",
        "coordinates": [
          [
            -97.69891077,
            32.75659121
          ],
          [
            -97.69891077,
            32.75659121
          ]
        ]
      }
    },
    {
      "type": "Feature",
      "properties": {
        "segment_id": "821caecb-fb5d-4f15-a095-8878bcd229b7",
        "risk_score": 0.095,
        "risk_level": "VeryLow",
        "risk_level_numeric": 1,
        "crash_count": 2,
        "aadt": 0,
        "segment_length": 0,
        "crashes_per_mile": 0,
        "recent_crashes": [
          {
            "crash_id": "20885882",
            "crash_date": "2025-06-06",
            "severity": "O_NoInjury"
          },
          {
            "crash_id": "20815770",
            "crash_date": "2025-05-12",
            "severity": "O_NoInjury"
          }
        ],
        "start_latitude": 32.90309278,
        "start_longitude": -97.60081856,
        "end_latitude": 32.92026823,
        "end_longitude": -97.5995896
      },
      "geometry": {
        "type": "LineString",
        "coordinates": [
          [
            -97.60081856,
            32.90309278
          ],
          [
            -97.5995896,
            32.92026823
          ]
        ]
      }
    },
    {
      "type": "Feature",
      "properties": {
        "segment_id": "ad44895e-39df-4e75-a82b-562b532e8c09",
        "risk_score": 0.08875,
        "risk_level": "VeryLow",
        "risk_level_numeric": 1,
        "crash_count": 2,
        "aadt": 0,
        "segment_length": 0,
        "crashes_per_mile": 0,
        "recent_crashes": [
          {
            "crash_id": "20928566",
            "crash_date": "2025-07-27",
            "severity": "Unknown"
          },
          {
            "crash_id": "20613207",
            "crash_date": "2025-01-17",
            "severity": "O_NoInjury"
          }
        ],
        "start_latitude": 32.7342444,
        "start_longitude": -97.63041547,
        "end_latitude": 32.73333302,
        "end_longitude": -97.62801443
      },
      "geometry": {
        "type": "LineString",
        "coordinates": [
          [
            -97.63041547,
            32.7342444
          ],
          [
            -97.62801443,
            32.73333302
          ]
        ]
      }
    },
    {
      "type": "Feature",
      "properties": {
        "segment_id": "f50fe5c6-5526-4deb-8a83-98d9a07357d3",
        "risk_score": 0.08875,
        "risk_level": "VeryLow",
        "risk_level_numeric": 1,
        "crash_count": 2,
        "aadt": 0,
        "segment_length": 0,
        "crashes_per_mile": 0,
        "recent_crashes": [
          {
            "crash_id": "20957220",
            "crash_date": "2025-08-13",
            "severity": "O_NoInjury"
          },
          {
            "crash_id": "20731921",
            "crash_date": "2025-03-29",
            "severity": "Unknown"
          }
        ],
        "start_latitude": 32.78918255,
        "start_longitude": -97.6966475,
        "end_latitude": 32.789207,
        "end_longitude": -97.69665817
      },
      "geometry": {
        "type": "LineString",
        "coordinates": [
          [
            -97.6966475,
            32.78918255
          ],
          [
            -97.69665817,
            32.789207
          ]
        ]
      }
    },
    {
      "type": "Feature",
      "properties": {
        "segment_id": "7232a230-e43b-422c-aee3-1da7e2423abf",
        "risk_score": 0.06,
        "risk_level": "VeryLow",
        "risk_level_numeric": 1,
        "crash_count": 1,
        "aadt": 0,
        "segment_length": 0,
        "crashes_per_mile": 0,
        "recent_crashes": [
          {
            "crash_id": "20598559",
            "crash_date": "2025-01-08",
            "severity": "O_NoInjury"
          }
        ],
        "start_latitude": 32.75606393,
        "start_longitude": -97.69628396,
        "end_latitude": 32.75606393,
        "end_longitude": -97.69628396
      },
      "geometry": {
        "type": "LineString",
        "coordinates": [
          [
            -97.69628396,
            32.75606393
          ],
          [
            -97.69628396,
            32.75606393
          ]
        ]
      }
    },
    {
      "type": "Feature",
      "properties": {
        "segment_id": "bfa2156e-fb1f-428b-bb21-dfe7f29c37a7",
        "risk_score": 0.06,
        "risk_level": "VeryLow",
        "risk_level_numeric": 1,
        "crash_count": 1,
        "aadt": 0,
        "segment_length": 0,
        "crashes_per_mile": 0,
        "recent_crashes": [
          {
            "crash_id": "20615091",
            "crash_date": "2025-01-14",
            "severity": "O_NoInjury"
          }
        ],
        "start_latitude": 32.97597323,
        "start_longitude": -97.95365695,
        "end_latitude": 32.97597323,
        "end_longitude": -97.95365695
      },
      "geometry": {
        "type": "LineString",
        "coordinates": [
          [
            -97.95365695,
            32.97597323
          ],
          [
            -97.95365695,
            32.97597323
          ]
        ]
      }
    },
    {
      "type": "Feature",
      "properties": {
        "segment_id": "86367a19-b182-496e-bcaa-1454bda21cab",
        "risk_score": 0.06,
        "risk_level": "VeryLow",
        "risk_level_numeric": 1,
        "crash_count": 1,
        "aadt": 0,
        "segment_length": 0,
        "crashes_per_mile": 0,
        "recent_crashes": [
          {
            "crash_id": "20619998",
            "crash_date": "2025-01-13",
            "severity": "O_NoInjury"
          }
        ],
        "start_latitude": 32.76973446,
        "start_longitude": -97.79728895,
        "end_latitude": 32.76973446,
        "end_longitude": -97.79728895
      },
      "geometry": {
        "type": "LineString",
        "coordinates": [
          [
            -97.79728895,
            32.76973446
          ],
          [
            -97.79728895,
            32.76973446
          ]
        ]
      }
    },
    {
      "type": "Feature",
      "properties": {
        "segment_id": "d98ea1dc-2b79-41c7-bc93-c19a0f9b631b",
        "risk_score": 0.06,
        "risk_level": "VeryLow",
        "risk_level_numeric": 1,
        "crash_count": 1,
        "aadt": 0,
        "segment_length": 0,
        "crashes_per_mile": 0,
        "recent_crashes": [
          {
            "crash_id": "20629141",
            "crash_date": "2025-01-17",
            "severity": "O_NoInjury"
          }
        ],
        "start_latitude": 32.95310188,
        "start_longitude": -97.57792397,
        "end_latitude": 32.95310188,
        "end_longitude": -97.57792397
      },
      "geometry": {
        "type": "LineString",
        "coordinates": [
          [
            -97.57792397,
            32.95310188
          ],
          [
            -97.57792397,
            32.95310188
          ]
        ]
      }
    },
    {
      "type": "Feature",
      "properties": {
        "segment_id": "b2ba22de-fb12-4b97-bed1-7b322825941d",
        "risk_score": 0.06,
        "risk_level": "VeryLow",
        "risk_level_numeric": 1,
        "crash_count": 1,
        "aadt": 0,
        "segment_length": 0,
        "crashes_per_mile": 0,
        "recent_crashes": [
          {
            "crash_id": "20643326",
            "crash_date": "2025-02-02",
            "severity": "O_NoInjury"
          }
        ],
        "start_latitude": 32.9606597,
        "start_longitude": -97.80611804,
        "end_latitude": 32.9606597,
        "end_longitude": -97.80611804
      },
      "geometry": {
        "type": "LineString",
        "coordinates": [
          [
            -97.80611804,
            32.9606597
          ],
          [
            -97.80611804,
            32.9606597
          ]
        ]
      }
    },
    {
      "type": "Feature",
      "properties": {
        "segment_id": "c79a9f25-4992-45a7-ab59-83647e7ed605",
        "risk_score": 0.06,
        "risk_level": "VeryLow",
        "risk_level_numeric": 1,
        "crash_count": 1,
        "aadt": 0,
        "segment_length": 0,
        "crashes_per_mile": 0,
        "recent_crashes": [
          {
            "crash_id": "20645315",
            "crash_date": "2025-02-08",
            "severity": "O_NoInjury"
          }
        ],
        "start_latitude": 32.90102835,
        "start_longitude": -97.54993211,
        "end_latitude": 32.90102835,
        "end_longitude": -97.54993211
      },
      "geometry": {
        "type": "LineString",
        "coordinates": [
          [
            -97.54993211,
            32.90102835
          ],
          [
            -97.54993211,
            32.90102835
          ]
        ]
      }
    },
    {
      "type": "Feature",
      "properties": {
        "segment_id": "5daed57e-131f-4f5b-a25a-c28b1f4fd4c6",
        "risk_score": 0.06,
        "risk_level": "VeryLow",
        "risk_level_numeric": 1,
        "crash_count": 1,
        "aadt": 0,
        "segment_length": 0,
        "crashes_per_mile": 0,
        "recent_crashes": [
          {
            "crash_id": "20647216",
            "crash_date": "2025-02-03",
            "severity": "O_NoInjury"
          }
        ],
        "start_latitude": 32.77763496,
        "start_longitude": -97.7192196,
        "end_latitude": 32.77763496,
        "end_longitude": -97.7192196
      },
      "geometry": {
        "type": "LineString",
        "coordinates": [
          [
            -97.7192196,
            32.77763496
          ],
          [
            -97.7192196,
            32.77763496
          ]
        ]
      }
    },
    {
      "type": "Feature",
      "properties": {
        "segment_id": "75cbde2a-10a1-47f3-b0b8-a2eeeb4c9c28",
        "risk_score": 0.06,
        "risk_level": "VeryLow",
        "risk_level_numeric": 1,
        "crash_count": 1,
        "aadt": 0,
        "segment_length": 0,
        "crashes_per_mile": 0,
        "recent_crashes": [
          {
            "crash_id": "20647217",
            "crash_date": "2025-02-06",
            "severity": "O_NoInjury"
          }
        ],
        "start_latitude": 32.72949431,
        "start_longitude": -97.79821232,
        "end_latitude": 32.72949431,
        "end_longitude": -97.79821232
      },
      "geometry": {
        "type": "LineString",
        "coordinates": [
          [
            -97.79821232,
            32.72949431
          ],
          [
            -97.79821232,
            32.72949431
          ]
        ]
      }
    },
    {
      "type": "Feature",
      "properties": {
        "segment_id": "0c580ca3-81ef-41e9-a2c2-1e6120be4b04",
        "risk_score": 0.06,
        "risk_level": "VeryLow",
        "risk_level_numeric": 1,
        "crash_count": 1,
        "aadt": 0,
        "segment_length": 0,
        "crashes_per_mile": 0,
        "recent_crashes": [
          {
            "crash_id": "20654715",
            "crash_date": "2025-02-13",
            "severity": "O_NoInjury"
          }
        ],
        "start_latitude": 32.72896775,
        "start_longitude": -97.78999368,
        "end_latitude": 32.72896775,
        "end_longitude": -97.78999368
      },
      "geometry": {
        "type": "LineString",
        "coordinates": [
          [
            -97.78999368,
            32.72896775
          ],
          [
            -97.78999368,
            32.72896775
          ]
        ]
      }
    },
    {
      "type": "Feature",
      "properties": {
        "segment_id": "a0b4da29-4c61-4e30-a363-27083049a894",
        "risk_score": 0.06,
        "risk_level": "VeryLow",
        "risk_level_numeric": 1,
        "crash_count": 1,
        "aadt": 0,
        "segment_length": 0,
        "crashes_per_mile": 0,
        "recent_crashes": [
          {
            "crash_id": "20658271",
            "crash_date": "2025-02-10",
            "severity": "O_NoInjury"
          }
        ],
        "start_latitude": 32.82449584,
        "start_longitude": -97.91027688,
        "end_latitude": 32.82449584,
        "end_longitude": -97.91027688
      },
      "geometry": {
        "type": "LineString",
        "coordinates": [
          [
            -97.91027688,
            32.82449584
          ],
          [
            -97.91027688,
            32.82449584
          ]
        ]
      }
    },
    {
      "type": "Feature",
      "properties": {
        "segment_id": "d4730de2-5bee-4781-9cb6-55e241dd4db4",
        "risk_score": 0.06,
        "risk_level": "VeryLow",
        "risk_level_numeric": 1,
        "crash_count": 1,
        "aadt": 0,
        "segment_length": 0,
        "crashes_per_mile": 0,
        "recent_crashes": [
          {
            "crash_id": "20658317",
            "crash_date": "2025-02-14",
            "severity": "O_NoInjury"
          }
        ],
        "start_latitude": 32.6863256,
        "start_longitude": -97.60119965,
        "end_latitude": 32.6863256,
        "end_longitude": -97.60119965
      },
      "geometry": {
        "type": "LineString",
        "coordinates": [
          [
            -97.60119965,
            32.6863256
          ],
          [
            -97.60119965,
            32.6863256
          ]
        ]
      }
    },
    {
      "type": "Feature",
      "properties": {
        "segment_id": "f5eab1f4-49ff-4cdb-a322-9e1c1e244190",
        "risk_score": 0.06,
        "risk_level": "VeryLow",
        "risk_level_numeric": 1,
        "crash_count": 1,
        "aadt": 0,
        "segment_length": 0,
        "crashes_per_mile": 0,
        "recent_crashes": [
          {
            "crash_id": "20662301",
            "crash_date": "2025-02-15",
            "severity": "O_NoInjury"
          }
        ],
        "start_latitude": 32.90552495,
        "start_longitude": -97.55092776,
        "end_latitude": 32.90552495,
        "end_longitude": -97.55092776
      },
      "geometry": {
        "type": "LineString",
        "coordinates": [
          [
            -97.55092776,
            32.90552495
          ],
          [
            -97.55092776,
            32.90552495
          ]
        ]
      }
    },
    {
      "type": "Feature",
      "properties": {
        "segment_id": "03afedd9-ac7e-47cc-bbb9-8b19d2bbc0c6",
        "risk_score": 0.06,
        "risk_level": "VeryLow",
        "risk_level_numeric": 1,
        "crash_count": 1,
        "aadt": 0,
        "segment_length": 0,
        "crashes_per_mile": 0,
        "recent_crashes": [
          {
            "crash_id": "20673316",
            "crash_date": "2025-02-25",
            "severity": "O_NoInjury"
          }
        ],
        "start_latitude": 32.75751997,
        "start_longitude": -97.79737766,
        "end_latitude": 32.75751997,
        "end_longitude": -97.79737766
      },
      "geometry": {
        "type": "LineString",
        "coordinates": [
          [
            -97.79737766,
            32.75751997
          ],
          [
            -97.79737766,
            32.75751997
          ]
        ]
      }
    },
    {
      "type": "Feature",
      "properties": {
        "segment_id": "4f3f2fd3-c8d7-434c-b1c4-aea301bea4c5",
        "risk_score": 0.06,
        "risk_level": "VeryLow",
        "risk_level_numeric": 1,
        "crash_count": 1,
        "aadt": 0,
        "segment_length": 0,
        "crashes_per_mile": 0,
        "recent_crashes": [
          {
            "crash_id": "20681907",
            "crash_date": "2025-02-20",
            "severity": "O_NoInjury"
          }
        ],
        "start_latitude": 32.99408658,
        "start_longitude": -97.61285139,
        "end_latitude": 32.99408658,
        "end_longitude": -97.61285139
      },
      "geometry": {
        "type": "LineString",
        "coordinates": [
          [
            -97.61285139,
            32.99408658
          ],
          [
            -97.61285139,
            32.99408658
          ]
        ]
      }
    },
    {
      "type": "Feature",
      "properties": {
        "segment_id": "886b0b5e-2dd4-49af-9665-93af939b6ff8",
        "risk_score": 0.06,
        "risk_level": "VeryLow",
        "risk_level_numeric": 1,
        "crash_count": 1,
        "aadt": 0,
        "segment_length": 0,
        "crashes_per_mile": 0,
        "recent_crashes": [
          {
            "crash_id": "20686761",
            "crash_date": "2025-03-05",
            "severity": "O_NoInjury"
          }
        ],
        "start_latitude": 32.7482248,
        "start_longitude": -97.79754276,
        "end_latitude": 32.7482248,
        "end_longitude": -97.79754276
      },
      "geometry": {
        "type": "LineString",
        "coordinates": [
          [
            -97.79754276,
            32.7482248
          ],
          [
            -97.79754276,
            32.7482248
          ]
        ]
      }
    },
    {
      "type": "Feature",
      "properties": {
        "segment_id": "a7cc68a5-03f1-4ec8-9d59-889132e55985",
        "risk_score": 0.06,
        "risk_level": "VeryLow",
        "risk_level_numeric": 1,
        "crash_count": 1,
        "aadt": 0,
        "segment_length": 0,
        "crashes_per_mile": 0,
        "recent_crashes": [
          {
            "crash_id": "20708941",
            "crash_date": "2025-03-12",
            "severity": "O_NoInjury"
          }
        ],
        "start_latitude": 32.73072787,
        "start_longitude": -97.61633437,
        "end_latitude": 32.73072787,
        "end_longitude": -97.61633437
      },
      "geometry": {
        "type": "LineString",
        "coordinates": [
          [
            -97.61633437,
            32.73072787
          ],
          [
            -97.61633437,
            32.73072787
          ]
        ]
      }
    },
    {
      "type": "Feature",
      "properties": {
        "segment_id": "51b945f2-70d2-4ecb-9d69-fb6e57185aa9",
        "risk_score": 0.06,
        "risk_level": "VeryLow",
        "risk_level_numeric": 1,
        "crash_count": 1,
        "aadt": 0,
        "segment_length": 0,
        "crashes_per_mile": 0,
        "recent_crashes": [
          {
            "crash_id": "20720246",
            "crash_date": "2025-03-22",
            "severity": "O_NoInjury"
          }
        ],
        "start_latitude": 32.75829678,
        "start_longitude": -97.81450439,
        "end_latitude": 32.75829678,
        "end_longitude": -97.81450439
      },
      "geometry": {
        "type": "LineString",
        "coordinates": [
          [
            -97.81450439,
            32.75829678
          ],
          [
            -97.81450439,
            32.75829678
          ]
        ]
      }
    },
    {
      "type": "Feature",
      "properties": {
        "segment_id": "647f510b-4cfd-40fb-bbab-e4199514bb1e",
        "risk_score": 0.06,
        "risk_level": "VeryLow",
        "risk_level_numeric": 1,
        "crash_count": 1,
        "aadt": 0,
        "segment_length": 0,
        "crashes_per_mile": 0,
        "recent_crashes": [
          {
            "crash_id": "20720536",
            "crash_date": "2025-03-25",
            "severity": "O_NoInjury"
          }
        ],
        "start_latitude": 32.73966429,
        "start_longitude": -97.56436238,
        "end_latitude": 32.73966429,
        "end_longitude": -97.56436238
      },
      "geometry": {
        "type": "LineString",
        "coordinates": [
          [
            -97.56436238,
            32.73966429
          ],
          [
            -97.56436238,
            32.73966429
          ]
        ]
      }
    },
    {
      "type": "Feature",
      "properties": {
        "segment_id": "3f34be03-ff8a-4222-80ce-c663ef6326f9",
        "risk_score": 0.06,
        "risk_level": "VeryLow",
        "risk_level_numeric": 1,
        "crash_count": 1,
        "aadt": 0,
        "segment_length": 0,
        "crashes_per_mile": 0,
        "recent_crashes": [
          {
            "crash_id": "20724638",
            "crash_date": "2025-03-21",
            "severity": "O_NoInjury"
          }
        ],
        "start_latitude": 32.96749425,
        "start_longitude": -97.55667237,
        "end_latitude": 32.96749425,
        "end_longitude": -97.55667237
      },
      "geometry": {
        "type": "LineString",
        "coordinates": [
          [
            -97.55667237,
            32.96749425
          ],
          [
            -97.55667237,
            32.96749425
          ]
        ]
      }
    },
    {
      "type": "Feature",
      "properties": {
        "segment_id": "176fb49a-ef2e-4f5d-8661-87e9bacd39d0",
        "risk_score": 0.06,
        "risk_level": "VeryLow",
        "risk_level_numeric": 1,
        "crash_count": 1,
        "aadt": 0,
        "segment_length": 0,
        "crashes_per_mile": 0,
        "recent_crashes": [
          {
            "crash_id": "20735773",
            "crash_date": "2025-03-21",
            "severity": "O_NoInjury"
          }
        ],
        "start_latitude": 32.82381648,
        "start_longitude": -97.84058152,
        "end_latitude": 32.82381648,
        "end_longitude": -97.84058152
      },
      "geometry": {
        "type": "LineString",
        "coordinates": [
          [
            -97.84058152,
            32.82381648
          ],
          [
            -97.84058152,
            32.82381648
          ]
        ]
      }
    },
    {
      "type": "Feature",
      "properties": {
        "segment_id": "4146dc65-4bb2-466a-b833-0d413c4ef1a5",
        "risk_score": 0.06,
        "risk_level": "VeryLow",
        "risk_level_numeric": 1,
        "crash_count": 1,
        "aadt": 0,
        "segment_length": 0,
        "crashes_per_mile": 0,
        "recent_crashes": [
          {
            "crash_id": "20738358",
            "crash_date": "2025-04-04",
            "severity": "O_NoInjury"
          }
        ],
        "start_latitude": 32.90009151,
        "start_longitude": -97.54639995,
        "end_latitude": 32.90009151,
        "end_longitude": -97.54639995
      },
      "geometry": {
        "type": "LineString",
        "coordinates": [
          [
            -97.54639995,
            32.90009151
          ],
          [
            -97.54639995,
            32.90009151
          ]
        ]
      }
    },
    {
      "type": "Feature",
      "properties": {
        "segment_id": "d9d43ea2-18a8-47cd-8c02-bf73ea5309b7",
        "risk_score": 0.06,
        "risk_level": "VeryLow",
        "risk_level_numeric": 1,
        "crash_count": 1,
        "aadt": 0,
        "segment_length": 0,
        "crashes_per_mile": 0,
        "recent_crashes": [
          {
            "crash_id": "20746431",
            "crash_date": "2025-04-08",
            "severity": "O_NoInjury"
          }
        ],
        "start_latitude": 32.75895257,
        "start_longitude": -97.79658999,
        "end_latitude": 32.75895257,
        "end_longitude": -97.79658999
      },
      "geometry": {
        "type": "LineString",
        "coordinates": [
          [
            -97.79658999,
            32.75895257
          ],
          [
            -97.79658999,
            32.75895257
          ]
        ]
      }
    },
    {
      "type": "Feature",
      "properties": {
        "segment_id": "e948ce47-ac38-4130-9c90-06ed48b39bb5",
        "risk_score": 0.06,
        "risk_level": "VeryLow",
        "risk_level_numeric": 1,
        "crash_count": 1,
        "aadt": 0,
        "segment_length": 0,
        "crashes_per_mile": 0,
        "recent_crashes": [
          {
            "crash_id": "20747523",
            "crash_date": "2025-04-08",
            "severity": "O_NoInjury"
          }
        ],
        "start_latitude": 32.96025932,
        "start_longitude": -97.57187772,
        "end_latitude": 32.96025932,
        "end_longitude": -97.57187772
      },
      "geometry": {
        "type": "LineString",
        "coordinates": [
          [
            -97.57187772,
            32.96025932
          ],
          [
            -97.57187772,
            32.96025932
          ]
        ]
      }
    },
    {
      "type": "Feature",
      "properties": {
        "segment_id": "26284797-0fe5-4916-b286-46d333b19c69",
        "risk_score": 0.06,
        "risk_level": "VeryLow",
        "risk_level_numeric": 1,
        "crash_count": 1,
        "aadt": 0,
        "segment_length": 0,
        "crashes_per_mile": 0,
        "recent_crashes": [
          {
            "crash_id": "20748255",
            "crash_date": "2025-03-21",
            "severity": "O_NoInjury"
          }
        ],
        "start_latitude": 32.89482021,
        "start_longitude": -97.69282149,
        "end_latitude": 32.89482021,
        "end_longitude": -97.69282149
      },
      "geometry": {
        "type": "LineString",
        "coordinates": [
          [
            -97.69282149,
            32.89482021
          ],
          [
            -97.69282149,
            32.89482021
          ]
        ]
      }
    },
    {
      "type": "Feature",
      "properties": {
        "segment_id": "22301b32-24dd-4ac8-8a2f-cfa1d1fa2593",
        "risk_score": 0.06,
        "risk_level": "VeryLow",
        "risk_level_numeric": 1,
        "crash_count": 1,
        "aadt": 0,
        "segment_length": 0,
        "crashes_per_mile": 0,
        "recent_crashes": [
          {
            "crash_id": "20763344",
            "crash_date": "2025-04-09",
            "severity": "O_NoInjury"
          }
        ],
        "start_latitude": 32.89759428,
        "start_longitude": -97.82500542,
        "end_latitude": 32.89759428,
        "end_longitude": -97.82500542
      },
      "geometry": {
        "type": "LineString",
        "coordinates": [
          [
            -97.82500542,
            32.89759428
          ],
          [
            -97.82500542,
            32.89759428
          ]
        ]
      }
    },
    {
      "type": "Feature",
      "properties": {
        "segment_id": "e3128e42-d748-4d7e-be61-b0f4a4e2a8ae",
        "risk_score": 0.06,
        "risk_level": "VeryLow",
        "risk_level_numeric": 1,
        "crash_count": 1,
        "aadt": 0,
        "segment_length": 0,
        "crashes_per_mile": 0,
        "recent_crashes": [
          {
            "crash_id": "20769289",
            "crash_date": "2025-04-15",
            "severity": "O_NoInjury"
          }
        ],
        "start_latitude": 32.88748228,
        "start_longitude": -97.62231235,
        "end_latitude": 32.88748228,
        "end_longitude": -97.62231235
      },
      "geometry": {
        "type": "LineString",
        "coordinates": [
          [
            -97.62231235,
            32.88748228
          ],
          [
            -97.62231235,
            32.88748228
          ]
        ]
      }
    },
    {
      "type": "Feature",
      "properties": {
        "segment_id": "acef62e2-d096-4435-a346-85ae7d254fca",
        "risk_score": 0.06,
        "risk_level": "VeryLow",
        "risk_level_numeric": 1,
        "crash_count": 1,
        "aadt": 0,
        "segment_length": 0,
        "crashes_per_mile": 0,
        "recent_crashes": [
          {
            "crash_id": "20773210",
            "crash_date": "2025-04-07",
            "severity": "O_NoInjury"
          }
        ],
        "start_latitude": 32.69655197,
        "start_longitude": -97.6023795,
        "end_latitude": 32.69655197,
        "end_longitude": -97.6023795
      },
      "geometry": {
        "type": "LineString",
        "coordinates": [
          [
            -97.6023795,
            32.69655197
          ],
          [
            -97.6023795,
            32.69655197
          ]
        ]
      }
    },
    {
      "type": "Feature",
      "properties": {
        "segment_id": "27abbede-75d9-4465-a1ea-04ec5836dead",
        "risk_score": 0.06,
        "risk_level": "VeryLow",
        "risk_level_numeric": 1,
        "crash_count": 1,
        "aadt": 0,
        "segment_length": 0,
        "crashes_per_mile": 0,
        "recent_crashes": [
          {
            "crash_id": "20775199",
            "crash_date": "2025-04-15",
            "severity": "O_NoInjury"
          }
        ],
        "start_latitude": 32.69663348,
        "start_longitude": -97.60403043,
        "end_latitude": 32.69663348,
        "end_longitude": -97.60403043
      },
      "geometry": {
        "type": "LineString",
        "coordinates": [
          [
            -97.60403043,
            32.69663348
          ],
          [
            -97.60403043,
            32.69663348
          ]
        ]
      }
    },
    {
      "type": "Feature",
      "properties": {
        "segment_id": "d1c3853a-a5b8-4d09-b13f-6894c031aba6",
        "risk_score": 0.06,
        "risk_level": "VeryLow",
        "risk_level_numeric": 1,
        "crash_count": 1,
        "aadt": 0,
        "segment_length": 0,
        "crashes_per_mile": 0,
        "recent_crashes": [
          {
            "crash_id": "20779122",
            "crash_date": "2025-04-26",
            "severity": "O_NoInjury"
          }
        ],
        "start_latitude": 32.75741204,
        "start_longitude": -97.797379,
        "end_latitude": 32.75741204,
        "end_longitude": -97.797379
      },
      "geometry": {
        "type": "LineString",
        "coordinates": [
          [
            -97.797379,
            32.75741204
          ],
          [
            -97.797379,
            32.75741204
          ]
        ]
      }
    },
    {
      "type": "Feature",
      "properties": {
        "segment_id": "a2bb63f5-5dc8-4927-9c4a-4a95ea0ac78c",
        "risk_score": 0.06,
        "risk_level": "VeryLow",
        "risk_level_numeric": 1,
        "crash_count": 1,
        "aadt": 0,
        "segment_length": 0,
        "crashes_per_mile": 0,
        "recent_crashes": [
          {
            "crash_id": "20780496",
            "crash_date": "2025-04-24",
            "severity": "O_NoInjury"
          }
        ],
        "start_latitude": 32.9766963,
        "start_longitude": -97.65546573,
        "end_latitude": 32.9766963,
        "end_longitude": -97.65546573
      },
      "geometry": {
        "type": "LineString",
        "coordinates": [
          [
            -97.65546573,
            32.9766963
          ],
          [
            -97.65546573,
            32.9766963
          ]
        ]
      }
    },
    {
      "type": "Feature",
      "properties": {
        "segment_id": "40eb3f2d-0919-409d-b0da-eed76d2d0108",
        "risk_score": 0.06,
        "risk_level": "VeryLow",
        "risk_level_numeric": 1,
        "crash_count": 1,
        "aadt": 0,
        "segment_length": 0,
        "crashes_per_mile": 0,
        "recent_crashes": [
          {
            "crash_id": "20781336",
            "crash_date": "2025-04-24",
            "severity": "O_NoInjury"
          }
        ],
        "start_latitude": 32.77504433,
        "start_longitude": -97.79723982,
        "end_latitude": 32.77504433,
        "end_longitude": -97.79723982
      },
      "geometry": {
        "type": "LineString",
        "coordinates": [
          [
            -97.79723982,
            32.77504433
          ],
          [
            -97.79723982,
            32.77504433
          ]
        ]
      }
    },
    {
      "type": "Feature",
      "properties": {
        "segment_id": "c8ecc224-d60a-42dc-896b-b45c8d1ede02",
        "risk_score": 0.06,
        "risk_level": "VeryLow",
        "risk_level_numeric": 1,
        "crash_count": 1,
        "aadt": 0,
        "segment_length": 0,
        "crashes_per_mile": 0,
        "recent_crashes": [
          {
            "crash_id": "20799737",
            "crash_date": "2025-04-30",
            "severity": "O_NoInjury"
          }
        ],
        "start_latitude": 32.7577443,
        "start_longitude": -97.78608232,
        "end_latitude": 32.7577443,
        "end_longitude": -97.78608232
      },
      "geometry": {
        "type": "LineString",
        "coordinates": [
          [
            -97.78608232,
            32.7577443
          ],
          [
            -97.78608232,
            32.7577443
          ]
        ]
      }
    },
    {
      "type": "Feature",
      "properties": {
        "segment_id": "ae6db9d9-2321-400b-b040-778065b6e137",
        "risk_score": 0.06,
        "risk_level": "VeryLow",
        "risk_level_numeric": 1,
        "crash_count": 1,
        "aadt": 0,
        "segment_length": 0,
        "crashes_per_mile": 0,
        "recent_crashes": [
          {
            "crash_id": "20807898",
            "crash_date": "2025-05-13",
            "severity": "O_NoInjury"
          }
        ],
        "start_latitude": 32.76077499,
        "start_longitude": -97.78449002,
        "end_latitude": 32.76077499,
        "end_longitude": -97.78449002
      },
      "geometry": {
        "type": "LineString",
        "coordinates": [
          [
            -97.78449002,
            32.76077499
          ],
          [
            -97.78449002,
            32.76077499
          ]
        ]
      }
    },
    {
      "type": "Feature",
      "properties": {
        "segment_id": "04c90c3d-1684-48cf-a081-8c7968176a68",
        "risk_score": 0.06,
        "risk_level": "VeryLow",
        "risk_level_numeric": 1,
        "crash_count": 1,
        "aadt": 0,
        "segment_length": 0,
        "crashes_per_mile": 0,
        "recent_crashes": [
          {
            "crash_id": "20829626",
            "crash_date": "2025-05-20",
            "severity": "O_NoInjury"
          }
        ],
        "start_latitude": 32.76109248,
        "start_longitude": -97.79807232,
        "end_latitude": 32.76109248,
        "end_longitude": -97.79807232
      },
      "geometry": {
        "type": "LineString",
        "coordinates": [
          [
            -97.79807232,
            32.76109248
          ],
          [
            -97.79807232,
            32.76109248
          ]
        ]
      }
    },
    {
      "type": "Feature",
      "properties": {
        "segment_id": "a952ab8e-2b5e-4d5f-bbad-c2f8469aae00",
        "risk_score": 0.06,
        "risk_level": "VeryLow",
        "risk_level_numeric": 1,
        "crash_count": 1,
        "aadt": 0,
        "segment_length": 0,
        "crashes_per_mile": 0,
        "recent_crashes": [
          {
            "crash_id": "20834264",
            "crash_date": "2025-05-28",
            "severity": "O_NoInjury"
          }
        ],
        "start_latitude": 32.75881578,
        "start_longitude": -97.79778003,
        "end_latitude": 32.75881578,
        "end_longitude": -97.79778003
      },
      "geometry": {
        "type": "LineString",
        "coordinates": [
          [
            -97.79778003,
            32.75881578
          ],
          [
            -97.79778003,
            32.75881578
          ]
        ]
      }
    },
    {
      "type": "Feature",
      "properties": {
        "segment_id": "6d5404cc-8dd7-48ac-9772-0deb0ab15970",
        "risk_score": 0.06,
        "risk_level": "VeryLow",
        "risk_level_numeric": 1,
        "crash_count": 1,
        "aadt": 0,
        "segment_length": 0,
        "crashes_per_mile": 0,
        "recent_crashes": [
          {
            "crash_id": "20863098",
            "crash_date": "2025-06-15",
            "severity": "O_NoInjury"
          }
        ],
        "start_latitude": 32.96247426,
        "start_longitude": -97.70115233,
        "end_latitude": 32.96247426,
        "end_longitude": -97.70115233
      },
      "geometry": {
        "type": "LineString",
        "coordinates": [
          [
            -97.70115233,
            32.96247426
          ],
          [
            -97.70115233,
            32.96247426
          ]
        ]
      }
    },
    {
      "type": "Feature",
      "properties": {
        "segment_id": "2a920b1a-3773-48cd-bd23-25c416ff09c0",
        "risk_score": 0.06,
        "risk_level": "VeryLow",
        "risk_level_numeric": 1,
        "crash_count": 1,
        "aadt": 0,
        "segment_length": 0,
        "crashes_per_mile": 0,
        "recent_crashes": [
          {
            "crash_id": "20874654",
            "crash_date": "2025-06-22",
            "severity": "O_NoInjury"
          }
        ],
        "start_latitude": 32.78734427,
        "start_longitude": -97.82923227,
        "end_latitude": 32.78734427,
        "end_longitude": -97.82923227
      },
      "geometry": {
        "type": "LineString",
        "coordinates": [
          [
            -97.82923227,
            32.78734427
          ],
          [
            -97.82923227,
            32.78734427
          ]
        ]
      }
    },
    {
      "type": "Feature",
      "properties": {
        "segment_id": "4487c880-7b47-49ca-b1b6-9c1590a48d77",
        "risk_score": 0.06,
        "risk_level": "VeryLow",
        "risk_level_numeric": 1,
        "crash_count": 1,
        "aadt": 0,
        "segment_length": 0,
        "crashes_per_mile": 0,
        "recent_crashes": [
          {
            "crash_id": "20878230",
            "crash_date": "2025-06-18",
            "severity": "O_NoInjury"
          }
        ],
        "start_latitude": 32.74435602,
        "start_longitude": -97.59875418,
        "end_latitude": 32.74435602,
        "end_longitude": -97.59875418
      },
      "geometry": {
        "type": "LineString",
        "coordinates": [
          [
            -97.59875418,
            32.74435602
          ],
          [
            -97.59875418,
            32.74435602
          ]
        ]
      }
    },
    {
      "type": "Feature",
      "properties": {
        "segment_id": "e0838434-1191-438d-88ea-41fd3d8b4c87",
        "risk_score": 0.06,
        "risk_level": "VeryLow",
        "risk_level_numeric": 1,
        "crash_count": 1,
        "aadt": 0,
        "segment_length": 0,
        "crashes_per_mile": 0,
        "recent_crashes": [
          {
            "crash_id": "20888339",
            "crash_date": "2025-06-08",
            "severity": "O_NoInjury"
          }
        ],
        "start_latitude": 32.83265434,
        "start_longitude": -97.99368834,
        "end_latitude": 32.83265434,
        "end_longitude": -97.99368834
      },
      "geometry": {
        "type": "LineString",
        "coordinates": [
          [
            -97.99368834,
            32.83265434
          ],
          [
            -97.99368834,
            32.83265434
          ]
        ]
      }
    },
    {
      "type": "Feature",
      "properties": {
        "segment_id": "9830c965-0cc8-4d38-93ce-84619680c7db",
        "risk_score": 0.06,
        "risk_level": "VeryLow",
        "risk_level_numeric": 1,
        "crash_count": 1,
        "aadt": 0,
        "segment_length": 0,
        "crashes_per_mile": 0,
        "recent_crashes": [
          {
            "crash_id": "20891823",
            "crash_date": "2025-07-02",
            "severity": "O_NoInjury"
          }
        ],
        "start_latitude": 32.902153,
        "start_longitude": -97.55100272,
        "end_latitude": 32.902153,
        "end_longitude": -97.55100272
      },
      "geometry": {
        "type": "LineString",
        "coordinates": [
          [
            -97.55100272,
            32.902153
          ],
          [
            -97.55100272,
            32.902153
          ]
        ]
      }
    },
    {
      "type": "Feature",
      "properties": {
        "segment_id": "523d7dc1-9515-43c6-8b8e-f228f5cce59b",
        "risk_score": 0.06,
        "risk_level": "VeryLow",
        "risk_level_numeric": 1,
        "crash_count": 1,
        "aadt": 0,
        "segment_length": 0,
        "crashes_per_mile": 0,
        "recent_crashes": [
          {
            "crash_id": "20893884",
            "crash_date": "2025-06-21",
            "severity": "O_NoInjury"
          }
        ],
        "start_latitude": 32.84662246,
        "start_longitude": -97.72657551,
        "end_latitude": 32.84662246,
        "end_longitude": -97.72657551
      },
      "geometry": {
        "type": "LineString",
        "coordinates": [
          [
            -97.72657551,
            32.84662246
          ],
          [
            -97.72657551,
            32.84662246
          ]
        ]
      }
    },
    {
      "type": "Feature",
      "properties": {
        "segment_id": "a71a507d-2cfe-408c-a296-1089dd13f84f",
        "risk_score": 0.06,
        "risk_level": "VeryLow",
        "risk_level_numeric": 1,
        "crash_count": 1,
        "aadt": 0,
        "segment_length": 0,
        "crashes_per_mile": 0,
        "recent_crashes": [
          {
            "crash_id": "20899916",
            "crash_date": "2025-07-08",
            "severity": "O_NoInjury"
          }
        ],
        "start_latitude": 32.7546343,
        "start_longitude": -97.79235232,
        "end_latitude": 32.7546343,
        "end_longitude": -97.79235232
      },
      "geometry": {
        "type": "LineString",
        "coordinates": [
          [
            -97.79235232,
            32.7546343
          ],
          [
            -97.79235232,
            32.7546343
          ]
        ]
      }
    },
    {
      "type": "Feature",
      "properties": {
        "segment_id": "5be9a949-d338-439c-9811-2912807773e1",
        "risk_score": 0.06,
        "risk_level": "VeryLow",
        "risk_level_numeric": 1,
        "crash_count": 1,
        "aadt": 0,
        "segment_length": 0,
        "crashes_per_mile": 0,
        "recent_crashes": [
          {
            "crash_id": "20909565",
            "crash_date": "2025-07-14",
            "severity": "O_NoInjury"
          }
        ],
        "start_latitude": 32.7636702,
        "start_longitude": -97.83356262,
        "end_latitude": 32.7636702,
        "end_longitude": -97.83356262
      },
      "geometry": {
        "type": "LineString",
        "coordinates": [
          [
            -97.83356262,
            32.7636702
          ],
          [
            -97.83356262,
            32.7636702
          ]
        ]
      }
    },
    {
      "type": "Feature",
      "properties": {
        "segment_id": "5f46b3fa-9b48-493d-98f3-acc087c11bd1",
        "risk_score": 0.06,
        "risk_level": "VeryLow",
        "risk_level_numeric": 1,
        "crash_count": 1,
        "aadt": 0,
        "segment_length": 0,
        "crashes_per_mile": 0,
        "recent_crashes": [
          {
            "crash_id": "20917438",
            "crash_date": "2025-07-15",
            "severity": "O_NoInjury"
          }
        ],
        "start_latitude": 32.94417492,
        "start_longitude": -97.58034768,
        "end_latitude": 32.94417492,
        "end_longitude": -97.58034768
      },
      "geometry": {
        "type": "LineString",
        "coordinates": [
          [
            -97.58034768,
            32.94417492
          ],
          [
            -97.58034768,
            32.94417492
          ]
        ]
      }
    },
    {
      "type": "Feature",
      "properties": {
        "segment_id": "e9960f20-1566-4cd4-810e-016a8ae71439",
        "risk_score": 0.06,
        "risk_level": "VeryLow",
        "risk_level_numeric": 1,
        "crash_count": 1,
        "aadt": 0,
        "segment_length": 0,
        "crashes_per_mile": 0,
        "recent_crashes": [
          {
            "crash_id": "20922653",
            "crash_date": "2025-07-22",
            "severity": "O_NoInjury"
          }
        ],
        "start_latitude": 32.74357781,
        "start_longitude": -97.7571313,
        "end_latitude": 32.74357781,
        "end_longitude": -97.7571313
      },
      "geometry": {
        "type": "LineString",
        "coordinates": [
          [
            -97.7571313,
            32.74357781
          ],
          [
            -97.7571313,
            32.74357781
          ]
        ]
      }
    },
    {
      "type": "Feature",
      "properties": {
        "segment_id": "4889979a-6dc3-418f-a0e0-5460e59e22dc",
        "risk_score": 0.06,
        "risk_level": "VeryLow",
        "risk_level_numeric": 1,
        "crash_count": 1,
        "aadt": 0,
        "segment_length": 0,
        "crashes_per_mile": 0,
        "recent_crashes": [
          {
            "crash_id": "20925737",
            "crash_date": "2025-07-24",
            "severity": "O_NoInjury"
          }
        ],
        "start_latitude": 32.75855017,
        "start_longitude": -97.69889234,
        "end_latitude": 32.75855017,
        "end_longitude": -97.69889234
      },
      "geometry": {
        "type": "LineString",
        "coordinates": [
          [
            -97.69889234,
            32.75855017
          ],
          [
            -97.69889234,
            32.75855017
          ]
        ]
      }
    },
    {
      "type": "Feature",
      "properties": {
        "segment_id": "a585d671-2086-4f45-b1cd-34e3fbc8e969",
        "risk_score": 0.06,
        "risk_level": "VeryLow",
        "risk_level_numeric": 1,
        "crash_count": 1,
        "aadt": 0,
        "segment_length": 0,
        "crashes_per_mile": 0,
        "recent_crashes": [
          {
            "crash_id": "20950008",
            "crash_date": "2025-08-04",
            "severity": "O_NoInjury"
          }
        ],
        "start_latitude": 32.8714785,
        "start_longitude": -97.87594432,
        "end_latitude": 32.8714785,
        "end_longitude": -97.87594432
      },
      "geometry": {
        "type": "LineString",
        "coordinates": [
          [
            -97.87594432,
            32.8714785
          ],
          [
            -97.87594432,
            32.8714785
          ]
        ]
      }
    },
    {
      "type": "Feature",
      "properties": {
        "segment_id": "47bae1d8-d8b1-463a-9320-bbbbe00e7d26",
        "risk_score": 0.06,
        "risk_level": "VeryLow",
        "risk_level_numeric": 1,
        "crash_count": 1,
        "aadt": 0,
        "segment_length": 0,
        "crashes_per_mile": 0,
        "recent_crashes": [
          {
            "crash_id": "20958332",
            "crash_date": "2025-08-13",
            "severity": "O_NoInjury"
          }
        ],
        "start_latitude": 32.77670499,
        "start_longitude": -97.72005974,
        "end_latitude": 32.77670499,
        "end_longitude": -97.72005974
      },
      "geometry": {
        "type": "LineString",
        "coordinates": [
          [
            -97.72005974,
            32.77670499
          ],
          [
            -97.72005974,
            32.77670499
          ]
        ]
      }
    },
    {
      "type": "Feature",
      "properties": {
        "segment_id": "da064db0-ffe8-47e4-942e-ab8732ee5b4b",
        "risk_score": 0.06,
        "risk_level": "VeryLow",
        "risk_level_numeric": 1,
        "crash_count": 1,
        "aadt": 0,
        "segment_length": 0,
        "crashes_per_mile": 0,
        "recent_crashes": [
          {
            "crash_id": "20958727",
            "crash_date": "2025-08-09",
            "severity": "O_NoInjury"
          }
        ],
        "start_latitude": 32.76280001,
        "start_longitude": -97.79733124,
        "end_latitude": 32.76280001,
        "end_longitude": -97.79733124
      },
      "geometry": {
        "type": "LineString",
        "coordinates": [
          [
            -97.79733124,
            32.76280001
          ],
          [
            -97.79733124,
            32.76280001
          ]
        ]
      }
    },
    {
      "type": "Feature",
      "properties": {
        "segment_id": "94a28b7f-7b43-4778-aa04-e786294e8785",
        "risk_score": 0.06,
        "risk_level": "VeryLow",
        "risk_level_numeric": 1,
        "crash_count": 1,
        "aadt": 0,
        "segment_length": 0,
        "crashes_per_mile": 0,
        "recent_crashes": [
          {
            "crash_id": "20958728",
            "crash_date": "2025-08-13",
            "severity": "O_NoInjury"
          }
        ],
        "start_latitude": 32.76416024,
        "start_longitude": -97.7973206,
        "end_latitude": 32.76416024,
        "end_longitude": -97.7973206
      },
      "geometry": {
        "type": "LineString",
        "coordinates": [
          [
            -97.7973206,
            32.76416024
          ],
          [
            -97.7973206,
            32.76416024
          ]
        ]
      }
    },
    {
      "type": "Feature",
      "properties": {
        "segment_id": "279bd81e-aa48-4cc8-9a02-8bc45f873769",
        "risk_score": 0.0475,
        "risk_level": "VeryLow",
        "risk_level_numeric": 1,
        "crash_count": 1,
        "aadt": 0,
        "segment_length": 0,
        "crashes_per_mile": 0,
        "recent_crashes": [
          {
            "crash_id": "20723219",
            "crash_date": "2025-02-27",
            "severity": "Unknown"
          }
        ],
        "start_latitude": 32.73966948,
        "start_longitude": -97.77410233,
        "end_latitude": 32.73966948,
        "end_longitude": -97.77410233
      },
      "geometry": {
        "type": "LineString",
        "coordinates": [
          [
            -97.77410233,
            32.73966948
          ],
          [
            -97.77410233,
            32.73966948
          ]
        ]
      }
    }
  ],
  "metadata": {
    "GeneratedAt": "2025-09-16T16:11:41.2942645Z",
    "DataSource": "CRIS Risk Segments",
    "StartDate": "0001-01-01",
    "EndDate": "0001-01-01",
    "TotalCrashes": 0,
    "TrafficEnabledSegments": 218,
    "ModelWeights": {
      "CrashFrequency": 0.35,
      "SeverityIndex": 0.25,
      "TrafficVolume": 0.10,
      "DrainageRisk": 0.05,
      "Environmental": 0.05
    }
  }
}