{"type":"FeatureCollection","features":[{"type":"Feature","geometry":{"type":"Polygon","coordinates":[[[-97.65236104947215,32.7139910683316],[-97.65237496412037,32.71409315854972],[-97.65240919148772,32.714163828080466],[-97.6525629241617,32.714301114115926],[-97.65272709740314,32.71444415729046],[-97.65290601597233,32.71460535123037],[-97.65315743550437,32.71480599970467],[-97.65335680230378,32.71497507288439],[-97.65347916453297,32.71505539530051],[-97.65352271498229,32.71500572603787],[-97.65412386547366,32.71323506401795],[-97.65402703561666,32.71265061939226],[-97.65403594922763,32.712042312059424],[-97.65352792930204,32.7120395432418],[-97.65352403483003,32.713241458872574],[-97.65351303239103,32.713268185015075],[-97.65312439166082,32.713462334415816],[-97.6529998819772,32.71352534107793],[-97.65264162213457,32.7137114062809],[-97.65248719124321,32.71378901311705],[-97.6523626482458,32.713856755419634],[-97.65236104947215,32.7139910683316]]]},"properties":{"parcel_id":"18804","state_cd":"","legal_desc":"LOT:  1, BLK:  1, ADDN: NEEDHAM","situs_street":"QUAIL RIDGE RD","legal_acreage":6.11,"imprv_sqft":0.0,"imprv_val":534830.0,"total_val":754790.0,"ite_code":210,"ite_land_use":"Single-Family Detached","units":1.0,"daily_trips":9.4,"am_peak_trips":0.7,"pm_peak_trips":0.9,"classification":"Residential","access_road":"Unknown","access_segment_id":"","snap_distance_m":122.3,"notes":"Heuristic (stopgap): default single-family \u2014 awaits real state_cd from Parker CAD","soil_musym":"BsE","soil_muname":"Brackett-Maloterre complex, 2 to 12 percent slopes","soil_clay_pct":28.7,"soil_ksat_um_per_s":null}},{"type":"Feature","geometry":{"type":"Polygon","coordinates":[[[-97.63901662918795,32.70370954929271],[-97.63845320186927,32.70370331786859],[-97.6384481296839,32.703669033192575],[-97.6374986321672,32.703665526372944],[-97.63674284895701,32.703657737117126],[-97.63678971000614,32.703974629632754],[-97.63765001652203,32.70440827733107],[-97.63777878053762,32.704520299439864],[-97.63889244487966,32.70446318963798],[-97.63899210108028,32.70389840407889],[-97.63901662918795,32.70370954929271]]]},"properties":{"parcel_id":"82865","state_cd":"","legal_desc":"","situs_street":"UNDERWOOD DR","legal_acreage":2.688,"imprv_sqft":0.0,"imprv_val":0.0,"total_val":138590.0,"ite_code":null,"ite_land_use":"","units":0.0,"daily_trips":0.0,"am_peak_trips":0.0,"pm_peak_trips":0.0,"classification":"Vacant","access_road":"","access_segment_id":"","snap_distance_m":null,"notes":"Heuristic (stopgap): no improvement value","soil_musym":"BsG","soil_muname":"Brackett-Maloterre soils, 12 to 30 percent slopes","soil_clay_pct":28.6,"soil_ksat_um_per_s":null}},{"type":"Feature","geometry":{"type":"Polygon","coordinates":[[[-97.71764517388037,32.73062612796577],[-97.71766359934618,32.73050939950992],[-97.71791164604029,32.7288860074232],[-97.71762253898844,32.728881080068675],[-97.717539582018,32.72887531000418],[-97.71746222351011,32.72915221511748],[-97.71741041838827,32.72913661713294],[-97.71680471061971,32.73072482691806],[-97.71726187191463,32.73082890706723],[-97.71734452894061,32.73058904524828],[-97.71744441719937,32.73059856367657],[-97.71764517388037,32.73062612796577]]]},"properties":{"parcel_id":"52651","state_cd":"","legal_desc":"","situs_street":"ANNETTA CENTERPOINT RD","legal_acreage":2.78,"imprv_sqft":0.0,"imprv_val":171600.0,"total_val":327560.0,"ite_code":210,"ite_land_use":"Single-Family Detached","units":1.0,"daily_trips":9.4,"am_peak_trips":0.7,"pm_peak_trips":0.9,"classification":"Residential","access_road":"Unknown","access_segment_id":"","snap_distance_m":32.5,"notes":"Heuristic (stopgap): default single-family \u2014 awaits real state_cd from Parker CAD","soil_musym":"VeB","soil_muname":"Venus loam, 1 to 3 percent slopes","soil_clay_pct":25,"soil_ksat_um_per_s":null}},{"type":"Feature","geometry":{"type":"Polygon","coordinates":[[[-97.6477204255676,32.71083944718007],[-97.64767441588587,32.71078899067138],[-97.64761305670994,32.710721663504486],[-97.64736439406636,32.71049746625736],[-97.64715177912097,32.71035576172378],[-97.64686260005976,32.71015242376866],[-97.64667404639663,32.710051401818006],[-97.64660145933378,32.71000735398779],[-97.6459731810127,32.711489240990254],[-97.64651050763446,32.71144629828851],[-97.64656463993596,32.71229873123353],[-97.64679741591564,32.71197819338365],[-97.6475710980076,32.71095690490131],[-97.6477204255676,32.71083944718007]]]},"properties":{"parcel_id":"46338","state_cd":"","legal_desc":"TR:, BLK:, SURV: J. D. LOVE","situs_street":"0   , , TX 000000","legal_acreage":0.55,"imprv_sqft":0.0,"imprv_val":0.0,"total_val":25990.0,"ite_code":null,"ite_land_use":"","units":0.0,"daily_trips":0.0,"am_peak_trips":0.0,"pm_peak_trips":0.0,"classification":"Vacant","access_road":"","access_segment_id":"","snap_distance_m":null,"notes":"Heuristic (stopgap): no improvement value","soil_musym":"BsE","soil_muname":"Brackett-Maloterre complex, 2 to 12 percent slopes","soil_clay_pct":28.7,"soil_ksat_um_per_s":null}},{"type":"Feature","geometry":{"type":"Polygon","coordinates":[[[-97.66285496333168,32.72449498718021],[-97.66490412399808,32.72450357893122],[-97.66490434006121,32.72543844714466],[-97.66711961334993,32.72543986641485],[-97.66711725040116,32.7245434909755],[-97.66711994931298,32.724337413904465],[-97.66506742394147,32.72433193480076],[-97.66286231552975,32.72432272282156],[-97.66285496333168,32.72449498718021]]]},"properties":{"parcel_id":"63148","state_cd":"","legal_desc":"TR:, BLK:, SURV: I & G N R R CO","situs_street":"QUAIL RIDGE RD","legal_acreage":6.86,"imprv_sqft":0.0,"imprv_val":785260.0,"total_val":1055240.0,"ite_code":210,"ite_land_use":"Single-Family Detached","units":1.0,"daily_trips":9.4,"am_peak_trips":0.7,"pm_peak_trips":0.9,"classification":"Residential","access_road":"Unknown","access_segment_id":"","snap_distance_m":256.2,"notes":"Heuristic (stopgap): default single-family \u2014 awaits real state_cd from Parker CAD","soil_musym":"VeD","soil_muname":"Venus clay loam, 5 to 8 percent slopes","soil_clay_pct":24,"soil_ksat_um_per_s":null}},{"type":"Feature","geometry":{"type":"Polygon","coordinates":[[[-97.6616948725551,32.719287003841075],[-97.66574704436664,32.719319633468885],[-97.66574756651967,32.719367961486455],[-97.66574865958242,32.719469648345026],[-97.66575222957198,32.71979917434111],[-97.6657541495998,32.71997602478183],[-97.66575489471148,32.72004491006757],[-97.66575705215544,32.72024509465598],[-97.6657573466556,32.72027211773923],[-97.66710196941196,32.720280999876806],[-97.66737164048574,32.72028082742469],[-97.66746478069992,32.72027710453629],[-97.66726354573903,32.71976273675532],[-97.66682333710932,32.718845894347254],[-97.66662155072986,32.71869182902269],[-97.66607900531375,32.71845434708104],[-97.66533383267877,32.71720948907903],[-97.66530898271745,32.71629210771182],[-97.66369692943837,32.71559300538216],[-97.66360503870206,32.71556888481261],[-97.66368384447877,32.716371331479294],[-97.6636355872731,32.71753175670916],[-97.6629207080284,32.718628565546894],[-97.66247409399314,32.7188206689785],[-97.6616948725551,32.719287003841075]]]},"properties":{"parcel_id":"44120","state_cd":"","legal_desc":"","situs_street":"HILLMONT RANCH RD","legal_acreage":1.0,"imprv_sqft":0.0,"imprv_val":1003320.0,"total_val":1029680.0,"ite_code":820,"ite_land_use":"Shopping Center/Retail","units":10.89,"daily_trips":411.1,"am_peak_trips":12.3,"pm_peak_trips":37.0,"classification":"Commercial","access_road":"Unknown","access_segment_id":"","snap_distance_m":113.8,"notes":"Heuristic (stopgap): business + commercial function","soil_musym":"BsE","soil_muname":"Brackett-Maloterre complex, 2 to 12 percent slopes","soil_clay_pct":28.7,"soil_ksat_um_per_s":null}},{"type":"Feature","geometry":{"type":"Polygon","coordinates":[[[-97.64226943887466,32.717313386632476],[-97.64025768022611,32.71783933974342],[-97.64024618406165,32.71800739168732],[-97.64002267930745,32.71840157326468],[-97.64002256208873,32.718401779878484],[-97.64037956925486,32.718601681554446],[-97.64041528427505,32.71862167997066],[-97.64068278733313,32.71842813209434],[-97.64106739378428,32.718254142520706],[-97.64118598515846,32.71820049325781],[-97.64240418317496,32.717831751682965],[-97.64233096853084,32.71742508578436],[-97.64230899720607,32.71730304401982],[-97.64226943887466,32.717313386632476]]]},"properties":{"parcel_id":"59435","state_cd":"","legal_desc":"","situs_street":"JENKINS RD","legal_acreage":3.54,"imprv_sqft":0.0,"imprv_val":1081850.0,"total_val":1266990.0,"ite_code":210,"ite_land_use":"Single-Family Detached","units":1.0,"daily_trips":9.4,"am_peak_trips":0.7,"pm_peak_trips":0.9,"classification":"Residential","access_road":"Unknown","access_segment_id":"","snap_distance_m":20.0,"notes":"Heuristic (stopgap): default single-family \u2014 awaits real state_cd from Parker CAD","soil_musym":"LaD","soil_muname":"Wise clay loam, 5 to 8 percent slopes","soil_clay_pct":28,"soil_ksat_um_per_s":null}},{"type":"Feature","geometry":{"type":"Polygon","coordinates":[[[-97.64926236257006,32.70806515429069],[-97.64891388642403,32.70879292809625],[-97.64877597441667,32.70904730007062],[-97.64968968908418,32.70941863667924],[-97.64998431164884,32.70871435434204],[-97.65020711272884,32.7084366987547],[-97.6502147075985,32.70840883941616],[-97.65021667782368,32.708380297691086],[-97.65021296768852,32.70835188035227],[-97.650203681525,32.70832438985517],[-97.65018908072817,32.70829860177154],[-97.65016957967853,32.70827524492082],[-97.65014572783303,32.7082549778001],[-97.65011819813003,32.708238374075535],[-97.65008776904598,32.708225902619105],[-97.64995409156943,32.70818651626894],[-97.64981851278618,32.70815209045441],[-97.649681288056,32.70812269094823],[-97.64954267924927,32.70809837184458],[-97.64940294829584,32.70807918092633],[-97.64926236257006,32.70806515429069]]]},"properties":{"parcel_id":"108197","state_cd":"","legal_desc":"","situs_street":"QUAIL RIDGE RD","legal_acreage":3.003,"imprv_sqft":0.0,"imprv_val":885370.0,"total_val":960040.0,"ite_code":210,"ite_land_use":"Single-Family Detached","units":1.0,"daily_trips":9.4,"am_peak_trips":0.7,"pm_peak_trips":0.9,"classification":"Residential","access_road":"Unknown","access_segment_id":"","snap_distance_m":299.9,"notes":"Heuristic (stopgap): default single-family \u2014 awaits real state_cd from Parker CAD","soil_musym":"VeC","soil_muname":"Venus loam, 3 to 5 percent slopes","soil_clay_pct":25,"soil_ksat_um_per_s":null}},{"type":"Feature","geometry":{"type":"Polygon","coordinates":[[[-97.66407294881722,32.72730495143993],[-97.66452130853159,32.72672894988401],[-97.66483981184479,32.72656956555464],[-97.66495248061617,32.72646711091147],[-97.6628227652737,32.72647742776657],[-97.66282335757673,32.72680083994887],[-97.6628363511997,32.726860423139144],[-97.66285650794016,32.726918565630456],[-97.66288361702694,32.726974651842646],[-97.66291739275948,32.72702809184339],[-97.66295747666669,32.72707831865751],[-97.66300344588801,32.72712480455688],[-97.66305481746647,32.727167058384126],[-97.66311104614678,32.72720463275284],[-97.66317153924327,32.72723713136287],[-97.6632356587485,32.727264211720396],[-97.66330272770917,32.72728558788663],[-97.66337203766088,32.727301034135515],[-97.66344285607967,32.72731038680782],[-97.66351443702592,32.727313547088684],[-97.66407294881722,32.72730495143993]]]},"properties":{"parcel_id":"63198","state_cd":"","legal_desc":"TR:, BLK:, SURV: I & G N R R CO","situs_street":"QUAIL RIDGE RD","legal_acreage":3.012,"imprv_sqft":0.0,"imprv_val":608770.0,"total_val":774250.0,"ite_code":210,"ite_land_use":"Single-Family Detached","units":1.0,"daily_trips":9.4,"am_peak_trips":0.7,"pm_peak_trips":0.9,"classification":"Residential","access_road":"Unknown","access_segment_id":"","snap_distance_m":61.4,"notes":"Heuristic (stopgap): default single-family \u2014 awaits real state_cd from Parker CAD","soil_musym":"BsE","soil_muname":"Brackett-Maloterre complex, 2 to 12 percent slopes","soil_clay_pct":28.7,"soil_ksat_um_per_s":null}},{"type":"Feature","geometry":{"type":"Polygon","coordinates":[[[-97.68274092462836,32.718306979108846],[-97.68244314840861,32.71830790813187],[-97.68220018414844,32.718518236687075],[-97.68220373719416,32.71943164401152],[-97.6822182264247,32.719418155774115],[-97.68253372946064,32.71918779280969],[-97.68274438527577,32.7190969051962],[-97.68274092462836,32.718306979108846]]]},"properties":{"parcel_id":"59477","state_cd":"","legal_desc":"TR:, BLK:, SURV: JAMES WILLIAMS","situs_street":"ANNETTA CENTERPOINT RD","legal_acreage":1.2,"imprv_sqft":0.0,"imprv_val":76860.0,"total_val":168060.0,"ite_code":210,"ite_land_use":"Single-Family Detached","units":1.0,"daily_trips":9.4,"am_peak_trips":0.7,"pm_peak_trips":0.9,"classification":"Residential","access_road":"Unknown","access_segment_id":"","snap_distance_m":51.0,"notes":"Heuristic (stopgap): default single-family \u2014 awaits real state_cd from Parker CAD","soil_musym":"ALE","soil_muname":"Aledo-Bolar association, 1 to 8 percent slopes","soil_clay_pct":30,"soil_ksat_um_per_s":null}},{"type":"Feature","geometry":{"type":"Polygon","coordinates":[[[-97.6477204255676,32.71083944718007],[-97.64767441588587,32.71078899067138],[-97.64761305670994,32.710721663504486],[-97.64736439406636,32.71049746625736],[-97.64715177912097,32.71035576172378],[-97.64686260005976,32.71015242376866],[-97.64667404639663,32.710051401818006],[-97.64660145933378,32.71000735398779],[-97.6459731810127,32.711489240990254],[-97.64651050763446,32.71144629828851],[-97.64656463993596,32.71229873123353],[-97.64679741591564,32.71197819338365],[-97.6475710980076,32.71095690490131],[-97.6477204255676,32.71083944718007]]]},"properties":{"parcel_id":"64801","state_cd":"","legal_desc":"","situs_street":"QUAIL RIDGE RD","legal_acreage":4.0,"imprv_sqft":0.0,"imprv_val":520450.0,"total_val":709450.0,"ite_code":210,"ite_land_use":"Single-Family Detached","units":1.0,"daily_trips":9.4,"am_peak_trips":0.7,"pm_peak_trips":0.9,"classification":"Residential","access_road":"Unknown","access_segment_id":"","snap_distance_m":90.9,"notes":"Heuristic (stopgap): default single-family \u2014 awaits real state_cd from Parker CAD","soil_musym":"BsE","soil_muname":"Brackett-Maloterre complex, 2 to 12 percent slopes","soil_clay_pct":28.7,"soil_ksat_um_per_s":null}},{"type":"Feature","geometry":{"type":"Polygon","coordinates":[[[-97.73298858977994,32.733043159706924],[-97.73296070983602,32.73317856227825],[-97.73325512525274,32.733221867147144],[-97.73325761356747,32.73075581862675],[-97.73326511444608,32.73042108081781],[-97.7321089846019,32.73041935332945],[-97.73155433583968,32.73040635402222],[-97.73084071323001,32.73039099320943],[-97.73058217703377,32.730390490507375],[-97.72770761761848,32.73031560863858],[-97.7277115025692,32.73078838156743],[-97.72131885429208,32.73080091355998],[-97.72128326410851,32.73146033812059],[-97.72993186713155,32.732733009173465],[-97.72995975048738,32.73259760727118],[-97.73298858977994,32.733043159706924]]]},"properties":{"parcel_id":"36387","state_cd":"","legal_desc":"","situs_street":"BUCK DOBBS RD","legal_acreage":24.04,"imprv_sqft":0.0,"imprv_val":0.0,"total_val":744030.0,"ite_code":null,"ite_land_use":"","units":0.0,"daily_trips":0.0,"am_peak_trips":0.0,"pm_peak_trips":0.0,"classification":"Vacant","access_road":"","access_segment_id":"","snap_distance_m":null,"notes":"Heuristic (stopgap): no improvement value","soil_musym":"WnD3","soil_muname":"Windthorst and Duffau sandy clay loams, 1 to 8 percent slopes, severely eroded","soil_clay_pct":23.9,"soil_ksat_um_per_s":null}},{"type":"Feature","geometry":{"type":"Polygon","coordinates":[[[-97.73050368170378,32.72628784459576],[-97.73062145642828,32.72631449447494],[-97.73079896935526,32.72635257867926],[-97.73098927750978,32.72638000357828],[-97.73128813798688,32.7264224163874],[-97.7314644671086,32.726434245128246],[-97.7316383140168,32.72640668658991],[-97.73181668417898,32.726345749764896],[-97.7320730607774,32.7262411513846],[-97.73226294782488,32.72615403789787],[-97.73243826833773,32.72611932853275],[-97.7328012296539,32.726100175285],[-97.73280101210496,32.72606435190868],[-97.73278492991044,32.723212518751055],[-97.73278384172913,32.72302024757628],[-97.73023361213842,32.723040488180175],[-97.73019400606388,32.72407208838856],[-97.73041828100294,32.72406100222489],[-97.73040919925583,32.72551231902772],[-97.73130262890163,32.72566074955331],[-97.73072141985357,32.72607392212923],[-97.73060577922166,32.726156127880444],[-97.73050514964577,32.72628576772571],[-97.73050368170378,32.72628784459576]]]},"properties":{"parcel_id":"50832","state_cd":"","legal_desc":"TR:, BLK:, SURV: JAMES RAY","situs_street":"BUCK DOBBS RD","legal_acreage":18.0,"imprv_sqft":0.0,"imprv_val":0.0,"total_val":685800.0,"ite_code":null,"ite_land_use":"","units":0.0,"daily_trips":0.0,"am_peak_trips":0.0,"pm_peak_trips":0.0,"classification":"Vacant","access_road":"","access_segment_id":"","snap_distance_m":null,"notes":"Heuristic (stopgap): no improvement value","soil_musym":"BsE","soil_muname":"Brackett-Maloterre complex, 2 to 12 percent slopes","soil_clay_pct":28.7,"soil_ksat_um_per_s":null}},{"type":"Feature","geometry":{"type":"Polygon","coordinates":[[[-97.69390196419245,32.7195710395587],[-97.69351872188884,32.7193916040097],[-97.69321959273871,32.71923037237691],[-97.69292217710236,32.71907006200646],[-97.6926148817079,32.71894986117862],[-97.69211167993025,32.718884460106096],[-97.69208988486315,32.71983767320672],[-97.6939031121259,32.719835126775294],[-97.69390196419245,32.7195710395587]]]},"properties":{"parcel_id":"50806","state_cd":"","legal_desc":"","situs_street":"ANNETTA CENTERPOINT RD","legal_acreage":1.0,"imprv_sqft":0.0,"imprv_val":740990.0,"total_val":795000.0,"ite_code":210,"ite_land_use":"Single-Family Detached","units":1.0,"daily_trips":9.4,"am_peak_trips":0.7,"pm_peak_trips":0.9,"classification":"Residential","access_road":"Unknown","access_segment_id":"","snap_distance_m":47.1,"notes":"Heuristic (stopgap): default single-family \u2014 awaits real state_cd from Parker CAD","soil_musym":"VeD","soil_muname":"Venus clay loam, 5 to 8 percent slopes","soil_clay_pct":24,"soil_ksat_um_per_s":null}},{"type":"Feature","geometry":{"type":"Polygon","coordinates":[[[-97.71915905282465,32.729012326618374],[-97.71892817218928,32.72897840864539],[-97.71852963272013,32.72895287393478],[-97.71791164604029,32.7288860074232],[-97.71766359934618,32.73050939950992],[-97.71855795068082,32.730507867960526],[-97.71875192969341,32.730427305712546],[-97.71921514219596,32.73022685571863],[-97.71915905282465,32.729012326618374]]]},"properties":{"parcel_id":"52648","state_cd":"","legal_desc":"TR:, BLK:, SURV: W M T TUBB","situs_street":"0                                             , , TX 000000","legal_acreage":4.41,"imprv_sqft":0.0,"imprv_val":0.0,"total_val":189410.0,"ite_code":null,"ite_land_use":"","units":0.0,"daily_trips":0.0,"am_peak_trips":0.0,"pm_peak_trips":0.0,"classification":"Vacant","access_road":"","access_segment_id":"","snap_distance_m":null,"notes":"Heuristic (stopgap): no improvement value","soil_musym":"WoB2","soil_muname":"Windthorst fine sandy loam, 1 to 5 percent slopes, moderately eroded","soil_clay_pct":12,"soil_ksat_um_per_s":null}},{"type":"Feature","geometry":{"type":"Polygon","coordinates":[[[-97.6486488961387,32.70926674812113],[-97.64859420128465,32.70943252165481],[-97.64943887431801,32.71044675329367],[-97.6494631311568,32.71025925207816],[-97.64946913205952,32.71021297065749],[-97.64946997757048,32.71020956024651],[-97.64947389996046,32.71019374163372],[-97.64948043099344,32.710167401886224],[-97.64948284652402,32.710160894454994],[-97.6494899441874,32.71014177426753],[-97.64949692138865,32.710122979723934],[-97.64956416074,32.709794787757374],[-97.64968968908418,32.70941863667924],[-97.64877597441667,32.70904730007062],[-97.6486488961387,32.70926674812113]]]},"properties":{"parcel_id":"0","state_cd":"","legal_desc":"","situs_street":", ,","legal_acreage":0.0,"imprv_sqft":0.0,"imprv_val":0.0,"total_val":0.0,"ite_code":null,"ite_land_use":"","units":0.0,"daily_trips":0.0,"am_peak_trips":0.0,"pm_peak_trips":0.0,"classification":"Vacant","access_road":"","access_segment_id":"","snap_distance_m":null,"notes":"Heuristic (stopgap): no improvement value","soil_musym":"VeD","soil_muname":"Venus clay loam, 5 to 8 percent slopes","soil_clay_pct":24,"soil_ksat_um_per_s":null}},{"type":"Feature","geometry":{"type":"Polygon","coordinates":[[[-97.63203322500115,32.70239486806809],[-97.63262897261924,32.70235479273175],[-97.63325825238321,32.70241563901152],[-97.63517479833217,32.7023930580142],[-97.63517743933593,32.70000105907349],[-97.63517765737535,32.700001012793216],[-97.63217341007721,32.70037067913348],[-97.6295051512281,32.7006974980463],[-97.62891427986376,32.70076533792604],[-97.62971443958264,32.70084845746837],[-97.63054496405648,32.70102564070054],[-97.6306268744592,32.701284344789315],[-97.63080728227621,32.70179374586738],[-97.63092144115755,32.70204270268935],[-97.63126584919182,32.70199639879543],[-97.63152018300637,32.70150029385658],[-97.63164164800703,32.701370861703566],[-97.631874908768,32.70139271392275],[-97.63224346226798,32.70166345968872],[-97.63230822257263,32.701871377858005],[-97.63217560499076,32.701949513139475],[-97.63192626205989,32.702139721777236],[-97.63199120234596,32.70231499352581],[-97.63203322500115,32.70239486806809]]]},"properties":{"parcel_id":"46316","state_cd":"","legal_desc":"TR:   (.971 IN A-923),","situs_street":"0   , , TX 000000","legal_acreage":27.12,"imprv_sqft":0.0,"imprv_val":0.0,"total_val":799990.0,"ite_code":null,"ite_land_use":"","units":0.0,"daily_trips":0.0,"am_peak_trips":0.0,"pm_peak_trips":0.0,"classification":"Vacant","access_road":"","access_segment_id":"","snap_distance_m":null,"notes":"Heuristic (stopgap): no improvement value","soil_musym":"Ff","soil_muname":"Frio clay loam, 0 to 1 percent slopes, frequently flooded","soil_clay_pct":37,"soil_ksat_um_per_s":null}},{"type":"Feature","geometry":{"type":"Polygon","coordinates":[[[-97.73340352178008,32.72844853433379],[-97.73333290028395,32.730756931479924],[-97.73559316316613,32.73076274673062],[-97.73561104176854,32.72840916672265],[-97.73340352178008,32.72844853433379]]]},"properties":{"parcel_id":"36390","state_cd":"","legal_desc":"TR:, BLK:, SURV: ANDREW J BELL","situs_street":"BUCK DOBBS RD","legal_acreage":1.0,"imprv_sqft":0.0,"imprv_val":340370.0,"total_val":379480.0,"ite_code":210,"ite_land_use":"Single-Family Detached","units":1.0,"daily_trips":9.4,"am_peak_trips":0.7,"pm_peak_trips":0.9,"classification":"Residential","access_road":"Unknown","access_segment_id":"","snap_distance_m":164.1,"notes":"Heuristic (stopgap): default single-family \u2014 awaits real state_cd from Parker CAD","soil_musym":"WnD3","soil_muname":"Windthorst and Duffau sandy clay loams, 1 to 8 percent slopes, severely eroded","soil_clay_pct":23.9,"soil_ksat_um_per_s":null}},{"type":"Feature","geometry":{"type":"Polygon","coordinates":[[[-97.71732945546528,32.72763916948388],[-97.7169166529871,32.72759139861078],[-97.71669320705976,32.72845854290814],[-97.71707682280852,32.728610625271564],[-97.71732945546528,32.72763916948388]]]},"properties":{"parcel_id":"9089","state_cd":"","legal_desc":"LOT:  PT LOT 5, BLK:  1, ADDN: GLENVIEW ADDN","situs_street":"ANNETTA CENTERPOINT RD","legal_acreage":1.0,"imprv_sqft":0.0,"imprv_val":138210.0,"total_val":188210.0,"ite_code":210,"ite_land_use":"Single-Family Detached","units":1.0,"daily_trips":9.4,"am_peak_trips":0.7,"pm_peak_trips":0.9,"classification":"Residential","access_road":"Unknown","access_segment_id":"","snap_distance_m":60.0,"notes":"Heuristic (stopgap): default single-family \u2014 awaits real state_cd from Parker CAD","soil_musym":"VeB","soil_muname":"Venus loam, 1 to 3 percent slopes","soil_clay_pct":25,"soil_ksat_um_per_s":null}},{"type":"Feature","geometry":{"type":"Polygon","coordinates":[[[-97.63992567525109,32.705611774200506],[-97.6348732859584,32.70754570941831],[-97.63453983740523,32.70784658343596],[-97.63459345587674,32.708318698600074],[-97.63462556402125,32.70846834411434],[-97.63429469961757,32.70855181420151],[-97.63390685297942,32.70900838507418],[-97.63473561697661,32.70907032431038],[-97.6348562354879,32.70918923781173],[-97.63984747004244,32.709201412614064],[-97.64249844929753,32.70919551002599],[-97.64265594135769,32.7091951574395],[-97.6436792381162,32.70915972319718],[-97.64314135796401,32.70791328752099],[-97.64282779365927,32.70718664493986],[-97.64271487191638,32.70692496031659],[-97.64237812720476,32.706581839781514],[-97.6421056683724,32.70632690300002],[-97.64118719337858,32.70570104416305],[-97.64034425315083,32.705470345408344],[-97.63992567525109,32.705611774200506]]]},"properties":{"parcel_id":"48134","state_cd":"","legal_desc":"","situs_street":"0   , , TX 000000","legal_acreage":35.053,"imprv_sqft":0.0,"imprv_val":0.0,"total_val":1005860.0,"ite_code":null,"ite_land_use":"","units":0.0,"daily_trips":0.0,"am_peak_trips":0.0,"pm_peak_trips":0.0,"classification":"Vacant","access_road":"","access_segment_id":"","snap_distance_m":null,"notes":"Heuristic (stopgap): no improvement value","soil_musym":"KcB","soil_muname":"Krum clay, 1 to 3 percent slopes","soil_clay_pct":43,"soil_ksat_um_per_s":null}},{"type":"Feature","geometry":{"type":"Polygon","coordinates":[[[-97.63286555433463,32.71283843183255],[-97.63279387280411,32.7129328394332],[-97.63293375628204,32.713169575927125],[-97.63314324030534,32.71368453558314],[-97.63378859219077,32.713498144327126],[-97.63373700781165,32.71278545520048],[-97.63344374135016,32.712801397776154],[-97.63341873986253,32.71267782799786],[-97.63296311246565,32.71271722955642],[-97.63290893572938,32.712784537062824],[-97.63286555433463,32.71283843183255]]]},"properties":{"parcel_id":"48120","state_cd":"","legal_desc":"TR:, BLK:, SURV: THOMAS ROLSTON","situs_street":"0   , , TX 000000","legal_acreage":2.3,"imprv_sqft":0.0,"imprv_val":0.0,"total_val":71300.0,"ite_code":null,"ite_land_use":"","units":0.0,"daily_trips":0.0,"am_peak_trips":0.0,"pm_peak_trips":0.0,"classification":"Vacant","access_road":"","access_segment_id":"","snap_distance_m":null,"notes":"Heuristic (stopgap): no improvement value","soil_musym":"LaD","soil_muname":"Wise clay loam, 5 to 8 percent slopes","soil_clay_pct":28,"soil_ksat_um_per_s":null}},{"type":"Feature","geometry":{"type":"Polygon","coordinates":[[[-97.69084369541288,32.71888292463001],[-97.69083417251237,32.71968158909818],[-97.69083368273034,32.71972269647809],[-97.69083224896742,32.71984293273797],[-97.69208988486315,32.71983767320672],[-97.69211167993025,32.718884460106096],[-97.69084369541288,32.71888292463001]]]},"properties":{"parcel_id":"71500","state_cd":"","legal_desc":"SURV:  H J ROBERTS","situs_street":"ANNETTA CENTERPOINT RD","legal_acreage":3.15,"imprv_sqft":0.0,"imprv_val":719800.0,"total_val":890690.0,"ite_code":210,"ite_land_use":"Single-Family Detached","units":1.0,"daily_trips":9.4,"am_peak_trips":0.7,"pm_peak_trips":0.9,"classification":"Residential","access_road":"Unknown","access_segment_id":"","snap_distance_m":51.4,"notes":"Heuristic (stopgap): default single-family \u2014 awaits real state_cd from Parker CAD","soil_musym":"DwD","soil_muname":"Duffau-Weatherford complex, 3 to 8 percent slopes","soil_clay_pct":9.2,"soil_ksat_um_per_s":null}},{"type":"Feature","geometry":{"type":"Polygon","coordinates":[[[-97.64550944820937,32.70963144264048],[-97.64544553075655,32.71153225062385],[-97.64577907838435,32.71150500942685],[-97.64594545798575,32.71110656961809],[-97.64582350295537,32.71088335643007],[-97.64620835590567,32.710476199066015],[-97.64644201328265,32.709915965816656],[-97.64622365478652,32.709813203488416],[-97.6457143695839,32.70968212593324],[-97.64550944820937,32.70963144264048]]]},"properties":{"parcel_id":"46330","state_cd":"","legal_desc":"TR:   PT OF A 3.87 AC TR, BLK:, SURV: J. D. LOVE","situs_street":"QUAIL RIDGE RD","legal_acreage":2.88,"imprv_sqft":0.0,"imprv_val":399990.0,"total_val":560120.0,"ite_code":210,"ite_land_use":"Single-Family Detached","units":1.0,"daily_trips":9.4,"am_peak_trips":0.7,"pm_peak_trips":0.9,"classification":"Residential","access_road":"Unknown","access_segment_id":"","snap_distance_m":89.7,"notes":"Heuristic (stopgap): default single-family \u2014 awaits real state_cd from Parker CAD","soil_musym":"BsE","soil_muname":"Brackett-Maloterre complex, 2 to 12 percent slopes","soil_clay_pct":28.7,"soil_ksat_um_per_s":null}},{"type":"Feature","geometry":{"type":"Polygon","coordinates":[[[-97.63273553274719,32.71267794232999],[-97.63290893572938,32.712784537062824],[-97.63296311246565,32.71271722955642],[-97.63341873986253,32.71267782799786],[-97.63344374135016,32.712801397776154],[-97.63373700781165,32.71278545520048],[-97.63460225032135,32.71273841387519],[-97.63543514104296,32.71269313813615],[-97.63596189632497,32.712832403005564],[-97.63613764286337,32.71287889770057],[-97.63627323447565,32.712784868412626],[-97.63660478411185,32.71240761253918],[-97.63690827862361,32.71231397890402],[-97.6370578211014,32.712182798431634],[-97.63685667332047,32.7121103438444],[-97.63700045706084,32.712012878719925],[-97.63692211296443,32.711874067713836],[-97.63710868311772,32.71174680045448],[-97.63703245943141,32.71165742913554],[-97.6368010700367,32.71169576211],[-97.63683506586611,32.71160690827511],[-97.63696914848637,32.71157424935867],[-97.63700162913044,32.711417131269855],[-97.6371913121668,32.711163576239834],[-97.63733548473807,32.71161508383771],[-97.63750781814423,32.71179195927453],[-97.63748523084536,32.71179754726705],[-97.63752300711852,32.71183364531748],[-97.64043824174543,32.711824987233065],[-97.64178519057177,32.711763072120554],[-97.64217964435177,32.71113016345993],[-97.64216369057819,32.71091343033603],[-97.64215049319368,32.71073415104537],[-97.64214112008851,32.71057342842464],[-97.64221123581068,32.710214577440304],[-97.64239188533116,32.70996091072865],[-97.64241787254474,32.709970351163534],[-97.64246676603392,32.709904518206244],[-97.64345729562035,32.70969799097191],[-97.64468650740142,32.709658312175236],[-97.64498086874612,32.70942073148863],[-97.64495418252561,32.70939967729239],[-97.64493044271123,32.70936598142173],[-97.64483590105282,32.7094014416908],[-97.64473884536388,32.70943166288504],[-97.64463968330482,32.70945651793862],[-97.644538828712,32.70947590327743],[-97.6444367026726,32.70948973792479],[-97.64433373353316,32.70949796259955],[-97.64423034938014,32.70950054507585],[-97.64412698557602,32.70949747301986],[-97.6433375550475,32.70955381947423],[-97.64246509082852,32.709734756298964],[-97.64249844929753,32.70919551002599],[-97.63984747004244,32.709201412614064],[-97.6348562354879,32.70918923781173],[-97.63407360191954,32.709196099144904],[-97.63406245435179,32.70974623390487],[-97.63266475284811,32.71031374631592],[-97.63267018570457,32.71049518388798],[-97.63270129877971,32.71153428562084],[-97.63273553274719,32.71267794232999]]]},"properties":{"parcel_id":"48130","state_cd":"","legal_desc":"","situs_street":"0   , , TX 000000","legal_acreage":42.0,"imprv_sqft":0.0,"imprv_val":0.0,"total_val":1184760.0,"ite_code":null,"ite_land_use":"","units":0.0,"daily_trips":0.0,"am_peak_trips":0.0,"pm_peak_trips":0.0,"classification":"Vacant","access_road":"","access_segment_id":"","snap_distance_m":null,"notes":"Heuristic (stopgap): no improvement value","soil_musym":"FriA","soil_muname":"Frio silty clay, 0 to 1 percent slopes, occasionally flooded","soil_clay_pct":44,"soil_ksat_um_per_s":null}},{"type":"Feature","geometry":{"type":"Polygon","coordinates":[[[-97.69452837680669,32.71975356085945],[-97.69627748662296,32.72146955156593],[-97.69637548725801,32.71972199176374],[-97.69452837680669,32.71975356085945]]]},"properties":{"parcel_id":"38199","state_cd":"","legal_desc":"TR:, BLK:, SURV: JANE COLLIE","situs_street":"ANNETTA CENTERPOINT RD","legal_acreage":1.0,"imprv_sqft":0.0,"imprv_val":203580.0,"total_val":238560.0,"ite_code":210,"ite_land_use":"Single-Family Detached","units":1.0,"daily_trips":9.4,"am_peak_trips":0.7,"pm_peak_trips":0.9,"classification":"Residential","access_road":"Unknown","access_segment_id":"","snap_distance_m":59.1,"notes":"Heuristic (stopgap): default single-family \u2014 awaits real state_cd from Parker CAD","soil_musym":"VeD","soil_muname":"Venus clay loam, 5 to 8 percent slopes","soil_clay_pct":24,"soil_ksat_um_per_s":null}},{"type":"Feature","geometry":{"type":"Polygon","coordinates":[[[-97.63248404216587,32.71482780534471],[-97.63225683517118,32.71489210079185],[-97.6312210209717,32.715189656589956],[-97.63122528193392,32.71587567385876],[-97.6312274656108,32.716227151212],[-97.63358323916304,32.714821472117194],[-97.63343907432392,32.71455754197442],[-97.63248404216587,32.71482780534471]]]},"properties":{"parcel_id":"49686","state_cd":"","legal_desc":"TR:, BLK:, SURV: JAMES S OXER","situs_street":"JENKINS RD","legal_acreage":4.0,"imprv_sqft":0.0,"imprv_val":691910.0,"total_val":891910.0,"ite_code":210,"ite_land_use":"Single-Family Detached","units":1.0,"daily_trips":9.4,"am_peak_trips":0.7,"pm_peak_trips":0.9,"classification":"Residential","access_road":"Unknown","access_segment_id":"","snap_distance_m":172.5,"notes":"Heuristic (stopgap): default single-family \u2014 awaits real state_cd from Parker CAD","soil_musym":"BsE","soil_muname":"Brackett-Maloterre complex, 2 to 12 percent slopes","soil_clay_pct":28.7,"soil_ksat_um_per_s":null}},{"type":"Feature","geometry":{"type":"Polygon","coordinates":[[[-97.6967135288373,32.717892219439825],[-97.69676008318895,32.71594333249688],[-97.69676140884248,32.71588947211778],[-97.69614130127951,32.71588999044314],[-97.69606151085121,32.715889558136986],[-97.69558693231473,32.71588598732843],[-97.69479953886288,32.71588005809628],[-97.69569287775045,32.71730246548002],[-97.69568226100267,32.717680194556884],[-97.69578110481052,32.71768575383429],[-97.69596712800531,32.71771559111213],[-97.69643106528856,32.717825378414915],[-97.69655692395335,32.71785516123154],[-97.6967135288373,32.717892219439825]]]},"properties":{"parcel_id":"32670","state_cd":"","legal_desc":"","situs_street":"WEST HILL DR","legal_acreage":1.0,"imprv_sqft":0.0,"imprv_val":1257250.0,"total_val":1312250.0,"ite_code":210,"ite_land_use":"Single-Family Detached","units":1.0,"daily_trips":9.4,"am_peak_trips":0.7,"pm_peak_trips":0.9,"classification":"Residential","access_road":"Unknown","access_segment_id":"","snap_distance_m":119.7,"notes":"Heuristic (stopgap): default single-family \u2014 awaits real state_cd from Parker CAD","soil_musym":"WnD3","soil_muname":"Windthorst and Duffau sandy clay loams, 1 to 8 percent slopes, severely eroded","soil_clay_pct":23.9,"soil_ksat_um_per_s":null}},{"type":"Feature","geometry":{"type":"Polygon","coordinates":[[[-97.6616948725551,32.719287003841075],[-97.66574704436664,32.719319633468885],[-97.66574756651967,32.719367961486455],[-97.66574865958242,32.719469648345026],[-97.66575222957198,32.71979917434111],[-97.6657541495998,32.71997602478183],[-97.66575489471148,32.72004491006757],[-97.66575705215544,32.72024509465598],[-97.6657573466556,32.72027211773923],[-97.66710196941196,32.720280999876806],[-97.66737164048574,32.72028082742469],[-97.66746478069992,32.72027710453629],[-97.66726354573903,32.71976273675532],[-97.66682333710932,32.718845894347254],[-97.66662155072986,32.71869182902269],[-97.66607900531375,32.71845434708104],[-97.66533383267877,32.71720948907903],[-97.66530898271745,32.71629210771182],[-97.66369692943837,32.71559300538216],[-97.66360503870206,32.71556888481261],[-97.66368384447877,32.716371331479294],[-97.6636355872731,32.71753175670916],[-97.6629207080284,32.718628565546894],[-97.66247409399314,32.7188206689785],[-97.6616948725551,32.719287003841075]]]},"properties":{"parcel_id":"101414","state_cd":"","legal_desc":"","situs_street":"HILLMONT RANCH RD","legal_acreage":1.0,"imprv_sqft":0.0,"imprv_val":630830.0,"total_val":657070.0,"ite_code":820,"ite_land_use":"Shopping Center/Retail","units":10.89,"daily_trips":411.1,"am_peak_trips":12.3,"pm_peak_trips":37.0,"classification":"Commercial","access_road":"Unknown","access_segment_id":"","snap_distance_m":113.8,"notes":"Heuristic (stopgap): business + commercial function","soil_musym":"BsE","soil_muname":"Brackett-Maloterre complex, 2 to 12 percent slopes","soil_clay_pct":28.7,"soil_ksat_um_per_s":null}},{"type":"Feature","geometry":{"type":"Polygon","coordinates":[[[-97.66282168731352,32.725890134940585],[-97.6628227652737,32.72647742776657],[-97.66495248061617,32.72646711091147],[-97.6650868346791,32.72617966557471],[-97.66529333171152,32.725999959344556],[-97.6653695292743,32.725877351128226],[-97.66282168731352,32.725890134940585]]]},"properties":{"parcel_id":"63199","state_cd":"","legal_desc":"TR:, BLK:, SURV: I & G N R R CO","situs_street":"QUAIL RIDGE RD","legal_acreage":4.015,"imprv_sqft":0.0,"imprv_val":433960.0,"total_val":634410.0,"ite_code":210,"ite_land_use":"Single-Family Detached","units":1.0,"daily_trips":9.4,"am_peak_trips":0.7,"pm_peak_trips":0.9,"classification":"Residential","access_road":"Unknown","access_segment_id":"","snap_distance_m":135.1,"notes":"Heuristic (stopgap): default single-family \u2014 awaits real state_cd from Parker CAD","soil_musym":"BsE","soil_muname":"Brackett-Maloterre complex, 2 to 12 percent slopes","soil_clay_pct":28.7,"soil_ksat_um_per_s":null}},{"type":"Feature","geometry":{"type":"Polygon","coordinates":[[[-97.73019400606388,32.72407208838856],[-97.73008391628001,32.72407753082331],[-97.73006558970702,32.72619121177844],[-97.73008615875493,32.726193067132435],[-97.73017151295008,32.72621267973279],[-97.73050368170378,32.72628784459576],[-97.73050514964577,32.72628576772571],[-97.73060577922166,32.726156127880444],[-97.73072141985357,32.72607392212923],[-97.73130262890163,32.72566074955331],[-97.73040919925583,32.72551231902772],[-97.73041828100294,32.72406100222489],[-97.73019400606388,32.72407208838856]]]},"properties":{"parcel_id":"50834","state_cd":"","legal_desc":"TR:, BLK:, SURV: JAMES RAY","situs_street":"BUCK DOBBS RD","legal_acreage":2.8,"imprv_sqft":0.0,"imprv_val":57060.0,"total_val":261460.0,"ite_code":210,"ite_land_use":"Single-Family Detached","units":1.0,"daily_trips":9.4,"am_peak_trips":0.7,"pm_peak_trips":0.9,"classification":"Residential","access_road":"Unknown","access_segment_id":"","snap_distance_m":103.2,"notes":"Heuristic (stopgap): default single-family \u2014 awaits real state_cd from Parker CAD","soil_musym":"DwD","soil_muname":"Duffau-Weatherford complex, 3 to 8 percent slopes","soil_clay_pct":9.2,"soil_ksat_um_per_s":null}},{"type":"Feature","geometry":{"type":"Polygon","coordinates":[[[-97.70283356906094,32.72004872304059],[-97.70286769118104,32.72005632080155],[-97.70289974574196,32.720068793282714],[-97.70292876529125,32.720085764524796],[-97.70376844447206,32.72009412971876],[-97.70414841970337,32.72021587035833],[-97.7051789521097,32.720245679158715],[-97.70519209321182,32.71907876356376],[-97.70336067331826,32.719281110892226],[-97.70312212442532,32.71930746554233],[-97.70245814359652,32.71927822678327],[-97.7024579522849,32.71927838427991],[-97.70215367307658,32.7195647892595],[-97.7022544987791,32.71962029658009],[-97.70235127754283,32.71968073257032],[-97.70244367522646,32.71974588496547],[-97.7025313673996,32.719815528938085],[-97.70261405220121,32.71988942086715],[-97.70269143960682,32.71996730548377],[-97.70276326214474,32.720048910528845],[-97.70279840577464,32.7200462275342],[-97.70283356906094,32.72004872304059]]]},"properties":{"parcel_id":"32679","state_cd":"","legal_desc":"","situs_street":"WEST HILL DR","legal_acreage":1.0,"imprv_sqft":0.0,"imprv_val":823410.0,"total_val":878410.0,"ite_code":210,"ite_land_use":"Single-Family Detached","units":1.0,"daily_trips":9.4,"am_peak_trips":0.7,"pm_peak_trips":0.9,"classification":"Residential","access_road":"Unknown","access_segment_id":"","snap_distance_m":136.0,"notes":"Heuristic (stopgap): default single-family \u2014 awaits real state_cd from Parker CAD","soil_musym":"KtC","soil_muname":"Keeter very fine sandy loam, 1 to 6 percent slopes","soil_clay_pct":7,"soil_ksat_um_per_s":null}},{"type":"Feature","geometry":{"type":"Polygon","coordinates":[[[-97.6567612025737,32.720374066751475],[-97.6570930496213,32.72037465682746],[-97.6580902699889,32.72037642499812],[-97.65810545999314,32.71978302999554],[-97.65810261875548,32.719208804214084],[-97.65810261663617,32.719208465105446],[-97.6561090612873,32.719207582732516],[-97.65612309642204,32.720221945195924],[-97.65675163227408,32.72022256916037],[-97.6567612025737,32.720374066751475]]]},"properties":{"parcel_id":"63220","state_cd":"","legal_desc":"TR:, BLK:, SURV: I & G N R R CO","situs_street":"QUAIL RIDGE RD","legal_acreage":5.768,"imprv_sqft":0.0,"imprv_val":262590.0,"total_val":500000.0,"ite_code":210,"ite_land_use":"Single-Family Detached","units":1.0,"daily_trips":9.4,"am_peak_trips":0.7,"pm_peak_trips":0.9,"classification":"Residential","access_road":"Unknown","access_segment_id":"","snap_distance_m":126.9,"notes":"Heuristic (stopgap): default single-family \u2014 awaits real state_cd from Parker CAD","soil_musym":"BsE","soil_muname":"Brackett-Maloterre complex, 2 to 12 percent slopes","soil_clay_pct":28.7,"soil_ksat_um_per_s":null}},{"type":"Feature","geometry":{"type":"Polygon","coordinates":[[[-97.63574071980396,32.71673747761276],[-97.63536066053075,32.71639865272695],[-97.63443834023403,32.71770139261321],[-97.63554073590433,32.71795455105687],[-97.63574071980396,32.71673747761276]]]},"properties":{"parcel_id":"109818","state_cd":"","legal_desc":"SOUTH ALEDO","situs_street":"JENKINS RD","legal_acreage":2.762,"imprv_sqft":0.0,"imprv_val":671840.0,"total_val":827040.0,"ite_code":210,"ite_land_use":"Single-Family Detached","units":1.0,"daily_trips":9.4,"am_peak_trips":0.7,"pm_peak_trips":0.9,"classification":"Residential","access_road":"Unknown","access_segment_id":"","snap_distance_m":95.3,"notes":"Heuristic (stopgap): default single-family \u2014 awaits real state_cd from Parker CAD","soil_musym":"LaD","soil_muname":"Wise clay loam, 5 to 8 percent slopes","soil_clay_pct":28,"soil_ksat_um_per_s":null}},{"type":"Feature","geometry":{"type":"Polygon","coordinates":[[[-97.69856877146891,32.7176140442356],[-97.69859264782538,32.71766335231223],[-97.69892438287141,32.71749846253785],[-97.69900823686127,32.71746593064424],[-97.69909468145805,32.71743867314011],[-97.69918325237805,32.71741683402865],[-97.69927347703307,32.71740053200895],[-97.6993648703199,32.71738985413635],[-97.69945694314586,32.71738485677906],[-97.69954920133712,32.71738556831682],[-97.69934812417617,32.71664075323681],[-97.69913146008302,32.71588790741065],[-97.69886372335051,32.715887953740136],[-97.6978446687252,32.715888125571944],[-97.69856877146891,32.7176140442356]]]},"properties":{"parcel_id":"32672","state_cd":"","legal_desc":"","situs_street":"WEST HILL DR","legal_acreage":5.085,"imprv_sqft":0.0,"imprv_val":679430.0,"total_val":948940.0,"ite_code":210,"ite_land_use":"Single-Family Detached","units":1.0,"daily_trips":9.4,"am_peak_trips":0.7,"pm_peak_trips":0.9,"classification":"Residential","access_road":"Unknown","access_segment_id":"","snap_distance_m":101.9,"notes":"Heuristic (stopgap): default single-family \u2014 awaits real state_cd from Parker CAD","soil_musym":"KtC","soil_muname":"Keeter very fine sandy loam, 1 to 6 percent slopes","soil_clay_pct":7,"soil_ksat_um_per_s":null}},{"type":"Feature","geometry":{"type":"Polygon","coordinates":[[[-97.69706851908289,32.71970423739],[-97.69736290409261,32.719950319612714],[-97.69847642876948,32.71995392714888],[-97.69850568168954,32.719886078926656],[-97.69852772721673,32.719816311085275],[-97.69854239188308,32.719745169027114],[-97.69854956185625,32.71967321026172],[-97.69854917980348,32.71960099717102],[-97.69854124918264,32.71952909433134],[-97.69852583212416,32.71945806669599],[-97.69850304953599,32.71938846787202],[-97.69847307893704,32.71932084371395],[-97.69843615560463,32.719255723312635],[-97.69839536916218,32.71908365899246],[-97.69640553040075,32.71906722823853],[-97.69671995514157,32.71941286447783],[-97.69706851908289,32.71970423739]]]},"properties":{"parcel_id":"32691","state_cd":"","legal_desc":"","situs_street":"FALCON RIDGE","legal_acreage":3.905,"imprv_sqft":0.0,"imprv_val":1165700.0,"total_val":1400000.0,"ite_code":210,"ite_land_use":"Single-Family Detached","units":1.0,"daily_trips":9.4,"am_peak_trips":0.7,"pm_peak_trips":0.9,"classification":"Residential","access_road":"Unknown","access_segment_id":"","snap_distance_m":105.6,"notes":"Heuristic (stopgap): default single-family \u2014 awaits real state_cd from Parker CAD","soil_musym":"ALE","soil_muname":"Aledo-Bolar association, 1 to 8 percent slopes","soil_clay_pct":30,"soil_ksat_um_per_s":null}},{"type":"Feature","geometry":{"type":"Polygon","coordinates":[[[-97.64091127468464,32.70382502542514],[-97.64126063955351,32.70446397866271],[-97.64126027891426,32.70448693723014],[-97.64125423865144,32.70487149954556],[-97.64131343459817,32.704939680759935],[-97.64126741190533,32.70518947049264],[-97.64126551730848,32.705238694710964],[-97.64118719337858,32.70570104416305],[-97.6421056683724,32.70632690300002],[-97.64237812720476,32.706581839781514],[-97.64282388756769,32.70405785851142],[-97.64154220722425,32.70335726590549],[-97.64126689704545,32.703206773069454],[-97.64091127468464,32.70382502542514]]]},"properties":{"parcel_id":"72588","state_cd":"","legal_desc":"TR:, BLK:, SURV: ROBERT CARSON","situs_street":"UNDERWOOD RD","legal_acreage":4.781,"imprv_sqft":0.0,"imprv_val":0.0,"total_val":134870.0,"ite_code":null,"ite_land_use":"","units":0.0,"daily_trips":0.0,"am_peak_trips":0.0,"pm_peak_trips":0.0,"classification":"Vacant","access_road":"","access_segment_id":"","snap_distance_m":null,"notes":"Heuristic (stopgap): no improvement value","soil_musym":"BsE","soil_muname":"Brackett-Maloterre complex, 2 to 12 percent slopes","soil_clay_pct":28.7,"soil_ksat_um_per_s":null}},{"type":"Feature","geometry":{"type":"Polygon","coordinates":[[[-97.65754121998062,32.721982266357834],[-97.65785290803815,32.72198578127623],[-97.65784766886959,32.721461516021726],[-97.65754006779673,32.72157584419033],[-97.65754121998062,32.721982266357834]]]},"properties":{"parcel_id":"0","state_cd":"","legal_desc":"","situs_street":", ,","legal_acreage":0.0,"imprv_sqft":0.0,"imprv_val":0.0,"total_val":0.0,"ite_code":null,"ite_land_use":"","units":0.0,"daily_trips":0.0,"am_peak_trips":0.0,"pm_peak_trips":0.0,"classification":"Vacant","access_road":"","access_segment_id":"","snap_distance_m":null,"notes":"Heuristic (stopgap): no improvement value","soil_musym":"BsE","soil_muname":"Brackett-Maloterre complex, 2 to 12 percent slopes","soil_clay_pct":28.7,"soil_ksat_um_per_s":null}},{"type":"Feature","geometry":{"type":"Polygon","coordinates":[[[-97.65518589475953,32.71990940782388],[-97.65571343570669,32.719955419466004],[-97.65596173666907,32.719968531638955],[-97.65590543280237,32.718552280704614],[-97.65409875863602,32.71852258568773],[-97.65411078600943,32.71962535466723],[-97.65408226911191,32.71976356967536],[-97.65440642300031,32.719802591862006],[-97.65444972610743,32.71980945375406],[-97.65449245487059,32.71981848517378],[-97.6545344719702,32.71982965452473],[-97.65457562841178,32.71984292381828],[-97.654681578075,32.71988552721414],[-97.65471107659694,32.71989851334522],[-97.65483764442149,32.71991476420189],[-97.6549329311868,32.71990623952185],[-97.65502866880381,32.7199032515653],[-97.65518589475953,32.71990940782388]]]},"properties":{"parcel_id":"60395","state_cd":"","legal_desc":"","situs_street":"QUAIL RIDGE RD","legal_acreage":1.0,"imprv_sqft":0.0,"imprv_val":126650.0,"total_val":161650.0,"ite_code":210,"ite_land_use":"Single-Family Detached","units":1.0,"daily_trips":9.4,"am_peak_trips":0.7,"pm_peak_trips":0.9,"classification":"Residential","access_road":"Unknown","access_segment_id":"","snap_distance_m":81.7,"notes":"Heuristic (stopgap): default single-family \u2014 awaits real state_cd from Parker CAD","soil_musym":"BsE","soil_muname":"Brackett-Maloterre complex, 2 to 12 percent slopes","soil_clay_pct":28.7,"soil_ksat_um_per_s":null}},{"type":"Feature","geometry":{"type":"Polygon","coordinates":[[[-97.65840858988139,32.72108920087614],[-97.65886483319923,32.72092314488288],[-97.65885123209907,32.7206678880325],[-97.65881678997098,32.72002148650307],[-97.6587736924854,32.7192126317645],[-97.6581631808177,32.71920884112536],[-97.65810261663617,32.719208465105446],[-97.65810261875548,32.719208804214084],[-97.65810545999314,32.71978302999554],[-97.6580902699889,32.72037642499812],[-97.65845493068088,32.720377309491404],[-97.65840858988139,32.72108920087614]]]},"properties":{"parcel_id":"63209","state_cd":"","legal_desc":"","situs_street":"QUAIL RIDGE RD","legal_acreage":3.021,"imprv_sqft":0.0,"imprv_val":783020.0,"total_val":948860.0,"ite_code":210,"ite_land_use":"Single-Family Detached","units":1.0,"daily_trips":9.4,"am_peak_trips":0.7,"pm_peak_trips":0.9,"classification":"Residential","access_road":"Unknown","access_segment_id":"","snap_distance_m":114.7,"notes":"Heuristic (stopgap): default single-family \u2014 awaits real state_cd from Parker CAD","soil_musym":"LaD","soil_muname":"Wise clay loam, 5 to 8 percent slopes","soil_clay_pct":28,"soil_ksat_um_per_s":null}},{"type":"Feature","geometry":{"type":"Polygon","coordinates":[[[-97.7109605693002,32.72739792174027],[-97.71091626337201,32.7276091567782],[-97.71168364393537,32.72760810959861],[-97.71169142515468,32.72755137895444],[-97.7109605693002,32.72739792174027]]]},"properties":{"parcel_id":"45244","state_cd":"","legal_desc":"","situs_street":"ANNETTA CENTERPOINT RD","legal_acreage":2.5,"imprv_sqft":0.0,"imprv_val":258810.0,"total_val":402560.0,"ite_code":210,"ite_land_use":"Single-Family Detached","units":1.0,"daily_trips":9.4,"am_peak_trips":0.7,"pm_peak_trips":0.9,"classification":"Residential","access_road":"Unknown","access_segment_id":"","snap_distance_m":15.1,"notes":"Heuristic (stopgap): default single-family \u2014 awaits real state_cd from Parker CAD","soil_musym":"WoB2","soil_muname":"Windthorst fine sandy loam, 1 to 5 percent slopes, moderately eroded","soil_clay_pct":12,"soil_ksat_um_per_s":null}},{"type":"Feature","geometry":{"type":"Polygon","coordinates":[[[-97.64735817242585,32.70749621770101],[-97.64737256994029,32.70794720973286],[-97.64815805480731,32.708145875787956],[-97.64855371103639,32.707501942968634],[-97.64830608725465,32.70713039361693],[-97.64735817242585,32.70749621770101]]]},"properties":{"parcel_id":"0","state_cd":"","legal_desc":"","situs_street":", ,","legal_acreage":0.0,"imprv_sqft":0.0,"imprv_val":0.0,"total_val":0.0,"ite_code":null,"ite_land_use":"","units":0.0,"daily_trips":0.0,"am_peak_trips":0.0,"pm_peak_trips":0.0,"classification":"Vacant","access_road":"","access_segment_id":"","snap_distance_m":null,"notes":"Heuristic (stopgap): no improvement value","soil_musym":"VeD","soil_muname":"Venus clay loam, 5 to 8 percent slopes","soil_clay_pct":24,"soil_ksat_um_per_s":null}},{"type":"Feature","geometry":{"type":"Polygon","coordinates":[[[-97.63853090871474,32.70243058616469],[-97.63950802791338,32.70243163046503],[-97.63951355515644,32.701861097078464],[-97.63853924900604,32.70185604642974],[-97.63853090871474,32.70243058616469]]]},"properties":{"parcel_id":"38819","state_cd":"","legal_desc":"","situs_street":"UNDERWOOD RD","legal_acreage":1.55,"imprv_sqft":0.0,"imprv_val":254380.0,"total_val":361330.0,"ite_code":210,"ite_land_use":"Single-Family Detached","units":1.0,"daily_trips":9.4,"am_peak_trips":0.7,"pm_peak_trips":0.9,"classification":"Residential","access_road":"Unknown","access_segment_id":"","snap_distance_m":39.4,"notes":"Heuristic (stopgap): default single-family \u2014 awaits real state_cd from Parker CAD","soil_musym":"BsG","soil_muname":"Brackett-Maloterre soils, 12 to 30 percent slopes","soil_clay_pct":28.6,"soil_ksat_um_per_s":null}},{"type":"Feature","geometry":{"type":"Polygon","coordinates":[[[-97.66711725040116,32.7245434909755],[-97.66768234086975,32.72480285079167],[-97.66796095660044,32.724823530724],[-97.66797085694839,32.72472964995819],[-97.66798833441493,32.72463656845014],[-97.6680133049421,32.72454471491247],[-97.66804565243459,32.724454521449466],[-97.6680852235524,32.724366409994666],[-97.66813183303756,32.72428079324838],[-97.66818526373949,32.7241980719725],[-97.66824526448188,32.7241186349763],[-97.66831155330578,32.724042854629495],[-97.66838382068704,32.7239710850798],[-97.66846172739459,32.72390366314103],[-97.66854490772465,32.72384090470743],[-97.66863297378501,32.72378310297887],[-97.66859394220977,32.72367055037756],[-97.6674988734905,32.72366607394273],[-97.66710291330335,32.72366445348347],[-97.66711994931298,32.724337413904465],[-97.66711725040116,32.7245434909755]]]},"properties":{"parcel_id":"128064","state_cd":"","legal_desc":"","situs_street":"0   , , TX","legal_acreage":3.085,"imprv_sqft":0.0,"imprv_val":0.0,"total_val":82560.0,"ite_code":null,"ite_land_use":"","units":0.0,"daily_trips":0.0,"am_peak_trips":0.0,"pm_peak_trips":0.0,"classification":"Vacant","access_road":"","access_segment_id":"","snap_distance_m":null,"notes":"Heuristic (stopgap): no improvement value","soil_musym":"DwD","soil_muname":"Duffau-Weatherford complex, 3 to 8 percent slopes","soil_clay_pct":9.2,"soil_ksat_um_per_s":null}},{"type":"Feature","geometry":{"type":"Polygon","coordinates":[[[-97.63644142915805,32.70238752138312],[-97.63644404796304,32.702216792545435],[-97.63637528781526,32.70199940373932],[-97.6363781249855,32.70181259104031],[-97.63637307006431,32.70159879968587],[-97.63640123019107,32.70152299391273],[-97.63650816754513,32.701282030840865],[-97.63646507750954,32.701268909776516],[-97.63566416497568,32.70123552222405],[-97.63567204393392,32.7023883284283],[-97.63644142915805,32.70238752138312]]]},"properties":{"parcel_id":"112359","state_cd":"","legal_desc":"PC E-508","situs_street":"UNDERWOOD RD","legal_acreage":2.12,"imprv_sqft":0.0,"imprv_val":541520.0,"total_val":667450.0,"ite_code":210,"ite_land_use":"Single-Family Detached","units":1.0,"daily_trips":9.4,"am_peak_trips":0.7,"pm_peak_trips":0.9,"classification":"Residential","access_road":"Unknown","access_segment_id":"","snap_distance_m":45.0,"notes":"Heuristic (stopgap): default single-family \u2014 awaits real state_cd from Parker CAD","soil_musym":"VeD","soil_muname":"Venus clay loam, 5 to 8 percent slopes","soil_clay_pct":24,"soil_ksat_um_per_s":null}},{"type":"Feature","geometry":{"type":"Polygon","coordinates":[[[-97.72054170934881,32.730607633024114],[-97.72052628741228,32.730563381233964],[-97.72040019351165,32.730337733266964],[-97.71990379555194,32.72936348828623],[-97.71988710748924,32.7293306728355],[-97.71976558146507,32.72920057774804],[-97.7196404145928,32.729122165878316],[-97.71951643808607,32.72908229886203],[-97.71951618273658,32.72908221699456],[-97.71941662050023,32.729050225664075],[-97.71916156545383,32.72901269592641],[-97.71915905282465,32.729012326618374],[-97.71921514219596,32.73022685571863],[-97.71875192969341,32.730427305712546],[-97.7189297931676,32.73108733357178],[-97.71992220676064,32.73124622015175],[-97.71993382426737,32.73124801648652],[-97.71989497606776,32.73044325769174],[-97.72054170934881,32.730607633024114]]]},"properties":{"parcel_id":"95534","state_cd":"","legal_desc":"SURV: W M T TUBB (PT IS IN A-390)","situs_street":"ANNETTA CENTERPOINT RD","legal_acreage":2.409,"imprv_sqft":0.0,"imprv_val":0.0,"total_val":104790.0,"ite_code":null,"ite_land_use":"","units":0.0,"daily_trips":0.0,"am_peak_trips":0.0,"pm_peak_trips":0.0,"classification":"Vacant","access_road":"","access_segment_id":"","snap_distance_m":null,"notes":"Heuristic (stopgap): no improvement value","soil_musym":"WoB","soil_muname":"Windthorst very fine sandy loam, 1 to 5 percent slopes","soil_clay_pct":11,"soil_ksat_um_per_s":null}},{"type":"Feature","geometry":{"type":"Polygon","coordinates":[[[-97.64611174031705,32.709659946439196],[-97.64621908184306,32.70968580230245],[-97.6462643019316,32.70962161375401],[-97.64642336723468,32.709466740090264],[-97.64644232962682,32.709262035467724],[-97.64651623481949,32.70912144723468],[-97.64654862988583,32.7091194665294],[-97.64660087863379,32.7085439937667],[-97.64660971852446,32.708446628762395],[-97.64661241656229,32.70825697877601],[-97.64738565963219,32.70835721822551],[-97.64737256994029,32.70794720973286],[-97.64735817242585,32.70749621770101],[-97.64733824756634,32.706872101480656],[-97.64733451774354,32.706755282080316],[-97.64721627773592,32.70624239689248],[-97.64698299485002,32.70616329347461],[-97.64680408655208,32.706102627012676],[-97.646534616349,32.706119073955165],[-97.64650466166279,32.70618890029787],[-97.64650450430375,32.706203055523986],[-97.64649450407076,32.707105280256066],[-97.64648339113124,32.70810795232775],[-97.64642811665851,32.70901118807347],[-97.64644584070273,32.709010136522686],[-97.64634033237392,32.70921347551564],[-97.64631735085148,32.70943244319209],[-97.64617183451095,32.70957538187935],[-97.64611174031705,32.709659946439196]]]},"properties":{"parcel_id":"49327","state_cd":"","legal_desc":"TR:, BLK:, SURV: WM. NATIONS","situs_street":"QUAIL RIDGE RD","legal_acreage":4.702,"imprv_sqft":0.0,"imprv_val":403620.0,"total_val":619160.0,"ite_code":210,"ite_land_use":"Single-Family Detached","units":1.0,"daily_trips":9.4,"am_peak_trips":0.7,"pm_peak_trips":0.9,"classification":"Residential","access_road":"Unknown","access_segment_id":"","snap_distance_m":268.7,"notes":"Heuristic (stopgap): default single-family \u2014 awaits real state_cd from Parker CAD","soil_musym":"BsE","soil_muname":"Brackett-Maloterre complex, 2 to 12 percent slopes","soil_clay_pct":28.7,"soil_ksat_um_per_s":null}},{"type":"Feature","geometry":{"type":"Polygon","coordinates":[[[-97.63346097684972,32.70644837010399],[-97.6337546495818,32.706410494791854],[-97.63482372367866,32.70700279681835],[-97.6348732859584,32.70754570941831],[-97.63992567525109,32.705611774200506],[-97.64034425315083,32.705470345408344],[-97.64010549889767,32.70540500116874],[-97.63963416772201,32.705376805868426],[-97.63939394857903,32.70536243521399],[-97.63834102772137,32.705193847651394],[-97.63777878053762,32.704520299439864],[-97.63765001652203,32.70440827733107],[-97.63678971000614,32.703974629632754],[-97.63674284895701,32.703657737117126],[-97.63669582220066,32.703352879498254],[-97.6352337297619,32.703350186472235],[-97.63510994517651,32.70253034687123],[-97.63227941041356,32.702523659977565],[-97.63225900902555,32.702772125731016],[-97.63168092012042,32.70301152316249],[-97.63134663803064,32.70355203569768],[-97.63197173583286,32.7040099289165],[-97.63179496382426,32.70423371058139],[-97.63122478395283,32.704461021421],[-97.63139990161213,32.70482543840919],[-97.63252925978267,32.705236096775096],[-97.63238057689246,32.705357863414534],[-97.63346097684972,32.70644837010399]]]},"properties":{"parcel_id":"48132","state_cd":"","legal_desc":"","situs_street":"UNDERWOOD RD","legal_acreage":1.0,"imprv_sqft":0.0,"imprv_val":921230.0,"total_val":950120.0,"ite_code":210,"ite_land_use":"Single-Family Detached","units":1.0,"daily_trips":9.4,"am_peak_trips":0.7,"pm_peak_trips":0.9,"classification":"Residential","access_road":"Unknown","access_segment_id":"","snap_distance_m":265.7,"notes":"Heuristic (stopgap): default single-family \u2014 awaits real state_cd from Parker CAD","soil_musym":"VeD","soil_muname":"Venus clay loam, 5 to 8 percent slopes","soil_clay_pct":24,"soil_ksat_um_per_s":null}},{"type":"Feature","geometry":{"type":"Polygon","coordinates":[[[-97.64187480056957,32.701826224476996],[-97.64066402635244,32.70229195073809],[-97.64066137449912,32.70256604655155],[-97.64208427832598,32.70257587792566],[-97.64209150465604,32.70182772098925],[-97.64187480056957,32.701826224476996]]]},"properties":{"parcel_id":"38828","state_cd":"","legal_desc":"","situs_street":"0   , , TX 000000","legal_acreage":2.0,"imprv_sqft":0.0,"imprv_val":0.0,"total_val":59200.0,"ite_code":null,"ite_land_use":"","units":0.0,"daily_trips":0.0,"am_peak_trips":0.0,"pm_peak_trips":0.0,"classification":"Vacant","access_road":"","access_segment_id":"","snap_distance_m":null,"notes":"Heuristic (stopgap): no improvement value","soil_musym":"BsE","soil_muname":"Brackett-Maloterre complex, 2 to 12 percent slopes","soil_clay_pct":28.7,"soil_ksat_um_per_s":null}},{"type":"Feature","geometry":{"type":"Polygon","coordinates":[[[-97.71707682280852,32.728610625271564],[-97.71729951708043,32.72869890958175],[-97.71755336461433,32.72872677592036],[-97.7175559071359,32.728322001044866],[-97.71756178102603,32.7276660543619],[-97.71732945546528,32.72763916948388],[-97.71707682280852,32.728610625271564]]]},"properties":{"parcel_id":"9090","state_cd":"","legal_desc":"LOT:  PT LOT 5, BLK:  1, ADDN: GLENVIEW ADDN","situs_street":"ANNETTA CENTERPOINT RD","legal_acreage":0.97,"imprv_sqft":0.0,"imprv_val":110070.0,"total_val":160070.0,"ite_code":210,"ite_land_use":"Single-Family Detached","units":1.0,"daily_trips":9.4,"am_peak_trips":0.7,"pm_peak_trips":0.9,"classification":"Residential","access_road":"Unknown","access_segment_id":"","snap_distance_m":57.6,"notes":"Heuristic (stopgap): default single-family \u2014 awaits real state_cd from Parker CAD","soil_musym":"WoB2","soil_muname":"Windthorst fine sandy loam, 1 to 5 percent slopes, moderately eroded","soil_clay_pct":12,"soil_ksat_um_per_s":null}},{"type":"Feature","geometry":{"type":"Polygon","coordinates":[[[-97.66216500977926,32.715200785791055],[-97.66219878944197,32.71520308057183],[-97.66259795341023,32.71520950926868],[-97.66262636968773,32.71431275049835],[-97.66216888531841,32.71430850072775],[-97.66216500977926,32.715200785791055]]]},"properties":{"parcel_id":"0","state_cd":"","legal_desc":"TR:, BLK:, SURV: L B CRESWELL","situs_street":"HILLMONT RANCH RD","legal_acreage":1.0,"imprv_sqft":0.0,"imprv_val":198940.0,"total_val":278940.0,"ite_code":null,"ite_land_use":"","units":0.0,"daily_trips":0.0,"am_peak_trips":0.0,"pm_peak_trips":0.0,"classification":"Vacant","access_road":"","access_segment_id":"","snap_distance_m":null,"notes":"Heuristic (stopgap): no improvement value","soil_musym":"VeD","soil_muname":"Venus clay loam, 5 to 8 percent slopes","soil_clay_pct":24,"soil_ksat_um_per_s":null}},{"type":"Feature","geometry":{"type":"Polygon","coordinates":[[[-97.65236919335568,32.72158117316699],[-97.65366835152383,32.72162929660773],[-97.65367229682964,32.72157433067179],[-97.65366874682424,32.719807603266624],[-97.65366067140293,32.71980406804336],[-97.65364554652135,32.71972382603288],[-97.65312231693869,32.7195931281156],[-97.65289052761611,32.71964144478882],[-97.6523722391741,32.71974948090905],[-97.65236919335568,32.72158117316699]]]},"properties":{"parcel_id":"60393","state_cd":"","legal_desc":"TR:, BLK:, SURV: B T YARBROUGH","situs_street":"QUAIL RIDGE RD","legal_acreage":5.77,"imprv_sqft":0.0,"imprv_val":0.0,"total_val":227470.0,"ite_code":null,"ite_land_use":"","units":0.0,"daily_trips":0.0,"am_peak_trips":0.0,"pm_peak_trips":0.0,"classification":"Vacant","access_road":"","access_segment_id":"","snap_distance_m":null,"notes":"Heuristic (stopgap): no improvement value","soil_musym":"BsE","soil_muname":"Brackett-Maloterre complex, 2 to 12 percent slopes","soil_clay_pct":28.7,"soil_ksat_um_per_s":null}},{"type":"Feature","geometry":{"type":"Polygon","coordinates":[[[-97.71620470899046,32.7271100211155],[-97.71880097600314,32.727259018611555],[-97.71880886823537,32.726714109441986],[-97.71641127430564,32.72667814812933],[-97.71620470899046,32.7271100211155]]]},"properties":{"parcel_id":"121666","state_cd":"","legal_desc":"F-209","situs_street":"DIXON RD","legal_acreage":3.172,"imprv_sqft":0.0,"imprv_val":0.0,"total_val":364780.0,"ite_code":null,"ite_land_use":"","units":0.0,"daily_trips":0.0,"am_peak_trips":0.0,"pm_peak_trips":0.0,"classification":"Vacant","access_road":"","access_segment_id":"","snap_distance_m":null,"notes":"Heuristic (stopgap): no improvement value","soil_musym":"VeB","soil_muname":"Venus loam, 1 to 3 percent slopes","soil_clay_pct":25,"soil_ksat_um_per_s":null}},{"type":"Feature","geometry":{"type":"Polygon","coordinates":[[[-97.64495282378661,32.709100597145564],[-97.64495328859068,32.709101734868675],[-97.6450397750185,32.709321814502324],[-97.6450867191867,32.70937081473656],[-97.64520134079282,32.709426007277884],[-97.6455138201462,32.70950976292908],[-97.64568440369351,32.70955674974547],[-97.64585677870834,32.70959372730805],[-97.64611174031705,32.709659946439196],[-97.64617183451095,32.70957538187935],[-97.64631735085148,32.70943244319209],[-97.64634033237392,32.70921347551564],[-97.64644584070273,32.709010136522686],[-97.64642811665851,32.70901118807347],[-97.64495282378661,32.709100597145564]]]},"properties":{"parcel_id":"46334","state_cd":"","legal_desc":"END OF QUAIL RIDGE","situs_street":"QUAIL RIDGE RD","legal_acreage":1.496,"imprv_sqft":0.0,"imprv_val":211180.0,"total_val":274790.0,"ite_code":210,"ite_land_use":"Single-Family Detached","units":1.0,"daily_trips":9.4,"am_peak_trips":0.7,"pm_peak_trips":0.9,"classification":"Residential","access_road":"Unknown","access_segment_id":"","snap_distance_m":34.7,"notes":"Heuristic (stopgap): default single-family \u2014 awaits real state_cd from Parker CAD","soil_musym":"BsE","soil_muname":"Brackett-Maloterre complex, 2 to 12 percent slopes","soil_clay_pct":28.7,"soil_ksat_um_per_s":null}},{"type":"Feature","geometry":{"type":"Polygon","coordinates":[[[-97.69873126932481,32.7208908690072],[-97.69872249679173,32.720916145232685],[-97.69870888111004,32.72093984086249],[-97.69869080163626,32.720961295486134],[-97.69866875767426,32.720979916202545],[-97.69864336415137,32.720995183905636],[-97.69861532261143,32.72100667564339],[-97.69858541473234,32.72101407359492],[-97.69886982475762,32.72196991811736],[-97.69886995211883,32.7219703464122],[-97.69940210691058,32.72197025768727],[-97.69966234837737,32.721968985806],[-97.70025197655244,32.72120019035883],[-97.7001080691385,32.720932938956494],[-97.6987349555621,32.720864711351865],[-97.69873126932481,32.7208908690072]]]},"properties":{"parcel_id":"32688","state_cd":"","legal_desc":"","situs_street":"FALCON RIDGE","legal_acreage":3.587,"imprv_sqft":0.0,"imprv_val":1096480.0,"total_val":1293770.0,"ite_code":210,"ite_land_use":"Single-Family Detached","units":1.0,"daily_trips":9.4,"am_peak_trips":0.7,"pm_peak_trips":0.9,"classification":"Residential","access_road":"Unknown","access_segment_id":"","snap_distance_m":103.8,"notes":"Heuristic (stopgap): default single-family \u2014 awaits real state_cd from Parker CAD","soil_musym":"ALE","soil_muname":"Aledo-Bolar association, 1 to 8 percent slopes","soil_clay_pct":30,"soil_ksat_um_per_s":null}},{"type":"Feature","geometry":{"type":"Polygon","coordinates":[[[-97.69148539457895,32.71875607590183],[-97.69149924184853,32.71840209923819],[-97.69067933359092,32.71838904511271],[-97.6906623690239,32.71875706296058],[-97.69092412220932,32.71875560734971],[-97.69148539457895,32.71875607590183]]]},"properties":{"parcel_id":"45922","state_cd":"","legal_desc":"","situs_street":"ANNETTA CENTERPOINT RD","legal_acreage":0.794,"imprv_sqft":0.0,"imprv_val":139110.0,"total_val":202630.0,"ite_code":210,"ite_land_use":"Single-Family Detached","units":1.0,"daily_trips":9.4,"am_peak_trips":0.7,"pm_peak_trips":0.9,"classification":"Residential","access_road":"Unknown","access_segment_id":"","snap_distance_m":26.7,"notes":"Heuristic (stopgap): default single-family \u2014 awaits real state_cd from Parker CAD","soil_musym":"WoB","soil_muname":"Windthorst very fine sandy loam, 1 to 5 percent slopes","soil_clay_pct":11,"soil_ksat_um_per_s":null}},{"type":"Feature","geometry":{"type":"Polygon","coordinates":[[[-97.71997976387293,32.73160453137266],[-97.71982285523676,32.7333995650522],[-97.72129435015333,32.733172616895594],[-97.72164091405247,32.73311929379111],[-97.72149812223996,32.73283673544748],[-97.72094798996001,32.73174810696976],[-97.71997976387293,32.73160453137266]]]},"properties":{"parcel_id":"102811","state_cd":"","legal_desc":"TR:, BLK:, SURV: N J HOLDER","situs_street":"CENTER POINT RD","legal_acreage":1.87,"imprv_sqft":0.0,"imprv_val":0.0,"total_val":89120.0,"ite_code":null,"ite_land_use":"","units":0.0,"daily_trips":0.0,"am_peak_trips":0.0,"pm_peak_trips":0.0,"classification":"Vacant","access_road":"","access_segment_id":"","snap_distance_m":null,"notes":"Heuristic (stopgap): no improvement value","soil_musym":"ThB","soil_muname":"Thurber clay loam, 1 to 3 percent slopes","soil_clay_pct":29,"soil_ksat_um_per_s":null}},{"type":"Feature","geometry":{"type":"Polygon","coordinates":[[[-97.66114553162481,32.72013877288115],[-97.66228383783901,32.72015798511789],[-97.66259884682125,32.720170917718654],[-97.66271201622705,32.720203177228825],[-97.66280639383177,32.72025256055233],[-97.66291719665232,32.72025329433116],[-97.66297302840685,32.72025350535718],[-97.66481315692478,32.720265693709784],[-97.66496533058069,32.720266725337716],[-97.66498144752428,32.72026683904399],[-97.6657573466556,32.72027211773923],[-97.66575705215544,32.72024509465598],[-97.66575489471148,32.72004491006757],[-97.6657541495998,32.71997602478183],[-97.66575222957198,32.71979917434111],[-97.66574865958242,32.719469648345026],[-97.66574756651967,32.719367961486455],[-97.66574704436664,32.719319633468885],[-97.6616948725551,32.719287003841075],[-97.66160245581278,32.71934231919723],[-97.66137125092999,32.71948070223604],[-97.66128385234855,32.72000997771862],[-97.66120765083512,32.72008019069588],[-97.66114553162481,32.72013877288115]]]},"properties":{"parcel_id":"44127","state_cd":"","legal_desc":"TR:, BLK:, SURV: RICHARD HOOD","situs_street":"QUAIL RIDGE RD","legal_acreage":10.44,"imprv_sqft":0.0,"imprv_val":281590.0,"total_val":666950.0,"ite_code":210,"ite_land_use":"Single-Family Detached","units":1.0,"daily_trips":9.4,"am_peak_trips":0.7,"pm_peak_trips":0.9,"classification":"Residential","access_road":"Unknown","access_segment_id":"","snap_distance_m":111.7,"notes":"Heuristic (stopgap): default single-family \u2014 awaits real state_cd from Parker CAD","soil_musym":"BsE","soil_muname":"Brackett-Maloterre complex, 2 to 12 percent slopes","soil_clay_pct":28.7,"soil_ksat_um_per_s":null}},{"type":"Feature","geometry":{"type":"Polygon","coordinates":[[[-97.71755336461433,32.72872677592036],[-97.71793432489956,32.72876974397961],[-97.71793244643516,32.72843946590346],[-97.7179317414295,32.72831696517159],[-97.71793240977551,32.728078632377326],[-97.71793474797997,32.72770921382168],[-97.71756178102603,32.7276660543619],[-97.7175559071359,32.728322001044866],[-97.71755336461433,32.72872677592036]]]},"properties":{"parcel_id":"9088","state_cd":"","legal_desc":"","situs_street":"ANNETTA CENTERPOINT RD","legal_acreage":1.0,"imprv_sqft":0.0,"imprv_val":164810.0,"total_val":214810.0,"ite_code":210,"ite_land_use":"Single-Family Detached","units":1.0,"daily_trips":9.4,"am_peak_trips":0.7,"pm_peak_trips":0.9,"classification":"Residential","access_road":"Unknown","access_segment_id":"","snap_distance_m":66.6,"notes":"Heuristic (stopgap): default single-family \u2014 awaits real state_cd from Parker CAD","soil_musym":"WoB","soil_muname":"Windthorst very fine sandy loam, 1 to 5 percent slopes","soil_clay_pct":11,"soil_ksat_um_per_s":null}},{"type":"Feature","geometry":{"type":"Polygon","coordinates":[[[-97.65424623947509,32.717072979743136],[-97.65413427184211,32.71705607008339],[-97.6530151971311,32.71688878653725],[-97.65297895229698,32.718387910462695],[-97.65408919093673,32.718417231752724],[-97.65590729016871,32.71846765140533],[-97.65590512404648,32.71780908210147],[-97.655136663553,32.717745321985504],[-97.6547594194258,32.71753744852291],[-97.65458534783674,32.717276399059585],[-97.65424623947509,32.717072979743136]]]},"properties":{"parcel_id":"60386","state_cd":"","legal_desc":"TR:, BLK:, SURV: B T YARBROUGH","situs_street":"QUAIL RIDGE RD","legal_acreage":8.21,"imprv_sqft":0.0,"imprv_val":1043590.0,"total_val":1358380.0,"ite_code":210,"ite_land_use":"Single-Family Detached","units":1.0,"daily_trips":9.4,"am_peak_trips":0.7,"pm_peak_trips":0.9,"classification":"Residential","access_road":"Unknown","access_segment_id":"","snap_distance_m":69.9,"notes":"Heuristic (stopgap): default single-family \u2014 awaits real state_cd from Parker CAD","soil_musym":"BsE","soil_muname":"Brackett-Maloterre complex, 2 to 12 percent slopes","soil_clay_pct":28.7,"soil_ksat_um_per_s":null}},{"type":"Feature","geometry":{"type":"Polygon","coordinates":[[[-97.65285720386895,32.719553626660286],[-97.65308780391139,32.719510295471096],[-97.65311455675685,32.71951380740834],[-97.65335523298032,32.71955607283366],[-97.65340674828202,32.71956575159205],[-97.65342708327056,32.71956957236227],[-97.65341531999071,32.71851161331351],[-97.6530142458208,32.718504959124566],[-97.65245510648134,32.7184940674354],[-97.65285720386895,32.719553626660286]]]},"properties":{"parcel_id":"99633","state_cd":"","legal_desc":"","situs_street":"0   , , TX","legal_acreage":2.216,"imprv_sqft":0.0,"imprv_val":0.0,"total_val":88640.0,"ite_code":null,"ite_land_use":"","units":0.0,"daily_trips":0.0,"am_peak_trips":0.0,"pm_peak_trips":0.0,"classification":"Vacant","access_road":"","access_segment_id":"","snap_distance_m":null,"notes":"Heuristic (stopgap): no improvement value","soil_musym":"BsE","soil_muname":"Brackett-Maloterre complex, 2 to 12 percent slopes","soil_clay_pct":28.7,"soil_ksat_um_per_s":null}},{"type":"Feature","geometry":{"type":"Polygon","coordinates":[[[-97.63904001941857,32.72397262395994],[-97.63903549413618,32.722453805545506],[-97.6377282524343,32.722861713320945],[-97.63775113423797,32.723060448117394],[-97.63773687143556,32.723477814440045],[-97.63773091092526,32.72365292903179],[-97.63769722540255,32.72423154169606],[-97.6382111963868,32.72424163350416],[-97.63831833277204,32.72430967675763],[-97.63866436839575,32.72431689679774],[-97.63886979668328,32.72411861708418],[-97.63904001941857,32.72397262395994]]]},"properties":{"parcel_id":"49717","state_cd":"","legal_desc":"TR:, BLK:, SURV: JAMES S OXER","situs_street":"JENKINS RD","legal_acreage":3.68,"imprv_sqft":0.0,"imprv_val":0.0,"total_val":139720.0,"ite_code":null,"ite_land_use":"","units":0.0,"daily_trips":0.0,"am_peak_trips":0.0,"pm_peak_trips":0.0,"classification":"Vacant","access_road":"","access_segment_id":"","snap_distance_m":null,"notes":"Heuristic (stopgap): no improvement value","soil_musym":"BsE","soil_muname":"Brackett-Maloterre complex, 2 to 12 percent slopes","soil_clay_pct":28.7,"soil_ksat_um_per_s":null}},{"type":"Feature","geometry":{"type":"Polygon","coordinates":[[[-97.64154220722425,32.70335726590549],[-97.64282388756769,32.70405785851142],[-97.6439213461004,32.704677057411935],[-97.64445050196919,32.70497224260004],[-97.64445054207482,32.704427908074514],[-97.64444672418452,32.70322457459844],[-97.64390854020945,32.7032603676311],[-97.64391815266237,32.70258852713575],[-97.6438911191398,32.700206434013324],[-97.6427461129506,32.700325198215964],[-97.63987601637233,32.70064024193768],[-97.638264618501,32.700775764447116],[-97.63826652351418,32.700888011837954],[-97.63831065348293,32.701284418899014],[-97.63820577680748,32.70162252418563],[-97.6380913713148,32.7018512357664],[-97.63853830349733,32.70185433537996],[-97.63951355515644,32.701861097078464],[-97.63950875264038,32.701643703865386],[-97.64037023535693,32.70164966726434],[-97.64036259604208,32.70243899885348],[-97.63950802791338,32.70243163046503],[-97.63853090871474,32.70243058616469],[-97.6377949387782,32.702425481117785],[-97.6365788149481,32.70241634151089],[-97.63659261416595,32.702526499935125],[-97.63739725657409,32.70253224851298],[-97.63828265004354,32.70253856728734],[-97.63903780709656,32.70254395210285],[-97.63956325844991,32.70254769578656],[-97.63971112963735,32.70254874949826],[-97.64024807227092,32.70278783688454],[-97.64126689704545,32.703206773069454],[-97.64154220722425,32.70335726590549]],[[-97.64187480056957,32.701826224476996],[-97.64209150465604,32.70182772098925],[-97.64208427832598,32.70257587792566],[-97.64066137449912,32.70256604655155],[-97.64066402635244,32.70229195073809],[-97.64187480056957,32.701826224476996]]]},"properties":{"parcel_id":"38826","state_cd":"","legal_desc":"","situs_street":"0   , , TX 000000","legal_acreage":10.52,"imprv_sqft":0.0,"imprv_val":0.0,"total_val":311410.0,"ite_code":null,"ite_land_use":"","units":0.0,"daily_trips":0.0,"am_peak_trips":0.0,"pm_peak_trips":0.0,"classification":"Vacant","access_road":"","access_segment_id":"","snap_distance_m":null,"notes":"Heuristic (stopgap): no improvement value","soil_musym":"BsE","soil_muname":"Brackett-Maloterre complex, 2 to 12 percent slopes","soil_clay_pct":28.7,"soil_ksat_um_per_s":null}},{"type":"Feature","geometry":{"type":"Polygon","coordinates":[[[-97.71997976387293,32.73160453137266],[-97.71982285523676,32.7333995650522],[-97.72129435015333,32.733172616895594],[-97.72164091405247,32.73311929379111],[-97.72149812223996,32.73283673544748],[-97.72094798996001,32.73174810696976],[-97.71997976387293,32.73160453137266]]]},"properties":{"parcel_id":"102812","state_cd":"","legal_desc":"TR:, BLK:, SURV: INT & G N R R CO","situs_street":"0   , , TX","legal_acreage":3.841,"imprv_sqft":0.0,"imprv_val":44000.0,"total_val":227060.0,"ite_code":210,"ite_land_use":"Single-Family Detached","units":1.0,"daily_trips":9.4,"am_peak_trips":0.7,"pm_peak_trips":0.9,"classification":"Residential","access_road":"Unknown","access_segment_id":"","snap_distance_m":85.7,"notes":"Heuristic (stopgap): default single-family \u2014 awaits real state_cd from Parker CAD","soil_musym":"ThB","soil_muname":"Thurber clay loam, 1 to 3 percent slopes","soil_clay_pct":29,"soil_ksat_um_per_s":null}},{"type":"Feature","geometry":{"type":"Polygon","coordinates":[[[-97.65412627432514,32.715680186897835],[-97.65222056840358,32.71565796797055],[-97.65165265325702,32.71672878995307],[-97.65165019758389,32.71681152847623],[-97.6530151971311,32.71688878653725],[-97.65413427184211,32.71705607008339],[-97.65412986983227,32.71677968087491],[-97.65412627432514,32.715680186897835]]]},"properties":{"parcel_id":"124793","state_cd":"","legal_desc":"TR:, BLK:, SURV: B T YARBROUGH","situs_street":"QUAIL RIDGE RD","legal_acreage":6.052,"imprv_sqft":0.0,"imprv_val":0.0,"total_val":237310.0,"ite_code":null,"ite_land_use":"","units":0.0,"daily_trips":0.0,"am_peak_trips":0.0,"pm_peak_trips":0.0,"classification":"Vacant","access_road":"","access_segment_id":"","snap_distance_m":null,"notes":"Heuristic (stopgap): no improvement value","soil_musym":"VeD","soil_muname":"Venus clay loam, 5 to 8 percent slopes","soil_clay_pct":24,"soil_ksat_um_per_s":null}},{"type":"Feature","geometry":{"type":"Polygon","coordinates":[[[-97.65165019758389,32.71681152847623],[-97.65161245160753,32.71835180672325],[-97.65297895229698,32.718387910462695],[-97.6530151971311,32.71688878653725],[-97.65165019758389,32.71681152847623]]]},"properties":{"parcel_id":"60378","state_cd":"","legal_desc":"TR:, BLK:, SURV: B T YARBROUGH","situs_street":"QUAIL RIDGE RD","legal_acreage":5.337,"imprv_sqft":0.0,"imprv_val":486520.0,"total_val":717690.0,"ite_code":210,"ite_land_use":"Single-Family Detached","units":1.0,"daily_trips":9.4,"am_peak_trips":0.7,"pm_peak_trips":0.9,"classification":"Residential","access_road":"Unknown","access_segment_id":"","snap_distance_m":83.4,"notes":"Heuristic (stopgap): default single-family \u2014 awaits real state_cd from Parker CAD","soil_musym":"VeD","soil_muname":"Venus clay loam, 5 to 8 percent slopes","soil_clay_pct":24,"soil_ksat_um_per_s":null}},{"type":"Feature","geometry":{"type":"Polygon","coordinates":[[[-97.64369322365167,32.71876900538598],[-97.64408561735509,32.71896409343794],[-97.64415348653057,32.71905751338388],[-97.6445134268719,32.71925937308894],[-97.64447310408579,32.71944988672578],[-97.64443471192901,32.71983021824356],[-97.64443319891403,32.71985770334974],[-97.64442106847268,32.720074997517415],[-97.64436624269706,32.72019914532416],[-97.64435076649627,32.720354090677304],[-97.64432610541985,32.720395573598175],[-97.64412655730219,32.72061852767082],[-97.64646152131299,32.72038723355568],[-97.64860327948443,32.719603015984106],[-97.64872058449545,32.71914316602149],[-97.65052864735428,32.71854753939224],[-97.65141455899851,32.71865779778072],[-97.65157756683283,32.71847725716593],[-97.65181350606328,32.71848120444964],[-97.65189119179816,32.718482761863406],[-97.65245510648134,32.7184940674354],[-97.6530142458208,32.718504959124566],[-97.65341531999071,32.71851161331351],[-97.65341688265302,32.71851163929051],[-97.65356541460604,32.71851398580481],[-97.65409875863602,32.71852258568773],[-97.65590543280237,32.718552280704614],[-97.65590729016871,32.71846765140533],[-97.65408919093673,32.718417231752724],[-97.65297895229698,32.718387910462695],[-97.65161245160753,32.71835180672325],[-97.65165019758389,32.71681152847623],[-97.65165265325702,32.71672878995307],[-97.65043204906614,32.71652941104786],[-97.65027784272758,32.71622794239377],[-97.64241830753447,32.71784714990325],[-97.64289878397851,32.71819980714163],[-97.64337322981227,32.71828917433141],[-97.64354785304673,32.71846106701311],[-97.64369322365167,32.71876900538598]]]},"properties":{"parcel_id":"59469","state_cd":"","legal_desc":"TR:, BLK:, SURV: WILSON WOODS","situs_street":"0                                             , , TX 000000","legal_acreage":28.4,"imprv_sqft":0.0,"imprv_val":0.0,"total_val":823010.0,"ite_code":null,"ite_land_use":"","units":0.0,"daily_trips":0.0,"am_peak_trips":0.0,"pm_peak_trips":0.0,"classification":"Vacant","access_road":"","access_segment_id":"","snap_distance_m":null,"notes":"Heuristic (stopgap): no improvement value","soil_musym":"VeC","soil_muname":"Venus loam, 3 to 5 percent slopes","soil_clay_pct":25,"soil_ksat_um_per_s":null}},{"type":"Feature","geometry":{"type":"Polygon","coordinates":[[[-97.63698608154802,32.719836441046624],[-97.63799703802334,32.720109572163416],[-97.63806830385442,32.719936669998845],[-97.63815272584579,32.7197048412118],[-97.63860112716065,32.71859689709569],[-97.6374354614428,32.718542219421494],[-97.63741419954879,32.71862831645896],[-97.63739084963883,32.71871399226548],[-97.63736541498642,32.71879923874592],[-97.63733790660395,32.71888401990166],[-97.63704130704318,32.719711504671025],[-97.63698608154802,32.719836441046624]]]},"properties":{"parcel_id":"96225","state_cd":"","legal_desc":"1ST YELLOW FRAME ON LEFT","situs_street":"BELLE CIR","legal_acreage":1.34,"imprv_sqft":0.0,"imprv_val":67310.0,"total_val":116360.0,"ite_code":210,"ite_land_use":"Single-Family Detached","units":1.0,"daily_trips":9.4,"am_peak_trips":0.7,"pm_peak_trips":0.9,"classification":"Residential","access_road":"Unknown","access_segment_id":"","snap_distance_m":70.3,"notes":"Heuristic (stopgap): default single-family \u2014 awaits real state_cd from Parker CAD","soil_musym":"LaD","soil_muname":"Wise clay loam, 5 to 8 percent slopes","soil_clay_pct":28,"soil_ksat_um_per_s":null}},{"type":"Feature","geometry":{"type":"Polygon","coordinates":[[[-97.64660087863379,32.7085439937667],[-97.64654862988583,32.7091194665294],[-97.64651623481949,32.70912144723468],[-97.64644232962682,32.709262035467724],[-97.64642336723468,32.709466740090264],[-97.6462643019316,32.70962161375401],[-97.64621908184306,32.70968580230245],[-97.64633400951713,32.709716036354585],[-97.64678152267274,32.70997746415619],[-97.64704829831949,32.70946973098977],[-97.64709468359456,32.70937988626065],[-97.64714864177886,32.709293116485824],[-97.64720988900301,32.70920987694426],[-97.64727810316698,32.70913060551651],[-97.64735292613382,32.70905571638738],[-97.647433966887,32.70898560457692],[-97.64660087863379,32.7085439937667]]]},"properties":{"parcel_id":"0","state_cd":"","legal_desc":"","situs_street":", ,","legal_acreage":0.0,"imprv_sqft":0.0,"imprv_val":0.0,"total_val":0.0,"ite_code":null,"ite_land_use":"","units":0.0,"daily_trips":0.0,"am_peak_trips":0.0,"pm_peak_trips":0.0,"classification":"Vacant","access_road":"","access_segment_id":"","snap_distance_m":null,"notes":"Heuristic (stopgap): no improvement value","soil_musym":"BsE","soil_muname":"Brackett-Maloterre complex, 2 to 12 percent slopes","soil_clay_pct":28.7,"soil_ksat_um_per_s":null}},{"type":"Feature","geometry":{"type":"Polygon","coordinates":[[[-97.63985043147144,32.70458823252396],[-97.63957113404759,32.70454940318352],[-97.63889244487966,32.70446318963798],[-97.63777878053762,32.704520299439864],[-97.63834102772137,32.705193847651394],[-97.63939394857903,32.70536243521399],[-97.63963416772201,32.705376805868426],[-97.6396420712882,32.70456088883782],[-97.63985043147144,32.70458823252396]]]},"properties":{"parcel_id":"116210","state_cd":"","legal_desc":"PC E-724","situs_street":"UNDERWOOD RD","legal_acreage":3.17,"imprv_sqft":0.0,"imprv_val":734470.0,"total_val":861270.0,"ite_code":210,"ite_land_use":"Single-Family Detached","units":1.0,"daily_trips":9.4,"am_peak_trips":0.7,"pm_peak_trips":0.9,"classification":"Residential","access_road":"Unknown","access_segment_id":"","snap_distance_m":262.9,"notes":"Heuristic (stopgap): default single-family \u2014 awaits real state_cd from Parker CAD","soil_musym":"BsG","soil_muname":"Brackett-Maloterre soils, 12 to 30 percent slopes","soil_clay_pct":28.6,"soil_ksat_um_per_s":null}},{"type":"Feature","geometry":{"type":"Polygon","coordinates":[[[-97.63904212383528,32.72468134368013],[-97.63921694447808,32.72476892278535],[-97.63904194712164,32.724625732735916],[-97.63892496105221,32.724529977538104],[-97.63866436839575,32.72431689679774],[-97.63831833277204,32.72430967675763],[-97.63880611219979,32.72472511195868],[-97.63904212383528,32.72468134368013]]]},"properties":{"parcel_id":"49708","state_cd":"","legal_desc":"TR:, BLK:, SURV: JAMES S OXER","situs_street":"JENKINS RD","legal_acreage":0.5,"imprv_sqft":0.0,"imprv_val":0.0,"total_val":26820.0,"ite_code":null,"ite_land_use":"","units":0.0,"daily_trips":0.0,"am_peak_trips":0.0,"pm_peak_trips":0.0,"classification":"Vacant","access_road":"","access_segment_id":"","snap_distance_m":null,"notes":"Heuristic (stopgap): no improvement value","soil_musym":"BsE","soil_muname":"Brackett-Maloterre complex, 2 to 12 percent slopes","soil_clay_pct":28.7,"soil_ksat_um_per_s":null}},{"type":"Feature","geometry":{"type":"Polygon","coordinates":[[[-97.71697422920354,32.72613815779273],[-97.71881687356081,32.72616130623989],[-97.71882478034105,32.72561532754062],[-97.71842406436647,32.7256110270124],[-97.7175139713533,32.72569799339777],[-97.71742415971958,32.7257065752829],[-97.7169845988166,32.72612821087384],[-97.71697422920354,32.72613815779273]]]},"properties":{"parcel_id":"121668","state_cd":"","legal_desc":"F-209","situs_street":"DIXON RD","legal_acreage":2.079,"imprv_sqft":0.0,"imprv_val":0.0,"total_val":270270.0,"ite_code":null,"ite_land_use":"","units":0.0,"daily_trips":0.0,"am_peak_trips":0.0,"pm_peak_trips":0.0,"classification":"Vacant","access_road":"","access_segment_id":"","snap_distance_m":null,"notes":"Heuristic (stopgap): no improvement value","soil_musym":"VeB","soil_muname":"Venus loam, 1 to 3 percent slopes","soil_clay_pct":25,"soil_ksat_um_per_s":null}},{"type":"Feature","geometry":{"type":"Polygon","coordinates":[[[-97.63903549413618,32.722453805545506],[-97.63904001941857,32.72397262395994],[-97.63911248957434,32.72391045209938],[-97.63954385120144,32.72368940972022],[-97.6399618450119,32.723542353804696],[-97.64002214364127,32.723111725852974],[-97.64001862846351,32.72262510248379],[-97.63992930012205,32.72229610808196],[-97.63985128311538,32.72219922194488],[-97.63903549413618,32.722453805545506]]]},"properties":{"parcel_id":"59453","state_cd":"","legal_desc":"TR:, BLK:, SURV: WILSON WOODS","situs_street":"JENKINS RD","legal_acreage":4.02,"imprv_sqft":0.0,"imprv_val":0.0,"total_val":152630.0,"ite_code":null,"ite_land_use":"","units":0.0,"daily_trips":0.0,"am_peak_trips":0.0,"pm_peak_trips":0.0,"classification":"Vacant","access_road":"","access_segment_id":"","snap_distance_m":null,"notes":"Heuristic (stopgap): no improvement value","soil_musym":"BsE","soil_muname":"Brackett-Maloterre complex, 2 to 12 percent slopes","soil_clay_pct":28.7,"soil_ksat_um_per_s":null}},{"type":"Feature","geometry":{"type":"Polygon","coordinates":[[[-97.63992567525109,32.705611774200506],[-97.6348732859584,32.70754570941831],[-97.63453983740523,32.70784658343596],[-97.63459345587674,32.708318698600074],[-97.63462556402125,32.70846834411434],[-97.63429469961757,32.70855181420151],[-97.63390685297942,32.70900838507418],[-97.63473561697661,32.70907032431038],[-97.6348562354879,32.70918923781173],[-97.63984747004244,32.709201412614064],[-97.64249844929753,32.70919551002599],[-97.64265594135769,32.7091951574395],[-97.6436792381162,32.70915972319718],[-97.64314135796401,32.70791328752099],[-97.64282779365927,32.70718664493986],[-97.64271487191638,32.70692496031659],[-97.64237812720476,32.706581839781514],[-97.6421056683724,32.70632690300002],[-97.64118719337858,32.70570104416305],[-97.64034425315083,32.705470345408344],[-97.63992567525109,32.705611774200506]]]},"properties":{"parcel_id":"35496","state_cd":"","legal_desc":"SURV: JACOB BROCKMAN","situs_street":"UNDERWOOD RD","legal_acreage":1.0,"imprv_sqft":0.0,"imprv_val":284570.0,"total_val":313310.0,"ite_code":210,"ite_land_use":"Single-Family Detached","units":1.0,"daily_trips":9.4,"am_peak_trips":0.7,"pm_peak_trips":0.9,"classification":"Residential","access_road":"Unknown","access_segment_id":"","snap_distance_m":407.8,"notes":"Heuristic (stopgap): default single-family \u2014 awaits real state_cd from Parker CAD","soil_musym":"KcB","soil_muname":"Krum clay, 1 to 3 percent slopes","soil_clay_pct":43,"soil_ksat_um_per_s":null}},{"type":"Feature","geometry":{"type":"Polygon","coordinates":[[[-97.63122632761024,32.71740083319873],[-97.63122631934618,32.7174094205417],[-97.63399615824295,32.71519464578705],[-97.63358323916304,32.714821472117194],[-97.6312274656108,32.716227151212],[-97.63122741113142,32.7162832106354],[-97.6312271375733,32.71656569833153],[-97.63122687114246,32.71684058709759],[-97.63122659883622,32.71712120165408],[-97.63122632761024,32.71740083319873]]]},"properties":{"parcel_id":"49691","state_cd":"","legal_desc":"TR:, BLK:, SURV: JAMES S OXER","situs_street":"JENKINS RD","legal_acreage":6.223,"imprv_sqft":0.0,"imprv_val":749770.0,"total_val":997650.0,"ite_code":210,"ite_land_use":"Single-Family Detached","units":1.0,"daily_trips":9.4,"am_peak_trips":0.7,"pm_peak_trips":0.9,"classification":"Residential","access_road":"Unknown","access_segment_id":"","snap_distance_m":197.1,"notes":"Heuristic (stopgap): default single-family \u2014 awaits real state_cd from Parker CAD","soil_musym":"BsE","soil_muname":"Brackett-Maloterre complex, 2 to 12 percent slopes","soil_clay_pct":28.7,"soil_ksat_um_per_s":null}},{"type":"Feature","geometry":{"type":"Polygon","coordinates":[[[-97.64656463993596,32.71229873123353],[-97.64659770311381,32.71281938390045],[-97.64701480177754,32.712813608047064],[-97.64838599447803,32.711466397114386],[-97.64833622453557,32.71141831219706],[-97.6480787220355,32.71116956344966],[-97.64780446977892,32.71093161344253],[-97.6477204255676,32.71083944718007],[-97.6475710980076,32.71095690490131],[-97.64679741591564,32.71197819338365],[-97.64656463993596,32.71229873123353]]]},"properties":{"parcel_id":"64803","state_cd":"","legal_desc":"","situs_street":"QUAIL RIDGE RD","legal_acreage":4.316,"imprv_sqft":0.0,"imprv_val":185100.0,"total_val":341840.0,"ite_code":210,"ite_land_use":"Single-Family Detached","units":1.0,"daily_trips":9.4,"am_peak_trips":0.7,"pm_peak_trips":0.9,"classification":"Residential","access_road":"Unknown","access_segment_id":"","snap_distance_m":117.8,"notes":"Heuristic (stopgap): default single-family \u2014 awaits real state_cd from Parker CAD","soil_musym":"BsE","soil_muname":"Brackett-Maloterre complex, 2 to 12 percent slopes","soil_clay_pct":28.7,"soil_ksat_um_per_s":null}},{"type":"Feature","geometry":{"type":"Polygon","coordinates":[[[-97.69934812417617,32.71664075323681],[-97.69954920133712,32.71738556831682],[-97.6996444302449,32.71738963483933],[-97.69973888826435,32.71740064052133],[-97.69983186887443,32.717418501453025],[-97.6999226766508,32.717443086000195],[-97.70001063372246,32.71747420853297],[-97.70009508183124,32.717511637555546],[-97.7001753908981,32.717555092153525],[-97.70025095895731,32.717604249208144],[-97.70032122178972,32.7176587398504],[-97.70044323606255,32.717594390202436],[-97.70056069052202,32.717524240203794],[-97.7006732011637,32.71744852007302],[-97.70078039770105,32.71736747725283],[-97.7008819288751,32.71728137914935],[-97.70097746251106,32.71719050681952],[-97.70046011987736,32.71665268538993],[-97.69934812417617,32.71664075323681]]]},"properties":{"parcel_id":"111281","state_cd":"","legal_desc":"","situs_street":"WEST HILL DR","legal_acreage":2.15,"imprv_sqft":0.0,"imprv_val":0.0,"total_val":118250.0,"ite_code":null,"ite_land_use":"","units":0.0,"daily_trips":0.0,"am_peak_trips":0.0,"pm_peak_trips":0.0,"classification":"Vacant","access_road":"","access_segment_id":"","snap_distance_m":null,"notes":"Heuristic (stopgap): no improvement value","soil_musym":"KtC","soil_muname":"Keeter very fine sandy loam, 1 to 6 percent slopes","soil_clay_pct":7,"soil_ksat_um_per_s":null}},{"type":"Feature","geometry":{"type":"Polygon","coordinates":[[[-97.6353950864529,32.71420077062123],[-97.6354024612993,32.71430561760874],[-97.63350903063042,32.714399805903554],[-97.63368861946269,32.71471915350855],[-97.63379136535987,32.714834405409746],[-97.63457737407438,32.71550800274677],[-97.63567527381382,32.71648681818341],[-97.6359163753245,32.71523850266324],[-97.63608430493215,32.71458500600924],[-97.63616526027725,32.714522373594384],[-97.63657368377689,32.71432265791976],[-97.6353950864529,32.71420077062123]]]},"properties":{"parcel_id":"49693","state_cd":"","legal_desc":"TR:, BLK:, SURV: JAMES S OXER","situs_street":"0   , , TX 000000","legal_acreage":2.32,"imprv_sqft":0.0,"imprv_val":0.0,"total_val":71920.0,"ite_code":null,"ite_land_use":"","units":0.0,"daily_trips":0.0,"am_peak_trips":0.0,"pm_peak_trips":0.0,"classification":"Vacant","access_road":"","access_segment_id":"","snap_distance_m":null,"notes":"Heuristic (stopgap): no improvement value","soil_musym":"LaD","soil_muname":"Wise clay loam, 5 to 8 percent slopes","soil_clay_pct":28,"soil_ksat_um_per_s":null}},{"type":"Feature","geometry":{"type":"Polygon","coordinates":[[[-97.63554073590433,32.71795455105687],[-97.63662631959424,32.71819735230792],[-97.63660054985806,32.71831930783729],[-97.63727632089991,32.71847103751974],[-97.63732840731409,32.71823279268972],[-97.63751488483172,32.717080644251126],[-97.63574071980396,32.71673747761276],[-97.63554073590433,32.71795455105687]]]},"properties":{"parcel_id":"49701","state_cd":"","legal_desc":"","situs_street":"JENKINS RD","legal_acreage":6.014,"imprv_sqft":0.0,"imprv_val":1490060.0,"total_val":1730560.0,"ite_code":210,"ite_land_use":"Single-Family Detached","units":1.0,"daily_trips":9.4,"am_peak_trips":0.7,"pm_peak_trips":0.9,"classification":"Residential","access_road":"Unknown","access_segment_id":"","snap_distance_m":5.8,"notes":"Heuristic (stopgap): default single-family \u2014 awaits real state_cd from Parker CAD","soil_musym":"BsE","soil_muname":"Brackett-Maloterre complex, 2 to 12 percent slopes","soil_clay_pct":28.7,"soil_ksat_um_per_s":null}},{"type":"Feature","geometry":{"type":"Polygon","coordinates":[[[-97.64469067496698,32.708093185590045],[-97.64648339113124,32.70810795232775],[-97.64649450407076,32.707105280256066],[-97.64504416384553,32.707601297429996],[-97.64469067496698,32.708093185590045]]]},"properties":{"parcel_id":"126655","state_cd":"","legal_desc":"F-601","situs_street":"QUAIL RIDGE RD","legal_acreage":3.0,"imprv_sqft":0.0,"imprv_val":559880.0,"total_val":724880.0,"ite_code":210,"ite_land_use":"Single-Family Detached","units":1.0,"daily_trips":9.4,"am_peak_trips":0.7,"pm_peak_trips":0.9,"classification":"Residential","access_road":"Unknown","access_segment_id":"","snap_distance_m":155.2,"notes":"Heuristic (stopgap): default single-family \u2014 awaits real state_cd from Parker CAD","soil_musym":"VeD","soil_muname":"Venus clay loam, 5 to 8 percent slopes","soil_clay_pct":24,"soil_ksat_um_per_s":null}},{"type":"Feature","geometry":{"type":"Polygon","coordinates":[[[-97.65227206248078,32.71182671794157],[-97.65231456064659,32.70997593563396],[-97.65162480041688,32.70985450837892],[-97.65117937713474,32.70997002599286],[-97.65107701837785,32.709923891650476],[-97.6509130155991,32.70984997215171],[-97.65082521065548,32.71075883745574],[-97.65132617876613,32.710909830211726],[-97.65142356639701,32.71132253043235],[-97.65126893496362,32.7118446170451],[-97.65152881599172,32.71274004041403],[-97.65192931153959,32.71271015819027],[-97.6519343723827,32.712201850299984],[-97.65212847338344,32.711959457863024],[-97.65227206248078,32.71182671794157]]]},"properties":{"parcel_id":"64804","state_cd":"","legal_desc":"F-706","situs_street":"QUAIL RIDGE","legal_acreage":3.505,"imprv_sqft":0.0,"imprv_val":332530.0,"total_val":516460.0,"ite_code":210,"ite_land_use":"Single-Family Detached","units":1.0,"daily_trips":9.4,"am_peak_trips":0.7,"pm_peak_trips":0.9,"classification":"Residential","access_road":"Unknown","access_segment_id":"","snap_distance_m":196.8,"notes":"Heuristic (stopgap): default single-family \u2014 awaits real state_cd from Parker CAD","soil_musym":"BsE","soil_muname":"Brackett-Maloterre complex, 2 to 12 percent slopes","soil_clay_pct":28.7,"soil_ksat_um_per_s":null}},{"type":"Feature","geometry":{"type":"Polygon","coordinates":[[[-97.63567527381382,32.71648681818341],[-97.63585825498335,32.71661072497019],[-97.63691085560664,32.716808931689535],[-97.63735556292978,32.716878154801414],[-97.63784917217284,32.7143281337792],[-97.63657368377689,32.71432265791976],[-97.63616526027725,32.714522373594384],[-97.63608430493215,32.71458500600924],[-97.6359163753245,32.71523850266324],[-97.63567527381382,32.71648681818341]]]},"properties":{"parcel_id":"49720","state_cd":"","legal_desc":"SURV: JAMES S OXER","situs_street":"JENKINS RD","legal_acreage":10.0,"imprv_sqft":0.0,"imprv_val":0.0,"total_val":370000.0,"ite_code":null,"ite_land_use":"","units":0.0,"daily_trips":0.0,"am_peak_trips":0.0,"pm_peak_trips":0.0,"classification":"Vacant","access_road":"","access_segment_id":"","snap_distance_m":null,"notes":"Heuristic (stopgap): no improvement value","soil_musym":"KcB","soil_muname":"Krum clay, 1 to 3 percent slopes","soil_clay_pct":43,"soil_ksat_um_per_s":null}},{"type":"Feature","geometry":{"type":"Polygon","coordinates":[[[-97.66710291330335,32.72366445348347],[-97.66703596844887,32.723632317557374],[-97.66703600945173,32.7231703762711],[-97.66703601938129,32.723144977659054],[-97.66700971347555,32.723144828395704],[-97.66505853808108,32.723129123121545],[-97.66506742394147,32.72433193480076],[-97.66711994931298,32.724337413904465],[-97.66710291330335,32.72366445348347]]]},"properties":{"parcel_id":"0","state_cd":"","legal_desc":"","situs_street":", ,","legal_acreage":0.0,"imprv_sqft":0.0,"imprv_val":0.0,"total_val":0.0,"ite_code":null,"ite_land_use":"","units":0.0,"daily_trips":0.0,"am_peak_trips":0.0,"pm_peak_trips":0.0,"classification":"Vacant","access_road":"","access_segment_id":"","snap_distance_m":null,"notes":"Heuristic (stopgap): no improvement value","soil_musym":"DkD3","soil_muname":"Duffau and Keeter soils, 2 to 7 percent slopes, moderately and severely eroded","soil_clay_pct":13,"soil_ksat_um_per_s":null}},{"type":"Feature","geometry":{"type":"Polygon","coordinates":[[[-97.72770725787831,32.72339585720131],[-97.72781825049087,32.726319684124654],[-97.72785535066423,32.72627586508463],[-97.72803166772808,32.7261266342486],[-97.72828857939986,32.72612345724198],[-97.72843252801901,32.72612554413255],[-97.72837077024117,32.72305523981317],[-97.72770190799086,32.72306053005106],[-97.7277052457608,32.72320092605451],[-97.72770334185917,32.723292752365786],[-97.72770725787831,32.72339585720131]]]},"properties":{"parcel_id":"50835","state_cd":"","legal_desc":"","situs_street":"BUCK DOBBS RD","legal_acreage":1.0,"imprv_sqft":0.0,"imprv_val":115570.0,"total_val":168050.0,"ite_code":210,"ite_land_use":"Single-Family Detached","units":1.0,"daily_trips":9.4,"am_peak_trips":0.7,"pm_peak_trips":0.9,"classification":"Residential","access_road":"Unknown","access_segment_id":"","snap_distance_m":180.4,"notes":"Heuristic (stopgap): default single-family \u2014 awaits real state_cd from Parker CAD","soil_musym":"WoB2","soil_muname":"Windthorst fine sandy loam, 1 to 5 percent slopes, moderately eroded","soil_clay_pct":12,"soil_ksat_um_per_s":null}},{"type":"Feature","geometry":{"type":"Polygon","coordinates":[[[-97.72226748765749,32.73204016759298],[-97.72120115331656,32.73185047165427],[-97.72168224423673,32.73284628652294],[-97.72217532306234,32.73289157402493],[-97.72226748765749,32.73204016759298]]]},"properties":{"parcel_id":"90750","state_cd":"","legal_desc":"","situs_street":"ATLEE DR","legal_acreage":2.01,"imprv_sqft":0.0,"imprv_val":424680.0,"total_val":504680.0,"ite_code":210,"ite_land_use":"Single-Family Detached","units":1.0,"daily_trips":9.4,"am_peak_trips":0.7,"pm_peak_trips":0.9,"classification":"Residential","access_road":"Unknown","access_segment_id":"","snap_distance_m":46.5,"notes":"Heuristic (stopgap): default single-family \u2014 awaits real state_cd from Parker CAD","soil_musym":"ThB","soil_muname":"Thurber clay loam, 1 to 3 percent slopes","soil_clay_pct":29,"soil_ksat_um_per_s":null}},{"type":"Feature","geometry":{"type":"Polygon","coordinates":[[[-97.73557587363955,32.73309984617525],[-97.73570495584877,32.73305700805221],[-97.73610227857753,32.73300810256188],[-97.73617540733302,32.73305129563065],[-97.73672420549336,32.7330442084011],[-97.73675281377372,32.72834153569726],[-97.7356087331072,32.72833452970053],[-97.73561104176854,32.72840916672265],[-97.73559316316613,32.73076274673062],[-97.73557587363955,32.73309984617525]]]},"properties":{"parcel_id":"97280","state_cd":"","legal_desc":"TR:, BLK:, SURV: ANDREW J BELL","situs_street":"BUCK DOBBS RD","legal_acreage":1.0,"imprv_sqft":0.0,"imprv_val":482210.0,"total_val":518320.0,"ite_code":210,"ite_land_use":"Single-Family Detached","units":1.0,"daily_trips":9.4,"am_peak_trips":0.7,"pm_peak_trips":0.9,"classification":"Residential","access_road":"Unknown","access_segment_id":"","snap_distance_m":384.5,"notes":"Heuristic (stopgap): default single-family \u2014 awaits real state_cd from Parker CAD","soil_musym":"KcB","soil_muname":"Krum clay, 1 to 3 percent slopes","soil_clay_pct":43,"soil_ksat_um_per_s":null}},{"type":"Feature","geometry":{"type":"Polygon","coordinates":[[[-97.69706851908289,32.71970423739],[-97.69671995514157,32.71941286447783],[-97.69640553040075,32.71906722823853],[-97.69628398203005,32.718930433305204],[-97.69623831804812,32.71882991965947],[-97.69496966074931,32.718841877437875],[-97.69492209395169,32.71890835444376],[-97.69486813192748,32.71897124394743],[-97.69480815202216,32.719030109187536],[-97.69474256976808,32.719084537999755],[-97.69467184520337,32.71913415187648],[-97.69459647114569,32.71917860498934],[-97.69418080706214,32.719535747026534],[-97.69452837680669,32.71975356085945],[-97.69637548725801,32.71972199176374],[-97.69706851908289,32.71970423739]]]},"properties":{"parcel_id":"115591","state_cd":"","legal_desc":"","situs_street":"WEST HILL DR","legal_acreage":3.808,"imprv_sqft":0.0,"imprv_val":0.0,"total_val":209440.0,"ite_code":null,"ite_land_use":"","units":0.0,"daily_trips":0.0,"am_peak_trips":0.0,"pm_peak_trips":0.0,"classification":"Vacant","access_road":"","access_segment_id":"","snap_distance_m":null,"notes":"Heuristic (stopgap): no improvement value","soil_musym":"WnD3","soil_muname":"Windthorst and Duffau sandy clay loams, 1 to 8 percent slopes, severely eroded","soil_clay_pct":23.9,"soil_ksat_um_per_s":null}},{"type":"Feature","geometry":{"type":"Polygon","coordinates":[[[-97.63273553274719,32.71267794232999],[-97.63290893572938,32.712784537062824],[-97.63296311246565,32.71271722955642],[-97.63341873986253,32.71267782799786],[-97.63344374135016,32.712801397776154],[-97.63373700781165,32.71278545520048],[-97.63460225032135,32.71273841387519],[-97.63543514104296,32.71269313813615],[-97.63596189632497,32.712832403005564],[-97.63613764286337,32.71287889770057],[-97.63627323447565,32.712784868412626],[-97.63660478411185,32.71240761253918],[-97.63690827862361,32.71231397890402],[-97.6370578211014,32.712182798431634],[-97.63685667332047,32.7121103438444],[-97.63700045706084,32.712012878719925],[-97.63692211296443,32.711874067713836],[-97.63710868311772,32.71174680045448],[-97.63703245943141,32.71165742913554],[-97.6368010700367,32.71169576211],[-97.63683506586611,32.71160690827511],[-97.63696914848637,32.71157424935867],[-97.63700162913044,32.711417131269855],[-97.6371913121668,32.711163576239834],[-97.63733548473807,32.71161508383771],[-97.63750781814423,32.71179195927453],[-97.63748523084536,32.71179754726705],[-97.63752300711852,32.71183364531748],[-97.64043824174543,32.711824987233065],[-97.64178519057177,32.711763072120554],[-97.64217964435177,32.71113016345993],[-97.64216369057819,32.71091343033603],[-97.64215049319368,32.71073415104537],[-97.64214112008851,32.71057342842464],[-97.64221123581068,32.710214577440304],[-97.64239188533116,32.70996091072865],[-97.64241787254474,32.709970351163534],[-97.64246676603392,32.709904518206244],[-97.64345729562035,32.70969799097191],[-97.64468650740142,32.709658312175236],[-97.64498086874612,32.70942073148863],[-97.64495418252561,32.70939967729239],[-97.64493044271123,32.70936598142173],[-97.64483590105282,32.7094014416908],[-97.64473884536388,32.70943166288504],[-97.64463968330482,32.70945651793862],[-97.644538828712,32.70947590327743],[-97.6444367026726,32.70948973792479],[-97.64433373353316,32.70949796259955],[-97.64423034938014,32.70950054507585],[-97.64412698557602,32.70949747301986],[-97.6433375550475,32.70955381947423],[-97.64246509082852,32.709734756298964],[-97.64249844929753,32.70919551002599],[-97.63984747004244,32.709201412614064],[-97.6348562354879,32.70918923781173],[-97.63407360191954,32.709196099144904],[-97.63406245435179,32.70974623390487],[-97.63266475284811,32.71031374631592],[-97.63267018570457,32.71049518388798],[-97.63270129877971,32.71153428562084],[-97.63273553274719,32.71267794232999]]]},"properties":{"parcel_id":"46332","state_cd":"","legal_desc":"","situs_street":"0   , , TX 000000","legal_acreage":28.116,"imprv_sqft":0.0,"imprv_val":0.0,"total_val":793120.0,"ite_code":null,"ite_land_use":"","units":0.0,"daily_trips":0.0,"am_peak_trips":0.0,"pm_peak_trips":0.0,"classification":"Vacant","access_road":"","access_segment_id":"","snap_distance_m":null,"notes":"Heuristic (stopgap): no improvement value","soil_musym":"FriA","soil_muname":"Frio silty clay, 0 to 1 percent slopes, occasionally flooded","soil_clay_pct":44,"soil_ksat_um_per_s":null}},{"type":"Feature","geometry":{"type":"Polygon","coordinates":[[[-97.69488257567507,32.718099894667205],[-97.69374549982439,32.71773937483],[-97.6937259003927,32.71881838891873],[-97.69372547166954,32.71932363796344],[-97.69386594787947,32.719396133169695],[-97.69397048938853,32.71938488078138],[-97.69403885771673,32.71931612661283],[-97.69419257241528,32.71917395479539],[-97.69430312699555,32.719122177076926],[-97.69446196685347,32.719037306155315],[-97.69464351553293,32.71893826542906],[-97.69469515455748,32.71888274075784],[-97.69474053346596,32.71882343735718],[-97.69477926898286,32.718760857783025],[-97.69481103412963,32.71869553201083],[-97.69483555719007,32.718628013821274],[-97.69485263242672,32.718558875458285],[-97.69486211479528,32.71848870218377],[-97.69488257567507,32.718099894667205]]]},"properties":{"parcel_id":"32666","state_cd":"","legal_desc":"","situs_street":"WEST HILL DR","legal_acreage":4.157,"imprv_sqft":0.0,"imprv_val":1106702.0,"total_val":1335342.0,"ite_code":210,"ite_land_use":"Single-Family Detached","units":1.0,"daily_trips":9.4,"am_peak_trips":0.7,"pm_peak_trips":0.9,"classification":"Residential","access_road":"Unknown","access_segment_id":"","snap_distance_m":71.5,"notes":"Heuristic (stopgap): default single-family \u2014 awaits real state_cd from Parker CAD","soil_musym":"WnD3","soil_muname":"Windthorst and Duffau sandy clay loams, 1 to 8 percent slopes, severely eroded","soil_clay_pct":23.9,"soil_ksat_um_per_s":null}},{"type":"Feature","geometry":{"type":"Polygon","coordinates":[[[-97.6390321583407,32.721338853446824],[-97.63921118353466,32.72131073575914],[-97.6390661529101,32.7210088440608],[-97.63903029878027,32.72071900515609],[-97.63903017440781,32.72067142190755],[-97.63903005062063,32.72063060071707],[-97.63903379906266,32.720562538086085],[-97.63854983911449,32.72038776733361],[-97.63799703802334,32.720109572163416],[-97.63753935826628,32.72122033562626],[-97.63757924106497,32.721567021155394],[-97.6390321583407,32.721338853446824]]]},"properties":{"parcel_id":"59449","state_cd":"","legal_desc":"TR:, BLK:, SURV: WILSON WOODS","situs_street":"JENKINS RD","legal_acreage":1.9,"imprv_sqft":0.0,"imprv_val":836020.0,"total_val":932780.0,"ite_code":210,"ite_land_use":"Single-Family Detached","units":1.0,"daily_trips":9.4,"am_peak_trips":0.7,"pm_peak_trips":0.9,"classification":"Residential","access_road":"Unknown","access_segment_id":"","snap_distance_m":86.0,"notes":"Heuristic (stopgap): default single-family \u2014 awaits real state_cd from Parker CAD","soil_musym":"BsE","soil_muname":"Brackett-Maloterre complex, 2 to 12 percent slopes","soil_clay_pct":28.7,"soil_ksat_um_per_s":null}},{"type":"Feature","geometry":{"type":"Polygon","coordinates":[[[-97.65366835152383,32.72162929660773],[-97.65455506242652,32.72166213410792],[-97.65455271443221,32.72109632754217],[-97.65454788667077,32.71993329311827],[-97.65449531163421,32.71991689337689],[-97.65434973979622,32.71990974686118],[-97.65421592381023,32.7198916000965],[-97.6540240088182,32.71985705352137],[-97.65385695629571,32.719811594944936],[-97.65373363972171,32.719761508999554],[-97.65364554652135,32.71972382603288],[-97.65366067140293,32.71980406804336],[-97.65366874682424,32.719807603266624],[-97.65367229682964,32.72157433067179],[-97.65366835152383,32.72162929660773]]]},"properties":{"parcel_id":"100144","state_cd":"","legal_desc":"TR:, BLK:, SURV: B T YARBROUGH","situs_street":"QUAIL RIDGE RD","legal_acreage":3.0,"imprv_sqft":0.0,"imprv_val":0.0,"total_val":150000.0,"ite_code":null,"ite_land_use":"","units":0.0,"daily_trips":0.0,"am_peak_trips":0.0,"pm_peak_trips":0.0,"classification":"Vacant","access_road":"","access_segment_id":"","snap_distance_m":null,"notes":"Heuristic (stopgap): no improvement value","soil_musym":"BsE","soil_muname":"Brackett-Maloterre complex, 2 to 12 percent slopes","soil_clay_pct":28.7,"soil_ksat_um_per_s":null}},{"type":"Feature","geometry":{"type":"Polygon","coordinates":[[[-97.63493833263978,32.719008985347934],[-97.63684896415705,32.71970807206639],[-97.63690360471938,32.71959075230239],[-97.6371860458915,32.71877964991706],[-97.63727632089991,32.71847103751974],[-97.63660054985806,32.71831930783729],[-97.63662631959424,32.71819735230792],[-97.63554073590433,32.71795455105687],[-97.63493833263978,32.719008985347934]]]},"properties":{"parcel_id":"49711","state_cd":"","legal_desc":"","situs_street":"BELLE CIR","legal_acreage":6.28,"imprv_sqft":0.0,"imprv_val":826210.0,"total_val":1076090.0,"ite_code":210,"ite_land_use":"Single-Family Detached","units":1.0,"daily_trips":9.4,"am_peak_trips":0.7,"pm_peak_trips":0.9,"classification":"Residential","access_road":"Unknown","access_segment_id":"","snap_distance_m":0.0,"notes":"Heuristic (stopgap): default single-family \u2014 awaits real state_cd from Parker CAD","soil_musym":"LaD","soil_muname":"Wise clay loam, 5 to 8 percent slopes","soil_clay_pct":28,"soil_ksat_um_per_s":null}},{"type":"Feature","geometry":{"type":"Polygon","coordinates":[[[-97.6442667395424,32.71162556821441],[-97.64442007919543,32.711614207474675],[-97.64517519932343,32.711889570119006],[-97.64534707970414,32.71187087028373],[-97.64540556771748,32.711827075694956],[-97.64544553075655,32.71153225062385],[-97.64550944820937,32.70963144264048],[-97.64544641067575,32.709615850869746],[-97.6454195060191,32.709607281355964],[-97.64520187145709,32.70953789687952],[-97.6449945918005,32.70999607588938],[-97.64453748558293,32.7110110961278],[-97.64453651106987,32.711013260166474],[-97.6442667395424,32.71162556821441]]]},"properties":{"parcel_id":"46340","state_cd":"","legal_desc":"TR:, BLK:, SURV: J. D. LOVE","situs_street":"QUAIL RIDGE RD","legal_acreage":4.32,"imprv_sqft":0.0,"imprv_val":539820.0,"total_val":748910.0,"ite_code":210,"ite_land_use":"Single-Family Detached","units":1.0,"daily_trips":9.4,"am_peak_trips":0.7,"pm_peak_trips":0.9,"classification":"Residential","access_road":"Unknown","access_segment_id":"","snap_distance_m":133.8,"notes":"Heuristic (stopgap): default single-family \u2014 awaits real state_cd from Parker CAD","soil_musym":"BsE","soil_muname":"Brackett-Maloterre complex, 2 to 12 percent slopes","soil_clay_pct":28.7,"soil_ksat_um_per_s":null}},{"type":"Feature","geometry":{"type":"Polygon","coordinates":[[[-97.72814993724415,32.726277914119045],[-97.72810240148941,32.72629450586925],[-97.72805865324072,32.726317361869455],[-97.7280198393042,32.72634588320979],[-97.72798697654365,32.72637932317375],[-97.72796092505295,32.726416805108066],[-97.72787077266624,32.72886277752822],[-97.7305584650425,32.72893150658263],[-97.73053700164365,32.727610816656615],[-97.73051109165131,32.72643138154291],[-97.7300358854025,32.72630825179607],[-97.72943168744041,32.72626950844996],[-97.729038785764,32.726264208408125],[-97.72850692346842,32.726267589671714],[-97.72830253148206,32.726269184055354],[-97.7282513304089,32.726265084700806],[-97.7282000180451,32.72626802080106],[-97.72814993724415,32.726277914119045]]]},"properties":{"parcel_id":"36397","state_cd":"","legal_desc":"","situs_street":"BUCK DOBBS RD","legal_acreage":1.0,"imprv_sqft":0.0,"imprv_val":356120.0,"total_val":394500.0,"ite_code":210,"ite_land_use":"Single-Family Detached","units":1.0,"daily_trips":9.4,"am_peak_trips":0.7,"pm_peak_trips":0.9,"classification":"Residential","access_road":"Unknown","access_segment_id":"","snap_distance_m":157.0,"notes":"Heuristic (stopgap): default single-family \u2014 awaits real state_cd from Parker CAD","soil_musym":"DwD","soil_muname":"Duffau-Weatherford complex, 3 to 8 percent slopes","soil_clay_pct":9.2,"soil_ksat_um_per_s":null}},{"type":"Feature","geometry":{"type":"Polygon","coordinates":[[[-97.63985043147144,32.70458823252396],[-97.6399450837719,32.70460139186991],[-97.63997139652321,32.70448471067448],[-97.64007280516294,32.70403501770555],[-97.63991194722779,32.70401521980796],[-97.63986343135397,32.70345302872199],[-97.63989260179609,32.70340581416705],[-97.64024807227092,32.70278783688454],[-97.63971112963735,32.70254874949826],[-97.63956325844991,32.70254769578656],[-97.63956242149155,32.70260887861414],[-97.63964778366359,32.70260999912091],[-97.64013272125463,32.70280940809059],[-97.63977724989088,32.70342738504236],[-97.63902199052637,32.70341747498089],[-97.63901662918795,32.70370954929271],[-97.63899210108028,32.70389840407889],[-97.63889244487966,32.70446318963798],[-97.63957113404759,32.70454940318352],[-97.63985043147144,32.70458823252396]]]},"properties":{"parcel_id":"116207","state_cd":"","legal_desc":"PC E-724","situs_street":"UNDERWOOD RD","legal_acreage":1.0,"imprv_sqft":0.0,"imprv_val":539480.0,"total_val":599480.0,"ite_code":210,"ite_land_use":"Single-Family Detached","units":1.0,"daily_trips":9.4,"am_peak_trips":0.7,"pm_peak_trips":0.9,"classification":"Residential","access_road":"Unknown","access_segment_id":"","snap_distance_m":157.3,"notes":"Heuristic (stopgap): default single-family \u2014 awaits real state_cd from Parker CAD","soil_musym":"BsE","soil_muname":"Brackett-Maloterre complex, 2 to 12 percent slopes","soil_clay_pct":28.7,"soil_ksat_um_per_s":null}},{"type":"Feature","geometry":{"type":"Polygon","coordinates":[[[-97.73298858977994,32.733043159706924],[-97.73296070983602,32.73317856227825],[-97.73325512525274,32.733221867147144],[-97.73325761356747,32.73075581862675],[-97.73326511444608,32.73042108081781],[-97.7321089846019,32.73041935332945],[-97.73155433583968,32.73040635402222],[-97.73084071323001,32.73039099320943],[-97.73058217703377,32.730390490507375],[-97.72770761761848,32.73031560863858],[-97.7277115025692,32.73078838156743],[-97.72131885429208,32.73080091355998],[-97.72128326410851,32.73146033812059],[-97.72993186713155,32.732733009173465],[-97.72995975048738,32.73259760727118],[-97.73298858977994,32.733043159706924]]]},"properties":{"parcel_id":"36388","state_cd":"","legal_desc":"","situs_street":"BUCK DOBBS RD","legal_acreage":0.82,"imprv_sqft":0.0,"imprv_val":264210.0,"total_val":289590.0,"ite_code":210,"ite_land_use":"Single-Family Detached","units":1.0,"daily_trips":9.4,"am_peak_trips":0.7,"pm_peak_trips":0.9,"classification":"Residential","access_road":"Unknown","access_segment_id":"","snap_distance_m":152.7,"notes":"Heuristic (stopgap): default single-family \u2014 awaits real state_cd from Parker CAD","soil_musym":"WnD3","soil_muname":"Windthorst and Duffau sandy clay loams, 1 to 8 percent slopes, severely eroded","soil_clay_pct":23.9,"soil_ksat_um_per_s":null}},{"type":"Feature","geometry":{"type":"Polygon","coordinates":[[[-97.72733271746293,32.73064708334163],[-97.72746519656037,32.73050831807241],[-97.72766884796793,32.730300797578245],[-97.72775255210172,32.72807053202548],[-97.72776791150827,32.727710367077265],[-97.72706690483491,32.727702765471626],[-97.72707156312924,32.727414224115414],[-97.72707553209801,32.72716748693621],[-97.72707618880689,32.72712562663711],[-97.72476038989517,32.72710064770449],[-97.72474184824561,32.72714225845341],[-97.72451860720037,32.72764384441852],[-97.72344874938236,32.72810179761101],[-97.72340710201082,32.73068482201551],[-97.72340667313681,32.7307109231383],[-97.7247688306656,32.73071224558747],[-97.72683959410716,32.73070486304692],[-97.72727587538506,32.730690873279435],[-97.72733271746293,32.73064708334163]]]},"properties":{"parcel_id":"39903","state_cd":"","legal_desc":"","situs_street":"BUCK DOBBS RD","legal_acreage":1.0,"imprv_sqft":0.0,"imprv_val":270130.0,"total_val":304430.0,"ite_code":210,"ite_land_use":"Single-Family Detached","units":1.0,"daily_trips":9.4,"am_peak_trips":0.7,"pm_peak_trips":0.9,"classification":"Residential","access_road":"Unknown","access_segment_id":"","snap_distance_m":193.1,"notes":"Heuristic (stopgap): default single-family \u2014 awaits real state_cd from Parker CAD","soil_musym":"KtC","soil_muname":"Keeter very fine sandy loam, 1 to 6 percent slopes","soil_clay_pct":7,"soil_ksat_um_per_s":null}},{"type":"Feature","geometry":{"type":"Polygon","coordinates":[[[-97.66270556592924,32.7217904612749],[-97.66189969019827,32.72178125306655],[-97.66188870079807,32.722468376620526],[-97.66269739476034,32.72247761647144],[-97.66270556592924,32.7217904612749]]]},"properties":{"parcel_id":"63175","state_cd":"","legal_desc":"TR:, BLK:, SURV: I & G N R R CO","situs_street":"QUAIL RIDGE RD","legal_acreage":1.435,"imprv_sqft":0.0,"imprv_val":360660.0,"total_val":462980.0,"ite_code":210,"ite_land_use":"Single-Family Detached","units":1.0,"daily_trips":9.4,"am_peak_trips":0.7,"pm_peak_trips":0.9,"classification":"Residential","access_road":"Unknown","access_segment_id":"","snap_distance_m":50.2,"notes":"Heuristic (stopgap): default single-family \u2014 awaits real state_cd from Parker CAD","soil_musym":"PcB","soil_muname":"Purves clay, 1 to 3 percent slopes","soil_clay_pct":47.5,"soil_ksat_um_per_s":null}},{"type":"Feature","geometry":{"type":"Polygon","coordinates":[[[-97.64237812720476,32.706581839781514],[-97.64271487191638,32.70692496031659],[-97.64282779365927,32.70718664493986],[-97.64314135796401,32.70791328752099],[-97.6436792381162,32.70915972319718],[-97.64393066741377,32.70914855384676],[-97.64356442040811,32.70830153233937],[-97.64378702605447,32.70798981405886],[-97.644226268539,32.708058316879374],[-97.64428421446011,32.70806427314108],[-97.64434077538345,32.70807647325216],[-97.64439501455574,32.70809471596482],[-97.64444603140231,32.70811869837325],[-97.64449298065635,32.70814802325944],[-97.64453508509713,32.70818220549396],[-97.64457164723926,32.70822067662489],[-97.64460205984278,32.70826280118325],[-97.64462581975361,32.7083078794831],[-97.64464253200545,32.708355164784805],[-97.64465192039142,32.70840387328787],[-97.64465383052588,32.70845319858093],[-97.64464822868327,32.708502321554406],[-97.64471852957183,32.709033998412735],[-97.6447515606382,32.70911208500384],[-97.64488416296588,32.70910528141596],[-97.64495328859068,32.709101734868675],[-97.64495282378661,32.709100597145564],[-97.64493196607332,32.709049532577346],[-97.64490303899889,32.70897871070501],[-97.64487463308669,32.70892234452483],[-97.64485233567815,32.708864048937876],[-97.64483632785257,32.70880429325295],[-97.64482673932396,32.70874356355927],[-97.64482364748743,32.70868235099657],[-97.64482707742002,32.70862115175421],[-97.64483700195045,32.708560459857495],[-97.6448422051833,32.708521372602355],[-97.64484937748249,32.70846390300432],[-97.64484883197515,32.70840611514712],[-97.64484057648059,32.708348749501596],[-97.64482471703558,32.708292538194456],[-97.64480145368746,32.70823819866693],[-97.64477108696254,32.708186426504334],[-97.64473400306291,32.708137881806834],[-97.64469067496698,32.708093185590045],[-97.64504416384553,32.707601297429996],[-97.64649450407076,32.707105280256066],[-97.64650450430375,32.706203055523986],[-97.64650466166279,32.70618890029787],[-97.646534616349,32.706119073955165],[-97.64645542377322,32.706075319730004],[-97.64625457466616,32.70596434908231],[-97.64556852763988,32.70558529963542],[-97.64445050196919,32.70497224260004],[-97.6439213461004,32.704677057411935],[-97.64282388756769,32.70405785851142],[-97.64237812720476,32.706581839781514]]]},"properties":{"parcel_id":"68924","state_cd":"","legal_desc":"","situs_street":"0   , , TX 000000","legal_acreage":25.015,"imprv_sqft":0.0,"imprv_val":0.0,"total_val":705640.0,"ite_code":null,"ite_land_use":"","units":0.0,"daily_trips":0.0,"am_peak_trips":0.0,"pm_peak_trips":0.0,"classification":"Vacant","access_road":"","access_segment_id":"","snap_distance_m":null,"notes":"Heuristic (stopgap): no improvement value","soil_musym":"BsE","soil_muname":"Brackett-Maloterre complex, 2 to 12 percent slopes","soil_clay_pct":28.7,"soil_ksat_um_per_s":null}},{"type":"Feature","geometry":{"type":"Polygon","coordinates":[[[-97.63903549413618,32.722453805545506],[-97.63904001941857,32.72397262395994],[-97.63911248957434,32.72391045209938],[-97.63954385120144,32.72368940972022],[-97.6399618450119,32.723542353804696],[-97.64002214364127,32.723111725852974],[-97.64001862846351,32.72262510248379],[-97.63992930012205,32.72229610808196],[-97.63985128311538,32.72219922194488],[-97.63903549413618,32.722453805545506]]]},"properties":{"parcel_id":"59442","state_cd":"","legal_desc":"TR:, BLK:, SURV: WILSON WOODS","situs_street":"JENKINS RD","legal_acreage":1.01,"imprv_sqft":0.0,"imprv_val":961650.0,"total_val":1000000.0,"ite_code":210,"ite_land_use":"Single-Family Detached","units":1.0,"daily_trips":9.4,"am_peak_trips":0.7,"pm_peak_trips":0.9,"classification":"Residential","access_road":"Unknown","access_segment_id":"","snap_distance_m":15.6,"notes":"Heuristic (stopgap): default single-family \u2014 awaits real state_cd from Parker CAD","soil_musym":"BsE","soil_muname":"Brackett-Maloterre complex, 2 to 12 percent slopes","soil_clay_pct":28.7,"soil_ksat_um_per_s":null}},{"type":"Feature","geometry":{"type":"Polygon","coordinates":[[[-97.70137031915198,32.717133378849844],[-97.70246269894685,32.71732139262428],[-97.70248491792476,32.71583392431904],[-97.70224060518682,32.715830039292044],[-97.70158384470463,32.71583549087557],[-97.70117979654047,32.71583845225126],[-97.70117930488868,32.71588789267431],[-97.70116877721807,32.716945965450684],[-97.70119809919798,32.716944463882975],[-97.70122732199005,32.716946992010215],[-97.70125567704018,32.71695348176345],[-97.7012824159202,32.71696376239355],[-97.70130683696306,32.71697756424976],[-97.70132829589001,32.716994523357],[-97.7013462270394,32.71701419327609],[-97.70136015927109,32.71703605602796],[-97.7013697254533,32.717059534780034],[-97.70137467295224,32.71708401375424],[-97.70137487316028,32.71710884640452],[-97.70137031915198,32.717133378849844]]]},"properties":{"parcel_id":"32676","state_cd":"","legal_desc":"","situs_street":"FOREST CT","legal_acreage":4.526,"imprv_sqft":0.0,"imprv_val":988080.0,"total_val":1237010.0,"ite_code":210,"ite_land_use":"Single-Family Detached","units":1.0,"daily_trips":9.4,"am_peak_trips":0.7,"pm_peak_trips":0.9,"classification":"Residential","access_road":"Unknown","access_segment_id":"","snap_distance_m":96.5,"notes":"Heuristic (stopgap): default single-family \u2014 awaits real state_cd from Parker CAD","soil_musym":"BsE","soil_muname":"Brackett-Maloterre complex, 2 to 12 percent slopes","soil_clay_pct":28.7,"soil_ksat_um_per_s":null}},{"type":"Feature","geometry":{"type":"Polygon","coordinates":[[[-97.69605631946477,32.717903081637246],[-97.6958399428395,32.71785873130536],[-97.69577402228386,32.71784195066851],[-97.69570635705804,32.717831226311056],[-97.69563772267081,32.717826682293435],[-97.69556890702596,32.717828369708464],[-97.69550069973107,32.71783626931801],[-97.69543388250541,32.71785029058885],[-97.69536922383897,32.71787027255986],[-97.69530746403416,32.71789598645071],[-97.69524931093086,32.71792713653549],[-97.69519543344964,32.71796336641382],[-97.69515921535516,32.71798885063714],[-97.69512763824734,32.71801841869801],[-97.69510134123443,32.718051473209435],[-97.69508085418845,32.71808734573317],[-97.69506659120576,32.718125312067784],[-97.69505884195787,32.718164604818895],[-97.69505776195058,32.718204428666574],[-97.69505195794471,32.7183328885136],[-97.69504022391614,32.718461058333304],[-97.69502257654787,32.718588742532106],[-97.69499904424147,32.71871574739517],[-97.69496966074931,32.718841877437875],[-97.69623831804812,32.71882991965947],[-97.69625946400333,32.718364760874714],[-97.69635813597759,32.71822223039098],[-97.69657647902366,32.71803166218186],[-97.69633858715697,32.717965037860345],[-97.69605631946477,32.717903081637246]]]},"properties":{"parcel_id":"32694","state_cd":"","legal_desc":"","situs_street":"WEST HILL DR","legal_acreage":4.04,"imprv_sqft":0.0,"imprv_val":138150.0,"total_val":360350.0,"ite_code":210,"ite_land_use":"Single-Family Detached","units":1.0,"daily_trips":9.4,"am_peak_trips":0.7,"pm_peak_trips":0.9,"classification":"Residential","access_road":"Unknown","access_segment_id":"","snap_distance_m":66.1,"notes":"Heuristic (stopgap): default single-family \u2014 awaits real state_cd from Parker CAD","soil_musym":"WnD3","soil_muname":"Windthorst and Duffau sandy clay loams, 1 to 8 percent slopes, severely eroded","soil_clay_pct":23.9,"soil_ksat_um_per_s":null}},{"type":"Feature","geometry":{"type":"Polygon","coordinates":[[[-97.66142007384381,32.7202272661422],[-97.6614207064126,32.72135591372891],[-97.66271060099454,32.72136699732755],[-97.66270805374317,32.72043493038612],[-97.66266322427099,32.720347380139465],[-97.66257081683264,32.720294859835555],[-97.66227314287026,32.72024040578924],[-97.66157524487288,32.72023715573123],[-97.66142007384381,32.7202272661422]]]},"properties":{"parcel_id":"63162","state_cd":"","legal_desc":"TR:, BLK:, SURV: I & G N R R CO","situs_street":"QUAIL RIDGE RD","legal_acreage":3.75,"imprv_sqft":0.0,"imprv_val":172720.0,"total_val":364910.0,"ite_code":210,"ite_land_use":"Single-Family Detached","units":1.0,"daily_trips":9.4,"am_peak_trips":0.7,"pm_peak_trips":0.9,"classification":"Residential","access_road":"Unknown","access_segment_id":"","snap_distance_m":70.2,"notes":"Heuristic (stopgap): default single-family \u2014 awaits real state_cd from Parker CAD","soil_musym":"BsE","soil_muname":"Brackett-Maloterre complex, 2 to 12 percent slopes","soil_clay_pct":28.7,"soil_ksat_um_per_s":null}},{"type":"Feature","geometry":{"type":"Polygon","coordinates":[[[-97.6587736924854,32.7192126317645],[-97.65881678997098,32.72002148650307],[-97.65885123209907,32.7206678880325],[-97.65886483319923,32.72092314488288],[-97.65946661055682,32.720688090178136],[-97.65947698103874,32.72014755306399],[-97.65975006074622,32.719605914706705],[-97.65979015357593,32.71923666326854],[-97.6587736924854,32.7192126317645]]]},"properties":{"parcel_id":"63210","state_cd":"","legal_desc":"TR:, BLK:, SURV: I & G N R R CO","situs_street":"QUAIL RIDGE RD","legal_acreage":3.021,"imprv_sqft":0.0,"imprv_val":998420.0,"total_val":1164260.0,"ite_code":210,"ite_land_use":"Single-Family Detached","units":1.0,"daily_trips":9.4,"am_peak_trips":0.7,"pm_peak_trips":0.9,"classification":"Residential","access_road":"Unknown","access_segment_id":"","snap_distance_m":94.0,"notes":"Heuristic (stopgap): default single-family \u2014 awaits real state_cd from Parker CAD","soil_musym":"LaD","soil_muname":"Wise clay loam, 5 to 8 percent slopes","soil_clay_pct":28,"soil_ksat_um_per_s":null}},{"type":"Feature","geometry":{"type":"Polygon","coordinates":[[[-97.63698608154802,32.719836441046624],[-97.63694230487437,32.71991082085594],[-97.63689118150363,32.71998171719181],[-97.63627174929034,32.72073416849686],[-97.63622698226806,32.720795310163716],[-97.63618887078425,32.72085957969131],[-97.6361577056005,32.72092648038483],[-97.63613373732012,32.72099547649008],[-97.6360676861599,32.72122011946331],[-97.63587978762874,32.72184931386903],[-97.63586060413533,32.721905340348606],[-97.63583632658468,32.72195991099251],[-97.63580709671594,32.72201271203857],[-97.63577309156182,32.72206342095107],[-97.63557358140083,32.722328313865674],[-97.6355567800785,32.72235057184398],[-97.63556785560706,32.72237038402051],[-97.63557561531313,32.722391178692334],[-97.63557993976829,32.722412620443905],[-97.63558075576773,32.72243433810692],[-97.63557804883382,32.722455955510185],[-97.63557186528809,32.72247709780705],[-97.63556231218156,32.72249739868945],[-97.6355495561754,32.722516505791674],[-97.63553381706984,32.72253408785975],[-97.63551536880992,32.722549841071775],[-97.63549453092448,32.72256349168389],[-97.63547166312203,32.72257480320756],[-97.6354471641888,32.722583580009356],[-97.63542145703563,32.72258966901085],[-97.63539498757837,32.72259296509176],[-97.63536821406089,32.72259341191797],[-97.63514874355616,32.7241814682482],[-97.63769722540255,32.72423154169606],[-97.63773091092526,32.72365292903179],[-97.63773687143556,32.723477814440045],[-97.63775113423797,32.723060448117394],[-97.6377282524343,32.722861713320945],[-97.63757924106497,32.721567021155394],[-97.63753935826628,32.72122033562626],[-97.63799703802334,32.720109572163416],[-97.63698608154802,32.719836441046624]]]},"properties":{"parcel_id":"49700","state_cd":"","legal_desc":"TR:, BLK:, SURV: JAMES S OXER","situs_street":"BELLE CIR","legal_acreage":1.0,"imprv_sqft":0.0,"imprv_val":660900.0,"total_val":695160.0,"ite_code":210,"ite_land_use":"Single-Family Detached","units":1.0,"daily_trips":9.4,"am_peak_trips":0.7,"pm_peak_trips":0.9,"classification":"Residential","access_road":"Unknown","access_segment_id":"","snap_distance_m":118.6,"notes":"Heuristic (stopgap): default single-family \u2014 awaits real state_cd from Parker CAD","soil_musym":"BsE","soil_muname":"Brackett-Maloterre complex, 2 to 12 percent slopes","soil_clay_pct":28.7,"soil_ksat_um_per_s":null}},{"type":"Feature","geometry":{"type":"Polygon","coordinates":[[[-97.64369322365167,32.71876900538598],[-97.64408561735509,32.71896409343794],[-97.64415348653057,32.71905751338388],[-97.6445134268719,32.71925937308894],[-97.64447310408579,32.71944988672578],[-97.64443471192901,32.71983021824356],[-97.64443319891403,32.71985770334974],[-97.64442106847268,32.720074997517415],[-97.64436624269706,32.72019914532416],[-97.64435076649627,32.720354090677304],[-97.64432610541985,32.720395573598175],[-97.64412655730219,32.72061852767082],[-97.64646152131299,32.72038723355568],[-97.64860327948443,32.719603015984106],[-97.64872058449545,32.71914316602149],[-97.65052864735428,32.71854753939224],[-97.65141455899851,32.71865779778072],[-97.65157756683283,32.71847725716593],[-97.65181350606328,32.71848120444964],[-97.65189119179816,32.718482761863406],[-97.65245510648134,32.7184940674354],[-97.6530142458208,32.718504959124566],[-97.65341531999071,32.71851161331351],[-97.65341688265302,32.71851163929051],[-97.65356541460604,32.71851398580481],[-97.65409875863602,32.71852258568773],[-97.65590543280237,32.718552280704614],[-97.65590729016871,32.71846765140533],[-97.65408919093673,32.718417231752724],[-97.65297895229698,32.718387910462695],[-97.65161245160753,32.71835180672325],[-97.65165019758389,32.71681152847623],[-97.65165265325702,32.71672878995307],[-97.65043204906614,32.71652941104786],[-97.65027784272758,32.71622794239377],[-97.64241830753447,32.71784714990325],[-97.64289878397851,32.71819980714163],[-97.64337322981227,32.71828917433141],[-97.64354785304673,32.71846106701311],[-97.64369322365167,32.71876900538598]]]},"properties":{"parcel_id":"60389","state_cd":"","legal_desc":"SURV: B T YARBROUGH","situs_street":"QUAIL RIDGE RD","legal_acreage":1.0,"imprv_sqft":0.0,"imprv_val":506020.0,"total_val":535000.0,"ite_code":210,"ite_land_use":"Single-Family Detached","units":1.0,"daily_trips":9.4,"am_peak_trips":0.7,"pm_peak_trips":0.9,"classification":"Residential","access_road":"Unknown","access_segment_id":"","snap_distance_m":384.9,"notes":"Heuristic (stopgap): default single-family \u2014 awaits real state_cd from Parker CAD","soil_musym":"VeC","soil_muname":"Venus loam, 3 to 5 percent slopes","soil_clay_pct":25,"soil_ksat_um_per_s":null}},{"type":"Feature","geometry":{"type":"Polygon","coordinates":[[[-97.6374986321672,32.703665526372944],[-97.6384481296839,32.703669033192575],[-97.63828265004354,32.70253856728734],[-97.63739725657409,32.70253224851298],[-97.6374986321672,32.703665526372944]]]},"properties":{"parcel_id":"48136","state_cd":"","legal_desc":"TR:, BLK:, SURV: THOMAS ROLSTON","situs_street":"UNDERWOOD RD","legal_acreage":2.7,"imprv_sqft":0.0,"imprv_val":290290.0,"total_val":442840.0,"ite_code":210,"ite_land_use":"Single-Family Detached","units":1.0,"daily_trips":9.4,"am_peak_trips":0.7,"pm_peak_trips":0.9,"classification":"Residential","access_road":"Unknown","access_segment_id":"","snap_distance_m":72.8,"notes":"Heuristic (stopgap): default single-family \u2014 awaits real state_cd from Parker CAD","soil_musym":"BsG","soil_muname":"Brackett-Maloterre soils, 12 to 30 percent slopes","soil_clay_pct":28.6,"soil_ksat_um_per_s":null}},{"type":"Feature","geometry":{"type":"Polygon","coordinates":[[[-97.64217763907916,32.71688067233779],[-97.64220660452555,32.716913325273204],[-97.64222903929817,32.71724006893835],[-97.6422464550539,32.717271663634676],[-97.64226943887466,32.717313386632476],[-97.64233096853084,32.71742508578436],[-97.64235098534748,32.717461422295074],[-97.64239739786768,32.717786820801976],[-97.64240734359973,32.717839102809144],[-97.6424092299927,32.71784901991795],[-97.64241830753447,32.71784714990325],[-97.65027784272758,32.71622794239377],[-97.65043204906614,32.71652941104786],[-97.65165265325702,32.71672878995307],[-97.65222056840358,32.71565796797055],[-97.65222922131105,32.71491290562054],[-97.65224115025279,32.713885655073454],[-97.65220591666079,32.71349018288359],[-97.65220588677826,32.71349487769602],[-97.65201083498651,32.713489281044495],[-97.65200319874279,32.71466965757082],[-97.64217763907916,32.71688067233779]]]},"properties":{"parcel_id":"60384","state_cd":"","legal_desc":"","situs_street":"QUAIL RIDGE RD","legal_acreage":13.5,"imprv_sqft":0.0,"imprv_val":0.0,"total_val":404440.0,"ite_code":null,"ite_land_use":"","units":0.0,"daily_trips":0.0,"am_peak_trips":0.0,"pm_peak_trips":0.0,"classification":"Vacant","access_road":"","access_segment_id":"","snap_distance_m":null,"notes":"Heuristic (stopgap): no improvement value","soil_musym":"KcB","soil_muname":"Krum clay, 1 to 3 percent slopes","soil_clay_pct":43,"soil_ksat_um_per_s":null}},{"type":"Feature","geometry":{"type":"Polygon","coordinates":[[[-97.65001015609417,32.7098000832132],[-97.64974916910998,32.709871301296886],[-97.64969653875113,32.70989994366885],[-97.64968217357361,32.70990981078118],[-97.64967671119544,32.70991356296425],[-97.64964796041514,32.709933312374304],[-97.64963622709263,32.70994337696003],[-97.64962655992673,32.709951669124656],[-97.64960402362418,32.70997100111191],[-97.64959465004726,32.709981050278685],[-97.6495826272521,32.70999393926844],[-97.64956526505419,32.710012552715575],[-97.64955795906779,32.71002246181454],[-97.64954529679525,32.71003963561087],[-97.64953215466814,32.71005745905918],[-97.64952663607073,32.71006719190376],[-97.64951479921058,32.71008806531395],[-97.6495050955689,32.710105176386634],[-97.64950111854718,32.71011478179892],[-97.6494899441874,32.71014177426753],[-97.64948441869201,32.7101551225698],[-97.64948284652402,32.710160894454994],[-97.64947389996046,32.71019374163372],[-97.64947037307516,32.7102066905693],[-97.64946997757048,32.71020956024651],[-97.6494631311568,32.71025925207816],[-97.64943887431801,32.71044675329367],[-97.64935222569176,32.71111653495898],[-97.6492287939919,32.71207062914685],[-97.6494062380687,32.712184132945666],[-97.64957301711377,32.712275470941414],[-97.64987189514818,32.71236628039902],[-97.65023491535662,32.71247900348004],[-97.65045825012649,32.712544249686175],[-97.65048635105917,32.71255581590042],[-97.65082521065548,32.71075883745574],[-97.6509130155991,32.70984997215171],[-97.6505870878787,32.70967658022815],[-97.65054183894604,32.70965499722133],[-97.65001015609417,32.7098000832132]]]},"properties":{"parcel_id":"116177","state_cd":"","legal_desc":"","situs_street":"QUAIL RIDGE RD","legal_acreage":8.0,"imprv_sqft":0.0,"imprv_val":0.0,"total_val":302000.0,"ite_code":null,"ite_land_use":"","units":0.0,"daily_trips":0.0,"am_peak_trips":0.0,"pm_peak_trips":0.0,"classification":"Vacant","access_road":"","access_segment_id":"","snap_distance_m":null,"notes":"Heuristic (stopgap): no improvement value","soil_musym":"BsE","soil_muname":"Brackett-Maloterre complex, 2 to 12 percent slopes","soil_clay_pct":28.7,"soil_ksat_um_per_s":null}},{"type":"Feature","geometry":{"type":"Polygon","coordinates":[[[-97.63286555433463,32.71283843183255],[-97.63279387280411,32.7129328394332],[-97.63293375628204,32.713169575927125],[-97.63314324030534,32.71368453558314],[-97.63378859219077,32.713498144327126],[-97.63373700781165,32.71278545520048],[-97.63344374135016,32.712801397776154],[-97.63341873986253,32.71267782799786],[-97.63296311246565,32.71271722955642],[-97.63290893572938,32.712784537062824],[-97.63286555433463,32.71283843183255]]]},"properties":{"parcel_id":"48119","state_cd":"","legal_desc":"TR:, BLK:, SURV: THOMAS ROLSTON","situs_street":"JENKINS RD","legal_acreage":1.0,"imprv_sqft":0.0,"imprv_val":370490.0,"total_val":400900.0,"ite_code":210,"ite_land_use":"Single-Family Detached","units":1.0,"daily_trips":9.4,"am_peak_trips":0.7,"pm_peak_trips":0.9,"classification":"Residential","access_road":"Unknown","access_segment_id":"","snap_distance_m":49.0,"notes":"Heuristic (stopgap): default single-family \u2014 awaits real state_cd from Parker CAD","soil_musym":"LaD","soil_muname":"Wise clay loam, 5 to 8 percent slopes","soil_clay_pct":28,"soil_ksat_um_per_s":null}},{"type":"Feature","geometry":{"type":"Polygon","coordinates":[[[-97.63985043147144,32.70458823252396],[-97.6399450837719,32.70460139186991],[-97.63997139652321,32.70448471067448],[-97.64007280516294,32.70403501770555],[-97.63991194722779,32.70401521980796],[-97.63986343135397,32.70345302872199],[-97.63989260179609,32.70340581416705],[-97.64024807227092,32.70278783688454],[-97.63971112963735,32.70254874949826],[-97.63956325844991,32.70254769578656],[-97.63956242149155,32.70260887861414],[-97.63964778366359,32.70260999912091],[-97.64013272125463,32.70280940809059],[-97.63977724989088,32.70342738504236],[-97.63902199052637,32.70341747498089],[-97.63901662918795,32.70370954929271],[-97.63899210108028,32.70389840407889],[-97.63889244487966,32.70446318963798],[-97.63957113404759,32.70454940318352],[-97.63985043147144,32.70458823252396]]]},"properties":{"parcel_id":"116208","state_cd":"","legal_desc":"PC E-724","situs_street":"UNDERWOOD RD","legal_acreage":1.96,"imprv_sqft":0.0,"imprv_val":0.0,"total_val":117600.0,"ite_code":null,"ite_land_use":"","units":0.0,"daily_trips":0.0,"am_peak_trips":0.0,"pm_peak_trips":0.0,"classification":"Vacant","access_road":"","access_segment_id":"","snap_distance_m":null,"notes":"Heuristic (stopgap): no improvement value","soil_musym":"BsE","soil_muname":"Brackett-Maloterre complex, 2 to 12 percent slopes","soil_clay_pct":28.7,"soil_ksat_um_per_s":null}},{"type":"Feature","geometry":{"type":"Polygon","coordinates":[[[-97.65236919335568,32.72158117316699],[-97.65366835152383,32.72162929660773],[-97.65367229682964,32.72157433067179],[-97.65366874682424,32.719807603266624],[-97.65366067140293,32.71980406804336],[-97.65364554652135,32.71972382603288],[-97.65312231693869,32.7195931281156],[-97.65289052761611,32.71964144478882],[-97.6523722391741,32.71974948090905],[-97.65236919335568,32.72158117316699]]]},"properties":{"parcel_id":"60392","state_cd":"","legal_desc":"TR:, BLK:, SURV: B T YARBROUGH","situs_street":"QUAIL RIDGE RD","legal_acreage":1.0,"imprv_sqft":0.0,"imprv_val":797330.0,"total_val":836750.0,"ite_code":210,"ite_land_use":"Single-Family Detached","units":1.0,"daily_trips":9.4,"am_peak_trips":0.7,"pm_peak_trips":0.9,"classification":"Residential","access_road":"Unknown","access_segment_id":"","snap_distance_m":117.9,"notes":"Heuristic (stopgap): default single-family \u2014 awaits real state_cd from Parker CAD","soil_musym":"BsE","soil_muname":"Brackett-Maloterre complex, 2 to 12 percent slopes","soil_clay_pct":28.7,"soil_ksat_um_per_s":null}},{"type":"Feature","geometry":{"type":"Polygon","coordinates":[[[-97.63806830385442,32.719936669998845],[-97.63902812019293,32.71998109194035],[-97.63902404931015,32.718616706024335],[-97.63860112716065,32.71859689709569],[-97.63815272584579,32.7197048412118],[-97.63806830385442,32.719936669998845]]]},"properties":{"parcel_id":"49716","state_cd":"","legal_desc":"PT OF 3.586 AC TR,21604-16","situs_street":"JENKINS RD","legal_acreage":0.586,"imprv_sqft":0.0,"imprv_val":0.0,"total_val":27390.0,"ite_code":null,"ite_land_use":"","units":0.0,"daily_trips":0.0,"am_peak_trips":0.0,"pm_peak_trips":0.0,"classification":"Vacant","access_road":"","access_segment_id":"","snap_distance_m":null,"notes":"Heuristic (stopgap): no improvement value","soil_musym":"BsE","soil_muname":"Brackett-Maloterre complex, 2 to 12 percent slopes","soil_clay_pct":28.7,"soil_ksat_um_per_s":null}},{"type":"Feature","geometry":{"type":"Polygon","coordinates":[[[-97.63314324030534,32.71368453558314],[-97.63338834692388,32.71419060936933],[-97.63350903063042,32.714399805903554],[-97.6354024612993,32.71430561760874],[-97.6353950864529,32.71420077062123],[-97.6353392375677,32.71340679336716],[-97.63459021034012,32.71345092194659],[-97.63378859219077,32.713498144327126],[-97.63314324030534,32.71368453558314]]]},"properties":{"parcel_id":"48128","state_cd":"","legal_desc":"TR:, BLK:, SURV: THOMAS ROLSTON","situs_street":"JENKINS RD","legal_acreage":4.5,"imprv_sqft":0.0,"imprv_val":416220.0,"total_val":629970.0,"ite_code":210,"ite_land_use":"Single-Family Detached","units":1.0,"daily_trips":9.4,"am_peak_trips":0.7,"pm_peak_trips":0.9,"classification":"Residential","access_road":"Unknown","access_segment_id":"","snap_distance_m":114.5,"notes":"Heuristic (stopgap): default single-family \u2014 awaits real state_cd from Parker CAD","soil_musym":"VeC","soil_muname":"Venus loam, 3 to 5 percent slopes","soil_clay_pct":25,"soil_ksat_um_per_s":null}},{"type":"Feature","geometry":{"type":"Polygon","coordinates":[[[-97.65840858988139,32.72108920087614],[-97.65845493068088,32.720377309491404],[-97.6580902699889,32.72037642499812],[-97.6570930496213,32.72037465682746],[-97.65708067102148,32.7215272579689],[-97.65729198997272,32.72153085374187],[-97.65752413427444,32.72143896936842],[-97.65840858988139,32.72108920087614]]]},"properties":{"parcel_id":"2862","state_cd":"","legal_desc":"","situs_street":"QUAIL RIDGE RD","legal_acreage":3.8,"imprv_sqft":0.0,"imprv_val":349660.0,"total_val":543460.0,"ite_code":210,"ite_land_use":"Single-Family Detached","units":1.0,"daily_trips":9.4,"am_peak_trips":0.7,"pm_peak_trips":0.9,"classification":"Residential","access_road":"Unknown","access_segment_id":"","snap_distance_m":60.3,"notes":"Heuristic (stopgap): default single-family \u2014 awaits real state_cd from Parker CAD","soil_musym":"BsE","soil_muname":"Brackett-Maloterre complex, 2 to 12 percent slopes","soil_clay_pct":28.7,"soil_ksat_um_per_s":null}},{"type":"Feature","geometry":{"type":"Polygon","coordinates":[[[-97.73050368170378,32.72628784459576],[-97.73062145642828,32.72631449447494],[-97.73079896935526,32.72635257867926],[-97.73098927750978,32.72638000357828],[-97.73128813798688,32.7264224163874],[-97.7314644671086,32.726434245128246],[-97.7316383140168,32.72640668658991],[-97.73181668417898,32.726345749764896],[-97.7320730607774,32.7262411513846],[-97.73226294782488,32.72615403789787],[-97.73243826833773,32.72611932853275],[-97.7328012296539,32.726100175285],[-97.73280101210496,32.72606435190868],[-97.73278492991044,32.723212518751055],[-97.73278384172913,32.72302024757628],[-97.73023361213842,32.723040488180175],[-97.73019400606388,32.72407208838856],[-97.73041828100294,32.72406100222489],[-97.73040919925583,32.72551231902772],[-97.73130262890163,32.72566074955331],[-97.73072141985357,32.72607392212923],[-97.73060577922166,32.726156127880444],[-97.73050514964577,32.72628576772571],[-97.73050368170378,32.72628784459576]]]},"properties":{"parcel_id":"50833","state_cd":"","legal_desc":"TR:, BLK:, SURV: JAMES RAY","situs_street":"BUCK DOBBS RD","legal_acreage":1.0,"imprv_sqft":0.0,"imprv_val":545370.0,"total_val":583470.0,"ite_code":210,"ite_land_use":"Single-Family Detached","units":1.0,"daily_trips":9.4,"am_peak_trips":0.7,"pm_peak_trips":0.9,"classification":"Residential","access_road":"Unknown","access_segment_id":"","snap_distance_m":130.1,"notes":"Heuristic (stopgap): default single-family \u2014 awaits real state_cd from Parker CAD","soil_musym":"BsE","soil_muname":"Brackett-Maloterre complex, 2 to 12 percent slopes","soil_clay_pct":28.7,"soil_ksat_um_per_s":null}},{"type":"Feature","geometry":{"type":"Polygon","coordinates":[[[-97.63698608154802,32.719836441046624],[-97.63694230487437,32.71991082085594],[-97.63689118150363,32.71998171719181],[-97.63627174929034,32.72073416849686],[-97.63622698226806,32.720795310163716],[-97.63618887078425,32.72085957969131],[-97.6361577056005,32.72092648038483],[-97.63613373732012,32.72099547649008],[-97.6360676861599,32.72122011946331],[-97.63587978762874,32.72184931386903],[-97.63586060413533,32.721905340348606],[-97.63583632658468,32.72195991099251],[-97.63580709671594,32.72201271203857],[-97.63577309156182,32.72206342095107],[-97.63557358140083,32.722328313865674],[-97.6355567800785,32.72235057184398],[-97.63556785560706,32.72237038402051],[-97.63557561531313,32.722391178692334],[-97.63557993976829,32.722412620443905],[-97.63558075576773,32.72243433810692],[-97.63557804883382,32.722455955510185],[-97.63557186528809,32.72247709780705],[-97.63556231218156,32.72249739868945],[-97.6355495561754,32.722516505791674],[-97.63553381706984,32.72253408785975],[-97.63551536880992,32.722549841071775],[-97.63549453092448,32.72256349168389],[-97.63547166312203,32.72257480320756],[-97.6354471641888,32.722583580009356],[-97.63542145703563,32.72258966901085],[-97.63539498757837,32.72259296509176],[-97.63536821406089,32.72259341191797],[-97.63514874355616,32.7241814682482],[-97.63769722540255,32.72423154169606],[-97.63773091092526,32.72365292903179],[-97.63773687143556,32.723477814440045],[-97.63775113423797,32.723060448117394],[-97.6377282524343,32.722861713320945],[-97.63757924106497,32.721567021155394],[-97.63753935826628,32.72122033562626],[-97.63799703802334,32.720109572163416],[-97.63698608154802,32.719836441046624]]]},"properties":{"parcel_id":"49699","state_cd":"","legal_desc":"TR:, BLK:, SURV: JAMES S OXER","situs_street":"BELLE CIR","legal_acreage":19.48,"imprv_sqft":0.0,"imprv_val":0.0,"total_val":667390.0,"ite_code":null,"ite_land_use":"","units":0.0,"daily_trips":0.0,"am_peak_trips":0.0,"pm_peak_trips":0.0,"classification":"Vacant","access_road":"","access_segment_id":"","snap_distance_m":null,"notes":"Heuristic (stopgap): no improvement value","soil_musym":"BsE","soil_muname":"Brackett-Maloterre complex, 2 to 12 percent slopes","soil_clay_pct":28.7,"soil_ksat_um_per_s":null}},{"type":"Feature","geometry":{"type":"Polygon","coordinates":[[[-97.6374354614428,32.718542219421494],[-97.63860112716065,32.71859689709569],[-97.63879700025532,32.71776313093112],[-97.63801787013013,32.717695330116015],[-97.6381466820821,32.71714455865126],[-97.63780108168444,32.71711912627032],[-97.63766891029188,32.71708816499813],[-97.63749265025666,32.718248600404685],[-97.63746713105962,32.71839584746405],[-97.6374354614428,32.718542219421494]]]},"properties":{"parcel_id":"49695","state_cd":"","legal_desc":"TR:  2AC FROM ABST 1604, BLK: O/65 PURPOSES, SURV: JAMES S OXER","situs_street":"JENKINS RD","legal_acreage":4.13,"imprv_sqft":0.0,"imprv_val":259770.0,"total_val":424570.0,"ite_code":210,"ite_land_use":"Single-Family Detached","units":1.0,"daily_trips":9.4,"am_peak_trips":0.7,"pm_peak_trips":0.9,"classification":"Residential","access_road":"Unknown","access_segment_id":"","snap_distance_m":38.2,"notes":"Heuristic (stopgap): default single-family \u2014 awaits real state_cd from Parker CAD","soil_musym":"DwD","soil_muname":"Duffau-Weatherford complex, 3 to 8 percent slopes","soil_clay_pct":9.2,"soil_ksat_um_per_s":null}},{"type":"Feature","geometry":{"type":"Polygon","coordinates":[[[-97.71641127430564,32.72667814812933],[-97.71880886823537,32.726714109441986],[-97.71881687356081,32.72616130623989],[-97.71697422920354,32.72613815779273],[-97.7164945786211,32.72659824253663],[-97.71641127430564,32.72667814812933]]]},"properties":{"parcel_id":"121667","state_cd":"","legal_desc":"F-209","situs_street":"DIXON RD","legal_acreage":2.99,"imprv_sqft":0.0,"imprv_val":0.0,"total_val":388700.0,"ite_code":null,"ite_land_use":"","units":0.0,"daily_trips":0.0,"am_peak_trips":0.0,"pm_peak_trips":0.0,"classification":"Vacant","access_road":"","access_segment_id":"","snap_distance_m":null,"notes":"Heuristic (stopgap): no improvement value","soil_musym":"VeB","soil_muname":"Venus loam, 1 to 3 percent slopes","soil_clay_pct":25,"soil_ksat_um_per_s":null}},{"type":"Feature","geometry":{"type":"Polygon","coordinates":[[[-97.73559316316613,32.73076274673062],[-97.73333290028395,32.730756931479924],[-97.73325761356747,32.73075581862675],[-97.73325512525274,32.733221867147144],[-97.73363556142638,32.73309126951251],[-97.73444384361143,32.73284157357548],[-97.73470386726902,32.73292360556008],[-97.73520148149612,32.73334369046612],[-97.73524736087413,32.73320886892577],[-97.73557587363955,32.73309984617525],[-97.73559316316613,32.73076274673062]]]},"properties":{"parcel_id":"36393","state_cd":"","legal_desc":"TR:, BLK:, SURV: ANDREW J BELL","situs_street":"BUCK DOBBS RD","legal_acreage":12.207,"imprv_sqft":0.0,"imprv_val":0.0,"total_val":441290.0,"ite_code":null,"ite_land_use":"","units":0.0,"daily_trips":0.0,"am_peak_trips":0.0,"pm_peak_trips":0.0,"classification":"Vacant","access_road":"","access_segment_id":"","snap_distance_m":null,"notes":"Heuristic (stopgap): no improvement value","soil_musym":"Bo","soil_muname":"Bosque loam, 0 to 1 percent slopes, occasionally flooded","soil_clay_pct":23.5,"soil_ksat_um_per_s":null}},{"type":"Feature","geometry":{"type":"Polygon","coordinates":[[[-97.63954161036486,32.71877923421459],[-97.63954166987732,32.71877936810009],[-97.63961055672246,32.718806995188146],[-97.64122264985097,32.71945351854568],[-97.64122299416881,32.71945365710406],[-97.64447310408579,32.71944988672578],[-97.6445134268719,32.71925937308894],[-97.64415348653057,32.71905751338388],[-97.64408561735509,32.71896409343794],[-97.64369322365167,32.71876900538598],[-97.64354785304673,32.71846106701311],[-97.64337322981227,32.71828917433141],[-97.64289878397851,32.71819980714163],[-97.64241830753447,32.71784714990325],[-97.64240734359973,32.717839102809144],[-97.64240549508897,32.71783774629935],[-97.64118580670508,32.718202950461375],[-97.64106548748458,32.71825699722024],[-97.64068247876861,32.718429039924935],[-97.64041528427505,32.71862167997066],[-97.64039121740247,32.718608138192],[-97.64002353063101,32.71840124366867],[-97.64002267930745,32.71840157326468],[-97.64002024527676,32.71840251508465],[-97.64001625745485,32.71840405760464],[-97.6396900219778,32.71853028216832],[-97.63954161036486,32.71877923421459]]]},"properties":{"parcel_id":"59432","state_cd":"","legal_desc":"TR:, BLK:, SURV: WILSON WOODS, ====SEE NOTES MARY M====","situs_street":"JENKINS RD","legal_acreage":1.0,"imprv_sqft":0.0,"imprv_val":0.0,"total_val":31840.0,"ite_code":null,"ite_land_use":"","units":0.0,"daily_trips":0.0,"am_peak_trips":0.0,"pm_peak_trips":0.0,"classification":"Vacant","access_road":"","access_segment_id":"","snap_distance_m":null,"notes":"Heuristic (stopgap): no improvement value","soil_musym":"LaC","soil_muname":"Wise clay loam, 3 to 5 percent slopes, moderately eroded","soil_clay_pct":28,"soil_ksat_um_per_s":null}},{"type":"Feature","geometry":{"type":"Polygon","coordinates":[[[-97.70292876529125,32.720085764524796],[-97.7029481186412,32.72010755363834],[-97.70296328144566,32.72013159843783],[-97.7029738918266,32.720157328442646],[-97.70297969817247,32.720184130590354],[-97.7029805632355,32.72021136820174],[-97.70373912299154,32.720216230904846],[-97.70372428277258,32.72147780289528],[-97.7043218104745,32.7219474744843],[-97.70517875421916,32.72189816038162],[-97.7051869604375,32.72098130618756],[-97.7051789521097,32.720245679158715],[-97.70414841970337,32.72021587035833],[-97.70376844447206,32.72009412971876],[-97.70292876529125,32.720085764524796]]]},"properties":{"parcel_id":"32680","state_cd":"","legal_desc":"","situs_street":"WEST HILL DR","legal_acreage":6.162,"imprv_sqft":0.0,"imprv_val":1135340.0,"total_val":1474250.0,"ite_code":210,"ite_land_use":"Single-Family Detached","units":1.0,"daily_trips":9.4,"am_peak_trips":0.7,"pm_peak_trips":0.9,"classification":"Residential","access_road":"Unknown","access_segment_id":"","snap_distance_m":197.8,"notes":"Heuristic (stopgap): default single-family \u2014 awaits real state_cd from Parker CAD","soil_musym":"KtC","soil_muname":"Keeter very fine sandy loam, 1 to 6 percent slopes","soil_clay_pct":7,"soil_ksat_um_per_s":null}},{"type":"Feature","geometry":{"type":"Polygon","coordinates":[[[-97.72733271746293,32.73064708334163],[-97.72746519656037,32.73050831807241],[-97.72766884796793,32.730300797578245],[-97.72775255210172,32.72807053202548],[-97.72776791150827,32.727710367077265],[-97.72706690483491,32.727702765471626],[-97.72707156312924,32.727414224115414],[-97.72707553209801,32.72716748693621],[-97.72707618880689,32.72712562663711],[-97.72476038989517,32.72710064770449],[-97.72474184824561,32.72714225845341],[-97.72451860720037,32.72764384441852],[-97.72344874938236,32.72810179761101],[-97.72340710201082,32.73068482201551],[-97.72340667313681,32.7307109231383],[-97.7247688306656,32.73071224558747],[-97.72683959410716,32.73070486304692],[-97.72727587538506,32.730690873279435],[-97.72733271746293,32.73064708334163]]]},"properties":{"parcel_id":"39904","state_cd":"","legal_desc":"TR:, BLK:, SURV: JOHN A DIXON","situs_street":"BUCK DOBBS RD","legal_acreage":21.47,"imprv_sqft":0.0,"imprv_val":0.0,"total_val":736420.0,"ite_code":null,"ite_land_use":"","units":0.0,"daily_trips":0.0,"am_peak_trips":0.0,"pm_peak_trips":0.0,"classification":"Vacant","access_road":"","access_segment_id":"","snap_distance_m":null,"notes":"Heuristic (stopgap): no improvement value","soil_musym":"KtC","soil_muname":"Keeter very fine sandy loam, 1 to 6 percent slopes","soil_clay_pct":7,"soil_ksat_um_per_s":null}},{"type":"Feature","geometry":{"type":"Polygon","coordinates":[[[-97.72164091405247,32.73311929379111],[-97.72129435015333,32.733172616895594],[-97.72105931095726,32.7335637292415],[-97.71979266277836,32.73374496032012],[-97.7195993263732,32.73566809960136],[-97.72076282618572,32.7356643319793],[-97.72119474815142,32.73566291585883],[-97.72118203106918,32.73671225212364],[-97.72117990010545,32.736887673057986],[-97.72227592589593,32.73429640402511],[-97.72164091405247,32.73311929379111]]]},"properties":{"parcel_id":"61743","state_cd":"","legal_desc":"","situs_street":"0   , , TX 000000","legal_acreage":4.912,"imprv_sqft":0.0,"imprv_val":0.0,"total_val":191350.0,"ite_code":null,"ite_land_use":"","units":0.0,"daily_trips":0.0,"am_peak_trips":0.0,"pm_peak_trips":0.0,"classification":"Vacant","access_road":"","access_segment_id":"","snap_distance_m":null,"notes":"Heuristic (stopgap): no improvement value","soil_musym":"WoB","soil_muname":"Windthorst very fine sandy loam, 1 to 5 percent slopes","soil_clay_pct":11,"soil_ksat_um_per_s":null}},{"type":"Feature","geometry":{"type":"Polygon","coordinates":[[[-97.71793474797997,32.72770921382168],[-97.71879301759083,32.72780852854462],[-97.71880097600314,32.727259018611555],[-97.71620470899046,32.7271100211155],[-97.71605399825384,32.72742511392826],[-97.7160239459827,32.7274879441901],[-97.7169166529871,32.72759139861078],[-97.71732945546528,32.72763916948388],[-97.71756178102603,32.7276660543619],[-97.71793474797997,32.72770921382168]]]},"properties":{"parcel_id":"121665","state_cd":"","legal_desc":"F-209","situs_street":"DIXON RD","legal_acreage":3.265,"imprv_sqft":0.0,"imprv_val":0.0,"total_val":293850.0,"ite_code":null,"ite_land_use":"","units":0.0,"daily_trips":0.0,"am_peak_trips":0.0,"pm_peak_trips":0.0,"classification":"Vacant","access_road":"","access_segment_id":"","snap_distance_m":null,"notes":"Heuristic (stopgap): no improvement value","soil_musym":"VeB","soil_muname":"Venus loam, 1 to 3 percent slopes","soil_clay_pct":25,"soil_ksat_um_per_s":null}},{"type":"Feature","geometry":{"type":"Polygon","coordinates":[[[-97.63271120474141,32.71819632558074],[-97.6329430187134,32.718318463519594],[-97.63303457060255,32.71836670001333],[-97.63490978765314,32.71595862159696],[-97.63449010784728,32.71560750373512],[-97.63447238034246,32.71559146444283],[-97.63212261706227,32.71788620749616],[-97.63221541516116,32.71793510173318],[-97.63271120474141,32.71819632558074]]]},"properties":{"parcel_id":"49690","state_cd":"","legal_desc":"TR:, BLK:, SURV: JAMES S OXER","situs_street":"JENKINS RD","legal_acreage":6.394,"imprv_sqft":0.0,"imprv_val":1034720.0,"total_val":1288590.0,"ite_code":210,"ite_land_use":"Single-Family Detached","units":1.0,"daily_trips":9.4,"am_peak_trips":0.7,"pm_peak_trips":0.9,"classification":"Residential","access_road":"Unknown","access_segment_id":"","snap_distance_m":201.1,"notes":"Heuristic (stopgap): default single-family \u2014 awaits real state_cd from Parker CAD","soil_musym":"BsE","soil_muname":"Brackett-Maloterre complex, 2 to 12 percent slopes","soil_clay_pct":28.7,"soil_ksat_um_per_s":null}},{"type":"Feature","geometry":{"type":"Polygon","coordinates":[[[-97.72164091405247,32.73311929379111],[-97.72129435015333,32.733172616895594],[-97.72105931095726,32.7335637292415],[-97.71979266277836,32.73374496032012],[-97.7195993263732,32.73566809960136],[-97.72076282618572,32.7356643319793],[-97.72119474815142,32.73566291585883],[-97.72118203106918,32.73671225212364],[-97.72117990010545,32.736887673057986],[-97.72227592589593,32.73429640402511],[-97.72164091405247,32.73311929379111]]]},"properties":{"parcel_id":"42581","state_cd":"","legal_desc":"","situs_street":"CENTER POINT RD","legal_acreage":2.951,"imprv_sqft":0.0,"imprv_val":0.0,"total_val":109860.0,"ite_code":null,"ite_land_use":"","units":0.0,"daily_trips":0.0,"am_peak_trips":0.0,"pm_peak_trips":0.0,"classification":"Vacant","access_road":"","access_segment_id":"","snap_distance_m":null,"notes":"Heuristic (stopgap): no improvement value","soil_musym":"WoB","soil_muname":"Windthorst very fine sandy loam, 1 to 5 percent slopes","soil_clay_pct":11,"soil_ksat_um_per_s":null}},{"type":"Feature","geometry":{"type":"Polygon","coordinates":[[[-97.6447515606382,32.70911208500384],[-97.64471852957183,32.709033998412735],[-97.64464822868327,32.708502321554406],[-97.64465383052588,32.70845319858093],[-97.64465192039142,32.70840387328787],[-97.64464253200545,32.708355164784805],[-97.64462581975361,32.7083078794831],[-97.64460205984278,32.70826280118325],[-97.64457164723926,32.70822067662489],[-97.64453508509713,32.70818220549396],[-97.64449298065635,32.70814802325944],[-97.64444603140231,32.70811869837325],[-97.64439501455574,32.70809471596482],[-97.64434077538345,32.70807647325216],[-97.64428421446011,32.70806427314108],[-97.644226268539,32.708058316879374],[-97.64378702605447,32.70798981405886],[-97.64356442040811,32.70830153233937],[-97.64393066741377,32.70914855384676],[-97.64393071332806,32.709149877174085],[-97.6447515606382,32.70911208500384]]]},"properties":{"parcel_id":"71507","state_cd":"","legal_desc":"","situs_street":"QUAIL RIDGE RD","legal_acreage":2.532,"imprv_sqft":0.0,"imprv_val":607480.0,"total_val":752670.0,"ite_code":210,"ite_land_use":"Single-Family Detached","units":1.0,"daily_trips":9.4,"am_peak_trips":0.7,"pm_peak_trips":0.9,"classification":"Residential","access_road":"Unknown","access_segment_id":"","snap_distance_m":42.1,"notes":"Heuristic (stopgap): default single-family \u2014 awaits real state_cd from Parker CAD","soil_musym":"BsE","soil_muname":"Brackett-Maloterre complex, 2 to 12 percent slopes","soil_clay_pct":28.7,"soil_ksat_um_per_s":null}},{"type":"Feature","geometry":{"type":"Polygon","coordinates":[[[-97.66368384447877,32.716371331479294],[-97.66360503870206,32.71556888481261],[-97.66264280272041,32.71531594437955],[-97.66258931593826,32.71531231205034],[-97.66226021790611,32.71619178214242],[-97.66251399768996,32.71669270885497],[-97.66246169753902,32.717104433387014],[-97.6616164180848,32.71733634295463],[-97.66160245581278,32.71934231919723],[-97.6616948725551,32.719287003841075],[-97.66247409399314,32.7188206689785],[-97.6629207080284,32.718628565546894],[-97.6636355872731,32.71753175670916],[-97.66368384447877,32.716371331479294]]]},"properties":{"parcel_id":"44117","state_cd":"","legal_desc":"","situs_street":"HILLMONT RANCH RD","legal_acreage":17.4,"imprv_sqft":0.0,"imprv_val":0.0,"total_val":458720.0,"ite_code":820,"ite_land_use":"Shopping Center/Retail","units":150.0,"daily_trips":5662.5,"am_peak_trips":169.9,"pm_peak_trips":509.6,"classification":"Commercial","access_road":"Unknown","access_segment_id":"","snap_distance_m":222.3,"notes":"Heuristic (stopgap): business + commercial function","soil_musym":"BsE","soil_muname":"Brackett-Maloterre complex, 2 to 12 percent slopes","soil_clay_pct":28.7,"soil_ksat_um_per_s":null}},{"type":"Feature","geometry":{"type":"Polygon","coordinates":[[[-97.71915905282465,32.729012326618374],[-97.71892817218928,32.72897840864539],[-97.71852963272013,32.72895287393478],[-97.71791164604029,32.7288860074232],[-97.71766359934618,32.73050939950992],[-97.71855795068082,32.730507867960526],[-97.71875192969341,32.730427305712546],[-97.71921514219596,32.73022685571863],[-97.71915905282465,32.729012326618374]]]},"properties":{"parcel_id":"52647","state_cd":"","legal_desc":"TR:, BLK:, SURV: W M T TUBB","situs_street":"ANNETTA CENTERPOINT RD","legal_acreage":1.0,"imprv_sqft":0.0,"imprv_val":218770.0,"total_val":261720.0,"ite_code":210,"ite_land_use":"Single-Family Detached","units":1.0,"daily_trips":9.4,"am_peak_trips":0.7,"pm_peak_trips":0.9,"classification":"Residential","access_road":"Unknown","access_segment_id":"","snap_distance_m":94.1,"notes":"Heuristic (stopgap): default single-family \u2014 awaits real state_cd from Parker CAD","soil_musym":"WoB2","soil_muname":"Windthorst fine sandy loam, 1 to 5 percent slopes, moderately eroded","soil_clay_pct":12,"soil_ksat_um_per_s":null}},{"type":"Feature","geometry":{"type":"Polygon","coordinates":[[[-97.63922217161462,32.72041961951412],[-97.6391876174894,32.72054901807075],[-97.63923581763756,32.72095234979014],[-97.63933762565412,32.72118897014422],[-97.639952506258,32.72123547136312],[-97.64368707074372,32.72125131243347],[-97.64381893219668,32.72125186924197],[-97.64388558493444,32.72088776114728],[-97.64412655730219,32.72061852767082],[-97.64432610541985,32.720395573598175],[-97.63922217161462,32.72041961951412]]]},"properties":{"parcel_id":"59437","state_cd":"","legal_desc":"TR:, BLK:, SURV: WILSON WOODS","situs_street":"JENKINS RD","legal_acreage":8.967,"imprv_sqft":0.0,"imprv_val":0.0,"total_val":338730.0,"ite_code":null,"ite_land_use":"","units":0.0,"daily_trips":0.0,"am_peak_trips":0.0,"pm_peak_trips":0.0,"classification":"Vacant","access_road":"","access_segment_id":"","snap_distance_m":null,"notes":"Heuristic (stopgap): no improvement value","soil_musym":"FriA","soil_muname":"Frio silty clay, 0 to 1 percent slopes, occasionally flooded","soil_clay_pct":44,"soil_ksat_um_per_s":null}},{"type":"Feature","geometry":{"type":"Polygon","coordinates":[[[-97.69722863815228,32.721220068139786],[-97.69755878645462,32.722058747852884],[-97.69811315336047,32.72198407228427],[-97.69830302156689,32.72197043759297],[-97.69844533378334,32.7219704149456],[-97.69886995211883,32.7219703464122],[-97.69886982475762,32.72196991811736],[-97.69858541473234,32.72101407359492],[-97.69855026724967,32.721016061858684],[-97.69851519469478,32.721013294272424],[-97.6984810904631,32.721005841530896],[-97.69844882553917,32.72099389322875],[-97.69841922292521,32.72097775408792],[-97.69839303744486,32.72095783571076],[-97.6983709387556,32.72093464745144],[-97.69835348908435,32.72090878094098],[-97.69722863815228,32.721220068139786]]]},"properties":{"parcel_id":"32689","state_cd":"","legal_desc":"","situs_street":"FALCON RIDGE","legal_acreage":3.345,"imprv_sqft":0.0,"imprv_val":829950.0,"total_val":1013930.0,"ite_code":210,"ite_land_use":"Single-Family Detached","units":1.0,"daily_trips":9.4,"am_peak_trips":0.7,"pm_peak_trips":0.9,"classification":"Residential","access_road":"Unknown","access_segment_id":"","snap_distance_m":87.8,"notes":"Heuristic (stopgap): default single-family \u2014 awaits real state_cd from Parker CAD","soil_musym":"ALE","soil_muname":"Aledo-Bolar association, 1 to 8 percent slopes","soil_clay_pct":30,"soil_ksat_um_per_s":null}},{"type":"Feature","geometry":{"type":"Polygon","coordinates":[[[-97.69374549982439,32.71773937483],[-97.69488257567507,32.718099894667205],[-97.69492075557197,32.71802289096295],[-97.69495560335743,32.717970404837345],[-97.6949962396414,32.71792098278821],[-97.69504229011689,32.71787507871843],[-97.69509333061204,32.71783311644687],[-97.69514889251384,32.717795479823415],[-97.695208463794,32.71776251724518],[-97.69527149657416,32.71773453088363],[-97.69533741138471,32.717711777614234],[-97.69542247315344,32.717696473957616],[-97.69550856683396,32.71768608024926],[-97.69559529620791,32.717680645327356],[-97.69568226100267,32.717680194556884],[-97.69569287775045,32.71730246548002],[-97.69479953886288,32.71588005809628],[-97.69457051195535,32.71587833307961],[-97.69412103784292,32.71587494553706],[-97.69370874659192,32.71587183641159],[-97.69374549982439,32.71773937483]]]},"properties":{"parcel_id":"32668","state_cd":"","legal_desc":"","situs_street":"WEST HILL DR","legal_acreage":7.64,"imprv_sqft":0.0,"imprv_val":0.0,"total_val":420200.0,"ite_code":null,"ite_land_use":"","units":0.0,"daily_trips":0.0,"am_peak_trips":0.0,"pm_peak_trips":0.0,"classification":"Vacant","access_road":"","access_segment_id":"","snap_distance_m":null,"notes":"Heuristic (stopgap): no improvement value","soil_musym":"WnD3","soil_muname":"Windthorst and Duffau sandy clay loams, 1 to 8 percent slopes, severely eroded","soil_clay_pct":23.9,"soil_ksat_um_per_s":null}},{"type":"Feature","geometry":{"type":"Polygon","coordinates":[[[-97.63922217161462,32.72041961951412],[-97.6391876174894,32.72054901807075],[-97.63923581763756,32.72095234979014],[-97.63933762565412,32.72118897014422],[-97.639952506258,32.72123547136312],[-97.64368707074372,32.72125131243347],[-97.64381893219668,32.72125186924197],[-97.64388558493444,32.72088776114728],[-97.64412655730219,32.72061852767082],[-97.64432610541985,32.720395573598175],[-97.63922217161462,32.72041961951412]]]},"properties":{"parcel_id":"59436","state_cd":"","legal_desc":"TR:, BLK:, SURV: WILSON WOODS","situs_street":"JENKINS RD","legal_acreage":1.0,"imprv_sqft":0.0,"imprv_val":645330.0,"total_val":725330.0,"ite_code":210,"ite_land_use":"Single-Family Detached","units":1.0,"daily_trips":9.4,"am_peak_trips":0.7,"pm_peak_trips":0.9,"classification":"Residential","access_road":"Unknown","access_segment_id":"","snap_distance_m":244.5,"notes":"Heuristic (stopgap): default single-family \u2014 awaits real state_cd from Parker CAD","soil_musym":"FriA","soil_muname":"Frio silty clay, 0 to 1 percent slopes, occasionally flooded","soil_clay_pct":44,"soil_ksat_um_per_s":null}},{"type":"Feature","geometry":{"type":"Polygon","coordinates":[[[-97.66712079618776,32.725888422529046],[-97.66712137733961,32.72610867692912],[-97.66802815300973,32.72610718579914],[-97.66795700706237,32.72503598538907],[-97.66796095660044,32.724823530724],[-97.66768234086975,32.72480285079167],[-97.66711725040116,32.7245434909755],[-97.66711961334993,32.72543986641485],[-97.66712079618776,32.725888422529046]]]},"properties":{"parcel_id":"128063","state_cd":"","legal_desc":"","situs_street":"0   , , TX","legal_acreage":3.085,"imprv_sqft":0.0,"imprv_val":0.0,"total_val":82560.0,"ite_code":null,"ite_land_use":"","units":0.0,"daily_trips":0.0,"am_peak_trips":0.0,"pm_peak_trips":0.0,"classification":"Vacant","access_road":"","access_segment_id":"","snap_distance_m":null,"notes":"Heuristic (stopgap): no improvement value","soil_musym":"DwD","soil_muname":"Duffau-Weatherford complex, 3 to 8 percent slopes","soil_clay_pct":9.2,"soil_ksat_um_per_s":null}},{"type":"Feature","geometry":{"type":"Polygon","coordinates":[[[-97.63304005483064,32.72076715152908],[-97.63350463190451,32.7213779658249],[-97.63357285790924,32.72128242355198],[-97.63395375854333,32.720327076957545],[-97.63412422168798,32.72004185046607],[-97.63446152493144,32.71948802959201],[-97.6346780313448,32.7192509227828],[-97.63433739962427,32.71906655747428],[-97.63404755967858,32.71941496654557],[-97.63393175412484,32.71955417144941],[-97.63385409779283,32.71950533445185],[-97.63325894104752,32.72056708192403],[-97.63322824843102,32.72061606457062],[-97.6331903240049,32.720661282957046],[-97.63314580249036,32.72070197763873],[-97.63309543095333,32.72073746571002],[-97.63304005483064,32.72076715152908]]]},"properties":{"parcel_id":"0","state_cd":"","legal_desc":"","situs_street":", ,","legal_acreage":0.0,"imprv_sqft":0.0,"imprv_val":0.0,"total_val":0.0,"ite_code":null,"ite_land_use":"","units":0.0,"daily_trips":0.0,"am_peak_trips":0.0,"pm_peak_trips":0.0,"classification":"Vacant","access_road":"","access_segment_id":"","snap_distance_m":null,"notes":"Heuristic (stopgap): no improvement value","soil_musym":"BsE","soil_muname":"Brackett-Maloterre complex, 2 to 12 percent slopes","soil_clay_pct":28.7,"soil_ksat_um_per_s":null}},{"type":"Feature","geometry":{"type":"Polygon","coordinates":[[[-97.72781977288493,32.7303136703184],[-97.73058217703377,32.730390490507375],[-97.7305584650425,32.72893150658263],[-97.72787077266624,32.72886277752822],[-97.72781977288493,32.7303136703184]]]},"properties":{"parcel_id":"123686","state_cd":"","legal_desc":"TR:, BLK:, SURV: ANDREW J BELL","situs_street":"BUCK DOBBS RD","legal_acreage":10.001,"imprv_sqft":0.0,"imprv_val":0.0,"total_val":400040.0,"ite_code":null,"ite_land_use":"","units":0.0,"daily_trips":0.0,"am_peak_trips":0.0,"pm_peak_trips":0.0,"classification":"Vacant","access_road":"","access_segment_id":"","snap_distance_m":null,"notes":"Heuristic (stopgap): no improvement value","soil_musym":"WnD3","soil_muname":"Windthorst and Duffau sandy clay loams, 1 to 8 percent slopes, severely eroded","soil_clay_pct":23.9,"soil_ksat_um_per_s":null}},{"type":"Feature","geometry":{"type":"Polygon","coordinates":[[[-97.6616164180848,32.71733634295463],[-97.66246169753902,32.717104433387014],[-97.66251399768996,32.71669270885497],[-97.66226021790611,32.71619178214242],[-97.66162137000913,32.716625912641476],[-97.66133432591825,32.71682098498194],[-97.6608991123515,32.7194136878986],[-97.66087658410498,32.7194646912068],[-97.66052379209353,32.72026367648385],[-97.66062829255995,32.72022382633086],[-97.66087624362775,32.71962807909864],[-97.66099645801232,32.719339219560524],[-97.66137233360743,32.717403306645444],[-97.6616164180848,32.71733634295463]]]},"properties":{"parcel_id":"0","state_cd":"","legal_desc":"","situs_street":", ,","legal_acreage":0.0,"imprv_sqft":0.0,"imprv_val":0.0,"total_val":0.0,"ite_code":null,"ite_land_use":"","units":0.0,"daily_trips":0.0,"am_peak_trips":0.0,"pm_peak_trips":0.0,"classification":"Vacant","access_road":"","access_segment_id":"","snap_distance_m":null,"notes":"Heuristic (stopgap): no improvement value","soil_musym":"BsE","soil_muname":"Brackett-Maloterre complex, 2 to 12 percent slopes","soil_clay_pct":28.7,"soil_ksat_um_per_s":null}},{"type":"Feature","geometry":{"type":"Polygon","coordinates":[[[-97.65412986983227,32.71677968087491],[-97.65413427184211,32.71705607008339],[-97.65424623947509,32.717072979743136],[-97.65458534783674,32.717276399059585],[-97.6547594194258,32.71753744852291],[-97.655136663553,32.717745321985504],[-97.65590512404648,32.71780908210147],[-97.65590180306039,32.71679971901591],[-97.65412986983227,32.71677968087491]]]},"properties":{"parcel_id":"60381","state_cd":"","legal_desc":"TR:, BLK:, SURV: B T YARBROUGH","situs_street":"QUAIL RIDGE RD","legal_acreage":3.47,"imprv_sqft":0.0,"imprv_val":675990.0,"total_val":858690.0,"ite_code":210,"ite_land_use":"Single-Family Detached","units":1.0,"daily_trips":9.4,"am_peak_trips":0.7,"pm_peak_trips":0.9,"classification":"Residential","access_road":"Unknown","access_segment_id":"","snap_distance_m":54.4,"notes":"Heuristic (stopgap): default single-family \u2014 awaits real state_cd from Parker CAD","soil_musym":"VeD","soil_muname":"Venus clay loam, 5 to 8 percent slopes","soil_clay_pct":24,"soil_ksat_um_per_s":null}},{"type":"Feature","geometry":{"type":"Polygon","coordinates":[[[-97.73340352178008,32.72844853433379],[-97.73333290028395,32.730756931479924],[-97.73559316316613,32.73076274673062],[-97.73561104176854,32.72840916672265],[-97.73340352178008,32.72844853433379]]]},"properties":{"parcel_id":"36391","state_cd":"","legal_desc":"TR:, BLK:, SURV: ANDREW J BELL","situs_street":"BUCK DOBBS RD","legal_acreage":13.208,"imprv_sqft":0.0,"imprv_val":0.0,"total_val":516590.0,"ite_code":null,"ite_land_use":"","units":0.0,"daily_trips":0.0,"am_peak_trips":0.0,"pm_peak_trips":0.0,"classification":"Vacant","access_road":"","access_segment_id":"","snap_distance_m":null,"notes":"Heuristic (stopgap): no improvement value","soil_musym":"WnD3","soil_muname":"Windthorst and Duffau sandy clay loams, 1 to 8 percent slopes, severely eroded","soil_clay_pct":23.9,"soil_ksat_um_per_s":null}},{"type":"Feature","geometry":{"type":"Polygon","coordinates":[[[-97.63903379906266,32.720562538086085],[-97.6390634938242,32.720387587847796],[-97.63913642894194,32.720126156848394],[-97.6391981428329,32.71998905977764],[-97.63902812019293,32.71998109194035],[-97.63806830385442,32.719936669998845],[-97.63799703802334,32.720109572163416],[-97.63854983911449,32.72038776733361],[-97.63903379906266,32.720562538086085]]]},"properties":{"parcel_id":"85564","state_cd":"","legal_desc":"TR:, BLK:, SURV: JAMES S OXER","situs_street":"JENKINS RD","legal_acreage":1.065,"imprv_sqft":0.0,"imprv_val":0.0,"total_val":49780.0,"ite_code":null,"ite_land_use":"","units":0.0,"daily_trips":0.0,"am_peak_trips":0.0,"pm_peak_trips":0.0,"classification":"Vacant","access_road":"","access_segment_id":"","snap_distance_m":null,"notes":"Heuristic (stopgap): no improvement value","soil_musym":"BsE","soil_muname":"Brackett-Maloterre complex, 2 to 12 percent slopes","soil_clay_pct":28.7,"soil_ksat_um_per_s":null}},{"type":"Feature","geometry":{"type":"Polygon","coordinates":[[[-97.7153748602653,32.72674626015863],[-97.71534814946462,32.726760057451784],[-97.71531917601912,32.72677007616396],[-97.71528868370774,32.72677606035746],[-97.71525745274235,32.72677785713506],[-97.71522628159855,32.72677542013318],[-97.71519596992927,32.726768811217546],[-97.71516729402634,32.72675820032805],[-97.71514098660515,32.726743859038386],[-97.71511772299093,32.72672615415553],[-97.715098098786,32.72670553946209],[-97.71456232256334,32.726695766853524],[-97.7145551598206,32.72731761308492],[-97.71576034980806,32.72745739513763],[-97.7160239459827,32.7274879441901],[-97.71605399825384,32.72742511392826],[-97.7153748602653,32.72674626015863]]]},"properties":{"parcel_id":"121676","state_cd":"","legal_desc":"F-209","situs_street":"MEADOW BEND COURT","legal_acreage":2.0,"imprv_sqft":0.0,"imprv_val":0.0,"total_val":113950.0,"ite_code":null,"ite_land_use":"","units":0.0,"daily_trips":0.0,"am_peak_trips":0.0,"pm_peak_trips":0.0,"classification":"Vacant","access_road":"","access_segment_id":"","snap_distance_m":null,"notes":"Heuristic (stopgap): no improvement value","soil_musym":"WoB2","soil_muname":"Windthorst fine sandy loam, 1 to 5 percent slopes, moderately eroded","soil_clay_pct":12,"soil_ksat_um_per_s":null}},{"type":"Feature","geometry":{"type":"Polygon","coordinates":[[[-97.63925785482705,32.72480241215785],[-97.63931587948541,32.72484162772967],[-97.64018642222561,32.724197169075836],[-97.64003743439497,32.72392023692491],[-97.63994584417895,32.7236566496406],[-97.6399618450119,32.723542353804696],[-97.63954385120144,32.72368940972022],[-97.63911248957434,32.72391045209938],[-97.63904001941857,32.72397262395994],[-97.63886979668328,32.72411861708418],[-97.63866436839575,32.72431689679774],[-97.63892496105221,32.724529977538104],[-97.63904194712164,32.724625732735916],[-97.63921694447808,32.72476892278535],[-97.63925785482705,32.72480241215785]]]},"properties":{"parcel_id":"59445","state_cd":"","legal_desc":"TR:, BLK:, SURV: WILSON WOODS","situs_street":"JENKINS RIDGE","legal_acreage":2.774,"imprv_sqft":0.0,"imprv_val":469700.0,"total_val":618470.0,"ite_code":210,"ite_land_use":"Single-Family Detached","units":1.0,"daily_trips":9.4,"am_peak_trips":0.7,"pm_peak_trips":0.9,"classification":"Residential","access_road":"Unknown","access_segment_id":"","snap_distance_m":74.3,"notes":"Heuristic (stopgap): default single-family \u2014 awaits real state_cd from Parker CAD","soil_musym":"BsE","soil_muname":"Brackett-Maloterre complex, 2 to 12 percent slopes","soil_clay_pct":28.7,"soil_ksat_um_per_s":null}},{"type":"Feature","geometry":{"type":"Polygon","coordinates":[[[-97.63956325844991,32.70254769578656],[-97.63903780709656,32.70254395210285],[-97.63828265004354,32.70253856728734],[-97.6384481296839,32.703669033192575],[-97.63845320186927,32.70370331786859],[-97.63901662918795,32.70370954929271],[-97.63902199052637,32.70341747498089],[-97.63977724989088,32.70342738504236],[-97.64013272125463,32.70280940809059],[-97.63964778366359,32.70260999912091],[-97.63956242149155,32.70260887861414],[-97.63956325844991,32.70254769578656]]]},"properties":{"parcel_id":"48138","state_cd":"","legal_desc":"TR:, BLK:, SURV: THOMAS ROLSTON","situs_street":"UNDERWOOD RD","legal_acreage":4.0,"imprv_sqft":0.0,"imprv_val":416350.0,"total_val":616350.0,"ite_code":210,"ite_land_use":"Single-Family Detached","units":1.0,"daily_trips":9.4,"am_peak_trips":0.7,"pm_peak_trips":0.9,"classification":"Residential","access_road":"Unknown","access_segment_id":"","snap_distance_m":60.6,"notes":"Heuristic (stopgap): default single-family \u2014 awaits real state_cd from Parker CAD","soil_musym":"BsE","soil_muname":"Brackett-Maloterre complex, 2 to 12 percent slopes","soil_clay_pct":28.7,"soil_ksat_um_per_s":null}},{"type":"Feature","geometry":{"type":"Polygon","coordinates":[[[-97.66931637587932,32.72245196118195],[-97.66930936094316,32.723459271197875],[-97.66954407560988,32.72341138355463],[-97.6702353392883,32.72321729367076],[-97.67049595783149,32.72311881591811],[-97.67057828831696,32.7230807889838],[-97.67040858917954,32.72230892836381],[-97.66931637587932,32.72245196118195]]]},"properties":{"parcel_id":"119131","state_cd":"","legal_desc":"","situs_street":"0   , , TX","legal_acreage":1.0,"imprv_sqft":0.0,"imprv_val":1665000.0,"total_val":1700000.0,"ite_code":210,"ite_land_use":"Single-Family Detached","units":1.0,"daily_trips":9.4,"am_peak_trips":0.7,"pm_peak_trips":0.9,"classification":"Residential","access_road":"Unknown","access_segment_id":"","snap_distance_m":57.2,"notes":"Heuristic (stopgap): default single-family \u2014 awaits real state_cd from Parker CAD","soil_musym":"LaD","soil_muname":"Wise clay loam, 5 to 8 percent slopes","soil_clay_pct":28,"soil_ksat_um_per_s":null}},{"type":"Feature","geometry":{"type":"Polygon","coordinates":[[[-97.63943808635071,32.72133954120554],[-97.63959465795196,32.721599821743766],[-97.63975417405301,32.72182859657018],[-97.63997520886448,32.72210345296323],[-97.64006317308193,32.72223255150475],[-97.6401980080355,32.72264678583334],[-97.64020723795564,32.72295759838536],[-97.64017798724,32.72354090847318],[-97.64043926082537,32.7242357585487],[-97.6405573698926,32.724366962683135],[-97.64182506135829,32.72413266426105],[-97.6446555034118,32.723609483391016],[-97.6446581037979,32.72360900256685],[-97.64487148702673,32.72356955780906],[-97.6446939667755,32.72312745648135],[-97.64482655199173,32.72292873601243],[-97.64479566953868,32.722291562349085],[-97.64441847707424,32.72198490289379],[-97.64381893219668,32.72125186924197],[-97.64368725378345,32.72125158154339],[-97.64034066290223,32.72124421204278],[-97.63995155002425,32.72123616548099],[-97.63933762565412,32.72118897014422],[-97.63943808635071,32.72133954120554]]]},"properties":{"parcel_id":"59465","state_cd":"","legal_desc":"TR:, BLK:, SURV: WILSON WOODS","situs_street":"JENKINS RD","legal_acreage":30.37,"imprv_sqft":0.0,"imprv_val":0.0,"total_val":908060.0,"ite_code":null,"ite_land_use":"","units":0.0,"daily_trips":0.0,"am_peak_trips":0.0,"pm_peak_trips":0.0,"classification":"Vacant","access_road":"","access_segment_id":"","snap_distance_m":null,"notes":"Heuristic (stopgap): no improvement value","soil_musym":"FriA","soil_muname":"Frio silty clay, 0 to 1 percent slopes, occasionally flooded","soil_clay_pct":44,"soil_ksat_um_per_s":null}},{"type":"Feature","geometry":{"type":"Polygon","coordinates":[[[-97.63937356529463,32.714159287142564],[-97.63919217632409,32.71419459887628],[-97.63931739082457,32.714338478563846],[-97.6393836797103,32.714393299275166],[-97.6400788503513,32.71452235858317],[-97.6413198135978,32.715255286159994],[-97.64141208727607,32.71530977397948],[-97.64160245766746,32.71568097302294],[-97.64156624147489,32.71619156640395],[-97.64174553440927,32.716393662560954],[-97.64217578909624,32.71687858712125],[-97.64217763907916,32.71688067233779],[-97.65200319874279,32.71466965757082],[-97.65201083498651,32.713489281044495],[-97.65220588677826,32.71349487769602],[-97.65220591666079,32.71349018288359],[-97.65225794870034,32.71300055798285],[-97.65221672408109,32.712928642107926],[-97.65216485145429,32.7128888693537],[-97.65202309170938,32.71286445492301],[-97.6519915540494,32.71286421264665],[-97.6519359912003,32.71286369546971],[-97.65186306521613,32.71286311567313],[-97.65181565361937,32.71287386944984],[-97.65164689401688,32.71288811104762],[-97.65139581659454,32.7129251003274],[-97.65111033174296,32.71292199601089],[-97.6509190923563,32.712883085092045],[-97.65086215645583,32.71285993070438],[-97.65084896918155,32.71285456748774],[-97.65068961446886,32.712789788162716],[-97.65066322382908,32.712777848596446],[-97.64904749078168,32.71279369834644],[-97.64824907913452,32.71280152233025],[-97.64701480177754,32.712813608047064],[-97.64659770311381,32.71281938390045],[-97.63937356529463,32.714159287142564]]]},"properties":{"parcel_id":"46329","state_cd":"","legal_desc":"TR:   (.371 IN A-923), BLK:, SURV: J. D. LOVE","situs_street":"0   , , TX 000000","legal_acreage":15.243,"imprv_sqft":0.0,"imprv_val":0.0,"total_val":548010.0,"ite_code":null,"ite_land_use":"","units":0.0,"daily_trips":0.0,"am_peak_trips":0.0,"pm_peak_trips":0.0,"classification":"Vacant","access_road":"","access_segment_id":"","snap_distance_m":null,"notes":"Heuristic (stopgap): no improvement value","soil_musym":"SdC","soil_muname":"Selden loamy fine sand, 1 to 5 percent slopes","soil_clay_pct":9,"soil_ksat_um_per_s":null}},{"type":"Feature","geometry":{"type":"Polygon","coordinates":[[[-97.65612309642204,32.720221945195924],[-97.65612976550534,32.72070389488073],[-97.65630732438262,32.720704740625656],[-97.65651488637197,32.72055352200094],[-97.6567612025737,32.720374066751475],[-97.65675163227408,32.72022256916037],[-97.65612309642204,32.720221945195924]]]},"properties":{"parcel_id":"63213","state_cd":"","legal_desc":"","situs_street":"QUAIL RIDGE RD","legal_acreage":0.573,"imprv_sqft":0.0,"imprv_val":201970.0,"total_val":247810.0,"ite_code":210,"ite_land_use":"Single-Family Detached","units":1.0,"daily_trips":9.4,"am_peak_trips":0.7,"pm_peak_trips":0.9,"classification":"Residential","access_road":"Unknown","access_segment_id":"","snap_distance_m":42.6,"notes":"Heuristic (stopgap): default single-family \u2014 awaits real state_cd from Parker CAD","soil_musym":"LaD","soil_muname":"Wise clay loam, 5 to 8 percent slopes","soil_clay_pct":28,"soil_ksat_um_per_s":null}},{"type":"Feature","geometry":{"type":"Polygon","coordinates":[[[-97.63904431469575,32.717087161851445],[-97.63920670163456,32.71710737621603],[-97.63977692760612,32.71721822355694],[-97.640064781133,32.71734047724949],[-97.64019466240059,32.71741031230582],[-97.64053352869723,32.716721880717294],[-97.64174553440927,32.716393662560954],[-97.64156624147489,32.71619156640395],[-97.64160245766746,32.71568097302294],[-97.64141208727607,32.71530977397948],[-97.6413198135978,32.715255286159994],[-97.6400788503513,32.71452235858317],[-97.6393836797103,32.714393299275166],[-97.63931739082457,32.714338478563846],[-97.63879422859563,32.71705324920466],[-97.63904431469575,32.717087161851445]]]},"properties":{"parcel_id":"59452","state_cd":"","legal_desc":"TR:, BLK:, SURV: WILSON WOODS","situs_street":"JENKINS RD","legal_acreage":2.0,"imprv_sqft":0.0,"imprv_val":1346810.0,"total_val":1418790.0,"ite_code":210,"ite_land_use":"Single-Family Detached","units":1.0,"daily_trips":9.4,"am_peak_trips":0.7,"pm_peak_trips":0.9,"classification":"Residential","access_road":"Unknown","access_segment_id":"","snap_distance_m":157.8,"notes":"Heuristic (stopgap): default single-family \u2014 awaits real state_cd from Parker CAD","soil_musym":"KcB","soil_muname":"Krum clay, 1 to 3 percent slopes","soil_clay_pct":43,"soil_ksat_um_per_s":null}},{"type":"Feature","geometry":{"type":"Polygon","coordinates":[[[-97.6775307944613,32.71958926868146],[-97.67776039146722,32.719632076292505],[-97.6779505544342,32.71966813565801],[-97.67853495180935,32.71977894894783],[-97.67870867574806,32.719813920881734],[-97.67871306618851,32.71981480394465],[-97.67867004462002,32.71854110536754],[-97.67760567268327,32.71858533420363],[-97.6775307944613,32.71958926868146]]]},"properties":{"parcel_id":"0","state_cd":"","legal_desc":"","situs_street":", ,","legal_acreage":0.0,"imprv_sqft":0.0,"imprv_val":0.0,"total_val":0.0,"ite_code":null,"ite_land_use":"","units":0.0,"daily_trips":0.0,"am_peak_trips":0.0,"pm_peak_trips":0.0,"classification":"Vacant","access_road":"","access_segment_id":"","snap_distance_m":null,"notes":"Heuristic (stopgap): no improvement value","soil_musym":"VeD","soil_muname":"Venus clay loam, 5 to 8 percent slopes","soil_clay_pct":24,"soil_ksat_um_per_s":null}},{"type":"Feature","geometry":{"type":"Polygon","coordinates":[[[-97.64091127468464,32.70382502542514],[-97.64126063955351,32.70446397866271],[-97.64126027891426,32.70448693723014],[-97.64125423865144,32.70487149954556],[-97.64131343459817,32.704939680759935],[-97.64126741190533,32.70518947049264],[-97.64126551730848,32.705238694710964],[-97.64118719337858,32.70570104416305],[-97.6421056683724,32.70632690300002],[-97.64237812720476,32.706581839781514],[-97.64282388756769,32.70405785851142],[-97.64154220722425,32.70335726590549],[-97.64126689704545,32.703206773069454],[-97.64091127468464,32.70382502542514]]]},"properties":{"parcel_id":"98925","state_cd":"","legal_desc":"","situs_street":"UNDERWOOD RD","legal_acreage":1.0,"imprv_sqft":0.0,"imprv_val":1634811.0,"total_val":1663021.0,"ite_code":210,"ite_land_use":"Single-Family Detached","units":1.0,"daily_trips":9.4,"am_peak_trips":0.7,"pm_peak_trips":0.9,"classification":"Residential","access_road":"Unknown","access_segment_id":"","snap_distance_m":27.9,"notes":"Heuristic (stopgap): default single-family \u2014 awaits real state_cd from Parker CAD","soil_musym":"BsE","soil_muname":"Brackett-Maloterre complex, 2 to 12 percent slopes","soil_clay_pct":28.7,"soil_ksat_um_per_s":null}},{"type":"Feature","geometry":{"type":"Polygon","coordinates":[[[-97.63901662918795,32.70370954929271],[-97.63845320186927,32.70370331786859],[-97.6384481296839,32.703669033192575],[-97.6374986321672,32.703665526372944],[-97.63674284895701,32.703657737117126],[-97.63678971000614,32.703974629632754],[-97.63765001652203,32.70440827733107],[-97.63777878053762,32.704520299439864],[-97.63889244487966,32.70446318963798],[-97.63899210108028,32.70389840407889],[-97.63901662918795,32.70370954929271]]]},"properties":{"parcel_id":"78202","state_cd":"","legal_desc":"","situs_street":"UNDERWOOD DR","legal_acreage":1.0,"imprv_sqft":0.0,"imprv_val":298370.0,"total_val":349930.0,"ite_code":210,"ite_land_use":"Single-Family Detached","units":1.0,"daily_trips":9.4,"am_peak_trips":0.7,"pm_peak_trips":0.9,"classification":"Residential","access_road":"Unknown","access_segment_id":"","snap_distance_m":173.8,"notes":"Heuristic (stopgap): default single-family \u2014 awaits real state_cd from Parker CAD","soil_musym":"BsG","soil_muname":"Brackett-Maloterre soils, 12 to 30 percent slopes","soil_clay_pct":28.6,"soil_ksat_um_per_s":null}},{"type":"Feature","geometry":{"type":"Polygon","coordinates":[[[-97.63937356529463,32.714159287142564],[-97.63919217632409,32.71419459887628],[-97.63931739082457,32.714338478563846],[-97.6393836797103,32.714393299275166],[-97.6400788503513,32.71452235858317],[-97.6413198135978,32.715255286159994],[-97.64141208727607,32.71530977397948],[-97.64160245766746,32.71568097302294],[-97.64156624147489,32.71619156640395],[-97.64174553440927,32.716393662560954],[-97.64217578909624,32.71687858712125],[-97.64217763907916,32.71688067233779],[-97.65200319874279,32.71466965757082],[-97.65201083498651,32.713489281044495],[-97.65220588677826,32.71349487769602],[-97.65220591666079,32.71349018288359],[-97.65225794870034,32.71300055798285],[-97.65221672408109,32.712928642107926],[-97.65216485145429,32.7128888693537],[-97.65202309170938,32.71286445492301],[-97.6519915540494,32.71286421264665],[-97.6519359912003,32.71286369546971],[-97.65186306521613,32.71286311567313],[-97.65181565361937,32.71287386944984],[-97.65164689401688,32.71288811104762],[-97.65139581659454,32.7129251003274],[-97.65111033174296,32.71292199601089],[-97.6509190923563,32.712883085092045],[-97.65086215645583,32.71285993070438],[-97.65084896918155,32.71285456748774],[-97.65068961446886,32.712789788162716],[-97.65066322382908,32.712777848596446],[-97.64904749078168,32.71279369834644],[-97.64824907913452,32.71280152233025],[-97.64701480177754,32.712813608047064],[-97.64659770311381,32.71281938390045],[-97.63937356529463,32.714159287142564]]]},"properties":{"parcel_id":"59428","state_cd":"","legal_desc":"TR:   PT OF LARGER TRACT, BLK:, SURV: WILSON WOODS","situs_street":"JENKINS RD","legal_acreage":25.222,"imprv_sqft":0.0,"imprv_val":0.0,"total_val":816920.0,"ite_code":null,"ite_land_use":"","units":0.0,"daily_trips":0.0,"am_peak_trips":0.0,"pm_peak_trips":0.0,"classification":"Vacant","access_road":"","access_segment_id":"","snap_distance_m":null,"notes":"Heuristic (stopgap): no improvement value","soil_musym":"SdC","soil_muname":"Selden loamy fine sand, 1 to 5 percent slopes","soil_clay_pct":9,"soil_ksat_um_per_s":null}},{"type":"Feature","geometry":{"type":"Polygon","coordinates":[[[-97.63412422168798,32.72004185046607],[-97.63602001883675,32.72077510852019],[-97.63610859132933,32.72064213083372],[-97.63672703642487,32.719890882853456],[-97.63677135896837,32.719829178775534],[-97.63684896415705,32.71970807206639],[-97.63493833263978,32.719008985347934],[-97.6346780313448,32.7192509227828],[-97.63446152493144,32.71948802959201],[-97.63412422168798,32.72004185046607]]]},"properties":{"parcel_id":"49709","state_cd":"F1","legal_desc":"(0.379 IS FOR R31094)","situs_street":"BELLE CIR","legal_acreage":8.119,"imprv_sqft":0.0,"imprv_val":556890.0,"total_val":868750.0,"ite_code":820,"ite_land_use":"Shopping Center/Retail","units":88.42,"daily_trips":3337.7,"am_peak_trips":100.1,"pm_peak_trips":300.4,"classification":"Commercial","access_road":"Unknown","access_segment_id":"","snap_distance_m":1.7,"notes":"","soil_musym":"LaD","soil_muname":"Wise clay loam, 5 to 8 percent slopes","soil_clay_pct":28,"soil_ksat_um_per_s":null}},{"type":"Feature","geometry":{"type":"Polygon","coordinates":[[[-97.73053700164365,32.727610816656615],[-97.73191476088364,32.7275956079894],[-97.73189639436369,32.72654229549423],[-97.73188850241539,32.72647247487185],[-97.73187627278224,32.726477227744724],[-97.73161603524903,32.726543221085066],[-97.73131451964431,32.72654851357564],[-97.73064689197209,32.726457444074],[-97.73051109165131,32.72643138154291],[-97.73053700164365,32.727610816656615]]]},"properties":{"parcel_id":"124725","state_cd":"","legal_desc":"F-453","situs_street":"BUCK DOBBS RD","legal_acreage":3.71,"imprv_sqft":0.0,"imprv_val":354810.0,"total_val":575000.0,"ite_code":210,"ite_land_use":"Single-Family Detached","units":1.0,"daily_trips":9.4,"am_peak_trips":0.7,"pm_peak_trips":0.9,"classification":"Residential","access_road":"Unknown","access_segment_id":"","snap_distance_m":75.8,"notes":"Heuristic (stopgap): default single-family \u2014 awaits real state_cd from Parker CAD","soil_musym":"LaD","soil_muname":"Wise clay loam, 5 to 8 percent slopes","soil_clay_pct":28,"soil_ksat_um_per_s":null}},{"type":"Feature","geometry":{"type":"Polygon","coordinates":[[[-97.6671246827206,32.72737175795921],[-97.6681126993107,32.72738018521687],[-97.66802815300973,32.72610718579914],[-97.66712137733961,32.72610867692912],[-97.6671246827206,32.72737175795921]]]},"properties":{"parcel_id":"128065","state_cd":"","legal_desc":"","situs_street":"0   , , TX","legal_acreage":3.085,"imprv_sqft":0.0,"imprv_val":0.0,"total_val":82560.0,"ite_code":null,"ite_land_use":"","units":0.0,"daily_trips":0.0,"am_peak_trips":0.0,"pm_peak_trips":0.0,"classification":"Vacant","access_road":"","access_segment_id":"","snap_distance_m":null,"notes":"Heuristic (stopgap): no improvement value","soil_musym":"BsE","soil_muname":"Brackett-Maloterre complex, 2 to 12 percent slopes","soil_clay_pct":28.7,"soil_ksat_um_per_s":null}},{"type":"Feature","geometry":{"type":"Polygon","coordinates":[[[-97.6390321583407,32.721338853446824],[-97.63921118353466,32.72131073575914],[-97.6390661529101,32.7210088440608],[-97.63903029878027,32.72071900515609],[-97.63903017440781,32.72067142190755],[-97.63903005062063,32.72063060071707],[-97.63903379906266,32.720562538086085],[-97.63854983911449,32.72038776733361],[-97.63799703802334,32.720109572163416],[-97.63753935826628,32.72122033562626],[-97.63757924106497,32.721567021155394],[-97.6390321583407,32.721338853446824]]]},"properties":{"parcel_id":"49715","state_cd":"","legal_desc":"TR:, BLK:, SURV: JAMES S OXER","situs_street":"JENKINS RD","legal_acreage":1.925,"imprv_sqft":0.0,"imprv_val":0.0,"total_val":98030.0,"ite_code":null,"ite_land_use":"","units":0.0,"daily_trips":0.0,"am_peak_trips":0.0,"pm_peak_trips":0.0,"classification":"Vacant","access_road":"","access_segment_id":"","snap_distance_m":null,"notes":"Heuristic (stopgap): no improvement value","soil_musym":"BsE","soil_muname":"Brackett-Maloterre complex, 2 to 12 percent slopes","soil_clay_pct":28.7,"soil_ksat_um_per_s":null}},{"type":"Feature","geometry":{"type":"Polygon","coordinates":[[[-97.70156171901817,32.7194744897723],[-97.70105382531858,32.720237770904475],[-97.7012534564826,32.72040310040817],[-97.70129057028541,32.7220052329777],[-97.7023922563854,32.721988712760734],[-97.70240797158692,32.72071474791845],[-97.70268299071041,32.72034367981972],[-97.70265827777011,32.720328991662804],[-97.70263676353926,32.72031106386067],[-97.70261903680453,32.72029038448282],[-97.70260558215988,32.72026752029245],[-97.70259676527415,32.72024309410553],[-97.70259282871332,32.72021777484369],[-97.70259387935815,32.7201922531034],[-97.70259988960923,32.72016722583242],[-97.70261069329041,32.72014337736489],[-97.70246034732688,32.719990295943774],[-97.70238848353391,32.71992496061419],[-97.70231194931415,32.71986353180996],[-97.7022310412276,32.71980624951289],[-97.70214607200336,32.7197533348703],[-97.70205737265691,32.719704992012254],[-97.70196528606539,32.71966141071624],[-97.70187016810722,32.71962275829782],[-97.70177238974746,32.719589185035204],[-97.70169857088996,32.719555815211244],[-97.70162819336869,32.71951750009755],[-97.70156171901817,32.7194744897723]]]},"properties":{"parcel_id":"32682","state_cd":"","legal_desc":"","situs_street":"0                                             , , TX 000000","legal_acreage":12.51,"imprv_sqft":0.0,"imprv_val":0.0,"total_val":688050.0,"ite_code":null,"ite_land_use":"","units":0.0,"daily_trips":0.0,"am_peak_trips":0.0,"pm_peak_trips":0.0,"classification":"Vacant","access_road":"","access_segment_id":"","snap_distance_m":null,"notes":"Heuristic (stopgap): no improvement value","soil_musym":"KtC","soil_muname":"Keeter very fine sandy loam, 1 to 6 percent slopes","soil_clay_pct":7,"soil_ksat_um_per_s":null}},{"type":"Feature","geometry":{"type":"Polygon","coordinates":[[[-97.66703601938129,32.723144977659054],[-97.66703603369483,32.72183307007061],[-97.66699356921316,32.72183259334684],[-97.6651219489686,32.721811485252324],[-97.66293695059764,32.721786781184],[-97.66287790428471,32.721786136351184],[-97.66282693989751,32.72178556487317],[-97.66282574327957,32.723111154037575],[-97.66505853808108,32.723129123121545],[-97.66700971347555,32.723144828395704],[-97.66703601938129,32.723144977659054]]]},"properties":{"parcel_id":"63154","state_cd":"","legal_desc":"TR:, BLK:, SURV: I & G N R R CO","situs_street":"QUAIL RIDGE RD","legal_acreage":14.8,"imprv_sqft":0.0,"imprv_val":0.0,"total_val":530280.0,"ite_code":null,"ite_land_use":"","units":0.0,"daily_trips":0.0,"am_peak_trips":0.0,"pm_peak_trips":0.0,"classification":"Vacant","access_road":"","access_segment_id":"","snap_distance_m":null,"notes":"Heuristic (stopgap): no improvement value","soil_musym":"BsE","soil_muname":"Brackett-Maloterre complex, 2 to 12 percent slopes","soil_clay_pct":28.7,"soil_ksat_um_per_s":null}},{"type":"Feature","geometry":{"type":"Polygon","coordinates":[[[-97.66703601938129,32.723144977659054],[-97.66703603369483,32.72183307007061],[-97.66699356921316,32.72183259334684],[-97.6651219489686,32.721811485252324],[-97.66293695059764,32.721786781184],[-97.66287790428471,32.721786136351184],[-97.66282693989751,32.72178556487317],[-97.66282574327957,32.723111154037575],[-97.66505853808108,32.723129123121545],[-97.66700971347555,32.723144828395704],[-97.66703601938129,32.723144977659054]]]},"properties":{"parcel_id":"0","state_cd":"","legal_desc":"","situs_street":", ,","legal_acreage":0.0,"imprv_sqft":0.0,"imprv_val":0.0,"total_val":0.0,"ite_code":null,"ite_land_use":"","units":0.0,"daily_trips":0.0,"am_peak_trips":0.0,"pm_peak_trips":0.0,"classification":"Vacant","access_road":"","access_segment_id":"","snap_distance_m":null,"notes":"Heuristic (stopgap): no improvement value","soil_musym":"BsE","soil_muname":"Brackett-Maloterre complex, 2 to 12 percent slopes","soil_clay_pct":28.7,"soil_ksat_um_per_s":null}},{"type":"Feature","geometry":{"type":"Polygon","coordinates":[[[-97.71479560085868,32.73008329128501],[-97.71680471061971,32.73072482691806],[-97.71741041838827,32.72913661713294],[-97.71746222351011,32.72915221511748],[-97.717539582018,32.72887531000418],[-97.71727325083674,32.72881015141214],[-97.71680304310681,32.72864202135656],[-97.71647542751788,32.72850952478718],[-97.71602097438249,32.728366991558765],[-97.71568888389368,32.72825541085792],[-97.71479560085868,32.73008329128501]]]},"properties":{"parcel_id":"52642","state_cd":"","legal_desc":"TR:, BLK:, SURV: W M T TUBB","situs_street":"ANNETTA CENTERPOINT RD","legal_acreage":1.0,"imprv_sqft":0.0,"imprv_val":747010.0,"total_val":784000.0,"ite_code":210,"ite_land_use":"Single-Family Detached","units":1.0,"daily_trips":9.4,"am_peak_trips":0.7,"pm_peak_trips":0.9,"classification":"Residential","access_road":"Unknown","access_segment_id":"","snap_distance_m":112.0,"notes":"Heuristic (stopgap): default single-family \u2014 awaits real state_cd from Parker CAD","soil_musym":"LaC","soil_muname":"Wise clay loam, 3 to 5 percent slopes, moderately eroded","soil_clay_pct":28,"soil_ksat_um_per_s":null}},{"type":"Feature","geometry":{"type":"Polygon","coordinates":[[[-97.69823068245812,32.718075637471955],[-97.6979992223618,32.71820674471014],[-97.69791298778426,32.7182394490484],[-97.6978237135112,32.71826568462037],[-97.69773207561191,32.718285250163504],[-97.69763877101285,32.718297997760644],[-97.69754450792045,32.71830383007274],[-97.6974500015124,32.71830270482034],[-97.69735597080192,32.71829462754868],[-97.69726312787145,32.71827966237999],[-97.69717217903627,32.71825792119945],[-97.69708381412725,32.71822956899628],[-97.69699870436476,32.71819482294824],[-97.6969174960308,32.718153944264074],[-97.69665424470658,32.718049161979835],[-97.69657647902366,32.71803166218186],[-97.69635813597759,32.71822223039098],[-97.69625946400333,32.718364760874714],[-97.69623831804812,32.71882991965947],[-97.69628398203005,32.718930433305204],[-97.69640553040075,32.71906722823853],[-97.69839536916218,32.71908365899246],[-97.69838376657876,32.718961891155836],[-97.69837914913187,32.71887480909691],[-97.69838167362317,32.718787665787914],[-97.69839132879552,32.718700878709654],[-97.69840806818027,32.71861486601633],[-97.69841115956338,32.71854351133419],[-97.69840682326641,32.718472202531984],[-97.69839509486258,32.71840149176668],[-97.69837606438664,32.71833192523232],[-97.69834987849183,32.71826404046866],[-97.69831674048208,32.718198362753846],[-97.69827690503459,32.718135398757894],[-97.69823068245812,32.718075637471955]]]},"properties":{"parcel_id":"32692","state_cd":"","legal_desc":"","situs_street":"FALCON RIDGE","legal_acreage":1.0,"imprv_sqft":0.0,"imprv_val":1043770.0,"total_val":1098770.0,"ite_code":210,"ite_land_use":"Single-Family Detached","units":1.0,"daily_trips":9.4,"am_peak_trips":0.7,"pm_peak_trips":0.9,"classification":"Residential","access_road":"Unknown","access_segment_id":"","snap_distance_m":47.3,"notes":"Heuristic (stopgap): default single-family \u2014 awaits real state_cd from Parker CAD","soil_musym":"KtC","soil_muname":"Keeter very fine sandy loam, 1 to 6 percent slopes","soil_clay_pct":7,"soil_ksat_um_per_s":null}},{"type":"Feature","geometry":{"type":"Polygon","coordinates":[[[-97.63752300711852,32.71183364531748],[-97.63768007159838,32.71198373154248],[-97.63763675697581,32.712416263095896],[-97.6379217117999,32.7126714910408],[-97.63838002032357,32.712764391035826],[-97.63838756714668,32.712860658840185],[-97.63843091595677,32.71341358038756],[-97.63892424937917,32.71395566205728],[-97.63911855854212,32.714003024257444],[-97.63918035592246,32.71418231949775],[-97.63919217632409,32.71419459887628],[-97.63937356529463,32.714159287142564],[-97.64659770311381,32.71281938390045],[-97.64656463993596,32.71229873123353],[-97.64651050763446,32.71144629828851],[-97.6459731810127,32.711489240990254],[-97.64660145933378,32.71000735398779],[-97.64648141397319,32.70993450789975],[-97.64644201328265,32.709915965816656],[-97.64620835590567,32.710476199066015],[-97.64582350295537,32.71088335643007],[-97.64594545798575,32.71110656961809],[-97.64577907838435,32.71150500942685],[-97.64544553075655,32.71153225062385],[-97.64540556771748,32.711827075694956],[-97.64534707970414,32.71187087028373],[-97.64517519932343,32.711889570119006],[-97.64442007919543,32.711614207474675],[-97.6442667395424,32.71162556821441],[-97.6436155265516,32.71165787722911],[-97.64178519057177,32.711763072120554],[-97.64043824174543,32.711824987233065],[-97.63752300711852,32.71183364531748]]]},"properties":{"parcel_id":"46328","state_cd":"","legal_desc":"SURV: J. D. LOVE","situs_street":"QUAIL RIDGE RD","legal_acreage":3.0,"imprv_sqft":0.0,"imprv_val":884330.0,"total_val":973100.0,"ite_code":210,"ite_land_use":"Single-Family Detached","units":1.0,"daily_trips":9.4,"am_peak_trips":0.7,"pm_peak_trips":0.9,"classification":"Residential","access_road":"Unknown","access_segment_id":"","snap_distance_m":161.8,"notes":"Heuristic (stopgap): default single-family \u2014 awaits real state_cd from Parker CAD","soil_musym":"BsE","soil_muname":"Brackett-Maloterre complex, 2 to 12 percent slopes","soil_clay_pct":28.7,"soil_ksat_um_per_s":null}},{"type":"Feature","geometry":{"type":"Polygon","coordinates":[[[-97.6353950864529,32.71420077062123],[-97.6354024612993,32.71430561760874],[-97.63350903063042,32.714399805903554],[-97.63368861946269,32.71471915350855],[-97.63379136535987,32.714834405409746],[-97.63457737407438,32.71550800274677],[-97.63567527381382,32.71648681818341],[-97.6359163753245,32.71523850266324],[-97.63608430493215,32.71458500600924],[-97.63616526027725,32.714522373594384],[-97.63657368377689,32.71432265791976],[-97.6353950864529,32.71420077062123]]]},"properties":{"parcel_id":"49681","state_cd":"","legal_desc":"TR:, BLK:, SURV: JAMES S OXER","situs_street":"0   AL, , TX 000000","legal_acreage":4.13,"imprv_sqft":0.0,"imprv_val":0.0,"total_val":128030.0,"ite_code":null,"ite_land_use":"","units":0.0,"daily_trips":0.0,"am_peak_trips":0.0,"pm_peak_trips":0.0,"classification":"Vacant","access_road":"","access_segment_id":"","snap_distance_m":null,"notes":"Heuristic (stopgap): no improvement value","soil_musym":"LaD","soil_muname":"Wise clay loam, 5 to 8 percent slopes","soil_clay_pct":28,"soil_ksat_um_per_s":null}},{"type":"Feature","geometry":{"type":"Polygon","coordinates":[[[-97.64091127468464,32.70382502542514],[-97.64126063955351,32.70446397866271],[-97.64126027891426,32.70448693723014],[-97.64125423865144,32.70487149954556],[-97.64131343459817,32.704939680759935],[-97.64126741190533,32.70518947049264],[-97.64126551730848,32.705238694710964],[-97.64118719337858,32.70570104416305],[-97.6421056683724,32.70632690300002],[-97.64237812720476,32.706581839781514],[-97.64282388756769,32.70405785851142],[-97.64154220722425,32.70335726590549],[-97.64126689704545,32.703206773069454],[-97.64091127468464,32.70382502542514]]]},"properties":{"parcel_id":"103546","state_cd":"","legal_desc":"","situs_street":"0   , , TX","legal_acreage":3.933,"imprv_sqft":0.0,"imprv_val":0.0,"total_val":110950.0,"ite_code":null,"ite_land_use":"","units":0.0,"daily_trips":0.0,"am_peak_trips":0.0,"pm_peak_trips":0.0,"classification":"Vacant","access_road":"","access_segment_id":"","snap_distance_m":null,"notes":"Heuristic (stopgap): no improvement value","soil_musym":"BsE","soil_muname":"Brackett-Maloterre complex, 2 to 12 percent slopes","soil_clay_pct":28.7,"soil_ksat_um_per_s":null}},{"type":"Feature","geometry":{"type":"Polygon","coordinates":[[[-97.71025868733506,32.72838364707139],[-97.7107149713726,32.72856910017228],[-97.71091626337201,32.7276091567782],[-97.7109605693002,32.72739792174027],[-97.71043113669454,32.72730676229566],[-97.71033291352326,32.727289865395505],[-97.71031120555025,32.727609964532924],[-97.71030802668999,32.72765656418176],[-97.71025868733506,32.72838364707139]]]},"properties":{"parcel_id":"45243","state_cd":"","legal_desc":"","situs_street":"ANNETTA CENTERPOINT RD","legal_acreage":1.622,"imprv_sqft":0.0,"imprv_val":290930.0,"total_val":400510.0,"ite_code":210,"ite_land_use":"Single-Family Detached","units":1.0,"daily_trips":9.4,"am_peak_trips":0.7,"pm_peak_trips":0.9,"classification":"Residential","access_road":"Unknown","access_segment_id":"","snap_distance_m":67.4,"notes":"Heuristic (stopgap): default single-family \u2014 awaits real state_cd from Parker CAD","soil_musym":"WoB2","soil_muname":"Windthorst fine sandy loam, 1 to 5 percent slopes, moderately eroded","soil_clay_pct":12,"soil_ksat_um_per_s":null}},{"type":"Feature","geometry":{"type":"Polygon","coordinates":[[[-97.69859428906202,32.71862322501114],[-97.69858102412698,32.71871188269681],[-97.69857433463551,32.718801067076456],[-97.69857424401746,32.71889043019041],[-97.69858075436717,32.71897962394031],[-97.69859384004303,32.719068300048065],[-97.69861344978392,32.71915611187277],[-97.69863950667641,32.719242718018435],[-97.69867341118614,32.71930829055675],[-97.69870087424972,32.7193759823685],[-97.69872171322855,32.71944534226045],[-97.6987357882509,32.71951590849201],[-97.69874300647159,32.71958720970453],[-97.69874331988191,32.71965877121988],[-97.69873672529381,32.71973011684429],[-97.69946490597499,32.71973838830221],[-97.70008037686513,32.71909809608355],[-97.70008453557699,32.71863640595328],[-97.69859428906202,32.71862322501114]]]},"properties":{"parcel_id":"32686","state_cd":"","legal_desc":"","situs_street":"FALCON RIDGE","legal_acreage":3.867,"imprv_sqft":0.0,"imprv_val":677960.0,"total_val":890650.0,"ite_code":210,"ite_land_use":"Single-Family Detached","units":1.0,"daily_trips":9.4,"am_peak_trips":0.7,"pm_peak_trips":0.9,"classification":"Residential","access_road":"Unknown","access_segment_id":"","snap_distance_m":80.2,"notes":"Heuristic (stopgap): default single-family \u2014 awaits real state_cd from Parker CAD","soil_musym":"ALE","soil_muname":"Aledo-Bolar association, 1 to 8 percent slopes","soil_clay_pct":30,"soil_ksat_um_per_s":null}},{"type":"Feature","geometry":{"type":"Polygon","coordinates":[[[-97.69084369541288,32.71888292463001],[-97.69083417251237,32.71968158909818],[-97.69083368273034,32.71972269647809],[-97.69083224896742,32.71984293273797],[-97.69208988486315,32.71983767320672],[-97.69211167993025,32.718884460106096],[-97.69084369541288,32.71888292463001]]]},"properties":{"parcel_id":"115899","state_cd":"","legal_desc":"","situs_street":"ANNETTA CENTERPOINT RD","legal_acreage":2.199,"imprv_sqft":0.0,"imprv_val":0.0,"total_val":118760.0,"ite_code":null,"ite_land_use":"","units":0.0,"daily_trips":0.0,"am_peak_trips":0.0,"pm_peak_trips":0.0,"classification":"Vacant","access_road":"","access_segment_id":"","snap_distance_m":null,"notes":"Heuristic (stopgap): no improvement value","soil_musym":"DwD","soil_muname":"Duffau-Weatherford complex, 3 to 8 percent slopes","soil_clay_pct":9.2,"soil_ksat_um_per_s":null}},{"type":"Feature","geometry":{"type":"Polygon","coordinates":[[[-97.64910890736182,32.712137694831455],[-97.64904749078168,32.71279369834644],[-97.65066322382908,32.712777848596446],[-97.65042099975426,32.71266826776865],[-97.65019346909554,32.712602801611325],[-97.64980393457824,32.71248100208391],[-97.64952584247342,32.71238168060389],[-97.64934454824042,32.712309574279885],[-97.64911397106275,32.71214138920267],[-97.64910890736182,32.712137694831455]]]},"properties":{"parcel_id":"0","state_cd":"","legal_desc":"","situs_street":", ,","legal_acreage":0.0,"imprv_sqft":0.0,"imprv_val":0.0,"total_val":0.0,"ite_code":null,"ite_land_use":"","units":0.0,"daily_trips":0.0,"am_peak_trips":0.0,"pm_peak_trips":0.0,"classification":"Vacant","access_road":"","access_segment_id":"","snap_distance_m":null,"notes":"Heuristic (stopgap): no improvement value","soil_musym":"BsE","soil_muname":"Brackett-Maloterre complex, 2 to 12 percent slopes","soil_clay_pct":28.7,"soil_ksat_um_per_s":null}},{"type":"Feature","geometry":{"type":"Polygon","coordinates":[[[-97.71918256038414,32.7235642455216],[-97.71902978447247,32.72400856652096],[-97.71901692085741,32.72425010092162],[-97.71896702206692,32.724677084654594],[-97.71897307111179,32.72511259066303],[-97.71896615110445,32.72727939042866],[-97.71897313991965,32.72764021713216],[-97.71895443461175,32.72880405285361],[-97.71948173485808,32.728936217026245],[-97.71962709059275,32.72897148906049],[-97.71979259466693,32.72902693264684],[-97.71994601723546,32.729108069412376],[-97.72004421058082,32.72930625666238],[-97.72049817768928,32.730174008834275],[-97.72074631179078,32.73067635302291],[-97.72115977089413,32.73068968196281],[-97.72249206847297,32.73070995407323],[-97.72340667313681,32.7307109231383],[-97.72340710201082,32.73068482201551],[-97.72344874938236,32.72810179761101],[-97.72346517161134,32.72708662399072],[-97.72476038989517,32.72710064770449],[-97.72707618880689,32.72712562663711],[-97.7277593716699,32.72713303450066],[-97.72779253931034,32.72713340562396],[-97.72782396408124,32.726470200892074],[-97.72781825049087,32.726319684124654],[-97.72770725787831,32.72339585720131],[-97.72769723473468,32.723587442575294],[-97.71918256038414,32.7235642455216]]]},"properties":{"parcel_id":"39900","state_cd":"","legal_desc":"TR:, BLK:, SURV: JOHN A DIXON","situs_street":"ANNETTA CENTERPOINT RD","legal_acreage":4.0,"imprv_sqft":0.0,"imprv_val":393160.0,"total_val":485160.0,"ite_code":210,"ite_land_use":"Single-Family Detached","units":1.0,"daily_trips":9.4,"am_peak_trips":0.7,"pm_peak_trips":0.9,"classification":"Residential","access_road":"Unknown","access_segment_id":"","snap_distance_m":38.6,"notes":"Heuristic (stopgap): default single-family \u2014 awaits real state_cd from Parker CAD","soil_musym":"WnD3","soil_muname":"Windthorst and Duffau sandy clay loams, 1 to 8 percent slopes, severely eroded","soil_clay_pct":23.9,"soil_ksat_um_per_s":null}},{"type":"Feature","geometry":{"type":"Polygon","coordinates":[[[-97.63937356529463,32.714159287142564],[-97.63919217632409,32.71419459887628],[-97.63931739082457,32.714338478563846],[-97.6393836797103,32.714393299275166],[-97.6400788503513,32.71452235858317],[-97.6413198135978,32.715255286159994],[-97.64141208727607,32.71530977397948],[-97.64160245766746,32.71568097302294],[-97.64156624147489,32.71619156640395],[-97.64174553440927,32.716393662560954],[-97.64217578909624,32.71687858712125],[-97.64217763907916,32.71688067233779],[-97.65200319874279,32.71466965757082],[-97.65201083498651,32.713489281044495],[-97.65220588677826,32.71349487769602],[-97.65220591666079,32.71349018288359],[-97.65225794870034,32.71300055798285],[-97.65221672408109,32.712928642107926],[-97.65216485145429,32.7128888693537],[-97.65202309170938,32.71286445492301],[-97.6519915540494,32.71286421264665],[-97.6519359912003,32.71286369546971],[-97.65186306521613,32.71286311567313],[-97.65181565361937,32.71287386944984],[-97.65164689401688,32.71288811104762],[-97.65139581659454,32.7129251003274],[-97.65111033174296,32.71292199601089],[-97.6509190923563,32.712883085092045],[-97.65086215645583,32.71285993070438],[-97.65084896918155,32.71285456748774],[-97.65068961446886,32.712789788162716],[-97.65066322382908,32.712777848596446],[-97.64904749078168,32.71279369834644],[-97.64824907913452,32.71280152233025],[-97.64701480177754,32.712813608047064],[-97.64659770311381,32.71281938390045],[-97.63937356529463,32.714159287142564]]]},"properties":{"parcel_id":"60382","state_cd":"","legal_desc":"TR:, BLK:, SURV: B T YARBROUGH","situs_street":"QUAIL RIDGE RD","legal_acreage":9.476,"imprv_sqft":0.0,"imprv_val":0.0,"total_val":354340.0,"ite_code":null,"ite_land_use":"","units":0.0,"daily_trips":0.0,"am_peak_trips":0.0,"pm_peak_trips":0.0,"classification":"Vacant","access_road":"","access_segment_id":"","snap_distance_m":null,"notes":"Heuristic (stopgap): no improvement value","soil_musym":"SdC","soil_muname":"Selden loamy fine sand, 1 to 5 percent slopes","soil_clay_pct":9,"soil_ksat_um_per_s":null}},{"type":"Feature","geometry":{"type":"Polygon","coordinates":[[[-97.64249844929753,32.70919551002599],[-97.64246509082852,32.709734756298964],[-97.6433375550475,32.70955381947423],[-97.64412698557602,32.70949747301986],[-97.64423034938014,32.70950054507585],[-97.64433373353316,32.70949796259955],[-97.6444367026726,32.70948973792479],[-97.644538828712,32.70947590327743],[-97.64463968330482,32.70945651793862],[-97.64473884536388,32.70943166288504],[-97.64483590105282,32.7094014416908],[-97.64493044271123,32.70936598142173],[-97.6447515606382,32.70911208500384],[-97.64393071332806,32.709149877174085],[-97.64393066741377,32.70914855384676],[-97.6436792381162,32.70915972319718],[-97.64265594135769,32.7091951574395],[-97.64249844929753,32.70919551002599]]]},"properties":{"parcel_id":"46331","state_cd":"","legal_desc":"","situs_street":"QUAIL RIDGE RD","legal_acreage":2.388,"imprv_sqft":0.0,"imprv_val":589300.0,"total_val":656660.0,"ite_code":210,"ite_land_use":"Single-Family Detached","units":1.0,"daily_trips":9.4,"am_peak_trips":0.7,"pm_peak_trips":0.9,"classification":"Residential","access_road":"Unknown","access_segment_id":"","snap_distance_m":101.7,"notes":"Heuristic (stopgap): default single-family \u2014 awaits real state_cd from Parker CAD","soil_musym":"BsE","soil_muname":"Brackett-Maloterre complex, 2 to 12 percent slopes","soil_clay_pct":28.7,"soil_ksat_um_per_s":null}},{"type":"Feature","geometry":{"type":"Polygon","coordinates":[[[-97.71392695978984,32.72523354376532],[-97.7154835827996,32.725701240560255],[-97.71582555756639,32.725164825802146],[-97.71582614277433,32.72516403948087],[-97.71392946172526,32.72493681104468],[-97.71392695978984,32.72523354376532]]]},"properties":{"parcel_id":"121679","state_cd":"","legal_desc":"F-209","situs_street":"MEADOW BEND COURT","legal_acreage":2.0,"imprv_sqft":0.0,"imprv_val":521230.0,"total_val":703230.0,"ite_code":210,"ite_land_use":"Single-Family Detached","units":1.0,"daily_trips":9.4,"am_peak_trips":0.7,"pm_peak_trips":0.9,"classification":"Residential","access_road":"Unknown","access_segment_id":"","snap_distance_m":307.0,"notes":"Heuristic (stopgap): default single-family \u2014 awaits real state_cd from Parker CAD","soil_musym":"WoB2","soil_muname":"Windthorst fine sandy loam, 1 to 5 percent slopes, moderately eroded","soil_clay_pct":12,"soil_ksat_um_per_s":null}},{"type":"Feature","geometry":{"type":"Polygon","coordinates":[[[-97.69823068245812,32.718075637471955],[-97.6979992223618,32.71820674471014],[-97.69791298778426,32.7182394490484],[-97.6978237135112,32.71826568462037],[-97.69773207561191,32.718285250163504],[-97.69763877101285,32.718297997760644],[-97.69754450792045,32.71830383007274],[-97.6974500015124,32.71830270482034],[-97.69735597080192,32.71829462754868],[-97.69726312787145,32.71827966237999],[-97.69717217903627,32.71825792119945],[-97.69708381412725,32.71822956899628],[-97.69699870436476,32.71819482294824],[-97.6969174960308,32.718153944264074],[-97.69665424470658,32.718049161979835],[-97.69657647902366,32.71803166218186],[-97.69635813597759,32.71822223039098],[-97.69625946400333,32.718364760874714],[-97.69623831804812,32.71882991965947],[-97.69628398203005,32.718930433305204],[-97.69640553040075,32.71906722823853],[-97.69839536916218,32.71908365899246],[-97.69838376657876,32.718961891155836],[-97.69837914913187,32.71887480909691],[-97.69838167362317,32.718787665787914],[-97.69839132879552,32.718700878709654],[-97.69840806818027,32.71861486601633],[-97.69841115956338,32.71854351133419],[-97.69840682326641,32.718472202531984],[-97.69839509486258,32.71840149176668],[-97.69837606438664,32.71833192523232],[-97.69834987849183,32.71826404046866],[-97.69831674048208,32.718198362753846],[-97.69827690503459,32.718135398757894],[-97.69823068245812,32.718075637471955]]]},"properties":{"parcel_id":"32693","state_cd":"","legal_desc":"","situs_street":"FALCON RIDGE","legal_acreage":4.687,"imprv_sqft":0.0,"imprv_val":0.0,"total_val":234350.0,"ite_code":null,"ite_land_use":"","units":0.0,"daily_trips":0.0,"am_peak_trips":0.0,"pm_peak_trips":0.0,"classification":"Vacant","access_road":"","access_segment_id":"","snap_distance_m":null,"notes":"Heuristic (stopgap): no improvement value","soil_musym":"KtC","soil_muname":"Keeter very fine sandy loam, 1 to 6 percent slopes","soil_clay_pct":7,"soil_ksat_um_per_s":null}},{"type":"Feature","geometry":{"type":"Polygon","coordinates":[[[-97.63510994517651,32.70253034687123],[-97.6352337297619,32.703350186472235],[-97.63669582220066,32.703352879498254],[-97.63657442478907,32.70251892155692],[-97.63510994517651,32.70253034687123]]]},"properties":{"parcel_id":"102573","state_cd":"","legal_desc":"","situs_street":"0   , , TX","legal_acreage":1.395,"imprv_sqft":0.0,"imprv_val":0.0,"total_val":54460.0,"ite_code":null,"ite_land_use":"","units":0.0,"daily_trips":0.0,"am_peak_trips":0.0,"pm_peak_trips":0.0,"classification":"Vacant","access_road":"","access_segment_id":"","snap_distance_m":null,"notes":"Heuristic (stopgap): no improvement value","soil_musym":"FriA","soil_muname":"Frio silty clay, 0 to 1 percent slopes, occasionally flooded","soil_clay_pct":44,"soil_ksat_um_per_s":null}},{"type":"Feature","geometry":{"type":"Polygon","coordinates":[[[-97.70088451886436,32.72201132001491],[-97.69975301686621,32.72197212731241],[-97.69973797402145,32.723565839479264],[-97.7008163515214,32.72427147565849],[-97.70088451886436,32.72201132001491]]]},"properties":{"parcel_id":"41182","state_cd":"","legal_desc":"TR:, BLK:, SURV: HIRAM FRANKLIN","situs_street":"ANNETTA CENTERPOINT RD","legal_acreage":1.0,"imprv_sqft":0.0,"imprv_val":556530.0,"total_val":599680.0,"ite_code":210,"ite_land_use":"Single-Family Detached","units":1.0,"daily_trips":9.4,"am_peak_trips":0.7,"pm_peak_trips":0.9,"classification":"Residential","access_road":"Unknown","access_segment_id":"","snap_distance_m":100.2,"notes":"Heuristic (stopgap): default single-family \u2014 awaits real state_cd from Parker CAD","soil_musym":"KtC","soil_muname":"Keeter very fine sandy loam, 1 to 6 percent slopes","soil_clay_pct":7,"soil_ksat_um_per_s":null}},{"type":"Feature","geometry":{"type":"Polygon","coordinates":[[[-97.66710196941196,32.720280999876806],[-97.6657573466556,32.72027211773923],[-97.66511636486098,32.720267868168385],[-97.66512186078805,32.721789658186914],[-97.6651219489686,32.721811485252324],[-97.66699356921316,32.72183259334684],[-97.66703603369483,32.72183307007061],[-97.66710196941196,32.720280999876806]]]},"properties":{"parcel_id":"63223","state_cd":"","legal_desc":"","situs_street":"HILLMONT RANCH RD","legal_acreage":8.0,"imprv_sqft":0.0,"imprv_val":0.0,"total_val":210900.0,"ite_code":820,"ite_land_use":"Shopping Center/Retail","units":87.12,"daily_trips":3288.8,"am_peak_trips":98.7,"pm_peak_trips":296.0,"classification":"Commercial","access_road":"Unknown","access_segment_id":"","snap_distance_m":177.6,"notes":"Heuristic (stopgap): business + commercial function","soil_musym":"BsE","soil_muname":"Brackett-Maloterre complex, 2 to 12 percent slopes","soil_clay_pct":28.7,"soil_ksat_um_per_s":null}},{"type":"Feature","geometry":{"type":"Polygon","coordinates":[[[-97.65347875901013,32.71505585789105],[-97.65349979202755,32.71506893546088],[-97.6536332669215,32.715123215032214],[-97.65480488145691,32.7154585228122],[-97.65492779139896,32.71548911606751],[-97.65501903021668,32.715504364463946],[-97.6550322232436,32.712047734309245],[-97.65403594922763,32.712042312059424],[-97.65402703561666,32.71265061939226],[-97.65412386547366,32.71323506401795],[-97.65352271498229,32.71500572603787],[-97.65347916453297,32.71505539530051],[-97.65347875901013,32.71505585789105]]]},"properties":{"parcel_id":"36873","state_cd":"","legal_desc":"TR:, BLK:, SURV: A L BURGESS","situs_street":"QUAIL RIDGE RD","legal_acreage":2.36,"imprv_sqft":0.0,"imprv_val":424820.0,"total_val":513270.0,"ite_code":210,"ite_land_use":"Single-Family Detached","units":1.0,"daily_trips":9.4,"am_peak_trips":0.7,"pm_peak_trips":0.9,"classification":"Residential","access_road":"Unknown","access_segment_id":"","snap_distance_m":172.7,"notes":"Heuristic (stopgap): default single-family \u2014 awaits real state_cd from Parker CAD","soil_musym":"BsE","soil_muname":"Brackett-Maloterre complex, 2 to 12 percent slopes","soil_clay_pct":28.7,"soil_ksat_um_per_s":null}},{"type":"Feature","geometry":{"type":"Polygon","coordinates":[[[-97.72164091405247,32.73311929379111],[-97.72129435015333,32.733172616895594],[-97.72105931095726,32.7335637292415],[-97.71979266277836,32.73374496032012],[-97.7195993263732,32.73566809960136],[-97.72076282618572,32.7356643319793],[-97.72119474815142,32.73566291585883],[-97.72118203106918,32.73671225212364],[-97.72117990010545,32.736887673057986],[-97.72227592589593,32.73429640402511],[-97.72164091405247,32.73311929379111]]]},"properties":{"parcel_id":"42582","state_cd":"","legal_desc":"","situs_street":"CENTER POINT RD","legal_acreage":1.0,"imprv_sqft":0.0,"imprv_val":188800.0,"total_val":227760.0,"ite_code":210,"ite_land_use":"Single-Family Detached","units":1.0,"daily_trips":9.4,"am_peak_trips":0.7,"pm_peak_trips":0.9,"classification":"Residential","access_road":"Unknown","access_segment_id":"","snap_distance_m":137.8,"notes":"Heuristic (stopgap): default single-family \u2014 awaits real state_cd from Parker CAD","soil_musym":"WoB","soil_muname":"Windthorst very fine sandy loam, 1 to 5 percent slopes","soil_clay_pct":11,"soil_ksat_um_per_s":null}},{"type":"Feature","geometry":{"type":"Polygon","coordinates":[[[-97.6374986321672,32.703665526372944],[-97.63739725657409,32.70253224851298],[-97.63659261416595,32.702526499935125],[-97.63657442478907,32.70251892155692],[-97.63669582220066,32.703352879498254],[-97.63674284895701,32.703657737117126],[-97.6374986321672,32.703665526372944]]]},"properties":{"parcel_id":"102210","state_cd":"","legal_desc":"","situs_street":"UNDERWOOD RD","legal_acreage":2.31,"imprv_sqft":0.0,"imprv_val":761670.0,"total_val":900270.0,"ite_code":210,"ite_land_use":"Single-Family Detached","units":1.0,"daily_trips":9.4,"am_peak_trips":0.7,"pm_peak_trips":0.9,"classification":"Residential","access_road":"Unknown","access_segment_id":"","snap_distance_m":72.5,"notes":"Heuristic (stopgap): default single-family \u2014 awaits real state_cd from Parker CAD","soil_musym":"BsG","soil_muname":"Brackett-Maloterre soils, 12 to 30 percent slopes","soil_clay_pct":28.6,"soil_ksat_um_per_s":null}},{"type":"Feature","geometry":{"type":"Polygon","coordinates":[[[-97.66120765083512,32.72008019069588],[-97.66128385234855,32.72000997771862],[-97.66137125092999,32.71948070223604],[-97.66160245581278,32.71934231919723],[-97.6616164180848,32.71733634295463],[-97.66137233360743,32.717403306645444],[-97.66099645801232,32.719339219560524],[-97.66087624362775,32.71962807909864],[-97.66062829255995,32.72022382633086],[-97.66070951235838,32.72019331620562],[-97.66079365951818,32.72016913060307],[-97.66088004727105,32.72015146689341],[-97.66096796802667,32.72014046819738],[-97.66105670401402,32.72013622616347],[-97.66114553162481,32.72013877288115],[-97.66120765083512,32.72008019069588]]]},"properties":{"parcel_id":"0","state_cd":"","legal_desc":"","situs_street":", ,","legal_acreage":0.0,"imprv_sqft":0.0,"imprv_val":0.0,"total_val":0.0,"ite_code":null,"ite_land_use":"","units":0.0,"daily_trips":0.0,"am_peak_trips":0.0,"pm_peak_trips":0.0,"classification":"Vacant","access_road":"","access_segment_id":"","snap_distance_m":null,"notes":"Heuristic (stopgap): no improvement value","soil_musym":"BsE","soil_muname":"Brackett-Maloterre complex, 2 to 12 percent slopes","soil_clay_pct":28.7,"soil_ksat_um_per_s":null}},{"type":"Feature","geometry":{"type":"Polygon","coordinates":[[[-97.65189119179816,32.718482761863406],[-97.65189118852548,32.718483104542905],[-97.6518832019235,32.71924095225707],[-97.65193703519743,32.7192554281371],[-97.65198853521191,32.7192750529488],[-97.65203701529325,32.719299564983196],[-97.65215898230326,32.71936289515478],[-97.65234209585024,32.71944062092999],[-97.65244189006323,32.719470966039175],[-97.65254391237386,32.71949544982818],[-97.65261772898353,32.71950746526746],[-97.65266774066211,32.719505215272434],[-97.65271763983013,32.719508831003715],[-97.65276646913529,32.71951824280526],[-97.65281329040936,32.7195332711279],[-97.65285720386895,32.719553626660286],[-97.65245510648134,32.7184940674354],[-97.65189119179816,32.718482761863406]]]},"properties":{"parcel_id":"100515","state_cd":"","legal_desc":"SURV: B T YARBROUGH","situs_street":"QUAIL RIDGE RD","legal_acreage":2.03,"imprv_sqft":0.0,"imprv_val":626640.0,"total_val":682990.0,"ite_code":210,"ite_land_use":"Single-Family Detached","units":1.0,"daily_trips":9.4,"am_peak_trips":0.7,"pm_peak_trips":0.9,"classification":"Residential","access_road":"Unknown","access_segment_id":"","snap_distance_m":80.5,"notes":"Heuristic (stopgap): default single-family \u2014 awaits real state_cd from Parker CAD","soil_musym":"BsE","soil_muname":"Brackett-Maloterre complex, 2 to 12 percent slopes","soil_clay_pct":28.7,"soil_ksat_um_per_s":null}},{"type":"Feature","geometry":{"type":"Polygon","coordinates":[[[-97.64678152267274,32.70997746415619],[-97.64727387143611,32.710265081047176],[-97.64766426051352,32.70987030621593],[-97.64768666394816,32.70933108733725],[-97.64797315079389,32.709311932636716],[-97.64751498258283,32.70892531366405],[-97.647433966887,32.70898560457692],[-97.64735292613382,32.70905571638738],[-97.64727810316698,32.70913060551651],[-97.64720988900301,32.70920987694426],[-97.64714864177886,32.709293116485824],[-97.64709468359456,32.70937988626065],[-97.64704829831949,32.70946973098977],[-97.64678152267274,32.70997746415619]]]},"properties":{"parcel_id":"0","state_cd":"","legal_desc":"","situs_street":", ,","legal_acreage":0.0,"imprv_sqft":0.0,"imprv_val":0.0,"total_val":0.0,"ite_code":null,"ite_land_use":"","units":0.0,"daily_trips":0.0,"am_peak_trips":0.0,"pm_peak_trips":0.0,"classification":"Vacant","access_road":"","access_segment_id":"","snap_distance_m":null,"notes":"Heuristic (stopgap): no improvement value","soil_musym":"BsE","soil_muname":"Brackett-Maloterre complex, 2 to 12 percent slopes","soil_clay_pct":28.7,"soil_ksat_um_per_s":null}},{"type":"Feature","geometry":{"type":"Polygon","coordinates":[[[-97.66621241939797,32.72732452505223],[-97.66620144999578,32.72588276484542],[-97.66619427184492,32.72544235001106],[-97.66564130766477,32.72544067885161],[-97.66529333171152,32.725999959344556],[-97.6650868346791,32.72617966557471],[-97.66495248061617,32.72646711091147],[-97.66483981184479,32.72656956555464],[-97.66452130853159,32.72672894988401],[-97.66407294881722,32.72730495143993],[-97.66621241939797,32.72732452505223]]]},"properties":{"parcel_id":"63186","state_cd":"","legal_desc":"TR:, BLK:, SURV: I & G N R R CO","situs_street":"QUAIL RIDGE RD","legal_acreage":6.01,"imprv_sqft":0.0,"imprv_val":518690.0,"total_val":759050.0,"ite_code":210,"ite_land_use":"Single-Family Detached","units":1.0,"daily_trips":9.4,"am_peak_trips":0.7,"pm_peak_trips":0.9,"classification":"Residential","access_road":"Unknown","access_segment_id":"","snap_distance_m":90.0,"notes":"Heuristic (stopgap): default single-family \u2014 awaits real state_cd from Parker CAD","soil_musym":"VeD","soil_muname":"Venus clay loam, 5 to 8 percent slopes","soil_clay_pct":24,"soil_ksat_um_per_s":null}},{"type":"Feature","geometry":{"type":"Polygon","coordinates":[[[-97.63950802791338,32.70243163046503],[-97.64036259604208,32.70243899885348],[-97.64037023535693,32.70164966726434],[-97.63950875264038,32.701643703865386],[-97.63951355515644,32.701861097078464],[-97.63950802791338,32.70243163046503]]]},"properties":{"parcel_id":"38815","state_cd":"","legal_desc":"","situs_street":"UNDERWOOD RD","legal_acreage":1.75,"imprv_sqft":0.0,"imprv_val":235420.0,"total_val":349170.0,"ite_code":210,"ite_land_use":"Single-Family Detached","units":1.0,"daily_trips":9.4,"am_peak_trips":0.7,"pm_peak_trips":0.9,"classification":"Residential","access_road":"Unknown","access_segment_id":"","snap_distance_m":49.4,"notes":"Heuristic (stopgap): default single-family \u2014 awaits real state_cd from Parker CAD","soil_musym":"BsG","soil_muname":"Brackett-Maloterre soils, 12 to 30 percent slopes","soil_clay_pct":28.6,"soil_ksat_um_per_s":null}},{"type":"Feature","geometry":{"type":"Polygon","coordinates":[[[-97.73298858977994,32.733043159706924],[-97.73296070983602,32.73317856227825],[-97.73325512525274,32.733221867147144],[-97.73325761356747,32.73075581862675],[-97.73326511444608,32.73042108081781],[-97.7321089846019,32.73041935332945],[-97.73155433583968,32.73040635402222],[-97.73084071323001,32.73039099320943],[-97.73058217703377,32.730390490507375],[-97.72770761761848,32.73031560863858],[-97.7277115025692,32.73078838156743],[-97.72131885429208,32.73080091355998],[-97.72128326410851,32.73146033812059],[-97.72993186713155,32.732733009173465],[-97.72995975048738,32.73259760727118],[-97.73298858977994,32.733043159706924]]]},"properties":{"parcel_id":"42575","state_cd":"","legal_desc":"","situs_street":"0   WE, , TX 000000","legal_acreage":27.011,"imprv_sqft":0.0,"imprv_val":0.0,"total_val":835980.0,"ite_code":null,"ite_land_use":"","units":0.0,"daily_trips":0.0,"am_peak_trips":0.0,"pm_peak_trips":0.0,"classification":"Vacant","access_road":"","access_segment_id":"","snap_distance_m":null,"notes":"Heuristic (stopgap): no improvement value","soil_musym":"WnD3","soil_muname":"Windthorst and Duffau sandy clay loams, 1 to 8 percent slopes, severely eroded","soil_clay_pct":23.9,"soil_ksat_um_per_s":null}},{"type":"Feature","geometry":{"type":"Polygon","coordinates":[[[-97.71982285523676,32.7333995650522],[-97.71979266277836,32.73374496032012],[-97.72105931095726,32.7335637292415],[-97.72129435015333,32.733172616895594],[-97.71982285523676,32.7333995650522]]]},"properties":{"parcel_id":"121714","state_cd":"","legal_desc":"TR:, BLK:, SURV: INT & G N R R CO","situs_street":"0   , , TX","legal_acreage":1.225,"imprv_sqft":0.0,"imprv_val":0.0,"total_val":58380.0,"ite_code":null,"ite_land_use":"","units":0.0,"daily_trips":0.0,"am_peak_trips":0.0,"pm_peak_trips":0.0,"classification":"Vacant","access_road":"","access_segment_id":"","snap_distance_m":null,"notes":"Heuristic (stopgap): no improvement value","soil_musym":"WoB","soil_muname":"Windthorst very fine sandy loam, 1 to 5 percent slopes","soil_clay_pct":11,"soil_ksat_um_per_s":null}},{"type":"Feature","geometry":{"type":"Polygon","coordinates":[[[-97.6552644303062,32.71999571361988],[-97.65524442266639,32.721665185110275],[-97.65613679986622,32.72166912942269],[-97.65598924326902,32.72152925384012],[-97.65596510606619,32.721395943097505],[-97.6559588602169,32.720115485134954],[-97.65593905619649,32.720070256494814],[-97.65583862907938,32.720046478958864],[-97.65573893788056,32.720030023022225],[-97.6552644303062,32.71999571361988]]]},"properties":{"parcel_id":"91507","state_cd":"","legal_desc":"","situs_street":"QUAIL RIDGE RD","legal_acreage":2.946,"imprv_sqft":0.0,"imprv_val":662160.0,"total_val":780000.0,"ite_code":210,"ite_land_use":"Single-Family Detached","units":1.0,"daily_trips":9.4,"am_peak_trips":0.7,"pm_peak_trips":0.9,"classification":"Residential","access_road":"Unknown","access_segment_id":"","snap_distance_m":45.3,"notes":"Heuristic (stopgap): default single-family \u2014 awaits real state_cd from Parker CAD","soil_musym":"LaD","soil_muname":"Wise clay loam, 5 to 8 percent slopes","soil_clay_pct":28,"soil_ksat_um_per_s":null}},{"type":"Feature","geometry":{"type":"Polygon","coordinates":[[[-97.63650647782202,32.70238745311014],[-97.6365788149481,32.70241634151089],[-97.6377949387782,32.702425481117785],[-97.63773845810077,32.70236581064269],[-97.63769101639528,32.702330840480506],[-97.6376771892453,32.70221924715112],[-97.63802944779638,32.70193675597301],[-97.6380913713148,32.7018512357664],[-97.63820577680748,32.70162252418563],[-97.63831065348293,32.701284418899014],[-97.63826652351418,32.700888011837954],[-97.638264618501,32.700775764447116],[-97.63803796632769,32.700729328856205],[-97.63695370080389,32.70081890306032],[-97.63664410798388,32.70097720007041],[-97.63650816754513,32.701282030840865],[-97.63640123019107,32.70152299391273],[-97.63650647782202,32.70238745311014]]]},"properties":{"parcel_id":"38816","state_cd":"","legal_desc":"TR:, BLK:, SURV: ROBERT CARSON","situs_street":"UNDERWOOD RD","legal_acreage":5.765,"imprv_sqft":0.0,"imprv_val":382550.0,"total_val":611640.0,"ite_code":210,"ite_land_use":"Single-Family Detached","units":1.0,"daily_trips":9.4,"am_peak_trips":0.7,"pm_peak_trips":0.9,"classification":"Residential","access_road":"Unknown","access_segment_id":"","snap_distance_m":71.4,"notes":"Heuristic (stopgap): default single-family \u2014 awaits real state_cd from Parker CAD","soil_musym":"BsG","soil_muname":"Brackett-Maloterre soils, 12 to 30 percent slopes","soil_clay_pct":28.6,"soil_ksat_um_per_s":null}},{"type":"Feature","geometry":{"type":"Polygon","coordinates":[[[-97.63937356529463,32.714159287142564],[-97.63919217632409,32.71419459887628],[-97.63931739082457,32.714338478563846],[-97.6393836797103,32.714393299275166],[-97.6400788503513,32.71452235858317],[-97.6413198135978,32.715255286159994],[-97.64141208727607,32.71530977397948],[-97.64160245766746,32.71568097302294],[-97.64156624147489,32.71619156640395],[-97.64174553440927,32.716393662560954],[-97.64217578909624,32.71687858712125],[-97.64217763907916,32.71688067233779],[-97.65200319874279,32.71466965757082],[-97.65201083498651,32.713489281044495],[-97.65220588677826,32.71349487769602],[-97.65220591666079,32.71349018288359],[-97.65225794870034,32.71300055798285],[-97.65221672408109,32.712928642107926],[-97.65216485145429,32.7128888693537],[-97.65202309170938,32.71286445492301],[-97.6519915540494,32.71286421264665],[-97.6519359912003,32.71286369546971],[-97.65186306521613,32.71286311567313],[-97.65181565361937,32.71287386944984],[-97.65164689401688,32.71288811104762],[-97.65139581659454,32.7129251003274],[-97.65111033174296,32.71292199601089],[-97.6509190923563,32.712883085092045],[-97.65086215645583,32.71285993070438],[-97.65084896918155,32.71285456748774],[-97.65068961446886,32.712789788162716],[-97.65066322382908,32.712777848596446],[-97.64904749078168,32.71279369834644],[-97.64824907913452,32.71280152233025],[-97.64701480177754,32.712813608047064],[-97.64659770311381,32.71281938390045],[-97.63937356529463,32.714159287142564]]]},"properties":{"parcel_id":"60376","state_cd":"","legal_desc":"TR:   (INCL .429 AC A-832, BLK:, SURV: B T YARBROUGH","situs_street":"QUAIL RIDGE RD","legal_acreage":1.0,"imprv_sqft":0.0,"imprv_val":641410.0,"total_val":721410.0,"ite_code":210,"ite_land_use":"Single-Family Detached","units":1.0,"daily_trips":9.4,"am_peak_trips":0.7,"pm_peak_trips":0.9,"classification":"Residential","access_road":"Unknown","access_segment_id":"","snap_distance_m":431.2,"notes":"Heuristic (stopgap): default single-family \u2014 awaits real state_cd from Parker CAD","soil_musym":"SdC","soil_muname":"Selden loamy fine sand, 1 to 5 percent slopes","soil_clay_pct":9,"soil_ksat_um_per_s":null}},{"type":"Feature","geometry":{"type":"Polygon","coordinates":[[[-97.63986343135397,32.70345302872199],[-97.63991194722779,32.70401521980796],[-97.64007280516294,32.70403501770555],[-97.63997139652321,32.70448471067448],[-97.64126027891426,32.70448693723014],[-97.64126095623628,32.70448693830397],[-97.64126063955351,32.70446397866271],[-97.64091127468464,32.70382502542514],[-97.63989260179609,32.70340581416705],[-97.63986343135397,32.70345302872199]]]},"properties":{"parcel_id":"125006","state_cd":"","legal_desc":"","situs_street":"UNDERWOOD RD","legal_acreage":3.0,"imprv_sqft":0.0,"imprv_val":0.0,"total_val":150000.0,"ite_code":null,"ite_land_use":"","units":0.0,"daily_trips":0.0,"am_peak_trips":0.0,"pm_peak_trips":0.0,"classification":"Vacant","access_road":"","access_segment_id":"","snap_distance_m":null,"notes":"Heuristic (stopgap): no improvement value","soil_musym":"BsE","soil_muname":"Brackett-Maloterre complex, 2 to 12 percent slopes","soil_clay_pct":28.7,"soil_ksat_um_per_s":null}},{"type":"Feature","geometry":{"type":"Polygon","coordinates":[[[-97.64369322365167,32.71876900538598],[-97.64408561735509,32.71896409343794],[-97.64415348653057,32.71905751338388],[-97.6445134268719,32.71925937308894],[-97.64447310408579,32.71944988672578],[-97.64443471192901,32.71983021824356],[-97.64443319891403,32.71985770334974],[-97.64442106847268,32.720074997517415],[-97.64436624269706,32.72019914532416],[-97.64435076649627,32.720354090677304],[-97.64432610541985,32.720395573598175],[-97.64412655730219,32.72061852767082],[-97.64646152131299,32.72038723355568],[-97.64860327948443,32.719603015984106],[-97.64872058449545,32.71914316602149],[-97.65052864735428,32.71854753939224],[-97.65141455899851,32.71865779778072],[-97.65157756683283,32.71847725716593],[-97.65181350606328,32.71848120444964],[-97.65189119179816,32.718482761863406],[-97.65245510648134,32.7184940674354],[-97.6530142458208,32.718504959124566],[-97.65341531999071,32.71851161331351],[-97.65341688265302,32.71851163929051],[-97.65356541460604,32.71851398580481],[-97.65409875863602,32.71852258568773],[-97.65590543280237,32.718552280704614],[-97.65590729016871,32.71846765140533],[-97.65408919093673,32.718417231752724],[-97.65297895229698,32.718387910462695],[-97.65161245160753,32.71835180672325],[-97.65165019758389,32.71681152847623],[-97.65165265325702,32.71672878995307],[-97.65043204906614,32.71652941104786],[-97.65027784272758,32.71622794239377],[-97.64241830753447,32.71784714990325],[-97.64289878397851,32.71819980714163],[-97.64337322981227,32.71828917433141],[-97.64354785304673,32.71846106701311],[-97.64369322365167,32.71876900538598]]]},"properties":{"parcel_id":"90720","state_cd":"","legal_desc":"SURV: B T YARBROUGH","situs_street":"0   , , TX","legal_acreage":25.394,"imprv_sqft":0.0,"imprv_val":0.0,"total_val":735900.0,"ite_code":null,"ite_land_use":"","units":0.0,"daily_trips":0.0,"am_peak_trips":0.0,"pm_peak_trips":0.0,"classification":"Vacant","access_road":"","access_segment_id":"","snap_distance_m":null,"notes":"Heuristic (stopgap): no improvement value","soil_musym":"VeC","soil_muname":"Venus loam, 3 to 5 percent slopes","soil_clay_pct":25,"soil_ksat_um_per_s":null}},{"type":"Feature","geometry":{"type":"Polygon","coordinates":[[[-97.711513901354,32.72884561326282],[-97.71479560085868,32.73008329128501],[-97.71568888389368,32.72825541085792],[-97.71458367083522,32.728108496979054],[-97.71372398380844,32.72795989370244],[-97.71169142515468,32.72755137895444],[-97.71168364393537,32.72760810959861],[-97.711513901354,32.72884561326282]]]},"properties":{"parcel_id":"0","state_cd":"","legal_desc":"","situs_street":", ,","legal_acreage":0.0,"imprv_sqft":0.0,"imprv_val":0.0,"total_val":0.0,"ite_code":null,"ite_land_use":"","units":0.0,"daily_trips":0.0,"am_peak_trips":0.0,"pm_peak_trips":0.0,"classification":"Vacant","access_road":"","access_segment_id":"","snap_distance_m":null,"notes":"Heuristic (stopgap): no improvement value","soil_musym":"WoB2","soil_muname":"Windthorst fine sandy loam, 1 to 5 percent slopes, moderately eroded","soil_clay_pct":12,"soil_ksat_um_per_s":null}},{"type":"Feature","geometry":{"type":"Polygon","coordinates":[[[-97.69278075312964,32.71882405106786],[-97.69372547166954,32.71932363796344],[-97.6937259003927,32.71881838891873],[-97.69278075312964,32.71882405106786]]]},"properties":{"parcel_id":"32667","state_cd":"","legal_desc":"JOINS A 10 AC TR","situs_street":"0                                             , , TX 000000","legal_acreage":0.287,"imprv_sqft":0.0,"imprv_val":0.0,"total_val":15790.0,"ite_code":null,"ite_land_use":"","units":0.0,"daily_trips":0.0,"am_peak_trips":0.0,"pm_peak_trips":0.0,"classification":"Vacant","access_road":"","access_segment_id":"","snap_distance_m":null,"notes":"Heuristic (stopgap): no improvement value","soil_musym":"VeD","soil_muname":"Venus clay loam, 5 to 8 percent slopes","soil_clay_pct":24,"soil_ksat_um_per_s":null}},{"type":"Feature","geometry":{"type":"Polygon","coordinates":[[[-97.63963416772201,32.705376805868426],[-97.64010549889767,32.70540500116874],[-97.64034425315083,32.705470345408344],[-97.64118719337858,32.70570104416305],[-97.64126551730848,32.705238694710964],[-97.64126741190533,32.70518947049264],[-97.64077301172057,32.70510590440031],[-97.64060286426282,32.70507551499468],[-97.64014038199592,32.70462628451593],[-97.6399450837719,32.70460139186991],[-97.63985043147144,32.70458823252396],[-97.6396420712882,32.70456088883782],[-97.63963416772201,32.705376805868426]]]},"properties":{"parcel_id":"116209","state_cd":"","legal_desc":"PC E-724","situs_street":"UNDERWOOD RD","legal_acreage":2.58,"imprv_sqft":0.0,"imprv_val":0.0,"total_val":103200.0,"ite_code":null,"ite_land_use":"","units":0.0,"daily_trips":0.0,"am_peak_trips":0.0,"pm_peak_trips":0.0,"classification":"Vacant","access_road":"","access_segment_id":"","snap_distance_m":null,"notes":"Heuristic (stopgap): no improvement value","soil_musym":"BsG","soil_muname":"Brackett-Maloterre soils, 12 to 30 percent slopes","soil_clay_pct":28.6,"soil_ksat_um_per_s":null}},{"type":"Feature","geometry":{"type":"Polygon","coordinates":[[[-97.69975301686621,32.72197212731241],[-97.70088451886436,32.72201132001491],[-97.70129057028541,32.7220052329777],[-97.7012534564826,32.72040310040817],[-97.70105382531858,32.720237770904475],[-97.70156171901817,32.7194744897723],[-97.70146237252558,32.71937900274584],[-97.70095162896655,32.72014524755082],[-97.69968145163384,32.720140653457264],[-97.7001080691385,32.720932938956494],[-97.70025197655244,32.72120019035883],[-97.69966234837737,32.721968985806],[-97.69975301686621,32.72197212731241]]]},"properties":{"parcel_id":"32683","state_cd":"","legal_desc":"","situs_street":"WEST HILL DR","legal_acreage":6.226,"imprv_sqft":0.0,"imprv_val":910000.0,"total_val":1252430.0,"ite_code":210,"ite_land_use":"Single-Family Detached","units":1.0,"daily_trips":9.4,"am_peak_trips":0.7,"pm_peak_trips":0.9,"classification":"Residential","access_road":"Unknown","access_segment_id":"","snap_distance_m":210.1,"notes":"Heuristic (stopgap): default single-family \u2014 awaits real state_cd from Parker CAD","soil_musym":"KtC","soil_muname":"Keeter very fine sandy loam, 1 to 6 percent slopes","soil_clay_pct":7,"soil_ksat_um_per_s":null}},{"type":"Feature","geometry":{"type":"Polygon","coordinates":[[[-97.73340352178008,32.72844853433379],[-97.73561104176854,32.72840916672265],[-97.7356087331072,32.72833452970053],[-97.73675281377372,32.72834153569726],[-97.73675427799967,32.7281008082054],[-97.7368104813978,32.726337554842374],[-97.7368096726561,32.72604571144914],[-97.73280101210496,32.72606435190868],[-97.7328012296539,32.726100175285],[-97.73280258739422,32.72610010340259],[-97.73316814261358,32.72610116633846],[-97.73325927314099,32.72617211909989],[-97.73342938154487,32.726577617140926],[-97.73348749570671,32.72687624148284],[-97.73350429968924,32.727218754337706],[-97.7335068718675,32.727430012040756],[-97.73345997108541,32.72777564104849],[-97.73340352178008,32.72844853433379]],[[-97.7352742005204,32.72819164839421],[-97.73459550099409,32.728187467751404],[-97.73460044593907,32.72761379388057],[-97.73527913897047,32.72761797177802],[-97.7352742005204,32.72819164839421]]]},"properties":{"parcel_id":"36396","state_cd":"","legal_desc":"","situs_street":"BUCK DOBBS RD","legal_acreage":18.965,"imprv_sqft":0.0,"imprv_val":0.0,"total_val":757170.0,"ite_code":null,"ite_land_use":"","units":0.0,"daily_trips":0.0,"am_peak_trips":0.0,"pm_peak_trips":0.0,"classification":"Vacant","access_road":"","access_segment_id":"","snap_distance_m":null,"notes":"Heuristic (stopgap): no improvement value","soil_musym":"DwD","soil_muname":"Duffau-Weatherford complex, 3 to 8 percent slopes","soil_clay_pct":9.2,"soil_ksat_um_per_s":null}},{"type":"Feature","geometry":{"type":"Polygon","coordinates":[[[-97.63943808635071,32.72133954120554],[-97.63959465795196,32.721599821743766],[-97.63975417405301,32.72182859657018],[-97.63997520886448,32.72210345296323],[-97.64006317308193,32.72223255150475],[-97.6401980080355,32.72264678583334],[-97.64020723795564,32.72295759838536],[-97.64017798724,32.72354090847318],[-97.64043926082537,32.7242357585487],[-97.6405573698926,32.724366962683135],[-97.64182506135829,32.72413266426105],[-97.6446555034118,32.723609483391016],[-97.6446581037979,32.72360900256685],[-97.64487148702673,32.72356955780906],[-97.6446939667755,32.72312745648135],[-97.64482655199173,32.72292873601243],[-97.64479566953868,32.722291562349085],[-97.64441847707424,32.72198490289379],[-97.64381893219668,32.72125186924197],[-97.64368725378345,32.72125158154339],[-97.64034066290223,32.72124421204278],[-97.63995155002425,32.72123616548099],[-97.63933762565412,32.72118897014422],[-97.63943808635071,32.72133954120554]]]},"properties":{"parcel_id":"59443","state_cd":"","legal_desc":"TR:, BLK:, SURV: WILSON WOODS","situs_street":"JENKINS RD","legal_acreage":2.06,"imprv_sqft":0.0,"imprv_val":2533430.0,"total_val":2595020.0,"ite_code":210,"ite_land_use":"Single-Family Detached","units":1.0,"daily_trips":9.4,"am_peak_trips":0.7,"pm_peak_trips":0.9,"classification":"Residential","access_road":"Unknown","access_segment_id":"","snap_distance_m":234.9,"notes":"Heuristic (stopgap): default single-family \u2014 awaits real state_cd from Parker CAD","soil_musym":"FriA","soil_muname":"Frio silty clay, 0 to 1 percent slopes, occasionally flooded","soil_clay_pct":44,"soil_ksat_um_per_s":null}},{"type":"Feature","geometry":{"type":"Polygon","coordinates":[[[-97.63954398185123,32.71942941162133],[-97.64122264985097,32.71945351854568],[-97.64122293465341,32.71945352321934],[-97.63961055672246,32.718806995188146],[-97.63954398185123,32.71942941162133]]]},"properties":{"parcel_id":"59438","state_cd":"","legal_desc":"","situs_street":"JENKINS RD","legal_acreage":1.5,"imprv_sqft":0.0,"imprv_val":479520.0,"total_val":532830.0,"ite_code":210,"ite_land_use":"Single-Family Detached","units":1.0,"daily_trips":9.4,"am_peak_trips":0.7,"pm_peak_trips":0.9,"classification":"Residential","access_road":"Unknown","access_segment_id":"","snap_distance_m":63.8,"notes":"Heuristic (stopgap): default single-family \u2014 awaits real state_cd from Parker CAD","soil_musym":"LaD","soil_muname":"Wise clay loam, 5 to 8 percent slopes","soil_clay_pct":28,"soil_ksat_um_per_s":null}},{"type":"Feature","geometry":{"type":"Polygon","coordinates":[[[-97.72707156312924,32.727414224115414],[-97.72706690483491,32.727702765471626],[-97.72776791150827,32.727710367077265],[-97.72778024180931,32.72742184542163],[-97.72707156312924,32.727414224115414]]]},"properties":{"parcel_id":"39899","state_cd":"","legal_desc":"TR:, BLK:, SURV: JOHN A DIXON","situs_street":"BUCK DOBBS RD","legal_acreage":0.5,"imprv_sqft":0.0,"imprv_val":9000.0,"total_val":59000.0,"ite_code":210,"ite_land_use":"Single-Family Detached","units":1.0,"daily_trips":9.4,"am_peak_trips":0.7,"pm_peak_trips":0.9,"classification":"Residential","access_road":"Unknown","access_segment_id":"","snap_distance_m":43.1,"notes":"Heuristic (stopgap): default single-family \u2014 awaits real state_cd from Parker CAD","soil_musym":"DwD","soil_muname":"Duffau-Weatherford complex, 3 to 8 percent slopes","soil_clay_pct":9.2,"soil_ksat_um_per_s":null}},{"type":"Feature","geometry":{"type":"Polygon","coordinates":[[[-97.63967829663558,32.71870788484587],[-97.64053768801222,32.71904724274449],[-97.64106548748458,32.71825699722024],[-97.64106739378428,32.718254142520706],[-97.64107189593066,32.718247401664556],[-97.64067895995059,32.71842632538071],[-97.64041307055938,32.71862025056093],[-97.64039121740247,32.718608138192],[-97.64037956925486,32.718601681554446],[-97.64002024527676,32.71840251508465],[-97.64001884033429,32.718401736085916],[-97.64001625745485,32.71840405760464],[-97.63967829663558,32.71870788484587]]]},"properties":{"parcel_id":"0","state_cd":"","legal_desc":"","situs_street":", ,","legal_acreage":0.0,"imprv_sqft":0.0,"imprv_val":0.0,"total_val":0.0,"ite_code":null,"ite_land_use":"","units":0.0,"daily_trips":0.0,"am_peak_trips":0.0,"pm_peak_trips":0.0,"classification":"Vacant","access_road":"","access_segment_id":"","snap_distance_m":null,"notes":"Heuristic (stopgap): no improvement value","soil_musym":"LaD","soil_muname":"Wise clay loam, 5 to 8 percent slopes","soil_clay_pct":28,"soil_ksat_um_per_s":null}},{"type":"Feature","geometry":{"type":"Polygon","coordinates":[[[-97.73557587363955,32.73309984617525],[-97.73570495584877,32.73305700805221],[-97.73610227857753,32.73300810256188],[-97.73617540733302,32.73305129563065],[-97.73672420549336,32.7330442084011],[-97.73675281377372,32.72834153569726],[-97.7356087331072,32.72833452970053],[-97.73561104176854,32.72840916672265],[-97.73559316316613,32.73076274673062],[-97.73557587363955,32.73309984617525]]]},"properties":{"parcel_id":"36394","state_cd":"","legal_desc":"TR:, BLK:, SURV: ANDREW J BELL","situs_street":"0   , , TX 000000","legal_acreage":14.208,"imprv_sqft":0.0,"imprv_val":0.0,"total_val":513090.0,"ite_code":null,"ite_land_use":"","units":0.0,"daily_trips":0.0,"am_peak_trips":0.0,"pm_peak_trips":0.0,"classification":"Vacant","access_road":"","access_segment_id":"","snap_distance_m":null,"notes":"Heuristic (stopgap): no improvement value","soil_musym":"KcB","soil_muname":"Krum clay, 1 to 3 percent slopes","soil_clay_pct":43,"soil_ksat_um_per_s":null}},{"type":"Feature","geometry":{"type":"Polygon","coordinates":[[[-97.65225453188017,32.71270741990395],[-97.65226210419134,32.7120327013565],[-97.65227206248078,32.71182671794157],[-97.65212847338344,32.711959457863024],[-97.6519343723827,32.712201850299984],[-97.65192931153959,32.71271015819027],[-97.65225453188017,32.71270741990395]]]},"properties":{"parcel_id":"127921","state_cd":"","legal_desc":"","situs_street":", , TX","legal_acreage":0.59,"imprv_sqft":0.0,"imprv_val":0.0,"total_val":22730.0,"ite_code":null,"ite_land_use":"","units":0.0,"daily_trips":0.0,"am_peak_trips":0.0,"pm_peak_trips":0.0,"classification":"Vacant","access_road":"","access_segment_id":"","snap_distance_m":null,"notes":"Heuristic (stopgap): no improvement value","soil_musym":"BsE","soil_muname":"Brackett-Maloterre complex, 2 to 12 percent slopes","soil_clay_pct":28.7,"soil_ksat_um_per_s":null}},{"type":"Feature","geometry":{"type":"Polygon","coordinates":[[[-97.64751498258283,32.70892531366405],[-97.64797315079389,32.709311932636716],[-97.6486488961387,32.70926674812113],[-97.64877597441667,32.70904730007062],[-97.64891388642403,32.70879292809625],[-97.6479804719372,32.70841667894709],[-97.64789838657022,32.708525280217934],[-97.6478106122518,32.70863065348494],[-97.64771732595207,32.70873258621224],[-97.64761871631667,32.70883087225662],[-97.64751498258283,32.70892531366405]]]},"properties":{"parcel_id":"0","state_cd":"","legal_desc":"","situs_street":", ,","legal_acreage":0.0,"imprv_sqft":0.0,"imprv_val":0.0,"total_val":0.0,"ite_code":null,"ite_land_use":"","units":0.0,"daily_trips":0.0,"am_peak_trips":0.0,"pm_peak_trips":0.0,"classification":"Vacant","access_road":"","access_segment_id":"","snap_distance_m":null,"notes":"Heuristic (stopgap): no improvement value","soil_musym":"VeD","soil_muname":"Venus clay loam, 5 to 8 percent slopes","soil_clay_pct":24,"soil_ksat_um_per_s":null}},{"type":"Feature","geometry":{"type":"Polygon","coordinates":[[[-97.6552644303062,32.71999571361988],[-97.65521909261014,32.719992435648216],[-97.65519299193474,32.71999054831563],[-97.65518075426992,32.7199892963294],[-97.6550967358637,32.71998500140539],[-97.65501264660588,32.719988153392244],[-97.65492940748531,32.719998718871565],[-97.65492434429603,32.71999960702996],[-97.65489714757987,32.72000448685392],[-97.6548386618316,32.720009524540735],[-97.65477993251771,32.72000730969651],[-97.65472221060958,32.719997890510875],[-97.65466672536651,32.71998146653851],[-97.65464500118208,32.71997282787585],[-97.65454788667077,32.71993329311827],[-97.65455271443221,32.72109632754217],[-97.65455506242652,32.72166213410792],[-97.65524442266639,32.721665185110275],[-97.6552644303062,32.71999571361988]]]},"properties":{"parcel_id":"91508","state_cd":"","legal_desc":"","situs_street":"QUAIL RIDGE RD","legal_acreage":3.038,"imprv_sqft":0.0,"imprv_val":597170.0,"total_val":718690.0,"ite_code":210,"ite_land_use":"Single-Family Detached","units":1.0,"daily_trips":9.4,"am_peak_trips":0.7,"pm_peak_trips":0.9,"classification":"Residential","access_road":"Unknown","access_segment_id":"","snap_distance_m":96.8,"notes":"Heuristic (stopgap): default single-family \u2014 awaits real state_cd from Parker CAD","soil_musym":"BsE","soil_muname":"Brackett-Maloterre complex, 2 to 12 percent slopes","soil_clay_pct":28.7,"soil_ksat_um_per_s":null}},{"type":"Feature","geometry":{"type":"Polygon","coordinates":[[[-97.64216369057819,32.71091343033603],[-97.64217964435177,32.71113016345993],[-97.64178519057177,32.711763072120554],[-97.6436155265516,32.71165787722911],[-97.64329647465858,32.71125494815345],[-97.64216369057819,32.71091343033603]]]},"properties":{"parcel_id":"46337","state_cd":"","legal_desc":"","situs_street":"QUAIL RIDGE RD","legal_acreage":2.42,"imprv_sqft":0.0,"imprv_val":854880.0,"total_val":995000.0,"ite_code":210,"ite_land_use":"Single-Family Detached","units":1.0,"daily_trips":9.4,"am_peak_trips":0.7,"pm_peak_trips":0.9,"classification":"Residential","access_road":"Unknown","access_segment_id":"","snap_distance_m":40.1,"notes":"Heuristic (stopgap): default single-family \u2014 awaits real state_cd from Parker CAD","soil_musym":"BsE","soil_muname":"Brackett-Maloterre complex, 2 to 12 percent slopes","soil_clay_pct":28.7,"soil_ksat_um_per_s":null}},{"type":"Feature","geometry":{"type":"Polygon","coordinates":[[[-97.7107149713726,32.72856910017228],[-97.711513901354,32.72884561326282],[-97.71168364393537,32.72760810959861],[-97.71091626337201,32.7276091567782],[-97.7107149713726,32.72856910017228]]]},"properties":{"parcel_id":"0","state_cd":"","legal_desc":"","situs_street":", ,","legal_acreage":0.0,"imprv_sqft":0.0,"imprv_val":0.0,"total_val":0.0,"ite_code":null,"ite_land_use":"","units":0.0,"daily_trips":0.0,"am_peak_trips":0.0,"pm_peak_trips":0.0,"classification":"Vacant","access_road":"","access_segment_id":"","snap_distance_m":null,"notes":"Heuristic (stopgap): no improvement value","soil_musym":"WoB2","soil_muname":"Windthorst fine sandy loam, 1 to 5 percent slopes, moderately eroded","soil_clay_pct":12,"soil_ksat_um_per_s":null}},{"type":"Feature","geometry":{"type":"Polygon","coordinates":[[[-97.64642811665851,32.70901118807347],[-97.64648339113124,32.70810795232775],[-97.64469067496698,32.708093185590045],[-97.64473400306291,32.708137881806834],[-97.64477108696254,32.708186426504334],[-97.64480145368746,32.70823819866693],[-97.64482471703558,32.708292538194456],[-97.64484057648059,32.708348749501596],[-97.64484883197515,32.70840611514712],[-97.64484937748249,32.70846390300432],[-97.6448422051833,32.708521372602355],[-97.64483700195045,32.708560459857495],[-97.64482707742002,32.70862115175421],[-97.64482364748743,32.70868235099657],[-97.64482673932396,32.70874356355927],[-97.64483632785257,32.70880429325295],[-97.64485233567815,32.708864048937876],[-97.64487463308669,32.70892234452483],[-97.64490303899889,32.70897871070501],[-97.64493196607332,32.709049532577346],[-97.64495282378661,32.709100597145564],[-97.64642811665851,32.70901118807347]]]},"properties":{"parcel_id":"71521","state_cd":"","legal_desc":"","situs_street":"QUAIL RIDGE RD","legal_acreage":4.0,"imprv_sqft":0.0,"imprv_val":770170.0,"total_val":940250.0,"ite_code":210,"ite_land_use":"Single-Family Detached","units":1.0,"daily_trips":9.4,"am_peak_trips":0.7,"pm_peak_trips":0.9,"classification":"Residential","access_road":"Unknown","access_segment_id":"","snap_distance_m":108.4,"notes":"Heuristic (stopgap): default single-family \u2014 awaits real state_cd from Parker CAD","soil_musym":"BsE","soil_muname":"Brackett-Maloterre complex, 2 to 12 percent slopes","soil_clay_pct":28.7,"soil_ksat_um_per_s":null}},{"type":"Feature","geometry":{"type":"Polygon","coordinates":[[[-97.66621241939797,32.72732452505223],[-97.6671246827206,32.72737175795921],[-97.66712137733961,32.72610867692912],[-97.66712079618776,32.725888422529046],[-97.66620408516428,32.7258840279735],[-97.66621241939797,32.72732452505223]]]},"properties":{"parcel_id":"63185","state_cd":"","legal_desc":"TR:, BLK:, SURV: I & G N R R CO","situs_street":"QUAIL RIDGE RD","legal_acreage":3.384,"imprv_sqft":0.0,"imprv_val":700880.0,"total_val":880500.0,"ite_code":210,"ite_land_use":"Single-Family Detached","units":1.0,"daily_trips":9.4,"am_peak_trips":0.7,"pm_peak_trips":0.9,"classification":"Residential","access_road":"Unknown","access_segment_id":"","snap_distance_m":87.6,"notes":"Heuristic (stopgap): default single-family \u2014 awaits real state_cd from Parker CAD","soil_musym":"BsE","soil_muname":"Brackett-Maloterre complex, 2 to 12 percent slopes","soil_clay_pct":28.7,"soil_ksat_um_per_s":null}},{"type":"Feature","geometry":{"type":"Polygon","coordinates":[[[-97.69706851908289,32.71970423739],[-97.69671995514157,32.71941286447783],[-97.69640553040075,32.71906722823853],[-97.69628398203005,32.718930433305204],[-97.69623831804812,32.71882991965947],[-97.69496966074931,32.718841877437875],[-97.69492209395169,32.71890835444376],[-97.69486813192748,32.71897124394743],[-97.69480815202216,32.719030109187536],[-97.69474256976808,32.719084537999755],[-97.69467184520337,32.71913415187648],[-97.69459647114569,32.71917860498934],[-97.69418080706214,32.719535747026534],[-97.69452837680669,32.71975356085945],[-97.69637548725801,32.71972199176374],[-97.69706851908289,32.71970423739]]]},"properties":{"parcel_id":"32695","state_cd":"","legal_desc":"","situs_street":"WEST HILL DR","legal_acreage":1.0,"imprv_sqft":0.0,"imprv_val":670050.0,"total_val":725050.0,"ite_code":210,"ite_land_use":"Single-Family Detached","units":1.0,"daily_trips":9.4,"am_peak_trips":0.7,"pm_peak_trips":0.9,"classification":"Residential","access_road":"Unknown","access_segment_id":"","snap_distance_m":98.4,"notes":"Heuristic (stopgap): default single-family \u2014 awaits real state_cd from Parker CAD","soil_musym":"WnD3","soil_muname":"Windthorst and Duffau sandy clay loams, 1 to 8 percent slopes, severely eroded","soil_clay_pct":23.9,"soil_ksat_um_per_s":null}},{"type":"Feature","geometry":{"type":"Polygon","coordinates":[[[-97.63218477462104,32.71291281920021],[-97.6319304127853,32.71298886124697],[-97.63176723002563,32.713037668257186],[-97.63143798212468,32.71313064222214],[-97.63120674807107,32.713197265014685],[-97.63121302817254,32.714073906695134],[-97.63121707597928,32.714638955765686],[-97.6312210209717,32.715189656589956],[-97.63343907432392,32.71455754197442],[-97.633249176458,32.71420013533221],[-97.63324433392357,32.71418990255069],[-97.632775553833,32.713191249921316],[-97.63262900522001,32.71293521676544],[-97.63244689004185,32.71288169052104],[-97.63218477462104,32.71291281920021]]]},"properties":{"parcel_id":"48124","state_cd":"","legal_desc":"TR:   PT OF 9 AC TR, BLK:, SURV: THOMAS ROLSTON","situs_street":"JENKINS RD","legal_acreage":5.3,"imprv_sqft":0.0,"imprv_val":0.0,"total_val":4000.0,"ite_code":null,"ite_land_use":"","units":0.0,"daily_trips":0.0,"am_peak_trips":0.0,"pm_peak_trips":0.0,"classification":"Vacant","access_road":"","access_segment_id":"","snap_distance_m":null,"notes":"Heuristic (stopgap): no improvement value","soil_musym":"BsE","soil_muname":"Brackett-Maloterre complex, 2 to 12 percent slopes","soil_clay_pct":28.7,"soil_ksat_um_per_s":null}},{"type":"Feature","geometry":{"type":"Polygon","coordinates":[[[-97.6381466820821,32.71714455865126],[-97.63801787013013,32.717695330116015],[-97.63879700025532,32.71776313093112],[-97.63892880043191,32.717202071278216],[-97.6381466820821,32.71714455865126]]]},"properties":{"parcel_id":"49695","state_cd":"","legal_desc":"TR:  2AC FROM ABST 1604, BLK: O/65 PURPOSES, SURV: JAMES S OXER","situs_street":"JENKINS RD","legal_acreage":4.13,"imprv_sqft":0.0,"imprv_val":259770.0,"total_val":424570.0,"ite_code":210,"ite_land_use":"Single-Family Detached","units":1.0,"daily_trips":9.4,"am_peak_trips":0.7,"pm_peak_trips":0.9,"classification":"Residential","access_road":"Unknown","access_segment_id":"","snap_distance_m":38.2,"notes":"Heuristic (stopgap): default single-family \u2014 awaits real state_cd from Parker CAD","soil_musym":"LaC","soil_muname":"Wise clay loam, 3 to 5 percent slopes, moderately eroded","soil_clay_pct":28,"soil_ksat_um_per_s":null}},{"type":"Feature","geometry":{"type":"Polygon","coordinates":[[[-97.6390321583407,32.721338853446824],[-97.63903549413618,32.722453805545506],[-97.63985128311538,32.72219922194488],[-97.63963092232885,32.72192561635179],[-97.63924538464609,32.72138200307416],[-97.63921118353466,32.72131073575914],[-97.6390321583407,32.721338853446824]]]},"properties":{"parcel_id":"49698","state_cd":"","legal_desc":"TR:, BLK:, SURV: JAMES S OXER","situs_street":"JENKINS RD","legal_acreage":0.43,"imprv_sqft":0.0,"imprv_val":0.0,"total_val":18430.0,"ite_code":null,"ite_land_use":"","units":0.0,"daily_trips":0.0,"am_peak_trips":0.0,"pm_peak_trips":0.0,"classification":"Vacant","access_road":"","access_segment_id":"","snap_distance_m":null,"notes":"Heuristic (stopgap): no improvement value","soil_musym":"LaD","soil_muname":"Wise clay loam, 5 to 8 percent slopes","soil_clay_pct":28,"soil_ksat_um_per_s":null}},{"type":"Feature","geometry":{"type":"Polygon","coordinates":[[[-97.70056158170713,32.71832092742965],[-97.70037393203212,32.718001170894546],[-97.70033145120934,32.717932922874134],[-97.70028199979507,32.71786811560628],[-97.70022596473504,32.717807258409],[-97.70016378447579,32.71775082756338],[-97.70009594685533,32.7176992635946],[-97.70002298269452,32.71765297213285],[-97.69994546375275,32.71761231398045],[-97.6998639952369,32.71757760776914],[-97.69977921796713,32.71754912636727],[-97.69969179349208,32.71752709137295],[-97.69960240726508,32.71751167584052],[-97.69951175800163,32.71750300150636],[-97.69942055771295,32.717501135182154],[-97.69932951888086,32.717506091377665],[-97.69923935446725,32.71751783139898],[-97.6991438919709,32.71753918062702],[-97.69905060681597,32.71756656091749],[-97.69896003381946,32.71759981429275],[-97.69887268674245,32.717638751978214],[-97.69878906578187,32.717683151744694],[-97.69835063626417,32.717941605530115],[-97.69840409072512,32.717999252603384],[-97.69845174189216,32.71806042811175],[-97.69849326493198,32.71812471602053],[-97.69852837894088,32.71819167893364],[-97.6985568426535,32.71826086077133],[-97.69857846294494,32.71833179043214],[-97.69859309373192,32.718403985392996],[-97.6986006338151,32.71847695440091],[-97.69860103324793,32.71855020112101],[-97.69859428906202,32.71862322501114],[-97.70008453557699,32.71863640595328],[-97.70056158170713,32.71832092742965]]]},"properties":{"parcel_id":"32685","state_cd":"","legal_desc":"","situs_street":"WEST HILL DR","legal_acreage":1.0,"imprv_sqft":0.0,"imprv_val":813020.0,"total_val":868020.0,"ite_code":210,"ite_land_use":"Single-Family Detached","units":1.0,"daily_trips":9.4,"am_peak_trips":0.7,"pm_peak_trips":0.9,"classification":"Residential","access_road":"Unknown","access_segment_id":"","snap_distance_m":70.5,"notes":"Heuristic (stopgap): default single-family \u2014 awaits real state_cd from Parker CAD","soil_musym":"ALE","soil_muname":"Aledo-Bolar association, 1 to 8 percent slopes","soil_clay_pct":30,"soil_ksat_um_per_s":null}},{"type":"Feature","geometry":{"type":"Polygon","coordinates":[[[-97.63902812019293,32.71998109194035],[-97.6391981428329,32.71998905977764],[-97.63931060517106,32.71973917195507],[-97.6394340228294,32.719439139603125],[-97.63949810165175,32.718846493972045],[-97.63954128376825,32.71864194907714],[-97.63945571351714,32.718636931181514],[-97.63902404931015,32.718616706024335],[-97.63902812019293,32.71998109194035]]]},"properties":{"parcel_id":"59450","state_cd":"","legal_desc":"PT OF 3.586 AC. 21029-024","situs_street":"JENKINS RD","legal_acreage":3.0,"imprv_sqft":0.0,"imprv_val":1065790.0,"total_val":1206030.0,"ite_code":210,"ite_land_use":"Single-Family Detached","units":1.0,"daily_trips":9.4,"am_peak_trips":0.7,"pm_peak_trips":0.9,"classification":"Residential","access_road":"Unknown","access_segment_id":"","snap_distance_m":32.3,"notes":"Heuristic (stopgap): default single-family \u2014 awaits real state_cd from Parker CAD","soil_musym":"BsE","soil_muname":"Brackett-Maloterre complex, 2 to 12 percent slopes","soil_clay_pct":28.7,"soil_ksat_um_per_s":null}},{"type":"Feature","geometry":{"type":"Polygon","coordinates":[[[-97.63698608154802,32.719836441046624],[-97.63799703802334,32.720109572163416],[-97.63806830385442,32.719936669998845],[-97.63815272584579,32.7197048412118],[-97.63860112716065,32.71859689709569],[-97.6374354614428,32.718542219421494],[-97.63741419954879,32.71862831645896],[-97.63739084963883,32.71871399226548],[-97.63736541498642,32.71879923874592],[-97.63733790660395,32.71888401990166],[-97.63704130704318,32.719711504671025],[-97.63698608154802,32.719836441046624]]]},"properties":{"parcel_id":"49696","state_cd":"","legal_desc":"1ST YELLOW FRAME ON LEFT","situs_street":"BELLE CIR","legal_acreage":1.34,"imprv_sqft":0.0,"imprv_val":67310.0,"total_val":116360.0,"ite_code":210,"ite_land_use":"Single-Family Detached","units":1.0,"daily_trips":9.4,"am_peak_trips":0.7,"pm_peak_trips":0.9,"classification":"Residential","access_road":"Unknown","access_segment_id":"","snap_distance_m":70.3,"notes":"Heuristic (stopgap): default single-family \u2014 awaits real state_cd from Parker CAD","soil_musym":"LaD","soil_muname":"Wise clay loam, 5 to 8 percent slopes","soil_clay_pct":28,"soil_ksat_um_per_s":null}},{"type":"Feature","geometry":{"type":"Polygon","coordinates":[[[-97.64008566386505,32.72614968489866],[-97.64023174077349,32.7265328389117],[-97.64065938816049,32.72636058572934],[-97.6409022512728,32.72623592769571],[-97.64103963148062,32.72595185114632],[-97.64117391820282,32.72554705072946],[-97.64114807787196,32.725360913049066],[-97.64067971845125,32.724787429291965],[-97.64021632185124,32.72425273673927],[-97.64018642222561,32.724197169075836],[-97.63931587948541,32.72484162772967],[-97.63959385745889,32.72502937369691],[-97.63972370977207,32.7252004530341],[-97.64008566386505,32.72614968489866]]]},"properties":{"parcel_id":"59447","state_cd":"","legal_desc":"TR:, BLK:, SURV: WILSON WOODS","situs_street":"JENKINS RIDGE","legal_acreage":6.67,"imprv_sqft":0.0,"imprv_val":625830.0,"total_val":844630.0,"ite_code":210,"ite_land_use":"Single-Family Detached","units":1.0,"daily_trips":9.4,"am_peak_trips":0.7,"pm_peak_trips":0.9,"classification":"Residential","access_road":"Unknown","access_segment_id":"","snap_distance_m":74.9,"notes":"Heuristic (stopgap): default single-family \u2014 awaits real state_cd from Parker CAD","soil_musym":"BsE","soil_muname":"Brackett-Maloterre complex, 2 to 12 percent slopes","soil_clay_pct":28.7,"soil_ksat_um_per_s":null}},{"type":"Feature","geometry":{"type":"Polygon","coordinates":[[[-97.69628872919614,32.72148016592686],[-97.69698363836778,32.7221362194718],[-97.69755878645462,32.722058747852884],[-97.69722863815228,32.721220068139786],[-97.69628872919614,32.72148016592686]]]},"properties":{"parcel_id":"32696","state_cd":"","legal_desc":"","situs_street":"0                                             , , TX 000000","legal_acreage":1.689,"imprv_sqft":0.0,"imprv_val":0.0,"total_val":92900.0,"ite_code":null,"ite_land_use":"","units":0.0,"daily_trips":0.0,"am_peak_trips":0.0,"pm_peak_trips":0.0,"classification":"Vacant","access_road":"","access_segment_id":"","snap_distance_m":null,"notes":"Heuristic (stopgap): no improvement value","soil_musym":"VeD","soil_muname":"Venus clay loam, 5 to 8 percent slopes","soil_clay_pct":24,"soil_ksat_um_per_s":null}},{"type":"Feature","geometry":{"type":"Polygon","coordinates":[[[-97.63945571351714,32.718636931181514],[-97.63954128376825,32.71864194907714],[-97.639683466524,32.71849578890563],[-97.63990745736142,32.71836685193877],[-97.6400408679704,32.71822318648561],[-97.64013500121621,32.71805225501437],[-97.64017968322601,32.71781006182149],[-97.64014414394916,32.717631911110814],[-97.63998086604222,32.7174651911466],[-97.63971687948779,32.717332547264334],[-97.63912486641473,32.7172165146081],[-97.63901984702477,32.71720877696914],[-97.63892880043191,32.717202071278216],[-97.63879700025532,32.71776313093112],[-97.63860112716065,32.71859689709569],[-97.63902404931015,32.718616706024335],[-97.63945571351714,32.718636931181514]]]},"properties":{"parcel_id":"59441","state_cd":"","legal_desc":"TR:, BLK:, SURV: WILSON WOODS","situs_street":"JENKINS RD","legal_acreage":4.02,"imprv_sqft":0.0,"imprv_val":847530.0,"total_val":1048130.0,"ite_code":210,"ite_land_use":"Single-Family Detached","units":1.0,"daily_trips":9.4,"am_peak_trips":0.7,"pm_peak_trips":0.9,"classification":"Residential","access_road":"Unknown","access_segment_id":"","snap_distance_m":73.0,"notes":"Heuristic (stopgap): default single-family \u2014 awaits real state_cd from Parker CAD","soil_musym":"BsE","soil_muname":"Brackett-Maloterre complex, 2 to 12 percent slopes","soil_clay_pct":28.7,"soil_ksat_um_per_s":null}},{"type":"Feature","geometry":{"type":"Polygon","coordinates":[[[-97.66270036854195,32.72593610540985],[-97.6627130690785,32.72502694462497],[-97.66265012332973,32.72497288144841],[-97.66226331939336,32.7249753836436],[-97.66220687549264,32.72497822274416],[-97.66215149302735,32.72498786077618],[-97.66209831225424,32.72500409890625],[-97.66204842777614,32.72502660181619],[-97.66200286603716,32.72505490837316],[-97.6619625650193,32.72508843509968],[-97.66192835597055,32.72512649047959],[-97.66190094082235,32.725168293743636],[-97.6618808846532,32.72521298203321],[-97.66186860050541,32.72525963645084],[-97.66186434178019,32.725307296438075],[-97.66185635440644,32.72583341281261],[-97.6618590350129,32.72585947078745],[-97.66185766063587,32.72588560152034],[-97.66185225471405,32.72591135605011],[-97.6618429110476,32.725936291300656],[-97.66270036854195,32.72593610540985]]]},"properties":{"parcel_id":"71238","state_cd":"","legal_desc":"LOT:  1, BLK:  1, ADDN: MCDAVID SOUTH","situs_street":"QUAIL BLUFF LN","legal_acreage":2.0,"imprv_sqft":0.0,"imprv_val":582300.0,"total_val":702300.0,"ite_code":210,"ite_land_use":"Single-Family Detached","units":1.0,"daily_trips":9.4,"am_peak_trips":0.7,"pm_peak_trips":0.9,"classification":"Residential","access_road":"Unknown","access_segment_id":"","snap_distance_m":50.2,"notes":"Heuristic (stopgap): default single-family \u2014 awaits real state_cd from Parker CAD","soil_musym":"PcB","soil_muname":"Purves clay, 1 to 3 percent slopes","soil_clay_pct":47.5,"soil_ksat_um_per_s":null}},{"type":"Feature","geometry":{"type":"Polygon","coordinates":[[[-97.70146237252558,32.71937900274584],[-97.70141499202761,32.71934009396559],[-97.70137284598572,32.71929709557753],[-97.70133642383054,32.71925050945197],[-97.70130615168469,32.71920087763494],[-97.701282380669,32.71914877776408],[-97.70123639136344,32.71906789974261],[-97.70118390482297,32.71898990101019],[-97.7011251694918,32.71891515291159],[-97.70106046701062,32.71884401257507],[-97.7009901058401,32.71877682016583],[-97.70091442341078,32.71871389709677],[-97.70083377974639,32.71865554328183],[-97.7007560944261,32.71857775837869],[-97.70068463102541,32.718495820774834],[-97.7006196999762,32.71841008690236],[-97.70056158170713,32.71832092742965],[-97.70008453557699,32.71863640595328],[-97.70008037686513,32.71909809608355],[-97.69946490597499,32.71973838830221],[-97.69968145163384,32.720140653457264],[-97.70095162896655,32.72014524755082],[-97.70146237252558,32.71937900274584]]]},"properties":{"parcel_id":"32684","state_cd":"","legal_desc":"","situs_street":"WEST HILL","legal_acreage":5.937,"imprv_sqft":0.0,"imprv_val":1356870.0,"total_val":1701220.0,"ite_code":210,"ite_land_use":"Single-Family Detached","units":1.0,"daily_trips":9.4,"am_peak_trips":0.7,"pm_peak_trips":0.9,"classification":"Residential","access_road":"Unknown","access_segment_id":"","snap_distance_m":97.3,"notes":"Heuristic (stopgap): default single-family \u2014 awaits real state_cd from Parker CAD","soil_musym":"KtC","soil_muname":"Keeter very fine sandy loam, 1 to 6 percent slopes","soil_clay_pct":7,"soil_ksat_um_per_s":null}},{"type":"Feature","geometry":{"type":"Polygon","coordinates":[[[-97.71766359934618,32.73050939950992],[-97.71764517388037,32.73062612796577],[-97.71744441719937,32.73059856367657],[-97.71734452894061,32.73058904524828],[-97.71726187191463,32.73082890706723],[-97.71760097645429,32.730906107931624],[-97.7189297931676,32.73108733357178],[-97.71875192969341,32.730427305712546],[-97.71855795068082,32.730507867960526],[-97.71766359934618,32.73050939950992]]]},"properties":{"parcel_id":"52649","state_cd":"","legal_desc":"","situs_street":"0   , , TX 000000","legal_acreage":1.728,"imprv_sqft":0.0,"imprv_val":0.0,"total_val":56540.0,"ite_code":null,"ite_land_use":"","units":0.0,"daily_trips":0.0,"am_peak_trips":0.0,"pm_peak_trips":0.0,"classification":"Vacant","access_road":"","access_segment_id":"","snap_distance_m":null,"notes":"Heuristic (stopgap): no improvement value","soil_musym":"VeB","soil_muname":"Venus loam, 1 to 3 percent slopes","soil_clay_pct":25,"soil_ksat_um_per_s":null}},{"type":"Feature","geometry":{"type":"Polygon","coordinates":[[[-97.66282693989751,32.72178556487317],[-97.66287790428471,32.721786136351184],[-97.66293695059764,32.721786781184],[-97.6651219489686,32.721811485252324],[-97.66512186078805,32.721789658186914],[-97.66511636486098,32.720267868168385],[-97.66498144752428,32.72026683904399],[-97.66496533058069,32.720266725337716],[-97.66481315692478,32.720265693709784],[-97.66297302840685,32.72025350535718],[-97.66291719665232,32.72025329433116],[-97.66280639383177,32.72025256055233],[-97.6628311230528,32.720324240833534],[-97.66283869941012,32.72041878279431],[-97.66282693989751,32.72178556487317]]]},"properties":{"parcel_id":"63155","state_cd":"","legal_desc":"TR:, BLK:, SURV: I & G N R R CO","situs_street":"QUAIL RIDGE RD","legal_acreage":8.78,"imprv_sqft":0.0,"imprv_val":0.0,"total_val":332890.0,"ite_code":null,"ite_land_use":"","units":0.0,"daily_trips":0.0,"am_peak_trips":0.0,"pm_peak_trips":0.0,"classification":"Vacant","access_road":"","access_segment_id":"","snap_distance_m":null,"notes":"Heuristic (stopgap): no improvement value","soil_musym":"BsE","soil_muname":"Brackett-Maloterre complex, 2 to 12 percent slopes","soil_clay_pct":28.7,"soil_ksat_um_per_s":null}},{"type":"Feature","geometry":{"type":"Polygon","coordinates":[[[-97.6674988734905,32.72366607394273],[-97.66764899320846,32.72080090308388],[-97.66746478069992,32.72027710453629],[-97.66737164048574,32.72028082742469],[-97.66710196941196,32.720280999876806],[-97.66703603369483,32.72183307007061],[-97.66703601938129,32.723144977659054],[-97.66703600945173,32.7231703762711],[-97.66703602254964,32.72357104562727],[-97.66703596844887,32.723632317557374],[-97.66710291330335,32.72366445348347],[-97.6674988734905,32.72366607394273]]]},"properties":{"parcel_id":"63164","state_cd":"","legal_desc":"","situs_street":"HILLMONT RANCH RD","legal_acreage":3.33,"imprv_sqft":0.0,"imprv_val":0.0,"total_val":87790.0,"ite_code":820,"ite_land_use":"Shopping Center/Retail","units":36.26,"daily_trips":1369.0,"am_peak_trips":41.1,"pm_peak_trips":123.2,"classification":"Commercial","access_road":"Unknown","access_segment_id":"","snap_distance_m":82.0,"notes":"Heuristic (stopgap): business + commercial function","soil_musym":"DwD","soil_muname":"Duffau-Weatherford complex, 3 to 8 percent slopes","soil_clay_pct":9.2,"soil_ksat_um_per_s":null}},{"type":"Feature","geometry":{"type":"Polygon","coordinates":[[[-97.66285496333168,32.72449498718021],[-97.66279146053563,32.7244947199336],[-97.66282168731352,32.725890134940585],[-97.6653695292743,32.725877351128226],[-97.6655898464867,32.72552284050174],[-97.66564130766477,32.72544067885161],[-97.66490434006121,32.72543844714466],[-97.66490412399808,32.72450357893122],[-97.66285496333168,32.72449498718021]]]},"properties":{"parcel_id":"63200","state_cd":"","legal_desc":"TR:, BLK:, SURV: I & G N R R CO","situs_street":"QUAIL RIDGE RD","legal_acreage":7.74,"imprv_sqft":0.0,"imprv_val":294220.0,"total_val":593720.0,"ite_code":210,"ite_land_use":"Single-Family Detached","units":1.0,"daily_trips":9.4,"am_peak_trips":0.7,"pm_peak_trips":0.9,"classification":"Residential","access_road":"Unknown","access_segment_id":"","snap_distance_m":135.2,"notes":"Heuristic (stopgap): default single-family \u2014 awaits real state_cd from Parker CAD","soil_musym":"BsE","soil_muname":"Brackett-Maloterre complex, 2 to 12 percent slopes","soil_clay_pct":28.7,"soil_ksat_um_per_s":null}},{"type":"Feature","geometry":{"type":"Polygon","coordinates":[[[-97.69886982475762,32.72196991811736],[-97.69844533378334,32.7219704149456],[-97.69830302156689,32.72197043759297],[-97.69811315336047,32.72198407228427],[-97.69755878645462,32.722058747852884],[-97.69698363836778,32.7221362194718],[-97.69722151370333,32.72235654808505],[-97.69764206904145,32.72254824626096],[-97.69833958061564,32.72282953875837],[-97.69895577030731,32.72311412156569],[-97.69945910913943,32.72339224679091],[-97.69967035725215,32.72350623320352],[-97.69973797402145,32.723565839479264],[-97.69975301686621,32.72197212731241],[-97.69966234837737,32.721968985806],[-97.69886982475762,32.72196991811736]]]},"properties":{"parcel_id":"41180","state_cd":"","legal_desc":"TR:, BLK:, SURV: HIRAM FRANKLIN","situs_street":"ANNETTA CENTERPOINT RD","legal_acreage":1.0,"imprv_sqft":0.0,"imprv_val":679840.0,"total_val":722190.0,"ite_code":210,"ite_land_use":"Single-Family Detached","units":1.0,"daily_trips":9.4,"am_peak_trips":0.7,"pm_peak_trips":0.9,"classification":"Residential","access_road":"Unknown","access_segment_id":"","snap_distance_m":58.5,"notes":"Heuristic (stopgap): default single-family \u2014 awaits real state_cd from Parker CAD","soil_musym":"ALE","soil_muname":"Aledo-Bolar association, 1 to 8 percent slopes","soil_clay_pct":30,"soil_ksat_um_per_s":null}},{"type":"Feature","geometry":{"type":"Polygon","coordinates":[[[-97.65979015357593,32.71923666326854],[-97.65975006074622,32.719605914706705],[-97.65947698103874,32.72014755306399],[-97.65946661055682,32.720688090178136],[-97.66052379209353,32.72026367648385],[-97.66087658410498,32.7194646912068],[-97.6608991123515,32.7194136878986],[-97.66133432591825,32.71682098498194],[-97.66162137000913,32.716625912641476],[-97.66226021790611,32.71619178214242],[-97.66258931593826,32.71531231205034],[-97.6617219564084,32.715253411954414],[-97.6616309521664,32.71524836995078],[-97.66113638258359,32.71513928718835],[-97.66112079203171,32.71575371093568],[-97.66088457719,32.71574862505116],[-97.66005600929772,32.715731716351954],[-97.6600520630575,32.71579343009014],[-97.65989908268864,32.71765848584739],[-97.65979015357593,32.71923666326854]]]},"properties":{"parcel_id":"63166","state_cd":"","legal_desc":"","situs_street":"QUAIL RIDGE RD","legal_acreage":16.92,"imprv_sqft":0.0,"imprv_val":0.0,"total_val":446060.0,"ite_code":820,"ite_land_use":"Shopping Center/Retail","units":150.0,"daily_trips":5662.5,"am_peak_trips":169.9,"pm_peak_trips":509.6,"classification":"Commercial","access_road":"Unknown","access_segment_id":"","snap_distance_m":137.5,"notes":"Heuristic (stopgap): business + commercial function","soil_musym":"BsE","soil_muname":"Brackett-Maloterre complex, 2 to 12 percent slopes","soil_clay_pct":28.7,"soil_ksat_um_per_s":null}},{"type":"Feature","geometry":{"type":"Polygon","coordinates":[[[-97.72164091405247,32.73311929379111],[-97.72129435015333,32.733172616895594],[-97.72105931095726,32.7335637292415],[-97.71979266277836,32.73374496032012],[-97.7195993263732,32.73566809960136],[-97.72076282618572,32.7356643319793],[-97.72119474815142,32.73566291585883],[-97.72118203106918,32.73671225212364],[-97.72117990010545,32.736887673057986],[-97.72227592589593,32.73429640402511],[-97.72164091405247,32.73311929379111]]]},"properties":{"parcel_id":"42583","state_cd":"","legal_desc":"","situs_street":"CENTER POINT RD","legal_acreage":3.266,"imprv_sqft":0.0,"imprv_val":0.0,"total_val":127230.0,"ite_code":null,"ite_land_use":"","units":0.0,"daily_trips":0.0,"am_peak_trips":0.0,"pm_peak_trips":0.0,"classification":"Vacant","access_road":"","access_segment_id":"","snap_distance_m":null,"notes":"Heuristic (stopgap): no improvement value","soil_musym":"WoB","soil_muname":"Windthorst very fine sandy loam, 1 to 5 percent slopes","soil_clay_pct":11,"soil_ksat_um_per_s":null}},{"type":"Feature","geometry":{"type":"Polygon","coordinates":[[[-97.71503817513694,32.7356466170629],[-97.71529539770081,32.73564924860729],[-97.71711511824576,32.73566785367098],[-97.71721907288666,32.73559294309175],[-97.71801115125314,32.7355292636173],[-97.71871040382806,32.735645455042274],[-97.7195993263732,32.73566809960136],[-97.71979266277836,32.73374496032012],[-97.71982285523676,32.7333995650522],[-97.71997976387293,32.73160453137266],[-97.71953050137134,32.73155804205958],[-97.71847823833943,32.73137849994578],[-97.71714725801596,32.731207866946484],[-97.716549897593,32.73108002479443],[-97.71570522006634,32.73082654032466],[-97.71472385067929,32.73046765128099],[-97.7127202241336,32.73418154237378],[-97.71314361688688,32.7345252144246],[-97.71503817513694,32.7356466170629]]]},"properties":{"parcel_id":"52638","state_cd":"","legal_desc":"","situs_street":"CENTER POINT RD","legal_acreage":1.0,"imprv_sqft":0.0,"imprv_val":688310.0,"total_val":714990.0,"ite_code":210,"ite_land_use":"Single-Family Detached","units":1.0,"daily_trips":9.4,"am_peak_trips":0.7,"pm_peak_trips":0.9,"classification":"Residential","access_road":"Unknown","access_segment_id":"","snap_distance_m":32.5,"notes":"Heuristic (stopgap): default single-family \u2014 awaits real state_cd from Parker CAD","soil_musym":"WoB2","soil_muname":"Windthorst fine sandy loam, 1 to 5 percent slopes, moderately eroded","soil_clay_pct":12,"soil_ksat_um_per_s":null}},{"type":"Feature","geometry":{"type":"Polygon","coordinates":[[[-97.64886333379903,32.711929636920416],[-97.64874939165296,32.712110604828524],[-97.64847546754154,32.71217038460918],[-97.64830560243496,32.71229998293037],[-97.64827305669732,32.712428679856586],[-97.64830775642132,32.712583951591625],[-97.64824907913452,32.71280152233025],[-97.64904749078168,32.71279369834644],[-97.64910890736182,32.712137694831455],[-97.64898058398846,32.712044073667975],[-97.64887379679664,32.71193984896067],[-97.64886333379903,32.711929636920416]]]},"properties":{"parcel_id":"64799","state_cd":"","legal_desc":"","situs_street":"QUAIL RIDGE RD","legal_acreage":5.51,"imprv_sqft":0.0,"imprv_val":545660.0,"total_val":779560.0,"ite_code":210,"ite_land_use":"Single-Family Detached","units":1.0,"daily_trips":9.4,"am_peak_trips":0.7,"pm_peak_trips":0.9,"classification":"Residential","access_road":"Unknown","access_segment_id":"","snap_distance_m":65.0,"notes":"Heuristic (stopgap): default single-family \u2014 awaits real state_cd from Parker CAD","soil_musym":"BsE","soil_muname":"Brackett-Maloterre complex, 2 to 12 percent slopes","soil_clay_pct":28.7,"soil_ksat_um_per_s":null}},{"type":"Feature","geometry":{"type":"Polygon","coordinates":[[[-97.6618429110476,32.725936291300656],[-97.66182602958463,32.72598722282554],[-97.66182528795663,32.725988817698365],[-97.66182155808747,32.72599683340066],[-97.66180312545363,32.72603644531411],[-97.66179654643092,32.72604722309238],[-97.66178345122871,32.726068676261185],[-97.66177443283783,32.72608344989783],[-97.6617676765753,32.72609220634448],[-97.66175237750419,32.726112033949],[-97.66174024969548,32.72612775338945],[-97.66172792340498,32.726140650516214],[-97.6617009270916,32.72616889821108],[-97.66165687126369,32.726206459623306],[-97.66164307380481,32.72692642550274],[-97.6627017314219,32.72693030754504],[-97.66270036854195,32.72593610540985],[-97.6618429110476,32.725936291300656]]]},"properties":{"parcel_id":"71239","state_cd":"","legal_desc":"","situs_street":"QUAIL BLUFF LN","legal_acreage":1.358,"imprv_sqft":0.0,"imprv_val":679230.0,"total_val":779230.0,"ite_code":210,"ite_land_use":"Single-Family Detached","units":1.0,"daily_trips":9.4,"am_peak_trips":0.7,"pm_peak_trips":0.9,"classification":"Residential","access_road":"Unknown","access_segment_id":"","snap_distance_m":50.2,"notes":"Heuristic (stopgap): default single-family \u2014 awaits real state_cd from Parker CAD","soil_musym":"PcB","soil_muname":"Purves clay, 1 to 3 percent slopes","soil_clay_pct":47.5,"soil_ksat_um_per_s":null}},{"type":"Feature","geometry":{"type":"Polygon","coordinates":[[[-97.67606362286918,32.719655390454726],[-97.6754752337242,32.7199433142584],[-97.67498573248268,32.72021746501161],[-97.67636629669832,32.72022104828856],[-97.67638136347459,32.72022108772149],[-97.67637798297889,32.71993324774408],[-97.67637794402155,32.719701984619896],[-97.67611315800875,32.71960232782955],[-97.67606362286918,32.719655390454726]]]},"properties":{"parcel_id":"59489","state_cd":"","legal_desc":",\"JONES AUTOMOTIVE\"    PT IN AB 1219","situs_street":"FM RD 5","legal_acreage":0.63,"imprv_sqft":0.0,"imprv_val":69470.0,"total_val":330180.0,"ite_code":210,"ite_land_use":"Single-Family Detached","units":1.0,"daily_trips":9.4,"am_peak_trips":0.7,"pm_peak_trips":0.9,"classification":"Residential","access_road":"Unknown","access_segment_id":"","snap_distance_m":32.5,"notes":"Heuristic (stopgap): default single-family \u2014 awaits real state_cd from Parker CAD","soil_musym":"PcC","soil_muname":"Purves clay, 3 to 5 percent slopes","soil_clay_pct":47.5,"soil_ksat_um_per_s":null}},{"type":"Feature","geometry":{"type":"Polygon","coordinates":[[[-97.71544143199297,32.726115579332514],[-97.7164945786211,32.72659824253663],[-97.71697422920354,32.72613815779273],[-97.7169845988166,32.72612821087384],[-97.71578286943229,32.72558017497247],[-97.71544143199297,32.726115579332514]]]},"properties":{"parcel_id":"121674","state_cd":"","legal_desc":"F-209","situs_street":"MEADOW BEND COURT","legal_acreage":2.0,"imprv_sqft":0.0,"imprv_val":0.0,"total_val":260000.0,"ite_code":null,"ite_land_use":"","units":0.0,"daily_trips":0.0,"am_peak_trips":0.0,"pm_peak_trips":0.0,"classification":"Vacant","access_road":"","access_segment_id":"","snap_distance_m":null,"notes":"Heuristic (stopgap): no improvement value","soil_musym":"WoB2","soil_muname":"Windthorst fine sandy loam, 1 to 5 percent slopes, moderately eroded","soil_clay_pct":12,"soil_ksat_um_per_s":null}},{"type":"Feature","geometry":{"type":"Polygon","coordinates":[[[-97.64391953427511,32.71033831578919],[-97.64453748558293,32.7110110961278],[-97.6449945918005,32.70999607588938],[-97.64520187145709,32.70953789687952],[-97.64513011008663,32.70951501932832],[-97.64508022413963,32.70949911743063],[-97.6450330724416,32.70946191734806],[-97.64487646456512,32.70960105989649],[-97.64471756076024,32.70969742803492],[-97.64447729602934,32.70981850289366],[-97.64427930637798,32.70998318418798],[-97.64420151977288,32.71008011027392],[-97.64405955250295,32.71019103280963],[-97.64393504488149,32.710262368011435],[-97.64390488182387,32.71029103827377],[-97.64391953427511,32.71033831578919]]]},"properties":{"parcel_id":"46341","state_cd":"","legal_desc":"TR:, BLK:, SURV: J. D. LOVE","situs_street":"QUAIL RIDGE RD","legal_acreage":2.25,"imprv_sqft":0.0,"imprv_val":396380.0,"total_val":528570.0,"ite_code":210,"ite_land_use":"Single-Family Detached","units":1.0,"daily_trips":9.4,"am_peak_trips":0.7,"pm_peak_trips":0.9,"classification":"Residential","access_road":"Unknown","access_segment_id":"","snap_distance_m":42.5,"notes":"Heuristic (stopgap): default single-family \u2014 awaits real state_cd from Parker CAD","soil_musym":"BsE","soil_muname":"Brackett-Maloterre complex, 2 to 12 percent slopes","soil_clay_pct":28.7,"soil_ksat_um_per_s":null}},{"type":"Feature","geometry":{"type":"Polygon","coordinates":[[[-97.63992567525109,32.705611774200506],[-97.6348732859584,32.70754570941831],[-97.63453983740523,32.70784658343596],[-97.63459345587674,32.708318698600074],[-97.63462556402125,32.70846834411434],[-97.63429469961757,32.70855181420151],[-97.63390685297942,32.70900838507418],[-97.63473561697661,32.70907032431038],[-97.6348562354879,32.70918923781173],[-97.63984747004244,32.709201412614064],[-97.64249844929753,32.70919551002599],[-97.64265594135769,32.7091951574395],[-97.6436792381162,32.70915972319718],[-97.64314135796401,32.70791328752099],[-97.64282779365927,32.70718664493986],[-97.64271487191638,32.70692496031659],[-97.64237812720476,32.706581839781514],[-97.6421056683724,32.70632690300002],[-97.64118719337858,32.70570104416305],[-97.64034425315083,32.705470345408344],[-97.63992567525109,32.705611774200506]]]},"properties":{"parcel_id":"64793","state_cd":"","legal_desc":"","situs_street":"0   , , TX 000000","legal_acreage":0.896,"imprv_sqft":0.0,"imprv_val":0.0,"total_val":25710.0,"ite_code":null,"ite_land_use":"","units":0.0,"daily_trips":0.0,"am_peak_trips":0.0,"pm_peak_trips":0.0,"classification":"Vacant","access_road":"","access_segment_id":"","snap_distance_m":null,"notes":"Heuristic (stopgap): no improvement value","soil_musym":"KcB","soil_muname":"Krum clay, 1 to 3 percent slopes","soil_clay_pct":43,"soil_ksat_um_per_s":null}},{"type":"Feature","geometry":{"type":"Polygon","coordinates":[[[-97.64217763907916,32.71688067233779],[-97.64220660452555,32.716913325273204],[-97.64222903929817,32.71724006893835],[-97.6422464550539,32.717271663634676],[-97.64226943887466,32.717313386632476],[-97.64233096853084,32.71742508578436],[-97.64235098534748,32.717461422295074],[-97.64239739786768,32.717786820801976],[-97.64240734359973,32.717839102809144],[-97.6424092299927,32.71784901991795],[-97.64241830753447,32.71784714990325],[-97.65027784272758,32.71622794239377],[-97.65043204906614,32.71652941104786],[-97.65165265325702,32.71672878995307],[-97.65222056840358,32.71565796797055],[-97.65222922131105,32.71491290562054],[-97.65224115025279,32.713885655073454],[-97.65220591666079,32.71349018288359],[-97.65220588677826,32.71349487769602],[-97.65201083498651,32.713489281044495],[-97.65200319874279,32.71466965757082],[-97.64217763907916,32.71688067233779]]]},"properties":{"parcel_id":"60383","state_cd":"","legal_desc":"PT OF 31 AC TR","situs_street":"QUAIL RIDGE RD","legal_acreage":1.0,"imprv_sqft":0.0,"imprv_val":708570.0,"total_val":738530.0,"ite_code":210,"ite_land_use":"Single-Family Detached","units":1.0,"daily_trips":9.4,"am_peak_trips":0.7,"pm_peak_trips":0.9,"classification":"Residential","access_road":"Unknown","access_segment_id":"","snap_distance_m":249.6,"notes":"Heuristic (stopgap): default single-family \u2014 awaits real state_cd from Parker CAD","soil_musym":"KcB","soil_muname":"Krum clay, 1 to 3 percent slopes","soil_clay_pct":43,"soil_ksat_um_per_s":null}},{"type":"Feature","geometry":{"type":"Polygon","coordinates":[[[-97.63904431469575,32.717087161851445],[-97.63920670163456,32.71710737621603],[-97.63977692760612,32.71721822355694],[-97.640064781133,32.71734047724949],[-97.64019466240059,32.71741031230582],[-97.64053352869723,32.716721880717294],[-97.64174553440927,32.716393662560954],[-97.64156624147489,32.71619156640395],[-97.64160245766746,32.71568097302294],[-97.64141208727607,32.71530977397948],[-97.6413198135978,32.715255286159994],[-97.6400788503513,32.71452235858317],[-97.6393836797103,32.714393299275166],[-97.63931739082457,32.714338478563846],[-97.63879422859563,32.71705324920466],[-97.63904431469575,32.717087161851445]]]},"properties":{"parcel_id":"59456","state_cd":"","legal_desc":"TR:, BLK:, SURV: WILSON WOODS","situs_street":"JENKINS RD","legal_acreage":13.06,"imprv_sqft":0.0,"imprv_val":0.0,"total_val":470000.0,"ite_code":null,"ite_land_use":"","units":0.0,"daily_trips":0.0,"am_peak_trips":0.0,"pm_peak_trips":0.0,"classification":"Vacant","access_road":"","access_segment_id":"","snap_distance_m":null,"notes":"Heuristic (stopgap): no improvement value","soil_musym":"KcB","soil_muname":"Krum clay, 1 to 3 percent slopes","soil_clay_pct":43,"soil_ksat_um_per_s":null}},{"type":"Feature","geometry":{"type":"Polygon","coordinates":[[[-97.71918256038414,32.7235642455216],[-97.71902978447247,32.72400856652096],[-97.71901692085741,32.72425010092162],[-97.71896702206692,32.724677084654594],[-97.71897307111179,32.72511259066303],[-97.71896615110445,32.72727939042866],[-97.71897313991965,32.72764021713216],[-97.71895443461175,32.72880405285361],[-97.71948173485808,32.728936217026245],[-97.71962709059275,32.72897148906049],[-97.71979259466693,32.72902693264684],[-97.71994601723546,32.729108069412376],[-97.72004421058082,32.72930625666238],[-97.72049817768928,32.730174008834275],[-97.72074631179078,32.73067635302291],[-97.72115977089413,32.73068968196281],[-97.72249206847297,32.73070995407323],[-97.72340667313681,32.7307109231383],[-97.72340710201082,32.73068482201551],[-97.72344874938236,32.72810179761101],[-97.72346517161134,32.72708662399072],[-97.72476038989517,32.72710064770449],[-97.72707618880689,32.72712562663711],[-97.7277593716699,32.72713303450066],[-97.72779253931034,32.72713340562396],[-97.72782396408124,32.726470200892074],[-97.72781825049087,32.726319684124654],[-97.72770725787831,32.72339585720131],[-97.72769723473468,32.723587442575294],[-97.71918256038414,32.7235642455216]]]},"properties":{"parcel_id":"39901","state_cd":"","legal_desc":"TR:, BLK:, SURV: JOHN A DIXON","situs_street":"ANNETTA CENTERPOINT RD","legal_acreage":109.375,"imprv_sqft":0.0,"imprv_val":0.0,"total_val":2515630.0,"ite_code":null,"ite_land_use":"","units":0.0,"daily_trips":0.0,"am_peak_trips":0.0,"pm_peak_trips":0.0,"classification":"Vacant","access_road":"","access_segment_id":"","snap_distance_m":null,"notes":"Heuristic (stopgap): no improvement value","soil_musym":"WnD3","soil_muname":"Windthorst and Duffau sandy clay loams, 1 to 8 percent slopes, severely eroded","soil_clay_pct":23.9,"soil_ksat_um_per_s":null}},{"type":"Feature","geometry":{"type":"Polygon","coordinates":[[[-97.69637548725801,32.71972199176374],[-97.69627748662296,32.72146955156593],[-97.69628872919614,32.72148016592686],[-97.69722863815228,32.721220068139786],[-97.69705938595168,32.72073936247644],[-97.69704061123633,32.72047438047707],[-97.69735113747875,32.720315321698216],[-97.69736290409261,32.719950319612714],[-97.69706851908289,32.71970423739],[-97.69637548725801,32.71972199176374]]]},"properties":{"parcel_id":"0","state_cd":"","legal_desc":"","situs_street":", ,","legal_acreage":0.0,"imprv_sqft":0.0,"imprv_val":0.0,"total_val":0.0,"ite_code":null,"ite_land_use":"","units":0.0,"daily_trips":0.0,"am_peak_trips":0.0,"pm_peak_trips":0.0,"classification":"Vacant","access_road":"","access_segment_id":"","snap_distance_m":null,"notes":"Heuristic (stopgap): no improvement value","soil_musym":"ALE","soil_muname":"Aledo-Bolar association, 1 to 8 percent slopes","soil_clay_pct":30,"soil_ksat_um_per_s":null}},{"type":"Feature","geometry":{"type":"Polygon","coordinates":[[[-97.72476038989517,32.72710064770449],[-97.72346517161134,32.72708662399072],[-97.72344874938236,32.72810179761101],[-97.72451860720037,32.72764384441852],[-97.72474184824561,32.72714225845341],[-97.72476038989517,32.72710064770449]]]},"properties":{"parcel_id":"39902","state_cd":"","legal_desc":"TR:, BLK:, SURV: JOHN A DIXON","situs_street":"ANNETTA CENTERPOINT RD","legal_acreage":1.25,"imprv_sqft":0.0,"imprv_val":0.0,"total_val":28750.0,"ite_code":null,"ite_land_use":"","units":0.0,"daily_trips":0.0,"am_peak_trips":0.0,"pm_peak_trips":0.0,"classification":"Vacant","access_road":"","access_segment_id":"","snap_distance_m":null,"notes":"Heuristic (stopgap): no improvement value","soil_musym":"KtC","soil_muname":"Keeter very fine sandy loam, 1 to 6 percent slopes","soil_clay_pct":7,"soil_ksat_um_per_s":null}},{"type":"Feature","geometry":{"type":"Polygon","coordinates":[[[-97.63273553274719,32.71267794232999],[-97.63290893572938,32.712784537062824],[-97.63296311246565,32.71271722955642],[-97.63341873986253,32.71267782799786],[-97.63344374135016,32.712801397776154],[-97.63373700781165,32.71278545520048],[-97.63460225032135,32.71273841387519],[-97.63543514104296,32.71269313813615],[-97.63596189632497,32.712832403005564],[-97.63613764286337,32.71287889770057],[-97.63627323447565,32.712784868412626],[-97.63660478411185,32.71240761253918],[-97.63690827862361,32.71231397890402],[-97.6370578211014,32.712182798431634],[-97.63685667332047,32.7121103438444],[-97.63700045706084,32.712012878719925],[-97.63692211296443,32.711874067713836],[-97.63710868311772,32.71174680045448],[-97.63703245943141,32.71165742913554],[-97.6368010700367,32.71169576211],[-97.63683506586611,32.71160690827511],[-97.63696914848637,32.71157424935867],[-97.63700162913044,32.711417131269855],[-97.6371913121668,32.711163576239834],[-97.63733548473807,32.71161508383771],[-97.63750781814423,32.71179195927453],[-97.63748523084536,32.71179754726705],[-97.63752300711852,32.71183364531748],[-97.64043824174543,32.711824987233065],[-97.64178519057177,32.711763072120554],[-97.64217964435177,32.71113016345993],[-97.64216369057819,32.71091343033603],[-97.64215049319368,32.71073415104537],[-97.64214112008851,32.71057342842464],[-97.64221123581068,32.710214577440304],[-97.64239188533116,32.70996091072865],[-97.64241787254474,32.709970351163534],[-97.64246676603392,32.709904518206244],[-97.64345729562035,32.70969799097191],[-97.64468650740142,32.709658312175236],[-97.64498086874612,32.70942073148863],[-97.64495418252561,32.70939967729239],[-97.64493044271123,32.70936598142173],[-97.64483590105282,32.7094014416908],[-97.64473884536388,32.70943166288504],[-97.64463968330482,32.70945651793862],[-97.644538828712,32.70947590327743],[-97.6444367026726,32.70948973792479],[-97.64433373353316,32.70949796259955],[-97.64423034938014,32.70950054507585],[-97.64412698557602,32.70949747301986],[-97.6433375550475,32.70955381947423],[-97.64246509082852,32.709734756298964],[-97.64249844929753,32.70919551002599],[-97.63984747004244,32.709201412614064],[-97.6348562354879,32.70918923781173],[-97.63407360191954,32.709196099144904],[-97.63406245435179,32.70974623390487],[-97.63266475284811,32.71031374631592],[-97.63267018570457,32.71049518388798],[-97.63270129877971,32.71153428562084],[-97.63273553274719,32.71267794232999]]]},"properties":{"parcel_id":"48129","state_cd":"","legal_desc":"","situs_street":"JENKINS RD","legal_acreage":1.0,"imprv_sqft":0.0,"imprv_val":104510.0,"total_val":132720.0,"ite_code":210,"ite_land_use":"Single-Family Detached","units":1.0,"daily_trips":9.4,"am_peak_trips":0.7,"pm_peak_trips":0.9,"classification":"Residential","access_road":"","access_segment_id":"","snap_distance_m":null,"notes":"Heuristic (stopgap): default single-family \u2014 awaits real state_cd from Parker CAD | No road within snap distance","soil_musym":"FriA","soil_muname":"Frio silty clay, 0 to 1 percent slopes, occasionally flooded","soil_clay_pct":44,"soil_ksat_um_per_s":null}},{"type":"Feature","geometry":{"type":"Polygon","coordinates":[[[-97.66282574327957,32.723111154037575],[-97.66286231552975,32.72432272282156],[-97.66506742394147,32.72433193480076],[-97.66505853808108,32.723129123121545],[-97.66282574327957,32.723111154037575]]]},"properties":{"parcel_id":"63183","state_cd":"","legal_desc":"TR:, BLK:, SURV: I & G N R R CO","situs_street":"QUAIL RIDGE RD","legal_acreage":5.28,"imprv_sqft":0.0,"imprv_val":413690.0,"total_val":643900.0,"ite_code":210,"ite_land_use":"Single-Family Detached","units":1.0,"daily_trips":9.4,"am_peak_trips":0.7,"pm_peak_trips":0.9,"classification":"Residential","access_road":"Unknown","access_segment_id":"","snap_distance_m":132.9,"notes":"Heuristic (stopgap): default single-family \u2014 awaits real state_cd from Parker CAD","soil_musym":"BsE","soil_muname":"Brackett-Maloterre complex, 2 to 12 percent slopes","soil_clay_pct":28.7,"soil_ksat_um_per_s":null}},{"type":"Feature","geometry":{"type":"Polygon","coordinates":[[[-97.64154220722425,32.70335726590549],[-97.64282388756769,32.70405785851142],[-97.6439213461004,32.704677057411935],[-97.64445050196919,32.70497224260004],[-97.64445054207482,32.704427908074514],[-97.64444672418452,32.70322457459844],[-97.64390854020945,32.7032603676311],[-97.64391815266237,32.70258852713575],[-97.6438911191398,32.700206434013324],[-97.6427461129506,32.700325198215964],[-97.63987601637233,32.70064024193768],[-97.638264618501,32.700775764447116],[-97.63826652351418,32.700888011837954],[-97.63831065348293,32.701284418899014],[-97.63820577680748,32.70162252418563],[-97.6380913713148,32.7018512357664],[-97.63853830349733,32.70185433537996],[-97.63951355515644,32.701861097078464],[-97.63950875264038,32.701643703865386],[-97.64037023535693,32.70164966726434],[-97.64036259604208,32.70243899885348],[-97.63950802791338,32.70243163046503],[-97.63853090871474,32.70243058616469],[-97.6377949387782,32.702425481117785],[-97.6365788149481,32.70241634151089],[-97.63659261416595,32.702526499935125],[-97.63739725657409,32.70253224851298],[-97.63828265004354,32.70253856728734],[-97.63903780709656,32.70254395210285],[-97.63956325844991,32.70254769578656],[-97.63971112963735,32.70254874949826],[-97.64024807227092,32.70278783688454],[-97.64126689704545,32.703206773069454],[-97.64154220722425,32.70335726590549]],[[-97.64187480056957,32.701826224476996],[-97.64209150465604,32.70182772098925],[-97.64208427832598,32.70257587792566],[-97.64066137449912,32.70256604655155],[-97.64066402635244,32.70229195073809],[-97.64187480056957,32.701826224476996]]]},"properties":{"parcel_id":"38817","state_cd":"","legal_desc":"","situs_street":"UNDERWOOD RD","legal_acreage":2.0,"imprv_sqft":0.0,"imprv_val":340990.0,"total_val":400190.0,"ite_code":210,"ite_land_use":"Single-Family Detached","units":1.0,"daily_trips":9.4,"am_peak_trips":0.7,"pm_peak_trips":0.9,"classification":"Residential","access_road":"Unknown","access_segment_id":"","snap_distance_m":39.6,"notes":"Heuristic (stopgap): default single-family \u2014 awaits real state_cd from Parker CAD","soil_musym":"BsE","soil_muname":"Brackett-Maloterre complex, 2 to 12 percent slopes","soil_clay_pct":28.7,"soil_ksat_um_per_s":null}},{"type":"Feature","geometry":{"type":"Polygon","coordinates":[[[-97.63937356529463,32.714159287142564],[-97.63919217632409,32.71419459887628],[-97.63931739082457,32.714338478563846],[-97.6393836797103,32.714393299275166],[-97.6400788503513,32.71452235858317],[-97.6413198135978,32.715255286159994],[-97.64141208727607,32.71530977397948],[-97.64160245766746,32.71568097302294],[-97.64156624147489,32.71619156640395],[-97.64174553440927,32.716393662560954],[-97.64217578909624,32.71687858712125],[-97.64217763907916,32.71688067233779],[-97.65200319874279,32.71466965757082],[-97.65201083498651,32.713489281044495],[-97.65220588677826,32.71349487769602],[-97.65220591666079,32.71349018288359],[-97.65225794870034,32.71300055798285],[-97.65221672408109,32.712928642107926],[-97.65216485145429,32.7128888693537],[-97.65202309170938,32.71286445492301],[-97.6519915540494,32.71286421264665],[-97.6519359912003,32.71286369546971],[-97.65186306521613,32.71286311567313],[-97.65181565361937,32.71287386944984],[-97.65164689401688,32.71288811104762],[-97.65139581659454,32.7129251003274],[-97.65111033174296,32.71292199601089],[-97.6509190923563,32.712883085092045],[-97.65086215645583,32.71285993070438],[-97.65084896918155,32.71285456748774],[-97.65068961446886,32.712789788162716],[-97.65066322382908,32.712777848596446],[-97.64904749078168,32.71279369834644],[-97.64824907913452,32.71280152233025],[-97.64701480177754,32.712813608047064],[-97.64659770311381,32.71281938390045],[-97.63937356529463,32.714159287142564]]]},"properties":{"parcel_id":"94113","state_cd":"","legal_desc":"TR:   (INCL .429 AC A-832, BLK:, SURV: B T YARBROUGH","situs_street":"QUAIL RIDGE RD","legal_acreage":21.542,"imprv_sqft":0.0,"imprv_val":0.0,"total_val":737360.0,"ite_code":null,"ite_land_use":"","units":0.0,"daily_trips":0.0,"am_peak_trips":0.0,"pm_peak_trips":0.0,"classification":"Vacant","access_road":"","access_segment_id":"","snap_distance_m":null,"notes":"Heuristic (stopgap): no improvement value","soil_musym":"SdC","soil_muname":"Selden loamy fine sand, 1 to 5 percent slopes","soil_clay_pct":9,"soil_ksat_um_per_s":null}},{"type":"Feature","geometry":{"type":"Polygon","coordinates":[[[-97.6450330724416,32.70946191734806],[-97.64498086874612,32.70942073148863],[-97.64468650740142,32.709658312175236],[-97.64345729562035,32.70969799097191],[-97.64246676603392,32.709904518206244],[-97.64241787254474,32.709970351163534],[-97.64239188533116,32.70996091072865],[-97.64221123581068,32.710214577440304],[-97.64214112008851,32.71057342842464],[-97.64215049319368,32.71073415104537],[-97.64216369057819,32.71091343033603],[-97.64329647465858,32.71125494815345],[-97.6433410149987,32.71113280412343],[-97.64358980793803,32.71069348209423],[-97.64384251245008,32.710385712024035],[-97.64391953427511,32.71033831578919],[-97.64390488182387,32.71029103827377],[-97.64393504488149,32.710262368011435],[-97.64405955250295,32.71019103280963],[-97.64420151977288,32.71008011027392],[-97.64427930637798,32.70998318418798],[-97.64447729602934,32.70981850289366],[-97.64471756076024,32.70969742803492],[-97.64487646456512,32.70960105989649],[-97.6450330724416,32.70946191734806]]]},"properties":{"parcel_id":"46336","state_cd":"","legal_desc":"TR:, BLK:, SURV: J. D. LOVE","situs_street":"QUAIL RIDGE RD","legal_acreage":5.714,"imprv_sqft":0.0,"imprv_val":0.0,"total_val":236730.0,"ite_code":null,"ite_land_use":"","units":0.0,"daily_trips":0.0,"am_peak_trips":0.0,"pm_peak_trips":0.0,"classification":"Vacant","access_road":"","access_segment_id":"","snap_distance_m":null,"notes":"Heuristic (stopgap): no improvement value","soil_musym":"BsE","soil_muname":"Brackett-Maloterre complex, 2 to 12 percent slopes","soil_clay_pct":28.7,"soil_ksat_um_per_s":null}},{"type":"Feature","geometry":{"type":"Polygon","coordinates":[[[-97.64888354864136,32.71064042654194],[-97.64836834775541,32.7101170481716],[-97.64833884753807,32.71020645897029],[-97.64769688365077,32.71018739596634],[-97.64746608952237,32.710416319551534],[-97.6482452862783,32.71112512502476],[-97.64888354864136,32.71064042654194]]]},"properties":{"parcel_id":"0","state_cd":"","legal_desc":"","situs_street":", ,","legal_acreage":0.0,"imprv_sqft":0.0,"imprv_val":0.0,"total_val":0.0,"ite_code":null,"ite_land_use":"","units":0.0,"daily_trips":0.0,"am_peak_trips":0.0,"pm_peak_trips":0.0,"classification":"Vacant","access_road":"","access_segment_id":"","snap_distance_m":null,"notes":"Heuristic (stopgap): no improvement value","soil_musym":"BsE","soil_muname":"Brackett-Maloterre complex, 2 to 12 percent slopes","soil_clay_pct":28.7,"soil_ksat_um_per_s":null}},{"type":"Feature","geometry":{"type":"Polygon","coordinates":[[[-97.7024585134509,32.717902675190885],[-97.70085713769771,32.71841230844254],[-97.70089811325855,32.71845940107025],[-97.70094295164834,32.71850390768483],[-97.70099142660916,32.718545601366486],[-97.70118889875012,32.718715093571596],[-97.70125369126626,32.71877717359791],[-97.70131185762317,32.71884377793927],[-97.70136295854682,32.718914402356845],[-97.70140660837292,32.71898851229329],[-97.70144020840075,32.71905980610958],[-97.70148132348892,32.71912822893787],[-97.70152961415002,32.71919321493707],[-97.70158468086956,32.7192542294443],[-97.70164606945578,32.71931076720594],[-97.70171327520907,32.719362363226566],[-97.70178574080468,32.71940859095244],[-97.70186287117097,32.71944906868016],[-97.70194402811505,32.719483464031654],[-97.7020285420821,32.719511491324695],[-97.70215367307658,32.7195647892595],[-97.7024579522849,32.71927838427991],[-97.70245814359652,32.71927822678327],[-97.7024579484412,32.71927821831601],[-97.70245449325962,32.71927806537416],[-97.70245148786226,32.71901543557405],[-97.70245526217748,32.71844514297696],[-97.7024588526019,32.71790256734259],[-97.7024585134509,32.717902675190885]]]},"properties":{"parcel_id":"32678","state_cd":"","legal_desc":"","situs_street":"WEST HILL DR","legal_acreage":4.427,"imprv_sqft":0.0,"imprv_val":875530.0,"total_val":1110160.0,"ite_code":210,"ite_land_use":"Single-Family Detached","units":1.0,"daily_trips":9.4,"am_peak_trips":0.7,"pm_peak_trips":0.9,"classification":"Residential","access_road":"Unknown","access_segment_id":"","snap_distance_m":72.6,"notes":"Heuristic (stopgap): default single-family \u2014 awaits real state_cd from Parker CAD","soil_musym":"KtC","soil_muname":"Keeter very fine sandy loam, 1 to 6 percent slopes","soil_clay_pct":7,"soil_ksat_um_per_s":null}},{"type":"Feature","geometry":{"type":"Polygon","coordinates":[[[-97.65979015357593,32.71923666326854],[-97.65975006074622,32.719605914706705],[-97.65947698103874,32.72014755306399],[-97.65946661055682,32.720688090178136],[-97.66052379209353,32.72026367648385],[-97.66087658410498,32.7194646912068],[-97.6608991123515,32.7194136878986],[-97.66133432591825,32.71682098498194],[-97.66162137000913,32.716625912641476],[-97.66226021790611,32.71619178214242],[-97.66258931593826,32.71531231205034],[-97.6617219564084,32.715253411954414],[-97.6616309521664,32.71524836995078],[-97.66113638258359,32.71513928718835],[-97.66112079203171,32.71575371093568],[-97.66088457719,32.71574862505116],[-97.66005600929772,32.715731716351954],[-97.6600520630575,32.71579343009014],[-97.65989908268864,32.71765848584739],[-97.65979015357593,32.71923666326854]]]},"properties":{"parcel_id":"63165","state_cd":"","legal_desc":"","situs_street":"QUAIL RIDGE RD","legal_acreage":1.0,"imprv_sqft":0.0,"imprv_val":0.0,"total_val":26360.0,"ite_code":820,"ite_land_use":"Shopping Center/Retail","units":10.89,"daily_trips":411.1,"am_peak_trips":12.3,"pm_peak_trips":37.0,"classification":"Commercial","access_road":"Unknown","access_segment_id":"","snap_distance_m":137.5,"notes":"Heuristic (stopgap): business + commercial function","soil_musym":"BsE","soil_muname":"Brackett-Maloterre complex, 2 to 12 percent slopes","soil_clay_pct":28.7,"soil_ksat_um_per_s":null}},{"type":"Feature","geometry":{"type":"Polygon","coordinates":[[[-97.6618429110476,32.725936291300656],[-97.66182528795663,32.725988817698365],[-97.66182476760997,32.72599036716751],[-97.66182155808747,32.72599683340066],[-97.66179654643092,32.72604722309238],[-97.6617928768484,32.72605461602488],[-97.66178345122871,32.726068676261185],[-97.6617676765753,32.72609220634448],[-97.66176168681274,32.72610114111499],[-97.66175237750419,32.726112033949],[-97.66172792340498,32.726140650516214],[-97.66171937249891,32.72615065743955],[-97.66189008120728,32.72637709435969],[-97.66202997085873,32.72646690734129],[-97.66269704681243,32.72665091123167],[-97.66270036854195,32.72593610540985],[-97.6618429110476,32.725936291300656]]]},"properties":{"parcel_id":"71239","state_cd":"","legal_desc":"","situs_street":"QUAIL BLUFF LN","legal_acreage":1.358,"imprv_sqft":0.0,"imprv_val":679230.0,"total_val":779230.0,"ite_code":210,"ite_land_use":"Single-Family Detached","units":1.0,"daily_trips":9.4,"am_peak_trips":0.7,"pm_peak_trips":0.9,"classification":"Residential","access_road":"Unknown","access_segment_id":"","snap_distance_m":50.2,"notes":"Heuristic (stopgap): default single-family \u2014 awaits real state_cd from Parker CAD","soil_musym":"PcB","soil_muname":"Purves clay, 1 to 3 percent slopes","soil_clay_pct":47.5,"soil_ksat_um_per_s":null}},{"type":"Feature","geometry":{"type":"Polygon","coordinates":[[[-97.66703601938129,32.723144977659054],[-97.66703603369483,32.72183307007061],[-97.66699356921316,32.72183259334684],[-97.6651219489686,32.721811485252324],[-97.66293695059764,32.721786781184],[-97.66287790428471,32.721786136351184],[-97.66282693989751,32.72178556487317],[-97.66282574327957,32.723111154037575],[-97.66505853808108,32.723129123121545],[-97.66700971347555,32.723144828395704],[-97.66703601938129,32.723144977659054]]]},"properties":{"parcel_id":"63153","state_cd":"","legal_desc":"TR:, BLK:, SURV: I & G N R R CO","situs_street":"QUAIL RIDGE RD","legal_acreage":2.0,"imprv_sqft":0.0,"imprv_val":1580000.0,"total_val":1700000.0,"ite_code":210,"ite_land_use":"Single-Family Detached","units":1.0,"daily_trips":9.4,"am_peak_trips":0.7,"pm_peak_trips":0.9,"classification":"Residential","access_road":"Unknown","access_segment_id":"","snap_distance_m":242.0,"notes":"Heuristic (stopgap): default single-family \u2014 awaits real state_cd from Parker CAD","soil_musym":"BsE","soil_muname":"Brackett-Maloterre complex, 2 to 12 percent slopes","soil_clay_pct":28.7,"soil_ksat_um_per_s":null}},{"type":"Feature","geometry":{"type":"Polygon","coordinates":[[[-97.66711961334993,32.72543986641485],[-97.66619427184492,32.72544235001106],[-97.66620408516428,32.7258840279735],[-97.66712079618776,32.725888422529046],[-97.66711961334993,32.72543986641485]]]},"properties":{"parcel_id":"87114","state_cd":"","legal_desc":"","situs_street":"QUAIL RIDGE RD","legal_acreage":0.82,"imprv_sqft":0.0,"imprv_val":0.0,"total_val":65600.0,"ite_code":null,"ite_land_use":"","units":0.0,"daily_trips":0.0,"am_peak_trips":0.0,"pm_peak_trips":0.0,"classification":"Vacant","access_road":"","access_segment_id":"","snap_distance_m":null,"notes":"Heuristic (stopgap): no improvement value","soil_musym":"DwD","soil_muname":"Duffau-Weatherford complex, 3 to 8 percent slopes","soil_clay_pct":9.2,"soil_ksat_um_per_s":null}},{"type":"Feature","geometry":{"type":"Polygon","coordinates":[[[-97.65501903021668,32.715504364463946],[-97.6560874437555,32.71552009412317],[-97.65609195387051,32.71563890068002],[-97.65815407023267,32.71566452607296],[-97.6580688837016,32.7152481227781],[-97.65803258725708,32.715086077443395],[-97.65791806031532,32.714518870426424],[-97.65653915283445,32.71446968035039],[-97.65653719954317,32.714082055129445],[-97.65653160850421,32.71205588105951],[-97.6550322232436,32.712047734309245],[-97.65501903021668,32.715504364463946]]]},"properties":{"parcel_id":"36870","state_cd":"","legal_desc":"TR:, BLK:, SURV: A L BURGESS","situs_street":"QUAIL RIDGE RD","legal_acreage":19.0,"imprv_sqft":0.0,"imprv_val":147270.0,"total_val":796000.0,"ite_code":210,"ite_land_use":"Single-Family Detached","units":1.0,"daily_trips":9.4,"am_peak_trips":0.7,"pm_peak_trips":0.9,"classification":"Residential","access_road":"Unknown","access_segment_id":"","snap_distance_m":171.5,"notes":"Heuristic (stopgap): default single-family \u2014 awaits real state_cd from Parker CAD","soil_musym":"VeD","soil_muname":"Venus clay loam, 5 to 8 percent slopes","soil_clay_pct":24,"soil_ksat_um_per_s":null}},{"type":"Feature","geometry":{"type":"Polygon","coordinates":[[[-97.64217763907916,32.71688067233779],[-97.64220660452555,32.716913325273204],[-97.64222903929817,32.71724006893835],[-97.6422464550539,32.717271663634676],[-97.64226943887466,32.717313386632476],[-97.64233096853084,32.71742508578436],[-97.64235098534748,32.717461422295074],[-97.64239739786768,32.717786820801976],[-97.64240734359973,32.717839102809144],[-97.6424092299927,32.71784901991795],[-97.64241830753447,32.71784714990325],[-97.65027784272758,32.71622794239377],[-97.65043204906614,32.71652941104786],[-97.65165265325702,32.71672878995307],[-97.65222056840358,32.71565796797055],[-97.65222922131105,32.71491290562054],[-97.65224115025279,32.713885655073454],[-97.65220591666079,32.71349018288359],[-97.65220588677826,32.71349487769602],[-97.65201083498651,32.713489281044495],[-97.65200319874279,32.71466965757082],[-97.64217763907916,32.71688067233779]]]},"properties":{"parcel_id":"60384","state_cd":"","legal_desc":"","situs_street":"QUAIL RIDGE RD","legal_acreage":13.5,"imprv_sqft":0.0,"imprv_val":0.0,"total_val":404440.0,"ite_code":null,"ite_land_use":"","units":0.0,"daily_trips":0.0,"am_peak_trips":0.0,"pm_peak_trips":0.0,"classification":"Vacant","access_road":"","access_segment_id":"","snap_distance_m":null,"notes":"Heuristic (stopgap): no improvement value","soil_musym":"KcB","soil_muname":"Krum clay, 1 to 3 percent slopes","soil_clay_pct":43,"soil_ksat_um_per_s":null}},{"type":"Feature","geometry":{"type":"Polygon","coordinates":[[[-97.63937356529463,32.714159287142564],[-97.63919217632409,32.71419459887628],[-97.63931739082457,32.714338478563846],[-97.6393836797103,32.714393299275166],[-97.6400788503513,32.71452235858317],[-97.6413198135978,32.715255286159994],[-97.64141208727607,32.71530977397948],[-97.64160245766746,32.71568097302294],[-97.64156624147489,32.71619156640395],[-97.64174553440927,32.716393662560954],[-97.64217578909624,32.71687858712125],[-97.64217763907916,32.71688067233779],[-97.65200319874279,32.71466965757082],[-97.65201083498651,32.713489281044495],[-97.65220588677826,32.71349487769602],[-97.65220591666079,32.71349018288359],[-97.65225794870034,32.71300055798285],[-97.65221672408109,32.712928642107926],[-97.65216485145429,32.7128888693537],[-97.65202309170938,32.71286445492301],[-97.6519915540494,32.71286421264665],[-97.6519359912003,32.71286369546971],[-97.65186306521613,32.71286311567313],[-97.65181565361937,32.71287386944984],[-97.65164689401688,32.71288811104762],[-97.65139581659454,32.7129251003274],[-97.65111033174296,32.71292199601089],[-97.6509190923563,32.712883085092045],[-97.65086215645583,32.71285993070438],[-97.65084896918155,32.71285456748774],[-97.65068961446886,32.712789788162716],[-97.65066322382908,32.712777848596446],[-97.64904749078168,32.71279369834644],[-97.64824907913452,32.71280152233025],[-97.64701480177754,32.712813608047064],[-97.64659770311381,32.71281938390045],[-97.63937356529463,32.714159287142564]]]},"properties":{"parcel_id":"59427","state_cd":"","legal_desc":"TR:, BLK:, SURV: WILSON WOODS","situs_street":"JENKINS RD","legal_acreage":5.241,"imprv_sqft":0.0,"imprv_val":0.0,"total_val":229530.0,"ite_code":null,"ite_land_use":"","units":0.0,"daily_trips":0.0,"am_peak_trips":0.0,"pm_peak_trips":0.0,"classification":"Vacant","access_road":"","access_segment_id":"","snap_distance_m":null,"notes":"Heuristic (stopgap): no improvement value","soil_musym":"SdC","soil_muname":"Selden loamy fine sand, 1 to 5 percent slopes","soil_clay_pct":9,"soil_ksat_um_per_s":null}},{"type":"Feature","geometry":{"type":"Polygon","coordinates":[[[-97.71503817513694,32.7356466170629],[-97.71529539770081,32.73564924860729],[-97.71711511824576,32.73566785367098],[-97.71721907288666,32.73559294309175],[-97.71801115125314,32.7355292636173],[-97.71871040382806,32.735645455042274],[-97.7195993263732,32.73566809960136],[-97.71979266277836,32.73374496032012],[-97.71982285523676,32.7333995650522],[-97.71997976387293,32.73160453137266],[-97.71953050137134,32.73155804205958],[-97.71847823833943,32.73137849994578],[-97.71714725801596,32.731207866946484],[-97.716549897593,32.73108002479443],[-97.71570522006634,32.73082654032466],[-97.71472385067929,32.73046765128099],[-97.7127202241336,32.73418154237378],[-97.71314361688688,32.7345252144246],[-97.71503817513694,32.7356466170629]]]},"properties":{"parcel_id":"52639","state_cd":"","legal_desc":"","situs_street":"0   , , TX 000000","legal_acreage":72.097,"imprv_sqft":0.0,"imprv_val":0.0,"total_val":1923510.0,"ite_code":null,"ite_land_use":"","units":0.0,"daily_trips":0.0,"am_peak_trips":0.0,"pm_peak_trips":0.0,"classification":"Vacant","access_road":"","access_segment_id":"","snap_distance_m":null,"notes":"Heuristic (stopgap): no improvement value","soil_musym":"WoB2","soil_muname":"Windthorst fine sandy loam, 1 to 5 percent slopes, moderately eroded","soil_clay_pct":12,"soil_ksat_um_per_s":null}},{"type":"Feature","geometry":{"type":"Polygon","coordinates":[[[-97.64237812720476,32.706581839781514],[-97.64271487191638,32.70692496031659],[-97.64282779365927,32.70718664493986],[-97.64314135796401,32.70791328752099],[-97.6436792381162,32.70915972319718],[-97.64393066741377,32.70914855384676],[-97.64356442040811,32.70830153233937],[-97.64378702605447,32.70798981405886],[-97.644226268539,32.708058316879374],[-97.64428421446011,32.70806427314108],[-97.64434077538345,32.70807647325216],[-97.64439501455574,32.70809471596482],[-97.64444603140231,32.70811869837325],[-97.64449298065635,32.70814802325944],[-97.64453508509713,32.70818220549396],[-97.64457164723926,32.70822067662489],[-97.64460205984278,32.70826280118325],[-97.64462581975361,32.7083078794831],[-97.64464253200545,32.708355164784805],[-97.64465192039142,32.70840387328787],[-97.64465383052588,32.70845319858093],[-97.64464822868327,32.708502321554406],[-97.64471852957183,32.709033998412735],[-97.6447515606382,32.70911208500384],[-97.64488416296588,32.70910528141596],[-97.64495328859068,32.709101734868675],[-97.64495282378661,32.709100597145564],[-97.64493196607332,32.709049532577346],[-97.64490303899889,32.70897871070501],[-97.64487463308669,32.70892234452483],[-97.64485233567815,32.708864048937876],[-97.64483632785257,32.70880429325295],[-97.64482673932396,32.70874356355927],[-97.64482364748743,32.70868235099657],[-97.64482707742002,32.70862115175421],[-97.64483700195045,32.708560459857495],[-97.6448422051833,32.708521372602355],[-97.64484937748249,32.70846390300432],[-97.64484883197515,32.70840611514712],[-97.64484057648059,32.708348749501596],[-97.64482471703558,32.708292538194456],[-97.64480145368746,32.70823819866693],[-97.64477108696254,32.708186426504334],[-97.64473400306291,32.708137881806834],[-97.64469067496698,32.708093185590045],[-97.64504416384553,32.707601297429996],[-97.64649450407076,32.707105280256066],[-97.64650450430375,32.706203055523986],[-97.64650466166279,32.70618890029787],[-97.646534616349,32.706119073955165],[-97.64645542377322,32.706075319730004],[-97.64625457466616,32.70596434908231],[-97.64556852763988,32.70558529963542],[-97.64445050196919,32.70497224260004],[-97.6439213461004,32.704677057411935],[-97.64282388756769,32.70405785851142],[-97.64237812720476,32.706581839781514]]]},"properties":{"parcel_id":"35495","state_cd":"","legal_desc":"SURV: JACOB BROCKMAN","situs_street":"0   , , TX 000000","legal_acreage":3.035,"imprv_sqft":0.0,"imprv_val":0.0,"total_val":90080.0,"ite_code":null,"ite_land_use":"","units":0.0,"daily_trips":0.0,"am_peak_trips":0.0,"pm_peak_trips":0.0,"classification":"Vacant","access_road":"","access_segment_id":"","snap_distance_m":null,"notes":"Heuristic (stopgap): no improvement value","soil_musym":"BsE","soil_muname":"Brackett-Maloterre complex, 2 to 12 percent slopes","soil_clay_pct":28.7,"soil_ksat_um_per_s":null}},{"type":"Feature","geometry":{"type":"Polygon","coordinates":[[[-97.64838599447803,32.711466397114386],[-97.64701480177754,32.712813608047064],[-97.64824907913452,32.71280152233025],[-97.64830775642132,32.712583951591625],[-97.64827305669732,32.712428679856586],[-97.64830560243496,32.71229998293037],[-97.64847546754154,32.71217038460918],[-97.64874939165296,32.712110604828524],[-97.64886333379903,32.711929636920416],[-97.64865406906998,32.71172539048223],[-97.64838599447803,32.711466397114386]]]},"properties":{"parcel_id":"0","state_cd":"","legal_desc":"","situs_street":", ,","legal_acreage":0.0,"imprv_sqft":0.0,"imprv_val":0.0,"total_val":0.0,"ite_code":null,"ite_land_use":"","units":0.0,"daily_trips":0.0,"am_peak_trips":0.0,"pm_peak_trips":0.0,"classification":"Vacant","access_road":"","access_segment_id":"","snap_distance_m":null,"notes":"Heuristic (stopgap): no improvement value","soil_musym":"BsE","soil_muname":"Brackett-Maloterre complex, 2 to 12 percent slopes","soil_clay_pct":28.7,"soil_ksat_um_per_s":null}},{"type":"Feature","geometry":{"type":"Polygon","coordinates":[[[-97.72054170934881,32.730607633024114],[-97.72052628741228,32.730563381233964],[-97.72040019351165,32.730337733266964],[-97.71990379555194,32.72936348828623],[-97.71988710748924,32.7293306728355],[-97.71976558146507,32.72920057774804],[-97.7196404145928,32.729122165878316],[-97.71951643808607,32.72908229886203],[-97.71951618273658,32.72908221699456],[-97.71941662050023,32.729050225664075],[-97.71916156545383,32.72901269592641],[-97.71915905282465,32.729012326618374],[-97.71921514219596,32.73022685571863],[-97.71875192969341,32.730427305712546],[-97.7189297931676,32.73108733357178],[-97.71992220676064,32.73124622015175],[-97.71993382426737,32.73124801648652],[-97.71989497606776,32.73044325769174],[-97.72054170934881,32.730607633024114]]]},"properties":{"parcel_id":"52640","state_cd":"","legal_desc":"SURV: JOHN A DIXON","situs_street":"ANNETTA CENTERPOINT RD","legal_acreage":1.0,"imprv_sqft":0.0,"imprv_val":250110.0,"total_val":301860.0,"ite_code":210,"ite_land_use":"Single-Family Detached","units":1.0,"daily_trips":9.4,"am_peak_trips":0.7,"pm_peak_trips":0.9,"classification":"Residential","access_road":"Unknown","access_segment_id":"","snap_distance_m":83.4,"notes":"Heuristic (stopgap): default single-family \u2014 awaits real state_cd from Parker CAD","soil_musym":"WoB","soil_muname":"Windthorst very fine sandy loam, 1 to 5 percent slopes","soil_clay_pct":11,"soil_ksat_um_per_s":null}},{"type":"Feature","geometry":{"type":"Polygon","coordinates":[[[-97.65609081115379,32.716214943035965],[-97.6560957822907,32.71750521282754],[-97.65717191070607,32.71750689223079],[-97.65717290830904,32.71622914192369],[-97.65609081115379,32.716214943035965]]]},"properties":{"parcel_id":"63180","state_cd":"","legal_desc":"TR:, BLK:, SURV: I & G N R R CO","situs_street":"QUAIL RIDGE RD","legal_acreage":3.689,"imprv_sqft":0.0,"imprv_val":843790.0,"total_val":1033980.0,"ite_code":210,"ite_land_use":"Single-Family Detached","units":1.0,"daily_trips":9.4,"am_peak_trips":0.7,"pm_peak_trips":0.9,"classification":"Residential","access_road":"Unknown","access_segment_id":"","snap_distance_m":74.8,"notes":"Heuristic (stopgap): default single-family \u2014 awaits real state_cd from Parker CAD","soil_musym":"BsE","soil_muname":"Brackett-Maloterre complex, 2 to 12 percent slopes","soil_clay_pct":28.7,"soil_ksat_um_per_s":null}},{"type":"Feature","geometry":{"type":"Polygon","coordinates":[[[-97.72707156312924,32.727414224115414],[-97.72778024180931,32.72742184542163],[-97.72779253931034,32.72713340562396],[-97.7277593716699,32.72713303450066],[-97.72707618880689,32.72712562663711],[-97.72707553209801,32.72716748693621],[-97.72707156312924,32.727414224115414]]]},"properties":{"parcel_id":"39898","state_cd":"","legal_desc":"TR:, BLK:, SURV: JOHN A DIXON","situs_street":"BUCK DOBBS","legal_acreage":0.5,"imprv_sqft":0.0,"imprv_val":11720.0,"total_val":61720.0,"ite_code":210,"ite_land_use":"Single-Family Detached","units":1.0,"daily_trips":9.4,"am_peak_trips":0.7,"pm_peak_trips":0.9,"classification":"Residential","access_road":"Unknown","access_segment_id":"","snap_distance_m":43.8,"notes":"Heuristic (stopgap): default single-family \u2014 awaits real state_cd from Parker CAD","soil_musym":"DwD","soil_muname":"Duffau-Weatherford complex, 3 to 8 percent slopes","soil_clay_pct":9.2,"soil_ksat_um_per_s":null}},{"type":"Feature","geometry":{"type":"Polygon","coordinates":[[[-97.63752300711852,32.71183364531748],[-97.63768007159838,32.71198373154248],[-97.63763675697581,32.712416263095896],[-97.6379217117999,32.7126714910408],[-97.63838002032357,32.712764391035826],[-97.63838756714668,32.712860658840185],[-97.63843091595677,32.71341358038756],[-97.63892424937917,32.71395566205728],[-97.63911855854212,32.714003024257444],[-97.63918035592246,32.71418231949775],[-97.63919217632409,32.71419459887628],[-97.63937356529463,32.714159287142564],[-97.64659770311381,32.71281938390045],[-97.64656463993596,32.71229873123353],[-97.64651050763446,32.71144629828851],[-97.6459731810127,32.711489240990254],[-97.64660145933378,32.71000735398779],[-97.64648141397319,32.70993450789975],[-97.64644201328265,32.709915965816656],[-97.64620835590567,32.710476199066015],[-97.64582350295537,32.71088335643007],[-97.64594545798575,32.71110656961809],[-97.64577907838435,32.71150500942685],[-97.64544553075655,32.71153225062385],[-97.64540556771748,32.711827075694956],[-97.64534707970414,32.71187087028373],[-97.64517519932343,32.711889570119006],[-97.64442007919543,32.711614207474675],[-97.6442667395424,32.71162556821441],[-97.6436155265516,32.71165787722911],[-97.64178519057177,32.711763072120554],[-97.64043824174543,32.711824987233065],[-97.63752300711852,32.71183364531748]]]},"properties":{"parcel_id":"48127","state_cd":"","legal_desc":"SURV: THOMAS ROLSTON","situs_street":"QUAIL RIDGE RD","legal_acreage":5.54,"imprv_sqft":0.0,"imprv_val":0.0,"total_val":163920.0,"ite_code":null,"ite_land_use":"","units":0.0,"daily_trips":0.0,"am_peak_trips":0.0,"pm_peak_trips":0.0,"classification":"Vacant","access_road":"","access_segment_id":"","snap_distance_m":null,"notes":"Heuristic (stopgap): no improvement value","soil_musym":"BsE","soil_muname":"Brackett-Maloterre complex, 2 to 12 percent slopes","soil_clay_pct":28.7,"soil_ksat_um_per_s":null}},{"type":"Feature","geometry":{"type":"Polygon","coordinates":[[[-97.63177081912617,32.71769906957191],[-97.63212261706227,32.71788620749616],[-97.63447238034246,32.71559146444283],[-97.63399615824295,32.71519464578705],[-97.63122631934618,32.7174094205417],[-97.63177081912617,32.71769906957191]]]},"properties":{"parcel_id":"49692","state_cd":"","legal_desc":"TR:, BLK:, SURV: JAMES S OXER","situs_street":"JENKINS RD","legal_acreage":6.789,"imprv_sqft":0.0,"imprv_val":1044750.0,"total_val":1312290.0,"ite_code":210,"ite_land_use":"Single-Family Detached","units":1.0,"daily_trips":9.4,"am_peak_trips":0.7,"pm_peak_trips":0.9,"classification":"Residential","access_road":"Unknown","access_segment_id":"","snap_distance_m":211.6,"notes":"Heuristic (stopgap): default single-family \u2014 awaits real state_cd from Parker CAD","soil_musym":"BsE","soil_muname":"Brackett-Maloterre complex, 2 to 12 percent slopes","soil_clay_pct":28.7,"soil_ksat_um_per_s":null}},{"type":"Feature","geometry":{"type":"Polygon","coordinates":[[[-97.69886982475762,32.72196991811736],[-97.69844533378334,32.7219704149456],[-97.69830302156689,32.72197043759297],[-97.69811315336047,32.72198407228427],[-97.69755878645462,32.722058747852884],[-97.69698363836778,32.7221362194718],[-97.69722151370333,32.72235654808505],[-97.69764206904145,32.72254824626096],[-97.69833958061564,32.72282953875837],[-97.69895577030731,32.72311412156569],[-97.69945910913943,32.72339224679091],[-97.69967035725215,32.72350623320352],[-97.69973797402145,32.723565839479264],[-97.69975301686621,32.72197212731241],[-97.69966234837737,32.721968985806],[-97.69886982475762,32.72196991811736]]]},"properties":{"parcel_id":"41183","state_cd":"","legal_desc":"TR:, BLK:, SURV: HIRAM FRANKLIN","situs_street":"0   , , TX 000000","legal_acreage":4.53,"imprv_sqft":0.0,"imprv_val":0.0,"total_val":191850.0,"ite_code":null,"ite_land_use":"","units":0.0,"daily_trips":0.0,"am_peak_trips":0.0,"pm_peak_trips":0.0,"classification":"Vacant","access_road":"","access_segment_id":"","snap_distance_m":null,"notes":"Heuristic (stopgap): no improvement value","soil_musym":"ALE","soil_muname":"Aledo-Bolar association, 1 to 8 percent slopes","soil_clay_pct":30,"soil_ksat_um_per_s":null}},{"type":"Feature","geometry":{"type":"Polygon","coordinates":[[[-97.65366835152383,32.72162929660773],[-97.65455506242652,32.72166213410792],[-97.65455271443221,32.72109632754217],[-97.65454788667077,32.71993329311827],[-97.65449531163421,32.71991689337689],[-97.65434973979622,32.71990974686118],[-97.65421592381023,32.7198916000965],[-97.6540240088182,32.71985705352137],[-97.65385695629571,32.719811594944936],[-97.65373363972171,32.719761508999554],[-97.65364554652135,32.71972382603288],[-97.65366067140293,32.71980406804336],[-97.65366874682424,32.719807603266624],[-97.65367229682964,32.72157433067179],[-97.65366835152383,32.72162929660773]]]},"properties":{"parcel_id":"60394","state_cd":"","legal_desc":"TR:, BLK:, SURV: B T YARBROUGH","situs_street":"QUAIL RIDGE RD","legal_acreage":1.0,"imprv_sqft":0.0,"imprv_val":390640.0,"total_val":440640.0,"ite_code":210,"ite_land_use":"Single-Family Detached","units":1.0,"daily_trips":9.4,"am_peak_trips":0.7,"pm_peak_trips":0.9,"classification":"Residential","access_road":"Unknown","access_segment_id":"","snap_distance_m":106.3,"notes":"Heuristic (stopgap): default single-family \u2014 awaits real state_cd from Parker CAD","soil_musym":"BsE","soil_muname":"Brackett-Maloterre complex, 2 to 12 percent slopes","soil_clay_pct":28.7,"soil_ksat_um_per_s":null}},{"type":"Feature","geometry":{"type":"Polygon","coordinates":[[[-97.71793244643516,32.72843946590346],[-97.71880569677823,32.72852384916825],[-97.7188107863556,32.72816654162352],[-97.71793240977551,32.728078632377326],[-97.7179317414295,32.72831696517159],[-97.71793244643516,32.72843946590346]]]},"properties":{"parcel_id":"9086","state_cd":"","legal_desc":"LOT:  2, BLK:  1, ADDN: GLENVIEW ADDN","situs_street":"DIXON RD","legal_acreage":0.75,"imprv_sqft":0.0,"imprv_val":135090.0,"total_val":175090.0,"ite_code":210,"ite_land_use":"Single-Family Detached","units":1.0,"daily_trips":9.4,"am_peak_trips":0.7,"pm_peak_trips":0.9,"classification":"Residential","access_road":"Unknown","access_segment_id":"","snap_distance_m":55.9,"notes":"Heuristic (stopgap): default single-family \u2014 awaits real state_cd from Parker CAD","soil_musym":"WoB","soil_muname":"Windthorst very fine sandy loam, 1 to 5 percent slopes","soil_clay_pct":11,"soil_ksat_um_per_s":null}},{"type":"Feature","geometry":{"type":"Polygon","coordinates":[[[-97.67637617693224,32.71907834334059],[-97.67637791154057,32.719386972582456],[-97.67690069170065,32.71947178451481],[-97.67699707225077,32.71948975540823],[-97.67702540536625,32.71920968023051],[-97.67637617693224,32.71907834334059]]]},"properties":{"parcel_id":"59505","state_cd":"","legal_desc":"","situs_street":"0   , , TX 000000","legal_acreage":0.47,"imprv_sqft":0.0,"imprv_val":0.0,"total_val":199610.0,"ite_code":null,"ite_land_use":"","units":0.0,"daily_trips":0.0,"am_peak_trips":0.0,"pm_peak_trips":0.0,"classification":"Vacant","access_road":"","access_segment_id":"","snap_distance_m":null,"notes":"Heuristic (stopgap): no improvement value","soil_musym":"VeD","soil_muname":"Venus clay loam, 5 to 8 percent slopes","soil_clay_pct":24,"soil_ksat_um_per_s":null}},{"type":"Feature","geometry":{"type":"Polygon","coordinates":[[[-97.63286203284453,32.72255186630141],[-97.6323448821826,32.72364459106002],[-97.63520126446242,32.722489828309946],[-97.63519378206722,32.72247025484241],[-97.63518921923496,32.72245007490687],[-97.63518763294752,32.722429572080515],[-97.63518904787476,32.72240906127999],[-97.63519344284025,32.722388854397295],[-97.63520074867003,32.72236926208819],[-97.63521085468155,32.72235058479921],[-97.63522360659393,32.72233310824372],[-97.63523880870582,32.72231709890798],[-97.6352562281713,32.7223028031791],[-97.63527559933749,32.72229044016033],[-97.6352966227127,32.72228019805688],[-97.63531897990208,32.722272234279565],[-97.63534232618328,32.72226667088428],[-97.63536630439283,32.72226359286481],[-97.63539055240216,32.72226304730286],[-97.63560650603588,32.72197586624921],[-97.63565844015324,32.72188886997264],[-97.63458660594374,32.721541241684115],[-97.63407458882473,32.72216993543849],[-97.63299369361616,32.72227366293462],[-97.63286203284453,32.72255186630141]]]},"properties":{"parcel_id":"49706","state_cd":"","legal_desc":"","situs_street":"BELLE CIR","legal_acreage":6.72,"imprv_sqft":0.0,"imprv_val":1317020.0,"total_val":1582190.0,"ite_code":210,"ite_land_use":"Single-Family Detached","units":1.0,"daily_trips":9.4,"am_peak_trips":0.7,"pm_peak_trips":0.9,"classification":"Residential","access_road":"Unknown","access_segment_id":"","snap_distance_m":125.6,"notes":"Heuristic (stopgap): default single-family \u2014 awaits real state_cd from Parker CAD","soil_musym":"BsE","soil_muname":"Brackett-Maloterre complex, 2 to 12 percent slopes","soil_clay_pct":28.7,"soil_ksat_um_per_s":null}},{"type":"Feature","geometry":{"type":"Polygon","coordinates":[[[-97.6632951471211,32.72796145753727],[-97.66350204441493,32.72744550650726],[-97.66269400062318,32.72743504285575],[-97.66230413203904,32.72781916767157],[-97.66309231842665,32.728045478621695],[-97.66310442993901,32.7280245850528],[-97.6631204343566,32.728005655762594],[-97.66313989793153,32.727989203684665],[-97.66316229152734,32.72797567437359],[-97.66318700885748,32.72796543530604],[-97.66321337833165,32.7279587642366],[-97.66324068659466,32.72795584214146],[-97.66326819137967,32.727956747894446],[-97.6632951471211,32.72796145753727]]]},"properties":{"parcel_id":"17282","state_cd":"","legal_desc":"","situs_street":"GREENVIEW DR","legal_acreage":1.25,"imprv_sqft":0.0,"imprv_val":534330.0,"total_val":634330.0,"ite_code":210,"ite_land_use":"Single-Family Detached","units":1.0,"daily_trips":9.4,"am_peak_trips":0.7,"pm_peak_trips":0.9,"classification":"Residential","access_road":"Unknown","access_segment_id":"","snap_distance_m":51.1,"notes":"Heuristic (stopgap): default single-family \u2014 awaits real state_cd from Parker CAD","soil_musym":"BcC","soil_muname":"Bolar clay loam, 3 to 5 percent slopes","soil_clay_pct":30,"soil_ksat_um_per_s":null}},{"type":"Feature","geometry":{"type":"Polygon","coordinates":[[[-97.63735556292978,32.716878154801414],[-97.63771110681186,32.71694800670453],[-97.63808092855629,32.71699509387042],[-97.63879422859563,32.71705324920466],[-97.63931739082457,32.714338478563846],[-97.63859386883024,32.71433346515387],[-97.63784917217284,32.7143281337792],[-97.63735556292978,32.716878154801414]]]},"properties":{"parcel_id":"49718","state_cd":"","legal_desc":"","situs_street":"JENKINS RD","legal_acreage":8.383,"imprv_sqft":0.0,"imprv_val":0.0,"total_val":310170.0,"ite_code":null,"ite_land_use":"","units":0.0,"daily_trips":0.0,"am_peak_trips":0.0,"pm_peak_trips":0.0,"classification":"Vacant","access_road":"","access_segment_id":"","snap_distance_m":null,"notes":"Heuristic (stopgap): no improvement value","soil_musym":"KcB","soil_muname":"Krum clay, 1 to 3 percent slopes","soil_clay_pct":43,"soil_ksat_um_per_s":null}},{"type":"Feature","geometry":{"type":"Polygon","coordinates":[[[-97.64453748558293,32.7110110961278],[-97.64391953427511,32.71033831578919],[-97.64384251245008,32.710385712024035],[-97.64358980793803,32.71069348209423],[-97.6433410149987,32.71113280412343],[-97.64329647465858,32.71125494815345],[-97.6436155265516,32.71165787722911],[-97.6442667395424,32.71162556821441],[-97.64453651106987,32.711013260166474],[-97.64453748558293,32.7110110961278]]]},"properties":{"parcel_id":"46339","state_cd":"","legal_desc":"","situs_street":"QUAIL RIDGE RD","legal_acreage":3.048,"imprv_sqft":0.0,"imprv_val":787980.0,"total_val":954710.0,"ite_code":210,"ite_land_use":"Single-Family Detached","units":1.0,"daily_trips":9.4,"am_peak_trips":0.7,"pm_peak_trips":0.9,"classification":"Residential","access_road":"Unknown","access_segment_id":"","snap_distance_m":65.6,"notes":"Heuristic (stopgap): default single-family \u2014 awaits real state_cd from Parker CAD","soil_musym":"BsE","soil_muname":"Brackett-Maloterre complex, 2 to 12 percent slopes","soil_clay_pct":28.7,"soil_ksat_um_per_s":null}},{"type":"Feature","geometry":{"type":"Polygon","coordinates":[[[-97.63566416497568,32.70123552222405],[-97.63646507750954,32.701268909776516],[-97.63650816754513,32.701282030840865],[-97.63664410798388,32.70097720007041],[-97.63695370080389,32.70081890306032],[-97.63803796632769,32.700729328856205],[-97.638264618501,32.700775764447116],[-97.63811419934548,32.69962532017492],[-97.63517765737535,32.700001012793216],[-97.63517479833217,32.7023930580142],[-97.63567204393392,32.7023883284283],[-97.63566416497568,32.70123552222405]]]},"properties":{"parcel_id":"38822","state_cd":"","legal_desc":"TR:, BLK:, SURV: ROBERT CARSON","situs_street":"0   , , TX 000000","legal_acreage":12.944,"imprv_sqft":0.0,"imprv_val":0.0,"total_val":381830.0,"ite_code":null,"ite_land_use":"","units":0.0,"daily_trips":0.0,"am_peak_trips":0.0,"pm_peak_trips":0.0,"classification":"Vacant","access_road":"","access_segment_id":"","snap_distance_m":null,"notes":"Heuristic (stopgap): no improvement value","soil_musym":"VeD","soil_muname":"Venus clay loam, 5 to 8 percent slopes","soil_clay_pct":24,"soil_ksat_um_per_s":null}},{"type":"Feature","geometry":{"type":"Polygon","coordinates":[[[-97.63343879325521,32.71858242954966],[-97.63373540077475,32.718740723770296],[-97.63443834023403,32.71770139261321],[-97.63536066053075,32.71639865272695],[-97.63490978765314,32.71595862159696],[-97.63303457060255,32.71836670001333],[-97.6331226779067,32.718413721970414],[-97.63343879325521,32.71858242954966]]]},"properties":{"parcel_id":"49687","state_cd":"","legal_desc":"TR:, BLK:, SURV: JAMES S OXER","situs_street":"JENKINS RD","legal_acreage":5.139,"imprv_sqft":0.0,"imprv_val":724770.0,"total_val":952450.0,"ite_code":210,"ite_land_use":"Single-Family Detached","units":1.0,"daily_trips":9.4,"am_peak_trips":0.7,"pm_peak_trips":0.9,"classification":"Residential","access_road":"Unknown","access_segment_id":"","snap_distance_m":179.5,"notes":"Heuristic (stopgap): default single-family \u2014 awaits real state_cd from Parker CAD","soil_musym":"BsE","soil_muname":"Brackett-Maloterre complex, 2 to 12 percent slopes","soil_clay_pct":28.7,"soil_ksat_um_per_s":null}},{"type":"Feature","geometry":{"type":"Polygon","coordinates":[[[-97.70056158170713,32.71832092742965],[-97.70037393203212,32.718001170894546],[-97.70033145120934,32.717932922874134],[-97.70028199979507,32.71786811560628],[-97.70022596473504,32.717807258409],[-97.70016378447579,32.71775082756338],[-97.70009594685533,32.7176992635946],[-97.70002298269452,32.71765297213285],[-97.69994546375275,32.71761231398045],[-97.6998639952369,32.71757760776914],[-97.69977921796713,32.71754912636727],[-97.69969179349208,32.71752709137295],[-97.69960240726508,32.71751167584052],[-97.69951175800163,32.71750300150636],[-97.69942055771295,32.717501135182154],[-97.69932951888086,32.717506091377665],[-97.69923935446725,32.71751783139898],[-97.6991438919709,32.71753918062702],[-97.69905060681597,32.71756656091749],[-97.69896003381946,32.71759981429275],[-97.69887268674245,32.717638751978214],[-97.69878906578187,32.717683151744694],[-97.69835063626417,32.717941605530115],[-97.69840409072512,32.717999252603384],[-97.69845174189216,32.71806042811175],[-97.69849326493198,32.71812471602053],[-97.69852837894088,32.71819167893364],[-97.6985568426535,32.71826086077133],[-97.69857846294494,32.71833179043214],[-97.69859309373192,32.718403985392996],[-97.6986006338151,32.71847695440091],[-97.69860103324793,32.71855020112101],[-97.69859428906202,32.71862322501114],[-97.70008453557699,32.71863640595328],[-97.70056158170713,32.71832092742965]]]},"properties":{"parcel_id":"86179","state_cd":"","legal_desc":"","situs_street":"WEST HILL DR","legal_acreage":4.579,"imprv_sqft":0.0,"imprv_val":0.0,"total_val":251850.0,"ite_code":null,"ite_land_use":"","units":0.0,"daily_trips":0.0,"am_peak_trips":0.0,"pm_peak_trips":0.0,"classification":"Vacant","access_road":"","access_segment_id":"","snap_distance_m":null,"notes":"Heuristic (stopgap): no improvement value","soil_musym":"ALE","soil_muname":"Aledo-Bolar association, 1 to 8 percent slopes","soil_clay_pct":30,"soil_ksat_um_per_s":null}},{"type":"Feature","geometry":{"type":"Polygon","coordinates":[[[-97.69676140884248,32.71588947211778],[-97.69676008318895,32.71594333249688],[-97.69671332949802,32.71784207743208],[-97.6967135288373,32.717892219439825],[-97.69725378299113,32.71807944317617],[-97.69732450962518,32.71810217106601],[-97.69739766563931,32.718118504299376],[-97.69747244399413,32.7181282627026],[-97.69754802097893,32.71813133994727],[-97.69762356263747,32.71812770088666],[-97.69769823647077,32.718117385238386],[-97.69777121997204,32.71810050763954],[-97.6978417070527,32.718077254982596],[-97.69790892089317,32.7180478810871],[-97.69859264782538,32.71766335231223],[-97.69856877146891,32.7176140442356],[-97.6978446687252,32.715888125571944],[-97.69676140884248,32.71588947211778]]]},"properties":{"parcel_id":"32671","state_cd":"","legal_desc":"","situs_street":"WEST HILLS DR","legal_acreage":1.0,"imprv_sqft":0.0,"imprv_val":1111290.0,"total_val":1586000.0,"ite_code":210,"ite_land_use":"Single-Family Detached","units":1.0,"daily_trips":9.4,"am_peak_trips":0.7,"pm_peak_trips":0.9,"classification":"Residential","access_road":"Unknown","access_segment_id":"","snap_distance_m":129.4,"notes":"Heuristic (stopgap): default single-family \u2014 awaits real state_cd from Parker CAD","soil_musym":"WnD3","soil_muname":"Windthorst and Duffau sandy clay loams, 1 to 8 percent slopes, severely eroded","soil_clay_pct":23.9,"soil_ksat_um_per_s":null}},{"type":"Feature","geometry":{"type":"Polygon","coordinates":[[[-97.72843252801901,32.72612554413255],[-97.72895464286877,32.72613952268797],[-97.7295177893987,32.72614182207131],[-97.73006558970702,32.72619121177844],[-97.73008391628001,32.72407753082331],[-97.73019400606388,32.72407208838856],[-97.73023361213842,32.723040488180175],[-97.72837077024117,32.72305523981317],[-97.72843252801901,32.72612554413255]]]},"properties":{"parcel_id":"50839","state_cd":"","legal_desc":"","situs_street":"BUCK DOBBS RD","legal_acreage":1.0,"imprv_sqft":0.0,"imprv_val":173590.0,"total_val":212960.0,"ite_code":210,"ite_land_use":"Single-Family Detached","units":1.0,"daily_trips":9.4,"am_peak_trips":0.7,"pm_peak_trips":0.9,"classification":"Residential","access_road":"Unknown","access_segment_id":"","snap_distance_m":182.0,"notes":"Heuristic (stopgap): default single-family \u2014 awaits real state_cd from Parker CAD","soil_musym":"DkD3","soil_muname":"Duffau and Keeter soils, 2 to 7 percent slopes, moderately and severely eroded","soil_clay_pct":13,"soil_ksat_um_per_s":null}},{"type":"Feature","geometry":{"type":"Polygon","coordinates":[[[-97.72814993724415,32.726277914119045],[-97.72810240148941,32.72629450586925],[-97.72805865324072,32.726317361869455],[-97.7280198393042,32.72634588320979],[-97.72798697654365,32.72637932317375],[-97.72796092505295,32.726416805108066],[-97.72787077266624,32.72886277752822],[-97.7305584650425,32.72893150658263],[-97.73053700164365,32.727610816656615],[-97.73051109165131,32.72643138154291],[-97.7300358854025,32.72630825179607],[-97.72943168744041,32.72626950844996],[-97.729038785764,32.726264208408125],[-97.72850692346842,32.726267589671714],[-97.72830253148206,32.726269184055354],[-97.7282513304089,32.726265084700806],[-97.7282000180451,32.72626802080106],[-97.72814993724415,32.726277914119045]]]},"properties":{"parcel_id":"36398","state_cd":"","legal_desc":"TR:, BLK:, SURV: ANDREW J BELL","situs_street":"BUCK DOBBS RD","legal_acreage":16.69,"imprv_sqft":0.0,"imprv_val":0.0,"total_val":640510.0,"ite_code":null,"ite_land_use":"","units":0.0,"daily_trips":0.0,"am_peak_trips":0.0,"pm_peak_trips":0.0,"classification":"Vacant","access_road":"","access_segment_id":"","snap_distance_m":null,"notes":"Heuristic (stopgap): no improvement value","soil_musym":"DwD","soil_muname":"Duffau-Weatherford complex, 3 to 8 percent slopes","soil_clay_pct":9.2,"soil_ksat_um_per_s":null}},{"type":"Feature","geometry":{"type":"Polygon","coordinates":[[[-97.65501903021668,32.715504364463946],[-97.6560874437555,32.71552009412317],[-97.65609195387051,32.71563890068002],[-97.65815407023267,32.71566452607296],[-97.6580688837016,32.7152481227781],[-97.65803258725708,32.715086077443395],[-97.65791806031532,32.714518870426424],[-97.65653915283445,32.71446968035039],[-97.65653719954317,32.714082055129445],[-97.65653160850421,32.71205588105951],[-97.6550322232436,32.712047734309245],[-97.65501903021668,32.715504364463946]]]},"properties":{"parcel_id":"0","state_cd":"","legal_desc":"","situs_street":", ,","legal_acreage":0.0,"imprv_sqft":0.0,"imprv_val":0.0,"total_val":0.0,"ite_code":null,"ite_land_use":"","units":0.0,"daily_trips":0.0,"am_peak_trips":0.0,"pm_peak_trips":0.0,"classification":"Vacant","access_road":"","access_segment_id":"","snap_distance_m":null,"notes":"Heuristic (stopgap): no improvement value","soil_musym":"VeD","soil_muname":"Venus clay loam, 5 to 8 percent slopes","soil_clay_pct":24,"soil_ksat_um_per_s":null}},{"type":"Feature","geometry":{"type":"Polygon","coordinates":[[[-97.63510994517651,32.70253034687123],[-97.6352337297619,32.703350186472235],[-97.63669582220066,32.703352879498254],[-97.63657442478907,32.70251892155692],[-97.63510994517651,32.70253034687123]]]},"properties":{"parcel_id":"48139","state_cd":"","legal_desc":"","situs_street":"UNDERWOOD RD","legal_acreage":1.0,"imprv_sqft":0.0,"imprv_val":184480.0,"total_val":223520.0,"ite_code":210,"ite_land_use":"Single-Family Detached","units":1.0,"daily_trips":9.4,"am_peak_trips":0.7,"pm_peak_trips":0.9,"classification":"Residential","access_road":"Unknown","access_segment_id":"","snap_distance_m":53.6,"notes":"Heuristic (stopgap): default single-family \u2014 awaits real state_cd from Parker CAD","soil_musym":"FriA","soil_muname":"Frio silty clay, 0 to 1 percent slopes, occasionally flooded","soil_clay_pct":44,"soil_ksat_um_per_s":null}},{"type":"Feature","geometry":{"type":"Polygon","coordinates":[[[-97.71993382426737,32.73124801648652],[-97.72083639582738,32.73138760509581],[-97.72081764194228,32.73130815522264],[-97.72080782796353,32.731266559379925],[-97.72059013894713,32.730746602112646],[-97.72054170934881,32.730607633024114],[-97.71989497606776,32.73044325769174],[-97.71993382426737,32.73124801648652]]]},"properties":{"parcel_id":"61741","state_cd":"","legal_desc":"(INCL .024AC A-390)","situs_street":"ANNETTA CENTERPOINT RD","legal_acreage":1.601,"imprv_sqft":0.0,"imprv_val":275360.0,"total_val":421030.0,"ite_code":210,"ite_land_use":"Single-Family Detached","units":1.0,"daily_trips":9.4,"am_peak_trips":0.7,"pm_peak_trips":0.9,"classification":"Residential","access_road":"Unknown","access_segment_id":"","snap_distance_m":48.3,"notes":"Heuristic (stopgap): default single-family \u2014 awaits real state_cd from Parker CAD","soil_musym":"WoB","soil_muname":"Windthorst very fine sandy loam, 1 to 5 percent slopes","soil_clay_pct":11,"soil_ksat_um_per_s":null}},{"type":"Feature","geometry":{"type":"Polygon","coordinates":[[[-97.66764899320846,32.72080090308388],[-97.6674988734905,32.72366607394273],[-97.66859394220977,32.72367055037756],[-97.66764899320846,32.72080090308388]]]},"properties":{"parcel_id":"41036","state_cd":"","legal_desc":"","situs_street":"0   , , TX 000000","legal_acreage":3.83,"imprv_sqft":0.0,"imprv_val":0.0,"total_val":100970.0,"ite_code":820,"ite_land_use":"Shopping Center/Retail","units":41.71,"daily_trips":1574.5,"am_peak_trips":47.2,"pm_peak_trips":141.7,"classification":"Commercial","access_road":"Unknown","access_segment_id":"","snap_distance_m":43.2,"notes":"Heuristic (stopgap): business + commercial function","soil_musym":"DwD","soil_muname":"Duffau-Weatherford complex, 3 to 8 percent slopes","soil_clay_pct":9.2,"soil_ksat_um_per_s":null}},{"type":"Feature","geometry":{"type":"Polygon","coordinates":[[[-97.64019466240059,32.71741031230582],[-97.64023474723012,32.71745746318397],[-97.64026864731056,32.717507964012015],[-97.64029594955666,32.71756117613455],[-97.64031638193762,32.71761654664503],[-97.6403297105334,32.71767344263523],[-97.64033578583556,32.71773121735035],[-97.64033453635577,32.71778920924246],[-97.6422464550539,32.717271663634676],[-97.64222903929817,32.71724006893835],[-97.64220660452555,32.716913325273204],[-97.64217763907916,32.71688067233779],[-97.64217578909624,32.71687858712125],[-97.64174553440927,32.716393662560954],[-97.64053352869723,32.716721880717294],[-97.64019466240059,32.71741031230582]]]},"properties":{"parcel_id":"59457","state_cd":"","legal_desc":"TR:, BLK:, SURV: WILSON WOODS","situs_street":"JENKINS RD","legal_acreage":1.0,"imprv_sqft":0.0,"imprv_val":414650.0,"total_val":459650.0,"ite_code":210,"ite_land_use":"Single-Family Detached","units":1.0,"daily_trips":9.4,"am_peak_trips":0.7,"pm_peak_trips":0.9,"classification":"Residential","access_road":"Unknown","access_segment_id":"","snap_distance_m":111.4,"notes":"Heuristic (stopgap): default single-family \u2014 awaits real state_cd from Parker CAD","soil_musym":"LaC","soil_muname":"Wise clay loam, 3 to 5 percent slopes, moderately eroded","soil_clay_pct":28,"soil_ksat_um_per_s":null}},{"type":"Feature","geometry":{"type":"Polygon","coordinates":[[[-97.70088451886436,32.72201132001491],[-97.69975301686621,32.72197212731241],[-97.69973797402145,32.723565839479264],[-97.7008163515214,32.72427147565849],[-97.70088451886436,32.72201132001491]]]},"properties":{"parcel_id":"70622","state_cd":"","legal_desc":"TR:, BLK:, SURV: HIRAM FRANKLIN","situs_street":"ANNETTA CENTERPOINT RD","legal_acreage":4.37,"imprv_sqft":0.0,"imprv_val":0.0,"total_val":188570.0,"ite_code":null,"ite_land_use":"","units":0.0,"daily_trips":0.0,"am_peak_trips":0.0,"pm_peak_trips":0.0,"classification":"Vacant","access_road":"","access_segment_id":"","snap_distance_m":null,"notes":"Heuristic (stopgap): no improvement value","soil_musym":"KtC","soil_muname":"Keeter very fine sandy loam, 1 to 6 percent slopes","soil_clay_pct":7,"soil_ksat_um_per_s":null}},{"type":"Feature","geometry":{"type":"Polygon","coordinates":[[[-97.65412986983227,32.71677968087491],[-97.65590180306039,32.71679971901591],[-97.65589818561547,32.71570022509157],[-97.65500345739244,32.71569404142111],[-97.65412627432514,32.715680186897835],[-97.65412986983227,32.71677968087491]]]},"properties":{"parcel_id":"60385","state_cd":"","legal_desc":"TR:, BLK:, SURV: B T YARBROUGH","situs_street":"QUAIL RIDGE RD","legal_acreage":5.003,"imprv_sqft":0.0,"imprv_val":486330.0,"total_val":711390.0,"ite_code":210,"ite_land_use":"Single-Family Detached","units":1.0,"daily_trips":9.4,"am_peak_trips":0.7,"pm_peak_trips":0.9,"classification":"Residential","access_road":"Unknown","access_segment_id":"","snap_distance_m":69.9,"notes":"Heuristic (stopgap): default single-family \u2014 awaits real state_cd from Parker CAD","soil_musym":"BsE","soil_muname":"Brackett-Maloterre complex, 2 to 12 percent slopes","soil_clay_pct":28.7,"soil_ksat_um_per_s":null}},{"type":"Feature","geometry":{"type":"Polygon","coordinates":[[[-97.69835348908435,32.72090878094098],[-97.69834407895753,32.72088318453545],[-97.6983399917339,32.720856604284755],[-97.69834134728305,32.72082982466474],[-97.6983481053818,32.72080363723457],[-97.6983600680929,32.72077881359653],[-97.69837688098688,32.72075608826935],[-97.69839804726352,32.72073613082174],[-97.69842294282554,32.720719530639286],[-97.69840857255717,32.720609937892945],[-97.69840154048359,32.720499834236705],[-97.69840187008089,32.72038957064061],[-97.6984095602887,32.720279497915044],[-97.69842458550265,32.720169967612826],[-97.69844689880752,32.720061328442284],[-97.69847642876948,32.71995392714888],[-97.69736290409261,32.719950319612714],[-97.69735113747875,32.720315321698216],[-97.69704061123633,32.72047438047707],[-97.69705938595168,32.72073936247644],[-97.69722863815228,32.721220068139786],[-97.69835348908435,32.72090878094098]]]},"properties":{"parcel_id":"32690","state_cd":"","legal_desc":"","situs_street":"FALCON RIDGE","legal_acreage":7.641,"imprv_sqft":0.0,"imprv_val":1469980.0,"total_val":1890240.0,"ite_code":210,"ite_land_use":"Single-Family Detached","units":1.0,"daily_trips":9.4,"am_peak_trips":0.7,"pm_peak_trips":0.9,"classification":"Residential","access_road":"Unknown","access_segment_id":"","snap_distance_m":85.7,"notes":"Heuristic (stopgap): default single-family \u2014 awaits real state_cd from Parker CAD","soil_musym":"ALE","soil_muname":"Aledo-Bolar association, 1 to 8 percent slopes","soil_clay_pct":30,"soil_ksat_um_per_s":null}},{"type":"Feature","geometry":{"type":"Polygon","coordinates":[[[-97.71752087368868,32.725419100679346],[-97.7175139713533,32.72569799339777],[-97.71842406436647,32.7256110270124],[-97.71882478034105,32.72561532754062],[-97.71883944338367,32.72460282146182],[-97.71884018315944,32.72452855039293],[-97.71816095927988,32.72502200322295],[-97.71795353462802,32.725249150095216],[-97.71752087368868,32.725419100679346]]]},"properties":{"parcel_id":"121669","state_cd":"","legal_desc":"F-209","situs_street":"DIXON RD","legal_acreage":2.089,"imprv_sqft":0.0,"imprv_val":0.0,"total_val":271570.0,"ite_code":null,"ite_land_use":"","units":0.0,"daily_trips":0.0,"am_peak_trips":0.0,"pm_peak_trips":0.0,"classification":"Vacant","access_road":"","access_segment_id":"","snap_distance_m":null,"notes":"Heuristic (stopgap): no improvement value","soil_musym":"FriA","soil_muname":"Frio silty clay, 0 to 1 percent slopes, occasionally flooded","soil_clay_pct":44,"soil_ksat_um_per_s":null}},{"type":"Feature","geometry":{"type":"Polygon","coordinates":[[[-97.63947082520363,32.719771136435014],[-97.64053195709613,32.7197661551702],[-97.64146654818173,32.71984422114288],[-97.64443471512936,32.719830218265564],[-97.64447310408579,32.71944988672578],[-97.64122299416881,32.71945365710406],[-97.64122264985097,32.71945351854568],[-97.63954398185123,32.71942941162133],[-97.63947082520363,32.719771136435014]]]},"properties":{"parcel_id":"59434","state_cd":"","legal_desc":"","situs_street":"JENKINS RD","legal_acreage":4.896,"imprv_sqft":0.0,"imprv_val":0.0,"total_val":191330.0,"ite_code":null,"ite_land_use":"","units":0.0,"daily_trips":0.0,"am_peak_trips":0.0,"pm_peak_trips":0.0,"classification":"Vacant","access_road":"","access_segment_id":"","snap_distance_m":null,"notes":"Heuristic (stopgap): no improvement value","soil_musym":"LaC","soil_muname":"Wise clay loam, 3 to 5 percent slopes, moderately eroded","soil_clay_pct":28,"soil_ksat_um_per_s":null}},{"type":"Feature","geometry":{"type":"Polygon","coordinates":[[[-97.64611174031705,32.709659946439196],[-97.64621908184306,32.70968580230245],[-97.6462643019316,32.70962161375401],[-97.64642336723468,32.709466740090264],[-97.64644232962682,32.709262035467724],[-97.64651623481949,32.70912144723468],[-97.64654862988583,32.7091194665294],[-97.64660087863379,32.7085439937667],[-97.64660971852446,32.708446628762395],[-97.64661241656229,32.70825697877601],[-97.64738565963219,32.70835721822551],[-97.64737256994029,32.70794720973286],[-97.64735817242585,32.70749621770101],[-97.64733824756634,32.706872101480656],[-97.64733451774354,32.706755282080316],[-97.64721627773592,32.70624239689248],[-97.64698299485002,32.70616329347461],[-97.64680408655208,32.706102627012676],[-97.646534616349,32.706119073955165],[-97.64650466166279,32.70618890029787],[-97.64650450430375,32.706203055523986],[-97.64649450407076,32.707105280256066],[-97.64648339113124,32.70810795232775],[-97.64642811665851,32.70901118807347],[-97.64644584070273,32.709010136522686],[-97.64634033237392,32.70921347551564],[-97.64631735085148,32.70943244319209],[-97.64617183451095,32.70957538187935],[-97.64611174031705,32.709659946439196]]]},"properties":{"parcel_id":"46335","state_cd":"","legal_desc":"TR:, BLK:, SURV: J. D. LOVE","situs_street":"0   , , TX 000000","legal_acreage":0.13,"imprv_sqft":0.0,"imprv_val":0.0,"total_val":5960.0,"ite_code":null,"ite_land_use":"","units":0.0,"daily_trips":0.0,"am_peak_trips":0.0,"pm_peak_trips":0.0,"classification":"Vacant","access_road":"","access_segment_id":"","snap_distance_m":null,"notes":"Heuristic (stopgap): no improvement value","soil_musym":"BsE","soil_muname":"Brackett-Maloterre complex, 2 to 12 percent slopes","soil_clay_pct":28.7,"soil_ksat_um_per_s":null}},{"type":"Feature","geometry":{"type":"Polygon","coordinates":[[[-97.70283356906094,32.72004872304059],[-97.70286769118104,32.72005632080155],[-97.70289974574196,32.720068793282714],[-97.70292876529125,32.720085764524796],[-97.70376844447206,32.72009412971876],[-97.70414841970337,32.72021587035833],[-97.7051789521097,32.720245679158715],[-97.70519209321182,32.71907876356376],[-97.70336067331826,32.719281110892226],[-97.70312212442532,32.71930746554233],[-97.70245814359652,32.71927822678327],[-97.7024579522849,32.71927838427991],[-97.70215367307658,32.7195647892595],[-97.7022544987791,32.71962029658009],[-97.70235127754283,32.71968073257032],[-97.70244367522646,32.71974588496547],[-97.7025313673996,32.719815528938085],[-97.70261405220121,32.71988942086715],[-97.70269143960682,32.71996730548377],[-97.70276326214474,32.720048910528845],[-97.70279840577464,32.7200462275342],[-97.70283356906094,32.72004872304059]]]},"properties":{"parcel_id":"71588","state_cd":"","legal_desc":"","situs_street":"WEST HILL DR","legal_acreage":5.735,"imprv_sqft":0.0,"imprv_val":0.0,"total_val":315430.0,"ite_code":null,"ite_land_use":"","units":0.0,"daily_trips":0.0,"am_peak_trips":0.0,"pm_peak_trips":0.0,"classification":"Vacant","access_road":"","access_segment_id":"","snap_distance_m":null,"notes":"Heuristic (stopgap): no improvement value","soil_musym":"KtC","soil_muname":"Keeter very fine sandy loam, 1 to 6 percent slopes","soil_clay_pct":7,"soil_ksat_um_per_s":null}},{"type":"Feature","geometry":{"type":"Polygon","coordinates":[[[-97.64815805480731,32.708145875787956],[-97.64809789661855,32.708238523216004],[-97.6479804719372,32.70841667894709],[-97.64891388642403,32.70879292809625],[-97.64926236257006,32.70806515429069],[-97.64914387818553,32.70805957042763],[-97.64904803884106,32.70804698357189],[-97.64899234534303,32.70802879967281],[-97.64894013742268,32.708004316768466],[-97.6488924037281,32.70797400067545],[-97.6488500507934,32.707938425772824],[-97.64881388284128,32.707898267648005],[-97.64878458593037,32.70785428765653],[-97.64855371103639,32.707501942968634],[-97.64815805480731,32.708145875787956]]]},"properties":{"parcel_id":"0","state_cd":"","legal_desc":"","situs_street":", ,","legal_acreage":0.0,"imprv_sqft":0.0,"imprv_val":0.0,"total_val":0.0,"ite_code":null,"ite_land_use":"","units":0.0,"daily_trips":0.0,"am_peak_trips":0.0,"pm_peak_trips":0.0,"classification":"Vacant","access_road":"","access_segment_id":"","snap_distance_m":null,"notes":"Heuristic (stopgap): no improvement value","soil_musym":"VeC","soil_muname":"Venus loam, 3 to 5 percent slopes","soil_clay_pct":25,"soil_ksat_um_per_s":null}},{"type":"Feature","geometry":{"type":"Polygon","coordinates":[[[-97.71793240977551,32.728078632377326],[-97.7188107863556,32.72816654162352],[-97.71881584463186,32.72781145330726],[-97.71879301759083,32.72780852854462],[-97.71793474797997,32.72770921382168],[-97.71793240977551,32.728078632377326]]]},"properties":{"parcel_id":"9087","state_cd":"","legal_desc":"","situs_street":"DIXON RD","legal_acreage":0.75,"imprv_sqft":0.0,"imprv_val":203280.0,"total_val":243280.0,"ite_code":210,"ite_land_use":"Single-Family Detached","units":1.0,"daily_trips":9.4,"am_peak_trips":0.7,"pm_peak_trips":0.9,"classification":"Residential","access_road":"Unknown","access_segment_id":"","snap_distance_m":56.3,"notes":"Heuristic (stopgap): default single-family \u2014 awaits real state_cd from Parker CAD","soil_musym":"WoB","soil_muname":"Windthorst very fine sandy loam, 1 to 5 percent slopes","soil_clay_pct":11,"soil_ksat_um_per_s":null}},{"type":"Feature","geometry":{"type":"Polygon","coordinates":[[[-97.6618429110476,32.725936291300656],[-97.66182602958463,32.72598722282554],[-97.66182528795663,32.725988817698365],[-97.66182155808747,32.72599683340066],[-97.66180312545363,32.72603644531411],[-97.66179654643092,32.72604722309238],[-97.66178345122871,32.726068676261185],[-97.66177443283783,32.72608344989783],[-97.6617676765753,32.72609220634448],[-97.66175237750419,32.726112033949],[-97.66174024969548,32.72612775338945],[-97.66172792340498,32.726140650516214],[-97.6617009270916,32.72616889821108],[-97.66165687126369,32.726206459623306],[-97.66164307380481,32.72692642550274],[-97.6627017314219,32.72693030754504],[-97.66270036854195,32.72593610540985],[-97.6618429110476,32.725936291300656]]]},"properties":{"parcel_id":"104072","state_cd":"","legal_desc":"","situs_street":"QUAIL BLUFF LN","legal_acreage":1.241,"imprv_sqft":0.0,"imprv_val":687550.0,"total_val":787550.0,"ite_code":210,"ite_land_use":"Single-Family Detached","units":1.0,"daily_trips":9.4,"am_peak_trips":0.7,"pm_peak_trips":0.9,"classification":"Residential","access_road":"Unknown","access_segment_id":"","snap_distance_m":60.1,"notes":"Heuristic (stopgap): default single-family \u2014 awaits real state_cd from Parker CAD","soil_musym":"PcB","soil_muname":"Purves clay, 1 to 3 percent slopes","soil_clay_pct":47.5,"soil_ksat_um_per_s":null}},{"type":"Feature","geometry":{"type":"Polygon","coordinates":[[[-97.7153748602653,32.72674626015863],[-97.71605399825384,32.72742511392826],[-97.71620470899046,32.7271100211155],[-97.71641127430564,32.72667814812933],[-97.7164945786211,32.72659824253663],[-97.71544143199297,32.726115579332514],[-97.71535316218619,32.726253993260976],[-97.71532879226645,32.72630064140571],[-97.715311924758,32.726349601440766],[-97.71530285318573,32.72640001576671],[-97.7153017390006,32.72645100159914],[-97.71533238649332,32.72645895635502],[-97.71536108560412,32.726471037356504],[-97.7153870657042,32.72648691778206],[-97.71540962746107,32.72650617115631],[-97.71542816515414,32.7265282814109],[-97.71544218150761,32.7265526547017],[-97.7154513003496,32.72657863572191],[-97.71545527604711,32.7266055266997],[-97.7154540008149,32.726632605481434],[-97.71544751095034,32.726659144509405],[-97.71543598025727,32.72668443062104],[-97.71541971773,32.72670778577647],[-97.71539915995771,32.726728581440625],[-97.7153748602653,32.72674626015863]]]},"properties":{"parcel_id":"121675","state_cd":"","legal_desc":"F-209","situs_street":"MEADOW BEND COURT","legal_acreage":2.0,"imprv_sqft":0.0,"imprv_val":639120.0,"total_val":899120.0,"ite_code":210,"ite_land_use":"Single-Family Detached","units":1.0,"daily_trips":9.4,"am_peak_trips":0.7,"pm_peak_trips":0.9,"classification":"Residential","access_road":"Unknown","access_segment_id":"","snap_distance_m":164.8,"notes":"Heuristic (stopgap): default single-family \u2014 awaits real state_cd from Parker CAD","soil_musym":"WoB2","soil_muname":"Windthorst fine sandy loam, 1 to 5 percent slopes, moderately eroded","soil_clay_pct":12,"soil_ksat_um_per_s":null}},{"type":"Feature","geometry":{"type":"Polygon","coordinates":[[[-97.63657368377689,32.71432265791976],[-97.63784917217284,32.7143281337792],[-97.63931739082457,32.714338478563846],[-97.63920227836637,32.714205094218904],[-97.63919217632409,32.71419459887628],[-97.63918035592246,32.71418231949775],[-97.63911855854212,32.714003024257444],[-97.63892424937917,32.71395566205728],[-97.63843091595677,32.71341358038756],[-97.63838756714668,32.712860658840185],[-97.63838002032357,32.712764391035826],[-97.6379217117999,32.7126714910408],[-97.63763675697581,32.712416263095896],[-97.63768007159838,32.71198373154248],[-97.63752300711852,32.71183364531748],[-97.63748523084536,32.71179754726705],[-97.63750781814423,32.71179195927453],[-97.63733548473807,32.71161508383771],[-97.6371913121668,32.711163576239834],[-97.63700162913044,32.711417131269855],[-97.63696914848637,32.71157424935867],[-97.63683506586611,32.71160690827511],[-97.6368010700367,32.71169576211],[-97.63703245943141,32.71165742913554],[-97.63710868311772,32.71174680045448],[-97.63692211296443,32.711874067713836],[-97.63700045706084,32.712012878719925],[-97.63685667332047,32.7121103438444],[-97.6370578211014,32.712182798431634],[-97.63690827862361,32.71231397890402],[-97.63660478411185,32.71240761253918],[-97.63627323447565,32.712784868412626],[-97.63613764286337,32.71287889770057],[-97.63596189632497,32.712832403005564],[-97.63543514104296,32.71269313813615],[-97.63460225032135,32.71273841387519],[-97.63373700781165,32.71278545520048],[-97.63378859219077,32.713498144327126],[-97.63459021034012,32.71345092194659],[-97.6353392375677,32.71340679336716],[-97.6353950864529,32.71420077062123],[-97.63657368377689,32.71432265791976]]]},"properties":{"parcel_id":"48126","state_cd":"","legal_desc":"TR:, BLK:, SURV: THOMAS ROLSTON","situs_street":"0   , , TX 000000","legal_acreage":13.38,"imprv_sqft":0.0,"imprv_val":0.0,"total_val":414780.0,"ite_code":null,"ite_land_use":"","units":0.0,"daily_trips":0.0,"am_peak_trips":0.0,"pm_peak_trips":0.0,"classification":"Vacant","access_road":"","access_segment_id":"","snap_distance_m":null,"notes":"Heuristic (stopgap): no improvement value","soil_musym":"KcB","soil_muname":"Krum clay, 1 to 3 percent slopes","soil_clay_pct":43,"soil_ksat_um_per_s":null}},{"type":"Feature","geometry":{"type":"Polygon","coordinates":[[[-97.71766359934618,32.73050939950992],[-97.71764517388037,32.73062612796577],[-97.71744441719937,32.73059856367657],[-97.71734452894061,32.73058904524828],[-97.71726187191463,32.73082890706723],[-97.71760097645429,32.730906107931624],[-97.7189297931676,32.73108733357178],[-97.71875192969341,32.730427305712546],[-97.71855795068082,32.730507867960526],[-97.71766359934618,32.73050939950992]]]},"properties":{"parcel_id":"52650","state_cd":"","legal_desc":"SITS ON 0.22 AC TR 1 (PT OF 1.728)","situs_street":"ANNETTA CENTERPOINT RD","legal_acreage":0.0,"imprv_sqft":0.0,"imprv_val":44210.0,"total_val":44210.0,"ite_code":210,"ite_land_use":"Single-Family Detached","units":1.0,"daily_trips":9.4,"am_peak_trips":0.7,"pm_peak_trips":0.9,"classification":"Residential","access_road":"Unknown","access_segment_id":"","snap_distance_m":139.6,"notes":"Heuristic (stopgap): default single-family \u2014 awaits real state_cd from Parker CAD","soil_musym":"VeB","soil_muname":"Venus loam, 1 to 3 percent slopes","soil_clay_pct":25,"soil_ksat_um_per_s":null}},{"type":"Feature","geometry":{"type":"Polygon","coordinates":[[[-97.6616948725551,32.719287003841075],[-97.66574704436664,32.719319633468885],[-97.66574756651967,32.719367961486455],[-97.66574865958242,32.719469648345026],[-97.66575222957198,32.71979917434111],[-97.6657541495998,32.71997602478183],[-97.66575489471148,32.72004491006757],[-97.66575705215544,32.72024509465598],[-97.6657573466556,32.72027211773923],[-97.66710196941196,32.720280999876806],[-97.66737164048574,32.72028082742469],[-97.66746478069992,32.72027710453629],[-97.66726354573903,32.71976273675532],[-97.66682333710932,32.718845894347254],[-97.66662155072986,32.71869182902269],[-97.66607900531375,32.71845434708104],[-97.66533383267877,32.71720948907903],[-97.66530898271745,32.71629210771182],[-97.66369692943837,32.71559300538216],[-97.66360503870206,32.71556888481261],[-97.66368384447877,32.716371331479294],[-97.6636355872731,32.71753175670916],[-97.6629207080284,32.718628565546894],[-97.66247409399314,32.7188206689785],[-97.6616948725551,32.719287003841075]]]},"properties":{"parcel_id":"44121","state_cd":"","legal_desc":"","situs_street":"HILLMONT RANCH RD","legal_acreage":20.39,"imprv_sqft":0.0,"imprv_val":260700.0,"total_val":798240.0,"ite_code":820,"ite_land_use":"Shopping Center/Retail","units":150.0,"daily_trips":5662.5,"am_peak_trips":169.9,"pm_peak_trips":509.6,"classification":"Commercial","access_road":"Unknown","access_segment_id":"","snap_distance_m":113.8,"notes":"Heuristic (stopgap): business + commercial function","soil_musym":"BsE","soil_muname":"Brackett-Maloterre complex, 2 to 12 percent slopes","soil_clay_pct":28.7,"soil_ksat_um_per_s":null}},{"type":"Feature","geometry":{"type":"Polygon","coordinates":[[[-97.63853090871474,32.70243058616469],[-97.63853830349733,32.70185433537996],[-97.6380913713148,32.7018512357664],[-97.63802944779638,32.70193675597301],[-97.6376771892453,32.70221924715112],[-97.63769101639528,32.702330840480506],[-97.63773845810077,32.70236581064269],[-97.6377949387782,32.702425481117785],[-97.63853090871474,32.70243058616469]]]},"properties":{"parcel_id":"38820","state_cd":"","legal_desc":"","situs_street":"UNDERWOOD RD","legal_acreage":1.09,"imprv_sqft":0.0,"imprv_val":239200.0,"total_val":324440.0,"ite_code":210,"ite_land_use":"Single-Family Detached","units":1.0,"daily_trips":9.4,"am_peak_trips":0.7,"pm_peak_trips":0.9,"classification":"Residential","access_road":"Unknown","access_segment_id":"","snap_distance_m":34.7,"notes":"Heuristic (stopgap): default single-family \u2014 awaits real state_cd from Parker CAD","soil_musym":"BsG","soil_muname":"Brackett-Maloterre soils, 12 to 30 percent slopes","soil_clay_pct":28.6,"soil_ksat_um_per_s":null}},{"type":"Feature","geometry":{"type":"Polygon","coordinates":[[[-97.72128326410851,32.73146033812059],[-97.72131885429208,32.73080091355998],[-97.72082242711149,32.73079799265525],[-97.72099863440486,32.73140722164723],[-97.72128326410851,32.73146033812059]]]},"properties":{"parcel_id":"42574","state_cd":"","legal_desc":"","situs_street":"ANNETTA CENTERPOINT RD","legal_acreage":0.623,"imprv_sqft":0.0,"imprv_val":181960.0,"total_val":244260.0,"ite_code":210,"ite_land_use":"Single-Family Detached","units":1.0,"daily_trips":9.4,"am_peak_trips":0.7,"pm_peak_trips":0.9,"classification":"Residential","access_road":"Unknown","access_segment_id":"","snap_distance_m":30.1,"notes":"Heuristic (stopgap): default single-family \u2014 awaits real state_cd from Parker CAD","soil_musym":"WoB","soil_muname":"Windthorst very fine sandy loam, 1 to 5 percent slopes","soil_clay_pct":11,"soil_ksat_um_per_s":null}},{"type":"Feature","geometry":{"type":"Polygon","coordinates":[[[-97.71030802668999,32.72765656418176],[-97.71031120555025,32.727609964532924],[-97.71033291352326,32.727289865395505],[-97.71030839775202,32.727285640510814],[-97.710187478392,32.72726483318684],[-97.70912920838266,32.72703819807862],[-97.70815980801314,32.72682031070762],[-97.70683144318518,32.72657852078759],[-97.70630496408809,32.72651817671904],[-97.70574741488349,32.72647761579365],[-97.70533857096513,32.72643071819734],[-97.7051386319332,32.726380620149655],[-97.70513778269405,32.72647549220095],[-97.71025868733506,32.72838364707139],[-97.71030802668999,32.72765656418176]]]},"properties":{"parcel_id":"0","state_cd":"","legal_desc":"","situs_street":", ,","legal_acreage":0.0,"imprv_sqft":0.0,"imprv_val":0.0,"total_val":0.0,"ite_code":null,"ite_land_use":"","units":0.0,"daily_trips":0.0,"am_peak_trips":0.0,"pm_peak_trips":0.0,"classification":"Vacant","access_road":"","access_segment_id":"","snap_distance_m":null,"notes":"Heuristic (stopgap): no improvement value","soil_musym":"WoB2","soil_muname":"Windthorst fine sandy loam, 1 to 5 percent slopes, moderately eroded","soil_clay_pct":12,"soil_ksat_um_per_s":null}},{"type":"Feature","geometry":{"type":"Polygon","coordinates":[[[-97.63317074655444,32.72189954525902],[-97.63299369361616,32.72227366293462],[-97.63407458882473,32.72216993543849],[-97.63458660594374,32.721541241684115],[-97.63565844015324,32.72188886997264],[-97.63602001883675,32.72077510852019],[-97.63412422168798,32.72004185046607],[-97.63395375854333,32.720327076957545],[-97.63357285790924,32.72128242355198],[-97.63350463190451,32.7213779658249],[-97.63326743647983,32.72169381819142],[-97.63317074655444,32.72189954525902]]]},"properties":{"parcel_id":"49710","state_cd":"","legal_desc":"","situs_street":"BELLE CIR","legal_acreage":1.0,"imprv_sqft":0.0,"imprv_val":831380.0,"total_val":868320.0,"ite_code":210,"ite_land_use":"Single-Family Detached","units":1.0,"daily_trips":9.4,"am_peak_trips":0.7,"pm_peak_trips":0.9,"classification":"Residential","access_road":"Unknown","access_segment_id":"","snap_distance_m":89.8,"notes":"Heuristic (stopgap): default single-family \u2014 awaits real state_cd from Parker CAD","soil_musym":"LaD","soil_muname":"Wise clay loam, 5 to 8 percent slopes","soil_clay_pct":28,"soil_ksat_um_per_s":null}},{"type":"Feature","geometry":{"type":"Polygon","coordinates":[[[-97.67636629669832,32.72022104828856],[-97.67498573248268,32.72021746501161],[-97.67480701372757,32.720317557436985],[-97.67444628847304,32.72055854802152],[-97.67407481003775,32.7208087668332],[-97.67521099479436,32.72175174629397],[-97.67632450614903,32.72175403337581],[-97.67638136347459,32.72022108772149],[-97.67636629669832,32.72022104828856]]]},"properties":{"parcel_id":"41038","state_cd":"","legal_desc":"","situs_street":"0   , , TX 000000","legal_acreage":6.587,"imprv_sqft":0.0,"imprv_val":0.0,"total_val":267970.0,"ite_code":null,"ite_land_use":"","units":0.0,"daily_trips":0.0,"am_peak_trips":0.0,"pm_peak_trips":0.0,"classification":"Vacant","access_road":"","access_segment_id":"","snap_distance_m":null,"notes":"Heuristic (stopgap): no improvement value","soil_musym":"Ff","soil_muname":"Frio clay loam, 0 to 1 percent slopes, frequently flooded","soil_clay_pct":37,"soil_ksat_um_per_s":null}},{"type":"Feature","geometry":{"type":"Polygon","coordinates":[[[-97.65979015357593,32.71923666326854],[-97.65975006074622,32.719605914706705],[-97.65947698103874,32.72014755306399],[-97.65946661055682,32.720688090178136],[-97.66052379209353,32.72026367648385],[-97.66087658410498,32.7194646912068],[-97.6608991123515,32.7194136878986],[-97.66133432591825,32.71682098498194],[-97.66162137000913,32.716625912641476],[-97.66226021790611,32.71619178214242],[-97.66258931593826,32.71531231205034],[-97.6617219564084,32.715253411954414],[-97.6616309521664,32.71524836995078],[-97.66113638258359,32.71513928718835],[-97.66112079203171,32.71575371093568],[-97.66088457719,32.71574862505116],[-97.66005600929772,32.715731716351954],[-97.6600520630575,32.71579343009014],[-97.65989908268864,32.71765848584739],[-97.65979015357593,32.71923666326854]]]},"properties":{"parcel_id":"65977","state_cd":"","legal_desc":"","situs_street":"0   , , TX 000000","legal_acreage":2.6,"imprv_sqft":0.0,"imprv_val":0.0,"total_val":68540.0,"ite_code":820,"ite_land_use":"Shopping Center/Retail","units":28.31,"daily_trips":1068.9,"am_peak_trips":32.1,"pm_peak_trips":96.2,"classification":"Commercial","access_road":"Unknown","access_segment_id":"","snap_distance_m":137.5,"notes":"Heuristic (stopgap): business + commercial function","soil_musym":"BsE","soil_muname":"Brackett-Maloterre complex, 2 to 12 percent slopes","soil_clay_pct":28.7,"soil_ksat_um_per_s":null}},{"type":"Feature","geometry":{"type":"Polygon","coordinates":[[[-97.63839288982581,32.72729725320023],[-97.638182025471,32.72771089799317],[-97.6385513469413,32.727710487763545],[-97.6387318842318,32.72729813377021],[-97.63904939112318,32.72711264751635],[-97.63904939610991,32.72711422398007],[-97.63909421800533,32.72665897349039],[-97.63927771908318,32.72624009814123],[-97.63991617489681,32.726262299043995],[-97.63976114225912,32.72583791963212],[-97.63950517666545,32.725260925902234],[-97.63940146652155,32.72508705938568],[-97.639136132893,32.724923287807826],[-97.6390534630475,32.72488094787308],[-97.63903634905029,32.72488982884965],[-97.63838679990214,32.725351771824165],[-97.63808772793345,32.72578324769407],[-97.63811159167415,32.72624613670661],[-97.63843609445428,32.727001674622976],[-97.63839288982581,32.72729725320023]]]},"properties":{"parcel_id":"49705","state_cd":"","legal_desc":"TR:, BLK:, SURV: JAMES S OXER","situs_street":"JENKINS RIDGE","legal_acreage":6.77,"imprv_sqft":0.0,"imprv_val":1134030.0,"total_val":1382230.0,"ite_code":210,"ite_land_use":"Single-Family Detached","units":1.0,"daily_trips":9.4,"am_peak_trips":0.7,"pm_peak_trips":0.9,"classification":"Residential","access_road":"Unknown","access_segment_id":"","snap_distance_m":109.4,"notes":"Heuristic (stopgap): default single-family \u2014 awaits real state_cd from Parker CAD","soil_musym":"BsE","soil_muname":"Brackett-Maloterre complex, 2 to 12 percent slopes","soil_clay_pct":28.7,"soil_ksat_um_per_s":null}},{"type":"Feature","geometry":{"type":"Polygon","coordinates":[[[-97.6560972193068,32.71766170831743],[-97.65610720309355,32.71913413545095],[-97.65690208702905,32.7191287789712],[-97.65691357416232,32.717661025831596],[-97.6560972193068,32.71766170831743]]]},"properties":{"parcel_id":"63195","state_cd":"","legal_desc":"TR:, BLK:, SURV: I & G N R R CO","situs_street":"QUAIL RIDGE RD","legal_acreage":3.251,"imprv_sqft":0.0,"imprv_val":808760.0,"total_val":983490.0,"ite_code":210,"ite_land_use":"Single-Family Detached","units":1.0,"daily_trips":9.4,"am_peak_trips":0.7,"pm_peak_trips":0.9,"classification":"Residential","access_road":"Unknown","access_segment_id":"","snap_distance_m":11.3,"notes":"Heuristic (stopgap): default single-family \u2014 awaits real state_cd from Parker CAD","soil_musym":"BsE","soil_muname":"Brackett-Maloterre complex, 2 to 12 percent slopes","soil_clay_pct":28.7,"soil_ksat_um_per_s":null}},{"type":"Feature","geometry":{"type":"Polygon","coordinates":[[[-97.63735556292978,32.716878154801414],[-97.63771110681186,32.71694800670453],[-97.63808092855629,32.71699509387042],[-97.63879422859563,32.71705324920466],[-97.63931739082457,32.714338478563846],[-97.63859386883024,32.71433346515387],[-97.63784917217284,32.7143281337792],[-97.63735556292978,32.716878154801414]]]},"properties":{"parcel_id":"59455","state_cd":"","legal_desc":"","situs_street":"JENKINS RD","legal_acreage":0.62,"imprv_sqft":0.0,"imprv_val":0.0,"total_val":22940.0,"ite_code":null,"ite_land_use":"","units":0.0,"daily_trips":0.0,"am_peak_trips":0.0,"pm_peak_trips":0.0,"classification":"Vacant","access_road":"","access_segment_id":"","snap_distance_m":null,"notes":"Heuristic (stopgap): no improvement value","soil_musym":"KcB","soil_muname":"Krum clay, 1 to 3 percent slopes","soil_clay_pct":43,"soil_ksat_um_per_s":null}},{"type":"Feature","geometry":{"type":"Polygon","coordinates":[[[-97.71576034980806,32.72745739513763],[-97.7145551598206,32.72731761308492],[-97.71454988594606,32.727949536691206],[-97.715754778259,32.72810949647694],[-97.71576034980806,32.72745739513763]]]},"properties":{"parcel_id":"45236","state_cd":"","legal_desc":"","situs_street":"ANNETTA CENTERPOINT RD","legal_acreage":2.0,"imprv_sqft":0.0,"imprv_val":312780.0,"total_val":402780.0,"ite_code":210,"ite_land_use":"Single-Family Detached","units":1.0,"daily_trips":9.4,"am_peak_trips":0.7,"pm_peak_trips":0.9,"classification":"Residential","access_road":"Unknown","access_segment_id":"","snap_distance_m":42.6,"notes":"Heuristic (stopgap): default single-family \u2014 awaits real state_cd from Parker CAD","soil_musym":"WoB2","soil_muname":"Windthorst fine sandy loam, 1 to 5 percent slopes, moderately eroded","soil_clay_pct":12,"soil_ksat_um_per_s":null}},{"type":"Feature","geometry":{"type":"Polygon","coordinates":[[[-97.69938850995874,32.72457121652582],[-97.70080592070727,32.72511204648212],[-97.70081881266273,32.72445180603793],[-97.69977204783167,32.72375271793024],[-97.69956701956951,32.724258640305294],[-97.69938850995874,32.72457121652582]]]},"properties":{"parcel_id":"116352","state_cd":"","legal_desc":"PC E-721","situs_street":"0   , , TX","legal_acreage":2.622,"imprv_sqft":0.0,"imprv_val":0.0,"total_val":154170.0,"ite_code":null,"ite_land_use":"","units":0.0,"daily_trips":0.0,"am_peak_trips":0.0,"pm_peak_trips":0.0,"classification":"Vacant","access_road":"","access_segment_id":"","snap_distance_m":null,"notes":"Heuristic (stopgap): no improvement value","soil_musym":"WoB2","soil_muname":"Windthorst fine sandy loam, 1 to 5 percent slopes, moderately eroded","soil_clay_pct":12,"soil_ksat_um_per_s":null}},{"type":"Feature","geometry":{"type":"Polygon","coordinates":[[[-97.66269400062318,32.72743504285575],[-97.6627017314219,32.72693030754504],[-97.6615495301269,32.72749764495006],[-97.66156068186493,32.727518766557715],[-97.66156773244154,32.727541114964644],[-97.66157050474057,32.72756412532305],[-97.66156892742742,32.727587216363354],[-97.66156304015638,32.727609803956895],[-97.66155299341752,32.7276313173481],[-97.66153903986616,32.72765121352573],[-97.66152153314538,32.72766898893872],[-97.6615009138722,32.72768419473371],[-97.66147770527641,32.72769644664561],[-97.66145249176951,32.727705434773746],[-97.66222327712656,32.72788642973662],[-97.66269400062318,32.72743504285575]]]},"properties":{"parcel_id":"17289","state_cd":"","legal_desc":"","situs_street":"WOOD GLEN CT","legal_acreage":1.55,"imprv_sqft":0.0,"imprv_val":741520.0,"total_val":841520.0,"ite_code":210,"ite_land_use":"Single-Family Detached","units":1.0,"daily_trips":9.4,"am_peak_trips":0.7,"pm_peak_trips":0.9,"classification":"Residential","access_road":"Unknown","access_segment_id":"","snap_distance_m":89.2,"notes":"Heuristic (stopgap): default single-family \u2014 awaits real state_cd from Parker CAD","soil_musym":"PcB","soil_muname":"Purves clay, 1 to 3 percent slopes","soil_clay_pct":47.5,"soil_ksat_um_per_s":null}},{"type":"Feature","geometry":{"type":"Polygon","coordinates":[[[-97.7029805632355,32.72021136820174],[-97.70297864880938,32.72023840671638],[-97.70297131440222,32.720264774670056],[-97.70295877602031,32.72028970237114],[-97.70294139974007,32.720312459869206],[-97.70291969079817,32.72033238394059],[-97.7028942870694,32.720348891574346],[-97.70286592686895,32.7203615014105],[-97.70283544246253,32.720369843618876],[-97.70280372151552,32.72037367588531],[-97.70277169213355,32.72037288602124],[-97.7027402897422,32.720367497162506],[-97.70271043149988,32.720357665801636],[-97.70268299071041,32.72034367981972],[-97.70240797158692,32.72071474791845],[-97.7023922563854,32.721988712760734],[-97.70305693155298,32.72197874043574],[-97.7043218104745,32.7219474744843],[-97.70372428277258,32.72147780289528],[-97.70373912299154,32.720216230904846],[-97.7029805632355,32.72021136820174]]]},"properties":{"parcel_id":"32681","state_cd":"","legal_desc":"","situs_street":"WEST HILL DR","legal_acreage":1.0,"imprv_sqft":0.0,"imprv_val":1045640.0,"total_val":1100640.0,"ite_code":210,"ite_land_use":"Single-Family Detached","units":1.0,"daily_trips":9.4,"am_peak_trips":0.7,"pm_peak_trips":0.9,"classification":"Residential","access_road":"Unknown","access_segment_id":"","snap_distance_m":111.9,"notes":"Heuristic (stopgap): default single-family \u2014 awaits real state_cd from Parker CAD","soil_musym":"KtC","soil_muname":"Keeter very fine sandy loam, 1 to 6 percent slopes","soil_clay_pct":7,"soil_ksat_um_per_s":null}},{"type":"Feature","geometry":{"type":"Polygon","coordinates":[[[-97.69934812417617,32.71664075323681],[-97.69954920133712,32.71738556831682],[-97.6996444302449,32.71738963483933],[-97.69973888826435,32.71740064052133],[-97.69983186887443,32.717418501453025],[-97.6999226766508,32.717443086000195],[-97.70001063372246,32.71747420853297],[-97.70009508183124,32.717511637555546],[-97.7001753908981,32.717555092153525],[-97.70025095895731,32.717604249208144],[-97.70032122178972,32.7176587398504],[-97.70044323606255,32.717594390202436],[-97.70056069052202,32.717524240203794],[-97.7006732011637,32.71744852007302],[-97.70078039770105,32.71736747725283],[-97.7008819288751,32.71728137914935],[-97.70097746251106,32.71719050681952],[-97.70046011987736,32.71665268538993],[-97.69934812417617,32.71664075323681]]]},"properties":{"parcel_id":"32674","state_cd":"","legal_desc":"","situs_street":"WEST HILL DR","legal_acreage":1.0,"imprv_sqft":0.0,"imprv_val":528590.0,"total_val":583590.0,"ite_code":210,"ite_land_use":"Single-Family Detached","units":1.0,"daily_trips":9.4,"am_peak_trips":0.7,"pm_peak_trips":0.9,"classification":"Residential","access_road":"Unknown","access_segment_id":"","snap_distance_m":58.5,"notes":"Heuristic (stopgap): default single-family \u2014 awaits real state_cd from Parker CAD","soil_musym":"KtC","soil_muname":"Keeter very fine sandy loam, 1 to 6 percent slopes","soil_clay_pct":7,"soil_ksat_um_per_s":null}},{"type":"Feature","geometry":{"type":"Polygon","coordinates":[[[-97.63698608154802,32.719836441046624],[-97.63694230487437,32.71991082085594],[-97.63689118150363,32.71998171719181],[-97.63627174929034,32.72073416849686],[-97.63622698226806,32.720795310163716],[-97.63618887078425,32.72085957969131],[-97.6361577056005,32.72092648038483],[-97.63613373732012,32.72099547649008],[-97.6360676861599,32.72122011946331],[-97.63587978762874,32.72184931386903],[-97.63586060413533,32.721905340348606],[-97.63583632658468,32.72195991099251],[-97.63580709671594,32.72201271203857],[-97.63577309156182,32.72206342095107],[-97.63557358140083,32.722328313865674],[-97.6355567800785,32.72235057184398],[-97.63556785560706,32.72237038402051],[-97.63557561531313,32.722391178692334],[-97.63557993976829,32.722412620443905],[-97.63558075576773,32.72243433810692],[-97.63557804883382,32.722455955510185],[-97.63557186528809,32.72247709780705],[-97.63556231218156,32.72249739868945],[-97.6355495561754,32.722516505791674],[-97.63553381706984,32.72253408785975],[-97.63551536880992,32.722549841071775],[-97.63549453092448,32.72256349168389],[-97.63547166312203,32.72257480320756],[-97.6354471641888,32.722583580009356],[-97.63542145703563,32.72258966901085],[-97.63539498757837,32.72259296509176],[-97.63536821406089,32.72259341191797],[-97.63514874355616,32.7241814682482],[-97.63769722540255,32.72423154169606],[-97.63773091092526,32.72365292903179],[-97.63773687143556,32.723477814440045],[-97.63775113423797,32.723060448117394],[-97.6377282524343,32.722861713320945],[-97.63757924106497,32.721567021155394],[-97.63753935826628,32.72122033562626],[-97.63799703802334,32.720109572163416],[-97.63698608154802,32.719836441046624]]]},"properties":{"parcel_id":"49712","state_cd":"","legal_desc":"TR:, BLK:, SURV: JAMES S OXER","situs_street":"BELLE CIR","legal_acreage":1.0,"imprv_sqft":0.0,"imprv_val":677270.0,"total_val":711530.0,"ite_code":210,"ite_land_use":"Single-Family Detached","units":1.0,"daily_trips":9.4,"am_peak_trips":0.7,"pm_peak_trips":0.9,"classification":"Residential","access_road":"Unknown","access_segment_id":"","snap_distance_m":118.6,"notes":"Heuristic (stopgap): default single-family \u2014 awaits real state_cd from Parker CAD","soil_musym":"BsE","soil_muname":"Brackett-Maloterre complex, 2 to 12 percent slopes","soil_clay_pct":28.7,"soil_ksat_um_per_s":null}},{"type":"Feature","geometry":{"type":"Polygon","coordinates":[[[-97.65463039655307,32.71559399007842],[-97.65437314869905,32.71549386090059],[-97.65408131420361,32.71540085571952],[-97.65365969698155,32.7152946783315],[-97.6535627632981,32.71526070567731],[-97.65346927913467,32.71522041285445],[-97.65337981928279,32.71517404728526],[-97.65329493575909,32.71512189501776],[-97.65321515036415,32.715064277968914],[-97.65270950660151,32.7146148507933],[-97.65222922131105,32.71491290562054],[-97.65222056840358,32.71565796797055],[-97.65412627432514,32.715680186897835],[-97.65500345739244,32.71569404142111],[-97.65500355251393,32.715685053360296],[-97.65487702108489,32.71566123638012],[-97.65475247681849,32.71563084299203],[-97.65463039655307,32.71559399007842]]]},"properties":{"parcel_id":"36872","state_cd":"","legal_desc":"","situs_street":"QUAIL RIDGE RD","legal_acreage":3.408,"imprv_sqft":0.0,"imprv_val":393990.0,"total_val":574480.0,"ite_code":210,"ite_land_use":"Single-Family Detached","units":1.0,"daily_trips":9.4,"am_peak_trips":0.7,"pm_peak_trips":0.9,"classification":"Residential","access_road":"Unknown","access_segment_id":"","snap_distance_m":40.4,"notes":"Heuristic (stopgap): default single-family \u2014 awaits real state_cd from Parker CAD","soil_musym":"BsE","soil_muname":"Brackett-Maloterre complex, 2 to 12 percent slopes","soil_clay_pct":28.7,"soil_ksat_um_per_s":null}},{"type":"Feature","geometry":{"type":"Polygon","coordinates":[[[-97.65224115025279,32.713885655073454],[-97.65222922131105,32.71491290562054],[-97.65270950660151,32.7146148507933],[-97.65248754772811,32.71441756781626],[-97.65243339468414,32.71436088623117],[-97.65238530620495,32.714300421255366],[-97.65234365015995,32.71423663715099],[-97.65230874407294,32.7141700194807],[-97.65228085614653,32.71410107962352],[-97.65226019897392,32.71403034300772],[-97.65224692951395,32.71395835181611],[-97.65224115025279,32.713885655073454]]]},"properties":{"parcel_id":"107675","state_cd":"","legal_desc":"","situs_street":"QUAIL RIDGE RD","legal_acreage":0.471,"imprv_sqft":0.0,"imprv_val":0.0,"total_val":37680.0,"ite_code":null,"ite_land_use":"","units":0.0,"daily_trips":0.0,"am_peak_trips":0.0,"pm_peak_trips":0.0,"classification":"Vacant","access_road":"","access_segment_id":"","snap_distance_m":null,"notes":"Heuristic (stopgap): no improvement value","soil_musym":"BsE","soil_muname":"Brackett-Maloterre complex, 2 to 12 percent slopes","soil_clay_pct":28.7,"soil_ksat_um_per_s":null}},{"type":"Feature","geometry":{"type":"Polygon","coordinates":[[[-97.68992658603047,32.718865268119316],[-97.68992617101632,32.71971118635595],[-97.69083368273034,32.71972269647809],[-97.69083417251237,32.71968158909818],[-97.69084369541288,32.71888292463001],[-97.68992658603047,32.718865268119316]]]},"properties":{"parcel_id":"126402","state_cd":"","legal_desc":"F-573","situs_street":"0   , , TX","legal_acreage":2.0,"imprv_sqft":0.0,"imprv_val":0.0,"total_val":80000.0,"ite_code":null,"ite_land_use":"","units":0.0,"daily_trips":0.0,"am_peak_trips":0.0,"pm_peak_trips":0.0,"classification":"Vacant","access_road":"","access_segment_id":"","snap_distance_m":null,"notes":"Heuristic (stopgap): no improvement value","soil_musym":"KtC","soil_muname":"Keeter very fine sandy loam, 1 to 6 percent slopes","soil_clay_pct":7,"soil_ksat_um_per_s":null}},{"type":"Feature","geometry":{"type":"Polygon","coordinates":[[[-97.63735556292978,32.716878154801414],[-97.63771110681186,32.71694800670453],[-97.63808092855629,32.71699509387042],[-97.63879422859563,32.71705324920466],[-97.63931739082457,32.714338478563846],[-97.63859386883024,32.71433346515387],[-97.63784917217284,32.7143281337792],[-97.63735556292978,32.716878154801414]]]},"properties":{"parcel_id":"49719","state_cd":"","legal_desc":"","situs_street":"JENKINS RD","legal_acreage":1.0,"imprv_sqft":0.0,"imprv_val":955030.0,"total_val":992030.0,"ite_code":210,"ite_land_use":"Single-Family Detached","units":1.0,"daily_trips":9.4,"am_peak_trips":0.7,"pm_peak_trips":0.9,"classification":"Residential","access_road":"Unknown","access_segment_id":"","snap_distance_m":159.0,"notes":"Heuristic (stopgap): default single-family \u2014 awaits real state_cd from Parker CAD","soil_musym":"KcB","soil_muname":"Krum clay, 1 to 3 percent slopes","soil_clay_pct":43,"soil_ksat_um_per_s":null}},{"type":"Feature","geometry":{"type":"Polygon","coordinates":[[[-97.71793474797997,32.72770921382168],[-97.71879301759083,32.72780852854462],[-97.71880097600314,32.727259018611555],[-97.71620470899046,32.7271100211155],[-97.71605399825384,32.72742511392826],[-97.7160239459827,32.7274879441901],[-97.7169166529871,32.72759139861078],[-97.71732945546528,32.72763916948388],[-97.71756178102603,32.7276660543619],[-97.71793474797997,32.72770921382168]]]},"properties":{"parcel_id":"0","state_cd":"","legal_desc":"","situs_street":", ,","legal_acreage":0.0,"imprv_sqft":0.0,"imprv_val":0.0,"total_val":0.0,"ite_code":null,"ite_land_use":"","units":0.0,"daily_trips":0.0,"am_peak_trips":0.0,"pm_peak_trips":0.0,"classification":"Vacant","access_road":"","access_segment_id":"","snap_distance_m":null,"notes":"Heuristic (stopgap): no improvement value","soil_musym":"VeB","soil_muname":"Venus loam, 1 to 3 percent slopes","soil_clay_pct":25,"soil_ksat_um_per_s":null}},{"type":"Feature","geometry":{"type":"Polygon","coordinates":[[[-97.71793432489956,32.72876974397961],[-97.71880120013135,32.72883958822561],[-97.71880569677823,32.72852384916825],[-97.71793244643516,32.72843946590346],[-97.71793432489956,32.72876974397961]]]},"properties":{"parcel_id":"9085","state_cd":"","legal_desc":"LOT:  1, BLK:  1, ADDN: GLENVIEW ADDN","situs_street":"ANNETTA CENTERPOINT RD","legal_acreage":0.75,"imprv_sqft":0.0,"imprv_val":220320.0,"total_val":260320.0,"ite_code":210,"ite_land_use":"Single-Family Detached","units":1.0,"daily_trips":9.4,"am_peak_trips":0.7,"pm_peak_trips":0.9,"classification":"Residential","access_road":"Unknown","access_segment_id":"","snap_distance_m":25.2,"notes":"Heuristic (stopgap): default single-family \u2014 awaits real state_cd from Parker CAD","soil_musym":"WoB2","soil_muname":"Windthorst fine sandy loam, 1 to 5 percent slopes, moderately eroded","soil_clay_pct":12,"soil_ksat_um_per_s":null}},{"type":"Feature","geometry":{"type":"Polygon","coordinates":[[[-97.71479560085868,32.73008329128501],[-97.71680471061971,32.73072482691806],[-97.71741041838827,32.72913661713294],[-97.71746222351011,32.72915221511748],[-97.717539582018,32.72887531000418],[-97.71727325083674,32.72881015141214],[-97.71680304310681,32.72864202135656],[-97.71647542751788,32.72850952478718],[-97.71602097438249,32.728366991558765],[-97.71568888389368,32.72825541085792],[-97.71479560085868,32.73008329128501]]]},"properties":{"parcel_id":"52643","state_cd":"","legal_desc":"TR:, BLK:, SURV: W M T TUBB","situs_street":"0                                             , , TX 000000","legal_acreage":9.051,"imprv_sqft":0.0,"imprv_val":0.0,"total_val":334800.0,"ite_code":null,"ite_land_use":"","units":0.0,"daily_trips":0.0,"am_peak_trips":0.0,"pm_peak_trips":0.0,"classification":"Vacant","access_road":"","access_segment_id":"","snap_distance_m":null,"notes":"Heuristic (stopgap): no improvement value","soil_musym":"LaC","soil_muname":"Wise clay loam, 3 to 5 percent slopes, moderately eroded","soil_clay_pct":28,"soil_ksat_um_per_s":null}},{"type":"Feature","geometry":{"type":"Polygon","coordinates":[[[-97.63922217161462,32.72041961951412],[-97.64432610541985,32.720395573598175],[-97.64435076649627,32.720354090677304],[-97.64436624269706,32.72019914532416],[-97.64442106847268,32.720074997517415],[-97.64443319891403,32.71985770334974],[-97.6405326704612,32.7198760926267],[-97.64053221853821,32.71980737502339],[-97.6394543113169,32.71981243492938],[-97.6393031704699,32.7201903473474],[-97.63922217161462,32.72041961951412]]]},"properties":{"parcel_id":"126389","state_cd":"","legal_desc":"","situs_street":", , TX","legal_acreage":7.193,"imprv_sqft":0.0,"imprv_val":0.0,"total_val":281280.0,"ite_code":null,"ite_land_use":"","units":0.0,"daily_trips":0.0,"am_peak_trips":0.0,"pm_peak_trips":0.0,"classification":"Vacant","access_road":"","access_segment_id":"","snap_distance_m":null,"notes":"Heuristic (stopgap): no improvement value","soil_musym":"FriA","soil_muname":"Frio silty clay, 0 to 1 percent slopes, occasionally flooded","soil_clay_pct":44,"soil_ksat_um_per_s":null}},{"type":"Feature","geometry":{"type":"Polygon","coordinates":[[[-97.715098098786,32.72670553946209],[-97.71508229479231,32.7266819592854],[-97.71507125937688,32.72665651445327],[-97.71506528950773,32.72662988773336],[-97.71506454529799,32.72660279439681],[-97.71506904592277,32.72657596144964],[-97.71507867296347,32.72655011142102],[-97.71509316529742,32.72652593707917],[-97.71511213415421,32.72650408799908],[-97.71510522895095,32.72644953794434],[-97.71510537460155,32.726394676190985],[-97.71511256747974,32.7263401529445],[-97.7151267240004,32.726286611591235],[-97.71514767636128,32.72623468776993],[-97.7151751769465,32.726184994068056],[-97.71517706488831,32.72618203351809],[-97.71392207552303,32.72581264900891],[-97.71391457901643,32.726701533182236],[-97.71456232256334,32.726695766853524],[-97.715098098786,32.72670553946209]]]},"properties":{"parcel_id":"121677","state_cd":"","legal_desc":"F-209","situs_street":"MEADOW BEND COURT","legal_acreage":2.186,"imprv_sqft":0.0,"imprv_val":0.0,"total_val":113950.0,"ite_code":null,"ite_land_use":"","units":0.0,"daily_trips":0.0,"am_peak_trips":0.0,"pm_peak_trips":0.0,"classification":"Vacant","access_road":"","access_segment_id":"","snap_distance_m":null,"notes":"Heuristic (stopgap): no improvement value","soil_musym":"WoB2","soil_muname":"Windthorst fine sandy loam, 1 to 5 percent slopes, moderately eroded","soil_clay_pct":12,"soil_ksat_um_per_s":null}},{"type":"Feature","geometry":{"type":"Polygon","coordinates":[[[-97.63433739962427,32.71906655747428],[-97.6346780313448,32.7192509227828],[-97.63493833263978,32.719008985347934],[-97.63554073590433,32.71795455105687],[-97.63443834023403,32.71770139261321],[-97.63373540077475,32.718740723770296],[-97.63403679283542,32.71890385385811],[-97.63418974388671,32.71898663875374],[-97.63433739962427,32.71906655747428]]]},"properties":{"parcel_id":"109822","state_cd":"","legal_desc":"","situs_street":", , TX","legal_acreage":3.923,"imprv_sqft":0.0,"imprv_val":0.0,"total_val":197660.0,"ite_code":null,"ite_land_use":"","units":0.0,"daily_trips":0.0,"am_peak_trips":0.0,"pm_peak_trips":0.0,"classification":"Vacant","access_road":"","access_segment_id":"","snap_distance_m":null,"notes":"Heuristic (stopgap): no improvement value","soil_musym":"BsE","soil_muname":"Brackett-Maloterre complex, 2 to 12 percent slopes","soil_clay_pct":28.7,"soil_ksat_um_per_s":null}},{"type":"Feature","geometry":{"type":"Polygon","coordinates":[[[-97.6967135288373,32.717892219439825],[-97.69676008318895,32.71594333249688],[-97.69676140884248,32.71588947211778],[-97.69614130127951,32.71588999044314],[-97.69606151085121,32.715889558136986],[-97.69558693231473,32.71588598732843],[-97.69479953886288,32.71588005809628],[-97.69569287775045,32.71730246548002],[-97.69568226100267,32.717680194556884],[-97.69578110481052,32.71768575383429],[-97.69596712800531,32.71771559111213],[-97.69643106528856,32.717825378414915],[-97.69655692395335,32.71785516123154],[-97.6967135288373,32.717892219439825]]]},"properties":{"parcel_id":"114101","state_cd":"","legal_desc":"","situs_street":"WEST HILL DR","legal_acreage":5.99,"imprv_sqft":0.0,"imprv_val":0.0,"total_val":329450.0,"ite_code":null,"ite_land_use":"","units":0.0,"daily_trips":0.0,"am_peak_trips":0.0,"pm_peak_trips":0.0,"classification":"Vacant","access_road":"","access_segment_id":"","snap_distance_m":null,"notes":"Heuristic (stopgap): no improvement value","soil_musym":"WnD3","soil_muname":"Windthorst and Duffau sandy clay loams, 1 to 8 percent slopes, severely eroded","soil_clay_pct":23.9,"soil_ksat_um_per_s":null}},{"type":"Feature","geometry":{"type":"Polygon","coordinates":[[[-97.69934812417617,32.71664075323681],[-97.70046011987736,32.71665268538993],[-97.70097746251106,32.71719050681952],[-97.70100023456813,32.71716917853597],[-97.7009892663331,32.7171445526135],[-97.70098334751488,32.71711872002351],[-97.70098264540934,32.71709241323776],[-97.70098717994631,32.71706638091462],[-97.70099682178392,32.71704136263575],[-97.70101129782934,32.71701806819875],[-97.7010301977942,32.716997160524656],[-97.70105298185703,32.71697923406323],[-97.70107900536043,32.71696479691504],[-97.70110752637626,32.716954260058294],[-97.70113773677039,32.716947923119314],[-97.70116877721807,32.716945965450684],[-97.70117930488868,32.71588789267431],[-97.70093491117773,32.715887896016234],[-97.70027617330265,32.715887903386275],[-97.69913146008302,32.71588790741065],[-97.69934812417617,32.71664075323681]]]},"properties":{"parcel_id":"32675","state_cd":"","legal_desc":"","situs_street":"FOREST CT","legal_acreage":4.588,"imprv_sqft":0.0,"imprv_val":997130.0,"total_val":1249470.0,"ite_code":210,"ite_land_use":"Single-Family Detached","units":1.0,"daily_trips":9.4,"am_peak_trips":0.7,"pm_peak_trips":0.9,"classification":"Residential","access_road":"Unknown","access_segment_id":"","snap_distance_m":130.9,"notes":"Heuristic (stopgap): default single-family \u2014 awaits real state_cd from Parker CAD","soil_musym":"KtC","soil_muname":"Keeter very fine sandy loam, 1 to 6 percent slopes","soil_clay_pct":7,"soil_ksat_um_per_s":null}},{"type":"Feature","geometry":{"type":"Polygon","coordinates":[[[-97.64888354864136,32.71064042654194],[-97.64935222569176,32.71111653495898],[-97.64943887431801,32.71044675329367],[-97.64859420128465,32.70943252165481],[-97.64836834775541,32.7101170481716],[-97.64888354864136,32.71064042654194]]]},"properties":{"parcel_id":"0","state_cd":"","legal_desc":"","situs_street":", ,","legal_acreage":0.0,"imprv_sqft":0.0,"imprv_val":0.0,"total_val":0.0,"ite_code":null,"ite_land_use":"","units":0.0,"daily_trips":0.0,"am_peak_trips":0.0,"pm_peak_trips":0.0,"classification":"Vacant","access_road":"","access_segment_id":"","snap_distance_m":null,"notes":"Heuristic (stopgap): no improvement value","soil_musym":"BsE","soil_muname":"Brackett-Maloterre complex, 2 to 12 percent slopes","soil_clay_pct":28.7,"soil_ksat_um_per_s":null}},{"type":"Feature","geometry":{"type":"Polygon","coordinates":[[[-97.63218477462104,32.71291281920021],[-97.6319304127853,32.71298886124697],[-97.63176723002563,32.713037668257186],[-97.63143798212468,32.71313064222214],[-97.63120674807107,32.713197265014685],[-97.63121302817254,32.714073906695134],[-97.63121707597928,32.714638955765686],[-97.6312210209717,32.715189656589956],[-97.63343907432392,32.71455754197442],[-97.633249176458,32.71420013533221],[-97.63324433392357,32.71418990255069],[-97.632775553833,32.713191249921316],[-97.63262900522001,32.71293521676544],[-97.63244689004185,32.71288169052104],[-97.63218477462104,32.71291281920021]]]},"properties":{"parcel_id":"49683","state_cd":"","legal_desc":"SURV: JAMES S OXER","situs_street":"JENKINS RD","legal_acreage":3.7,"imprv_sqft":0.0,"imprv_val":907910.0,"total_val":1133610.0,"ite_code":210,"ite_land_use":"Single-Family Detached","units":1.0,"daily_trips":9.4,"am_peak_trips":0.7,"pm_peak_trips":0.9,"classification":"Residential","access_road":"Unknown","access_segment_id":"","snap_distance_m":110.2,"notes":"Heuristic (stopgap): default single-family \u2014 awaits real state_cd from Parker CAD","soil_musym":"BsE","soil_muname":"Brackett-Maloterre complex, 2 to 12 percent slopes","soil_clay_pct":28.7,"soil_ksat_um_per_s":null}},{"type":"Feature","geometry":{"type":"Polygon","coordinates":[[[-97.63657368377689,32.71432265791976],[-97.63784917217284,32.7143281337792],[-97.63931739082457,32.714338478563846],[-97.63920227836637,32.714205094218904],[-97.63919217632409,32.71419459887628],[-97.63918035592246,32.71418231949775],[-97.63911855854212,32.714003024257444],[-97.63892424937917,32.71395566205728],[-97.63843091595677,32.71341358038756],[-97.63838756714668,32.712860658840185],[-97.63838002032357,32.712764391035826],[-97.6379217117999,32.7126714910408],[-97.63763675697581,32.712416263095896],[-97.63768007159838,32.71198373154248],[-97.63752300711852,32.71183364531748],[-97.63748523084536,32.71179754726705],[-97.63750781814423,32.71179195927453],[-97.63733548473807,32.71161508383771],[-97.6371913121668,32.711163576239834],[-97.63700162913044,32.711417131269855],[-97.63696914848637,32.71157424935867],[-97.63683506586611,32.71160690827511],[-97.6368010700367,32.71169576211],[-97.63703245943141,32.71165742913554],[-97.63710868311772,32.71174680045448],[-97.63692211296443,32.711874067713836],[-97.63700045706084,32.712012878719925],[-97.63685667332047,32.7121103438444],[-97.6370578211014,32.712182798431634],[-97.63690827862361,32.71231397890402],[-97.63660478411185,32.71240761253918],[-97.63627323447565,32.712784868412626],[-97.63613764286337,32.71287889770057],[-97.63596189632497,32.712832403005564],[-97.63543514104296,32.71269313813615],[-97.63460225032135,32.71273841387519],[-97.63373700781165,32.71278545520048],[-97.63378859219077,32.713498144327126],[-97.63459021034012,32.71345092194659],[-97.6353392375677,32.71340679336716],[-97.6353950864529,32.71420077062123],[-97.63657368377689,32.71432265791976]]]},"properties":{"parcel_id":"48122","state_cd":"","legal_desc":"TR:, BLK:, SURV: THOMAS ROLSTON","situs_street":"0   AL, , TX 000000","legal_acreage":3.55,"imprv_sqft":0.0,"imprv_val":0.0,"total_val":110050.0,"ite_code":null,"ite_land_use":"","units":0.0,"daily_trips":0.0,"am_peak_trips":0.0,"pm_peak_trips":0.0,"classification":"Vacant","access_road":"","access_segment_id":"","snap_distance_m":null,"notes":"Heuristic (stopgap): no improvement value","soil_musym":"KcB","soil_muname":"Krum clay, 1 to 3 percent slopes","soil_clay_pct":43,"soil_ksat_um_per_s":null}},{"type":"Feature","geometry":{"type":"Polygon","coordinates":[[[-97.69873672529381,32.71973011684429],[-97.69872722043472,32.71980641827325],[-97.69870955828226,32.71988167507625],[-97.69868388525485,32.719955265019856],[-97.6986503354137,32.720059974589454],[-97.69862470639544,32.72016627106775],[-97.69860709916223,32.72027372763656],[-97.69859758592341,32.72038191187986],[-97.69859620585132,32.720490387559494],[-97.69860296183961,32.720598719103705],[-97.69861782904533,32.72070647076034],[-97.69864470235368,32.7207170792847],[-97.69866916115544,32.72073125886629],[-97.69869054957518,32.72074862830685],[-97.69870829040124,32.72076871943677],[-97.69872190734995,32.720790992589585],[-97.69873103243583,32.720814847471694],[-97.69873542179465,32.7208396431047],[-97.6987349555621,32.720864711351865],[-97.7001080691385,32.720932938956494],[-97.69968145163384,32.720140653457264],[-97.69946490597499,32.71973838830221],[-97.69873672529381,32.71973011684429]]]},"properties":{"parcel_id":"32687","state_cd":"","legal_desc":"","situs_street":"FALCON RIDGE","legal_acreage":3.697,"imprv_sqft":0.0,"imprv_val":659380.0,"total_val":862720.0,"ite_code":210,"ite_land_use":"Single-Family Detached","units":1.0,"daily_trips":9.4,"am_peak_trips":0.7,"pm_peak_trips":0.9,"classification":"Residential","access_road":"Unknown","access_segment_id":"","snap_distance_m":76.2,"notes":"Heuristic (stopgap): default single-family \u2014 awaits real state_cd from Parker CAD","soil_musym":"ALE","soil_muname":"Aledo-Bolar association, 1 to 8 percent slopes","soil_clay_pct":30,"soil_ksat_um_per_s":null}},{"type":"Feature","geometry":{"type":"Polygon","coordinates":[[[-97.64154220722425,32.70335726590549],[-97.64282388756769,32.70405785851142],[-97.6439213461004,32.704677057411935],[-97.64445050196919,32.70497224260004],[-97.64445054207482,32.704427908074514],[-97.64444672418452,32.70322457459844],[-97.64390854020945,32.7032603676311],[-97.64391815266237,32.70258852713575],[-97.6438911191398,32.700206434013324],[-97.6427461129506,32.700325198215964],[-97.63987601637233,32.70064024193768],[-97.638264618501,32.700775764447116],[-97.63826652351418,32.700888011837954],[-97.63831065348293,32.701284418899014],[-97.63820577680748,32.70162252418563],[-97.6380913713148,32.7018512357664],[-97.63853830349733,32.70185433537996],[-97.63951355515644,32.701861097078464],[-97.63950875264038,32.701643703865386],[-97.64037023535693,32.70164966726434],[-97.64036259604208,32.70243899885348],[-97.63950802791338,32.70243163046503],[-97.63853090871474,32.70243058616469],[-97.6377949387782,32.702425481117785],[-97.6365788149481,32.70241634151089],[-97.63659261416595,32.702526499935125],[-97.63739725657409,32.70253224851298],[-97.63828265004354,32.70253856728734],[-97.63903780709656,32.70254395210285],[-97.63956325844991,32.70254769578656],[-97.63971112963735,32.70254874949826],[-97.64024807227092,32.70278783688454],[-97.64126689704545,32.703206773069454],[-97.64154220722425,32.70335726590549]],[[-97.64187480056957,32.701826224476996],[-97.64209150465604,32.70182772098925],[-97.64208427832598,32.70257587792566],[-97.64066137449912,32.70256604655155],[-97.64066402635244,32.70229195073809],[-97.64187480056957,32.701826224476996]]]},"properties":{"parcel_id":"38818","state_cd":"","legal_desc":"","situs_street":"0   , , TX 000000","legal_acreage":22.1,"imprv_sqft":0.0,"imprv_val":0.0,"total_val":654200.0,"ite_code":null,"ite_land_use":"","units":0.0,"daily_trips":0.0,"am_peak_trips":0.0,"pm_peak_trips":0.0,"classification":"Vacant","access_road":"","access_segment_id":"","snap_distance_m":null,"notes":"Heuristic (stopgap): no improvement value","soil_musym":"BsE","soil_muname":"Brackett-Maloterre complex, 2 to 12 percent slopes","soil_clay_pct":28.7,"soil_ksat_um_per_s":null}},{"type":"Feature","geometry":{"type":"Polygon","coordinates":[[[-97.7010662202486,32.717364591307806],[-97.70095486499102,32.71745861762926],[-97.70083779245826,32.717547542330614],[-97.70071532707023,32.717631116769766],[-97.70058781338174,32.71770910776616],[-97.70045560434815,32.71778129752525],[-97.70071718016186,32.71819816740594],[-97.70085713769771,32.71841230844254],[-97.7024585134509,32.717902675190885],[-97.7024588526019,32.71790256734259],[-97.70246027332526,32.717687825863884],[-97.7024608218529,32.71760500857986],[-97.70246269894685,32.71732139262428],[-97.70137031915198,32.717133378849844],[-97.70136553467985,32.71715696558351],[-97.70135628365044,32.717179582086686],[-97.70134281254774,32.71720062931455],[-97.70132547737529,32.717219548607176],[-97.70130473925168,32.71723583699224],[-97.70128114719641,32.717249063308245],[-97.70125532844831,32.71725887716058],[-97.70122796813203,32.71726501600601],[-97.70119979099303,32.71726731946478],[-97.70117154543655,32.71726572470906],[-97.7010662202486,32.717364591307806]]]},"properties":{"parcel_id":"32677","state_cd":"","legal_desc":"","situs_street":"FOREST CT","legal_acreage":4.607,"imprv_sqft":0.0,"imprv_val":746610.0,"total_val":1000000.0,"ite_code":210,"ite_land_use":"Single-Family Detached","units":1.0,"daily_trips":9.4,"am_peak_trips":0.7,"pm_peak_trips":0.9,"classification":"Residential","access_road":"Unknown","access_segment_id":"","snap_distance_m":69.8,"notes":"Heuristic (stopgap): default single-family \u2014 awaits real state_cd from Parker CAD","soil_musym":"KtC","soil_muname":"Keeter very fine sandy loam, 1 to 6 percent slopes","soil_clay_pct":7,"soil_ksat_um_per_s":null}},{"type":"Feature","geometry":{"type":"Polygon","coordinates":[[[-97.63752300711852,32.71183364531748],[-97.63768007159838,32.71198373154248],[-97.63763675697581,32.712416263095896],[-97.6379217117999,32.7126714910408],[-97.63838002032357,32.712764391035826],[-97.63838756714668,32.712860658840185],[-97.63843091595677,32.71341358038756],[-97.63892424937917,32.71395566205728],[-97.63911855854212,32.714003024257444],[-97.63918035592246,32.71418231949775],[-97.63919217632409,32.71419459887628],[-97.63937356529463,32.714159287142564],[-97.64659770311381,32.71281938390045],[-97.64656463993596,32.71229873123353],[-97.64651050763446,32.71144629828851],[-97.6459731810127,32.711489240990254],[-97.64660145933378,32.71000735398779],[-97.64648141397319,32.70993450789975],[-97.64644201328265,32.709915965816656],[-97.64620835590567,32.710476199066015],[-97.64582350295537,32.71088335643007],[-97.64594545798575,32.71110656961809],[-97.64577907838435,32.71150500942685],[-97.64544553075655,32.71153225062385],[-97.64540556771748,32.711827075694956],[-97.64534707970414,32.71187087028373],[-97.64517519932343,32.711889570119006],[-97.64442007919543,32.711614207474675],[-97.6442667395424,32.71162556821441],[-97.6436155265516,32.71165787722911],[-97.64178519057177,32.711763072120554],[-97.64043824174543,32.711824987233065],[-97.63752300711852,32.71183364531748]]]},"properties":{"parcel_id":"46327","state_cd":"","legal_desc":"SURV: J. D. LOVE","situs_street":"QUAIL RIDGE RD","legal_acreage":29.31,"imprv_sqft":0.0,"imprv_val":0.0,"total_val":867230.0,"ite_code":null,"ite_land_use":"","units":0.0,"daily_trips":0.0,"am_peak_trips":0.0,"pm_peak_trips":0.0,"classification":"Vacant","access_road":"","access_segment_id":"","snap_distance_m":null,"notes":"Heuristic (stopgap): no improvement value","soil_musym":"BsE","soil_muname":"Brackett-Maloterre complex, 2 to 12 percent slopes","soil_clay_pct":28.7,"soil_ksat_um_per_s":null}},{"type":"Feature","geometry":{"type":"Polygon","coordinates":[[[-97.65630732438262,32.720704740625656],[-97.6561297834125,32.72070515398003],[-97.65612895620787,32.72151105823059],[-97.65708067102148,32.7215272579689],[-97.6570930496213,32.72037465682746],[-97.6567612025737,32.720374066751475],[-97.65651488637197,32.72055352200094],[-97.65630732438262,32.720704740625656]]]},"properties":{"parcel_id":"2863","state_cd":"","legal_desc":"","situs_street":"QUAIL RIDGE RD","legal_acreage":2.0,"imprv_sqft":0.0,"imprv_val":418020.0,"total_val":508020.0,"ite_code":210,"ite_land_use":"Single-Family Detached","units":1.0,"daily_trips":9.4,"am_peak_trips":0.7,"pm_peak_trips":0.9,"classification":"Residential","access_road":"Unknown","access_segment_id":"","snap_distance_m":67.9,"notes":"Heuristic (stopgap): default single-family \u2014 awaits real state_cd from Parker CAD","soil_musym":"LaD","soil_muname":"Wise clay loam, 5 to 8 percent slopes","soil_clay_pct":28,"soil_ksat_um_per_s":null}},{"type":"Feature","geometry":{"type":"Polygon","coordinates":[[[-97.63989260179609,32.70340581416705],[-97.64091127468464,32.70382502542514],[-97.64126689704545,32.703206773069454],[-97.64024807227092,32.70278783688454],[-97.63989260179609,32.70340581416705]]]},"properties":{"parcel_id":"38824","state_cd":"","legal_desc":"TR:, BLK;, SURV:  ROBERT CARSON","situs_street":"UNDERWOOD RD","legal_acreage":2.0,"imprv_sqft":0.0,"imprv_val":326640.0,"total_val":446640.0,"ite_code":210,"ite_land_use":"Single-Family Detached","units":1.0,"daily_trips":9.4,"am_peak_trips":0.7,"pm_peak_trips":0.9,"classification":"Residential","access_road":"Unknown","access_segment_id":"","snap_distance_m":70.0,"notes":"Heuristic (stopgap): default single-family \u2014 awaits real state_cd from Parker CAD","soil_musym":"BsE","soil_muname":"Brackett-Maloterre complex, 2 to 12 percent slopes","soil_clay_pct":28.7,"soil_ksat_um_per_s":null}},{"type":"Feature","geometry":{"type":"Polygon","coordinates":[[[-97.69888692492707,32.72438700322267],[-97.69938850995874,32.72457121652582],[-97.69956701956951,32.724258640305294],[-97.69977204783167,32.72375271793024],[-97.69964296594307,32.7236665091803],[-97.69945198058123,32.72354427602773],[-97.69925691307262,32.72342674103322],[-97.6990579236308,32.72331400080566],[-97.69885517781684,32.723206150185476],[-97.69888692492707,32.72438700322267]]]},"properties":{"parcel_id":"116353","state_cd":"","legal_desc":"PC E-721","situs_street":"0   , , TX","legal_acreage":2.043,"imprv_sqft":0.0,"imprv_val":0.0,"total_val":153230.0,"ite_code":null,"ite_land_use":"","units":0.0,"daily_trips":0.0,"am_peak_trips":0.0,"pm_peak_trips":0.0,"classification":"Vacant","access_road":"","access_segment_id":"","snap_distance_m":null,"notes":"Heuristic (stopgap): no improvement value","soil_musym":"WoB2","soil_muname":"Windthorst fine sandy loam, 1 to 5 percent slopes, moderately eroded","soil_clay_pct":12,"soil_ksat_um_per_s":null}},{"type":"Feature","geometry":{"type":"Polygon","coordinates":[[[-97.67948824924433,32.71997347990189],[-97.68016512792927,32.72011471377432],[-97.68046277805959,32.72016105863644],[-97.68061388781423,32.72016984520436],[-97.68063229300512,32.71905395242124],[-97.68065419799974,32.71772587851127],[-97.67946934361586,32.71771446776001],[-97.67948824924433,32.71997347990189]]]},"properties":{"parcel_id":"59514","state_cd":"","legal_desc":"TR:, BLK:, SURV: JAMES WILLIAMS","situs_street":"CENTER PIONT RD","legal_acreage":5.981,"imprv_sqft":0.0,"imprv_val":0.0,"total_val":215730.0,"ite_code":null,"ite_land_use":"","units":0.0,"daily_trips":0.0,"am_peak_trips":0.0,"pm_peak_trips":0.0,"classification":"Vacant","access_road":"","access_segment_id":"","snap_distance_m":null,"notes":"Heuristic (stopgap): no improvement value","soil_musym":"VeD","soil_muname":"Venus clay loam, 5 to 8 percent slopes","soil_clay_pct":24,"soil_ksat_um_per_s":null}},{"type":"Feature","geometry":{"type":"Polygon","coordinates":[[[-97.67948824924433,32.71997347990189],[-97.68016512792927,32.72011471377432],[-97.68046277805959,32.72016105863644],[-97.68061388781423,32.72016984520436],[-97.68063229300512,32.71905395242124],[-97.68065419799974,32.71772587851127],[-97.67946934361586,32.71771446776001],[-97.67948824924433,32.71997347990189]]]},"properties":{"parcel_id":"59513","state_cd":"","legal_desc":"TR:, BLK:, SURV: JAMES WILLIAMS","situs_street":"ANNETTA CENTERPOINT RD","legal_acreage":1.0,"imprv_sqft":0.0,"imprv_val":690160.0,"total_val":726230.0,"ite_code":210,"ite_land_use":"Single-Family Detached","units":1.0,"daily_trips":9.4,"am_peak_trips":0.7,"pm_peak_trips":0.9,"classification":"Residential","access_road":"Unknown","access_segment_id":"","snap_distance_m":134.9,"notes":"Heuristic (stopgap): default single-family \u2014 awaits real state_cd from Parker CAD","soil_musym":"VeD","soil_muname":"Venus clay loam, 5 to 8 percent slopes","soil_clay_pct":24,"soil_ksat_um_per_s":null}},{"type":"Feature","geometry":{"type":"Polygon","coordinates":[[[-97.72770725787831,32.72339585720131],[-97.72781825049087,32.726319684124654],[-97.72785535066423,32.72627586508463],[-97.72803166772808,32.7261266342486],[-97.72828857939986,32.72612345724198],[-97.72843252801901,32.72612554413255],[-97.72837077024117,32.72305523981317],[-97.72770190799086,32.72306053005106],[-97.7277052457608,32.72320092605451],[-97.72770334185917,32.723292752365786],[-97.72770725787831,32.72339585720131]]]},"properties":{"parcel_id":"50836","state_cd":"","legal_desc":"","situs_street":"BUCK DOBBS RD","legal_acreage":4.008,"imprv_sqft":0.0,"imprv_val":0.0,"total_val":210340.0,"ite_code":null,"ite_land_use":"","units":0.0,"daily_trips":0.0,"am_peak_trips":0.0,"pm_peak_trips":0.0,"classification":"Vacant","access_road":"","access_segment_id":"","snap_distance_m":null,"notes":"Heuristic (stopgap): no improvement value","soil_musym":"WoB2","soil_muname":"Windthorst fine sandy loam, 1 to 5 percent slopes, moderately eroded","soil_clay_pct":12,"soil_ksat_um_per_s":null}},{"type":"Feature","geometry":{"type":"Polygon","coordinates":[[[-97.64019466240059,32.71741031230582],[-97.64023474723012,32.71745746318397],[-97.64026864731056,32.717507964012015],[-97.64029594955666,32.71756117613455],[-97.64031638193762,32.71761654664503],[-97.6403297105334,32.71767344263523],[-97.64033578583556,32.71773121735035],[-97.64033453635577,32.71778920924246],[-97.6422464550539,32.717271663634676],[-97.64222903929817,32.71724006893835],[-97.64220660452555,32.716913325273204],[-97.64217763907916,32.71688067233779],[-97.64217578909624,32.71687858712125],[-97.64174553440927,32.716393662560954],[-97.64053352869723,32.716721880717294],[-97.64019466240059,32.71741031230582]]]},"properties":{"parcel_id":"59458","state_cd":"","legal_desc":"TR:, BLK:, SURV: WILSON WOODS","situs_street":"JENKINS RD","legal_acreage":4.0,"imprv_sqft":0.0,"imprv_val":0.0,"total_val":180000.0,"ite_code":null,"ite_land_use":"","units":0.0,"daily_trips":0.0,"am_peak_trips":0.0,"pm_peak_trips":0.0,"classification":"Vacant","access_road":"","access_segment_id":"","snap_distance_m":null,"notes":"Heuristic (stopgap): no improvement value","soil_musym":"LaC","soil_muname":"Wise clay loam, 3 to 5 percent slopes, moderately eroded","soil_clay_pct":28,"soil_ksat_um_per_s":null}},{"type":"Feature","geometry":{"type":"Polygon","coordinates":[[[-97.63954161036486,32.71877923421459],[-97.63954166987732,32.71877936810009],[-97.63961055672246,32.718806995188146],[-97.64122264985097,32.71945351854568],[-97.64122299416881,32.71945365710406],[-97.64447310408579,32.71944988672578],[-97.6445134268719,32.71925937308894],[-97.64415348653057,32.71905751338388],[-97.64408561735509,32.71896409343794],[-97.64369322365167,32.71876900538598],[-97.64354785304673,32.71846106701311],[-97.64337322981227,32.71828917433141],[-97.64289878397851,32.71819980714163],[-97.64241830753447,32.71784714990325],[-97.64240734359973,32.717839102809144],[-97.64240549508897,32.71783774629935],[-97.64118580670508,32.718202950461375],[-97.64106548748458,32.71825699722024],[-97.64068247876861,32.718429039924935],[-97.64041528427505,32.71862167997066],[-97.64039121740247,32.718608138192],[-97.64002353063101,32.71840124366867],[-97.64002267930745,32.71840157326468],[-97.64002024527676,32.71840251508465],[-97.64001625745485,32.71840405760464],[-97.6396900219778,32.71853028216832],[-97.63954161036486,32.71877923421459]]]},"properties":{"parcel_id":"59433","state_cd":"","legal_desc":"","situs_street":"JENKINS RD","legal_acreage":10.43,"imprv_sqft":0.0,"imprv_val":0.0,"total_val":370650.0,"ite_code":null,"ite_land_use":"","units":0.0,"daily_trips":0.0,"am_peak_trips":0.0,"pm_peak_trips":0.0,"classification":"Vacant","access_road":"","access_segment_id":"","snap_distance_m":null,"notes":"Heuristic (stopgap): no improvement value","soil_musym":"LaC","soil_muname":"Wise clay loam, 3 to 5 percent slopes, moderately eroded","soil_clay_pct":28,"soil_ksat_um_per_s":null}},{"type":"Feature","geometry":{"type":"Polygon","coordinates":[[[-97.66764899320846,32.72080090308388],[-97.6674988734905,32.72366607394273],[-97.66859394220977,32.72367055037756],[-97.66764899320846,32.72080090308388]]]},"properties":{"parcel_id":"41035","state_cd":"","legal_desc":"","situs_street":"HILLMONT RANCH RD","legal_acreage":1.0,"imprv_sqft":0.0,"imprv_val":111700.0,"total_val":138060.0,"ite_code":820,"ite_land_use":"Shopping Center/Retail","units":10.89,"daily_trips":411.1,"am_peak_trips":12.3,"pm_peak_trips":37.0,"classification":"Commercial","access_road":"Unknown","access_segment_id":"","snap_distance_m":43.2,"notes":"Heuristic (stopgap): business + commercial function","soil_musym":"DwD","soil_muname":"Duffau-Weatherford complex, 3 to 8 percent slopes","soil_clay_pct":9.2,"soil_ksat_um_per_s":null}},{"type":"Feature","geometry":{"type":"Polygon","coordinates":[[[-97.65001015609417,32.7098000832132],[-97.64974916910998,32.709871301296886],[-97.64969653875113,32.70989994366885],[-97.64968217357361,32.70990981078118],[-97.64967671119544,32.70991356296425],[-97.64964796041514,32.709933312374304],[-97.64963622709263,32.70994337696003],[-97.64962655992673,32.709951669124656],[-97.64960402362418,32.70997100111191],[-97.64959465004726,32.709981050278685],[-97.6495826272521,32.70999393926844],[-97.64956526505419,32.710012552715575],[-97.64955795906779,32.71002246181454],[-97.64954529679525,32.71003963561087],[-97.64953215466814,32.71005745905918],[-97.64952663607073,32.71006719190376],[-97.64951479921058,32.71008806531395],[-97.6495050955689,32.710105176386634],[-97.64950111854718,32.71011478179892],[-97.6494899441874,32.71014177426753],[-97.64948441869201,32.7101551225698],[-97.64948284652402,32.710160894454994],[-97.64947389996046,32.71019374163372],[-97.64947037307516,32.7102066905693],[-97.64946997757048,32.71020956024651],[-97.6494631311568,32.71025925207816],[-97.64943887431801,32.71044675329367],[-97.64935222569176,32.71111653495898],[-97.6492287939919,32.71207062914685],[-97.6494062380687,32.712184132945666],[-97.64957301711377,32.712275470941414],[-97.64987189514818,32.71236628039902],[-97.65023491535662,32.71247900348004],[-97.65045825012649,32.712544249686175],[-97.65048635105917,32.71255581590042],[-97.65082521065548,32.71075883745574],[-97.6509130155991,32.70984997215171],[-97.6505870878787,32.70967658022815],[-97.65054183894604,32.70965499722133],[-97.65001015609417,32.7098000832132]]]},"properties":{"parcel_id":"64794","state_cd":"","legal_desc":"","situs_street":"QUAIL RIDGE RD","legal_acreage":1.0,"imprv_sqft":0.0,"imprv_val":1266200.0,"total_val":1303950.0,"ite_code":210,"ite_land_use":"Single-Family Detached","units":1.0,"daily_trips":9.4,"am_peak_trips":0.7,"pm_peak_trips":0.9,"classification":"Residential","access_road":"Unknown","access_segment_id":"","snap_distance_m":150.9,"notes":"Heuristic (stopgap): default single-family \u2014 awaits real state_cd from Parker CAD","soil_musym":"BsE","soil_muname":"Brackett-Maloterre complex, 2 to 12 percent slopes","soil_clay_pct":28.7,"soil_ksat_um_per_s":null}},{"type":"Feature","geometry":{"type":"Polygon","coordinates":[[[-97.64727387143611,32.710265081047176],[-97.64746608952237,32.710416319551534],[-97.64769688365077,32.71018739596634],[-97.64833884753807,32.71020645897029],[-97.64836834775541,32.7101170481716],[-97.64859420128465,32.70943252165481],[-97.6486488961387,32.70926674812113],[-97.64797315079389,32.709311932636716],[-97.64768666394816,32.70933108733725],[-97.64766426051352,32.70987030621593],[-97.64727387143611,32.710265081047176]]]},"properties":{"parcel_id":"64797","state_cd":"","legal_desc":"","situs_street":"QUAIL RIDGE RD","legal_acreage":2.146,"imprv_sqft":0.0,"imprv_val":282800.0,"total_val":409990.0,"ite_code":210,"ite_land_use":"Single-Family Detached","units":1.0,"daily_trips":9.4,"am_peak_trips":0.7,"pm_peak_trips":0.9,"classification":"Residential","access_road":"Unknown","access_segment_id":"","snap_distance_m":100.2,"notes":"Heuristic (stopgap): default single-family \u2014 awaits real state_cd from Parker CAD","soil_musym":"BsE","soil_muname":"Brackett-Maloterre complex, 2 to 12 percent slopes","soil_clay_pct":28.7,"soil_ksat_um_per_s":null}},{"type":"Feature","geometry":{"type":"Polygon","coordinates":[[[-97.63992567525109,32.705611774200506],[-97.6348732859584,32.70754570941831],[-97.63453983740523,32.70784658343596],[-97.63459345587674,32.708318698600074],[-97.63462556402125,32.70846834411434],[-97.63429469961757,32.70855181420151],[-97.63390685297942,32.70900838507418],[-97.63473561697661,32.70907032431038],[-97.6348562354879,32.70918923781173],[-97.63984747004244,32.709201412614064],[-97.64249844929753,32.70919551002599],[-97.64265594135769,32.7091951574395],[-97.6436792381162,32.70915972319718],[-97.64314135796401,32.70791328752099],[-97.64282779365927,32.70718664493986],[-97.64271487191638,32.70692496031659],[-97.64237812720476,32.706581839781514],[-97.6421056683724,32.70632690300002],[-97.64118719337858,32.70570104416305],[-97.64034425315083,32.705470345408344],[-97.63992567525109,32.705611774200506]]]},"properties":{"parcel_id":"35497","state_cd":"","legal_desc":"SURV: JACOB BROCKMAN","situs_street":"UNDERWOOD RD","legal_acreage":24.731,"imprv_sqft":0.0,"imprv_val":0.0,"total_val":354830.0,"ite_code":null,"ite_land_use":"","units":0.0,"daily_trips":0.0,"am_peak_trips":0.0,"pm_peak_trips":0.0,"classification":"Vacant","access_road":"","access_segment_id":"","snap_distance_m":null,"notes":"Heuristic (stopgap): no improvement value","soil_musym":"KcB","soil_muname":"Krum clay, 1 to 3 percent slopes","soil_clay_pct":43,"soil_ksat_um_per_s":null}},{"type":"Feature","geometry":{"type":"Polygon","coordinates":[[[-97.71578286943229,32.72558017497247],[-97.7169845988166,32.72612821087384],[-97.71742415971958,32.7257065752829],[-97.71693725106992,32.72548347506172],[-97.71608110049047,32.72509118102253],[-97.71606171498799,32.72513526975722],[-97.71603916821901,32.725178270766165],[-97.71578286943229,32.72558017497247]]]},"properties":{"parcel_id":"121673","state_cd":"","legal_desc":"F-209","situs_street":"MEADOW BEND COURT","legal_acreage":2.03,"imprv_sqft":0.0,"imprv_val":471100.0,"total_val":735000.0,"ite_code":210,"ite_land_use":"Single-Family Detached","units":1.0,"daily_trips":9.4,"am_peak_trips":0.7,"pm_peak_trips":0.9,"classification":"Residential","access_road":"Unknown","access_segment_id":"","snap_distance_m":259.3,"notes":"Heuristic (stopgap): default single-family \u2014 awaits real state_cd from Parker CAD","soil_musym":"WoB2","soil_muname":"Windthorst fine sandy loam, 1 to 5 percent slopes, moderately eroded","soil_clay_pct":12,"soil_ksat_um_per_s":null}},{"type":"Feature","geometry":{"type":"Polygon","coordinates":[[[-97.71392207552303,32.72581264900891],[-97.71517706488831,32.72618203351809],[-97.7154835827996,32.725701240560255],[-97.71392695978984,32.72523354376532],[-97.71392207552303,32.72581264900891]]]},"properties":{"parcel_id":"121678","state_cd":"","legal_desc":"F-209","situs_street":"MEADOW BEND COURT","legal_acreage":2.081,"imprv_sqft":0.0,"imprv_val":0.0,"total_val":212000.0,"ite_code":null,"ite_land_use":"","units":0.0,"daily_trips":0.0,"am_peak_trips":0.0,"pm_peak_trips":0.0,"classification":"Vacant","access_road":"","access_segment_id":"","snap_distance_m":null,"notes":"Heuristic (stopgap): no improvement value","soil_musym":"WoB2","soil_muname":"Windthorst fine sandy loam, 1 to 5 percent slopes, moderately eroded","soil_clay_pct":12,"soil_ksat_um_per_s":null}},{"type":"Feature","geometry":{"type":"Polygon","coordinates":[[[-97.715754778259,32.72810949647694],[-97.71576543412947,32.72811091106862],[-97.71669320705976,32.72845854290814],[-97.7169166529871,32.72759139861078],[-97.7160239459827,32.7274879441901],[-97.71576034980806,32.72745739513763],[-97.715754778259,32.72810949647694]]]},"properties":{"parcel_id":"45237","state_cd":"","legal_desc":"TR:, BLK:, SURV: JOHN KESLEY","situs_street":"ANNETTA CENTERPOINT RD","legal_acreage":2.104,"imprv_sqft":0.0,"imprv_val":97990.0,"total_val":223140.0,"ite_code":210,"ite_land_use":"Single-Family Detached","units":1.0,"daily_trips":9.4,"am_peak_trips":0.7,"pm_peak_trips":0.9,"classification":"Residential","access_road":"Unknown","access_segment_id":"","snap_distance_m":50.9,"notes":"Heuristic (stopgap): default single-family \u2014 awaits real state_cd from Parker CAD","soil_musym":"FriA","soil_muname":"Frio silty clay, 0 to 1 percent slopes, occasionally flooded","soil_clay_pct":44,"soil_ksat_um_per_s":null}},{"type":"Feature","geometry":{"type":"Polygon","coordinates":[[[-97.66270556592924,32.7217904612749],[-97.66271060099454,32.72136699732755],[-97.6614207064126,32.72135591372891],[-97.66142007384381,32.7202272661422],[-97.66083103496432,32.720265613592076],[-97.66075710299656,32.720293847152206],[-97.66006572993797,32.720557866865946],[-97.65921778682211,32.720913377342875],[-97.65794422987955,32.72142563834656],[-97.6579505176372,32.721986882791036],[-97.65866324426615,32.72199495302351],[-97.65866375905155,32.722544640820495],[-97.65743718391413,32.722530745793144],[-97.6574320791076,32.72307134459985],[-97.66269089556727,32.72302409764433],[-97.66269739476034,32.72247761647144],[-97.66188870079807,32.722468376620526],[-97.66189969019827,32.72178125306655],[-97.66270556592924,32.7217904612749]]]},"properties":{"parcel_id":"63169","state_cd":"","legal_desc":"TR:, BLK:, SURV: I & G N R R CO","situs_street":"QUAIL RIDGE RD","legal_acreage":23.775,"imprv_sqft":0.0,"imprv_val":10080.0,"total_val":797330.0,"ite_code":null,"ite_land_use":"","units":0.0,"daily_trips":0.0,"am_peak_trips":0.0,"pm_peak_trips":0.0,"classification":"Agricultural","access_road":"","access_segment_id":"","snap_distance_m":null,"notes":"Heuristic (stopgap): large parcel, low improvement","soil_musym":"PcB","soil_muname":"Purves clay, 1 to 3 percent slopes","soil_clay_pct":47.5,"soil_ksat_um_per_s":null}},{"type":"Feature","geometry":{"type":"Polygon","coordinates":[[[-97.73543440781503,32.73346818868],[-97.73575112576825,32.733541990686405],[-97.73671795658935,32.73380054547206],[-97.73672420549336,32.7330442084011],[-97.73617540733302,32.73305129563065],[-97.73610227857753,32.73300810256188],[-97.73570495584877,32.73305700805221],[-97.73557587363955,32.73309984617525],[-97.73524736087413,32.73320886892577],[-97.73520148149612,32.73334369046612],[-97.73470386726902,32.73292360556008],[-97.73444384361143,32.73284157357548],[-97.73363556142638,32.73309126951251],[-97.73325512525274,32.733221867147144],[-97.73543440781503,32.73346818868]]]},"properties":{"parcel_id":"36389","state_cd":"","legal_desc":"","situs_street":"0   , , TX 000000","legal_acreage":5.5,"imprv_sqft":0.0,"imprv_val":0.0,"total_val":149390.0,"ite_code":null,"ite_land_use":"","units":0.0,"daily_trips":0.0,"am_peak_trips":0.0,"pm_peak_trips":0.0,"classification":"Vacant","access_road":"","access_segment_id":"","snap_distance_m":null,"notes":"Heuristic (stopgap): no improvement value","soil_musym":"Yb","soil_muname":"Santo and Bunyan soils, 0 to 1 percent slopes, frequently flooded","soil_clay_pct":14,"soil_ksat_um_per_s":null}},{"type":"Feature","geometry":{"type":"Polygon","coordinates":[[[-97.73559316316613,32.73076274673062],[-97.73333290028395,32.730756931479924],[-97.73325761356747,32.73075581862675],[-97.73325512525274,32.733221867147144],[-97.73363556142638,32.73309126951251],[-97.73444384361143,32.73284157357548],[-97.73470386726902,32.73292360556008],[-97.73520148149612,32.73334369046612],[-97.73524736087413,32.73320886892577],[-97.73557587363955,32.73309984617525],[-97.73559316316613,32.73076274673062]]]},"properties":{"parcel_id":"36392","state_cd":"","legal_desc":"TR:, BLK:, SURV: ANDREW J BELL","situs_street":"BUCK DOBBS RD","legal_acreage":1.0,"imprv_sqft":0.0,"imprv_val":164260.0,"total_val":200370.0,"ite_code":210,"ite_land_use":"Single-Family Detached","units":1.0,"daily_trips":9.4,"am_peak_trips":0.7,"pm_peak_trips":0.9,"classification":"Residential","access_road":"Unknown","access_segment_id":"","snap_distance_m":388.8,"notes":"Heuristic (stopgap): default single-family \u2014 awaits real state_cd from Parker CAD","soil_musym":"Bo","soil_muname":"Bosque loam, 0 to 1 percent slopes, occasionally flooded","soil_clay_pct":23.5,"soil_ksat_um_per_s":null}},{"type":"Feature","geometry":{"type":"Polygon","coordinates":[[[-97.73080240986293,32.7284737999814],[-97.73148110928845,32.72847799861881],[-97.73148607436997,32.72790432488247],[-97.73080737614389,32.72790012444862],[-97.73080240986293,32.7284737999814]]]},"properties":{"parcel_id":"124724","state_cd":"","legal_desc":"G-108;F-453","situs_street":"BUCK DOBBS RD","legal_acreage":1.0,"imprv_sqft":0.0,"imprv_val":157020.0,"total_val":194130.0,"ite_code":210,"ite_land_use":"Single-Family Detached","units":1.0,"daily_trips":9.4,"am_peak_trips":0.7,"pm_peak_trips":0.9,"classification":"Residential","access_road":"Unknown","access_segment_id":"","snap_distance_m":191.6,"notes":"Heuristic (stopgap): default single-family \u2014 awaits real state_cd from Parker CAD","soil_musym":"WnD3","soil_muname":"Windthorst and Duffau sandy clay loams, 1 to 8 percent slopes, severely eroded","soil_clay_pct":23.9,"soil_ksat_um_per_s":null}},{"type":"Feature","geometry":{"type":"Polygon","coordinates":[[[-97.63657368377689,32.71432265791976],[-97.63784917217284,32.7143281337792],[-97.63931739082457,32.714338478563846],[-97.63920227836637,32.714205094218904],[-97.63919217632409,32.71419459887628],[-97.63918035592246,32.71418231949775],[-97.63911855854212,32.714003024257444],[-97.63892424937917,32.71395566205728],[-97.63843091595677,32.71341358038756],[-97.63838756714668,32.712860658840185],[-97.63838002032357,32.712764391035826],[-97.6379217117999,32.7126714910408],[-97.63763675697581,32.712416263095896],[-97.63768007159838,32.71198373154248],[-97.63752300711852,32.71183364531748],[-97.63748523084536,32.71179754726705],[-97.63750781814423,32.71179195927453],[-97.63733548473807,32.71161508383771],[-97.6371913121668,32.711163576239834],[-97.63700162913044,32.711417131269855],[-97.63696914848637,32.71157424935867],[-97.63683506586611,32.71160690827511],[-97.6368010700367,32.71169576211],[-97.63703245943141,32.71165742913554],[-97.63710868311772,32.71174680045448],[-97.63692211296443,32.711874067713836],[-97.63700045706084,32.712012878719925],[-97.63685667332047,32.7121103438444],[-97.6370578211014,32.712182798431634],[-97.63690827862361,32.71231397890402],[-97.63660478411185,32.71240761253918],[-97.63627323447565,32.712784868412626],[-97.63613764286337,32.71287889770057],[-97.63596189632497,32.712832403005564],[-97.63543514104296,32.71269313813615],[-97.63460225032135,32.71273841387519],[-97.63373700781165,32.71278545520048],[-97.63378859219077,32.713498144327126],[-97.63459021034012,32.71345092194659],[-97.6353392375677,32.71340679336716],[-97.6353950864529,32.71420077062123],[-97.63657368377689,32.71432265791976]]]},"properties":{"parcel_id":"48123","state_cd":"","legal_desc":"TR:, BLK:, SURV: THOMAS ROLSTON","situs_street":"0   AL, , TX 000000","legal_acreage":2.5,"imprv_sqft":0.0,"imprv_val":0.0,"total_val":77500.0,"ite_code":null,"ite_land_use":"","units":0.0,"daily_trips":0.0,"am_peak_trips":0.0,"pm_peak_trips":0.0,"classification":"Vacant","access_road":"","access_segment_id":"","snap_distance_m":null,"notes":"Heuristic (stopgap): no improvement value","soil_musym":"KcB","soil_muname":"Krum clay, 1 to 3 percent slopes","soil_clay_pct":43,"soil_ksat_um_per_s":null}},{"type":"Feature","geometry":{"type":"Polygon","coordinates":[[[-97.65048635105917,32.71255581590042],[-97.6510794323845,32.712743820689916],[-97.65152881599172,32.71274004041403],[-97.65126893496362,32.7118446170451],[-97.65142356639701,32.71132253043235],[-97.65132617876613,32.710909830211726],[-97.65082521065548,32.71075883745574],[-97.65048635105917,32.71255581590042]]]},"properties":{"parcel_id":"127917","state_cd":"","legal_desc":"F-706","situs_street":"QUAIL RIDGE RD","legal_acreage":7.381,"imprv_sqft":0.0,"imprv_val":367900.0,"total_val":655500.0,"ite_code":210,"ite_land_use":"Single-Family Detached","units":1.0,"daily_trips":9.4,"am_peak_trips":0.7,"pm_peak_trips":0.9,"classification":"Residential","access_road":"Unknown","access_segment_id":"","snap_distance_m":101.0,"notes":"Heuristic (stopgap): default single-family \u2014 awaits real state_cd from Parker CAD","soil_musym":"BsE","soil_muname":"Brackett-Maloterre complex, 2 to 12 percent slopes","soil_clay_pct":28.7,"soil_ksat_um_per_s":null}},{"type":"Feature","geometry":{"type":"MultiPolygon","coordinates":[[[[-97.64935222569176,32.71111653495898],[-97.64888354864136,32.71064042654194],[-97.6482452862783,32.71112512502476],[-97.64861697587583,32.7114632308025],[-97.6488342986862,32.711672094954636],[-97.6490745701746,32.71191461860187],[-97.6492287939919,32.71207062914685],[-97.64935222569176,32.71111653495898]]],[[[-97.6492287939919,32.71207062914685],[-97.64922877674765,32.71207075889484],[-97.64922904755171,32.71207088610572],[-97.6492287939919,32.71207062914685]]]]},"properties":{"parcel_id":"0","state_cd":"","legal_desc":"","situs_street":", ,","legal_acreage":0.0,"imprv_sqft":0.0,"imprv_val":0.0,"total_val":0.0,"ite_code":null,"ite_land_use":"","units":0.0,"daily_trips":0.0,"am_peak_trips":0.0,"pm_peak_trips":0.0,"classification":"Vacant","access_road":"","access_segment_id":"","snap_distance_m":null,"notes":"Heuristic (stopgap): no improvement value","soil_musym":"BsE","soil_muname":"Brackett-Maloterre complex, 2 to 12 percent slopes","soil_clay_pct":28.7,"soil_ksat_um_per_s":null}},{"type":"Feature","geometry":{"type":"Polygon","coordinates":[[[-97.6523626482458,32.713856755419634],[-97.65248719124321,32.71378901311705],[-97.65264162213457,32.7137114062809],[-97.6529998819772,32.71352534107793],[-97.65312439166082,32.713462334415816],[-97.65351303239103,32.713268185015075],[-97.65352403483003,32.713241458872574],[-97.65352792930204,32.7120395432418],[-97.65226210419134,32.7120327013565],[-97.65225453188017,32.71270741990395],[-97.65238827130511,32.71288967927939],[-97.6523626482458,32.713856755419634]]]},"properties":{"parcel_id":"18805","state_cd":"","legal_desc":"LOT:  2, BLK:  1, ADDN: NEEDHAM","situs_street":"QUAIL RIDGE RD","legal_acreage":4.56,"imprv_sqft":0.0,"imprv_val":773250.0,"total_val":978450.0,"ite_code":210,"ite_land_use":"Single-Family Detached","units":1.0,"daily_trips":9.4,"am_peak_trips":0.7,"pm_peak_trips":0.9,"classification":"Residential","access_road":"Unknown","access_segment_id":"","snap_distance_m":64.2,"notes":"Heuristic (stopgap): default single-family \u2014 awaits real state_cd from Parker CAD","soil_musym":"BsE","soil_muname":"Brackett-Maloterre complex, 2 to 12 percent slopes","soil_clay_pct":28.7,"soil_ksat_um_per_s":null}},{"type":"Feature","geometry":{"type":"Polygon","coordinates":[[[-97.72054170934881,32.730607633024114],[-97.72052628741228,32.730563381233964],[-97.72040019351165,32.730337733266964],[-97.71990379555194,32.72936348828623],[-97.71988710748924,32.7293306728355],[-97.71976558146507,32.72920057774804],[-97.7196404145928,32.729122165878316],[-97.71951643808607,32.72908229886203],[-97.71951618273658,32.72908221699456],[-97.71941662050023,32.729050225664075],[-97.71916156545383,32.72901269592641],[-97.71915905282465,32.729012326618374],[-97.71921514219596,32.73022685571863],[-97.71875192969341,32.730427305712546],[-97.7189297931676,32.73108733357178],[-97.71992220676064,32.73124622015175],[-97.71993382426737,32.73124801648652],[-97.71989497606776,32.73044325769174],[-97.72054170934881,32.730607633024114]]]},"properties":{"parcel_id":"97534","state_cd":"","legal_desc":"SURV: JOHN A DIXON","situs_street":"ANNETTA CENTERPOINT RD","legal_acreage":1.323,"imprv_sqft":0.0,"imprv_val":0.0,"total_val":68470.0,"ite_code":null,"ite_land_use":"","units":0.0,"daily_trips":0.0,"am_peak_trips":0.0,"pm_peak_trips":0.0,"classification":"Vacant","access_road":"","access_segment_id":"","snap_distance_m":null,"notes":"Heuristic (stopgap): no improvement value","soil_musym":"WoB","soil_muname":"Windthorst very fine sandy loam, 1 to 5 percent slopes","soil_clay_pct":11,"soil_ksat_um_per_s":null}},{"type":"Feature","geometry":{"type":"Polygon","coordinates":[[[-97.65412627432514,32.715680186897835],[-97.65222056840358,32.71565796797055],[-97.65165265325702,32.71672878995307],[-97.65165019758389,32.71681152847623],[-97.6530151971311,32.71688878653725],[-97.65413427184211,32.71705607008339],[-97.65412986983227,32.71677968087491],[-97.65412627432514,32.715680186897835]]]},"properties":{"parcel_id":"60379","state_cd":"","legal_desc":"TR:, BLK:, SURV: B T YARBROUGH","situs_street":"QUAIL RIDGE RD","legal_acreage":1.0,"imprv_sqft":0.0,"imprv_val":598980.0,"total_val":638190.0,"ite_code":210,"ite_land_use":"Single-Family Detached","units":1.0,"daily_trips":9.4,"am_peak_trips":0.7,"pm_peak_trips":0.9,"classification":"Residential","access_road":"Unknown","access_segment_id":"","snap_distance_m":67.5,"notes":"Heuristic (stopgap): default single-family \u2014 awaits real state_cd from Parker CAD","soil_musym":"VeD","soil_muname":"Venus clay loam, 5 to 8 percent slopes","soil_clay_pct":24,"soil_ksat_um_per_s":null}},{"type":"Feature","geometry":{"type":"Polygon","coordinates":[[[-97.64126027891426,32.70448693723014],[-97.63997139652321,32.70448471067448],[-97.6399450837719,32.70460139186991],[-97.64014038199592,32.70462628451593],[-97.64060286426282,32.70507551499468],[-97.64126741190533,32.70518947049264],[-97.64131343459817,32.704939680759935],[-97.64125423865144,32.70487149954556],[-97.64126095623628,32.70448693830397],[-97.64126027891426,32.70448693723014]]]},"properties":{"parcel_id":"0","state_cd":"","legal_desc":"","situs_street":", ,","legal_acreage":0.0,"imprv_sqft":0.0,"imprv_val":0.0,"total_val":0.0,"ite_code":null,"ite_land_use":"","units":0.0,"daily_trips":0.0,"am_peak_trips":0.0,"pm_peak_trips":0.0,"classification":"Vacant","access_road":"","access_segment_id":"","snap_distance_m":null,"notes":"Heuristic (stopgap): no improvement value","soil_musym":"BsE","soil_muname":"Brackett-Maloterre complex, 2 to 12 percent slopes","soil_clay_pct":28.7,"soil_ksat_um_per_s":null}},{"type":"Feature","geometry":{"type":"Polygon","coordinates":[[[-97.73331549645957,32.7282105546501],[-97.73329938190489,32.72847171407517],[-97.7333818740709,32.728470583389885],[-97.73337780047187,32.72825827120123],[-97.73339860288958,32.7279921688303],[-97.73348314159952,32.727434778014064],[-97.73347299195015,32.727053349373236],[-97.73342759772441,32.72676410417302],[-97.73334555791507,32.726499485836335],[-97.73323443226296,32.72628898333884],[-97.73316628755869,32.72623097763122],[-97.73309809840242,32.726204936468896],[-97.733051133102,32.7262003115001],[-97.73306020897584,32.72626422327238],[-97.73266907003898,32.72629407861274],[-97.73258113264254,32.726303551490034],[-97.73249425472748,32.726318450011796],[-97.7324089032072,32.726338694996485],[-97.73232553886024,32.72636417656342],[-97.73224460883132,32.72639475769356],[-97.73216655089931,32.72643027425574],[-97.73209019465773,32.72646628286682],[-97.73211842744254,32.728085388434515],[-97.7333146259927,32.72809277335125],[-97.73331549645957,32.7282105546501]]]},"properties":{"parcel_id":"124725","state_cd":"","legal_desc":"F-453","situs_street":"BUCK DOBBS RD","legal_acreage":3.71,"imprv_sqft":0.0,"imprv_val":354810.0,"total_val":575000.0,"ite_code":210,"ite_land_use":"Single-Family Detached","units":1.0,"daily_trips":9.4,"am_peak_trips":0.7,"pm_peak_trips":0.9,"classification":"Residential","access_road":"Unknown","access_segment_id":"","snap_distance_m":75.8,"notes":"Heuristic (stopgap): default single-family \u2014 awaits real state_cd from Parker CAD","soil_musym":"BsE","soil_muname":"Brackett-Maloterre complex, 2 to 12 percent slopes","soil_clay_pct":28.7,"soil_ksat_um_per_s":null}},{"type":"Feature","geometry":{"type":"Polygon","coordinates":[[[-97.73460044593907,32.72761379388057],[-97.73459550099409,32.728187467751404],[-97.7352742005204,32.72819164839421],[-97.73527913897047,32.72761797177802],[-97.73460044593907,32.72761379388057]]]},"properties":{"parcel_id":"36395","state_cd":"","legal_desc":"","situs_street":"BUCK DOBBS RD","legal_acreage":1.0,"imprv_sqft":0.0,"imprv_val":186690.0,"total_val":224350.0,"ite_code":210,"ite_land_use":"Single-Family Detached","units":1.0,"daily_trips":9.4,"am_peak_trips":0.7,"pm_peak_trips":0.9,"classification":"Residential","access_road":"Unknown","access_segment_id":"","snap_distance_m":170.9,"notes":"Heuristic (stopgap): default single-family \u2014 awaits real state_cd from Parker CAD","soil_musym":"DwD","soil_muname":"Duffau-Weatherford complex, 3 to 8 percent slopes","soil_clay_pct":9.2,"soil_ksat_um_per_s":null}},{"type":"Feature","geometry":{"type":"Polygon","coordinates":[[[-97.67407481003775,32.7208087668332],[-97.67384676394553,32.72096183000583],[-97.67361797812676,32.72111920678204],[-97.6733937234365,32.721281178420774],[-97.67317413195453,32.72144765203342],[-97.6729593272628,32.72161853106772],[-97.67292609582252,32.72164563131287],[-97.67286064946008,32.72169870221738],[-97.67521099479436,32.72175174629397],[-97.67407481003775,32.7208087668332]]]},"properties":{"parcel_id":"129733","state_cd":"","legal_desc":"","situs_street":"0   , , TX","legal_acreage":2.823,"imprv_sqft":0.0,"imprv_val":0.0,"total_val":0.0,"ite_code":null,"ite_land_use":"","units":0.0,"daily_trips":0.0,"am_peak_trips":0.0,"pm_peak_trips":0.0,"classification":"Vacant","access_road":"","access_segment_id":"","snap_distance_m":null,"notes":"Heuristic (stopgap): no improvement value","soil_musym":"Ff","soil_muname":"Frio clay loam, 0 to 1 percent slopes, frequently flooded","soil_clay_pct":37,"soil_ksat_um_per_s":null}},{"type":"Feature","geometry":{"type":"Polygon","coordinates":[[[-97.73155433583968,32.73040635402222],[-97.7321089846019,32.73041935332945],[-97.73326511444608,32.73042108081781],[-97.73326729000756,32.72950399416049],[-97.73325290154767,32.729274108201466],[-97.73327046416044,32.72882526477683],[-97.73329938190489,32.72847171407517],[-97.73331549645957,32.7282105546501],[-97.7333146259927,32.72809277335125],[-97.73211842744254,32.728085388434515],[-97.73209019465773,32.72646628286682],[-97.73199448252053,32.72650645376364],[-97.73189639436369,32.72654229549423],[-97.73191476088364,32.7275956079894],[-97.73053700164365,32.727610816656615],[-97.7305584650425,32.72893150658263],[-97.73058217703377,32.730390490507375],[-97.73084071323001,32.73039099320943],[-97.73155433583968,32.73040635402222]],[[-97.73080240986293,32.7284737999814],[-97.73080737614389,32.72790012444862],[-97.73148607436997,32.72790432488247],[-97.73148110928845,32.72847799861881],[-97.73080240986293,32.7284737999814]]]},"properties":{"parcel_id":"127829","state_cd":"","legal_desc":"G-108;F-453","situs_street":"BUCK DOBBS RD","legal_acreage":17.674,"imprv_sqft":0.0,"imprv_val":0.0,"total_val":842020.0,"ite_code":null,"ite_land_use":"","units":0.0,"daily_trips":0.0,"am_peak_trips":0.0,"pm_peak_trips":0.0,"classification":"Vacant","access_road":"","access_segment_id":"","snap_distance_m":null,"notes":"Heuristic (stopgap): no improvement value","soil_musym":"WoB","soil_muname":"Windthorst very fine sandy loam, 1 to 5 percent slopes","soil_clay_pct":11,"soil_ksat_um_per_s":null}},{"type":"Feature","geometry":{"type":"Polygon","coordinates":[[[-97.72843252801901,32.72612554413255],[-97.72895464286877,32.72613952268797],[-97.7295177893987,32.72614182207131],[-97.73006558970702,32.72619121177844],[-97.73008391628001,32.72407753082331],[-97.73019400606388,32.72407208838856],[-97.73023361213842,32.723040488180175],[-97.72837077024117,32.72305523981317],[-97.72843252801901,32.72612554413255]]]},"properties":{"parcel_id":"50840","state_cd":"","legal_desc":"","situs_street":"BUCK DOBBS RD","legal_acreage":12.0,"imprv_sqft":0.0,"imprv_val":0.0,"total_val":472400.0,"ite_code":null,"ite_land_use":"","units":0.0,"daily_trips":0.0,"am_peak_trips":0.0,"pm_peak_trips":0.0,"classification":"Vacant","access_road":"","access_segment_id":"","snap_distance_m":null,"notes":"Heuristic (stopgap): no improvement value","soil_musym":"DkD3","soil_muname":"Duffau and Keeter soils, 2 to 7 percent slopes, moderately and severely eroded","soil_clay_pct":13,"soil_ksat_um_per_s":null}},{"type":"Feature","geometry":{"type":"Polygon","coordinates":[[[-97.63947082520363,32.719771136435014],[-97.6394543113169,32.71981243492938],[-97.64053221853821,32.71980737502339],[-97.6405326704612,32.7198760926267],[-97.64443319891403,32.71985770334974],[-97.64443471512936,32.719830218265564],[-97.64146654818173,32.71984422114288],[-97.64053195709613,32.7197661551702],[-97.63947082520363,32.719771136435014]]]},"properties":{"parcel_id":"130439","state_cd":"","legal_desc":"","situs_street":", , TX","legal_acreage":0.488,"imprv_sqft":0.0,"imprv_val":0.0,"total_val":0.0,"ite_code":null,"ite_land_use":"","units":0.0,"daily_trips":0.0,"am_peak_trips":0.0,"pm_peak_trips":0.0,"classification":"Vacant","access_road":"","access_segment_id":"","snap_distance_m":null,"notes":"Heuristic (stopgap): no improvement value","soil_musym":"LaC","soil_muname":"Wise clay loam, 3 to 5 percent slopes, moderately eroded","soil_clay_pct":28,"soil_ksat_um_per_s":null}},{"type":"Feature","geometry":{"type":"Polygon","coordinates":[[[-97.63757924106497,32.721567021155394],[-97.6377282524343,32.722861713320945],[-97.63903549413618,32.722453805545506],[-97.6390321583407,32.721338853446824],[-97.63757924106497,32.721567021155394]]]},"properties":{"parcel_id":"59439","state_cd":"","legal_desc":"TR:, BLK:, SURV: WILSON WOODS","situs_street":"JENKINS RD","legal_acreage":5.0,"imprv_sqft":0.0,"imprv_val":1330680.0,"total_val":1544930.0,"ite_code":210,"ite_land_use":"Single-Family Detached","units":1.0,"daily_trips":9.4,"am_peak_trips":0.7,"pm_peak_trips":0.9,"classification":"Residential","access_road":"Unknown","access_segment_id":"","snap_distance_m":134.3,"notes":"Heuristic (stopgap): default single-family \u2014 awaits real state_cd from Parker CAD","soil_musym":"BsE","soil_muname":"Brackett-Maloterre complex, 2 to 12 percent slopes","soil_clay_pct":28.7,"soil_ksat_um_per_s":null}},{"type":"Feature","geometry":{"type":"Polygon","coordinates":[[[-97.66282693989751,32.72178556487317],[-97.66287790428471,32.721786136351184],[-97.66293695059764,32.721786781184],[-97.6651219489686,32.721811485252324],[-97.66512186078805,32.721789658186914],[-97.66511636486098,32.720267868168385],[-97.66498144752428,32.72026683904399],[-97.66496533058069,32.720266725337716],[-97.66481315692478,32.720265693709784],[-97.66297302840685,32.72025350535718],[-97.66291719665232,32.72025329433116],[-97.66280639383177,32.72025256055233],[-97.6628311230528,32.720324240833534],[-97.66283869941012,32.72041878279431],[-97.66282693989751,32.72178556487317]]]},"properties":{"parcel_id":"0","state_cd":"","legal_desc":"","situs_street":", ,","legal_acreage":0.0,"imprv_sqft":0.0,"imprv_val":0.0,"total_val":0.0,"ite_code":null,"ite_land_use":"","units":0.0,"daily_trips":0.0,"am_peak_trips":0.0,"pm_peak_trips":0.0,"classification":"Vacant","access_road":"","access_segment_id":"","snap_distance_m":null,"notes":"Heuristic (stopgap): no improvement value","soil_musym":"BsE","soil_muname":"Brackett-Maloterre complex, 2 to 12 percent slopes","soil_clay_pct":28.7,"soil_ksat_um_per_s":null}},{"type":"Feature","geometry":{"type":"Polygon","coordinates":[[[-97.73298858977994,32.733043159706924],[-97.73296070983602,32.73317856227825],[-97.73325512525274,32.733221867147144],[-97.73325761356747,32.73075581862675],[-97.73326511444608,32.73042108081781],[-97.7321089846019,32.73041935332945],[-97.73155433583968,32.73040635402222],[-97.73084071323001,32.73039099320943],[-97.73058217703377,32.730390490507375],[-97.72770761761848,32.73031560863858],[-97.7277115025692,32.73078838156743],[-97.72131885429208,32.73080091355998],[-97.72128326410851,32.73146033812059],[-97.72993186713155,32.732733009173465],[-97.72995975048738,32.73259760727118],[-97.73298858977994,32.733043159706924]]]},"properties":{"parcel_id":"93794","state_cd":"","legal_desc":"TR:, BLK:, SURV: N J HOLDER","situs_street":"ANNETTA CENTERPOINT RD","legal_acreage":1.0,"imprv_sqft":0.0,"imprv_val":108460.0,"total_val":139410.0,"ite_code":210,"ite_land_use":"Single-Family Detached","units":1.0,"daily_trips":9.4,"am_peak_trips":0.7,"pm_peak_trips":0.9,"classification":"Residential","access_road":"Unknown","access_segment_id":"","snap_distance_m":152.7,"notes":"Heuristic (stopgap): default single-family \u2014 awaits real state_cd from Parker CAD","soil_musym":"WnD3","soil_muname":"Windthorst and Duffau sandy clay loams, 1 to 8 percent slopes, severely eroded","soil_clay_pct":23.9,"soil_ksat_um_per_s":null}},{"type":"Feature","geometry":{"type":"Polygon","coordinates":[[[-97.69374549982439,32.71773937483],[-97.69488257567507,32.718099894667205],[-97.69492075557197,32.71802289096295],[-97.69495560335743,32.717970404837345],[-97.6949962396414,32.71792098278821],[-97.69504229011689,32.71787507871843],[-97.69509333061204,32.71783311644687],[-97.69514889251384,32.717795479823415],[-97.695208463794,32.71776251724518],[-97.69527149657416,32.71773453088363],[-97.69533741138471,32.717711777614234],[-97.69542247315344,32.717696473957616],[-97.69550856683396,32.71768608024926],[-97.69559529620791,32.717680645327356],[-97.69568226100267,32.717680194556884],[-97.69569287775045,32.71730246548002],[-97.69479953886288,32.71588005809628],[-97.69457051195535,32.71587833307961],[-97.69412103784292,32.71587494553706],[-97.69370874659192,32.71587183641159],[-97.69374549982439,32.71773937483]]]},"properties":{"parcel_id":"32669","state_cd":"","legal_desc":"","situs_street":"WEST HILL DR","legal_acreage":1.0,"imprv_sqft":0.0,"imprv_val":971920.0,"total_val":1026920.0,"ite_code":210,"ite_land_use":"Single-Family Detached","units":1.0,"daily_trips":9.4,"am_peak_trips":0.7,"pm_peak_trips":0.9,"classification":"Residential","access_road":"Unknown","access_segment_id":"","snap_distance_m":120.6,"notes":"Heuristic (stopgap): default single-family \u2014 awaits real state_cd from Parker CAD","soil_musym":"WnD3","soil_muname":"Windthorst and Duffau sandy clay loams, 1 to 8 percent slopes, severely eroded","soil_clay_pct":23.9,"soil_ksat_um_per_s":null}},{"type":"Feature","geometry":{"type":"Polygon","coordinates":[[[-97.64737256994029,32.70794720973286],[-97.64738565963219,32.70835721822551],[-97.64661241656229,32.70825697877601],[-97.64660971852446,32.708446628762395],[-97.64660087863379,32.7085439937667],[-97.647433966887,32.70898560457692],[-97.64751498258283,32.70892531366405],[-97.64761871631667,32.70883087225662],[-97.64771732595207,32.70873258621224],[-97.6478106122518,32.70863065348494],[-97.64789838657022,32.708525280217934],[-97.6479804719372,32.70841667894709],[-97.64809789661855,32.708238523216004],[-97.64815805480731,32.708145875787956],[-97.64737256994029,32.70794720973286]]]},"properties":{"parcel_id":"0","state_cd":"","legal_desc":"","situs_street":", ,","legal_acreage":0.0,"imprv_sqft":0.0,"imprv_val":0.0,"total_val":0.0,"ite_code":null,"ite_land_use":"","units":0.0,"daily_trips":0.0,"am_peak_trips":0.0,"pm_peak_trips":0.0,"classification":"Vacant","access_road":"","access_segment_id":"","snap_distance_m":null,"notes":"Heuristic (stopgap): no improvement value","soil_musym":"VeD","soil_muname":"Venus clay loam, 5 to 8 percent slopes","soil_clay_pct":24,"soil_ksat_um_per_s":null}},{"type":"Feature","geometry":{"type":"Polygon","coordinates":[[[-97.65342708327056,32.71956957236227],[-97.6535943084141,32.71960099094365],[-97.65370021252384,32.719640347321565],[-97.65388028690772,32.71972652837994],[-97.65408226911191,32.71976356967536],[-97.65411078600943,32.71962535466723],[-97.65409875863602,32.71852258568773],[-97.65356541460604,32.71851398580481],[-97.65341688265302,32.71851163929051],[-97.65341531999071,32.71851161331351],[-97.65342708327056,32.71956957236227]]]},"properties":{"parcel_id":"99632","state_cd":"","legal_desc":"","situs_street":"0   , , TX","legal_acreage":2.255,"imprv_sqft":0.0,"imprv_val":0.0,"total_val":78930.0,"ite_code":null,"ite_land_use":"","units":0.0,"daily_trips":0.0,"am_peak_trips":0.0,"pm_peak_trips":0.0,"classification":"Vacant","access_road":"","access_segment_id":"","snap_distance_m":null,"notes":"Heuristic (stopgap): no improvement value","soil_musym":"BsE","soil_muname":"Brackett-Maloterre complex, 2 to 12 percent slopes","soil_clay_pct":28.7,"soil_ksat_um_per_s":null}},{"type":"Feature","geometry":{"type":"Polygon","coordinates":[[[-97.64217763907916,32.71688067233779],[-97.64220660452555,32.716913325273204],[-97.64222903929817,32.71724006893835],[-97.6422464550539,32.717271663634676],[-97.64226943887466,32.717313386632476],[-97.64233096853084,32.71742508578436],[-97.64235098534748,32.717461422295074],[-97.64239739786768,32.717786820801976],[-97.64240734359973,32.717839102809144],[-97.6424092299927,32.71784901991795],[-97.64241830753447,32.71784714990325],[-97.65027784272758,32.71622794239377],[-97.65043204906614,32.71652941104786],[-97.65165265325702,32.71672878995307],[-97.65222056840358,32.71565796797055],[-97.65222922131105,32.71491290562054],[-97.65224115025279,32.713885655073454],[-97.65220591666079,32.71349018288359],[-97.65220588677826,32.71349487769602],[-97.65201083498651,32.713489281044495],[-97.65200319874279,32.71466965757082],[-97.64217763907916,32.71688067233779]]]},"properties":{"parcel_id":"59429","state_cd":"","legal_desc":"PT OF 31 AC TR","situs_street":"0   , , TX 000000","legal_acreage":15.5,"imprv_sqft":0.0,"imprv_val":0.0,"total_val":464360.0,"ite_code":null,"ite_land_use":"","units":0.0,"daily_trips":0.0,"am_peak_trips":0.0,"pm_peak_trips":0.0,"classification":"Vacant","access_road":"","access_segment_id":"","snap_distance_m":null,"notes":"Heuristic (stopgap): no improvement value","soil_musym":"KcB","soil_muname":"Krum clay, 1 to 3 percent slopes","soil_clay_pct":43,"soil_ksat_um_per_s":null}},{"type":"Feature","geometry":{"type":"Polygon","coordinates":[[[-97.65347875901013,32.71505585789105],[-97.65349979202755,32.71506893546088],[-97.6536332669215,32.715123215032214],[-97.65480488145691,32.7154585228122],[-97.65492779139896,32.71548911606751],[-97.65501903021668,32.715504364463946],[-97.6550322232436,32.712047734309245],[-97.65403594922763,32.712042312059424],[-97.65402703561666,32.71265061939226],[-97.65412386547366,32.71323506401795],[-97.65352271498229,32.71500572603787],[-97.65347916453297,32.71505539530051],[-97.65347875901013,32.71505585789105]]]},"properties":{"parcel_id":"36874","state_cd":"","legal_desc":"TR:, BLK:, SURV: A L BURGESS","situs_street":"QUAIL RIDGE RD","legal_acreage":7.0,"imprv_sqft":0.0,"imprv_val":0.0,"total_val":262360.0,"ite_code":null,"ite_land_use":"","units":0.0,"daily_trips":0.0,"am_peak_trips":0.0,"pm_peak_trips":0.0,"classification":"Vacant","access_road":"","access_segment_id":"","snap_distance_m":null,"notes":"Heuristic (stopgap): no improvement value","soil_musym":"BsE","soil_muname":"Brackett-Maloterre complex, 2 to 12 percent slopes","soil_clay_pct":28.7,"soil_ksat_um_per_s":null}},{"type":"Feature","geometry":{"type":"Polygon","coordinates":[[[-97.65609081115379,32.716214943035965],[-97.65717290830904,32.71622914192369],[-97.65827411521538,32.71622636452288],[-97.65815407023267,32.71566452607296],[-97.65609195387051,32.71563890068002],[-97.65609081115379,32.716214943035965]]]},"properties":{"parcel_id":"63189","state_cd":"","legal_desc":"TR:, BLK:, SURV: I & G N R R CO","situs_street":"QUAIL RIDGE RD","legal_acreage":2.713,"imprv_sqft":0.0,"imprv_val":0.0,"total_val":92630.0,"ite_code":null,"ite_land_use":"","units":0.0,"daily_trips":0.0,"am_peak_trips":0.0,"pm_peak_trips":0.0,"classification":"Vacant","access_road":"","access_segment_id":"","snap_distance_m":null,"notes":"Heuristic (stopgap): no improvement value","soil_musym":"BsE","soil_muname":"Brackett-Maloterre complex, 2 to 12 percent slopes","soil_clay_pct":28.7,"soil_ksat_um_per_s":null}}]}