{"type":"FeatureCollection","metadata":{"city":"Midlothian","city_code":"CMI","total_parcels":147,"total_daily_trips":3814.0,"parcels_with_trips":108,"generated":"2026-03-21","pipeline":"MUENY build_city_parcels.py","ite_source":"ITE Trip Generation Manual 11th Edition","cad_mapping":"Parker County CAD state_cd \u2192 ITE canonical table"},"features":[{"type":"Feature","geometry":{"type":"Polygon","coordinates":[[[-98.01452109977258,32.73925304651388],[-98.01368770772783,32.7392473980055],[-98.01365758452715,32.74084146500941],[-98.01449099153294,32.74084711371908],[-98.01448080349317,32.74178268310948],[-98.01376589441169,32.741778386244384],[-98.0135568928573,32.74177710047872],[-98.01050333142533,32.74175862110689],[-98.01047713568313,32.74172316366239],[-98.01194942468697,32.74107669562577],[-98.01191913459722,32.74091945876382],[-98.01172370086661,32.73990495668564],[-98.0117187776342,32.73987930654728],[-98.01142962814346,32.73916379783457],[-98.01118900919676,32.7385683166236],[-98.01424072029583,32.73856949336687],[-98.01454744759239,32.738569607677356],[-98.01452109977258,32.73925304651388]]]},"properties":{"prop_id":80421,"state_cd":"2","ite_code":210,"ite_name":"Single-Family Detached","ite_unit":"DU","units":2,"daily_trips":18.9,"am_peak_trips":1.4,"pm_peak_trips":1.9,"imprv_val":249780.0,"acres":1.0,"city":"Midlothian","city_code":"CMI","fill_color":[34,139,34,180]}},{"type":"Feature","geometry":{"type":"Polygon","coordinates":[[[-98.00953208949034,32.74615147179583],[-98.0099236728561,32.74594792025503],[-98.01000700260785,32.74606488818576],[-98.01008978638981,32.74618104857674],[-98.01009034974267,32.74618183989449],[-98.01017364151718,32.74629880756031],[-98.00978211382402,32.746502343874205],[-98.0096987656376,32.74638540818963],[-98.00969820016266,32.7463846150581],[-98.00961545617673,32.746268456367304],[-98.00953208949034,32.74615147179583]]]},"properties":{"prop_id":79875,"state_cd":"S20","ite_code":210,"ite_name":"Single-Family Detached","ite_unit":"DU","units":1,"daily_trips":9.4,"am_peak_trips":0.7,"pm_peak_trips":0.9,"imprv_val":115160.0,"acres":0.4834,"city":"Midlothian","city_code":"CMI","fill_color":[34,139,34,180]}},{"type":"Feature","geometry":{"type":"Polygon","coordinates":[[[-98.00606242368751,32.74813244449766],[-98.00604777959563,32.74673450753939],[-98.00645767985645,32.74673627088642],[-98.00645705610958,32.74623938939688],[-98.00681625190768,32.74623790117739],[-98.00675882582075,32.747001959940405],[-98.00731899653277,32.74700135860492],[-98.00731903728952,32.74700228313793],[-98.00737027869937,32.74813847467762],[-98.00736751481075,32.748138461921116],[-98.00606242368751,32.74813244449766]]]},"properties":{"prop_id":89988,"state_cd":"2","ite_code":210,"ite_name":"Single-Family Detached","ite_unit":"DU","units":2,"daily_trips":18.9,"am_peak_trips":1.4,"pm_peak_trips":1.9,"imprv_val":0.0,"acres":2.709,"city":"Midlothian","city_code":"CMI","fill_color":[34,139,34,180]}},{"type":"Feature","geometry":{"type":"Polygon","coordinates":[[[-98.01373007855909,32.74822604552957],[-98.0143555669735,32.747905976217275],[-98.01438441677007,32.74861198739484],[-98.01403351792688,32.74863657971091],[-98.01373007855909,32.74822604552957]]]},"properties":{"prop_id":18088,"state_cd":"S20","ite_code":210,"ite_name":"Single-Family Detached","ite_unit":"DU","units":1,"daily_trips":9.4,"am_peak_trips":0.7,"pm_peak_trips":0.9,"imprv_val":42060.0,"acres":0.804,"city":"Midlothian","city_code":"CMI","fill_color":[34,139,34,180]}},{"type":"Feature","geometry":{"type":"Polygon","coordinates":[[[-98.0071831642658,32.743527738792935],[-98.00749333457331,32.743389671135894],[-98.00762055569645,32.743338028839915],[-98.00765196962733,32.743394336127494],[-98.00767279428072,32.74343166312066],[-98.00780426347413,32.74364180508972],[-98.00767926093644,32.74367836790974],[-98.00736670565475,32.743809570897746],[-98.0071831642658,32.743527738792935]]]},"properties":{"prop_id":62849,"state_cd":"S10","ite_code":210,"ite_name":"Single-Family Detached","ite_unit":"DU","units":1,"daily_trips":9.4,"am_peak_trips":0.7,"pm_peak_trips":0.9,"imprv_val":129220.0,"acres":0.32,"city":"Midlothian","city_code":"CMI","fill_color":[34,139,34,180]}},{"type":"Feature","geometry":{"type":"Polygon","coordinates":[[[-98.01187009923042,32.74550782390228],[-98.01193999886151,32.74547148423562],[-98.01200993470724,32.7454351464756],[-98.01207983543469,32.745398780582],[-98.01232753161185,32.745746371074674],[-98.01225763388375,32.74578274253016],[-98.01218773618758,32.7458190977137],[-98.0121178191369,32.74585546901509],[-98.01187009923042,32.74550782390228]]]},"properties":{"prop_id":18030,"state_cd":"S20","ite_code":210,"ite_name":"Single-Family Detached","ite_unit":"DU","units":1,"daily_trips":9.4,"am_peak_trips":0.7,"pm_peak_trips":0.9,"imprv_val":135860.0,"acres":0.2566,"city":"Midlothian","city_code":"CMI","fill_color":[34,139,34,180]}},{"type":"Feature","geometry":{"type":"Polygon","coordinates":[[[-98.00632332966833,32.74086404261493],[-98.00631974057295,32.74076376873004],[-98.00714102681636,32.74078152289485],[-98.00712566581447,32.74128001946497],[-98.00687857008052,32.74128977660286],[-98.00682608535911,32.74133860968861],[-98.00680280039063,32.74135822581272],[-98.0063234266429,32.741354383954096],[-98.00632566110818,32.74112908778139],[-98.006326640538,32.74103028308091],[-98.00632586466298,32.7409913454557],[-98.00632332966833,32.74086404261493]]]},"properties":{"prop_id":62857,"state_cd":"2","ite_code":210,"ite_name":"Single-Family Detached","ite_unit":"DU","units":2,"daily_trips":18.9,"am_peak_trips":1.4,"pm_peak_trips":1.9,"imprv_val":132730.0,"acres":1.144,"city":"Midlothian","city_code":"CMI","fill_color":[34,139,34,180]}},{"type":"Feature","geometry":{"type":"Polygon","coordinates":[[[-98.01926865390068,32.749857263129364],[-98.01729111158615,32.74972023244142],[-98.01686745878715,32.749690392934106],[-98.0174660925892,32.746781247005394],[-98.01789124514916,32.746762112209495],[-98.01924959199361,32.74669217138264],[-98.01926865390068,32.749857263129364]]]},"properties":{"prop_id":61944,"state_cd":"2","ite_code":210,"ite_name":"Single-Family Detached","ite_unit":"DU","units":12,"daily_trips":113.3,"am_peak_trips":8.5,"pm_peak_trips":11.3,"imprv_val":0.0,"acres":15.407,"city":"Midlothian","city_code":"CMI","fill_color":[255,200,0,200]}},{"type":"Feature","geometry":{"type":"Polygon","coordinates":[[[-98.00529371594374,32.74610409873085],[-98.00410513561128,32.74608504646286],[-98.00345991716033,32.746094446242545],[-98.0034592992438,32.746094453694454],[-98.00347274246373,32.7455666126877],[-98.00348899779532,32.745189060489075],[-98.00700822250961,32.74522763282448],[-98.00698744774934,32.745916129700596],[-98.00698083197332,32.74613452930287],[-98.00638627337773,32.7461275308416],[-98.00529371594374,32.74610409873085]]]},"properties":{"prop_id":62828,"state_cd":"2","ite_code":210,"ite_name":"Single-Family Detached","ite_unit":"DU","units":7,"daily_trips":66.1,"am_peak_trips":5.0,"pm_peak_trips":6.6,"imprv_val":0.0,"acres":8.348,"city":"Midlothian","city_code":"CMI","fill_color":[255,200,0,200]}},{"type":"Feature","geometry":{"type":"Polygon","coordinates":[[[-98.00956259311538,32.74422275529625],[-98.0099581219858,32.7440247347881],[-98.01000512619859,32.74409068843792],[-98.0100884724551,32.74420765640005],[-98.01017179963387,32.744324640462295],[-98.00978020487355,32.744528177400426],[-98.00956259311538,32.74422275529625]]]},"properties":{"prop_id":18059,"state_cd":"S10","ite_code":0,"ite_name":"Vacant/Agricultural","ite_unit":"N/A","units":1.0,"daily_trips":0.0,"am_peak_trips":0.0,"pm_peak_trips":0.0,"imprv_val":0.0,"acres":0.417,"city":"Midlothian","city_code":"CMI","fill_color":[80,80,80,100]}},{"type":"Feature","geometry":{"type":"Polygon","coordinates":[[[-98.0127800117152,32.746821045530474],[-98.01319976472975,32.74660281678638],[-98.01329163288194,32.74673038802841],[-98.01287269231238,32.746953542430084],[-98.0127800117152,32.746821045530474]]]},"properties":{"prop_id":18035,"state_cd":"S10","ite_code":0,"ite_name":"Vacant/Agricultural","ite_unit":"N/A","units":1.0,"daily_trips":0.0,"am_peak_trips":0.0,"pm_peak_trips":0.0,"imprv_val":730.0,"acres":0.241,"city":"Midlothian","city_code":"CMI","fill_color":[80,80,80,100]}},{"type":"Feature","geometry":{"type":"Polygon","coordinates":[[[-98.00629669205068,32.75335392649493],[-98.00630177508877,32.75312406505201],[-98.00585792761183,32.75313116028713],[-98.00587692337567,32.75187432094211],[-98.00541818227522,32.751865223528576],[-98.00474655843327,32.75185190370232],[-98.00498406271718,32.751735007179285],[-98.00498565130594,32.75173719953016],[-98.00698145061688,32.7506986069729],[-98.00702477323323,32.750758223512754],[-98.0071516647011,32.7509328430044],[-98.00769319125074,32.750666754191876],[-98.00735489988496,32.750217485392916],[-98.00777064247612,32.75000167681676],[-98.00777509907567,32.749999363243454],[-98.00794767115688,32.74990978088977],[-98.00877299426284,32.7494654029796],[-98.00887561684272,32.74960984082019],[-98.00803843504372,32.75004965704115],[-98.00821827490631,32.750306762129064],[-98.00769575314983,32.750555410520555],[-98.0078204097646,32.750734860575605],[-98.00833623781014,32.750475404764444],[-98.00853032684236,32.75075287665542],[-98.00936992855672,32.75031641244987],[-98.00912313595344,32.74996364687295],[-98.00934726140875,32.74984759374406],[-98.00963512370497,32.749698536823004],[-98.01025346442255,32.74937835167002],[-98.01116734556926,32.75078092794329],[-98.01077553172017,32.75098461236324],[-98.0107195825237,32.75101368887501],[-98.0103277676871,32.75121737188468],[-98.01019610083934,32.75128519983856],[-98.01012985476491,32.751319325419075],[-98.00979064818496,32.75149462977304],[-98.00978897750709,32.75149549344673],[-98.00974135090361,32.751520107639266],[-98.00969070497263,32.75153721753953],[-98.00966299471735,32.75155155819626],[-98.00927449199536,32.751752337163325],[-98.00861778793059,32.75199123672368],[-98.00861623295488,32.75204831432589],[-98.00861456992094,32.75280202640197],[-98.01005813948079,32.75280772388067],[-98.01005942548278,32.75313103604219],[-98.01005281015915,32.75390384540839],[-98.01003692564173,32.755192742700395],[-98.01000773624934,32.75863899467529],[-98.01000310253707,32.75918607935621],[-98.00815438064078,32.759175040553],[-98.00756698557805,32.75917213374108],[-98.00713393245964,32.759170014657876],[-98.00576675017001,32.7591632399903],[-98.00585454913589,32.75335464446886],[-98.00629669205068,32.75335392649493]]]},"properties":{"prop_id":58433,"state_cd":"2","ite_code":210,"ite_name":"Single-Family Detached","ite_unit":"DU","units":55,"daily_trips":519.2,"am_peak_trips":38.9,"pm_peak_trips":51.9,"imprv_val":0.0,"acres":69.138,"city":"Midlothian","city_code":"CMI","fill_color":[255,120,0,200]}},{"type":"Feature","geometry":{"type":"Polygon","coordinates":[[[-98.00833623781014,32.750475404764444],[-98.00821827490631,32.750306762129064],[-98.00803843504372,32.75004965704115],[-98.00887561684272,32.74960984082019],[-98.00887640151682,32.74961094504923],[-98.00895863938077,32.74972850724223],[-98.00904089658665,32.74984608478639],[-98.00912313595344,32.74996364687295],[-98.00936992855672,32.75031641244987],[-98.00853032684236,32.75075287665542],[-98.00833623781014,32.750475404764444]]]},"properties":{"prop_id":17946,"state_cd":"S5","ite_code":0,"ite_name":"Vacant/Agricultural","ite_unit":"N/A","units":1.0,"daily_trips":0.0,"am_peak_trips":0.0,"pm_peak_trips":0.0,"imprv_val":0.0,"acres":2.0721,"city":"Midlothian","city_code":"CMI","fill_color":[80,80,80,100]}},{"type":"Feature","geometry":{"type":"Polygon","coordinates":[[[-98.00245141181144,32.75423895128043],[-98.00245674370785,32.75328041406501],[-98.00256833553802,32.75330225372598],[-98.00288531771882,32.75336429386113],[-98.0029126298449,32.754367240331774],[-98.00262052784456,32.75429281765927],[-98.00245141181144,32.75423895128043]]]},"properties":{"prop_id":29175,"state_cd":"2","ite_code":210,"ite_name":"Single-Family Detached","ite_unit":"DU","units":2,"daily_trips":18.9,"am_peak_trips":1.4,"pm_peak_trips":1.9,"imprv_val":970.0,"acres":1.121,"city":"Midlothian","city_code":"CMI","fill_color":[34,139,34,180]}},{"type":"Feature","geometry":{"type":"Polygon","coordinates":[[[-98.00928017180223,32.74818087151154],[-98.00931240947182,32.748164138231346],[-98.00941934426487,32.74831699767462],[-98.00934934852492,32.748353334648726],[-98.00945626547296,32.748506193084886],[-98.00938632588866,32.74854257899998],[-98.00931632871072,32.748578948415705],[-98.00924638910149,32.748615318019404],[-98.0090325186884,32.74830959964545],[-98.00910249638709,32.748273261876236],[-98.00917245507917,32.74823687709778],[-98.0092424330172,32.748200475221424],[-98.00928017180223,32.74818087151154]]]},"properties":{"prop_id":17975,"state_cd":"S10","ite_code":0,"ite_name":"Vacant/Agricultural","ite_unit":"N/A","units":1.0,"daily_trips":0.0,"am_peak_trips":0.0,"pm_peak_trips":0.0,"imprv_val":0.0,"acres":0.2621,"city":"Midlothian","city_code":"CMI","fill_color":[80,80,80,100]}},{"type":"Feature","geometry":{"type":"Polygon","coordinates":[[[-98.00629669205068,32.75335392649493],[-98.00630177508877,32.75312406505201],[-98.00585792761183,32.75313116028713],[-98.00587692337567,32.75187432094211],[-98.00541818227522,32.751865223528576],[-98.00594075913315,32.75134248221639],[-98.00617687056047,32.75117923216651],[-98.00702477323323,32.750758223512754],[-98.0071516647011,32.7509328430044],[-98.00769319125074,32.750666754191876],[-98.00735489988496,32.750217485392916],[-98.00777064247612,32.75000167681676],[-98.00777509907567,32.749999363243454],[-98.00794767115688,32.74990978088977],[-98.00877299426284,32.7494654029796],[-98.00887561684272,32.74960984082019],[-98.00803843504372,32.75004965704115],[-98.00821827490631,32.750306762129064],[-98.00769575314983,32.750555410520555],[-98.0078204097646,32.750734860575605],[-98.00833623781014,32.750475404764444],[-98.00853032684236,32.75075287665542],[-98.00936992855672,32.75031641244987],[-98.00912313595344,32.74996364687295],[-98.00934726140875,32.74984759374406],[-98.00963512370497,32.749698536823004],[-98.01025346442255,32.74937835167002],[-98.01116734556926,32.75078092794329],[-98.01077553172017,32.75098461236324],[-98.0107195825237,32.75101368887501],[-98.0103277676871,32.75121737188468],[-98.01019610083934,32.75128519983856],[-98.01012985476491,32.751319325419075],[-98.00979064818496,32.75149462977304],[-98.00978897750709,32.75149549344673],[-98.00974135090361,32.751520107639266],[-98.00969070497263,32.75153721753953],[-98.00966299471735,32.75155155819626],[-98.00927449199536,32.751752337163325],[-98.00861778793059,32.75199123672368],[-98.00861623295488,32.75204831432589],[-98.00861456992094,32.75280202640197],[-98.01005813948079,32.75280772388067],[-98.01005942548278,32.75313103604219],[-98.01005281015915,32.75390384540839],[-98.01003692564173,32.755192742700395],[-98.01000773624934,32.75863899467529],[-98.01000310253707,32.75918607935621],[-98.00815438064078,32.759175040553],[-98.00756698557805,32.75917213374108],[-98.00713393245964,32.759170014657876],[-98.00576675017001,32.7591632399903],[-98.00585454913589,32.75335464446886],[-98.00629669205068,32.75335392649493]]]},"properties":{"prop_id":17940,"state_cd":"S5","ite_code":0,"ite_name":"Vacant/Agricultural","ite_unit":"N/A","units":1.0,"daily_trips":0.0,"am_peak_trips":0.0,"pm_peak_trips":0.0,"imprv_val":0.0,"acres":93.155,"city":"Midlothian","city_code":"CMI","fill_color":[80,80,80,100]}},{"type":"Feature","geometry":{"type":"Polygon","coordinates":[[[-98.00245674370785,32.75328041406501],[-98.00231173102561,32.753252032141866],[-98.00229740854144,32.75324922874504],[-98.00230011970368,32.75187346933991],[-98.00257267368758,32.751874984052655],[-98.00256833553802,32.75330225372598],[-98.00245674370785,32.75328041406501]]]},"properties":{"prop_id":74296,"state_cd":"2","ite_code":210,"ite_name":"Single-Family Detached","ite_unit":"DU","units":2,"daily_trips":18.9,"am_peak_trips":1.4,"pm_peak_trips":1.9,"imprv_val":22380.0,"acres":1.0,"city":"Midlothian","city_code":"CMI","fill_color":[34,139,34,180]}},{"type":"Feature","geometry":{"type":"Polygon","coordinates":[[[-98.01061234134096,32.743623570985754],[-98.01100388215491,32.743420036635975],[-98.0110044169056,32.74342078815688],[-98.01108778297288,32.74353777086054],[-98.01069623113135,32.74374131084184],[-98.01061290363006,32.743624359591635],[-98.01061234134096,32.743623570985754]]]},"properties":{"prop_id":78418,"state_cd":"S20","ite_code":210,"ite_name":"Single-Family Detached","ite_unit":"DU","units":1,"daily_trips":9.4,"am_peak_trips":0.7,"pm_peak_trips":0.9,"imprv_val":77590.0,"acres":0.1622,"city":"Midlothian","city_code":"CMI","fill_color":[34,139,34,180]}},{"type":"Feature","geometry":{"type":"Polygon","coordinates":[[[-98.01275315680574,32.74335404441652],[-98.01324923155056,32.742489137581735],[-98.0110188027755,32.74248185367422],[-98.01097237895229,32.742416713425186],[-98.01084352074145,32.74226697496126],[-98.01052447643039,32.74179160298517],[-98.01050333142533,32.74175862110689],[-98.0135568928573,32.74177710047872],[-98.01376589441169,32.741778386244384],[-98.01448080349317,32.74178268310948],[-98.01446604444136,32.74249315419717],[-98.01446031992351,32.74278516648075],[-98.01445319157138,32.74278869994705],[-98.01383092878844,32.74309714156646],[-98.01381000219779,32.743107590339164],[-98.01365859966424,32.74290004438101],[-98.01345617960253,32.74300154996461],[-98.01306082311432,32.74319978425218],[-98.01300436833098,32.74322810136934],[-98.0129125185118,32.743274142236324],[-98.01275315680574,32.74335404441652]]]},"properties":{"prop_id":63669,"state_cd":"2","ite_code":210,"ite_name":"Single-Family Detached","ite_unit":"DU","units":3,"daily_trips":28.3,"am_peak_trips":2.1,"pm_peak_trips":2.8,"imprv_val":0.0,"acres":1.969,"city":"Midlothian","city_code":"CMI","fill_color":[34,139,34,180]}},{"type":"Feature","geometry":{"type":"Polygon","coordinates":[[[-98.01259652650239,32.75164981272266],[-98.01310541437174,32.751385479786826],[-98.01332579843894,32.75156886947317],[-98.01386762364069,32.75202059620233],[-98.01281421762737,32.75198196236771],[-98.01281338764439,32.75198054505306],[-98.01274919307424,32.751871013883004],[-98.01259652650239,32.75164981272266]]]},"properties":{"prop_id":18108,"state_cd":"S40","ite_code":210,"ite_name":"Single-Family Detached","ite_unit":"DU","units":2,"daily_trips":18.9,"am_peak_trips":1.4,"pm_peak_trips":1.9,"imprv_val":131010.0,"acres":1.1089,"city":"Midlothian","city_code":"CMI","fill_color":[34,139,34,180]}},{"type":"Feature","geometry":{"type":"MultiPolygon","coordinates":[[[[-98.01116317438988,32.74754448602997],[-98.01074770892897,32.74776065871241],[-98.01052567220485,32.7474569714332],[-98.01094113678523,32.747240799488324],[-98.01116317438988,32.74754448602997]]],[[[-98.01074770892897,32.74776065871241],[-98.0107470999681,32.74776097556204],[-98.01052505253418,32.74745729545416],[-98.01074770892897,32.74776065871241]]]]},"properties":{"prop_id":17982,"state_cd":"S085","ite_code":210,"ite_name":"Single-Family Detached","ite_unit":"DU","units":1,"daily_trips":9.4,"am_peak_trips":0.7,"pm_peak_trips":0.9,"imprv_val":135920.0,"acres":0.45,"city":"Midlothian","city_code":"CMI","fill_color":[34,139,34,180]}},{"type":"Feature","geometry":{"type":"Polygon","coordinates":[[[-98.00542092841503,32.74076188938232],[-98.00623347557041,32.74076229610119],[-98.00631974057295,32.74076376873004],[-98.0063280684273,32.74099091772415],[-98.00632586466298,32.7409913454557],[-98.00604988863543,32.741044918706194],[-98.00569571534776,32.7412108311332],[-98.00555765185662,32.74098972869813],[-98.00542092841503,32.74076188938232]]]},"properties":{"prop_id":62856,"state_cd":"2","ite_code":210,"ite_name":"Single-Family Detached","ite_unit":"DU","units":1,"daily_trips":9.4,"am_peak_trips":0.7,"pm_peak_trips":0.9,"imprv_val":142817.0,"acres":0.607,"city":"Midlothian","city_code":"CMI","fill_color":[34,139,34,180]}},{"type":"Feature","geometry":{"type":"Polygon","coordinates":[[[-98.00786605463603,32.747409152362316],[-98.00810886884577,32.747283628722194],[-98.00819654315971,32.74743561490951],[-98.00824764848586,32.74752169073506],[-98.00827987442098,32.74756930023788],[-98.00841421834662,32.74776754603939],[-98.00827839218084,32.747836908459846],[-98.00818921412076,32.74788248837167],[-98.00786605463603,32.747409152362316]]]},"properties":{"prop_id":62869,"state_cd":"S75","ite_code":210,"ite_name":"Single-Family Detached","ite_unit":"DU","units":1,"daily_trips":9.4,"am_peak_trips":0.7,"pm_peak_trips":0.9,"imprv_val":136510.0,"acres":0.39,"city":"Midlothian","city_code":"CMI","fill_color":[34,139,34,180]}},{"type":"Feature","geometry":{"type":"Polygon","coordinates":[[[-98.00140822048098,32.752223866594335],[-98.00195365165108,32.75194235656419],[-98.00195461138777,32.7524448667216],[-98.00195568062739,32.75300433029714],[-98.00140822048098,32.752223866594335]]]},"properties":{"prop_id":114011,"state_cd":"2","ite_code":210,"ite_name":"Single-Family Detached","ite_unit":"DU","units":1,"daily_trips":9.4,"am_peak_trips":0.7,"pm_peak_trips":0.9,"imprv_val":35750.0,"acres":0.746,"city":"Midlothian","city_code":"CMI","fill_color":[34,139,34,180]}},{"type":"Feature","geometry":{"type":"Polygon","coordinates":[[[-98.00736670565475,32.743809570897746],[-98.00767926093644,32.74367836790974],[-98.00774470579006,32.74377942147695],[-98.00779764031331,32.743861544844336],[-98.00785251422703,32.74394668616175],[-98.00810046959654,32.744331418902256],[-98.00780618167107,32.744484389606214],[-98.00736670565475,32.743809570897746]]]},"properties":{"prop_id":62834,"state_cd":"2","ite_code":210,"ite_name":"Single-Family Detached","ite_unit":"DU","units":1,"daily_trips":9.4,"am_peak_trips":0.7,"pm_peak_trips":0.9,"imprv_val":131840.0,"acres":0.918,"city":"Midlothian","city_code":"CMI","fill_color":[34,139,34,180]}},{"type":"Feature","geometry":{"type":"Polygon","coordinates":[[[-98.01270916058144,32.74850372584354],[-98.01221559805352,32.74779823907202],[-98.01305513413688,32.74736181564642],[-98.01354868187931,32.74806726656541],[-98.01270916058144,32.74850372584354]]]},"properties":{"prop_id":18008,"state_cd":"S40","ite_code":210,"ite_name":"Single-Family Detached","ite_unit":"DU","units":2,"daily_trips":18.9,"am_peak_trips":1.4,"pm_peak_trips":1.9,"imprv_val":94980.0,"acres":2.0738,"city":"Midlothian","city_code":"CMI","fill_color":[34,139,34,180]}},{"type":"Feature","geometry":{"type":"Polygon","coordinates":[[[-98.00833851948649,32.74468617133136],[-98.00801421844605,32.74480688093634],[-98.00793929130018,32.74470425598192],[-98.0078586730909,32.74460475942973],[-98.0082174365853,32.74443160020238],[-98.00833851948649,32.74468617133136]]]},"properties":{"prop_id":62868,"state_cd":"S10","ite_code":210,"ite_name":"Single-Family Detached","ite_unit":"DU","units":1,"daily_trips":9.4,"am_peak_trips":0.7,"pm_peak_trips":0.9,"imprv_val":48860.0,"acres":0.194,"city":"Midlothian","city_code":"CMI","fill_color":[34,139,34,180]}},{"type":"Feature","geometry":{"type":"Polygon","coordinates":[[[-98.00846279702954,32.74181024456429],[-98.00847461115484,32.7416141549256],[-98.00848543270419,32.74133983335371],[-98.00849909117674,32.74078512179715],[-98.0075070524404,32.74078249477707],[-98.00751608199388,32.74025945060857],[-98.00755670751258,32.74023848267382],[-98.00830100869291,32.73985427062768],[-98.00944068962566,32.74136047647786],[-98.00948538786763,32.74142282205461],[-98.00907471214106,32.74164601612845],[-98.00864880491213,32.74187748602604],[-98.00848851299607,32.741878061666576],[-98.00846171988682,32.74189262572587],[-98.00846279702954,32.74181024456429]]]},"properties":{"prop_id":101638,"state_cd":"2","ite_code":210,"ite_name":"Single-Family Detached","ite_unit":"DU","units":3,"daily_trips":28.3,"am_peak_trips":2.1,"pm_peak_trips":2.8,"imprv_val":0.0,"acres":3.259,"city":"Midlothian","city_code":"CMI","fill_color":[34,139,34,180]}},{"type":"Feature","geometry":{"type":"Polygon","coordinates":[[[-98.00306108130678,32.75136660408016],[-98.00351885736588,32.75113005263],[-98.00404841917553,32.7518641250969],[-98.00371258973189,32.75187912777794],[-98.00348153158312,32.751924070211686],[-98.00306108130678,32.75136660408016]]]},"properties":{"prop_id":63670,"state_cd":"2","ite_code":210,"ite_name":"Single-Family Detached","ite_unit":"DU","units":2,"daily_trips":18.9,"am_peak_trips":1.4,"pm_peak_trips":1.9,"imprv_val":14360.0,"acres":1.012,"city":"Midlothian","city_code":"CMI","fill_color":[34,139,34,180]}},{"type":"Feature","geometry":{"type":"Polygon","coordinates":[[[-98.01183428907188,32.75195086874818],[-98.01144852545526,32.75194520315444],[-98.01110459639888,32.75145491924176],[-98.01149639120297,32.75125124994412],[-98.0119863509682,32.75195159472436],[-98.01183428907188,32.75195086874818]]]},"properties":{"prop_id":18095,"state_cd":"S40","ite_code":0,"ite_name":"Vacant/Agricultural","ite_unit":"N/A","units":1.0,"daily_trips":0.0,"am_peak_trips":0.0,"pm_peak_trips":0.0,"imprv_val":0.0,"acres":0.8168,"city":"Midlothian","city_code":"CMI","fill_color":[80,80,80,100]}},{"type":"Feature","geometry":{"type":"Polygon","coordinates":[[[-98.00629669205068,32.75335392649493],[-98.00630177508877,32.75312406505201],[-98.00585792761183,32.75313116028713],[-98.00587692337567,32.75187432094211],[-98.00474656164491,32.75185190191142],[-98.00498406271718,32.751735007179285],[-98.00698145061688,32.7506986069729],[-98.0071516647011,32.7509328430044],[-98.00769319125074,32.750666754191876],[-98.00735489988496,32.750217485392916],[-98.00777064247612,32.75000167681676],[-98.00777509907567,32.749999363243454],[-98.00794767115688,32.74990978088977],[-98.00877299426284,32.7494654029796],[-98.00887561684272,32.74960984082019],[-98.00803843504372,32.75004965704115],[-98.00821827490631,32.750306762129064],[-98.00769575314983,32.750555410520555],[-98.0078204097646,32.750734860575605],[-98.00833623781014,32.750475404764444],[-98.00853032684236,32.75075287665542],[-98.00936992855672,32.75031641244987],[-98.00912313595344,32.74996364687295],[-98.00934726140875,32.74984759374406],[-98.00963512370497,32.749698536823004],[-98.01025346442255,32.74937835167002],[-98.01116734556926,32.75078092794329],[-98.01077553172017,32.75098461236324],[-98.0107195825237,32.75101368887501],[-98.0103277676871,32.75121737188468],[-98.01019610083934,32.75128519983856],[-98.01012985476491,32.751319325419075],[-98.00979064818496,32.75149462977304],[-98.00978897750709,32.75149549344673],[-98.00974135090361,32.751520107639266],[-98.00969070497263,32.75153721753953],[-98.00966299471735,32.75155155819626],[-98.00927449199536,32.751752337163325],[-98.00861778793059,32.75199123672368],[-98.00861456992094,32.75280202640197],[-98.01005813948079,32.75280772388067],[-98.01005942548278,32.75313103604219],[-98.01005281015915,32.75390384540839],[-98.01003692564173,32.755192742700395],[-98.01000773624934,32.75863899467529],[-98.01000310253707,32.75918607935621],[-98.00815438064078,32.759175040553],[-98.00756698557805,32.75917213374108],[-98.00713393245964,32.759170014657876],[-98.00576675017001,32.7591632399903],[-98.00585454913589,32.75335464446886],[-98.00629669205068,32.75335392649493]]]},"properties":{"prop_id":18070,"state_cd":"S10","ite_code":0,"ite_name":"Vacant/Agricultural","ite_unit":"N/A","units":1.0,"daily_trips":0.0,"am_peak_trips":0.0,"pm_peak_trips":0.0,"imprv_val":0.0,"acres":93.9717,"city":"Midlothian","city_code":"CMI","fill_color":[80,80,80,100]}},{"type":"Feature","geometry":{"type":"Polygon","coordinates":[[[-98.01217294915455,32.744169843871546],[-98.01220867393641,32.74415123330136],[-98.01229209900583,32.74426818385035],[-98.01237544844199,32.744385150277786],[-98.01241918896427,32.74444649179311],[-98.01202333110058,32.744648535552734],[-98.0119815586117,32.74458989627996],[-98.01189822879931,32.74447291343296],[-98.0118148799095,32.74435594668627],[-98.01202644773156,32.744245952010395],[-98.01217294915455,32.744169843871546]]]},"properties":{"prop_id":18048,"state_cd":"S50","ite_code":210,"ite_name":"Single-Family Detached","ite_unit":"DU","units":1,"daily_trips":9.4,"am_peak_trips":0.7,"pm_peak_trips":0.9,"imprv_val":107030.0,"acres":0.419,"city":"Midlothian","city_code":"CMI","fill_color":[34,139,34,180]}},{"type":"Feature","geometry":{"type":"Polygon","coordinates":[[[-98.00814193529011,32.745012586916054],[-98.00838326489594,32.744924777545414],[-98.00857138492108,32.74521040006762],[-98.0083425973974,32.74532082579958],[-98.00817132557151,32.745067394435274],[-98.00814193529011,32.745012586916054]]]},"properties":{"prop_id":108468,"state_cd":"S10","ite_code":210,"ite_name":"Single-Family Detached","ite_unit":"DU","units":1,"daily_trips":9.4,"am_peak_trips":0.7,"pm_peak_trips":0.9,"imprv_val":67540.0,"acres":0.25,"city":"Midlothian","city_code":"CMI","fill_color":[34,139,34,180]}},{"type":"Feature","geometry":{"type":"Polygon","coordinates":[[[-98.01008557575669,32.747689541117836],[-98.01023336374374,32.74761387770935],[-98.01036447450336,32.747545849128585],[-98.01043242854409,32.74764269417747],[-98.01029529713084,32.747866781687115],[-98.01046346984916,32.74790806408798],[-98.01046854599602,32.747908901131495],[-98.01030439152139,32.74799407593377],[-98.01008557575669,32.747689541117836]]]},"properties":{"prop_id":17968,"state_cd":"S10","ite_code":0,"ite_name":"Vacant/Agricultural","ite_unit":"N/A","units":1.0,"daily_trips":0.0,"am_peak_trips":0.0,"pm_peak_trips":0.0,"imprv_val":0.0,"acres":0.1985,"city":"Midlothian","city_code":"CMI","fill_color":[80,80,80,100]}},{"type":"Feature","geometry":{"type":"Polygon","coordinates":[[[-98.00856834665905,32.74559386876797],[-98.00891128654725,32.74541561369622],[-98.00899461321885,32.7455326147706],[-98.00864130437807,32.745716142644866],[-98.00856834665905,32.74559386876797]]]},"properties":{"prop_id":18022,"state_cd":"S10","ite_code":210,"ite_name":"Single-Family Detached","ite_unit":"DU","units":1,"daily_trips":9.4,"am_peak_trips":0.7,"pm_peak_trips":0.9,"imprv_val":135190.0,"acres":0.1432,"city":"Midlothian","city_code":"CMI","fill_color":[34,139,34,180]}},{"type":"Feature","geometry":{"type":"Polygon","coordinates":[[[-98.0097874704473,32.74656368914946],[-98.00982243871444,32.746545520879096],[-98.01005023818371,32.74686535229941],[-98.01001490875393,32.74688301058051],[-98.0099442701227,32.746918328094154],[-98.0099089598541,32.746935987322644],[-98.00968258137752,32.746618228233125],[-98.00971755075975,32.74660005909473],[-98.0097874704473,32.74656368914946]]]},"properties":{"prop_id":17994,"state_cd":"S5","ite_code":0,"ite_name":"Vacant/Agricultural","ite_unit":"N/A","units":1.0,"daily_trips":0.0,"am_peak_trips":0.0,"pm_peak_trips":0.0,"imprv_val":0.0,"acres":0.1569,"city":"Midlothian","city_code":"CMI","fill_color":[80,80,80,100]}},{"type":"Feature","geometry":{"type":"Polygon","coordinates":[[[-98.01418345429501,32.75478995248084],[-98.01417559531468,32.755256174342385],[-98.01302057044433,32.75525770665851],[-98.01302179832838,32.75518971115095],[-98.01003692564173,32.755192742700395],[-98.01005281015915,32.75390384540839],[-98.01305896582276,32.75391758889279],[-98.0130793710963,32.754796109630774],[-98.01418345429501,32.75478995248084]]]},"properties":{"prop_id":58425,"state_cd":"2","ite_code":210,"ite_name":"Single-Family Detached","ite_unit":"DU","units":8,"daily_trips":75.5,"am_peak_trips":5.7,"pm_peak_trips":7.6,"imprv_val":0.0,"acres":9.925,"city":"Midlothian","city_code":"CMI","fill_color":[255,200,0,200]}},{"type":"Feature","geometry":{"type":"Polygon","coordinates":[[[-98.01165535921209,32.74413209026069],[-98.01205490612148,32.743935406372266],[-98.01212536335495,32.744034266911065],[-98.01220867393641,32.74415123330136],[-98.01217294915455,32.744169843871546],[-98.01202644773156,32.744245952010395],[-98.0118148799095,32.74435594668627],[-98.01173155036273,32.7442389952889],[-98.01165535921209,32.74413209026069]]]},"properties":{"prop_id":18050,"state_cd":"S25","ite_code":210,"ite_name":"Single-Family Detached","ite_unit":"DU","units":1,"daily_trips":9.4,"am_peak_trips":0.7,"pm_peak_trips":0.9,"imprv_val":165790.0,"acres":0.3047,"city":"Midlothian","city_code":"CMI","fill_color":[34,139,34,180]}},{"type":"Feature","geometry":{"type":"Polygon","coordinates":[[[-98.01437232900865,32.74956067404296],[-98.0142108524608,32.749591698113804],[-98.01402967978284,32.749339672008084],[-98.0143767174535,32.749161490055485],[-98.01437712685053,32.74912430127644],[-98.01430825354163,32.74902654307792],[-98.01403351792688,32.74863657971091],[-98.01438441677007,32.74861198739484],[-98.01480459280704,32.74858253852144],[-98.01483957359221,32.74894477238195],[-98.01467775571498,32.74895433318044],[-98.01469559999003,32.74956574216238],[-98.01437232900865,32.74956067404296]]]},"properties":{"prop_id":64400,"state_cd":"2","ite_code":210,"ite_name":"Single-Family Detached","ite_unit":"DU","units":1,"daily_trips":9.4,"am_peak_trips":0.7,"pm_peak_trips":0.9,"imprv_val":246000.0,"acres":0.889,"city":"Midlothian","city_code":"CMI","fill_color":[34,139,34,180]}},{"type":"Feature","geometry":{"type":"Polygon","coordinates":[[[-98.00642335318159,32.74231286377179],[-98.00688565782104,32.7421012778242],[-98.00706058513909,32.74233963438502],[-98.00657591004678,32.74254969197003],[-98.00642335318159,32.74231286377179]]]},"properties":{"prop_id":62841,"state_cd":"S10","ite_code":210,"ite_name":"Single-Family Detached","ite_unit":"DU","units":1,"daily_trips":9.4,"am_peak_trips":0.7,"pm_peak_trips":0.9,"imprv_val":198340.0,"acres":0.35,"city":"Midlothian","city_code":"CMI","fill_color":[34,139,34,180]}},{"type":"Feature","geometry":{"type":"Polygon","coordinates":[[[-98.01300834460346,32.74620217861239],[-98.01314827450463,32.74612943534643],[-98.01336211541708,32.74643514743599],[-98.01322222371472,32.74650787485906],[-98.01300834460346,32.74620217861239]]]},"properties":{"prop_id":18037,"state_cd":"S5","ite_code":0,"ite_name":"Vacant/Agricultural","ite_unit":"N/A","units":1.0,"daily_trips":0.0,"am_peak_trips":0.0,"pm_peak_trips":0.0,"imprv_val":0.0,"acres":0.1498,"city":"Midlothian","city_code":"CMI","fill_color":[80,80,80,100]}},{"type":"Feature","geometry":{"type":"Polygon","coordinates":[[[-98.00425377438164,32.750726988047745],[-98.0071919745323,32.74920234437944],[-98.0072263494416,32.749249828296776],[-98.00777064247612,32.75000167681676],[-98.0077706795469,32.75000172746577],[-98.00735489988496,32.750217485392916],[-98.00769319125074,32.750666754191876],[-98.0071516647011,32.7509328430044],[-98.00702477323323,32.750758223512754],[-98.00698145061688,32.7506986069729],[-98.00498566793569,32.75173421725898],[-98.00425377438164,32.750726988047745]]]},"properties":{"prop_id":17937,"state_cd":"A13","ite_code":210,"ite_name":"Single-Family Detached","ite_unit":"DU","units":2,"daily_trips":18.9,"am_peak_trips":1.4,"pm_peak_trips":1.9,"imprv_val":281160.0,"acres":1.0,"city":"Midlothian","city_code":"CMI","fill_color":[34,139,34,180]}},{"type":"Feature","geometry":{"type":"Polygon","coordinates":[[[-98.00063619650581,32.75438030591713],[-98.00088475892957,32.75413357888137],[-98.00092674658903,32.75373980474441],[-98.00093862809113,32.75362837326037],[-98.00161270043256,32.753680835599475],[-98.00172406826806,32.754438524240115],[-98.00127357375361,32.75421095032649],[-98.00075363108208,32.75444944617351],[-98.00063619650581,32.75438030591713]]]},"properties":{"prop_id":114532,"state_cd":"2","ite_code":210,"ite_name":"Single-Family Detached","ite_unit":"DU","units":2,"daily_trips":18.9,"am_peak_trips":1.4,"pm_peak_trips":1.9,"imprv_val":92300.0,"acres":1.371,"city":"Midlothian","city_code":"CMI","fill_color":[34,139,34,180]}},{"type":"Feature","geometry":{"type":"Polygon","coordinates":[[[-98.01437232900865,32.74956067404296],[-98.0142108524608,32.749591698113804],[-98.01402967978284,32.749339672008084],[-98.0143767174535,32.749161490055485],[-98.01437712685053,32.74912430127644],[-98.01430825354163,32.74902654307792],[-98.01403351792688,32.74863657971091],[-98.01438441677007,32.74861198739484],[-98.01480459280704,32.74858253852144],[-98.01483957359221,32.74894477238195],[-98.01467775571498,32.74895433318044],[-98.01469559999003,32.74956574216238],[-98.01437232900865,32.74956067404296]]]},"properties":{"prop_id":18106,"state_cd":"S10","ite_code":0,"ite_name":"Vacant/Agricultural","ite_unit":"N/A","units":1.0,"daily_trips":0.0,"am_peak_trips":0.0,"pm_peak_trips":0.0,"imprv_val":0.0,"acres":0.236,"city":"Midlothian","city_code":"CMI","fill_color":[80,80,80,100]}},{"type":"Feature","geometry":{"type":"Polygon","coordinates":[[[-98.0124815192755,32.749240637502616],[-98.01204255300999,32.74946825939555],[-98.0118515391817,32.74920005509561],[-98.01267277004412,32.74876423691898],[-98.0128696541997,32.74903937184729],[-98.0124815192755,32.749240637502616]]]},"properties":{"prop_id":18081,"state_cd":"S40","ite_code":0,"ite_name":"Vacant/Agricultural","ite_unit":"N/A","units":1.0,"daily_trips":0.0,"am_peak_trips":0.0,"pm_peak_trips":0.0,"imprv_val":0.0,"acres":0.7902,"city":"Midlothian","city_code":"CMI","fill_color":[80,80,80,100]}},{"type":"Feature","geometry":{"type":"Polygon","coordinates":[[[-98.01051835582612,32.74442171274026],[-98.01090994841961,32.74421817437724],[-98.01099327669068,32.74433515788873],[-98.01107662447855,32.74445212518645],[-98.01115993433856,32.74456904357883],[-98.0107683982152,32.74477261541637],[-98.01068506858384,32.74465566421836],[-98.01060172218784,32.744538696663895],[-98.01051835582612,32.74442171274026]]]},"properties":{"prop_id":18012,"state_cd":"S50","ite_code":210,"ite_name":"Single-Family Detached","ite_unit":"DU","units":1,"daily_trips":9.4,"am_peak_trips":0.7,"pm_peak_trips":0.9,"imprv_val":43850.0,"acres":0.4835,"city":"Midlothian","city_code":"CMI","fill_color":[34,139,34,180]}},{"type":"Feature","geometry":{"type":"Polygon","coordinates":[[[-98.00702634599864,32.74328693725579],[-98.00672140344322,32.742787685060456],[-98.00720838377867,32.74256928423504],[-98.00791417013203,32.74287834126635],[-98.00747567557478,32.74307833680957],[-98.00702634599864,32.74328693725579]]]},"properties":{"prop_id":62844,"state_cd":"2","ite_code":210,"ite_name":"Single-Family Detached","ite_unit":"DU","units":2,"daily_trips":18.9,"am_peak_trips":1.4,"pm_peak_trips":1.9,"imprv_val":122460.0,"acres":1.069,"city":"Midlothian","city_code":"CMI","fill_color":[34,139,34,180]}},{"type":"Feature","geometry":{"type":"Polygon","coordinates":[[[-98.01207983543469,32.745398780582],[-98.01214984483111,32.74536243671943],[-98.01221970058583,32.7453260777855],[-98.0122896202702,32.745289726277925],[-98.0125372448167,32.74563724031884],[-98.01246734619335,32.7456736118883],[-98.0123974484907,32.7457099996551],[-98.01232753161185,32.745746371074674],[-98.01207983543469,32.745398780582]]]},"properties":{"prop_id":18031,"state_cd":"S20","ite_code":0,"ite_name":"Vacant/Agricultural","ite_unit":"N/A","units":1.0,"daily_trips":0.0,"am_peak_trips":0.0,"pm_peak_trips":0.0,"imprv_val":1640.0,"acres":0.2566,"city":"Midlothian","city_code":"CMI","fill_color":[80,80,80,100]}},{"type":"Feature","geometry":{"type":"Polygon","coordinates":[[[-98.00964761305313,32.74663639646397],[-98.00968258137752,32.746618228233125],[-98.0099089598541,32.746935987322644],[-98.00987364957645,32.74695364563915],[-98.00980297135405,32.74698896201491],[-98.00973229413754,32.74702427925646],[-98.00958166503334,32.74709914086238],[-98.00936363461048,32.74678928796687],[-98.00950777570529,32.74670910370087],[-98.00957771370575,32.7466727339454],[-98.00964761305313,32.74663639646397]]]},"properties":{"prop_id":17993,"state_cd":"S10","ite_code":0,"ite_name":"Vacant/Agricultural","ite_unit":"N/A","units":1.0,"daily_trips":0.0,"am_peak_trips":0.0,"pm_peak_trips":0.0,"imprv_val":0.0,"acres":0.357,"city":"Midlothian","city_code":"CMI","fill_color":[80,80,80,100]}},{"type":"Feature","geometry":{"type":"Polygon","coordinates":[[[-98.01187344062167,32.74729707811534],[-98.01226523567735,32.74709339018389],[-98.01234745631004,32.7472109825449],[-98.01242973496899,32.74732854170973],[-98.01251199561047,32.747446117882326],[-98.01212019956928,32.747649805684766],[-98.01203792111168,32.747532230085106],[-98.01195566217469,32.747414637371165],[-98.01187344062167,32.74729707811534]]]},"properties":{"prop_id":18005,"state_cd":"S8","ite_code":210,"ite_name":"Single-Family Detached","ite_unit":"DU","units":1,"daily_trips":9.4,"am_peak_trips":0.7,"pm_peak_trips":0.9,"imprv_val":185390.0,"acres":0.4839,"city":"Midlothian","city_code":"CMI","fill_color":[34,139,34,180]}},{"type":"Feature","geometry":{"type":"Polygon","coordinates":[[[-98.01083694609714,32.75194520340501],[-98.01065679128106,32.75168769601792],[-98.0110486085058,32.751484011982086],[-98.01136871517404,32.75194403004708],[-98.01083694609714,32.75194520340501]]]},"properties":{"prop_id":18092,"state_cd":"S10","ite_code":0,"ite_name":"Vacant/Agricultural","ite_unit":"N/A","units":1.0,"daily_trips":0.0,"am_peak_trips":0.0,"pm_peak_trips":0.0,"imprv_val":0.0,"acres":0.4912,"city":"Midlothian","city_code":"CMI","fill_color":[80,80,80,100]}},{"type":"Feature","geometry":{"type":"Polygon","coordinates":[[[-98.01129220491774,32.74550368834117],[-98.01116721062535,32.74532826161568],[-98.01200628770879,32.744892052690794],[-98.01213129255979,32.745067494847966],[-98.01129220491774,32.74550368834117]]]},"properties":{"prop_id":18033,"state_cd":"S50","ite_code":0,"ite_name":"Vacant/Agricultural","ite_unit":"N/A","units":1.0,"daily_trips":0.0,"am_peak_trips":0.0,"pm_peak_trips":0.0,"imprv_val":0.0,"acres":0.518,"city":"Midlothian","city_code":"CMI","fill_color":[80,80,80,100]}},{"type":"Feature","geometry":{"type":"Polygon","coordinates":[[[-98.00791417013203,32.74287834126635],[-98.00720838377867,32.74256928423504],[-98.00706058513909,32.74233963438502],[-98.00688565782104,32.7421012778242],[-98.00728836631231,32.74190413478004],[-98.0073457354383,32.74187698633027],[-98.00752402624597,32.74180133790961],[-98.00846279702954,32.74181024456429],[-98.00846171988682,32.74189262572587],[-98.00846064997614,32.74197447123084],[-98.00844733292475,32.74299283450205],[-98.0083885323622,32.742994750117354],[-98.007965962295,32.743008825878874],[-98.00791417013203,32.74287834126635]]]},"properties":{"prop_id":118807,"state_cd":"2","ite_code":210,"ite_name":"Single-Family Detached","ite_unit":"DU","units":3,"daily_trips":28.3,"am_peak_trips":2.1,"pm_peak_trips":2.8,"imprv_val":0.0,"acres":3.481,"city":"Midlothian","city_code":"CMI","fill_color":[34,139,34,180]}},{"type":"Feature","geometry":{"type":"Polygon","coordinates":[[[-98.00864130437807,32.745716142644866],[-98.00899461321885,32.7455326147706],[-98.00907795958742,32.745649567166524],[-98.00916126775948,32.745766519353914],[-98.00878707103415,32.74596030189174],[-98.0087142449656,32.74583827031364],[-98.00864130437807,32.745716142644866]]]},"properties":{"prop_id":18021,"state_cd":"S10","ite_code":0,"ite_name":"Vacant/Agricultural","ite_unit":"N/A","units":1.0,"daily_trips":0.0,"am_peak_trips":0.0,"pm_peak_trips":0.0,"imprv_val":0.0,"acres":0.2989,"city":"Midlothian","city_code":"CMI","fill_color":[80,80,80,100]}},{"type":"Feature","geometry":{"type":"Polygon","coordinates":[[[-98.01333269663128,32.749681595132046],[-98.01350754682097,32.749913611255984],[-98.0130944639721,32.75012772058042],[-98.01292435454329,32.74989343181444],[-98.01333269663128,32.749681595132046]]]},"properties":{"prop_id":18103,"state_cd":"S10","ite_code":210,"ite_name":"Single-Family Detached","ite_unit":"DU","units":1,"daily_trips":9.4,"am_peak_trips":0.7,"pm_peak_trips":0.9,"imprv_val":158520.0,"acres":0.3402,"city":"Midlothian","city_code":"CMI","fill_color":[34,139,34,180]}},{"type":"Feature","geometry":{"type":"Polygon","coordinates":[[[-98.00911140587833,32.74874962604322],[-98.00955916065394,32.74851687086354],[-98.00964139849819,32.74863441638112],[-98.0097236566568,32.74875199438839],[-98.00980591379188,32.748869603899266],[-98.00935815672732,32.74910237619037],[-98.00896634729256,32.74930603870342],[-98.00888410901197,32.74918842781039],[-98.00880181420555,32.74907085000534],[-98.00871959627739,32.74895330401175],[-98.00911140587833,32.74874962604322]]]},"properties":{"prop_id":17972,"state_cd":"S40","ite_code":210,"ite_name":"Single-Family Detached","ite_unit":"DU","units":2,"daily_trips":18.9,"am_peak_trips":1.4,"pm_peak_trips":1.9,"imprv_val":124040.0,"acres":1.0369,"city":"Midlothian","city_code":"CMI","fill_color":[34,139,34,180]}},{"type":"Feature","geometry":{"type":"Polygon","coordinates":[[[-98.00888388701684,32.74526955214819],[-98.00927543045081,32.745066034954775],[-98.00935875727421,32.745183035787726],[-98.008967232813,32.745386537085416],[-98.00888388701684,32.74526955214819]]]},"properties":{"prop_id":18027,"state_cd":"S10","ite_code":210,"ite_name":"Single-Family Detached","ite_unit":"DU","units":1,"daily_trips":9.4,"am_peak_trips":0.7,"pm_peak_trips":0.9,"imprv_val":26960.0,"acres":0.1612,"city":"Midlothian","city_code":"CMI","fill_color":[34,139,34,180]}},{"type":"Feature","geometry":{"type":"Polygon","coordinates":[[[-98.00406857212275,32.7474341242433],[-98.00405774662926,32.74621426042506],[-98.0043868509162,32.74621949771657],[-98.00471654740258,32.74622475272895],[-98.00470061301223,32.747450227411775],[-98.00439775841289,32.74744249565965],[-98.00406857212275,32.7474341242433]]]},"properties":{"prop_id":75583,"state_cd":"2","ite_code":210,"ite_name":"Single-Family Detached","ite_unit":"DU","units":3,"daily_trips":28.3,"am_peak_trips":2.1,"pm_peak_trips":2.8,"imprv_val":233430.0,"acres":2.0,"city":"Midlothian","city_code":"CMI","fill_color":[34,139,34,180]}},{"type":"Feature","geometry":{"type":"Polygon","coordinates":[[[-98.01926865390068,32.749857263129364],[-98.01729111158615,32.74972023244142],[-98.01686745878715,32.749690392934106],[-98.0174660925892,32.746781247005394],[-98.01789124514916,32.746762112209495],[-98.01924959199361,32.74669217138264],[-98.01926865390068,32.749857263129364]]]},"properties":{"prop_id":61943,"state_cd":"2","ite_code":210,"ite_name":"Single-Family Detached","ite_unit":"DU","units":2,"daily_trips":18.9,"am_peak_trips":1.4,"pm_peak_trips":1.9,"imprv_val":302080.0,"acres":1.0,"city":"Midlothian","city_code":"CMI","fill_color":[34,139,34,180]}},{"type":"Feature","geometry":{"type":"Polygon","coordinates":[[[-98.00629669205068,32.75335392649493],[-98.00630177508877,32.75312406505201],[-98.00585792761183,32.75313116028713],[-98.00587692337567,32.75187432094211],[-98.00541818227522,32.751865223528576],[-98.00594075913315,32.75134248221639],[-98.00617687056047,32.75117923216651],[-98.00702477323323,32.750758223512754],[-98.0071516647011,32.7509328430044],[-98.00769319125074,32.750666754191876],[-98.00735489988496,32.750217485392916],[-98.00777064247612,32.75000167681676],[-98.00777509907567,32.749999363243454],[-98.00794767115688,32.74990978088977],[-98.00877299426284,32.7494654029796],[-98.00887561684272,32.74960984082019],[-98.00803843504372,32.75004965704115],[-98.00821827490631,32.750306762129064],[-98.00769575314983,32.750555410520555],[-98.0078204097646,32.750734860575605],[-98.00833623781014,32.750475404764444],[-98.00853032684236,32.75075287665542],[-98.00936992855672,32.75031641244987],[-98.00912313595344,32.74996364687295],[-98.00934726140875,32.74984759374406],[-98.00963512370497,32.749698536823004],[-98.01025346442255,32.74937835167002],[-98.01116734556926,32.75078092794329],[-98.01077553172017,32.75098461236324],[-98.0107195825237,32.75101368887501],[-98.0103277676871,32.75121737188468],[-98.01019610083934,32.75128519983856],[-98.01012985476491,32.751319325419075],[-98.00979064818496,32.75149462977304],[-98.00978897750709,32.75149549344673],[-98.00974135090361,32.751520107639266],[-98.00969070497263,32.75153721753953],[-98.00966299471735,32.75155155819626],[-98.00927449199536,32.751752337163325],[-98.00861778793059,32.75199123672368],[-98.00861623295488,32.75204831432589],[-98.00861456992094,32.75280202640197],[-98.01005813948079,32.75280772388067],[-98.01005942548278,32.75313103604219],[-98.01005281015915,32.75390384540839],[-98.01003692564173,32.755192742700395],[-98.01000773624934,32.75863899467529],[-98.01000310253707,32.75918607935621],[-98.00815438064078,32.759175040553],[-98.00756698557805,32.75917213374108],[-98.00713393245964,32.759170014657876],[-98.00576675017001,32.7591632399903],[-98.00585454913589,32.75335464446886],[-98.00629669205068,32.75335392649493]]]},"properties":{"prop_id":17949,"state_cd":"S12","ite_code":0,"ite_name":"Vacant/Agricultural","ite_unit":"N/A","units":1.0,"daily_trips":0.0,"am_peak_trips":0.0,"pm_peak_trips":0.0,"imprv_val":0.0,"acres":93.155,"city":"Midlothian","city_code":"CMI","fill_color":[80,80,80,100]}},{"type":"Feature","geometry":{"type":"Polygon","coordinates":[[[-98.00585792761183,32.75313116028713],[-98.00630177508877,32.75312406505201],[-98.00629669205068,32.75335392649493],[-98.00585454913589,32.75335464446886],[-98.00585792761183,32.75313116028713]]]},"properties":{"prop_id":58432,"state_cd":"S10","ite_code":210,"ite_name":"Single-Family Detached","ite_unit":"DU","units":1,"daily_trips":9.4,"am_peak_trips":0.7,"pm_peak_trips":0.9,"imprv_val":160050.0,"acres":0.172,"city":"Midlothian","city_code":"CMI","fill_color":[34,139,34,180]}},{"type":"Feature","geometry":{"type":"Polygon","coordinates":[[[-98.01452109977258,32.73925304651388],[-98.01454744759239,32.738569607677356],[-98.01456091528746,32.737580054961825],[-98.01456140943716,32.73746157137078],[-98.01456846771242,32.73746160344542],[-98.01884336666902,32.73748607728311],[-98.01884239178975,32.737574215270755],[-98.01884256226467,32.73757445852186],[-98.01884959516198,32.73757444967296],[-98.02215579945083,32.73757003938057],[-98.0221557981848,32.73757007635056],[-98.02211241913716,32.73944839457885],[-98.02211947765073,32.739448411795784],[-98.02421925745277,32.7394502423782],[-98.02675446014734,32.737563799698194],[-98.02675450942718,32.737563762910945],[-98.02676161701879,32.737563752996955],[-98.02900996005566,32.73756062042771],[-98.02900988836944,32.73756065713092],[-98.02775004837598,32.73820669200411],[-98.02475612860897,32.73975606079646],[-98.0247559210235,32.739756168221845],[-98.01996427168979,32.73966184732243],[-98.01997458368163,32.73902971448566],[-98.01782329233126,32.73903132336487],[-98.01783632139026,32.73961994334472],[-98.0179087776964,32.74327721072912],[-98.01672551438473,32.74389074633782],[-98.01440720966426,32.74513916336156],[-98.01441570529974,32.74470521368599],[-98.01441577656614,32.744701548944775],[-98.01442403882284,32.74428098775093],[-98.01442530725323,32.744213353973755],[-98.01443478656358,32.74373102155493],[-98.01443728710929,32.74360238768353],[-98.0144398926881,32.74346840098357],[-98.01445319157138,32.74278869994705],[-98.01445326120042,32.74278513890903],[-98.01445898574148,32.742493126625774],[-98.01448080349317,32.74178268310948],[-98.01449099153294,32.74084711371908],[-98.01452109977258,32.73925304651388]]]},"properties":{"prop_id":64407,"state_cd":"2","ite_code":210,"ite_name":"Single-Family Detached","ite_unit":"DU","units":92,"daily_trips":868.5,"am_peak_trips":65.1,"pm_peak_trips":86.8,"imprv_val":0.0,"acres":114.919,"city":"Midlothian","city_code":"CMI","fill_color":[255,120,0,200]}},{"type":"Feature","geometry":{"type":"Polygon","coordinates":[[[-98.00838513612074,32.74360808298383],[-98.00838584316868,32.7436077782574],[-98.00838553555452,32.74363114786135],[-98.00838462674739,32.74370007082741],[-98.00838194087461,32.74418511000904],[-98.00836831384453,32.74419222743528],[-98.00810046959654,32.744331418902256],[-98.00785251422703,32.74394668616175],[-98.00779764031331,32.743861544844336],[-98.00838513612074,32.74360808298383]]]},"properties":{"prop_id":62823,"state_cd":"S10","ite_code":210,"ite_name":"Single-Family Detached","ite_unit":"DU","units":1,"daily_trips":9.4,"am_peak_trips":0.7,"pm_peak_trips":0.9,"imprv_val":139250.0,"acres":0.354,"city":"Midlothian","city_code":"CMI","fill_color":[34,139,34,180]}},{"type":"Feature","geometry":{"type":"Polygon","coordinates":[[[-98.01437232900865,32.74956067404296],[-98.0142108524608,32.749591698113804],[-98.01402967978284,32.749339672008084],[-98.0143767174535,32.749161490055485],[-98.01437712685053,32.74912430127644],[-98.01430825354163,32.74902654307792],[-98.01403351792688,32.74863657971091],[-98.01438441677007,32.74861198739484],[-98.01480459280704,32.74858253852144],[-98.01483957359221,32.74894477238195],[-98.01467775571498,32.74895433318044],[-98.01469559999003,32.74956574216238],[-98.01437232900865,32.74956067404296]]]},"properties":{"prop_id":18106,"state_cd":"S10","ite_code":0,"ite_name":"Vacant/Agricultural","ite_unit":"N/A","units":1.0,"daily_trips":0.0,"am_peak_trips":0.0,"pm_peak_trips":0.0,"imprv_val":0.0,"acres":0.236,"city":"Midlothian","city_code":"CMI","fill_color":[80,80,80,100]}},{"type":"Feature","geometry":{"type":"Polygon","coordinates":[[[-98.00113817292352,32.74735939575245],[-98.00112749808908,32.74612672438161],[-98.00145147034827,32.74613703695365],[-98.00146726368531,32.747367774547804],[-98.00113817292352,32.74735939575245]]]},"properties":{"prop_id":79606,"state_cd":"2","ite_code":210,"ite_name":"Single-Family Detached","ite_unit":"DU","units":2,"daily_trips":18.9,"am_peak_trips":1.4,"pm_peak_trips":1.9,"imprv_val":0.0,"acres":1.0,"city":"Midlothian","city_code":"CMI","fill_color":[34,139,34,180]}},{"type":"Feature","geometry":{"type":"Polygon","coordinates":[[[-98.00978897750709,32.75149549344673],[-98.00979064818496,32.75149462977304],[-98.01019610083934,32.75128519983856],[-98.01036805720923,32.75155976160363],[-98.00997751392306,32.75175774267295],[-98.00978897750709,32.75149549344673]]]},"properties":{"prop_id":99233,"state_cd":"S20","ite_code":210,"ite_name":"Single-Family Detached","ite_unit":"DU","units":1,"daily_trips":9.4,"am_peak_trips":0.7,"pm_peak_trips":0.9,"imprv_val":145960.0,"acres":0.372,"city":"Midlothian","city_code":"CMI","fill_color":[34,139,34,180]}},{"type":"Feature","geometry":{"type":"Polygon","coordinates":[[[-98.01121587932943,32.74453996685611],[-98.01160747182814,32.74433644163228],[-98.0116908012186,32.744453408442766],[-98.0117741118837,32.74457032732527],[-98.01185744171323,32.744687294022235],[-98.0114658863928,32.74489086797543],[-98.01138257600654,32.74477391732558],[-98.0112992083057,32.74465695016003],[-98.01121587932943,32.74453996685611]]]},"properties":{"prop_id":18014,"state_cd":"S50","ite_code":0,"ite_name":"Vacant/Agricultural","ite_unit":"N/A","units":1.0,"daily_trips":0.0,"am_peak_trips":0.0,"pm_peak_trips":0.0,"imprv_val":0.0,"acres":0.4835,"city":"Midlothian","city_code":"CMI","fill_color":[80,80,80,100]}},{"type":"Feature","geometry":{"type":"Polygon","coordinates":[[[-98.01116084314936,32.7458621742409],[-98.01123077963165,32.74582583511659],[-98.01147447584584,32.74616786084279],[-98.01140374151949,32.74620313101018],[-98.01133302759581,32.74623836785009],[-98.01126231361607,32.74627360464966],[-98.01119163710317,32.74630880999262],[-98.01112088441603,32.74634407902553],[-98.01088117332102,32.74600755950392],[-98.01095107161116,32.74597122128798],[-98.0110209698441,32.745934883032625],[-98.01109090661474,32.74589851242397],[-98.01116084314936,32.7458621742409]]]},"properties":{"prop_id":18002,"state_cd":"S8","ite_code":210,"ite_name":"Single-Family Detached","ite_unit":"DU","units":1,"daily_trips":9.4,"am_peak_trips":0.7,"pm_peak_trips":0.9,"imprv_val":97750.0,"acres":0.4174,"city":"Midlothian","city_code":"CMI","fill_color":[34,139,34,180]}},{"type":"Feature","geometry":{"type":"Polygon","coordinates":[[[-98.01377786531904,32.7575017301575],[-98.01416038429089,32.75749683431552],[-98.01412705896605,32.758080352521404],[-98.01410652270734,32.75808027226339],[-98.01276079057087,32.75807500559701],[-98.01277184257404,32.75750115006546],[-98.01277184393336,32.7575010968631],[-98.01277190796664,32.75749779192558],[-98.01368240681262,32.75750135679568],[-98.01377786531904,32.7575017301575]]]},"properties":{"prop_id":105655,"state_cd":"2","ite_code":210,"ite_name":"Single-Family Detached","ite_unit":"DU","units":2,"daily_trips":18.9,"am_peak_trips":1.4,"pm_peak_trips":1.9,"imprv_val":385450.0,"acres":2.02,"city":"Midlothian","city_code":"CMI","fill_color":[34,139,34,180]}},{"type":"Feature","geometry":{"type":"Polygon","coordinates":[[[-98.00827987442098,32.74756930023788],[-98.00824764848586,32.74752169073506],[-98.00810886884577,32.747283628722194],[-98.00797203608718,32.74711128849573],[-98.00839050963673,32.74700413884104],[-98.00842286896193,32.74727914420542],[-98.00842829707857,32.747350351286954],[-98.00844919308163,32.747420503973125],[-98.00861352342977,32.74766923509572],[-98.00841421834662,32.74776754603939],[-98.00827987442098,32.74756930023788]]]},"properties":{"prop_id":62827,"state_cd":"S75","ite_code":210,"ite_name":"Single-Family Detached","ite_unit":"DU","units":1,"daily_trips":9.4,"am_peak_trips":0.7,"pm_peak_trips":0.9,"imprv_val":54150.0,"acres":0.61,"city":"Midlothian","city_code":"CMI","fill_color":[34,139,34,180]}},{"type":"Feature","geometry":{"type":"Polygon","coordinates":[[[-98.00773509336778,32.74747685334829],[-98.00786605463603,32.747409152362316],[-98.00818921412076,32.74788248837167],[-98.00784247067551,32.748072846042994],[-98.00773509336778,32.74747685334829]]]},"properties":{"prop_id":62866,"state_cd":"S055","ite_code":0,"ite_name":"Vacant/Agricultural","ite_unit":"N/A","units":1.0,"daily_trips":0.0,"am_peak_trips":0.0,"pm_peak_trips":0.0,"imprv_val":0.0,"acres":0.389,"city":"Midlothian","city_code":"CMI","fill_color":[80,80,80,100]}},{"type":"Feature","geometry":{"type":"Polygon","coordinates":[[[-98.01410008250956,32.758656854060554],[-98.01408704486448,32.75920426126848],[-98.01331046741169,32.75920043464759],[-98.01290465071766,32.759198473844606],[-98.01269967723884,32.75919747763759],[-98.01273050611374,32.758717441657915],[-98.01273645243805,32.758651255685535],[-98.01410008250956,32.758656854060554]]]},"properties":{"prop_id":58426,"state_cd":"2","ite_code":210,"ite_name":"Single-Family Detached","ite_unit":"DU","units":2,"daily_trips":18.9,"am_peak_trips":1.4,"pm_peak_trips":1.9,"imprv_val":203830.0,"acres":2.105,"city":"Midlothian","city_code":"CMI","fill_color":[34,139,34,180]}},{"type":"Feature","geometry":{"type":"Polygon","coordinates":[[[-98.00629669205068,32.75335392649493],[-98.00630177508877,32.75312406505201],[-98.00585792761183,32.75313116028713],[-98.00587692337567,32.75187432094211],[-98.00541818227522,32.751865223528576],[-98.00594075913315,32.75134248221639],[-98.00617687056047,32.75117923216651],[-98.00702477323323,32.750758223512754],[-98.0071516647011,32.7509328430044],[-98.00769319125074,32.750666754191876],[-98.00735489988496,32.750217485392916],[-98.00777064247612,32.75000167681676],[-98.00777509907567,32.749999363243454],[-98.00794767115688,32.74990978088977],[-98.00877299426284,32.7494654029796],[-98.00887561684272,32.74960984082019],[-98.00803843504372,32.75004965704115],[-98.00821827490631,32.750306762129064],[-98.00769575314983,32.750555410520555],[-98.0078204097646,32.750734860575605],[-98.00833623781014,32.750475404764444],[-98.00853032684236,32.75075287665542],[-98.00936992855672,32.75031641244987],[-98.00912313595344,32.74996364687295],[-98.00934726140875,32.74984759374406],[-98.00963512370497,32.749698536823004],[-98.01025346442255,32.74937835167002],[-98.01116734556926,32.75078092794329],[-98.01077553172017,32.75098461236324],[-98.0107195825237,32.75101368887501],[-98.0103277676871,32.75121737188468],[-98.01019610083934,32.75128519983856],[-98.01012985476491,32.751319325419075],[-98.00979064818496,32.75149462977304],[-98.00978897750709,32.75149549344673],[-98.00974135090361,32.751520107639266],[-98.00969070497263,32.75153721753953],[-98.00966299471735,32.75155155819626],[-98.00927449199536,32.751752337163325],[-98.00861778793059,32.75199123672368],[-98.00861623295488,32.75204831432589],[-98.00861456992094,32.75280202640197],[-98.01005813948079,32.75280772388067],[-98.01005942548278,32.75313103604219],[-98.01005281015915,32.75390384540839],[-98.01003692564173,32.755192742700395],[-98.01000773624934,32.75863899467529],[-98.01000310253707,32.75918607935621],[-98.00815438064078,32.759175040553],[-98.00756698557805,32.75917213374108],[-98.00713393245964,32.759170014657876],[-98.00576675017001,32.7591632399903],[-98.00585454913589,32.75335464446886],[-98.00629669205068,32.75335392649493]]]},"properties":{"prop_id":18071,"state_cd":"S10","ite_code":0,"ite_name":"Vacant/Agricultural","ite_unit":"N/A","units":1.0,"daily_trips":0.0,"am_peak_trips":0.0,"pm_peak_trips":0.0,"imprv_val":0.0,"acres":93.155,"city":"Midlothian","city_code":"CMI","fill_color":[80,80,80,100]}},{"type":"Feature","geometry":{"type":"Polygon","coordinates":[[[-98.00924317370624,32.74186446692114],[-98.00922179011881,32.741836506150705],[-98.00907471214106,32.74164601612845],[-98.00948538786763,32.74142282205461],[-98.00979712331367,32.74186783138747],[-98.00990437415693,32.742013634060555],[-98.00952511642977,32.74222714613011],[-98.00946500614295,32.74215487377723],[-98.00924317370624,32.74186446692114]]]},"properties":{"prop_id":60848,"state_cd":"S20","ite_code":210,"ite_name":"Single-Family Detached","ite_unit":"DU","units":1,"daily_trips":9.4,"am_peak_trips":0.7,"pm_peak_trips":0.9,"imprv_val":268500.0,"acres":0.72,"city":"Midlothian","city_code":"CMI","fill_color":[34,139,34,180]}},{"type":"Feature","geometry":{"type":"Polygon","coordinates":[[[-98.00698744774934,32.745916129700596],[-98.00768249007238,32.74589982781458],[-98.0076824775101,32.74590209315146],[-98.00768114667116,32.74614207997865],[-98.0076811103333,32.746144014251165],[-98.00698083197332,32.74613452930287],[-98.00698744774934,32.745916129700596]]]},"properties":{"prop_id":73901,"state_cd":"2","ite_code":210,"ite_name":"Single-Family Detached","ite_unit":"DU","units":1,"daily_trips":9.4,"am_peak_trips":0.7,"pm_peak_trips":0.9,"imprv_val":20990.0,"acres":0.403,"city":"Midlothian","city_code":"CMI","fill_color":[34,139,34,180]}},{"type":"Feature","geometry":{"type":"Polygon","coordinates":[[[-98.00833623781014,32.750475404764444],[-98.00821827490631,32.750306762129064],[-98.00803843504372,32.75004965704115],[-98.00887561684272,32.74960984082019],[-98.00887640151682,32.74961094504923],[-98.00895863938077,32.74972850724223],[-98.00904089658665,32.74984608478639],[-98.00912313595344,32.74996364687295],[-98.00936992855672,32.75031641244987],[-98.00853032684236,32.75075287665542],[-98.00833623781014,32.750475404764444]]]},"properties":{"prop_id":97208,"state_cd":"S5","ite_code":210,"ite_name":"Single-Family Detached","ite_unit":"DU","units":2,"daily_trips":18.9,"am_peak_trips":1.4,"pm_peak_trips":1.9,"imprv_val":3142470.0,"acres":2.0721,"city":"Midlothian","city_code":"CMI","fill_color":[34,139,34,180]}},{"type":"Feature","geometry":{"type":"Polygon","coordinates":[[[-98.00838326489594,32.744924777545414],[-98.00844186792577,32.744903454754855],[-98.00833851948649,32.74468617133136],[-98.0082174365853,32.74443160020238],[-98.00826880961615,32.74440680391535],[-98.00845721975564,32.74469141682678],[-98.00865281832775,32.74500627984546],[-98.00909696335682,32.74477432101114],[-98.00918991473021,32.74491185937351],[-98.00857138492108,32.74521040006762],[-98.00838326489594,32.744924777545414]]]},"properties":{"prop_id":18054,"state_cd":"S10","ite_code":0,"ite_name":"Vacant/Agricultural","ite_unit":"N/A","units":1.0,"daily_trips":0.0,"am_peak_trips":0.0,"pm_peak_trips":0.0,"imprv_val":0.0,"acres":0.15,"city":"Midlothian","city_code":"CMI","fill_color":[80,80,80,100]}},{"type":"Feature","geometry":{"type":"Polygon","coordinates":[[[-97.9993878823016,32.74076431168308],[-97.99966940944907,32.74076126791856],[-98.00192674049461,32.74077226333088],[-98.00352953168387,32.74076954520681],[-98.00348988003084,32.74412572623934],[-98.00348899779532,32.745189060489075],[-98.00347274246373,32.7455666126877],[-98.00228587992294,32.74551773187676],[-98.002273046316,32.746045598673405],[-97.9994352839619,32.74595660556493],[-97.99938887596916,32.74100253496337],[-97.9993878823016,32.74076431168308]]]},"properties":{"prop_id":77301,"state_cd":"2","ite_code":210,"ite_name":"Single-Family Detached","ite_unit":"DU","units":4,"daily_trips":37.8,"am_peak_trips":2.8,"pm_peak_trips":3.8,"imprv_val":0.0,"acres":5.451,"city":"Midlothian","city_code":"CMI","fill_color":[34,139,34,180]}},{"type":"Feature","geometry":{"type":"Polygon","coordinates":[[[-98.01001563163943,32.7477245917638],[-98.01001714058374,32.747723822141275],[-98.01001779670307,32.747724242272724],[-98.01008557575669,32.747689541117836],[-98.01030439152139,32.74799407593377],[-98.01023509643794,32.74803003018362],[-98.01001563163943,32.7477245917638]]]},"properties":{"prop_id":17966,"state_cd":"S10","ite_code":0,"ite_name":"Vacant/Agricultural","ite_unit":"N/A","units":1.0,"daily_trips":0.0,"am_peak_trips":0.0,"pm_peak_trips":0.0,"imprv_val":0.0,"acres":0.0744,"city":"Midlothian","city_code":"CMI","fill_color":[80,80,80,100]}},{"type":"Feature","geometry":{"type":"Polygon","coordinates":[[[-98.0093184760142,32.747310600381766],[-98.00920550197213,32.747159962538504],[-98.00913133711373,32.74719968371411],[-98.0090893767269,32.747140800143704],[-98.00902460392514,32.74717549188793],[-98.00901961422407,32.747177365113004],[-98.00898308206892,32.74712609000559],[-98.00895327614577,32.74707965179542],[-98.00902080007481,32.747044565132484],[-98.00898796336489,32.746997563042584],[-98.00891993788264,32.74703284520616],[-98.00877060314549,32.747110488568694],[-98.00873576600702,32.74712860114923],[-98.00865239949239,32.74701164845956],[-98.00865336483764,32.74701114725274],[-98.00883660856476,32.74691589278689],[-98.00905600608151,32.7468020742681],[-98.00913657426439,32.74692048561372],[-98.00916870673491,32.74696767516903],[-98.00920243223631,32.74701722837782],[-98.00938705407177,32.74727555916521],[-98.0093184760142,32.747310600381766]]]},"properties":{"prop_id":17991,"state_cd":"S10","ite_code":210,"ite_name":"Single-Family Detached","ite_unit":"DU","units":1,"daily_trips":9.4,"am_peak_trips":0.7,"pm_peak_trips":0.9,"imprv_val":58810.0,"acres":0.3311,"city":"Midlothian","city_code":"CMI","fill_color":[34,139,34,180]}},{"type":"Feature","geometry":{"type":"Polygon","coordinates":[[[-98.01004901888682,32.74812793953095],[-98.00970719379616,32.748305558234314],[-98.00955029092893,32.748085419609566],[-98.00956219610967,32.74797475214571],[-98.00982955448642,32.747822500784686],[-98.01004901888682,32.74812793953095]]]},"properties":{"prop_id":17963,"state_cd":"S20","ite_code":0,"ite_name":"Vacant/Agricultural","ite_unit":"N/A","units":1.0,"daily_trips":0.0,"am_peak_trips":0.0,"pm_peak_trips":0.0,"imprv_val":2980.0,"acres":0.3516,"city":"Midlothian","city_code":"CMI","fill_color":[80,80,80,100]}},{"type":"Feature","geometry":{"type":"Polygon","coordinates":[[[-98.0118333148201,32.75201489181625],[-98.01183428907188,32.75195086874818],[-98.0119863509682,32.75195159472436],[-98.01227626431312,32.75196013643297],[-98.01281338764439,32.75198054505306],[-98.01386762364069,32.75202059620233],[-98.01417509670227,32.75243466186769],[-98.0140923412358,32.75244250627166],[-98.01377370216845,32.75244835510304],[-98.01354227757828,32.75286271322189],[-98.01181592820134,32.75315727477507],[-98.0118333148201,32.75201489181625]]]},"properties":{"prop_id":58429,"state_cd":"2","ite_code":210,"ite_name":"Single-Family Detached","ite_unit":"DU","units":4,"daily_trips":37.8,"am_peak_trips":2.8,"pm_peak_trips":3.8,"imprv_val":90080.0,"acres":5.0,"city":"Midlothian","city_code":"CMI","fill_color":[34,139,34,180]}},{"type":"Feature","geometry":{"type":"Polygon","coordinates":[[[-98.0071886428184,32.74379322382832],[-98.0075326764619,32.74434410050892],[-98.00713267355756,32.7445529183972],[-98.0069267970554,32.74423122504156],[-98.00677809260571,32.74399887213081],[-98.0071886428184,32.74379322382832]]]},"properties":{"prop_id":62829,"state_cd":"S20","ite_code":210,"ite_name":"Single-Family Detached","ite_unit":"DU","units":1,"daily_trips":9.4,"am_peak_trips":0.7,"pm_peak_trips":0.9,"imprv_val":141350.0,"acres":0.63,"city":"Midlothian","city_code":"CMI","fill_color":[34,139,34,180]}},{"type":"Feature","geometry":{"type":"Polygon","coordinates":[[[-98.01385886800614,32.751638868026134],[-98.01344330390496,32.75129790164904],[-98.01337196862872,32.75124128360277],[-98.01330552021612,32.75118056781427],[-98.013244286783,32.75111605498209],[-98.01318857072572,32.751048064642276],[-98.0131661127953,32.7510174688478],[-98.01395932727006,32.75060446137735],[-98.01436183622644,32.751156486041495],[-98.01436454704137,32.75084511168577],[-98.01437232900865,32.74956067404296],[-98.01469559999003,32.74956574216238],[-98.01514368885955,32.74956960630125],[-98.01556194889635,32.749574651218026],[-98.01555879591187,32.749642217213044],[-98.01569762205433,32.749642710328494],[-98.01570971018198,32.749608841573355],[-98.01686745878715,32.749690392934106],[-98.01729111158615,32.74972023244142],[-98.01926865390068,32.749857263129364],[-98.02025622101522,32.7498669941351],[-98.02025765204434,32.750597086609474],[-98.02180722153363,32.750586271142204],[-98.02203312310294,32.750584692332644],[-98.02200330032768,32.75204919825081],[-98.01511960485531,32.75198709131965],[-98.01513228810066,32.751459442266054],[-98.01410194370023,32.751441753148875],[-98.01385886800614,32.751638868026134]]]},"properties":{"prop_id":18109,"state_cd":"2","ite_code":210,"ite_name":"Single-Family Detached","ite_unit":"DU","units":1,"daily_trips":9.4,"am_peak_trips":0.7,"pm_peak_trips":0.9,"imprv_val":0.0,"acres":0.28,"city":"Midlothian","city_code":"CMI","fill_color":[34,139,34,180]}},{"type":"Feature","geometry":{"type":"Polygon","coordinates":[[[-98.008967232813,32.745386537085416],[-98.00935875727421,32.745183035787726],[-98.0094421039737,32.745299955477236],[-98.00952543141564,32.74541692373168],[-98.00960877819554,32.745533908237626],[-98.00921723337257,32.7457374427071],[-98.00913386752998,32.74562049032943],[-98.00905054050261,32.74550350558161],[-98.008967232813,32.745386537085416]]]},"properties":{"prop_id":18025,"state_cd":"S10","ite_code":0,"ite_name":"Vacant/Agricultural","ite_unit":"N/A","units":1.0,"daily_trips":0.0,"am_peak_trips":0.0,"pm_peak_trips":0.0,"imprv_val":0.0,"acres":0.4835,"city":"Midlothian","city_code":"CMI","fill_color":[80,80,80,100]}},{"type":"Feature","geometry":{"type":"Polygon","coordinates":[[[-98.01467775571498,32.74895433318044],[-98.01483957359221,32.74894477238195],[-98.01480459280704,32.74858253852144],[-98.01438441677007,32.74861198739484],[-98.0143555669735,32.747905976217275],[-98.01436542816262,32.747897671953375],[-98.01502824621839,32.74754698472738],[-98.01573726743186,32.74722200375257],[-98.01573335823677,32.74764128596186],[-98.01571889821574,32.74919320712619],[-98.01516427771206,32.74919155392885],[-98.01514368885955,32.74956960630125],[-98.01469559999003,32.74956574216238],[-98.01467775571498,32.74895433318044]],[[-98.01563224117054,32.74764001002681],[-98.01521042213491,32.747634683588934],[-98.01519397400564,32.748566429684914],[-98.015169046254,32.749049226603994],[-98.01561671182925,32.749057435999156],[-98.0156161267272,32.748553070737074],[-98.01563224117054,32.74764001002681]]]},"properties":{"prop_id":64397,"state_cd":"2","ite_code":210,"ite_name":"Single-Family Detached","ite_unit":"DU","units":3,"daily_trips":28.3,"am_peak_trips":2.1,"pm_peak_trips":2.8,"imprv_val":0.0,"acres":4.023,"city":"Midlothian","city_code":"CMI","fill_color":[34,139,34,180]}},{"type":"Feature","geometry":{"type":"Polygon","coordinates":[[[-98.01101840416507,32.745123517430144],[-98.01089156305648,32.744945504834156],[-98.01129308783666,32.74475591049871],[-98.01140994232979,32.74491994481413],[-98.01101840416507,32.745123517430144]]]},"properties":{"prop_id":18009,"state_cd":"S20","ite_code":210,"ite_name":"Single-Family Detached","ite_unit":"DU","units":1,"daily_trips":9.4,"am_peak_trips":0.7,"pm_peak_trips":0.9,"imprv_val":128510.0,"acres":0.241,"city":"Midlothian","city_code":"CMI","fill_color":[34,139,34,180]}},{"type":"Feature","geometry":{"type":"Polygon","coordinates":[[[-98.01443316302908,32.75556532337746],[-98.01444192742325,32.75475402259678],[-98.01524173107894,32.754764063475804],[-98.01522473613637,32.75553388160896],[-98.01522392282152,32.755579428715556],[-98.01457123203805,32.75556778795034],[-98.01443316302908,32.75556532337746]]]},"properties":{"prop_id":58719,"state_cd":"2","ite_code":210,"ite_name":"Single-Family Detached","ite_unit":"DU","units":3,"daily_trips":28.3,"am_peak_trips":2.1,"pm_peak_trips":2.8,"imprv_val":0.0,"acres":2.0,"city":"Midlothian","city_code":"CMI","fill_color":[34,139,34,180]}},{"type":"Feature","geometry":{"type":"Polygon","coordinates":[[[-98.00253569272094,32.7516373051002],[-98.00307367919928,32.751393377337685],[-98.00348153158312,32.751924070211686],[-98.00284024281015,32.75204875219359],[-98.00271993506038,32.7518751502383],[-98.00253569272094,32.7516373051002]]]},"properties":{"prop_id":89346,"state_cd":"2","ite_code":210,"ite_name":"Single-Family Detached","ite_unit":"DU","units":1,"daily_trips":9.4,"am_peak_trips":0.7,"pm_peak_trips":0.9,"imprv_val":86020.0,"acres":0.902,"city":"Midlothian","city_code":"CMI","fill_color":[34,139,34,180]}},{"type":"Feature","geometry":{"type":"Polygon","coordinates":[[[-98.00276252893808,32.74740083770008],[-98.00275194500679,32.74617858391902],[-98.00308610112637,32.746189319848504],[-98.00309165727063,32.74740922767527],[-98.00276252893808,32.74740083770008]]]},"properties":{"prop_id":74086,"state_cd":"2","ite_code":210,"ite_name":"Single-Family Detached","ite_unit":"DU","units":2,"daily_trips":18.9,"am_peak_trips":1.4,"pm_peak_trips":1.9,"imprv_val":205430.0,"acres":1.0,"city":"Midlothian","city_code":"CMI","fill_color":[34,139,34,180]}},{"type":"Feature","geometry":{"type":"Polygon","coordinates":[[[-98.01420574766938,32.75197140219641],[-98.01416638185846,32.75191984432243],[-98.0141229540497,32.75187067031706],[-98.0140756668351,32.751824108227865],[-98.01402473780985,32.75178037443731],[-98.01385886800614,32.751638868026134],[-98.01410194370023,32.751441753148875],[-98.01513228810066,32.751459442266054],[-98.01511960485531,32.75198709131965],[-98.0143776283558,32.75197435354427],[-98.01420574766938,32.75197140219641]]]},"properties":{"prop_id":118136,"state_cd":"SF-OVR","ite_code":210,"ite_name":"Single-Family Detached","ite_unit":"DU","units":2,"daily_trips":18.9,"am_peak_trips":1.4,"pm_peak_trips":1.9,"imprv_val":1902120.0,"acres":1.498,"city":"Midlothian","city_code":"CMI","fill_color":[34,139,34,180]}},{"type":"Feature","geometry":{"type":"Polygon","coordinates":[[[-98.00657591004678,32.74254969197003],[-98.00706058513909,32.74233963438502],[-98.00720838377867,32.74256928423504],[-98.00672140344322,32.742787685060456],[-98.00657591004678,32.74254969197003]]]},"properties":{"prop_id":62864,"state_cd":"S10","ite_code":210,"ite_name":"Single-Family Detached","ite_unit":"DU","units":1,"daily_trips":9.4,"am_peak_trips":0.7,"pm_peak_trips":0.9,"imprv_val":69980.0,"acres":0.35,"city":"Midlothian","city_code":"CMI","fill_color":[34,139,34,180]}},{"type":"Feature","geometry":{"type":"Polygon","coordinates":[[[-98.00849529372508,32.74547148174174],[-98.00882794061788,32.74529866118673],[-98.00891128654725,32.74541561369622],[-98.00856834665905,32.74559386876797],[-98.00849529372508,32.74547148174174]]]},"properties":{"prop_id":18023,"state_cd":"S10","ite_code":0,"ite_name":"Vacant/Agricultural","ite_unit":"N/A","units":1.0,"daily_trips":0.0,"am_peak_trips":0.0,"pm_peak_trips":0.0,"imprv_val":0.0,"acres":0.139,"city":"Midlothian","city_code":"CMI","fill_color":[80,80,80,100]}},{"type":"Feature","geometry":{"type":"Polygon","coordinates":[[[-98.0112476446872,32.74950178959112],[-98.01164238335588,32.7492965811772],[-98.01172452899442,32.74941425389565],[-98.01180659819379,32.74953189379212],[-98.01188872479104,32.749649615022236],[-98.01197079460405,32.7497672223434],[-98.01205290287396,32.74988486222522],[-98.01213501118305,32.750002534516874],[-98.01174117057606,32.750207279972784],[-98.01165887139835,32.750089639137244],[-98.01157661041509,32.74997207865799],[-98.01149436885866,32.74985451819883],[-98.01141214681329,32.749736942429095],[-98.01132984824447,32.7496193491677],[-98.0112476446872,32.74950178959112]]]},"properties":{"prop_id":18077,"state_cd":"S40","ite_code":0,"ite_name":"Vacant/Agricultural","ite_unit":"N/A","units":1.0,"daily_trips":0.0,"am_peak_trips":0.0,"pm_peak_trips":0.0,"imprv_val":0.0,"acres":0.974,"city":"Midlothian","city_code":"CMI","fill_color":[80,80,80,100]}},{"type":"Feature","geometry":{"type":"Polygon","coordinates":[[[-98.01438135045167,32.74682132242255],[-98.01439215498287,32.74659761539466],[-98.01448907875366,32.746591929203504],[-98.01470172373102,32.74657944317716],[-98.0152675001604,32.74647882628883],[-98.01516813502072,32.74620135378773],[-98.0153572357314,32.74616696326169],[-98.01561952636123,32.746206471874274],[-98.01581120419905,32.74627986606648],[-98.01579782005726,32.74694570385733],[-98.01556347100177,32.7470435867129],[-98.01436433942533,32.74769170698915],[-98.01436486837937,32.74766485088838],[-98.01436537468128,32.74763862417323],[-98.01438135045167,32.74682132242255]]]},"properties":{"prop_id":64397,"state_cd":"2","ite_code":210,"ite_name":"Single-Family Detached","ite_unit":"DU","units":3,"daily_trips":28.3,"am_peak_trips":2.1,"pm_peak_trips":2.8,"imprv_val":0.0,"acres":4.023,"city":"Midlothian","city_code":"CMI","fill_color":[34,139,34,180]}},{"type":"Feature","geometry":{"type":"Polygon","coordinates":[[[-98.01096589327622,32.74418909686456],[-98.01135744655878,32.74398554070921],[-98.01144079449821,32.744102507765476],[-98.01152408512338,32.744219458306084],[-98.01160747182814,32.74433644163228],[-98.01121587932943,32.74453996685611],[-98.01113256951739,32.74442303136673],[-98.01104922176758,32.74430604877554],[-98.01096589327622,32.74418909686456]]]},"properties":{"prop_id":18015,"state_cd":"S50","ite_code":210,"ite_name":"Single-Family Detached","ite_unit":"DU","units":1,"daily_trips":9.4,"am_peak_trips":0.7,"pm_peak_trips":0.9,"imprv_val":231210.0,"acres":0.4835,"city":"Midlothian","city_code":"CMI","fill_color":[34,139,34,180]}},{"type":"Feature","geometry":{"type":"Polygon","coordinates":[[[-98.00921723337257,32.7457374427071],[-98.00960877819554,32.745533908237626],[-98.00969208695831,32.74565086007023],[-98.00977545347509,32.74576782830581],[-98.00938386958639,32.74597136314551],[-98.00930054172083,32.745854411033015],[-98.00921723337257,32.7457374427071]]]},"properties":{"prop_id":18024,"state_cd":"S10","ite_code":0,"ite_name":"Vacant/Agricultural","ite_unit":"N/A","units":1.0,"daily_trips":0.0,"am_peak_trips":0.0,"pm_peak_trips":0.0,"imprv_val":0.0,"acres":0.3223,"city":"Midlothian","city_code":"CMI","fill_color":[80,80,80,100]}},{"type":"Feature","geometry":{"type":"Polygon","coordinates":[[[-98.01081125451951,32.74604393006572],[-98.01088117332102,32.74600755950392],[-98.01112088441603,32.74634407902553],[-98.01105015105966,32.74637931562869],[-98.01097943685036,32.74641455316882],[-98.01090872152278,32.74644978976268],[-98.01083804571209,32.74648501023902],[-98.01060144370622,32.746152976370304],[-98.01067138064158,32.74611663846324],[-98.01074129831161,32.746080300441115],[-98.01081125451951,32.74604393006572]]]},"properties":{"prop_id":18001,"state_cd":"S10","ite_code":210,"ite_name":"Single-Family Detached","ite_unit":"DU","units":1,"daily_trips":9.4,"am_peak_trips":0.7,"pm_peak_trips":0.9,"imprv_val":109780.0,"acres":0.329,"city":"Midlothian","city_code":"CMI","fill_color":[34,139,34,180]}},{"type":"Feature","geometry":{"type":"Polygon","coordinates":[[[-97.99954518316494,32.74825992873226],[-97.99954766282325,32.74727428517646],[-97.99977767258558,32.747283883796484],[-97.99987622535932,32.74728807611393],[-98.0001998306433,32.747303266627924],[-98.00022609022697,32.74609800582082],[-98.000803851371,32.74611641317407],[-98.00112749808908,32.74612672438161],[-98.00113817292352,32.74735939575245],[-98.00146726368531,32.747367774547804],[-98.00178584336727,32.74737589931868],[-98.00211483803236,32.747384307578024],[-98.00244406228435,32.74739269965241],[-98.00276252893808,32.74740083770008],[-98.00309165727063,32.74740922767527],[-98.00308610112637,32.746189319848504],[-98.00340476093412,32.74619955649171],[-98.00366921307246,32.74620809058806],[-98.00373374489031,32.74620912379682],[-98.00374460265209,32.74742585484691],[-98.00406857212275,32.7474341242433],[-98.00439775841289,32.74744249565965],[-98.00470061301223,32.747450227411775],[-98.00469115451469,32.748176157759445],[-98.00489589138066,32.74817023850348],[-98.00511079900126,32.74816400408116],[-98.00542947832326,32.748154806645644],[-98.00596957173912,32.74813435985498],[-98.00597470995807,32.74813554362993],[-98.00603013579968,32.748148312788814],[-98.0060311280247,32.74828587041804],[-98.00043428014257,32.748263504848424],[-97.99977216777378,32.7482608423118],[-97.99954518316494,32.74825992873226]]]},"properties":{"prop_id":69915,"state_cd":"2","ite_code":210,"ite_name":"Single-Family Detached","ite_unit":"DU","units":10,"daily_trips":94.4,"am_peak_trips":7.1,"pm_peak_trips":9.4,"imprv_val":0.0,"acres":13.059,"city":"Midlothian","city_code":"CMI","fill_color":[255,200,0,200]}},{"type":"Feature","geometry":{"type":"Polygon","coordinates":[[[-98.01043242854409,32.74764269417747],[-98.0105811677638,32.74785493021919],[-98.01046854599602,32.747908901131495],[-98.01029529713084,32.747866781687115],[-98.01043242854409,32.74764269417747]]]},"properties":{"prop_id":17969,"state_cd":"S10","ite_code":0,"ite_name":"Vacant/Agricultural","ite_unit":"N/A","units":1.0,"daily_trips":0.0,"am_peak_trips":0.0,"pm_peak_trips":0.0,"imprv_val":0.0,"acres":0.0982,"city":"Midlothian","city_code":"CMI","fill_color":[80,80,80,100]}},{"type":"Feature","geometry":{"type":"Polygon","coordinates":[[[-98.01005813948079,32.75280772388067],[-98.01005636693745,32.751996914549466],[-98.01118927248781,32.75201063596357],[-98.01117190606926,32.75315075265768],[-98.01005942548278,32.75313103604219],[-98.01005813948079,32.75280772388067]]]},"properties":{"prop_id":58437,"state_cd":"2","ite_code":210,"ite_name":"Single-Family Detached","ite_unit":"DU","units":3,"daily_trips":28.3,"am_peak_trips":2.1,"pm_peak_trips":2.8,"imprv_val":105470.0,"acres":3.5,"city":"Midlothian","city_code":"CMI","fill_color":[34,139,34,180]}},{"type":"Feature","geometry":{"type":"Polygon","coordinates":[[[-98.01286944654487,32.74992438736319],[-98.01303915779395,32.750158876653316],[-98.01268879996825,32.750339960177904],[-98.01252120940104,32.75010437759715],[-98.01286944654487,32.74992438736319]]]},"properties":{"prop_id":18102,"state_cd":"S10","ite_code":210,"ite_name":"Single-Family Detached","ite_unit":"DU","units":1,"daily_trips":9.4,"am_peak_trips":0.7,"pm_peak_trips":0.9,"imprv_val":195650.0,"acres":0.289,"city":"Midlothian","city_code":"CMI","fill_color":[34,139,34,180]}},{"type":"Feature","geometry":{"type":"Polygon","coordinates":[[[-98.01443728710929,32.74360238768353],[-98.01444441861842,32.743598679276175],[-98.0144418453619,32.7437310491277],[-98.01443109766485,32.74428101532434],[-98.01442283544161,32.74470157651868],[-98.01441570529974,32.74470521368599],[-98.01418063612071,32.74482511821166],[-98.01411070146139,32.74486149056117],[-98.01404078613035,32.74489783048131],[-98.01397085144538,32.74493418651947],[-98.01390095413568,32.744970527333564],[-98.013831019425,32.745006867060354],[-98.01378094060306,32.745032899890894],[-98.01376108447931,32.74504323921276],[-98.01354442799497,32.74473914815777],[-98.01351108721211,32.744692326555835],[-98.01342775502619,32.74457539253065],[-98.0133444040251,32.744458426810276],[-98.01326107236233,32.74434147734091],[-98.01319591984078,32.7442479743308],[-98.01443728710929,32.74360238768353]]]},"properties":{"prop_id":18047,"state_cd":"2","ite_code":210,"ite_name":"Single-Family Detached","ite_unit":"DU","units":5,"daily_trips":47.2,"am_peak_trips":3.5,"pm_peak_trips":4.7,"imprv_val":194600.0,"acres":6.074,"city":"Midlothian","city_code":"CMI","fill_color":[34,139,34,180]}},{"type":"Feature","geometry":{"type":"Polygon","coordinates":[[[-98.00593884742234,32.74151486545661],[-98.00590310417694,32.74146119999905],[-98.00692166884872,32.74146590738763],[-98.00703716597793,32.74161138093172],[-98.0071027304332,32.74168933235155],[-98.00686916386826,32.741799057343464],[-98.00669270283433,32.74188195465447],[-98.00665974761662,32.741896595778066],[-98.00629096870384,32.74206043544966],[-98.00593884742234,32.74151486545661]]]},"properties":{"prop_id":62851,"state_cd":"S40","ite_code":210,"ite_name":"Single-Family Detached","ite_unit":"DU","units":2,"daily_trips":18.9,"am_peak_trips":1.4,"pm_peak_trips":1.9,"imprv_val":160900.0,"acres":1.15,"city":"Midlothian","city_code":"CMI","fill_color":[34,139,34,180]}},{"type":"Feature","geometry":{"type":"Polygon","coordinates":[[[-98.00355901460114,32.759149093611626],[-98.00363637583408,32.75548670833735],[-98.00368107490195,32.75337089841411],[-98.00370958137657,32.75202151494333],[-98.00371258973189,32.75187912777794],[-98.00404841917553,32.7518641250969],[-98.00474656164491,32.75185190191142],[-98.00541818227522,32.751865223528576],[-98.00587692337567,32.75187432094211],[-98.00587285290513,32.75197922044619],[-98.00585792761183,32.75313116028713],[-98.00585454913589,32.75335464446886],[-98.00576675017001,32.7591632399903],[-98.00573991155638,32.759163107144964],[-98.00355901460114,32.759149093611626]]]},"properties":{"prop_id":58428,"state_cd":"2","ite_code":210,"ite_name":"Single-Family Detached","ite_unit":"DU","units":32,"daily_trips":302.1,"am_peak_trips":22.7,"pm_peak_trips":30.2,"imprv_val":0.0,"acres":40.4,"city":"Midlothian","city_code":"CMI","fill_color":[255,120,0,200]}},{"type":"Feature","geometry":{"type":"Polygon","coordinates":[[[-98.00662635778936,32.74293765308986],[-98.00689336449632,32.74334393278132],[-98.00619607022531,32.7435781673475],[-98.00599327821276,32.74318508978783],[-98.00662635778936,32.74293765308986]]]},"properties":{"prop_id":62831,"state_cd":"S20","ite_code":210,"ite_name":"Single-Family Detached","ite_unit":"DU","units":1,"daily_trips":9.4,"am_peak_trips":0.7,"pm_peak_trips":0.9,"imprv_val":178420.0,"acres":0.731,"city":"Midlothian","city_code":"CMI","fill_color":[34,139,34,180]}},{"type":"Feature","geometry":{"type":"Polygon","coordinates":[[[-98.01016536792774,32.74385700576849],[-98.0105569600858,32.743653436048916],[-98.01064024903593,32.74377040341767],[-98.01072363415435,32.74388738734028],[-98.01080696204835,32.74400433851418],[-98.01041540741575,32.74420789383714],[-98.01033206073333,32.74409092519234],[-98.01024869514238,32.74397394198619],[-98.01016536792774,32.74385700576849]]]},"properties":{"prop_id":18060,"state_cd":"S50","ite_code":210,"ite_name":"Single-Family Detached","ite_unit":"DU","units":1,"daily_trips":9.4,"am_peak_trips":0.7,"pm_peak_trips":0.9,"imprv_val":94020.0,"acres":0.4835,"city":"Midlothian","city_code":"CMI","fill_color":[34,139,34,180]}},{"type":"Feature","geometry":{"type":"Polygon","coordinates":[[[-98.00772826648503,32.74700635551943],[-98.0077236530802,32.74668844545182],[-98.00836801271451,32.74670029780858],[-98.00839979275544,32.746700618284514],[-98.00839562551793,32.74683687129029],[-98.00839050963673,32.74700413884104],[-98.00797203608718,32.74711128849573],[-98.00810886884577,32.747283628722194],[-98.00786605463603,32.747409152362316],[-98.00773509336778,32.74747685334829],[-98.00772826648503,32.74700635551943]]]},"properties":{"prop_id":62865,"state_cd":"S20","ite_code":0,"ite_name":"Vacant/Agricultural","ite_unit":"N/A","units":1.0,"daily_trips":0.0,"am_peak_trips":0.0,"pm_peak_trips":0.0,"imprv_val":0.0,"acres":0.8,"city":"Midlothian","city_code":"CMI","fill_color":[80,80,80,100]}},{"type":"Feature","geometry":{"type":"Polygon","coordinates":[[[-98.00780426347413,32.74364180508972],[-98.00838586714086,32.7434760675675],[-98.00838584316868,32.7436077782574],[-98.00838513612074,32.74360808298383],[-98.00790610345514,32.74381388890306],[-98.00779764031331,32.743861544844336],[-98.00774470579006,32.74377942147695],[-98.0077030019828,32.74371475141354],[-98.00767926093644,32.74367836790974],[-98.00780426347413,32.74364180508972]]]},"properties":{"prop_id":62860,"state_cd":"S10","ite_code":210,"ite_name":"Single-Family Detached","ite_unit":"DU","units":1,"daily_trips":9.4,"am_peak_trips":0.7,"pm_peak_trips":0.9,"imprv_val":36770.0,"acres":0.289,"city":"Midlothian","city_code":"CMI","fill_color":[34,139,34,180]}},{"type":"Feature","geometry":{"type":"Polygon","coordinates":[[[-98.00681471210528,32.7447137929944],[-98.00713267355756,32.7445529183972],[-98.00718555312693,32.74452534910219],[-98.00721006358933,32.74456134886495],[-98.00734901303173,32.744765687940514],[-98.00769071460608,32.744591615793915],[-98.00794436471267,32.74500455975101],[-98.00701072577868,32.745010901509296],[-98.00681471210528,32.7447137929944]]]},"properties":{"prop_id":62867,"state_cd":"S095","ite_code":210,"ite_name":"Single-Family Detached","ite_unit":"DU","units":1,"daily_trips":9.4,"am_peak_trips":0.7,"pm_peak_trips":0.9,"imprv_val":147710.0,"acres":0.72,"city":"Midlothian","city_code":"CMI","fill_color":[34,139,34,180]}},{"type":"Feature","geometry":{"type":"Polygon","coordinates":[[[-98.00888096068317,32.74711723919303],[-98.00895327614577,32.74707965179542],[-98.00898308206892,32.74712609000559],[-98.00901961422407,32.747177365113004],[-98.00916896879046,32.74738699361056],[-98.00909872745265,32.747422892989945],[-98.00888096068317,32.74711723919303]]]},"properties":{"prop_id":17988,"state_cd":"S3","ite_code":0,"ite_name":"Vacant/Agricultural","ite_unit":"N/A","units":1.0,"daily_trips":0.0,"am_peak_trips":0.0,"pm_peak_trips":0.0,"imprv_val":0.0,"acres":0.0754,"city":"Midlothian","city_code":"CMI","fill_color":[80,80,80,100]}},{"type":"Feature","geometry":{"type":"Polygon","coordinates":[[[-98.01061523056417,32.74865424685315],[-98.01100993454537,32.74845472541663],[-98.01109269217783,32.74857201318796],[-98.01117550747628,32.748689333594896],[-98.0112583220158,32.748806637708995],[-98.01125708589718,32.74880727945809],[-98.01086485019641,32.74901109055272],[-98.01086439489814,32.749010439446856],[-98.01078264889016,32.74889352976612],[-98.01074580439483,32.74884091204394],[-98.01070035193212,32.74877593698309],[-98.01061523056417,32.74865424685315]]]},"properties":{"prop_id":17957,"state_cd":"S20","ite_code":210,"ite_name":"Single-Family Detached","ite_unit":"DU","units":1,"daily_trips":9.4,"am_peak_trips":0.7,"pm_peak_trips":0.9,"imprv_val":113690.0,"acres":0.5,"city":"Midlothian","city_code":"CMI","fill_color":[34,139,34,180]}},{"type":"Feature","geometry":{"type":"Polygon","coordinates":[[[-98.01444284886189,32.75293724087245],[-98.0143776283558,32.75197435354427],[-98.01511960485531,32.75198709131965],[-98.02200330032768,32.75204919825081],[-98.0264690155452,32.7520758838656],[-98.0264848211684,32.75199701456172],[-98.02724022348546,32.752002971048896],[-98.02723987967944,32.75203185879498],[-98.02721588004476,32.75308892521882],[-98.02719478606782,32.75440745599199],[-98.02718161039056,32.755630831886],[-98.02718066904734,32.75571819796592],[-98.01522473613637,32.75553388160896],[-98.01524173107894,32.754764063475804],[-98.01444192742325,32.75475402259678],[-98.01449103180695,32.753622167756625],[-98.01445049755162,32.75326642160059],[-98.01444284886189,32.75293724087245]]]},"properties":{"prop_id":58736,"state_cd":"2","ite_code":210,"ite_name":"Single-Family Detached","ite_unit":"DU","units":2,"daily_trips":18.9,"am_peak_trips":1.4,"pm_peak_trips":1.9,"imprv_val":361710.0,"acres":1.0,"city":"Midlothian","city_code":"CMI","fill_color":[34,139,34,180]}},{"type":"Feature","geometry":{"type":"Polygon","coordinates":[[[-98.01019620010761,32.74518329555954],[-98.01039672350478,32.74547895909585],[-98.00998097516772,32.745692884358476],[-98.0097726447313,32.74540045667941],[-98.01019620010761,32.74518329555954]]]},"properties":{"prop_id":18016,"state_cd":"S10","ite_code":0,"ite_name":"Vacant/Agricultural","ite_unit":"N/A","units":1.0,"daily_trips":0.0,"am_peak_trips":0.0,"pm_peak_trips":0.0,"imprv_val":1000.0,"acres":0.43,"city":"Midlothian","city_code":"CMI","fill_color":[80,80,80,100]}},{"type":"Feature","geometry":{"type":"Polygon","coordinates":[[[-98.00887410643706,32.73945824657319],[-98.00868408921444,32.73918004429815],[-98.00785618871883,32.739599317125304],[-98.00777433352474,32.73967875593391],[-98.00752226505952,32.73961203510671],[-98.00752656024957,32.73956081666855],[-98.00753351850744,32.739011783537684],[-98.00681641345989,32.739011325687],[-98.0068656565525,32.73827426178723],[-98.00511786766187,32.73821004947146],[-98.00511131444343,32.73735461211713],[-98.01024936212906,32.73738911351721],[-98.01024962454653,32.73742123850522],[-98.0104043993097,32.7375686890075],[-98.0110233137426,32.738158263774174],[-98.01118900919676,32.7385683166236],[-98.01142962814346,32.73916379783457],[-98.0117187776342,32.73987930654728],[-98.01172370086661,32.73990495668564],[-98.01191913459722,32.74091945876382],[-98.01194942468697,32.74107669562577],[-98.01047713568313,32.74172316366239],[-98.00997960595346,32.74103057411749],[-98.0097342527087,32.74068902481432],[-98.0097056879206,32.74064926065697],[-98.00970718288568,32.74064848917955],[-98.00951172512103,32.74037545225241],[-98.00932450297798,32.74009722955213],[-98.00911414310289,32.73981429964115],[-98.00891525722713,32.739519286936485],[-98.00887410643706,32.73945824657319]]]},"properties":{"prop_id":60850,"state_cd":"2","ite_code":210,"ite_name":"Single-Family Detached","ite_unit":"DU","units":24,"daily_trips":226.6,"am_peak_trips":17.0,"pm_peak_trips":22.7,"imprv_val":0.0,"acres":29.651,"city":"Midlothian","city_code":"CMI","fill_color":[255,120,0,200]}},{"type":"Feature","geometry":{"type":"Polygon","coordinates":[[[-98.01350754682097,32.749913611255984],[-98.01371126972096,32.75019218047191],[-98.01332313060733,32.75039344693126],[-98.01326910313588,32.75042201897143],[-98.01288096201489,32.75062328404714],[-98.01268879996825,32.750339960177904],[-98.01303915779395,32.750158876653316],[-98.0130944639721,32.75012772058042],[-98.01350754682097,32.749913611255984]]]},"properties":{"prop_id":18101,"state_cd":"S20","ite_code":210,"ite_name":"Single-Family Detached","ite_unit":"DU","units":1,"daily_trips":9.4,"am_peak_trips":0.7,"pm_peak_trips":0.9,"imprv_val":39620.0,"acres":0.8126,"city":"Midlothian","city_code":"CMI","fill_color":[34,139,34,180]}},{"type":"Feature","geometry":{"type":"Polygon","coordinates":[[[-98.01924959199361,32.74669217138264],[-98.02023747898463,32.74665041329311],[-98.02025599683144,32.74975266799488],[-98.02025625303014,32.749866994258625],[-98.02025622101522,32.7498669941351],[-98.01926865390068,32.749857263129364],[-98.01924959199361,32.74669217138264]]]},"properties":{"prop_id":61937,"state_cd":"2","ite_code":210,"ite_name":"Single-Family Detached","ite_unit":"DU","units":2,"daily_trips":18.9,"am_peak_trips":1.4,"pm_peak_trips":1.9,"imprv_val":14430.0,"acres":1.0,"city":"Midlothian","city_code":"CMI","fill_color":[34,139,34,180]}},{"type":"Feature","geometry":{"type":"Polygon","coordinates":[[[-98.0143776283558,32.75197435354427],[-98.01420574766938,32.75197140219641],[-98.01416638185846,32.75191984432243],[-98.0141229540497,32.75187067031706],[-98.0140756668351,32.751824108227865],[-98.01402473780985,32.75178037443731],[-98.01385886800614,32.751638868026134],[-98.01410194370023,32.751441753148875],[-98.01513228810066,32.751459442266054],[-98.01511960485531,32.75198709131965],[-98.0143776283558,32.75197435354427]]]},"properties":{"prop_id":118136,"state_cd":"SF-OVR","ite_code":210,"ite_name":"Single-Family Detached","ite_unit":"DU","units":2,"daily_trips":18.9,"am_peak_trips":1.4,"pm_peak_trips":1.9,"imprv_val":1902120.0,"acres":1.498,"city":"Midlothian","city_code":"CMI","fill_color":[34,139,34,180]}},{"type":"Feature","geometry":{"type":"Polygon","coordinates":[[[-98.002273046316,32.746045598673405],[-98.00228587992294,32.74551773187676],[-98.00347274246373,32.7455666126877],[-98.00345991716033,32.746094446242545],[-98.0034592992438,32.746094453694454],[-98.002273046316,32.746045598673405]]]},"properties":{"prop_id":62835,"state_cd":"2","ite_code":210,"ite_name":"Single-Family Detached","ite_unit":"DU","units":2,"daily_trips":18.9,"am_peak_trips":1.4,"pm_peak_trips":1.9,"imprv_val":107720.0,"acres":1.61,"city":"Midlothian","city_code":"CMI","fill_color":[34,139,34,180]}},{"type":"Feature","geometry":{"type":"Polygon","coordinates":[[[-98.01005281015915,32.75390384540839],[-98.01005942548278,32.75313103604219],[-98.01117190606926,32.75315075265768],[-98.01181592820134,32.75315727477507],[-98.01354227757828,32.75286271322189],[-98.01377370216845,32.75244835510304],[-98.01417509670227,32.75243466186769],[-98.01418505936034,32.75255241424201],[-98.01419050868674,32.752670377139275],[-98.0141914378643,32.75278842788528],[-98.01420751715153,32.75314970236649],[-98.01373435632455,32.753158645586396],[-98.01373843438219,32.75343079089341],[-98.01374114284862,32.75359194682299],[-98.01374211181759,32.75364943655606],[-98.01374669270062,32.75392039250906],[-98.01305896582276,32.75391758889279],[-98.01005281015915,32.75390384540839]]]},"properties":{"prop_id":93620,"state_cd":"2","ite_code":210,"ite_name":"Single-Family Detached","ite_unit":"DU","units":8,"daily_trips":75.5,"am_peak_trips":5.7,"pm_peak_trips":7.6,"imprv_val":0.0,"acres":9.38,"city":"Midlothian","city_code":"CMI","fill_color":[255,200,0,200]}},{"type":"Feature","geometry":{"type":"Polygon","coordinates":[[[-98.01086439489814,32.749010439446856],[-98.01125662844787,32.74880663105071],[-98.01125708589718,32.74880727945809],[-98.01133942515176,32.74892391880607],[-98.01142222082862,32.749041238966136],[-98.01150499778352,32.74915851029707],[-98.01110995446682,32.74936386317317],[-98.01102769515117,32.749246253627334],[-98.0109454528597,32.74912869279078],[-98.01088407210483,32.749040931837634],[-98.01086315555746,32.74901108388488],[-98.01086439489814,32.749010439446856]]]},"properties":{"prop_id":17956,"state_cd":"S10","ite_code":0,"ite_name":"Vacant/Agricultural","ite_unit":"N/A","units":1.0,"daily_trips":0.0,"am_peak_trips":0.0,"pm_peak_trips":0.0,"imprv_val":0.0,"acres":0.4869,"city":"Midlothian","city_code":"CMI","fill_color":[80,80,80,100]}},{"type":"Feature","geometry":{"type":"Polygon","coordinates":[[[-98.00908702961594,32.746382832466324],[-98.00947618134376,32.746180548810926],[-98.00955952895501,32.746297500878875],[-98.00964281889726,32.746414500458414],[-98.0092481849062,32.7466196226817],[-98.00918337008902,32.74652436846222],[-98.00916761666798,32.746501243871016],[-98.00908702961594,32.746382832466324]]]},"properties":{"prop_id":17997,"state_cd":"S20","ite_code":210,"ite_name":"Single-Family Detached","ite_unit":"DU","units":1,"daily_trips":9.4,"am_peak_trips":0.7,"pm_peak_trips":0.9,"imprv_val":78440.0,"acres":0.3226,"city":"Midlothian","city_code":"CMI","fill_color":[34,139,34,180]}},{"type":"Feature","geometry":{"type":"Polygon","coordinates":[[[-98.00979872174449,32.74152615023045],[-98.0101898352908,32.74132425988765],[-98.01042115886794,32.74164740716062],[-98.01047713568313,32.74172316366239],[-98.01050333142533,32.74175862110689],[-98.01052447643039,32.74179160298517],[-98.01013211488363,32.741994136070794],[-98.00979872174449,32.74152615023045]]]},"properties":{"prop_id":60858,"state_cd":"S20","ite_code":210,"ite_name":"Single-Family Detached","ite_unit":"DU","units":1,"daily_trips":9.4,"am_peak_trips":0.7,"pm_peak_trips":0.9,"imprv_val":223590.0,"acres":0.64,"city":"Midlothian","city_code":"CMI","fill_color":[34,139,34,180]}},{"type":"Feature","geometry":{"type":"Polygon","coordinates":[[[-98.01019620010761,32.74518329555954],[-98.0097726447313,32.74540045667941],[-98.0094809701488,32.74499109190635],[-98.00990425820152,32.744772645623335],[-98.01019620010761,32.74518329555954]]]},"properties":{"prop_id":18017,"state_cd":"S10","ite_code":210,"ite_name":"Single-Family Detached","ite_unit":"DU","units":1,"daily_trips":9.4,"am_peak_trips":0.7,"pm_peak_trips":0.9,"imprv_val":84600.0,"acres":0.609,"city":"Midlothian","city_code":"CMI","fill_color":[34,139,34,180]}},{"type":"Feature","geometry":{"type":"Polygon","coordinates":[[[-98.00632586466298,32.7409913454557],[-98.0063280684273,32.74099091772415],[-98.00632566110818,32.74112908778139],[-98.00632178253728,32.7413516484983],[-98.00579007033949,32.74135013354325],[-98.0057894514542,32.74135147119651],[-98.00569571534776,32.7412108311332],[-98.00604988863543,32.741044918706194],[-98.00632586466298,32.7409913454557]]]},"properties":{"prop_id":62855,"state_cd":"S20","ite_code":210,"ite_name":"Single-Family Detached","ite_unit":"DU","units":1,"daily_trips":9.4,"am_peak_trips":0.7,"pm_peak_trips":0.9,"imprv_val":111910.0,"acres":0.402,"city":"Midlothian","city_code":"CMI","fill_color":[34,139,34,180]}},{"type":"Feature","geometry":{"type":"Polygon","coordinates":[[[-98.0103277676871,32.75121737188468],[-98.0107195825237,32.75101368887501],[-98.0108840859632,32.75124885861992],[-98.01049226957794,32.751452509675495],[-98.0103277676871,32.75121737188468]]]},"properties":{"prop_id":18094,"state_cd":"S10","ite_code":210,"ite_name":"Single-Family Detached","ite_unit":"DU","units":1,"daily_trips":9.4,"am_peak_trips":0.7,"pm_peak_trips":0.9,"imprv_val":99520.0,"acres":0.3226,"city":"Midlothian","city_code":"CMI","fill_color":[34,139,34,180]}},{"type":"Feature","geometry":{"type":"Polygon","coordinates":[[[-98.01129220491774,32.74550368834117],[-98.01213129255979,32.745067494847966],[-98.0122896202702,32.745289726277925],[-98.01221970058583,32.7453260777855],[-98.01207983543469,32.745398780582],[-98.01193999886151,32.74547148423562],[-98.01187009923042,32.74550782390228],[-98.01180018672187,32.745544166184715],[-98.01166031011327,32.745616886502255],[-98.01145054082039,32.74572593710357],[-98.01129220491774,32.74550368834117]]]},"properties":{"prop_id":18032,"state_cd":"S50","ite_code":210,"ite_name":"Single-Family Detached","ite_unit":"DU","units":1,"daily_trips":9.4,"am_peak_trips":0.7,"pm_peak_trips":0.9,"imprv_val":123140.0,"acres":0.6562,"city":"Midlothian","city_code":"CMI","fill_color":[34,139,34,180]}},{"type":"Feature","geometry":{"type":"Polygon","coordinates":[[[-97.99987622535932,32.74728807611393],[-97.99989890792652,32.74608756531363],[-98.00022609022697,32.74609800582082],[-98.0001998306433,32.747303266627924],[-97.99987622535932,32.74728807611393]]]},"properties":{"prop_id":79601,"state_cd":"2","ite_code":210,"ite_name":"Single-Family Detached","ite_unit":"DU","units":2,"daily_trips":18.9,"am_peak_trips":1.4,"pm_peak_trips":1.9,"imprv_val":291360.0,"acres":1.0,"city":"Midlothian","city_code":"CMI","fill_color":[34,139,34,180]}},{"type":"Feature","geometry":{"type":"Polygon","coordinates":[[[-98.00100483197758,32.752431827907174],[-98.00140822048098,32.752223866594335],[-98.00195568062739,32.75300433029714],[-98.0019562796061,32.75318955957272],[-98.00161549606374,32.75318136525302],[-98.00154493733064,32.753179673719245],[-98.00100483197758,32.752431827907174]]]},"properties":{"prop_id":29184,"state_cd":"2","ite_code":210,"ite_name":"Single-Family Detached","ite_unit":"DU","units":1,"daily_trips":9.4,"am_peak_trips":0.7,"pm_peak_trips":0.9,"imprv_val":13110.0,"acres":0.255,"city":"Midlothian","city_code":"CMI","fill_color":[34,139,34,180]}},{"type":"Feature","geometry":{"type":"Polygon","coordinates":[[[-98.00681625190768,32.74623790117739],[-98.00727191430238,32.74623601153725],[-98.00731899653277,32.74700135860492],[-98.00675882582075,32.747001959940405],[-98.00681625190768,32.74623790117739]]]},"properties":{"prop_id":62845,"state_cd":"2","ite_code":210,"ite_name":"Single-Family Detached","ite_unit":"DU","units":2,"daily_trips":18.9,"am_peak_trips":1.4,"pm_peak_trips":1.9,"imprv_val":109860.0,"acres":1.0,"city":"Midlothian","city_code":"CMI","fill_color":[34,139,34,180]}},{"type":"Feature","geometry":{"type":"Polygon","coordinates":[[[-98.01366537135506,32.74982334372047],[-98.01405350720022,32.749622076184714],[-98.0142108524608,32.749591698113804],[-98.01437232900865,32.74956067404296],[-98.01436454704137,32.75084511168577],[-98.01366537135506,32.74982334372047]]]},"properties":{"prop_id":18104,"state_cd":"S20","ite_code":210,"ite_name":"Single-Family Detached","ite_unit":"DU","units":2,"daily_trips":18.9,"am_peak_trips":1.4,"pm_peak_trips":1.9,"imprv_val":102420.0,"acres":1.2149,"city":"Midlothian","city_code":"CMI","fill_color":[34,139,34,180]}},{"type":"Feature","geometry":{"type":"Polygon","coordinates":[[[-98.00199750315042,32.753190550785696],[-98.0019562796061,32.75318955957272],[-98.00195461138777,32.7524448667216],[-98.00229805231488,32.75244799077787],[-98.00229862858438,32.7524479957904],[-98.00229740854144,32.75324922874504],[-98.00199750315042,32.753190550785696]]]},"properties":{"prop_id":29186,"state_cd":"2","ite_code":210,"ite_name":"Single-Family Detached","ite_unit":"DU","units":1,"daily_trips":9.4,"am_peak_trips":0.7,"pm_peak_trips":0.9,"imprv_val":20040.0,"acres":0.645,"city":"Midlothian","city_code":"CMI","fill_color":[34,139,34,180]}},{"type":"Feature","geometry":{"type":"Polygon","coordinates":[[[-98.01287269231238,32.746953542430084],[-98.01329163288194,32.74673038802841],[-98.01319976472975,32.74660281678638],[-98.0136905634933,32.74634766878796],[-98.01402854183816,32.74690424904083],[-98.01352997884653,32.747163423498215],[-98.01350199949042,32.74717796506127],[-98.01316075502888,32.74735536193026],[-98.01305881896407,32.74721960406972],[-98.01287269231238,32.746953542430084]]]},"properties":{"prop_id":18034,"state_cd":"S40","ite_code":0,"ite_name":"Vacant/Agricultural","ite_unit":"N/A","units":1.0,"daily_trips":0.0,"am_peak_trips":0.0,"pm_peak_trips":0.0,"imprv_val":1740.0,"acres":1.177,"city":"Midlothian","city_code":"CMI","fill_color":[80,80,80,100]}},{"type":"Feature","geometry":{"type":"Polygon","coordinates":[[[-98.01419851209324,32.7539221255096],[-98.01374669270062,32.75392039250906],[-98.01374211181759,32.75364943655606],[-98.01420463013903,32.75365229538008],[-98.01419851209324,32.7539221255096]]]},"properties":{"prop_id":58419,"state_cd":"S10","ite_code":210,"ite_name":"Single-Family Detached","ite_unit":"DU","units":1,"daily_trips":9.4,"am_peak_trips":0.7,"pm_peak_trips":0.9,"imprv_val":60760.0,"acres":0.32,"city":"Midlothian","city_code":"CMI","fill_color":[34,139,34,180]}},{"type":"Feature","geometry":{"type":"Polygon","coordinates":[[[-98.01166809870266,32.74909335030039],[-98.0115035598302,32.74885818141147],[-98.01234312873518,32.748421746668726],[-98.01250764972494,32.74865693061061],[-98.01166809870266,32.74909335030039]]]},"properties":{"prop_id":17958,"state_cd":"S5","ite_code":0,"ite_name":"Vacant/Agricultural","ite_unit":"N/A","units":1.0,"daily_trips":0.0,"am_peak_trips":0.0,"pm_peak_trips":0.0,"imprv_val":0.0,"acres":0.6913,"city":"Midlothian","city_code":"CMI","fill_color":[80,80,80,100]}},{"type":"Feature","geometry":{"type":"Polygon","coordinates":[[[-98.0097830467183,32.74840050127255],[-98.01017485143964,32.748196819944674],[-98.01025708971315,32.74831438129007],[-98.01033934732845,32.74843195798643],[-98.01042160595527,32.748549584231014],[-98.01002980042733,32.748753232964845],[-98.00994754310348,32.74863562360121],[-98.00986526652507,32.74851806190215],[-98.0097830467183,32.74840050127255]]]},"properties":{"prop_id":17962,"state_cd":"S20","ite_code":0,"ite_name":"Vacant/Agricultural","ite_unit":"N/A","units":1.0,"daily_trips":0.0,"am_peak_trips":0.0,"pm_peak_trips":0.0,"imprv_val":0.0,"acres":0.4839,"city":"Midlothian","city_code":"CMI","fill_color":[80,80,80,100]}},{"type":"Feature","geometry":{"type":"Polygon","coordinates":[[[-98.00306757497988,32.75336502251319],[-98.00288531771882,32.75336429386113],[-98.00256833553802,32.75330225372598],[-98.00257267368758,32.751874984052655],[-98.00271993506038,32.7518751502383],[-98.00284024281015,32.75204875219359],[-98.00348153158312,32.751924070211686],[-98.00371258973189,32.75187912777794],[-98.00370958137657,32.75202151494333],[-98.00368107490195,32.75337089841411],[-98.00306757497988,32.75336502251319]]]},"properties":{"prop_id":29190,"state_cd":"2","ite_code":210,"ite_name":"Single-Family Detached","ite_unit":"DU","units":3,"daily_trips":28.3,"am_peak_trips":2.1,"pm_peak_trips":2.8,"imprv_val":9670.0,"acres":4.026,"city":"Midlothian","city_code":"CMI","fill_color":[34,139,34,180]}},{"type":"Feature","geometry":{"type":"Polygon","coordinates":[[[-98.00833623781014,32.750475404764444],[-98.00821827490631,32.750306762129064],[-98.00803843504372,32.75004965704115],[-98.00887561684272,32.74960984082019],[-98.00887640151682,32.74961094504923],[-98.00895863938077,32.74972850724223],[-98.00904089658665,32.74984608478639],[-98.00912313595344,32.74996364687295],[-98.00936992855672,32.75031641244987],[-98.00853032684236,32.75075287665542],[-98.00833623781014,32.750475404764444]]]},"properties":{"prop_id":17947,"state_cd":"","ite_code":0,"ite_name":"Vacant/Agricultural","ite_unit":"N/A","units":1.0,"daily_trips":0.0,"am_peak_trips":0.0,"pm_peak_trips":0.0,"imprv_val":0.0,"acres":2.0721,"city":"Midlothian","city_code":"CMI","fill_color":[80,80,80,100]}},{"type":"Feature","geometry":{"type":"Polygon","coordinates":[[[-98.0092481849062,32.7466196226817],[-98.00964281889726,32.746414500458414],[-98.00972616694264,32.746531453314645],[-98.00932877247784,32.74673801774753],[-98.0092481849062,32.7466196226817]]]},"properties":{"prop_id":17998,"state_cd":"","ite_code":210,"ite_name":"Single-Family Detached","ite_unit":"DU","units":1,"daily_trips":9.4,"am_peak_trips":0.7,"pm_peak_trips":0.9,"imprv_val":115460.0,"acres":0.163,"city":"Midlothian","city_code":"CMI","fill_color":[34,139,34,180]}},{"type":"Feature","geometry":{"type":"Polygon","coordinates":[[[-98.01371126972096,32.75019218047191],[-98.01388138179904,32.75042646815633],[-98.01349324204674,32.75062773514355],[-98.01332313060733,32.75039344693126],[-98.01371126972096,32.75019218047191]]]},"properties":{"prop_id":96229,"state_cd":"S10","ite_code":0,"ite_name":"Vacant/Agricultural","ite_unit":"N/A","units":1.0,"daily_trips":0.0,"am_peak_trips":0.0,"pm_peak_trips":0.0,"imprv_val":0.0,"acres":0.3214,"city":"Midlothian","city_code":"CMI","fill_color":[80,80,80,100]}},{"type":"Feature","geometry":{"type":"Polygon","coordinates":[[[-98.01373435632455,32.753158645586396],[-98.01420751715153,32.75314970236649],[-98.01420474434656,32.75342977678368],[-98.01373843438219,32.75343079089341],[-98.01373435632455,32.753158645586396]]]},"properties":{"prop_id":58427,"state_cd":"S10","ite_code":210,"ite_name":"Single-Family Detached","ite_unit":"DU","units":1,"daily_trips":9.4,"am_peak_trips":0.7,"pm_peak_trips":0.9,"imprv_val":18240.0,"acres":0.28,"city":"Midlothian","city_code":"CMI","fill_color":[34,139,34,180]}},{"type":"Feature","geometry":{"type":"Polygon","coordinates":[[[-98.00645705610958,32.74623938939688],[-98.00645767985645,32.74673627088642],[-98.00604777959563,32.74673450753939],[-98.00604256683468,32.746236941354496],[-98.00638573928204,32.74623836853684],[-98.00645705610958,32.74623938939688]]]},"properties":{"prop_id":62847,"state_cd":"2","ite_code":210,"ite_name":"Single-Family Detached","ite_unit":"DU","units":1,"daily_trips":9.4,"am_peak_trips":0.7,"pm_peak_trips":0.9,"imprv_val":282500.0,"acres":0.5,"city":"Midlothian","city_code":"CMI","fill_color":[34,139,34,180]}},{"type":"Feature","geometry":{"type":"Polygon","coordinates":[[[-98.01140141637694,32.750710880778065],[-98.0117932274926,32.750507210614245],[-98.01195773177055,32.75074237894238],[-98.01212225612925,32.75097754712446],[-98.01228676339589,32.75121268254875],[-98.0118949503881,32.7514163380257],[-98.01173044484904,32.75118120209036],[-98.01156592008365,32.7509460333889],[-98.01140141637694,32.750710880778065]]]},"properties":{"prop_id":18097,"state_cd":"S40","ite_code":210,"ite_name":"Single-Family Detached","ite_unit":"DU","units":1,"daily_trips":9.4,"am_peak_trips":0.7,"pm_peak_trips":0.9,"imprv_val":79670.0,"acres":0.9678,"city":"Midlothian","city_code":"CMI","fill_color":[34,139,34,180]}},{"type":"Feature","geometry":{"type":"Polygon","coordinates":[[[-98.01197646587532,32.74676246192868],[-98.01204646035276,32.746726123475725],[-98.01226024128331,32.74703183722221],[-98.01219032339647,32.74706819232876],[-98.01212036694648,32.74710456347773],[-98.01205039229792,32.74714093451598],[-98.01198041652485,32.747177305510604],[-98.01191047920048,32.74721366038403],[-98.01184052269967,32.74724999891013],[-98.01162666549867,32.74694434907455],[-98.01169664132232,32.74690796204602],[-98.01176657858271,32.74687159105961],[-98.01183647736927,32.746835219882925],[-98.01190650940008,32.74679886542307],[-98.01197646587532,32.74676246192868]]]},"properties":{"prop_id":18006,"state_cd":"S10","ite_code":210,"ite_name":"Single-Family Detached","ite_unit":"DU","units":1,"daily_trips":9.4,"am_peak_trips":0.7,"pm_peak_trips":0.9,"imprv_val":110030.0,"acres":0.4493,"city":"Midlothian","city_code":"CMI","fill_color":[34,139,34,180]}},{"type":"Feature","geometry":{"type":"Polygon","coordinates":[[[-98.00765196962733,32.743394336127494],[-98.0083875903303,32.74316487406726],[-98.00838758240546,32.743166305233814],[-98.00838702186259,32.74326753479063],[-98.00838586714086,32.7434760675675],[-98.00780426347413,32.74364180508972],[-98.00765196962733,32.743394336127494]]]},"properties":{"prop_id":62859,"state_cd":"S20","ite_code":210,"ite_name":"Single-Family Detached","ite_unit":"DU","units":1,"daily_trips":9.4,"am_peak_trips":0.7,"pm_peak_trips":0.9,"imprv_val":122840.0,"acres":0.523,"city":"Midlothian","city_code":"CMI","fill_color":[34,139,34,180]}},{"type":"Feature","geometry":{"type":"Polygon","coordinates":[[[-98.0073457354383,32.74187698633027],[-98.00709470105484,32.74157892330335],[-98.00691889739426,32.74139485864398],[-98.00695659507149,32.74134034037449],[-98.00848543270419,32.74133983335371],[-98.00847461115484,32.7416141549256],[-98.00846279702954,32.74181024456429],[-98.00752402624597,32.74180133790961],[-98.0073457354383,32.74187698633027]]]},"properties":{"prop_id":62839,"state_cd":"2","ite_code":210,"ite_name":"Single-Family Detached","ite_unit":"DU","units":2,"daily_trips":18.9,"am_peak_trips":1.4,"pm_peak_trips":1.9,"imprv_val":137200.0,"acres":1.604,"city":"Midlothian","city_code":"CMI","fill_color":[34,139,34,180]}},{"type":"Feature","geometry":{"type":"Polygon","coordinates":[[[-98.00701072577868,32.745010901509296],[-98.00794436471267,32.74500455975101],[-98.00840900022234,32.74579019207941],[-98.00837298926328,32.745801634521236],[-98.00786152910037,32.74589562811578],[-98.00784411379564,32.74589882828669],[-98.0076824775101,32.74590209315146],[-98.00698744774934,32.745916129700596],[-98.00700822250961,32.74522763282448],[-98.00701072577868,32.745010901509296]]]},"properties":{"prop_id":62843,"state_cd":"2","ite_code":210,"ite_name":"Single-Family Detached","ite_unit":"DU","units":2,"daily_trips":18.9,"am_peak_trips":1.4,"pm_peak_trips":1.9,"imprv_val":213640.0,"acres":2.453,"city":"Midlothian","city_code":"CMI","fill_color":[34,139,34,180]}}]}