{"type":"FeatureCollection","metadata":{"city":"Mineral Wells","city_code":"CMW","total_parcels":156,"total_daily_trips":20196.0,"parcels_with_trips":114,"generated":"2026-03-21","pipeline":"MUENY build_city_parcels.py","ite_source":"ITE Trip Generation Manual 11th Edition","cad_mapping":"Parker County CAD state_cd \u2192 ITE canonical table"},"features":[{"type":"Feature","geometry":{"type":"Polygon","coordinates":[[[-98.0564635564692,32.81361970670926],[-98.05651924145569,32.813537487062106],[-98.05712658149288,32.813703076512176],[-98.05705079718308,32.81389904798103],[-98.05640528809548,32.81372305125427],[-98.05640435597522,32.81372279722483],[-98.0564144381616,32.81370385979902],[-98.0564239392535,32.813686015109134],[-98.05643218546275,32.81367052690701],[-98.0564635564692,32.81361970670926]]]},"properties":{"prop_id":10870,"state_cd":"S40","ite_code":210,"ite_name":"Single-Family Detached","ite_unit":"DU","units":1,"daily_trips":9.4,"am_peak_trips":0.7,"pm_peak_trips":0.9,"imprv_val":204540.0,"acres":0.304,"city":"Mineral Wells","city_code":"CMW","fill_color":[34,139,34,180]}},{"type":"Feature","geometry":{"type":"Polygon","coordinates":[[[-98.04863042341701,32.82721154600777],[-98.04917326055731,32.827391087511465],[-98.04893218896486,32.82799527443964],[-98.04876883840518,32.82817774767853],[-98.04825075796904,32.827835158077846],[-98.04835974224387,32.827683189690795],[-98.04861372667771,32.82727114523674],[-98.04863042341701,32.82721154600777]]]},"properties":{"prop_id":58832,"state_cd":"A5","ite_code":0,"ite_name":"Vacant/Agricultural","ite_unit":"N/A","units":1.0,"daily_trips":0.0,"am_peak_trips":0.0,"pm_peak_trips":0.0,"imprv_val":650.0,"acres":1.05,"city":"Mineral Wells","city_code":"CMW","fill_color":[80,80,80,100]}},{"type":"Feature","geometry":{"type":"MultiPolygon","coordinates":[[[[-98.03059444263455,32.83989219680889],[-98.03060194439124,32.83720254696968],[-98.0308228158102,32.83716868878235],[-98.0309595488665,32.83713517502767],[-98.0311093295799,32.837101597560725],[-98.03126561593348,32.83704595077325],[-98.03136317792023,32.836995993163896],[-98.03146070313488,32.83694610027063],[-98.03159063872671,32.836840933312324],[-98.0317522697047,32.83655929684051],[-98.03181638430439,32.8363331573352],[-98.03189991907182,32.83607378850067],[-98.03196447586765,32.83593030854],[-98.03198318833742,32.835759377926664],[-98.03197578056874,32.83556094190608],[-98.03192937064757,32.8354012816615],[-98.03188290490559,32.83523057391101],[-98.03185573596883,32.83501019623733],[-98.03183542107139,32.83485047269266],[-98.03189348398217,32.83470142845212],[-98.03198380335911,32.834508237944846],[-98.03210039667538,32.8343314898246],[-98.03219759788611,32.83421541067673],[-98.032255930811,32.83414905772059],[-98.03234013111084,32.8340385497231],[-98.03236579110212,32.83395027065031],[-98.03240448865,32.83385646912994],[-98.03239770980186,32.83380684544165],[-98.0323714567388,32.833768357271516],[-98.03226685557918,32.833702586796704],[-98.03212339679665,32.833703049387864],[-98.0319020452229,32.83376444418149],[-98.03166798468536,32.833902973791666],[-98.03152511899276,32.8340192043722],[-98.03137564411377,32.83412995028919],[-98.03126516123909,32.83419646171774],[-98.03116099319877,32.83422987214499],[-98.03110879616824,32.83422450714618],[-98.03104348607123,32.8342027490495],[-98.03095204529666,32.83416995787331],[-98.03087990231298,32.83407644959929],[-98.03084045143692,32.834004995872526],[-98.03087237452442,32.833850508454624],[-98.03100815209254,32.83361310790885],[-98.03120287526731,32.8334360580565],[-98.03155404557546,32.83324749906891],[-98.03192469924613,32.833042329641806],[-98.03219126022665,32.832881650426245],[-98.03251648426308,32.83271519846311],[-98.0327243338731,32.83256566674682],[-98.03291272511072,32.832427238783225],[-98.03300388274383,32.83239390702666],[-98.0332126282999,32.8324152174746],[-98.03332375189035,32.832481010725765],[-98.03341592872665,32.8326791026663],[-98.0334758406671,32.832926897240895],[-98.03355490658817,32.83309751651124],[-98.03364684743659,32.833246041631064],[-98.03386903111392,32.8333609929571],[-98.03399309876659,32.83338812262607],[-98.0341232916228,32.833349138441456],[-98.03432996398212,32.832946102074175],[-98.03449071690967,32.83247157325619],[-98.0346387706467,32.8320687219618],[-98.03474827240343,32.83179830449627],[-98.03487741871639,32.831538781284586],[-98.03503294333174,32.83132333369328],[-98.0352792879188,32.831035887554876],[-98.0354994337444,32.830721017121476],[-98.03564136690409,32.830400798841175],[-98.03567918415342,32.830141612081675],[-98.03561305828184,32.829943490049],[-98.03544946699324,32.829811754046546],[-98.0352208907156,32.82973536501412],[-98.03503160614119,32.829691859316185],[-98.03490093470505,32.829626236185796],[-98.03480903262964,32.82949975704152],[-98.03479544627126,32.82937300611657],[-98.03482751063466,32.82926265679726],[-98.03498343840621,32.82915191461378],[-98.03516588626435,32.82913478270772],[-98.03535516988585,32.82917825573882],[-98.03546593819316,32.829172322327395],[-98.03557645118352,32.82911682210023],[-98.03565430922751,32.82902841429309],[-98.03567996461933,32.82892908811781],[-98.03566627217086,32.82879687727849],[-98.03554825767883,32.82865949743298],[-98.0352017858471,32.82847877237231],[-98.03495351171418,32.828347348792455],[-98.03483511129673,32.82812726010311],[-98.03476927349578,32.82800620899586],[-98.03463200641797,32.8279075002195],[-98.03437101081431,32.82786425823896],[-98.03407783538694,32.82792038207675],[-98.0338176354587,32.82803144313732],[-98.03360939236643,32.82810928332039],[-98.0334596179568,32.8281483874291],[-98.0332967888186,32.8281819990129],[-98.03313391283395,32.82819912135035],[-98.03291205494602,32.828155764334085],[-98.03289639548386,32.828147178849875],[-98.03274210786464,32.82806260051981],[-98.03256296537408,32.82791030753099],[-98.03240120514705,32.82766135410291],[-98.032271242863,32.827346125367264],[-98.03222938306678,32.827165922531094],[-98.03220850416147,32.826884906646015],[-98.0322527122924,32.82658716231149],[-98.03254543940228,32.82613982834566],[-98.03265394918863,32.825973982900386],[-98.03310233277588,32.825517010063145],[-98.03442712604898,32.825522668737555],[-98.03435965491003,32.825541909972614],[-98.03426696679371,32.82579187828969],[-98.03436363085979,32.82600529754999],[-98.03475395261532,32.826514350132236],[-98.03484160922828,32.826727750649574],[-98.034847204242,32.82704685587209],[-98.03483585553597,32.827259483103155],[-98.03502271476677,32.82745085402476],[-98.03530035121678,32.827566994906086],[-98.03549768425977,32.82762165871235],[-98.0356864353758,32.82763833532753],[-98.03584903620349,32.82757123974331],[-98.03600352287064,32.827428076827],[-98.03607678657539,32.827307108578246],[-98.03617797395307,32.82710277923527],[-98.03623382278244,32.82692846560768],[-98.03631967936425,32.82647332643266],[-98.03622357563984,32.82620669537157],[-98.03610877208463,32.826008295577445],[-98.0359125926303,32.82584727017197],[-98.03589519684526,32.82579392491424],[-98.03591299575562,32.82552893044807],[-98.03665527061732,32.825532052191114],[-98.03937963023176,32.825543491678],[-98.0405520748464,32.82555146096433],[-98.04044219834738,32.82573295746225],[-98.04020563083236,32.82598183409285],[-98.03998837937829,32.826109266105256],[-98.03979858213728,32.82619135122269],[-98.03965369552148,32.82628138672214],[-98.03937838409257,32.82678529528773],[-98.03906235563105,32.827732431610364],[-98.03892581322906,32.82871892754101],[-98.03883981184171,32.829189281522495],[-98.03872868551996,32.82948468145899],[-98.03853781162803,32.82966553686281],[-98.03835637387711,32.82980845771359],[-98.03817565441723,32.8298830645979],[-98.03791706550435,32.82992364322645],[-98.03774554860418,32.829983085312705],[-98.03760948995671,32.83008080676514],[-98.03749063100476,32.830262186982054],[-98.03750553936268,32.8305434059919],[-98.03759341924166,32.830741624067585],[-98.03776202046717,32.83095561356908],[-98.03786796018898,32.831146356619364],[-98.0378571611691,32.831313409055575],[-98.03780082655595,32.83153326517312],[-98.03764616151584,32.8316915955011],[-98.03732894715273,32.8319094645139],[-98.03707513108195,32.83208979322489],[-98.03685693752992,32.832298581935504],[-98.0366916819058,32.83260879830862],[-98.03651638259024,32.833017639591155],[-98.03646624969389,32.833495844968134],[-98.03649993409604,32.833708817617016],[-98.0365806334962,32.83369971853326],[-98.0365481335283,32.83349430935996],[-98.03659651546035,32.833032618744255],[-98.03676722448304,32.83263461274537],[-98.03692616244949,32.83233630832987],[-98.03713218558293,32.83213910227467],[-98.03738087597135,32.831962372487304],[-98.03770383079423,32.831740599956404],[-98.0378761896181,32.83156410230546],[-98.03793806948332,32.83132260777166],[-98.03795032510952,32.831132837616494],[-98.03783314685984,32.83092184855135],[-98.03766639024893,32.83071011062625],[-98.03758631846699,32.83052950978747],[-98.03757297413667,32.83027851473874],[-98.03767357165283,32.83012503920349],[-98.03778839408216,32.8300425489724],[-98.03794023020872,32.82998991371919],[-98.03820146100571,32.829948892134134],[-98.0384030380026,32.829865722266064],[-98.03859613535518,32.829713623489035],[-98.0388010229464,32.82951947933694],[-98.0389193075078,32.829205016166156],[-98.0390064894696,32.828728158080324],[-98.03914247306936,32.82774584263103],[-98.03945500409732,32.826809126305726],[-98.03971884368282,32.826326219078844],[-98.03984154670499,32.82625000660862],[-98.04003032725817,32.82616832168217],[-98.04026175829199,32.82603256048616],[-98.04051086633974,32.825770485950514],[-98.04064314072393,32.82555207135869],[-98.04344783952287,32.82557106726584],[-98.0435558907124,32.82557180278349],[-98.04356395829869,32.82566557012888],[-98.04356087394387,32.82595650899513],[-98.04336094443867,32.82649889844302],[-98.04313350651734,32.82706345876393],[-98.04281086831458,32.827782825876376],[-98.042460248179,32.828667260009595],[-98.04222110371211,32.829129413729206],[-98.04193136332931,32.829905878203014],[-98.04182659043393,32.83033583751872],[-98.0417404497416,32.83082859313813],[-98.04115925257965,32.83308927314312],[-98.04054287243011,32.8351861365718],[-98.04028880461877,32.83623016365269],[-98.03991562420238,32.83748037883123],[-98.03962295016294,32.83853542704154],[-98.03902908818141,32.83833203211876],[-98.03838435248502,32.83811120829221],[-98.03823007325325,32.837907236265764],[-98.03782861235321,32.837376459886165],[-98.03608036995267,32.835064984865745],[-98.03594831014486,32.83510217132086],[-98.03411924220195,32.838080745604714],[-98.03419991273071,32.838413133080614],[-98.03481108562096,32.83839706459514],[-98.03717382040902,32.83833491781573],[-98.03717817523659,32.83922727471849],[-98.03720785562342,32.83995812178461],[-98.03059444263455,32.83989219680889]]],[[[-98.0345951727447,32.82554729664558],[-98.03466597470894,32.82552367497926],[-98.0354537738602,32.82552700660671],[-98.03550843401531,32.82555059664819],[-98.0358316539248,32.82554871774678],[-98.03581315501468,32.82580129064001],[-98.03583996347095,32.825883499473434],[-98.03604189562743,32.82604922959053],[-98.03614758045318,32.82623194618618],[-98.03623634991897,32.82647823198766],[-98.03615415215022,32.82691398842449],[-98.03610079221184,32.82708047809723],[-98.0360028715462,32.82727816594052],[-98.03593597556453,32.82738857956006],[-98.03579936468215,32.827515254395074],[-98.03567165355574,32.827567961737756],[-98.03551481395297,32.82755410066959],[-98.03533125296198,32.82750318668195],[-98.03507449736935,32.827395796686424],[-98.03491861362352,32.82723618014253],[-98.03492861039189,32.82704790327645],[-98.03492283382947,32.82671569936074],[-98.03482766057672,32.826484004454805],[-98.03443663514233,32.82597404494585],[-98.034353113358,32.825789617008304],[-98.03442498176516,32.82559583792544],[-98.0345951727447,32.82554729664558]]]]},"properties":{"prop_id":58816,"state_cd":"A1","ite_code":210,"ite_name":"Single-Family Detached","ite_unit":"DU","units":273,"daily_trips":2577.1,"am_peak_trips":193.3,"pm_peak_trips":257.7,"imprv_val":0.0,"acres":341.782,"city":"Mineral Wells","city_code":"CMW","fill_color":[200,30,30,220]}},{"type":"Feature","geometry":{"type":"MultiPolygon","coordinates":[[[[-98.03059444263455,32.83989219680889],[-98.03060194439124,32.83720254696968],[-98.0308228158102,32.83716868878235],[-98.0309595488665,32.83713517502767],[-98.0311093295799,32.837101597560725],[-98.03126561593348,32.83704595077325],[-98.03136317792023,32.836995993163896],[-98.03146070313488,32.83694610027063],[-98.03159063872671,32.836840933312324],[-98.0317522697047,32.83655929684051],[-98.03181638430439,32.8363331573352],[-98.03189991907182,32.83607378850067],[-98.03196447586765,32.83593030854],[-98.03198318833742,32.835759377926664],[-98.03197578056874,32.83556094190608],[-98.03192937064757,32.8354012816615],[-98.03188290490559,32.83523057391101],[-98.03185573596883,32.83501019623733],[-98.03183542107139,32.83485047269266],[-98.03189348398217,32.83470142845212],[-98.03198380335911,32.834508237944846],[-98.03210039667538,32.8343314898246],[-98.03219759788611,32.83421541067673],[-98.032255930811,32.83414905772059],[-98.03234013111084,32.8340385497231],[-98.03236579110212,32.83395027065031],[-98.03240448865,32.83385646912994],[-98.03239770980186,32.83380684544165],[-98.0323714567388,32.833768357271516],[-98.03226685557918,32.833702586796704],[-98.03212339679665,32.833703049387864],[-98.0319020452229,32.83376444418149],[-98.03166798468536,32.833902973791666],[-98.03152511899276,32.8340192043722],[-98.03137564411377,32.83412995028919],[-98.03126516123909,32.83419646171774],[-98.03116099319877,32.83422987214499],[-98.03110879616824,32.83422450714618],[-98.03104348607123,32.8342027490495],[-98.03095204529666,32.83416995787331],[-98.03087990231298,32.83407644959929],[-98.03084045143692,32.834004995872526],[-98.03087237452442,32.833850508454624],[-98.03100815209254,32.83361310790885],[-98.03120287526731,32.8334360580565],[-98.03155404557546,32.83324749906891],[-98.03192469924613,32.833042329641806],[-98.03219126022665,32.832881650426245],[-98.03251648426308,32.83271519846311],[-98.0327243338731,32.83256566674682],[-98.03291272511072,32.832427238783225],[-98.03300388274383,32.83239390702666],[-98.0332126282999,32.8324152174746],[-98.03332375189035,32.832481010725765],[-98.03341592872665,32.8326791026663],[-98.0334758406671,32.832926897240895],[-98.03355490658817,32.83309751651124],[-98.03364684743659,32.833246041631064],[-98.03386903111392,32.8333609929571],[-98.03399309876659,32.83338812262607],[-98.0341232916228,32.833349138441456],[-98.03432996398212,32.832946102074175],[-98.03449071690967,32.83247157325619],[-98.0346387706467,32.8320687219618],[-98.03474827240343,32.83179830449627],[-98.03487741871639,32.831538781284586],[-98.03503294333174,32.83132333369328],[-98.0352792879188,32.831035887554876],[-98.0354994337444,32.830721017121476],[-98.03564136690409,32.830400798841175],[-98.03567918415342,32.830141612081675],[-98.03561305828184,32.829943490049],[-98.03544946699324,32.829811754046546],[-98.0352208907156,32.82973536501412],[-98.03503160614119,32.829691859316185],[-98.03490093470505,32.829626236185796],[-98.03480903262964,32.82949975704152],[-98.03479544627126,32.82937300611657],[-98.03482751063466,32.82926265679726],[-98.03498343840621,32.82915191461378],[-98.03516588626435,32.82913478270772],[-98.03535516988585,32.82917825573882],[-98.03546593819316,32.829172322327395],[-98.03557645118352,32.82911682210023],[-98.03565430922751,32.82902841429309],[-98.03567996461933,32.82892908811781],[-98.03566627217086,32.82879687727849],[-98.03554825767883,32.82865949743298],[-98.0352017858471,32.82847877237231],[-98.03495351171418,32.828347348792455],[-98.03483511129673,32.82812726010311],[-98.03476927349578,32.82800620899586],[-98.03463200641797,32.8279075002195],[-98.03437101081431,32.82786425823896],[-98.03407783538694,32.82792038207675],[-98.0338176354587,32.82803144313732],[-98.03360939236643,32.82810928332039],[-98.0334596179568,32.8281483874291],[-98.0332967888186,32.8281819990129],[-98.03313391283395,32.82819912135035],[-98.03291205494602,32.828155764334085],[-98.03289639548386,32.828147178849875],[-98.03274210786464,32.82806260051981],[-98.03256296537408,32.82791030753099],[-98.03240120514705,32.82766135410291],[-98.032271242863,32.827346125367264],[-98.03222938306678,32.827165922531094],[-98.03220850416147,32.826884906646015],[-98.0322527122924,32.82658716231149],[-98.03254543940228,32.82613982834566],[-98.03265394918863,32.825973982900386],[-98.03310233277588,32.825517010063145],[-98.03442712604898,32.825522668737555],[-98.03435965491003,32.825541909972614],[-98.03426696679371,32.82579187828969],[-98.03436363085979,32.82600529754999],[-98.03475395261532,32.826514350132236],[-98.03484160922828,32.826727750649574],[-98.034847204242,32.82704685587209],[-98.03483585553597,32.827259483103155],[-98.03502271476677,32.82745085402476],[-98.03530035121678,32.827566994906086],[-98.03549768425977,32.82762165871235],[-98.0356864353758,32.82763833532753],[-98.03584903620349,32.82757123974331],[-98.03600352287064,32.827428076827],[-98.03607678657539,32.827307108578246],[-98.03617797395307,32.82710277923527],[-98.03623382278244,32.82692846560768],[-98.03631967936425,32.82647332643266],[-98.03622357563984,32.82620669537157],[-98.03610877208463,32.826008295577445],[-98.0359125926303,32.82584727017197],[-98.03589519684526,32.82579392491424],[-98.03591299575562,32.82552893044807],[-98.03665527061732,32.825532052191114],[-98.03937963023176,32.825543491678],[-98.0405520748464,32.82555146096433],[-98.04044219834738,32.82573295746225],[-98.04020563083236,32.82598183409285],[-98.03998837937829,32.826109266105256],[-98.03979858213728,32.82619135122269],[-98.03965369552148,32.82628138672214],[-98.03937838409257,32.82678529528773],[-98.03906235563105,32.827732431610364],[-98.03892581322906,32.82871892754101],[-98.03883981184171,32.829189281522495],[-98.03872868551996,32.82948468145899],[-98.03853781162803,32.82966553686281],[-98.03835637387711,32.82980845771359],[-98.03817565441723,32.8298830645979],[-98.03791706550435,32.82992364322645],[-98.03774554860418,32.829983085312705],[-98.03760948995671,32.83008080676514],[-98.03749063100476,32.830262186982054],[-98.03750553936268,32.8305434059919],[-98.03759341924166,32.830741624067585],[-98.03776202046717,32.83095561356908],[-98.03786796018898,32.831146356619364],[-98.0378571611691,32.831313409055575],[-98.03780082655595,32.83153326517312],[-98.03764616151584,32.8316915955011],[-98.03732894715273,32.8319094645139],[-98.03707513108195,32.83208979322489],[-98.03685693752992,32.832298581935504],[-98.0366916819058,32.83260879830862],[-98.03651638259024,32.833017639591155],[-98.03646624969389,32.833495844968134],[-98.03649993409604,32.833708817617016],[-98.0365806334962,32.83369971853326],[-98.0365481335283,32.83349430935996],[-98.03659651546035,32.833032618744255],[-98.03676722448304,32.83263461274537],[-98.03692616244949,32.83233630832987],[-98.03713218558293,32.83213910227467],[-98.03738087597135,32.831962372487304],[-98.03770383079423,32.831740599956404],[-98.0378761896181,32.83156410230546],[-98.03793806948332,32.83132260777166],[-98.03795032510952,32.831132837616494],[-98.03783314685984,32.83092184855135],[-98.03766639024893,32.83071011062625],[-98.03758631846699,32.83052950978747],[-98.03757297413667,32.83027851473874],[-98.03767357165283,32.83012503920349],[-98.03778839408216,32.8300425489724],[-98.03794023020872,32.82998991371919],[-98.03820146100571,32.829948892134134],[-98.0384030380026,32.829865722266064],[-98.03859613535518,32.829713623489035],[-98.0388010229464,32.82951947933694],[-98.0389193075078,32.829205016166156],[-98.0390064894696,32.828728158080324],[-98.03914247306936,32.82774584263103],[-98.03945500409732,32.826809126305726],[-98.03971884368282,32.826326219078844],[-98.03984154670499,32.82625000660862],[-98.04003032725817,32.82616832168217],[-98.04026175829199,32.82603256048616],[-98.04051086633974,32.825770485950514],[-98.04064314072393,32.82555207135869],[-98.04344783952287,32.82557106726584],[-98.0435558907124,32.82557180278349],[-98.04356395829869,32.82566557012888],[-98.04356087394387,32.82595650899513],[-98.04336094443867,32.82649889844302],[-98.04313350651734,32.82706345876393],[-98.04281086831458,32.827782825876376],[-98.042460248179,32.828667260009595],[-98.04222110371211,32.829129413729206],[-98.04193136332931,32.829905878203014],[-98.04182659043393,32.83033583751872],[-98.0417404497416,32.83082859313813],[-98.04115925257965,32.83308927314312],[-98.04054287243011,32.8351861365718],[-98.04028880461877,32.83623016365269],[-98.03991562420238,32.83748037883123],[-98.03962295016294,32.83853542704154],[-98.03902908818141,32.83833203211876],[-98.03838435248502,32.83811120829221],[-98.03823007325325,32.837907236265764],[-98.03782861235321,32.837376459886165],[-98.03608036995267,32.835064984865745],[-98.03594831014486,32.83510217132086],[-98.03411924220195,32.838080745604714],[-98.03419991273071,32.838413133080614],[-98.03481108562096,32.83839706459514],[-98.03717382040902,32.83833491781573],[-98.03717817523659,32.83922727471849],[-98.03720785562342,32.83995812178461],[-98.03059444263455,32.83989219680889]]],[[[-98.0345951727447,32.82554729664558],[-98.03466597470894,32.82552367497926],[-98.0354537738602,32.82552700660671],[-98.03550843401531,32.82555059664819],[-98.0358316539248,32.82554871774678],[-98.03581315501468,32.82580129064001],[-98.03583996347095,32.825883499473434],[-98.03604189562743,32.82604922959053],[-98.03614758045318,32.82623194618618],[-98.03623634991897,32.82647823198766],[-98.03615415215022,32.82691398842449],[-98.03610079221184,32.82708047809723],[-98.0360028715462,32.82727816594052],[-98.03593597556453,32.82738857956006],[-98.03579936468215,32.827515254395074],[-98.03567165355574,32.827567961737756],[-98.03551481395297,32.82755410066959],[-98.03533125296198,32.82750318668195],[-98.03507449736935,32.827395796686424],[-98.03491861362352,32.82723618014253],[-98.03492861039189,32.82704790327645],[-98.03492283382947,32.82671569936074],[-98.03482766057672,32.826484004454805],[-98.03443663514233,32.82597404494585],[-98.034353113358,32.825789617008304],[-98.03442498176516,32.82559583792544],[-98.0345951727447,32.82554729664558]]]]},"properties":{"prop_id":58816,"state_cd":"A1","ite_code":210,"ite_name":"Single-Family Detached","ite_unit":"DU","units":273,"daily_trips":2577.1,"am_peak_trips":193.3,"pm_peak_trips":257.7,"imprv_val":0.0,"acres":341.782,"city":"Mineral Wells","city_code":"CMW","fill_color":[200,30,30,220]}},{"type":"Feature","geometry":{"type":"Polygon","coordinates":[[[-98.05973554398396,32.818250353946574],[-98.06030365111687,32.81792089143761],[-98.06042334800263,32.81807425025475],[-98.05987855187314,32.818428014118204],[-98.05987541099698,32.81842411165902],[-98.05973554398396,32.818250353946574]]]},"properties":{"prop_id":96121,"state_cd":"S3","ite_code":210,"ite_name":"Single-Family Detached","ite_unit":"DU","units":1,"daily_trips":9.4,"am_peak_trips":0.7,"pm_peak_trips":0.9,"imprv_val":11220.0,"acres":0.32,"city":"Mineral Wells","city_code":"CMW","fill_color":[34,139,34,180]}},{"type":"Feature","geometry":{"type":"Polygon","coordinates":[[[-98.05952056972383,32.818636091805416],[-98.05977602435155,32.818487570016494],[-98.05989325657139,32.818625554525674],[-98.05999107462438,32.81874075434869],[-98.05973463775088,32.818892579168676],[-98.05952056972383,32.818636091805416]]]},"properties":{"prop_id":65551,"state_cd":"A5","ite_code":210,"ite_name":"Single-Family Detached","ite_unit":"DU","units":1,"daily_trips":9.4,"am_peak_trips":0.7,"pm_peak_trips":0.9,"imprv_val":157740.0,"acres":0.257,"city":"Mineral Wells","city_code":"CMW","fill_color":[34,139,34,180]}},{"type":"Feature","geometry":{"type":"Polygon","coordinates":[[[-98.05757266880985,32.82964221325916],[-98.05572182066052,32.830716505887644],[-98.05563121236897,32.83076740469127],[-98.05553701590259,32.830813426206355],[-98.05543959961997,32.83085439047545],[-98.05533934245967,32.830890138321564],[-98.05523663608544,32.830920529552344],[-98.05513188166768,32.83094544565429],[-98.05502548988339,32.83096478979267],[-98.05491787344327,32.83097848588312],[-98.05408311900867,32.831058989298626],[-98.05408014531916,32.830677828889904],[-98.05431936745553,32.83002866367287],[-98.05527443659304,32.82964994453486],[-98.05567801857742,32.829246172457424],[-98.05641735080262,32.82829485280774],[-98.05658418607284,32.827902135738306],[-98.0571599721985,32.827018721778764],[-98.05916953835671,32.826827239601194],[-98.05913976494112,32.82711000919797],[-98.05886937344165,32.82765800464969],[-98.05880109013464,32.828345028139616],[-98.05886853479414,32.82877351447543],[-98.0587687792747,32.82894257088122],[-98.05757266880985,32.82964221325916]]]},"properties":{"prop_id":58841,"state_cd":"A5","ite_code":0,"ite_name":"Vacant/Agricultural","ite_unit":"N/A","units":1.0,"daily_trips":0.0,"am_peak_trips":0.0,"pm_peak_trips":0.0,"imprv_val":3710.0,"acres":27.803,"city":"Mineral Wells","city_code":"CMW","fill_color":[80,80,80,100]}},{"type":"Feature","geometry":{"type":"MultiPolygon","coordinates":[[[[-98.02197591723866,32.86252919145646],[-98.0220111799277,32.862530231393926],[-98.02232760663523,32.86245755846975],[-98.02259559761457,32.862370873236706],[-98.02280704006016,32.86227006554573],[-98.0230435925288,32.86210115114681],[-98.02324008342892,32.86189094740887],[-98.02332737737002,32.86178520558051],[-98.03052183216178,32.8617900026162],[-98.0305835138763,32.86912970252122],[-98.02207045169041,32.86912466787285],[-98.02197591723866,32.86252919145646]]],[[[-98.02197514217596,32.862474164153916],[-98.02196525627438,32.861784245654206],[-98.02324800066359,32.86178514416963],[-98.0231877122134,32.86185820385901],[-98.0229965130367,32.86206277520902],[-98.02276968218189,32.86222473410776],[-98.02256775490159,32.862321023157726],[-98.0223072977659,32.86240523380131],[-98.02200361224351,32.86247498411695],[-98.02197514217596,32.862474164153916]]]]},"properties":{"prop_id":37056,"state_cd":"1","ite_code":210,"ite_name":"Single-Family Detached","ite_unit":"DU","units":128,"daily_trips":1208.3,"am_peak_trips":90.6,"pm_peak_trips":120.8,"imprv_val":0.0,"acres":160.0,"city":"Mineral Wells","city_code":"CMW","fill_color":[200,30,30,220]}},{"type":"Feature","geometry":{"type":"Polygon","coordinates":[[[-98.05056741724856,32.81253553319042],[-98.0505279874552,32.81065126943419],[-98.05061143676852,32.810651222813405],[-98.05185515961448,32.81065051676261],[-98.05152632354523,32.810192160533674],[-98.05161361908445,32.81023457305701],[-98.05183098742215,32.81031523592715],[-98.05201699260817,32.81038427104289],[-98.05275529759298,32.810565503206575],[-98.05309060334626,32.81064779986304],[-98.05351558711457,32.81070842032168],[-98.05353284724958,32.810929647213825],[-98.05353982467129,32.81239346965774],[-98.05316842736119,32.812386030912876],[-98.05321562509185,32.8124512865446],[-98.05336019633648,32.812651463997746],[-98.05238359699486,32.81264795394004],[-98.05238327078978,32.812712603304526],[-98.0507315375383,32.81270664925636],[-98.05056741724856,32.81253553319042]]]},"properties":{"prop_id":98310,"state_cd":"SF-OVR","ite_code":210,"ite_name":"Single-Family Detached","ite_unit":"DU","units":12,"daily_trips":113.3,"am_peak_trips":8.5,"pm_peak_trips":11.3,"imprv_val":5648350.0,"acres":15.382,"city":"Mineral Wells","city_code":"CMW","fill_color":[255,200,0,200]}},{"type":"Feature","geometry":{"type":"Polygon","coordinates":[[[-98.04804441008804,32.82606438429243],[-98.04775667338701,32.8262796904689],[-98.04785157264114,32.82668066284513],[-98.04741753387376,32.826660754453634],[-98.04718424868823,32.82579784285135],[-98.04783297180354,32.82560534703707],[-98.04789405388107,32.82585181508345],[-98.0480440958997,32.82581455144576],[-98.04849170915006,32.82570336627274],[-98.04857766131936,32.825953476484464],[-98.04807568912729,32.8260409667548],[-98.04804441008804,32.82606438429243]]]},"properties":{"prop_id":58804,"state_cd":"A5","ite_code":210,"ite_name":"Single-Family Detached","ite_unit":"DU","units":3,"daily_trips":28.3,"am_peak_trips":2.1,"pm_peak_trips":2.8,"imprv_val":112150.0,"acres":1.81,"city":"Mineral Wells","city_code":"CMW","fill_color":[34,139,34,180]}},{"type":"Feature","geometry":{"type":"Polygon","coordinates":[[[-98.05884872996899,32.81804286492106],[-98.05969931103029,32.81907590211777],[-98.05820478547692,32.81994511024049],[-98.05735953478607,32.81892096204905],[-98.05884872996899,32.81804286492106]]]},"properties":{"prop_id":65542,"state_cd":"A5","ite_code":0,"ite_name":"Vacant/Agricultural","ite_unit":"N/A","units":1.0,"daily_trips":0.0,"am_peak_trips":0.0,"pm_peak_trips":0.0,"imprv_val":2940.0,"acres":5.126,"city":"Mineral Wells","city_code":"CMW","fill_color":[80,80,80,100]}},{"type":"Feature","geometry":{"type":"Polygon","coordinates":[[[-98.05562389136088,32.817924129423],[-98.05565118821245,32.8180608434736],[-98.05522147638793,32.818133069548324],[-98.0551753588795,32.81790666353772],[-98.05516780209862,32.81780073320965],[-98.05522595533137,32.81779210510044],[-98.05558752929194,32.81774202960436],[-98.05562389136088,32.817924129423]]]},"properties":{"prop_id":66500,"state_cd":"A5","ite_code":210,"ite_name":"Single-Family Detached","ite_unit":"DU","units":1,"daily_trips":9.4,"am_peak_trips":0.7,"pm_peak_trips":0.9,"imprv_val":50410.0,"acres":0.183,"city":"Mineral Wells","city_code":"CMW","fill_color":[34,139,34,180]}},{"type":"Feature","geometry":{"type":"Polygon","coordinates":[[[-98.0453403291089,32.818843516796484],[-98.04553959275033,32.81910849861768],[-98.04658355997593,32.82048855223102],[-98.04675992793949,32.82073996278675],[-98.04523991284165,32.82105957334002],[-98.0452419679424,32.821039328700316],[-98.04530694580161,32.819165709505825],[-98.0453403291089,32.818843516796484]]]},"properties":{"prop_id":65341,"state_cd":"S5","ite_code":210,"ite_name":"Single-Family Detached","ite_unit":"DU","units":2,"daily_trips":18.9,"am_peak_trips":1.4,"pm_peak_trips":1.9,"imprv_val":23620.0,"acres":2.603,"city":"Mineral Wells","city_code":"CMW","fill_color":[34,139,34,180]}},{"type":"Feature","geometry":{"type":"Polygon","coordinates":[[[-98.05138232971183,32.82225764838502],[-98.05167580510779,32.82207688424203],[-98.05207845082762,32.82252543005898],[-98.05176946695069,32.822720694630746],[-98.05138232971183,32.82225764838502]]]},"properties":{"prop_id":41295,"state_cd":"A5","ite_code":0,"ite_name":"Vacant/Agricultural","ite_unit":"N/A","units":1.0,"daily_trips":0.0,"am_peak_trips":0.0,"pm_peak_trips":0.0,"imprv_val":2870.0,"acres":0.528,"city":"Mineral Wells","city_code":"CMW","fill_color":[80,80,80,100]}},{"type":"Feature","geometry":{"type":"Polygon","coordinates":[[[-98.04873033118076,32.826854547498094],[-98.04873609814477,32.826833927592425],[-98.04874647118066,32.826584602478206],[-98.04933054013684,32.82660732773599],[-98.04930141202624,32.826945073188895],[-98.04873033118076,32.826854547498094]]]},"properties":{"prop_id":58831,"state_cd":"A5","ite_code":210,"ite_name":"Single-Family Detached","ite_unit":"DU","units":1,"daily_trips":9.4,"am_peak_trips":0.7,"pm_peak_trips":0.9,"imprv_val":18470.0,"acres":0.364,"city":"Mineral Wells","city_code":"CMW","fill_color":[34,139,34,180]}},{"type":"Feature","geometry":{"type":"Polygon","coordinates":[[[-98.05077569623153,32.773334355349434],[-98.0551031963389,32.77330565495066],[-98.05694710140118,32.773312238448945],[-98.05712770232455,32.77336581605729],[-98.0571450325605,32.77343557420678],[-98.05711495348194,32.77445678881788],[-98.05711704571081,32.7757584610421],[-98.0560056899895,32.775727702108234],[-98.0558475595367,32.77582480113429],[-98.05334680756047,32.77571818022378],[-98.0532317841387,32.77560234550481],[-98.05161886316385,32.77557012489573],[-98.05164782108575,32.77438554772294],[-98.05079067811812,32.77437852954966],[-98.05077569623153,32.773334355349434]]]},"properties":{"prop_id":58875,"state_cd":"2","ite_code":210,"ite_name":"Single-Family Detached","ite_unit":"DU","units":12,"daily_trips":113.3,"am_peak_trips":8.5,"pm_peak_trips":11.3,"imprv_val":0.0,"acres":14.52,"city":"Mineral Wells","city_code":"CMW","fill_color":[255,200,0,200]}},{"type":"Feature","geometry":{"type":"Polygon","coordinates":[[[-98.01380714351035,32.86353813983958],[-98.01382976480535,32.86224656701721],[-98.01427245814901,32.8622436761948],[-98.01674757436514,32.86234523856105],[-98.01977874890811,32.86243749563253],[-98.02075734171747,32.8624862137218],[-98.02129135635377,32.86249723175547],[-98.02169567283846,32.86252087963471],[-98.02197591723866,32.86252919145646],[-98.02207045169041,32.86912466787285],[-98.01355498063965,32.869108560725884],[-98.0137207342265,32.86896503409097],[-98.01383988374835,32.86871063001368],[-98.01384878965567,32.86790306318106],[-98.0138426351476,32.86651623693143],[-98.01380714351035,32.86353813983958]]]},"properties":{"prop_id":49245,"state_cd":"1","ite_code":210,"ite_name":"Single-Family Detached","ite_unit":"DU","units":128,"daily_trips":1208.3,"am_peak_trips":90.6,"pm_peak_trips":120.8,"imprv_val":0.0,"acres":160.0,"city":"Mineral Wells","city_code":"CMW","fill_color":[200,30,30,220]}},{"type":"Feature","geometry":{"type":"Polygon","coordinates":[[[-98.05780553396039,32.83901394691096],[-98.05838273579276,32.83888391739192],[-98.05850966403723,32.838855322947225],[-98.05909672414143,32.838723069651955],[-98.05924739966925,32.83916683118028],[-98.05859907423896,32.839316258534616],[-98.05795074769219,32.83946568251294],[-98.05780553396039,32.83901394691096]]]},"properties":{"prop_id":84378,"state_cd":"A2","ite_code":240,"ite_name":"Mobile Home Park","ite_unit":"DU","units":3,"daily_trips":15.0,"am_peak_trips":0.9,"pm_peak_trips":1.2,"imprv_val":233770.0,"acres":1.85,"city":"Mineral Wells","city_code":"CMW","fill_color":[34,139,34,180]}},{"type":"Feature","geometry":{"type":"Polygon","coordinates":[[[-98.04426298626048,32.81057699168061],[-98.04475244554746,32.80875679175255],[-98.04494457127043,32.80805602385327],[-98.04501508793906,32.80715483948143],[-98.04601241329247,32.807658079887],[-98.04612628882658,32.808502611656145],[-98.04615805409085,32.809197989309475],[-98.04627973536161,32.80967289239208],[-98.04615328203512,32.80998384217326],[-98.04618803119456,32.81025993576179],[-98.04631721607352,32.81061228536149],[-98.04426298626048,32.81057699168061]]]},"properties":{"prop_id":48651,"state_cd":"SF-OVR","ite_code":0,"ite_name":"Vacant/Agricultural","ite_unit":"N/A","units":1.0,"daily_trips":0.0,"am_peak_trips":0.0,"pm_peak_trips":0.0,"imprv_val":0.0,"acres":11.487,"city":"Mineral Wells","city_code":"CMW","fill_color":[80,80,80,100]}},{"type":"Feature","geometry":{"type":"Polygon","coordinates":[[[-98.04875267075982,32.821508426278506],[-98.04910507780284,32.82128555052235],[-98.04955265824064,32.821797769019824],[-98.04920655274407,32.82201856853277],[-98.04875267075982,32.821508426278506]]]},"properties":{"prop_id":34131,"state_cd":"A5","ite_code":210,"ite_name":"Single-Family Detached","ite_unit":"DU","units":1,"daily_trips":9.4,"am_peak_trips":0.7,"pm_peak_trips":0.9,"imprv_val":16610.0,"acres":0.609,"city":"Mineral Wells","city_code":"CMW","fill_color":[34,139,34,180]}},{"type":"Feature","geometry":{"type":"Polygon","coordinates":[[[-98.05397546342218,32.817920572625255],[-98.05401195916058,32.81907829543331],[-98.05382107022247,32.81924329858491],[-98.05328284401902,32.818848643980246],[-98.05307229597112,32.81791863905886],[-98.05290962980516,32.817200231853825],[-98.05335834694264,32.81720568714083],[-98.05396701618157,32.81765302584028],[-98.05397546342218,32.817920572625255]]]},"properties":{"prop_id":66506,"state_cd":"A2","ite_code":240,"ite_name":"Mobile Home Park","ite_unit":"DU","units":3,"daily_trips":15.0,"am_peak_trips":0.9,"pm_peak_trips":1.2,"imprv_val":60310.0,"acres":1.969,"city":"Mineral Wells","city_code":"CMW","fill_color":[34,139,34,180]}},{"type":"Feature","geometry":{"type":"Polygon","coordinates":[[[-98.05046727851405,32.84323681428826],[-98.05098989313373,32.84311436207581],[-98.05388986903803,32.842434831217886],[-98.05412208109082,32.84327681242504],[-98.05385063096456,32.84333995964273],[-98.05290775031426,32.843560211968274],[-98.05324304898869,32.844576947564974],[-98.05089742038646,32.84454420548495],[-98.05046727851405,32.84323681428826]]]},"properties":{"prop_id":66773,"state_cd":"A3","ite_code":0,"ite_name":"Vacant/Agricultural","ite_unit":"N/A","units":1.0,"daily_trips":0.0,"am_peak_trips":0.0,"pm_peak_trips":0.0,"imprv_val":0.0,"acres":12.283,"city":"Mineral Wells","city_code":"CMW","fill_color":[80,80,80,100]}},{"type":"Feature","geometry":{"type":"Polygon","coordinates":[[[-98.04657915158722,32.830024552853196],[-98.04667468018582,32.82990151143949],[-98.04698561413558,32.829619106778175],[-98.04726666302209,32.8293860284829],[-98.04750293497675,32.82922688552926],[-98.04753569401157,32.829217412016014],[-98.04775297641193,32.829154488481244],[-98.0479291592416,32.82913106459559],[-98.04804846236391,32.82916951594721],[-98.04804999397666,32.83036311947437],[-98.04657915158722,32.830024552853196]]]},"properties":{"prop_id":58811,"state_cd":"A1","ite_code":210,"ite_name":"Single-Family Detached","ite_unit":"DU","units":34,"daily_trips":321.0,"am_peak_trips":24.1,"pm_peak_trips":32.1,"imprv_val":0.0,"acres":42.73,"city":"Mineral Wells","city_code":"CMW","fill_color":[255,120,0,200]}},{"type":"Feature","geometry":{"type":"Polygon","coordinates":[[[-98.05636215936366,32.81935615794532],[-98.05615849685586,32.818914654964374],[-98.05657083384425,32.81874610988936],[-98.05683217959292,32.81863926923622],[-98.05706881687587,32.81854236378762],[-98.05717107100854,32.81850072557621],[-98.0573755358546,32.81876748342009],[-98.05636215936366,32.81935615794532]]]},"properties":{"prop_id":69922,"state_cd":"A3","ite_code":0,"ite_name":"Vacant/Agricultural","ite_unit":"N/A","units":1.0,"daily_trips":0.0,"am_peak_trips":0.0,"pm_peak_trips":0.0,"imprv_val":0.0,"acres":1.023,"city":"Mineral Wells","city_code":"CMW","fill_color":[80,80,80,100]}},{"type":"Feature","geometry":{"type":"Polygon","coordinates":[[[-98.03064283674439,32.88377395788567],[-98.03063564169248,32.881996712205186],[-98.03061553472591,32.87702695716664],[-98.03890625577739,32.87703728270308],[-98.03895622837108,32.87958027906919],[-98.03905032252418,32.88436833742809],[-98.03881232170808,32.884372544095875],[-98.03842373124817,32.88443696534379],[-98.03683188371558,32.884416485852945],[-98.03506276044772,32.88439093140279],[-98.03259530778048,32.88440733949903],[-98.03173884216619,32.88440064932175],[-98.03127529932345,32.884408917928916],[-98.03112045952697,32.88444323600918],[-98.0309934379313,32.88450149633752],[-98.0309781111265,32.884619885546],[-98.03098033035427,32.88473575625055],[-98.03064677147411,32.88473708387081],[-98.03064283674439,32.88377395788567]]]},"properties":{"prop_id":63900,"state_cd":"1","ite_code":210,"ite_name":"Single-Family Detached","ite_unit":"DU","units":12,"daily_trips":113.3,"am_peak_trips":8.5,"pm_peak_trips":11.3,"imprv_val":0.0,"acres":15.438,"city":"Mineral Wells","city_code":"CMW","fill_color":[255,200,0,200]}},{"type":"Feature","geometry":{"type":"Polygon","coordinates":[[[-98.05054960803893,32.82019918495461],[-98.05028882810326,32.81990887504794],[-98.05046979929837,32.81979373008989],[-98.05086372277734,32.82022756505844],[-98.0506851820846,32.8203500836175],[-98.05054960803893,32.82019918495461]]]},"properties":{"prop_id":34121,"state_cd":"S1","ite_code":210,"ite_name":"Single-Family Detached","ite_unit":"DU","units":1,"daily_trips":9.4,"am_peak_trips":0.7,"pm_peak_trips":0.9,"imprv_val":21380.0,"acres":0.3223,"city":"Mineral Wells","city_code":"CMW","fill_color":[34,139,34,180]}},{"type":"Feature","geometry":{"type":"Polygon","coordinates":[[[-98.0502030111104,32.819398517625956],[-98.0504316801706,32.819253877113496],[-98.05060264097582,32.819441129820426],[-98.05068610944896,32.81953255108474],[-98.05079057615336,32.81964703096711],[-98.05095179417467,32.81982366064965],[-98.05101928867562,32.81989760900263],[-98.05116442781006,32.820056630077985],[-98.05093099116351,32.82019770335858],[-98.05056517369893,32.81979611006363],[-98.0502030111104,32.819398517625956]]]},"properties":{"prop_id":34120,"state_cd":"S05","ite_code":0,"ite_name":"Vacant/Agricultural","ite_unit":"N/A","units":1.0,"daily_trips":0.0,"am_peak_trips":0.0,"pm_peak_trips":0.0,"imprv_val":3170.0,"acres":0.7425,"city":"Mineral Wells","city_code":"CMW","fill_color":[80,80,80,100]}},{"type":"Feature","geometry":{"type":"Polygon","coordinates":[[[-98.0613421349383,32.826123020194686],[-98.0615071180858,32.82639138038332],[-98.06080695354119,32.826698210143704],[-98.05977669756896,32.8275588320164],[-98.05894596071897,32.82783116278956],[-98.06058911974733,32.826458565663664],[-98.06133750993793,32.82613060351004],[-98.0613421349383,32.826123020194686]]]},"properties":{"prop_id":128268,"state_cd":"A1","ite_code":210,"ite_name":"Single-Family Detached","ite_unit":"DU","units":1,"daily_trips":9.4,"am_peak_trips":0.7,"pm_peak_trips":0.9,"imprv_val":0.0,"acres":0.32,"city":"Mineral Wells","city_code":"CMW","fill_color":[34,139,34,180]}},{"type":"Feature","geometry":{"type":"Polygon","coordinates":[[[-98.05565349129456,32.84185224000807],[-98.05408766231915,32.84222152811345],[-98.05367612312399,32.84098140348105],[-98.05499586460859,32.84067119633341],[-98.05525701164756,32.840609789097265],[-98.05514435647825,32.84019601691979],[-98.05583220300628,32.84004021583687],[-98.05590251386629,32.84002431613186],[-98.05590771262564,32.84004063051966],[-98.05607572701417,32.840567507892466],[-98.0553022087543,32.84074561456679],[-98.05565349129456,32.84185224000807]]]},"properties":{"prop_id":34092,"state_cd":"S37","ite_code":210,"ite_name":"Single-Family Detached","ite_unit":"DU","units":5,"daily_trips":47.2,"am_peak_trips":3.5,"pm_peak_trips":4.7,"imprv_val":24230.0,"acres":6.5481,"city":"Mineral Wells","city_code":"CMW","fill_color":[34,139,34,180]}},{"type":"Feature","geometry":{"type":"Polygon","coordinates":[[[-98.05982729649979,32.84087467503854],[-98.05916576814226,32.84103125425763],[-98.05859907423896,32.839316258534616],[-98.05924739966925,32.83916683118028],[-98.05938949261348,32.83958533919381],[-98.05982729649979,32.84087467503854]]]},"properties":{"prop_id":34087,"state_cd":"A1","ite_code":210,"ite_name":"Single-Family Detached","ite_unit":"DU","units":3,"daily_trips":28.3,"am_peak_trips":2.1,"pm_peak_trips":2.8,"imprv_val":32900.0,"acres":3.186,"city":"Mineral Wells","city_code":"CMW","fill_color":[34,139,34,180]}},{"type":"Feature","geometry":{"type":"Polygon","coordinates":[[[-98.05717107100854,32.81850072557621],[-98.05717137569165,32.8184653654412],[-98.05710717914594,32.818339070763564],[-98.05704735213563,32.818360753032294],[-98.05698752509161,32.81838243617393],[-98.05706881687587,32.81854236378762],[-98.05683217959292,32.81863926923622],[-98.05657083384425,32.81874610988936],[-98.05635090709119,32.8182924188617],[-98.05623337860327,32.81791937623858],[-98.05615151022594,32.81765951725004],[-98.05558752929194,32.81774202960436],[-98.05522595533137,32.81779210510044],[-98.05518305707362,32.81748686816513],[-98.05529216486096,32.817491970224424],[-98.0560006951628,32.81752820904672],[-98.05655514573677,32.817556563845606],[-98.05672304882417,32.8175651505112],[-98.05693821057224,32.817576153494926],[-98.05718442079615,32.817588742898565],[-98.05742860347242,32.81760122900926],[-98.05767068172722,32.817613607056536],[-98.05791413955689,32.81762605446567],[-98.05815518866085,32.81763837831261],[-98.05841893345496,32.81765186262882],[-98.0587002104328,32.81766624185608],[-98.05879230183358,32.81641548591333],[-98.06089563569917,32.81641251774528],[-98.06085002681512,32.81669136329029],[-98.0606985399241,32.8167714240221],[-98.05801141451464,32.81839910013984],[-98.0573755358546,32.81876748342009],[-98.05717107100854,32.81850072557621]]]},"properties":{"prop_id":65511,"state_cd":"A5","ite_code":210,"ite_name":"Single-Family Detached","ite_unit":"DU","units":5,"daily_trips":47.2,"am_peak_trips":3.5,"pm_peak_trips":4.7,"imprv_val":92490.0,"acres":5.877,"city":"Mineral Wells","city_code":"CMW","fill_color":[34,139,34,180]}},{"type":"Feature","geometry":{"type":"Polygon","coordinates":[[[-98.04611906675729,32.84064217315067],[-98.04641815883213,32.84058053505003],[-98.0480602888701,32.84018702884457],[-98.04802464779455,32.84318995806967],[-98.04701961707147,32.843426686842356],[-98.04611906675729,32.84064217315067]]]},"properties":{"prop_id":40104,"state_cd":"A3","ite_code":210,"ite_name":"Single-Family Detached","ite_unit":"DU","units":26,"daily_trips":245.4,"am_peak_trips":18.4,"pm_peak_trips":24.5,"imprv_val":153370.0,"acres":31.972,"city":"Mineral Wells","city_code":"CMW","fill_color":[255,120,0,200]}},{"type":"Feature","geometry":{"type":"Polygon","coordinates":[[[-98.059859765964,32.82080016635354],[-98.05925415206909,32.82099302896775],[-98.05834106924581,32.819894217498096],[-98.05968860649614,32.81911007292331],[-98.06039779857434,32.82040295523118],[-98.06048447865912,32.82060198801868],[-98.059859765964,32.82080016635354]]]},"properties":{"prop_id":65545,"state_cd":"A2","ite_code":240,"ite_name":"Mobile Home Park","ite_unit":"DU","units":2,"daily_trips":10.0,"am_peak_trips":0.6,"pm_peak_trips":0.8,"imprv_val":0.0,"acres":2.608,"city":"Mineral Wells","city_code":"CMW","fill_color":[34,139,34,180]}},{"type":"Feature","geometry":{"type":"MultiPolygon","coordinates":[[[[-98.03521889700356,32.825355677513365],[-98.03522600521633,32.825342622277965],[-98.03517988954898,32.82523249751265],[-98.03508162963605,32.82513361296219],[-98.03495739319897,32.825067884021784],[-98.03488543310633,32.82501302702473],[-98.03483305150766,32.824963604498954],[-98.0348132940709,32.824919601216095],[-98.03477381598073,32.82484251310261],[-98.03477999645415,32.824787430551105],[-98.03481221305351,32.824699062705406],[-98.03492915763731,32.8246049711984],[-98.03506577500193,32.824549391335566],[-98.03509811310634,32.824499720029166],[-98.03517596777886,32.82442227950787],[-98.03519522280203,32.824361609409365],[-98.03519485173116,32.82428994856751],[-98.03512941617291,32.82423505024698],[-98.03507055998315,32.82420217455346],[-98.03490750120424,32.82417515896524],[-98.03471875028674,32.82422544031196],[-98.03452380868049,32.824369322379624],[-98.03434191068833,32.824513252960124],[-98.03429656443642,32.82456303680876],[-98.03427053029642,32.824574147170225],[-98.0341727935302,32.824579966863425],[-98.03402916966381,32.824541880010386],[-98.03394434574726,32.82451462316137],[-98.03380063696972,32.824460012593285],[-98.03368970352665,32.82444380241802],[-98.03355281002874,32.824449797715246],[-98.0333969367624,32.82455506338922],[-98.03331247280596,32.82461594045074],[-98.03324097779412,32.82466578725863],[-98.03310418920684,32.82468830468767],[-98.03305856726892,32.824688456331984],[-98.03292141988241,32.82464482016379],[-98.03280382160857,32.82459006387078],[-98.03265993476822,32.824485837726826],[-98.03241119392592,32.82427173383351],[-98.03236464823483,32.82408450353572],[-98.03237587307784,32.82370415471669],[-98.03239379020232,32.82335685746552],[-98.03252044143699,32.82255725544255],[-98.0325448607347,32.82222098205935],[-98.03256341782833,32.82201695830694],[-98.03258855620749,32.82181292680764],[-98.03262057413038,32.821686056472664],[-98.03264509721413,32.821355306178404],[-98.03263747005806,32.82112933204967],[-98.03264337906275,32.82100252504808],[-98.03268194766746,32.82088118580664],[-98.03277267678561,32.820770637924326],[-98.03289612274315,32.82067654025547],[-98.03303891732557,32.82055478503543],[-98.03316849531049,32.82040001675082],[-98.03327836542012,32.82019573755213],[-98.03342069615029,32.819958262266816],[-98.03356319552151,32.8197759084687],[-98.03377790465534,32.81968699752071],[-98.03409046791846,32.819619835734976],[-98.03442926144062,32.819580130728475],[-98.03461149931542,32.81952987417151],[-98.03475467032168,32.81946322317951],[-98.034910704484,32.81938005007591],[-98.03506012934679,32.81929139336382],[-98.03519694785703,32.81925781129697],[-98.0353207303705,32.81924087938538],[-98.03554241548014,32.819240173179274],[-98.0358099742082,32.819310893213974],[-98.03646559314768,32.820096844743226],[-98.03663540498061,32.82016240289248],[-98.03685079825821,32.82022780674657],[-98.03720322084519,32.82031482800823],[-98.03749014273467,32.820330350230556],[-98.03778329007133,32.82029631198503],[-98.037991731844,32.82024601886969],[-98.0383237264862,32.82015672754239],[-98.03858418480715,32.82010071502167],[-98.03879923494017,32.82008897980781],[-98.03902096905058,32.82010472487974],[-98.03917112013451,32.82014832135969],[-98.03933421066031,32.82018634633223],[-98.03940470030838,32.8201814876834],[-98.03940087952716,32.82099834781751],[-98.03930449385744,32.82100992562789],[-98.03893443421659,32.82112858514304],[-98.03860932033774,32.8212476041382],[-98.03831185297032,32.82130609556701],[-98.0380149699553,32.82131137299816],[-98.03773616159732,32.82130923899198],[-98.03743349451481,32.821352512445756],[-98.03711633492905,32.82157034872611],[-98.03677142756693,32.82185636575131],[-98.03650736615154,32.82215062895354],[-98.03637580748062,32.82267373688559],[-98.03639517724527,32.8233849945556],[-98.03638847915823,32.824007892197926],[-98.03627405907542,32.824607132251536],[-98.03606977939708,32.825198107451186],[-98.03591430400796,32.82543240371158],[-98.03578148984705,32.825492166000465],[-98.03552971612218,32.825482617613304],[-98.03535065990897,32.825405283617876],[-98.03521889700356,32.825355677513365]]],[[[-98.03665527061732,32.825532052191114],[-98.03591299575562,32.82552893044807],[-98.03591422115731,32.82551029712385],[-98.03597367760487,32.82548357973866],[-98.03614529135193,32.825224860085086],[-98.03635361064103,32.82462233579123],[-98.03646979881238,32.82401371882571],[-98.03647656867895,32.82338453847428],[-98.03645743030182,32.82268017789353],[-98.0365832257016,32.82217988518176],[-98.03683270441202,32.82190186340915],[-98.03717061902536,32.82162161890098],[-98.03746825499829,32.82141725973925],[-98.0377426311891,32.82137801593297],[-98.03801545348404,32.821380127696436],[-98.03832207402152,32.821374660040604],[-98.03863495437867,32.82131312438627],[-98.03896512764086,32.8211922834589],[-98.03932495699021,32.82107686498805],[-98.03940055729119,32.82106780925717],[-98.03937963023176,32.825543491678],[-98.03665527061732,32.825532052191114]]],[[[-98.03310233277588,32.825517010063145],[-98.0333097682927,32.82542065876525],[-98.03344639741061,32.82537058813001],[-98.03364838682073,32.825342339268104],[-98.03393525674045,32.82535244228023],[-98.03430700957173,32.82540071892836],[-98.0345753236557,32.825476790323975],[-98.03442712604898,32.825522668737555],[-98.03310233277588,32.825517010063145]]],[[[-98.0354537738602,32.82552700660671],[-98.03466597470894,32.82552367497926],[-98.03470937684222,32.82550920527874],[-98.03492481222176,32.8254373980657],[-98.03513561209837,32.825399553705736],[-98.03518475126018,32.825418019868366],[-98.03531552155839,32.82546729854829],[-98.0354537738602,32.82552700660671]]]]},"properties":{"prop_id":63283,"state_cd":"1","ite_code":210,"ite_name":"Single-Family Detached","ite_unit":"DU","units":128,"daily_trips":1208.3,"am_peak_trips":90.6,"pm_peak_trips":120.8,"imprv_val":0.0,"acres":160.0,"city":"Mineral Wells","city_code":"CMW","fill_color":[200,30,30,220]}},{"type":"Feature","geometry":{"type":"Polygon","coordinates":[[[-98.05925415206909,32.82099302896775],[-98.059859765964,32.82080016635354],[-98.06036535544206,32.821961088322325],[-98.0584913623997,32.82255555316747],[-98.05849127036424,32.82255558981547],[-98.05798002177342,32.82139602440482],[-98.05925415206909,32.82099302896775]]]},"properties":{"prop_id":113826,"state_cd":"A4","ite_code":0,"ite_name":"Vacant/Agricultural","ite_unit":"N/A","units":1.0,"daily_trips":0.0,"am_peak_trips":0.0,"pm_peak_trips":0.0,"imprv_val":0.0,"acres":5.361,"city":"Mineral Wells","city_code":"CMW","fill_color":[80,80,80,100]}},{"type":"Feature","geometry":{"type":"Polygon","coordinates":[[[-98.05714059391639,32.81302154852197],[-98.05734451031512,32.81301642055452],[-98.05734497856882,32.8131383148212],[-98.05727814910794,32.81331113342583],[-98.05677552171821,32.813175832961925],[-98.05677455012541,32.81317557158004],[-98.05678872136001,32.81316304168886],[-98.05680809188922,32.813145914807485],[-98.05681599649986,32.81313892500963],[-98.05683353165486,32.81312662804276],[-98.05685483704512,32.81311168684206],[-98.05686216211019,32.81310655001915],[-98.05688331217378,32.813094908918934],[-98.05690608248989,32.813082375374066],[-98.05691243500134,32.813078879100765],[-98.0569375042916,32.81306833052623],[-98.05696106995184,32.81305841507988],[-98.05696614588193,32.81305627871021],[-98.05699588755789,32.81304719869238],[-98.05701902780672,32.81304013507642],[-98.05702258093491,32.81303905021426],[-98.05705913883412,32.81303177193807],[-98.05707915598606,32.8130277868241],[-98.05708098933273,32.81302742180185],[-98.05714059391639,32.81302154852197]]]},"properties":{"prop_id":10867,"state_cd":"S40","ite_code":210,"ite_name":"Single-Family Detached","ite_unit":"DU","units":1,"daily_trips":9.4,"am_peak_trips":0.7,"pm_peak_trips":0.9,"imprv_val":396870.0,"acres":0.205,"city":"Mineral Wells","city_code":"CMW","fill_color":[34,139,34,180]}},{"type":"Feature","geometry":{"type":"Polygon","coordinates":[[[-98.05854536678325,32.81252187517048],[-98.05854712769681,32.812168012935444],[-98.05872615316602,32.812168603900716],[-98.05872436862204,32.81252736022513],[-98.0585720288678,32.81252682246931],[-98.05854536678325,32.81252187517048]]]},"properties":{"prop_id":10801,"state_cd":"S22","ite_code":210,"ite_name":"Single-Family Detached","ite_unit":"DU","units":1,"daily_trips":9.4,"am_peak_trips":0.7,"pm_peak_trips":0.9,"imprv_val":208470.0,"acres":0.154,"city":"Mineral Wells","city_code":"CMW","fill_color":[34,139,34,180]}},{"type":"Feature","geometry":{"type":"Polygon","coordinates":[[[-98.05843534502044,32.81676863072984],[-98.0584401383972,32.81641092050663],[-98.05879230183358,32.81641548591333],[-98.0587002104328,32.81766624185608],[-98.05841893345496,32.81765186262882],[-98.05843078090712,32.81704423204362],[-98.05844443533667,32.817043344418515],[-98.05845812928999,32.81704245512855],[-98.05845897754827,32.817042400422665],[-98.05847232577693,32.81703951868791],[-98.05848560236974,32.81703665293027],[-98.05848637642637,32.81703648613532],[-98.05849898341461,32.817031683598316],[-98.05851147376801,32.817026925737075],[-98.05851215430062,32.81702666662456],[-98.05852364027922,32.81702006999635],[-98.05853496238042,32.817013568378464],[-98.05853553860607,32.817013237651985],[-98.05854555023183,32.81700502874875],[-98.0585553645454,32.816996980570224],[-98.05855582673557,32.8169966016426],[-98.05856405531458,32.816987003922655],[-98.05857205938413,32.816977666933084],[-98.05857240958063,32.81697725874988],[-98.05857864492006,32.81696644642108],[-98.05858454953636,32.816956206475325],[-98.05858478977643,32.81695578888374],[-98.05858874908434,32.81694414602001],[-98.05859245694202,32.8169332417555],[-98.05859259459382,32.8169328364254],[-98.05859412114907,32.816920737627854],[-98.05859554318613,32.81690946813286],[-98.05859559098465,32.81690909134209],[-98.05859460773358,32.816896783435936],[-98.05859371499547,32.81688560222275],[-98.05859368783402,32.81688526574791],[-98.05859020698848,32.81687329978775],[-98.05858702435447,32.816862358450074],[-98.05858694246173,32.8168620749884],[-98.05858100245254,32.816850669350416],[-98.05857567812987,32.81684044637773],[-98.05857555859343,32.81684021598973],[-98.0585672019346,32.8168296269408],[-98.05856001483069,32.816820519220556],[-98.05855987686515,32.81682034377818],[-98.05854922046443,32.81681090089605],[-98.05854050352642,32.81680317654746],[-98.05854036742306,32.8168030561226],[-98.05852745172466,32.81679500213921],[-98.05851774072792,32.81678894713569],[-98.05851761828829,32.81678887094845],[-98.05850264654714,32.816782567311435],[-98.05849239610505,32.81677825180398],[-98.058492309779,32.81677821542488],[-98.05846529993038,32.81677142987589],[-98.0584652039073,32.81677141059692],[-98.05843711242589,32.816768654137434],[-98.05843534502044,32.81676863072984]]]},"properties":{"prop_id":10827,"state_cd":"S40","ite_code":210,"ite_name":"Single-Family Detached","ite_unit":"DU","units":1,"daily_trips":9.4,"am_peak_trips":0.7,"pm_peak_trips":0.9,"imprv_val":345460.0,"acres":0.349,"city":"Mineral Wells","city_code":"CMW","fill_color":[34,139,34,180]}},{"type":"Feature","geometry":{"type":"Polygon","coordinates":[[[-98.05757131097039,32.81052813190092],[-98.0572370669222,32.81052744413341],[-98.05723509164933,32.810069687948044],[-98.05723322361538,32.80963174510195],[-98.05757593083855,32.80963367503664],[-98.05757131097039,32.81052813190092]]]},"properties":{"prop_id":58862,"state_cd":"SF-OVR","ite_code":0,"ite_name":"Vacant/Agricultural","ite_unit":"N/A","units":1.0,"daily_trips":0.0,"am_peak_trips":0.0,"pm_peak_trips":0.0,"imprv_val":4230.0,"acres":1.029,"city":"Mineral Wells","city_code":"CMW","fill_color":[80,80,80,100]}},{"type":"Feature","geometry":{"type":"Polygon","coordinates":[[[-98.02207045169041,32.86912466787285],[-98.0305835138763,32.86912970252122],[-98.0305926725814,32.871388610363944],[-98.03061553472591,32.87702695716664],[-98.03063564169248,32.881996712205186],[-98.03064283674439,32.88377395788567],[-98.02406791184303,32.88375790806095],[-98.01337399555389,32.88373106230237],[-98.01351507999271,32.86914311209371],[-98.01355498063965,32.869108560725884],[-98.02207045169041,32.86912466787285]]]},"properties":{"prop_id":58648,"state_cd":"0","ite_code":0,"ite_name":"Vacant/Agricultural","ite_unit":"N/A","units":1.0,"daily_trips":0.0,"am_peak_trips":0.0,"pm_peak_trips":0.0,"imprv_val":0.0,"acres":524.974,"city":"Mineral Wells","city_code":"CMW","fill_color":[80,80,80,100]}},{"type":"Feature","geometry":{"type":"Polygon","coordinates":[[[-98.03061553472591,32.87702695716664],[-98.0305926725814,32.871388610363944],[-98.0305835138763,32.86912970252122],[-98.03875121217234,32.86914636063829],[-98.03890625577739,32.87703728270308],[-98.03271065028679,32.87702960553555],[-98.03061553472591,32.87702695716664]]]},"properties":{"prop_id":65245,"state_cd":"1","ite_code":210,"ite_name":"Single-Family Detached","ite_unit":"DU","units":37,"daily_trips":349.3,"am_peak_trips":26.2,"pm_peak_trips":34.9,"imprv_val":0.0,"acres":45.964,"city":"Mineral Wells","city_code":"CMW","fill_color":[255,120,0,200]}},{"type":"Feature","geometry":{"type":"Polygon","coordinates":[[[-98.06083839941724,32.81053480692411],[-98.05951338784146,32.81053210990764],[-98.05951784797142,32.809644588369125],[-98.06015526767577,32.809651916485436],[-98.06082721860936,32.80965569554734],[-98.06083839941724,32.81053480692411]]]},"properties":{"prop_id":58859,"state_cd":"1","ite_code":210,"ite_name":"Single-Family Detached","ite_unit":"DU","units":2,"daily_trips":18.9,"am_peak_trips":1.4,"pm_peak_trips":1.9,"imprv_val":175790.0,"acres":1.44,"city":"Mineral Wells","city_code":"CMW","fill_color":[34,139,34,180]}},{"type":"Feature","geometry":{"type":"Polygon","coordinates":[[[-98.0249876740575,32.82168607380624],[-98.02499242544347,32.82079521568337],[-98.02574091758262,32.82079807111209],[-98.02577835766111,32.81957284529036],[-98.02567935882226,32.81957173291855],[-98.0256698455234,32.81878267089442],[-98.02649530068511,32.81878699573448],[-98.02650279874165,32.81817083049702],[-98.02659903837615,32.81816815038923],[-98.02653086341518,32.82171358164015],[-98.0249876740575,32.82168607380624]]]},"properties":{"prop_id":58675,"state_cd":"2","ite_code":210,"ite_name":"Single-Family Detached","ite_unit":"DU","units":6,"daily_trips":56.6,"am_peak_trips":4.2,"pm_peak_trips":5.7,"imprv_val":0.0,"acres":7.748,"city":"Mineral Wells","city_code":"CMW","fill_color":[255,200,0,200]}},{"type":"Feature","geometry":{"type":"Polygon","coordinates":[[[-98.03409964743169,32.79614223726787],[-98.03414727288086,32.78890689349581],[-98.03419633808252,32.78145048266056],[-98.03416165804909,32.78145011016753],[-98.03120457963074,32.78141730838163],[-98.02272013179025,32.7813216444363],[-98.02272076754691,32.78110736201452],[-98.0227415448382,32.774167700145114],[-98.02274184930147,32.77406602161998],[-98.02773156454049,32.774138191434936],[-98.03127167460265,32.7741461597963],[-98.03129817436223,32.7736720314719],[-98.03393237110603,32.77367952194004],[-98.03740499862347,32.77374210828094],[-98.0387476015248,32.773746146979356],[-98.03949746228025,32.77374780614132],[-98.0394070760773,32.78149983139226],[-98.04772915973277,32.78159955426907],[-98.04827045290583,32.78160548877264],[-98.05699599310489,32.7817007923932],[-98.06083300809817,32.781742507827516],[-98.06071244131074,32.78733705717809],[-98.06014557554725,32.78734303204101],[-98.05885869696681,32.785925095643684],[-98.05817126730918,32.78584813695478],[-98.0569728312025,32.78584337305009],[-98.05616626362608,32.785840173458936],[-98.05618302256997,32.785475038888215],[-98.04838008665807,32.78546241530583],[-98.04825550263035,32.78546220992919],[-98.04825418817146,32.78580283493019],[-98.04824599613453,32.785808538955465],[-98.04824196590806,32.78895126605085],[-98.04832133765167,32.78895165533616],[-98.0530720682452,32.788974876356875],[-98.05634877704799,32.78899078444478],[-98.05695524800036,32.78899372191921],[-98.05695806974408,32.78899373557833],[-98.0569747504199,32.78899380852569],[-98.05701889791258,32.7889940298067],[-98.05707966077564,32.78899435984559],[-98.05707992649862,32.789090423679475],[-98.05708344994338,32.790342115176536],[-98.05708875510656,32.79223258166099],[-98.05709207059677,32.79313133550586],[-98.05710303970095,32.79615137011488],[-98.05698383106505,32.796148086806014],[-98.05474515626949,32.796132098356864],[-98.05427395428161,32.7961319771288],[-98.05390825603149,32.796362442125556],[-98.0481978655973,32.796307168356755],[-98.04819304070165,32.79630712197238],[-98.03962916585516,32.7961877637869],[-98.03410441896281,32.796142276784536],[-98.03409964743169,32.79614223726787]]]},"properties":{"prop_id":61928,"state_cd":"2","ite_code":210,"ite_name":"Single-Family Detached","ite_unit":"DU","units":128,"daily_trips":1208.3,"am_peak_trips":90.6,"pm_peak_trips":120.8,"imprv_val":0.0,"acres":160.0,"city":"Mineral Wells","city_code":"CMW","fill_color":[200,30,30,220]}},{"type":"Feature","geometry":{"type":"Polygon","coordinates":[[[-98.05607278261002,32.81309489154764],[-98.05620030456119,32.81290239867929],[-98.0566251137495,32.81311056802025],[-98.05661912907257,32.8131178153545],[-98.0566120538237,32.813126384475986],[-98.05660115998575,32.81313957714197],[-98.05657942357168,32.813169806207604],[-98.05649260736867,32.8132991909767],[-98.05607278261002,32.81309489154764]]]},"properties":{"prop_id":10840,"state_cd":"S40","ite_code":210,"ite_name":"Single-Family Detached","ite_unit":"DU","units":1,"daily_trips":9.4,"am_peak_trips":0.7,"pm_peak_trips":0.9,"imprv_val":202110.0,"acres":0.27,"city":"Mineral Wells","city_code":"CMW","fill_color":[34,139,34,180]}},{"type":"Feature","geometry":{"type":"Polygon","coordinates":[[[-98.05651924145569,32.813537487062106],[-98.05664309034803,32.81335462020107],[-98.05720236546779,32.813507104993796],[-98.05712658149288,32.813703076512176],[-98.05651924145569,32.813537487062106]]]},"properties":{"prop_id":10869,"state_cd":"S40","ite_code":210,"ite_name":"Single-Family Detached","ite_unit":"DU","units":1,"daily_trips":9.4,"am_peak_trips":0.7,"pm_peak_trips":0.9,"imprv_val":204770.0,"acres":0.262,"city":"Mineral Wells","city_code":"CMW","fill_color":[34,139,34,180]}},{"type":"Feature","geometry":{"type":"Polygon","coordinates":[[[-98.05766889412698,32.812152184027966],[-98.05801102279051,32.81234957099347],[-98.05790862322002,32.812500113977165],[-98.05767078834452,32.8125067130787],[-98.05766889412698,32.812152184027966]]]},"properties":{"prop_id":69396,"state_cd":"S40","ite_code":0,"ite_name":"Vacant/Agricultural","ite_unit":"N/A","units":1.0,"daily_trips":0.0,"am_peak_trips":0.0,"pm_peak_trips":0.0,"imprv_val":0.0,"acres":0.203,"city":"Mineral Wells","city_code":"CMW","fill_color":[80,80,80,100]}},{"type":"Feature","geometry":{"type":"Polygon","coordinates":[[[-98.05945805032843,32.83645986201926],[-98.06002997134199,32.83632631887255],[-98.0600303837618,32.8363275936967],[-98.06029127794642,32.837134999287734],[-98.05952972006325,32.83732508562527],[-98.05944484207558,32.83706233921072],[-98.05926526773186,32.836506255133244],[-98.05926485639046,32.8365049803103],[-98.05945805032843,32.83645986201926]]]},"properties":{"prop_id":58834,"state_cd":"S2","ite_code":210,"ite_name":"Single-Family Detached","ite_unit":"DU","units":2,"daily_trips":18.9,"am_peak_trips":1.4,"pm_peak_trips":1.9,"imprv_val":17900.0,"acres":1.0,"city":"Mineral Wells","city_code":"CMW","fill_color":[34,139,34,180]}},{"type":"Feature","geometry":{"type":"Polygon","coordinates":[[[-98.06084294065782,32.830876343998575],[-98.06139738094998,32.83014245329507],[-98.06156257440828,32.82976845916064],[-98.06142095629258,32.82923559357385],[-98.06036980738929,32.8283304313995],[-98.05965157609388,32.828087847521104],[-98.05961643969826,32.82968976573007],[-98.05935249232952,32.829317015366414],[-98.05912555819377,32.82899108719781],[-98.05908428648752,32.828931781699026],[-98.05906232673658,32.82888708192951],[-98.05896227889079,32.82824285546542],[-98.05977669756896,32.8275588320164],[-98.06080695354119,32.826698210143704],[-98.0615071180858,32.82639138038332],[-98.06226462689172,32.82789008344348],[-98.06267635556365,32.82919325660001],[-98.06304677838702,32.83067088496738],[-98.06327899050281,32.83177023577543],[-98.06336585788677,32.83225981811835],[-98.06302756217876,32.831946588177225],[-98.06204084730592,32.831468054275504],[-98.06103610034164,32.83101722756861],[-98.06084294065782,32.830876343998575]]]},"properties":{"prop_id":58839,"state_cd":"A1","ite_code":210,"ite_name":"Single-Family Detached","ite_unit":"DU","units":5,"daily_trips":47.2,"am_peak_trips":3.5,"pm_peak_trips":4.7,"imprv_val":0.0,"acres":6.266,"city":"Mineral Wells","city_code":"CMW","fill_color":[34,139,34,180]}},{"type":"Feature","geometry":{"type":"Polygon","coordinates":[[[-98.05632221795904,32.81086035773903],[-98.05632436487649,32.811451331306806],[-98.05616162210553,32.811449953576414],[-98.05529908697099,32.81144265364748],[-98.05529694687915,32.81085168096337],[-98.05632221795904,32.81086035773903]]]},"properties":{"prop_id":91537,"state_cd":"SF-OVR","ite_code":210,"ite_name":"Single-Family Detached","ite_unit":"DU","units":2,"daily_trips":18.9,"am_peak_trips":1.4,"pm_peak_trips":1.9,"imprv_val":2764132.0,"acres":1.555,"city":"Mineral Wells","city_code":"CMW","fill_color":[34,139,34,180]}},{"type":"Feature","geometry":{"type":"MultiPolygon","coordinates":[[[[-98.04250024032098,32.81466497666121],[-98.04426298626048,32.81057699168061],[-98.04631721607352,32.81061228536149],[-98.04842714325258,32.810652439476186],[-98.048101946815,32.81090779206253],[-98.04809661541486,32.81225481904522],[-98.04807426325287,32.81790762544638],[-98.04807366823928,32.81806194169088],[-98.04496732164662,32.81803905233944],[-98.04463920992309,32.81756995368232],[-98.04458015748465,32.817514323431595],[-98.0445161329798,32.817462763798176],[-98.04444752888037,32.81741559004478],[-98.04437476555216,32.81737309228556],[-98.0442982891469,32.81733553006784],[-98.0442185673257,32.81730313325857],[-98.0441360892641,32.81727610114231],[-98.04405135925842,32.8172545996931],[-98.04396651406387,32.81725031890794],[-98.04388240821669,32.8172399589052],[-98.04379965117197,32.81722359496834],[-98.04371884254927,32.81720134563392],[-98.04365931521497,32.81718068215116],[-98.04360148857975,32.81715682251785],[-98.04359347162196,32.81715320116049],[-98.04336295465448,32.81704904915462],[-98.04216520145668,32.816515989692036],[-98.04174537307624,32.81639227719232],[-98.04139290550398,32.81629567139518],[-98.04106970400426,32.816152533152],[-98.04086150764525,32.815951891066454],[-98.04060157075332,32.815509985838],[-98.04040963911062,32.81503206280064],[-98.0404726196543,32.8147215247506],[-98.04073241009424,32.81447019278122],[-98.04077520934199,32.81471845131581],[-98.04094493304257,32.81512098990659],[-98.04095387012819,32.81513124861739],[-98.04100360137112,32.815181583205636],[-98.04105916064303,32.81522736614557],[-98.04111996624266,32.81526811822116],[-98.04118538279188,32.81530341322631],[-98.04125287612209,32.815332192091084],[-98.04132342511842,32.81535515823333],[-98.04139632928526,32.81537208451252],[-98.04147086645801,32.81538280323],[-98.04154629599834,32.81538720794429],[-98.0416218705376,32.81538525441647],[-98.04169684024023,32.81537696242959],[-98.0417704613528,32.81536241491799],[-98.04184200263109,32.81534175438442],[-98.0419107559971,32.815315187447105],[-98.0419760387176,32.81528297673224],[-98.04203720300671,32.81524544271203],[-98.04209364246671,32.81520295741578],[-98.04214479744671,32.815155940841855],[-98.0421901593098,32.815104861874744],[-98.0422292790464,32.81505022478943],[-98.04250024032098,32.81466497666121]]],[[[-98.04069975664127,32.81439541598133],[-98.04039867791451,32.81468856244302],[-98.04028117711908,32.81507065229155],[-98.04026759850935,32.815018807899705],[-98.04018886308693,32.81492536073863],[-98.04009734245238,32.81487057958279],[-98.03999926242872,32.81482672400132],[-98.03990801029684,32.81480505130614],[-98.03971909135228,32.81483324589184],[-98.03957607482403,32.814905425898765],[-98.03940877885796,32.815027179070924],[-98.03940129161099,32.81142268887884],[-98.03942171829067,32.81142630144522],[-98.04050719034336,32.81219032430122],[-98.04053338813115,32.81222800350769],[-98.04060203691179,32.8125109866099],[-98.04058961730567,32.81261564474752],[-98.04047257787354,32.81297594946962],[-98.04038948592189,32.81333224465224],[-98.04045458035931,32.81353720906022],[-98.04058941051242,32.813988772982725],[-98.04069975664127,32.81439541598133]]],[[[-98.04213046801827,32.8149238769522],[-98.04203496580367,32.81503232997501],[-98.04198864099324,32.81507422752185],[-98.04193724066256,32.815111668509026],[-98.04188136300183,32.815144215044995],[-98.04182165822215,32.81517148985233],[-98.04175882215212,32.815193175342564],[-98.0416941264678,32.81520891366419],[-98.04162781030428,32.815218724633496],[-98.04156063251135,32.81522249651316],[-98.041493362265,32.815220186143854],[-98.04142676838241,32.815211819806436],[-98.04136161504938,32.81519749320665],[-98.04129864687296,32.81517737051786],[-98.04123858568634,32.81515168256553],[-98.04118211882388,32.81512072227463],[-98.04112989164513,32.81508484464188],[-98.04108250329547,32.81504446040707],[-98.04104049604487,32.81500003240609],[-98.04081218554424,32.814402983343435],[-98.04065208750957,32.81397377448965],[-98.04051759384502,32.81352337432416],[-98.04045630252747,32.81333031088594],[-98.0405359901236,32.81298855485253],[-98.04065388396616,32.81262571730915],[-98.04066780460552,32.81250814523516],[-98.04059501870368,32.81220799427629],[-98.04055760016381,32.81215422034568],[-98.03945124399975,32.81137534338999],[-98.0394012010245,32.81136650064312],[-98.0394008056278,32.811184725615675],[-98.03987036273575,32.811074976663384],[-98.03987063799632,32.81097763882772],[-98.03987111781582,32.810833449487724],[-98.03987123454996,32.8107998246548],[-98.0412021298392,32.810803690459885],[-98.04118898497168,32.810845374605485],[-98.04114616821508,32.810981365359154],[-98.04080192049888,32.81207428959289],[-98.04093136892853,32.81257165300662],[-98.04080886630103,32.81337408845065],[-98.0410544374188,32.81456857931806],[-98.04232975358035,32.814653609816816],[-98.04213046801827,32.8149238769522]]],[[[-98.04439552554445,32.817580356813664],[-98.04476870899819,32.81803760159825],[-98.04320531918644,32.81802604095033],[-98.04327342491041,32.81788558822435],[-98.04339654662715,32.817736373302296],[-98.04345471510139,32.8176314156899],[-98.04342156177587,32.81752132525967],[-98.04289880016438,32.817253068613546],[-98.0426177345905,32.81710519505776],[-98.04227782312311,32.81690794348471],[-98.04199064131694,32.81682623053449],[-98.04162531896262,32.816761365418216],[-98.04143602023275,32.81671791796723],[-98.04126631734005,32.816668856511846],[-98.04100503342308,32.816553983974224],[-98.0407369294778,32.81637856910128],[-98.04050768248892,32.816153360704156],[-98.04027715755265,32.81565812700362],[-98.04026345047605,32.815520393731255],[-98.04026932856469,32.81538253893988],[-98.04029483060036,32.81526673761623],[-98.0403035350516,32.81514463993892],[-98.04047920205412,32.81556279448025],[-98.04074425460712,32.81601306338597],[-98.04098431929383,32.81627318011854],[-98.04133345304615,32.81642784836038],[-98.04171060163532,32.81649149896646],[-98.04213207570479,32.81660868756206],[-98.04274040432803,32.8169172829392],[-98.04329534443323,32.817172238422245],[-98.04359690501016,32.81730249012811],[-98.04367898549094,32.817327474915636],[-98.04376299321271,32.817347373240125],[-98.04384848761649,32.817362080675004],[-98.04392587055565,32.81737077474364],[-98.04400375917943,32.81737521493163],[-98.04406890529113,32.817389261448824],[-98.0441320259387,32.8174088205468],[-98.04419246963168,32.81743368873604],[-98.04424961078215,32.81746360941549],[-98.04430285930688,32.817498274711475],[-98.04435166597176,32.81753732459516],[-98.04439552554445,32.817580356813664]]]]},"properties":{"prop_id":68376,"state_cd":"1","ite_code":210,"ite_name":"Single-Family Detached","ite_unit":"DU","units":83,"daily_trips":783.5,"am_peak_trips":58.8,"pm_peak_trips":78.4,"imprv_val":0.0,"acres":103.599,"city":"Mineral Wells","city_code":"CMW","fill_color":[255,120,0,200]}},{"type":"Feature","geometry":{"type":"Polygon","coordinates":[[[-98.05606636491991,32.819696714513555],[-98.05662248581288,32.81938036460332],[-98.05682743417765,32.81963507314254],[-98.05689250727261,32.81971492650122],[-98.05710844818722,32.81997991657173],[-98.05734018833591,32.82026424245251],[-98.05701183604435,32.82045008210608],[-98.05687678334192,32.820372446969635],[-98.05674603803978,32.82028972363906],[-98.05661986738535,32.82020207991675],[-98.0564985310743,32.820109698007684],[-98.05638228022313,32.82001276639962],[-98.0562713509338,32.81991148525073],[-98.05616597392859,32.819806061914676],[-98.05606636491991,32.819696714513555]]]},"properties":{"prop_id":41292,"state_cd":"A5","ite_code":210,"ite_name":"Single-Family Detached","ite_unit":"DU","units":2,"daily_trips":18.9,"am_peak_trips":1.4,"pm_peak_trips":1.9,"imprv_val":213590.0,"acres":2.256,"city":"Mineral Wells","city_code":"CMW","fill_color":[34,139,34,180]}},{"type":"Feature","geometry":{"type":"Polygon","coordinates":[[[-98.05060264097582,32.819441129820426],[-98.05087133546112,32.819273960440974],[-98.0512278080017,32.81965233338352],[-98.05095179417467,32.81982366064965],[-98.05079057615336,32.81964703096711],[-98.05060264097582,32.819441129820426]]]},"properties":{"prop_id":34119,"state_cd":"A5","ite_code":210,"ite_name":"Single-Family Detached","ite_unit":"DU","units":1,"daily_trips":9.4,"am_peak_trips":0.7,"pm_peak_trips":0.9,"imprv_val":194780.0,"acres":0.444,"city":"Mineral Wells","city_code":"CMW","fill_color":[34,139,34,180]}},{"type":"Feature","geometry":{"type":"Polygon","coordinates":[[[-98.04587658545277,32.8354781507228],[-98.04807183574619,32.8334272691567],[-98.04806095963264,32.83879031085432],[-98.04737811896267,32.83896517689621],[-98.04436091670028,32.83973786536725],[-98.04578400932046,32.835687420558806],[-98.04587658545277,32.8354781507228]]]},"properties":{"prop_id":58811,"state_cd":"A1","ite_code":210,"ite_name":"Single-Family Detached","ite_unit":"DU","units":34,"daily_trips":321.0,"am_peak_trips":24.1,"pm_peak_trips":32.1,"imprv_val":0.0,"acres":42.73,"city":"Mineral Wells","city_code":"CMW","fill_color":[255,120,0,200]}},{"type":"Feature","geometry":{"type":"Polygon","coordinates":[[[-98.05722157265456,32.81389606937847],[-98.0573071511514,32.813672843609275],[-98.05784923843177,32.813820638884295],[-98.05776418185941,32.81404310032812],[-98.05722157265456,32.81389606937847]]]},"properties":{"prop_id":10808,"state_cd":"S40","ite_code":210,"ite_name":"Single-Family Detached","ite_unit":"DU","units":1,"daily_trips":9.4,"am_peak_trips":0.7,"pm_peak_trips":0.9,"imprv_val":439180.0,"acres":0.34,"city":"Mineral Wells","city_code":"CMW","fill_color":[34,139,34,180]}},{"type":"Feature","geometry":{"type":"Polygon","coordinates":[[[-98.05721582218399,32.81639503931891],[-98.05721296436359,32.816752758205574],[-98.05696364877294,32.81674954482484],[-98.05696849420211,32.81639286469927],[-98.05708866762465,32.81639338908324],[-98.05721582218399,32.81639503931891]]]},"properties":{"prop_id":10821,"state_cd":"S40","ite_code":210,"ite_name":"Single-Family Detached","ite_unit":"DU","units":1,"daily_trips":9.4,"am_peak_trips":0.7,"pm_peak_trips":0.9,"imprv_val":350750.0,"acres":0.341,"city":"Mineral Wells","city_code":"CMW","fill_color":[34,139,34,180]}},{"type":"Feature","geometry":{"type":"Polygon","coordinates":[[[-98.05903150261076,32.82508500677954],[-98.05971358939532,32.82498953446674],[-98.05969625022807,32.825604013524526],[-98.05969566888065,32.825629894551106],[-98.05969561140637,32.825632435671395],[-98.05914301506952,32.82568871563631],[-98.05913272622993,32.82568976316566],[-98.05911968632742,32.82560392609253],[-98.05907221164804,32.825291941583394],[-98.05903150261076,32.82508500677954]]]},"properties":{"prop_id":65550,"state_cd":"S035","ite_code":0,"ite_name":"Vacant/Agricultural","ite_unit":"N/A","units":1.0,"daily_trips":0.0,"am_peak_trips":0.0,"pm_peak_trips":0.0,"imprv_val":0.0,"acres":1.022,"city":"Mineral Wells","city_code":"CMW","fill_color":[80,80,80,100]}},{"type":"Feature","geometry":{"type":"Polygon","coordinates":[[[-98.05667685962024,32.8154946826695],[-98.05667807449733,32.815469347684946],[-98.05667880587039,32.81546938546214],[-98.0572084794496,32.815496486660834],[-98.05713399941294,32.81569127690422],[-98.05667767238921,32.815698545383505],[-98.05667512698199,32.81559477120271],[-98.05667506779002,32.81553203414139],[-98.05667580689831,32.81551663370462],[-98.05667685962024,32.8154946826695]]]},"properties":{"prop_id":10816,"state_cd":"S40","ite_code":210,"ite_name":"Single-Family Detached","ite_unit":"DU","units":1,"daily_trips":9.4,"am_peak_trips":0.7,"pm_peak_trips":0.9,"imprv_val":370620.0,"acres":0.27,"city":"Mineral Wells","city_code":"CMW","fill_color":[34,139,34,180]}},{"type":"Feature","geometry":{"type":"Polygon","coordinates":[[[-98.05926323046158,32.81217019939898],[-98.05926144660206,32.81252925512977],[-98.05908242060767,32.812528623451904],[-98.0590842049856,32.81216960920664],[-98.05926323046158,32.81217019939898]]]},"properties":{"prop_id":10798,"state_cd":"S22","ite_code":210,"ite_name":"Single-Family Detached","ite_unit":"DU","units":1,"daily_trips":9.4,"am_peak_trips":0.7,"pm_peak_trips":0.9,"imprv_val":208470.0,"acres":0.164,"city":"Mineral Wells","city_code":"CMW","fill_color":[34,139,34,180]}},{"type":"Feature","geometry":{"type":"Polygon","coordinates":[[[-98.05717107100854,32.81850072557621],[-98.05717137569165,32.8184653654412],[-98.05710717914594,32.818339070763564],[-98.05704735213563,32.818360753032294],[-98.05698752509161,32.81838243617393],[-98.05706881687587,32.81854236378762],[-98.05683217959292,32.81863926923622],[-98.05657083384425,32.81874610988936],[-98.05635090709119,32.8182924188617],[-98.05623337860327,32.81791937623858],[-98.05615151022594,32.81765951725004],[-98.05558752929194,32.81774202960436],[-98.05522595533137,32.81779210510044],[-98.05518305707362,32.81748686816513],[-98.05529216486096,32.817491970224424],[-98.0560006951628,32.81752820904672],[-98.05655514573677,32.817556563845606],[-98.05672304882417,32.8175651505112],[-98.05693821057224,32.817576153494926],[-98.05718442079615,32.817588742898565],[-98.05742860347242,32.81760122900926],[-98.05767068172722,32.817613607056536],[-98.05791413955689,32.81762605446567],[-98.05815518866085,32.81763837831261],[-98.05841893345496,32.81765186262882],[-98.0587002104328,32.81766624185608],[-98.05879230183358,32.81641548591333],[-98.06089563569917,32.81641251774528],[-98.06085002681512,32.81669136329029],[-98.0606985399241,32.8167714240221],[-98.05801141451464,32.81839910013984],[-98.0573755358546,32.81876748342009],[-98.05717107100854,32.81850072557621]]]},"properties":{"prop_id":41299,"state_cd":"A5","ite_code":0,"ite_name":"Vacant/Agricultural","ite_unit":"N/A","units":1.0,"daily_trips":0.0,"am_peak_trips":0.0,"pm_peak_trips":0.0,"imprv_val":180.0,"acres":0.675,"city":"Mineral Wells","city_code":"CMW","fill_color":[80,80,80,100]}},{"type":"Feature","geometry":{"type":"Polygon","coordinates":[[[-98.05766889412698,32.812152184027966],[-98.0576685938794,32.81209610061847],[-98.0581952783092,32.81207868679105],[-98.05801102279051,32.81234957099347],[-98.05766889412698,32.812152184027966]]]},"properties":{"prop_id":10877,"state_cd":"S40","ite_code":0,"ite_name":"Vacant/Agricultural","ite_unit":"N/A","units":1.0,"daily_trips":0.0,"am_peak_trips":0.0,"pm_peak_trips":0.0,"imprv_val":0.0,"acres":0.203,"city":"Mineral Wells","city_code":"CMW","fill_color":[80,80,80,100]}},{"type":"Feature","geometry":{"type":"Polygon","coordinates":[[[-98.0603410368595,32.83168816355628],[-98.05973248453493,32.830959241448014],[-98.05896016786541,32.831394153124144],[-98.05770348125719,32.82980349590156],[-98.05890249678771,32.829128835713114],[-98.05907406560283,32.82914447440956],[-98.05979740278207,32.83009993507873],[-98.06067610909486,32.8309302753702],[-98.06148746496652,32.831403618356816],[-98.06148600678435,32.83140580643848],[-98.06105233845145,32.832056465560896],[-98.06105159264017,32.83205607965749],[-98.0603410368595,32.83168816355628]]]},"properties":{"prop_id":58844,"state_cd":"A2","ite_code":240,"ite_name":"Mobile Home Park","ite_unit":"DU","units":6,"daily_trips":29.9,"am_peak_trips":1.8,"pm_peak_trips":2.3,"imprv_val":15910.0,"acres":7.379,"city":"Mineral Wells","city_code":"CMW","fill_color":[34,139,34,180]}},{"type":"Feature","geometry":{"type":"Polygon","coordinates":[[[-98.04792260629746,32.82192210108671],[-98.04830006436168,32.82168654977354],[-98.048367699968,32.82176241733475],[-98.04881736574873,32.8222668272622],[-98.04845421706537,32.82249848029954],[-98.04792260629746,32.82192210108671]]]},"properties":{"prop_id":34142,"state_cd":"A2","ite_code":240,"ite_name":"Mobile Home Park","ite_unit":"DU","units":1,"daily_trips":5.0,"am_peak_trips":0.3,"pm_peak_trips":0.4,"imprv_val":48840.0,"acres":0.653,"city":"Mineral Wells","city_code":"CMW","fill_color":[34,139,34,180]}},{"type":"Feature","geometry":{"type":"Polygon","coordinates":[[[-98.05665046514447,32.840091971637534],[-98.05703921016996,32.840008677184976],[-98.05720658374545,32.840527228760415],[-98.05771589944182,32.84041809843317],[-98.05754483143228,32.83990034965434],[-98.05805399546453,32.83978697616625],[-98.05805956555976,32.83980430903162],[-98.05814064614643,32.84005662234836],[-98.05850334716571,32.84118512134856],[-98.0570987062205,32.84151137649786],[-98.05674074685146,32.84037793027619],[-98.0566534548995,32.8401014405465],[-98.05665046514447,32.840091971637534]]]},"properties":{"prop_id":34088,"state_cd":"A015","ite_code":0,"ite_name":"Vacant/Agricultural","ite_unit":"N/A","units":1.0,"daily_trips":0.0,"am_peak_trips":0.0,"pm_peak_trips":0.0,"imprv_val":0.0,"acres":4.749,"city":"Mineral Wells","city_code":"CMW","fill_color":[80,80,80,100]}},{"type":"Feature","geometry":{"type":"Polygon","coordinates":[[[-98.0570508298662,32.81434143912157],[-98.05759339870337,32.814489773786555],[-98.05750882129527,32.814710977811686],[-98.05696526522877,32.81456462507513],[-98.0570508298662,32.81434143912157]]]},"properties":{"prop_id":10811,"state_cd":"S40","ite_code":210,"ite_name":"Single-Family Detached","ite_unit":"DU","units":1,"daily_trips":9.4,"am_peak_trips":0.7,"pm_peak_trips":0.9,"imprv_val":268270.0,"acres":0.34,"city":"Mineral Wells","city_code":"CMW","fill_color":[34,139,34,180]}},{"type":"Feature","geometry":{"type":"Polygon","coordinates":[[[-98.04640709846285,32.83024613920797],[-98.04657915158722,32.830024552853196],[-98.04804999397666,32.83036311947437],[-98.04840142764625,32.83044398451654],[-98.0480508356703,32.83100121030687],[-98.04784331451795,32.83131170990402],[-98.04607353613267,32.83097178922192],[-98.0461234006366,32.83072682445427],[-98.04640709846285,32.83024613920797]]]},"properties":{"prop_id":58810,"state_cd":"A1","ite_code":210,"ite_name":"Single-Family Detached","ite_unit":"DU","units":3,"daily_trips":28.3,"am_peak_trips":2.1,"pm_peak_trips":2.8,"imprv_val":0.0,"acres":3.776,"city":"Mineral Wells","city_code":"CMW","fill_color":[34,139,34,180]}},{"type":"Feature","geometry":{"type":"Polygon","coordinates":[[[-98.05668340760369,32.81593230109723],[-98.05707794488139,32.815924354498875],[-98.05708334523062,32.81616058087953],[-98.05668910822376,32.81616465074656],[-98.05668340760369,32.81593230109723]]]},"properties":{"prop_id":10818,"state_cd":"S40","ite_code":0,"ite_name":"Vacant/Agricultural","ite_unit":"N/A","units":1.0,"daily_trips":0.0,"am_peak_trips":0.0,"pm_peak_trips":0.0,"imprv_val":0.0,"acres":0.23,"city":"Mineral Wells","city_code":"CMW","fill_color":[80,80,80,100]}},{"type":"Feature","geometry":{"type":"Polygon","coordinates":[[[-98.05121738195386,32.82137259471816],[-98.05133733087882,32.821287707149615],[-98.05153698227521,32.821146413940134],[-98.05164826880367,32.82106743693247],[-98.05165561091762,32.821075387672934],[-98.05183864875664,32.820966282251],[-98.05224344784176,32.8214200911508],[-98.0516755113858,32.82183873178155],[-98.05121738195386,32.82137259471816]]]},"properties":{"prop_id":34104,"state_cd":"S075","ite_code":210,"ite_name":"Single-Family Detached","ite_unit":"DU","units":2,"daily_trips":18.9,"am_peak_trips":1.4,"pm_peak_trips":1.9,"imprv_val":188160.0,"acres":1.263,"city":"Mineral Wells","city_code":"CMW","fill_color":[34,139,34,180]}},{"type":"Feature","geometry":{"type":"Polygon","coordinates":[[[-98.05888282742366,32.83747167607664],[-98.05860648878372,32.83666256781991],[-98.05704926869927,32.83705911693896],[-98.05704661396771,32.837059792870306],[-98.05655451759093,32.83553859512913],[-98.05638577210787,32.83537192307604],[-98.0555299726069,32.83469313641743],[-98.05469406537792,32.8341079478928],[-98.05349309323393,32.83328283859799],[-98.05340030683865,32.83322181688599],[-98.05331296495342,32.83315531356017],[-98.05323152088586,32.833083674753915],[-98.05315639683923,32.833007270838245],[-98.05308798282623,32.8329265000252],[-98.0530266345693,32.8328417811452],[-98.05297266923239,32.832753552729706],[-98.05292636755797,32.8326622730187],[-98.05288796854462,32.832568416333665],[-98.05285767373842,32.83247246948627],[-98.0528356386974,32.832374929943036],[-98.05282197834195,32.83227630404114],[-98.05281676269661,32.83217710426774],[-98.05282002011785,32.832077844762],[-98.05309395249522,32.83129597610663],[-98.05318844795755,32.8312878573117],[-98.05418178227941,32.83120574846878],[-98.0552445736457,32.83109561250265],[-98.05581884794105,32.83086470984153],[-98.05686618908287,32.83026596849694],[-98.05770121051162,32.82980539697832],[-98.05895789710604,32.83139605422359],[-98.05973021380326,32.830961142561684],[-98.06033876612223,32.83169006468092],[-98.06105006771999,32.83205836669847],[-98.06105159264017,32.83205607965749],[-98.0614851942611,32.83140551950245],[-98.06148600678435,32.83140580643848],[-98.0615758810279,32.83143759386817],[-98.06301701629428,32.83215142965695],[-98.06339913211512,32.83249557257053],[-98.0637353820222,32.832935927112466],[-98.06390292377284,32.83321131530745],[-98.06390384457951,32.833212829980525],[-98.06307652786401,32.83356378558644],[-98.06307567901712,32.833564145136435],[-98.06308751784499,32.83358408079759],[-98.0636432494367,32.8345198987784],[-98.06367235580092,32.834618695727606],[-98.06367405210521,32.834626295879026],[-98.06367092625472,32.83472102082457],[-98.0636706412955,32.834729654725884],[-98.06368429866278,32.834846615108255],[-98.06367833038075,32.83495088033015],[-98.06366126344207,32.835022567263074],[-98.06363773814572,32.835092938339834],[-98.06360789217445,32.835161580105506],[-98.06357190055058,32.835228089155365],[-98.06352997670031,32.83529207304043],[-98.06348236709053,32.83535315475804],[-98.06342935014354,32.83541097635512],[-98.06336110952549,32.83546889601697],[-98.06335895876704,32.83547072186451],[-98.06334997924472,32.835476386233104],[-98.06334742468752,32.8354779978346],[-98.0632479829821,32.83554058667397],[-98.06312609917708,32.8355957648718],[-98.06305792348857,32.83565604735656],[-98.0614875753534,32.8359873665598],[-98.0600303837618,32.8363275936967],[-98.0600277004793,32.83632821999068],[-98.05945577945005,32.83646176312689],[-98.05926526773186,32.836506255133244],[-98.05926258550679,32.83650688141448],[-98.05944257118148,32.837064240318],[-98.05952744916426,32.8373269867341],[-98.05888326754315,32.837472963628166],[-98.05888282742366,32.83747167607664]]]},"properties":{"prop_id":58845,"state_cd":"A2","ite_code":240,"ite_name":"Mobile Home Park","ite_unit":"DU","units":52,"daily_trips":259.5,"am_peak_trips":15.6,"pm_peak_trips":20.2,"imprv_val":0.0,"acres":65.415,"city":"Mineral Wells","city_code":"CMW","fill_color":[255,120,0,200]}},{"type":"Feature","geometry":{"type":"Polygon","coordinates":[[[-98.059859765964,32.82080016635354],[-98.05925415206909,32.82099302896775],[-98.05834106924581,32.819894217498096],[-98.05968860649614,32.81911007292331],[-98.06039779857434,32.82040295523118],[-98.06048447865912,32.82060198801868],[-98.059859765964,32.82080016635354]]]},"properties":{"prop_id":65547,"state_cd":"A2","ite_code":240,"ite_name":"Mobile Home Park","ite_unit":"DU","units":3,"daily_trips":15.0,"am_peak_trips":0.9,"pm_peak_trips":1.2,"imprv_val":0.0,"acres":2.0,"city":"Mineral Wells","city_code":"CMW","fill_color":[34,139,34,180]}},{"type":"Feature","geometry":{"type":"Polygon","coordinates":[[[-98.05205890938058,32.840019907309205],[-98.05287300990447,32.842515203249285],[-98.0509977091626,32.8429621743839],[-98.05000159472587,32.83986237373484],[-98.05187493388121,32.83942293990455],[-98.05205890938058,32.840019907309205]]]},"properties":{"prop_id":34097,"state_cd":"A4","ite_code":0,"ite_name":"Vacant/Agricultural","ite_unit":"N/A","units":1.0,"daily_trips":0.0,"am_peak_trips":0.0,"pm_peak_trips":0.0,"imprv_val":0.0,"acres":9.84,"city":"Mineral Wells","city_code":"CMW","fill_color":[80,80,80,100]}},{"type":"Feature","geometry":{"type":"Polygon","coordinates":[[[-98.05631521191177,32.81478166150984],[-98.05631512398062,32.81456500364265],[-98.05674765660018,32.814682932459235],[-98.05667187061621,32.81487890368031],[-98.05631521191177,32.81478166150984]]]},"properties":{"prop_id":10875,"state_cd":"S40","ite_code":210,"ite_name":"Single-Family Detached","ite_unit":"DU","units":1,"daily_trips":9.4,"am_peak_trips":0.7,"pm_peak_trips":0.9,"imprv_val":290050.0,"acres":0.296,"city":"Mineral Wells","city_code":"CMW","fill_color":[34,139,34,180]}},{"type":"Feature","geometry":{"type":"Polygon","coordinates":[[[-98.04830006436168,32.82168654977354],[-98.04829525995017,32.821681161097295],[-98.0480603776867,32.821417699340905],[-98.04802713554388,32.82138044618939],[-98.0480606187086,32.8213590738676],[-98.04821659313718,32.82125939504965],[-98.0485533126345,32.82163491995548],[-98.048367699968,32.82176241733475],[-98.04830006436168,32.82168654977354]]]},"properties":{"prop_id":34136,"state_cd":"S025","ite_code":0,"ite_name":"Vacant/Agricultural","ite_unit":"N/A","units":1.0,"daily_trips":0.0,"am_peak_trips":0.0,"pm_peak_trips":0.0,"imprv_val":60.0,"acres":0.29,"city":"Mineral Wells","city_code":"CMW","fill_color":[80,80,80,100]}},{"type":"Feature","geometry":{"type":"Polygon","coordinates":[[[-98.05120253038693,32.820788788380234],[-98.05153698227521,32.821146413940134],[-98.05133733087882,32.821287707149615],[-98.0510105624025,32.82091284526557],[-98.05120253038693,32.820788788380234]]]},"properties":{"prop_id":34108,"state_cd":"A5","ite_code":0,"ite_name":"Vacant/Agricultural","ite_unit":"N/A","units":1.0,"daily_trips":0.0,"am_peak_trips":0.0,"pm_peak_trips":0.0,"imprv_val":4730.0,"acres":0.214,"city":"Mineral Wells","city_code":"CMW","fill_color":[80,80,80,100]}},{"type":"Feature","geometry":{"type":"Polygon","coordinates":[[[-98.05944046939524,32.812529886538606],[-98.0594422525302,32.81217083080528],[-98.0594422534259,32.81217065044459],[-98.0594429302828,32.81203435638318],[-98.05944293505237,32.812033395962516],[-98.05944563267369,32.811490190141086],[-98.05944597840242,32.81132229695253],[-98.05944688245935,32.81088391674082],[-98.05952469145582,32.81088360608526],[-98.0595312512639,32.81175371093222],[-98.05985674176773,32.81175139907256],[-98.0598479434628,32.81089036494945],[-98.06028134402601,32.81089126455701],[-98.06027144523456,32.811309069522046],[-98.0608599687267,32.811312621076596],[-98.06086074278561,32.81123607197553],[-98.06100235817826,32.81123751419885],[-98.06100174029734,32.81130238168432],[-98.06151127647459,32.81130689410382],[-98.0614982164692,32.812256295090926],[-98.0608534219831,32.8124487477427],[-98.06043026211634,32.81253376658497],[-98.06033121459097,32.81253603094383],[-98.05944046939524,32.812529886538606]]]},"properties":{"prop_id":118750,"state_cd":"SF-OVR","ite_code":210,"ite_name":"Single-Family Detached","ite_unit":"DU","units":2,"daily_trips":18.9,"am_peak_trips":1.4,"pm_peak_trips":1.9,"imprv_val":2272550.0,"acres":2.761,"city":"Mineral Wells","city_code":"CMW","fill_color":[34,139,34,180]}},{"type":"Feature","geometry":{"type":"Polygon","coordinates":[[[-98.05853123988341,32.81216761656966],[-98.05854712938864,32.81216767295559],[-98.05854712769681,32.812168012935444],[-98.05854536678325,32.81252187517048],[-98.05853206401726,32.81251940657927],[-98.0583590214022,32.812487300857875],[-98.05836042142512,32.812206079788936],[-98.05836042507059,32.81220534752462],[-98.05836746044116,32.81220259489695],[-98.05838289331268,32.812196556991424],[-98.05840083002806,32.81218953867628],[-98.05841446594364,32.81218578410733],[-98.058431587032,32.81218106974639],[-98.05844316863003,32.81217788053782],[-98.05846554240608,32.81217412000261],[-98.05848110988585,32.812171503163334],[-98.05848684307807,32.81217053962599],[-98.05853123988341,32.81216761656966]]]},"properties":{"prop_id":10802,"state_cd":"S22","ite_code":210,"ite_name":"Single-Family Detached","ite_unit":"DU","units":1,"daily_trips":9.4,"am_peak_trips":0.7,"pm_peak_trips":0.9,"imprv_val":191100.0,"acres":0.151,"city":"Mineral Wells","city_code":"CMW","fill_color":[34,139,34,180]}},{"type":"Feature","geometry":{"type":"MultiPolygon","coordinates":[[[[-98.03940877885796,32.815027179070924],[-98.03899722944585,32.81517742016827],[-98.03885405955329,32.815227521328474],[-98.03867187085582,32.81528876662118],[-98.03850242149285,32.81529484047888],[-98.03837833896351,32.815256701191785],[-98.03828684687075,32.81519637892952],[-98.03818865294132,32.81511952571314],[-98.03814263467164,32.815042495481265],[-98.03814221444668,32.814943313578084],[-98.03817445096492,32.814882610912946],[-98.03823923286772,32.81479416912122],[-98.03835608441727,32.814689091663965],[-98.03841448683079,32.81462819474107],[-98.03854408505727,32.81447345338382],[-98.03859559182031,32.81434101648139],[-98.03860136702671,32.814186671586874],[-98.03853537195492,32.81402705448758],[-98.03841760238863,32.813933784241314],[-98.03833263526148,32.813884436107706],[-98.03824147965734,32.81389577456178],[-98.03814376499625,32.81392919941994],[-98.03802682768313,32.81399572446343],[-98.03789032422429,32.81407330517766],[-98.03771481283943,32.81417864851699],[-98.03753929121952,32.81426743776469],[-98.03742236303188,32.81436153181224],[-98.03723416865955,32.81453296318119],[-98.03713031261873,32.81461050307469],[-98.03692903381304,32.8147931264848],[-98.03681897995563,32.81494774504342],[-98.03674830355992,32.815168485478125],[-98.03666466058,32.81537817808164],[-98.03656778106249,32.8155769688196],[-98.03639272176571,32.815781508557464],[-98.03626942115609,32.81588659169955],[-98.03605496150455,32.816014172488174],[-98.03585986792277,32.81611401393754],[-98.03570405923097,32.8162357725325],[-98.0354895694213,32.81637980864456],[-98.03520349714991,32.81652953710161],[-98.03491087350797,32.816673846626784],[-98.03459830168677,32.81674107444735],[-98.03440293021546,32.81679129895956],[-98.03406420384971,32.81683102034866],[-98.03371228996782,32.81685421784697],[-98.03337989610415,32.816860869730306],[-98.03299549447944,32.81690073974259],[-98.03273501361663,32.81695118526241],[-98.03244850938563,32.81701831260365],[-98.03215545488732,32.81707993880374],[-98.03183636744082,32.81714159621587],[-98.03155623379658,32.81718663555978],[-98.03126968206188,32.817237172838325],[-98.03074351760036,32.81723984092832],[-98.03079922005415,32.81377800249009],[-98.03102267615505,32.81377971802586],[-98.03117255293115,32.81390862998447],[-98.03144503507181,32.81435797750424],[-98.03173812460518,32.81465794602444],[-98.03204994207923,32.81487041575044],[-98.03242637292867,32.81503856861644],[-98.03272984111982,32.81511918530311],[-98.0331659320787,32.81514491911345],[-98.03366152443297,32.81503592069103],[-98.03398956825389,32.814785671102264],[-98.03450953726814,32.81448104944233],[-98.0346750568191,32.81437817669099],[-98.03480207829753,32.81417996815454],[-98.0348706057085,32.81393560930381],[-98.034937394794,32.813544855969134],[-98.0350209899939,32.81337773652686],[-98.03512566522693,32.813271729181395],[-98.03543650344757,32.8130655177009],[-98.03576014554083,32.81289386768537],[-98.03596447475691,32.81257728943776],[-98.03655895205014,32.812331950431734],[-98.03690806488669,32.812156612792755],[-98.03701554453993,32.81213931191498],[-98.03724157993355,32.812151668273955],[-98.03751177012616,32.81212122837815],[-98.03770989810063,32.81211230629898],[-98.03793042397665,32.81211401388461],[-98.03798457307711,32.81205423223922],[-98.03837440435368,32.81177135086584],[-98.03856691680387,32.81174241233365],[-98.0387554746308,32.81167587729319],[-98.03903771564599,32.811537915982655],[-98.03933387995184,32.81141074626988],[-98.03940129161099,32.81142268887884],[-98.03940877885796,32.815027179070924]]],[[[-98.0394012010245,32.81136650064312],[-98.03932480882386,32.81135299078226],[-98.03900661981456,32.811489608392066],[-98.0387264699908,32.811626526765814],[-98.03854848817504,32.811689322366604],[-98.03834546758766,32.811719868598495],[-98.03793693810876,32.812016263647884],[-98.03789844623213,32.81205877405854],[-98.03770846319088,32.812057308879275],[-98.03750570574532,32.81206645543261],[-98.03723936239196,32.812096490278115],[-98.03701147293229,32.81208398182126],[-98.03688460240225,32.812104440830126],[-98.03652795382658,32.81228356142079],[-98.03591722413903,32.812535573541886],[-98.03571110098069,32.81285495599147],[-98.03539902350245,32.81302052841644],[-98.03508004865866,32.8132320382513],[-98.03496479759937,32.81334882786718],[-98.03487416664746,32.81353000378978],[-98.0348065693786,32.81392534072678],[-98.0347406919467,32.814160229521384],[-98.03462470108187,32.814341181449336],[-98.03447165438088,32.814436300064685],[-98.03394899984656,32.81474249420075],[-98.03362969277411,32.81498610657456],[-98.0331598546911,32.815089435278345],[-98.03274208152334,32.8150647721683],[-98.03245154325695,32.81498762831527],[-98.03208593128039,32.81482429676426],[-98.03178415715959,32.81461867998145],[-98.03149976185917,32.814327611006235],[-98.03122597091905,32.81387611053846],[-98.03105025827443,32.81372495796402],[-98.0308001035254,32.813723029959405],[-98.03080858960341,32.81319620144157],[-98.03153688971815,32.8130229702968],[-98.0394008056278,32.811184725615675],[-98.0394012010245,32.81136650064312]]]]},"properties":{"prop_id":66204,"state_cd":"A1","ite_code":210,"ite_name":"Single-Family Detached","ite_unit":"DU","units":110,"daily_trips":1038.4,"am_peak_trips":77.9,"pm_peak_trips":103.8,"imprv_val":0.0,"acres":136.991,"city":"Mineral Wells","city_code":"CMW","fill_color":[200,30,30,220]}},{"type":"Feature","geometry":{"type":"Polygon","coordinates":[[[-98.05594667838288,32.81328524211269],[-98.05607278261002,32.81309489154764],[-98.05649260736867,32.8132991909767],[-98.0563655195609,32.81348859605309],[-98.05594667838288,32.81328524211269]]]},"properties":{"prop_id":10841,"state_cd":"S40","ite_code":0,"ite_name":"Vacant/Agricultural","ite_unit":"N/A","units":1.0,"daily_trips":0.0,"am_peak_trips":0.0,"pm_peak_trips":0.0,"imprv_val":0.0,"acres":0.27,"city":"Mineral Wells","city_code":"CMW","fill_color":[80,80,80,100]}},{"type":"Feature","geometry":{"type":"Polygon","coordinates":[[[-98.05578735814323,32.813525732339166],[-98.05594667838288,32.81328524211269],[-98.0563655195609,32.81348859605309],[-98.05632362560884,32.81355103110543],[-98.05628116131201,32.8136145336669],[-98.05627862454828,32.813619093235474],[-98.05626575857616,32.81364222410085],[-98.0562444438887,32.8136805412252],[-98.05578735814323,32.813525732339166]]]},"properties":{"prop_id":10842,"state_cd":"S40","ite_code":210,"ite_name":"Single-Family Detached","ite_unit":"DU","units":1,"daily_trips":9.4,"am_peak_trips":0.7,"pm_peak_trips":0.9,"imprv_val":183130.0,"acres":0.31,"city":"Mineral Wells","city_code":"CMW","fill_color":[34,139,34,180]}},{"type":"Feature","geometry":{"type":"Polygon","coordinates":[[[-98.02926161074274,32.83794000046496],[-98.02944348883224,32.83778503000727],[-98.02960601807058,32.83768528564245],[-98.02973605893729,32.83761870440754],[-98.02991814073125,32.83751893703026],[-98.03001564789659,32.83745799792447],[-98.03018481280442,32.83738024255337],[-98.03060194439124,32.83720254696968],[-98.03059444263455,32.83989219680889],[-98.02925674469564,32.83989118116817],[-98.02926161074274,32.83794000046496]]]},"properties":{"prop_id":49155,"state_cd":"1","ite_code":210,"ite_name":"Single-Family Detached","ite_unit":"DU","units":128,"daily_trips":1208.3,"am_peak_trips":90.6,"pm_peak_trips":120.8,"imprv_val":0.0,"acres":160.0,"city":"Mineral Wells","city_code":"CMW","fill_color":[200,30,30,220]}},{"type":"Feature","geometry":{"type":"Polygon","coordinates":[[[-98.05399223126328,32.83724003307262],[-98.05507705914644,32.83551480962836],[-98.05545700992357,32.83552129800526],[-98.05631524078987,32.83809296777459],[-98.05441939797765,32.838537736426744],[-98.05399223126328,32.83724003307262]]]},"properties":{"prop_id":116481,"state_cd":"A4","ite_code":0,"ite_name":"Vacant/Agricultural","ite_unit":"N/A","units":1.0,"daily_trips":0.0,"am_peak_trips":0.0,"pm_peak_trips":0.0,"imprv_val":0.0,"acres":10.972,"city":"Mineral Wells","city_code":"CMW","fill_color":[80,80,80,100]}},{"type":"Feature","geometry":{"type":"Polygon","coordinates":[[[-98.05909948724313,32.81131867869283],[-98.05909983841227,32.810884881367656],[-98.05944688245935,32.81088391674082],[-98.05944597840242,32.81132229695253],[-98.05909948724313,32.81131867869283]]]},"properties":{"prop_id":10865,"state_cd":"SF-OVR","ite_code":210,"ite_name":"Single-Family Detached","ite_unit":"DU","units":1,"daily_trips":9.4,"am_peak_trips":0.7,"pm_peak_trips":0.9,"imprv_val":424670.0,"acres":0.509,"city":"Mineral Wells","city_code":"CMW","fill_color":[34,139,34,180]}},{"type":"Feature","geometry":{"type":"Polygon","coordinates":[[[-98.03055770824682,32.84729436586147],[-98.03331329007868,32.84729712361314],[-98.033302850682,32.84731832496912],[-98.03152163567454,32.85093900126559],[-98.03100347018,32.85198177500647],[-98.03111932088049,32.85286709322812],[-98.03134580917218,32.85459783382692],[-98.03050744861387,32.85459746085234],[-98.03055770824682,32.84729436586147]]]},"properties":{"prop_id":37076,"state_cd":"A5","ite_code":0,"ite_name":"Vacant/Agricultural","ite_unit":"N/A","units":1.0,"daily_trips":0.0,"am_peak_trips":0.0,"pm_peak_trips":0.0,"imprv_val":0.0,"acres":7.511,"city":"Mineral Wells","city_code":"CMW","fill_color":[80,80,80,100]}},{"type":"Feature","geometry":{"type":"Polygon","coordinates":[[[-98.05324304898869,32.844576947564974],[-98.05290775031426,32.843560211968274],[-98.05385063096456,32.84333995964273],[-98.0540293318023,32.843891976407065],[-98.054678181703,32.843735251903084],[-98.055043876247,32.84389111242269],[-98.05527717758149,32.84459850265794],[-98.05573793617152,32.84460492165587],[-98.05573076202181,32.84462205130458],[-98.05324304898869,32.844576947564974]]]},"properties":{"prop_id":68365,"state_cd":"A1","ite_code":210,"ite_name":"Single-Family Detached","ite_unit":"DU","units":4,"daily_trips":37.8,"am_peak_trips":2.8,"pm_peak_trips":3.8,"imprv_val":17000.0,"acres":4.97,"city":"Mineral Wells","city_code":"CMW","fill_color":[34,139,34,180]}},{"type":"Feature","geometry":{"type":"Polygon","coordinates":[[[-98.05706508950745,32.8125353199447],[-98.05734262728272,32.812526145195626],[-98.05734398131742,32.81287866306883],[-98.05713694731718,32.81288562145119],[-98.057067637023,32.81289049342262],[-98.05706618731497,32.81289059557757],[-98.05706508950745,32.8125353199447]]]},"properties":{"prop_id":10837,"state_cd":"S40","ite_code":210,"ite_name":"Single-Family Detached","ite_unit":"DU","units":1,"daily_trips":9.4,"am_peak_trips":0.7,"pm_peak_trips":0.9,"imprv_val":213160.0,"acres":0.25,"city":"Mineral Wells","city_code":"CMW","fill_color":[34,139,34,180]}},{"type":"Feature","geometry":{"type":"Polygon","coordinates":[[[-98.04754882122512,32.8215110919951],[-98.04794042424005,32.821283191030545],[-98.04802713554388,32.82138044618939],[-98.04829525995017,32.821681161097295],[-98.04830006436168,32.82168654977354],[-98.04792260629746,32.82192210108671],[-98.04754882122512,32.8215110919951]]]},"properties":{"prop_id":34140,"state_cd":"A5","ite_code":210,"ite_name":"Single-Family Detached","ite_unit":"DU","units":1,"daily_trips":9.4,"am_peak_trips":0.7,"pm_peak_trips":0.9,"imprv_val":14770.0,"acres":0.465,"city":"Mineral Wells","city_code":"CMW","fill_color":[34,139,34,180]}},{"type":"Feature","geometry":{"type":"Polygon","coordinates":[[[-98.054678181703,32.843735251903084],[-98.05449591440367,32.84318258482161],[-98.05421549552011,32.843248030119504],[-98.05398327025375,32.842405966072704],[-98.05718138466337,32.841671948843334],[-98.05761769023377,32.84299558033536],[-98.05926059687022,32.842609532423715],[-98.05976856689362,32.84249016502165],[-98.0597692365963,32.84426861300642],[-98.05573076202181,32.84462205130458],[-98.05573793617152,32.84460492165587],[-98.05527717758149,32.84459850265794],[-98.055043876247,32.84389111242269],[-98.054678181703,32.843735251903084]]]},"properties":{"prop_id":68366,"state_cd":"A3","ite_code":0,"ite_name":"Vacant/Agricultural","ite_unit":"N/A","units":1.0,"daily_trips":0.0,"am_peak_trips":0.0,"pm_peak_trips":0.0,"imprv_val":0.0,"acres":28.709,"city":"Mineral Wells","city_code":"CMW","fill_color":[80,80,80,100]}},{"type":"Feature","geometry":{"type":"Polygon","coordinates":[[[-98.0584401383972,32.81641092050663],[-98.05820593697885,32.816407883196995],[-98.05795610876474,32.81640464292669],[-98.05771095483492,32.8164014629615],[-98.05746684427565,32.81639829614448],[-98.05721582218399,32.81639503931891],[-98.05708866762465,32.81639338908324],[-98.05708334523062,32.81616058087953],[-98.05707794488139,32.815924354498875],[-98.05707607963907,32.81584275758099],[-98.05713399941294,32.81569127690422],[-98.0572084794496,32.815496486660834],[-98.05727306664525,32.81532756772332],[-98.0573378115813,32.81515823537694],[-98.0574234654426,32.81493421711843],[-98.05750882129527,32.814710977811686],[-98.05759339870337,32.814489773786555],[-98.05767935750278,32.81426495380862],[-98.05776418185941,32.81404310032812],[-98.05784923843177,32.813820638884295],[-98.05793424805422,32.81359829805642],[-98.0581033019111,32.81315613968635],[-98.05819154554831,32.81292533756965],[-98.05827373623461,32.81270878608704],[-98.05835302048506,32.81250299555906],[-98.0583590214022,32.812487300857875],[-98.05853206401726,32.81251940657927],[-98.05854536678325,32.81252187517048],[-98.0585720288678,32.81252682246931],[-98.05872436862204,32.81252736022513],[-98.05890339461132,32.81252799241822],[-98.05908242060767,32.812528623451904],[-98.05926144660206,32.81252925512977],[-98.05944046939524,32.812529886538606],[-98.06033121459097,32.81253603094383],[-98.06043026211634,32.81253376658497],[-98.0608534219831,32.8124487477427],[-98.06089563569917,32.81641251774528],[-98.05879230183358,32.81641548591333],[-98.0584401383972,32.81641092050663]]]},"properties":{"prop_id":65506,"state_cd":"A3","ite_code":210,"ite_name":"Single-Family Detached","ite_unit":"DU","units":23,"daily_trips":217.1,"am_peak_trips":16.3,"pm_peak_trips":21.7,"imprv_val":31500.0,"acres":29.016,"city":"Mineral Wells","city_code":"CMW","fill_color":[255,120,0,200]}},{"type":"Feature","geometry":{"type":"Polygon","coordinates":[[[-98.04797000209815,32.828730461140935],[-98.04741203711153,32.82908061637633],[-98.04726975314418,32.82916421496017],[-98.04713234402126,32.82925343772898],[-98.0470001215956,32.82934808202322],[-98.04687338709383,32.82944793522523],[-98.04675242687178,32.82955276933299],[-98.04663751559099,32.82966234638209],[-98.0465289140827,32.82977641843776],[-98.0464268672161,32.82989472668541],[-98.04633160816144,32.83001700324914],[-98.04624335305851,32.83014296936898],[-98.04616230098874,32.83027234081116],[-98.04608863720249,32.83040482337068],[-98.04602252668698,32.83054011735704],[-98.04596412165664,32.830677914915576],[-98.04572487971339,32.831584131976385],[-98.04253090824318,32.83096994894989],[-98.04192468710991,32.83085068159696],[-98.04189336908453,32.830785666035084],[-98.04190685273481,32.83034779354802],[-98.04201033520745,32.82992315916411],[-98.04229741837321,32.8291535484764],[-98.04253625279162,32.82869200761091],[-98.04288758907758,32.827805895810805],[-98.04321015007604,32.827086689645064],[-98.04343836311233,32.82652024272083],[-98.0436421332969,32.82596722397321],[-98.0436453991286,32.82566338164697],[-98.04363752782243,32.82557234483257],[-98.04783297180354,32.82560534703707],[-98.04718424868823,32.82579784285135],[-98.04741753387376,32.826660754453634],[-98.04714612365943,32.82664873587768],[-98.04733817307981,32.8274433587676],[-98.04793824054416,32.827799670965625],[-98.04768622668463,32.82814715190433],[-98.04800318239548,32.828325345081346],[-98.04804728782445,32.828273937513906],[-98.04830389355809,32.827974906483014],[-98.0487104313854,32.828242977203686],[-98.0483648182826,32.82845129406173],[-98.04797000209815,32.828730461140935]]]},"properties":{"prop_id":58807,"state_cd":"A4","ite_code":0,"ite_name":"Vacant/Agricultural","ite_unit":"N/A","units":1.0,"daily_trips":0.0,"am_peak_trips":0.0,"pm_peak_trips":0.0,"imprv_val":0.0,"acres":41.79,"city":"Mineral Wells","city_code":"CMW","fill_color":[80,80,80,100]}},{"type":"Feature","geometry":{"type":"Polygon","coordinates":[[[-98.05631524078987,32.83809296777459],[-98.05545700992357,32.83552129800526],[-98.05617605105742,32.835540305704065],[-98.05644371336001,32.83586952344017],[-98.05710127977522,32.83790300173666],[-98.05631524078987,32.83809296777459]]]},"properties":{"prop_id":58838,"state_cd":"A4","ite_code":0,"ite_name":"Vacant/Agricultural","ite_unit":"N/A","units":1.0,"daily_trips":0.0,"am_peak_trips":0.0,"pm_peak_trips":0.0,"imprv_val":100.0,"acres":5.398,"city":"Mineral Wells","city_code":"CMW","fill_color":[80,80,80,100]}},{"type":"Feature","geometry":{"type":"Polygon","coordinates":[[[-98.05120253038693,32.820788788380234],[-98.05153698227521,32.821146413940134],[-98.05133733087882,32.821287707149615],[-98.0510105624025,32.82091284526557],[-98.05120253038693,32.820788788380234]]]},"properties":{"prop_id":34108,"state_cd":"A5","ite_code":0,"ite_name":"Vacant/Agricultural","ite_unit":"N/A","units":1.0,"daily_trips":0.0,"am_peak_trips":0.0,"pm_peak_trips":0.0,"imprv_val":4730.0,"acres":0.214,"city":"Mineral Wells","city_code":"CMW","fill_color":[80,80,80,100]}},{"type":"Feature","geometry":{"type":"Polygon","coordinates":[[[-98.05771095483492,32.8164014629615],[-98.05770444896788,32.81675911297013],[-98.05746033635673,32.81675594613667],[-98.05746684427565,32.81639829614448],[-98.05771095483492,32.8164014629615]]]},"properties":{"prop_id":10823,"state_cd":"S40","ite_code":210,"ite_name":"Single-Family Detached","ite_unit":"DU","units":1,"daily_trips":9.4,"am_peak_trips":0.7,"pm_peak_trips":0.9,"imprv_val":267670.0,"acres":0.2241,"city":"Mineral Wells","city_code":"CMW","fill_color":[34,139,34,180]}},{"type":"Feature","geometry":{"type":"MultiPolygon","coordinates":[[[[-98.03059444263455,32.83989219680889],[-98.03060194439124,32.83720254696968],[-98.0308228158102,32.83716868878235],[-98.0309595488665,32.83713517502767],[-98.0311093295799,32.837101597560725],[-98.03126561593348,32.83704595077325],[-98.03136317792023,32.836995993163896],[-98.03146070313488,32.83694610027063],[-98.03159063872671,32.836840933312324],[-98.0317522697047,32.83655929684051],[-98.03181638430439,32.8363331573352],[-98.03189991907182,32.83607378850067],[-98.03196447586765,32.83593030854],[-98.03198318833742,32.835759377926664],[-98.03197578056874,32.83556094190608],[-98.03192937064757,32.8354012816615],[-98.03188290490559,32.83523057391101],[-98.03185573596883,32.83501019623733],[-98.03183542107139,32.83485047269266],[-98.03189348398217,32.83470142845212],[-98.03198380335911,32.834508237944846],[-98.03210039667538,32.8343314898246],[-98.03219759788611,32.83421541067673],[-98.032255930811,32.83414905772059],[-98.03234013111084,32.8340385497231],[-98.03236579110212,32.83395027065031],[-98.03240448865,32.83385646912994],[-98.03239770980186,32.83380684544165],[-98.0323714567388,32.833768357271516],[-98.03226685557918,32.833702586796704],[-98.03212339679665,32.833703049387864],[-98.0319020452229,32.83376444418149],[-98.03166798468536,32.833902973791666],[-98.03152511899276,32.8340192043722],[-98.03137564411377,32.83412995028919],[-98.03126516123909,32.83419646171774],[-98.03116099319877,32.83422987214499],[-98.03110879616824,32.83422450714618],[-98.03104348607123,32.8342027490495],[-98.03095204529666,32.83416995787331],[-98.03087990231298,32.83407644959929],[-98.03084045143692,32.834004995872526],[-98.03087237452442,32.833850508454624],[-98.03100815209254,32.83361310790885],[-98.03120287526731,32.8334360580565],[-98.03155404557546,32.83324749906891],[-98.03192469924613,32.833042329641806],[-98.03219126022665,32.832881650426245],[-98.03251648426308,32.83271519846311],[-98.0327243338731,32.83256566674682],[-98.03291272511072,32.832427238783225],[-98.03300388274383,32.83239390702666],[-98.0332126282999,32.8324152174746],[-98.03332375189035,32.832481010725765],[-98.03341592872665,32.8326791026663],[-98.0334758406671,32.832926897240895],[-98.03355490658817,32.83309751651124],[-98.03364684743659,32.833246041631064],[-98.03386903111392,32.8333609929571],[-98.03399309876659,32.83338812262607],[-98.0341232916228,32.833349138441456],[-98.03432996398212,32.832946102074175],[-98.03449071690967,32.83247157325619],[-98.0346387706467,32.8320687219618],[-98.03474827240343,32.83179830449627],[-98.03487741871639,32.831538781284586],[-98.03503294333174,32.83132333369328],[-98.0352792879188,32.831035887554876],[-98.0354994337444,32.830721017121476],[-98.03564136690409,32.830400798841175],[-98.03567918415342,32.830141612081675],[-98.03561305828184,32.829943490049],[-98.03544946699324,32.829811754046546],[-98.0352208907156,32.82973536501412],[-98.03503160614119,32.829691859316185],[-98.03490093470505,32.829626236185796],[-98.03480903262964,32.82949975704152],[-98.03479544627126,32.82937300611657],[-98.03482751063466,32.82926265679726],[-98.03498343840621,32.82915191461378],[-98.03516588626435,32.82913478270772],[-98.03535516988585,32.82917825573882],[-98.03546593819316,32.829172322327395],[-98.03557645118352,32.82911682210023],[-98.03565430922751,32.82902841429309],[-98.03567996461933,32.82892908811781],[-98.03566627217086,32.82879687727849],[-98.03554825767883,32.82865949743298],[-98.0352017858471,32.82847877237231],[-98.03495351171418,32.828347348792455],[-98.03483511129673,32.82812726010311],[-98.03476927349578,32.82800620899586],[-98.03463200641797,32.8279075002195],[-98.03437101081431,32.82786425823896],[-98.03407783538694,32.82792038207675],[-98.0338176354587,32.82803144313732],[-98.03360939236643,32.82810928332039],[-98.0334596179568,32.8281483874291],[-98.0332967888186,32.8281819990129],[-98.03313391283395,32.82819912135035],[-98.03291205494602,32.828155764334085],[-98.03289639548386,32.828147178849875],[-98.03274210786464,32.82806260051981],[-98.03256296537408,32.82791030753099],[-98.03240120514705,32.82766135410291],[-98.032271242863,32.827346125367264],[-98.03222938306678,32.827165922531094],[-98.03220850416147,32.826884906646015],[-98.0322527122924,32.82658716231149],[-98.03254543940228,32.82613982834566],[-98.03265394918863,32.825973982900386],[-98.03310233277588,32.825517010063145],[-98.03442712604898,32.825522668737555],[-98.03435965491003,32.825541909972614],[-98.03426696679371,32.82579187828969],[-98.03436363085979,32.82600529754999],[-98.03475395261532,32.826514350132236],[-98.03484160922828,32.826727750649574],[-98.034847204242,32.82704685587209],[-98.03483585553597,32.827259483103155],[-98.03502271476677,32.82745085402476],[-98.03530035121678,32.827566994906086],[-98.03549768425977,32.82762165871235],[-98.0356864353758,32.82763833532753],[-98.03584903620349,32.82757123974331],[-98.03600352287064,32.827428076827],[-98.03607678657539,32.827307108578246],[-98.03617797395307,32.82710277923527],[-98.03623382278244,32.82692846560768],[-98.03631967936425,32.82647332643266],[-98.03622357563984,32.82620669537157],[-98.03610877208463,32.826008295577445],[-98.0359125926303,32.82584727017197],[-98.03589519684526,32.82579392491424],[-98.03591299575562,32.82552893044807],[-98.03665527061732,32.825532052191114],[-98.03937963023176,32.825543491678],[-98.0405520748464,32.82555146096433],[-98.04044219834738,32.82573295746225],[-98.04020563083236,32.82598183409285],[-98.03998837937829,32.826109266105256],[-98.03979858213728,32.82619135122269],[-98.03965369552148,32.82628138672214],[-98.03937838409257,32.82678529528773],[-98.03906235563105,32.827732431610364],[-98.03892581322906,32.82871892754101],[-98.03883981184171,32.829189281522495],[-98.03872868551996,32.82948468145899],[-98.03853781162803,32.82966553686281],[-98.03835637387711,32.82980845771359],[-98.03817565441723,32.8298830645979],[-98.03791706550435,32.82992364322645],[-98.03774554860418,32.829983085312705],[-98.03760948995671,32.83008080676514],[-98.03749063100476,32.830262186982054],[-98.03750553936268,32.8305434059919],[-98.03759341924166,32.830741624067585],[-98.03776202046717,32.83095561356908],[-98.03786796018898,32.831146356619364],[-98.0378571611691,32.831313409055575],[-98.03780082655595,32.83153326517312],[-98.03764616151584,32.8316915955011],[-98.03732894715273,32.8319094645139],[-98.03707513108195,32.83208979322489],[-98.03685693752992,32.832298581935504],[-98.0366916819058,32.83260879830862],[-98.03651638259024,32.833017639591155],[-98.03646624969389,32.833495844968134],[-98.03649993409604,32.833708817617016],[-98.0365806334962,32.83369971853326],[-98.0365481335283,32.83349430935996],[-98.03659651546035,32.833032618744255],[-98.03676722448304,32.83263461274537],[-98.03692616244949,32.83233630832987],[-98.03713218558293,32.83213910227467],[-98.03738087597135,32.831962372487304],[-98.03770383079423,32.831740599956404],[-98.0378761896181,32.83156410230546],[-98.03793806948332,32.83132260777166],[-98.03795032510952,32.831132837616494],[-98.03783314685984,32.83092184855135],[-98.03766639024893,32.83071011062625],[-98.03758631846699,32.83052950978747],[-98.03757297413667,32.83027851473874],[-98.03767357165283,32.83012503920349],[-98.03778839408216,32.8300425489724],[-98.03794023020872,32.82998991371919],[-98.03820146100571,32.829948892134134],[-98.0384030380026,32.829865722266064],[-98.03859613535518,32.829713623489035],[-98.0388010229464,32.82951947933694],[-98.0389193075078,32.829205016166156],[-98.0390064894696,32.828728158080324],[-98.03914247306936,32.82774584263103],[-98.03945500409732,32.826809126305726],[-98.03971884368282,32.826326219078844],[-98.03984154670499,32.82625000660862],[-98.04003032725817,32.82616832168217],[-98.04026175829199,32.82603256048616],[-98.04051086633974,32.825770485950514],[-98.04064314072393,32.82555207135869],[-98.04344783952287,32.82557106726584],[-98.0435558907124,32.82557180278349],[-98.04356395829869,32.82566557012888],[-98.04356087394387,32.82595650899513],[-98.04336094443867,32.82649889844302],[-98.04313350651734,32.82706345876393],[-98.04281086831458,32.827782825876376],[-98.042460248179,32.828667260009595],[-98.04222110371211,32.829129413729206],[-98.04193136332931,32.829905878203014],[-98.04182659043393,32.83033583751872],[-98.0417404497416,32.83082859313813],[-98.04115925257965,32.83308927314312],[-98.04054287243011,32.8351861365718],[-98.04028880461877,32.83623016365269],[-98.03991562420238,32.83748037883123],[-98.03962295016294,32.83853542704154],[-98.03902908818141,32.83833203211876],[-98.03838435248502,32.83811120829221],[-98.03823007325325,32.837907236265764],[-98.03782861235321,32.837376459886165],[-98.03608036995267,32.835064984865745],[-98.03594831014486,32.83510217132086],[-98.03411924220195,32.838080745604714],[-98.03419991273071,32.838413133080614],[-98.03481108562096,32.83839706459514],[-98.03717382040902,32.83833491781573],[-98.03717817523659,32.83922727471849],[-98.03720785562342,32.83995812178461],[-98.03059444263455,32.83989219680889]]],[[[-98.0345951727447,32.82554729664558],[-98.03466597470894,32.82552367497926],[-98.0354537738602,32.82552700660671],[-98.03550843401531,32.82555059664819],[-98.0358316539248,32.82554871774678],[-98.03581315501468,32.82580129064001],[-98.03583996347095,32.825883499473434],[-98.03604189562743,32.82604922959053],[-98.03614758045318,32.82623194618618],[-98.03623634991897,32.82647823198766],[-98.03615415215022,32.82691398842449],[-98.03610079221184,32.82708047809723],[-98.0360028715462,32.82727816594052],[-98.03593597556453,32.82738857956006],[-98.03579936468215,32.827515254395074],[-98.03567165355574,32.827567961737756],[-98.03551481395297,32.82755410066959],[-98.03533125296198,32.82750318668195],[-98.03507449736935,32.827395796686424],[-98.03491861362352,32.82723618014253],[-98.03492861039189,32.82704790327645],[-98.03492283382947,32.82671569936074],[-98.03482766057672,32.826484004454805],[-98.03443663514233,32.82597404494585],[-98.034353113358,32.825789617008304],[-98.03442498176516,32.82559583792544],[-98.0345951727447,32.82554729664558]]]]},"properties":{"prop_id":58808,"state_cd":"A1","ite_code":210,"ite_name":"Single-Family Detached","ite_unit":"DU","units":16,"daily_trips":151.0,"am_peak_trips":11.3,"pm_peak_trips":15.1,"imprv_val":0.0,"acres":20.4,"city":"Mineral Wells","city_code":"CMW","fill_color":[255,200,0,200]}},{"type":"Feature","geometry":{"type":"Polygon","coordinates":[[[-98.05718442079615,32.817588742898565],[-98.05719352897995,32.81689163589155],[-98.05743882905477,32.81689447650375],[-98.05742860347242,32.81760122900926],[-98.05718442079615,32.817588742898565]]]},"properties":{"prop_id":10833,"state_cd":"S75","ite_code":210,"ite_name":"Single-Family Detached","ite_unit":"DU","units":2,"daily_trips":18.9,"am_peak_trips":1.4,"pm_peak_trips":1.9,"imprv_val":1212070.0,"acres":1.281,"city":"Mineral Wells","city_code":"CMW","fill_color":[34,139,34,180]}},{"type":"Feature","geometry":{"type":"Polygon","coordinates":[[[-98.05631533228818,32.81507724309516],[-98.05659549264665,32.81507615603185],[-98.0565878820498,32.815099281309585],[-98.05656918628934,32.81515609060329],[-98.05656192270641,32.815178160184225],[-98.05655719983575,32.81519744949429],[-98.05654295052862,32.8152556481033],[-98.05653653886807,32.81528183752369],[-98.05653411604636,32.81529671070677],[-98.05652418452613,32.815357685172756],[-98.05651945457043,32.81538671951345],[-98.05651862121252,32.815396827738915],[-98.05651305708697,32.815464329808016],[-98.05651074802951,32.815492333882496],[-98.0565107341734,32.815497455263895],[-98.05651045903393,32.81559820461366],[-98.05631554548452,32.81559854131504],[-98.05631533228818,32.81507724309516]]]},"properties":{"prop_id":69392,"state_cd":"S40","ite_code":210,"ite_name":"Single-Family Detached","ite_unit":"DU","units":1,"daily_trips":9.4,"am_peak_trips":0.7,"pm_peak_trips":0.9,"imprv_val":260450.0,"acres":0.295,"city":"Mineral Wells","city_code":"CMW","fill_color":[34,139,34,180]}},{"type":"Feature","geometry":{"type":"Polygon","coordinates":[[[-98.05695806974408,32.78899373557833],[-98.05695844648635,32.788817134189365],[-98.05736601414301,32.788816754693975],[-98.06068082498535,32.78881369732763],[-98.06128701843636,32.78881314069196],[-98.06123428401241,32.78901435112645],[-98.06111457395228,32.78901376731892],[-98.06067655539046,32.78901167163563],[-98.05908128639858,32.78900399090633],[-98.058983373064,32.789003514784824],[-98.05883609256028,32.78900279855108],[-98.05880802456886,32.789002666520304],[-98.05873139127885,32.78900228192017],[-98.05864525595223,32.789001878884235],[-98.05707966077564,32.78899435984559],[-98.05701889791258,32.7889940298067],[-98.0569747504199,32.78899380852569],[-98.05695806974408,32.78899373557833]]]},"properties":{"prop_id":73259,"state_cd":"2","ite_code":210,"ite_name":"Single-Family Detached","ite_unit":"DU","units":2,"daily_trips":18.9,"am_peak_trips":1.4,"pm_peak_trips":1.9,"imprv_val":0.0,"acres":1.139,"city":"Mineral Wells","city_code":"CMW","fill_color":[34,139,34,180]}},{"type":"Feature","geometry":{"type":"Polygon","coordinates":[[[-98.05696849420211,32.81639286469927],[-98.05669467745354,32.816391669270104],[-98.05668910822376,32.81616465074656],[-98.05708334523062,32.81616058087953],[-98.05708866762465,32.81639338908324],[-98.05696849420211,32.81639286469927]]]},"properties":{"prop_id":10819,"state_cd":"S40","ite_code":210,"ite_name":"Single-Family Detached","ite_unit":"DU","units":1,"daily_trips":9.4,"am_peak_trips":0.7,"pm_peak_trips":0.9,"imprv_val":441430.0,"acres":0.59,"city":"Mineral Wells","city_code":"CMW","fill_color":[34,139,34,180]}},{"type":"Feature","geometry":{"type":"Polygon","coordinates":[[[-98.05407572435166,32.81792078593342],[-98.054627099439,32.81792200256002],[-98.0546437014128,32.817922029525896],[-98.05464484743071,32.8180632693047],[-98.05408566020402,32.8189622159499],[-98.05407572435166,32.81792078593342]]]},"properties":{"prop_id":66502,"state_cd":"A6","ite_code":210,"ite_name":"Single-Family Detached","ite_unit":"DU","units":1,"daily_trips":9.4,"am_peak_trips":0.7,"pm_peak_trips":0.9,"imprv_val":27520.0,"acres":0.843,"city":"Mineral Wells","city_code":"CMW","fill_color":[34,139,34,180]}},{"type":"Feature","geometry":{"type":"Polygon","coordinates":[[[-98.0578052920067,32.839013195739376],[-98.05751252826204,32.83809220686351],[-98.05809196323673,32.837953883611156],[-98.05838273579276,32.83888391739192],[-98.05780553396039,32.83901394691096],[-98.0578052920067,32.839013195739376]]]},"properties":{"prop_id":97294,"state_cd":"A2","ite_code":240,"ite_name":"Mobile Home Park","ite_unit":"DU","units":2,"daily_trips":10.0,"am_peak_trips":0.6,"pm_peak_trips":0.8,"imprv_val":1556840.0,"acres":1.58,"city":"Mineral Wells","city_code":"CMW","fill_color":[34,139,34,180]}},{"type":"Feature","geometry":{"type":"Polygon","coordinates":[[[-98.05083657123735,32.82104363300138],[-98.05082598541348,32.82103212545157],[-98.0510105624025,32.82091284526557],[-98.05133733087882,32.821287707149615],[-98.05121738195386,32.82137259471816],[-98.05117001007866,32.82140611939315],[-98.05083657123735,32.82104363300138]]]},"properties":{"prop_id":75745,"state_cd":"A5","ite_code":0,"ite_name":"Vacant/Agricultural","ite_unit":"N/A","units":1.0,"daily_trips":0.0,"am_peak_trips":0.0,"pm_peak_trips":0.0,"imprv_val":1730.0,"acres":0.224,"city":"Mineral Wells","city_code":"CMW","fill_color":[80,80,80,100]}},{"type":"Feature","geometry":{"type":"Polygon","coordinates":[[[-98.05892214680799,32.812033279357365],[-98.05892480369559,32.81149890761388],[-98.05909928452036,32.81150042613848],[-98.05917994438494,32.81189598119976],[-98.05917481931407,32.811896425672366],[-98.05916014817757,32.81189769665284],[-98.0591519792638,32.81189840449118],[-98.05914755278559,32.811899460166316],[-98.05913330144888,32.81190285912125],[-98.05912492535377,32.81190485672706],[-98.05912129239859,32.81190633185392],[-98.05910783922342,32.81191179519355],[-98.05909958989736,32.81191514507416],[-98.05909677277786,32.811916847644724],[-98.059084490984,32.81192427208131],[-98.059076730511,32.811928962894626],[-98.05907470667897,32.81193070254554],[-98.0590639365114,32.811939958521876],[-98.05905702738822,32.81194589596039],[-98.0590557111588,32.81194750825708],[-98.05904675220654,32.811958481403],[-98.0590410714633,32.81196544044688],[-98.05904034611952,32.811966773470225],[-98.05903343000786,32.81197948715295],[-98.05902933659604,32.81198701275445],[-98.05902904033557,32.811987961320014],[-98.05902437280714,32.812002919484655],[-98.0590221730656,32.81200996932508],[-98.05902212362088,32.81201046334676],[-98.05901979680584,32.812033623738714],[-98.05892214680799,32.812033279357365]]]},"properties":{"prop_id":10794,"state_cd":"S40","ite_code":0,"ite_name":"Vacant/Agricultural","ite_unit":"N/A","units":1.0,"daily_trips":0.0,"am_peak_trips":0.0,"pm_peak_trips":0.0,"imprv_val":0.0,"acres":0.268,"city":"Mineral Wells","city_code":"CMW","fill_color":[80,80,80,100]}},{"type":"Feature","geometry":{"type":"Polygon","coordinates":[[[-98.05687989168736,32.814787311138055],[-98.0574234654426,32.81493421711843],[-98.0573378115813,32.81515823537694],[-98.05679492023887,32.815008948854484],[-98.05687989168736,32.814787311138055]]]},"properties":{"prop_id":10813,"state_cd":"S40","ite_code":210,"ite_name":"Single-Family Detached","ite_unit":"DU","units":1,"daily_trips":9.4,"am_peak_trips":0.7,"pm_peak_trips":0.9,"imprv_val":337420.0,"acres":0.34,"city":"Mineral Wells","city_code":"CMW","fill_color":[34,139,34,180]}},{"type":"Feature","geometry":{"type":"Polygon","coordinates":[[[-98.05643282505912,32.81247170559123],[-98.05632221795904,32.81086035773903],[-98.05681766829288,32.81086454786731],[-98.05681953799602,32.81160829675472],[-98.05734211887126,32.81161271399537],[-98.0573435701224,32.81161272637389],[-98.05734271154643,32.81244483746415],[-98.0573425823058,32.81244484151339],[-98.05643282505912,32.81247170559123]]]},"properties":{"prop_id":97183,"state_cd":"SF-OVR","ite_code":0,"ite_name":"Vacant/Agricultural","ite_unit":"N/A","units":1.0,"daily_trips":0.0,"am_peak_trips":0.0,"pm_peak_trips":0.0,"imprv_val":0.0,"acres":1.128,"city":"Mineral Wells","city_code":"CMW","fill_color":[80,80,80,100]}},{"type":"Feature","geometry":{"type":"Polygon","coordinates":[[[-98.04802464779455,32.84318995806967],[-98.05024278268723,32.84266669596269],[-98.05046727851405,32.84323681428826],[-98.05089742038646,32.84454420548495],[-98.04907911996642,32.84453142504983],[-98.04800902112042,32.84450301099126],[-98.04642402618916,32.8444608415469],[-98.04564573237984,32.84443271102396],[-98.04529746329027,32.84203418340596],[-98.04518812677846,32.84141091033715],[-98.04512828427194,32.84093318741442],[-98.04511640526954,32.84080608873891],[-98.04541721294382,32.84078680595246],[-98.04611906675729,32.84064217315067],[-98.04701961707147,32.843426686842356],[-98.04802464779455,32.84318995806967]]]},"properties":{"prop_id":68366,"state_cd":"A3","ite_code":0,"ite_name":"Vacant/Agricultural","ite_unit":"N/A","units":1.0,"daily_trips":0.0,"am_peak_trips":0.0,"pm_peak_trips":0.0,"imprv_val":0.0,"acres":28.709,"city":"Mineral Wells","city_code":"CMW","fill_color":[80,80,80,100]}},{"type":"Feature","geometry":{"type":"Polygon","coordinates":[[[-98.05615427332597,32.81477215401364],[-98.05576276225251,32.814771802716756],[-98.05576190969872,32.81455306071503],[-98.05615405810565,32.814552413272565],[-98.05615427332597,32.81477215401364]]]},"properties":{"prop_id":10847,"state_cd":"S40","ite_code":210,"ite_name":"Single-Family Detached","ite_unit":"DU","units":1,"daily_trips":9.4,"am_peak_trips":0.7,"pm_peak_trips":0.9,"imprv_val":263620.0,"acres":0.22,"city":"Mineral Wells","city_code":"CMW","fill_color":[34,139,34,180]}},{"type":"Feature","geometry":{"type":"Polygon","coordinates":[[[-98.05622183196981,32.83873475652368],[-98.05686089826415,32.83858391526751],[-98.05706212718337,32.83918468640375],[-98.05641129893263,32.839334812213124],[-98.05622183196981,32.83873475652368]]]},"properties":{"prop_id":85046,"state_cd":"A3","ite_code":210,"ite_name":"Single-Family Detached","ite_unit":"DU","units":2,"daily_trips":18.9,"am_peak_trips":1.4,"pm_peak_trips":1.9,"imprv_val":139130.0,"acres":1.582,"city":"Mineral Wells","city_code":"CMW","fill_color":[34,139,34,180]}},{"type":"Feature","geometry":{"type":"Polygon","coordinates":[[[-98.04974747008515,32.8233166166934],[-98.05138232971183,32.82225764838502],[-98.05176946695069,32.822720694630746],[-98.05207845082762,32.82252543005898],[-98.05255474726167,32.8230560434021],[-98.04997759317399,32.82355844588392],[-98.04974747008515,32.8233166166934]]]},"properties":{"prop_id":41296,"state_cd":"A2","ite_code":240,"ite_name":"Mobile Home Park","ite_unit":"DU","units":3,"daily_trips":15.0,"am_peak_trips":0.9,"pm_peak_trips":1.2,"imprv_val":19790.0,"acres":3.96,"city":"Mineral Wells","city_code":"CMW","fill_color":[34,139,34,180]}},{"type":"Feature","geometry":{"type":"Polygon","coordinates":[[[-98.05865373293717,32.8108861104644],[-98.05866254909746,32.811354833514336],[-98.05909945755853,32.81135494886054],[-98.05909935036917,32.81148717684198],[-98.05909928452036,32.81150042613848],[-98.05892480369559,32.81149890761388],[-98.0587132354246,32.81149706610574],[-98.05844306515122,32.81149471323678],[-98.05820918249619,32.81149267623318],[-98.05820763866969,32.81087972393975],[-98.05865373293717,32.8108861104644]]]},"properties":{"prop_id":10866,"state_cd":"SF-OVR","ite_code":0,"ite_name":"Vacant/Agricultural","ite_unit":"N/A","units":1.0,"daily_trips":0.0,"am_peak_trips":0.0,"pm_peak_trips":0.0,"imprv_val":0.0,"acres":0.908,"city":"Mineral Wells","city_code":"CMW","fill_color":[80,80,80,100]}},{"type":"Feature","geometry":{"type":"Polygon","coordinates":[[[-98.04771690712982,32.82103247472899],[-98.04794042424005,32.821283191030545],[-98.04754882122512,32.8215110919951],[-98.04734042277862,32.82128193748129],[-98.04771690712982,32.82103247472899]]]},"properties":{"prop_id":34141,"state_cd":"A5","ite_code":210,"ite_name":"Single-Family Detached","ite_unit":"DU","units":1,"daily_trips":9.4,"am_peak_trips":0.7,"pm_peak_trips":0.9,"imprv_val":72590.0,"acres":0.298,"city":"Mineral Wells","city_code":"CMW","fill_color":[34,139,34,180]}},{"type":"Feature","geometry":{"type":"Polygon","coordinates":[[[-98.05652759435871,32.81634917708385],[-98.05599246255835,32.81635668157482],[-98.05599104354461,32.81615476553],[-98.05652301970424,32.81614867738018],[-98.05652759435871,32.81634917708385]]]},"properties":{"prop_id":10854,"state_cd":"S40","ite_code":210,"ite_name":"Single-Family Detached","ite_unit":"DU","units":1,"daily_trips":9.4,"am_peak_trips":0.7,"pm_peak_trips":0.9,"imprv_val":272440.0,"acres":0.27,"city":"Mineral Wells","city_code":"CMW","fill_color":[34,139,34,180]}},{"type":"Feature","geometry":{"type":"Polygon","coordinates":[[[-98.05909928452036,32.81150042613848],[-98.05909935036917,32.81148717684198],[-98.05944563267369,32.811490190141086],[-98.05944293505237,32.812033395962516],[-98.0594429302828,32.81203435638318],[-98.05934522581892,32.812034012141005],[-98.05934329105376,32.812012231762594],[-98.05934316301712,32.81201177859577],[-98.05934114279368,32.8120046227182],[-98.05933729336172,32.81199098529855],[-98.05933687258356,32.811990127981474],[-98.05933285085098,32.81198193874357],[-98.05932738492743,32.81197080986974],[-98.05932652151053,32.811969626329805],[-98.05932061758962,32.81196153683888],[-98.05931381525397,32.81195221498536],[-98.05931238477879,32.81195081390173],[-98.05930476161645,32.81194334418227],[-98.05929692908475,32.81193567081135],[-98.05929483160851,32.811934178084535],[-98.05928571381065,32.81192768965938],[-98.05927715044741,32.81192159548916],[-98.05927432648262,32.811920162413784],[-98.05926396591228,32.81191490417485],[-98.0592549816398,32.8119103443102],[-98.05925141009423,32.8119091322369],[-98.05924009095585,32.81190529186707],[-98.05923098191185,32.81190220152406],[-98.0592266854417,32.811901379173],[-98.05921470717678,32.81189908669291],[-98.05920575682275,32.81189737308656],[-98.05920080402188,32.81189710573333],[-98.0591884887442,32.8118964416441],[-98.05917994438494,32.81189598119976],[-98.05909928452036,32.81150042613848]]]},"properties":{"prop_id":10795,"state_cd":"S40","ite_code":210,"ite_name":"Single-Family Detached","ite_unit":"DU","units":1,"daily_trips":9.4,"am_peak_trips":0.7,"pm_peak_trips":0.9,"imprv_val":341420.0,"acres":0.366,"city":"Mineral Wells","city_code":"CMW","fill_color":[34,139,34,180]}},{"type":"Feature","geometry":{"type":"Polygon","coordinates":[[[-98.04914731629192,32.83977806936963],[-98.04877931208108,32.83860633162444],[-98.04806095963264,32.83879031085432],[-98.04807183574619,32.8334272691567],[-98.0486034903213,32.831457708396144],[-98.04784331451795,32.83131170990402],[-98.0480508356703,32.83100121030687],[-98.04840142764625,32.83044398451654],[-98.04804999397666,32.83036311947437],[-98.04804846236391,32.82916951594721],[-98.04859838160293,32.82934671202528],[-98.04988467489748,32.829727983740966],[-98.05067371067449,32.82998165192905],[-98.05124286871937,32.830233633997736],[-98.05202946218448,32.83072253209385],[-98.0524657449165,32.831060127540354],[-98.05277203007995,32.83121105681123],[-98.05288988179049,32.83123496277707],[-98.05271840381104,32.8318194126131],[-98.05268657985224,32.831926147405326],[-98.05266268388124,32.8320343481881],[-98.0526468099113,32.832143594155],[-98.05263901778997,32.83225346166962],[-98.05263933959786,32.83236352609252],[-98.05264777431226,32.83247336085996],[-98.05266428779716,32.83258253928764],[-98.05268881598913,32.83269063818937],[-98.05273047831811,32.83278806072936],[-98.05277933536517,32.83288307149919],[-98.05283519037579,32.83297529192159],[-98.05289782302908,32.83306435595941],[-98.05296698196952,32.833149908284945],[-98.05304239439732,32.833231608824015],[-98.05312375859569,32.833309131827335],[-98.05321075139412,32.83338216860317],[-98.0537766798543,32.83376462303209],[-98.05541416200612,32.83484274366084],[-98.05605965118829,32.83539768379015],[-98.05617605105742,32.835540305704065],[-98.05545700992357,32.83552129800526],[-98.05507705914644,32.83551480962836],[-98.05399223126328,32.83724003307262],[-98.04989972819344,32.83933295868332],[-98.0498434897145,32.839611366326636],[-98.04914731629192,32.83977806936963]]]},"properties":{"prop_id":58836,"state_cd":"A1","ite_code":210,"ite_name":"Single-Family Detached","ite_unit":"DU","units":91,"daily_trips":859.0,"am_peak_trips":64.4,"pm_peak_trips":85.9,"imprv_val":0.0,"acres":113.5,"city":"Mineral Wells","city_code":"CMW","fill_color":[255,120,0,200]}},{"type":"Feature","geometry":{"type":"Polygon","coordinates":[[[-98.05590251386629,32.84002431613186],[-98.05622406637391,32.83996086157017],[-98.05638576186598,32.83975472898287],[-98.05625758488796,32.83937961476541],[-98.0557664071499,32.83949086632632],[-98.05546874144031,32.83858161932115],[-98.0561318809319,32.838427366042616],[-98.05622183196981,32.83873475652368],[-98.05641129893263,32.839334812213124],[-98.05651180262778,32.83965297980704],[-98.05663548800074,32.84004453410307],[-98.05665046514447,32.840091971637534],[-98.0566534548995,32.8401014405465],[-98.05674074685146,32.84037793027619],[-98.0570987062205,32.84151137649786],[-98.05565349129456,32.84185224000807],[-98.0553022087543,32.84074561456679],[-98.05607572701417,32.840567507892466],[-98.05590771262564,32.84004063051966],[-98.05590251386629,32.84002431613186]]]},"properties":{"prop_id":34091,"state_cd":"A2","ite_code":240,"ite_name":"Mobile Home Park","ite_unit":"DU","units":5,"daily_trips":25.0,"am_peak_trips":1.5,"pm_peak_trips":1.9,"imprv_val":8300.0,"acres":6.34,"city":"Mineral Wells","city_code":"CMW","fill_color":[34,139,34,180]}},{"type":"Feature","geometry":{"type":"Polygon","coordinates":[[[-98.05821365081984,32.83792329678169],[-98.05883619526092,32.837775183280584],[-98.05909672414143,32.838723069651955],[-98.05850966403723,32.838855322947225],[-98.05821365081984,32.83792329678169]]]},"properties":{"prop_id":97295,"state_cd":"A2","ite_code":240,"ite_name":"Mobile Home Park","ite_unit":"DU","units":2,"daily_trips":10.0,"am_peak_trips":0.6,"pm_peak_trips":0.8,"imprv_val":1619480.0,"acres":1.45,"city":"Mineral Wells","city_code":"CMW","fill_color":[34,139,34,180]}},{"type":"Feature","geometry":{"type":"Polygon","coordinates":[[[-98.05753898899876,32.820151724471295],[-98.05734018833591,32.82026424245251],[-98.05710844818722,32.81997991657173],[-98.05730829350811,32.81985596220366],[-98.05753898899876,32.820151724471295]]]},"properties":{"prop_id":75133,"state_cd":"A5","ite_code":210,"ite_name":"Single-Family Detached","ite_unit":"DU","units":1,"daily_trips":9.4,"am_peak_trips":0.7,"pm_peak_trips":0.9,"imprv_val":106000.0,"acres":0.241,"city":"Mineral Wells","city_code":"CMW","fill_color":[34,139,34,180]}},{"type":"Feature","geometry":{"type":"Polygon","coordinates":[[[-98.05639011568097,32.81375487466039],[-98.05640435597522,32.81372279722483],[-98.05640528809548,32.81372305125427],[-98.05705079718308,32.81389904798103],[-98.0569750125385,32.81409501940034],[-98.05633529114196,32.81392060037039],[-98.05633477068835,32.813920458732326],[-98.05635250481417,32.813853258884464],[-98.05635284714789,32.813852287042295],[-98.05635537026346,32.81384511846055],[-98.0563757371159,32.813787264532486],[-98.05637958667117,32.81377859193657],[-98.05639011568097,32.81375487466039]]]},"properties":{"prop_id":10871,"state_cd":"S40","ite_code":210,"ite_name":"Single-Family Detached","ite_unit":"DU","units":1,"daily_trips":9.4,"am_peak_trips":0.7,"pm_peak_trips":0.9,"imprv_val":235600.0,"acres":0.343,"city":"Mineral Wells","city_code":"CMW","fill_color":[34,139,34,180]}},{"type":"Feature","geometry":{"type":"MultiPolygon","coordinates":[[[[-98.01803412536782,32.861781279699194],[-98.01808801878934,32.85904441330021],[-98.01814916070758,32.859044769049845],[-98.01875278546478,32.85904827762353],[-98.02094625844688,32.859060856804014],[-98.02516788124964,32.859084947576186],[-98.02513863796676,32.85457659265147],[-98.03050744861387,32.85459746085234],[-98.0305080764919,32.854909899438496],[-98.03051021700675,32.85597547337234],[-98.03051379964568,32.85777785656081],[-98.02998532590306,32.858224989213234],[-98.02956110073944,32.858563013324286],[-98.0293336518931,32.85875154933933],[-98.02915318392239,32.858881539088266],[-98.0288962116706,32.85899730236769],[-98.02846480765763,32.8591149719019],[-98.02689113661997,32.85948512724007],[-98.02603627656912,32.859710080559516],[-98.02566416058885,32.8597753153995],[-98.02524219345935,32.85987653626603],[-98.02492945735325,32.86000902019182],[-98.02462695023604,32.860217836074604],[-98.02435935644391,32.86046033041083],[-98.02404544298213,32.86083638734498],[-98.0236109063177,32.8613454822793],[-98.02324800066359,32.86178514416963],[-98.02196525627438,32.861784245654206],[-98.01803412536782,32.861781279699194]]],[[[-98.03003075447994,32.8582643735343],[-98.03051396182732,32.85785558924352],[-98.03051456050048,32.858154785343906],[-98.03052183216178,32.8617900026162],[-98.02332737737002,32.86178520558051],[-98.02366408735439,32.86137722683438],[-98.02409850751263,32.86086830983086],[-98.02441007104487,32.86049506917672],[-98.02467160808129,32.86025802743285],[-98.02496512681923,32.86005541049451],[-98.02526591449242,32.85992800142232],[-98.02567971857073,32.85982875140106],[-98.02605263895516,32.859763390617246],[-98.0269096470295,32.859537863677566],[-98.02848350928308,32.85916767726488],[-98.02892173635976,32.85904811081636],[-98.0291900832152,32.85892725556703],[-98.02937769684357,32.858792123571476],[-98.02960631786941,32.85860257465768],[-98.03003075447994,32.8582643735343]]]]},"properties":{"prop_id":39251,"state_cd":"1","ite_code":210,"ite_name":"Single-Family Detached","ite_unit":"DU","units":126,"daily_trips":1189.4,"am_peak_trips":89.2,"pm_peak_trips":118.9,"imprv_val":0.0,"acres":157.849,"city":"Mineral Wells","city_code":"CMW","fill_color":[200,30,30,220]}},{"type":"Feature","geometry":{"type":"Polygon","coordinates":[[[-98.05873068480624,32.78910591668983],[-98.05872541079998,32.789885854126595],[-98.05865165596907,32.789906346027266],[-98.05708344994338,32.790342115176536],[-98.05707992649862,32.789090423679475],[-98.05707966077564,32.78899435984559],[-98.05864525595223,32.789001878884235],[-98.05873139127885,32.78900228192017],[-98.05873068480624,32.78910591668983]]]},"properties":{"prop_id":67712,"state_cd":"2","ite_code":210,"ite_name":"Single-Family Detached","ite_unit":"DU","units":3,"daily_trips":28.3,"am_peak_trips":2.1,"pm_peak_trips":2.8,"imprv_val":243700.0,"acres":3.28,"city":"Mineral Wells","city_code":"CMW","fill_color":[34,139,34,180]}},{"type":"Feature","geometry":{"type":"Polygon","coordinates":[[[-98.04860686962795,32.81963901456931],[-98.04912832188174,32.81929795080769],[-98.04990962334965,32.82018262711945],[-98.05068287680814,32.82105820875929],[-98.05017869186764,32.8213880524597],[-98.0496029593669,32.821764697454206],[-98.0488227368873,32.82087236865541],[-98.04806348413697,32.81999693895365],[-98.04860686962795,32.81963901456931]]]},"properties":{"prop_id":34129,"state_cd":"A3","ite_code":210,"ite_name":"Single-Family Detached","ite_unit":"DU","units":5,"daily_trips":47.2,"am_peak_trips":3.5,"pm_peak_trips":4.7,"imprv_val":935940.0,"acres":6.84,"city":"Mineral Wells","city_code":"CMW","fill_color":[34,139,34,180]}},{"type":"Feature","geometry":{"type":"Polygon","coordinates":[[[-98.04091138600381,32.83442222827783],[-98.04181782285174,32.83096672822814],[-98.04250020152385,32.83110129501775],[-98.04334293766411,32.8312670904554],[-98.043831435878,32.83136242518371],[-98.04366311180948,32.8319579206855],[-98.04418221540709,32.83206547947548],[-98.04405827642506,32.832489329964254],[-98.04336217215436,32.834895097063395],[-98.04091138600381,32.83442222827783]]]},"properties":{"prop_id":58803,"state_cd":"A4","ite_code":210,"ite_name":"Single-Family Detached","ite_unit":"DU","units":1,"daily_trips":9.4,"am_peak_trips":0.7,"pm_peak_trips":0.9,"imprv_val":36370.0,"acres":0.442,"city":"Mineral Wells","city_code":"CMW","fill_color":[34,139,34,180]}},{"type":"Feature","geometry":{"type":"Polygon","coordinates":[[[-98.05717107100854,32.81850072557621],[-98.05717137569165,32.8184653654412],[-98.05710717914594,32.818339070763564],[-98.05704735213563,32.818360753032294],[-98.05698752509161,32.81838243617393],[-98.05706881687587,32.81854236378762],[-98.05683217959292,32.81863926923622],[-98.05657083384425,32.81874610988936],[-98.05635090709119,32.8182924188617],[-98.05623337860327,32.81791937623858],[-98.05615151022594,32.81765951725004],[-98.05558752929194,32.81774202960436],[-98.05522595533137,32.81779210510044],[-98.05518305707362,32.81748686816513],[-98.05529216486096,32.817491970224424],[-98.0560006951628,32.81752820904672],[-98.05655514573677,32.817556563845606],[-98.05672304882417,32.8175651505112],[-98.05693821057224,32.817576153494926],[-98.05718442079615,32.817588742898565],[-98.05742860347242,32.81760122900926],[-98.05767068172722,32.817613607056536],[-98.05791413955689,32.81762605446567],[-98.05815518866085,32.81763837831261],[-98.05841893345496,32.81765186262882],[-98.0587002104328,32.81766624185608],[-98.05879230183358,32.81641548591333],[-98.06089563569917,32.81641251774528],[-98.06085002681512,32.81669136329029],[-98.0606985399241,32.8167714240221],[-98.05801141451464,32.81839910013984],[-98.0573755358546,32.81876748342009],[-98.05717107100854,32.81850072557621]]]},"properties":{"prop_id":121225,"state_cd":"A5","ite_code":0,"ite_name":"Vacant/Agricultural","ite_unit":"N/A","units":1.0,"daily_trips":0.0,"am_peak_trips":0.0,"pm_peak_trips":0.0,"imprv_val":0.0,"acres":1.457,"city":"Mineral Wells","city_code":"CMW","fill_color":[80,80,80,100]}},{"type":"Feature","geometry":{"type":"Polygon","coordinates":[[[-98.05437923459071,32.838847347003984],[-98.05448413926905,32.83914720440634],[-98.05478207098017,32.84003460547258],[-98.05499586460859,32.84067119633341],[-98.05367612312399,32.84098140348105],[-98.05335938623544,32.840026923701664],[-98.05306627834919,32.839143282651605],[-98.05437923459071,32.838847347003984]]]},"properties":{"prop_id":34093,"state_cd":"A3","ite_code":210,"ite_name":"Single-Family Detached","ite_unit":"DU","units":5,"daily_trips":47.2,"am_peak_trips":3.5,"pm_peak_trips":4.7,"imprv_val":353110.0,"acres":6.589,"city":"Mineral Wells","city_code":"CMW","fill_color":[34,139,34,180]}},{"type":"Feature","geometry":{"type":"Polygon","coordinates":[[[-98.05575808004274,32.81356992605888],[-98.05578735814323,32.813525732339166],[-98.0562444438887,32.8136805412252],[-98.05624020187062,32.81368995731984],[-98.05622686345367,32.81371957057647],[-98.05621312220865,32.813750077901226],[-98.0562082758959,32.813763942317145],[-98.05619718669428,32.81379566483303],[-98.05618817882292,32.813821431042086],[-98.05618347988398,32.813839990853914],[-98.05617516713097,32.813872823492126],[-98.05616975893771,32.81389418362728],[-98.05575907094003,32.813824163279094],[-98.05575808004274,32.81356992605888]]]},"properties":{"prop_id":10843,"state_cd":"S40","ite_code":210,"ite_name":"Single-Family Detached","ite_unit":"DU","units":1,"daily_trips":9.4,"am_peak_trips":0.7,"pm_peak_trips":0.9,"imprv_val":205910.0,"acres":0.31,"city":"Mineral Wells","city_code":"CMW","fill_color":[34,139,34,180]}},{"type":"Feature","geometry":{"type":"Polygon","coordinates":[[[-98.05890517863762,32.81216919460829],[-98.05890339461132,32.81252799241822],[-98.05872436862204,32.81252736022513],[-98.05872615316602,32.812168603900716],[-98.05890517863762,32.81216919460829]]]},"properties":{"prop_id":10800,"state_cd":"S22","ite_code":210,"ite_name":"Single-Family Detached","ite_unit":"DU","units":1,"daily_trips":9.4,"am_peak_trips":0.7,"pm_peak_trips":0.9,"imprv_val":231890.0,"acres":0.164,"city":"Mineral Wells","city_code":"CMW","fill_color":[34,139,34,180]}},{"type":"Feature","geometry":{"type":"Polygon","coordinates":[[[-98.05207845082762,32.82252543005898],[-98.05167580510779,32.82207688424203],[-98.05219469164768,32.821744822949626],[-98.0525973374161,32.82219336709697],[-98.05207845082762,32.82252543005898]]]},"properties":{"prop_id":41293,"state_cd":"S5","ite_code":210,"ite_name":"Single-Family Detached","ite_unit":"DU","units":1,"daily_trips":9.4,"am_peak_trips":0.7,"pm_peak_trips":0.9,"imprv_val":17650.0,"acres":0.921,"city":"Mineral Wells","city_code":"CMW","fill_color":[34,139,34,180]}},{"type":"Feature","geometry":{"type":"Polygon","coordinates":[[[-98.04806682968122,32.8197916177231],[-98.04807366823928,32.81806194169088],[-98.04807426325287,32.81790762544638],[-98.05307229597112,32.81791863905886],[-98.05328284401902,32.818848643980246],[-98.05382107022247,32.81924329858491],[-98.05336746927748,32.81989436787486],[-98.053017277403,32.81974255427265],[-98.05240838786536,32.82066960662858],[-98.05028324484236,32.818368013130154],[-98.04806682968122,32.8197916177231]]]},"properties":{"prop_id":41294,"state_cd":"A3","ite_code":0,"ite_name":"Vacant/Agricultural","ite_unit":"N/A","units":1.0,"daily_trips":0.0,"am_peak_trips":0.0,"pm_peak_trips":0.0,"imprv_val":0.0,"acres":1.269,"city":"Mineral Wells","city_code":"CMW","fill_color":[80,80,80,100]}},{"type":"Feature","geometry":{"type":"Polygon","coordinates":[[[-98.04989972819344,32.83933295868332],[-98.05399223126328,32.83724003307262],[-98.05441939797765,32.838537736426744],[-98.0520823031978,32.83907746889819],[-98.0498434897145,32.839611366326636],[-98.04989972819344,32.83933295868332]]]},"properties":{"prop_id":58835,"state_cd":"A1","ite_code":210,"ite_name":"Single-Family Detached","ite_unit":"DU","units":8,"daily_trips":75.5,"am_peak_trips":5.7,"pm_peak_trips":7.6,"imprv_val":0.0,"acres":9.862,"city":"Mineral Wells","city_code":"CMW","fill_color":[255,200,0,200]}},{"type":"Feature","geometry":{"type":"Polygon","coordinates":[[[-98.0598479434628,32.81089036494945],[-98.05985674176773,32.81175139907256],[-98.0595312512639,32.81175371093222],[-98.05952469145582,32.81088360608526],[-98.0598479434628,32.81089036494945]]]},"properties":{"prop_id":65508,"state_cd":"SF-OVR","ite_code":210,"ite_name":"Single-Family Detached","ite_unit":"DU","units":1,"daily_trips":9.4,"am_peak_trips":0.7,"pm_peak_trips":0.9,"imprv_val":80790.0,"acres":0.721,"city":"Mineral Wells","city_code":"CMW","fill_color":[34,139,34,180]}},{"type":"Feature","geometry":{"type":"Polygon","coordinates":[[[-98.05681953799602,32.81160829675472],[-98.05681766829288,32.81086454786731],[-98.05734170456908,32.81086897752496],[-98.0573435701224,32.81161272637389],[-98.05734211887126,32.81161271399537],[-98.05681953799602,32.81160829675472]]]},"properties":{"prop_id":89300,"state_cd":"SF-OVR","ite_code":210,"ite_name":"Single-Family Detached","ite_unit":"DU","units":2,"daily_trips":18.9,"am_peak_trips":1.4,"pm_peak_trips":1.9,"imprv_val":630530.0,"acres":1.0,"city":"Mineral Wells","city_code":"CMW","fill_color":[34,139,34,180]}},{"type":"Feature","geometry":{"type":"Polygon","coordinates":[[[-98.0486012877888,32.8216041661445],[-98.04875267075982,32.821508426278506],[-98.04920655274407,32.82201856853277],[-98.04905591405932,32.82211468319497],[-98.0486012877888,32.8216041661445]]]},"properties":{"prop_id":34132,"state_cd":"S015","ite_code":0,"ite_name":"Vacant/Agricultural","ite_unit":"N/A","units":1.0,"daily_trips":0.0,"am_peak_trips":0.0,"pm_peak_trips":0.0,"imprv_val":8050.0,"acres":0.3095,"city":"Mineral Wells","city_code":"CMW","fill_color":[80,80,80,100]}},{"type":"Feature","geometry":{"type":"MultiPolygon","coordinates":[[[[-98.04250024032098,32.81466497666121],[-98.04426298626048,32.81057699168061],[-98.04631721607352,32.81061228536149],[-98.04842714325258,32.810652439476186],[-98.048101946815,32.81090779206253],[-98.04809661541486,32.81225481904522],[-98.04807426325287,32.81790762544638],[-98.04807366823928,32.81806194169088],[-98.04496732164662,32.81803905233944],[-98.04463920992309,32.81756995368232],[-98.04458015748465,32.817514323431595],[-98.0445161329798,32.817462763798176],[-98.04444752888037,32.81741559004478],[-98.04437476555216,32.81737309228556],[-98.0442982891469,32.81733553006784],[-98.0442185673257,32.81730313325857],[-98.0441360892641,32.81727610114231],[-98.04405135925842,32.8172545996931],[-98.04396651406387,32.81725031890794],[-98.04388240821669,32.8172399589052],[-98.04379965117197,32.81722359496834],[-98.04371884254927,32.81720134563392],[-98.04365931521497,32.81718068215116],[-98.04360148857975,32.81715682251785],[-98.04359347162196,32.81715320116049],[-98.04336295465448,32.81704904915462],[-98.04216520145668,32.816515989692036],[-98.04174537307624,32.81639227719232],[-98.04139290550398,32.81629567139518],[-98.04106970400426,32.816152533152],[-98.04086150764525,32.815951891066454],[-98.04060157075332,32.815509985838],[-98.04040963911062,32.81503206280064],[-98.0404726196543,32.8147215247506],[-98.04073241009424,32.81447019278122],[-98.04077520934199,32.81471845131581],[-98.04094493304257,32.81512098990659],[-98.04095387012819,32.81513124861739],[-98.04100360137112,32.815181583205636],[-98.04105916064303,32.81522736614557],[-98.04111996624266,32.81526811822116],[-98.04118538279188,32.81530341322631],[-98.04125287612209,32.815332192091084],[-98.04132342511842,32.81535515823333],[-98.04139632928526,32.81537208451252],[-98.04147086645801,32.81538280323],[-98.04154629599834,32.81538720794429],[-98.0416218705376,32.81538525441647],[-98.04169684024023,32.81537696242959],[-98.0417704613528,32.81536241491799],[-98.04184200263109,32.81534175438442],[-98.0419107559971,32.815315187447105],[-98.0419760387176,32.81528297673224],[-98.04203720300671,32.81524544271203],[-98.04209364246671,32.81520295741578],[-98.04214479744671,32.815155940841855],[-98.0421901593098,32.815104861874744],[-98.0422292790464,32.81505022478943],[-98.04250024032098,32.81466497666121]]],[[[-98.04069975664127,32.81439541598133],[-98.04039867791451,32.81468856244302],[-98.04028117711908,32.81507065229155],[-98.04026759850935,32.815018807899705],[-98.04018886308693,32.81492536073863],[-98.04009734245238,32.81487057958279],[-98.03999926242872,32.81482672400132],[-98.03990801029684,32.81480505130614],[-98.03971909135228,32.81483324589184],[-98.03957607482403,32.814905425898765],[-98.03940877885796,32.815027179070924],[-98.03940129161099,32.81142268887884],[-98.03942171829067,32.81142630144522],[-98.04050719034336,32.81219032430122],[-98.04053338813115,32.81222800350769],[-98.04060203691179,32.8125109866099],[-98.04058961730567,32.81261564474752],[-98.04047257787354,32.81297594946962],[-98.04038948592189,32.81333224465224],[-98.04045458035931,32.81353720906022],[-98.04058941051242,32.813988772982725],[-98.04069975664127,32.81439541598133]]],[[[-98.04213046801827,32.8149238769522],[-98.04203496580367,32.81503232997501],[-98.04198864099324,32.81507422752185],[-98.04193724066256,32.815111668509026],[-98.04188136300183,32.815144215044995],[-98.04182165822215,32.81517148985233],[-98.04175882215212,32.815193175342564],[-98.0416941264678,32.81520891366419],[-98.04162781030428,32.815218724633496],[-98.04156063251135,32.81522249651316],[-98.041493362265,32.815220186143854],[-98.04142676838241,32.815211819806436],[-98.04136161504938,32.81519749320665],[-98.04129864687296,32.81517737051786],[-98.04123858568634,32.81515168256553],[-98.04118211882388,32.81512072227463],[-98.04112989164513,32.81508484464188],[-98.04108250329547,32.81504446040707],[-98.04104049604487,32.81500003240609],[-98.04081218554424,32.814402983343435],[-98.04065208750957,32.81397377448965],[-98.04051759384502,32.81352337432416],[-98.04045630252747,32.81333031088594],[-98.0405359901236,32.81298855485253],[-98.04065388396616,32.81262571730915],[-98.04066780460552,32.81250814523516],[-98.04059501870368,32.81220799427629],[-98.04055760016381,32.81215422034568],[-98.03945124399975,32.81137534338999],[-98.0394012010245,32.81136650064312],[-98.0394008056278,32.811184725615675],[-98.03987036273575,32.811074976663384],[-98.03987063799632,32.81097763882772],[-98.03987111781582,32.810833449487724],[-98.03987123454996,32.8107998246548],[-98.0412021298392,32.810803690459885],[-98.04118898497168,32.810845374605485],[-98.04114616821508,32.810981365359154],[-98.04080192049888,32.81207428959289],[-98.04093136892853,32.81257165300662],[-98.04080886630103,32.81337408845065],[-98.0410544374188,32.81456857931806],[-98.04232975358035,32.814653609816816],[-98.04213046801827,32.8149238769522]]],[[[-98.04439552554445,32.817580356813664],[-98.04476870899819,32.81803760159825],[-98.04320531918644,32.81802604095033],[-98.04327342491041,32.81788558822435],[-98.04339654662715,32.817736373302296],[-98.04345471510139,32.8176314156899],[-98.04342156177587,32.81752132525967],[-98.04289880016438,32.817253068613546],[-98.0426177345905,32.81710519505776],[-98.04227782312311,32.81690794348471],[-98.04199064131694,32.81682623053449],[-98.04162531896262,32.816761365418216],[-98.04143602023275,32.81671791796723],[-98.04126631734005,32.816668856511846],[-98.04100503342308,32.816553983974224],[-98.0407369294778,32.81637856910128],[-98.04050768248892,32.816153360704156],[-98.04027715755265,32.81565812700362],[-98.04026345047605,32.815520393731255],[-98.04026932856469,32.81538253893988],[-98.04029483060036,32.81526673761623],[-98.0403035350516,32.81514463993892],[-98.04047920205412,32.81556279448025],[-98.04074425460712,32.81601306338597],[-98.04098431929383,32.81627318011854],[-98.04133345304615,32.81642784836038],[-98.04171060163532,32.81649149896646],[-98.04213207570479,32.81660868756206],[-98.04274040432803,32.8169172829392],[-98.04329534443323,32.817172238422245],[-98.04359690501016,32.81730249012811],[-98.04367898549094,32.817327474915636],[-98.04376299321271,32.817347373240125],[-98.04384848761649,32.817362080675004],[-98.04392587055565,32.81737077474364],[-98.04400375917943,32.81737521493163],[-98.04406890529113,32.817389261448824],[-98.0441320259387,32.8174088205468],[-98.04419246963168,32.81743368873604],[-98.04424961078215,32.81746360941549],[-98.04430285930688,32.817498274711475],[-98.04435166597176,32.81753732459516],[-98.04439552554445,32.817580356813664]]]]},"properties":{"prop_id":68376,"state_cd":"1","ite_code":210,"ite_name":"Single-Family Detached","ite_unit":"DU","units":83,"daily_trips":783.5,"am_peak_trips":58.8,"pm_peak_trips":78.4,"imprv_val":0.0,"acres":103.599,"city":"Mineral Wells","city_code":"CMW","fill_color":[255,120,0,200]}},{"type":"Feature","geometry":{"type":"Polygon","coordinates":[[[-98.04810847289512,32.82077721281262],[-98.04844813342189,32.8205527324627],[-98.04858501175823,32.820705302911875],[-98.04824112850615,32.82092380547325],[-98.04824088098984,32.820923962392804],[-98.04810847289512,32.82077721281262]]]},"properties":{"prop_id":109319,"state_cd":"S8","ite_code":210,"ite_name":"Single-Family Detached","ite_unit":"DU","units":1,"daily_trips":9.4,"am_peak_trips":0.7,"pm_peak_trips":0.9,"imprv_val":13460.0,"acres":0.205,"city":"Mineral Wells","city_code":"CMW","fill_color":[34,139,34,180]}},{"type":"Feature","geometry":{"type":"Polygon","coordinates":[[[-98.05020577170417,32.82042705308006],[-98.05054960803893,32.82019918495461],[-98.0506851820846,32.8203500836175],[-98.05108445027311,32.82079448392651],[-98.05073406074224,32.821024429292045],[-98.05020577170417,32.82042705308006]]]},"properties":{"prop_id":34118,"state_cd":"S1","ite_code":0,"ite_name":"Vacant/Agricultural","ite_unit":"N/A","units":1.0,"daily_trips":0.0,"am_peak_trips":0.0,"pm_peak_trips":0.0,"imprv_val":3370.0,"acres":0.331,"city":"Mineral Wells","city_code":"CMW","fill_color":[80,80,80,100]}},{"type":"Feature","geometry":{"type":"Polygon","coordinates":[[[-98.05756416917687,32.81300959420243],[-98.05761446394499,32.81300425032078],[-98.05766334262135,32.81299290789284],[-98.05770980978093,32.812975799657806],[-98.05775291427794,32.812953273946775],[-98.05779177809887,32.81292579117727],[-98.05782560710045,32.81289391216772],[-98.05785371135434,32.81285828738725],[-98.05786800015767,32.812837126478904],[-98.05819154554831,32.81292533756965],[-98.0581033019111,32.81315613968635],[-98.05756416917687,32.81300959420243]]]},"properties":{"prop_id":69390,"state_cd":"S40","ite_code":210,"ite_name":"Single-Family Detached","ite_unit":"DU","units":1,"daily_trips":9.4,"am_peak_trips":0.7,"pm_peak_trips":0.9,"imprv_val":259250.0,"acres":0.248,"city":"Mineral Wells","city_code":"CMW","fill_color":[34,139,34,180]}},{"type":"Feature","geometry":{"type":"Polygon","coordinates":[[[-98.05120253038693,32.820788788380234],[-98.05132051771444,32.820712539488014],[-98.05164826880367,32.82106743693247],[-98.05153698227521,32.821146413940134],[-98.05120253038693,32.820788788380234]]]},"properties":{"prop_id":34102,"state_cd":"S1","ite_code":210,"ite_name":"Single-Family Detached","ite_unit":"DU","units":1,"daily_trips":9.4,"am_peak_trips":0.7,"pm_peak_trips":0.9,"imprv_val":11140.0,"acres":0.193,"city":"Mineral Wells","city_code":"CMW","fill_color":[34,139,34,180]}},{"type":"Feature","geometry":{"type":"Polygon","coordinates":[[[-98.05793424805422,32.81359829805642],[-98.05784923843177,32.813820638884295],[-98.0573071511514,32.813672843609275],[-98.0573921619864,32.81345050405079],[-98.05793424805422,32.81359829805642]]]},"properties":{"prop_id":10807,"state_cd":"S40","ite_code":210,"ite_name":"Single-Family Detached","ite_unit":"DU","units":1,"daily_trips":9.4,"am_peak_trips":0.7,"pm_peak_trips":0.9,"imprv_val":276910.0,"acres":0.3415,"city":"Mineral Wells","city_code":"CMW","fill_color":[34,139,34,180]}},{"type":"Feature","geometry":{"type":"Polygon","coordinates":[[[-98.04934502626887,32.84000521561946],[-98.05024278268723,32.84266669596269],[-98.04802464779455,32.84318995806967],[-98.0480602888701,32.84018702884457],[-98.04883057909512,32.84000241455522],[-98.04897213170389,32.83996849538791],[-98.04930976744988,32.83989602394113],[-98.04934502626887,32.84000521561946]]]},"properties":{"prop_id":68367,"state_cd":"A2","ite_code":240,"ite_name":"Mobile Home Park","ite_unit":"DU","units":15,"daily_trips":74.9,"am_peak_trips":4.5,"pm_peak_trips":5.8,"imprv_val":15830.0,"acres":18.342,"city":"Mineral Wells","city_code":"CMW","fill_color":[255,200,0,200]}},{"type":"Feature","geometry":{"type":"Polygon","coordinates":[[[-98.05717107100854,32.81850072557621],[-98.05717137569165,32.8184653654412],[-98.05710717914594,32.818339070763564],[-98.05704735213563,32.818360753032294],[-98.05698752509161,32.81838243617393],[-98.05706881687587,32.81854236378762],[-98.05683217959292,32.81863926923622],[-98.05657083384425,32.81874610988936],[-98.05635090709119,32.8182924188617],[-98.05623337860327,32.81791937623858],[-98.05615151022594,32.81765951725004],[-98.05558752929194,32.81774202960436],[-98.05522595533137,32.81779210510044],[-98.05518305707362,32.81748686816513],[-98.05529216486096,32.817491970224424],[-98.0560006951628,32.81752820904672],[-98.05655514573677,32.817556563845606],[-98.05672304882417,32.8175651505112],[-98.05693821057224,32.817576153494926],[-98.05718442079615,32.817588742898565],[-98.05742860347242,32.81760122900926],[-98.05767068172722,32.817613607056536],[-98.05791413955689,32.81762605446567],[-98.05815518866085,32.81763837831261],[-98.05841893345496,32.81765186262882],[-98.0587002104328,32.81766624185608],[-98.05879230183358,32.81641548591333],[-98.06089563569917,32.81641251774528],[-98.06085002681512,32.81669136329029],[-98.0606985399241,32.8167714240221],[-98.05801141451464,32.81839910013984],[-98.0573755358546,32.81876748342009],[-98.05717107100854,32.81850072557621]]]},"properties":{"prop_id":65544,"state_cd":"A5","ite_code":0,"ite_name":"Vacant/Agricultural","ite_unit":"N/A","units":1.0,"daily_trips":0.0,"am_peak_trips":0.0,"pm_peak_trips":0.0,"imprv_val":220.0,"acres":0.539,"city":"Mineral Wells","city_code":"CMW","fill_color":[80,80,80,100]}},{"type":"Feature","geometry":{"type":"Polygon","coordinates":[[[-98.0584401383972,32.81641092050663],[-98.05820593697885,32.816407883196995],[-98.05795610876474,32.81640464292669],[-98.05771095483492,32.8164014629615],[-98.05746684427565,32.81639829614448],[-98.05721582218399,32.81639503931891],[-98.05708866762465,32.81639338908324],[-98.05708334523062,32.81616058087953],[-98.05707794488139,32.815924354498875],[-98.05707607963907,32.81584275758099],[-98.05713399941294,32.81569127690422],[-98.0572084794496,32.815496486660834],[-98.05727306664525,32.81532756772332],[-98.0573378115813,32.81515823537694],[-98.0574234654426,32.81493421711843],[-98.05750882129527,32.814710977811686],[-98.05759339870337,32.814489773786555],[-98.05767935750278,32.81426495380862],[-98.05776418185941,32.81404310032812],[-98.05784923843177,32.813820638884295],[-98.05793424805422,32.81359829805642],[-98.0581033019111,32.81315613968635],[-98.05819154554831,32.81292533756965],[-98.05827373623461,32.81270878608704],[-98.05835302048506,32.81250299555906],[-98.0583590214022,32.812487300857875],[-98.05853206401726,32.81251940657927],[-98.05854536678325,32.81252187517048],[-98.0585720288678,32.81252682246931],[-98.05872436862204,32.81252736022513],[-98.05890339461132,32.81252799241822],[-98.05908242060767,32.812528623451904],[-98.05926144660206,32.81252925512977],[-98.05944046939524,32.812529886538606],[-98.06033121459097,32.81253603094383],[-98.06043026211634,32.81253376658497],[-98.0608534219831,32.8124487477427],[-98.06089563569917,32.81641251774528],[-98.05879230183358,32.81641548591333],[-98.0584401383972,32.81641092050663]]]},"properties":{"prop_id":65506,"state_cd":"A3","ite_code":210,"ite_name":"Single-Family Detached","ite_unit":"DU","units":23,"daily_trips":217.1,"am_peak_trips":16.3,"pm_peak_trips":21.7,"imprv_val":31500.0,"acres":29.016,"city":"Mineral Wells","city_code":"CMW","fill_color":[255,120,0,200]}},{"type":"Feature","geometry":{"type":"Polygon","coordinates":[[[-98.0471316016394,32.82105231663435],[-98.04752604562921,32.820818368888894],[-98.04768424741478,32.82099583864137],[-98.04771690712982,32.82103247472899],[-98.04734042277862,32.82128193748129],[-98.0471316016394,32.82105231663435]]]},"properties":{"prop_id":75764,"state_cd":"A5","ite_code":0,"ite_name":"Vacant/Agricultural","ite_unit":"N/A","units":1.0,"daily_trips":0.0,"am_peak_trips":0.0,"pm_peak_trips":0.0,"imprv_val":7710.0,"acres":0.298,"city":"Mineral Wells","city_code":"CMW","fill_color":[80,80,80,100]}},{"type":"Feature","geometry":{"type":"Polygon","coordinates":[[[-98.05368566903249,32.81310170571093],[-98.05321562509185,32.8124512865446],[-98.05316842736119,32.812386030912876],[-98.05353982467129,32.81239346965774],[-98.05353284724958,32.810929647213825],[-98.05351558711457,32.81070842032168],[-98.05458609516859,32.81084010519544],[-98.05458686864326,32.81093384489367],[-98.05463320065991,32.81662680572491],[-98.05417343576637,32.81662520768709],[-98.0541549094709,32.81581857137872],[-98.05414350557578,32.81532242082582],[-98.05414820643324,32.81438711582324],[-98.05411454534863,32.814090085602906],[-98.05397623016698,32.81362933365797],[-98.05381980079557,32.81328728708729],[-98.05368566903249,32.81310170571093]]]},"properties":{"prop_id":66508,"state_cd":"A1","ite_code":210,"ite_name":"Single-Family Detached","ite_unit":"DU","units":1,"daily_trips":9.4,"am_peak_trips":0.7,"pm_peak_trips":0.9,"imprv_val":0.0,"acres":0.681,"city":"Mineral Wells","city_code":"CMW","fill_color":[34,139,34,180]}},{"type":"Feature","geometry":{"type":"Polygon","coordinates":[[[-98.05072003005799,32.82980258823675],[-98.05006265270143,32.82958308119994],[-98.04818474969768,32.829015551068004],[-98.04811460858402,32.82891508089001],[-98.04811899076955,32.82888706107631],[-98.04852821122266,32.82858097871903],[-98.04901970858728,32.82803190159843],[-98.04938423924858,32.82711821931551],[-98.04944348854252,32.82643128067185],[-98.0494436863538,32.82643123900269],[-98.05254343959236,32.82577547174059],[-98.05254351978466,32.82577545489441],[-98.05390590316762,32.82562932391217],[-98.05390305811696,32.82563201375606],[-98.05368765887346,32.825835697047],[-98.05253173768244,32.826972084940884],[-98.05220865762037,32.827152263864185],[-98.05072461565696,32.827781607544075],[-98.05078826934721,32.827886630462295],[-98.05230981233512,32.82727584601226],[-98.05267513200239,32.827044254524445],[-98.05379621518169,32.82590807495284],[-98.05393927815966,32.82581512526894],[-98.05392425324732,32.82599288383396],[-98.05385727539706,32.82613971313031],[-98.05383364545226,32.826448942171254],[-98.05386139078425,32.82837747989139],[-98.0538705036363,32.82848714028773],[-98.05387116196738,32.828597068870835],[-98.05386336166893,32.82870680209156],[-98.05384713602558,32.828815874729735],[-98.05382255353902,32.828923828002324],[-98.05378971795088,32.82903020505484],[-98.05374876821212,32.829134557273775],[-98.05369987741955,32.82923644338121],[-98.05364325173034,32.829335433038516],[-98.0535791303535,32.82943110864987],[-98.0531833249025,32.83002143212093],[-98.05171564613413,32.82964154055642],[-98.0513180270426,32.83002903630871],[-98.05072003005799,32.82980258823675]]]},"properties":{"prop_id":58829,"state_cd":"A1","ite_code":210,"ite_name":"Single-Family Detached","ite_unit":"DU","units":2,"daily_trips":18.9,"am_peak_trips":1.4,"pm_peak_trips":1.9,"imprv_val":300389.0,"acres":1.0,"city":"Mineral Wells","city_code":"CMW","fill_color":[34,139,34,180]}},{"type":"Feature","geometry":{"type":"Polygon","coordinates":[[[-98.05615384025593,32.814329783088986],[-98.05576104585927,32.81433124166152],[-98.05576019093917,32.814111694318164],[-98.05615362590743,32.8141107223141],[-98.05615384025593,32.814329783088986]]]},"properties":{"prop_id":10845,"state_cd":"S40","ite_code":0,"ite_name":"Vacant/Agricultural","ite_unit":"N/A","units":1.0,"daily_trips":0.0,"am_peak_trips":0.0,"pm_peak_trips":0.0,"imprv_val":0.0,"acres":0.22,"city":"Mineral Wells","city_code":"CMW","fill_color":[80,80,80,100]}},{"type":"Feature","geometry":{"type":"MultiPolygon","coordinates":[[[[-98.04176042759853,32.869174190322596],[-98.03875121217234,32.86914636063829],[-98.0305835138763,32.86912970252122],[-98.03052183216178,32.8617900026162],[-98.03051456050048,32.858154785343906],[-98.03051396182732,32.85785558924352],[-98.03120348511992,32.85727218693381],[-98.0320286806303,32.856540916912586],[-98.03415751594673,32.85475003761044],[-98.03432958172856,32.854599125807276],[-98.03632085063983,32.85459992269913],[-98.03643424000002,32.854717532523125],[-98.03665872513739,32.85486063718851],[-98.03693390729892,32.854961713336984],[-98.03734265111792,32.85509917140334],[-98.037668081092,32.85520062568],[-98.03822453898762,32.85545725437525],[-98.03863939799882,32.855806753284696],[-98.03899420791288,32.85629010953178],[-98.03922331283589,32.85678661324865],[-98.03952205292305,32.85781373764332],[-98.03962562154952,32.858302186341895],[-98.03959500583076,32.8588179010642],[-98.03966615868859,32.85920716257323],[-98.03986345728204,32.85954793894585],[-98.04012904036236,32.85976204120932],[-98.04029152119094,32.860226900743434],[-98.0404495498689,32.86110453175227],[-98.040887570357,32.86242033803867],[-98.04136338421951,32.86333571970274],[-98.04157599266213,32.863808772855485],[-98.04160710338407,32.86402811245983],[-98.04151979298743,32.8643666904506],[-98.04138161299728,32.864761413762196],[-98.04106275049746,32.86560564719876],[-98.04094823189484,32.866134828610676],[-98.04092702047535,32.866550250958966],[-98.0411469576741,32.86712441706353],[-98.04169521842189,32.86831318314323],[-98.04181401564429,32.86851834239808],[-98.04177593001845,32.86906297153358],[-98.04176042759853,32.869174190322596]]],[[[-98.03134580917218,32.85459783382692],[-98.03423924808493,32.85459907908436],[-98.03411104851901,32.85471152294976],[-98.03198211801599,32.85650241643712],[-98.03115682563693,32.85723381474745],[-98.03051379964568,32.85777785656081],[-98.03051021700675,32.85597547337234],[-98.0305080764919,32.854909899438496],[-98.03050744861387,32.85459746085234],[-98.03134580917218,32.85459783382692]]],[[[-98.04789550857093,32.86919628399135],[-98.0464227620149,32.8691638260782],[-98.04602023814665,32.869167801219206],[-98.04537519046661,32.86916286342727],[-98.04485103499698,32.86917288268577],[-98.04438819453735,32.869127422667184],[-98.04385563414512,32.869060030349715],[-98.04329211996298,32.86896461552687],[-98.04282253842398,32.86884247428119],[-98.04232424287139,32.86866268267859],[-98.04210512507646,32.86859076605516],[-98.04189494763358,32.868470254274385],[-98.04178477986608,32.86828008166052],[-98.04123909309457,32.867096751683036],[-98.04102544353091,32.866538985890344],[-98.04104557262669,32.86614408665594],[-98.04115775772992,32.8656256849726],[-98.04147506653682,32.86478562819424],[-98.04161452845065,32.86438717959326],[-98.04170613403706,32.864032078957976],[-98.04167162522181,32.86378893697457],[-98.04145392677444,32.86330452761026],[-98.04097981737391,32.862392479375636],[-98.04054526230846,32.861087119313204],[-98.04038714046519,32.86020893887777],[-98.04021538092329,32.859717575093704],[-98.03994360491606,32.85949849194002],[-98.03976049247646,32.85918223622068],[-98.03969309773451,32.85881364476045],[-98.03972381325562,32.85829691313645],[-98.03961766530249,32.857796633073235],[-98.03931664927637,32.85676171600858],[-98.03908201856078,32.856253142833594],[-98.03871647371489,32.85575516377955],[-98.03828366861075,32.8553905301032],[-98.03770867506113,32.85512537017936],[-98.03737768674728,32.855022166565206],[-98.03697152123138,32.85488555869651],[-98.03670837137555,32.8547889201665],[-98.03650259438895,32.85465775587024],[-98.03644685103582,32.8545999880272],[-98.03927850728066,32.854601102452385],[-98.04801063068973,32.85462627204703],[-98.04819322547442,32.85462740304981],[-98.04816072142427,32.85693564542097],[-98.04809564448887,32.863051418031354],[-98.04809128814708,32.86597838501154],[-98.04809934138152,32.86689528776841],[-98.04808534022052,32.868211477282955],[-98.04805070193346,32.868936003019655],[-98.0480874624475,32.8691504518547],[-98.04809956227597,32.86916452982122],[-98.04801373854089,32.869177865397795],[-98.04789550857093,32.86919628399135]]],[[[-98.0418408395948,32.86906782954489],[-98.041876441644,32.86855933599832],[-98.04193830168269,32.86859488503051],[-98.04229961766184,32.86871361051989],[-98.04280009070507,32.86889413798141],[-98.04327607551376,32.86901796575037],[-98.04384440836928,32.86911422256057],[-98.04437960785367,32.869181962764316],[-98.04456400268108,32.869200064197265],[-98.04182595236416,32.86917478682462],[-98.0418408395948,32.86906782954489]]]]},"properties":{"prop_id":56170,"state_cd":"1","ite_code":210,"ite_name":"Single-Family Detached","ite_unit":"DU","units":23,"daily_trips":217.1,"am_peak_trips":16.3,"pm_peak_trips":21.7,"imprv_val":0.0,"acres":29.1,"city":"Mineral Wells","city_code":"CMW","fill_color":[255,120,0,200]}},{"type":"Feature","geometry":{"type":"Polygon","coordinates":[[[-98.05063269264788,32.80983235617368],[-98.05061143676852,32.810651222813405],[-98.0505279874552,32.81065126943419],[-98.04979788230297,32.81065167750917],[-98.0497964372434,32.81022515932381],[-98.049819412547,32.810213741561185],[-98.04983973194747,32.81019916773434],[-98.04985679308855,32.81018186944033],[-98.04987009252645,32.81016235799424],[-98.05021802167398,32.80966151114587],[-98.05063269264788,32.80983235617368]]]},"properties":{"prop_id":58850,"state_cd":"SF-OVR","ite_code":210,"ite_name":"Single-Family Detached","ite_unit":"DU","units":2,"daily_trips":18.9,"am_peak_trips":1.4,"pm_peak_trips":1.9,"imprv_val":49830.0,"acres":1.65,"city":"Mineral Wells","city_code":"CMW","fill_color":[34,139,34,180]}},{"type":"Feature","geometry":{"type":"Polygon","coordinates":[[[-98.05865373293717,32.8108861104644],[-98.0586543085036,32.8108861188191],[-98.05909983841227,32.810884881367656],[-98.05909948724313,32.81131867869283],[-98.05909945755853,32.81135494886054],[-98.05866254909746,32.811354833514336],[-98.05865373293717,32.8108861104644]]]},"properties":{"prop_id":65505,"state_cd":"SF-OVR","ite_code":0,"ite_name":"Vacant/Agricultural","ite_unit":"N/A","units":1.0,"daily_trips":0.0,"am_peak_trips":0.0,"pm_peak_trips":0.0,"imprv_val":0.0,"acres":0.369,"city":"Mineral Wells","city_code":"CMW","fill_color":[80,80,80,100]}},{"type":"Feature","geometry":{"type":"Polygon","coordinates":[[[-98.05671682941107,32.8152365486042],[-98.05671956369005,32.8152249528363],[-98.0567201227875,32.815225056734],[-98.05727306664525,32.81532756772332],[-98.0572084794496,32.815496486660834],[-98.05667880587039,32.81546938546214],[-98.05667807449733,32.815469347684946],[-98.05668084008452,32.81544294145417],[-98.05668486625072,32.81540449321533],[-98.05668666738981,32.815387289317265],[-98.05669163444409,32.81535802855684],[-98.05669806936213,32.81532012458107],[-98.05670051105092,32.815305744757225],[-98.05670809195297,32.8152735993722],[-98.05671682941107,32.8152365486042]]]},"properties":{"prop_id":10815,"state_cd":"S40","ite_code":210,"ite_name":"Single-Family Detached","ite_unit":"DU","units":1,"daily_trips":9.4,"am_peak_trips":0.7,"pm_peak_trips":0.9,"imprv_val":324960.0,"acres":0.3,"city":"Mineral Wells","city_code":"CMW","fill_color":[34,139,34,180]}},{"type":"Feature","geometry":{"type":"Polygon","coordinates":[[[-98.05717107100854,32.81850072557621],[-98.05717137569165,32.8184653654412],[-98.05710717914594,32.818339070763564],[-98.05704735213563,32.818360753032294],[-98.05698752509161,32.81838243617393],[-98.05706881687587,32.81854236378762],[-98.05683217959292,32.81863926923622],[-98.05657083384425,32.81874610988936],[-98.05635090709119,32.8182924188617],[-98.05623337860327,32.81791937623858],[-98.05615151022594,32.81765951725004],[-98.05558752929194,32.81774202960436],[-98.05522595533137,32.81779210510044],[-98.05518305707362,32.81748686816513],[-98.05529216486096,32.817491970224424],[-98.0560006951628,32.81752820904672],[-98.05655514573677,32.817556563845606],[-98.05672304882417,32.8175651505112],[-98.05693821057224,32.817576153494926],[-98.05718442079615,32.817588742898565],[-98.05742860347242,32.81760122900926],[-98.05767068172722,32.817613607056536],[-98.05791413955689,32.81762605446567],[-98.05815518866085,32.81763837831261],[-98.05841893345496,32.81765186262882],[-98.0587002104328,32.81766624185608],[-98.05879230183358,32.81641548591333],[-98.06089563569917,32.81641251774528],[-98.06085002681512,32.81669136329029],[-98.0606985399241,32.8167714240221],[-98.05801141451464,32.81839910013984],[-98.0573755358546,32.81876748342009],[-98.05717107100854,32.81850072557621]]]},"properties":{"prop_id":66501,"state_cd":"A2","ite_code":240,"ite_name":"Mobile Home Park","ite_unit":"DU","units":3,"daily_trips":15.0,"am_peak_trips":0.9,"pm_peak_trips":1.2,"imprv_val":0.0,"acres":1.92,"city":"Mineral Wells","city_code":"CMW","fill_color":[34,139,34,180]}},{"type":"Feature","geometry":{"type":"Polygon","coordinates":[[[-98.05550030518678,32.818859163648874],[-98.05590566426444,32.81870352251518],[-98.0560605388195,32.81895471416123],[-98.05615849685586,32.818914654964374],[-98.05636215936366,32.81935615794532],[-98.05596947200407,32.8195854738867],[-98.05574497860914,32.819271620490284],[-98.05550030518678,32.818859163648874]]]},"properties":{"prop_id":80965,"state_cd":"A2","ite_code":240,"ite_name":"Mobile Home Park","ite_unit":"DU","units":1,"daily_trips":5.0,"am_peak_trips":0.3,"pm_peak_trips":0.4,"imprv_val":0.0,"acres":0.48,"city":"Mineral Wells","city_code":"CMW","fill_color":[34,139,34,180]}},{"type":"Feature","geometry":{"type":"Polygon","coordinates":[[[-98.04952684180294,32.822470875202015],[-98.04919056311401,32.82209691833682],[-98.04961448856844,32.82182619724434],[-98.05079382156674,32.82105317591855],[-98.05083657123735,32.82104363300138],[-98.05117001007866,32.82140611939315],[-98.05121738195386,32.82137259471816],[-98.0516755113858,32.82183873178155],[-98.0512830687422,32.82209532017598],[-98.05095300071731,32.82172905594225],[-98.05032513479445,32.82213069487354],[-98.05065758384417,32.822504270487606],[-98.05035486791962,32.82270218750544],[-98.05001101637114,32.82233164955891],[-98.04991215326734,32.82222083898975],[-98.04952684180294,32.822470875202015]]]},"properties":{"prop_id":34110,"state_cd":"S18","ite_code":210,"ite_name":"Single-Family Detached","ite_unit":"DU","units":3,"daily_trips":28.3,"am_peak_trips":2.1,"pm_peak_trips":2.8,"imprv_val":1225230.0,"acres":4.1323,"city":"Mineral Wells","city_code":"CMW","fill_color":[34,139,34,180]}},{"type":"Feature","geometry":{"type":"Polygon","coordinates":[[[-98.03055770824682,32.84729436586147],[-98.03059444263455,32.83989219680889],[-98.03720785562342,32.83995812178461],[-98.0372048554813,32.84062883309126],[-98.03719183309269,32.841928101049334],[-98.03478778378742,32.8421871250057],[-98.03460229314834,32.84222136606688],[-98.03455569616253,32.84222666222267],[-98.03430635306874,32.842266222814374],[-98.03463774116432,32.844425358707],[-98.03503536208555,32.84733341494826],[-98.033302850682,32.84731832496912],[-98.03055770824682,32.84729436586147]]]},"properties":{"prop_id":50399,"state_cd":"A5","ite_code":0,"ite_name":"Vacant/Agricultural","ite_unit":"N/A","units":1.0,"daily_trips":0.0,"am_peak_trips":0.0,"pm_peak_trips":0.0,"imprv_val":0.0,"acres":66.463,"city":"Mineral Wells","city_code":"CMW","fill_color":[80,80,80,100]}},{"type":"Feature","geometry":{"type":"Polygon","coordinates":[[[-98.05631503604991,32.81434834577131],[-98.05631494811517,32.814131688797616],[-98.05689922755906,32.81429099077014],[-98.05682344224925,32.81448696118853],[-98.05631503604991,32.81434834577131]]]},"properties":{"prop_id":10873,"state_cd":"S40","ite_code":210,"ite_name":"Single-Family Detached","ite_unit":"DU","units":1,"daily_trips":9.4,"am_peak_trips":0.7,"pm_peak_trips":0.9,"imprv_val":213980.0,"acres":0.349,"city":"Mineral Wells","city_code":"CMW","fill_color":[34,139,34,180]}},{"type":"Feature","geometry":{"type":"Polygon","coordinates":[[[-98.0513180270426,32.83002903630871],[-98.05171564613413,32.82964154055642],[-98.0531833249025,32.83002143212093],[-98.0530153378447,32.830687235330046],[-98.05290690720047,32.83103451644915],[-98.05275159045806,32.83101009797834],[-98.05258258870946,32.830897345730925],[-98.05213190164069,32.83059985229064],[-98.0513180270426,32.83002903630871]]]},"properties":{"prop_id":58840,"state_cd":"A3","ite_code":0,"ite_name":"Vacant/Agricultural","ite_unit":"N/A","units":1.0,"daily_trips":0.0,"am_peak_trips":0.0,"pm_peak_trips":0.0,"imprv_val":0.0,"acres":3.223,"city":"Mineral Wells","city_code":"CMW","fill_color":[80,80,80,100]}},{"type":"Feature","geometry":{"type":"Polygon","coordinates":[[[-98.05704888491302,32.83705789180673],[-98.05860875968547,32.836660666727745],[-98.05888553845972,32.837471062531115],[-98.05888282742366,32.83747167607664],[-98.05729148220749,32.83783183888567],[-98.05704926869927,32.83705911693896],[-98.05704888491302,32.83705789180673]]]},"properties":{"prop_id":58833,"state_cd":"A3","ite_code":210,"ite_name":"Single-Family Detached","ite_unit":"DU","units":2,"daily_trips":18.9,"am_peak_trips":1.4,"pm_peak_trips":1.9,"imprv_val":39120.0,"acres":3.032,"city":"Mineral Wells","city_code":"CMW","fill_color":[34,139,34,180]}},{"type":"Feature","geometry":{"type":"Polygon","coordinates":[[[-98.05437923459071,32.838847347003984],[-98.05536686068012,32.83860750182662],[-98.0554729827248,32.83891615545896],[-98.05448413926905,32.83914720440634],[-98.05437923459071,32.838847347003984]]]},"properties":{"prop_id":34093,"state_cd":"A3","ite_code":210,"ite_name":"Single-Family Detached","ite_unit":"DU","units":5,"daily_trips":47.2,"am_peak_trips":3.5,"pm_peak_trips":4.7,"imprv_val":353110.0,"acres":6.589,"city":"Mineral Wells","city_code":"CMW","fill_color":[34,139,34,180]}},{"type":"Feature","geometry":{"type":"Polygon","coordinates":[[[-98.04797000209815,32.828730461140935],[-98.04741203711153,32.82908061637633],[-98.04726975314418,32.82916421496017],[-98.04713234402126,32.82925343772898],[-98.0470001215956,32.82934808202322],[-98.04687338709383,32.82944793522523],[-98.04675242687178,32.82955276933299],[-98.04663751559099,32.82966234638209],[-98.0465289140827,32.82977641843776],[-98.0464268672161,32.82989472668541],[-98.04633160816144,32.83001700324914],[-98.04624335305851,32.83014296936898],[-98.04616230098874,32.83027234081116],[-98.04608863720249,32.83040482337068],[-98.04602252668698,32.83054011735704],[-98.04596412165664,32.830677914915576],[-98.04572487971339,32.831584131976385],[-98.04253090824318,32.83096994894989],[-98.04192468710991,32.83085068159696],[-98.04189336908453,32.830785666035084],[-98.04190685273481,32.83034779354802],[-98.04201033520745,32.82992315916411],[-98.04229741837321,32.8291535484764],[-98.04253625279162,32.82869200761091],[-98.04288758907758,32.827805895810805],[-98.04321015007604,32.827086689645064],[-98.04343836311233,32.82652024272083],[-98.0436421332969,32.82596722397321],[-98.0436453991286,32.82566338164697],[-98.04363752782243,32.82557234483257],[-98.04783297180354,32.82560534703707],[-98.04718424868823,32.82579784285135],[-98.04741753387376,32.826660754453634],[-98.04714612365943,32.82664873587768],[-98.04733817307981,32.8274433587676],[-98.04793824054416,32.827799670965625],[-98.04768622668463,32.82814715190433],[-98.04800318239548,32.828325345081346],[-98.04804728782445,32.828273937513906],[-98.04830389355809,32.827974906483014],[-98.0487104313854,32.828242977203686],[-98.0483648182826,32.82845129406173],[-98.04797000209815,32.828730461140935]]]},"properties":{"prop_id":58808,"state_cd":"A1","ite_code":210,"ite_name":"Single-Family Detached","ite_unit":"DU","units":16,"daily_trips":151.0,"am_peak_trips":11.3,"pm_peak_trips":15.1,"imprv_val":0.0,"acres":20.4,"city":"Mineral Wells","city_code":"CMW","fill_color":[255,200,0,200]}}]}