[{"type":"Feature","geometry":{"type":"Point","coordinates":[-98.05,33.0]},"properties":{"rainfall":465.0,"rainfallInches":4.65}},{"type":"Feature","geometry":{"type":"Point","coordinates":[-98.041667,33.0]},"properties":{"rainfall":466.0,"rainfallInches":4.66}},{"type":"Feature","geometry":{"type":"Point","coordinates":[-98.033334,33.0]},"properties":{"rainfall":466.0,"rainfallInches":4.66}},{"type":"Feature","geometry":{"type":"Point","coordinates":[-98.025,33.0]},"properties":{"rainfall":466.0,"rainfallInches":4.66}},{"type":"Feature","geometry":{"type":"Point","coordinates":[-98.016667,33.0]},"properties":{"rainfall":466.0,"rainfallInches":4.66}},{"type":"Feature","geometry":{"type":"Point","coordinates":[-98.008334,33.0]},"properties":{"rainfall":467.0,"rainfallInches":4.67}},{"type":"Feature","geometry":{"type":"Point","coordinates":[-98.0,33.0]},"properties":{"rainfall":467.0,"rainfallInches":4.67}},{"type":"Feature","geometry":{"type":"Point","coordinates":[-97.991667,33.0]},"properties":{"rainfall":467.0,"rainfallInches":4.67}},{"type":"Feature","geometry":{"type":"Point","coordinates":[-97.983334,33.0]},"properties":{"rainfall":467.0,"rainfallInches":4.67}},{"type":"Feature","geometry":{"type":"Point","coordinates":[-97.975,33.0]},"properties":{"rainfall":467.0,"rainfallInches":4.67}},{"type":"Feature","geometry":{"type":"Point","coordinates":[-97.966667,33.0]},"properties":{"rainfall":467.0,"rainfallInches":4.67}},{"type":"Feature","geometry":{"type":"Point","coordinates":[-97.958334,33.0]},"properties":{"rainfall":467.0,"rainfallInches":4.67}},{"type":"Feature","geometry":{"type":"Point","coordinates":[-97.95,33.0]},"properties":{"rainfall":468.0,"rainfallInches":4.68}},{"type":"Feature","geometry":{"type":"Point","coordinates":[-97.941667,33.0]},"properties":{"rainfall":468.0,"rainfallInches":4.68}},{"type":"Feature","geometry":{"type":"Point","coordinates":[-97.933334,33.0]},"properties":{"rainfall":468.0,"rainfallInches":4.68}},{"type":"Feature","geometry":{"type":"Point","coordinates":[-97.925,33.0]},"properties":{"rainfall":468.0,"rainfallInches":4.68}},{"type":"Feature","geometry":{"type":"Point","coordinates":[-97.916667,33.0]},"properties":{"rainfall":468.0,"rainfallInches":4.68}},{"type":"Feature","geometry":{"type":"Point","coordinates":[-97.908334,33.0]},"properties":{"rainfall":468.0,"rainfallInches":4.68}},{"type":"Feature","geometry":{"type":"Point","coordinates":[-97.9,33.0]},"properties":{"rainfall":468.0,"rainfallInches":4.68}},{"type":"Feature","geometry":{"type":"Point","coordinates":[-97.891667,33.0]},"properties":{"rainfall":468.0,"rainfallInches":4.68}},{"type":"Feature","geometry":{"type":"Point","coordinates":[-97.883334,33.0]},"properties":{"rainfall":468.0,"rainfallInches":4.68}},{"type":"Feature","geometry":{"type":"Point","coordinates":[-97.875,33.0]},"properties":{"rainfall":468.0,"rainfallInches":4.68}},{"type":"Feature","geometry":{"type":"Point","coordinates":[-97.866667,33.0]},"properties":{"rainfall":468.0,"rainfallInches":4.68}},{"type":"Feature","geometry":{"type":"Point","coordinates":[-97.858334,33.0]},"properties":{"rainfall":468.0,"rainfallInches":4.68}},{"type":"Feature","geometry":{"type":"Point","coordinates":[-98.05,32.991666]},"properties":{"rainfall":466.0,"rainfallInches":4.66}},{"type":"Feature","geometry":{"type":"Point","coordinates":[-98.041667,32.991666]},"properties":{"rainfall":466.0,"rainfallInches":4.66}},{"type":"Feature","geometry":{"type":"Point","coordinates":[-98.033334,32.991666]},"properties":{"rainfall":466.0,"rainfallInches":4.66}},{"type":"Feature","geometry":{"type":"Point","coordinates":[-98.025,32.991666]},"properties":{"rainfall":466.0,"rainfallInches":4.66}},{"type":"Feature","geometry":{"type":"Point","coordinates":[-98.016667,32.991666]},"properties":{"rainfall":467.0,"rainfallInches":4.67}},{"type":"Feature","geometry":{"type":"Point","coordinates":[-98.008334,32.991666]},"properties":{"rainfall":467.0,"rainfallInches":4.67}},{"type":"Feature","geometry":{"type":"Point","coordinates":[-98.0,32.991666]},"properties":{"rainfall":467.0,"rainfallInches":4.67}},{"type":"Feature","geometry":{"type":"Point","coordinates":[-97.991667,32.991666]},"properties":{"rainfall":467.0,"rainfallInches":4.67}},{"type":"Feature","geometry":{"type":"Point","coordinates":[-97.983334,32.991666]},"properties":{"rainfall":467.0,"rainfallInches":4.67}},{"type":"Feature","geometry":{"type":"Point","coordinates":[-97.975,32.991666]},"properties":{"rainfall":468.0,"rainfallInches":4.68}},{"type":"Feature","geometry":{"type":"Point","coordinates":[-97.966667,32.991666]},"properties":{"rainfall":468.0,"rainfallInches":4.68}},{"type":"Feature","geometry":{"type":"Point","coordinates":[-97.958334,32.991666]},"properties":{"rainfall":468.0,"rainfallInches":4.68}},{"type":"Feature","geometry":{"type":"Point","coordinates":[-97.95,32.991666]},"properties":{"rainfall":468.0,"rainfallInches":4.68}},{"type":"Feature","geometry":{"type":"Point","coordinates":[-97.941667,32.991666]},"properties":{"rainfall":468.0,"rainfallInches":4.68}},{"type":"Feature","geometry":{"type":"Point","coordinates":[-97.933334,32.991666]},"properties":{"rainfall":468.0,"rainfallInches":4.68}},{"type":"Feature","geometry":{"type":"Point","coordinates":[-97.925,32.991666]},"properties":{"rainfall":468.0,"rainfallInches":4.68}},{"type":"Feature","geometry":{"type":"Point","coordinates":[-97.916667,32.991666]},"properties":{"rainfall":468.0,"rainfallInches":4.68}},{"type":"Feature","geometry":{"type":"Point","coordinates":[-97.908334,32.991666]},"properties":{"rainfall":468.0,"rainfallInches":4.68}},{"type":"Feature","geometry":{"type":"Point","coordinates":[-97.9,32.991666]},"properties":{"rainfall":468.0,"rainfallInches":4.68}},{"type":"Feature","geometry":{"type":"Point","coordinates":[-97.891667,32.991666]},"properties":{"rainfall":468.0,"rainfallInches":4.68}},{"type":"Feature","geometry":{"type":"Point","coordinates":[-97.883334,32.991666]},"properties":{"rainfall":468.0,"rainfallInches":4.68}},{"type":"Feature","geometry":{"type":"Point","coordinates":[-97.875,32.991666]},"properties":{"rainfall":468.0,"rainfallInches":4.68}},{"type":"Feature","geometry":{"type":"Point","coordinates":[-97.866667,32.991666]},"properties":{"rainfall":468.0,"rainfallInches":4.68}},{"type":"Feature","geometry":{"type":"Point","coordinates":[-97.858334,32.991666]},"properties":{"rainfall":468.0,"rainfallInches":4.68}},{"type":"Feature","geometry":{"type":"Point","coordinates":[-97.85,32.991666]},"properties":{"rainfall":468.0,"rainfallInches":4.68}},{"type":"Feature","geometry":{"type":"Point","coordinates":[-97.841667,32.991666]},"properties":{"rainfall":468.0,"rainfallInches":4.68}},{"type":"Feature","geometry":{"type":"Point","coordinates":[-97.833334,32.991666]},"properties":{"rainfall":468.0,"rainfallInches":4.68}},{"type":"Feature","geometry":{"type":"Point","coordinates":[-97.825,32.991666]},"properties":{"rainfall":467.0,"rainfallInches":4.67}},{"type":"Feature","geometry":{"type":"Point","coordinates":[-97.816667,32.991666]},"properties":{"rainfall":467.0,"rainfallInches":4.67}},{"type":"Feature","geometry":{"type":"Point","coordinates":[-97.808334,32.991666]},"properties":{"rainfall":467.0,"rainfallInches":4.67}},{"type":"Feature","geometry":{"type":"Point","coordinates":[-97.8,32.991666]},"properties":{"rainfall":467.0,"rainfallInches":4.67}},{"type":"Feature","geometry":{"type":"Point","coordinates":[-97.791667,32.991666]},"properties":{"rainfall":467.0,"rainfallInches":4.67}},{"type":"Feature","geometry":{"type":"Point","coordinates":[-97.783334,32.991666]},"properties":{"rainfall":467.0,"rainfallInches":4.67}},{"type":"Feature","geometry":{"type":"Point","coordinates":[-97.775,32.991666]},"properties":{"rainfall":467.0,"rainfallInches":4.67}},{"type":"Feature","geometry":{"type":"Point","coordinates":[-97.766667,32.991666]},"properties":{"rainfall":467.0,"rainfallInches":4.67}},{"type":"Feature","geometry":{"type":"Point","coordinates":[-97.758334,32.991666]},"properties":{"rainfall":467.0,"rainfallInches":4.67}},{"type":"Feature","geometry":{"type":"Point","coordinates":[-97.75,32.991666]},"properties":{"rainfall":467.0,"rainfallInches":4.67}},{"type":"Feature","geometry":{"type":"Point","coordinates":[-97.741667,32.991666]},"properties":{"rainfall":467.0,"rainfallInches":4.67}},{"type":"Feature","geometry":{"type":"Point","coordinates":[-97.733334,32.991666]},"properties":{"rainfall":467.0,"rainfallInches":4.67}},{"type":"Feature","geometry":{"type":"Point","coordinates":[-97.725,32.991666]},"properties":{"rainfall":467.0,"rainfallInches":4.67}},{"type":"Feature","geometry":{"type":"Point","coordinates":[-97.716667,32.991666]},"properties":{"rainfall":467.0,"rainfallInches":4.67}},{"type":"Feature","geometry":{"type":"Point","coordinates":[-97.708334,32.991666]},"properties":{"rainfall":467.0,"rainfallInches":4.67}},{"type":"Feature","geometry":{"type":"Point","coordinates":[-97.7,32.991666]},"properties":{"rainfall":467.0,"rainfallInches":4.67}},{"type":"Feature","geometry":{"type":"Point","coordinates":[-97.691667,32.991666]},"properties":{"rainfall":467.0,"rainfallInches":4.67}},{"type":"Feature","geometry":{"type":"Point","coordinates":[-97.683334,32.991666]},"properties":{"rainfall":467.0,"rainfallInches":4.67}},{"type":"Feature","geometry":{"type":"Point","coordinates":[-97.675,32.991666]},"properties":{"rainfall":467.0,"rainfallInches":4.67}},{"type":"Feature","geometry":{"type":"Point","coordinates":[-97.666667,32.991666]},"properties":{"rainfall":467.0,"rainfallInches":4.67}},{"type":"Feature","geometry":{"type":"Point","coordinates":[-97.658334,32.991666]},"properties":{"rainfall":467.0,"rainfallInches":4.67}},{"type":"Feature","geometry":{"type":"Point","coordinates":[-97.65,32.991666]},"properties":{"rainfall":467.0,"rainfallInches":4.67}},{"type":"Feature","geometry":{"type":"Point","coordinates":[-97.641667,32.991666]},"properties":{"rainfall":467.0,"rainfallInches":4.67}},{"type":"Feature","geometry":{"type":"Point","coordinates":[-97.633334,32.991666]},"properties":{"rainfall":467.0,"rainfallInches":4.67}},{"type":"Feature","geometry":{"type":"Point","coordinates":[-97.625,32.991666]},"properties":{"rainfall":467.0,"rainfallInches":4.67}},{"type":"Feature","geometry":{"type":"Point","coordinates":[-97.616667,32.991666]},"properties":{"rainfall":467.0,"rainfallInches":4.67}},{"type":"Feature","geometry":{"type":"Point","coordinates":[-97.608334,32.991666]},"properties":{"rainfall":467.0,"rainfallInches":4.67}},{"type":"Feature","geometry":{"type":"Point","coordinates":[-97.6,32.991666]},"properties":{"rainfall":467.0,"rainfallInches":4.67}},{"type":"Feature","geometry":{"type":"Point","coordinates":[-97.591667,32.991666]},"properties":{"rainfall":467.0,"rainfallInches":4.67}},{"type":"Feature","geometry":{"type":"Point","coordinates":[-97.583334,32.991666]},"properties":{"rainfall":467.0,"rainfallInches":4.67}},{"type":"Feature","geometry":{"type":"Point","coordinates":[-97.575,32.991666]},"properties":{"rainfall":467.0,"rainfallInches":4.67}},{"type":"Feature","geometry":{"type":"Point","coordinates":[-97.566667,32.991666]},"properties":{"rainfall":468.0,"rainfallInches":4.68}},{"type":"Feature","geometry":{"type":"Point","coordinates":[-97.558334,32.991666]},"properties":{"rainfall":468.0,"rainfallInches":4.68}},{"type":"Feature","geometry":{"type":"Point","coordinates":[-97.55,32.991666]},"properties":{"rainfall":468.0,"rainfallInches":4.68}},{"type":"Feature","geometry":{"type":"Point","coordinates":[-98.05,32.983333]},"properties":{"rainfall":466.0,"rainfallInches":4.66}},{"type":"Feature","geometry":{"type":"Point","coordinates":[-98.041667,32.983333]},"properties":{"rainfall":466.0,"rainfallInches":4.66}},{"type":"Feature","geometry":{"type":"Point","coordinates":[-98.033334,32.983333]},"properties":{"rainfall":466.0,"rainfallInches":4.66}},{"type":"Feature","geometry":{"type":"Point","coordinates":[-98.025,32.983333]},"properties":{"rainfall":466.0,"rainfallInches":4.66}},{"type":"Feature","geometry":{"type":"Point","coordinates":[-98.016667,32.983333]},"properties":{"rainfall":466.0,"rainfallInches":4.66}},{"type":"Feature","geometry":{"type":"Point","coordinates":[-98.008334,32.983333]},"properties":{"rainfall":467.0,"rainfallInches":4.67}},{"type":"Feature","geometry":{"type":"Point","coordinates":[-98.0,32.983333]},"properties":{"rainfall":467.0,"rainfallInches":4.67}},{"type":"Feature","geometry":{"type":"Point","coordinates":[-97.991667,32.983333]},"properties":{"rainfall":467.0,"rainfallInches":4.67}},{"type":"Feature","geometry":{"type":"Point","coordinates":[-97.983334,32.983333]},"properties":{"rainfall":467.0,"rainfallInches":4.67}},{"type":"Feature","geometry":{"type":"Point","coordinates":[-97.975,32.983333]},"properties":{"rainfall":467.0,"rainfallInches":4.67}},{"type":"Feature","geometry":{"type":"Point","coordinates":[-97.966667,32.983333]},"properties":{"rainfall":468.0,"rainfallInches":4.68}},{"type":"Feature","geometry":{"type":"Point","coordinates":[-97.958334,32.983333]},"properties":{"rainfall":468.0,"rainfallInches":4.68}},{"type":"Feature","geometry":{"type":"Point","coordinates":[-97.95,32.983333]},"properties":{"rainfall":468.0,"rainfallInches":4.68}},{"type":"Feature","geometry":{"type":"Point","coordinates":[-97.941667,32.983333]},"properties":{"rainfall":468.0,"rainfallInches":4.68}},{"type":"Feature","geometry":{"type":"Point","coordinates":[-97.933334,32.983333]},"properties":{"rainfall":468.0,"rainfallInches":4.68}},{"type":"Feature","geometry":{"type":"Point","coordinates":[-97.925,32.983333]},"properties":{"rainfall":468.0,"rainfallInches":4.68}},{"type":"Feature","geometry":{"type":"Point","coordinates":[-97.916667,32.983333]},"properties":{"rainfall":468.0,"rainfallInches":4.68}},{"type":"Feature","geometry":{"type":"Point","coordinates":[-97.908334,32.983333]},"properties":{"rainfall":469.0,"rainfallInches":4.69}},{"type":"Feature","geometry":{"type":"Point","coordinates":[-97.9,32.983333]},"properties":{"rainfall":468.0,"rainfallInches":4.68}},{"type":"Feature","geometry":{"type":"Point","coordinates":[-97.891667,32.983333]},"properties":{"rainfall":468.0,"rainfallInches":4.68}},{"type":"Feature","geometry":{"type":"Point","coordinates":[-97.883334,32.983333]},"properties":{"rainfall":468.0,"rainfallInches":4.68}},{"type":"Feature","geometry":{"type":"Point","coordinates":[-97.875,32.983333]},"properties":{"rainfall":468.0,"rainfallInches":4.68}},{"type":"Feature","geometry":{"type":"Point","coordinates":[-97.866667,32.983333]},"properties":{"rainfall":468.0,"rainfallInches":4.68}},{"type":"Feature","geometry":{"type":"Point","coordinates":[-97.858334,32.983333]},"properties":{"rainfall":468.0,"rainfallInches":4.68}},{"type":"Feature","geometry":{"type":"Point","coordinates":[-97.85,32.983333]},"properties":{"rainfall":468.0,"rainfallInches":4.68}},{"type":"Feature","geometry":{"type":"Point","coordinates":[-97.841667,32.983333]},"properties":{"rainfall":468.0,"rainfallInches":4.68}},{"type":"Feature","geometry":{"type":"Point","coordinates":[-97.833334,32.983333]},"properties":{"rainfall":468.0,"rainfallInches":4.68}},{"type":"Feature","geometry":{"type":"Point","coordinates":[-97.825,32.983333]},"properties":{"rainfall":468.0,"rainfallInches":4.68}},{"type":"Feature","geometry":{"type":"Point","coordinates":[-97.816667,32.983333]},"properties":{"rainfall":467.0,"rainfallInches":4.67}},{"type":"Feature","geometry":{"type":"Point","coordinates":[-97.808334,32.983333]},"properties":{"rainfall":467.0,"rainfallInches":4.67}},{"type":"Feature","geometry":{"type":"Point","coordinates":[-97.8,32.983333]},"properties":{"rainfall":467.0,"rainfallInches":4.67}},{"type":"Feature","geometry":{"type":"Point","coordinates":[-97.791667,32.983333]},"properties":{"rainfall":467.0,"rainfallInches":4.67}},{"type":"Feature","geometry":{"type":"Point","coordinates":[-97.783334,32.983333]},"properties":{"rainfall":467.0,"rainfallInches":4.67}},{"type":"Feature","geometry":{"type":"Point","coordinates":[-97.775,32.983333]},"properties":{"rainfall":467.0,"rainfallInches":4.67}},{"type":"Feature","geometry":{"type":"Point","coordinates":[-97.766667,32.983333]},"properties":{"rainfall":467.0,"rainfallInches":4.67}},{"type":"Feature","geometry":{"type":"Point","coordinates":[-97.758334,32.983333]},"properties":{"rainfall":467.0,"rainfallInches":4.67}},{"type":"Feature","geometry":{"type":"Point","coordinates":[-97.75,32.983333]},"properties":{"rainfall":467.0,"rainfallInches":4.67}},{"type":"Feature","geometry":{"type":"Point","coordinates":[-97.741667,32.983333]},"properties":{"rainfall":467.0,"rainfallInches":4.67}},{"type":"Feature","geometry":{"type":"Point","coordinates":[-97.733334,32.983333]},"properties":{"rainfall":467.0,"rainfallInches":4.67}},{"type":"Feature","geometry":{"type":"Point","coordinates":[-97.725,32.983333]},"properties":{"rainfall":467.0,"rainfallInches":4.67}},{"type":"Feature","geometry":{"type":"Point","coordinates":[-97.716667,32.983333]},"properties":{"rainfall":467.0,"rainfallInches":4.67}},{"type":"Feature","geometry":{"type":"Point","coordinates":[-97.708334,32.983333]},"properties":{"rainfall":467.0,"rainfallInches":4.67}},{"type":"Feature","geometry":{"type":"Point","coordinates":[-97.7,32.983333]},"properties":{"rainfall":467.0,"rainfallInches":4.67}},{"type":"Feature","geometry":{"type":"Point","coordinates":[-97.691667,32.983333]},"properties":{"rainfall":467.0,"rainfallInches":4.67}},{"type":"Feature","geometry":{"type":"Point","coordinates":[-97.683334,32.983333]},"properties":{"rainfall":467.0,"rainfallInches":4.67}},{"type":"Feature","geometry":{"type":"Point","coordinates":[-97.675,32.983333]},"properties":{"rainfall":467.0,"rainfallInches":4.67}},{"type":"Feature","geometry":{"type":"Point","coordinates":[-97.666667,32.983333]},"properties":{"rainfall":467.0,"rainfallInches":4.67}},{"type":"Feature","geometry":{"type":"Point","coordinates":[-97.658334,32.983333]},"properties":{"rainfall":467.0,"rainfallInches":4.67}},{"type":"Feature","geometry":{"type":"Point","coordinates":[-97.65,32.983333]},"properties":{"rainfall":467.0,"rainfallInches":4.67}},{"type":"Feature","geometry":{"type":"Point","coordinates":[-97.641667,32.983333]},"properties":{"rainfall":467.0,"rainfallInches":4.67}},{"type":"Feature","geometry":{"type":"Point","coordinates":[-97.633334,32.983333]},"properties":{"rainfall":467.0,"rainfallInches":4.67}},{"type":"Feature","geometry":{"type":"Point","coordinates":[-97.625,32.983333]},"properties":{"rainfall":467.0,"rainfallInches":4.67}},{"type":"Feature","geometry":{"type":"Point","coordinates":[-97.616667,32.983333]},"properties":{"rainfall":467.0,"rainfallInches":4.67}},{"type":"Feature","geometry":{"type":"Point","coordinates":[-97.608334,32.983333]},"properties":{"rainfall":467.0,"rainfallInches":4.67}},{"type":"Feature","geometry":{"type":"Point","coordinates":[-97.6,32.983333]},"properties":{"rainfall":467.0,"rainfallInches":4.67}},{"type":"Feature","geometry":{"type":"Point","coordinates":[-97.591667,32.983333]},"properties":{"rainfall":467.0,"rainfallInches":4.67}},{"type":"Feature","geometry":{"type":"Point","coordinates":[-97.583334,32.983333]},"properties":{"rainfall":467.0,"rainfallInches":4.67}},{"type":"Feature","geometry":{"type":"Point","coordinates":[-97.575,32.983333]},"properties":{"rainfall":467.0,"rainfallInches":4.67}},{"type":"Feature","geometry":{"type":"Point","coordinates":[-97.566667,32.983333]},"properties":{"rainfall":467.0,"rainfallInches":4.67}},{"type":"Feature","geometry":{"type":"Point","coordinates":[-97.558334,32.983333]},"properties":{"rainfall":468.0,"rainfallInches":4.68}},{"type":"Feature","geometry":{"type":"Point","coordinates":[-97.55,32.983333]},"properties":{"rainfall":468.0,"rainfallInches":4.68}},{"type":"Feature","geometry":{"type":"Point","coordinates":[-98.05,32.975]},"properties":{"rainfall":466.0,"rainfallInches":4.66}},{"type":"Feature","geometry":{"type":"Point","coordinates":[-98.041667,32.975]},"properties":{"rainfall":466.0,"rainfallInches":4.66}},{"type":"Feature","geometry":{"type":"Point","coordinates":[-98.033334,32.975]},"properties":{"rainfall":466.0,"rainfallInches":4.66}},{"type":"Feature","geometry":{"type":"Point","coordinates":[-98.025,32.975]},"properties":{"rainfall":466.0,"rainfallInches":4.66}},{"type":"Feature","geometry":{"type":"Point","coordinates":[-98.016667,32.975]},"properties":{"rainfall":467.0,"rainfallInches":4.67}},{"type":"Feature","geometry":{"type":"Point","coordinates":[-98.008334,32.975]},"properties":{"rainfall":467.0,"rainfallInches":4.67}},{"type":"Feature","geometry":{"type":"Point","coordinates":[-98.0,32.975]},"properties":{"rainfall":467.0,"rainfallInches":4.67}},{"type":"Feature","geometry":{"type":"Point","coordinates":[-97.991667,32.975]},"properties":{"rainfall":467.0,"rainfallInches":4.67}},{"type":"Feature","geometry":{"type":"Point","coordinates":[-97.983334,32.975]},"properties":{"rainfall":467.0,"rainfallInches":4.67}},{"type":"Feature","geometry":{"type":"Point","coordinates":[-97.975,32.975]},"properties":{"rainfall":467.0,"rainfallInches":4.67}},{"type":"Feature","geometry":{"type":"Point","coordinates":[-97.966667,32.975]},"properties":{"rainfall":468.0,"rainfallInches":4.68}},{"type":"Feature","geometry":{"type":"Point","coordinates":[-97.958334,32.975]},"properties":{"rainfall":468.0,"rainfallInches":4.68}},{"type":"Feature","geometry":{"type":"Point","coordinates":[-97.95,32.975]},"properties":{"rainfall":468.0,"rainfallInches":4.68}},{"type":"Feature","geometry":{"type":"Point","coordinates":[-97.941667,32.975]},"properties":{"rainfall":468.0,"rainfallInches":4.68}},{"type":"Feature","geometry":{"type":"Point","coordinates":[-97.933334,32.975]},"properties":{"rainfall":468.0,"rainfallInches":4.68}},{"type":"Feature","geometry":{"type":"Point","coordinates":[-97.925,32.975]},"properties":{"rainfall":468.0,"rainfallInches":4.68}},{"type":"Feature","geometry":{"type":"Point","coordinates":[-97.916667,32.975]},"properties":{"rainfall":468.0,"rainfallInches":4.68}},{"type":"Feature","geometry":{"type":"Point","coordinates":[-97.908334,32.975]},"properties":{"rainfall":468.0,"rainfallInches":4.68}},{"type":"Feature","geometry":{"type":"Point","coordinates":[-97.9,32.975]},"properties":{"rainfall":469.0,"rainfallInches":4.69}},{"type":"Feature","geometry":{"type":"Point","coordinates":[-97.891667,32.975]},"properties":{"rainfall":469.0,"rainfallInches":4.69}},{"type":"Feature","geometry":{"type":"Point","coordinates":[-97.883334,32.975]},"properties":{"rainfall":469.0,"rainfallInches":4.69}},{"type":"Feature","geometry":{"type":"Point","coordinates":[-97.875,32.975]},"properties":{"rainfall":468.0,"rainfallInches":4.68}},{"type":"Feature","geometry":{"type":"Point","coordinates":[-97.866667,32.975]},"properties":{"rainfall":468.0,"rainfallInches":4.68}},{"type":"Feature","geometry":{"type":"Point","coordinates":[-97.858334,32.975]},"properties":{"rainfall":468.0,"rainfallInches":4.68}},{"type":"Feature","geometry":{"type":"Point","coordinates":[-97.85,32.975]},"properties":{"rainfall":468.0,"rainfallInches":4.68}},{"type":"Feature","geometry":{"type":"Point","coordinates":[-97.841667,32.975]},"properties":{"rainfall":468.0,"rainfallInches":4.68}},{"type":"Feature","geometry":{"type":"Point","coordinates":[-97.833334,32.975]},"properties":{"rainfall":468.0,"rainfallInches":4.68}},{"type":"Feature","geometry":{"type":"Point","coordinates":[-97.825,32.975]},"properties":{"rainfall":468.0,"rainfallInches":4.68}},{"type":"Feature","geometry":{"type":"Point","coordinates":[-97.816667,32.975]},"properties":{"rainfall":467.0,"rainfallInches":4.67}},{"type":"Feature","geometry":{"type":"Point","coordinates":[-97.808334,32.975]},"properties":{"rainfall":467.0,"rainfallInches":4.67}},{"type":"Feature","geometry":{"type":"Point","coordinates":[-97.8,32.975]},"properties":{"rainfall":467.0,"rainfallInches":4.67}},{"type":"Feature","geometry":{"type":"Point","coordinates":[-97.791667,32.975]},"properties":{"rainfall":467.0,"rainfallInches":4.67}},{"type":"Feature","geometry":{"type":"Point","coordinates":[-97.783334,32.975]},"properties":{"rainfall":467.0,"rainfallInches":4.67}},{"type":"Feature","geometry":{"type":"Point","coordinates":[-97.775,32.975]},"properties":{"rainfall":467.0,"rainfallInches":4.67}},{"type":"Feature","geometry":{"type":"Point","coordinates":[-97.766667,32.975]},"properties":{"rainfall":467.0,"rainfallInches":4.67}},{"type":"Feature","geometry":{"type":"Point","coordinates":[-97.758334,32.975]},"properties":{"rainfall":467.0,"rainfallInches":4.67}},{"type":"Feature","geometry":{"type":"Point","coordinates":[-97.75,32.975]},"properties":{"rainfall":467.0,"rainfallInches":4.67}},{"type":"Feature","geometry":{"type":"Point","coordinates":[-97.741667,32.975]},"properties":{"rainfall":467.0,"rainfallInches":4.67}},{"type":"Feature","geometry":{"type":"Point","coordinates":[-97.733334,32.975]},"properties":{"rainfall":467.0,"rainfallInches":4.67}},{"type":"Feature","geometry":{"type":"Point","coordinates":[-97.725,32.975]},"properties":{"rainfall":467.0,"rainfallInches":4.67}},{"type":"Feature","geometry":{"type":"Point","coordinates":[-97.716667,32.975]},"properties":{"rainfall":467.0,"rainfallInches":4.67}},{"type":"Feature","geometry":{"type":"Point","coordinates":[-97.708334,32.975]},"properties":{"rainfall":467.0,"rainfallInches":4.67}},{"type":"Feature","geometry":{"type":"Point","coordinates":[-97.7,32.975]},"properties":{"rainfall":467.0,"rainfallInches":4.67}},{"type":"Feature","geometry":{"type":"Point","coordinates":[-97.691667,32.975]},"properties":{"rainfall":467.0,"rainfallInches":4.67}},{"type":"Feature","geometry":{"type":"Point","coordinates":[-97.683334,32.975]},"properties":{"rainfall":467.0,"rainfallInches":4.67}},{"type":"Feature","geometry":{"type":"Point","coordinates":[-97.675,32.975]},"properties":{"rainfall":467.0,"rainfallInches":4.67}},{"type":"Feature","geometry":{"type":"Point","coordinates":[-97.666667,32.975]},"properties":{"rainfall":467.0,"rainfallInches":4.67}},{"type":"Feature","geometry":{"type":"Point","coordinates":[-97.658334,32.975]},"properties":{"rainfall":467.0,"rainfallInches":4.67}},{"type":"Feature","geometry":{"type":"Point","coordinates":[-97.65,32.975]},"properties":{"rainfall":467.0,"rainfallInches":4.67}},{"type":"Feature","geometry":{"type":"Point","coordinates":[-97.641667,32.975]},"properties":{"rainfall":467.0,"rainfallInches":4.67}},{"type":"Feature","geometry":{"type":"Point","coordinates":[-97.633334,32.975]},"properties":{"rainfall":467.0,"rainfallInches":4.67}},{"type":"Feature","geometry":{"type":"Point","coordinates":[-97.625,32.975]},"properties":{"rainfall":467.0,"rainfallInches":4.67}},{"type":"Feature","geometry":{"type":"Point","coordinates":[-97.616667,32.975]},"properties":{"rainfall":467.0,"rainfallInches":4.67}},{"type":"Feature","geometry":{"type":"Point","coordinates":[-97.608334,32.975]},"properties":{"rainfall":467.0,"rainfallInches":4.67}},{"type":"Feature","geometry":{"type":"Point","coordinates":[-97.6,32.975]},"properties":{"rainfall":467.0,"rainfallInches":4.67}},{"type":"Feature","geometry":{"type":"Point","coordinates":[-97.591667,32.975]},"properties":{"rainfall":467.0,"rainfallInches":4.67}},{"type":"Feature","geometry":{"type":"Point","coordinates":[-97.583334,32.975]},"properties":{"rainfall":467.0,"rainfallInches":4.67}},{"type":"Feature","geometry":{"type":"Point","coordinates":[-97.575,32.975]},"properties":{"rainfall":467.0,"rainfallInches":4.67}},{"type":"Feature","geometry":{"type":"Point","coordinates":[-97.566667,32.975]},"properties":{"rainfall":467.0,"rainfallInches":4.67}},{"type":"Feature","geometry":{"type":"Point","coordinates":[-97.558334,32.975]},"properties":{"rainfall":468.0,"rainfallInches":4.68}},{"type":"Feature","geometry":{"type":"Point","coordinates":[-97.55,32.975]},"properties":{"rainfall":468.0,"rainfallInches":4.68}},{"type":"Feature","geometry":{"type":"Point","coordinates":[-98.05,32.966666]},"properties":{"rainfall":466.0,"rainfallInches":4.66}},{"type":"Feature","geometry":{"type":"Point","coordinates":[-98.041667,32.966666]},"properties":{"rainfall":466.0,"rainfallInches":4.66}},{"type":"Feature","geometry":{"type":"Point","coordinates":[-98.033334,32.966666]},"properties":{"rainfall":466.0,"rainfallInches":4.66}},{"type":"Feature","geometry":{"type":"Point","coordinates":[-98.025,32.966666]},"properties":{"rainfall":467.0,"rainfallInches":4.67}},{"type":"Feature","geometry":{"type":"Point","coordinates":[-98.016667,32.966666]},"properties":{"rainfall":467.0,"rainfallInches":4.67}},{"type":"Feature","geometry":{"type":"Point","coordinates":[-98.008334,32.966666]},"properties":{"rainfall":467.0,"rainfallInches":4.67}},{"type":"Feature","geometry":{"type":"Point","coordinates":[-98.0,32.966666]},"properties":{"rainfall":467.0,"rainfallInches":4.67}},{"type":"Feature","geometry":{"type":"Point","coordinates":[-97.991667,32.966666]},"properties":{"rainfall":468.0,"rainfallInches":4.68}},{"type":"Feature","geometry":{"type":"Point","coordinates":[-97.983334,32.966666]},"properties":{"rainfall":468.0,"rainfallInches":4.68}},{"type":"Feature","geometry":{"type":"Point","coordinates":[-97.975,32.966666]},"properties":{"rainfall":468.0,"rainfallInches":4.68}},{"type":"Feature","geometry":{"type":"Point","coordinates":[-97.966667,32.966666]},"properties":{"rainfall":468.0,"rainfallInches":4.68}},{"type":"Feature","geometry":{"type":"Point","coordinates":[-97.958334,32.966666]},"properties":{"rainfall":468.0,"rainfallInches":4.68}},{"type":"Feature","geometry":{"type":"Point","coordinates":[-97.95,32.966666]},"properties":{"rainfall":468.0,"rainfallInches":4.68}},{"type":"Feature","geometry":{"type":"Point","coordinates":[-97.941667,32.966666]},"properties":{"rainfall":468.0,"rainfallInches":4.68}},{"type":"Feature","geometry":{"type":"Point","coordinates":[-97.933334,32.966666]},"properties":{"rainfall":468.0,"rainfallInches":4.68}},{"type":"Feature","geometry":{"type":"Point","coordinates":[-97.925,32.966666]},"properties":{"rainfall":469.0,"rainfallInches":4.69}},{"type":"Feature","geometry":{"type":"Point","coordinates":[-97.916667,32.966666]},"properties":{"rainfall":469.0,"rainfallInches":4.69}},{"type":"Feature","geometry":{"type":"Point","coordinates":[-97.908334,32.966666]},"properties":{"rainfall":469.0,"rainfallInches":4.69}},{"type":"Feature","geometry":{"type":"Point","coordinates":[-97.9,32.966666]},"properties":{"rainfall":468.0,"rainfallInches":4.68}},{"type":"Feature","geometry":{"type":"Point","coordinates":[-97.891667,32.966666]},"properties":{"rainfall":468.0,"rainfallInches":4.68}},{"type":"Feature","geometry":{"type":"Point","coordinates":[-97.883334,32.966666]},"properties":{"rainfall":468.0,"rainfallInches":4.68}},{"type":"Feature","geometry":{"type":"Point","coordinates":[-97.875,32.966666]},"properties":{"rainfall":468.0,"rainfallInches":4.68}},{"type":"Feature","geometry":{"type":"Point","coordinates":[-97.866667,32.966666]},"properties":{"rainfall":468.0,"rainfallInches":4.68}},{"type":"Feature","geometry":{"type":"Point","coordinates":[-97.858334,32.966666]},"properties":{"rainfall":468.0,"rainfallInches":4.68}},{"type":"Feature","geometry":{"type":"Point","coordinates":[-97.85,32.966666]},"properties":{"rainfall":468.0,"rainfallInches":4.68}},{"type":"Feature","geometry":{"type":"Point","coordinates":[-97.841667,32.966666]},"properties":{"rainfall":468.0,"rainfallInches":4.68}},{"type":"Feature","geometry":{"type":"Point","coordinates":[-97.833334,32.966666]},"properties":{"rainfall":468.0,"rainfallInches":4.68}},{"type":"Feature","geometry":{"type":"Point","coordinates":[-97.825,32.966666]},"properties":{"rainfall":468.0,"rainfallInches":4.68}},{"type":"Feature","geometry":{"type":"Point","coordinates":[-97.816667,32.966666]},"properties":{"rainfall":468.0,"rainfallInches":4.68}},{"type":"Feature","geometry":{"type":"Point","coordinates":[-97.808334,32.966666]},"properties":{"rainfall":467.0,"rainfallInches":4.67}},{"type":"Feature","geometry":{"type":"Point","coordinates":[-97.8,32.966666]},"properties":{"rainfall":467.0,"rainfallInches":4.67}},{"type":"Feature","geometry":{"type":"Point","coordinates":[-97.791667,32.966666]},"properties":{"rainfall":467.0,"rainfallInches":4.67}},{"type":"Feature","geometry":{"type":"Point","coordinates":[-97.783334,32.966666]},"properties":{"rainfall":467.0,"rainfallInches":4.67}},{"type":"Feature","geometry":{"type":"Point","coordinates":[-97.775,32.966666]},"properties":{"rainfall":467.0,"rainfallInches":4.67}},{"type":"Feature","geometry":{"type":"Point","coordinates":[-97.766667,32.966666]},"properties":{"rainfall":467.0,"rainfallInches":4.67}},{"type":"Feature","geometry":{"type":"Point","coordinates":[-97.758334,32.966666]},"properties":{"rainfall":467.0,"rainfallInches":4.67}},{"type":"Feature","geometry":{"type":"Point","coordinates":[-97.75,32.966666]},"properties":{"rainfall":467.0,"rainfallInches":4.67}},{"type":"Feature","geometry":{"type":"Point","coordinates":[-97.741667,32.966666]},"properties":{"rainfall":467.0,"rainfallInches":4.67}},{"type":"Feature","geometry":{"type":"Point","coordinates":[-97.733334,32.966666]},"properties":{"rainfall":467.0,"rainfallInches":4.67}},{"type":"Feature","geometry":{"type":"Point","coordinates":[-97.725,32.966666]},"properties":{"rainfall":467.0,"rainfallInches":4.67}},{"type":"Feature","geometry":{"type":"Point","coordinates":[-97.716667,32.966666]},"properties":{"rainfall":467.0,"rainfallInches":4.67}},{"type":"Feature","geometry":{"type":"Point","coordinates":[-97.708334,32.966666]},"properties":{"rainfall":467.0,"rainfallInches":4.67}},{"type":"Feature","geometry":{"type":"Point","coordinates":[-97.7,32.966666]},"properties":{"rainfall":467.0,"rainfallInches":4.67}},{"type":"Feature","geometry":{"type":"Point","coordinates":[-97.691667,32.966666]},"properties":{"rainfall":467.0,"rainfallInches":4.67}},{"type":"Feature","geometry":{"type":"Point","coordinates":[-97.683334,32.966666]},"properties":{"rainfall":467.0,"rainfallInches":4.67}},{"type":"Feature","geometry":{"type":"Point","coordinates":[-97.675,32.966666]},"properties":{"rainfall":467.0,"rainfallInches":4.67}},{"type":"Feature","geometry":{"type":"Point","coordinates":[-97.666667,32.966666]},"properties":{"rainfall":467.0,"rainfallInches":4.67}},{"type":"Feature","geometry":{"type":"Point","coordinates":[-97.658334,32.966666]},"properties":{"rainfall":467.0,"rainfallInches":4.67}},{"type":"Feature","geometry":{"type":"Point","coordinates":[-97.65,32.966666]},"properties":{"rainfall":467.0,"rainfallInches":4.67}},{"type":"Feature","geometry":{"type":"Point","coordinates":[-97.641667,32.966666]},"properties":{"rainfall":467.0,"rainfallInches":4.67}},{"type":"Feature","geometry":{"type":"Point","coordinates":[-97.633334,32.966666]},"properties":{"rainfall":467.0,"rainfallInches":4.67}},{"type":"Feature","geometry":{"type":"Point","coordinates":[-97.625,32.966666]},"properties":{"rainfall":467.0,"rainfallInches":4.67}},{"type":"Feature","geometry":{"type":"Point","coordinates":[-97.616667,32.966666]},"properties":{"rainfall":467.0,"rainfallInches":4.67}},{"type":"Feature","geometry":{"type":"Point","coordinates":[-97.608334,32.966666]},"properties":{"rainfall":467.0,"rainfallInches":4.67}},{"type":"Feature","geometry":{"type":"Point","coordinates":[-97.6,32.966666]},"properties":{"rainfall":467.0,"rainfallInches":4.67}},{"type":"Feature","geometry":{"type":"Point","coordinates":[-97.591667,32.966666]},"properties":{"rainfall":467.0,"rainfallInches":4.67}},{"type":"Feature","geometry":{"type":"Point","coordinates":[-97.583334,32.966666]},"properties":{"rainfall":467.0,"rainfallInches":4.67}},{"type":"Feature","geometry":{"type":"Point","coordinates":[-97.575,32.966666]},"properties":{"rainfall":467.0,"rainfallInches":4.67}},{"type":"Feature","geometry":{"type":"Point","coordinates":[-97.566667,32.966666]},"properties":{"rainfall":467.0,"rainfallInches":4.67}},{"type":"Feature","geometry":{"type":"Point","coordinates":[-97.558334,32.966666]},"properties":{"rainfall":467.0,"rainfallInches":4.67}},{"type":"Feature","geometry":{"type":"Point","coordinates":[-97.55,32.966666]},"properties":{"rainfall":468.0,"rainfallInches":4.68}},{"type":"Feature","geometry":{"type":"Point","coordinates":[-98.05,32.958333]},"properties":{"rainfall":466.0,"rainfallInches":4.66}},{"type":"Feature","geometry":{"type":"Point","coordinates":[-98.041667,32.958333]},"properties":{"rainfall":466.0,"rainfallInches":4.66}},{"type":"Feature","geometry":{"type":"Point","coordinates":[-98.033334,32.958333]},"properties":{"rainfall":467.0,"rainfallInches":4.67}},{"type":"Feature","geometry":{"type":"Point","coordinates":[-98.025,32.958333]},"properties":{"rainfall":467.0,"rainfallInches":4.67}},{"type":"Feature","geometry":{"type":"Point","coordinates":[-98.016667,32.958333]},"properties":{"rainfall":467.0,"rainfallInches":4.67}},{"type":"Feature","geometry":{"type":"Point","coordinates":[-98.008334,32.958333]},"properties":{"rainfall":467.0,"rainfallInches":4.67}},{"type":"Feature","geometry":{"type":"Point","coordinates":[-98.0,32.958333]},"properties":{"rainfall":467.0,"rainfallInches":4.67}},{"type":"Feature","geometry":{"type":"Point","coordinates":[-97.991667,32.958333]},"properties":{"rainfall":468.0,"rainfallInches":4.68}},{"type":"Feature","geometry":{"type":"Point","coordinates":[-97.983334,32.958333]},"properties":{"rainfall":468.0,"rainfallInches":4.68}},{"type":"Feature","geometry":{"type":"Point","coordinates":[-97.975,32.958333]},"properties":{"rainfall":468.0,"rainfallInches":4.68}},{"type":"Feature","geometry":{"type":"Point","coordinates":[-97.966667,32.958333]},"properties":{"rainfall":468.0,"rainfallInches":4.68}},{"type":"Feature","geometry":{"type":"Point","coordinates":[-97.958334,32.958333]},"properties":{"rainfall":468.0,"rainfallInches":4.68}},{"type":"Feature","geometry":{"type":"Point","coordinates":[-97.95,32.958333]},"properties":{"rainfall":468.0,"rainfallInches":4.68}},{"type":"Feature","geometry":{"type":"Point","coordinates":[-97.941667,32.958333]},"properties":{"rainfall":468.0,"rainfallInches":4.68}},{"type":"Feature","geometry":{"type":"Point","coordinates":[-97.933334,32.958333]},"properties":{"rainfall":468.0,"rainfallInches":4.68}},{"type":"Feature","geometry":{"type":"Point","coordinates":[-97.925,32.958333]},"properties":{"rainfall":468.0,"rainfallInches":4.68}},{"type":"Feature","geometry":{"type":"Point","coordinates":[-97.916667,32.958333]},"properties":{"rainfall":469.0,"rainfallInches":4.69}},{"type":"Feature","geometry":{"type":"Point","coordinates":[-97.908334,32.958333]},"properties":{"rainfall":469.0,"rainfallInches":4.69}},{"type":"Feature","geometry":{"type":"Point","coordinates":[-97.9,32.958333]},"properties":{"rainfall":469.0,"rainfallInches":4.69}},{"type":"Feature","geometry":{"type":"Point","coordinates":[-97.891667,32.958333]},"properties":{"rainfall":469.0,"rainfallInches":4.69}},{"type":"Feature","geometry":{"type":"Point","coordinates":[-97.883334,32.958333]},"properties":{"rainfall":468.0,"rainfallInches":4.68}},{"type":"Feature","geometry":{"type":"Point","coordinates":[-97.875,32.958333]},"properties":{"rainfall":468.0,"rainfallInches":4.68}},{"type":"Feature","geometry":{"type":"Point","coordinates":[-97.866667,32.958333]},"properties":{"rainfall":468.0,"rainfallInches":4.68}},{"type":"Feature","geometry":{"type":"Point","coordinates":[-97.858334,32.958333]},"properties":{"rainfall":468.0,"rainfallInches":4.68}},{"type":"Feature","geometry":{"type":"Point","coordinates":[-97.85,32.958333]},"properties":{"rainfall":468.0,"rainfallInches":4.68}},{"type":"Feature","geometry":{"type":"Point","coordinates":[-97.841667,32.958333]},"properties":{"rainfall":468.0,"rainfallInches":4.68}},{"type":"Feature","geometry":{"type":"Point","coordinates":[-97.833334,32.958333]},"properties":{"rainfall":468.0,"rainfallInches":4.68}},{"type":"Feature","geometry":{"type":"Point","coordinates":[-97.825,32.958333]},"properties":{"rainfall":468.0,"rainfallInches":4.68}},{"type":"Feature","geometry":{"type":"Point","coordinates":[-97.816667,32.958333]},"properties":{"rainfall":468.0,"rainfallInches":4.68}},{"type":"Feature","geometry":{"type":"Point","coordinates":[-97.808334,32.958333]},"properties":{"rainfall":467.0,"rainfallInches":4.67}},{"type":"Feature","geometry":{"type":"Point","coordinates":[-97.8,32.958333]},"properties":{"rainfall":467.0,"rainfallInches":4.67}},{"type":"Feature","geometry":{"type":"Point","coordinates":[-97.791667,32.958333]},"properties":{"rainfall":467.0,"rainfallInches":4.67}},{"type":"Feature","geometry":{"type":"Point","coordinates":[-97.783334,32.958333]},"properties":{"rainfall":467.0,"rainfallInches":4.67}},{"type":"Feature","geometry":{"type":"Point","coordinates":[-97.775,32.958333]},"properties":{"rainfall":467.0,"rainfallInches":4.67}},{"type":"Feature","geometry":{"type":"Point","coordinates":[-97.766667,32.958333]},"properties":{"rainfall":467.0,"rainfallInches":4.67}},{"type":"Feature","geometry":{"type":"Point","coordinates":[-97.758334,32.958333]},"properties":{"rainfall":467.0,"rainfallInches":4.67}},{"type":"Feature","geometry":{"type":"Point","coordinates":[-97.75,32.958333]},"properties":{"rainfall":467.0,"rainfallInches":4.67}},{"type":"Feature","geometry":{"type":"Point","coordinates":[-97.741667,32.958333]},"properties":{"rainfall":467.0,"rainfallInches":4.67}},{"type":"Feature","geometry":{"type":"Point","coordinates":[-97.733334,32.958333]},"properties":{"rainfall":467.0,"rainfallInches":4.67}},{"type":"Feature","geometry":{"type":"Point","coordinates":[-97.725,32.958333]},"properties":{"rainfall":467.0,"rainfallInches":4.67}},{"type":"Feature","geometry":{"type":"Point","coordinates":[-97.716667,32.958333]},"properties":{"rainfall":467.0,"rainfallInches":4.67}},{"type":"Feature","geometry":{"type":"Point","coordinates":[-97.708334,32.958333]},"properties":{"rainfall":467.0,"rainfallInches":4.67}},{"type":"Feature","geometry":{"type":"Point","coordinates":[-97.7,32.958333]},"properties":{"rainfall":467.0,"rainfallInches":4.67}},{"type":"Feature","geometry":{"type":"Point","coordinates":[-97.691667,32.958333]},"properties":{"rainfall":467.0,"rainfallInches":4.67}},{"type":"Feature","geometry":{"type":"Point","coordinates":[-97.683334,32.958333]},"properties":{"rainfall":467.0,"rainfallInches":4.67}},{"type":"Feature","geometry":{"type":"Point","coordinates":[-97.675,32.958333]},"properties":{"rainfall":467.0,"rainfallInches":4.67}},{"type":"Feature","geometry":{"type":"Point","coordinates":[-97.666667,32.958333]},"properties":{"rainfall":467.0,"rainfallInches":4.67}},{"type":"Feature","geometry":{"type":"Point","coordinates":[-97.658334,32.958333]},"properties":{"rainfall":467.0,"rainfallInches":4.67}},{"type":"Feature","geometry":{"type":"Point","coordinates":[-97.65,32.958333]},"properties":{"rainfall":467.0,"rainfallInches":4.67}},{"type":"Feature","geometry":{"type":"Point","coordinates":[-97.641667,32.958333]},"properties":{"rainfall":467.0,"rainfallInches":4.67}},{"type":"Feature","geometry":{"type":"Point","coordinates":[-97.633334,32.958333]},"properties":{"rainfall":467.0,"rainfallInches":4.67}},{"type":"Feature","geometry":{"type":"Point","coordinates":[-97.625,32.958333]},"properties":{"rainfall":467.0,"rainfallInches":4.67}},{"type":"Feature","geometry":{"type":"Point","coordinates":[-97.616667,32.958333]},"properties":{"rainfall":467.0,"rainfallInches":4.67}},{"type":"Feature","geometry":{"type":"Point","coordinates":[-97.608334,32.958333]},"properties":{"rainfall":467.0,"rainfallInches":4.67}},{"type":"Feature","geometry":{"type":"Point","coordinates":[-97.6,32.958333]},"properties":{"rainfall":467.0,"rainfallInches":4.67}},{"type":"Feature","geometry":{"type":"Point","coordinates":[-97.591667,32.958333]},"properties":{"rainfall":467.0,"rainfallInches":4.67}},{"type":"Feature","geometry":{"type":"Point","coordinates":[-97.583334,32.958333]},"properties":{"rainfall":467.0,"rainfallInches":4.67}},{"type":"Feature","geometry":{"type":"Point","coordinates":[-97.575,32.958333]},"properties":{"rainfall":467.0,"rainfallInches":4.67}},{"type":"Feature","geometry":{"type":"Point","coordinates":[-97.566667,32.958333]},"properties":{"rainfall":467.0,"rainfallInches":4.67}},{"type":"Feature","geometry":{"type":"Point","coordinates":[-97.558334,32.958333]},"properties":{"rainfall":467.0,"rainfallInches":4.67}},{"type":"Feature","geometry":{"type":"Point","coordinates":[-97.55,32.958333]},"properties":{"rainfall":467.0,"rainfallInches":4.67}},{"type":"Feature","geometry":{"type":"Point","coordinates":[-98.05,32.95]},"properties":{"rainfall":466.0,"rainfallInches":4.66}},{"type":"Feature","geometry":{"type":"Point","coordinates":[-98.041667,32.95]},"properties":{"rainfall":467.0,"rainfallInches":4.67}},{"type":"Feature","geometry":{"type":"Point","coordinates":[-98.033334,32.95]},"properties":{"rainfall":467.0,"rainfallInches":4.67}},{"type":"Feature","geometry":{"type":"Point","coordinates":[-98.025,32.95]},"properties":{"rainfall":467.0,"rainfallInches":4.67}},{"type":"Feature","geometry":{"type":"Point","coordinates":[-98.016667,32.95]},"properties":{"rainfall":467.0,"rainfallInches":4.67}},{"type":"Feature","geometry":{"type":"Point","coordinates":[-98.008334,32.95]},"properties":{"rainfall":467.0,"rainfallInches":4.67}},{"type":"Feature","geometry":{"type":"Point","coordinates":[-98.0,32.95]},"properties":{"rainfall":467.0,"rainfallInches":4.67}},{"type":"Feature","geometry":{"type":"Point","coordinates":[-97.991667,32.95]},"properties":{"rainfall":467.0,"rainfallInches":4.67}},{"type":"Feature","geometry":{"type":"Point","coordinates":[-97.983334,32.95]},"properties":{"rainfall":468.0,"rainfallInches":4.68}},{"type":"Feature","geometry":{"type":"Point","coordinates":[-97.975,32.95]},"properties":{"rainfall":468.0,"rainfallInches":4.68}},{"type":"Feature","geometry":{"type":"Point","coordinates":[-97.966667,32.95]},"properties":{"rainfall":468.0,"rainfallInches":4.68}},{"type":"Feature","geometry":{"type":"Point","coordinates":[-97.958334,32.95]},"properties":{"rainfall":468.0,"rainfallInches":4.68}},{"type":"Feature","geometry":{"type":"Point","coordinates":[-97.95,32.95]},"properties":{"rainfall":468.0,"rainfallInches":4.68}},{"type":"Feature","geometry":{"type":"Point","coordinates":[-97.941667,32.95]},"properties":{"rainfall":468.0,"rainfallInches":4.68}},{"type":"Feature","geometry":{"type":"Point","coordinates":[-97.933334,32.95]},"properties":{"rainfall":468.0,"rainfallInches":4.68}},{"type":"Feature","geometry":{"type":"Point","coordinates":[-97.925,32.95]},"properties":{"rainfall":468.0,"rainfallInches":4.68}},{"type":"Feature","geometry":{"type":"Point","coordinates":[-97.916667,32.95]},"properties":{"rainfall":469.0,"rainfallInches":4.69}},{"type":"Feature","geometry":{"type":"Point","coordinates":[-97.908334,32.95]},"properties":{"rainfall":469.0,"rainfallInches":4.69}},{"type":"Feature","geometry":{"type":"Point","coordinates":[-97.9,32.95]},"properties":{"rainfall":469.0,"rainfallInches":4.69}},{"type":"Feature","geometry":{"type":"Point","coordinates":[-97.891667,32.95]},"properties":{"rainfall":469.0,"rainfallInches":4.69}},{"type":"Feature","geometry":{"type":"Point","coordinates":[-97.883334,32.95]},"properties":{"rainfall":469.0,"rainfallInches":4.69}},{"type":"Feature","geometry":{"type":"Point","coordinates":[-97.875,32.95]},"properties":{"rainfall":468.0,"rainfallInches":4.68}},{"type":"Feature","geometry":{"type":"Point","coordinates":[-97.866667,32.95]},"properties":{"rainfall":468.0,"rainfallInches":4.68}},{"type":"Feature","geometry":{"type":"Point","coordinates":[-97.858334,32.95]},"properties":{"rainfall":468.0,"rainfallInches":4.68}},{"type":"Feature","geometry":{"type":"Point","coordinates":[-97.85,32.95]},"properties":{"rainfall":468.0,"rainfallInches":4.68}},{"type":"Feature","geometry":{"type":"Point","coordinates":[-97.841667,32.95]},"properties":{"rainfall":468.0,"rainfallInches":4.68}},{"type":"Feature","geometry":{"type":"Point","coordinates":[-97.833334,32.95]},"properties":{"rainfall":468.0,"rainfallInches":4.68}},{"type":"Feature","geometry":{"type":"Point","coordinates":[-97.825,32.95]},"properties":{"rainfall":468.0,"rainfallInches":4.68}},{"type":"Feature","geometry":{"type":"Point","coordinates":[-97.816667,32.95]},"properties":{"rainfall":468.0,"rainfallInches":4.68}},{"type":"Feature","geometry":{"type":"Point","coordinates":[-97.808334,32.95]},"properties":{"rainfall":467.0,"rainfallInches":4.67}},{"type":"Feature","geometry":{"type":"Point","coordinates":[-97.8,32.95]},"properties":{"rainfall":467.0,"rainfallInches":4.67}},{"type":"Feature","geometry":{"type":"Point","coordinates":[-97.791667,32.95]},"properties":{"rainfall":467.0,"rainfallInches":4.67}},{"type":"Feature","geometry":{"type":"Point","coordinates":[-97.783334,32.95]},"properties":{"rainfall":467.0,"rainfallInches":4.67}},{"type":"Feature","geometry":{"type":"Point","coordinates":[-97.775,32.95]},"properties":{"rainfall":467.0,"rainfallInches":4.67}},{"type":"Feature","geometry":{"type":"Point","coordinates":[-97.766667,32.95]},"properties":{"rainfall":467.0,"rainfallInches":4.67}},{"type":"Feature","geometry":{"type":"Point","coordinates":[-97.758334,32.95]},"properties":{"rainfall":467.0,"rainfallInches":4.67}},{"type":"Feature","geometry":{"type":"Point","coordinates":[-97.75,32.95]},"properties":{"rainfall":467.0,"rainfallInches":4.67}},{"type":"Feature","geometry":{"type":"Point","coordinates":[-97.741667,32.95]},"properties":{"rainfall":467.0,"rainfallInches":4.67}},{"type":"Feature","geometry":{"type":"Point","coordinates":[-97.733334,32.95]},"properties":{"rainfall":467.0,"rainfallInches":4.67}},{"type":"Feature","geometry":{"type":"Point","coordinates":[-97.725,32.95]},"properties":{"rainfall":467.0,"rainfallInches":4.67}},{"type":"Feature","geometry":{"type":"Point","coordinates":[-97.716667,32.95]},"properties":{"rainfall":467.0,"rainfallInches":4.67}},{"type":"Feature","geometry":{"type":"Point","coordinates":[-97.708334,32.95]},"properties":{"rainfall":467.0,"rainfallInches":4.67}},{"type":"Feature","geometry":{"type":"Point","coordinates":[-97.7,32.95]},"properties":{"rainfall":467.0,"rainfallInches":4.67}},{"type":"Feature","geometry":{"type":"Point","coordinates":[-97.691667,32.95]},"properties":{"rainfall":467.0,"rainfallInches":4.67}},{"type":"Feature","geometry":{"type":"Point","coordinates":[-97.683334,32.95]},"properties":{"rainfall":466.0,"rainfallInches":4.66}},{"type":"Feature","geometry":{"type":"Point","coordinates":[-97.675,32.95]},"properties":{"rainfall":466.0,"rainfallInches":4.66}},{"type":"Feature","geometry":{"type":"Point","coordinates":[-97.666667,32.95]},"properties":{"rainfall":466.0,"rainfallInches":4.66}},{"type":"Feature","geometry":{"type":"Point","coordinates":[-97.658334,32.95]},"properties":{"rainfall":466.0,"rainfallInches":4.66}},{"type":"Feature","geometry":{"type":"Point","coordinates":[-97.65,32.95]},"properties":{"rainfall":466.0,"rainfallInches":4.66}},{"type":"Feature","geometry":{"type":"Point","coordinates":[-97.641667,32.95]},"properties":{"rainfall":466.0,"rainfallInches":4.66}},{"type":"Feature","geometry":{"type":"Point","coordinates":[-97.633334,32.95]},"properties":{"rainfall":466.0,"rainfallInches":4.66}},{"type":"Feature","geometry":{"type":"Point","coordinates":[-97.625,32.95]},"properties":{"rainfall":466.0,"rainfallInches":4.66}},{"type":"Feature","geometry":{"type":"Point","coordinates":[-97.616667,32.95]},"properties":{"rainfall":466.0,"rainfallInches":4.66}},{"type":"Feature","geometry":{"type":"Point","coordinates":[-97.608334,32.95]},"properties":{"rainfall":466.0,"rainfallInches":4.66}},{"type":"Feature","geometry":{"type":"Point","coordinates":[-97.6,32.95]},"properties":{"rainfall":466.0,"rainfallInches":4.66}},{"type":"Feature","geometry":{"type":"Point","coordinates":[-97.591667,32.95]},"properties":{"rainfall":466.0,"rainfallInches":4.66}},{"type":"Feature","geometry":{"type":"Point","coordinates":[-97.583334,32.95]},"properties":{"rainfall":467.0,"rainfallInches":4.67}},{"type":"Feature","geometry":{"type":"Point","coordinates":[-97.575,32.95]},"properties":{"rainfall":467.0,"rainfallInches":4.67}},{"type":"Feature","geometry":{"type":"Point","coordinates":[-97.566667,32.95]},"properties":{"rainfall":467.0,"rainfallInches":4.67}},{"type":"Feature","geometry":{"type":"Point","coordinates":[-97.558334,32.95]},"properties":{"rainfall":467.0,"rainfallInches":4.67}},{"type":"Feature","geometry":{"type":"Point","coordinates":[-97.55,32.95]},"properties":{"rainfall":467.0,"rainfallInches":4.67}},{"type":"Feature","geometry":{"type":"Point","coordinates":[-98.05,32.941666]},"properties":{"rainfall":467.0,"rainfallInches":4.67}},{"type":"Feature","geometry":{"type":"Point","coordinates":[-98.041667,32.941666]},"properties":{"rainfall":467.0,"rainfallInches":4.67}},{"type":"Feature","geometry":{"type":"Point","coordinates":[-98.033334,32.941666]},"properties":{"rainfall":467.0,"rainfallInches":4.67}},{"type":"Feature","geometry":{"type":"Point","coordinates":[-98.025,32.941666]},"properties":{"rainfall":467.0,"rainfallInches":4.67}},{"type":"Feature","geometry":{"type":"Point","coordinates":[-98.016667,32.941666]},"properties":{"rainfall":467.0,"rainfallInches":4.67}},{"type":"Feature","geometry":{"type":"Point","coordinates":[-98.008334,32.941666]},"properties":{"rainfall":467.0,"rainfallInches":4.67}},{"type":"Feature","geometry":{"type":"Point","coordinates":[-98.0,32.941666]},"properties":{"rainfall":468.0,"rainfallInches":4.68}},{"type":"Feature","geometry":{"type":"Point","coordinates":[-97.991667,32.941666]},"properties":{"rainfall":468.0,"rainfallInches":4.68}},{"type":"Feature","geometry":{"type":"Point","coordinates":[-97.983334,32.941666]},"properties":{"rainfall":468.0,"rainfallInches":4.68}},{"type":"Feature","geometry":{"type":"Point","coordinates":[-97.975,32.941666]},"properties":{"rainfall":468.0,"rainfallInches":4.68}},{"type":"Feature","geometry":{"type":"Point","coordinates":[-97.966667,32.941666]},"properties":{"rainfall":468.0,"rainfallInches":4.68}},{"type":"Feature","geometry":{"type":"Point","coordinates":[-97.958334,32.941666]},"properties":{"rainfall":468.0,"rainfallInches":4.68}},{"type":"Feature","geometry":{"type":"Point","coordinates":[-97.95,32.941666]},"properties":{"rainfall":468.0,"rainfallInches":4.68}},{"type":"Feature","geometry":{"type":"Point","coordinates":[-97.941667,32.941666]},"properties":{"rainfall":469.0,"rainfallInches":4.69}},{"type":"Feature","geometry":{"type":"Point","coordinates":[-97.933334,32.941666]},"properties":{"rainfall":469.0,"rainfallInches":4.69}},{"type":"Feature","geometry":{"type":"Point","coordinates":[-97.925,32.941666]},"properties":{"rainfall":469.0,"rainfallInches":4.69}},{"type":"Feature","geometry":{"type":"Point","coordinates":[-97.916667,32.941666]},"properties":{"rainfall":469.0,"rainfallInches":4.69}},{"type":"Feature","geometry":{"type":"Point","coordinates":[-97.908334,32.941666]},"properties":{"rainfall":469.0,"rainfallInches":4.69}},{"type":"Feature","geometry":{"type":"Point","coordinates":[-97.9,32.941666]},"properties":{"rainfall":469.0,"rainfallInches":4.69}},{"type":"Feature","geometry":{"type":"Point","coordinates":[-97.891667,32.941666]},"properties":{"rainfall":469.0,"rainfallInches":4.69}},{"type":"Feature","geometry":{"type":"Point","coordinates":[-97.883334,32.941666]},"properties":{"rainfall":469.0,"rainfallInches":4.69}},{"type":"Feature","geometry":{"type":"Point","coordinates":[-97.875,32.941666]},"properties":{"rainfall":469.0,"rainfallInches":4.69}},{"type":"Feature","geometry":{"type":"Point","coordinates":[-97.866667,32.941666]},"properties":{"rainfall":468.0,"rainfallInches":4.68}},{"type":"Feature","geometry":{"type":"Point","coordinates":[-97.858334,32.941666]},"properties":{"rainfall":468.0,"rainfallInches":4.68}},{"type":"Feature","geometry":{"type":"Point","coordinates":[-97.85,32.941666]},"properties":{"rainfall":468.0,"rainfallInches":4.68}},{"type":"Feature","geometry":{"type":"Point","coordinates":[-97.841667,32.941666]},"properties":{"rainfall":468.0,"rainfallInches":4.68}},{"type":"Feature","geometry":{"type":"Point","coordinates":[-97.833334,32.941666]},"properties":{"rainfall":468.0,"rainfallInches":4.68}},{"type":"Feature","geometry":{"type":"Point","coordinates":[-97.825,32.941666]},"properties":{"rainfall":468.0,"rainfallInches":4.68}},{"type":"Feature","geometry":{"type":"Point","coordinates":[-97.816667,32.941666]},"properties":{"rainfall":468.0,"rainfallInches":4.68}},{"type":"Feature","geometry":{"type":"Point","coordinates":[-97.808334,32.941666]},"properties":{"rainfall":468.0,"rainfallInches":4.68}},{"type":"Feature","geometry":{"type":"Point","coordinates":[-97.8,32.941666]},"properties":{"rainfall":467.0,"rainfallInches":4.67}},{"type":"Feature","geometry":{"type":"Point","coordinates":[-97.791667,32.941666]},"properties":{"rainfall":467.0,"rainfallInches":4.67}},{"type":"Feature","geometry":{"type":"Point","coordinates":[-97.783334,32.941666]},"properties":{"rainfall":467.0,"rainfallInches":4.67}},{"type":"Feature","geometry":{"type":"Point","coordinates":[-97.775,32.941666]},"properties":{"rainfall":467.0,"rainfallInches":4.67}},{"type":"Feature","geometry":{"type":"Point","coordinates":[-97.766667,32.941666]},"properties":{"rainfall":467.0,"rainfallInches":4.67}},{"type":"Feature","geometry":{"type":"Point","coordinates":[-97.758334,32.941666]},"properties":{"rainfall":467.0,"rainfallInches":4.67}},{"type":"Feature","geometry":{"type":"Point","coordinates":[-97.75,32.941666]},"properties":{"rainfall":467.0,"rainfallInches":4.67}},{"type":"Feature","geometry":{"type":"Point","coordinates":[-97.741667,32.941666]},"properties":{"rainfall":466.0,"rainfallInches":4.66}},{"type":"Feature","geometry":{"type":"Point","coordinates":[-97.733334,32.941666]},"properties":{"rainfall":466.0,"rainfallInches":4.66}},{"type":"Feature","geometry":{"type":"Point","coordinates":[-97.725,32.941666]},"properties":{"rainfall":466.0,"rainfallInches":4.66}},{"type":"Feature","geometry":{"type":"Point","coordinates":[-97.716667,32.941666]},"properties":{"rainfall":466.0,"rainfallInches":4.66}},{"type":"Feature","geometry":{"type":"Point","coordinates":[-97.708334,32.941666]},"properties":{"rainfall":466.0,"rainfallInches":4.66}},{"type":"Feature","geometry":{"type":"Point","coordinates":[-97.7,32.941666]},"properties":{"rainfall":466.0,"rainfallInches":4.66}},{"type":"Feature","geometry":{"type":"Point","coordinates":[-97.691667,32.941666]},"properties":{"rainfall":466.0,"rainfallInches":4.66}},{"type":"Feature","geometry":{"type":"Point","coordinates":[-97.683334,32.941666]},"properties":{"rainfall":466.0,"rainfallInches":4.66}},{"type":"Feature","geometry":{"type":"Point","coordinates":[-97.675,32.941666]},"properties":{"rainfall":466.0,"rainfallInches":4.66}},{"type":"Feature","geometry":{"type":"Point","coordinates":[-97.666667,32.941666]},"properties":{"rainfall":466.0,"rainfallInches":4.66}},{"type":"Feature","geometry":{"type":"Point","coordinates":[-97.658334,32.941666]},"properties":{"rainfall":466.0,"rainfallInches":4.66}},{"type":"Feature","geometry":{"type":"Point","coordinates":[-97.65,32.941666]},"properties":{"rainfall":466.0,"rainfallInches":4.66}},{"type":"Feature","geometry":{"type":"Point","coordinates":[-97.641667,32.941666]},"properties":{"rainfall":466.0,"rainfallInches":4.66}},{"type":"Feature","geometry":{"type":"Point","coordinates":[-97.633334,32.941666]},"properties":{"rainfall":466.0,"rainfallInches":4.66}},{"type":"Feature","geometry":{"type":"Point","coordinates":[-97.625,32.941666]},"properties":{"rainfall":466.0,"rainfallInches":4.66}},{"type":"Feature","geometry":{"type":"Point","coordinates":[-97.616667,32.941666]},"properties":{"rainfall":466.0,"rainfallInches":4.66}},{"type":"Feature","geometry":{"type":"Point","coordinates":[-97.608334,32.941666]},"properties":{"rainfall":466.0,"rainfallInches":4.66}},{"type":"Feature","geometry":{"type":"Point","coordinates":[-97.6,32.941666]},"properties":{"rainfall":466.0,"rainfallInches":4.66}},{"type":"Feature","geometry":{"type":"Point","coordinates":[-97.591667,32.941666]},"properties":{"rainfall":466.0,"rainfallInches":4.66}},{"type":"Feature","geometry":{"type":"Point","coordinates":[-97.583334,32.941666]},"properties":{"rainfall":466.0,"rainfallInches":4.66}},{"type":"Feature","geometry":{"type":"Point","coordinates":[-97.575,32.941666]},"properties":{"rainfall":467.0,"rainfallInches":4.67}},{"type":"Feature","geometry":{"type":"Point","coordinates":[-97.566667,32.941666]},"properties":{"rainfall":467.0,"rainfallInches":4.67}},{"type":"Feature","geometry":{"type":"Point","coordinates":[-97.558334,32.941666]},"properties":{"rainfall":467.0,"rainfallInches":4.67}},{"type":"Feature","geometry":{"type":"Point","coordinates":[-97.55,32.941666]},"properties":{"rainfall":467.0,"rainfallInches":4.67}},{"type":"Feature","geometry":{"type":"Point","coordinates":[-98.05,32.933333]},"properties":{"rainfall":467.0,"rainfallInches":4.67}},{"type":"Feature","geometry":{"type":"Point","coordinates":[-98.041667,32.933333]},"properties":{"rainfall":467.0,"rainfallInches":4.67}},{"type":"Feature","geometry":{"type":"Point","coordinates":[-98.033334,32.933333]},"properties":{"rainfall":467.0,"rainfallInches":4.67}},{"type":"Feature","geometry":{"type":"Point","coordinates":[-98.025,32.933333]},"properties":{"rainfall":467.0,"rainfallInches":4.67}},{"type":"Feature","geometry":{"type":"Point","coordinates":[-98.016667,32.933333]},"properties":{"rainfall":467.0,"rainfallInches":4.67}},{"type":"Feature","geometry":{"type":"Point","coordinates":[-98.008334,32.933333]},"properties":{"rainfall":468.0,"rainfallInches":4.68}},{"type":"Feature","geometry":{"type":"Point","coordinates":[-98.0,32.933333]},"properties":{"rainfall":468.0,"rainfallInches":4.68}},{"type":"Feature","geometry":{"type":"Point","coordinates":[-97.991667,32.933333]},"properties":{"rainfall":468.0,"rainfallInches":4.68}},{"type":"Feature","geometry":{"type":"Point","coordinates":[-97.983334,32.933333]},"properties":{"rainfall":468.0,"rainfallInches":4.68}},{"type":"Feature","geometry":{"type":"Point","coordinates":[-97.975,32.933333]},"properties":{"rainfall":468.0,"rainfallInches":4.68}},{"type":"Feature","geometry":{"type":"Point","coordinates":[-97.966667,32.933333]},"properties":{"rainfall":468.0,"rainfallInches":4.68}},{"type":"Feature","geometry":{"type":"Point","coordinates":[-97.958334,32.933333]},"properties":{"rainfall":468.0,"rainfallInches":4.68}},{"type":"Feature","geometry":{"type":"Point","coordinates":[-97.95,32.933333]},"properties":{"rainfall":468.0,"rainfallInches":4.68}},{"type":"Feature","geometry":{"type":"Point","coordinates":[-97.941667,32.933333]},"properties":{"rainfall":468.0,"rainfallInches":4.68}},{"type":"Feature","geometry":{"type":"Point","coordinates":[-97.933334,32.933333]},"properties":{"rainfall":469.0,"rainfallInches":4.69}},{"type":"Feature","geometry":{"type":"Point","coordinates":[-97.925,32.933333]},"properties":{"rainfall":469.0,"rainfallInches":4.69}},{"type":"Feature","geometry":{"type":"Point","coordinates":[-97.916667,32.933333]},"properties":{"rainfall":469.0,"rainfallInches":4.69}},{"type":"Feature","geometry":{"type":"Point","coordinates":[-97.908334,32.933333]},"properties":{"rainfall":469.0,"rainfallInches":4.69}},{"type":"Feature","geometry":{"type":"Point","coordinates":[-97.9,32.933333]},"properties":{"rainfall":468.0,"rainfallInches":4.68}},{"type":"Feature","geometry":{"type":"Point","coordinates":[-97.891667,32.933333]},"properties":{"rainfall":469.0,"rainfallInches":4.69}},{"type":"Feature","geometry":{"type":"Point","coordinates":[-97.883334,32.933333]},"properties":{"rainfall":469.0,"rainfallInches":4.69}},{"type":"Feature","geometry":{"type":"Point","coordinates":[-97.875,32.933333]},"properties":{"rainfall":469.0,"rainfallInches":4.69}},{"type":"Feature","geometry":{"type":"Point","coordinates":[-97.866667,32.933333]},"properties":{"rainfall":468.0,"rainfallInches":4.68}},{"type":"Feature","geometry":{"type":"Point","coordinates":[-97.858334,32.933333]},"properties":{"rainfall":468.0,"rainfallInches":4.68}},{"type":"Feature","geometry":{"type":"Point","coordinates":[-97.85,32.933333]},"properties":{"rainfall":468.0,"rainfallInches":4.68}},{"type":"Feature","geometry":{"type":"Point","coordinates":[-97.841667,32.933333]},"properties":{"rainfall":468.0,"rainfallInches":4.68}},{"type":"Feature","geometry":{"type":"Point","coordinates":[-97.833334,32.933333]},"properties":{"rainfall":468.0,"rainfallInches":4.68}},{"type":"Feature","geometry":{"type":"Point","coordinates":[-97.825,32.933333]},"properties":{"rainfall":468.0,"rainfallInches":4.68}},{"type":"Feature","geometry":{"type":"Point","coordinates":[-97.816667,32.933333]},"properties":{"rainfall":468.0,"rainfallInches":4.68}},{"type":"Feature","geometry":{"type":"Point","coordinates":[-97.808334,32.933333]},"properties":{"rainfall":467.0,"rainfallInches":4.67}},{"type":"Feature","geometry":{"type":"Point","coordinates":[-97.8,32.933333]},"properties":{"rainfall":467.0,"rainfallInches":4.67}},{"type":"Feature","geometry":{"type":"Point","coordinates":[-97.791667,32.933333]},"properties":{"rainfall":467.0,"rainfallInches":4.67}},{"type":"Feature","geometry":{"type":"Point","coordinates":[-97.783334,32.933333]},"properties":{"rainfall":467.0,"rainfallInches":4.67}},{"type":"Feature","geometry":{"type":"Point","coordinates":[-97.775,32.933333]},"properties":{"rainfall":467.0,"rainfallInches":4.67}},{"type":"Feature","geometry":{"type":"Point","coordinates":[-97.766667,32.933333]},"properties":{"rainfall":467.0,"rainfallInches":4.67}},{"type":"Feature","geometry":{"type":"Point","coordinates":[-97.758334,32.933333]},"properties":{"rainfall":467.0,"rainfallInches":4.67}},{"type":"Feature","geometry":{"type":"Point","coordinates":[-97.75,32.933333]},"properties":{"rainfall":466.0,"rainfallInches":4.66}},{"type":"Feature","geometry":{"type":"Point","coordinates":[-97.741667,32.933333]},"properties":{"rainfall":466.0,"rainfallInches":4.66}},{"type":"Feature","geometry":{"type":"Point","coordinates":[-97.733334,32.933333]},"properties":{"rainfall":466.0,"rainfallInches":4.66}},{"type":"Feature","geometry":{"type":"Point","coordinates":[-97.725,32.933333]},"properties":{"rainfall":466.0,"rainfallInches":4.66}},{"type":"Feature","geometry":{"type":"Point","coordinates":[-97.716667,32.933333]},"properties":{"rainfall":466.0,"rainfallInches":4.66}},{"type":"Feature","geometry":{"type":"Point","coordinates":[-97.708334,32.933333]},"properties":{"rainfall":466.0,"rainfallInches":4.66}},{"type":"Feature","geometry":{"type":"Point","coordinates":[-97.7,32.933333]},"properties":{"rainfall":466.0,"rainfallInches":4.66}},{"type":"Feature","geometry":{"type":"Point","coordinates":[-97.691667,32.933333]},"properties":{"rainfall":466.0,"rainfallInches":4.66}},{"type":"Feature","geometry":{"type":"Point","coordinates":[-97.683334,32.933333]},"properties":{"rainfall":466.0,"rainfallInches":4.66}},{"type":"Feature","geometry":{"type":"Point","coordinates":[-97.675,32.933333]},"properties":{"rainfall":466.0,"rainfallInches":4.66}},{"type":"Feature","geometry":{"type":"Point","coordinates":[-97.666667,32.933333]},"properties":{"rainfall":466.0,"rainfallInches":4.66}},{"type":"Feature","geometry":{"type":"Point","coordinates":[-97.658334,32.933333]},"properties":{"rainfall":466.0,"rainfallInches":4.66}},{"type":"Feature","geometry":{"type":"Point","coordinates":[-97.65,32.933333]},"properties":{"rainfall":466.0,"rainfallInches":4.66}},{"type":"Feature","geometry":{"type":"Point","coordinates":[-97.641667,32.933333]},"properties":{"rainfall":466.0,"rainfallInches":4.66}},{"type":"Feature","geometry":{"type":"Point","coordinates":[-97.633334,32.933333]},"properties":{"rainfall":466.0,"rainfallInches":4.66}},{"type":"Feature","geometry":{"type":"Point","coordinates":[-97.625,32.933333]},"properties":{"rainfall":466.0,"rainfallInches":4.66}},{"type":"Feature","geometry":{"type":"Point","coordinates":[-97.616667,32.933333]},"properties":{"rainfall":466.0,"rainfallInches":4.66}},{"type":"Feature","geometry":{"type":"Point","coordinates":[-97.608334,32.933333]},"properties":{"rainfall":466.0,"rainfallInches":4.66}},{"type":"Feature","geometry":{"type":"Point","coordinates":[-97.6,32.933333]},"properties":{"rainfall":466.0,"rainfallInches":4.66}},{"type":"Feature","geometry":{"type":"Point","coordinates":[-97.591667,32.933333]},"properties":{"rainfall":466.0,"rainfallInches":4.66}},{"type":"Feature","geometry":{"type":"Point","coordinates":[-97.583334,32.933333]},"properties":{"rainfall":466.0,"rainfallInches":4.66}},{"type":"Feature","geometry":{"type":"Point","coordinates":[-97.575,32.933333]},"properties":{"rainfall":466.0,"rainfallInches":4.66}},{"type":"Feature","geometry":{"type":"Point","coordinates":[-97.566667,32.933333]},"properties":{"rainfall":467.0,"rainfallInches":4.67}},{"type":"Feature","geometry":{"type":"Point","coordinates":[-97.558334,32.933333]},"properties":{"rainfall":467.0,"rainfallInches":4.67}},{"type":"Feature","geometry":{"type":"Point","coordinates":[-97.55,32.933333]},"properties":{"rainfall":467.0,"rainfallInches":4.67}},{"type":"Feature","geometry":{"type":"Point","coordinates":[-98.05,32.925]},"properties":{"rainfall":467.0,"rainfallInches":4.67}},{"type":"Feature","geometry":{"type":"Point","coordinates":[-98.041667,32.925]},"properties":{"rainfall":467.0,"rainfallInches":4.67}},{"type":"Feature","geometry":{"type":"Point","coordinates":[-98.033334,32.925]},"properties":{"rainfall":467.0,"rainfallInches":4.67}},{"type":"Feature","geometry":{"type":"Point","coordinates":[-98.025,32.925]},"properties":{"rainfall":468.0,"rainfallInches":4.68}},{"type":"Feature","geometry":{"type":"Point","coordinates":[-98.016667,32.925]},"properties":{"rainfall":468.0,"rainfallInches":4.68}},{"type":"Feature","geometry":{"type":"Point","coordinates":[-98.008334,32.925]},"properties":{"rainfall":468.0,"rainfallInches":4.68}},{"type":"Feature","geometry":{"type":"Point","coordinates":[-98.0,32.925]},"properties":{"rainfall":468.0,"rainfallInches":4.68}},{"type":"Feature","geometry":{"type":"Point","coordinates":[-97.991667,32.925]},"properties":{"rainfall":468.0,"rainfallInches":4.68}},{"type":"Feature","geometry":{"type":"Point","coordinates":[-97.983334,32.925]},"properties":{"rainfall":468.0,"rainfallInches":4.68}},{"type":"Feature","geometry":{"type":"Point","coordinates":[-97.975,32.925]},"properties":{"rainfall":468.0,"rainfallInches":4.68}},{"type":"Feature","geometry":{"type":"Point","coordinates":[-97.966667,32.925]},"properties":{"rainfall":468.0,"rainfallInches":4.68}},{"type":"Feature","geometry":{"type":"Point","coordinates":[-97.958334,32.925]},"properties":{"rainfall":468.0,"rainfallInches":4.68}},{"type":"Feature","geometry":{"type":"Point","coordinates":[-97.95,32.925]},"properties":{"rainfall":468.0,"rainfallInches":4.68}},{"type":"Feature","geometry":{"type":"Point","coordinates":[-97.941667,32.925]},"properties":{"rainfall":468.0,"rainfallInches":4.68}},{"type":"Feature","geometry":{"type":"Point","coordinates":[-97.933334,32.925]},"properties":{"rainfall":468.0,"rainfallInches":4.68}},{"type":"Feature","geometry":{"type":"Point","coordinates":[-97.925,32.925]},"properties":{"rainfall":469.0,"rainfallInches":4.69}},{"type":"Feature","geometry":{"type":"Point","coordinates":[-97.916667,32.925]},"properties":{"rainfall":469.0,"rainfallInches":4.69}},{"type":"Feature","geometry":{"type":"Point","coordinates":[-97.908334,32.925]},"properties":{"rainfall":469.0,"rainfallInches":4.69}},{"type":"Feature","geometry":{"type":"Point","coordinates":[-97.9,32.925]},"properties":{"rainfall":469.0,"rainfallInches":4.69}},{"type":"Feature","geometry":{"type":"Point","coordinates":[-97.891667,32.925]},"properties":{"rainfall":468.0,"rainfallInches":4.68}},{"type":"Feature","geometry":{"type":"Point","coordinates":[-97.883334,32.925]},"properties":{"rainfall":469.0,"rainfallInches":4.69}},{"type":"Feature","geometry":{"type":"Point","coordinates":[-97.875,32.925]},"properties":{"rainfall":469.0,"rainfallInches":4.69}},{"type":"Feature","geometry":{"type":"Point","coordinates":[-97.866667,32.925]},"properties":{"rainfall":468.0,"rainfallInches":4.68}},{"type":"Feature","geometry":{"type":"Point","coordinates":[-97.858334,32.925]},"properties":{"rainfall":468.0,"rainfallInches":4.68}},{"type":"Feature","geometry":{"type":"Point","coordinates":[-97.85,32.925]},"properties":{"rainfall":468.0,"rainfallInches":4.68}},{"type":"Feature","geometry":{"type":"Point","coordinates":[-97.841667,32.925]},"properties":{"rainfall":468.0,"rainfallInches":4.68}},{"type":"Feature","geometry":{"type":"Point","coordinates":[-97.833334,32.925]},"properties":{"rainfall":468.0,"rainfallInches":4.68}},{"type":"Feature","geometry":{"type":"Point","coordinates":[-97.825,32.925]},"properties":{"rainfall":468.0,"rainfallInches":4.68}},{"type":"Feature","geometry":{"type":"Point","coordinates":[-97.816667,32.925]},"properties":{"rainfall":468.0,"rainfallInches":4.68}},{"type":"Feature","geometry":{"type":"Point","coordinates":[-97.808334,32.925]},"properties":{"rainfall":467.0,"rainfallInches":4.67}},{"type":"Feature","geometry":{"type":"Point","coordinates":[-97.8,32.925]},"properties":{"rainfall":467.0,"rainfallInches":4.67}},{"type":"Feature","geometry":{"type":"Point","coordinates":[-97.791667,32.925]},"properties":{"rainfall":467.0,"rainfallInches":4.67}},{"type":"Feature","geometry":{"type":"Point","coordinates":[-97.783334,32.925]},"properties":{"rainfall":467.0,"rainfallInches":4.67}},{"type":"Feature","geometry":{"type":"Point","coordinates":[-97.775,32.925]},"properties":{"rainfall":467.0,"rainfallInches":4.67}},{"type":"Feature","geometry":{"type":"Point","coordinates":[-97.766667,32.925]},"properties":{"rainfall":467.0,"rainfallInches":4.67}},{"type":"Feature","geometry":{"type":"Point","coordinates":[-97.758334,32.925]},"properties":{"rainfall":466.0,"rainfallInches":4.66}},{"type":"Feature","geometry":{"type":"Point","coordinates":[-97.75,32.925]},"properties":{"rainfall":466.0,"rainfallInches":4.66}},{"type":"Feature","geometry":{"type":"Point","coordinates":[-97.741667,32.925]},"properties":{"rainfall":466.0,"rainfallInches":4.66}},{"type":"Feature","geometry":{"type":"Point","coordinates":[-97.733334,32.925]},"properties":{"rainfall":466.0,"rainfallInches":4.66}},{"type":"Feature","geometry":{"type":"Point","coordinates":[-97.725,32.925]},"properties":{"rainfall":466.0,"rainfallInches":4.66}},{"type":"Feature","geometry":{"type":"Point","coordinates":[-97.716667,32.925]},"properties":{"rainfall":466.0,"rainfallInches":4.66}},{"type":"Feature","geometry":{"type":"Point","coordinates":[-97.708334,32.925]},"properties":{"rainfall":466.0,"rainfallInches":4.66}},{"type":"Feature","geometry":{"type":"Point","coordinates":[-97.7,32.925]},"properties":{"rainfall":466.0,"rainfallInches":4.66}},{"type":"Feature","geometry":{"type":"Point","coordinates":[-97.691667,32.925]},"properties":{"rainfall":466.0,"rainfallInches":4.66}},{"type":"Feature","geometry":{"type":"Point","coordinates":[-97.683334,32.925]},"properties":{"rainfall":466.0,"rainfallInches":4.66}},{"type":"Feature","geometry":{"type":"Point","coordinates":[-97.675,32.925]},"properties":{"rainfall":466.0,"rainfallInches":4.66}},{"type":"Feature","geometry":{"type":"Point","coordinates":[-97.666667,32.925]},"properties":{"rainfall":466.0,"rainfallInches":4.66}},{"type":"Feature","geometry":{"type":"Point","coordinates":[-97.658334,32.925]},"properties":{"rainfall":465.0,"rainfallInches":4.65}},{"type":"Feature","geometry":{"type":"Point","coordinates":[-97.65,32.925]},"properties":{"rainfall":465.0,"rainfallInches":4.65}},{"type":"Feature","geometry":{"type":"Point","coordinates":[-97.641667,32.925]},"properties":{"rainfall":465.0,"rainfallInches":4.65}},{"type":"Feature","geometry":{"type":"Point","coordinates":[-97.633334,32.925]},"properties":{"rainfall":465.0,"rainfallInches":4.65}},{"type":"Feature","geometry":{"type":"Point","coordinates":[-97.625,32.925]},"properties":{"rainfall":465.0,"rainfallInches":4.65}},{"type":"Feature","geometry":{"type":"Point","coordinates":[-97.616667,32.925]},"properties":{"rainfall":465.0,"rainfallInches":4.65}},{"type":"Feature","geometry":{"type":"Point","coordinates":[-97.608334,32.925]},"properties":{"rainfall":465.0,"rainfallInches":4.65}},{"type":"Feature","geometry":{"type":"Point","coordinates":[-97.6,32.925]},"properties":{"rainfall":466.0,"rainfallInches":4.66}},{"type":"Feature","geometry":{"type":"Point","coordinates":[-97.591667,32.925]},"properties":{"rainfall":466.0,"rainfallInches":4.66}},{"type":"Feature","geometry":{"type":"Point","coordinates":[-97.583334,32.925]},"properties":{"rainfall":466.0,"rainfallInches":4.66}},{"type":"Feature","geometry":{"type":"Point","coordinates":[-97.575,32.925]},"properties":{"rainfall":466.0,"rainfallInches":4.66}},{"type":"Feature","geometry":{"type":"Point","coordinates":[-97.566667,32.925]},"properties":{"rainfall":466.0,"rainfallInches":4.66}},{"type":"Feature","geometry":{"type":"Point","coordinates":[-97.558334,32.925]},"properties":{"rainfall":466.0,"rainfallInches":4.66}},{"type":"Feature","geometry":{"type":"Point","coordinates":[-97.55,32.925]},"properties":{"rainfall":467.0,"rainfallInches":4.67}},{"type":"Feature","geometry":{"type":"Point","coordinates":[-98.05,32.916666]},"properties":{"rainfall":467.0,"rainfallInches":4.67}},{"type":"Feature","geometry":{"type":"Point","coordinates":[-98.041667,32.916666]},"properties":{"rainfall":467.0,"rainfallInches":4.67}},{"type":"Feature","geometry":{"type":"Point","coordinates":[-98.033334,32.916666]},"properties":{"rainfall":468.0,"rainfallInches":4.68}},{"type":"Feature","geometry":{"type":"Point","coordinates":[-98.025,32.916666]},"properties":{"rainfall":468.0,"rainfallInches":4.68}},{"type":"Feature","geometry":{"type":"Point","coordinates":[-98.016667,32.916666]},"properties":{"rainfall":468.0,"rainfallInches":4.68}},{"type":"Feature","geometry":{"type":"Point","coordinates":[-98.008334,32.916666]},"properties":{"rainfall":468.0,"rainfallInches":4.68}},{"type":"Feature","geometry":{"type":"Point","coordinates":[-98.0,32.916666]},"properties":{"rainfall":468.0,"rainfallInches":4.68}},{"type":"Feature","geometry":{"type":"Point","coordinates":[-97.991667,32.916666]},"properties":{"rainfall":468.0,"rainfallInches":4.68}},{"type":"Feature","geometry":{"type":"Point","coordinates":[-97.983334,32.916666]},"properties":{"rainfall":468.0,"rainfallInches":4.68}},{"type":"Feature","geometry":{"type":"Point","coordinates":[-97.975,32.916666]},"properties":{"rainfall":468.0,"rainfallInches":4.68}},{"type":"Feature","geometry":{"type":"Point","coordinates":[-97.966667,32.916666]},"properties":{"rainfall":468.0,"rainfallInches":4.68}},{"type":"Feature","geometry":{"type":"Point","coordinates":[-97.958334,32.916666]},"properties":{"rainfall":468.0,"rainfallInches":4.68}},{"type":"Feature","geometry":{"type":"Point","coordinates":[-97.95,32.916666]},"properties":{"rainfall":468.0,"rainfallInches":4.68}},{"type":"Feature","geometry":{"type":"Point","coordinates":[-97.941667,32.916666]},"properties":{"rainfall":468.0,"rainfallInches":4.68}},{"type":"Feature","geometry":{"type":"Point","coordinates":[-97.933334,32.916666]},"properties":{"rainfall":468.0,"rainfallInches":4.68}},{"type":"Feature","geometry":{"type":"Point","coordinates":[-97.925,32.916666]},"properties":{"rainfall":468.0,"rainfallInches":4.68}},{"type":"Feature","geometry":{"type":"Point","coordinates":[-97.916667,32.916666]},"properties":{"rainfall":468.0,"rainfallInches":4.68}},{"type":"Feature","geometry":{"type":"Point","coordinates":[-97.908334,32.916666]},"properties":{"rainfall":469.0,"rainfallInches":4.69}},{"type":"Feature","geometry":{"type":"Point","coordinates":[-97.9,32.916666]},"properties":{"rainfall":469.0,"rainfallInches":4.69}},{"type":"Feature","geometry":{"type":"Point","coordinates":[-97.891667,32.916666]},"properties":{"rainfall":468.0,"rainfallInches":4.68}},{"type":"Feature","geometry":{"type":"Point","coordinates":[-97.883334,32.916666]},"properties":{"rainfall":468.0,"rainfallInches":4.68}},{"type":"Feature","geometry":{"type":"Point","coordinates":[-97.875,32.916666]},"properties":{"rainfall":468.0,"rainfallInches":4.68}},{"type":"Feature","geometry":{"type":"Point","coordinates":[-97.866667,32.916666]},"properties":{"rainfall":468.0,"rainfallInches":4.68}},{"type":"Feature","geometry":{"type":"Point","coordinates":[-97.858334,32.916666]},"properties":{"rainfall":468.0,"rainfallInches":4.68}},{"type":"Feature","geometry":{"type":"Point","coordinates":[-97.85,32.916666]},"properties":{"rainfall":468.0,"rainfallInches":4.68}},{"type":"Feature","geometry":{"type":"Point","coordinates":[-97.841667,32.916666]},"properties":{"rainfall":468.0,"rainfallInches":4.68}},{"type":"Feature","geometry":{"type":"Point","coordinates":[-97.833334,32.916666]},"properties":{"rainfall":468.0,"rainfallInches":4.68}},{"type":"Feature","geometry":{"type":"Point","coordinates":[-97.825,32.916666]},"properties":{"rainfall":468.0,"rainfallInches":4.68}},{"type":"Feature","geometry":{"type":"Point","coordinates":[-97.816667,32.916666]},"properties":{"rainfall":468.0,"rainfallInches":4.68}},{"type":"Feature","geometry":{"type":"Point","coordinates":[-97.808334,32.916666]},"properties":{"rainfall":467.0,"rainfallInches":4.67}},{"type":"Feature","geometry":{"type":"Point","coordinates":[-97.8,32.916666]},"properties":{"rainfall":467.0,"rainfallInches":4.67}},{"type":"Feature","geometry":{"type":"Point","coordinates":[-97.791667,32.916666]},"properties":{"rainfall":467.0,"rainfallInches":4.67}},{"type":"Feature","geometry":{"type":"Point","coordinates":[-97.783334,32.916666]},"properties":{"rainfall":467.0,"rainfallInches":4.67}},{"type":"Feature","geometry":{"type":"Point","coordinates":[-97.775,32.916666]},"properties":{"rainfall":467.0,"rainfallInches":4.67}},{"type":"Feature","geometry":{"type":"Point","coordinates":[-97.766667,32.916666]},"properties":{"rainfall":467.0,"rainfallInches":4.67}},{"type":"Feature","geometry":{"type":"Point","coordinates":[-97.758334,32.916666]},"properties":{"rainfall":466.0,"rainfallInches":4.66}},{"type":"Feature","geometry":{"type":"Point","coordinates":[-97.75,32.916666]},"properties":{"rainfall":466.0,"rainfallInches":4.66}},{"type":"Feature","geometry":{"type":"Point","coordinates":[-97.741667,32.916666]},"properties":{"rainfall":466.0,"rainfallInches":4.66}},{"type":"Feature","geometry":{"type":"Point","coordinates":[-97.733334,32.916666]},"properties":{"rainfall":466.0,"rainfallInches":4.66}},{"type":"Feature","geometry":{"type":"Point","coordinates":[-97.725,32.916666]},"properties":{"rainfall":466.0,"rainfallInches":4.66}},{"type":"Feature","geometry":{"type":"Point","coordinates":[-97.716667,32.916666]},"properties":{"rainfall":466.0,"rainfallInches":4.66}},{"type":"Feature","geometry":{"type":"Point","coordinates":[-97.708334,32.916666]},"properties":{"rainfall":466.0,"rainfallInches":4.66}},{"type":"Feature","geometry":{"type":"Point","coordinates":[-97.7,32.916666]},"properties":{"rainfall":466.0,"rainfallInches":4.66}},{"type":"Feature","geometry":{"type":"Point","coordinates":[-97.691667,32.916666]},"properties":{"rainfall":465.0,"rainfallInches":4.65}},{"type":"Feature","geometry":{"type":"Point","coordinates":[-97.683334,32.916666]},"properties":{"rainfall":465.0,"rainfallInches":4.65}},{"type":"Feature","geometry":{"type":"Point","coordinates":[-97.675,32.916666]},"properties":{"rainfall":465.0,"rainfallInches":4.65}},{"type":"Feature","geometry":{"type":"Point","coordinates":[-97.666667,32.916666]},"properties":{"rainfall":465.0,"rainfallInches":4.65}},{"type":"Feature","geometry":{"type":"Point","coordinates":[-97.658334,32.916666]},"properties":{"rainfall":465.0,"rainfallInches":4.65}},{"type":"Feature","geometry":{"type":"Point","coordinates":[-97.65,32.916666]},"properties":{"rainfall":465.0,"rainfallInches":4.65}},{"type":"Feature","geometry":{"type":"Point","coordinates":[-97.641667,32.916666]},"properties":{"rainfall":465.0,"rainfallInches":4.65}},{"type":"Feature","geometry":{"type":"Point","coordinates":[-97.633334,32.916666]},"properties":{"rainfall":465.0,"rainfallInches":4.65}},{"type":"Feature","geometry":{"type":"Point","coordinates":[-97.625,32.916666]},"properties":{"rainfall":465.0,"rainfallInches":4.65}},{"type":"Feature","geometry":{"type":"Point","coordinates":[-97.616667,32.916666]},"properties":{"rainfall":465.0,"rainfallInches":4.65}},{"type":"Feature","geometry":{"type":"Point","coordinates":[-97.608334,32.916666]},"properties":{"rainfall":465.0,"rainfallInches":4.65}},{"type":"Feature","geometry":{"type":"Point","coordinates":[-97.6,32.916666]},"properties":{"rainfall":465.0,"rainfallInches":4.65}},{"type":"Feature","geometry":{"type":"Point","coordinates":[-97.591667,32.916666]},"properties":{"rainfall":465.0,"rainfallInches":4.65}},{"type":"Feature","geometry":{"type":"Point","coordinates":[-97.583334,32.916666]},"properties":{"rainfall":466.0,"rainfallInches":4.66}},{"type":"Feature","geometry":{"type":"Point","coordinates":[-97.575,32.916666]},"properties":{"rainfall":466.0,"rainfallInches":4.66}},{"type":"Feature","geometry":{"type":"Point","coordinates":[-97.566667,32.916666]},"properties":{"rainfall":466.0,"rainfallInches":4.66}},{"type":"Feature","geometry":{"type":"Point","coordinates":[-97.558334,32.916666]},"properties":{"rainfall":466.0,"rainfallInches":4.66}},{"type":"Feature","geometry":{"type":"Point","coordinates":[-97.55,32.916666]},"properties":{"rainfall":466.0,"rainfallInches":4.66}},{"type":"Feature","geometry":{"type":"Point","coordinates":[-98.05,32.908333]},"properties":{"rainfall":468.0,"rainfallInches":4.68}},{"type":"Feature","geometry":{"type":"Point","coordinates":[-98.041667,32.908333]},"properties":{"rainfall":468.0,"rainfallInches":4.68}},{"type":"Feature","geometry":{"type":"Point","coordinates":[-98.033334,32.908333]},"properties":{"rainfall":468.0,"rainfallInches":4.68}},{"type":"Feature","geometry":{"type":"Point","coordinates":[-98.025,32.908333]},"properties":{"rainfall":468.0,"rainfallInches":4.68}},{"type":"Feature","geometry":{"type":"Point","coordinates":[-98.016667,32.908333]},"properties":{"rainfall":468.0,"rainfallInches":4.68}},{"type":"Feature","geometry":{"type":"Point","coordinates":[-98.008334,32.908333]},"properties":{"rainfall":468.0,"rainfallInches":4.68}},{"type":"Feature","geometry":{"type":"Point","coordinates":[-98.0,32.908333]},"properties":{"rainfall":468.0,"rainfallInches":4.68}},{"type":"Feature","geometry":{"type":"Point","coordinates":[-97.991667,32.908333]},"properties":{"rainfall":468.0,"rainfallInches":4.68}},{"type":"Feature","geometry":{"type":"Point","coordinates":[-97.983334,32.908333]},"properties":{"rainfall":468.0,"rainfallInches":4.68}},{"type":"Feature","geometry":{"type":"Point","coordinates":[-97.975,32.908333]},"properties":{"rainfall":468.0,"rainfallInches":4.68}},{"type":"Feature","geometry":{"type":"Point","coordinates":[-97.966667,32.908333]},"properties":{"rainfall":468.0,"rainfallInches":4.68}},{"type":"Feature","geometry":{"type":"Point","coordinates":[-97.958334,32.908333]},"properties":{"rainfall":468.0,"rainfallInches":4.68}},{"type":"Feature","geometry":{"type":"Point","coordinates":[-97.95,32.908333]},"properties":{"rainfall":468.0,"rainfallInches":4.68}},{"type":"Feature","geometry":{"type":"Point","coordinates":[-97.941667,32.908333]},"properties":{"rainfall":469.0,"rainfallInches":4.69}},{"type":"Feature","geometry":{"type":"Point","coordinates":[-97.933334,32.908333]},"properties":{"rainfall":469.0,"rainfallInches":4.69}},{"type":"Feature","geometry":{"type":"Point","coordinates":[-97.925,32.908333]},"properties":{"rainfall":468.0,"rainfallInches":4.68}},{"type":"Feature","geometry":{"type":"Point","coordinates":[-97.916667,32.908333]},"properties":{"rainfall":468.0,"rainfallInches":4.68}},{"type":"Feature","geometry":{"type":"Point","coordinates":[-97.908334,32.908333]},"properties":{"rainfall":468.0,"rainfallInches":4.68}},{"type":"Feature","geometry":{"type":"Point","coordinates":[-97.9,32.908333]},"properties":{"rainfall":469.0,"rainfallInches":4.69}},{"type":"Feature","geometry":{"type":"Point","coordinates":[-97.891667,32.908333]},"properties":{"rainfall":469.0,"rainfallInches":4.69}},{"type":"Feature","geometry":{"type":"Point","coordinates":[-97.883334,32.908333]},"properties":{"rainfall":468.0,"rainfallInches":4.68}},{"type":"Feature","geometry":{"type":"Point","coordinates":[-97.875,32.908333]},"properties":{"rainfall":468.0,"rainfallInches":4.68}},{"type":"Feature","geometry":{"type":"Point","coordinates":[-97.866667,32.908333]},"properties":{"rainfall":468.0,"rainfallInches":4.68}},{"type":"Feature","geometry":{"type":"Point","coordinates":[-97.858334,32.908333]},"properties":{"rainfall":468.0,"rainfallInches":4.68}},{"type":"Feature","geometry":{"type":"Point","coordinates":[-97.85,32.908333]},"properties":{"rainfall":468.0,"rainfallInches":4.68}},{"type":"Feature","geometry":{"type":"Point","coordinates":[-97.841667,32.908333]},"properties":{"rainfall":468.0,"rainfallInches":4.68}},{"type":"Feature","geometry":{"type":"Point","coordinates":[-97.833334,32.908333]},"properties":{"rainfall":468.0,"rainfallInches":4.68}},{"type":"Feature","geometry":{"type":"Point","coordinates":[-97.825,32.908333]},"properties":{"rainfall":468.0,"rainfallInches":4.68}},{"type":"Feature","geometry":{"type":"Point","coordinates":[-97.816667,32.908333]},"properties":{"rainfall":468.0,"rainfallInches":4.68}},{"type":"Feature","geometry":{"type":"Point","coordinates":[-97.808334,32.908333]},"properties":{"rainfall":467.0,"rainfallInches":4.67}},{"type":"Feature","geometry":{"type":"Point","coordinates":[-97.8,32.908333]},"properties":{"rainfall":467.0,"rainfallInches":4.67}},{"type":"Feature","geometry":{"type":"Point","coordinates":[-97.791667,32.908333]},"properties":{"rainfall":467.0,"rainfallInches":4.67}},{"type":"Feature","geometry":{"type":"Point","coordinates":[-97.783334,32.908333]},"properties":{"rainfall":467.0,"rainfallInches":4.67}},{"type":"Feature","geometry":{"type":"Point","coordinates":[-97.775,32.908333]},"properties":{"rainfall":467.0,"rainfallInches":4.67}},{"type":"Feature","geometry":{"type":"Point","coordinates":[-97.766667,32.908333]},"properties":{"rainfall":466.0,"rainfallInches":4.66}},{"type":"Feature","geometry":{"type":"Point","coordinates":[-97.758334,32.908333]},"properties":{"rainfall":466.0,"rainfallInches":4.66}},{"type":"Feature","geometry":{"type":"Point","coordinates":[-97.75,32.908333]},"properties":{"rainfall":466.0,"rainfallInches":4.66}},{"type":"Feature","geometry":{"type":"Point","coordinates":[-97.741667,32.908333]},"properties":{"rainfall":466.0,"rainfallInches":4.66}},{"type":"Feature","geometry":{"type":"Point","coordinates":[-97.733334,32.908333]},"properties":{"rainfall":466.0,"rainfallInches":4.66}},{"type":"Feature","geometry":{"type":"Point","coordinates":[-97.725,32.908333]},"properties":{"rainfall":466.0,"rainfallInches":4.66}},{"type":"Feature","geometry":{"type":"Point","coordinates":[-97.716667,32.908333]},"properties":{"rainfall":465.0,"rainfallInches":4.65}},{"type":"Feature","geometry":{"type":"Point","coordinates":[-97.708334,32.908333]},"properties":{"rainfall":465.0,"rainfallInches":4.65}},{"type":"Feature","geometry":{"type":"Point","coordinates":[-97.7,32.908333]},"properties":{"rainfall":465.0,"rainfallInches":4.65}},{"type":"Feature","geometry":{"type":"Point","coordinates":[-97.691667,32.908333]},"properties":{"rainfall":465.0,"rainfallInches":4.65}},{"type":"Feature","geometry":{"type":"Point","coordinates":[-97.683334,32.908333]},"properties":{"rainfall":465.0,"rainfallInches":4.65}},{"type":"Feature","geometry":{"type":"Point","coordinates":[-97.675,32.908333]},"properties":{"rainfall":465.0,"rainfallInches":4.65}},{"type":"Feature","geometry":{"type":"Point","coordinates":[-97.666667,32.908333]},"properties":{"rainfall":465.0,"rainfallInches":4.65}},{"type":"Feature","geometry":{"type":"Point","coordinates":[-97.658334,32.908333]},"properties":{"rainfall":465.0,"rainfallInches":4.65}},{"type":"Feature","geometry":{"type":"Point","coordinates":[-97.65,32.908333]},"properties":{"rainfall":465.0,"rainfallInches":4.65}},{"type":"Feature","geometry":{"type":"Point","coordinates":[-97.641667,32.908333]},"properties":{"rainfall":465.0,"rainfallInches":4.65}},{"type":"Feature","geometry":{"type":"Point","coordinates":[-97.633334,32.908333]},"properties":{"rainfall":465.0,"rainfallInches":4.65}},{"type":"Feature","geometry":{"type":"Point","coordinates":[-97.625,32.908333]},"properties":{"rainfall":465.0,"rainfallInches":4.65}},{"type":"Feature","geometry":{"type":"Point","coordinates":[-97.616667,32.908333]},"properties":{"rainfall":465.0,"rainfallInches":4.65}},{"type":"Feature","geometry":{"type":"Point","coordinates":[-97.608334,32.908333]},"properties":{"rainfall":465.0,"rainfallInches":4.65}},{"type":"Feature","geometry":{"type":"Point","coordinates":[-97.6,32.908333]},"properties":{"rainfall":465.0,"rainfallInches":4.65}},{"type":"Feature","geometry":{"type":"Point","coordinates":[-97.591667,32.908333]},"properties":{"rainfall":465.0,"rainfallInches":4.65}},{"type":"Feature","geometry":{"type":"Point","coordinates":[-97.583334,32.908333]},"properties":{"rainfall":465.0,"rainfallInches":4.65}},{"type":"Feature","geometry":{"type":"Point","coordinates":[-97.575,32.908333]},"properties":{"rainfall":465.0,"rainfallInches":4.65}},{"type":"Feature","geometry":{"type":"Point","coordinates":[-97.566667,32.908333]},"properties":{"rainfall":466.0,"rainfallInches":4.66}},{"type":"Feature","geometry":{"type":"Point","coordinates":[-97.558334,32.908333]},"properties":{"rainfall":466.0,"rainfallInches":4.66}},{"type":"Feature","geometry":{"type":"Point","coordinates":[-97.55,32.908333]},"properties":{"rainfall":466.0,"rainfallInches":4.66}},{"type":"Feature","geometry":{"type":"Point","coordinates":[-98.05,32.9]},"properties":{"rainfall":468.0,"rainfallInches":4.68}},{"type":"Feature","geometry":{"type":"Point","coordinates":[-98.041667,32.9]},"properties":{"rainfall":468.0,"rainfallInches":4.68}},{"type":"Feature","geometry":{"type":"Point","coordinates":[-98.033334,32.9]},"properties":{"rainfall":468.0,"rainfallInches":4.68}},{"type":"Feature","geometry":{"type":"Point","coordinates":[-98.025,32.9]},"properties":{"rainfall":468.0,"rainfallInches":4.68}},{"type":"Feature","geometry":{"type":"Point","coordinates":[-98.016667,32.9]},"properties":{"rainfall":468.0,"rainfallInches":4.68}},{"type":"Feature","geometry":{"type":"Point","coordinates":[-98.008334,32.9]},"properties":{"rainfall":469.0,"rainfallInches":4.69}},{"type":"Feature","geometry":{"type":"Point","coordinates":[-98.0,32.9]},"properties":{"rainfall":469.0,"rainfallInches":4.69}},{"type":"Feature","geometry":{"type":"Point","coordinates":[-97.991667,32.9]},"properties":{"rainfall":469.0,"rainfallInches":4.69}},{"type":"Feature","geometry":{"type":"Point","coordinates":[-97.983334,32.9]},"properties":{"rainfall":469.0,"rainfallInches":4.69}},{"type":"Feature","geometry":{"type":"Point","coordinates":[-97.975,32.9]},"properties":{"rainfall":469.0,"rainfallInches":4.69}},{"type":"Feature","geometry":{"type":"Point","coordinates":[-97.966667,32.9]},"properties":{"rainfall":469.0,"rainfallInches":4.69}},{"type":"Feature","geometry":{"type":"Point","coordinates":[-97.958334,32.9]},"properties":{"rainfall":469.0,"rainfallInches":4.69}},{"type":"Feature","geometry":{"type":"Point","coordinates":[-97.95,32.9]},"properties":{"rainfall":468.0,"rainfallInches":4.68}},{"type":"Feature","geometry":{"type":"Point","coordinates":[-97.941667,32.9]},"properties":{"rainfall":468.0,"rainfallInches":4.68}},{"type":"Feature","geometry":{"type":"Point","coordinates":[-97.933334,32.9]},"properties":{"rainfall":469.0,"rainfallInches":4.69}},{"type":"Feature","geometry":{"type":"Point","coordinates":[-97.925,32.9]},"properties":{"rainfall":469.0,"rainfallInches":4.69}},{"type":"Feature","geometry":{"type":"Point","coordinates":[-97.916667,32.9]},"properties":{"rainfall":468.0,"rainfallInches":4.68}},{"type":"Feature","geometry":{"type":"Point","coordinates":[-97.908334,32.9]},"properties":{"rainfall":468.0,"rainfallInches":4.68}},{"type":"Feature","geometry":{"type":"Point","coordinates":[-97.9,32.9]},"properties":{"rainfall":469.0,"rainfallInches":4.69}},{"type":"Feature","geometry":{"type":"Point","coordinates":[-97.891667,32.9]},"properties":{"rainfall":469.0,"rainfallInches":4.69}},{"type":"Feature","geometry":{"type":"Point","coordinates":[-97.883334,32.9]},"properties":{"rainfall":468.0,"rainfallInches":4.68}},{"type":"Feature","geometry":{"type":"Point","coordinates":[-97.875,32.9]},"properties":{"rainfall":468.0,"rainfallInches":4.68}},{"type":"Feature","geometry":{"type":"Point","coordinates":[-97.866667,32.9]},"properties":{"rainfall":468.0,"rainfallInches":4.68}},{"type":"Feature","geometry":{"type":"Point","coordinates":[-97.858334,32.9]},"properties":{"rainfall":468.0,"rainfallInches":4.68}},{"type":"Feature","geometry":{"type":"Point","coordinates":[-97.85,32.9]},"properties":{"rainfall":468.0,"rainfallInches":4.68}},{"type":"Feature","geometry":{"type":"Point","coordinates":[-97.841667,32.9]},"properties":{"rainfall":468.0,"rainfallInches":4.68}},{"type":"Feature","geometry":{"type":"Point","coordinates":[-97.833334,32.9]},"properties":{"rainfall":468.0,"rainfallInches":4.68}},{"type":"Feature","geometry":{"type":"Point","coordinates":[-97.825,32.9]},"properties":{"rainfall":468.0,"rainfallInches":4.68}},{"type":"Feature","geometry":{"type":"Point","coordinates":[-97.816667,32.9]},"properties":{"rainfall":467.0,"rainfallInches":4.67}},{"type":"Feature","geometry":{"type":"Point","coordinates":[-97.808334,32.9]},"properties":{"rainfall":467.0,"rainfallInches":4.67}},{"type":"Feature","geometry":{"type":"Point","coordinates":[-97.8,32.9]},"properties":{"rainfall":467.0,"rainfallInches":4.67}},{"type":"Feature","geometry":{"type":"Point","coordinates":[-97.791667,32.9]},"properties":{"rainfall":467.0,"rainfallInches":4.67}},{"type":"Feature","geometry":{"type":"Point","coordinates":[-97.783334,32.9]},"properties":{"rainfall":467.0,"rainfallInches":4.67}},{"type":"Feature","geometry":{"type":"Point","coordinates":[-97.775,32.9]},"properties":{"rainfall":466.0,"rainfallInches":4.66}},{"type":"Feature","geometry":{"type":"Point","coordinates":[-97.766667,32.9]},"properties":{"rainfall":466.0,"rainfallInches":4.66}},{"type":"Feature","geometry":{"type":"Point","coordinates":[-97.758334,32.9]},"properties":{"rainfall":466.0,"rainfallInches":4.66}},{"type":"Feature","geometry":{"type":"Point","coordinates":[-97.75,32.9]},"properties":{"rainfall":466.0,"rainfallInches":4.66}},{"type":"Feature","geometry":{"type":"Point","coordinates":[-97.741667,32.9]},"properties":{"rainfall":466.0,"rainfallInches":4.66}},{"type":"Feature","geometry":{"type":"Point","coordinates":[-97.733334,32.9]},"properties":{"rainfall":465.0,"rainfallInches":4.65}},{"type":"Feature","geometry":{"type":"Point","coordinates":[-97.725,32.9]},"properties":{"rainfall":465.0,"rainfallInches":4.65}},{"type":"Feature","geometry":{"type":"Point","coordinates":[-97.716667,32.9]},"properties":{"rainfall":465.0,"rainfallInches":4.65}},{"type":"Feature","geometry":{"type":"Point","coordinates":[-97.708334,32.9]},"properties":{"rainfall":465.0,"rainfallInches":4.65}},{"type":"Feature","geometry":{"type":"Point","coordinates":[-97.7,32.9]},"properties":{"rainfall":465.0,"rainfallInches":4.65}},{"type":"Feature","geometry":{"type":"Point","coordinates":[-97.691667,32.9]},"properties":{"rainfall":465.0,"rainfallInches":4.65}},{"type":"Feature","geometry":{"type":"Point","coordinates":[-97.683334,32.9]},"properties":{"rainfall":465.0,"rainfallInches":4.65}},{"type":"Feature","geometry":{"type":"Point","coordinates":[-97.675,32.9]},"properties":{"rainfall":465.0,"rainfallInches":4.65}},{"type":"Feature","geometry":{"type":"Point","coordinates":[-97.666667,32.9]},"properties":{"rainfall":465.0,"rainfallInches":4.65}},{"type":"Feature","geometry":{"type":"Point","coordinates":[-97.658334,32.9]},"properties":{"rainfall":464.0,"rainfallInches":4.64}},{"type":"Feature","geometry":{"type":"Point","coordinates":[-97.65,32.9]},"properties":{"rainfall":464.0,"rainfallInches":4.64}},{"type":"Feature","geometry":{"type":"Point","coordinates":[-97.641667,32.9]},"properties":{"rainfall":464.0,"rainfallInches":4.64}},{"type":"Feature","geometry":{"type":"Point","coordinates":[-97.633334,32.9]},"properties":{"rainfall":464.0,"rainfallInches":4.64}},{"type":"Feature","geometry":{"type":"Point","coordinates":[-97.625,32.9]},"properties":{"rainfall":464.0,"rainfallInches":4.64}},{"type":"Feature","geometry":{"type":"Point","coordinates":[-97.616667,32.9]},"properties":{"rainfall":464.0,"rainfallInches":4.64}},{"type":"Feature","geometry":{"type":"Point","coordinates":[-97.608334,32.9]},"properties":{"rainfall":464.0,"rainfallInches":4.64}},{"type":"Feature","geometry":{"type":"Point","coordinates":[-97.6,32.9]},"properties":{"rainfall":465.0,"rainfallInches":4.65}},{"type":"Feature","geometry":{"type":"Point","coordinates":[-97.591667,32.9]},"properties":{"rainfall":465.0,"rainfallInches":4.65}},{"type":"Feature","geometry":{"type":"Point","coordinates":[-97.583334,32.9]},"properties":{"rainfall":465.0,"rainfallInches":4.65}},{"type":"Feature","geometry":{"type":"Point","coordinates":[-97.575,32.9]},"properties":{"rainfall":465.0,"rainfallInches":4.65}},{"type":"Feature","geometry":{"type":"Point","coordinates":[-97.566667,32.9]},"properties":{"rainfall":465.0,"rainfallInches":4.65}},{"type":"Feature","geometry":{"type":"Point","coordinates":[-97.558334,32.9]},"properties":{"rainfall":466.0,"rainfallInches":4.66}},{"type":"Feature","geometry":{"type":"Point","coordinates":[-97.55,32.9]},"properties":{"rainfall":466.0,"rainfallInches":4.66}},{"type":"Feature","geometry":{"type":"Point","coordinates":[-98.058334,32.891666]},"properties":{"rainfall":468.0,"rainfallInches":4.68}},{"type":"Feature","geometry":{"type":"Point","coordinates":[-98.05,32.891666]},"properties":{"rainfall":468.0,"rainfallInches":4.68}},{"type":"Feature","geometry":{"type":"Point","coordinates":[-98.041667,32.891666]},"properties":{"rainfall":468.0,"rainfallInches":4.68}},{"type":"Feature","geometry":{"type":"Point","coordinates":[-98.033334,32.891666]},"properties":{"rainfall":469.0,"rainfallInches":4.69}},{"type":"Feature","geometry":{"type":"Point","coordinates":[-98.025,32.891666]},"properties":{"rainfall":469.0,"rainfallInches":4.69}},{"type":"Feature","geometry":{"type":"Point","coordinates":[-98.016667,32.891666]},"properties":{"rainfall":469.0,"rainfallInches":4.69}},{"type":"Feature","geometry":{"type":"Point","coordinates":[-98.008334,32.891666]},"properties":{"rainfall":469.0,"rainfallInches":4.69}},{"type":"Feature","geometry":{"type":"Point","coordinates":[-98.0,32.891666]},"properties":{"rainfall":469.0,"rainfallInches":4.69}},{"type":"Feature","geometry":{"type":"Point","coordinates":[-97.991667,32.891666]},"properties":{"rainfall":469.0,"rainfallInches":4.69}},{"type":"Feature","geometry":{"type":"Point","coordinates":[-97.983334,32.891666]},"properties":{"rainfall":469.0,"rainfallInches":4.69}},{"type":"Feature","geometry":{"type":"Point","coordinates":[-97.975,32.891666]},"properties":{"rainfall":469.0,"rainfallInches":4.69}},{"type":"Feature","geometry":{"type":"Point","coordinates":[-97.966667,32.891666]},"properties":{"rainfall":469.0,"rainfallInches":4.69}},{"type":"Feature","geometry":{"type":"Point","coordinates":[-97.958334,32.891666]},"properties":{"rainfall":469.0,"rainfallInches":4.69}},{"type":"Feature","geometry":{"type":"Point","coordinates":[-97.95,32.891666]},"properties":{"rainfall":469.0,"rainfallInches":4.69}},{"type":"Feature","geometry":{"type":"Point","coordinates":[-97.941667,32.891666]},"properties":{"rainfall":469.0,"rainfallInches":4.69}},{"type":"Feature","geometry":{"type":"Point","coordinates":[-97.933334,32.891666]},"properties":{"rainfall":468.0,"rainfallInches":4.68}},{"type":"Feature","geometry":{"type":"Point","coordinates":[-97.925,32.891666]},"properties":{"rainfall":469.0,"rainfallInches":4.69}},{"type":"Feature","geometry":{"type":"Point","coordinates":[-97.916667,32.891666]},"properties":{"rainfall":469.0,"rainfallInches":4.69}},{"type":"Feature","geometry":{"type":"Point","coordinates":[-97.908334,32.891666]},"properties":{"rainfall":468.0,"rainfallInches":4.68}},{"type":"Feature","geometry":{"type":"Point","coordinates":[-97.9,32.891666]},"properties":{"rainfall":468.0,"rainfallInches":4.68}},{"type":"Feature","geometry":{"type":"Point","coordinates":[-97.891667,32.891666]},"properties":{"rainfall":468.0,"rainfallInches":4.68}},{"type":"Feature","geometry":{"type":"Point","coordinates":[-97.883334,32.891666]},"properties":{"rainfall":468.0,"rainfallInches":4.68}},{"type":"Feature","geometry":{"type":"Point","coordinates":[-97.875,32.891666]},"properties":{"rainfall":468.0,"rainfallInches":4.68}},{"type":"Feature","geometry":{"type":"Point","coordinates":[-97.866667,32.891666]},"properties":{"rainfall":468.0,"rainfallInches":4.68}},{"type":"Feature","geometry":{"type":"Point","coordinates":[-97.858334,32.891666]},"properties":{"rainfall":468.0,"rainfallInches":4.68}},{"type":"Feature","geometry":{"type":"Point","coordinates":[-97.85,32.891666]},"properties":{"rainfall":468.0,"rainfallInches":4.68}},{"type":"Feature","geometry":{"type":"Point","coordinates":[-97.841667,32.891666]},"properties":{"rainfall":468.0,"rainfallInches":4.68}},{"type":"Feature","geometry":{"type":"Point","coordinates":[-97.833334,32.891666]},"properties":{"rainfall":468.0,"rainfallInches":4.68}},{"type":"Feature","geometry":{"type":"Point","coordinates":[-97.825,32.891666]},"properties":{"rainfall":468.0,"rainfallInches":4.68}},{"type":"Feature","geometry":{"type":"Point","coordinates":[-97.816667,32.891666]},"properties":{"rainfall":467.0,"rainfallInches":4.67}},{"type":"Feature","geometry":{"type":"Point","coordinates":[-97.808334,32.891666]},"properties":{"rainfall":467.0,"rainfallInches":4.67}},{"type":"Feature","geometry":{"type":"Point","coordinates":[-97.8,32.891666]},"properties":{"rainfall":467.0,"rainfallInches":4.67}},{"type":"Feature","geometry":{"type":"Point","coordinates":[-97.791667,32.891666]},"properties":{"rainfall":467.0,"rainfallInches":4.67}},{"type":"Feature","geometry":{"type":"Point","coordinates":[-97.783334,32.891666]},"properties":{"rainfall":467.0,"rainfallInches":4.67}},{"type":"Feature","geometry":{"type":"Point","coordinates":[-97.775,32.891666]},"properties":{"rainfall":466.0,"rainfallInches":4.66}},{"type":"Feature","geometry":{"type":"Point","coordinates":[-97.766667,32.891666]},"properties":{"rainfall":466.0,"rainfallInches":4.66}},{"type":"Feature","geometry":{"type":"Point","coordinates":[-97.758334,32.891666]},"properties":{"rainfall":466.0,"rainfallInches":4.66}},{"type":"Feature","geometry":{"type":"Point","coordinates":[-97.75,32.891666]},"properties":{"rainfall":466.0,"rainfallInches":4.66}},{"type":"Feature","geometry":{"type":"Point","coordinates":[-97.741667,32.891666]},"properties":{"rainfall":465.0,"rainfallInches":4.65}},{"type":"Feature","geometry":{"type":"Point","coordinates":[-97.733334,32.891666]},"properties":{"rainfall":465.0,"rainfallInches":4.65}},{"type":"Feature","geometry":{"type":"Point","coordinates":[-97.725,32.891666]},"properties":{"rainfall":465.0,"rainfallInches":4.65}},{"type":"Feature","geometry":{"type":"Point","coordinates":[-97.716667,32.891666]},"properties":{"rainfall":465.0,"rainfallInches":4.65}},{"type":"Feature","geometry":{"type":"Point","coordinates":[-97.708334,32.891666]},"properties":{"rainfall":465.0,"rainfallInches":4.65}},{"type":"Feature","geometry":{"type":"Point","coordinates":[-97.7,32.891666]},"properties":{"rainfall":465.0,"rainfallInches":4.65}},{"type":"Feature","geometry":{"type":"Point","coordinates":[-97.691667,32.891666]},"properties":{"rainfall":465.0,"rainfallInches":4.65}},{"type":"Feature","geometry":{"type":"Point","coordinates":[-97.683334,32.891666]},"properties":{"rainfall":464.0,"rainfallInches":4.64}},{"type":"Feature","geometry":{"type":"Point","coordinates":[-97.675,32.891666]},"properties":{"rainfall":464.0,"rainfallInches":4.64}},{"type":"Feature","geometry":{"type":"Point","coordinates":[-97.666667,32.891666]},"properties":{"rainfall":464.0,"rainfallInches":4.64}},{"type":"Feature","geometry":{"type":"Point","coordinates":[-97.658334,32.891666]},"properties":{"rainfall":464.0,"rainfallInches":4.64}},{"type":"Feature","geometry":{"type":"Point","coordinates":[-97.65,32.891666]},"properties":{"rainfall":464.0,"rainfallInches":4.64}},{"type":"Feature","geometry":{"type":"Point","coordinates":[-97.641667,32.891666]},"properties":{"rainfall":464.0,"rainfallInches":4.64}},{"type":"Feature","geometry":{"type":"Point","coordinates":[-97.633334,32.891666]},"properties":{"rainfall":464.0,"rainfallInches":4.64}},{"type":"Feature","geometry":{"type":"Point","coordinates":[-97.625,32.891666]},"properties":{"rainfall":464.0,"rainfallInches":4.64}},{"type":"Feature","geometry":{"type":"Point","coordinates":[-97.616667,32.891666]},"properties":{"rainfall":464.0,"rainfallInches":4.64}},{"type":"Feature","geometry":{"type":"Point","coordinates":[-97.608334,32.891666]},"properties":{"rainfall":464.0,"rainfallInches":4.64}},{"type":"Feature","geometry":{"type":"Point","coordinates":[-97.6,32.891666]},"properties":{"rainfall":464.0,"rainfallInches":4.64}},{"type":"Feature","geometry":{"type":"Point","coordinates":[-97.591667,32.891666]},"properties":{"rainfall":464.0,"rainfallInches":4.64}},{"type":"Feature","geometry":{"type":"Point","coordinates":[-97.583334,32.891666]},"properties":{"rainfall":465.0,"rainfallInches":4.65}},{"type":"Feature","geometry":{"type":"Point","coordinates":[-97.575,32.891666]},"properties":{"rainfall":465.0,"rainfallInches":4.65}},{"type":"Feature","geometry":{"type":"Point","coordinates":[-97.566667,32.891666]},"properties":{"rainfall":465.0,"rainfallInches":4.65}},{"type":"Feature","geometry":{"type":"Point","coordinates":[-97.558334,32.891666]},"properties":{"rainfall":465.0,"rainfallInches":4.65}},{"type":"Feature","geometry":{"type":"Point","coordinates":[-97.55,32.891666]},"properties":{"rainfall":466.0,"rainfallInches":4.66}},{"type":"Feature","geometry":{"type":"Point","coordinates":[-98.058334,32.883333]},"properties":{"rainfall":468.0,"rainfallInches":4.68}},{"type":"Feature","geometry":{"type":"Point","coordinates":[-98.05,32.883333]},"properties":{"rainfall":469.0,"rainfallInches":4.69}},{"type":"Feature","geometry":{"type":"Point","coordinates":[-98.041667,32.883333]},"properties":{"rainfall":469.0,"rainfallInches":4.69}},{"type":"Feature","geometry":{"type":"Point","coordinates":[-98.033334,32.883333]},"properties":{"rainfall":469.0,"rainfallInches":4.69}},{"type":"Feature","geometry":{"type":"Point","coordinates":[-98.025,32.883333]},"properties":{"rainfall":469.0,"rainfallInches":4.69}},{"type":"Feature","geometry":{"type":"Point","coordinates":[-98.016667,32.883333]},"properties":{"rainfall":469.0,"rainfallInches":4.69}},{"type":"Feature","geometry":{"type":"Point","coordinates":[-98.008334,32.883333]},"properties":{"rainfall":469.0,"rainfallInches":4.69}},{"type":"Feature","geometry":{"type":"Point","coordinates":[-98.0,32.883333]},"properties":{"rainfall":469.0,"rainfallInches":4.69}},{"type":"Feature","geometry":{"type":"Point","coordinates":[-97.991667,32.883333]},"properties":{"rainfall":469.0,"rainfallInches":4.69}},{"type":"Feature","geometry":{"type":"Point","coordinates":[-97.983334,32.883333]},"properties":{"rainfall":469.0,"rainfallInches":4.69}},{"type":"Feature","geometry":{"type":"Point","coordinates":[-97.975,32.883333]},"properties":{"rainfall":469.0,"rainfallInches":4.69}},{"type":"Feature","geometry":{"type":"Point","coordinates":[-97.966667,32.883333]},"properties":{"rainfall":469.0,"rainfallInches":4.69}},{"type":"Feature","geometry":{"type":"Point","coordinates":[-97.958334,32.883333]},"properties":{"rainfall":469.0,"rainfallInches":4.69}},{"type":"Feature","geometry":{"type":"Point","coordinates":[-97.95,32.883333]},"properties":{"rainfall":469.0,"rainfallInches":4.69}},{"type":"Feature","geometry":{"type":"Point","coordinates":[-97.941667,32.883333]},"properties":{"rainfall":469.0,"rainfallInches":4.69}},{"type":"Feature","geometry":{"type":"Point","coordinates":[-97.933334,32.883333]},"properties":{"rainfall":469.0,"rainfallInches":4.69}},{"type":"Feature","geometry":{"type":"Point","coordinates":[-97.925,32.883333]},"properties":{"rainfall":469.0,"rainfallInches":4.69}},{"type":"Feature","geometry":{"type":"Point","coordinates":[-97.916667,32.883333]},"properties":{"rainfall":469.0,"rainfallInches":4.69}},{"type":"Feature","geometry":{"type":"Point","coordinates":[-97.908334,32.883333]},"properties":{"rainfall":468.0,"rainfallInches":4.68}},{"type":"Feature","geometry":{"type":"Point","coordinates":[-97.9,32.883333]},"properties":{"rainfall":468.0,"rainfallInches":4.68}},{"type":"Feature","geometry":{"type":"Point","coordinates":[-97.891667,32.883333]},"properties":{"rainfall":468.0,"rainfallInches":4.68}},{"type":"Feature","geometry":{"type":"Point","coordinates":[-97.883334,32.883333]},"properties":{"rainfall":468.0,"rainfallInches":4.68}},{"type":"Feature","geometry":{"type":"Point","coordinates":[-97.875,32.883333]},"properties":{"rainfall":468.0,"rainfallInches":4.68}},{"type":"Feature","geometry":{"type":"Point","coordinates":[-97.866667,32.883333]},"properties":{"rainfall":468.0,"rainfallInches":4.68}},{"type":"Feature","geometry":{"type":"Point","coordinates":[-97.858334,32.883333]},"properties":{"rainfall":468.0,"rainfallInches":4.68}},{"type":"Feature","geometry":{"type":"Point","coordinates":[-97.85,32.883333]},"properties":{"rainfall":468.0,"rainfallInches":4.68}},{"type":"Feature","geometry":{"type":"Point","coordinates":[-97.841667,32.883333]},"properties":{"rainfall":468.0,"rainfallInches":4.68}},{"type":"Feature","geometry":{"type":"Point","coordinates":[-97.833334,32.883333]},"properties":{"rainfall":467.0,"rainfallInches":4.67}},{"type":"Feature","geometry":{"type":"Point","coordinates":[-97.825,32.883333]},"properties":{"rainfall":467.0,"rainfallInches":4.67}},{"type":"Feature","geometry":{"type":"Point","coordinates":[-97.816667,32.883333]},"properties":{"rainfall":467.0,"rainfallInches":4.67}},{"type":"Feature","geometry":{"type":"Point","coordinates":[-97.808334,32.883333]},"properties":{"rainfall":467.0,"rainfallInches":4.67}},{"type":"Feature","geometry":{"type":"Point","coordinates":[-97.8,32.883333]},"properties":{"rainfall":467.0,"rainfallInches":4.67}},{"type":"Feature","geometry":{"type":"Point","coordinates":[-97.791667,32.883333]},"properties":{"rainfall":467.0,"rainfallInches":4.67}},{"type":"Feature","geometry":{"type":"Point","coordinates":[-97.783334,32.883333]},"properties":{"rainfall":466.0,"rainfallInches":4.66}},{"type":"Feature","geometry":{"type":"Point","coordinates":[-97.775,32.883333]},"properties":{"rainfall":466.0,"rainfallInches":4.66}},{"type":"Feature","geometry":{"type":"Point","coordinates":[-97.766667,32.883333]},"properties":{"rainfall":466.0,"rainfallInches":4.66}},{"type":"Feature","geometry":{"type":"Point","coordinates":[-97.758334,32.883333]},"properties":{"rainfall":466.0,"rainfallInches":4.66}},{"type":"Feature","geometry":{"type":"Point","coordinates":[-97.75,32.883333]},"properties":{"rainfall":465.0,"rainfallInches":4.65}},{"type":"Feature","geometry":{"type":"Point","coordinates":[-97.741667,32.883333]},"properties":{"rainfall":465.0,"rainfallInches":4.65}},{"type":"Feature","geometry":{"type":"Point","coordinates":[-97.733334,32.883333]},"properties":{"rainfall":465.0,"rainfallInches":4.65}},{"type":"Feature","geometry":{"type":"Point","coordinates":[-97.725,32.883333]},"properties":{"rainfall":465.0,"rainfallInches":4.65}},{"type":"Feature","geometry":{"type":"Point","coordinates":[-97.716667,32.883333]},"properties":{"rainfall":465.0,"rainfallInches":4.65}},{"type":"Feature","geometry":{"type":"Point","coordinates":[-97.708334,32.883333]},"properties":{"rainfall":464.0,"rainfallInches":4.64}},{"type":"Feature","geometry":{"type":"Point","coordinates":[-97.7,32.883333]},"properties":{"rainfall":464.0,"rainfallInches":4.64}},{"type":"Feature","geometry":{"type":"Point","coordinates":[-97.691667,32.883333]},"properties":{"rainfall":464.0,"rainfallInches":4.64}},{"type":"Feature","geometry":{"type":"Point","coordinates":[-97.683334,32.883333]},"properties":{"rainfall":464.0,"rainfallInches":4.64}},{"type":"Feature","geometry":{"type":"Point","coordinates":[-97.675,32.883333]},"properties":{"rainfall":464.0,"rainfallInches":4.64}},{"type":"Feature","geometry":{"type":"Point","coordinates":[-97.666667,32.883333]},"properties":{"rainfall":464.0,"rainfallInches":4.64}},{"type":"Feature","geometry":{"type":"Point","coordinates":[-97.658334,32.883333]},"properties":{"rainfall":464.0,"rainfallInches":4.64}},{"type":"Feature","geometry":{"type":"Point","coordinates":[-97.65,32.883333]},"properties":{"rainfall":464.0,"rainfallInches":4.64}},{"type":"Feature","geometry":{"type":"Point","coordinates":[-97.641667,32.883333]},"properties":{"rainfall":464.0,"rainfallInches":4.64}},{"type":"Feature","geometry":{"type":"Point","coordinates":[-97.633334,32.883333]},"properties":{"rainfall":464.0,"rainfallInches":4.64}},{"type":"Feature","geometry":{"type":"Point","coordinates":[-97.625,32.883333]},"properties":{"rainfall":464.0,"rainfallInches":4.64}},{"type":"Feature","geometry":{"type":"Point","coordinates":[-97.616667,32.883333]},"properties":{"rainfall":464.0,"rainfallInches":4.64}},{"type":"Feature","geometry":{"type":"Point","coordinates":[-97.608334,32.883333]},"properties":{"rainfall":464.0,"rainfallInches":4.64}},{"type":"Feature","geometry":{"type":"Point","coordinates":[-97.6,32.883333]},"properties":{"rainfall":464.0,"rainfallInches":4.64}},{"type":"Feature","geometry":{"type":"Point","coordinates":[-97.591667,32.883333]},"properties":{"rainfall":464.0,"rainfallInches":4.64}},{"type":"Feature","geometry":{"type":"Point","coordinates":[-97.583334,32.883333]},"properties":{"rainfall":464.0,"rainfallInches":4.64}},{"type":"Feature","geometry":{"type":"Point","coordinates":[-97.575,32.883333]},"properties":{"rainfall":465.0,"rainfallInches":4.65}},{"type":"Feature","geometry":{"type":"Point","coordinates":[-97.566667,32.883333]},"properties":{"rainfall":465.0,"rainfallInches":4.65}},{"type":"Feature","geometry":{"type":"Point","coordinates":[-97.558334,32.883333]},"properties":{"rainfall":465.0,"rainfallInches":4.65}},{"type":"Feature","geometry":{"type":"Point","coordinates":[-97.55,32.883333]},"properties":{"rainfall":465.0,"rainfallInches":4.65}},{"type":"Feature","geometry":{"type":"Point","coordinates":[-98.058334,32.875]},"properties":{"rainfall":469.0,"rainfallInches":4.69}},{"type":"Feature","geometry":{"type":"Point","coordinates":[-98.05,32.875]},"properties":{"rainfall":469.0,"rainfallInches":4.69}},{"type":"Feature","geometry":{"type":"Point","coordinates":[-98.041667,32.875]},"properties":{"rainfall":469.0,"rainfallInches":4.69}},{"type":"Feature","geometry":{"type":"Point","coordinates":[-98.033334,32.875]},"properties":{"rainfall":469.0,"rainfallInches":4.69}},{"type":"Feature","geometry":{"type":"Point","coordinates":[-98.025,32.875]},"properties":{"rainfall":470.0,"rainfallInches":4.7}},{"type":"Feature","geometry":{"type":"Point","coordinates":[-98.016667,32.875]},"properties":{"rainfall":470.0,"rainfallInches":4.7}},{"type":"Feature","geometry":{"type":"Point","coordinates":[-98.008334,32.875]},"properties":{"rainfall":470.0,"rainfallInches":4.7}},{"type":"Feature","geometry":{"type":"Point","coordinates":[-98.0,32.875]},"properties":{"rainfall":470.0,"rainfallInches":4.7}},{"type":"Feature","geometry":{"type":"Point","coordinates":[-97.991667,32.875]},"properties":{"rainfall":469.0,"rainfallInches":4.69}},{"type":"Feature","geometry":{"type":"Point","coordinates":[-97.983334,32.875]},"properties":{"rainfall":469.0,"rainfallInches":4.69}},{"type":"Feature","geometry":{"type":"Point","coordinates":[-97.975,32.875]},"properties":{"rainfall":469.0,"rainfallInches":4.69}},{"type":"Feature","geometry":{"type":"Point","coordinates":[-97.966667,32.875]},"properties":{"rainfall":469.0,"rainfallInches":4.69}},{"type":"Feature","geometry":{"type":"Point","coordinates":[-97.958334,32.875]},"properties":{"rainfall":469.0,"rainfallInches":4.69}},{"type":"Feature","geometry":{"type":"Point","coordinates":[-97.95,32.875]},"properties":{"rainfall":469.0,"rainfallInches":4.69}},{"type":"Feature","geometry":{"type":"Point","coordinates":[-97.941667,32.875]},"properties":{"rainfall":469.0,"rainfallInches":4.69}},{"type":"Feature","geometry":{"type":"Point","coordinates":[-97.933334,32.875]},"properties":{"rainfall":469.0,"rainfallInches":4.69}},{"type":"Feature","geometry":{"type":"Point","coordinates":[-97.925,32.875]},"properties":{"rainfall":469.0,"rainfallInches":4.69}},{"type":"Feature","geometry":{"type":"Point","coordinates":[-97.916667,32.875]},"properties":{"rainfall":469.0,"rainfallInches":4.69}},{"type":"Feature","geometry":{"type":"Point","coordinates":[-97.908334,32.875]},"properties":{"rainfall":469.0,"rainfallInches":4.69}},{"type":"Feature","geometry":{"type":"Point","coordinates":[-97.9,32.875]},"properties":{"rainfall":468.0,"rainfallInches":4.68}},{"type":"Feature","geometry":{"type":"Point","coordinates":[-97.891667,32.875]},"properties":{"rainfall":468.0,"rainfallInches":4.68}},{"type":"Feature","geometry":{"type":"Point","coordinates":[-97.883334,32.875]},"properties":{"rainfall":468.0,"rainfallInches":4.68}},{"type":"Feature","geometry":{"type":"Point","coordinates":[-97.875,32.875]},"properties":{"rainfall":468.0,"rainfallInches":4.68}},{"type":"Feature","geometry":{"type":"Point","coordinates":[-97.866667,32.875]},"properties":{"rainfall":468.0,"rainfallInches":4.68}},{"type":"Feature","geometry":{"type":"Point","coordinates":[-97.858334,32.875]},"properties":{"rainfall":468.0,"rainfallInches":4.68}},{"type":"Feature","geometry":{"type":"Point","coordinates":[-97.85,32.875]},"properties":{"rainfall":468.0,"rainfallInches":4.68}},{"type":"Feature","geometry":{"type":"Point","coordinates":[-97.841667,32.875]},"properties":{"rainfall":468.0,"rainfallInches":4.68}},{"type":"Feature","geometry":{"type":"Point","coordinates":[-97.833334,32.875]},"properties":{"rainfall":467.0,"rainfallInches":4.67}},{"type":"Feature","geometry":{"type":"Point","coordinates":[-97.825,32.875]},"properties":{"rainfall":467.0,"rainfallInches":4.67}},{"type":"Feature","geometry":{"type":"Point","coordinates":[-97.816667,32.875]},"properties":{"rainfall":467.0,"rainfallInches":4.67}},{"type":"Feature","geometry":{"type":"Point","coordinates":[-97.808334,32.875]},"properties":{"rainfall":467.0,"rainfallInches":4.67}},{"type":"Feature","geometry":{"type":"Point","coordinates":[-97.8,32.875]},"properties":{"rainfall":467.0,"rainfallInches":4.67}},{"type":"Feature","geometry":{"type":"Point","coordinates":[-97.791667,32.875]},"properties":{"rainfall":466.0,"rainfallInches":4.66}},{"type":"Feature","geometry":{"type":"Point","coordinates":[-97.783334,32.875]},"properties":{"rainfall":466.0,"rainfallInches":4.66}},{"type":"Feature","geometry":{"type":"Point","coordinates":[-97.775,32.875]},"properties":{"rainfall":466.0,"rainfallInches":4.66}},{"type":"Feature","geometry":{"type":"Point","coordinates":[-97.766667,32.875]},"properties":{"rainfall":466.0,"rainfallInches":4.66}},{"type":"Feature","geometry":{"type":"Point","coordinates":[-97.758334,32.875]},"properties":{"rainfall":466.0,"rainfallInches":4.66}},{"type":"Feature","geometry":{"type":"Point","coordinates":[-97.75,32.875]},"properties":{"rainfall":465.0,"rainfallInches":4.65}},{"type":"Feature","geometry":{"type":"Point","coordinates":[-97.741667,32.875]},"properties":{"rainfall":465.0,"rainfallInches":4.65}},{"type":"Feature","geometry":{"type":"Point","coordinates":[-97.733334,32.875]},"properties":{"rainfall":465.0,"rainfallInches":4.65}},{"type":"Feature","geometry":{"type":"Point","coordinates":[-97.725,32.875]},"properties":{"rainfall":465.0,"rainfallInches":4.65}},{"type":"Feature","geometry":{"type":"Point","coordinates":[-97.716667,32.875]},"properties":{"rainfall":464.0,"rainfallInches":4.64}},{"type":"Feature","geometry":{"type":"Point","coordinates":[-97.708334,32.875]},"properties":{"rainfall":464.0,"rainfallInches":4.64}},{"type":"Feature","geometry":{"type":"Point","coordinates":[-97.7,32.875]},"properties":{"rainfall":464.0,"rainfallInches":4.64}},{"type":"Feature","geometry":{"type":"Point","coordinates":[-97.691667,32.875]},"properties":{"rainfall":464.0,"rainfallInches":4.64}},{"type":"Feature","geometry":{"type":"Point","coordinates":[-97.683334,32.875]},"properties":{"rainfall":464.0,"rainfallInches":4.64}},{"type":"Feature","geometry":{"type":"Point","coordinates":[-97.675,32.875]},"properties":{"rainfall":464.0,"rainfallInches":4.64}},{"type":"Feature","geometry":{"type":"Point","coordinates":[-97.666667,32.875]},"properties":{"rainfall":464.0,"rainfallInches":4.64}},{"type":"Feature","geometry":{"type":"Point","coordinates":[-97.658334,32.875]},"properties":{"rainfall":463.0,"rainfallInches":4.63}},{"type":"Feature","geometry":{"type":"Point","coordinates":[-97.65,32.875]},"properties":{"rainfall":463.0,"rainfallInches":4.63}},{"type":"Feature","geometry":{"type":"Point","coordinates":[-97.641667,32.875]},"properties":{"rainfall":463.0,"rainfallInches":4.63}},{"type":"Feature","geometry":{"type":"Point","coordinates":[-97.633334,32.875]},"properties":{"rainfall":463.0,"rainfallInches":4.63}},{"type":"Feature","geometry":{"type":"Point","coordinates":[-97.625,32.875]},"properties":{"rainfall":463.0,"rainfallInches":4.63}},{"type":"Feature","geometry":{"type":"Point","coordinates":[-97.616667,32.875]},"properties":{"rainfall":463.0,"rainfallInches":4.63}},{"type":"Feature","geometry":{"type":"Point","coordinates":[-97.608334,32.875]},"properties":{"rainfall":463.0,"rainfallInches":4.63}},{"type":"Feature","geometry":{"type":"Point","coordinates":[-97.6,32.875]},"properties":{"rainfall":464.0,"rainfallInches":4.64}},{"type":"Feature","geometry":{"type":"Point","coordinates":[-97.591667,32.875]},"properties":{"rainfall":464.0,"rainfallInches":4.64}},{"type":"Feature","geometry":{"type":"Point","coordinates":[-97.583334,32.875]},"properties":{"rainfall":464.0,"rainfallInches":4.64}},{"type":"Feature","geometry":{"type":"Point","coordinates":[-97.575,32.875]},"properties":{"rainfall":464.0,"rainfallInches":4.64}},{"type":"Feature","geometry":{"type":"Point","coordinates":[-97.566667,32.875]},"properties":{"rainfall":464.0,"rainfallInches":4.64}},{"type":"Feature","geometry":{"type":"Point","coordinates":[-97.558334,32.875]},"properties":{"rainfall":465.0,"rainfallInches":4.65}},{"type":"Feature","geometry":{"type":"Point","coordinates":[-97.55,32.875]},"properties":{"rainfall":465.0,"rainfallInches":4.65}},{"type":"Feature","geometry":{"type":"Point","coordinates":[-98.058334,32.866666]},"properties":{"rainfall":469.0,"rainfallInches":4.69}},{"type":"Feature","geometry":{"type":"Point","coordinates":[-98.05,32.866666]},"properties":{"rainfall":469.0,"rainfallInches":4.69}},{"type":"Feature","geometry":{"type":"Point","coordinates":[-98.041667,32.866666]},"properties":{"rainfall":470.0,"rainfallInches":4.7}},{"type":"Feature","geometry":{"type":"Point","coordinates":[-98.033334,32.866666]},"properties":{"rainfall":470.0,"rainfallInches":4.7}},{"type":"Feature","geometry":{"type":"Point","coordinates":[-98.025,32.866666]},"properties":{"rainfall":470.0,"rainfallInches":4.7}},{"type":"Feature","geometry":{"type":"Point","coordinates":[-98.016667,32.866666]},"properties":{"rainfall":470.0,"rainfallInches":4.7}},{"type":"Feature","geometry":{"type":"Point","coordinates":[-98.008334,32.866666]},"properties":{"rainfall":470.0,"rainfallInches":4.7}},{"type":"Feature","geometry":{"type":"Point","coordinates":[-98.0,32.866666]},"properties":{"rainfall":470.0,"rainfallInches":4.7}},{"type":"Feature","geometry":{"type":"Point","coordinates":[-97.991667,32.866666]},"properties":{"rainfall":470.0,"rainfallInches":4.7}},{"type":"Feature","geometry":{"type":"Point","coordinates":[-97.983334,32.866666]},"properties":{"rainfall":470.0,"rainfallInches":4.7}},{"type":"Feature","geometry":{"type":"Point","coordinates":[-97.975,32.866666]},"properties":{"rainfall":470.0,"rainfallInches":4.7}},{"type":"Feature","geometry":{"type":"Point","coordinates":[-97.966667,32.866666]},"properties":{"rainfall":469.0,"rainfallInches":4.69}},{"type":"Feature","geometry":{"type":"Point","coordinates":[-97.958334,32.866666]},"properties":{"rainfall":469.0,"rainfallInches":4.69}},{"type":"Feature","geometry":{"type":"Point","coordinates":[-97.95,32.866666]},"properties":{"rainfall":469.0,"rainfallInches":4.69}},{"type":"Feature","geometry":{"type":"Point","coordinates":[-97.941667,32.866666]},"properties":{"rainfall":469.0,"rainfallInches":4.69}},{"type":"Feature","geometry":{"type":"Point","coordinates":[-97.933334,32.866666]},"properties":{"rainfall":469.0,"rainfallInches":4.69}},{"type":"Feature","geometry":{"type":"Point","coordinates":[-97.925,32.866666]},"properties":{"rainfall":469.0,"rainfallInches":4.69}},{"type":"Feature","geometry":{"type":"Point","coordinates":[-97.916667,32.866666]},"properties":{"rainfall":469.0,"rainfallInches":4.69}},{"type":"Feature","geometry":{"type":"Point","coordinates":[-97.908334,32.866666]},"properties":{"rainfall":469.0,"rainfallInches":4.69}},{"type":"Feature","geometry":{"type":"Point","coordinates":[-97.9,32.866666]},"properties":{"rainfall":468.0,"rainfallInches":4.68}},{"type":"Feature","geometry":{"type":"Point","coordinates":[-97.891667,32.866666]},"properties":{"rainfall":468.0,"rainfallInches":4.68}},{"type":"Feature","geometry":{"type":"Point","coordinates":[-97.883334,32.866666]},"properties":{"rainfall":468.0,"rainfallInches":4.68}},{"type":"Feature","geometry":{"type":"Point","coordinates":[-97.875,32.866666]},"properties":{"rainfall":468.0,"rainfallInches":4.68}},{"type":"Feature","geometry":{"type":"Point","coordinates":[-97.866667,32.866666]},"properties":{"rainfall":468.0,"rainfallInches":4.68}},{"type":"Feature","geometry":{"type":"Point","coordinates":[-97.858334,32.866666]},"properties":{"rainfall":468.0,"rainfallInches":4.68}},{"type":"Feature","geometry":{"type":"Point","coordinates":[-97.85,32.866666]},"properties":{"rainfall":468.0,"rainfallInches":4.68}},{"type":"Feature","geometry":{"type":"Point","coordinates":[-97.841667,32.866666]},"properties":{"rainfall":467.0,"rainfallInches":4.67}},{"type":"Feature","geometry":{"type":"Point","coordinates":[-97.833334,32.866666]},"properties":{"rainfall":467.0,"rainfallInches":4.67}},{"type":"Feature","geometry":{"type":"Point","coordinates":[-97.825,32.866666]},"properties":{"rainfall":467.0,"rainfallInches":4.67}},{"type":"Feature","geometry":{"type":"Point","coordinates":[-97.816667,32.866666]},"properties":{"rainfall":467.0,"rainfallInches":4.67}},{"type":"Feature","geometry":{"type":"Point","coordinates":[-97.808334,32.866666]},"properties":{"rainfall":467.0,"rainfallInches":4.67}},{"type":"Feature","geometry":{"type":"Point","coordinates":[-97.8,32.866666]},"properties":{"rainfall":467.0,"rainfallInches":4.67}},{"type":"Feature","geometry":{"type":"Point","coordinates":[-97.791667,32.866666]},"properties":{"rainfall":466.0,"rainfallInches":4.66}},{"type":"Feature","geometry":{"type":"Point","coordinates":[-97.783334,32.866666]},"properties":{"rainfall":466.0,"rainfallInches":4.66}},{"type":"Feature","geometry":{"type":"Point","coordinates":[-97.775,32.866666]},"properties":{"rainfall":466.0,"rainfallInches":4.66}},{"type":"Feature","geometry":{"type":"Point","coordinates":[-97.766667,32.866666]},"properties":{"rainfall":466.0,"rainfallInches":4.66}},{"type":"Feature","geometry":{"type":"Point","coordinates":[-97.758334,32.866666]},"properties":{"rainfall":465.0,"rainfallInches":4.65}},{"type":"Feature","geometry":{"type":"Point","coordinates":[-97.75,32.866666]},"properties":{"rainfall":465.0,"rainfallInches":4.65}},{"type":"Feature","geometry":{"type":"Point","coordinates":[-97.741667,32.866666]},"properties":{"rainfall":465.0,"rainfallInches":4.65}},{"type":"Feature","geometry":{"type":"Point","coordinates":[-97.733334,32.866666]},"properties":{"rainfall":465.0,"rainfallInches":4.65}},{"type":"Feature","geometry":{"type":"Point","coordinates":[-97.725,32.866666]},"properties":{"rainfall":464.0,"rainfallInches":4.64}},{"type":"Feature","geometry":{"type":"Point","coordinates":[-97.716667,32.866666]},"properties":{"rainfall":464.0,"rainfallInches":4.64}},{"type":"Feature","geometry":{"type":"Point","coordinates":[-97.708334,32.866666]},"properties":{"rainfall":464.0,"rainfallInches":4.64}},{"type":"Feature","geometry":{"type":"Point","coordinates":[-97.7,32.866666]},"properties":{"rainfall":464.0,"rainfallInches":4.64}},{"type":"Feature","geometry":{"type":"Point","coordinates":[-97.691667,32.866666]},"properties":{"rainfall":464.0,"rainfallInches":4.64}},{"type":"Feature","geometry":{"type":"Point","coordinates":[-97.683334,32.866666]},"properties":{"rainfall":463.0,"rainfallInches":4.63}},{"type":"Feature","geometry":{"type":"Point","coordinates":[-97.675,32.866666]},"properties":{"rainfall":463.0,"rainfallInches":4.63}},{"type":"Feature","geometry":{"type":"Point","coordinates":[-97.666667,32.866666]},"properties":{"rainfall":463.0,"rainfallInches":4.63}},{"type":"Feature","geometry":{"type":"Point","coordinates":[-97.658334,32.866666]},"properties":{"rainfall":463.0,"rainfallInches":4.63}},{"type":"Feature","geometry":{"type":"Point","coordinates":[-97.65,32.866666]},"properties":{"rainfall":463.0,"rainfallInches":4.63}},{"type":"Feature","geometry":{"type":"Point","coordinates":[-97.641667,32.866666]},"properties":{"rainfall":463.0,"rainfallInches":4.63}},{"type":"Feature","geometry":{"type":"Point","coordinates":[-97.633334,32.866666]},"properties":{"rainfall":463.0,"rainfallInches":4.63}},{"type":"Feature","geometry":{"type":"Point","coordinates":[-97.625,32.866666]},"properties":{"rainfall":463.0,"rainfallInches":4.63}},{"type":"Feature","geometry":{"type":"Point","coordinates":[-97.616667,32.866666]},"properties":{"rainfall":463.0,"rainfallInches":4.63}},{"type":"Feature","geometry":{"type":"Point","coordinates":[-97.608334,32.866666]},"properties":{"rainfall":463.0,"rainfallInches":4.63}},{"type":"Feature","geometry":{"type":"Point","coordinates":[-97.6,32.866666]},"properties":{"rainfall":463.0,"rainfallInches":4.63}},{"type":"Feature","geometry":{"type":"Point","coordinates":[-97.591667,32.866666]},"properties":{"rainfall":463.0,"rainfallInches":4.63}},{"type":"Feature","geometry":{"type":"Point","coordinates":[-97.583334,32.866666]},"properties":{"rainfall":463.0,"rainfallInches":4.63}},{"type":"Feature","geometry":{"type":"Point","coordinates":[-97.575,32.866666]},"properties":{"rainfall":464.0,"rainfallInches":4.64}},{"type":"Feature","geometry":{"type":"Point","coordinates":[-97.566667,32.866666]},"properties":{"rainfall":464.0,"rainfallInches":4.64}},{"type":"Feature","geometry":{"type":"Point","coordinates":[-97.558334,32.866666]},"properties":{"rainfall":464.0,"rainfallInches":4.64}},{"type":"Feature","geometry":{"type":"Point","coordinates":[-97.55,32.866666]},"properties":{"rainfall":465.0,"rainfallInches":4.65}},{"type":"Feature","geometry":{"type":"Point","coordinates":[-98.058334,32.858333]},"properties":{"rainfall":470.0,"rainfallInches":4.7}},{"type":"Feature","geometry":{"type":"Point","coordinates":[-98.05,32.858333]},"properties":{"rainfall":470.0,"rainfallInches":4.7}},{"type":"Feature","geometry":{"type":"Point","coordinates":[-98.041667,32.858333]},"properties":{"rainfall":470.0,"rainfallInches":4.7}},{"type":"Feature","geometry":{"type":"Point","coordinates":[-98.033334,32.858333]},"properties":{"rainfall":470.0,"rainfallInches":4.7}},{"type":"Feature","geometry":{"type":"Point","coordinates":[-98.025,32.858333]},"properties":{"rainfall":470.0,"rainfallInches":4.7}},{"type":"Feature","geometry":{"type":"Point","coordinates":[-98.016667,32.858333]},"properties":{"rainfall":470.0,"rainfallInches":4.7}},{"type":"Feature","geometry":{"type":"Point","coordinates":[-98.008334,32.858333]},"properties":{"rainfall":470.0,"rainfallInches":4.7}},{"type":"Feature","geometry":{"type":"Point","coordinates":[-98.0,32.858333]},"properties":{"rainfall":470.0,"rainfallInches":4.7}},{"type":"Feature","geometry":{"type":"Point","coordinates":[-97.991667,32.858333]},"properties":{"rainfall":470.0,"rainfallInches":4.7}},{"type":"Feature","geometry":{"type":"Point","coordinates":[-97.983334,32.858333]},"properties":{"rainfall":470.0,"rainfallInches":4.7}},{"type":"Feature","geometry":{"type":"Point","coordinates":[-97.975,32.858333]},"properties":{"rainfall":470.0,"rainfallInches":4.7}},{"type":"Feature","geometry":{"type":"Point","coordinates":[-97.966667,32.858333]},"properties":{"rainfall":470.0,"rainfallInches":4.7}},{"type":"Feature","geometry":{"type":"Point","coordinates":[-97.958334,32.858333]},"properties":{"rainfall":470.0,"rainfallInches":4.7}},{"type":"Feature","geometry":{"type":"Point","coordinates":[-97.95,32.858333]},"properties":{"rainfall":469.0,"rainfallInches":4.69}},{"type":"Feature","geometry":{"type":"Point","coordinates":[-97.941667,32.858333]},"properties":{"rainfall":469.0,"rainfallInches":4.69}},{"type":"Feature","geometry":{"type":"Point","coordinates":[-97.933334,32.858333]},"properties":{"rainfall":469.0,"rainfallInches":4.69}},{"type":"Feature","geometry":{"type":"Point","coordinates":[-97.925,32.858333]},"properties":{"rainfall":469.0,"rainfallInches":4.69}},{"type":"Feature","geometry":{"type":"Point","coordinates":[-97.916667,32.858333]},"properties":{"rainfall":469.0,"rainfallInches":4.69}},{"type":"Feature","geometry":{"type":"Point","coordinates":[-97.908334,32.858333]},"properties":{"rainfall":469.0,"rainfallInches":4.69}},{"type":"Feature","geometry":{"type":"Point","coordinates":[-97.9,32.858333]},"properties":{"rainfall":468.0,"rainfallInches":4.68}},{"type":"Feature","geometry":{"type":"Point","coordinates":[-97.891667,32.858333]},"properties":{"rainfall":468.0,"rainfallInches":4.68}},{"type":"Feature","geometry":{"type":"Point","coordinates":[-97.883334,32.858333]},"properties":{"rainfall":468.0,"rainfallInches":4.68}},{"type":"Feature","geometry":{"type":"Point","coordinates":[-97.875,32.858333]},"properties":{"rainfall":468.0,"rainfallInches":4.68}},{"type":"Feature","geometry":{"type":"Point","coordinates":[-97.866667,32.858333]},"properties":{"rainfall":468.0,"rainfallInches":4.68}},{"type":"Feature","geometry":{"type":"Point","coordinates":[-97.858334,32.858333]},"properties":{"rainfall":468.0,"rainfallInches":4.68}},{"type":"Feature","geometry":{"type":"Point","coordinates":[-97.85,32.858333]},"properties":{"rainfall":468.0,"rainfallInches":4.68}},{"type":"Feature","geometry":{"type":"Point","coordinates":[-97.841667,32.858333]},"properties":{"rainfall":467.0,"rainfallInches":4.67}},{"type":"Feature","geometry":{"type":"Point","coordinates":[-97.833334,32.858333]},"properties":{"rainfall":467.0,"rainfallInches":4.67}},{"type":"Feature","geometry":{"type":"Point","coordinates":[-97.825,32.858333]},"properties":{"rainfall":467.0,"rainfallInches":4.67}},{"type":"Feature","geometry":{"type":"Point","coordinates":[-97.816667,32.858333]},"properties":{"rainfall":467.0,"rainfallInches":4.67}},{"type":"Feature","geometry":{"type":"Point","coordinates":[-97.808334,32.858333]},"properties":{"rainfall":467.0,"rainfallInches":4.67}},{"type":"Feature","geometry":{"type":"Point","coordinates":[-97.8,32.858333]},"properties":{"rainfall":466.0,"rainfallInches":4.66}},{"type":"Feature","geometry":{"type":"Point","coordinates":[-97.791667,32.858333]},"properties":{"rainfall":466.0,"rainfallInches":4.66}},{"type":"Feature","geometry":{"type":"Point","coordinates":[-97.783334,32.858333]},"properties":{"rainfall":466.0,"rainfallInches":4.66}},{"type":"Feature","geometry":{"type":"Point","coordinates":[-97.775,32.858333]},"properties":{"rainfall":466.0,"rainfallInches":4.66}},{"type":"Feature","geometry":{"type":"Point","coordinates":[-97.766667,32.858333]},"properties":{"rainfall":466.0,"rainfallInches":4.66}},{"type":"Feature","geometry":{"type":"Point","coordinates":[-97.758334,32.858333]},"properties":{"rainfall":465.0,"rainfallInches":4.65}},{"type":"Feature","geometry":{"type":"Point","coordinates":[-97.75,32.858333]},"properties":{"rainfall":465.0,"rainfallInches":4.65}},{"type":"Feature","geometry":{"type":"Point","coordinates":[-97.741667,32.858333]},"properties":{"rainfall":465.0,"rainfallInches":4.65}},{"type":"Feature","geometry":{"type":"Point","coordinates":[-97.733334,32.858333]},"properties":{"rainfall":465.0,"rainfallInches":4.65}},{"type":"Feature","geometry":{"type":"Point","coordinates":[-97.725,32.858333]},"properties":{"rainfall":464.0,"rainfallInches":4.64}},{"type":"Feature","geometry":{"type":"Point","coordinates":[-97.716667,32.858333]},"properties":{"rainfall":464.0,"rainfallInches":4.64}},{"type":"Feature","geometry":{"type":"Point","coordinates":[-97.708334,32.858333]},"properties":{"rainfall":464.0,"rainfallInches":4.64}},{"type":"Feature","geometry":{"type":"Point","coordinates":[-97.7,32.858333]},"properties":{"rainfall":464.0,"rainfallInches":4.64}},{"type":"Feature","geometry":{"type":"Point","coordinates":[-97.691667,32.858333]},"properties":{"rainfall":463.0,"rainfallInches":4.63}},{"type":"Feature","geometry":{"type":"Point","coordinates":[-97.683334,32.858333]},"properties":{"rainfall":463.0,"rainfallInches":4.63}},{"type":"Feature","geometry":{"type":"Point","coordinates":[-97.675,32.858333]},"properties":{"rainfall":463.0,"rainfallInches":4.63}},{"type":"Feature","geometry":{"type":"Point","coordinates":[-97.666667,32.858333]},"properties":{"rainfall":463.0,"rainfallInches":4.63}},{"type":"Feature","geometry":{"type":"Point","coordinates":[-97.658334,32.858333]},"properties":{"rainfall":463.0,"rainfallInches":4.63}},{"type":"Feature","geometry":{"type":"Point","coordinates":[-97.65,32.858333]},"properties":{"rainfall":463.0,"rainfallInches":4.63}},{"type":"Feature","geometry":{"type":"Point","coordinates":[-97.641667,32.858333]},"properties":{"rainfall":463.0,"rainfallInches":4.63}},{"type":"Feature","geometry":{"type":"Point","coordinates":[-97.633334,32.858333]},"properties":{"rainfall":463.0,"rainfallInches":4.63}},{"type":"Feature","geometry":{"type":"Point","coordinates":[-97.625,32.858333]},"properties":{"rainfall":463.0,"rainfallInches":4.63}},{"type":"Feature","geometry":{"type":"Point","coordinates":[-97.616667,32.858333]},"properties":{"rainfall":463.0,"rainfallInches":4.63}},{"type":"Feature","geometry":{"type":"Point","coordinates":[-97.608334,32.858333]},"properties":{"rainfall":463.0,"rainfallInches":4.63}},{"type":"Feature","geometry":{"type":"Point","coordinates":[-97.6,32.858333]},"properties":{"rainfall":463.0,"rainfallInches":4.63}},{"type":"Feature","geometry":{"type":"Point","coordinates":[-97.591667,32.858333]},"properties":{"rainfall":463.0,"rainfallInches":4.63}},{"type":"Feature","geometry":{"type":"Point","coordinates":[-97.583334,32.858333]},"properties":{"rainfall":463.0,"rainfallInches":4.63}},{"type":"Feature","geometry":{"type":"Point","coordinates":[-97.575,32.858333]},"properties":{"rainfall":463.0,"rainfallInches":4.63}},{"type":"Feature","geometry":{"type":"Point","coordinates":[-97.566667,32.858333]},"properties":{"rainfall":464.0,"rainfallInches":4.64}},{"type":"Feature","geometry":{"type":"Point","coordinates":[-97.558334,32.858333]},"properties":{"rainfall":464.0,"rainfallInches":4.64}},{"type":"Feature","geometry":{"type":"Point","coordinates":[-97.55,32.858333]},"properties":{"rainfall":464.0,"rainfallInches":4.64}},{"type":"Feature","geometry":{"type":"Point","coordinates":[-98.058334,32.85]},"properties":{"rainfall":470.0,"rainfallInches":4.7}},{"type":"Feature","geometry":{"type":"Point","coordinates":[-98.05,32.85]},"properties":{"rainfall":470.0,"rainfallInches":4.7}},{"type":"Feature","geometry":{"type":"Point","coordinates":[-98.041667,32.85]},"properties":{"rainfall":471.0,"rainfallInches":4.71}},{"type":"Feature","geometry":{"type":"Point","coordinates":[-98.033334,32.85]},"properties":{"rainfall":471.0,"rainfallInches":4.71}},{"type":"Feature","geometry":{"type":"Point","coordinates":[-98.025,32.85]},"properties":{"rainfall":471.0,"rainfallInches":4.71}},{"type":"Feature","geometry":{"type":"Point","coordinates":[-98.016667,32.85]},"properties":{"rainfall":471.0,"rainfallInches":4.71}},{"type":"Feature","geometry":{"type":"Point","coordinates":[-98.008334,32.85]},"properties":{"rainfall":471.0,"rainfallInches":4.71}},{"type":"Feature","geometry":{"type":"Point","coordinates":[-98.0,32.85]},"properties":{"rainfall":471.0,"rainfallInches":4.71}},{"type":"Feature","geometry":{"type":"Point","coordinates":[-97.991667,32.85]},"properties":{"rainfall":470.0,"rainfallInches":4.7}},{"type":"Feature","geometry":{"type":"Point","coordinates":[-97.983334,32.85]},"properties":{"rainfall":470.0,"rainfallInches":4.7}},{"type":"Feature","geometry":{"type":"Point","coordinates":[-97.975,32.85]},"properties":{"rainfall":470.0,"rainfallInches":4.7}},{"type":"Feature","geometry":{"type":"Point","coordinates":[-97.966667,32.85]},"properties":{"rainfall":470.0,"rainfallInches":4.7}},{"type":"Feature","geometry":{"type":"Point","coordinates":[-97.958334,32.85]},"properties":{"rainfall":470.0,"rainfallInches":4.7}},{"type":"Feature","geometry":{"type":"Point","coordinates":[-97.95,32.85]},"properties":{"rainfall":470.0,"rainfallInches":4.7}},{"type":"Feature","geometry":{"type":"Point","coordinates":[-97.941667,32.85]},"properties":{"rainfall":469.0,"rainfallInches":4.69}},{"type":"Feature","geometry":{"type":"Point","coordinates":[-97.933334,32.85]},"properties":{"rainfall":469.0,"rainfallInches":4.69}},{"type":"Feature","geometry":{"type":"Point","coordinates":[-97.925,32.85]},"properties":{"rainfall":469.0,"rainfallInches":4.69}},{"type":"Feature","geometry":{"type":"Point","coordinates":[-97.916667,32.85]},"properties":{"rainfall":469.0,"rainfallInches":4.69}},{"type":"Feature","geometry":{"type":"Point","coordinates":[-97.908334,32.85]},"properties":{"rainfall":469.0,"rainfallInches":4.69}},{"type":"Feature","geometry":{"type":"Point","coordinates":[-97.9,32.85]},"properties":{"rainfall":468.0,"rainfallInches":4.68}},{"type":"Feature","geometry":{"type":"Point","coordinates":[-97.891667,32.85]},"properties":{"rainfall":468.0,"rainfallInches":4.68}},{"type":"Feature","geometry":{"type":"Point","coordinates":[-97.883334,32.85]},"properties":{"rainfall":468.0,"rainfallInches":4.68}},{"type":"Feature","geometry":{"type":"Point","coordinates":[-97.875,32.85]},"properties":{"rainfall":468.0,"rainfallInches":4.68}},{"type":"Feature","geometry":{"type":"Point","coordinates":[-97.866667,32.85]},"properties":{"rainfall":468.0,"rainfallInches":4.68}},{"type":"Feature","geometry":{"type":"Point","coordinates":[-97.858334,32.85]},"properties":{"rainfall":468.0,"rainfallInches":4.68}},{"type":"Feature","geometry":{"type":"Point","coordinates":[-97.85,32.85]},"properties":{"rainfall":467.0,"rainfallInches":4.67}},{"type":"Feature","geometry":{"type":"Point","coordinates":[-97.841667,32.85]},"properties":{"rainfall":467.0,"rainfallInches":4.67}},{"type":"Feature","geometry":{"type":"Point","coordinates":[-97.833334,32.85]},"properties":{"rainfall":467.0,"rainfallInches":4.67}},{"type":"Feature","geometry":{"type":"Point","coordinates":[-97.825,32.85]},"properties":{"rainfall":467.0,"rainfallInches":4.67}},{"type":"Feature","geometry":{"type":"Point","coordinates":[-97.816667,32.85]},"properties":{"rainfall":467.0,"rainfallInches":4.67}},{"type":"Feature","geometry":{"type":"Point","coordinates":[-97.808334,32.85]},"properties":{"rainfall":466.0,"rainfallInches":4.66}},{"type":"Feature","geometry":{"type":"Point","coordinates":[-97.8,32.85]},"properties":{"rainfall":466.0,"rainfallInches":4.66}},{"type":"Feature","geometry":{"type":"Point","coordinates":[-97.791667,32.85]},"properties":{"rainfall":466.0,"rainfallInches":4.66}},{"type":"Feature","geometry":{"type":"Point","coordinates":[-97.783334,32.85]},"properties":{"rainfall":466.0,"rainfallInches":4.66}},{"type":"Feature","geometry":{"type":"Point","coordinates":[-97.775,32.85]},"properties":{"rainfall":466.0,"rainfallInches":4.66}},{"type":"Feature","geometry":{"type":"Point","coordinates":[-97.766667,32.85]},"properties":{"rainfall":465.0,"rainfallInches":4.65}},{"type":"Feature","geometry":{"type":"Point","coordinates":[-97.758334,32.85]},"properties":{"rainfall":465.0,"rainfallInches":4.65}},{"type":"Feature","geometry":{"type":"Point","coordinates":[-97.75,32.85]},"properties":{"rainfall":465.0,"rainfallInches":4.65}},{"type":"Feature","geometry":{"type":"Point","coordinates":[-97.741667,32.85]},"properties":{"rainfall":465.0,"rainfallInches":4.65}},{"type":"Feature","geometry":{"type":"Point","coordinates":[-97.733334,32.85]},"properties":{"rainfall":464.0,"rainfallInches":4.64}},{"type":"Feature","geometry":{"type":"Point","coordinates":[-97.725,32.85]},"properties":{"rainfall":464.0,"rainfallInches":4.64}},{"type":"Feature","geometry":{"type":"Point","coordinates":[-97.716667,32.85]},"properties":{"rainfall":464.0,"rainfallInches":4.64}},{"type":"Feature","geometry":{"type":"Point","coordinates":[-97.708334,32.85]},"properties":{"rainfall":464.0,"rainfallInches":4.64}},{"type":"Feature","geometry":{"type":"Point","coordinates":[-97.7,32.85]},"properties":{"rainfall":463.0,"rainfallInches":4.63}},{"type":"Feature","geometry":{"type":"Point","coordinates":[-97.691667,32.85]},"properties":{"rainfall":463.0,"rainfallInches":4.63}},{"type":"Feature","geometry":{"type":"Point","coordinates":[-97.683334,32.85]},"properties":{"rainfall":463.0,"rainfallInches":4.63}},{"type":"Feature","geometry":{"type":"Point","coordinates":[-97.675,32.85]},"properties":{"rainfall":463.0,"rainfallInches":4.63}},{"type":"Feature","geometry":{"type":"Point","coordinates":[-97.666667,32.85]},"properties":{"rainfall":463.0,"rainfallInches":4.63}},{"type":"Feature","geometry":{"type":"Point","coordinates":[-97.658334,32.85]},"properties":{"rainfall":463.0,"rainfallInches":4.63}},{"type":"Feature","geometry":{"type":"Point","coordinates":[-97.65,32.85]},"properties":{"rainfall":462.0,"rainfallInches":4.62}},{"type":"Feature","geometry":{"type":"Point","coordinates":[-97.641667,32.85]},"properties":{"rainfall":462.0,"rainfallInches":4.62}},{"type":"Feature","geometry":{"type":"Point","coordinates":[-97.633334,32.85]},"properties":{"rainfall":462.0,"rainfallInches":4.62}},{"type":"Feature","geometry":{"type":"Point","coordinates":[-97.625,32.85]},"properties":{"rainfall":462.0,"rainfallInches":4.62}},{"type":"Feature","geometry":{"type":"Point","coordinates":[-97.616667,32.85]},"properties":{"rainfall":462.0,"rainfallInches":4.62}},{"type":"Feature","geometry":{"type":"Point","coordinates":[-97.608334,32.85]},"properties":{"rainfall":462.0,"rainfallInches":4.62}},{"type":"Feature","geometry":{"type":"Point","coordinates":[-97.6,32.85]},"properties":{"rainfall":462.0,"rainfallInches":4.62}},{"type":"Feature","geometry":{"type":"Point","coordinates":[-97.591667,32.85]},"properties":{"rainfall":463.0,"rainfallInches":4.63}},{"type":"Feature","geometry":{"type":"Point","coordinates":[-97.583334,32.85]},"properties":{"rainfall":463.0,"rainfallInches":4.63}},{"type":"Feature","geometry":{"type":"Point","coordinates":[-97.575,32.85]},"properties":{"rainfall":463.0,"rainfallInches":4.63}},{"type":"Feature","geometry":{"type":"Point","coordinates":[-97.566667,32.85]},"properties":{"rainfall":463.0,"rainfallInches":4.63}},{"type":"Feature","geometry":{"type":"Point","coordinates":[-97.558334,32.85]},"properties":{"rainfall":464.0,"rainfallInches":4.64}},{"type":"Feature","geometry":{"type":"Point","coordinates":[-97.55,32.85]},"properties":{"rainfall":464.0,"rainfallInches":4.64}},{"type":"Feature","geometry":{"type":"Point","coordinates":[-98.058334,32.841666]},"properties":{"rainfall":470.0,"rainfallInches":4.7}},{"type":"Feature","geometry":{"type":"Point","coordinates":[-98.05,32.841666]},"properties":{"rainfall":471.0,"rainfallInches":4.71}},{"type":"Feature","geometry":{"type":"Point","coordinates":[-98.041667,32.841666]},"properties":{"rainfall":471.0,"rainfallInches":4.71}},{"type":"Feature","geometry":{"type":"Point","coordinates":[-98.033334,32.841666]},"properties":{"rainfall":471.0,"rainfallInches":4.71}},{"type":"Feature","geometry":{"type":"Point","coordinates":[-98.025,32.841666]},"properties":{"rainfall":471.0,"rainfallInches":4.71}},{"type":"Feature","geometry":{"type":"Point","coordinates":[-98.016667,32.841666]},"properties":{"rainfall":471.0,"rainfallInches":4.71}},{"type":"Feature","geometry":{"type":"Point","coordinates":[-98.008334,32.841666]},"properties":{"rainfall":471.0,"rainfallInches":4.71}},{"type":"Feature","geometry":{"type":"Point","coordinates":[-98.0,32.841666]},"properties":{"rainfall":471.0,"rainfallInches":4.71}},{"type":"Feature","geometry":{"type":"Point","coordinates":[-97.991667,32.841666]},"properties":{"rainfall":471.0,"rainfallInches":4.71}},{"type":"Feature","geometry":{"type":"Point","coordinates":[-97.983334,32.841666]},"properties":{"rainfall":471.0,"rainfallInches":4.71}},{"type":"Feature","geometry":{"type":"Point","coordinates":[-97.975,32.841666]},"properties":{"rainfall":470.0,"rainfallInches":4.7}},{"type":"Feature","geometry":{"type":"Point","coordinates":[-97.966667,32.841666]},"properties":{"rainfall":470.0,"rainfallInches":4.7}},{"type":"Feature","geometry":{"type":"Point","coordinates":[-97.958334,32.841666]},"properties":{"rainfall":470.0,"rainfallInches":4.7}},{"type":"Feature","geometry":{"type":"Point","coordinates":[-97.95,32.841666]},"properties":{"rainfall":470.0,"rainfallInches":4.7}},{"type":"Feature","geometry":{"type":"Point","coordinates":[-97.941667,32.841666]},"properties":{"rainfall":469.0,"rainfallInches":4.69}},{"type":"Feature","geometry":{"type":"Point","coordinates":[-97.933334,32.841666]},"properties":{"rainfall":469.0,"rainfallInches":4.69}},{"type":"Feature","geometry":{"type":"Point","coordinates":[-97.925,32.841666]},"properties":{"rainfall":469.0,"rainfallInches":4.69}},{"type":"Feature","geometry":{"type":"Point","coordinates":[-97.916667,32.841666]},"properties":{"rainfall":469.0,"rainfallInches":4.69}},{"type":"Feature","geometry":{"type":"Point","coordinates":[-97.908334,32.841666]},"properties":{"rainfall":469.0,"rainfallInches":4.69}},{"type":"Feature","geometry":{"type":"Point","coordinates":[-97.9,32.841666]},"properties":{"rainfall":468.0,"rainfallInches":4.68}},{"type":"Feature","geometry":{"type":"Point","coordinates":[-97.891667,32.841666]},"properties":{"rainfall":468.0,"rainfallInches":4.68}},{"type":"Feature","geometry":{"type":"Point","coordinates":[-97.883334,32.841666]},"properties":{"rainfall":468.0,"rainfallInches":4.68}},{"type":"Feature","geometry":{"type":"Point","coordinates":[-97.875,32.841666]},"properties":{"rainfall":468.0,"rainfallInches":4.68}},{"type":"Feature","geometry":{"type":"Point","coordinates":[-97.866667,32.841666]},"properties":{"rainfall":468.0,"rainfallInches":4.68}},{"type":"Feature","geometry":{"type":"Point","coordinates":[-97.858334,32.841666]},"properties":{"rainfall":468.0,"rainfallInches":4.68}},{"type":"Feature","geometry":{"type":"Point","coordinates":[-97.85,32.841666]},"properties":{"rainfall":467.0,"rainfallInches":4.67}},{"type":"Feature","geometry":{"type":"Point","coordinates":[-97.841667,32.841666]},"properties":{"rainfall":467.0,"rainfallInches":4.67}},{"type":"Feature","geometry":{"type":"Point","coordinates":[-97.833334,32.841666]},"properties":{"rainfall":467.0,"rainfallInches":4.67}},{"type":"Feature","geometry":{"type":"Point","coordinates":[-97.825,32.841666]},"properties":{"rainfall":467.0,"rainfallInches":4.67}},{"type":"Feature","geometry":{"type":"Point","coordinates":[-97.816667,32.841666]},"properties":{"rainfall":467.0,"rainfallInches":4.67}},{"type":"Feature","geometry":{"type":"Point","coordinates":[-97.808334,32.841666]},"properties":{"rainfall":466.0,"rainfallInches":4.66}},{"type":"Feature","geometry":{"type":"Point","coordinates":[-97.8,32.841666]},"properties":{"rainfall":466.0,"rainfallInches":4.66}},{"type":"Feature","geometry":{"type":"Point","coordinates":[-97.791667,32.841666]},"properties":{"rainfall":466.0,"rainfallInches":4.66}},{"type":"Feature","geometry":{"type":"Point","coordinates":[-97.783334,32.841666]},"properties":{"rainfall":466.0,"rainfallInches":4.66}},{"type":"Feature","geometry":{"type":"Point","coordinates":[-97.775,32.841666]},"properties":{"rainfall":466.0,"rainfallInches":4.66}},{"type":"Feature","geometry":{"type":"Point","coordinates":[-97.766667,32.841666]},"properties":{"rainfall":465.0,"rainfallInches":4.65}},{"type":"Feature","geometry":{"type":"Point","coordinates":[-97.758334,32.841666]},"properties":{"rainfall":465.0,"rainfallInches":4.65}},{"type":"Feature","geometry":{"type":"Point","coordinates":[-97.75,32.841666]},"properties":{"rainfall":465.0,"rainfallInches":4.65}},{"type":"Feature","geometry":{"type":"Point","coordinates":[-97.741667,32.841666]},"properties":{"rainfall":465.0,"rainfallInches":4.65}},{"type":"Feature","geometry":{"type":"Point","coordinates":[-97.733334,32.841666]},"properties":{"rainfall":464.0,"rainfallInches":4.64}},{"type":"Feature","geometry":{"type":"Point","coordinates":[-97.725,32.841666]},"properties":{"rainfall":464.0,"rainfallInches":4.64}},{"type":"Feature","geometry":{"type":"Point","coordinates":[-97.716667,32.841666]},"properties":{"rainfall":464.0,"rainfallInches":4.64}},{"type":"Feature","geometry":{"type":"Point","coordinates":[-97.708334,32.841666]},"properties":{"rainfall":463.0,"rainfallInches":4.63}},{"type":"Feature","geometry":{"type":"Point","coordinates":[-97.7,32.841666]},"properties":{"rainfall":463.0,"rainfallInches":4.63}},{"type":"Feature","geometry":{"type":"Point","coordinates":[-97.691667,32.841666]},"properties":{"rainfall":463.0,"rainfallInches":4.63}},{"type":"Feature","geometry":{"type":"Point","coordinates":[-97.683334,32.841666]},"properties":{"rainfall":463.0,"rainfallInches":4.63}},{"type":"Feature","geometry":{"type":"Point","coordinates":[-97.675,32.841666]},"properties":{"rainfall":463.0,"rainfallInches":4.63}},{"type":"Feature","geometry":{"type":"Point","coordinates":[-97.666667,32.841666]},"properties":{"rainfall":462.0,"rainfallInches":4.62}},{"type":"Feature","geometry":{"type":"Point","coordinates":[-97.658334,32.841666]},"properties":{"rainfall":462.0,"rainfallInches":4.62}},{"type":"Feature","geometry":{"type":"Point","coordinates":[-97.65,32.841666]},"properties":{"rainfall":462.0,"rainfallInches":4.62}},{"type":"Feature","geometry":{"type":"Point","coordinates":[-97.641667,32.841666]},"properties":{"rainfall":462.0,"rainfallInches":4.62}},{"type":"Feature","geometry":{"type":"Point","coordinates":[-97.633334,32.841666]},"properties":{"rainfall":462.0,"rainfallInches":4.62}},{"type":"Feature","geometry":{"type":"Point","coordinates":[-97.625,32.841666]},"properties":{"rainfall":462.0,"rainfallInches":4.62}},{"type":"Feature","geometry":{"type":"Point","coordinates":[-97.616667,32.841666]},"properties":{"rainfall":462.0,"rainfallInches":4.62}},{"type":"Feature","geometry":{"type":"Point","coordinates":[-97.608334,32.841666]},"properties":{"rainfall":462.0,"rainfallInches":4.62}},{"type":"Feature","geometry":{"type":"Point","coordinates":[-97.6,32.841666]},"properties":{"rainfall":462.0,"rainfallInches":4.62}},{"type":"Feature","geometry":{"type":"Point","coordinates":[-97.591667,32.841666]},"properties":{"rainfall":462.0,"rainfallInches":4.62}},{"type":"Feature","geometry":{"type":"Point","coordinates":[-97.583334,32.841666]},"properties":{"rainfall":463.0,"rainfallInches":4.63}},{"type":"Feature","geometry":{"type":"Point","coordinates":[-97.575,32.841666]},"properties":{"rainfall":463.0,"rainfallInches":4.63}},{"type":"Feature","geometry":{"type":"Point","coordinates":[-97.566667,32.841666]},"properties":{"rainfall":463.0,"rainfallInches":4.63}},{"type":"Feature","geometry":{"type":"Point","coordinates":[-97.558334,32.841666]},"properties":{"rainfall":463.0,"rainfallInches":4.63}},{"type":"Feature","geometry":{"type":"Point","coordinates":[-97.55,32.841666]},"properties":{"rainfall":464.0,"rainfallInches":4.64}},{"type":"Feature","geometry":{"type":"Point","coordinates":[-98.058334,32.833333]},"properties":{"rainfall":471.0,"rainfallInches":4.71}},{"type":"Feature","geometry":{"type":"Point","coordinates":[-98.05,32.833333]},"properties":{"rainfall":471.0,"rainfallInches":4.71}},{"type":"Feature","geometry":{"type":"Point","coordinates":[-98.041667,32.833333]},"properties":{"rainfall":471.0,"rainfallInches":4.71}},{"type":"Feature","geometry":{"type":"Point","coordinates":[-98.033334,32.833333]},"properties":{"rainfall":472.0,"rainfallInches":4.72}},{"type":"Feature","geometry":{"type":"Point","coordinates":[-98.025,32.833333]},"properties":{"rainfall":472.0,"rainfallInches":4.72}},{"type":"Feature","geometry":{"type":"Point","coordinates":[-98.016667,32.833333]},"properties":{"rainfall":472.0,"rainfallInches":4.72}},{"type":"Feature","geometry":{"type":"Point","coordinates":[-98.008334,32.833333]},"properties":{"rainfall":471.0,"rainfallInches":4.71}},{"type":"Feature","geometry":{"type":"Point","coordinates":[-98.0,32.833333]},"properties":{"rainfall":471.0,"rainfallInches":4.71}},{"type":"Feature","geometry":{"type":"Point","coordinates":[-97.991667,32.833333]},"properties":{"rainfall":471.0,"rainfallInches":4.71}},{"type":"Feature","geometry":{"type":"Point","coordinates":[-97.983334,32.833333]},"properties":{"rainfall":471.0,"rainfallInches":4.71}},{"type":"Feature","geometry":{"type":"Point","coordinates":[-97.975,32.833333]},"properties":{"rainfall":471.0,"rainfallInches":4.71}},{"type":"Feature","geometry":{"type":"Point","coordinates":[-97.966667,32.833333]},"properties":{"rainfall":470.0,"rainfallInches":4.7}},{"type":"Feature","geometry":{"type":"Point","coordinates":[-97.958334,32.833333]},"properties":{"rainfall":470.0,"rainfallInches":4.7}},{"type":"Feature","geometry":{"type":"Point","coordinates":[-97.95,32.833333]},"properties":{"rainfall":470.0,"rainfallInches":4.7}},{"type":"Feature","geometry":{"type":"Point","coordinates":[-97.941667,32.833333]},"properties":{"rainfall":470.0,"rainfallInches":4.7}},{"type":"Feature","geometry":{"type":"Point","coordinates":[-97.933334,32.833333]},"properties":{"rainfall":469.0,"rainfallInches":4.69}},{"type":"Feature","geometry":{"type":"Point","coordinates":[-97.925,32.833333]},"properties":{"rainfall":469.0,"rainfallInches":4.69}},{"type":"Feature","geometry":{"type":"Point","coordinates":[-97.916667,32.833333]},"properties":{"rainfall":469.0,"rainfallInches":4.69}},{"type":"Feature","geometry":{"type":"Point","coordinates":[-97.908334,32.833333]},"properties":{"rainfall":469.0,"rainfallInches":4.69}},{"type":"Feature","geometry":{"type":"Point","coordinates":[-97.9,32.833333]},"properties":{"rainfall":468.0,"rainfallInches":4.68}},{"type":"Feature","geometry":{"type":"Point","coordinates":[-97.891667,32.833333]},"properties":{"rainfall":468.0,"rainfallInches":4.68}},{"type":"Feature","geometry":{"type":"Point","coordinates":[-97.883334,32.833333]},"properties":{"rainfall":468.0,"rainfallInches":4.68}},{"type":"Feature","geometry":{"type":"Point","coordinates":[-97.875,32.833333]},"properties":{"rainfall":468.0,"rainfallInches":4.68}},{"type":"Feature","geometry":{"type":"Point","coordinates":[-97.866667,32.833333]},"properties":{"rainfall":467.0,"rainfallInches":4.67}},{"type":"Feature","geometry":{"type":"Point","coordinates":[-97.858334,32.833333]},"properties":{"rainfall":467.0,"rainfallInches":4.67}},{"type":"Feature","geometry":{"type":"Point","coordinates":[-97.85,32.833333]},"properties":{"rainfall":467.0,"rainfallInches":4.67}},{"type":"Feature","geometry":{"type":"Point","coordinates":[-97.841667,32.833333]},"properties":{"rainfall":467.0,"rainfallInches":4.67}},{"type":"Feature","geometry":{"type":"Point","coordinates":[-97.833334,32.833333]},"properties":{"rainfall":467.0,"rainfallInches":4.67}},{"type":"Feature","geometry":{"type":"Point","coordinates":[-97.825,32.833333]},"properties":{"rainfall":467.0,"rainfallInches":4.67}},{"type":"Feature","geometry":{"type":"Point","coordinates":[-97.816667,32.833333]},"properties":{"rainfall":466.0,"rainfallInches":4.66}},{"type":"Feature","geometry":{"type":"Point","coordinates":[-97.808334,32.833333]},"properties":{"rainfall":466.0,"rainfallInches":4.66}},{"type":"Feature","geometry":{"type":"Point","coordinates":[-97.8,32.833333]},"properties":{"rainfall":466.0,"rainfallInches":4.66}},{"type":"Feature","geometry":{"type":"Point","coordinates":[-97.791667,32.833333]},"properties":{"rainfall":466.0,"rainfallInches":4.66}},{"type":"Feature","geometry":{"type":"Point","coordinates":[-97.783334,32.833333]},"properties":{"rainfall":466.0,"rainfallInches":4.66}},{"type":"Feature","geometry":{"type":"Point","coordinates":[-97.775,32.833333]},"properties":{"rainfall":465.0,"rainfallInches":4.65}},{"type":"Feature","geometry":{"type":"Point","coordinates":[-97.766667,32.833333]},"properties":{"rainfall":465.0,"rainfallInches":4.65}},{"type":"Feature","geometry":{"type":"Point","coordinates":[-97.758334,32.833333]},"properties":{"rainfall":465.0,"rainfallInches":4.65}},{"type":"Feature","geometry":{"type":"Point","coordinates":[-97.75,32.833333]},"properties":{"rainfall":465.0,"rainfallInches":4.65}},{"type":"Feature","geometry":{"type":"Point","coordinates":[-97.741667,32.833333]},"properties":{"rainfall":464.0,"rainfallInches":4.64}},{"type":"Feature","geometry":{"type":"Point","coordinates":[-97.733334,32.833333]},"properties":{"rainfall":464.0,"rainfallInches":4.64}},{"type":"Feature","geometry":{"type":"Point","coordinates":[-97.725,32.833333]},"properties":{"rainfall":464.0,"rainfallInches":4.64}},{"type":"Feature","geometry":{"type":"Point","coordinates":[-97.716667,32.833333]},"properties":{"rainfall":464.0,"rainfallInches":4.64}},{"type":"Feature","geometry":{"type":"Point","coordinates":[-97.708334,32.833333]},"properties":{"rainfall":463.0,"rainfallInches":4.63}},{"type":"Feature","geometry":{"type":"Point","coordinates":[-97.7,32.833333]},"properties":{"rainfall":463.0,"rainfallInches":4.63}},{"type":"Feature","geometry":{"type":"Point","coordinates":[-97.691667,32.833333]},"properties":{"rainfall":463.0,"rainfallInches":4.63}},{"type":"Feature","geometry":{"type":"Point","coordinates":[-97.683334,32.833333]},"properties":{"rainfall":463.0,"rainfallInches":4.63}},{"type":"Feature","geometry":{"type":"Point","coordinates":[-97.675,32.833333]},"properties":{"rainfall":463.0,"rainfallInches":4.63}},{"type":"Feature","geometry":{"type":"Point","coordinates":[-97.666667,32.833333]},"properties":{"rainfall":462.0,"rainfallInches":4.62}},{"type":"Feature","geometry":{"type":"Point","coordinates":[-97.658334,32.833333]},"properties":{"rainfall":462.0,"rainfallInches":4.62}},{"type":"Feature","geometry":{"type":"Point","coordinates":[-97.65,32.833333]},"properties":{"rainfall":462.0,"rainfallInches":4.62}},{"type":"Feature","geometry":{"type":"Point","coordinates":[-97.641667,32.833333]},"properties":{"rainfall":462.0,"rainfallInches":4.62}},{"type":"Feature","geometry":{"type":"Point","coordinates":[-97.633334,32.833333]},"properties":{"rainfall":462.0,"rainfallInches":4.62}},{"type":"Feature","geometry":{"type":"Point","coordinates":[-97.625,32.833333]},"properties":{"rainfall":462.0,"rainfallInches":4.62}},{"type":"Feature","geometry":{"type":"Point","coordinates":[-97.616667,32.833333]},"properties":{"rainfall":462.0,"rainfallInches":4.62}},{"type":"Feature","geometry":{"type":"Point","coordinates":[-97.608334,32.833333]},"properties":{"rainfall":462.0,"rainfallInches":4.62}},{"type":"Feature","geometry":{"type":"Point","coordinates":[-97.6,32.833333]},"properties":{"rainfall":462.0,"rainfallInches":4.62}},{"type":"Feature","geometry":{"type":"Point","coordinates":[-97.591667,32.833333]},"properties":{"rainfall":462.0,"rainfallInches":4.62}},{"type":"Feature","geometry":{"type":"Point","coordinates":[-97.583334,32.833333]},"properties":{"rainfall":462.0,"rainfallInches":4.62}},{"type":"Feature","geometry":{"type":"Point","coordinates":[-97.575,32.833333]},"properties":{"rainfall":463.0,"rainfallInches":4.63}},{"type":"Feature","geometry":{"type":"Point","coordinates":[-97.566667,32.833333]},"properties":{"rainfall":463.0,"rainfallInches":4.63}},{"type":"Feature","geometry":{"type":"Point","coordinates":[-97.558334,32.833333]},"properties":{"rainfall":463.0,"rainfallInches":4.63}},{"type":"Feature","geometry":{"type":"Point","coordinates":[-97.55,32.833333]},"properties":{"rainfall":463.0,"rainfallInches":4.63}},{"type":"Feature","geometry":{"type":"Point","coordinates":[-98.058334,32.825]},"properties":{"rainfall":471.0,"rainfallInches":4.71}},{"type":"Feature","geometry":{"type":"Point","coordinates":[-98.05,32.825]},"properties":{"rainfall":472.0,"rainfallInches":4.72}},{"type":"Feature","geometry":{"type":"Point","coordinates":[-98.041667,32.825]},"properties":{"rainfall":472.0,"rainfallInches":4.72}},{"type":"Feature","geometry":{"type":"Point","coordinates":[-98.033334,32.825]},"properties":{"rainfall":472.0,"rainfallInches":4.72}},{"type":"Feature","geometry":{"type":"Point","coordinates":[-98.025,32.825]},"properties":{"rainfall":472.0,"rainfallInches":4.72}},{"type":"Feature","geometry":{"type":"Point","coordinates":[-98.016667,32.825]},"properties":{"rainfall":472.0,"rainfallInches":4.72}},{"type":"Feature","geometry":{"type":"Point","coordinates":[-98.008334,32.825]},"properties":{"rainfall":472.0,"rainfallInches":4.72}},{"type":"Feature","geometry":{"type":"Point","coordinates":[-98.0,32.825]},"properties":{"rainfall":472.0,"rainfallInches":4.72}},{"type":"Feature","geometry":{"type":"Point","coordinates":[-97.991667,32.825]},"properties":{"rainfall":471.0,"rainfallInches":4.71}},{"type":"Feature","geometry":{"type":"Point","coordinates":[-97.983334,32.825]},"properties":{"rainfall":471.0,"rainfallInches":4.71}},{"type":"Feature","geometry":{"type":"Point","coordinates":[-97.975,32.825]},"properties":{"rainfall":471.0,"rainfallInches":4.71}},{"type":"Feature","geometry":{"type":"Point","coordinates":[-97.966667,32.825]},"properties":{"rainfall":471.0,"rainfallInches":4.71}},{"type":"Feature","geometry":{"type":"Point","coordinates":[-97.958334,32.825]},"properties":{"rainfall":470.0,"rainfallInches":4.7}},{"type":"Feature","geometry":{"type":"Point","coordinates":[-97.95,32.825]},"properties":{"rainfall":470.0,"rainfallInches":4.7}},{"type":"Feature","geometry":{"type":"Point","coordinates":[-97.941667,32.825]},"properties":{"rainfall":470.0,"rainfallInches":4.7}},{"type":"Feature","geometry":{"type":"Point","coordinates":[-97.933334,32.825]},"properties":{"rainfall":469.0,"rainfallInches":4.69}},{"type":"Feature","geometry":{"type":"Point","coordinates":[-97.925,32.825]},"properties":{"rainfall":469.0,"rainfallInches":4.69}},{"type":"Feature","geometry":{"type":"Point","coordinates":[-97.916667,32.825]},"properties":{"rainfall":469.0,"rainfallInches":4.69}},{"type":"Feature","geometry":{"type":"Point","coordinates":[-97.908334,32.825]},"properties":{"rainfall":469.0,"rainfallInches":4.69}},{"type":"Feature","geometry":{"type":"Point","coordinates":[-97.9,32.825]},"properties":{"rainfall":468.0,"rainfallInches":4.68}},{"type":"Feature","geometry":{"type":"Point","coordinates":[-97.891667,32.825]},"properties":{"rainfall":468.0,"rainfallInches":4.68}},{"type":"Feature","geometry":{"type":"Point","coordinates":[-97.883334,32.825]},"properties":{"rainfall":468.0,"rainfallInches":4.68}},{"type":"Feature","geometry":{"type":"Point","coordinates":[-97.875,32.825]},"properties":{"rainfall":468.0,"rainfallInches":4.68}},{"type":"Feature","geometry":{"type":"Point","coordinates":[-97.866667,32.825]},"properties":{"rainfall":467.0,"rainfallInches":4.67}},{"type":"Feature","geometry":{"type":"Point","coordinates":[-97.858334,32.825]},"properties":{"rainfall":467.0,"rainfallInches":4.67}},{"type":"Feature","geometry":{"type":"Point","coordinates":[-97.85,32.825]},"properties":{"rainfall":467.0,"rainfallInches":4.67}},{"type":"Feature","geometry":{"type":"Point","coordinates":[-97.841667,32.825]},"properties":{"rainfall":467.0,"rainfallInches":4.67}},{"type":"Feature","geometry":{"type":"Point","coordinates":[-97.833334,32.825]},"properties":{"rainfall":467.0,"rainfallInches":4.67}},{"type":"Feature","geometry":{"type":"Point","coordinates":[-97.825,32.825]},"properties":{"rainfall":467.0,"rainfallInches":4.67}},{"type":"Feature","geometry":{"type":"Point","coordinates":[-97.816667,32.825]},"properties":{"rainfall":466.0,"rainfallInches":4.66}},{"type":"Feature","geometry":{"type":"Point","coordinates":[-97.808334,32.825]},"properties":{"rainfall":466.0,"rainfallInches":4.66}},{"type":"Feature","geometry":{"type":"Point","coordinates":[-97.8,32.825]},"properties":{"rainfall":466.0,"rainfallInches":4.66}},{"type":"Feature","geometry":{"type":"Point","coordinates":[-97.791667,32.825]},"properties":{"rainfall":466.0,"rainfallInches":4.66}},{"type":"Feature","geometry":{"type":"Point","coordinates":[-97.783334,32.825]},"properties":{"rainfall":466.0,"rainfallInches":4.66}},{"type":"Feature","geometry":{"type":"Point","coordinates":[-97.775,32.825]},"properties":{"rainfall":465.0,"rainfallInches":4.65}},{"type":"Feature","geometry":{"type":"Point","coordinates":[-97.766667,32.825]},"properties":{"rainfall":465.0,"rainfallInches":4.65}},{"type":"Feature","geometry":{"type":"Point","coordinates":[-97.758334,32.825]},"properties":{"rainfall":465.0,"rainfallInches":4.65}},{"type":"Feature","geometry":{"type":"Point","coordinates":[-97.75,32.825]},"properties":{"rainfall":465.0,"rainfallInches":4.65}},{"type":"Feature","geometry":{"type":"Point","coordinates":[-97.741667,32.825]},"properties":{"rainfall":464.0,"rainfallInches":4.64}},{"type":"Feature","geometry":{"type":"Point","coordinates":[-97.733334,32.825]},"properties":{"rainfall":464.0,"rainfallInches":4.64}},{"type":"Feature","geometry":{"type":"Point","coordinates":[-97.725,32.825]},"properties":{"rainfall":464.0,"rainfallInches":4.64}},{"type":"Feature","geometry":{"type":"Point","coordinates":[-97.716667,32.825]},"properties":{"rainfall":464.0,"rainfallInches":4.64}},{"type":"Feature","geometry":{"type":"Point","coordinates":[-97.708334,32.825]},"properties":{"rainfall":463.0,"rainfallInches":4.63}},{"type":"Feature","geometry":{"type":"Point","coordinates":[-97.7,32.825]},"properties":{"rainfall":463.0,"rainfallInches":4.63}},{"type":"Feature","geometry":{"type":"Point","coordinates":[-97.691667,32.825]},"properties":{"rainfall":463.0,"rainfallInches":4.63}},{"type":"Feature","geometry":{"type":"Point","coordinates":[-97.683334,32.825]},"properties":{"rainfall":463.0,"rainfallInches":4.63}},{"type":"Feature","geometry":{"type":"Point","coordinates":[-97.675,32.825]},"properties":{"rainfall":462.0,"rainfallInches":4.62}},{"type":"Feature","geometry":{"type":"Point","coordinates":[-97.666667,32.825]},"properties":{"rainfall":462.0,"rainfallInches":4.62}},{"type":"Feature","geometry":{"type":"Point","coordinates":[-97.658334,32.825]},"properties":{"rainfall":462.0,"rainfallInches":4.62}},{"type":"Feature","geometry":{"type":"Point","coordinates":[-97.65,32.825]},"properties":{"rainfall":462.0,"rainfallInches":4.62}},{"type":"Feature","geometry":{"type":"Point","coordinates":[-97.641667,32.825]},"properties":{"rainfall":462.0,"rainfallInches":4.62}},{"type":"Feature","geometry":{"type":"Point","coordinates":[-97.633334,32.825]},"properties":{"rainfall":462.0,"rainfallInches":4.62}},{"type":"Feature","geometry":{"type":"Point","coordinates":[-97.625,32.825]},"properties":{"rainfall":461.0,"rainfallInches":4.61}},{"type":"Feature","geometry":{"type":"Point","coordinates":[-97.616667,32.825]},"properties":{"rainfall":461.0,"rainfallInches":4.61}},{"type":"Feature","geometry":{"type":"Point","coordinates":[-97.608334,32.825]},"properties":{"rainfall":462.0,"rainfallInches":4.62}},{"type":"Feature","geometry":{"type":"Point","coordinates":[-97.6,32.825]},"properties":{"rainfall":462.0,"rainfallInches":4.62}},{"type":"Feature","geometry":{"type":"Point","coordinates":[-97.591667,32.825]},"properties":{"rainfall":462.0,"rainfallInches":4.62}},{"type":"Feature","geometry":{"type":"Point","coordinates":[-97.583334,32.825]},"properties":{"rainfall":462.0,"rainfallInches":4.62}},{"type":"Feature","geometry":{"type":"Point","coordinates":[-97.575,32.825]},"properties":{"rainfall":462.0,"rainfallInches":4.62}},{"type":"Feature","geometry":{"type":"Point","coordinates":[-97.566667,32.825]},"properties":{"rainfall":463.0,"rainfallInches":4.63}},{"type":"Feature","geometry":{"type":"Point","coordinates":[-97.558334,32.825]},"properties":{"rainfall":463.0,"rainfallInches":4.63}},{"type":"Feature","geometry":{"type":"Point","coordinates":[-97.55,32.825]},"properties":{"rainfall":463.0,"rainfallInches":4.63}},{"type":"Feature","geometry":{"type":"Point","coordinates":[-98.058334,32.816666]},"properties":{"rainfall":472.0,"rainfallInches":4.72}},{"type":"Feature","geometry":{"type":"Point","coordinates":[-98.05,32.816666]},"properties":{"rainfall":472.0,"rainfallInches":4.72}},{"type":"Feature","geometry":{"type":"Point","coordinates":[-98.041667,32.816666]},"properties":{"rainfall":472.0,"rainfallInches":4.72}},{"type":"Feature","geometry":{"type":"Point","coordinates":[-98.033334,32.816666]},"properties":{"rainfall":472.0,"rainfallInches":4.72}},{"type":"Feature","geometry":{"type":"Point","coordinates":[-98.025,32.816666]},"properties":{"rainfall":472.0,"rainfallInches":4.72}},{"type":"Feature","geometry":{"type":"Point","coordinates":[-98.016667,32.816666]},"properties":{"rainfall":472.0,"rainfallInches":4.72}},{"type":"Feature","geometry":{"type":"Point","coordinates":[-98.008334,32.816666]},"properties":{"rainfall":472.0,"rainfallInches":4.72}},{"type":"Feature","geometry":{"type":"Point","coordinates":[-98.0,32.816666]},"properties":{"rainfall":472.0,"rainfallInches":4.72}},{"type":"Feature","geometry":{"type":"Point","coordinates":[-97.991667,32.816666]},"properties":{"rainfall":472.0,"rainfallInches":4.72}},{"type":"Feature","geometry":{"type":"Point","coordinates":[-97.983334,32.816666]},"properties":{"rainfall":471.0,"rainfallInches":4.71}},{"type":"Feature","geometry":{"type":"Point","coordinates":[-97.975,32.816666]},"properties":{"rainfall":471.0,"rainfallInches":4.71}},{"type":"Feature","geometry":{"type":"Point","coordinates":[-97.966667,32.816666]},"properties":{"rainfall":471.0,"rainfallInches":4.71}},{"type":"Feature","geometry":{"type":"Point","coordinates":[-97.958334,32.816666]},"properties":{"rainfall":470.0,"rainfallInches":4.7}},{"type":"Feature","geometry":{"type":"Point","coordinates":[-97.95,32.816666]},"properties":{"rainfall":470.0,"rainfallInches":4.7}},{"type":"Feature","geometry":{"type":"Point","coordinates":[-97.941667,32.816666]},"properties":{"rainfall":470.0,"rainfallInches":4.7}},{"type":"Feature","geometry":{"type":"Point","coordinates":[-97.933334,32.816666]},"properties":{"rainfall":469.0,"rainfallInches":4.69}},{"type":"Feature","geometry":{"type":"Point","coordinates":[-97.925,32.816666]},"properties":{"rainfall":469.0,"rainfallInches":4.69}},{"type":"Feature","geometry":{"type":"Point","coordinates":[-97.916667,32.816666]},"properties":{"rainfall":469.0,"rainfallInches":4.69}},{"type":"Feature","geometry":{"type":"Point","coordinates":[-97.908334,32.816666]},"properties":{"rainfall":469.0,"rainfallInches":4.69}},{"type":"Feature","geometry":{"type":"Point","coordinates":[-97.9,32.816666]},"properties":{"rainfall":468.0,"rainfallInches":4.68}},{"type":"Feature","geometry":{"type":"Point","coordinates":[-97.891667,32.816666]},"properties":{"rainfall":468.0,"rainfallInches":4.68}},{"type":"Feature","geometry":{"type":"Point","coordinates":[-97.883334,32.816666]},"properties":{"rainfall":468.0,"rainfallInches":4.68}},{"type":"Feature","geometry":{"type":"Point","coordinates":[-97.875,32.816666]},"properties":{"rainfall":468.0,"rainfallInches":4.68}},{"type":"Feature","geometry":{"type":"Point","coordinates":[-97.866667,32.816666]},"properties":{"rainfall":467.0,"rainfallInches":4.67}},{"type":"Feature","geometry":{"type":"Point","coordinates":[-97.858334,32.816666]},"properties":{"rainfall":467.0,"rainfallInches":4.67}},{"type":"Feature","geometry":{"type":"Point","coordinates":[-97.85,32.816666]},"properties":{"rainfall":467.0,"rainfallInches":4.67}},{"type":"Feature","geometry":{"type":"Point","coordinates":[-97.841667,32.816666]},"properties":{"rainfall":467.0,"rainfallInches":4.67}},{"type":"Feature","geometry":{"type":"Point","coordinates":[-97.833334,32.816666]},"properties":{"rainfall":467.0,"rainfallInches":4.67}},{"type":"Feature","geometry":{"type":"Point","coordinates":[-97.825,32.816666]},"properties":{"rainfall":466.0,"rainfallInches":4.66}},{"type":"Feature","geometry":{"type":"Point","coordinates":[-97.816667,32.816666]},"properties":{"rainfall":466.0,"rainfallInches":4.66}},{"type":"Feature","geometry":{"type":"Point","coordinates":[-97.808334,32.816666]},"properties":{"rainfall":466.0,"rainfallInches":4.66}},{"type":"Feature","geometry":{"type":"Point","coordinates":[-97.8,32.816666]},"properties":{"rainfall":466.0,"rainfallInches":4.66}},{"type":"Feature","geometry":{"type":"Point","coordinates":[-97.791667,32.816666]},"properties":{"rainfall":466.0,"rainfallInches":4.66}},{"type":"Feature","geometry":{"type":"Point","coordinates":[-97.783334,32.816666]},"properties":{"rainfall":465.0,"rainfallInches":4.65}},{"type":"Feature","geometry":{"type":"Point","coordinates":[-97.775,32.816666]},"properties":{"rainfall":465.0,"rainfallInches":4.65}},{"type":"Feature","geometry":{"type":"Point","coordinates":[-97.766667,32.816666]},"properties":{"rainfall":465.0,"rainfallInches":4.65}},{"type":"Feature","geometry":{"type":"Point","coordinates":[-97.758334,32.816666]},"properties":{"rainfall":465.0,"rainfallInches":4.65}},{"type":"Feature","geometry":{"type":"Point","coordinates":[-97.75,32.816666]},"properties":{"rainfall":464.0,"rainfallInches":4.64}},{"type":"Feature","geometry":{"type":"Point","coordinates":[-97.741667,32.816666]},"properties":{"rainfall":464.0,"rainfallInches":4.64}},{"type":"Feature","geometry":{"type":"Point","coordinates":[-97.733334,32.816666]},"properties":{"rainfall":464.0,"rainfallInches":4.64}},{"type":"Feature","geometry":{"type":"Point","coordinates":[-97.725,32.816666]},"properties":{"rainfall":464.0,"rainfallInches":4.64}},{"type":"Feature","geometry":{"type":"Point","coordinates":[-97.716667,32.816666]},"properties":{"rainfall":463.0,"rainfallInches":4.63}},{"type":"Feature","geometry":{"type":"Point","coordinates":[-97.708334,32.816666]},"properties":{"rainfall":463.0,"rainfallInches":4.63}},{"type":"Feature","geometry":{"type":"Point","coordinates":[-97.7,32.816666]},"properties":{"rainfall":463.0,"rainfallInches":4.63}},{"type":"Feature","geometry":{"type":"Point","coordinates":[-97.691667,32.816666]},"properties":{"rainfall":463.0,"rainfallInches":4.63}},{"type":"Feature","geometry":{"type":"Point","coordinates":[-97.683334,32.816666]},"properties":{"rainfall":462.0,"rainfallInches":4.62}},{"type":"Feature","geometry":{"type":"Point","coordinates":[-97.675,32.816666]},"properties":{"rainfall":462.0,"rainfallInches":4.62}},{"type":"Feature","geometry":{"type":"Point","coordinates":[-97.666667,32.816666]},"properties":{"rainfall":462.0,"rainfallInches":4.62}},{"type":"Feature","geometry":{"type":"Point","coordinates":[-97.658334,32.816666]},"properties":{"rainfall":462.0,"rainfallInches":4.62}},{"type":"Feature","geometry":{"type":"Point","coordinates":[-97.65,32.816666]},"properties":{"rainfall":462.0,"rainfallInches":4.62}},{"type":"Feature","geometry":{"type":"Point","coordinates":[-97.641667,32.816666]},"properties":{"rainfall":462.0,"rainfallInches":4.62}},{"type":"Feature","geometry":{"type":"Point","coordinates":[-97.633334,32.816666]},"properties":{"rainfall":461.0,"rainfallInches":4.61}},{"type":"Feature","geometry":{"type":"Point","coordinates":[-97.625,32.816666]},"properties":{"rainfall":461.0,"rainfallInches":4.61}},{"type":"Feature","geometry":{"type":"Point","coordinates":[-97.616667,32.816666]},"properties":{"rainfall":461.0,"rainfallInches":4.61}},{"type":"Feature","geometry":{"type":"Point","coordinates":[-97.608334,32.816666]},"properties":{"rainfall":461.0,"rainfallInches":4.61}},{"type":"Feature","geometry":{"type":"Point","coordinates":[-97.6,32.816666]},"properties":{"rainfall":461.0,"rainfallInches":4.61}},{"type":"Feature","geometry":{"type":"Point","coordinates":[-97.591667,32.816666]},"properties":{"rainfall":461.0,"rainfallInches":4.61}},{"type":"Feature","geometry":{"type":"Point","coordinates":[-97.583334,32.816666]},"properties":{"rainfall":462.0,"rainfallInches":4.62}},{"type":"Feature","geometry":{"type":"Point","coordinates":[-97.575,32.816666]},"properties":{"rainfall":462.0,"rainfallInches":4.62}},{"type":"Feature","geometry":{"type":"Point","coordinates":[-97.566667,32.816666]},"properties":{"rainfall":462.0,"rainfallInches":4.62}},{"type":"Feature","geometry":{"type":"Point","coordinates":[-97.558334,32.816666]},"properties":{"rainfall":463.0,"rainfallInches":4.63}},{"type":"Feature","geometry":{"type":"Point","coordinates":[-97.55,32.816666]},"properties":{"rainfall":463.0,"rainfallInches":4.63}},{"type":"Feature","geometry":{"type":"Point","coordinates":[-98.058334,32.808333]},"properties":{"rainfall":472.0,"rainfallInches":4.72}},{"type":"Feature","geometry":{"type":"Point","coordinates":[-98.05,32.808333]},"properties":{"rainfall":472.0,"rainfallInches":4.72}},{"type":"Feature","geometry":{"type":"Point","coordinates":[-98.041667,32.808333]},"properties":{"rainfall":473.0,"rainfallInches":4.73}},{"type":"Feature","geometry":{"type":"Point","coordinates":[-98.033334,32.808333]},"properties":{"rainfall":473.0,"rainfallInches":4.73}},{"type":"Feature","geometry":{"type":"Point","coordinates":[-98.025,32.808333]},"properties":{"rainfall":473.0,"rainfallInches":4.73}},{"type":"Feature","geometry":{"type":"Point","coordinates":[-98.016667,32.808333]},"properties":{"rainfall":473.0,"rainfallInches":4.73}},{"type":"Feature","geometry":{"type":"Point","coordinates":[-98.008334,32.808333]},"properties":{"rainfall":472.0,"rainfallInches":4.72}},{"type":"Feature","geometry":{"type":"Point","coordinates":[-98.0,32.808333]},"properties":{"rainfall":472.0,"rainfallInches":4.72}},{"type":"Feature","geometry":{"type":"Point","coordinates":[-97.991667,32.808333]},"properties":{"rainfall":472.0,"rainfallInches":4.72}},{"type":"Feature","geometry":{"type":"Point","coordinates":[-97.983334,32.808333]},"properties":{"rainfall":472.0,"rainfallInches":4.72}},{"type":"Feature","geometry":{"type":"Point","coordinates":[-97.975,32.808333]},"properties":{"rainfall":471.0,"rainfallInches":4.71}},{"type":"Feature","geometry":{"type":"Point","coordinates":[-97.966667,32.808333]},"properties":{"rainfall":471.0,"rainfallInches":4.71}},{"type":"Feature","geometry":{"type":"Point","coordinates":[-97.958334,32.808333]},"properties":{"rainfall":471.0,"rainfallInches":4.71}},{"type":"Feature","geometry":{"type":"Point","coordinates":[-97.95,32.808333]},"properties":{"rainfall":470.0,"rainfallInches":4.7}},{"type":"Feature","geometry":{"type":"Point","coordinates":[-97.941667,32.808333]},"properties":{"rainfall":470.0,"rainfallInches":4.7}},{"type":"Feature","geometry":{"type":"Point","coordinates":[-97.933334,32.808333]},"properties":{"rainfall":470.0,"rainfallInches":4.7}},{"type":"Feature","geometry":{"type":"Point","coordinates":[-97.925,32.808333]},"properties":{"rainfall":469.0,"rainfallInches":4.69}},{"type":"Feature","geometry":{"type":"Point","coordinates":[-97.916667,32.808333]},"properties":{"rainfall":469.0,"rainfallInches":4.69}},{"type":"Feature","geometry":{"type":"Point","coordinates":[-97.908334,32.808333]},"properties":{"rainfall":469.0,"rainfallInches":4.69}},{"type":"Feature","geometry":{"type":"Point","coordinates":[-97.9,32.808333]},"properties":{"rainfall":468.0,"rainfallInches":4.68}},{"type":"Feature","geometry":{"type":"Point","coordinates":[-97.891667,32.808333]},"properties":{"rainfall":468.0,"rainfallInches":4.68}},{"type":"Feature","geometry":{"type":"Point","coordinates":[-97.883334,32.808333]},"properties":{"rainfall":468.0,"rainfallInches":4.68}},{"type":"Feature","geometry":{"type":"Point","coordinates":[-97.875,32.808333]},"properties":{"rainfall":468.0,"rainfallInches":4.68}},{"type":"Feature","geometry":{"type":"Point","coordinates":[-97.866667,32.808333]},"properties":{"rainfall":467.0,"rainfallInches":4.67}},{"type":"Feature","geometry":{"type":"Point","coordinates":[-97.858334,32.808333]},"properties":{"rainfall":467.0,"rainfallInches":4.67}},{"type":"Feature","geometry":{"type":"Point","coordinates":[-97.85,32.808333]},"properties":{"rainfall":467.0,"rainfallInches":4.67}},{"type":"Feature","geometry":{"type":"Point","coordinates":[-97.841667,32.808333]},"properties":{"rainfall":467.0,"rainfallInches":4.67}},{"type":"Feature","geometry":{"type":"Point","coordinates":[-97.833334,32.808333]},"properties":{"rainfall":467.0,"rainfallInches":4.67}},{"type":"Feature","geometry":{"type":"Point","coordinates":[-97.825,32.808333]},"properties":{"rainfall":466.0,"rainfallInches":4.66}},{"type":"Feature","geometry":{"type":"Point","coordinates":[-97.816667,32.808333]},"properties":{"rainfall":466.0,"rainfallInches":4.66}},{"type":"Feature","geometry":{"type":"Point","coordinates":[-97.808334,32.808333]},"properties":{"rainfall":466.0,"rainfallInches":4.66}},{"type":"Feature","geometry":{"type":"Point","coordinates":[-97.8,32.808333]},"properties":{"rainfall":466.0,"rainfallInches":4.66}},{"type":"Feature","geometry":{"type":"Point","coordinates":[-97.791667,32.808333]},"properties":{"rainfall":466.0,"rainfallInches":4.66}},{"type":"Feature","geometry":{"type":"Point","coordinates":[-97.783334,32.808333]},"properties":{"rainfall":465.0,"rainfallInches":4.65}},{"type":"Feature","geometry":{"type":"Point","coordinates":[-97.775,32.808333]},"properties":{"rainfall":465.0,"rainfallInches":4.65}},{"type":"Feature","geometry":{"type":"Point","coordinates":[-97.766667,32.808333]},"properties":{"rainfall":465.0,"rainfallInches":4.65}},{"type":"Feature","geometry":{"type":"Point","coordinates":[-97.758334,32.808333]},"properties":{"rainfall":465.0,"rainfallInches":4.65}},{"type":"Feature","geometry":{"type":"Point","coordinates":[-97.75,32.808333]},"properties":{"rainfall":464.0,"rainfallInches":4.64}},{"type":"Feature","geometry":{"type":"Point","coordinates":[-97.741667,32.808333]},"properties":{"rainfall":464.0,"rainfallInches":4.64}},{"type":"Feature","geometry":{"type":"Point","coordinates":[-97.733334,32.808333]},"properties":{"rainfall":464.0,"rainfallInches":4.64}},{"type":"Feature","geometry":{"type":"Point","coordinates":[-97.725,32.808333]},"properties":{"rainfall":463.0,"rainfallInches":4.63}},{"type":"Feature","geometry":{"type":"Point","coordinates":[-97.716667,32.808333]},"properties":{"rainfall":463.0,"rainfallInches":4.63}},{"type":"Feature","geometry":{"type":"Point","coordinates":[-97.708334,32.808333]},"properties":{"rainfall":463.0,"rainfallInches":4.63}},{"type":"Feature","geometry":{"type":"Point","coordinates":[-97.7,32.808333]},"properties":{"rainfall":463.0,"rainfallInches":4.63}},{"type":"Feature","geometry":{"type":"Point","coordinates":[-97.691667,32.808333]},"properties":{"rainfall":462.0,"rainfallInches":4.62}},{"type":"Feature","geometry":{"type":"Point","coordinates":[-97.683334,32.808333]},"properties":{"rainfall":462.0,"rainfallInches":4.62}},{"type":"Feature","geometry":{"type":"Point","coordinates":[-97.675,32.808333]},"properties":{"rainfall":462.0,"rainfallInches":4.62}},{"type":"Feature","geometry":{"type":"Point","coordinates":[-97.666667,32.808333]},"properties":{"rainfall":462.0,"rainfallInches":4.62}},{"type":"Feature","geometry":{"type":"Point","coordinates":[-97.658334,32.808333]},"properties":{"rainfall":462.0,"rainfallInches":4.62}},{"type":"Feature","geometry":{"type":"Point","coordinates":[-97.65,32.808333]},"properties":{"rainfall":461.0,"rainfallInches":4.61}},{"type":"Feature","geometry":{"type":"Point","coordinates":[-97.641667,32.808333]},"properties":{"rainfall":461.0,"rainfallInches":4.61}},{"type":"Feature","geometry":{"type":"Point","coordinates":[-97.633334,32.808333]},"properties":{"rainfall":461.0,"rainfallInches":4.61}},{"type":"Feature","geometry":{"type":"Point","coordinates":[-97.625,32.808333]},"properties":{"rainfall":461.0,"rainfallInches":4.61}},{"type":"Feature","geometry":{"type":"Point","coordinates":[-97.616667,32.808333]},"properties":{"rainfall":461.0,"rainfallInches":4.61}},{"type":"Feature","geometry":{"type":"Point","coordinates":[-97.608334,32.808333]},"properties":{"rainfall":461.0,"rainfallInches":4.61}},{"type":"Feature","geometry":{"type":"Point","coordinates":[-97.6,32.808333]},"properties":{"rainfall":461.0,"rainfallInches":4.61}},{"type":"Feature","geometry":{"type":"Point","coordinates":[-97.591667,32.808333]},"properties":{"rainfall":461.0,"rainfallInches":4.61}},{"type":"Feature","geometry":{"type":"Point","coordinates":[-97.583334,32.808333]},"properties":{"rainfall":461.0,"rainfallInches":4.61}},{"type":"Feature","geometry":{"type":"Point","coordinates":[-97.575,32.808333]},"properties":{"rainfall":462.0,"rainfallInches":4.62}},{"type":"Feature","geometry":{"type":"Point","coordinates":[-97.566667,32.808333]},"properties":{"rainfall":462.0,"rainfallInches":4.62}},{"type":"Feature","geometry":{"type":"Point","coordinates":[-97.558334,32.808333]},"properties":{"rainfall":462.0,"rainfallInches":4.62}},{"type":"Feature","geometry":{"type":"Point","coordinates":[-97.55,32.808333]},"properties":{"rainfall":463.0,"rainfallInches":4.63}},{"type":"Feature","geometry":{"type":"Point","coordinates":[-98.058334,32.8]},"properties":{"rainfall":472.0,"rainfallInches":4.72}},{"type":"Feature","geometry":{"type":"Point","coordinates":[-98.05,32.8]},"properties":{"rainfall":473.0,"rainfallInches":4.73}},{"type":"Feature","geometry":{"type":"Point","coordinates":[-98.041667,32.8]},"properties":{"rainfall":473.0,"rainfallInches":4.73}},{"type":"Feature","geometry":{"type":"Point","coordinates":[-98.033334,32.8]},"properties":{"rainfall":473.0,"rainfallInches":4.73}},{"type":"Feature","geometry":{"type":"Point","coordinates":[-98.025,32.8]},"properties":{"rainfall":473.0,"rainfallInches":4.73}},{"type":"Feature","geometry":{"type":"Point","coordinates":[-98.016667,32.8]},"properties":{"rainfall":473.0,"rainfallInches":4.73}},{"type":"Feature","geometry":{"type":"Point","coordinates":[-98.008334,32.8]},"properties":{"rainfall":473.0,"rainfallInches":4.73}},{"type":"Feature","geometry":{"type":"Point","coordinates":[-98.0,32.8]},"properties":{"rainfall":472.0,"rainfallInches":4.72}},{"type":"Feature","geometry":{"type":"Point","coordinates":[-97.991667,32.8]},"properties":{"rainfall":472.0,"rainfallInches":4.72}},{"type":"Feature","geometry":{"type":"Point","coordinates":[-97.983334,32.8]},"properties":{"rainfall":472.0,"rainfallInches":4.72}},{"type":"Feature","geometry":{"type":"Point","coordinates":[-97.975,32.8]},"properties":{"rainfall":471.0,"rainfallInches":4.71}},{"type":"Feature","geometry":{"type":"Point","coordinates":[-97.966667,32.8]},"properties":{"rainfall":471.0,"rainfallInches":4.71}},{"type":"Feature","geometry":{"type":"Point","coordinates":[-97.958334,32.8]},"properties":{"rainfall":471.0,"rainfallInches":4.71}},{"type":"Feature","geometry":{"type":"Point","coordinates":[-97.95,32.8]},"properties":{"rainfall":470.0,"rainfallInches":4.7}},{"type":"Feature","geometry":{"type":"Point","coordinates":[-97.941667,32.8]},"properties":{"rainfall":470.0,"rainfallInches":4.7}},{"type":"Feature","geometry":{"type":"Point","coordinates":[-97.933334,32.8]},"properties":{"rainfall":470.0,"rainfallInches":4.7}},{"type":"Feature","geometry":{"type":"Point","coordinates":[-97.925,32.8]},"properties":{"rainfall":469.0,"rainfallInches":4.69}},{"type":"Feature","geometry":{"type":"Point","coordinates":[-97.916667,32.8]},"properties":{"rainfall":469.0,"rainfallInches":4.69}},{"type":"Feature","geometry":{"type":"Point","coordinates":[-97.908334,32.8]},"properties":{"rainfall":469.0,"rainfallInches":4.69}},{"type":"Feature","geometry":{"type":"Point","coordinates":[-97.9,32.8]},"properties":{"rainfall":468.0,"rainfallInches":4.68}},{"type":"Feature","geometry":{"type":"Point","coordinates":[-97.891667,32.8]},"properties":{"rainfall":468.0,"rainfallInches":4.68}},{"type":"Feature","geometry":{"type":"Point","coordinates":[-97.883334,32.8]},"properties":{"rainfall":468.0,"rainfallInches":4.68}},{"type":"Feature","geometry":{"type":"Point","coordinates":[-97.875,32.8]},"properties":{"rainfall":468.0,"rainfallInches":4.68}},{"type":"Feature","geometry":{"type":"Point","coordinates":[-97.866667,32.8]},"properties":{"rainfall":467.0,"rainfallInches":4.67}},{"type":"Feature","geometry":{"type":"Point","coordinates":[-97.858334,32.8]},"properties":{"rainfall":467.0,"rainfallInches":4.67}},{"type":"Feature","geometry":{"type":"Point","coordinates":[-97.85,32.8]},"properties":{"rainfall":467.0,"rainfallInches":4.67}},{"type":"Feature","geometry":{"type":"Point","coordinates":[-97.841667,32.8]},"properties":{"rainfall":467.0,"rainfallInches":4.67}},{"type":"Feature","geometry":{"type":"Point","coordinates":[-97.833334,32.8]},"properties":{"rainfall":466.0,"rainfallInches":4.66}},{"type":"Feature","geometry":{"type":"Point","coordinates":[-97.825,32.8]},"properties":{"rainfall":466.0,"rainfallInches":4.66}},{"type":"Feature","geometry":{"type":"Point","coordinates":[-97.816667,32.8]},"properties":{"rainfall":466.0,"rainfallInches":4.66}},{"type":"Feature","geometry":{"type":"Point","coordinates":[-97.808334,32.8]},"properties":{"rainfall":466.0,"rainfallInches":4.66}},{"type":"Feature","geometry":{"type":"Point","coordinates":[-97.8,32.8]},"properties":{"rainfall":466.0,"rainfallInches":4.66}},{"type":"Feature","geometry":{"type":"Point","coordinates":[-97.791667,32.8]},"properties":{"rainfall":465.0,"rainfallInches":4.65}},{"type":"Feature","geometry":{"type":"Point","coordinates":[-97.783334,32.8]},"properties":{"rainfall":465.0,"rainfallInches":4.65}},{"type":"Feature","geometry":{"type":"Point","coordinates":[-97.775,32.8]},"properties":{"rainfall":465.0,"rainfallInches":4.65}},{"type":"Feature","geometry":{"type":"Point","coordinates":[-97.766667,32.8]},"properties":{"rainfall":465.0,"rainfallInches":4.65}},{"type":"Feature","geometry":{"type":"Point","coordinates":[-97.758334,32.8]},"properties":{"rainfall":464.0,"rainfallInches":4.64}},{"type":"Feature","geometry":{"type":"Point","coordinates":[-97.75,32.8]},"properties":{"rainfall":464.0,"rainfallInches":4.64}},{"type":"Feature","geometry":{"type":"Point","coordinates":[-97.741667,32.8]},"properties":{"rainfall":464.0,"rainfallInches":4.64}},{"type":"Feature","geometry":{"type":"Point","coordinates":[-97.733334,32.8]},"properties":{"rainfall":464.0,"rainfallInches":4.64}},{"type":"Feature","geometry":{"type":"Point","coordinates":[-97.725,32.8]},"properties":{"rainfall":463.0,"rainfallInches":4.63}},{"type":"Feature","geometry":{"type":"Point","coordinates":[-97.716667,32.8]},"properties":{"rainfall":463.0,"rainfallInches":4.63}},{"type":"Feature","geometry":{"type":"Point","coordinates":[-97.708334,32.8]},"properties":{"rainfall":463.0,"rainfallInches":4.63}},{"type":"Feature","geometry":{"type":"Point","coordinates":[-97.7,32.8]},"properties":{"rainfall":463.0,"rainfallInches":4.63}},{"type":"Feature","geometry":{"type":"Point","coordinates":[-97.691667,32.8]},"properties":{"rainfall":462.0,"rainfallInches":4.62}},{"type":"Feature","geometry":{"type":"Point","coordinates":[-97.683334,32.8]},"properties":{"rainfall":462.0,"rainfallInches":4.62}},{"type":"Feature","geometry":{"type":"Point","coordinates":[-97.675,32.8]},"properties":{"rainfall":462.0,"rainfallInches":4.62}},{"type":"Feature","geometry":{"type":"Point","coordinates":[-97.666667,32.8]},"properties":{"rainfall":462.0,"rainfallInches":4.62}},{"type":"Feature","geometry":{"type":"Point","coordinates":[-97.658334,32.8]},"properties":{"rainfall":461.0,"rainfallInches":4.61}},{"type":"Feature","geometry":{"type":"Point","coordinates":[-97.65,32.8]},"properties":{"rainfall":461.0,"rainfallInches":4.61}},{"type":"Feature","geometry":{"type":"Point","coordinates":[-97.641667,32.8]},"properties":{"rainfall":461.0,"rainfallInches":4.61}},{"type":"Feature","geometry":{"type":"Point","coordinates":[-97.633334,32.8]},"properties":{"rainfall":461.0,"rainfallInches":4.61}},{"type":"Feature","geometry":{"type":"Point","coordinates":[-97.625,32.8]},"properties":{"rainfall":461.0,"rainfallInches":4.61}},{"type":"Feature","geometry":{"type":"Point","coordinates":[-97.616667,32.8]},"properties":{"rainfall":461.0,"rainfallInches":4.61}},{"type":"Feature","geometry":{"type":"Point","coordinates":[-97.608334,32.8]},"properties":{"rainfall":461.0,"rainfallInches":4.61}},{"type":"Feature","geometry":{"type":"Point","coordinates":[-97.6,32.8]},"properties":{"rainfall":461.0,"rainfallInches":4.61}},{"type":"Feature","geometry":{"type":"Point","coordinates":[-97.591667,32.8]},"properties":{"rainfall":461.0,"rainfallInches":4.61}},{"type":"Feature","geometry":{"type":"Point","coordinates":[-97.583334,32.8]},"properties":{"rainfall":461.0,"rainfallInches":4.61}},{"type":"Feature","geometry":{"type":"Point","coordinates":[-97.575,32.8]},"properties":{"rainfall":461.0,"rainfallInches":4.61}},{"type":"Feature","geometry":{"type":"Point","coordinates":[-97.566667,32.8]},"properties":{"rainfall":462.0,"rainfallInches":4.62}},{"type":"Feature","geometry":{"type":"Point","coordinates":[-97.558334,32.8]},"properties":{"rainfall":462.0,"rainfallInches":4.62}},{"type":"Feature","geometry":{"type":"Point","coordinates":[-97.55,32.8]},"properties":{"rainfall":463.0,"rainfallInches":4.63}},{"type":"Feature","geometry":{"type":"Point","coordinates":[-98.058334,32.791666]},"properties":{"rainfall":473.0,"rainfallInches":4.73}},{"type":"Feature","geometry":{"type":"Point","coordinates":[-98.05,32.791666]},"properties":{"rainfall":473.0,"rainfallInches":4.73}},{"type":"Feature","geometry":{"type":"Point","coordinates":[-98.041667,32.791666]},"properties":{"rainfall":473.0,"rainfallInches":4.73}},{"type":"Feature","geometry":{"type":"Point","coordinates":[-98.033334,32.791666]},"properties":{"rainfall":473.0,"rainfallInches":4.73}},{"type":"Feature","geometry":{"type":"Point","coordinates":[-98.025,32.791666]},"properties":{"rainfall":473.0,"rainfallInches":4.73}},{"type":"Feature","geometry":{"type":"Point","coordinates":[-98.016667,32.791666]},"properties":{"rainfall":473.0,"rainfallInches":4.73}},{"type":"Feature","geometry":{"type":"Point","coordinates":[-98.008334,32.791666]},"properties":{"rainfall":473.0,"rainfallInches":4.73}},{"type":"Feature","geometry":{"type":"Point","coordinates":[-98.0,32.791666]},"properties":{"rainfall":472.0,"rainfallInches":4.72}},{"type":"Feature","geometry":{"type":"Point","coordinates":[-97.991667,32.791666]},"properties":{"rainfall":472.0,"rainfallInches":4.72}},{"type":"Feature","geometry":{"type":"Point","coordinates":[-97.983334,32.791666]},"properties":{"rainfall":472.0,"rainfallInches":4.72}},{"type":"Feature","geometry":{"type":"Point","coordinates":[-97.975,32.791666]},"properties":{"rainfall":471.0,"rainfallInches":4.71}},{"type":"Feature","geometry":{"type":"Point","coordinates":[-97.966667,32.791666]},"properties":{"rainfall":471.0,"rainfallInches":4.71}},{"type":"Feature","geometry":{"type":"Point","coordinates":[-97.958334,32.791666]},"properties":{"rainfall":471.0,"rainfallInches":4.71}},{"type":"Feature","geometry":{"type":"Point","coordinates":[-97.95,32.791666]},"properties":{"rainfall":470.0,"rainfallInches":4.7}},{"type":"Feature","geometry":{"type":"Point","coordinates":[-97.941667,32.791666]},"properties":{"rainfall":470.0,"rainfallInches":4.7}},{"type":"Feature","geometry":{"type":"Point","coordinates":[-97.933334,32.791666]},"properties":{"rainfall":470.0,"rainfallInches":4.7}},{"type":"Feature","geometry":{"type":"Point","coordinates":[-97.925,32.791666]},"properties":{"rainfall":469.0,"rainfallInches":4.69}},{"type":"Feature","geometry":{"type":"Point","coordinates":[-97.916667,32.791666]},"properties":{"rainfall":469.0,"rainfallInches":4.69}},{"type":"Feature","geometry":{"type":"Point","coordinates":[-97.908334,32.791666]},"properties":{"rainfall":469.0,"rainfallInches":4.69}},{"type":"Feature","geometry":{"type":"Point","coordinates":[-97.9,32.791666]},"properties":{"rainfall":468.0,"rainfallInches":4.68}},{"type":"Feature","geometry":{"type":"Point","coordinates":[-97.891667,32.791666]},"properties":{"rainfall":468.0,"rainfallInches":4.68}},{"type":"Feature","geometry":{"type":"Point","coordinates":[-97.883334,32.791666]},"properties":{"rainfall":468.0,"rainfallInches":4.68}},{"type":"Feature","geometry":{"type":"Point","coordinates":[-97.875,32.791666]},"properties":{"rainfall":467.0,"rainfallInches":4.67}},{"type":"Feature","geometry":{"type":"Point","coordinates":[-97.866667,32.791666]},"properties":{"rainfall":467.0,"rainfallInches":4.67}},{"type":"Feature","geometry":{"type":"Point","coordinates":[-97.858334,32.791666]},"properties":{"rainfall":467.0,"rainfallInches":4.67}},{"type":"Feature","geometry":{"type":"Point","coordinates":[-97.85,32.791666]},"properties":{"rainfall":467.0,"rainfallInches":4.67}},{"type":"Feature","geometry":{"type":"Point","coordinates":[-97.841667,32.791666]},"properties":{"rainfall":467.0,"rainfallInches":4.67}},{"type":"Feature","geometry":{"type":"Point","coordinates":[-97.833334,32.791666]},"properties":{"rainfall":466.0,"rainfallInches":4.66}},{"type":"Feature","geometry":{"type":"Point","coordinates":[-97.825,32.791666]},"properties":{"rainfall":466.0,"rainfallInches":4.66}},{"type":"Feature","geometry":{"type":"Point","coordinates":[-97.816667,32.791666]},"properties":{"rainfall":466.0,"rainfallInches":4.66}},{"type":"Feature","geometry":{"type":"Point","coordinates":[-97.808334,32.791666]},"properties":{"rainfall":466.0,"rainfallInches":4.66}},{"type":"Feature","geometry":{"type":"Point","coordinates":[-97.8,32.791666]},"properties":{"rainfall":466.0,"rainfallInches":4.66}},{"type":"Feature","geometry":{"type":"Point","coordinates":[-97.791667,32.791666]},"properties":{"rainfall":465.0,"rainfallInches":4.65}},{"type":"Feature","geometry":{"type":"Point","coordinates":[-97.783334,32.791666]},"properties":{"rainfall":465.0,"rainfallInches":4.65}},{"type":"Feature","geometry":{"type":"Point","coordinates":[-97.775,32.791666]},"properties":{"rainfall":465.0,"rainfallInches":4.65}},{"type":"Feature","geometry":{"type":"Point","coordinates":[-97.766667,32.791666]},"properties":{"rainfall":465.0,"rainfallInches":4.65}},{"type":"Feature","geometry":{"type":"Point","coordinates":[-97.758334,32.791666]},"properties":{"rainfall":464.0,"rainfallInches":4.64}},{"type":"Feature","geometry":{"type":"Point","coordinates":[-97.75,32.791666]},"properties":{"rainfall":464.0,"rainfallInches":4.64}},{"type":"Feature","geometry":{"type":"Point","coordinates":[-97.741667,32.791666]},"properties":{"rainfall":464.0,"rainfallInches":4.64}},{"type":"Feature","geometry":{"type":"Point","coordinates":[-97.733334,32.791666]},"properties":{"rainfall":464.0,"rainfallInches":4.64}},{"type":"Feature","geometry":{"type":"Point","coordinates":[-97.725,32.791666]},"properties":{"rainfall":463.0,"rainfallInches":4.63}},{"type":"Feature","geometry":{"type":"Point","coordinates":[-97.716667,32.791666]},"properties":{"rainfall":463.0,"rainfallInches":4.63}},{"type":"Feature","geometry":{"type":"Point","coordinates":[-97.708334,32.791666]},"properties":{"rainfall":463.0,"rainfallInches":4.63}},{"type":"Feature","geometry":{"type":"Point","coordinates":[-97.7,32.791666]},"properties":{"rainfall":462.0,"rainfallInches":4.62}},{"type":"Feature","geometry":{"type":"Point","coordinates":[-97.691667,32.791666]},"properties":{"rainfall":462.0,"rainfallInches":4.62}},{"type":"Feature","geometry":{"type":"Point","coordinates":[-97.683334,32.791666]},"properties":{"rainfall":462.0,"rainfallInches":4.62}},{"type":"Feature","geometry":{"type":"Point","coordinates":[-97.675,32.791666]},"properties":{"rainfall":462.0,"rainfallInches":4.62}},{"type":"Feature","geometry":{"type":"Point","coordinates":[-97.666667,32.791666]},"properties":{"rainfall":462.0,"rainfallInches":4.62}},{"type":"Feature","geometry":{"type":"Point","coordinates":[-97.658334,32.791666]},"properties":{"rainfall":461.0,"rainfallInches":4.61}},{"type":"Feature","geometry":{"type":"Point","coordinates":[-97.65,32.791666]},"properties":{"rainfall":461.0,"rainfallInches":4.61}},{"type":"Feature","geometry":{"type":"Point","coordinates":[-97.641667,32.791666]},"properties":{"rainfall":461.0,"rainfallInches":4.61}},{"type":"Feature","geometry":{"type":"Point","coordinates":[-97.633334,32.791666]},"properties":{"rainfall":461.0,"rainfallInches":4.61}},{"type":"Feature","geometry":{"type":"Point","coordinates":[-97.625,32.791666]},"properties":{"rainfall":461.0,"rainfallInches":4.61}},{"type":"Feature","geometry":{"type":"Point","coordinates":[-97.616667,32.791666]},"properties":{"rainfall":461.0,"rainfallInches":4.61}},{"type":"Feature","geometry":{"type":"Point","coordinates":[-97.608334,32.791666]},"properties":{"rainfall":461.0,"rainfallInches":4.61}},{"type":"Feature","geometry":{"type":"Point","coordinates":[-97.6,32.791666]},"properties":{"rainfall":461.0,"rainfallInches":4.61}},{"type":"Feature","geometry":{"type":"Point","coordinates":[-97.591667,32.791666]},"properties":{"rainfall":461.0,"rainfallInches":4.61}},{"type":"Feature","geometry":{"type":"Point","coordinates":[-97.583334,32.791666]},"properties":{"rainfall":461.0,"rainfallInches":4.61}},{"type":"Feature","geometry":{"type":"Point","coordinates":[-97.575,32.791666]},"properties":{"rainfall":461.0,"rainfallInches":4.61}},{"type":"Feature","geometry":{"type":"Point","coordinates":[-97.566667,32.791666]},"properties":{"rainfall":462.0,"rainfallInches":4.62}},{"type":"Feature","geometry":{"type":"Point","coordinates":[-97.558334,32.791666]},"properties":{"rainfall":462.0,"rainfallInches":4.62}},{"type":"Feature","geometry":{"type":"Point","coordinates":[-97.55,32.791666]},"properties":{"rainfall":462.0,"rainfallInches":4.62}},{"type":"Feature","geometry":{"type":"Point","coordinates":[-98.058334,32.783333]},"properties":{"rainfall":473.0,"rainfallInches":4.73}},{"type":"Feature","geometry":{"type":"Point","coordinates":[-98.05,32.783333]},"properties":{"rainfall":473.0,"rainfallInches":4.73}},{"type":"Feature","geometry":{"type":"Point","coordinates":[-98.041667,32.783333]},"properties":{"rainfall":473.0,"rainfallInches":4.73}},{"type":"Feature","geometry":{"type":"Point","coordinates":[-98.033334,32.783333]},"properties":{"rainfall":473.0,"rainfallInches":4.73}},{"type":"Feature","geometry":{"type":"Point","coordinates":[-98.025,32.783333]},"properties":{"rainfall":473.0,"rainfallInches":4.73}},{"type":"Feature","geometry":{"type":"Point","coordinates":[-98.016667,32.783333]},"properties":{"rainfall":473.0,"rainfallInches":4.73}},{"type":"Feature","geometry":{"type":"Point","coordinates":[-98.008334,32.783333]},"properties":{"rainfall":473.0,"rainfallInches":4.73}},{"type":"Feature","geometry":{"type":"Point","coordinates":[-98.0,32.783333]},"properties":{"rainfall":473.0,"rainfallInches":4.73}},{"type":"Feature","geometry":{"type":"Point","coordinates":[-97.991667,32.783333]},"properties":{"rainfall":472.0,"rainfallInches":4.72}},{"type":"Feature","geometry":{"type":"Point","coordinates":[-97.983334,32.783333]},"properties":{"rainfall":472.0,"rainfallInches":4.72}},{"type":"Feature","geometry":{"type":"Point","coordinates":[-97.975,32.783333]},"properties":{"rainfall":471.0,"rainfallInches":4.71}},{"type":"Feature","geometry":{"type":"Point","coordinates":[-97.966667,32.783333]},"properties":{"rainfall":471.0,"rainfallInches":4.71}},{"type":"Feature","geometry":{"type":"Point","coordinates":[-97.958334,32.783333]},"properties":{"rainfall":471.0,"rainfallInches":4.71}},{"type":"Feature","geometry":{"type":"Point","coordinates":[-97.95,32.783333]},"properties":{"rainfall":470.0,"rainfallInches":4.7}},{"type":"Feature","geometry":{"type":"Point","coordinates":[-97.941667,32.783333]},"properties":{"rainfall":470.0,"rainfallInches":4.7}},{"type":"Feature","geometry":{"type":"Point","coordinates":[-97.933334,32.783333]},"properties":{"rainfall":470.0,"rainfallInches":4.7}},{"type":"Feature","geometry":{"type":"Point","coordinates":[-97.925,32.783333]},"properties":{"rainfall":469.0,"rainfallInches":4.69}},{"type":"Feature","geometry":{"type":"Point","coordinates":[-97.916667,32.783333]},"properties":{"rainfall":469.0,"rainfallInches":4.69}},{"type":"Feature","geometry":{"type":"Point","coordinates":[-97.908334,32.783333]},"properties":{"rainfall":469.0,"rainfallInches":4.69}},{"type":"Feature","geometry":{"type":"Point","coordinates":[-97.9,32.783333]},"properties":{"rainfall":468.0,"rainfallInches":4.68}},{"type":"Feature","geometry":{"type":"Point","coordinates":[-97.891667,32.783333]},"properties":{"rainfall":468.0,"rainfallInches":4.68}},{"type":"Feature","geometry":{"type":"Point","coordinates":[-97.883334,32.783333]},"properties":{"rainfall":468.0,"rainfallInches":4.68}},{"type":"Feature","geometry":{"type":"Point","coordinates":[-97.875,32.783333]},"properties":{"rainfall":467.0,"rainfallInches":4.67}},{"type":"Feature","geometry":{"type":"Point","coordinates":[-97.866667,32.783333]},"properties":{"rainfall":467.0,"rainfallInches":4.67}},{"type":"Feature","geometry":{"type":"Point","coordinates":[-97.858334,32.783333]},"properties":{"rainfall":467.0,"rainfallInches":4.67}},{"type":"Feature","geometry":{"type":"Point","coordinates":[-97.85,32.783333]},"properties":{"rainfall":467.0,"rainfallInches":4.67}},{"type":"Feature","geometry":{"type":"Point","coordinates":[-97.841667,32.783333]},"properties":{"rainfall":467.0,"rainfallInches":4.67}},{"type":"Feature","geometry":{"type":"Point","coordinates":[-97.833334,32.783333]},"properties":{"rainfall":466.0,"rainfallInches":4.66}},{"type":"Feature","geometry":{"type":"Point","coordinates":[-97.825,32.783333]},"properties":{"rainfall":466.0,"rainfallInches":4.66}},{"type":"Feature","geometry":{"type":"Point","coordinates":[-97.816667,32.783333]},"properties":{"rainfall":466.0,"rainfallInches":4.66}},{"type":"Feature","geometry":{"type":"Point","coordinates":[-97.808334,32.783333]},"properties":{"rainfall":466.0,"rainfallInches":4.66}},{"type":"Feature","geometry":{"type":"Point","coordinates":[-97.8,32.783333]},"properties":{"rainfall":465.0,"rainfallInches":4.65}},{"type":"Feature","geometry":{"type":"Point","coordinates":[-97.791667,32.783333]},"properties":{"rainfall":465.0,"rainfallInches":4.65}},{"type":"Feature","geometry":{"type":"Point","coordinates":[-97.783334,32.783333]},"properties":{"rainfall":465.0,"rainfallInches":4.65}},{"type":"Feature","geometry":{"type":"Point","coordinates":[-97.775,32.783333]},"properties":{"rainfall":465.0,"rainfallInches":4.65}},{"type":"Feature","geometry":{"type":"Point","coordinates":[-97.766667,32.783333]},"properties":{"rainfall":464.0,"rainfallInches":4.64}},{"type":"Feature","geometry":{"type":"Point","coordinates":[-97.758334,32.783333]},"properties":{"rainfall":464.0,"rainfallInches":4.64}},{"type":"Feature","geometry":{"type":"Point","coordinates":[-97.75,32.783333]},"properties":{"rainfall":464.0,"rainfallInches":4.64}},{"type":"Feature","geometry":{"type":"Point","coordinates":[-97.741667,32.783333]},"properties":{"rainfall":464.0,"rainfallInches":4.64}},{"type":"Feature","geometry":{"type":"Point","coordinates":[-97.733334,32.783333]},"properties":{"rainfall":463.0,"rainfallInches":4.63}},{"type":"Feature","geometry":{"type":"Point","coordinates":[-97.725,32.783333]},"properties":{"rainfall":463.0,"rainfallInches":4.63}},{"type":"Feature","geometry":{"type":"Point","coordinates":[-97.716667,32.783333]},"properties":{"rainfall":463.0,"rainfallInches":4.63}},{"type":"Feature","geometry":{"type":"Point","coordinates":[-97.708334,32.783333]},"properties":{"rainfall":463.0,"rainfallInches":4.63}},{"type":"Feature","geometry":{"type":"Point","coordinates":[-97.7,32.783333]},"properties":{"rainfall":462.0,"rainfallInches":4.62}},{"type":"Feature","geometry":{"type":"Point","coordinates":[-97.691667,32.783333]},"properties":{"rainfall":462.0,"rainfallInches":4.62}},{"type":"Feature","geometry":{"type":"Point","coordinates":[-97.683334,32.783333]},"properties":{"rainfall":462.0,"rainfallInches":4.62}},{"type":"Feature","geometry":{"type":"Point","coordinates":[-97.675,32.783333]},"properties":{"rainfall":462.0,"rainfallInches":4.62}},{"type":"Feature","geometry":{"type":"Point","coordinates":[-97.666667,32.783333]},"properties":{"rainfall":461.0,"rainfallInches":4.61}},{"type":"Feature","geometry":{"type":"Point","coordinates":[-97.658334,32.783333]},"properties":{"rainfall":461.0,"rainfallInches":4.61}},{"type":"Feature","geometry":{"type":"Point","coordinates":[-97.65,32.783333]},"properties":{"rainfall":461.0,"rainfallInches":4.61}},{"type":"Feature","geometry":{"type":"Point","coordinates":[-97.641667,32.783333]},"properties":{"rainfall":461.0,"rainfallInches":4.61}},{"type":"Feature","geometry":{"type":"Point","coordinates":[-97.633334,32.783333]},"properties":{"rainfall":461.0,"rainfallInches":4.61}},{"type":"Feature","geometry":{"type":"Point","coordinates":[-97.625,32.783333]},"properties":{"rainfall":461.0,"rainfallInches":4.61}},{"type":"Feature","geometry":{"type":"Point","coordinates":[-97.616667,32.783333]},"properties":{"rainfall":460.0,"rainfallInches":4.6}},{"type":"Feature","geometry":{"type":"Point","coordinates":[-97.608334,32.783333]},"properties":{"rainfall":460.0,"rainfallInches":4.6}},{"type":"Feature","geometry":{"type":"Point","coordinates":[-97.6,32.783333]},"properties":{"rainfall":460.0,"rainfallInches":4.6}},{"type":"Feature","geometry":{"type":"Point","coordinates":[-97.591667,32.783333]},"properties":{"rainfall":461.0,"rainfallInches":4.61}},{"type":"Feature","geometry":{"type":"Point","coordinates":[-97.583334,32.783333]},"properties":{"rainfall":461.0,"rainfallInches":4.61}},{"type":"Feature","geometry":{"type":"Point","coordinates":[-97.575,32.783333]},"properties":{"rainfall":461.0,"rainfallInches":4.61}},{"type":"Feature","geometry":{"type":"Point","coordinates":[-97.566667,32.783333]},"properties":{"rainfall":461.0,"rainfallInches":4.61}},{"type":"Feature","geometry":{"type":"Point","coordinates":[-97.558334,32.783333]},"properties":{"rainfall":462.0,"rainfallInches":4.62}},{"type":"Feature","geometry":{"type":"Point","coordinates":[-97.55,32.783333]},"properties":{"rainfall":462.0,"rainfallInches":4.62}},{"type":"Feature","geometry":{"type":"Point","coordinates":[-98.058334,32.775]},"properties":{"rainfall":472.0,"rainfallInches":4.72}},{"type":"Feature","geometry":{"type":"Point","coordinates":[-98.05,32.775]},"properties":{"rainfall":473.0,"rainfallInches":4.73}},{"type":"Feature","geometry":{"type":"Point","coordinates":[-98.041667,32.775]},"properties":{"rainfall":473.0,"rainfallInches":4.73}},{"type":"Feature","geometry":{"type":"Point","coordinates":[-98.033334,32.775]},"properties":{"rainfall":473.0,"rainfallInches":4.73}},{"type":"Feature","geometry":{"type":"Point","coordinates":[-98.025,32.775]},"properties":{"rainfall":473.0,"rainfallInches":4.73}},{"type":"Feature","geometry":{"type":"Point","coordinates":[-98.016667,32.775]},"properties":{"rainfall":473.0,"rainfallInches":4.73}},{"type":"Feature","geometry":{"type":"Point","coordinates":[-98.008334,32.775]},"properties":{"rainfall":473.0,"rainfallInches":4.73}},{"type":"Feature","geometry":{"type":"Point","coordinates":[-98.0,32.775]},"properties":{"rainfall":473.0,"rainfallInches":4.73}},{"type":"Feature","geometry":{"type":"Point","coordinates":[-97.991667,32.775]},"properties":{"rainfall":472.0,"rainfallInches":4.72}},{"type":"Feature","geometry":{"type":"Point","coordinates":[-97.983334,32.775]},"properties":{"rainfall":472.0,"rainfallInches":4.72}},{"type":"Feature","geometry":{"type":"Point","coordinates":[-97.975,32.775]},"properties":{"rainfall":471.0,"rainfallInches":4.71}},{"type":"Feature","geometry":{"type":"Point","coordinates":[-97.966667,32.775]},"properties":{"rainfall":471.0,"rainfallInches":4.71}},{"type":"Feature","geometry":{"type":"Point","coordinates":[-97.958334,32.775]},"properties":{"rainfall":471.0,"rainfallInches":4.71}},{"type":"Feature","geometry":{"type":"Point","coordinates":[-97.95,32.775]},"properties":{"rainfall":470.0,"rainfallInches":4.7}},{"type":"Feature","geometry":{"type":"Point","coordinates":[-97.941667,32.775]},"properties":{"rainfall":470.0,"rainfallInches":4.7}},{"type":"Feature","geometry":{"type":"Point","coordinates":[-97.933334,32.775]},"properties":{"rainfall":470.0,"rainfallInches":4.7}},{"type":"Feature","geometry":{"type":"Point","coordinates":[-97.925,32.775]},"properties":{"rainfall":469.0,"rainfallInches":4.69}},{"type":"Feature","geometry":{"type":"Point","coordinates":[-97.916667,32.775]},"properties":{"rainfall":469.0,"rainfallInches":4.69}},{"type":"Feature","geometry":{"type":"Point","coordinates":[-97.908334,32.775]},"properties":{"rainfall":469.0,"rainfallInches":4.69}},{"type":"Feature","geometry":{"type":"Point","coordinates":[-97.9,32.775]},"properties":{"rainfall":468.0,"rainfallInches":4.68}},{"type":"Feature","geometry":{"type":"Point","coordinates":[-97.891667,32.775]},"properties":{"rainfall":468.0,"rainfallInches":4.68}},{"type":"Feature","geometry":{"type":"Point","coordinates":[-97.883334,32.775]},"properties":{"rainfall":468.0,"rainfallInches":4.68}},{"type":"Feature","geometry":{"type":"Point","coordinates":[-97.875,32.775]},"properties":{"rainfall":467.0,"rainfallInches":4.67}},{"type":"Feature","geometry":{"type":"Point","coordinates":[-97.866667,32.775]},"properties":{"rainfall":467.0,"rainfallInches":4.67}},{"type":"Feature","geometry":{"type":"Point","coordinates":[-97.858334,32.775]},"properties":{"rainfall":467.0,"rainfallInches":4.67}},{"type":"Feature","geometry":{"type":"Point","coordinates":[-97.85,32.775]},"properties":{"rainfall":467.0,"rainfallInches":4.67}},{"type":"Feature","geometry":{"type":"Point","coordinates":[-97.841667,32.775]},"properties":{"rainfall":466.0,"rainfallInches":4.66}},{"type":"Feature","geometry":{"type":"Point","coordinates":[-97.833334,32.775]},"properties":{"rainfall":466.0,"rainfallInches":4.66}},{"type":"Feature","geometry":{"type":"Point","coordinates":[-97.825,32.775]},"properties":{"rainfall":466.0,"rainfallInches":4.66}},{"type":"Feature","geometry":{"type":"Point","coordinates":[-97.816667,32.775]},"properties":{"rainfall":466.0,"rainfallInches":4.66}},{"type":"Feature","geometry":{"type":"Point","coordinates":[-97.808334,32.775]},"properties":{"rainfall":466.0,"rainfallInches":4.66}},{"type":"Feature","geometry":{"type":"Point","coordinates":[-97.8,32.775]},"properties":{"rainfall":465.0,"rainfallInches":4.65}},{"type":"Feature","geometry":{"type":"Point","coordinates":[-97.791667,32.775]},"properties":{"rainfall":465.0,"rainfallInches":4.65}},{"type":"Feature","geometry":{"type":"Point","coordinates":[-97.783334,32.775]},"properties":{"rainfall":465.0,"rainfallInches":4.65}},{"type":"Feature","geometry":{"type":"Point","coordinates":[-97.775,32.775]},"properties":{"rainfall":465.0,"rainfallInches":4.65}},{"type":"Feature","geometry":{"type":"Point","coordinates":[-97.766667,32.775]},"properties":{"rainfall":464.0,"rainfallInches":4.64}},{"type":"Feature","geometry":{"type":"Point","coordinates":[-97.758334,32.775]},"properties":{"rainfall":464.0,"rainfallInches":4.64}},{"type":"Feature","geometry":{"type":"Point","coordinates":[-97.75,32.775]},"properties":{"rainfall":464.0,"rainfallInches":4.64}},{"type":"Feature","geometry":{"type":"Point","coordinates":[-97.741667,32.775]},"properties":{"rainfall":464.0,"rainfallInches":4.64}},{"type":"Feature","geometry":{"type":"Point","coordinates":[-97.733334,32.775]},"properties":{"rainfall":463.0,"rainfallInches":4.63}},{"type":"Feature","geometry":{"type":"Point","coordinates":[-97.725,32.775]},"properties":{"rainfall":463.0,"rainfallInches":4.63}},{"type":"Feature","geometry":{"type":"Point","coordinates":[-97.716667,32.775]},"properties":{"rainfall":463.0,"rainfallInches":4.63}},{"type":"Feature","geometry":{"type":"Point","coordinates":[-97.708334,32.775]},"properties":{"rainfall":462.0,"rainfallInches":4.62}},{"type":"Feature","geometry":{"type":"Point","coordinates":[-97.7,32.775]},"properties":{"rainfall":462.0,"rainfallInches":4.62}},{"type":"Feature","geometry":{"type":"Point","coordinates":[-97.691667,32.775]},"properties":{"rainfall":462.0,"rainfallInches":4.62}},{"type":"Feature","geometry":{"type":"Point","coordinates":[-97.683334,32.775]},"properties":{"rainfall":462.0,"rainfallInches":4.62}},{"type":"Feature","geometry":{"type":"Point","coordinates":[-97.675,32.775]},"properties":{"rainfall":461.0,"rainfallInches":4.61}},{"type":"Feature","geometry":{"type":"Point","coordinates":[-97.666667,32.775]},"properties":{"rainfall":461.0,"rainfallInches":4.61}},{"type":"Feature","geometry":{"type":"Point","coordinates":[-97.658334,32.775]},"properties":{"rainfall":461.0,"rainfallInches":4.61}},{"type":"Feature","geometry":{"type":"Point","coordinates":[-97.65,32.775]},"properties":{"rainfall":461.0,"rainfallInches":4.61}},{"type":"Feature","geometry":{"type":"Point","coordinates":[-97.641667,32.775]},"properties":{"rainfall":461.0,"rainfallInches":4.61}},{"type":"Feature","geometry":{"type":"Point","coordinates":[-97.633334,32.775]},"properties":{"rainfall":460.0,"rainfallInches":4.6}},{"type":"Feature","geometry":{"type":"Point","coordinates":[-97.625,32.775]},"properties":{"rainfall":460.0,"rainfallInches":4.6}},{"type":"Feature","geometry":{"type":"Point","coordinates":[-97.616667,32.775]},"properties":{"rainfall":460.0,"rainfallInches":4.6}},{"type":"Feature","geometry":{"type":"Point","coordinates":[-97.608334,32.775]},"properties":{"rainfall":460.0,"rainfallInches":4.6}},{"type":"Feature","geometry":{"type":"Point","coordinates":[-97.6,32.775]},"properties":{"rainfall":460.0,"rainfallInches":4.6}},{"type":"Feature","geometry":{"type":"Point","coordinates":[-97.591667,32.775]},"properties":{"rainfall":461.0,"rainfallInches":4.61}},{"type":"Feature","geometry":{"type":"Point","coordinates":[-97.583334,32.775]},"properties":{"rainfall":461.0,"rainfallInches":4.61}},{"type":"Feature","geometry":{"type":"Point","coordinates":[-97.575,32.775]},"properties":{"rainfall":461.0,"rainfallInches":4.61}},{"type":"Feature","geometry":{"type":"Point","coordinates":[-97.566667,32.775]},"properties":{"rainfall":461.0,"rainfallInches":4.61}},{"type":"Feature","geometry":{"type":"Point","coordinates":[-97.558334,32.775]},"properties":{"rainfall":462.0,"rainfallInches":4.62}},{"type":"Feature","geometry":{"type":"Point","coordinates":[-97.55,32.775]},"properties":{"rainfall":462.0,"rainfallInches":4.62}},{"type":"Feature","geometry":{"type":"Point","coordinates":[-98.058334,32.766666]},"properties":{"rainfall":472.0,"rainfallInches":4.72}},{"type":"Feature","geometry":{"type":"Point","coordinates":[-98.05,32.766666]},"properties":{"rainfall":473.0,"rainfallInches":4.73}},{"type":"Feature","geometry":{"type":"Point","coordinates":[-98.041667,32.766666]},"properties":{"rainfall":473.0,"rainfallInches":4.73}},{"type":"Feature","geometry":{"type":"Point","coordinates":[-98.033334,32.766666]},"properties":{"rainfall":473.0,"rainfallInches":4.73}},{"type":"Feature","geometry":{"type":"Point","coordinates":[-98.025,32.766666]},"properties":{"rainfall":473.0,"rainfallInches":4.73}},{"type":"Feature","geometry":{"type":"Point","coordinates":[-98.016667,32.766666]},"properties":{"rainfall":473.0,"rainfallInches":4.73}},{"type":"Feature","geometry":{"type":"Point","coordinates":[-98.008334,32.766666]},"properties":{"rainfall":473.0,"rainfallInches":4.73}},{"type":"Feature","geometry":{"type":"Point","coordinates":[-98.0,32.766666]},"properties":{"rainfall":472.0,"rainfallInches":4.72}},{"type":"Feature","geometry":{"type":"Point","coordinates":[-97.991667,32.766666]},"properties":{"rainfall":472.0,"rainfallInches":4.72}},{"type":"Feature","geometry":{"type":"Point","coordinates":[-97.983334,32.766666]},"properties":{"rainfall":472.0,"rainfallInches":4.72}},{"type":"Feature","geometry":{"type":"Point","coordinates":[-97.975,32.766666]},"properties":{"rainfall":471.0,"rainfallInches":4.71}},{"type":"Feature","geometry":{"type":"Point","coordinates":[-97.966667,32.766666]},"properties":{"rainfall":471.0,"rainfallInches":4.71}},{"type":"Feature","geometry":{"type":"Point","coordinates":[-97.958334,32.766666]},"properties":{"rainfall":471.0,"rainfallInches":4.71}},{"type":"Feature","geometry":{"type":"Point","coordinates":[-97.95,32.766666]},"properties":{"rainfall":470.0,"rainfallInches":4.7}},{"type":"Feature","geometry":{"type":"Point","coordinates":[-97.941667,32.766666]},"properties":{"rainfall":470.0,"rainfallInches":4.7}},{"type":"Feature","geometry":{"type":"Point","coordinates":[-97.933334,32.766666]},"properties":{"rainfall":470.0,"rainfallInches":4.7}},{"type":"Feature","geometry":{"type":"Point","coordinates":[-97.925,32.766666]},"properties":{"rainfall":469.0,"rainfallInches":4.69}},{"type":"Feature","geometry":{"type":"Point","coordinates":[-97.916667,32.766666]},"properties":{"rainfall":469.0,"rainfallInches":4.69}},{"type":"Feature","geometry":{"type":"Point","coordinates":[-97.908334,32.766666]},"properties":{"rainfall":469.0,"rainfallInches":4.69}},{"type":"Feature","geometry":{"type":"Point","coordinates":[-97.9,32.766666]},"properties":{"rainfall":468.0,"rainfallInches":4.68}},{"type":"Feature","geometry":{"type":"Point","coordinates":[-97.891667,32.766666]},"properties":{"rainfall":468.0,"rainfallInches":4.68}},{"type":"Feature","geometry":{"type":"Point","coordinates":[-97.883334,32.766666]},"properties":{"rainfall":468.0,"rainfallInches":4.68}},{"type":"Feature","geometry":{"type":"Point","coordinates":[-97.875,32.766666]},"properties":{"rainfall":467.0,"rainfallInches":4.67}},{"type":"Feature","geometry":{"type":"Point","coordinates":[-97.866667,32.766666]},"properties":{"rainfall":467.0,"rainfallInches":4.67}},{"type":"Feature","geometry":{"type":"Point","coordinates":[-97.858334,32.766666]},"properties":{"rainfall":467.0,"rainfallInches":4.67}},{"type":"Feature","geometry":{"type":"Point","coordinates":[-97.85,32.766666]},"properties":{"rainfall":467.0,"rainfallInches":4.67}},{"type":"Feature","geometry":{"type":"Point","coordinates":[-97.841667,32.766666]},"properties":{"rainfall":466.0,"rainfallInches":4.66}},{"type":"Feature","geometry":{"type":"Point","coordinates":[-97.833334,32.766666]},"properties":{"rainfall":466.0,"rainfallInches":4.66}},{"type":"Feature","geometry":{"type":"Point","coordinates":[-97.825,32.766666]},"properties":{"rainfall":466.0,"rainfallInches":4.66}},{"type":"Feature","geometry":{"type":"Point","coordinates":[-97.816667,32.766666]},"properties":{"rainfall":466.0,"rainfallInches":4.66}},{"type":"Feature","geometry":{"type":"Point","coordinates":[-97.808334,32.766666]},"properties":{"rainfall":465.0,"rainfallInches":4.65}},{"type":"Feature","geometry":{"type":"Point","coordinates":[-97.8,32.766666]},"properties":{"rainfall":465.0,"rainfallInches":4.65}},{"type":"Feature","geometry":{"type":"Point","coordinates":[-97.791667,32.766666]},"properties":{"rainfall":465.0,"rainfallInches":4.65}},{"type":"Feature","geometry":{"type":"Point","coordinates":[-97.783334,32.766666]},"properties":{"rainfall":465.0,"rainfallInches":4.65}},{"type":"Feature","geometry":{"type":"Point","coordinates":[-97.775,32.766666]},"properties":{"rainfall":464.0,"rainfallInches":4.64}},{"type":"Feature","geometry":{"type":"Point","coordinates":[-97.766667,32.766666]},"properties":{"rainfall":464.0,"rainfallInches":4.64}},{"type":"Feature","geometry":{"type":"Point","coordinates":[-97.758334,32.766666]},"properties":{"rainfall":464.0,"rainfallInches":4.64}},{"type":"Feature","geometry":{"type":"Point","coordinates":[-97.75,32.766666]},"properties":{"rainfall":464.0,"rainfallInches":4.64}},{"type":"Feature","geometry":{"type":"Point","coordinates":[-97.741667,32.766666]},"properties":{"rainfall":463.0,"rainfallInches":4.63}},{"type":"Feature","geometry":{"type":"Point","coordinates":[-97.733334,32.766666]},"properties":{"rainfall":463.0,"rainfallInches":4.63}},{"type":"Feature","geometry":{"type":"Point","coordinates":[-97.725,32.766666]},"properties":{"rainfall":463.0,"rainfallInches":4.63}},{"type":"Feature","geometry":{"type":"Point","coordinates":[-97.716667,32.766666]},"properties":{"rainfall":463.0,"rainfallInches":4.63}},{"type":"Feature","geometry":{"type":"Point","coordinates":[-97.708334,32.766666]},"properties":{"rainfall":462.0,"rainfallInches":4.62}},{"type":"Feature","geometry":{"type":"Point","coordinates":[-97.7,32.766666]},"properties":{"rainfall":462.0,"rainfallInches":4.62}},{"type":"Feature","geometry":{"type":"Point","coordinates":[-97.691667,32.766666]},"properties":{"rainfall":462.0,"rainfallInches":4.62}},{"type":"Feature","geometry":{"type":"Point","coordinates":[-97.683334,32.766666]},"properties":{"rainfall":461.0,"rainfallInches":4.61}},{"type":"Feature","geometry":{"type":"Point","coordinates":[-97.675,32.766666]},"properties":{"rainfall":461.0,"rainfallInches":4.61}},{"type":"Feature","geometry":{"type":"Point","coordinates":[-97.666667,32.766666]},"properties":{"rainfall":461.0,"rainfallInches":4.61}},{"type":"Feature","geometry":{"type":"Point","coordinates":[-97.658334,32.766666]},"properties":{"rainfall":461.0,"rainfallInches":4.61}},{"type":"Feature","geometry":{"type":"Point","coordinates":[-97.65,32.766666]},"properties":{"rainfall":461.0,"rainfallInches":4.61}},{"type":"Feature","geometry":{"type":"Point","coordinates":[-97.641667,32.766666]},"properties":{"rainfall":460.0,"rainfallInches":4.6}},{"type":"Feature","geometry":{"type":"Point","coordinates":[-97.633334,32.766666]},"properties":{"rainfall":460.0,"rainfallInches":4.6}},{"type":"Feature","geometry":{"type":"Point","coordinates":[-97.625,32.766666]},"properties":{"rainfall":460.0,"rainfallInches":4.6}},{"type":"Feature","geometry":{"type":"Point","coordinates":[-97.616667,32.766666]},"properties":{"rainfall":460.0,"rainfallInches":4.6}},{"type":"Feature","geometry":{"type":"Point","coordinates":[-97.608334,32.766666]},"properties":{"rainfall":460.0,"rainfallInches":4.6}},{"type":"Feature","geometry":{"type":"Point","coordinates":[-97.6,32.766666]},"properties":{"rainfall":460.0,"rainfallInches":4.6}},{"type":"Feature","geometry":{"type":"Point","coordinates":[-97.591667,32.766666]},"properties":{"rainfall":460.0,"rainfallInches":4.6}},{"type":"Feature","geometry":{"type":"Point","coordinates":[-97.583334,32.766666]},"properties":{"rainfall":460.0,"rainfallInches":4.6}},{"type":"Feature","geometry":{"type":"Point","coordinates":[-97.575,32.766666]},"properties":{"rainfall":461.0,"rainfallInches":4.61}},{"type":"Feature","geometry":{"type":"Point","coordinates":[-97.566667,32.766666]},"properties":{"rainfall":461.0,"rainfallInches":4.61}},{"type":"Feature","geometry":{"type":"Point","coordinates":[-97.558334,32.766666]},"properties":{"rainfall":461.0,"rainfallInches":4.61}},{"type":"Feature","geometry":{"type":"Point","coordinates":[-97.55,32.766666]},"properties":{"rainfall":462.0,"rainfallInches":4.62}},{"type":"Feature","geometry":{"type":"Point","coordinates":[-98.058334,32.758333]},"properties":{"rainfall":472.0,"rainfallInches":4.72}},{"type":"Feature","geometry":{"type":"Point","coordinates":[-98.05,32.758333]},"properties":{"rainfall":472.0,"rainfallInches":4.72}},{"type":"Feature","geometry":{"type":"Point","coordinates":[-98.041667,32.758333]},"properties":{"rainfall":472.0,"rainfallInches":4.72}},{"type":"Feature","geometry":{"type":"Point","coordinates":[-98.033334,32.758333]},"properties":{"rainfall":473.0,"rainfallInches":4.73}},{"type":"Feature","geometry":{"type":"Point","coordinates":[-98.025,32.758333]},"properties":{"rainfall":473.0,"rainfallInches":4.73}},{"type":"Feature","geometry":{"type":"Point","coordinates":[-98.016667,32.758333]},"properties":{"rainfall":473.0,"rainfallInches":4.73}},{"type":"Feature","geometry":{"type":"Point","coordinates":[-98.008334,32.758333]},"properties":{"rainfall":472.0,"rainfallInches":4.72}},{"type":"Feature","geometry":{"type":"Point","coordinates":[-98.0,32.758333]},"properties":{"rainfall":472.0,"rainfallInches":4.72}},{"type":"Feature","geometry":{"type":"Point","coordinates":[-97.991667,32.758333]},"properties":{"rainfall":472.0,"rainfallInches":4.72}},{"type":"Feature","geometry":{"type":"Point","coordinates":[-97.983334,32.758333]},"properties":{"rainfall":472.0,"rainfallInches":4.72}},{"type":"Feature","geometry":{"type":"Point","coordinates":[-97.975,32.758333]},"properties":{"rainfall":471.0,"rainfallInches":4.71}},{"type":"Feature","geometry":{"type":"Point","coordinates":[-97.966667,32.758333]},"properties":{"rainfall":471.0,"rainfallInches":4.71}},{"type":"Feature","geometry":{"type":"Point","coordinates":[-97.958334,32.758333]},"properties":{"rainfall":471.0,"rainfallInches":4.71}},{"type":"Feature","geometry":{"type":"Point","coordinates":[-97.95,32.758333]},"properties":{"rainfall":470.0,"rainfallInches":4.7}},{"type":"Feature","geometry":{"type":"Point","coordinates":[-97.941667,32.758333]},"properties":{"rainfall":470.0,"rainfallInches":4.7}},{"type":"Feature","geometry":{"type":"Point","coordinates":[-97.933334,32.758333]},"properties":{"rainfall":469.0,"rainfallInches":4.69}},{"type":"Feature","geometry":{"type":"Point","coordinates":[-97.925,32.758333]},"properties":{"rainfall":469.0,"rainfallInches":4.69}},{"type":"Feature","geometry":{"type":"Point","coordinates":[-97.916667,32.758333]},"properties":{"rainfall":469.0,"rainfallInches":4.69}},{"type":"Feature","geometry":{"type":"Point","coordinates":[-97.908334,32.758333]},"properties":{"rainfall":468.0,"rainfallInches":4.68}},{"type":"Feature","geometry":{"type":"Point","coordinates":[-97.9,32.758333]},"properties":{"rainfall":468.0,"rainfallInches":4.68}},{"type":"Feature","geometry":{"type":"Point","coordinates":[-97.891667,32.758333]},"properties":{"rainfall":468.0,"rainfallInches":4.68}},{"type":"Feature","geometry":{"type":"Point","coordinates":[-97.883334,32.758333]},"properties":{"rainfall":468.0,"rainfallInches":4.68}},{"type":"Feature","geometry":{"type":"Point","coordinates":[-97.875,32.758333]},"properties":{"rainfall":467.0,"rainfallInches":4.67}},{"type":"Feature","geometry":{"type":"Point","coordinates":[-97.866667,32.758333]},"properties":{"rainfall":467.0,"rainfallInches":4.67}},{"type":"Feature","geometry":{"type":"Point","coordinates":[-97.858334,32.758333]},"properties":{"rainfall":467.0,"rainfallInches":4.67}},{"type":"Feature","geometry":{"type":"Point","coordinates":[-97.85,32.758333]},"properties":{"rainfall":467.0,"rainfallInches":4.67}},{"type":"Feature","geometry":{"type":"Point","coordinates":[-97.841667,32.758333]},"properties":{"rainfall":466.0,"rainfallInches":4.66}},{"type":"Feature","geometry":{"type":"Point","coordinates":[-97.833334,32.758333]},"properties":{"rainfall":466.0,"rainfallInches":4.66}},{"type":"Feature","geometry":{"type":"Point","coordinates":[-97.825,32.758333]},"properties":{"rainfall":466.0,"rainfallInches":4.66}},{"type":"Feature","geometry":{"type":"Point","coordinates":[-97.816667,32.758333]},"properties":{"rainfall":466.0,"rainfallInches":4.66}},{"type":"Feature","geometry":{"type":"Point","coordinates":[-97.808334,32.758333]},"properties":{"rainfall":465.0,"rainfallInches":4.65}},{"type":"Feature","geometry":{"type":"Point","coordinates":[-97.8,32.758333]},"properties":{"rainfall":465.0,"rainfallInches":4.65}},{"type":"Feature","geometry":{"type":"Point","coordinates":[-97.791667,32.758333]},"properties":{"rainfall":465.0,"rainfallInches":4.65}},{"type":"Feature","geometry":{"type":"Point","coordinates":[-97.783334,32.758333]},"properties":{"rainfall":465.0,"rainfallInches":4.65}},{"type":"Feature","geometry":{"type":"Point","coordinates":[-97.775,32.758333]},"properties":{"rainfall":464.0,"rainfallInches":4.64}},{"type":"Feature","geometry":{"type":"Point","coordinates":[-97.766667,32.758333]},"properties":{"rainfall":464.0,"rainfallInches":4.64}},{"type":"Feature","geometry":{"type":"Point","coordinates":[-97.758334,32.758333]},"properties":{"rainfall":464.0,"rainfallInches":4.64}},{"type":"Feature","geometry":{"type":"Point","coordinates":[-97.75,32.758333]},"properties":{"rainfall":463.0,"rainfallInches":4.63}},{"type":"Feature","geometry":{"type":"Point","coordinates":[-97.741667,32.758333]},"properties":{"rainfall":463.0,"rainfallInches":4.63}},{"type":"Feature","geometry":{"type":"Point","coordinates":[-97.733334,32.758333]},"properties":{"rainfall":463.0,"rainfallInches":4.63}},{"type":"Feature","geometry":{"type":"Point","coordinates":[-97.725,32.758333]},"properties":{"rainfall":463.0,"rainfallInches":4.63}},{"type":"Feature","geometry":{"type":"Point","coordinates":[-97.716667,32.758333]},"properties":{"rainfall":462.0,"rainfallInches":4.62}},{"type":"Feature","geometry":{"type":"Point","coordinates":[-97.708334,32.758333]},"properties":{"rainfall":462.0,"rainfallInches":4.62}},{"type":"Feature","geometry":{"type":"Point","coordinates":[-97.7,32.758333]},"properties":{"rainfall":462.0,"rainfallInches":4.62}},{"type":"Feature","geometry":{"type":"Point","coordinates":[-97.691667,32.758333]},"properties":{"rainfall":461.0,"rainfallInches":4.61}},{"type":"Feature","geometry":{"type":"Point","coordinates":[-97.683334,32.758333]},"properties":{"rainfall":461.0,"rainfallInches":4.61}},{"type":"Feature","geometry":{"type":"Point","coordinates":[-97.675,32.758333]},"properties":{"rainfall":461.0,"rainfallInches":4.61}},{"type":"Feature","geometry":{"type":"Point","coordinates":[-97.666667,32.758333]},"properties":{"rainfall":461.0,"rainfallInches":4.61}},{"type":"Feature","geometry":{"type":"Point","coordinates":[-97.658334,32.758333]},"properties":{"rainfall":461.0,"rainfallInches":4.61}},{"type":"Feature","geometry":{"type":"Point","coordinates":[-97.65,32.758333]},"properties":{"rainfall":460.0,"rainfallInches":4.6}},{"type":"Feature","geometry":{"type":"Point","coordinates":[-97.641667,32.758333]},"properties":{"rainfall":460.0,"rainfallInches":4.6}},{"type":"Feature","geometry":{"type":"Point","coordinates":[-97.633334,32.758333]},"properties":{"rainfall":460.0,"rainfallInches":4.6}},{"type":"Feature","geometry":{"type":"Point","coordinates":[-97.625,32.758333]},"properties":{"rainfall":460.0,"rainfallInches":4.6}},{"type":"Feature","geometry":{"type":"Point","coordinates":[-97.616667,32.758333]},"properties":{"rainfall":460.0,"rainfallInches":4.6}},{"type":"Feature","geometry":{"type":"Point","coordinates":[-97.608334,32.758333]},"properties":{"rainfall":460.0,"rainfallInches":4.6}},{"type":"Feature","geometry":{"type":"Point","coordinates":[-97.6,32.758333]},"properties":{"rainfall":460.0,"rainfallInches":4.6}},{"type":"Feature","geometry":{"type":"Point","coordinates":[-97.591667,32.758333]},"properties":{"rainfall":460.0,"rainfallInches":4.6}},{"type":"Feature","geometry":{"type":"Point","coordinates":[-97.583334,32.758333]},"properties":{"rainfall":460.0,"rainfallInches":4.6}},{"type":"Feature","geometry":{"type":"Point","coordinates":[-97.575,32.758333]},"properties":{"rainfall":461.0,"rainfallInches":4.61}},{"type":"Feature","geometry":{"type":"Point","coordinates":[-97.566667,32.758333]},"properties":{"rainfall":461.0,"rainfallInches":4.61}},{"type":"Feature","geometry":{"type":"Point","coordinates":[-97.558334,32.758333]},"properties":{"rainfall":461.0,"rainfallInches":4.61}},{"type":"Feature","geometry":{"type":"Point","coordinates":[-97.55,32.758333]},"properties":{"rainfall":462.0,"rainfallInches":4.62}},{"type":"Feature","geometry":{"type":"Point","coordinates":[-98.058334,32.75]},"properties":{"rainfall":472.0,"rainfallInches":4.72}},{"type":"Feature","geometry":{"type":"Point","coordinates":[-98.05,32.75]},"properties":{"rainfall":472.0,"rainfallInches":4.72}},{"type":"Feature","geometry":{"type":"Point","coordinates":[-98.041667,32.75]},"properties":{"rainfall":472.0,"rainfallInches":4.72}},{"type":"Feature","geometry":{"type":"Point","coordinates":[-98.033334,32.75]},"properties":{"rainfall":472.0,"rainfallInches":4.72}},{"type":"Feature","geometry":{"type":"Point","coordinates":[-98.025,32.75]},"properties":{"rainfall":472.0,"rainfallInches":4.72}},{"type":"Feature","geometry":{"type":"Point","coordinates":[-98.016667,32.75]},"properties":{"rainfall":472.0,"rainfallInches":4.72}},{"type":"Feature","geometry":{"type":"Point","coordinates":[-98.008334,32.75]},"properties":{"rainfall":472.0,"rainfallInches":4.72}},{"type":"Feature","geometry":{"type":"Point","coordinates":[-98.0,32.75]},"properties":{"rainfall":472.0,"rainfallInches":4.72}},{"type":"Feature","geometry":{"type":"Point","coordinates":[-97.991667,32.75]},"properties":{"rainfall":472.0,"rainfallInches":4.72}},{"type":"Feature","geometry":{"type":"Point","coordinates":[-97.983334,32.75]},"properties":{"rainfall":471.0,"rainfallInches":4.71}},{"type":"Feature","geometry":{"type":"Point","coordinates":[-97.975,32.75]},"properties":{"rainfall":471.0,"rainfallInches":4.71}},{"type":"Feature","geometry":{"type":"Point","coordinates":[-97.966667,32.75]},"properties":{"rainfall":471.0,"rainfallInches":4.71}},{"type":"Feature","geometry":{"type":"Point","coordinates":[-97.958334,32.75]},"properties":{"rainfall":470.0,"rainfallInches":4.7}},{"type":"Feature","geometry":{"type":"Point","coordinates":[-97.95,32.75]},"properties":{"rainfall":470.0,"rainfallInches":4.7}},{"type":"Feature","geometry":{"type":"Point","coordinates":[-97.941667,32.75]},"properties":{"rainfall":470.0,"rainfallInches":4.7}},{"type":"Feature","geometry":{"type":"Point","coordinates":[-97.933334,32.75]},"properties":{"rainfall":469.0,"rainfallInches":4.69}},{"type":"Feature","geometry":{"type":"Point","coordinates":[-97.925,32.75]},"properties":{"rainfall":469.0,"rainfallInches":4.69}},{"type":"Feature","geometry":{"type":"Point","coordinates":[-97.916667,32.75]},"properties":{"rainfall":469.0,"rainfallInches":4.69}},{"type":"Feature","geometry":{"type":"Point","coordinates":[-97.908334,32.75]},"properties":{"rainfall":468.0,"rainfallInches":4.68}},{"type":"Feature","geometry":{"type":"Point","coordinates":[-97.9,32.75]},"properties":{"rainfall":468.0,"rainfallInches":4.68}},{"type":"Feature","geometry":{"type":"Point","coordinates":[-97.891667,32.75]},"properties":{"rainfall":468.0,"rainfallInches":4.68}},{"type":"Feature","geometry":{"type":"Point","coordinates":[-97.883334,32.75]},"properties":{"rainfall":468.0,"rainfallInches":4.68}},{"type":"Feature","geometry":{"type":"Point","coordinates":[-97.875,32.75]},"properties":{"rainfall":467.0,"rainfallInches":4.67}},{"type":"Feature","geometry":{"type":"Point","coordinates":[-97.866667,32.75]},"properties":{"rainfall":467.0,"rainfallInches":4.67}},{"type":"Feature","geometry":{"type":"Point","coordinates":[-97.858334,32.75]},"properties":{"rainfall":467.0,"rainfallInches":4.67}},{"type":"Feature","geometry":{"type":"Point","coordinates":[-97.85,32.75]},"properties":{"rainfall":467.0,"rainfallInches":4.67}},{"type":"Feature","geometry":{"type":"Point","coordinates":[-97.841667,32.75]},"properties":{"rainfall":466.0,"rainfallInches":4.66}},{"type":"Feature","geometry":{"type":"Point","coordinates":[-97.833334,32.75]},"properties":{"rainfall":466.0,"rainfallInches":4.66}},{"type":"Feature","geometry":{"type":"Point","coordinates":[-97.825,32.75]},"properties":{"rainfall":466.0,"rainfallInches":4.66}},{"type":"Feature","geometry":{"type":"Point","coordinates":[-97.816667,32.75]},"properties":{"rainfall":466.0,"rainfallInches":4.66}},{"type":"Feature","geometry":{"type":"Point","coordinates":[-97.808334,32.75]},"properties":{"rainfall":465.0,"rainfallInches":4.65}},{"type":"Feature","geometry":{"type":"Point","coordinates":[-97.8,32.75]},"properties":{"rainfall":465.0,"rainfallInches":4.65}},{"type":"Feature","geometry":{"type":"Point","coordinates":[-97.791667,32.75]},"properties":{"rainfall":465.0,"rainfallInches":4.65}},{"type":"Feature","geometry":{"type":"Point","coordinates":[-97.783334,32.75]},"properties":{"rainfall":464.0,"rainfallInches":4.64}},{"type":"Feature","geometry":{"type":"Point","coordinates":[-97.775,32.75]},"properties":{"rainfall":464.0,"rainfallInches":4.64}},{"type":"Feature","geometry":{"type":"Point","coordinates":[-97.766667,32.75]},"properties":{"rainfall":464.0,"rainfallInches":4.64}},{"type":"Feature","geometry":{"type":"Point","coordinates":[-97.758334,32.75]},"properties":{"rainfall":464.0,"rainfallInches":4.64}},{"type":"Feature","geometry":{"type":"Point","coordinates":[-97.75,32.75]},"properties":{"rainfall":463.0,"rainfallInches":4.63}},{"type":"Feature","geometry":{"type":"Point","coordinates":[-97.741667,32.75]},"properties":{"rainfall":463.0,"rainfallInches":4.63}},{"type":"Feature","geometry":{"type":"Point","coordinates":[-97.733334,32.75]},"properties":{"rainfall":463.0,"rainfallInches":4.63}},{"type":"Feature","geometry":{"type":"Point","coordinates":[-97.725,32.75]},"properties":{"rainfall":462.0,"rainfallInches":4.62}},{"type":"Feature","geometry":{"type":"Point","coordinates":[-97.716667,32.75]},"properties":{"rainfall":462.0,"rainfallInches":4.62}},{"type":"Feature","geometry":{"type":"Point","coordinates":[-97.708334,32.75]},"properties":{"rainfall":462.0,"rainfallInches":4.62}},{"type":"Feature","geometry":{"type":"Point","coordinates":[-97.7,32.75]},"properties":{"rainfall":462.0,"rainfallInches":4.62}},{"type":"Feature","geometry":{"type":"Point","coordinates":[-97.691667,32.75]},"properties":{"rainfall":461.0,"rainfallInches":4.61}},{"type":"Feature","geometry":{"type":"Point","coordinates":[-97.683334,32.75]},"properties":{"rainfall":461.0,"rainfallInches":4.61}},{"type":"Feature","geometry":{"type":"Point","coordinates":[-97.675,32.75]},"properties":{"rainfall":461.0,"rainfallInches":4.61}},{"type":"Feature","geometry":{"type":"Point","coordinates":[-97.666667,32.75]},"properties":{"rainfall":461.0,"rainfallInches":4.61}},{"type":"Feature","geometry":{"type":"Point","coordinates":[-97.658334,32.75]},"properties":{"rainfall":460.0,"rainfallInches":4.6}},{"type":"Feature","geometry":{"type":"Point","coordinates":[-97.65,32.75]},"properties":{"rainfall":460.0,"rainfallInches":4.6}},{"type":"Feature","geometry":{"type":"Point","coordinates":[-97.641667,32.75]},"properties":{"rainfall":460.0,"rainfallInches":4.6}},{"type":"Feature","geometry":{"type":"Point","coordinates":[-97.633334,32.75]},"properties":{"rainfall":460.0,"rainfallInches":4.6}},{"type":"Feature","geometry":{"type":"Point","coordinates":[-97.625,32.75]},"properties":{"rainfall":460.0,"rainfallInches":4.6}},{"type":"Feature","geometry":{"type":"Point","coordinates":[-97.616667,32.75]},"properties":{"rainfall":460.0,"rainfallInches":4.6}},{"type":"Feature","geometry":{"type":"Point","coordinates":[-97.608334,32.75]},"properties":{"rainfall":460.0,"rainfallInches":4.6}},{"type":"Feature","geometry":{"type":"Point","coordinates":[-97.6,32.75]},"properties":{"rainfall":460.0,"rainfallInches":4.6}},{"type":"Feature","geometry":{"type":"Point","coordinates":[-97.591667,32.75]},"properties":{"rainfall":460.0,"rainfallInches":4.6}},{"type":"Feature","geometry":{"type":"Point","coordinates":[-97.583334,32.75]},"properties":{"rainfall":460.0,"rainfallInches":4.6}},{"type":"Feature","geometry":{"type":"Point","coordinates":[-97.575,32.75]},"properties":{"rainfall":460.0,"rainfallInches":4.6}},{"type":"Feature","geometry":{"type":"Point","coordinates":[-97.566667,32.75]},"properties":{"rainfall":461.0,"rainfallInches":4.61}},{"type":"Feature","geometry":{"type":"Point","coordinates":[-97.558334,32.75]},"properties":{"rainfall":461.0,"rainfallInches":4.61}},{"type":"Feature","geometry":{"type":"Point","coordinates":[-97.55,32.75]},"properties":{"rainfall":461.0,"rainfallInches":4.61}},{"type":"Feature","geometry":{"type":"Point","coordinates":[-98.058334,32.741666]},"properties":{"rainfall":471.0,"rainfallInches":4.71}},{"type":"Feature","geometry":{"type":"Point","coordinates":[-98.05,32.741666]},"properties":{"rainfall":471.0,"rainfallInches":4.71}},{"type":"Feature","geometry":{"type":"Point","coordinates":[-98.041667,32.741666]},"properties":{"rainfall":472.0,"rainfallInches":4.72}},{"type":"Feature","geometry":{"type":"Point","coordinates":[-98.033334,32.741666]},"properties":{"rainfall":472.0,"rainfallInches":4.72}},{"type":"Feature","geometry":{"type":"Point","coordinates":[-98.025,32.741666]},"properties":{"rainfall":472.0,"rainfallInches":4.72}},{"type":"Feature","geometry":{"type":"Point","coordinates":[-98.016667,32.741666]},"properties":{"rainfall":472.0,"rainfallInches":4.72}},{"type":"Feature","geometry":{"type":"Point","coordinates":[-98.008334,32.741666]},"properties":{"rainfall":472.0,"rainfallInches":4.72}},{"type":"Feature","geometry":{"type":"Point","coordinates":[-98.0,32.741666]},"properties":{"rainfall":472.0,"rainfallInches":4.72}},{"type":"Feature","geometry":{"type":"Point","coordinates":[-97.991667,32.741666]},"properties":{"rainfall":471.0,"rainfallInches":4.71}},{"type":"Feature","geometry":{"type":"Point","coordinates":[-97.983334,32.741666]},"properties":{"rainfall":471.0,"rainfallInches":4.71}},{"type":"Feature","geometry":{"type":"Point","coordinates":[-97.975,32.741666]},"properties":{"rainfall":471.0,"rainfallInches":4.71}},{"type":"Feature","geometry":{"type":"Point","coordinates":[-97.966667,32.741666]},"properties":{"rainfall":471.0,"rainfallInches":4.71}},{"type":"Feature","geometry":{"type":"Point","coordinates":[-97.958334,32.741666]},"properties":{"rainfall":470.0,"rainfallInches":4.7}},{"type":"Feature","geometry":{"type":"Point","coordinates":[-97.95,32.741666]},"properties":{"rainfall":470.0,"rainfallInches":4.7}},{"type":"Feature","geometry":{"type":"Point","coordinates":[-97.941667,32.741666]},"properties":{"rainfall":470.0,"rainfallInches":4.7}},{"type":"Feature","geometry":{"type":"Point","coordinates":[-97.933334,32.741666]},"properties":{"rainfall":469.0,"rainfallInches":4.69}},{"type":"Feature","geometry":{"type":"Point","coordinates":[-97.925,32.741666]},"properties":{"rainfall":469.0,"rainfallInches":4.69}},{"type":"Feature","geometry":{"type":"Point","coordinates":[-97.916667,32.741666]},"properties":{"rainfall":469.0,"rainfallInches":4.69}},{"type":"Feature","geometry":{"type":"Point","coordinates":[-97.908334,32.741666]},"properties":{"rainfall":468.0,"rainfallInches":4.68}},{"type":"Feature","geometry":{"type":"Point","coordinates":[-97.9,32.741666]},"properties":{"rainfall":468.0,"rainfallInches":4.68}},{"type":"Feature","geometry":{"type":"Point","coordinates":[-97.891667,32.741666]},"properties":{"rainfall":468.0,"rainfallInches":4.68}},{"type":"Feature","geometry":{"type":"Point","coordinates":[-97.883334,32.741666]},"properties":{"rainfall":468.0,"rainfallInches":4.68}},{"type":"Feature","geometry":{"type":"Point","coordinates":[-97.875,32.741666]},"properties":{"rainfall":467.0,"rainfallInches":4.67}},{"type":"Feature","geometry":{"type":"Point","coordinates":[-97.866667,32.741666]},"properties":{"rainfall":467.0,"rainfallInches":4.67}},{"type":"Feature","geometry":{"type":"Point","coordinates":[-97.858334,32.741666]},"properties":{"rainfall":467.0,"rainfallInches":4.67}},{"type":"Feature","geometry":{"type":"Point","coordinates":[-97.85,32.741666]},"properties":{"rainfall":466.0,"rainfallInches":4.66}},{"type":"Feature","geometry":{"type":"Point","coordinates":[-97.841667,32.741666]},"properties":{"rainfall":466.0,"rainfallInches":4.66}},{"type":"Feature","geometry":{"type":"Point","coordinates":[-97.833334,32.741666]},"properties":{"rainfall":466.0,"rainfallInches":4.66}},{"type":"Feature","geometry":{"type":"Point","coordinates":[-97.825,32.741666]},"properties":{"rainfall":466.0,"rainfallInches":4.66}},{"type":"Feature","geometry":{"type":"Point","coordinates":[-97.816667,32.741666]},"properties":{"rainfall":465.0,"rainfallInches":4.65}},{"type":"Feature","geometry":{"type":"Point","coordinates":[-97.808334,32.741666]},"properties":{"rainfall":465.0,"rainfallInches":4.65}},{"type":"Feature","geometry":{"type":"Point","coordinates":[-97.8,32.741666]},"properties":{"rainfall":465.0,"rainfallInches":4.65}},{"type":"Feature","geometry":{"type":"Point","coordinates":[-97.791667,32.741666]},"properties":{"rainfall":465.0,"rainfallInches":4.65}},{"type":"Feature","geometry":{"type":"Point","coordinates":[-97.783334,32.741666]},"properties":{"rainfall":464.0,"rainfallInches":4.64}},{"type":"Feature","geometry":{"type":"Point","coordinates":[-97.775,32.741666]},"properties":{"rainfall":464.0,"rainfallInches":4.64}},{"type":"Feature","geometry":{"type":"Point","coordinates":[-97.766667,32.741666]},"properties":{"rainfall":464.0,"rainfallInches":4.64}},{"type":"Feature","geometry":{"type":"Point","coordinates":[-97.758334,32.741666]},"properties":{"rainfall":463.0,"rainfallInches":4.63}},{"type":"Feature","geometry":{"type":"Point","coordinates":[-97.75,32.741666]},"properties":{"rainfall":463.0,"rainfallInches":4.63}},{"type":"Feature","geometry":{"type":"Point","coordinates":[-97.741667,32.741666]},"properties":{"rainfall":463.0,"rainfallInches":4.63}},{"type":"Feature","geometry":{"type":"Point","coordinates":[-97.733334,32.741666]},"properties":{"rainfall":462.0,"rainfallInches":4.62}},{"type":"Feature","geometry":{"type":"Point","coordinates":[-97.725,32.741666]},"properties":{"rainfall":462.0,"rainfallInches":4.62}},{"type":"Feature","geometry":{"type":"Point","coordinates":[-97.716667,32.741666]},"properties":{"rainfall":462.0,"rainfallInches":4.62}},{"type":"Feature","geometry":{"type":"Point","coordinates":[-97.708334,32.741666]},"properties":{"rainfall":462.0,"rainfallInches":4.62}},{"type":"Feature","geometry":{"type":"Point","coordinates":[-97.7,32.741666]},"properties":{"rainfall":461.0,"rainfallInches":4.61}},{"type":"Feature","geometry":{"type":"Point","coordinates":[-97.691667,32.741666]},"properties":{"rainfall":461.0,"rainfallInches":4.61}},{"type":"Feature","geometry":{"type":"Point","coordinates":[-97.683334,32.741666]},"properties":{"rainfall":461.0,"rainfallInches":4.61}},{"type":"Feature","geometry":{"type":"Point","coordinates":[-97.675,32.741666]},"properties":{"rainfall":461.0,"rainfallInches":4.61}},{"type":"Feature","geometry":{"type":"Point","coordinates":[-97.666667,32.741666]},"properties":{"rainfall":460.0,"rainfallInches":4.6}},{"type":"Feature","geometry":{"type":"Point","coordinates":[-97.658334,32.741666]},"properties":{"rainfall":460.0,"rainfallInches":4.6}},{"type":"Feature","geometry":{"type":"Point","coordinates":[-97.65,32.741666]},"properties":{"rainfall":460.0,"rainfallInches":4.6}},{"type":"Feature","geometry":{"type":"Point","coordinates":[-97.641667,32.741666]},"properties":{"rainfall":460.0,"rainfallInches":4.6}},{"type":"Feature","geometry":{"type":"Point","coordinates":[-97.633334,32.741666]},"properties":{"rainfall":460.0,"rainfallInches":4.6}},{"type":"Feature","geometry":{"type":"Point","coordinates":[-97.625,32.741666]},"properties":{"rainfall":460.0,"rainfallInches":4.6}},{"type":"Feature","geometry":{"type":"Point","coordinates":[-97.616667,32.741666]},"properties":{"rainfall":460.0,"rainfallInches":4.6}},{"type":"Feature","geometry":{"type":"Point","coordinates":[-97.608334,32.741666]},"properties":{"rainfall":460.0,"rainfallInches":4.6}},{"type":"Feature","geometry":{"type":"Point","coordinates":[-97.6,32.741666]},"properties":{"rainfall":460.0,"rainfallInches":4.6}},{"type":"Feature","geometry":{"type":"Point","coordinates":[-97.591667,32.741666]},"properties":{"rainfall":460.0,"rainfallInches":4.6}},{"type":"Feature","geometry":{"type":"Point","coordinates":[-97.583334,32.741666]},"properties":{"rainfall":460.0,"rainfallInches":4.6}},{"type":"Feature","geometry":{"type":"Point","coordinates":[-97.575,32.741666]},"properties":{"rainfall":460.0,"rainfallInches":4.6}},{"type":"Feature","geometry":{"type":"Point","coordinates":[-97.566667,32.741666]},"properties":{"rainfall":460.0,"rainfallInches":4.6}},{"type":"Feature","geometry":{"type":"Point","coordinates":[-97.558334,32.741666]},"properties":{"rainfall":461.0,"rainfallInches":4.61}},{"type":"Feature","geometry":{"type":"Point","coordinates":[-97.55,32.741666]},"properties":{"rainfall":461.0,"rainfallInches":4.61}},{"type":"Feature","geometry":{"type":"Point","coordinates":[-98.058334,32.733333]},"properties":{"rainfall":471.0,"rainfallInches":4.71}},{"type":"Feature","geometry":{"type":"Point","coordinates":[-98.05,32.733333]},"properties":{"rainfall":471.0,"rainfallInches":4.71}},{"type":"Feature","geometry":{"type":"Point","coordinates":[-98.041667,32.733333]},"properties":{"rainfall":471.0,"rainfallInches":4.71}},{"type":"Feature","geometry":{"type":"Point","coordinates":[-98.033334,32.733333]},"properties":{"rainfall":471.0,"rainfallInches":4.71}},{"type":"Feature","geometry":{"type":"Point","coordinates":[-98.025,32.733333]},"properties":{"rainfall":471.0,"rainfallInches":4.71}},{"type":"Feature","geometry":{"type":"Point","coordinates":[-98.016667,32.733333]},"properties":{"rainfall":471.0,"rainfallInches":4.71}},{"type":"Feature","geometry":{"type":"Point","coordinates":[-98.008334,32.733333]},"properties":{"rainfall":471.0,"rainfallInches":4.71}},{"type":"Feature","geometry":{"type":"Point","coordinates":[-98.0,32.733333]},"properties":{"rainfall":471.0,"rainfallInches":4.71}},{"type":"Feature","geometry":{"type":"Point","coordinates":[-97.991667,32.733333]},"properties":{"rainfall":471.0,"rainfallInches":4.71}},{"type":"Feature","geometry":{"type":"Point","coordinates":[-97.983334,32.733333]},"properties":{"rainfall":471.0,"rainfallInches":4.71}},{"type":"Feature","geometry":{"type":"Point","coordinates":[-97.975,32.733333]},"properties":{"rainfall":471.0,"rainfallInches":4.71}},{"type":"Feature","geometry":{"type":"Point","coordinates":[-97.966667,32.733333]},"properties":{"rainfall":470.0,"rainfallInches":4.7}},{"type":"Feature","geometry":{"type":"Point","coordinates":[-97.958334,32.733333]},"properties":{"rainfall":470.0,"rainfallInches":4.7}},{"type":"Feature","geometry":{"type":"Point","coordinates":[-97.95,32.733333]},"properties":{"rainfall":470.0,"rainfallInches":4.7}},{"type":"Feature","geometry":{"type":"Point","coordinates":[-97.941667,32.733333]},"properties":{"rainfall":470.0,"rainfallInches":4.7}},{"type":"Feature","geometry":{"type":"Point","coordinates":[-97.933334,32.733333]},"properties":{"rainfall":469.0,"rainfallInches":4.69}},{"type":"Feature","geometry":{"type":"Point","coordinates":[-97.925,32.733333]},"properties":{"rainfall":469.0,"rainfallInches":4.69}},{"type":"Feature","geometry":{"type":"Point","coordinates":[-97.916667,32.733333]},"properties":{"rainfall":469.0,"rainfallInches":4.69}},{"type":"Feature","geometry":{"type":"Point","coordinates":[-97.908334,32.733333]},"properties":{"rainfall":468.0,"rainfallInches":4.68}},{"type":"Feature","geometry":{"type":"Point","coordinates":[-97.9,32.733333]},"properties":{"rainfall":468.0,"rainfallInches":4.68}},{"type":"Feature","geometry":{"type":"Point","coordinates":[-97.891667,32.733333]},"properties":{"rainfall":468.0,"rainfallInches":4.68}},{"type":"Feature","geometry":{"type":"Point","coordinates":[-97.883334,32.733333]},"properties":{"rainfall":468.0,"rainfallInches":4.68}},{"type":"Feature","geometry":{"type":"Point","coordinates":[-97.875,32.733333]},"properties":{"rainfall":467.0,"rainfallInches":4.67}},{"type":"Feature","geometry":{"type":"Point","coordinates":[-97.866667,32.733333]},"properties":{"rainfall":467.0,"rainfallInches":4.67}},{"type":"Feature","geometry":{"type":"Point","coordinates":[-97.858334,32.733333]},"properties":{"rainfall":467.0,"rainfallInches":4.67}},{"type":"Feature","geometry":{"type":"Point","coordinates":[-97.85,32.733333]},"properties":{"rainfall":466.0,"rainfallInches":4.66}},{"type":"Feature","geometry":{"type":"Point","coordinates":[-97.841667,32.733333]},"properties":{"rainfall":466.0,"rainfallInches":4.66}},{"type":"Feature","geometry":{"type":"Point","coordinates":[-97.833334,32.733333]},"properties":{"rainfall":466.0,"rainfallInches":4.66}},{"type":"Feature","geometry":{"type":"Point","coordinates":[-97.825,32.733333]},"properties":{"rainfall":466.0,"rainfallInches":4.66}},{"type":"Feature","geometry":{"type":"Point","coordinates":[-97.816667,32.733333]},"properties":{"rainfall":465.0,"rainfallInches":4.65}},{"type":"Feature","geometry":{"type":"Point","coordinates":[-97.808334,32.733333]},"properties":{"rainfall":465.0,"rainfallInches":4.65}},{"type":"Feature","geometry":{"type":"Point","coordinates":[-97.8,32.733333]},"properties":{"rainfall":465.0,"rainfallInches":4.65}},{"type":"Feature","geometry":{"type":"Point","coordinates":[-97.791667,32.733333]},"properties":{"rainfall":464.0,"rainfallInches":4.64}},{"type":"Feature","geometry":{"type":"Point","coordinates":[-97.783334,32.733333]},"properties":{"rainfall":464.0,"rainfallInches":4.64}},{"type":"Feature","geometry":{"type":"Point","coordinates":[-97.775,32.733333]},"properties":{"rainfall":464.0,"rainfallInches":4.64}},{"type":"Feature","geometry":{"type":"Point","coordinates":[-97.766667,32.733333]},"properties":{"rainfall":463.0,"rainfallInches":4.63}},{"type":"Feature","geometry":{"type":"Point","coordinates":[-97.758334,32.733333]},"properties":{"rainfall":463.0,"rainfallInches":4.63}},{"type":"Feature","geometry":{"type":"Point","coordinates":[-97.75,32.733333]},"properties":{"rainfall":463.0,"rainfallInches":4.63}},{"type":"Feature","geometry":{"type":"Point","coordinates":[-97.741667,32.733333]},"properties":{"rainfall":463.0,"rainfallInches":4.63}},{"type":"Feature","geometry":{"type":"Point","coordinates":[-97.733334,32.733333]},"properties":{"rainfall":462.0,"rainfallInches":4.62}},{"type":"Feature","geometry":{"type":"Point","coordinates":[-97.725,32.733333]},"properties":{"rainfall":462.0,"rainfallInches":4.62}},{"type":"Feature","geometry":{"type":"Point","coordinates":[-97.716667,32.733333]},"properties":{"rainfall":462.0,"rainfallInches":4.62}},{"type":"Feature","geometry":{"type":"Point","coordinates":[-97.708334,32.733333]},"properties":{"rainfall":461.0,"rainfallInches":4.61}},{"type":"Feature","geometry":{"type":"Point","coordinates":[-97.7,32.733333]},"properties":{"rainfall":461.0,"rainfallInches":4.61}},{"type":"Feature","geometry":{"type":"Point","coordinates":[-97.691667,32.733333]},"properties":{"rainfall":461.0,"rainfallInches":4.61}},{"type":"Feature","geometry":{"type":"Point","coordinates":[-97.683334,32.733333]},"properties":{"rainfall":461.0,"rainfallInches":4.61}},{"type":"Feature","geometry":{"type":"Point","coordinates":[-97.675,32.733333]},"properties":{"rainfall":460.0,"rainfallInches":4.6}},{"type":"Feature","geometry":{"type":"Point","coordinates":[-97.666667,32.733333]},"properties":{"rainfall":460.0,"rainfallInches":4.6}},{"type":"Feature","geometry":{"type":"Point","coordinates":[-97.658334,32.733333]},"properties":{"rainfall":460.0,"rainfallInches":4.6}},{"type":"Feature","geometry":{"type":"Point","coordinates":[-97.65,32.733333]},"properties":{"rainfall":460.0,"rainfallInches":4.6}},{"type":"Feature","geometry":{"type":"Point","coordinates":[-97.641667,32.733333]},"properties":{"rainfall":459.0,"rainfallInches":4.59}},{"type":"Feature","geometry":{"type":"Point","coordinates":[-97.633334,32.733333]},"properties":{"rainfall":459.0,"rainfallInches":4.59}},{"type":"Feature","geometry":{"type":"Point","coordinates":[-97.625,32.733333]},"properties":{"rainfall":459.0,"rainfallInches":4.59}},{"type":"Feature","geometry":{"type":"Point","coordinates":[-97.616667,32.733333]},"properties":{"rainfall":459.0,"rainfallInches":4.59}},{"type":"Feature","geometry":{"type":"Point","coordinates":[-97.608334,32.733333]},"properties":{"rainfall":459.0,"rainfallInches":4.59}},{"type":"Feature","geometry":{"type":"Point","coordinates":[-97.6,32.733333]},"properties":{"rainfall":459.0,"rainfallInches":4.59}},{"type":"Feature","geometry":{"type":"Point","coordinates":[-97.591667,32.733333]},"properties":{"rainfall":460.0,"rainfallInches":4.6}},{"type":"Feature","geometry":{"type":"Point","coordinates":[-97.583334,32.733333]},"properties":{"rainfall":460.0,"rainfallInches":4.6}},{"type":"Feature","geometry":{"type":"Point","coordinates":[-97.575,32.733333]},"properties":{"rainfall":460.0,"rainfallInches":4.6}},{"type":"Feature","geometry":{"type":"Point","coordinates":[-97.566667,32.733333]},"properties":{"rainfall":460.0,"rainfallInches":4.6}},{"type":"Feature","geometry":{"type":"Point","coordinates":[-97.558334,32.733333]},"properties":{"rainfall":460.0,"rainfallInches":4.6}},{"type":"Feature","geometry":{"type":"Point","coordinates":[-97.55,32.733333]},"properties":{"rainfall":461.0,"rainfallInches":4.61}},{"type":"Feature","geometry":{"type":"Point","coordinates":[-98.058334,32.725]},"properties":{"rainfall":470.0,"rainfallInches":4.7}},{"type":"Feature","geometry":{"type":"Point","coordinates":[-98.05,32.725]},"properties":{"rainfall":470.0,"rainfallInches":4.7}},{"type":"Feature","geometry":{"type":"Point","coordinates":[-98.041667,32.725]},"properties":{"rainfall":471.0,"rainfallInches":4.71}},{"type":"Feature","geometry":{"type":"Point","coordinates":[-98.033334,32.725]},"properties":{"rainfall":471.0,"rainfallInches":4.71}},{"type":"Feature","geometry":{"type":"Point","coordinates":[-98.025,32.725]},"properties":{"rainfall":471.0,"rainfallInches":4.71}},{"type":"Feature","geometry":{"type":"Point","coordinates":[-98.016667,32.725]},"properties":{"rainfall":471.0,"rainfallInches":4.71}},{"type":"Feature","geometry":{"type":"Point","coordinates":[-98.008334,32.725]},"properties":{"rainfall":471.0,"rainfallInches":4.71}},{"type":"Feature","geometry":{"type":"Point","coordinates":[-98.0,32.725]},"properties":{"rainfall":471.0,"rainfallInches":4.71}},{"type":"Feature","geometry":{"type":"Point","coordinates":[-97.991667,32.725]},"properties":{"rainfall":471.0,"rainfallInches":4.71}},{"type":"Feature","geometry":{"type":"Point","coordinates":[-97.983334,32.725]},"properties":{"rainfall":471.0,"rainfallInches":4.71}},{"type":"Feature","geometry":{"type":"Point","coordinates":[-97.975,32.725]},"properties":{"rainfall":470.0,"rainfallInches":4.7}},{"type":"Feature","geometry":{"type":"Point","coordinates":[-97.966667,32.725]},"properties":{"rainfall":470.0,"rainfallInches":4.7}},{"type":"Feature","geometry":{"type":"Point","coordinates":[-97.958334,32.725]},"properties":{"rainfall":470.0,"rainfallInches":4.7}},{"type":"Feature","geometry":{"type":"Point","coordinates":[-97.95,32.725]},"properties":{"rainfall":470.0,"rainfallInches":4.7}},{"type":"Feature","geometry":{"type":"Point","coordinates":[-97.941667,32.725]},"properties":{"rainfall":469.0,"rainfallInches":4.69}},{"type":"Feature","geometry":{"type":"Point","coordinates":[-97.933334,32.725]},"properties":{"rainfall":469.0,"rainfallInches":4.69}},{"type":"Feature","geometry":{"type":"Point","coordinates":[-97.925,32.725]},"properties":{"rainfall":469.0,"rainfallInches":4.69}},{"type":"Feature","geometry":{"type":"Point","coordinates":[-97.916667,32.725]},"properties":{"rainfall":469.0,"rainfallInches":4.69}},{"type":"Feature","geometry":{"type":"Point","coordinates":[-97.908334,32.725]},"properties":{"rainfall":468.0,"rainfallInches":4.68}},{"type":"Feature","geometry":{"type":"Point","coordinates":[-97.9,32.725]},"properties":{"rainfall":468.0,"rainfallInches":4.68}},{"type":"Feature","geometry":{"type":"Point","coordinates":[-97.891667,32.725]},"properties":{"rainfall":468.0,"rainfallInches":4.68}},{"type":"Feature","geometry":{"type":"Point","coordinates":[-97.883334,32.725]},"properties":{"rainfall":468.0,"rainfallInches":4.68}},{"type":"Feature","geometry":{"type":"Point","coordinates":[-97.875,32.725]},"properties":{"rainfall":467.0,"rainfallInches":4.67}},{"type":"Feature","geometry":{"type":"Point","coordinates":[-97.866667,32.725]},"properties":{"rainfall":467.0,"rainfallInches":4.67}},{"type":"Feature","geometry":{"type":"Point","coordinates":[-97.858334,32.725]},"properties":{"rainfall":467.0,"rainfallInches":4.67}},{"type":"Feature","geometry":{"type":"Point","coordinates":[-97.85,32.725]},"properties":{"rainfall":466.0,"rainfallInches":4.66}},{"type":"Feature","geometry":{"type":"Point","coordinates":[-97.841667,32.725]},"properties":{"rainfall":466.0,"rainfallInches":4.66}},{"type":"Feature","geometry":{"type":"Point","coordinates":[-97.833334,32.725]},"properties":{"rainfall":466.0,"rainfallInches":4.66}},{"type":"Feature","geometry":{"type":"Point","coordinates":[-97.825,32.725]},"properties":{"rainfall":465.0,"rainfallInches":4.65}},{"type":"Feature","geometry":{"type":"Point","coordinates":[-97.816667,32.725]},"properties":{"rainfall":465.0,"rainfallInches":4.65}},{"type":"Feature","geometry":{"type":"Point","coordinates":[-97.808334,32.725]},"properties":{"rainfall":465.0,"rainfallInches":4.65}},{"type":"Feature","geometry":{"type":"Point","coordinates":[-97.8,32.725]},"properties":{"rainfall":465.0,"rainfallInches":4.65}},{"type":"Feature","geometry":{"type":"Point","coordinates":[-97.791667,32.725]},"properties":{"rainfall":464.0,"rainfallInches":4.64}},{"type":"Feature","geometry":{"type":"Point","coordinates":[-97.783334,32.725]},"properties":{"rainfall":464.0,"rainfallInches":4.64}},{"type":"Feature","geometry":{"type":"Point","coordinates":[-97.775,32.725]},"properties":{"rainfall":464.0,"rainfallInches":4.64}},{"type":"Feature","geometry":{"type":"Point","coordinates":[-97.766667,32.725]},"properties":{"rainfall":463.0,"rainfallInches":4.63}},{"type":"Feature","geometry":{"type":"Point","coordinates":[-97.758334,32.725]},"properties":{"rainfall":463.0,"rainfallInches":4.63}},{"type":"Feature","geometry":{"type":"Point","coordinates":[-97.75,32.725]},"properties":{"rainfall":463.0,"rainfallInches":4.63}},{"type":"Feature","geometry":{"type":"Point","coordinates":[-97.741667,32.725]},"properties":{"rainfall":462.0,"rainfallInches":4.62}},{"type":"Feature","geometry":{"type":"Point","coordinates":[-97.733334,32.725]},"properties":{"rainfall":462.0,"rainfallInches":4.62}},{"type":"Feature","geometry":{"type":"Point","coordinates":[-97.725,32.725]},"properties":{"rainfall":462.0,"rainfallInches":4.62}},{"type":"Feature","geometry":{"type":"Point","coordinates":[-97.716667,32.725]},"properties":{"rainfall":461.0,"rainfallInches":4.61}},{"type":"Feature","geometry":{"type":"Point","coordinates":[-97.708334,32.725]},"properties":{"rainfall":461.0,"rainfallInches":4.61}},{"type":"Feature","geometry":{"type":"Point","coordinates":[-97.7,32.725]},"properties":{"rainfall":461.0,"rainfallInches":4.61}},{"type":"Feature","geometry":{"type":"Point","coordinates":[-97.691667,32.725]},"properties":{"rainfall":460.0,"rainfallInches":4.6}},{"type":"Feature","geometry":{"type":"Point","coordinates":[-97.683334,32.725]},"properties":{"rainfall":460.0,"rainfallInches":4.6}},{"type":"Feature","geometry":{"type":"Point","coordinates":[-97.675,32.725]},"properties":{"rainfall":460.0,"rainfallInches":4.6}},{"type":"Feature","geometry":{"type":"Point","coordinates":[-97.666667,32.725]},"properties":{"rainfall":460.0,"rainfallInches":4.6}},{"type":"Feature","geometry":{"type":"Point","coordinates":[-97.658334,32.725]},"properties":{"rainfall":460.0,"rainfallInches":4.6}},{"type":"Feature","geometry":{"type":"Point","coordinates":[-97.65,32.725]},"properties":{"rainfall":459.0,"rainfallInches":4.59}},{"type":"Feature","geometry":{"type":"Point","coordinates":[-97.641667,32.725]},"properties":{"rainfall":459.0,"rainfallInches":4.59}},{"type":"Feature","geometry":{"type":"Point","coordinates":[-97.633334,32.725]},"properties":{"rainfall":459.0,"rainfallInches":4.59}},{"type":"Feature","geometry":{"type":"Point","coordinates":[-97.625,32.725]},"properties":{"rainfall":459.0,"rainfallInches":4.59}},{"type":"Feature","geometry":{"type":"Point","coordinates":[-97.616667,32.725]},"properties":{"rainfall":459.0,"rainfallInches":4.59}},{"type":"Feature","geometry":{"type":"Point","coordinates":[-97.608334,32.725]},"properties":{"rainfall":459.0,"rainfallInches":4.59}},{"type":"Feature","geometry":{"type":"Point","coordinates":[-97.6,32.725]},"properties":{"rainfall":459.0,"rainfallInches":4.59}},{"type":"Feature","geometry":{"type":"Point","coordinates":[-97.591667,32.725]},"properties":{"rainfall":459.0,"rainfallInches":4.59}},{"type":"Feature","geometry":{"type":"Point","coordinates":[-97.583334,32.725]},"properties":{"rainfall":460.0,"rainfallInches":4.6}},{"type":"Feature","geometry":{"type":"Point","coordinates":[-97.575,32.725]},"properties":{"rainfall":460.0,"rainfallInches":4.6}},{"type":"Feature","geometry":{"type":"Point","coordinates":[-97.566667,32.725]},"properties":{"rainfall":460.0,"rainfallInches":4.6}},{"type":"Feature","geometry":{"type":"Point","coordinates":[-97.558334,32.725]},"properties":{"rainfall":460.0,"rainfallInches":4.6}},{"type":"Feature","geometry":{"type":"Point","coordinates":[-97.55,32.725]},"properties":{"rainfall":461.0,"rainfallInches":4.61}},{"type":"Feature","geometry":{"type":"Point","coordinates":[-98.058334,32.716666]},"properties":{"rainfall":470.0,"rainfallInches":4.7}},{"type":"Feature","geometry":{"type":"Point","coordinates":[-98.05,32.716666]},"properties":{"rainfall":470.0,"rainfallInches":4.7}},{"type":"Feature","geometry":{"type":"Point","coordinates":[-98.041667,32.716666]},"properties":{"rainfall":470.0,"rainfallInches":4.7}},{"type":"Feature","geometry":{"type":"Point","coordinates":[-98.033334,32.716666]},"properties":{"rainfall":470.0,"rainfallInches":4.7}},{"type":"Feature","geometry":{"type":"Point","coordinates":[-98.025,32.716666]},"properties":{"rainfall":471.0,"rainfallInches":4.71}},{"type":"Feature","geometry":{"type":"Point","coordinates":[-98.016667,32.716666]},"properties":{"rainfall":471.0,"rainfallInches":4.71}},{"type":"Feature","geometry":{"type":"Point","coordinates":[-98.008334,32.716666]},"properties":{"rainfall":471.0,"rainfallInches":4.71}},{"type":"Feature","geometry":{"type":"Point","coordinates":[-98.0,32.716666]},"properties":{"rainfall":471.0,"rainfallInches":4.71}},{"type":"Feature","geometry":{"type":"Point","coordinates":[-97.991667,32.716666]},"properties":{"rainfall":470.0,"rainfallInches":4.7}},{"type":"Feature","geometry":{"type":"Point","coordinates":[-97.983334,32.716666]},"properties":{"rainfall":470.0,"rainfallInches":4.7}},{"type":"Feature","geometry":{"type":"Point","coordinates":[-97.975,32.716666]},"properties":{"rainfall":470.0,"rainfallInches":4.7}},{"type":"Feature","geometry":{"type":"Point","coordinates":[-97.966667,32.716666]},"properties":{"rainfall":470.0,"rainfallInches":4.7}},{"type":"Feature","geometry":{"type":"Point","coordinates":[-97.958334,32.716666]},"properties":{"rainfall":470.0,"rainfallInches":4.7}},{"type":"Feature","geometry":{"type":"Point","coordinates":[-97.95,32.716666]},"properties":{"rainfall":470.0,"rainfallInches":4.7}},{"type":"Feature","geometry":{"type":"Point","coordinates":[-97.941667,32.716666]},"properties":{"rainfall":469.0,"rainfallInches":4.69}},{"type":"Feature","geometry":{"type":"Point","coordinates":[-97.933334,32.716666]},"properties":{"rainfall":469.0,"rainfallInches":4.69}},{"type":"Feature","geometry":{"type":"Point","coordinates":[-97.925,32.716666]},"properties":{"rainfall":469.0,"rainfallInches":4.69}},{"type":"Feature","geometry":{"type":"Point","coordinates":[-97.916667,32.716666]},"properties":{"rainfall":469.0,"rainfallInches":4.69}},{"type":"Feature","geometry":{"type":"Point","coordinates":[-97.908334,32.716666]},"properties":{"rainfall":468.0,"rainfallInches":4.68}},{"type":"Feature","geometry":{"type":"Point","coordinates":[-97.9,32.716666]},"properties":{"rainfall":468.0,"rainfallInches":4.68}},{"type":"Feature","geometry":{"type":"Point","coordinates":[-97.891667,32.716666]},"properties":{"rainfall":468.0,"rainfallInches":4.68}},{"type":"Feature","geometry":{"type":"Point","coordinates":[-97.883334,32.716666]},"properties":{"rainfall":467.0,"rainfallInches":4.67}},{"type":"Feature","geometry":{"type":"Point","coordinates":[-97.875,32.716666]},"properties":{"rainfall":467.0,"rainfallInches":4.67}},{"type":"Feature","geometry":{"type":"Point","coordinates":[-97.866667,32.716666]},"properties":{"rainfall":467.0,"rainfallInches":4.67}},{"type":"Feature","geometry":{"type":"Point","coordinates":[-97.858334,32.716666]},"properties":{"rainfall":467.0,"rainfallInches":4.67}},{"type":"Feature","geometry":{"type":"Point","coordinates":[-97.85,32.716666]},"properties":{"rainfall":466.0,"rainfallInches":4.66}},{"type":"Feature","geometry":{"type":"Point","coordinates":[-97.841667,32.716666]},"properties":{"rainfall":466.0,"rainfallInches":4.66}},{"type":"Feature","geometry":{"type":"Point","coordinates":[-97.833334,32.716666]},"properties":{"rainfall":466.0,"rainfallInches":4.66}},{"type":"Feature","geometry":{"type":"Point","coordinates":[-97.825,32.716666]},"properties":{"rainfall":465.0,"rainfallInches":4.65}},{"type":"Feature","geometry":{"type":"Point","coordinates":[-97.816667,32.716666]},"properties":{"rainfall":465.0,"rainfallInches":4.65}},{"type":"Feature","geometry":{"type":"Point","coordinates":[-97.808334,32.716666]},"properties":{"rainfall":465.0,"rainfallInches":4.65}},{"type":"Feature","geometry":{"type":"Point","coordinates":[-97.8,32.716666]},"properties":{"rainfall":464.0,"rainfallInches":4.64}},{"type":"Feature","geometry":{"type":"Point","coordinates":[-97.791667,32.716666]},"properties":{"rainfall":464.0,"rainfallInches":4.64}},{"type":"Feature","geometry":{"type":"Point","coordinates":[-97.783334,32.716666]},"properties":{"rainfall":464.0,"rainfallInches":4.64}},{"type":"Feature","geometry":{"type":"Point","coordinates":[-97.775,32.716666]},"properties":{"rainfall":463.0,"rainfallInches":4.63}},{"type":"Feature","geometry":{"type":"Point","coordinates":[-97.766667,32.716666]},"properties":{"rainfall":463.0,"rainfallInches":4.63}},{"type":"Feature","geometry":{"type":"Point","coordinates":[-97.758334,32.716666]},"properties":{"rainfall":463.0,"rainfallInches":4.63}},{"type":"Feature","geometry":{"type":"Point","coordinates":[-97.75,32.716666]},"properties":{"rainfall":462.0,"rainfallInches":4.62}},{"type":"Feature","geometry":{"type":"Point","coordinates":[-97.741667,32.716666]},"properties":{"rainfall":462.0,"rainfallInches":4.62}},{"type":"Feature","geometry":{"type":"Point","coordinates":[-97.733334,32.716666]},"properties":{"rainfall":462.0,"rainfallInches":4.62}},{"type":"Feature","geometry":{"type":"Point","coordinates":[-97.725,32.716666]},"properties":{"rainfall":461.0,"rainfallInches":4.61}},{"type":"Feature","geometry":{"type":"Point","coordinates":[-97.716667,32.716666]},"properties":{"rainfall":461.0,"rainfallInches":4.61}},{"type":"Feature","geometry":{"type":"Point","coordinates":[-97.708334,32.716666]},"properties":{"rainfall":461.0,"rainfallInches":4.61}},{"type":"Feature","geometry":{"type":"Point","coordinates":[-97.7,32.716666]},"properties":{"rainfall":461.0,"rainfallInches":4.61}},{"type":"Feature","geometry":{"type":"Point","coordinates":[-97.691667,32.716666]},"properties":{"rainfall":460.0,"rainfallInches":4.6}},{"type":"Feature","geometry":{"type":"Point","coordinates":[-97.683334,32.716666]},"properties":{"rainfall":460.0,"rainfallInches":4.6}},{"type":"Feature","geometry":{"type":"Point","coordinates":[-97.675,32.716666]},"properties":{"rainfall":460.0,"rainfallInches":4.6}},{"type":"Feature","geometry":{"type":"Point","coordinates":[-97.666667,32.716666]},"properties":{"rainfall":460.0,"rainfallInches":4.6}},{"type":"Feature","geometry":{"type":"Point","coordinates":[-97.658334,32.716666]},"properties":{"rainfall":459.0,"rainfallInches":4.59}},{"type":"Feature","geometry":{"type":"Point","coordinates":[-97.65,32.716666]},"properties":{"rainfall":459.0,"rainfallInches":4.59}},{"type":"Feature","geometry":{"type":"Point","coordinates":[-97.641667,32.716666]},"properties":{"rainfall":459.0,"rainfallInches":4.59}},{"type":"Feature","geometry":{"type":"Point","coordinates":[-97.633334,32.716666]},"properties":{"rainfall":459.0,"rainfallInches":4.59}},{"type":"Feature","geometry":{"type":"Point","coordinates":[-97.625,32.716666]},"properties":{"rainfall":459.0,"rainfallInches":4.59}},{"type":"Feature","geometry":{"type":"Point","coordinates":[-97.616667,32.716666]},"properties":{"rainfall":459.0,"rainfallInches":4.59}},{"type":"Feature","geometry":{"type":"Point","coordinates":[-97.608334,32.716666]},"properties":{"rainfall":459.0,"rainfallInches":4.59}},{"type":"Feature","geometry":{"type":"Point","coordinates":[-97.6,32.716666]},"properties":{"rainfall":459.0,"rainfallInches":4.59}},{"type":"Feature","geometry":{"type":"Point","coordinates":[-97.591667,32.716666]},"properties":{"rainfall":459.0,"rainfallInches":4.59}},{"type":"Feature","geometry":{"type":"Point","coordinates":[-97.583334,32.716666]},"properties":{"rainfall":459.0,"rainfallInches":4.59}},{"type":"Feature","geometry":{"type":"Point","coordinates":[-97.575,32.716666]},"properties":{"rainfall":460.0,"rainfallInches":4.6}},{"type":"Feature","geometry":{"type":"Point","coordinates":[-97.566667,32.716666]},"properties":{"rainfall":460.0,"rainfallInches":4.6}},{"type":"Feature","geometry":{"type":"Point","coordinates":[-97.558334,32.716666]},"properties":{"rainfall":460.0,"rainfallInches":4.6}},{"type":"Feature","geometry":{"type":"Point","coordinates":[-97.55,32.716666]},"properties":{"rainfall":461.0,"rainfallInches":4.61}},{"type":"Feature","geometry":{"type":"Point","coordinates":[-98.058334,32.708333]},"properties":{"rainfall":469.0,"rainfallInches":4.69}},{"type":"Feature","geometry":{"type":"Point","coordinates":[-98.05,32.708333]},"properties":{"rainfall":470.0,"rainfallInches":4.7}},{"type":"Feature","geometry":{"type":"Point","coordinates":[-98.041667,32.708333]},"properties":{"rainfall":470.0,"rainfallInches":4.7}},{"type":"Feature","geometry":{"type":"Point","coordinates":[-98.033334,32.708333]},"properties":{"rainfall":470.0,"rainfallInches":4.7}},{"type":"Feature","geometry":{"type":"Point","coordinates":[-98.025,32.708333]},"properties":{"rainfall":470.0,"rainfallInches":4.7}},{"type":"Feature","geometry":{"type":"Point","coordinates":[-98.016667,32.708333]},"properties":{"rainfall":470.0,"rainfallInches":4.7}},{"type":"Feature","geometry":{"type":"Point","coordinates":[-98.008334,32.708333]},"properties":{"rainfall":470.0,"rainfallInches":4.7}},{"type":"Feature","geometry":{"type":"Point","coordinates":[-98.0,32.708333]},"properties":{"rainfall":470.0,"rainfallInches":4.7}},{"type":"Feature","geometry":{"type":"Point","coordinates":[-97.991667,32.708333]},"properties":{"rainfall":470.0,"rainfallInches":4.7}},{"type":"Feature","geometry":{"type":"Point","coordinates":[-97.983334,32.708333]},"properties":{"rainfall":470.0,"rainfallInches":4.7}},{"type":"Feature","geometry":{"type":"Point","coordinates":[-97.975,32.708333]},"properties":{"rainfall":470.0,"rainfallInches":4.7}},{"type":"Feature","geometry":{"type":"Point","coordinates":[-97.966667,32.708333]},"properties":{"rainfall":470.0,"rainfallInches":4.7}},{"type":"Feature","geometry":{"type":"Point","coordinates":[-97.958334,32.708333]},"properties":{"rainfall":470.0,"rainfallInches":4.7}},{"type":"Feature","geometry":{"type":"Point","coordinates":[-97.95,32.708333]},"properties":{"rainfall":470.0,"rainfallInches":4.7}},{"type":"Feature","geometry":{"type":"Point","coordinates":[-97.941667,32.708333]},"properties":{"rainfall":469.0,"rainfallInches":4.69}},{"type":"Feature","geometry":{"type":"Point","coordinates":[-97.933334,32.708333]},"properties":{"rainfall":469.0,"rainfallInches":4.69}},{"type":"Feature","geometry":{"type":"Point","coordinates":[-97.925,32.708333]},"properties":{"rainfall":469.0,"rainfallInches":4.69}},{"type":"Feature","geometry":{"type":"Point","coordinates":[-97.916667,32.708333]},"properties":{"rainfall":469.0,"rainfallInches":4.69}},{"type":"Feature","geometry":{"type":"Point","coordinates":[-97.908334,32.708333]},"properties":{"rainfall":468.0,"rainfallInches":4.68}},{"type":"Feature","geometry":{"type":"Point","coordinates":[-97.9,32.708333]},"properties":{"rainfall":468.0,"rainfallInches":4.68}},{"type":"Feature","geometry":{"type":"Point","coordinates":[-97.891667,32.708333]},"properties":{"rainfall":468.0,"rainfallInches":4.68}},{"type":"Feature","geometry":{"type":"Point","coordinates":[-97.883334,32.708333]},"properties":{"rainfall":467.0,"rainfallInches":4.67}},{"type":"Feature","geometry":{"type":"Point","coordinates":[-97.875,32.708333]},"properties":{"rainfall":467.0,"rainfallInches":4.67}},{"type":"Feature","geometry":{"type":"Point","coordinates":[-97.866667,32.708333]},"properties":{"rainfall":467.0,"rainfallInches":4.67}},{"type":"Feature","geometry":{"type":"Point","coordinates":[-97.858334,32.708333]},"properties":{"rainfall":467.0,"rainfallInches":4.67}},{"type":"Feature","geometry":{"type":"Point","coordinates":[-97.85,32.708333]},"properties":{"rainfall":466.0,"rainfallInches":4.66}},{"type":"Feature","geometry":{"type":"Point","coordinates":[-97.841667,32.708333]},"properties":{"rainfall":466.0,"rainfallInches":4.66}},{"type":"Feature","geometry":{"type":"Point","coordinates":[-97.833334,32.708333]},"properties":{"rainfall":466.0,"rainfallInches":4.66}},{"type":"Feature","geometry":{"type":"Point","coordinates":[-97.825,32.708333]},"properties":{"rainfall":465.0,"rainfallInches":4.65}},{"type":"Feature","geometry":{"type":"Point","coordinates":[-97.816667,32.708333]},"properties":{"rainfall":465.0,"rainfallInches":4.65}},{"type":"Feature","geometry":{"type":"Point","coordinates":[-97.808334,32.708333]},"properties":{"rainfall":465.0,"rainfallInches":4.65}},{"type":"Feature","geometry":{"type":"Point","coordinates":[-97.8,32.708333]},"properties":{"rainfall":464.0,"rainfallInches":4.64}},{"type":"Feature","geometry":{"type":"Point","coordinates":[-97.791667,32.708333]},"properties":{"rainfall":464.0,"rainfallInches":4.64}},{"type":"Feature","geometry":{"type":"Point","coordinates":[-97.783334,32.708333]},"properties":{"rainfall":464.0,"rainfallInches":4.64}},{"type":"Feature","geometry":{"type":"Point","coordinates":[-97.775,32.708333]},"properties":{"rainfall":463.0,"rainfallInches":4.63}},{"type":"Feature","geometry":{"type":"Point","coordinates":[-97.766667,32.708333]},"properties":{"rainfall":463.0,"rainfallInches":4.63}},{"type":"Feature","geometry":{"type":"Point","coordinates":[-97.758334,32.708333]},"properties":{"rainfall":462.0,"rainfallInches":4.62}},{"type":"Feature","geometry":{"type":"Point","coordinates":[-97.75,32.708333]},"properties":{"rainfall":462.0,"rainfallInches":4.62}},{"type":"Feature","geometry":{"type":"Point","coordinates":[-97.741667,32.708333]},"properties":{"rainfall":462.0,"rainfallInches":4.62}},{"type":"Feature","geometry":{"type":"Point","coordinates":[-97.733334,32.708333]},"properties":{"rainfall":461.0,"rainfallInches":4.61}},{"type":"Feature","geometry":{"type":"Point","coordinates":[-97.725,32.708333]},"properties":{"rainfall":461.0,"rainfallInches":4.61}},{"type":"Feature","geometry":{"type":"Point","coordinates":[-97.716667,32.708333]},"properties":{"rainfall":461.0,"rainfallInches":4.61}},{"type":"Feature","geometry":{"type":"Point","coordinates":[-97.708334,32.708333]},"properties":{"rainfall":461.0,"rainfallInches":4.61}},{"type":"Feature","geometry":{"type":"Point","coordinates":[-97.7,32.708333]},"properties":{"rainfall":460.0,"rainfallInches":4.6}},{"type":"Feature","geometry":{"type":"Point","coordinates":[-97.691667,32.708333]},"properties":{"rainfall":460.0,"rainfallInches":4.6}},{"type":"Feature","geometry":{"type":"Point","coordinates":[-97.683334,32.708333]},"properties":{"rainfall":460.0,"rainfallInches":4.6}},{"type":"Feature","geometry":{"type":"Point","coordinates":[-97.675,32.708333]},"properties":{"rainfall":459.0,"rainfallInches":4.59}},{"type":"Feature","geometry":{"type":"Point","coordinates":[-97.666667,32.708333]},"properties":{"rainfall":459.0,"rainfallInches":4.59}},{"type":"Feature","geometry":{"type":"Point","coordinates":[-97.658334,32.708333]},"properties":{"rainfall":459.0,"rainfallInches":4.59}},{"type":"Feature","geometry":{"type":"Point","coordinates":[-97.65,32.708333]},"properties":{"rainfall":459.0,"rainfallInches":4.59}},{"type":"Feature","geometry":{"type":"Point","coordinates":[-97.641667,32.708333]},"properties":{"rainfall":459.0,"rainfallInches":4.59}},{"type":"Feature","geometry":{"type":"Point","coordinates":[-97.633334,32.708333]},"properties":{"rainfall":459.0,"rainfallInches":4.59}},{"type":"Feature","geometry":{"type":"Point","coordinates":[-97.625,32.708333]},"properties":{"rainfall":459.0,"rainfallInches":4.59}},{"type":"Feature","geometry":{"type":"Point","coordinates":[-97.616667,32.708333]},"properties":{"rainfall":459.0,"rainfallInches":4.59}},{"type":"Feature","geometry":{"type":"Point","coordinates":[-97.608334,32.708333]},"properties":{"rainfall":459.0,"rainfallInches":4.59}},{"type":"Feature","geometry":{"type":"Point","coordinates":[-97.6,32.708333]},"properties":{"rainfall":459.0,"rainfallInches":4.59}},{"type":"Feature","geometry":{"type":"Point","coordinates":[-97.591667,32.708333]},"properties":{"rainfall":459.0,"rainfallInches":4.59}},{"type":"Feature","geometry":{"type":"Point","coordinates":[-97.583334,32.708333]},"properties":{"rainfall":459.0,"rainfallInches":4.59}},{"type":"Feature","geometry":{"type":"Point","coordinates":[-97.575,32.708333]},"properties":{"rainfall":459.0,"rainfallInches":4.59}},{"type":"Feature","geometry":{"type":"Point","coordinates":[-97.566667,32.708333]},"properties":{"rainfall":460.0,"rainfallInches":4.6}},{"type":"Feature","geometry":{"type":"Point","coordinates":[-97.558334,32.708333]},"properties":{"rainfall":460.0,"rainfallInches":4.6}},{"type":"Feature","geometry":{"type":"Point","coordinates":[-97.55,32.708333]},"properties":{"rainfall":461.0,"rainfallInches":4.61}},{"type":"Feature","geometry":{"type":"Point","coordinates":[-98.058334,32.7]},"properties":{"rainfall":469.0,"rainfallInches":4.69}},{"type":"Feature","geometry":{"type":"Point","coordinates":[-98.05,32.7]},"properties":{"rainfall":469.0,"rainfallInches":4.69}},{"type":"Feature","geometry":{"type":"Point","coordinates":[-98.041667,32.7]},"properties":{"rainfall":469.0,"rainfallInches":4.69}},{"type":"Feature","geometry":{"type":"Point","coordinates":[-98.033334,32.7]},"properties":{"rainfall":470.0,"rainfallInches":4.7}},{"type":"Feature","geometry":{"type":"Point","coordinates":[-98.025,32.7]},"properties":{"rainfall":470.0,"rainfallInches":4.7}},{"type":"Feature","geometry":{"type":"Point","coordinates":[-98.016667,32.7]},"properties":{"rainfall":470.0,"rainfallInches":4.7}},{"type":"Feature","geometry":{"type":"Point","coordinates":[-98.008334,32.7]},"properties":{"rainfall":470.0,"rainfallInches":4.7}},{"type":"Feature","geometry":{"type":"Point","coordinates":[-98.0,32.7]},"properties":{"rainfall":470.0,"rainfallInches":4.7}},{"type":"Feature","geometry":{"type":"Point","coordinates":[-97.991667,32.7]},"properties":{"rainfall":470.0,"rainfallInches":4.7}},{"type":"Feature","geometry":{"type":"Point","coordinates":[-97.983334,32.7]},"properties":{"rainfall":470.0,"rainfallInches":4.7}},{"type":"Feature","geometry":{"type":"Point","coordinates":[-97.975,32.7]},"properties":{"rainfall":470.0,"rainfallInches":4.7}},{"type":"Feature","geometry":{"type":"Point","coordinates":[-97.966667,32.7]},"properties":{"rainfall":470.0,"rainfallInches":4.7}},{"type":"Feature","geometry":{"type":"Point","coordinates":[-97.958334,32.7]},"properties":{"rainfall":470.0,"rainfallInches":4.7}},{"type":"Feature","geometry":{"type":"Point","coordinates":[-97.95,32.7]},"properties":{"rainfall":469.0,"rainfallInches":4.69}},{"type":"Feature","geometry":{"type":"Point","coordinates":[-97.941667,32.7]},"properties":{"rainfall":469.0,"rainfallInches":4.69}},{"type":"Feature","geometry":{"type":"Point","coordinates":[-97.933334,32.7]},"properties":{"rainfall":469.0,"rainfallInches":4.69}},{"type":"Feature","geometry":{"type":"Point","coordinates":[-97.925,32.7]},"properties":{"rainfall":469.0,"rainfallInches":4.69}},{"type":"Feature","geometry":{"type":"Point","coordinates":[-97.916667,32.7]},"properties":{"rainfall":469.0,"rainfallInches":4.69}},{"type":"Feature","geometry":{"type":"Point","coordinates":[-97.908334,32.7]},"properties":{"rainfall":468.0,"rainfallInches":4.68}},{"type":"Feature","geometry":{"type":"Point","coordinates":[-97.9,32.7]},"properties":{"rainfall":468.0,"rainfallInches":4.68}},{"type":"Feature","geometry":{"type":"Point","coordinates":[-97.891667,32.7]},"properties":{"rainfall":468.0,"rainfallInches":4.68}},{"type":"Feature","geometry":{"type":"Point","coordinates":[-97.883334,32.7]},"properties":{"rainfall":467.0,"rainfallInches":4.67}},{"type":"Feature","geometry":{"type":"Point","coordinates":[-97.875,32.7]},"properties":{"rainfall":467.0,"rainfallInches":4.67}},{"type":"Feature","geometry":{"type":"Point","coordinates":[-97.866667,32.7]},"properties":{"rainfall":467.0,"rainfallInches":4.67}},{"type":"Feature","geometry":{"type":"Point","coordinates":[-97.858334,32.7]},"properties":{"rainfall":466.0,"rainfallInches":4.66}},{"type":"Feature","geometry":{"type":"Point","coordinates":[-97.85,32.7]},"properties":{"rainfall":466.0,"rainfallInches":4.66}},{"type":"Feature","geometry":{"type":"Point","coordinates":[-97.841667,32.7]},"properties":{"rainfall":466.0,"rainfallInches":4.66}},{"type":"Feature","geometry":{"type":"Point","coordinates":[-97.833334,32.7]},"properties":{"rainfall":465.0,"rainfallInches":4.65}},{"type":"Feature","geometry":{"type":"Point","coordinates":[-97.825,32.7]},"properties":{"rainfall":465.0,"rainfallInches":4.65}},{"type":"Feature","geometry":{"type":"Point","coordinates":[-97.816667,32.7]},"properties":{"rainfall":465.0,"rainfallInches":4.65}},{"type":"Feature","geometry":{"type":"Point","coordinates":[-97.808334,32.7]},"properties":{"rainfall":464.0,"rainfallInches":4.64}},{"type":"Feature","geometry":{"type":"Point","coordinates":[-97.8,32.7]},"properties":{"rainfall":464.0,"rainfallInches":4.64}},{"type":"Feature","geometry":{"type":"Point","coordinates":[-97.791667,32.7]},"properties":{"rainfall":464.0,"rainfallInches":4.64}},{"type":"Feature","geometry":{"type":"Point","coordinates":[-97.783334,32.7]},"properties":{"rainfall":463.0,"rainfallInches":4.63}},{"type":"Feature","geometry":{"type":"Point","coordinates":[-97.775,32.7]},"properties":{"rainfall":463.0,"rainfallInches":4.63}},{"type":"Feature","geometry":{"type":"Point","coordinates":[-97.766667,32.7]},"properties":{"rainfall":463.0,"rainfallInches":4.63}},{"type":"Feature","geometry":{"type":"Point","coordinates":[-97.758334,32.7]},"properties":{"rainfall":462.0,"rainfallInches":4.62}},{"type":"Feature","geometry":{"type":"Point","coordinates":[-97.75,32.7]},"properties":{"rainfall":462.0,"rainfallInches":4.62}},{"type":"Feature","geometry":{"type":"Point","coordinates":[-97.741667,32.7]},"properties":{"rainfall":462.0,"rainfallInches":4.62}},{"type":"Feature","geometry":{"type":"Point","coordinates":[-97.733334,32.7]},"properties":{"rainfall":461.0,"rainfallInches":4.61}},{"type":"Feature","geometry":{"type":"Point","coordinates":[-97.725,32.7]},"properties":{"rainfall":461.0,"rainfallInches":4.61}},{"type":"Feature","geometry":{"type":"Point","coordinates":[-97.716667,32.7]},"properties":{"rainfall":460.0,"rainfallInches":4.6}},{"type":"Feature","geometry":{"type":"Point","coordinates":[-97.708334,32.7]},"properties":{"rainfall":460.0,"rainfallInches":4.6}},{"type":"Feature","geometry":{"type":"Point","coordinates":[-97.7,32.7]},"properties":{"rainfall":460.0,"rainfallInches":4.6}},{"type":"Feature","geometry":{"type":"Point","coordinates":[-97.691667,32.7]},"properties":{"rainfall":460.0,"rainfallInches":4.6}},{"type":"Feature","geometry":{"type":"Point","coordinates":[-97.683334,32.7]},"properties":{"rainfall":459.0,"rainfallInches":4.59}},{"type":"Feature","geometry":{"type":"Point","coordinates":[-97.675,32.7]},"properties":{"rainfall":459.0,"rainfallInches":4.59}},{"type":"Feature","geometry":{"type":"Point","coordinates":[-97.666667,32.7]},"properties":{"rainfall":459.0,"rainfallInches":4.59}},{"type":"Feature","geometry":{"type":"Point","coordinates":[-97.658334,32.7]},"properties":{"rainfall":459.0,"rainfallInches":4.59}},{"type":"Feature","geometry":{"type":"Point","coordinates":[-97.65,32.7]},"properties":{"rainfall":459.0,"rainfallInches":4.59}},{"type":"Feature","geometry":{"type":"Point","coordinates":[-97.641667,32.7]},"properties":{"rainfall":459.0,"rainfallInches":4.59}},{"type":"Feature","geometry":{"type":"Point","coordinates":[-97.633334,32.7]},"properties":{"rainfall":458.0,"rainfallInches":4.58}},{"type":"Feature","geometry":{"type":"Point","coordinates":[-97.625,32.7]},"properties":{"rainfall":458.0,"rainfallInches":4.58}},{"type":"Feature","geometry":{"type":"Point","coordinates":[-97.616667,32.7]},"properties":{"rainfall":458.0,"rainfallInches":4.58}},{"type":"Feature","geometry":{"type":"Point","coordinates":[-97.608334,32.7]},"properties":{"rainfall":458.0,"rainfallInches":4.58}},{"type":"Feature","geometry":{"type":"Point","coordinates":[-97.6,32.7]},"properties":{"rainfall":459.0,"rainfallInches":4.59}},{"type":"Feature","geometry":{"type":"Point","coordinates":[-97.591667,32.7]},"properties":{"rainfall":459.0,"rainfallInches":4.59}},{"type":"Feature","geometry":{"type":"Point","coordinates":[-97.583334,32.7]},"properties":{"rainfall":459.0,"rainfallInches":4.59}},{"type":"Feature","geometry":{"type":"Point","coordinates":[-97.575,32.7]},"properties":{"rainfall":459.0,"rainfallInches":4.59}},{"type":"Feature","geometry":{"type":"Point","coordinates":[-97.566667,32.7]},"properties":{"rainfall":460.0,"rainfallInches":4.6}},{"type":"Feature","geometry":{"type":"Point","coordinates":[-97.558334,32.7]},"properties":{"rainfall":460.0,"rainfallInches":4.6}},{"type":"Feature","geometry":{"type":"Point","coordinates":[-97.55,32.7]},"properties":{"rainfall":461.0,"rainfallInches":4.61}},{"type":"Feature","geometry":{"type":"Point","coordinates":[-98.058334,32.691666]},"properties":{"rainfall":469.0,"rainfallInches":4.69}},{"type":"Feature","geometry":{"type":"Point","coordinates":[-98.05,32.691666]},"properties":{"rainfall":469.0,"rainfallInches":4.69}},{"type":"Feature","geometry":{"type":"Point","coordinates":[-98.041667,32.691666]},"properties":{"rainfall":469.0,"rainfallInches":4.69}},{"type":"Feature","geometry":{"type":"Point","coordinates":[-98.033334,32.691666]},"properties":{"rainfall":469.0,"rainfallInches":4.69}},{"type":"Feature","geometry":{"type":"Point","coordinates":[-98.025,32.691666]},"properties":{"rainfall":470.0,"rainfallInches":4.7}},{"type":"Feature","geometry":{"type":"Point","coordinates":[-98.016667,32.691666]},"properties":{"rainfall":470.0,"rainfallInches":4.7}},{"type":"Feature","geometry":{"type":"Point","coordinates":[-98.008334,32.691666]},"properties":{"rainfall":470.0,"rainfallInches":4.7}},{"type":"Feature","geometry":{"type":"Point","coordinates":[-98.0,32.691666]},"properties":{"rainfall":470.0,"rainfallInches":4.7}},{"type":"Feature","geometry":{"type":"Point","coordinates":[-97.991667,32.691666]},"properties":{"rainfall":470.0,"rainfallInches":4.7}},{"type":"Feature","geometry":{"type":"Point","coordinates":[-97.983334,32.691666]},"properties":{"rainfall":470.0,"rainfallInches":4.7}},{"type":"Feature","geometry":{"type":"Point","coordinates":[-97.975,32.691666]},"properties":{"rainfall":470.0,"rainfallInches":4.7}},{"type":"Feature","geometry":{"type":"Point","coordinates":[-97.966667,32.691666]},"properties":{"rainfall":470.0,"rainfallInches":4.7}},{"type":"Feature","geometry":{"type":"Point","coordinates":[-97.958334,32.691666]},"properties":{"rainfall":470.0,"rainfallInches":4.7}},{"type":"Feature","geometry":{"type":"Point","coordinates":[-97.95,32.691666]},"properties":{"rainfall":469.0,"rainfallInches":4.69}},{"type":"Feature","geometry":{"type":"Point","coordinates":[-97.941667,32.691666]},"properties":{"rainfall":469.0,"rainfallInches":4.69}},{"type":"Feature","geometry":{"type":"Point","coordinates":[-97.933334,32.691666]},"properties":{"rainfall":469.0,"rainfallInches":4.69}},{"type":"Feature","geometry":{"type":"Point","coordinates":[-97.925,32.691666]},"properties":{"rainfall":469.0,"rainfallInches":4.69}},{"type":"Feature","geometry":{"type":"Point","coordinates":[-97.916667,32.691666]},"properties":{"rainfall":469.0,"rainfallInches":4.69}},{"type":"Feature","geometry":{"type":"Point","coordinates":[-97.908334,32.691666]},"properties":{"rainfall":468.0,"rainfallInches":4.68}},{"type":"Feature","geometry":{"type":"Point","coordinates":[-97.9,32.691666]},"properties":{"rainfall":468.0,"rainfallInches":4.68}},{"type":"Feature","geometry":{"type":"Point","coordinates":[-97.891667,32.691666]},"properties":{"rainfall":468.0,"rainfallInches":4.68}},{"type":"Feature","geometry":{"type":"Point","coordinates":[-97.883334,32.691666]},"properties":{"rainfall":467.0,"rainfallInches":4.67}},{"type":"Feature","geometry":{"type":"Point","coordinates":[-97.875,32.691666]},"properties":{"rainfall":467.0,"rainfallInches":4.67}},{"type":"Feature","geometry":{"type":"Point","coordinates":[-97.866667,32.691666]},"properties":{"rainfall":467.0,"rainfallInches":4.67}},{"type":"Feature","geometry":{"type":"Point","coordinates":[-97.858334,32.691666]},"properties":{"rainfall":466.0,"rainfallInches":4.66}},{"type":"Feature","geometry":{"type":"Point","coordinates":[-97.85,32.691666]},"properties":{"rainfall":466.0,"rainfallInches":4.66}},{"type":"Feature","geometry":{"type":"Point","coordinates":[-97.841667,32.691666]},"properties":{"rainfall":466.0,"rainfallInches":4.66}},{"type":"Feature","geometry":{"type":"Point","coordinates":[-97.833334,32.691666]},"properties":{"rainfall":465.0,"rainfallInches":4.65}},{"type":"Feature","geometry":{"type":"Point","coordinates":[-97.825,32.691666]},"properties":{"rainfall":465.0,"rainfallInches":4.65}},{"type":"Feature","geometry":{"type":"Point","coordinates":[-97.816667,32.691666]},"properties":{"rainfall":465.0,"rainfallInches":4.65}},{"type":"Feature","geometry":{"type":"Point","coordinates":[-97.808334,32.691666]},"properties":{"rainfall":464.0,"rainfallInches":4.64}},{"type":"Feature","geometry":{"type":"Point","coordinates":[-97.8,32.691666]},"properties":{"rainfall":464.0,"rainfallInches":4.64}},{"type":"Feature","geometry":{"type":"Point","coordinates":[-97.791667,32.691666]},"properties":{"rainfall":464.0,"rainfallInches":4.64}},{"type":"Feature","geometry":{"type":"Point","coordinates":[-97.783334,32.691666]},"properties":{"rainfall":463.0,"rainfallInches":4.63}},{"type":"Feature","geometry":{"type":"Point","coordinates":[-97.775,32.691666]},"properties":{"rainfall":463.0,"rainfallInches":4.63}},{"type":"Feature","geometry":{"type":"Point","coordinates":[-97.766667,32.691666]},"properties":{"rainfall":462.0,"rainfallInches":4.62}},{"type":"Feature","geometry":{"type":"Point","coordinates":[-97.758334,32.691666]},"properties":{"rainfall":462.0,"rainfallInches":4.62}},{"type":"Feature","geometry":{"type":"Point","coordinates":[-97.75,32.691666]},"properties":{"rainfall":462.0,"rainfallInches":4.62}},{"type":"Feature","geometry":{"type":"Point","coordinates":[-97.741667,32.691666]},"properties":{"rainfall":461.0,"rainfallInches":4.61}},{"type":"Feature","geometry":{"type":"Point","coordinates":[-97.733334,32.691666]},"properties":{"rainfall":461.0,"rainfallInches":4.61}},{"type":"Feature","geometry":{"type":"Point","coordinates":[-97.725,32.691666]},"properties":{"rainfall":461.0,"rainfallInches":4.61}},{"type":"Feature","geometry":{"type":"Point","coordinates":[-97.716667,32.691666]},"properties":{"rainfall":460.0,"rainfallInches":4.6}},{"type":"Feature","geometry":{"type":"Point","coordinates":[-97.708334,32.691666]},"properties":{"rainfall":460.0,"rainfallInches":4.6}},{"type":"Feature","geometry":{"type":"Point","coordinates":[-97.7,32.691666]},"properties":{"rainfall":460.0,"rainfallInches":4.6}},{"type":"Feature","geometry":{"type":"Point","coordinates":[-97.691667,32.691666]},"properties":{"rainfall":459.0,"rainfallInches":4.59}},{"type":"Feature","geometry":{"type":"Point","coordinates":[-97.683334,32.691666]},"properties":{"rainfall":459.0,"rainfallInches":4.59}},{"type":"Feature","geometry":{"type":"Point","coordinates":[-97.675,32.691666]},"properties":{"rainfall":459.0,"rainfallInches":4.59}},{"type":"Feature","geometry":{"type":"Point","coordinates":[-97.666667,32.691666]},"properties":{"rainfall":459.0,"rainfallInches":4.59}},{"type":"Feature","geometry":{"type":"Point","coordinates":[-97.658334,32.691666]},"properties":{"rainfall":458.0,"rainfallInches":4.58}},{"type":"Feature","geometry":{"type":"Point","coordinates":[-97.65,32.691666]},"properties":{"rainfall":458.0,"rainfallInches":4.58}},{"type":"Feature","geometry":{"type":"Point","coordinates":[-97.641667,32.691666]},"properties":{"rainfall":458.0,"rainfallInches":4.58}},{"type":"Feature","geometry":{"type":"Point","coordinates":[-97.633334,32.691666]},"properties":{"rainfall":458.0,"rainfallInches":4.58}},{"type":"Feature","geometry":{"type":"Point","coordinates":[-97.625,32.691666]},"properties":{"rainfall":458.0,"rainfallInches":4.58}},{"type":"Feature","geometry":{"type":"Point","coordinates":[-97.616667,32.691666]},"properties":{"rainfall":458.0,"rainfallInches":4.58}},{"type":"Feature","geometry":{"type":"Point","coordinates":[-97.608334,32.691666]},"properties":{"rainfall":458.0,"rainfallInches":4.58}},{"type":"Feature","geometry":{"type":"Point","coordinates":[-97.6,32.691666]},"properties":{"rainfall":458.0,"rainfallInches":4.58}},{"type":"Feature","geometry":{"type":"Point","coordinates":[-97.591667,32.691666]},"properties":{"rainfall":459.0,"rainfallInches":4.59}},{"type":"Feature","geometry":{"type":"Point","coordinates":[-97.583334,32.691666]},"properties":{"rainfall":459.0,"rainfallInches":4.59}},{"type":"Feature","geometry":{"type":"Point","coordinates":[-97.575,32.691666]},"properties":{"rainfall":459.0,"rainfallInches":4.59}},{"type":"Feature","geometry":{"type":"Point","coordinates":[-97.566667,32.691666]},"properties":{"rainfall":460.0,"rainfallInches":4.6}},{"type":"Feature","geometry":{"type":"Point","coordinates":[-97.558334,32.691666]},"properties":{"rainfall":460.0,"rainfallInches":4.6}},{"type":"Feature","geometry":{"type":"Point","coordinates":[-97.55,32.691666]},"properties":{"rainfall":460.0,"rainfallInches":4.6}},{"type":"Feature","geometry":{"type":"Point","coordinates":[-98.058334,32.683333]},"properties":{"rainfall":468.0,"rainfallInches":4.68}},{"type":"Feature","geometry":{"type":"Point","coordinates":[-98.05,32.683333]},"properties":{"rainfall":469.0,"rainfallInches":4.69}},{"type":"Feature","geometry":{"type":"Point","coordinates":[-98.041667,32.683333]},"properties":{"rainfall":469.0,"rainfallInches":4.69}},{"type":"Feature","geometry":{"type":"Point","coordinates":[-98.033334,32.683333]},"properties":{"rainfall":469.0,"rainfallInches":4.69}},{"type":"Feature","geometry":{"type":"Point","coordinates":[-98.025,32.683333]},"properties":{"rainfall":469.0,"rainfallInches":4.69}},{"type":"Feature","geometry":{"type":"Point","coordinates":[-98.016667,32.683333]},"properties":{"rainfall":469.0,"rainfallInches":4.69}},{"type":"Feature","geometry":{"type":"Point","coordinates":[-98.008334,32.683333]},"properties":{"rainfall":470.0,"rainfallInches":4.7}},{"type":"Feature","geometry":{"type":"Point","coordinates":[-98.0,32.683333]},"properties":{"rainfall":470.0,"rainfallInches":4.7}},{"type":"Feature","geometry":{"type":"Point","coordinates":[-97.991667,32.683333]},"properties":{"rainfall":470.0,"rainfallInches":4.7}},{"type":"Feature","geometry":{"type":"Point","coordinates":[-97.983334,32.683333]},"properties":{"rainfall":470.0,"rainfallInches":4.7}},{"type":"Feature","geometry":{"type":"Point","coordinates":[-97.975,32.683333]},"properties":{"rainfall":470.0,"rainfallInches":4.7}},{"type":"Feature","geometry":{"type":"Point","coordinates":[-97.966667,32.683333]},"properties":{"rainfall":470.0,"rainfallInches":4.7}},{"type":"Feature","geometry":{"type":"Point","coordinates":[-97.958334,32.683333]},"properties":{"rainfall":469.0,"rainfallInches":4.69}},{"type":"Feature","geometry":{"type":"Point","coordinates":[-97.95,32.683333]},"properties":{"rainfall":469.0,"rainfallInches":4.69}},{"type":"Feature","geometry":{"type":"Point","coordinates":[-97.941667,32.683333]},"properties":{"rainfall":469.0,"rainfallInches":4.69}},{"type":"Feature","geometry":{"type":"Point","coordinates":[-97.933334,32.683333]},"properties":{"rainfall":469.0,"rainfallInches":4.69}},{"type":"Feature","geometry":{"type":"Point","coordinates":[-97.925,32.683333]},"properties":{"rainfall":469.0,"rainfallInches":4.69}},{"type":"Feature","geometry":{"type":"Point","coordinates":[-97.916667,32.683333]},"properties":{"rainfall":469.0,"rainfallInches":4.69}},{"type":"Feature","geometry":{"type":"Point","coordinates":[-97.908334,32.683333]},"properties":{"rainfall":468.0,"rainfallInches":4.68}},{"type":"Feature","geometry":{"type":"Point","coordinates":[-97.9,32.683333]},"properties":{"rainfall":468.0,"rainfallInches":4.68}},{"type":"Feature","geometry":{"type":"Point","coordinates":[-97.891667,32.683333]},"properties":{"rainfall":468.0,"rainfallInches":4.68}},{"type":"Feature","geometry":{"type":"Point","coordinates":[-97.883334,32.683333]},"properties":{"rainfall":467.0,"rainfallInches":4.67}},{"type":"Feature","geometry":{"type":"Point","coordinates":[-97.875,32.683333]},"properties":{"rainfall":467.0,"rainfallInches":4.67}},{"type":"Feature","geometry":{"type":"Point","coordinates":[-97.866667,32.683333]},"properties":{"rainfall":467.0,"rainfallInches":4.67}},{"type":"Feature","geometry":{"type":"Point","coordinates":[-97.858334,32.683333]},"properties":{"rainfall":466.0,"rainfallInches":4.66}},{"type":"Feature","geometry":{"type":"Point","coordinates":[-97.85,32.683333]},"properties":{"rainfall":466.0,"rainfallInches":4.66}},{"type":"Feature","geometry":{"type":"Point","coordinates":[-97.841667,32.683333]},"properties":{"rainfall":466.0,"rainfallInches":4.66}},{"type":"Feature","geometry":{"type":"Point","coordinates":[-97.833334,32.683333]},"properties":{"rainfall":465.0,"rainfallInches":4.65}},{"type":"Feature","geometry":{"type":"Point","coordinates":[-97.825,32.683333]},"properties":{"rainfall":465.0,"rainfallInches":4.65}},{"type":"Feature","geometry":{"type":"Point","coordinates":[-97.816667,32.683333]},"properties":{"rainfall":465.0,"rainfallInches":4.65}},{"type":"Feature","geometry":{"type":"Point","coordinates":[-97.808334,32.683333]},"properties":{"rainfall":464.0,"rainfallInches":4.64}},{"type":"Feature","geometry":{"type":"Point","coordinates":[-97.8,32.683333]},"properties":{"rainfall":464.0,"rainfallInches":4.64}},{"type":"Feature","geometry":{"type":"Point","coordinates":[-97.791667,32.683333]},"properties":{"rainfall":463.0,"rainfallInches":4.63}},{"type":"Feature","geometry":{"type":"Point","coordinates":[-97.783334,32.683333]},"properties":{"rainfall":463.0,"rainfallInches":4.63}},{"type":"Feature","geometry":{"type":"Point","coordinates":[-97.775,32.683333]},"properties":{"rainfall":463.0,"rainfallInches":4.63}},{"type":"Feature","geometry":{"type":"Point","coordinates":[-97.766667,32.683333]},"properties":{"rainfall":462.0,"rainfallInches":4.62}},{"type":"Feature","geometry":{"type":"Point","coordinates":[-97.758334,32.683333]},"properties":{"rainfall":462.0,"rainfallInches":4.62}},{"type":"Feature","geometry":{"type":"Point","coordinates":[-97.75,32.683333]},"properties":{"rainfall":461.0,"rainfallInches":4.61}},{"type":"Feature","geometry":{"type":"Point","coordinates":[-97.741667,32.683333]},"properties":{"rainfall":461.0,"rainfallInches":4.61}},{"type":"Feature","geometry":{"type":"Point","coordinates":[-97.733334,32.683333]},"properties":{"rainfall":461.0,"rainfallInches":4.61}},{"type":"Feature","geometry":{"type":"Point","coordinates":[-97.725,32.683333]},"properties":{"rainfall":460.0,"rainfallInches":4.6}},{"type":"Feature","geometry":{"type":"Point","coordinates":[-97.716667,32.683333]},"properties":{"rainfall":460.0,"rainfallInches":4.6}},{"type":"Feature","geometry":{"type":"Point","coordinates":[-97.708334,32.683333]},"properties":{"rainfall":460.0,"rainfallInches":4.6}},{"type":"Feature","geometry":{"type":"Point","coordinates":[-97.7,32.683333]},"properties":{"rainfall":459.0,"rainfallInches":4.59}},{"type":"Feature","geometry":{"type":"Point","coordinates":[-97.691667,32.683333]},"properties":{"rainfall":459.0,"rainfallInches":4.59}},{"type":"Feature","geometry":{"type":"Point","coordinates":[-97.683334,32.683333]},"properties":{"rainfall":459.0,"rainfallInches":4.59}},{"type":"Feature","geometry":{"type":"Point","coordinates":[-97.675,32.683333]},"properties":{"rainfall":459.0,"rainfallInches":4.59}},{"type":"Feature","geometry":{"type":"Point","coordinates":[-97.666667,32.683333]},"properties":{"rainfall":458.0,"rainfallInches":4.58}},{"type":"Feature","geometry":{"type":"Point","coordinates":[-97.658334,32.683333]},"properties":{"rainfall":458.0,"rainfallInches":4.58}},{"type":"Feature","geometry":{"type":"Point","coordinates":[-97.65,32.683333]},"properties":{"rainfall":458.0,"rainfallInches":4.58}},{"type":"Feature","geometry":{"type":"Point","coordinates":[-97.641667,32.683333]},"properties":{"rainfall":458.0,"rainfallInches":4.58}},{"type":"Feature","geometry":{"type":"Point","coordinates":[-97.633334,32.683333]},"properties":{"rainfall":458.0,"rainfallInches":4.58}},{"type":"Feature","geometry":{"type":"Point","coordinates":[-97.625,32.683333]},"properties":{"rainfall":458.0,"rainfallInches":4.58}},{"type":"Feature","geometry":{"type":"Point","coordinates":[-97.616667,32.683333]},"properties":{"rainfall":458.0,"rainfallInches":4.58}},{"type":"Feature","geometry":{"type":"Point","coordinates":[-97.608334,32.683333]},"properties":{"rainfall":458.0,"rainfallInches":4.58}},{"type":"Feature","geometry":{"type":"Point","coordinates":[-97.6,32.683333]},"properties":{"rainfall":458.0,"rainfallInches":4.58}},{"type":"Feature","geometry":{"type":"Point","coordinates":[-97.591667,32.683333]},"properties":{"rainfall":459.0,"rainfallInches":4.59}},{"type":"Feature","geometry":{"type":"Point","coordinates":[-97.583334,32.683333]},"properties":{"rainfall":459.0,"rainfallInches":4.59}},{"type":"Feature","geometry":{"type":"Point","coordinates":[-97.575,32.683333]},"properties":{"rainfall":459.0,"rainfallInches":4.59}},{"type":"Feature","geometry":{"type":"Point","coordinates":[-97.566667,32.683333]},"properties":{"rainfall":460.0,"rainfallInches":4.6}},{"type":"Feature","geometry":{"type":"Point","coordinates":[-97.558334,32.683333]},"properties":{"rainfall":460.0,"rainfallInches":4.6}},{"type":"Feature","geometry":{"type":"Point","coordinates":[-97.55,32.683333]},"properties":{"rainfall":460.0,"rainfallInches":4.6}},{"type":"Feature","geometry":{"type":"Point","coordinates":[-98.058334,32.675]},"properties":{"rainfall":468.0,"rainfallInches":4.68}},{"type":"Feature","geometry":{"type":"Point","coordinates":[-98.05,32.675]},"properties":{"rainfall":468.0,"rainfallInches":4.68}},{"type":"Feature","geometry":{"type":"Point","coordinates":[-98.041667,32.675]},"properties":{"rainfall":469.0,"rainfallInches":4.69}},{"type":"Feature","geometry":{"type":"Point","coordinates":[-98.033334,32.675]},"properties":{"rainfall":469.0,"rainfallInches":4.69}},{"type":"Feature","geometry":{"type":"Point","coordinates":[-98.025,32.675]},"properties":{"rainfall":469.0,"rainfallInches":4.69}},{"type":"Feature","geometry":{"type":"Point","coordinates":[-98.016667,32.675]},"properties":{"rainfall":469.0,"rainfallInches":4.69}},{"type":"Feature","geometry":{"type":"Point","coordinates":[-98.008334,32.675]},"properties":{"rainfall":469.0,"rainfallInches":4.69}},{"type":"Feature","geometry":{"type":"Point","coordinates":[-98.0,32.675]},"properties":{"rainfall":469.0,"rainfallInches":4.69}},{"type":"Feature","geometry":{"type":"Point","coordinates":[-97.991667,32.675]},"properties":{"rainfall":469.0,"rainfallInches":4.69}},{"type":"Feature","geometry":{"type":"Point","coordinates":[-97.983334,32.675]},"properties":{"rainfall":470.0,"rainfallInches":4.7}},{"type":"Feature","geometry":{"type":"Point","coordinates":[-97.975,32.675]},"properties":{"rainfall":470.0,"rainfallInches":4.7}},{"type":"Feature","geometry":{"type":"Point","coordinates":[-97.966667,32.675]},"properties":{"rainfall":470.0,"rainfallInches":4.7}},{"type":"Feature","geometry":{"type":"Point","coordinates":[-97.958334,32.675]},"properties":{"rainfall":469.0,"rainfallInches":4.69}},{"type":"Feature","geometry":{"type":"Point","coordinates":[-97.95,32.675]},"properties":{"rainfall":469.0,"rainfallInches":4.69}},{"type":"Feature","geometry":{"type":"Point","coordinates":[-97.941667,32.675]},"properties":{"rainfall":469.0,"rainfallInches":4.69}},{"type":"Feature","geometry":{"type":"Point","coordinates":[-97.933334,32.675]},"properties":{"rainfall":469.0,"rainfallInches":4.69}},{"type":"Feature","geometry":{"type":"Point","coordinates":[-97.925,32.675]},"properties":{"rainfall":469.0,"rainfallInches":4.69}},{"type":"Feature","geometry":{"type":"Point","coordinates":[-97.916667,32.675]},"properties":{"rainfall":469.0,"rainfallInches":4.69}},{"type":"Feature","geometry":{"type":"Point","coordinates":[-97.908334,32.675]},"properties":{"rainfall":468.0,"rainfallInches":4.68}},{"type":"Feature","geometry":{"type":"Point","coordinates":[-97.9,32.675]},"properties":{"rainfall":468.0,"rainfallInches":4.68}},{"type":"Feature","geometry":{"type":"Point","coordinates":[-97.891667,32.675]},"properties":{"rainfall":468.0,"rainfallInches":4.68}},{"type":"Feature","geometry":{"type":"Point","coordinates":[-97.883334,32.675]},"properties":{"rainfall":467.0,"rainfallInches":4.67}},{"type":"Feature","geometry":{"type":"Point","coordinates":[-97.875,32.675]},"properties":{"rainfall":467.0,"rainfallInches":4.67}},{"type":"Feature","geometry":{"type":"Point","coordinates":[-97.866667,32.675]},"properties":{"rainfall":467.0,"rainfallInches":4.67}},{"type":"Feature","geometry":{"type":"Point","coordinates":[-97.858334,32.675]},"properties":{"rainfall":466.0,"rainfallInches":4.66}},{"type":"Feature","geometry":{"type":"Point","coordinates":[-97.85,32.675]},"properties":{"rainfall":466.0,"rainfallInches":4.66}},{"type":"Feature","geometry":{"type":"Point","coordinates":[-97.841667,32.675]},"properties":{"rainfall":466.0,"rainfallInches":4.66}},{"type":"Feature","geometry":{"type":"Point","coordinates":[-97.833334,32.675]},"properties":{"rainfall":465.0,"rainfallInches":4.65}},{"type":"Feature","geometry":{"type":"Point","coordinates":[-97.825,32.675]},"properties":{"rainfall":465.0,"rainfallInches":4.65}},{"type":"Feature","geometry":{"type":"Point","coordinates":[-97.816667,32.675]},"properties":{"rainfall":464.0,"rainfallInches":4.64}},{"type":"Feature","geometry":{"type":"Point","coordinates":[-97.808334,32.675]},"properties":{"rainfall":464.0,"rainfallInches":4.64}},{"type":"Feature","geometry":{"type":"Point","coordinates":[-97.8,32.675]},"properties":{"rainfall":464.0,"rainfallInches":4.64}},{"type":"Feature","geometry":{"type":"Point","coordinates":[-97.791667,32.675]},"properties":{"rainfall":463.0,"rainfallInches":4.63}},{"type":"Feature","geometry":{"type":"Point","coordinates":[-97.783334,32.675]},"properties":{"rainfall":463.0,"rainfallInches":4.63}},{"type":"Feature","geometry":{"type":"Point","coordinates":[-97.775,32.675]},"properties":{"rainfall":463.0,"rainfallInches":4.63}},{"type":"Feature","geometry":{"type":"Point","coordinates":[-97.766667,32.675]},"properties":{"rainfall":462.0,"rainfallInches":4.62}},{"type":"Feature","geometry":{"type":"Point","coordinates":[-97.758334,32.675]},"properties":{"rainfall":462.0,"rainfallInches":4.62}},{"type":"Feature","geometry":{"type":"Point","coordinates":[-97.75,32.675]},"properties":{"rainfall":461.0,"rainfallInches":4.61}},{"type":"Feature","geometry":{"type":"Point","coordinates":[-97.741667,32.675]},"properties":{"rainfall":461.0,"rainfallInches":4.61}},{"type":"Feature","geometry":{"type":"Point","coordinates":[-97.733334,32.675]},"properties":{"rainfall":461.0,"rainfallInches":4.61}},{"type":"Feature","geometry":{"type":"Point","coordinates":[-97.725,32.675]},"properties":{"rainfall":460.0,"rainfallInches":4.6}},{"type":"Feature","geometry":{"type":"Point","coordinates":[-97.716667,32.675]},"properties":{"rainfall":460.0,"rainfallInches":4.6}},{"type":"Feature","geometry":{"type":"Point","coordinates":[-97.708334,32.675]},"properties":{"rainfall":459.0,"rainfallInches":4.59}},{"type":"Feature","geometry":{"type":"Point","coordinates":[-97.7,32.675]},"properties":{"rainfall":459.0,"rainfallInches":4.59}},{"type":"Feature","geometry":{"type":"Point","coordinates":[-97.691667,32.675]},"properties":{"rainfall":459.0,"rainfallInches":4.59}},{"type":"Feature","geometry":{"type":"Point","coordinates":[-97.683334,32.675]},"properties":{"rainfall":459.0,"rainfallInches":4.59}},{"type":"Feature","geometry":{"type":"Point","coordinates":[-97.675,32.675]},"properties":{"rainfall":458.0,"rainfallInches":4.58}},{"type":"Feature","geometry":{"type":"Point","coordinates":[-97.666667,32.675]},"properties":{"rainfall":458.0,"rainfallInches":4.58}},{"type":"Feature","geometry":{"type":"Point","coordinates":[-97.658334,32.675]},"properties":{"rainfall":458.0,"rainfallInches":4.58}},{"type":"Feature","geometry":{"type":"Point","coordinates":[-97.65,32.675]},"properties":{"rainfall":458.0,"rainfallInches":4.58}},{"type":"Feature","geometry":{"type":"Point","coordinates":[-97.641667,32.675]},"properties":{"rainfall":458.0,"rainfallInches":4.58}},{"type":"Feature","geometry":{"type":"Point","coordinates":[-97.633334,32.675]},"properties":{"rainfall":458.0,"rainfallInches":4.58}},{"type":"Feature","geometry":{"type":"Point","coordinates":[-97.625,32.675]},"properties":{"rainfall":458.0,"rainfallInches":4.58}},{"type":"Feature","geometry":{"type":"Point","coordinates":[-97.616667,32.675]},"properties":{"rainfall":458.0,"rainfallInches":4.58}},{"type":"Feature","geometry":{"type":"Point","coordinates":[-97.608334,32.675]},"properties":{"rainfall":458.0,"rainfallInches":4.58}},{"type":"Feature","geometry":{"type":"Point","coordinates":[-97.6,32.675]},"properties":{"rainfall":458.0,"rainfallInches":4.58}},{"type":"Feature","geometry":{"type":"Point","coordinates":[-97.591667,32.675]},"properties":{"rainfall":459.0,"rainfallInches":4.59}},{"type":"Feature","geometry":{"type":"Point","coordinates":[-97.583334,32.675]},"properties":{"rainfall":459.0,"rainfallInches":4.59}},{"type":"Feature","geometry":{"type":"Point","coordinates":[-97.575,32.675]},"properties":{"rainfall":459.0,"rainfallInches":4.59}},{"type":"Feature","geometry":{"type":"Point","coordinates":[-97.566667,32.675]},"properties":{"rainfall":460.0,"rainfallInches":4.6}},{"type":"Feature","geometry":{"type":"Point","coordinates":[-97.558334,32.675]},"properties":{"rainfall":460.0,"rainfallInches":4.6}},{"type":"Feature","geometry":{"type":"Point","coordinates":[-97.55,32.675]},"properties":{"rainfall":460.0,"rainfallInches":4.6}},{"type":"Feature","geometry":{"type":"Point","coordinates":[-98.058334,32.666666]},"properties":{"rainfall":468.0,"rainfallInches":4.68}},{"type":"Feature","geometry":{"type":"Point","coordinates":[-98.05,32.666666]},"properties":{"rainfall":468.0,"rainfallInches":4.68}},{"type":"Feature","geometry":{"type":"Point","coordinates":[-98.041667,32.666666]},"properties":{"rainfall":468.0,"rainfallInches":4.68}},{"type":"Feature","geometry":{"type":"Point","coordinates":[-98.033334,32.666666]},"properties":{"rainfall":469.0,"rainfallInches":4.69}},{"type":"Feature","geometry":{"type":"Point","coordinates":[-98.025,32.666666]},"properties":{"rainfall":469.0,"rainfallInches":4.69}},{"type":"Feature","geometry":{"type":"Point","coordinates":[-98.016667,32.666666]},"properties":{"rainfall":469.0,"rainfallInches":4.69}},{"type":"Feature","geometry":{"type":"Point","coordinates":[-98.008334,32.666666]},"properties":{"rainfall":469.0,"rainfallInches":4.69}},{"type":"Feature","geometry":{"type":"Point","coordinates":[-98.0,32.666666]},"properties":{"rainfall":469.0,"rainfallInches":4.69}},{"type":"Feature","geometry":{"type":"Point","coordinates":[-97.991667,32.666666]},"properties":{"rainfall":469.0,"rainfallInches":4.69}},{"type":"Feature","geometry":{"type":"Point","coordinates":[-97.983334,32.666666]},"properties":{"rainfall":469.0,"rainfallInches":4.69}},{"type":"Feature","geometry":{"type":"Point","coordinates":[-97.975,32.666666]},"properties":{"rainfall":469.0,"rainfallInches":4.69}},{"type":"Feature","geometry":{"type":"Point","coordinates":[-97.966667,32.666666]},"properties":{"rainfall":469.0,"rainfallInches":4.69}},{"type":"Feature","geometry":{"type":"Point","coordinates":[-97.958334,32.666666]},"properties":{"rainfall":469.0,"rainfallInches":4.69}},{"type":"Feature","geometry":{"type":"Point","coordinates":[-97.95,32.666666]},"properties":{"rainfall":469.0,"rainfallInches":4.69}},{"type":"Feature","geometry":{"type":"Point","coordinates":[-97.941667,32.666666]},"properties":{"rainfall":469.0,"rainfallInches":4.69}},{"type":"Feature","geometry":{"type":"Point","coordinates":[-97.933334,32.666666]},"properties":{"rainfall":469.0,"rainfallInches":4.69}},{"type":"Feature","geometry":{"type":"Point","coordinates":[-97.925,32.666666]},"properties":{"rainfall":469.0,"rainfallInches":4.69}},{"type":"Feature","geometry":{"type":"Point","coordinates":[-97.916667,32.666666]},"properties":{"rainfall":468.0,"rainfallInches":4.68}},{"type":"Feature","geometry":{"type":"Point","coordinates":[-97.908334,32.666666]},"properties":{"rainfall":468.0,"rainfallInches":4.68}},{"type":"Feature","geometry":{"type":"Point","coordinates":[-97.9,32.666666]},"properties":{"rainfall":468.0,"rainfallInches":4.68}},{"type":"Feature","geometry":{"type":"Point","coordinates":[-97.891667,32.666666]},"properties":{"rainfall":468.0,"rainfallInches":4.68}},{"type":"Feature","geometry":{"type":"Point","coordinates":[-97.883334,32.666666]},"properties":{"rainfall":467.0,"rainfallInches":4.67}},{"type":"Feature","geometry":{"type":"Point","coordinates":[-97.875,32.666666]},"properties":{"rainfall":467.0,"rainfallInches":4.67}},{"type":"Feature","geometry":{"type":"Point","coordinates":[-97.866667,32.666666]},"properties":{"rainfall":467.0,"rainfallInches":4.67}},{"type":"Feature","geometry":{"type":"Point","coordinates":[-97.858334,32.666666]},"properties":{"rainfall":466.0,"rainfallInches":4.66}},{"type":"Feature","geometry":{"type":"Point","coordinates":[-97.85,32.666666]},"properties":{"rainfall":466.0,"rainfallInches":4.66}},{"type":"Feature","geometry":{"type":"Point","coordinates":[-97.841667,32.666666]},"properties":{"rainfall":466.0,"rainfallInches":4.66}},{"type":"Feature","geometry":{"type":"Point","coordinates":[-97.833334,32.666666]},"properties":{"rainfall":465.0,"rainfallInches":4.65}},{"type":"Feature","geometry":{"type":"Point","coordinates":[-97.825,32.666666]},"properties":{"rainfall":465.0,"rainfallInches":4.65}},{"type":"Feature","geometry":{"type":"Point","coordinates":[-97.816667,32.666666]},"properties":{"rainfall":464.0,"rainfallInches":4.64}},{"type":"Feature","geometry":{"type":"Point","coordinates":[-97.808334,32.666666]},"properties":{"rainfall":464.0,"rainfallInches":4.64}},{"type":"Feature","geometry":{"type":"Point","coordinates":[-97.8,32.666666]},"properties":{"rainfall":464.0,"rainfallInches":4.64}},{"type":"Feature","geometry":{"type":"Point","coordinates":[-97.791667,32.666666]},"properties":{"rainfall":463.0,"rainfallInches":4.63}},{"type":"Feature","geometry":{"type":"Point","coordinates":[-97.783334,32.666666]},"properties":{"rainfall":463.0,"rainfallInches":4.63}},{"type":"Feature","geometry":{"type":"Point","coordinates":[-97.775,32.666666]},"properties":{"rainfall":462.0,"rainfallInches":4.62}},{"type":"Feature","geometry":{"type":"Point","coordinates":[-97.766667,32.666666]},"properties":{"rainfall":462.0,"rainfallInches":4.62}},{"type":"Feature","geometry":{"type":"Point","coordinates":[-97.758334,32.666666]},"properties":{"rainfall":462.0,"rainfallInches":4.62}},{"type":"Feature","geometry":{"type":"Point","coordinates":[-97.75,32.666666]},"properties":{"rainfall":461.0,"rainfallInches":4.61}},{"type":"Feature","geometry":{"type":"Point","coordinates":[-97.741667,32.666666]},"properties":{"rainfall":461.0,"rainfallInches":4.61}},{"type":"Feature","geometry":{"type":"Point","coordinates":[-97.733334,32.666666]},"properties":{"rainfall":460.0,"rainfallInches":4.6}},{"type":"Feature","geometry":{"type":"Point","coordinates":[-97.725,32.666666]},"properties":{"rainfall":460.0,"rainfallInches":4.6}},{"type":"Feature","geometry":{"type":"Point","coordinates":[-97.716667,32.666666]},"properties":{"rainfall":460.0,"rainfallInches":4.6}},{"type":"Feature","geometry":{"type":"Point","coordinates":[-97.708334,32.666666]},"properties":{"rainfall":459.0,"rainfallInches":4.59}},{"type":"Feature","geometry":{"type":"Point","coordinates":[-97.7,32.666666]},"properties":{"rainfall":459.0,"rainfallInches":4.59}},{"type":"Feature","geometry":{"type":"Point","coordinates":[-97.691667,32.666666]},"properties":{"rainfall":459.0,"rainfallInches":4.59}},{"type":"Feature","geometry":{"type":"Point","coordinates":[-97.683334,32.666666]},"properties":{"rainfall":458.0,"rainfallInches":4.58}},{"type":"Feature","geometry":{"type":"Point","coordinates":[-97.675,32.666666]},"properties":{"rainfall":458.0,"rainfallInches":4.58}},{"type":"Feature","geometry":{"type":"Point","coordinates":[-97.666667,32.666666]},"properties":{"rainfall":458.0,"rainfallInches":4.58}},{"type":"Feature","geometry":{"type":"Point","coordinates":[-97.658334,32.666666]},"properties":{"rainfall":458.0,"rainfallInches":4.58}},{"type":"Feature","geometry":{"type":"Point","coordinates":[-97.65,32.666666]},"properties":{"rainfall":458.0,"rainfallInches":4.58}},{"type":"Feature","geometry":{"type":"Point","coordinates":[-97.641667,32.666666]},"properties":{"rainfall":458.0,"rainfallInches":4.58}},{"type":"Feature","geometry":{"type":"Point","coordinates":[-97.633334,32.666666]},"properties":{"rainfall":458.0,"rainfallInches":4.58}},{"type":"Feature","geometry":{"type":"Point","coordinates":[-97.625,32.666666]},"properties":{"rainfall":458.0,"rainfallInches":4.58}},{"type":"Feature","geometry":{"type":"Point","coordinates":[-97.616667,32.666666]},"properties":{"rainfall":458.0,"rainfallInches":4.58}},{"type":"Feature","geometry":{"type":"Point","coordinates":[-97.608334,32.666666]},"properties":{"rainfall":458.0,"rainfallInches":4.58}},{"type":"Feature","geometry":{"type":"Point","coordinates":[-97.6,32.666666]},"properties":{"rainfall":458.0,"rainfallInches":4.58}},{"type":"Feature","geometry":{"type":"Point","coordinates":[-97.591667,32.666666]},"properties":{"rainfall":459.0,"rainfallInches":4.59}},{"type":"Feature","geometry":{"type":"Point","coordinates":[-97.583334,32.666666]},"properties":{"rainfall":459.0,"rainfallInches":4.59}},{"type":"Feature","geometry":{"type":"Point","coordinates":[-97.575,32.666666]},"properties":{"rainfall":459.0,"rainfallInches":4.59}},{"type":"Feature","geometry":{"type":"Point","coordinates":[-97.566667,32.666666]},"properties":{"rainfall":460.0,"rainfallInches":4.6}},{"type":"Feature","geometry":{"type":"Point","coordinates":[-97.558334,32.666666]},"properties":{"rainfall":460.0,"rainfallInches":4.6}},{"type":"Feature","geometry":{"type":"Point","coordinates":[-97.55,32.666666]},"properties":{"rainfall":460.0,"rainfallInches":4.6}},{"type":"Feature","geometry":{"type":"Point","coordinates":[-98.058334,32.658333]},"properties":{"rainfall":468.0,"rainfallInches":4.68}},{"type":"Feature","geometry":{"type":"Point","coordinates":[-98.05,32.658333]},"properties":{"rainfall":468.0,"rainfallInches":4.68}},{"type":"Feature","geometry":{"type":"Point","coordinates":[-98.041667,32.658333]},"properties":{"rainfall":468.0,"rainfallInches":4.68}},{"type":"Feature","geometry":{"type":"Point","coordinates":[-98.033334,32.658333]},"properties":{"rainfall":468.0,"rainfallInches":4.68}},{"type":"Feature","geometry":{"type":"Point","coordinates":[-98.025,32.658333]},"properties":{"rainfall":468.0,"rainfallInches":4.68}},{"type":"Feature","geometry":{"type":"Point","coordinates":[-98.016667,32.658333]},"properties":{"rainfall":469.0,"rainfallInches":4.69}},{"type":"Feature","geometry":{"type":"Point","coordinates":[-98.008334,32.658333]},"properties":{"rainfall":469.0,"rainfallInches":4.69}},{"type":"Feature","geometry":{"type":"Point","coordinates":[-98.0,32.658333]},"properties":{"rainfall":469.0,"rainfallInches":4.69}},{"type":"Feature","geometry":{"type":"Point","coordinates":[-97.991667,32.658333]},"properties":{"rainfall":469.0,"rainfallInches":4.69}},{"type":"Feature","geometry":{"type":"Point","coordinates":[-97.983334,32.658333]},"properties":{"rainfall":469.0,"rainfallInches":4.69}},{"type":"Feature","geometry":{"type":"Point","coordinates":[-97.975,32.658333]},"properties":{"rainfall":469.0,"rainfallInches":4.69}},{"type":"Feature","geometry":{"type":"Point","coordinates":[-97.966667,32.658333]},"properties":{"rainfall":469.0,"rainfallInches":4.69}},{"type":"Feature","geometry":{"type":"Point","coordinates":[-97.958334,32.658333]},"properties":{"rainfall":469.0,"rainfallInches":4.69}},{"type":"Feature","geometry":{"type":"Point","coordinates":[-97.95,32.658333]},"properties":{"rainfall":469.0,"rainfallInches":4.69}},{"type":"Feature","geometry":{"type":"Point","coordinates":[-97.941667,32.658333]},"properties":{"rainfall":469.0,"rainfallInches":4.69}},{"type":"Feature","geometry":{"type":"Point","coordinates":[-97.933334,32.658333]},"properties":{"rainfall":469.0,"rainfallInches":4.69}},{"type":"Feature","geometry":{"type":"Point","coordinates":[-97.925,32.658333]},"properties":{"rainfall":469.0,"rainfallInches":4.69}},{"type":"Feature","geometry":{"type":"Point","coordinates":[-97.916667,32.658333]},"properties":{"rainfall":468.0,"rainfallInches":4.68}},{"type":"Feature","geometry":{"type":"Point","coordinates":[-97.908334,32.658333]},"properties":{"rainfall":468.0,"rainfallInches":4.68}},{"type":"Feature","geometry":{"type":"Point","coordinates":[-97.9,32.658333]},"properties":{"rainfall":468.0,"rainfallInches":4.68}},{"type":"Feature","geometry":{"type":"Point","coordinates":[-97.891667,32.658333]},"properties":{"rainfall":468.0,"rainfallInches":4.68}},{"type":"Feature","geometry":{"type":"Point","coordinates":[-97.883334,32.658333]},"properties":{"rainfall":467.0,"rainfallInches":4.67}},{"type":"Feature","geometry":{"type":"Point","coordinates":[-97.875,32.658333]},"properties":{"rainfall":467.0,"rainfallInches":4.67}},{"type":"Feature","geometry":{"type":"Point","coordinates":[-97.866667,32.658333]},"properties":{"rainfall":467.0,"rainfallInches":4.67}},{"type":"Feature","geometry":{"type":"Point","coordinates":[-97.858334,32.658333]},"properties":{"rainfall":466.0,"rainfallInches":4.66}},{"type":"Feature","geometry":{"type":"Point","coordinates":[-97.85,32.658333]},"properties":{"rainfall":466.0,"rainfallInches":4.66}},{"type":"Feature","geometry":{"type":"Point","coordinates":[-97.841667,32.658333]},"properties":{"rainfall":465.0,"rainfallInches":4.65}},{"type":"Feature","geometry":{"type":"Point","coordinates":[-97.833334,32.658333]},"properties":{"rainfall":465.0,"rainfallInches":4.65}},{"type":"Feature","geometry":{"type":"Point","coordinates":[-97.825,32.658333]},"properties":{"rainfall":465.0,"rainfallInches":4.65}},{"type":"Feature","geometry":{"type":"Point","coordinates":[-97.816667,32.658333]},"properties":{"rainfall":464.0,"rainfallInches":4.64}},{"type":"Feature","geometry":{"type":"Point","coordinates":[-97.808334,32.658333]},"properties":{"rainfall":464.0,"rainfallInches":4.64}},{"type":"Feature","geometry":{"type":"Point","coordinates":[-97.8,32.658333]},"properties":{"rainfall":464.0,"rainfallInches":4.64}},{"type":"Feature","geometry":{"type":"Point","coordinates":[-97.791667,32.658333]},"properties":{"rainfall":463.0,"rainfallInches":4.63}},{"type":"Feature","geometry":{"type":"Point","coordinates":[-97.783334,32.658333]},"properties":{"rainfall":463.0,"rainfallInches":4.63}},{"type":"Feature","geometry":{"type":"Point","coordinates":[-97.775,32.658333]},"properties":{"rainfall":462.0,"rainfallInches":4.62}},{"type":"Feature","geometry":{"type":"Point","coordinates":[-97.766667,32.658333]},"properties":{"rainfall":462.0,"rainfallInches":4.62}},{"type":"Feature","geometry":{"type":"Point","coordinates":[-97.758334,32.658333]},"properties":{"rainfall":462.0,"rainfallInches":4.62}},{"type":"Feature","geometry":{"type":"Point","coordinates":[-97.75,32.658333]},"properties":{"rainfall":461.0,"rainfallInches":4.61}},{"type":"Feature","geometry":{"type":"Point","coordinates":[-97.741667,32.658333]},"properties":{"rainfall":461.0,"rainfallInches":4.61}},{"type":"Feature","geometry":{"type":"Point","coordinates":[-97.733334,32.658333]},"properties":{"rainfall":460.0,"rainfallInches":4.6}},{"type":"Feature","geometry":{"type":"Point","coordinates":[-97.725,32.658333]},"properties":{"rainfall":460.0,"rainfallInches":4.6}},{"type":"Feature","geometry":{"type":"Point","coordinates":[-97.716667,32.658333]},"properties":{"rainfall":460.0,"rainfallInches":4.6}},{"type":"Feature","geometry":{"type":"Point","coordinates":[-97.708334,32.658333]},"properties":{"rainfall":459.0,"rainfallInches":4.59}},{"type":"Feature","geometry":{"type":"Point","coordinates":[-97.7,32.658333]},"properties":{"rainfall":459.0,"rainfallInches":4.59}},{"type":"Feature","geometry":{"type":"Point","coordinates":[-97.691667,32.658333]},"properties":{"rainfall":459.0,"rainfallInches":4.59}},{"type":"Feature","geometry":{"type":"Point","coordinates":[-97.683334,32.658333]},"properties":{"rainfall":459.0,"rainfallInches":4.59}},{"type":"Feature","geometry":{"type":"Point","coordinates":[-97.675,32.658333]},"properties":{"rainfall":459.0,"rainfallInches":4.59}},{"type":"Feature","geometry":{"type":"Point","coordinates":[-97.666667,32.658333]},"properties":{"rainfall":458.0,"rainfallInches":4.58}},{"type":"Feature","geometry":{"type":"Point","coordinates":[-97.658334,32.658333]},"properties":{"rainfall":458.0,"rainfallInches":4.58}},{"type":"Feature","geometry":{"type":"Point","coordinates":[-97.65,32.658333]},"properties":{"rainfall":458.0,"rainfallInches":4.58}},{"type":"Feature","geometry":{"type":"Point","coordinates":[-97.641667,32.658333]},"properties":{"rainfall":458.0,"rainfallInches":4.58}},{"type":"Feature","geometry":{"type":"Point","coordinates":[-97.633334,32.658333]},"properties":{"rainfall":458.0,"rainfallInches":4.58}},{"type":"Feature","geometry":{"type":"Point","coordinates":[-97.625,32.658333]},"properties":{"rainfall":458.0,"rainfallInches":4.58}},{"type":"Feature","geometry":{"type":"Point","coordinates":[-97.616667,32.658333]},"properties":{"rainfall":458.0,"rainfallInches":4.58}},{"type":"Feature","geometry":{"type":"Point","coordinates":[-97.608334,32.658333]},"properties":{"rainfall":458.0,"rainfallInches":4.58}},{"type":"Feature","geometry":{"type":"Point","coordinates":[-97.6,32.658333]},"properties":{"rainfall":459.0,"rainfallInches":4.59}},{"type":"Feature","geometry":{"type":"Point","coordinates":[-97.591667,32.658333]},"properties":{"rainfall":459.0,"rainfallInches":4.59}},{"type":"Feature","geometry":{"type":"Point","coordinates":[-97.583334,32.658333]},"properties":{"rainfall":459.0,"rainfallInches":4.59}},{"type":"Feature","geometry":{"type":"Point","coordinates":[-97.575,32.658333]},"properties":{"rainfall":460.0,"rainfallInches":4.6}},{"type":"Feature","geometry":{"type":"Point","coordinates":[-97.566667,32.658333]},"properties":{"rainfall":460.0,"rainfallInches":4.6}},{"type":"Feature","geometry":{"type":"Point","coordinates":[-97.558334,32.658333]},"properties":{"rainfall":460.0,"rainfallInches":4.6}},{"type":"Feature","geometry":{"type":"Point","coordinates":[-97.55,32.658333]},"properties":{"rainfall":461.0,"rainfallInches":4.61}},{"type":"Feature","geometry":{"type":"Point","coordinates":[-98.058334,32.65]},"properties":{"rainfall":467.0,"rainfallInches":4.67}},{"type":"Feature","geometry":{"type":"Point","coordinates":[-98.05,32.65]},"properties":{"rainfall":468.0,"rainfallInches":4.68}},{"type":"Feature","geometry":{"type":"Point","coordinates":[-98.041667,32.65]},"properties":{"rainfall":468.0,"rainfallInches":4.68}},{"type":"Feature","geometry":{"type":"Point","coordinates":[-98.033334,32.65]},"properties":{"rainfall":468.0,"rainfallInches":4.68}},{"type":"Feature","geometry":{"type":"Point","coordinates":[-98.025,32.65]},"properties":{"rainfall":468.0,"rainfallInches":4.68}},{"type":"Feature","geometry":{"type":"Point","coordinates":[-98.016667,32.65]},"properties":{"rainfall":468.0,"rainfallInches":4.68}},{"type":"Feature","geometry":{"type":"Point","coordinates":[-98.008334,32.65]},"properties":{"rainfall":469.0,"rainfallInches":4.69}},{"type":"Feature","geometry":{"type":"Point","coordinates":[-98.0,32.65]},"properties":{"rainfall":469.0,"rainfallInches":4.69}},{"type":"Feature","geometry":{"type":"Point","coordinates":[-97.991667,32.65]},"properties":{"rainfall":469.0,"rainfallInches":4.69}},{"type":"Feature","geometry":{"type":"Point","coordinates":[-97.983334,32.65]},"properties":{"rainfall":469.0,"rainfallInches":4.69}},{"type":"Feature","geometry":{"type":"Point","coordinates":[-97.975,32.65]},"properties":{"rainfall":469.0,"rainfallInches":4.69}},{"type":"Feature","geometry":{"type":"Point","coordinates":[-97.966667,32.65]},"properties":{"rainfall":469.0,"rainfallInches":4.69}},{"type":"Feature","geometry":{"type":"Point","coordinates":[-97.958334,32.65]},"properties":{"rainfall":469.0,"rainfallInches":4.69}},{"type":"Feature","geometry":{"type":"Point","coordinates":[-97.95,32.65]},"properties":{"rainfall":469.0,"rainfallInches":4.69}},{"type":"Feature","geometry":{"type":"Point","coordinates":[-97.941667,32.65]},"properties":{"rainfall":469.0,"rainfallInches":4.69}},{"type":"Feature","geometry":{"type":"Point","coordinates":[-97.933334,32.65]},"properties":{"rainfall":469.0,"rainfallInches":4.69}},{"type":"Feature","geometry":{"type":"Point","coordinates":[-97.925,32.65]},"properties":{"rainfall":469.0,"rainfallInches":4.69}},{"type":"Feature","geometry":{"type":"Point","coordinates":[-97.916667,32.65]},"properties":{"rainfall":468.0,"rainfallInches":4.68}},{"type":"Feature","geometry":{"type":"Point","coordinates":[-97.908334,32.65]},"properties":{"rainfall":468.0,"rainfallInches":4.68}},{"type":"Feature","geometry":{"type":"Point","coordinates":[-97.9,32.65]},"properties":{"rainfall":468.0,"rainfallInches":4.68}},{"type":"Feature","geometry":{"type":"Point","coordinates":[-97.891667,32.65]},"properties":{"rainfall":468.0,"rainfallInches":4.68}},{"type":"Feature","geometry":{"type":"Point","coordinates":[-97.883334,32.65]},"properties":{"rainfall":467.0,"rainfallInches":4.67}},{"type":"Feature","geometry":{"type":"Point","coordinates":[-97.875,32.65]},"properties":{"rainfall":467.0,"rainfallInches":4.67}},{"type":"Feature","geometry":{"type":"Point","coordinates":[-97.866667,32.65]},"properties":{"rainfall":467.0,"rainfallInches":4.67}},{"type":"Feature","geometry":{"type":"Point","coordinates":[-97.858334,32.65]},"properties":{"rainfall":466.0,"rainfallInches":4.66}},{"type":"Feature","geometry":{"type":"Point","coordinates":[-97.85,32.65]},"properties":{"rainfall":466.0,"rainfallInches":4.66}},{"type":"Feature","geometry":{"type":"Point","coordinates":[-97.841667,32.65]},"properties":{"rainfall":465.0,"rainfallInches":4.65}},{"type":"Feature","geometry":{"type":"Point","coordinates":[-97.833334,32.65]},"properties":{"rainfall":465.0,"rainfallInches":4.65}},{"type":"Feature","geometry":{"type":"Point","coordinates":[-97.825,32.65]},"properties":{"rainfall":465.0,"rainfallInches":4.65}},{"type":"Feature","geometry":{"type":"Point","coordinates":[-97.816667,32.65]},"properties":{"rainfall":464.0,"rainfallInches":4.64}},{"type":"Feature","geometry":{"type":"Point","coordinates":[-97.808334,32.65]},"properties":{"rainfall":464.0,"rainfallInches":4.64}},{"type":"Feature","geometry":{"type":"Point","coordinates":[-97.8,32.65]},"properties":{"rainfall":464.0,"rainfallInches":4.64}},{"type":"Feature","geometry":{"type":"Point","coordinates":[-97.791667,32.65]},"properties":{"rainfall":463.0,"rainfallInches":4.63}},{"type":"Feature","geometry":{"type":"Point","coordinates":[-97.783334,32.65]},"properties":{"rainfall":463.0,"rainfallInches":4.63}},{"type":"Feature","geometry":{"type":"Point","coordinates":[-97.775,32.65]},"properties":{"rainfall":462.0,"rainfallInches":4.62}},{"type":"Feature","geometry":{"type":"Point","coordinates":[-97.766667,32.65]},"properties":{"rainfall":462.0,"rainfallInches":4.62}},{"type":"Feature","geometry":{"type":"Point","coordinates":[-97.758334,32.65]},"properties":{"rainfall":462.0,"rainfallInches":4.62}},{"type":"Feature","geometry":{"type":"Point","coordinates":[-97.75,32.65]},"properties":{"rainfall":461.0,"rainfallInches":4.61}},{"type":"Feature","geometry":{"type":"Point","coordinates":[-97.741667,32.65]},"properties":{"rainfall":461.0,"rainfallInches":4.61}},{"type":"Feature","geometry":{"type":"Point","coordinates":[-97.733334,32.65]},"properties":{"rainfall":460.0,"rainfallInches":4.6}},{"type":"Feature","geometry":{"type":"Point","coordinates":[-97.725,32.65]},"properties":{"rainfall":460.0,"rainfallInches":4.6}},{"type":"Feature","geometry":{"type":"Point","coordinates":[-97.716667,32.65]},"properties":{"rainfall":460.0,"rainfallInches":4.6}},{"type":"Feature","geometry":{"type":"Point","coordinates":[-97.708334,32.65]},"properties":{"rainfall":459.0,"rainfallInches":4.59}},{"type":"Feature","geometry":{"type":"Point","coordinates":[-97.7,32.65]},"properties":{"rainfall":459.0,"rainfallInches":4.59}},{"type":"Feature","geometry":{"type":"Point","coordinates":[-97.691667,32.65]},"properties":{"rainfall":459.0,"rainfallInches":4.59}},{"type":"Feature","geometry":{"type":"Point","coordinates":[-97.683334,32.65]},"properties":{"rainfall":459.0,"rainfallInches":4.59}},{"type":"Feature","geometry":{"type":"Point","coordinates":[-97.675,32.65]},"properties":{"rainfall":459.0,"rainfallInches":4.59}},{"type":"Feature","geometry":{"type":"Point","coordinates":[-97.666667,32.65]},"properties":{"rainfall":458.0,"rainfallInches":4.58}},{"type":"Feature","geometry":{"type":"Point","coordinates":[-97.658334,32.65]},"properties":{"rainfall":458.0,"rainfallInches":4.58}},{"type":"Feature","geometry":{"type":"Point","coordinates":[-97.65,32.65]},"properties":{"rainfall":458.0,"rainfallInches":4.58}},{"type":"Feature","geometry":{"type":"Point","coordinates":[-97.641667,32.65]},"properties":{"rainfall":458.0,"rainfallInches":4.58}},{"type":"Feature","geometry":{"type":"Point","coordinates":[-97.633334,32.65]},"properties":{"rainfall":458.0,"rainfallInches":4.58}},{"type":"Feature","geometry":{"type":"Point","coordinates":[-97.625,32.65]},"properties":{"rainfall":458.0,"rainfallInches":4.58}},{"type":"Feature","geometry":{"type":"Point","coordinates":[-97.616667,32.65]},"properties":{"rainfall":458.0,"rainfallInches":4.58}},{"type":"Feature","geometry":{"type":"Point","coordinates":[-97.608334,32.65]},"properties":{"rainfall":459.0,"rainfallInches":4.59}},{"type":"Feature","geometry":{"type":"Point","coordinates":[-97.6,32.65]},"properties":{"rainfall":459.0,"rainfallInches":4.59}},{"type":"Feature","geometry":{"type":"Point","coordinates":[-97.591667,32.65]},"properties":{"rainfall":459.0,"rainfallInches":4.59}},{"type":"Feature","geometry":{"type":"Point","coordinates":[-97.583334,32.65]},"properties":{"rainfall":460.0,"rainfallInches":4.6}},{"type":"Feature","geometry":{"type":"Point","coordinates":[-97.575,32.65]},"properties":{"rainfall":460.0,"rainfallInches":4.6}},{"type":"Feature","geometry":{"type":"Point","coordinates":[-97.566667,32.65]},"properties":{"rainfall":460.0,"rainfallInches":4.6}},{"type":"Feature","geometry":{"type":"Point","coordinates":[-97.558334,32.65]},"properties":{"rainfall":460.0,"rainfallInches":4.6}},{"type":"Feature","geometry":{"type":"Point","coordinates":[-97.55,32.65]},"properties":{"rainfall":461.0,"rainfallInches":4.61}},{"type":"Feature","geometry":{"type":"Point","coordinates":[-98.058334,32.641666]},"properties":{"rainfall":467.0,"rainfallInches":4.67}},{"type":"Feature","geometry":{"type":"Point","coordinates":[-98.05,32.641666]},"properties":{"rainfall":467.0,"rainfallInches":4.67}},{"type":"Feature","geometry":{"type":"Point","coordinates":[-98.041667,32.641666]},"properties":{"rainfall":467.0,"rainfallInches":4.67}},{"type":"Feature","geometry":{"type":"Point","coordinates":[-98.033334,32.641666]},"properties":{"rainfall":468.0,"rainfallInches":4.68}},{"type":"Feature","geometry":{"type":"Point","coordinates":[-98.025,32.641666]},"properties":{"rainfall":468.0,"rainfallInches":4.68}},{"type":"Feature","geometry":{"type":"Point","coordinates":[-98.016667,32.641666]},"properties":{"rainfall":468.0,"rainfallInches":4.68}},{"type":"Feature","geometry":{"type":"Point","coordinates":[-98.008334,32.641666]},"properties":{"rainfall":468.0,"rainfallInches":4.68}},{"type":"Feature","geometry":{"type":"Point","coordinates":[-98.0,32.641666]},"properties":{"rainfall":468.0,"rainfallInches":4.68}},{"type":"Feature","geometry":{"type":"Point","coordinates":[-97.991667,32.641666]},"properties":{"rainfall":469.0,"rainfallInches":4.69}},{"type":"Feature","geometry":{"type":"Point","coordinates":[-97.983334,32.641666]},"properties":{"rainfall":469.0,"rainfallInches":4.69}},{"type":"Feature","geometry":{"type":"Point","coordinates":[-97.975,32.641666]},"properties":{"rainfall":469.0,"rainfallInches":4.69}},{"type":"Feature","geometry":{"type":"Point","coordinates":[-97.966667,32.641666]},"properties":{"rainfall":469.0,"rainfallInches":4.69}},{"type":"Feature","geometry":{"type":"Point","coordinates":[-97.958334,32.641666]},"properties":{"rainfall":469.0,"rainfallInches":4.69}},{"type":"Feature","geometry":{"type":"Point","coordinates":[-97.95,32.641666]},"properties":{"rainfall":469.0,"rainfallInches":4.69}},{"type":"Feature","geometry":{"type":"Point","coordinates":[-97.941667,32.641666]},"properties":{"rainfall":469.0,"rainfallInches":4.69}},{"type":"Feature","geometry":{"type":"Point","coordinates":[-97.933334,32.641666]},"properties":{"rainfall":469.0,"rainfallInches":4.69}},{"type":"Feature","geometry":{"type":"Point","coordinates":[-97.925,32.641666]},"properties":{"rainfall":469.0,"rainfallInches":4.69}},{"type":"Feature","geometry":{"type":"Point","coordinates":[-97.916667,32.641666]},"properties":{"rainfall":468.0,"rainfallInches":4.68}},{"type":"Feature","geometry":{"type":"Point","coordinates":[-97.908334,32.641666]},"properties":{"rainfall":468.0,"rainfallInches":4.68}},{"type":"Feature","geometry":{"type":"Point","coordinates":[-97.9,32.641666]},"properties":{"rainfall":468.0,"rainfallInches":4.68}},{"type":"Feature","geometry":{"type":"Point","coordinates":[-97.891667,32.641666]},"properties":{"rainfall":468.0,"rainfallInches":4.68}},{"type":"Feature","geometry":{"type":"Point","coordinates":[-97.883334,32.641666]},"properties":{"rainfall":467.0,"rainfallInches":4.67}},{"type":"Feature","geometry":{"type":"Point","coordinates":[-97.875,32.641666]},"properties":{"rainfall":467.0,"rainfallInches":4.67}},{"type":"Feature","geometry":{"type":"Point","coordinates":[-97.866667,32.641666]},"properties":{"rainfall":467.0,"rainfallInches":4.67}},{"type":"Feature","geometry":{"type":"Point","coordinates":[-97.858334,32.641666]},"properties":{"rainfall":466.0,"rainfallInches":4.66}},{"type":"Feature","geometry":{"type":"Point","coordinates":[-97.85,32.641666]},"properties":{"rainfall":466.0,"rainfallInches":4.66}},{"type":"Feature","geometry":{"type":"Point","coordinates":[-97.841667,32.641666]},"properties":{"rainfall":465.0,"rainfallInches":4.65}},{"type":"Feature","geometry":{"type":"Point","coordinates":[-97.833334,32.641666]},"properties":{"rainfall":465.0,"rainfallInches":4.65}},{"type":"Feature","geometry":{"type":"Point","coordinates":[-97.825,32.641666]},"properties":{"rainfall":465.0,"rainfallInches":4.65}},{"type":"Feature","geometry":{"type":"Point","coordinates":[-97.816667,32.641666]},"properties":{"rainfall":464.0,"rainfallInches":4.64}},{"type":"Feature","geometry":{"type":"Point","coordinates":[-97.808334,32.641666]},"properties":{"rainfall":464.0,"rainfallInches":4.64}},{"type":"Feature","geometry":{"type":"Point","coordinates":[-97.8,32.641666]},"properties":{"rainfall":464.0,"rainfallInches":4.64}},{"type":"Feature","geometry":{"type":"Point","coordinates":[-97.791667,32.641666]},"properties":{"rainfall":463.0,"rainfallInches":4.63}},{"type":"Feature","geometry":{"type":"Point","coordinates":[-97.783334,32.641666]},"properties":{"rainfall":463.0,"rainfallInches":4.63}},{"type":"Feature","geometry":{"type":"Point","coordinates":[-97.775,32.641666]},"properties":{"rainfall":462.0,"rainfallInches":4.62}},{"type":"Feature","geometry":{"type":"Point","coordinates":[-97.766667,32.641666]},"properties":{"rainfall":462.0,"rainfallInches":4.62}},{"type":"Feature","geometry":{"type":"Point","coordinates":[-97.758334,32.641666]},"properties":{"rainfall":462.0,"rainfallInches":4.62}},{"type":"Feature","geometry":{"type":"Point","coordinates":[-97.75,32.641666]},"properties":{"rainfall":461.0,"rainfallInches":4.61}},{"type":"Feature","geometry":{"type":"Point","coordinates":[-97.741667,32.641666]},"properties":{"rainfall":461.0,"rainfallInches":4.61}},{"type":"Feature","geometry":{"type":"Point","coordinates":[-97.733334,32.641666]},"properties":{"rainfall":460.0,"rainfallInches":4.6}},{"type":"Feature","geometry":{"type":"Point","coordinates":[-97.725,32.641666]},"properties":{"rainfall":460.0,"rainfallInches":4.6}},{"type":"Feature","geometry":{"type":"Point","coordinates":[-97.716667,32.641666]},"properties":{"rainfall":460.0,"rainfallInches":4.6}},{"type":"Feature","geometry":{"type":"Point","coordinates":[-97.708334,32.641666]},"properties":{"rainfall":460.0,"rainfallInches":4.6}},{"type":"Feature","geometry":{"type":"Point","coordinates":[-97.7,32.641666]},"properties":{"rainfall":459.0,"rainfallInches":4.59}},{"type":"Feature","geometry":{"type":"Point","coordinates":[-97.691667,32.641666]},"properties":{"rainfall":459.0,"rainfallInches":4.59}},{"type":"Feature","geometry":{"type":"Point","coordinates":[-97.683334,32.641666]},"properties":{"rainfall":459.0,"rainfallInches":4.59}},{"type":"Feature","geometry":{"type":"Point","coordinates":[-97.675,32.641666]},"properties":{"rainfall":459.0,"rainfallInches":4.59}},{"type":"Feature","geometry":{"type":"Point","coordinates":[-97.666667,32.641666]},"properties":{"rainfall":459.0,"rainfallInches":4.59}},{"type":"Feature","geometry":{"type":"Point","coordinates":[-97.658334,32.641666]},"properties":{"rainfall":459.0,"rainfallInches":4.59}},{"type":"Feature","geometry":{"type":"Point","coordinates":[-97.65,32.641666]},"properties":{"rainfall":459.0,"rainfallInches":4.59}},{"type":"Feature","geometry":{"type":"Point","coordinates":[-97.641667,32.641666]},"properties":{"rainfall":458.0,"rainfallInches":4.58}},{"type":"Feature","geometry":{"type":"Point","coordinates":[-97.633334,32.641666]},"properties":{"rainfall":458.0,"rainfallInches":4.58}},{"type":"Feature","geometry":{"type":"Point","coordinates":[-97.625,32.641666]},"properties":{"rainfall":459.0,"rainfallInches":4.59}},{"type":"Feature","geometry":{"type":"Point","coordinates":[-97.616667,32.641666]},"properties":{"rainfall":459.0,"rainfallInches":4.59}},{"type":"Feature","geometry":{"type":"Point","coordinates":[-97.608334,32.641666]},"properties":{"rainfall":459.0,"rainfallInches":4.59}},{"type":"Feature","geometry":{"type":"Point","coordinates":[-97.6,32.641666]},"properties":{"rainfall":459.0,"rainfallInches":4.59}},{"type":"Feature","geometry":{"type":"Point","coordinates":[-97.591667,32.641666]},"properties":{"rainfall":460.0,"rainfallInches":4.6}},{"type":"Feature","geometry":{"type":"Point","coordinates":[-97.583334,32.641666]},"properties":{"rainfall":460.0,"rainfallInches":4.6}},{"type":"Feature","geometry":{"type":"Point","coordinates":[-97.575,32.641666]},"properties":{"rainfall":460.0,"rainfallInches":4.6}},{"type":"Feature","geometry":{"type":"Point","coordinates":[-97.566667,32.641666]},"properties":{"rainfall":460.0,"rainfallInches":4.6}},{"type":"Feature","geometry":{"type":"Point","coordinates":[-97.558334,32.641666]},"properties":{"rainfall":461.0,"rainfallInches":4.61}},{"type":"Feature","geometry":{"type":"Point","coordinates":[-97.55,32.641666]},"properties":{"rainfall":461.0,"rainfallInches":4.61}},{"type":"Feature","geometry":{"type":"Point","coordinates":[-98.058334,32.633333]},"properties":{"rainfall":467.0,"rainfallInches":4.67}},{"type":"Feature","geometry":{"type":"Point","coordinates":[-98.05,32.633333]},"properties":{"rainfall":467.0,"rainfallInches":4.67}},{"type":"Feature","geometry":{"type":"Point","coordinates":[-98.041667,32.633333]},"properties":{"rainfall":467.0,"rainfallInches":4.67}},{"type":"Feature","geometry":{"type":"Point","coordinates":[-98.033334,32.633333]},"properties":{"rainfall":467.0,"rainfallInches":4.67}},{"type":"Feature","geometry":{"type":"Point","coordinates":[-98.025,32.633333]},"properties":{"rainfall":467.0,"rainfallInches":4.67}},{"type":"Feature","geometry":{"type":"Point","coordinates":[-98.016667,32.633333]},"properties":{"rainfall":468.0,"rainfallInches":4.68}},{"type":"Feature","geometry":{"type":"Point","coordinates":[-98.008334,32.633333]},"properties":{"rainfall":468.0,"rainfallInches":4.68}},{"type":"Feature","geometry":{"type":"Point","coordinates":[-98.0,32.633333]},"properties":{"rainfall":468.0,"rainfallInches":4.68}},{"type":"Feature","geometry":{"type":"Point","coordinates":[-97.991667,32.633333]},"properties":{"rainfall":468.0,"rainfallInches":4.68}},{"type":"Feature","geometry":{"type":"Point","coordinates":[-97.983334,32.633333]},"properties":{"rainfall":469.0,"rainfallInches":4.69}},{"type":"Feature","geometry":{"type":"Point","coordinates":[-97.975,32.633333]},"properties":{"rainfall":469.0,"rainfallInches":4.69}},{"type":"Feature","geometry":{"type":"Point","coordinates":[-97.966667,32.633333]},"properties":{"rainfall":469.0,"rainfallInches":4.69}},{"type":"Feature","geometry":{"type":"Point","coordinates":[-97.958334,32.633333]},"properties":{"rainfall":469.0,"rainfallInches":4.69}},{"type":"Feature","geometry":{"type":"Point","coordinates":[-97.95,32.633333]},"properties":{"rainfall":469.0,"rainfallInches":4.69}},{"type":"Feature","geometry":{"type":"Point","coordinates":[-97.941667,32.633333]},"properties":{"rainfall":469.0,"rainfallInches":4.69}},{"type":"Feature","geometry":{"type":"Point","coordinates":[-97.933334,32.633333]},"properties":{"rainfall":469.0,"rainfallInches":4.69}},{"type":"Feature","geometry":{"type":"Point","coordinates":[-97.925,32.633333]},"properties":{"rainfall":469.0,"rainfallInches":4.69}},{"type":"Feature","geometry":{"type":"Point","coordinates":[-97.916667,32.633333]},"properties":{"rainfall":469.0,"rainfallInches":4.69}},{"type":"Feature","geometry":{"type":"Point","coordinates":[-97.908334,32.633333]},"properties":{"rainfall":468.0,"rainfallInches":4.68}},{"type":"Feature","geometry":{"type":"Point","coordinates":[-97.9,32.633333]},"properties":{"rainfall":468.0,"rainfallInches":4.68}},{"type":"Feature","geometry":{"type":"Point","coordinates":[-97.891667,32.633333]},"properties":{"rainfall":468.0,"rainfallInches":4.68}},{"type":"Feature","geometry":{"type":"Point","coordinates":[-97.883334,32.633333]},"properties":{"rainfall":467.0,"rainfallInches":4.67}},{"type":"Feature","geometry":{"type":"Point","coordinates":[-97.875,32.633333]},"properties":{"rainfall":467.0,"rainfallInches":4.67}},{"type":"Feature","geometry":{"type":"Point","coordinates":[-97.866667,32.633333]},"properties":{"rainfall":467.0,"rainfallInches":4.67}},{"type":"Feature","geometry":{"type":"Point","coordinates":[-97.858334,32.633333]},"properties":{"rainfall":466.0,"rainfallInches":4.66}},{"type":"Feature","geometry":{"type":"Point","coordinates":[-97.85,32.633333]},"properties":{"rainfall":466.0,"rainfallInches":4.66}},{"type":"Feature","geometry":{"type":"Point","coordinates":[-97.841667,32.633333]},"properties":{"rainfall":466.0,"rainfallInches":4.66}},{"type":"Feature","geometry":{"type":"Point","coordinates":[-97.833334,32.633333]},"properties":{"rainfall":465.0,"rainfallInches":4.65}},{"type":"Feature","geometry":{"type":"Point","coordinates":[-97.825,32.633333]},"properties":{"rainfall":465.0,"rainfallInches":4.65}},{"type":"Feature","geometry":{"type":"Point","coordinates":[-97.816667,32.633333]},"properties":{"rainfall":464.0,"rainfallInches":4.64}},{"type":"Feature","geometry":{"type":"Point","coordinates":[-97.808334,32.633333]},"properties":{"rainfall":464.0,"rainfallInches":4.64}},{"type":"Feature","geometry":{"type":"Point","coordinates":[-97.8,32.633333]},"properties":{"rainfall":464.0,"rainfallInches":4.64}},{"type":"Feature","geometry":{"type":"Point","coordinates":[-97.791667,32.633333]},"properties":{"rainfall":463.0,"rainfallInches":4.63}},{"type":"Feature","geometry":{"type":"Point","coordinates":[-97.783334,32.633333]},"properties":{"rainfall":463.0,"rainfallInches":4.63}},{"type":"Feature","geometry":{"type":"Point","coordinates":[-97.775,32.633333]},"properties":{"rainfall":462.0,"rainfallInches":4.62}},{"type":"Feature","geometry":{"type":"Point","coordinates":[-97.766667,32.633333]},"properties":{"rainfall":462.0,"rainfallInches":4.62}},{"type":"Feature","geometry":{"type":"Point","coordinates":[-97.758334,32.633333]},"properties":{"rainfall":462.0,"rainfallInches":4.62}},{"type":"Feature","geometry":{"type":"Point","coordinates":[-97.75,32.633333]},"properties":{"rainfall":461.0,"rainfallInches":4.61}},{"type":"Feature","geometry":{"type":"Point","coordinates":[-97.741667,32.633333]},"properties":{"rainfall":461.0,"rainfallInches":4.61}},{"type":"Feature","geometry":{"type":"Point","coordinates":[-97.733334,32.633333]},"properties":{"rainfall":461.0,"rainfallInches":4.61}},{"type":"Feature","geometry":{"type":"Point","coordinates":[-97.725,32.633333]},"properties":{"rainfall":460.0,"rainfallInches":4.6}},{"type":"Feature","geometry":{"type":"Point","coordinates":[-97.716667,32.633333]},"properties":{"rainfall":460.0,"rainfallInches":4.6}},{"type":"Feature","geometry":{"type":"Point","coordinates":[-97.708334,32.633333]},"properties":{"rainfall":460.0,"rainfallInches":4.6}},{"type":"Feature","geometry":{"type":"Point","coordinates":[-97.7,32.633333]},"properties":{"rainfall":459.0,"rainfallInches":4.59}},{"type":"Feature","geometry":{"type":"Point","coordinates":[-97.691667,32.633333]},"properties":{"rainfall":459.0,"rainfallInches":4.59}},{"type":"Feature","geometry":{"type":"Point","coordinates":[-97.683334,32.633333]},"properties":{"rainfall":459.0,"rainfallInches":4.59}},{"type":"Feature","geometry":{"type":"Point","coordinates":[-97.675,32.633333]},"properties":{"rainfall":459.0,"rainfallInches":4.59}},{"type":"Feature","geometry":{"type":"Point","coordinates":[-97.666667,32.633333]},"properties":{"rainfall":459.0,"rainfallInches":4.59}},{"type":"Feature","geometry":{"type":"Point","coordinates":[-97.658334,32.633333]},"properties":{"rainfall":459.0,"rainfallInches":4.59}},{"type":"Feature","geometry":{"type":"Point","coordinates":[-97.65,32.633333]},"properties":{"rainfall":459.0,"rainfallInches":4.59}},{"type":"Feature","geometry":{"type":"Point","coordinates":[-97.641667,32.633333]},"properties":{"rainfall":459.0,"rainfallInches":4.59}},{"type":"Feature","geometry":{"type":"Point","coordinates":[-97.633334,32.633333]},"properties":{"rainfall":459.0,"rainfallInches":4.59}},{"type":"Feature","geometry":{"type":"Point","coordinates":[-97.625,32.633333]},"properties":{"rainfall":459.0,"rainfallInches":4.59}},{"type":"Feature","geometry":{"type":"Point","coordinates":[-97.616667,32.633333]},"properties":{"rainfall":460.0,"rainfallInches":4.6}},{"type":"Feature","geometry":{"type":"Point","coordinates":[-97.608334,32.633333]},"properties":{"rainfall":460.0,"rainfallInches":4.6}},{"type":"Feature","geometry":{"type":"Point","coordinates":[-97.6,32.633333]},"properties":{"rainfall":460.0,"rainfallInches":4.6}},{"type":"Feature","geometry":{"type":"Point","coordinates":[-97.591667,32.633333]},"properties":{"rainfall":460.0,"rainfallInches":4.6}},{"type":"Feature","geometry":{"type":"Point","coordinates":[-97.583334,32.633333]},"properties":{"rainfall":460.0,"rainfallInches":4.6}},{"type":"Feature","geometry":{"type":"Point","coordinates":[-97.575,32.633333]},"properties":{"rainfall":461.0,"rainfallInches":4.61}},{"type":"Feature","geometry":{"type":"Point","coordinates":[-97.566667,32.633333]},"properties":{"rainfall":461.0,"rainfallInches":4.61}},{"type":"Feature","geometry":{"type":"Point","coordinates":[-97.558334,32.633333]},"properties":{"rainfall":462.0,"rainfallInches":4.62}},{"type":"Feature","geometry":{"type":"Point","coordinates":[-98.058334,32.625]},"properties":{"rainfall":466.0,"rainfallInches":4.66}},{"type":"Feature","geometry":{"type":"Point","coordinates":[-98.05,32.625]},"properties":{"rainfall":466.0,"rainfallInches":4.66}},{"type":"Feature","geometry":{"type":"Point","coordinates":[-98.041667,32.625]},"properties":{"rainfall":467.0,"rainfallInches":4.67}},{"type":"Feature","geometry":{"type":"Point","coordinates":[-98.033334,32.625]},"properties":{"rainfall":467.0,"rainfallInches":4.67}},{"type":"Feature","geometry":{"type":"Point","coordinates":[-98.025,32.625]},"properties":{"rainfall":467.0,"rainfallInches":4.67}},{"type":"Feature","geometry":{"type":"Point","coordinates":[-98.016667,32.625]},"properties":{"rainfall":467.0,"rainfallInches":4.67}},{"type":"Feature","geometry":{"type":"Point","coordinates":[-98.008334,32.625]},"properties":{"rainfall":468.0,"rainfallInches":4.68}},{"type":"Feature","geometry":{"type":"Point","coordinates":[-98.0,32.625]},"properties":{"rainfall":468.0,"rainfallInches":4.68}},{"type":"Feature","geometry":{"type":"Point","coordinates":[-97.991667,32.625]},"properties":{"rainfall":468.0,"rainfallInches":4.68}},{"type":"Feature","geometry":{"type":"Point","coordinates":[-97.983334,32.625]},"properties":{"rainfall":469.0,"rainfallInches":4.69}},{"type":"Feature","geometry":{"type":"Point","coordinates":[-97.975,32.625]},"properties":{"rainfall":469.0,"rainfallInches":4.69}},{"type":"Feature","geometry":{"type":"Point","coordinates":[-97.966667,32.625]},"properties":{"rainfall":469.0,"rainfallInches":4.69}},{"type":"Feature","geometry":{"type":"Point","coordinates":[-97.958334,32.625]},"properties":{"rainfall":469.0,"rainfallInches":4.69}},{"type":"Feature","geometry":{"type":"Point","coordinates":[-97.95,32.625]},"properties":{"rainfall":469.0,"rainfallInches":4.69}},{"type":"Feature","geometry":{"type":"Point","coordinates":[-97.941667,32.625]},"properties":{"rainfall":469.0,"rainfallInches":4.69}},{"type":"Feature","geometry":{"type":"Point","coordinates":[-97.933334,32.625]},"properties":{"rainfall":469.0,"rainfallInches":4.69}},{"type":"Feature","geometry":{"type":"Point","coordinates":[-97.925,32.625]},"properties":{"rainfall":469.0,"rainfallInches":4.69}},{"type":"Feature","geometry":{"type":"Point","coordinates":[-97.916667,32.625]},"properties":{"rainfall":469.0,"rainfallInches":4.69}},{"type":"Feature","geometry":{"type":"Point","coordinates":[-97.908334,32.625]},"properties":{"rainfall":468.0,"rainfallInches":4.68}},{"type":"Feature","geometry":{"type":"Point","coordinates":[-97.9,32.625]},"properties":{"rainfall":468.0,"rainfallInches":4.68}},{"type":"Feature","geometry":{"type":"Point","coordinates":[-97.891667,32.625]},"properties":{"rainfall":468.0,"rainfallInches":4.68}},{"type":"Feature","geometry":{"type":"Point","coordinates":[-97.883334,32.625]},"properties":{"rainfall":467.0,"rainfallInches":4.67}},{"type":"Feature","geometry":{"type":"Point","coordinates":[-97.875,32.625]},"properties":{"rainfall":467.0,"rainfallInches":4.67}},{"type":"Feature","geometry":{"type":"Point","coordinates":[-97.866667,32.625]},"properties":{"rainfall":467.0,"rainfallInches":4.67}},{"type":"Feature","geometry":{"type":"Point","coordinates":[-97.858334,32.625]},"properties":{"rainfall":466.0,"rainfallInches":4.66}},{"type":"Feature","geometry":{"type":"Point","coordinates":[-97.85,32.625]},"properties":{"rainfall":466.0,"rainfallInches":4.66}},{"type":"Feature","geometry":{"type":"Point","coordinates":[-97.841667,32.625]},"properties":{"rainfall":466.0,"rainfallInches":4.66}},{"type":"Feature","geometry":{"type":"Point","coordinates":[-97.833334,32.625]},"properties":{"rainfall":465.0,"rainfallInches":4.65}},{"type":"Feature","geometry":{"type":"Point","coordinates":[-97.825,32.625]},"properties":{"rainfall":465.0,"rainfallInches":4.65}},{"type":"Feature","geometry":{"type":"Point","coordinates":[-97.816667,32.625]},"properties":{"rainfall":464.0,"rainfallInches":4.64}},{"type":"Feature","geometry":{"type":"Point","coordinates":[-97.808334,32.625]},"properties":{"rainfall":464.0,"rainfallInches":4.64}},{"type":"Feature","geometry":{"type":"Point","coordinates":[-97.8,32.625]},"properties":{"rainfall":464.0,"rainfallInches":4.64}},{"type":"Feature","geometry":{"type":"Point","coordinates":[-97.791667,32.625]},"properties":{"rainfall":463.0,"rainfallInches":4.63}},{"type":"Feature","geometry":{"type":"Point","coordinates":[-97.783334,32.625]},"properties":{"rainfall":463.0,"rainfallInches":4.63}},{"type":"Feature","geometry":{"type":"Point","coordinates":[-97.775,32.625]},"properties":{"rainfall":462.0,"rainfallInches":4.62}},{"type":"Feature","geometry":{"type":"Point","coordinates":[-97.766667,32.625]},"properties":{"rainfall":462.0,"rainfallInches":4.62}},{"type":"Feature","geometry":{"type":"Point","coordinates":[-97.758334,32.625]},"properties":{"rainfall":462.0,"rainfallInches":4.62}},{"type":"Feature","geometry":{"type":"Point","coordinates":[-97.75,32.625]},"properties":{"rainfall":462.0,"rainfallInches":4.62}},{"type":"Feature","geometry":{"type":"Point","coordinates":[-97.741667,32.625]},"properties":{"rainfall":461.0,"rainfallInches":4.61}},{"type":"Feature","geometry":{"type":"Point","coordinates":[-97.733334,32.625]},"properties":{"rainfall":461.0,"rainfallInches":4.61}},{"type":"Feature","geometry":{"type":"Point","coordinates":[-97.725,32.625]},"properties":{"rainfall":460.0,"rainfallInches":4.6}},{"type":"Feature","geometry":{"type":"Point","coordinates":[-97.716667,32.625]},"properties":{"rainfall":460.0,"rainfallInches":4.6}},{"type":"Feature","geometry":{"type":"Point","coordinates":[-97.708334,32.625]},"properties":{"rainfall":460.0,"rainfallInches":4.6}},{"type":"Feature","geometry":{"type":"Point","coordinates":[-97.7,32.625]},"properties":{"rainfall":460.0,"rainfallInches":4.6}},{"type":"Feature","geometry":{"type":"Point","coordinates":[-97.691667,32.625]},"properties":{"rainfall":460.0,"rainfallInches":4.6}},{"type":"Feature","geometry":{"type":"Point","coordinates":[-97.683334,32.625]},"properties":{"rainfall":459.0,"rainfallInches":4.59}},{"type":"Feature","geometry":{"type":"Point","coordinates":[-97.675,32.625]},"properties":{"rainfall":459.0,"rainfallInches":4.59}},{"type":"Feature","geometry":{"type":"Point","coordinates":[-97.666667,32.625]},"properties":{"rainfall":459.0,"rainfallInches":4.59}},{"type":"Feature","geometry":{"type":"Point","coordinates":[-97.658334,32.625]},"properties":{"rainfall":459.0,"rainfallInches":4.59}},{"type":"Feature","geometry":{"type":"Point","coordinates":[-97.65,32.625]},"properties":{"rainfall":460.0,"rainfallInches":4.6}},{"type":"Feature","geometry":{"type":"Point","coordinates":[-97.641667,32.625]},"properties":{"rainfall":460.0,"rainfallInches":4.6}},{"type":"Feature","geometry":{"type":"Point","coordinates":[-97.633334,32.625]},"properties":{"rainfall":460.0,"rainfallInches":4.6}},{"type":"Feature","geometry":{"type":"Point","coordinates":[-97.625,32.625]},"properties":{"rainfall":460.0,"rainfallInches":4.6}},{"type":"Feature","geometry":{"type":"Point","coordinates":[-97.616667,32.625]},"properties":{"rainfall":460.0,"rainfallInches":4.6}},{"type":"Feature","geometry":{"type":"Point","coordinates":[-97.608334,32.625]},"properties":{"rainfall":460.0,"rainfallInches":4.6}},{"type":"Feature","geometry":{"type":"Point","coordinates":[-97.6,32.625]},"properties":{"rainfall":460.0,"rainfallInches":4.6}},{"type":"Feature","geometry":{"type":"Point","coordinates":[-97.591667,32.625]},"properties":{"rainfall":460.0,"rainfallInches":4.6}},{"type":"Feature","geometry":{"type":"Point","coordinates":[-97.583334,32.625]},"properties":{"rainfall":461.0,"rainfallInches":4.61}},{"type":"Feature","geometry":{"type":"Point","coordinates":[-97.575,32.625]},"properties":{"rainfall":461.0,"rainfallInches":4.61}},{"type":"Feature","geometry":{"type":"Point","coordinates":[-97.566667,32.625]},"properties":{"rainfall":462.0,"rainfallInches":4.62}},{"type":"Feature","geometry":{"type":"Point","coordinates":[-97.558334,32.625]},"properties":{"rainfall":462.0,"rainfallInches":4.62}},{"type":"Feature","geometry":{"type":"Point","coordinates":[-98.058334,32.616666]},"properties":{"rainfall":466.0,"rainfallInches":4.66}},{"type":"Feature","geometry":{"type":"Point","coordinates":[-98.05,32.616666]},"properties":{"rainfall":466.0,"rainfallInches":4.66}},{"type":"Feature","geometry":{"type":"Point","coordinates":[-98.041667,32.616666]},"properties":{"rainfall":466.0,"rainfallInches":4.66}},{"type":"Feature","geometry":{"type":"Point","coordinates":[-98.033334,32.616666]},"properties":{"rainfall":466.0,"rainfallInches":4.66}},{"type":"Feature","geometry":{"type":"Point","coordinates":[-98.025,32.616666]},"properties":{"rainfall":467.0,"rainfallInches":4.67}},{"type":"Feature","geometry":{"type":"Point","coordinates":[-98.016667,32.616666]},"properties":{"rainfall":467.0,"rainfallInches":4.67}},{"type":"Feature","geometry":{"type":"Point","coordinates":[-98.008334,32.616666]},"properties":{"rainfall":468.0,"rainfallInches":4.68}},{"type":"Feature","geometry":{"type":"Point","coordinates":[-98.0,32.616666]},"properties":{"rainfall":468.0,"rainfallInches":4.68}},{"type":"Feature","geometry":{"type":"Point","coordinates":[-97.991667,32.616666]},"properties":{"rainfall":468.0,"rainfallInches":4.68}},{"type":"Feature","geometry":{"type":"Point","coordinates":[-97.983334,32.616666]},"properties":{"rainfall":468.0,"rainfallInches":4.68}},{"type":"Feature","geometry":{"type":"Point","coordinates":[-97.975,32.616666]},"properties":{"rainfall":469.0,"rainfallInches":4.69}},{"type":"Feature","geometry":{"type":"Point","coordinates":[-97.966667,32.616666]},"properties":{"rainfall":469.0,"rainfallInches":4.69}},{"type":"Feature","geometry":{"type":"Point","coordinates":[-97.958334,32.616666]},"properties":{"rainfall":469.0,"rainfallInches":4.69}},{"type":"Feature","geometry":{"type":"Point","coordinates":[-97.95,32.616666]},"properties":{"rainfall":469.0,"rainfallInches":4.69}},{"type":"Feature","geometry":{"type":"Point","coordinates":[-97.941667,32.616666]},"properties":{"rainfall":469.0,"rainfallInches":4.69}},{"type":"Feature","geometry":{"type":"Point","coordinates":[-97.933334,32.616666]},"properties":{"rainfall":469.0,"rainfallInches":4.69}},{"type":"Feature","geometry":{"type":"Point","coordinates":[-97.925,32.616666]},"properties":{"rainfall":469.0,"rainfallInches":4.69}},{"type":"Feature","geometry":{"type":"Point","coordinates":[-97.916667,32.616666]},"properties":{"rainfall":469.0,"rainfallInches":4.69}},{"type":"Feature","geometry":{"type":"Point","coordinates":[-97.908334,32.616666]},"properties":{"rainfall":468.0,"rainfallInches":4.68}},{"type":"Feature","geometry":{"type":"Point","coordinates":[-97.9,32.616666]},"properties":{"rainfall":468.0,"rainfallInches":4.68}},{"type":"Feature","geometry":{"type":"Point","coordinates":[-97.891667,32.616666]},"properties":{"rainfall":468.0,"rainfallInches":4.68}},{"type":"Feature","geometry":{"type":"Point","coordinates":[-97.883334,32.616666]},"properties":{"rainfall":468.0,"rainfallInches":4.68}},{"type":"Feature","geometry":{"type":"Point","coordinates":[-97.875,32.616666]},"properties":{"rainfall":467.0,"rainfallInches":4.67}},{"type":"Feature","geometry":{"type":"Point","coordinates":[-97.866667,32.616666]},"properties":{"rainfall":467.0,"rainfallInches":4.67}},{"type":"Feature","geometry":{"type":"Point","coordinates":[-97.858334,32.616666]},"properties":{"rainfall":466.0,"rainfallInches":4.66}},{"type":"Feature","geometry":{"type":"Point","coordinates":[-97.85,32.616666]},"properties":{"rainfall":466.0,"rainfallInches":4.66}},{"type":"Feature","geometry":{"type":"Point","coordinates":[-97.841667,32.616666]},"properties":{"rainfall":466.0,"rainfallInches":4.66}},{"type":"Feature","geometry":{"type":"Point","coordinates":[-97.833334,32.616666]},"properties":{"rainfall":465.0,"rainfallInches":4.65}},{"type":"Feature","geometry":{"type":"Point","coordinates":[-97.825,32.616666]},"properties":{"rainfall":465.0,"rainfallInches":4.65}},{"type":"Feature","geometry":{"type":"Point","coordinates":[-97.816667,32.616666]},"properties":{"rainfall":464.0,"rainfallInches":4.64}},{"type":"Feature","geometry":{"type":"Point","coordinates":[-97.808334,32.616666]},"properties":{"rainfall":464.0,"rainfallInches":4.64}},{"type":"Feature","geometry":{"type":"Point","coordinates":[-97.8,32.616666]},"properties":{"rainfall":464.0,"rainfallInches":4.64}},{"type":"Feature","geometry":{"type":"Point","coordinates":[-97.791667,32.616666]},"properties":{"rainfall":463.0,"rainfallInches":4.63}},{"type":"Feature","geometry":{"type":"Point","coordinates":[-97.783334,32.616666]},"properties":{"rainfall":463.0,"rainfallInches":4.63}},{"type":"Feature","geometry":{"type":"Point","coordinates":[-97.775,32.616666]},"properties":{"rainfall":463.0,"rainfallInches":4.63}},{"type":"Feature","geometry":{"type":"Point","coordinates":[-97.766667,32.616666]},"properties":{"rainfall":462.0,"rainfallInches":4.62}},{"type":"Feature","geometry":{"type":"Point","coordinates":[-97.758334,32.616666]},"properties":{"rainfall":462.0,"rainfallInches":4.62}},{"type":"Feature","geometry":{"type":"Point","coordinates":[-97.75,32.616666]},"properties":{"rainfall":462.0,"rainfallInches":4.62}},{"type":"Feature","geometry":{"type":"Point","coordinates":[-97.741667,32.616666]},"properties":{"rainfall":461.0,"rainfallInches":4.61}},{"type":"Feature","geometry":{"type":"Point","coordinates":[-97.733334,32.616666]},"properties":{"rainfall":461.0,"rainfallInches":4.61}},{"type":"Feature","geometry":{"type":"Point","coordinates":[-97.725,32.616666]},"properties":{"rainfall":461.0,"rainfallInches":4.61}},{"type":"Feature","geometry":{"type":"Point","coordinates":[-97.716667,32.616666]},"properties":{"rainfall":460.0,"rainfallInches":4.6}},{"type":"Feature","geometry":{"type":"Point","coordinates":[-97.708334,32.616666]},"properties":{"rainfall":460.0,"rainfallInches":4.6}},{"type":"Feature","geometry":{"type":"Point","coordinates":[-97.7,32.616666]},"properties":{"rainfall":460.0,"rainfallInches":4.6}},{"type":"Feature","geometry":{"type":"Point","coordinates":[-97.691667,32.616666]},"properties":{"rainfall":460.0,"rainfallInches":4.6}},{"type":"Feature","geometry":{"type":"Point","coordinates":[-97.683334,32.616666]},"properties":{"rainfall":460.0,"rainfallInches":4.6}},{"type":"Feature","geometry":{"type":"Point","coordinates":[-97.675,32.616666]},"properties":{"rainfall":460.0,"rainfallInches":4.6}},{"type":"Feature","geometry":{"type":"Point","coordinates":[-97.666667,32.616666]},"properties":{"rainfall":460.0,"rainfallInches":4.6}},{"type":"Feature","geometry":{"type":"Point","coordinates":[-97.658334,32.616666]},"properties":{"rainfall":460.0,"rainfallInches":4.6}},{"type":"Feature","geometry":{"type":"Point","coordinates":[-97.65,32.616666]},"properties":{"rainfall":460.0,"rainfallInches":4.6}},{"type":"Feature","geometry":{"type":"Point","coordinates":[-97.641667,32.616666]},"properties":{"rainfall":460.0,"rainfallInches":4.6}},{"type":"Feature","geometry":{"type":"Point","coordinates":[-97.633334,32.616666]},"properties":{"rainfall":460.0,"rainfallInches":4.6}},{"type":"Feature","geometry":{"type":"Point","coordinates":[-97.625,32.616666]},"properties":{"rainfall":460.0,"rainfallInches":4.6}},{"type":"Feature","geometry":{"type":"Point","coordinates":[-97.616667,32.616666]},"properties":{"rainfall":461.0,"rainfallInches":4.61}},{"type":"Feature","geometry":{"type":"Point","coordinates":[-97.608334,32.616666]},"properties":{"rainfall":461.0,"rainfallInches":4.61}},{"type":"Feature","geometry":{"type":"Point","coordinates":[-97.6,32.616666]},"properties":{"rainfall":461.0,"rainfallInches":4.61}},{"type":"Feature","geometry":{"type":"Point","coordinates":[-97.591667,32.616666]},"properties":{"rainfall":461.0,"rainfallInches":4.61}},{"type":"Feature","geometry":{"type":"Point","coordinates":[-97.583334,32.616666]},"properties":{"rainfall":461.0,"rainfallInches":4.61}},{"type":"Feature","geometry":{"type":"Point","coordinates":[-97.575,32.616666]},"properties":{"rainfall":461.0,"rainfallInches":4.61}},{"type":"Feature","geometry":{"type":"Point","coordinates":[-97.566667,32.616666]},"properties":{"rainfall":462.0,"rainfallInches":4.62}},{"type":"Feature","geometry":{"type":"Point","coordinates":[-97.558334,32.616666]},"properties":{"rainfall":463.0,"rainfallInches":4.63}},{"type":"Feature","geometry":{"type":"Point","coordinates":[-98.058334,32.608333]},"properties":{"rainfall":465.0,"rainfallInches":4.65}},{"type":"Feature","geometry":{"type":"Point","coordinates":[-98.05,32.608333]},"properties":{"rainfall":466.0,"rainfallInches":4.66}},{"type":"Feature","geometry":{"type":"Point","coordinates":[-98.041667,32.608333]},"properties":{"rainfall":466.0,"rainfallInches":4.66}},{"type":"Feature","geometry":{"type":"Point","coordinates":[-98.033334,32.608333]},"properties":{"rainfall":466.0,"rainfallInches":4.66}},{"type":"Feature","geometry":{"type":"Point","coordinates":[-98.025,32.608333]},"properties":{"rainfall":467.0,"rainfallInches":4.67}},{"type":"Feature","geometry":{"type":"Point","coordinates":[-98.016667,32.608333]},"properties":{"rainfall":467.0,"rainfallInches":4.67}},{"type":"Feature","geometry":{"type":"Point","coordinates":[-98.008334,32.608333]},"properties":{"rainfall":467.0,"rainfallInches":4.67}},{"type":"Feature","geometry":{"type":"Point","coordinates":[-98.0,32.608333]},"properties":{"rainfall":468.0,"rainfallInches":4.68}},{"type":"Feature","geometry":{"type":"Point","coordinates":[-97.991667,32.608333]},"properties":{"rainfall":468.0,"rainfallInches":4.68}},{"type":"Feature","geometry":{"type":"Point","coordinates":[-97.983334,32.608333]},"properties":{"rainfall":468.0,"rainfallInches":4.68}},{"type":"Feature","geometry":{"type":"Point","coordinates":[-97.975,32.608333]},"properties":{"rainfall":469.0,"rainfallInches":4.69}},{"type":"Feature","geometry":{"type":"Point","coordinates":[-97.966667,32.608333]},"properties":{"rainfall":469.0,"rainfallInches":4.69}},{"type":"Feature","geometry":{"type":"Point","coordinates":[-97.958334,32.608333]},"properties":{"rainfall":469.0,"rainfallInches":4.69}},{"type":"Feature","geometry":{"type":"Point","coordinates":[-97.95,32.608333]},"properties":{"rainfall":469.0,"rainfallInches":4.69}},{"type":"Feature","geometry":{"type":"Point","coordinates":[-97.941667,32.608333]},"properties":{"rainfall":469.0,"rainfallInches":4.69}},{"type":"Feature","geometry":{"type":"Point","coordinates":[-97.933334,32.608333]},"properties":{"rainfall":469.0,"rainfallInches":4.69}},{"type":"Feature","geometry":{"type":"Point","coordinates":[-97.925,32.608333]},"properties":{"rainfall":469.0,"rainfallInches":4.69}},{"type":"Feature","geometry":{"type":"Point","coordinates":[-97.916667,32.608333]},"properties":{"rainfall":469.0,"rainfallInches":4.69}},{"type":"Feature","geometry":{"type":"Point","coordinates":[-97.908334,32.608333]},"properties":{"rainfall":469.0,"rainfallInches":4.69}},{"type":"Feature","geometry":{"type":"Point","coordinates":[-97.9,32.608333]},"properties":{"rainfall":468.0,"rainfallInches":4.68}},{"type":"Feature","geometry":{"type":"Point","coordinates":[-97.891667,32.608333]},"properties":{"rainfall":468.0,"rainfallInches":4.68}},{"type":"Feature","geometry":{"type":"Point","coordinates":[-97.883334,32.608333]},"properties":{"rainfall":468.0,"rainfallInches":4.68}},{"type":"Feature","geometry":{"type":"Point","coordinates":[-97.875,32.608333]},"properties":{"rainfall":467.0,"rainfallInches":4.67}},{"type":"Feature","geometry":{"type":"Point","coordinates":[-97.866667,32.608333]},"properties":{"rainfall":467.0,"rainfallInches":4.67}},{"type":"Feature","geometry":{"type":"Point","coordinates":[-97.858334,32.608333]},"properties":{"rainfall":467.0,"rainfallInches":4.67}},{"type":"Feature","geometry":{"type":"Point","coordinates":[-97.85,32.608333]},"properties":{"rainfall":466.0,"rainfallInches":4.66}},{"type":"Feature","geometry":{"type":"Point","coordinates":[-97.841667,32.608333]},"properties":{"rainfall":466.0,"rainfallInches":4.66}},{"type":"Feature","geometry":{"type":"Point","coordinates":[-97.833334,32.608333]},"properties":{"rainfall":465.0,"rainfallInches":4.65}},{"type":"Feature","geometry":{"type":"Point","coordinates":[-97.825,32.608333]},"properties":{"rainfall":465.0,"rainfallInches":4.65}},{"type":"Feature","geometry":{"type":"Point","coordinates":[-97.816667,32.608333]},"properties":{"rainfall":465.0,"rainfallInches":4.65}},{"type":"Feature","geometry":{"type":"Point","coordinates":[-97.808334,32.608333]},"properties":{"rainfall":464.0,"rainfallInches":4.64}},{"type":"Feature","geometry":{"type":"Point","coordinates":[-97.8,32.608333]},"properties":{"rainfall":464.0,"rainfallInches":4.64}},{"type":"Feature","geometry":{"type":"Point","coordinates":[-97.791667,32.608333]},"properties":{"rainfall":463.0,"rainfallInches":4.63}},{"type":"Feature","geometry":{"type":"Point","coordinates":[-97.783334,32.608333]},"properties":{"rainfall":463.0,"rainfallInches":4.63}},{"type":"Feature","geometry":{"type":"Point","coordinates":[-97.775,32.608333]},"properties":{"rainfall":463.0,"rainfallInches":4.63}},{"type":"Feature","geometry":{"type":"Point","coordinates":[-97.766667,32.608333]},"properties":{"rainfall":462.0,"rainfallInches":4.62}},{"type":"Feature","geometry":{"type":"Point","coordinates":[-97.758334,32.608333]},"properties":{"rainfall":462.0,"rainfallInches":4.62}},{"type":"Feature","geometry":{"type":"Point","coordinates":[-97.75,32.608333]},"properties":{"rainfall":462.0,"rainfallInches":4.62}},{"type":"Feature","geometry":{"type":"Point","coordinates":[-97.741667,32.608333]},"properties":{"rainfall":462.0,"rainfallInches":4.62}},{"type":"Feature","geometry":{"type":"Point","coordinates":[-97.733334,32.608333]},"properties":{"rainfall":461.0,"rainfallInches":4.61}},{"type":"Feature","geometry":{"type":"Point","coordinates":[-97.725,32.608333]},"properties":{"rainfall":461.0,"rainfallInches":4.61}},{"type":"Feature","geometry":{"type":"Point","coordinates":[-97.716667,32.608333]},"properties":{"rainfall":461.0,"rainfallInches":4.61}},{"type":"Feature","geometry":{"type":"Point","coordinates":[-97.708334,32.608333]},"properties":{"rainfall":460.0,"rainfallInches":4.6}},{"type":"Feature","geometry":{"type":"Point","coordinates":[-97.7,32.608333]},"properties":{"rainfall":460.0,"rainfallInches":4.6}},{"type":"Feature","geometry":{"type":"Point","coordinates":[-97.691667,32.608333]},"properties":{"rainfall":460.0,"rainfallInches":4.6}},{"type":"Feature","geometry":{"type":"Point","coordinates":[-97.683334,32.608333]},"properties":{"rainfall":460.0,"rainfallInches":4.6}},{"type":"Feature","geometry":{"type":"Point","coordinates":[-97.675,32.608333]},"properties":{"rainfall":460.0,"rainfallInches":4.6}},{"type":"Feature","geometry":{"type":"Point","coordinates":[-97.666667,32.608333]},"properties":{"rainfall":460.0,"rainfallInches":4.6}},{"type":"Feature","geometry":{"type":"Point","coordinates":[-97.658334,32.608333]},"properties":{"rainfall":460.0,"rainfallInches":4.6}},{"type":"Feature","geometry":{"type":"Point","coordinates":[-97.65,32.608333]},"properties":{"rainfall":461.0,"rainfallInches":4.61}},{"type":"Feature","geometry":{"type":"Point","coordinates":[-97.641667,32.608333]},"properties":{"rainfall":461.0,"rainfallInches":4.61}},{"type":"Feature","geometry":{"type":"Point","coordinates":[-97.633334,32.608333]},"properties":{"rainfall":461.0,"rainfallInches":4.61}},{"type":"Feature","geometry":{"type":"Point","coordinates":[-97.625,32.608333]},"properties":{"rainfall":461.0,"rainfallInches":4.61}},{"type":"Feature","geometry":{"type":"Point","coordinates":[-97.616667,32.608333]},"properties":{"rainfall":461.0,"rainfallInches":4.61}},{"type":"Feature","geometry":{"type":"Point","coordinates":[-97.608334,32.608333]},"properties":{"rainfall":461.0,"rainfallInches":4.61}},{"type":"Feature","geometry":{"type":"Point","coordinates":[-97.6,32.608333]},"properties":{"rainfall":462.0,"rainfallInches":4.62}},{"type":"Feature","geometry":{"type":"Point","coordinates":[-97.591667,32.608333]},"properties":{"rainfall":462.0,"rainfallInches":4.62}},{"type":"Feature","geometry":{"type":"Point","coordinates":[-97.583334,32.608333]},"properties":{"rainfall":462.0,"rainfallInches":4.62}},{"type":"Feature","geometry":{"type":"Point","coordinates":[-97.575,32.608333]},"properties":{"rainfall":462.0,"rainfallInches":4.62}},{"type":"Feature","geometry":{"type":"Point","coordinates":[-97.566667,32.608333]},"properties":{"rainfall":463.0,"rainfallInches":4.63}},{"type":"Feature","geometry":{"type":"Point","coordinates":[-97.558334,32.608333]},"properties":{"rainfall":463.0,"rainfallInches":4.63}},{"type":"Feature","geometry":{"type":"Point","coordinates":[-98.058334,32.6]},"properties":{"rainfall":465.0,"rainfallInches":4.65}},{"type":"Feature","geometry":{"type":"Point","coordinates":[-98.05,32.6]},"properties":{"rainfall":465.0,"rainfallInches":4.65}},{"type":"Feature","geometry":{"type":"Point","coordinates":[-98.041667,32.6]},"properties":{"rainfall":466.0,"rainfallInches":4.66}},{"type":"Feature","geometry":{"type":"Point","coordinates":[-98.033334,32.6]},"properties":{"rainfall":466.0,"rainfallInches":4.66}},{"type":"Feature","geometry":{"type":"Point","coordinates":[-98.025,32.6]},"properties":{"rainfall":466.0,"rainfallInches":4.66}},{"type":"Feature","geometry":{"type":"Point","coordinates":[-98.016667,32.6]},"properties":{"rainfall":467.0,"rainfallInches":4.67}},{"type":"Feature","geometry":{"type":"Point","coordinates":[-98.008334,32.6]},"properties":{"rainfall":467.0,"rainfallInches":4.67}},{"type":"Feature","geometry":{"type":"Point","coordinates":[-98.0,32.6]},"properties":{"rainfall":468.0,"rainfallInches":4.68}},{"type":"Feature","geometry":{"type":"Point","coordinates":[-97.991667,32.6]},"properties":{"rainfall":468.0,"rainfallInches":4.68}},{"type":"Feature","geometry":{"type":"Point","coordinates":[-97.983334,32.6]},"properties":{"rainfall":468.0,"rainfallInches":4.68}},{"type":"Feature","geometry":{"type":"Point","coordinates":[-97.975,32.6]},"properties":{"rainfall":468.0,"rainfallInches":4.68}},{"type":"Feature","geometry":{"type":"Point","coordinates":[-97.966667,32.6]},"properties":{"rainfall":469.0,"rainfallInches":4.69}},{"type":"Feature","geometry":{"type":"Point","coordinates":[-97.958334,32.6]},"properties":{"rainfall":469.0,"rainfallInches":4.69}},{"type":"Feature","geometry":{"type":"Point","coordinates":[-97.95,32.6]},"properties":{"rainfall":469.0,"rainfallInches":4.69}},{"type":"Feature","geometry":{"type":"Point","coordinates":[-97.941667,32.6]},"properties":{"rainfall":469.0,"rainfallInches":4.69}},{"type":"Feature","geometry":{"type":"Point","coordinates":[-97.933334,32.6]},"properties":{"rainfall":469.0,"rainfallInches":4.69}},{"type":"Feature","geometry":{"type":"Point","coordinates":[-97.925,32.6]},"properties":{"rainfall":469.0,"rainfallInches":4.69}},{"type":"Feature","geometry":{"type":"Point","coordinates":[-97.916667,32.6]},"properties":{"rainfall":469.0,"rainfallInches":4.69}},{"type":"Feature","geometry":{"type":"Point","coordinates":[-97.908334,32.6]},"properties":{"rainfall":469.0,"rainfallInches":4.69}},{"type":"Feature","geometry":{"type":"Point","coordinates":[-97.9,32.6]},"properties":{"rainfall":468.0,"rainfallInches":4.68}},{"type":"Feature","geometry":{"type":"Point","coordinates":[-97.891667,32.6]},"properties":{"rainfall":468.0,"rainfallInches":4.68}},{"type":"Feature","geometry":{"type":"Point","coordinates":[-97.883334,32.6]},"properties":{"rainfall":468.0,"rainfallInches":4.68}},{"type":"Feature","geometry":{"type":"Point","coordinates":[-97.875,32.6]},"properties":{"rainfall":467.0,"rainfallInches":4.67}},{"type":"Feature","geometry":{"type":"Point","coordinates":[-97.866667,32.6]},"properties":{"rainfall":467.0,"rainfallInches":4.67}},{"type":"Feature","geometry":{"type":"Point","coordinates":[-97.858334,32.6]},"properties":{"rainfall":467.0,"rainfallInches":4.67}},{"type":"Feature","geometry":{"type":"Point","coordinates":[-97.85,32.6]},"properties":{"rainfall":466.0,"rainfallInches":4.66}},{"type":"Feature","geometry":{"type":"Point","coordinates":[-97.841667,32.6]},"properties":{"rainfall":466.0,"rainfallInches":4.66}},{"type":"Feature","geometry":{"type":"Point","coordinates":[-97.833334,32.6]},"properties":{"rainfall":466.0,"rainfallInches":4.66}},{"type":"Feature","geometry":{"type":"Point","coordinates":[-97.825,32.6]},"properties":{"rainfall":465.0,"rainfallInches":4.65}},{"type":"Feature","geometry":{"type":"Point","coordinates":[-97.816667,32.6]},"properties":{"rainfall":465.0,"rainfallInches":4.65}},{"type":"Feature","geometry":{"type":"Point","coordinates":[-97.808334,32.6]},"properties":{"rainfall":464.0,"rainfallInches":4.64}},{"type":"Feature","geometry":{"type":"Point","coordinates":[-97.8,32.6]},"properties":{"rainfall":464.0,"rainfallInches":4.64}},{"type":"Feature","geometry":{"type":"Point","coordinates":[-97.791667,32.6]},"properties":{"rainfall":464.0,"rainfallInches":4.64}},{"type":"Feature","geometry":{"type":"Point","coordinates":[-97.783334,32.6]},"properties":{"rainfall":463.0,"rainfallInches":4.63}},{"type":"Feature","geometry":{"type":"Point","coordinates":[-97.775,32.6]},"properties":{"rainfall":463.0,"rainfallInches":4.63}},{"type":"Feature","geometry":{"type":"Point","coordinates":[-97.766667,32.6]},"properties":{"rainfall":463.0,"rainfallInches":4.63}},{"type":"Feature","geometry":{"type":"Point","coordinates":[-97.758334,32.6]},"properties":{"rainfall":462.0,"rainfallInches":4.62}},{"type":"Feature","geometry":{"type":"Point","coordinates":[-97.75,32.6]},"properties":{"rainfall":462.0,"rainfallInches":4.62}},{"type":"Feature","geometry":{"type":"Point","coordinates":[-97.741667,32.6]},"properties":{"rainfall":462.0,"rainfallInches":4.62}},{"type":"Feature","geometry":{"type":"Point","coordinates":[-97.733334,32.6]},"properties":{"rainfall":462.0,"rainfallInches":4.62}},{"type":"Feature","geometry":{"type":"Point","coordinates":[-97.725,32.6]},"properties":{"rainfall":462.0,"rainfallInches":4.62}},{"type":"Feature","geometry":{"type":"Point","coordinates":[-97.716667,32.6]},"properties":{"rainfall":461.0,"rainfallInches":4.61}},{"type":"Feature","geometry":{"type":"Point","coordinates":[-97.708334,32.6]},"properties":{"rainfall":461.0,"rainfallInches":4.61}},{"type":"Feature","geometry":{"type":"Point","coordinates":[-97.7,32.6]},"properties":{"rainfall":461.0,"rainfallInches":4.61}},{"type":"Feature","geometry":{"type":"Point","coordinates":[-97.691667,32.6]},"properties":{"rainfall":461.0,"rainfallInches":4.61}},{"type":"Feature","geometry":{"type":"Point","coordinates":[-97.683334,32.6]},"properties":{"rainfall":461.0,"rainfallInches":4.61}},{"type":"Feature","geometry":{"type":"Point","coordinates":[-97.675,32.6]},"properties":{"rainfall":461.0,"rainfallInches":4.61}},{"type":"Feature","geometry":{"type":"Point","coordinates":[-97.666667,32.6]},"properties":{"rainfall":461.0,"rainfallInches":4.61}},{"type":"Feature","geometry":{"type":"Point","coordinates":[-97.658334,32.6]},"properties":{"rainfall":461.0,"rainfallInches":4.61}},{"type":"Feature","geometry":{"type":"Point","coordinates":[-97.65,32.6]},"properties":{"rainfall":462.0,"rainfallInches":4.62}},{"type":"Feature","geometry":{"type":"Point","coordinates":[-97.641667,32.6]},"properties":{"rainfall":462.0,"rainfallInches":4.62}},{"type":"Feature","geometry":{"type":"Point","coordinates":[-97.633334,32.6]},"properties":{"rainfall":462.0,"rainfallInches":4.62}},{"type":"Feature","geometry":{"type":"Point","coordinates":[-97.625,32.6]},"properties":{"rainfall":462.0,"rainfallInches":4.62}},{"type":"Feature","geometry":{"type":"Point","coordinates":[-97.616667,32.6]},"properties":{"rainfall":462.0,"rainfallInches":4.62}},{"type":"Feature","geometry":{"type":"Point","coordinates":[-97.608334,32.6]},"properties":{"rainfall":462.0,"rainfallInches":4.62}},{"type":"Feature","geometry":{"type":"Point","coordinates":[-97.6,32.6]},"properties":{"rainfall":462.0,"rainfallInches":4.62}},{"type":"Feature","geometry":{"type":"Point","coordinates":[-97.591667,32.6]},"properties":{"rainfall":462.0,"rainfallInches":4.62}},{"type":"Feature","geometry":{"type":"Point","coordinates":[-97.583334,32.6]},"properties":{"rainfall":463.0,"rainfallInches":4.63}},{"type":"Feature","geometry":{"type":"Point","coordinates":[-97.575,32.6]},"properties":{"rainfall":463.0,"rainfallInches":4.63}},{"type":"Feature","geometry":{"type":"Point","coordinates":[-97.566667,32.6]},"properties":{"rainfall":463.0,"rainfallInches":4.63}},{"type":"Feature","geometry":{"type":"Point","coordinates":[-97.558334,32.6]},"properties":{"rainfall":464.0,"rainfallInches":4.64}},{"type":"Feature","geometry":{"type":"Point","coordinates":[-98.058334,32.591666]},"properties":{"rainfall":465.0,"rainfallInches":4.65}},{"type":"Feature","geometry":{"type":"Point","coordinates":[-98.05,32.591666]},"properties":{"rainfall":465.0,"rainfallInches":4.65}},{"type":"Feature","geometry":{"type":"Point","coordinates":[-98.041667,32.591666]},"properties":{"rainfall":465.0,"rainfallInches":4.65}},{"type":"Feature","geometry":{"type":"Point","coordinates":[-98.033334,32.591666]},"properties":{"rainfall":466.0,"rainfallInches":4.66}},{"type":"Feature","geometry":{"type":"Point","coordinates":[-98.025,32.591666]},"properties":{"rainfall":466.0,"rainfallInches":4.66}},{"type":"Feature","geometry":{"type":"Point","coordinates":[-98.016667,32.591666]},"properties":{"rainfall":467.0,"rainfallInches":4.67}},{"type":"Feature","geometry":{"type":"Point","coordinates":[-98.008334,32.591666]},"properties":{"rainfall":467.0,"rainfallInches":4.67}},{"type":"Feature","geometry":{"type":"Point","coordinates":[-98.0,32.591666]},"properties":{"rainfall":467.0,"rainfallInches":4.67}},{"type":"Feature","geometry":{"type":"Point","coordinates":[-97.991667,32.591666]},"properties":{"rainfall":468.0,"rainfallInches":4.68}},{"type":"Feature","geometry":{"type":"Point","coordinates":[-97.983334,32.591666]},"properties":{"rainfall":468.0,"rainfallInches":4.68}},{"type":"Feature","geometry":{"type":"Point","coordinates":[-97.975,32.591666]},"properties":{"rainfall":469.0,"rainfallInches":4.69}},{"type":"Feature","geometry":{"type":"Point","coordinates":[-97.966667,32.591666]},"properties":{"rainfall":469.0,"rainfallInches":4.69}},{"type":"Feature","geometry":{"type":"Point","coordinates":[-97.958334,32.591666]},"properties":{"rainfall":469.0,"rainfallInches":4.69}},{"type":"Feature","geometry":{"type":"Point","coordinates":[-97.95,32.591666]},"properties":{"rainfall":469.0,"rainfallInches":4.69}},{"type":"Feature","geometry":{"type":"Point","coordinates":[-97.941667,32.591666]},"properties":{"rainfall":469.0,"rainfallInches":4.69}},{"type":"Feature","geometry":{"type":"Point","coordinates":[-97.933334,32.591666]},"properties":{"rainfall":469.0,"rainfallInches":4.69}},{"type":"Feature","geometry":{"type":"Point","coordinates":[-97.925,32.591666]},"properties":{"rainfall":469.0,"rainfallInches":4.69}},{"type":"Feature","geometry":{"type":"Point","coordinates":[-97.916667,32.591666]},"properties":{"rainfall":469.0,"rainfallInches":4.69}},{"type":"Feature","geometry":{"type":"Point","coordinates":[-97.908334,32.591666]},"properties":{"rainfall":469.0,"rainfallInches":4.69}},{"type":"Feature","geometry":{"type":"Point","coordinates":[-97.9,32.591666]},"properties":{"rainfall":469.0,"rainfallInches":4.69}},{"type":"Feature","geometry":{"type":"Point","coordinates":[-97.891667,32.591666]},"properties":{"rainfall":468.0,"rainfallInches":4.68}},{"type":"Feature","geometry":{"type":"Point","coordinates":[-97.883334,32.591666]},"properties":{"rainfall":468.0,"rainfallInches":4.68}},{"type":"Feature","geometry":{"type":"Point","coordinates":[-97.875,32.591666]},"properties":{"rainfall":468.0,"rainfallInches":4.68}},{"type":"Feature","geometry":{"type":"Point","coordinates":[-97.866667,32.591666]},"properties":{"rainfall":467.0,"rainfallInches":4.67}},{"type":"Feature","geometry":{"type":"Point","coordinates":[-97.858334,32.591666]},"properties":{"rainfall":467.0,"rainfallInches":4.67}},{"type":"Feature","geometry":{"type":"Point","coordinates":[-97.85,32.591666]},"properties":{"rainfall":466.0,"rainfallInches":4.66}},{"type":"Feature","geometry":{"type":"Point","coordinates":[-97.841667,32.591666]},"properties":{"rainfall":466.0,"rainfallInches":4.66}},{"type":"Feature","geometry":{"type":"Point","coordinates":[-97.833334,32.591666]},"properties":{"rainfall":466.0,"rainfallInches":4.66}},{"type":"Feature","geometry":{"type":"Point","coordinates":[-97.825,32.591666]},"properties":{"rainfall":465.0,"rainfallInches":4.65}},{"type":"Feature","geometry":{"type":"Point","coordinates":[-97.816667,32.591666]},"properties":{"rainfall":465.0,"rainfallInches":4.65}},{"type":"Feature","geometry":{"type":"Point","coordinates":[-97.808334,32.591666]},"properties":{"rainfall":465.0,"rainfallInches":4.65}},{"type":"Feature","geometry":{"type":"Point","coordinates":[-97.8,32.591666]},"properties":{"rainfall":464.0,"rainfallInches":4.64}},{"type":"Feature","geometry":{"type":"Point","coordinates":[-97.791667,32.591666]},"properties":{"rainfall":464.0,"rainfallInches":4.64}},{"type":"Feature","geometry":{"type":"Point","coordinates":[-97.783334,32.591666]},"properties":{"rainfall":463.0,"rainfallInches":4.63}},{"type":"Feature","geometry":{"type":"Point","coordinates":[-97.775,32.591666]},"properties":{"rainfall":463.0,"rainfallInches":4.63}},{"type":"Feature","geometry":{"type":"Point","coordinates":[-97.766667,32.591666]},"properties":{"rainfall":463.0,"rainfallInches":4.63}},{"type":"Feature","geometry":{"type":"Point","coordinates":[-97.758334,32.591666]},"properties":{"rainfall":463.0,"rainfallInches":4.63}},{"type":"Feature","geometry":{"type":"Point","coordinates":[-97.75,32.591666]},"properties":{"rainfall":462.0,"rainfallInches":4.62}},{"type":"Feature","geometry":{"type":"Point","coordinates":[-97.741667,32.591666]},"properties":{"rainfall":462.0,"rainfallInches":4.62}},{"type":"Feature","geometry":{"type":"Point","coordinates":[-97.733334,32.591666]},"properties":{"rainfall":462.0,"rainfallInches":4.62}},{"type":"Feature","geometry":{"type":"Point","coordinates":[-97.725,32.591666]},"properties":{"rainfall":462.0,"rainfallInches":4.62}},{"type":"Feature","geometry":{"type":"Point","coordinates":[-97.716667,32.591666]},"properties":{"rainfall":461.0,"rainfallInches":4.61}},{"type":"Feature","geometry":{"type":"Point","coordinates":[-97.708334,32.591666]},"properties":{"rainfall":461.0,"rainfallInches":4.61}},{"type":"Feature","geometry":{"type":"Point","coordinates":[-97.7,32.591666]},"properties":{"rainfall":461.0,"rainfallInches":4.61}},{"type":"Feature","geometry":{"type":"Point","coordinates":[-97.691667,32.591666]},"properties":{"rainfall":461.0,"rainfallInches":4.61}},{"type":"Feature","geometry":{"type":"Point","coordinates":[-97.683334,32.591666]},"properties":{"rainfall":461.0,"rainfallInches":4.61}},{"type":"Feature","geometry":{"type":"Point","coordinates":[-97.675,32.591666]},"properties":{"rainfall":461.0,"rainfallInches":4.61}},{"type":"Feature","geometry":{"type":"Point","coordinates":[-97.666667,32.591666]},"properties":{"rainfall":461.0,"rainfallInches":4.61}},{"type":"Feature","geometry":{"type":"Point","coordinates":[-97.658334,32.591666]},"properties":{"rainfall":462.0,"rainfallInches":4.62}},{"type":"Feature","geometry":{"type":"Point","coordinates":[-97.65,32.591666]},"properties":{"rainfall":462.0,"rainfallInches":4.62}},{"type":"Feature","geometry":{"type":"Point","coordinates":[-97.641667,32.591666]},"properties":{"rainfall":463.0,"rainfallInches":4.63}},{"type":"Feature","geometry":{"type":"Point","coordinates":[-97.633334,32.591666]},"properties":{"rainfall":463.0,"rainfallInches":4.63}},{"type":"Feature","geometry":{"type":"Point","coordinates":[-97.625,32.591666]},"properties":{"rainfall":463.0,"rainfallInches":4.63}},{"type":"Feature","geometry":{"type":"Point","coordinates":[-97.616667,32.591666]},"properties":{"rainfall":463.0,"rainfallInches":4.63}},{"type":"Feature","geometry":{"type":"Point","coordinates":[-97.608334,32.591666]},"properties":{"rainfall":463.0,"rainfallInches":4.63}},{"type":"Feature","geometry":{"type":"Point","coordinates":[-97.6,32.591666]},"properties":{"rainfall":463.0,"rainfallInches":4.63}},{"type":"Feature","geometry":{"type":"Point","coordinates":[-97.591667,32.591666]},"properties":{"rainfall":463.0,"rainfallInches":4.63}},{"type":"Feature","geometry":{"type":"Point","coordinates":[-97.583334,32.591666]},"properties":{"rainfall":463.0,"rainfallInches":4.63}},{"type":"Feature","geometry":{"type":"Point","coordinates":[-97.575,32.591666]},"properties":{"rainfall":463.0,"rainfallInches":4.63}},{"type":"Feature","geometry":{"type":"Point","coordinates":[-97.566667,32.591666]},"properties":{"rainfall":464.0,"rainfallInches":4.64}},{"type":"Feature","geometry":{"type":"Point","coordinates":[-97.558334,32.591666]},"properties":{"rainfall":464.0,"rainfallInches":4.64}},{"type":"Feature","geometry":{"type":"Point","coordinates":[-98.058334,32.583333]},"properties":{"rainfall":465.0,"rainfallInches":4.65}},{"type":"Feature","geometry":{"type":"Point","coordinates":[-98.05,32.583333]},"properties":{"rainfall":465.0,"rainfallInches":4.65}},{"type":"Feature","geometry":{"type":"Point","coordinates":[-98.041667,32.583333]},"properties":{"rainfall":465.0,"rainfallInches":4.65}},{"type":"Feature","geometry":{"type":"Point","coordinates":[-98.033334,32.583333]},"properties":{"rainfall":466.0,"rainfallInches":4.66}},{"type":"Feature","geometry":{"type":"Point","coordinates":[-98.025,32.583333]},"properties":{"rainfall":466.0,"rainfallInches":4.66}},{"type":"Feature","geometry":{"type":"Point","coordinates":[-98.016667,32.583333]},"properties":{"rainfall":467.0,"rainfallInches":4.67}},{"type":"Feature","geometry":{"type":"Point","coordinates":[-98.008334,32.583333]},"properties":{"rainfall":467.0,"rainfallInches":4.67}},{"type":"Feature","geometry":{"type":"Point","coordinates":[-98.0,32.583333]},"properties":{"rainfall":468.0,"rainfallInches":4.68}},{"type":"Feature","geometry":{"type":"Point","coordinates":[-97.991667,32.583333]},"properties":{"rainfall":468.0,"rainfallInches":4.68}},{"type":"Feature","geometry":{"type":"Point","coordinates":[-97.983334,32.583333]},"properties":{"rainfall":468.0,"rainfallInches":4.68}},{"type":"Feature","geometry":{"type":"Point","coordinates":[-97.975,32.583333]},"properties":{"rainfall":469.0,"rainfallInches":4.69}},{"type":"Feature","geometry":{"type":"Point","coordinates":[-97.966667,32.583333]},"properties":{"rainfall":469.0,"rainfallInches":4.69}},{"type":"Feature","geometry":{"type":"Point","coordinates":[-97.958334,32.583333]},"properties":{"rainfall":469.0,"rainfallInches":4.69}},{"type":"Feature","geometry":{"type":"Point","coordinates":[-97.95,32.583333]},"properties":{"rainfall":469.0,"rainfallInches":4.69}},{"type":"Feature","geometry":{"type":"Point","coordinates":[-97.941667,32.583333]},"properties":{"rainfall":469.0,"rainfallInches":4.69}},{"type":"Feature","geometry":{"type":"Point","coordinates":[-97.933334,32.583333]},"properties":{"rainfall":470.0,"rainfallInches":4.7}},{"type":"Feature","geometry":{"type":"Point","coordinates":[-97.925,32.583333]},"properties":{"rainfall":469.0,"rainfallInches":4.69}},{"type":"Feature","geometry":{"type":"Point","coordinates":[-97.916667,32.583333]},"properties":{"rainfall":469.0,"rainfallInches":4.69}},{"type":"Feature","geometry":{"type":"Point","coordinates":[-97.908334,32.583333]},"properties":{"rainfall":469.0,"rainfallInches":4.69}},{"type":"Feature","geometry":{"type":"Point","coordinates":[-97.9,32.583333]},"properties":{"rainfall":469.0,"rainfallInches":4.69}},{"type":"Feature","geometry":{"type":"Point","coordinates":[-97.891667,32.583333]},"properties":{"rainfall":468.0,"rainfallInches":4.68}},{"type":"Feature","geometry":{"type":"Point","coordinates":[-97.883334,32.583333]},"properties":{"rainfall":468.0,"rainfallInches":4.68}},{"type":"Feature","geometry":{"type":"Point","coordinates":[-97.875,32.583333]},"properties":{"rainfall":468.0,"rainfallInches":4.68}},{"type":"Feature","geometry":{"type":"Point","coordinates":[-97.866667,32.583333]},"properties":{"rainfall":467.0,"rainfallInches":4.67}},{"type":"Feature","geometry":{"type":"Point","coordinates":[-97.858334,32.583333]},"properties":{"rainfall":467.0,"rainfallInches":4.67}},{"type":"Feature","geometry":{"type":"Point","coordinates":[-97.85,32.583333]},"properties":{"rainfall":467.0,"rainfallInches":4.67}},{"type":"Feature","geometry":{"type":"Point","coordinates":[-97.841667,32.583333]},"properties":{"rainfall":466.0,"rainfallInches":4.66}},{"type":"Feature","geometry":{"type":"Point","coordinates":[-97.833334,32.583333]},"properties":{"rainfall":466.0,"rainfallInches":4.66}},{"type":"Feature","geometry":{"type":"Point","coordinates":[-97.825,32.583333]},"properties":{"rainfall":465.0,"rainfallInches":4.65}},{"type":"Feature","geometry":{"type":"Point","coordinates":[-97.816667,32.583333]},"properties":{"rainfall":465.0,"rainfallInches":4.65}},{"type":"Feature","geometry":{"type":"Point","coordinates":[-97.808334,32.583333]},"properties":{"rainfall":465.0,"rainfallInches":4.65}},{"type":"Feature","geometry":{"type":"Point","coordinates":[-97.8,32.583333]},"properties":{"rainfall":464.0,"rainfallInches":4.64}},{"type":"Feature","geometry":{"type":"Point","coordinates":[-97.791667,32.583333]},"properties":{"rainfall":464.0,"rainfallInches":4.64}},{"type":"Feature","geometry":{"type":"Point","coordinates":[-97.783334,32.583333]},"properties":{"rainfall":464.0,"rainfallInches":4.64}},{"type":"Feature","geometry":{"type":"Point","coordinates":[-97.775,32.583333]},"properties":{"rainfall":463.0,"rainfallInches":4.63}},{"type":"Feature","geometry":{"type":"Point","coordinates":[-97.766667,32.583333]},"properties":{"rainfall":463.0,"rainfallInches":4.63}},{"type":"Feature","geometry":{"type":"Point","coordinates":[-97.758334,32.583333]},"properties":{"rainfall":463.0,"rainfallInches":4.63}},{"type":"Feature","geometry":{"type":"Point","coordinates":[-97.75,32.583333]},"properties":{"rainfall":463.0,"rainfallInches":4.63}},{"type":"Feature","geometry":{"type":"Point","coordinates":[-97.741667,32.583333]},"properties":{"rainfall":463.0,"rainfallInches":4.63}},{"type":"Feature","geometry":{"type":"Point","coordinates":[-97.733334,32.583333]},"properties":{"rainfall":462.0,"rainfallInches":4.62}},{"type":"Feature","geometry":{"type":"Point","coordinates":[-97.725,32.583333]},"properties":{"rainfall":462.0,"rainfallInches":4.62}},{"type":"Feature","geometry":{"type":"Point","coordinates":[-97.716667,32.583333]},"properties":{"rainfall":462.0,"rainfallInches":4.62}},{"type":"Feature","geometry":{"type":"Point","coordinates":[-97.708334,32.583333]},"properties":{"rainfall":462.0,"rainfallInches":4.62}},{"type":"Feature","geometry":{"type":"Point","coordinates":[-97.7,32.583333]},"properties":{"rainfall":462.0,"rainfallInches":4.62}},{"type":"Feature","geometry":{"type":"Point","coordinates":[-97.691667,32.583333]},"properties":{"rainfall":462.0,"rainfallInches":4.62}},{"type":"Feature","geometry":{"type":"Point","coordinates":[-97.683334,32.583333]},"properties":{"rainfall":462.0,"rainfallInches":4.62}},{"type":"Feature","geometry":{"type":"Point","coordinates":[-97.675,32.583333]},"properties":{"rainfall":462.0,"rainfallInches":4.62}},{"type":"Feature","geometry":{"type":"Point","coordinates":[-97.666667,32.583333]},"properties":{"rainfall":462.0,"rainfallInches":4.62}},{"type":"Feature","geometry":{"type":"Point","coordinates":[-97.658334,32.583333]},"properties":{"rainfall":463.0,"rainfallInches":4.63}},{"type":"Feature","geometry":{"type":"Point","coordinates":[-97.65,32.583333]},"properties":{"rainfall":463.0,"rainfallInches":4.63}},{"type":"Feature","geometry":{"type":"Point","coordinates":[-97.641667,32.583333]},"properties":{"rainfall":463.0,"rainfallInches":4.63}},{"type":"Feature","geometry":{"type":"Point","coordinates":[-97.633334,32.583333]},"properties":{"rainfall":463.0,"rainfallInches":4.63}},{"type":"Feature","geometry":{"type":"Point","coordinates":[-97.625,32.583333]},"properties":{"rainfall":464.0,"rainfallInches":4.64}},{"type":"Feature","geometry":{"type":"Point","coordinates":[-97.616667,32.583333]},"properties":{"rainfall":464.0,"rainfallInches":4.64}},{"type":"Feature","geometry":{"type":"Point","coordinates":[-97.608334,32.583333]},"properties":{"rainfall":464.0,"rainfallInches":4.64}},{"type":"Feature","geometry":{"type":"Point","coordinates":[-97.6,32.583333]},"properties":{"rainfall":464.0,"rainfallInches":4.64}},{"type":"Feature","geometry":{"type":"Point","coordinates":[-97.591667,32.583333]},"properties":{"rainfall":464.0,"rainfallInches":4.64}},{"type":"Feature","geometry":{"type":"Point","coordinates":[-97.583334,32.583333]},"properties":{"rainfall":464.0,"rainfallInches":4.64}},{"type":"Feature","geometry":{"type":"Point","coordinates":[-97.575,32.583333]},"properties":{"rainfall":464.0,"rainfallInches":4.64}},{"type":"Feature","geometry":{"type":"Point","coordinates":[-97.566667,32.583333]},"properties":{"rainfall":464.0,"rainfallInches":4.64}},{"type":"Feature","geometry":{"type":"Point","coordinates":[-97.558334,32.583333]},"properties":{"rainfall":465.0,"rainfallInches":4.65}},{"type":"Feature","geometry":{"type":"Point","coordinates":[-98.058334,32.575]},"properties":{"rainfall":465.0,"rainfallInches":4.65}},{"type":"Feature","geometry":{"type":"Point","coordinates":[-98.05,32.575]},"properties":{"rainfall":465.0,"rainfallInches":4.65}},{"type":"Feature","geometry":{"type":"Point","coordinates":[-98.041667,32.575]},"properties":{"rainfall":466.0,"rainfallInches":4.66}},{"type":"Feature","geometry":{"type":"Point","coordinates":[-98.033334,32.575]},"properties":{"rainfall":466.0,"rainfallInches":4.66}},{"type":"Feature","geometry":{"type":"Point","coordinates":[-98.025,32.575]},"properties":{"rainfall":466.0,"rainfallInches":4.66}},{"type":"Feature","geometry":{"type":"Point","coordinates":[-98.016667,32.575]},"properties":{"rainfall":467.0,"rainfallInches":4.67}},{"type":"Feature","geometry":{"type":"Point","coordinates":[-98.008334,32.575]},"properties":{"rainfall":467.0,"rainfallInches":4.67}},{"type":"Feature","geometry":{"type":"Point","coordinates":[-98.0,32.575]},"properties":{"rainfall":468.0,"rainfallInches":4.68}},{"type":"Feature","geometry":{"type":"Point","coordinates":[-97.991667,32.575]},"properties":{"rainfall":468.0,"rainfallInches":4.68}},{"type":"Feature","geometry":{"type":"Point","coordinates":[-97.983334,32.575]},"properties":{"rainfall":469.0,"rainfallInches":4.69}},{"type":"Feature","geometry":{"type":"Point","coordinates":[-97.975,32.575]},"properties":{"rainfall":469.0,"rainfallInches":4.69}},{"type":"Feature","geometry":{"type":"Point","coordinates":[-97.966667,32.575]},"properties":{"rainfall":469.0,"rainfallInches":4.69}},{"type":"Feature","geometry":{"type":"Point","coordinates":[-97.958334,32.575]},"properties":{"rainfall":469.0,"rainfallInches":4.69}},{"type":"Feature","geometry":{"type":"Point","coordinates":[-97.95,32.575]},"properties":{"rainfall":470.0,"rainfallInches":4.7}},{"type":"Feature","geometry":{"type":"Point","coordinates":[-97.941667,32.575]},"properties":{"rainfall":470.0,"rainfallInches":4.7}},{"type":"Feature","geometry":{"type":"Point","coordinates":[-97.933334,32.575]},"properties":{"rainfall":469.0,"rainfallInches":4.69}},{"type":"Feature","geometry":{"type":"Point","coordinates":[-97.925,32.575]},"properties":{"rainfall":470.0,"rainfallInches":4.7}},{"type":"Feature","geometry":{"type":"Point","coordinates":[-97.916667,32.575]},"properties":{"rainfall":469.0,"rainfallInches":4.69}},{"type":"Feature","geometry":{"type":"Point","coordinates":[-97.908334,32.575]},"properties":{"rainfall":469.0,"rainfallInches":4.69}},{"type":"Feature","geometry":{"type":"Point","coordinates":[-97.9,32.575]},"properties":{"rainfall":469.0,"rainfallInches":4.69}},{"type":"Feature","geometry":{"type":"Point","coordinates":[-97.891667,32.575]},"properties":{"rainfall":469.0,"rainfallInches":4.69}},{"type":"Feature","geometry":{"type":"Point","coordinates":[-97.883334,32.575]},"properties":{"rainfall":468.0,"rainfallInches":4.68}},{"type":"Feature","geometry":{"type":"Point","coordinates":[-97.875,32.575]},"properties":{"rainfall":468.0,"rainfallInches":4.68}},{"type":"Feature","geometry":{"type":"Point","coordinates":[-97.866667,32.575]},"properties":{"rainfall":468.0,"rainfallInches":4.68}},{"type":"Feature","geometry":{"type":"Point","coordinates":[-97.858334,32.575]},"properties":{"rainfall":467.0,"rainfallInches":4.67}},{"type":"Feature","geometry":{"type":"Point","coordinates":[-97.85,32.575]},"properties":{"rainfall":467.0,"rainfallInches":4.67}},{"type":"Feature","geometry":{"type":"Point","coordinates":[-97.841667,32.575]},"properties":{"rainfall":466.0,"rainfallInches":4.66}},{"type":"Feature","geometry":{"type":"Point","coordinates":[-97.833334,32.575]},"properties":{"rainfall":466.0,"rainfallInches":4.66}},{"type":"Feature","geometry":{"type":"Point","coordinates":[-97.825,32.575]},"properties":{"rainfall":466.0,"rainfallInches":4.66}},{"type":"Feature","geometry":{"type":"Point","coordinates":[-97.816667,32.575]},"properties":{"rainfall":465.0,"rainfallInches":4.65}},{"type":"Feature","geometry":{"type":"Point","coordinates":[-97.808334,32.575]},"properties":{"rainfall":465.0,"rainfallInches":4.65}},{"type":"Feature","geometry":{"type":"Point","coordinates":[-97.8,32.575]},"properties":{"rainfall":465.0,"rainfallInches":4.65}},{"type":"Feature","geometry":{"type":"Point","coordinates":[-97.791667,32.575]},"properties":{"rainfall":464.0,"rainfallInches":4.64}},{"type":"Feature","geometry":{"type":"Point","coordinates":[-97.783334,32.575]},"properties":{"rainfall":464.0,"rainfallInches":4.64}},{"type":"Feature","geometry":{"type":"Point","coordinates":[-97.775,32.575]},"properties":{"rainfall":464.0,"rainfallInches":4.64}},{"type":"Feature","geometry":{"type":"Point","coordinates":[-97.766667,32.575]},"properties":{"rainfall":463.0,"rainfallInches":4.63}},{"type":"Feature","geometry":{"type":"Point","coordinates":[-97.758334,32.575]},"properties":{"rainfall":463.0,"rainfallInches":4.63}},{"type":"Feature","geometry":{"type":"Point","coordinates":[-97.75,32.575]},"properties":{"rainfall":463.0,"rainfallInches":4.63}},{"type":"Feature","geometry":{"type":"Point","coordinates":[-97.741667,32.575]},"properties":{"rainfall":463.0,"rainfallInches":4.63}},{"type":"Feature","geometry":{"type":"Point","coordinates":[-97.733334,32.575]},"properties":{"rainfall":463.0,"rainfallInches":4.63}},{"type":"Feature","geometry":{"type":"Point","coordinates":[-97.725,32.575]},"properties":{"rainfall":463.0,"rainfallInches":4.63}},{"type":"Feature","geometry":{"type":"Point","coordinates":[-97.716667,32.575]},"properties":{"rainfall":463.0,"rainfallInches":4.63}},{"type":"Feature","geometry":{"type":"Point","coordinates":[-97.708334,32.575]},"properties":{"rainfall":463.0,"rainfallInches":4.63}},{"type":"Feature","geometry":{"type":"Point","coordinates":[-97.7,32.575]},"properties":{"rainfall":462.0,"rainfallInches":4.62}},{"type":"Feature","geometry":{"type":"Point","coordinates":[-97.691667,32.575]},"properties":{"rainfall":462.0,"rainfallInches":4.62}},{"type":"Feature","geometry":{"type":"Point","coordinates":[-97.683334,32.575]},"properties":{"rainfall":462.0,"rainfallInches":4.62}},{"type":"Feature","geometry":{"type":"Point","coordinates":[-97.675,32.575]},"properties":{"rainfall":463.0,"rainfallInches":4.63}},{"type":"Feature","geometry":{"type":"Point","coordinates":[-97.666667,32.575]},"properties":{"rainfall":464.0,"rainfallInches":4.64}},{"type":"Feature","geometry":{"type":"Point","coordinates":[-97.658334,32.575]},"properties":{"rainfall":464.0,"rainfallInches":4.64}},{"type":"Feature","geometry":{"type":"Point","coordinates":[-97.65,32.575]},"properties":{"rainfall":464.0,"rainfallInches":4.64}},{"type":"Feature","geometry":{"type":"Point","coordinates":[-97.641667,32.575]},"properties":{"rainfall":464.0,"rainfallInches":4.64}},{"type":"Feature","geometry":{"type":"Point","coordinates":[-97.633334,32.575]},"properties":{"rainfall":464.0,"rainfallInches":4.64}},{"type":"Feature","geometry":{"type":"Point","coordinates":[-97.625,32.575]},"properties":{"rainfall":465.0,"rainfallInches":4.65}},{"type":"Feature","geometry":{"type":"Point","coordinates":[-97.616667,32.575]},"properties":{"rainfall":465.0,"rainfallInches":4.65}},{"type":"Feature","geometry":{"type":"Point","coordinates":[-97.608334,32.575]},"properties":{"rainfall":465.0,"rainfallInches":4.65}},{"type":"Feature","geometry":{"type":"Point","coordinates":[-97.6,32.575]},"properties":{"rainfall":465.0,"rainfallInches":4.65}},{"type":"Feature","geometry":{"type":"Point","coordinates":[-97.591667,32.575]},"properties":{"rainfall":465.0,"rainfallInches":4.65}},{"type":"Feature","geometry":{"type":"Point","coordinates":[-97.583334,32.575]},"properties":{"rainfall":466.0,"rainfallInches":4.66}},{"type":"Feature","geometry":{"type":"Point","coordinates":[-97.575,32.575]},"properties":{"rainfall":466.0,"rainfallInches":4.66}},{"type":"Feature","geometry":{"type":"Point","coordinates":[-97.566667,32.575]},"properties":{"rainfall":466.0,"rainfallInches":4.66}},{"type":"Feature","geometry":{"type":"Point","coordinates":[-97.558334,32.575]},"properties":{"rainfall":466.0,"rainfallInches":4.66}},{"type":"Feature","geometry":{"type":"Point","coordinates":[-98.058334,32.566666]},"properties":{"rainfall":465.0,"rainfallInches":4.65}},{"type":"Feature","geometry":{"type":"Point","coordinates":[-98.05,32.566666]},"properties":{"rainfall":466.0,"rainfallInches":4.66}},{"type":"Feature","geometry":{"type":"Point","coordinates":[-98.041667,32.566666]},"properties":{"rainfall":466.0,"rainfallInches":4.66}},{"type":"Feature","geometry":{"type":"Point","coordinates":[-98.033334,32.566666]},"properties":{"rainfall":466.0,"rainfallInches":4.66}},{"type":"Feature","geometry":{"type":"Point","coordinates":[-98.025,32.566666]},"properties":{"rainfall":467.0,"rainfallInches":4.67}},{"type":"Feature","geometry":{"type":"Point","coordinates":[-98.016667,32.566666]},"properties":{"rainfall":467.0,"rainfallInches":4.67}},{"type":"Feature","geometry":{"type":"Point","coordinates":[-98.008334,32.566666]},"properties":{"rainfall":468.0,"rainfallInches":4.68}},{"type":"Feature","geometry":{"type":"Point","coordinates":[-98.0,32.566666]},"properties":{"rainfall":468.0,"rainfallInches":4.68}},{"type":"Feature","geometry":{"type":"Point","coordinates":[-97.991667,32.566666]},"properties":{"rainfall":468.0,"rainfallInches":4.68}},{"type":"Feature","geometry":{"type":"Point","coordinates":[-97.983334,32.566666]},"properties":{"rainfall":469.0,"rainfallInches":4.69}},{"type":"Feature","geometry":{"type":"Point","coordinates":[-97.975,32.566666]},"properties":{"rainfall":469.0,"rainfallInches":4.69}},{"type":"Feature","geometry":{"type":"Point","coordinates":[-97.966667,32.566666]},"properties":{"rainfall":469.0,"rainfallInches":4.69}},{"type":"Feature","geometry":{"type":"Point","coordinates":[-97.958334,32.566666]},"properties":{"rainfall":469.0,"rainfallInches":4.69}},{"type":"Feature","geometry":{"type":"Point","coordinates":[-97.95,32.566666]},"properties":{"rainfall":470.0,"rainfallInches":4.7}},{"type":"Feature","geometry":{"type":"Point","coordinates":[-97.941667,32.566666]},"properties":{"rainfall":470.0,"rainfallInches":4.7}},{"type":"Feature","geometry":{"type":"Point","coordinates":[-97.933334,32.566666]},"properties":{"rainfall":470.0,"rainfallInches":4.7}},{"type":"Feature","geometry":{"type":"Point","coordinates":[-97.925,32.566666]},"properties":{"rainfall":470.0,"rainfallInches":4.7}},{"type":"Feature","geometry":{"type":"Point","coordinates":[-97.916667,32.566666]},"properties":{"rainfall":470.0,"rainfallInches":4.7}},{"type":"Feature","geometry":{"type":"Point","coordinates":[-97.908334,32.566666]},"properties":{"rainfall":469.0,"rainfallInches":4.69}},{"type":"Feature","geometry":{"type":"Point","coordinates":[-97.9,32.566666]},"properties":{"rainfall":469.0,"rainfallInches":4.69}},{"type":"Feature","geometry":{"type":"Point","coordinates":[-97.891667,32.566666]},"properties":{"rainfall":469.0,"rainfallInches":4.69}},{"type":"Feature","geometry":{"type":"Point","coordinates":[-97.883334,32.566666]},"properties":{"rainfall":468.0,"rainfallInches":4.68}},{"type":"Feature","geometry":{"type":"Point","coordinates":[-97.875,32.566666]},"properties":{"rainfall":468.0,"rainfallInches":4.68}},{"type":"Feature","geometry":{"type":"Point","coordinates":[-97.866667,32.566666]},"properties":{"rainfall":468.0,"rainfallInches":4.68}},{"type":"Feature","geometry":{"type":"Point","coordinates":[-97.858334,32.566666]},"properties":{"rainfall":467.0,"rainfallInches":4.67}},{"type":"Feature","geometry":{"type":"Point","coordinates":[-97.85,32.566666]},"properties":{"rainfall":467.0,"rainfallInches":4.67}},{"type":"Feature","geometry":{"type":"Point","coordinates":[-97.841667,32.566666]},"properties":{"rainfall":467.0,"rainfallInches":4.67}},{"type":"Feature","geometry":{"type":"Point","coordinates":[-97.833334,32.566666]},"properties":{"rainfall":466.0,"rainfallInches":4.66}},{"type":"Feature","geometry":{"type":"Point","coordinates":[-97.825,32.566666]},"properties":{"rainfall":466.0,"rainfallInches":4.66}},{"type":"Feature","geometry":{"type":"Point","coordinates":[-97.816667,32.566666]},"properties":{"rainfall":466.0,"rainfallInches":4.66}},{"type":"Feature","geometry":{"type":"Point","coordinates":[-97.808334,32.566666]},"properties":{"rainfall":465.0,"rainfallInches":4.65}},{"type":"Feature","geometry":{"type":"Point","coordinates":[-97.8,32.566666]},"properties":{"rainfall":465.0,"rainfallInches":4.65}},{"type":"Feature","geometry":{"type":"Point","coordinates":[-97.791667,32.566666]},"properties":{"rainfall":464.0,"rainfallInches":4.64}},{"type":"Feature","geometry":{"type":"Point","coordinates":[-97.783334,32.566666]},"properties":{"rainfall":464.0,"rainfallInches":4.64}},{"type":"Feature","geometry":{"type":"Point","coordinates":[-97.775,32.566666]},"properties":{"rainfall":464.0,"rainfallInches":4.64}},{"type":"Feature","geometry":{"type":"Point","coordinates":[-97.766667,32.566666]},"properties":{"rainfall":464.0,"rainfallInches":4.64}},{"type":"Feature","geometry":{"type":"Point","coordinates":[-97.758334,32.566666]},"properties":{"rainfall":464.0,"rainfallInches":4.64}},{"type":"Feature","geometry":{"type":"Point","coordinates":[-97.75,32.566666]},"properties":{"rainfall":463.0,"rainfallInches":4.63}},{"type":"Feature","geometry":{"type":"Point","coordinates":[-97.741667,32.566666]},"properties":{"rainfall":463.0,"rainfallInches":4.63}},{"type":"Feature","geometry":{"type":"Point","coordinates":[-97.733334,32.566666]},"properties":{"rainfall":463.0,"rainfallInches":4.63}},{"type":"Feature","geometry":{"type":"Point","coordinates":[-97.725,32.566666]},"properties":{"rainfall":463.0,"rainfallInches":4.63}},{"type":"Feature","geometry":{"type":"Point","coordinates":[-97.716667,32.566666]},"properties":{"rainfall":463.0,"rainfallInches":4.63}},{"type":"Feature","geometry":{"type":"Point","coordinates":[-97.708334,32.566666]},"properties":{"rainfall":463.0,"rainfallInches":4.63}},{"type":"Feature","geometry":{"type":"Point","coordinates":[-97.7,32.566666]},"properties":{"rainfall":463.0,"rainfallInches":4.63}},{"type":"Feature","geometry":{"type":"Point","coordinates":[-97.691667,32.566666]},"properties":{"rainfall":463.0,"rainfallInches":4.63}},{"type":"Feature","geometry":{"type":"Point","coordinates":[-97.683334,32.566666]},"properties":{"rainfall":463.0,"rainfallInches":4.63}},{"type":"Feature","geometry":{"type":"Point","coordinates":[-97.675,32.566666]},"properties":{"rainfall":463.0,"rainfallInches":4.63}},{"type":"Feature","geometry":{"type":"Point","coordinates":[-97.666667,32.566666]},"properties":{"rainfall":464.0,"rainfallInches":4.64}},{"type":"Feature","geometry":{"type":"Point","coordinates":[-97.658334,32.566666]},"properties":{"rainfall":465.0,"rainfallInches":4.65}},{"type":"Feature","geometry":{"type":"Point","coordinates":[-97.65,32.566666]},"properties":{"rainfall":465.0,"rainfallInches":4.65}},{"type":"Feature","geometry":{"type":"Point","coordinates":[-97.641667,32.566666]},"properties":{"rainfall":465.0,"rainfallInches":4.65}},{"type":"Feature","geometry":{"type":"Point","coordinates":[-97.633334,32.566666]},"properties":{"rainfall":465.0,"rainfallInches":4.65}},{"type":"Feature","geometry":{"type":"Point","coordinates":[-97.625,32.566666]},"properties":{"rainfall":465.0,"rainfallInches":4.65}},{"type":"Feature","geometry":{"type":"Point","coordinates":[-97.616667,32.566666]},"properties":{"rainfall":466.0,"rainfallInches":4.66}},{"type":"Feature","geometry":{"type":"Point","coordinates":[-97.608334,32.566666]},"properties":{"rainfall":466.0,"rainfallInches":4.66}},{"type":"Feature","geometry":{"type":"Point","coordinates":[-97.6,32.566666]},"properties":{"rainfall":467.0,"rainfallInches":4.67}},{"type":"Feature","geometry":{"type":"Point","coordinates":[-97.591667,32.566666]},"properties":{"rainfall":467.0,"rainfallInches":4.67}},{"type":"Feature","geometry":{"type":"Point","coordinates":[-97.583334,32.566666]},"properties":{"rainfall":467.0,"rainfallInches":4.67}},{"type":"Feature","geometry":{"type":"Point","coordinates":[-97.575,32.566666]},"properties":{"rainfall":467.0,"rainfallInches":4.67}},{"type":"Feature","geometry":{"type":"Point","coordinates":[-97.566667,32.566666]},"properties":{"rainfall":467.0,"rainfallInches":4.67}},{"type":"Feature","geometry":{"type":"Point","coordinates":[-97.558334,32.566666]},"properties":{"rainfall":467.0,"rainfallInches":4.67}},{"type":"Feature","geometry":{"type":"Point","coordinates":[-98.008334,32.558333]},"properties":{"rainfall":468.0,"rainfallInches":4.68}},{"type":"Feature","geometry":{"type":"Point","coordinates":[-98.0,32.558333]},"properties":{"rainfall":468.0,"rainfallInches":4.68}},{"type":"Feature","geometry":{"type":"Point","coordinates":[-97.991667,32.558333]},"properties":{"rainfall":469.0,"rainfallInches":4.69}},{"type":"Feature","geometry":{"type":"Point","coordinates":[-97.983334,32.558333]},"properties":{"rainfall":469.0,"rainfallInches":4.69}},{"type":"Feature","geometry":{"type":"Point","coordinates":[-97.975,32.558333]},"properties":{"rainfall":469.0,"rainfallInches":4.69}},{"type":"Feature","geometry":{"type":"Point","coordinates":[-97.966667,32.558333]},"properties":{"rainfall":469.0,"rainfallInches":4.69}},{"type":"Feature","geometry":{"type":"Point","coordinates":[-97.958334,32.558333]},"properties":{"rainfall":470.0,"rainfallInches":4.7}},{"type":"Feature","geometry":{"type":"Point","coordinates":[-97.95,32.558333]},"properties":{"rainfall":470.0,"rainfallInches":4.7}},{"type":"Feature","geometry":{"type":"Point","coordinates":[-97.941667,32.558333]},"properties":{"rainfall":470.0,"rainfallInches":4.7}},{"type":"Feature","geometry":{"type":"Point","coordinates":[-97.933334,32.558333]},"properties":{"rainfall":470.0,"rainfallInches":4.7}},{"type":"Feature","geometry":{"type":"Point","coordinates":[-97.925,32.558333]},"properties":{"rainfall":470.0,"rainfallInches":4.7}},{"type":"Feature","geometry":{"type":"Point","coordinates":[-97.916667,32.558333]},"properties":{"rainfall":470.0,"rainfallInches":4.7}},{"type":"Feature","geometry":{"type":"Point","coordinates":[-97.908334,32.558333]},"properties":{"rainfall":470.0,"rainfallInches":4.7}},{"type":"Feature","geometry":{"type":"Point","coordinates":[-97.9,32.558333]},"properties":{"rainfall":469.0,"rainfallInches":4.69}},{"type":"Feature","geometry":{"type":"Point","coordinates":[-97.891667,32.558333]},"properties":{"rainfall":469.0,"rainfallInches":4.69}},{"type":"Feature","geometry":{"type":"Point","coordinates":[-97.883334,32.558333]},"properties":{"rainfall":469.0,"rainfallInches":4.69}},{"type":"Feature","geometry":{"type":"Point","coordinates":[-97.875,32.558333]},"properties":{"rainfall":468.0,"rainfallInches":4.68}},{"type":"Feature","geometry":{"type":"Point","coordinates":[-97.866667,32.558333]},"properties":{"rainfall":468.0,"rainfallInches":4.68}},{"type":"Feature","geometry":{"type":"Point","coordinates":[-97.858334,32.558333]},"properties":{"rainfall":468.0,"rainfallInches":4.68}},{"type":"Feature","geometry":{"type":"Point","coordinates":[-97.85,32.558333]},"properties":{"rainfall":467.0,"rainfallInches":4.67}},{"type":"Feature","geometry":{"type":"Point","coordinates":[-97.841667,32.558333]},"properties":{"rainfall":467.0,"rainfallInches":4.67}},{"type":"Feature","geometry":{"type":"Point","coordinates":[-97.833334,32.558333]},"properties":{"rainfall":467.0,"rainfallInches":4.67}},{"type":"Feature","geometry":{"type":"Point","coordinates":[-97.825,32.558333]},"properties":{"rainfall":466.0,"rainfallInches":4.66}},{"type":"Feature","geometry":{"type":"Point","coordinates":[-97.816667,32.558333]},"properties":{"rainfall":466.0,"rainfallInches":4.66}},{"type":"Feature","geometry":{"type":"Point","coordinates":[-97.808334,32.558333]},"properties":{"rainfall":465.0,"rainfallInches":4.65}},{"type":"Feature","geometry":{"type":"Point","coordinates":[-97.8,32.558333]},"properties":{"rainfall":465.0,"rainfallInches":4.65}},{"type":"Feature","geometry":{"type":"Point","coordinates":[-97.791667,32.558333]},"properties":{"rainfall":465.0,"rainfallInches":4.65}},{"type":"Feature","geometry":{"type":"Point","coordinates":[-97.783334,32.558333]},"properties":{"rainfall":464.0,"rainfallInches":4.64}},{"type":"Feature","geometry":{"type":"Point","coordinates":[-97.775,32.558333]},"properties":{"rainfall":464.0,"rainfallInches":4.64}},{"type":"Feature","geometry":{"type":"Point","coordinates":[-97.766667,32.558333]},"properties":{"rainfall":464.0,"rainfallInches":4.64}},{"type":"Feature","geometry":{"type":"Point","coordinates":[-97.758334,32.558333]},"properties":{"rainfall":464.0,"rainfallInches":4.64}},{"type":"Feature","geometry":{"type":"Point","coordinates":[-97.75,32.558333]},"properties":{"rainfall":464.0,"rainfallInches":4.64}},{"type":"Feature","geometry":{"type":"Point","coordinates":[-97.741667,32.558333]},"properties":{"rainfall":464.0,"rainfallInches":4.64}},{"type":"Feature","geometry":{"type":"Point","coordinates":[-97.733334,32.558333]},"properties":{"rainfall":464.0,"rainfallInches":4.64}},{"type":"Feature","geometry":{"type":"Point","coordinates":[-97.725,32.558333]},"properties":{"rainfall":464.0,"rainfallInches":4.64}},{"type":"Feature","geometry":{"type":"Point","coordinates":[-97.716667,32.558333]},"properties":{"rainfall":464.0,"rainfallInches":4.64}},{"type":"Feature","geometry":{"type":"Point","coordinates":[-97.708334,32.558333]},"properties":{"rainfall":464.0,"rainfallInches":4.64}},{"type":"Feature","geometry":{"type":"Point","coordinates":[-97.7,32.558333]},"properties":{"rainfall":464.0,"rainfallInches":4.64}},{"type":"Feature","geometry":{"type":"Point","coordinates":[-97.691667,32.558333]},"properties":{"rainfall":463.0,"rainfallInches":4.63}},{"type":"Feature","geometry":{"type":"Point","coordinates":[-97.683334,32.558333]},"properties":{"rainfall":464.0,"rainfallInches":4.64}},{"type":"Feature","geometry":{"type":"Point","coordinates":[-97.675,32.558333]},"properties":{"rainfall":465.0,"rainfallInches":4.65}},{"type":"Feature","geometry":{"type":"Point","coordinates":[-97.666667,32.558333]},"properties":{"rainfall":465.0,"rainfallInches":4.65}},{"type":"Feature","geometry":{"type":"Point","coordinates":[-97.658334,32.558333]},"properties":{"rainfall":465.0,"rainfallInches":4.65}},{"type":"Feature","geometry":{"type":"Point","coordinates":[-97.65,32.558333]},"properties":{"rainfall":466.0,"rainfallInches":4.66}},{"type":"Feature","geometry":{"type":"Point","coordinates":[-97.641667,32.558333]},"properties":{"rainfall":467.0,"rainfallInches":4.67}},{"type":"Feature","geometry":{"type":"Point","coordinates":[-97.633334,32.558333]},"properties":{"rainfall":467.0,"rainfallInches":4.67}},{"type":"Feature","geometry":{"type":"Point","coordinates":[-97.625,32.558333]},"properties":{"rainfall":467.0,"rainfallInches":4.67}},{"type":"Feature","geometry":{"type":"Point","coordinates":[-97.616667,32.558333]},"properties":{"rainfall":467.0,"rainfallInches":4.67}},{"type":"Feature","geometry":{"type":"Point","coordinates":[-97.608334,32.558333]},"properties":{"rainfall":467.0,"rainfallInches":4.67}},{"type":"Feature","geometry":{"type":"Point","coordinates":[-97.6,32.558333]},"properties":{"rainfall":467.0,"rainfallInches":4.67}},{"type":"Feature","geometry":{"type":"Point","coordinates":[-97.591667,32.558333]},"properties":{"rainfall":467.0,"rainfallInches":4.67}},{"type":"Feature","geometry":{"type":"Point","coordinates":[-97.583334,32.558333]},"properties":{"rainfall":467.0,"rainfallInches":4.67}},{"type":"Feature","geometry":{"type":"Point","coordinates":[-97.575,32.558333]},"properties":{"rainfall":467.0,"rainfallInches":4.67}},{"type":"Feature","geometry":{"type":"Point","coordinates":[-97.566667,32.558333]},"properties":{"rainfall":467.0,"rainfallInches":4.67}},{"type":"Feature","geometry":{"type":"Point","coordinates":[-97.558334,32.558333]},"properties":{"rainfall":467.0,"rainfallInches":4.67}}]