{
  "type": "FeatureCollection",
  "metadata": {
    "title": "Parker County Roads with Traffic Data",
    "description": "Road segments enhanced with AADT traffic count data for gradient visualization",
    "totalFeatures": 16,
    "totalRoads": 6345,
    "trafficMatchingRate": "0.3%",
    "bufferDistance": "0.001 degrees (~100m)",
    "generatedAt": "2025-08-06T19:35:22Z",
    "source": "Texas Department of Transportation TCDS \u002B TIGER/Line"
  },
  "features": [
    {
      "type": "Feature",
      "geometry": {
        "type": "LineString",
        "coordinates": [
          [
            -98.010182,
            32.696187
          ],
          [
            -98.011953,
            32.696153
          ],
          [
            -98.011973,
            32.696149
          ],
          [
            -98.011999,
            32.696152
          ],
          [
            -98.013575,
            32.696104
          ],
          [
            -98.013691,
            32.696102
          ],
          [
            -98.014093,
            32.696098
          ],
          [
            -98.014694,
            32.696097
          ],
          [
            -98.015227,
            32.696163
          ],
          [
            -98.016645,
            32.696481
          ],
          [
            -98.01729,
            32.696621
          ],
          [
            -98.018249,
            32.696828
          ],
          [
            -98.018749,
            32.696927
          ],
          [
            -98.019302,
            32.697045
          ],
          [
            -98.019345,
            32.697054
          ],
          [
            -98.019894,
            32.697163
          ],
          [
            -98.020453,
            32.697185
          ],
          [
            -98.021293,
            32.697197
          ],
          [
            -98.022896,
            32.697206
          ],
          [
            -98.024114,
            32.697229
          ],
          [
            -98.024152,
            32.69723
          ],
          [
            -98.024444,
            32.697242
          ],
          [
            -98.026003,
            32.697256
          ],
          [
            -98.027581,
            32.697279
          ],
          [
            -98.027625,
            32.69728
          ],
          [
            -98.028603,
            32.697291
          ],
          [
            -98.029368,
            32.697301
          ],
          [
            -98.029539,
            32.697308
          ],
          [
            -98.029847,
            32.697348
          ],
          [
            -98.030012,
            32.697402
          ],
          [
            -98.030276,
            32.697503
          ],
          [
            -98.030564,
            32.697646
          ],
          [
            -98.031124,
            32.698066
          ],
          [
            -98.031286,
            32.698203
          ],
          [
            -98.031451,
            32.698346
          ],
          [
            -98.031593,
            32.698497
          ],
          [
            -98.031723,
            32.698673
          ],
          [
            -98.031891,
            32.698954
          ],
          [
            -98.031978,
            32.699165
          ],
          [
            -98.032013,
            32.699285
          ],
          [
            -98.032032,
            32.699453
          ],
          [
            -98.032033,
            32.699685
          ],
          [
            -98.032039,
            32.700358
          ],
          [
            -98.03203,
            32.701295
          ],
          [
            -98.032048,
            32.701473
          ],
          [
            -98.032094,
            32.701638
          ],
          [
            -98.03221,
            32.70189
          ],
          [
            -98.032481,
            32.702248
          ],
          [
            -98.03264,
            32.702443
          ],
          [
            -98.032669,
            32.702478
          ],
          [
            -98.033273,
            32.703196
          ],
          [
            -98.033597,
            32.70356
          ],
          [
            -98.033773,
            32.703786
          ],
          [
            -98.033989,
            32.704164
          ],
          [
            -98.034524,
            32.705171
          ],
          [
            -98.034728,
            32.705495
          ],
          [
            -98.034901,
            32.705646
          ],
          [
            -98.035083,
            32.705755
          ],
          [
            -98.035962,
            32.706124
          ],
          [
            -98.036449,
            32.706334
          ],
          [
            -98.037149,
            32.706599
          ],
          [
            -98.037351,
            32.70668
          ],
          [
            -98.037583,
            32.706773
          ],
          [
            -98.038036,
            32.706985
          ],
          [
            -98.03825,
            32.70711
          ],
          [
            -98.038354,
            32.707214
          ],
          [
            -98.038444,
            32.707319
          ],
          [
            -98.038523,
            32.707451
          ],
          [
            -98.038602,
            32.707612
          ],
          [
            -98.038669,
            32.707866
          ],
          [
            -98.038701,
            32.708038
          ],
          [
            -98.03876,
            32.708798
          ],
          [
            -98.0388,
            32.709082
          ],
          [
            -98.03889,
            32.70938
          ],
          [
            -98.039053,
            32.70971
          ],
          [
            -98.039156,
            32.709829
          ],
          [
            -98.039183,
            32.70986
          ],
          [
            -98.039395,
            32.71003
          ],
          [
            -98.040034,
            32.710461
          ],
          [
            -98.041619,
            32.711542
          ],
          [
            -98.042595,
            32.712396
          ],
          [
            -98.044181,
            32.713744
          ],
          [
            -98.044534,
            32.714062
          ],
          [
            -98.044842,
            32.714381
          ],
          [
            -98.045023,
            32.714598
          ],
          [
            -98.045223,
            32.714849
          ],
          [
            -98.045394,
            32.715073
          ],
          [
            -98.045565,
            32.715242
          ],
          [
            -98.045704,
            32.715348
          ],
          [
            -98.045955,
            32.715519
          ],
          [
            -98.046059,
            32.715585
          ],
          [
            -98.046217,
            32.715684
          ],
          [
            -98.046452,
            32.715841
          ],
          [
            -98.046565,
            32.71591
          ],
          [
            -98.046631,
            32.715956
          ],
          [
            -98.047116,
            32.716293
          ],
          [
            -98.047201,
            32.716352
          ],
          [
            -98.047425,
            32.716572
          ],
          [
            -98.048148,
            32.717717
          ],
          [
            -98.048464,
            32.718217
          ],
          [
            -98.048482,
            32.718244
          ],
          [
            -98.048536,
            32.718327
          ],
          [
            -98.048555,
            32.718355
          ],
          [
            -98.048583,
            32.718397
          ],
          [
            -98.048602,
            32.718426
          ],
          [
            -98.048683,
            32.718514
          ],
          [
            -98.048723,
            32.718547
          ],
          [
            -98.048761,
            32.718576
          ],
          [
            -98.048787,
            32.718597
          ],
          [
            -98.048883,
            32.718653
          ],
          [
            -98.048908,
            32.718668
          ],
          [
            -98.048928,
            32.718672
          ],
          [
            -98.049038,
            32.718694
          ],
          [
            -98.049241,
            32.71871
          ],
          [
            -98.049397,
            32.718711
          ],
          [
            -98.049515,
            32.718712
          ],
          [
            -98.049754,
            32.718714
          ],
          [
            -98.049959,
            32.718719
          ],
          [
            -98.050211,
            32.718727
          ],
          [
            -98.05053,
            32.718761
          ],
          [
            -98.050958,
            32.718869
          ],
          [
            -98.051135,
            32.718986
          ],
          [
            -98.051215,
            32.719057
          ],
          [
            -98.051229,
            32.719071
          ],
          [
            -98.051314,
            32.719197
          ],
          [
            -98.051351,
            32.719302
          ],
          [
            -98.051365,
            32.719465
          ],
          [
            -98.05137,
            32.719527
          ],
          [
            -98.051381,
            32.719699
          ],
          [
            -98.051427,
            32.720402
          ],
          [
            -98.051433,
            32.720489
          ],
          [
            -98.051462,
            32.720636
          ],
          [
            -98.051521,
            32.720765
          ],
          [
            -98.051934,
            32.721427
          ],
          [
            -98.052054,
            32.721632
          ],
          [
            -98.052085,
            32.721686
          ],
          [
            -98.052271,
            32.721931
          ],
          [
            -98.052673,
            32.7224
          ],
          [
            -98.05285,
            32.722644
          ],
          [
            -98.05301,
            32.722881
          ],
          [
            -98.053119,
            32.723084
          ],
          [
            -98.053336,
            32.723635
          ],
          [
            -98.053443,
            32.72389
          ],
          [
            -98.053537,
            32.724077
          ],
          [
            -98.053739,
            32.724352
          ],
          [
            -98.053922,
            32.724536
          ],
          [
            -98.054071,
            32.724687
          ],
          [
            -98.054322,
            32.724921
          ],
          [
            -98.054655,
            32.725204
          ],
          [
            -98.054772,
            32.725328
          ],
          [
            -98.054913,
            32.725477
          ],
          [
            -98.055028,
            32.725636
          ],
          [
            -98.055158,
            32.725908
          ],
          [
            -98.055318,
            32.726281
          ],
          [
            -98.055479,
            32.726644
          ],
          [
            -98.055519,
            32.726734
          ],
          [
            -98.05616,
            32.728113
          ],
          [
            -98.056467,
            32.728806
          ],
          [
            -98.056575,
            32.729063
          ],
          [
            -98.056635,
            32.729333
          ],
          [
            -98.056645,
            32.729499
          ],
          [
            -98.056633,
            32.730919
          ],
          [
            -98.056632,
            32.731168
          ],
          [
            -98.056623,
            32.732426
          ],
          [
            -98.056616,
            32.73276
          ],
          [
            -98.056605,
            32.73328
          ],
          [
            -98.056594,
            32.733809
          ],
          [
            -98.056539,
            32.734258
          ],
          [
            -98.056484,
            32.734492
          ],
          [
            -98.056236,
            32.735094
          ],
          [
            -98.055957,
            32.735731
          ],
          [
            -98.055951,
            32.735747
          ],
          [
            -98.055595,
            32.736506
          ],
          [
            -98.055241,
            32.73726
          ],
          [
            -98.055072,
            32.737623
          ],
          [
            -98.054881,
            32.738054
          ],
          [
            -98.054632,
            32.738567
          ],
          [
            -98.05437,
            32.739197
          ],
          [
            -98.054327,
            32.739327
          ],
          [
            -98.054294,
            32.739492
          ],
          [
            -98.054292,
            32.739567
          ],
          [
            -98.05428,
            32.740398
          ],
          [
            -98.054274,
            32.741432
          ],
          [
            -98.054274,
            32.741487
          ],
          [
            -98.054274,
            32.742961
          ],
          [
            -98.05425,
            32.743715
          ],
          [
            -98.054254,
            32.744214
          ],
          [
            -98.054251,
            32.744742
          ],
          [
            -98.054248,
            32.745646
          ],
          [
            -98.054243,
            32.745783
          ],
          [
            -98.054242,
            32.745828
          ],
          [
            -98.054239,
            32.745873
          ],
          [
            -98.054234,
            32.745997
          ],
          [
            -98.054193,
            32.746194
          ],
          [
            -98.054152,
            32.746311
          ],
          [
            -98.05409,
            32.746455
          ],
          [
            -98.054061,
            32.746508
          ],
          [
            -98.054009,
            32.746581
          ],
          [
            -98.053897,
            32.746693
          ],
          [
            -98.053809,
            32.746768
          ],
          [
            -98.053726,
            32.746829
          ],
          [
            -98.05349,
            32.747006
          ],
          [
            -98.052856,
            32.74743
          ],
          [
            -98.05266,
            32.747561
          ],
          [
            -98.05241,
            32.747697
          ],
          [
            -98.051014,
            32.748319
          ],
          [
            -98.050622,
            32.748493
          ],
          [
            -98.050103,
            32.748726
          ],
          [
            -98.049554,
            32.74899
          ]
        ]
      },
      "properties": {
        "LINEARID": "110416466437",
        "FULLNAME": "Bennett Rd",
        "RTTYP": "M",
        "MTFCC": "S1400",
        "traffic": {
          "aadt": 416,
          "dhv30": 34,
          "aadtYear": 2024,
          "locationId": "184CR103",
          "locatedOn": "-"
        }
      }
    },
    {
      "type": "Feature",
      "geometry": {
        "type": "LineString",
        "coordinates": [
          [
            -97.821296,
            32.7554
          ],
          [
            -97.821381,
            32.755421
          ],
          [
            -97.821408,
            32.755422
          ],
          [
            -97.821541,
            32.755427
          ],
          [
            -97.821754,
            32.755419
          ],
          [
            -97.82187,
            32.755416
          ],
          [
            -97.821891,
            32.755415
          ],
          [
            -97.82192,
            32.755414
          ],
          [
            -97.821953,
            32.755412
          ],
          [
            -97.821975,
            32.755412
          ],
          [
            -97.822017,
            32.755409
          ],
          [
            -97.822099,
            32.755408
          ],
          [
            -97.822146,
            32.755404
          ],
          [
            -97.822189,
            32.755402
          ],
          [
            -97.822332,
            32.755392
          ],
          [
            -97.82255,
            32.755379
          ],
          [
            -97.822762,
            32.755364
          ],
          [
            -97.822906,
            32.755356
          ],
          [
            -97.823063,
            32.755346
          ],
          [
            -97.823114,
            32.755343
          ],
          [
            -97.823741,
            32.75531
          ],
          [
            -97.823951,
            32.7553
          ],
          [
            -97.824023,
            32.755296
          ],
          [
            -97.82424,
            32.755285
          ],
          [
            -97.824313,
            32.755282
          ],
          [
            -97.824366,
            32.755277
          ],
          [
            -97.824526,
            32.75527
          ],
          [
            -97.82458,
            32.755268
          ],
          [
            -97.824711,
            32.75526
          ],
          [
            -97.825104,
            32.75524
          ],
          [
            -97.825236,
            32.755234
          ],
          [
            -97.825356,
            32.755226
          ],
          [
            -97.825565,
            32.755217
          ],
          [
            -97.825719,
            32.755209
          ],
          [
            -97.82584,
            32.755204
          ],
          [
            -97.826154,
            32.755175
          ],
          [
            -97.826283,
            32.755168
          ],
          [
            -97.826537,
            32.755137
          ],
          [
            -97.82667,
            32.755114
          ],
          [
            -97.826803,
            32.755084
          ],
          [
            -97.827007,
            32.755027
          ],
          [
            -97.827173,
            32.754974
          ],
          [
            -97.828128,
            32.754641
          ],
          [
            -97.828613,
            32.754474
          ],
          [
            -97.829194,
            32.754253
          ],
          [
            -97.829973,
            32.753933
          ],
          [
            -97.830788,
            32.753648
          ],
          [
            -97.831078,
            32.753539
          ],
          [
            -97.831226,
            32.753492
          ],
          [
            -97.831335,
            32.753464
          ],
          [
            -97.831627,
            32.753408
          ],
          [
            -97.831971,
            32.753356
          ],
          [
            -97.832451,
            32.753293
          ],
          [
            -97.83328,
            32.7532
          ],
          [
            -97.833839,
            32.753144
          ],
          [
            -97.834402,
            32.753096
          ],
          [
            -97.8345,
            32.753089
          ],
          [
            -97.834999,
            32.753054
          ],
          [
            -97.835298,
            32.753029
          ],
          [
            -97.8356,
            32.752996
          ],
          [
            -97.835961,
            32.752946
          ],
          [
            -97.836204,
            32.752914
          ],
          [
            -97.836467,
            32.752871
          ],
          [
            -97.836554,
            32.752858
          ],
          [
            -97.836904,
            32.752796
          ],
          [
            -97.837251,
            32.752728
          ],
          [
            -97.837342,
            32.752708
          ],
          [
            -97.837501,
            32.752671
          ],
          [
            -97.837981,
            32.752567
          ],
          [
            -97.838141,
            32.752532
          ],
          [
            -97.83817,
            32.752526
          ],
          [
            -97.838405,
            32.752473
          ],
          [
            -97.838739,
            32.7524
          ],
          [
            -97.839202,
            32.752308
          ],
          [
            -97.839373,
            32.752276
          ],
          [
            -97.839469,
            32.752263
          ],
          [
            -97.839574,
            32.752249
          ],
          [
            -97.839696,
            32.75224
          ],
          [
            -97.839907,
            32.752226
          ],
          [
            -97.840178,
            32.752218
          ],
          [
            -97.840383,
            32.752221
          ],
          [
            -97.840612,
            32.752225
          ],
          [
            -97.840921,
            32.752257
          ],
          [
            -97.841268,
            32.752294
          ],
          [
            -97.841535,
            32.752338
          ],
          [
            -97.841755,
            32.752366
          ],
          [
            -97.841846,
            32.752373
          ],
          [
            -97.842156,
            32.752399
          ],
          [
            -97.842469,
            32.752426
          ],
          [
            -97.842541,
            32.752431
          ],
          [
            -97.843699,
            32.752518
          ],
          [
            -97.844085,
            32.752548
          ],
          [
            -97.844189,
            32.752557
          ],
          [
            -97.844315,
            32.752561
          ],
          [
            -97.845006,
            32.752589
          ],
          [
            -97.845237,
            32.752599
          ],
          [
            -97.845368,
            32.752601
          ],
          [
            -97.845763,
            32.752609
          ],
          [
            -97.845895,
            32.752614
          ],
          [
            -97.846407,
            32.752618
          ],
          [
            -97.846901,
            32.752622
          ],
          [
            -97.847943,
            32.752608
          ],
          [
            -97.848455,
            32.752602
          ],
          [
            -97.849197,
            32.752536
          ],
          [
            -97.849419,
            32.752507
          ],
          [
            -97.849731,
            32.752453
          ],
          [
            -97.849911,
            32.75243
          ],
          [
            -97.850287,
            32.7524
          ],
          [
            -97.850745,
            32.752392
          ],
          [
            -97.851298,
            32.752382
          ],
          [
            -97.852596,
            32.752307
          ],
          [
            -97.853172,
            32.752279
          ],
          [
            -97.853771,
            32.752236
          ],
          [
            -97.854963,
            32.752205
          ],
          [
            -97.855504,
            32.752193
          ],
          [
            -97.855754,
            32.752188
          ],
          [
            -97.856763,
            32.752179
          ],
          [
            -97.85713,
            32.752179
          ],
          [
            -97.857253,
            32.75218
          ],
          [
            -97.857672,
            32.752186
          ],
          [
            -97.85815,
            32.752193
          ],
          [
            -97.858553,
            32.752199
          ],
          [
            -97.859584,
            32.752203
          ],
          [
            -97.860063,
            32.752206
          ],
          [
            -97.860438,
            32.752208
          ],
          [
            -97.860878,
            32.752207
          ],
          [
            -97.861119,
            32.75221
          ],
          [
            -97.861565,
            32.752224
          ],
          [
            -97.861659,
            32.752232
          ],
          [
            -97.861813,
            32.752241
          ],
          [
            -97.862141,
            32.752274
          ],
          [
            -97.862569,
            32.752317
          ],
          [
            -97.863589,
            32.752398
          ],
          [
            -97.864073,
            32.752437
          ],
          [
            -97.8658,
            32.752575
          ],
          [
            -97.865998,
            32.752586
          ],
          [
            -97.866386,
            32.752585
          ],
          [
            -97.86672,
            32.75257
          ],
          [
            -97.86691,
            32.752552
          ],
          [
            -97.866996,
            32.752545
          ],
          [
            -97.867215,
            32.75251
          ],
          [
            -97.8676,
            32.752431
          ],
          [
            -97.868241,
            32.752321
          ],
          [
            -97.868653,
            32.752259
          ],
          [
            -97.869251,
            32.752178
          ],
          [
            -97.86956,
            32.752123
          ],
          [
            -97.869704,
            32.752088
          ],
          [
            -97.869927,
            32.752024
          ],
          [
            -97.87064,
            32.751794
          ],
          [
            -97.870785,
            32.751757
          ],
          [
            -97.871068,
            32.751696
          ],
          [
            -97.871305,
            32.751656
          ],
          [
            -97.871806,
            32.751597
          ],
          [
            -97.872207,
            32.751557
          ],
          [
            -97.872874,
            32.751501
          ],
          [
            -97.873515,
            32.751438
          ],
          [
            -97.87373,
            32.751421
          ],
          [
            -97.874059,
            32.751411
          ],
          [
            -97.874106,
            32.751411
          ],
          [
            -97.874643,
            32.751414
          ],
          [
            -97.875332,
            32.75141
          ],
          [
            -97.875584,
            32.751409
          ],
          [
            -97.877771,
            32.751447
          ],
          [
            -97.877802,
            32.751448
          ],
          [
            -97.878017,
            32.751451
          ],
          [
            -97.878177,
            32.751454
          ],
          [
            -97.878201,
            32.751454
          ],
          [
            -97.878274,
            32.751457
          ],
          [
            -97.878299,
            32.751458
          ],
          [
            -97.878372,
            32.75146
          ],
          [
            -97.878593,
            32.751466
          ],
          [
            -97.878623,
            32.751469
          ],
          [
            -97.878667,
            32.75147
          ],
          [
            -97.879699,
            32.751485
          ],
          [
            -97.880339,
            32.751495
          ],
          [
            -97.880548,
            32.751489
          ],
          [
            -97.881604,
            32.751441
          ],
          [
            -97.88201,
            32.751405
          ],
          [
            -97.882792,
            32.75141
          ],
          [
            -97.882803,
            32.751411
          ],
          [
            -97.883025,
            32.751429
          ],
          [
            -97.883176,
            32.751456
          ],
          [
            -97.883693,
            32.751612
          ],
          [
            -97.883794,
            32.751644
          ],
          [
            -97.884393,
            32.751833
          ],
          [
            -97.88484,
            32.751976
          ],
          [
            -97.88563,
            32.752232
          ],
          [
            -97.885819,
            32.752294
          ],
          [
            -97.88587,
            32.752309
          ],
          [
            -97.885919,
            32.752326
          ],
          [
            -97.886904,
            32.752648
          ],
          [
            -97.887969,
            32.753009
          ],
          [
            -97.889009,
            32.753363
          ],
          [
            -97.88971,
            32.75358
          ],
          [
            -97.890013,
            32.753675
          ],
          [
            -97.890402,
            32.753797
          ],
          [
            -97.89098,
            32.753917
          ],
          [
            -97.891169,
            32.753972
          ],
          [
            -97.891814,
            32.754218
          ],
          [
            -97.891867,
            32.754238
          ],
          [
            -97.892505,
            32.754469
          ],
          [
            -97.892713,
            32.754544
          ],
          [
            -97.893337,
            32.75477
          ],
          [
            -97.893478,
            32.754822
          ],
          [
            -97.893546,
            32.754846
          ],
          [
            -97.893814,
            32.75494
          ],
          [
            -97.893867,
            32.754959
          ],
          [
            -97.89466,
            32.755258
          ],
          [
            -97.894827,
            32.755316
          ],
          [
            -97.895149,
            32.755432
          ],
          [
            -97.895213,
            32.755455
          ],
          [
            -97.895402,
            32.755513
          ],
          [
            -97.895557,
            32.755563
          ],
          [
            -97.895783,
            32.755613
          ],
          [
            -97.895954,
            32.755624
          ],
          [
            -97.896191,
            32.75562
          ],
          [
            -97.896343,
            32.755618
          ],
          [
            -97.896458,
            32.755611
          ],
          [
            -97.897033,
            32.755564
          ],
          [
            -97.897605,
            32.75552
          ],
          [
            -97.898759,
            32.755448
          ],
          [
            -97.89913,
            32.755425
          ],
          [
            -97.899336,
            32.755417
          ],
          [
            -97.899501,
            32.755415
          ],
          [
            -97.89969,
            32.755413
          ],
          [
            -97.899999,
            32.755404
          ],
          [
            -97.900084,
            32.755402
          ],
          [
            -97.900165,
            32.755407
          ],
          [
            -97.900294,
            32.755416
          ],
          [
            -97.900447,
            32.755448
          ],
          [
            -97.900911,
            32.755566
          ],
          [
            -97.901014,
            32.755592
          ],
          [
            -97.901166,
            32.755613
          ],
          [
            -97.901574,
            32.755634
          ],
          [
            -97.902011,
            32.755668
          ],
          [
            -97.902224,
            32.755695
          ],
          [
            -97.902533,
            32.755747
          ],
          [
            -97.90282,
            32.755809
          ],
          [
            -97.902952,
            32.755851
          ],
          [
            -97.903173,
            32.755907
          ],
          [
            -97.903405,
            32.755969
          ],
          [
            -97.903844,
            32.756046
          ],
          [
            -97.903924,
            32.756055
          ],
          [
            -97.904424,
            32.756105
          ],
          [
            -97.905266,
            32.756161
          ],
          [
            -97.907501,
            32.756313
          ],
          [
            -97.909297,
            32.756428
          ],
          [
            -97.909682,
            32.756453
          ],
          [
            -97.91045,
            32.756511
          ],
          [
            -97.910641,
            32.756518
          ],
          [
            -97.911786,
            32.756498
          ],
          [
            -97.912275,
            32.75649
          ],
          [
            -97.912989,
            32.756477
          ],
          [
            -97.914248,
            32.756442
          ],
          [
            -97.914838,
            32.756432
          ],
          [
            -97.915222,
            32.756439
          ],
          [
            -97.915267,
            32.75644
          ],
          [
            -97.915658,
            32.756468
          ],
          [
            -97.916327,
            32.756515
          ],
          [
            -97.916366,
            32.756517
          ],
          [
            -97.917096,
            32.756548
          ],
          [
            -97.917447,
            32.756546
          ],
          [
            -97.918007,
            32.756543
          ],
          [
            -97.919429,
            32.756486
          ],
          [
            -97.920461,
            32.756468
          ],
          [
            -97.920691,
            32.75647
          ],
          [
            -97.921773,
            32.756482
          ],
          [
            -97.922817,
            32.756471
          ],
          [
            -97.923191,
            32.75647
          ],
          [
            -97.923572,
            32.756469
          ],
          [
            -97.92458,
            32.756458
          ],
          [
            -97.926489,
            32.756413
          ],
          [
            -97.927447,
            32.756397
          ],
          [
            -97.927764,
            32.756394
          ],
          [
            -97.928146,
            32.756417
          ],
          [
            -97.928357,
            32.756446
          ],
          [
            -97.928764,
            32.756551
          ],
          [
            -97.928847,
            32.756573
          ],
          [
            -97.930193,
            32.756931
          ],
          [
            -97.930269,
            32.756951
          ],
          [
            -97.931642,
            32.757324
          ],
          [
            -97.932055,
            32.757446
          ],
          [
            -97.932556,
            32.757571
          ],
          [
            -97.93281,
            32.757587
          ],
          [
            -97.933313,
            32.757591
          ],
          [
            -97.933736,
            32.757554
          ],
          [
            -97.933993,
            32.757488
          ],
          [
            -97.934244,
            32.757401
          ],
          [
            -97.934552,
            32.757268
          ],
          [
            -97.935511,
            32.756856
          ],
          [
            -97.935774,
            32.756745
          ],
          [
            -97.935907,
            32.756691
          ],
          [
            -97.936542,
            32.756431
          ],
          [
            -97.936778,
            32.75634
          ],
          [
            -97.937496,
            32.756067
          ],
          [
            -97.939436,
            32.755409
          ],
          [
            -97.939627,
            32.755346
          ],
          [
            -97.940169,
            32.755225
          ],
          [
            -97.94035,
            32.755202
          ],
          [
            -97.940407,
            32.755195
          ],
          [
            -97.940524,
            32.755172
          ],
          [
            -97.940745,
            32.755147
          ],
          [
            -97.941157,
            32.755114
          ],
          [
            -97.941509,
            32.755103
          ],
          [
            -97.942288,
            32.755092
          ],
          [
            -97.942653,
            32.755096
          ],
          [
            -97.942912,
            32.755099
          ],
          [
            -97.943434,
            32.755143
          ],
          [
            -97.943865,
            32.755184
          ],
          [
            -97.944759,
            32.755242
          ],
          [
            -97.945114,
            32.755262
          ],
          [
            -97.945362,
            32.755263
          ],
          [
            -97.946001,
            32.755247
          ],
          [
            -97.947928,
            32.755164
          ],
          [
            -97.948944,
            32.755135
          ],
          [
            -97.949283,
            32.75513
          ],
          [
            -97.949572,
            32.755117
          ],
          [
            -97.950301,
            32.755087
          ],
          [
            -97.950521,
            32.755107
          ],
          [
            -97.950684,
            32.755139
          ],
          [
            -97.951506,
            32.755328
          ],
          [
            -97.951844,
            32.755419
          ]
        ]
      },
      "properties": {
        "LINEARID": "110416472040",
        "FULLNAME": "Greenwood Rd",
        "RTTYP": "M",
        "MTFCC": "S1400",
        "traffic": {
          "aadt": 154,
          "dhv30": 24,
          "aadtYear": 2019,
          "locationId": "184CR108A",
          "locatedOn": "-"
        }
      }
    },
    {
      "type": "Feature",
      "geometry": {
        "type": "LineString",
        "coordinates": [
          [
            -97.549076,
            32.702714
          ],
          [
            -97.553537,
            32.706131
          ],
          [
            -97.553606,
            32.706184
          ],
          [
            -97.553738,
            32.706291
          ],
          [
            -97.554045,
            32.706539
          ],
          [
            -97.555491,
            32.707783
          ],
          [
            -97.555993,
            32.708225
          ],
          [
            -97.556717,
            32.708899
          ],
          [
            -97.557133,
            32.709317
          ],
          [
            -97.559203,
            32.711405
          ],
          [
            -97.559743,
            32.711941
          ],
          [
            -97.560799,
            32.712998
          ],
          [
            -97.560986,
            32.713184
          ],
          [
            -97.562331,
            32.714496
          ],
          [
            -97.563634,
            32.715811
          ],
          [
            -97.563816,
            32.716007
          ],
          [
            -97.564408,
            32.716644
          ],
          [
            -97.564995,
            32.717183
          ],
          [
            -97.565687,
            32.717758
          ],
          [
            -97.566438,
            32.718333
          ],
          [
            -97.567048,
            32.718791
          ],
          [
            -97.567541,
            32.719131
          ],
          [
            -97.568342,
            32.71966
          ],
          [
            -97.568888,
            32.719929
          ],
          [
            -97.569641,
            32.720269
          ],
          [
            -97.570022,
            32.720413
          ],
          [
            -97.570234,
            32.720506
          ],
          [
            -97.571067,
            32.720849
          ],
          [
            -97.574448,
            32.722142
          ],
          [
            -97.57597,
            32.722717
          ],
          [
            -97.57872,
            32.723776
          ],
          [
            -97.579205,
            32.724002
          ],
          [
            -97.583703,
            32.725591
          ],
          [
            -97.585597,
            32.726302
          ],
          [
            -97.587446,
            32.726933
          ],
          [
            -97.588348,
            32.727226
          ],
          [
            -97.589239,
            32.72744
          ],
          [
            -97.590141,
            32.727599
          ],
          [
            -97.59238,
            32.727937
          ],
          [
            -97.593433,
            32.728072
          ],
          [
            -97.596172,
            32.728354
          ],
          [
            -97.598878,
            32.728681
          ],
          [
            -97.599816,
            32.728787
          ],
          [
            -97.601663,
            32.728996
          ],
          [
            -97.604526,
            32.729357
          ],
          [
            -97.60818,
            32.729752
          ],
          [
            -97.609397,
            32.729932
          ],
          [
            -97.611967,
            32.730248
          ],
          [
            -97.614666,
            32.730541
          ],
          [
            -97.615908,
            32.730703
          ],
          [
            -97.61707,
            32.730837
          ],
          [
            -97.620243,
            32.731184
          ],
          [
            -97.621277,
            32.731312
          ],
          [
            -97.622395,
            32.731509
          ],
          [
            -97.623318,
            32.731728
          ],
          [
            -97.624699,
            32.73211
          ],
          [
            -97.625848,
            32.732419
          ],
          [
            -97.625947,
            32.732446
          ],
          [
            -97.62648,
            32.732604
          ],
          [
            -97.626765,
            32.732689
          ],
          [
            -97.627117,
            32.73279
          ],
          [
            -97.627294,
            32.732846
          ],
          [
            -97.627624,
            32.73294
          ],
          [
            -97.628855,
            32.733302
          ],
          [
            -97.62976,
            32.733564
          ],
          [
            -97.631775,
            32.734136
          ],
          [
            -97.632422,
            32.734299
          ],
          [
            -97.63271,
            32.734384
          ],
          [
            -97.632849,
            32.734425
          ],
          [
            -97.632869,
            32.734431
          ],
          [
            -97.633042,
            32.734479
          ],
          [
            -97.633342,
            32.734561
          ],
          [
            -97.634593,
            32.734918
          ],
          [
            -97.636072,
            32.735331
          ],
          [
            -97.636668,
            32.735501
          ],
          [
            -97.63761,
            32.735762
          ],
          [
            -97.637907,
            32.735854
          ],
          [
            -97.638214,
            32.735948
          ],
          [
            -97.638701,
            32.73606
          ],
          [
            -97.638999,
            32.73616
          ],
          [
            -97.639247,
            32.73623
          ],
          [
            -97.639525,
            32.736326
          ],
          [
            -97.64142,
            32.73686
          ],
          [
            -97.64314,
            32.737336
          ],
          [
            -97.645384,
            32.737976
          ],
          [
            -97.645606,
            32.738039
          ],
          [
            -97.645917,
            32.738127
          ],
          [
            -97.646391,
            32.738259
          ],
          [
            -97.646833,
            32.738379
          ],
          [
            -97.649273,
            32.739089
          ],
          [
            -97.65203,
            32.739849
          ],
          [
            -97.652058,
            32.739857
          ],
          [
            -97.652447,
            32.739967
          ],
          [
            -97.653647,
            32.740336
          ],
          [
            -97.65389,
            32.740402
          ],
          [
            -97.655058,
            32.740724
          ],
          [
            -97.655748,
            32.740912
          ],
          [
            -97.656994,
            32.741297
          ],
          [
            -97.658161,
            32.741684
          ],
          [
            -97.66012,
            32.742367
          ],
          [
            -97.66255,
            32.743183
          ],
          [
            -97.66492,
            32.74398
          ],
          [
            -97.66546,
            32.744146
          ],
          [
            -97.666066,
            32.744341
          ],
          [
            -97.668007,
            32.745017
          ],
          [
            -97.670482,
            32.745863
          ],
          [
            -97.671999,
            32.746462
          ],
          [
            -97.673929,
            32.747281
          ],
          [
            -97.673968,
            32.74729
          ],
          [
            -97.674178,
            32.747383
          ],
          [
            -97.675755,
            32.748064
          ],
          [
            -97.676847,
            32.748528
          ],
          [
            -97.676869,
            32.748538
          ],
          [
            -97.677357,
            32.748749
          ],
          [
            -97.679055,
            32.749482
          ],
          [
            -97.679359,
            32.749611
          ],
          [
            -97.682284,
            32.750799
          ],
          [
            -97.68576,
            32.751892
          ],
          [
            -97.685973,
            32.751989
          ],
          [
            -97.687031,
            32.752272
          ],
          [
            -97.68879,
            32.75276
          ],
          [
            -97.6911,
            32.753399
          ],
          [
            -97.691466,
            32.75351
          ],
          [
            -97.693843,
            32.754147
          ],
          [
            -97.69565,
            32.75459
          ],
          [
            -97.695936,
            32.754661
          ],
          [
            -97.696357,
            32.754739
          ],
          [
            -97.696814,
            32.75481
          ],
          [
            -97.697473,
            32.754891
          ],
          [
            -97.697963,
            32.754942
          ],
          [
            -97.699001,
            32.755023
          ],
          [
            -97.700501,
            32.755038
          ],
          [
            -97.701217,
            32.755031
          ],
          [
            -97.702638,
            32.754896
          ],
          [
            -97.70388,
            32.754714
          ],
          [
            -97.703936,
            32.754701
          ],
          [
            -97.704829,
            32.754534
          ],
          [
            -97.705361,
            32.754401
          ],
          [
            -97.705992,
            32.754238
          ],
          [
            -97.70748,
            32.753843
          ],
          [
            -97.707649,
            32.7538
          ],
          [
            -97.70897,
            32.753425
          ],
          [
            -97.712488,
            32.752478
          ],
          [
            -97.714289,
            32.751976
          ],
          [
            -97.714511,
            32.751919
          ],
          [
            -97.716897,
            32.751289
          ],
          [
            -97.717804,
            32.751043
          ],
          [
            -97.717977,
            32.750996
          ],
          [
            -97.71915,
            32.750681
          ],
          [
            -97.721521,
            32.750045
          ],
          [
            -97.721732,
            32.749983
          ],
          [
            -97.722105,
            32.749885
          ],
          [
            -97.722444,
            32.749794
          ],
          [
            -97.722913,
            32.749667
          ],
          [
            -97.723396,
            32.74953
          ],
          [
            -97.72593,
            32.748855
          ],
          [
            -97.726522,
            32.74869
          ],
          [
            -97.726801,
            32.748612
          ],
          [
            -97.727737,
            32.748361
          ],
          [
            -97.728558,
            32.74814
          ],
          [
            -97.728748,
            32.748089
          ],
          [
            -97.73146,
            32.747346
          ],
          [
            -97.733521,
            32.746808
          ],
          [
            -97.734674,
            32.746496
          ],
          [
            -97.73484,
            32.746451
          ],
          [
            -97.737318,
            32.745778
          ],
          [
            -97.739093,
            32.745295
          ],
          [
            -97.740358,
            32.744962
          ],
          [
            -97.740647,
            32.744893
          ],
          [
            -97.744184,
            32.743805
          ],
          [
            -97.745648,
            32.743187
          ],
          [
            -97.747454,
            32.74264
          ],
          [
            -97.749194,
            32.742001
          ],
          [
            -97.749327,
            32.741954
          ],
          [
            -97.751537,
            32.741175
          ],
          [
            -97.751938,
            32.741034
          ],
          [
            -97.753095,
            32.740631
          ],
          [
            -97.75473,
            32.740043
          ],
          [
            -97.755086,
            32.739911
          ],
          [
            -97.755554,
            32.739736
          ],
          [
            -97.756181,
            32.73948
          ],
          [
            -97.756616,
            32.739313
          ],
          [
            -97.757714,
            32.738918
          ],
          [
            -97.758011,
            32.738808
          ],
          [
            -97.75868,
            32.73856
          ],
          [
            -97.759118,
            32.738383
          ],
          [
            -97.759565,
            32.73825
          ],
          [
            -97.761637,
            32.73754
          ],
          [
            -97.762586,
            32.737198
          ],
          [
            -97.762817,
            32.737115
          ],
          [
            -97.764226,
            32.736612
          ],
          [
            -97.765936,
            32.735974
          ],
          [
            -97.766708,
            32.73572
          ],
          [
            -97.767386,
            32.735467
          ],
          [
            -97.768037,
            32.735233
          ],
          [
            -97.77133,
            32.73405
          ],
          [
            -97.773882,
            32.733147
          ],
          [
            -97.774204,
            32.733026
          ],
          [
            -97.774267,
            32.733006
          ],
          [
            -97.774632,
            32.732872
          ],
          [
            -97.774999,
            32.732747
          ],
          [
            -97.775369,
            32.732628
          ],
          [
            -97.775685,
            32.732534
          ],
          [
            -97.776004,
            32.732445
          ],
          [
            -97.776324,
            32.73236
          ],
          [
            -97.776968,
            32.7322
          ],
          [
            -97.777369,
            32.732106
          ],
          [
            -97.778175,
            32.731932
          ],
          [
            -97.779534,
            32.731653
          ],
          [
            -97.782008,
            32.731146
          ],
          [
            -97.783699,
            32.730795
          ],
          [
            -97.785539,
            32.730383
          ],
          [
            -97.786079,
            32.730308
          ],
          [
            -97.786335,
            32.730261
          ],
          [
            -97.787338,
            32.730027
          ],
          [
            -97.787839,
            32.729903
          ],
          [
            -97.788143,
            32.729824
          ],
          [
            -97.788338,
            32.729774
          ],
          [
            -97.789151,
            32.729554
          ],
          [
            -97.789287,
            32.729512
          ],
          [
            -97.789454,
            32.729461
          ],
          [
            -97.789603,
            32.729427
          ],
          [
            -97.790715,
            32.729121
          ],
          [
            -97.791585,
            32.728868
          ],
          [
            -97.791765,
            32.728797
          ],
          [
            -97.792137,
            32.728704
          ],
          [
            -97.793214,
            32.728423
          ],
          [
            -97.793843,
            32.728247
          ],
          [
            -97.794471,
            32.728064
          ],
          [
            -97.7951,
            32.72789
          ],
          [
            -97.795557,
            32.727763
          ],
          [
            -97.79635,
            32.727555
          ],
          [
            -97.797023,
            32.727387
          ],
          [
            -97.797443,
            32.727296
          ],
          [
            -97.797866,
            32.727212
          ],
          [
            -97.797911,
            32.727205
          ],
          [
            -97.798105,
            32.727173
          ],
          [
            -97.798652,
            32.727097
          ],
          [
            -97.799136,
            32.727038
          ],
          [
            -97.799821,
            32.726968
          ],
          [
            -97.800179,
            32.72694
          ],
          [
            -97.800538,
            32.726919
          ],
          [
            -97.800846,
            32.726906
          ],
          [
            -97.801437,
            32.726892
          ],
          [
            -97.802003,
            32.726886
          ],
          [
            -97.802456,
            32.726896
          ],
          [
            -97.802625,
            32.726903
          ],
          [
            -97.803302,
            32.726945
          ],
          [
            -97.80382,
            32.726982
          ],
          [
            -97.805317,
            32.727105
          ],
          [
            -97.805955,
            32.727154
          ],
          [
            -97.807232,
            32.727235
          ],
          [
            -97.807553,
            32.727262
          ],
          [
            -97.808465,
            32.727334
          ],
          [
            -97.809876,
            32.727459
          ],
          [
            -97.810366,
            32.72749
          ],
          [
            -97.811506,
            32.72759
          ],
          [
            -97.814991,
            32.727826
          ],
          [
            -97.818131,
            32.728046
          ],
          [
            -97.818394,
            32.72809
          ],
          [
            -97.819692,
            32.728192
          ],
          [
            -97.82023,
            32.72823
          ],
          [
            -97.820756,
            32.728257
          ],
          [
            -97.821282,
            32.728279
          ],
          [
            -97.822398,
            32.728316
          ],
          [
            -97.824256,
            32.728279
          ],
          [
            -97.826068,
            32.728289
          ],
          [
            -97.826317,
            32.728297
          ],
          [
            -97.8313,
            32.72823
          ],
          [
            -97.832787,
            32.72822
          ],
          [
            -97.833245,
            32.728217
          ],
          [
            -97.83738,
            32.728165
          ],
          [
            -97.84063,
            32.728124
          ],
          [
            -97.841488,
            32.728113
          ],
          [
            -97.841793,
            32.728116
          ],
          [
            -97.843747,
            32.728102
          ],
          [
            -97.84666,
            32.728066
          ],
          [
            -97.848361,
            32.728046
          ],
          [
            -97.849925,
            32.728037
          ],
          [
            -97.85026,
            32.728036
          ],
          [
            -97.851205,
            32.728029
          ],
          [
            -97.851966,
            32.728023
          ],
          [
            -97.85513,
            32.727997
          ],
          [
            -97.857512,
            32.728
          ],
          [
            -97.85937,
            32.727993
          ],
          [
            -97.859476,
            32.727992
          ],
          [
            -97.862377,
            32.727983
          ],
          [
            -97.864005,
            32.727978
          ],
          [
            -97.864739,
            32.72797
          ],
          [
            -97.865026,
            32.727963
          ],
          [
            -97.865312,
            32.72795
          ],
          [
            -97.8656,
            32.72793
          ],
          [
            -97.866066,
            32.727885
          ],
          [
            -97.866604,
            32.727822
          ],
          [
            -97.867352,
            32.727715
          ],
          [
            -97.868404,
            32.727548
          ],
          [
            -97.869505,
            32.727373
          ],
          [
            -97.870338,
            32.727241
          ],
          [
            -97.870804,
            32.727201
          ],
          [
            -97.872315,
            32.72692
          ],
          [
            -97.874378,
            32.726678
          ],
          [
            -97.874708,
            32.726656
          ],
          [
            -97.875969,
            32.72661
          ],
          [
            -97.876109,
            32.726613
          ],
          [
            -97.876665,
            32.726602
          ],
          [
            -97.879493,
            32.726578
          ],
          [
            -97.880237,
            32.726576
          ],
          [
            -97.880289,
            32.726576
          ],
          [
            -97.88034,
            32.726574
          ],
          [
            -97.880395,
            32.726574
          ],
          [
            -97.880598,
            32.726566
          ],
          [
            -97.881109,
            32.726562
          ],
          [
            -97.881619,
            32.726551
          ],
          [
            -97.882128,
            32.726532
          ],
          [
            -97.882922,
            32.726492
          ],
          [
            -97.883186,
            32.72647
          ],
          [
            -97.883699,
            32.726414
          ],
          [
            -97.883995,
            32.726376
          ],
          [
            -97.884583,
            32.72629
          ],
          [
            -97.885028,
            32.726208
          ],
          [
            -97.885771,
            32.726056
          ],
          [
            -97.886358,
            32.725923
          ],
          [
            -97.886649,
            32.72585
          ],
          [
            -97.887242,
            32.725686
          ],
          [
            -97.887679,
            32.725557
          ],
          [
            -97.887968,
            32.725465
          ],
          [
            -97.88825,
            32.725369
          ],
          [
            -97.888806,
            32.725164
          ],
          [
            -97.889185,
            32.725011
          ],
          [
            -97.889541,
            32.724857
          ],
          [
            -97.889772,
            32.724764
          ],
          [
            -97.889966,
            32.724665
          ],
          [
            -97.890175,
            32.72457
          ],
          [
            -97.890288,
            32.724516
          ],
          [
            -97.891427,
            32.724021
          ],
          [
            -97.893401,
            32.723125
          ],
          [
            -97.894591,
            32.72261
          ],
          [
            -97.894614,
            32.722599
          ],
          [
            -97.89487,
            32.722479
          ],
          [
            -97.895719,
            32.722099
          ],
          [
            -97.89633,
            32.721821
          ],
          [
            -97.897802,
            32.721162
          ],
          [
            -97.899113,
            32.720568
          ],
          [
            -97.899281,
            32.720498
          ],
          [
            -97.900921,
            32.719747
          ],
          [
            -97.901597,
            32.719473
          ],
          [
            -97.902119,
            32.719277
          ],
          [
            -97.902317,
            32.719208
          ],
          [
            -97.902466,
            32.719164
          ],
          [
            -97.903259,
            32.718922
          ],
          [
            -97.903592,
            32.718837
          ],
          [
            -97.904097,
            32.718727
          ],
          [
            -97.904843,
            32.718607
          ],
          [
            -97.905047,
            32.718567
          ],
          [
            -97.906076,
            32.718428
          ],
          [
            -97.90658,
            32.71837
          ],
          [
            -97.907715,
            32.71821
          ],
          [
            -97.908048,
            32.718173
          ],
          [
            -97.909549,
            32.71797
          ],
          [
            -97.911054,
            32.717754
          ],
          [
            -97.911721,
            32.717649
          ],
          [
            -97.912106,
            32.717593
          ],
          [
            -97.912421,
            32.717533
          ],
          [
            -97.913227,
            32.717343
          ],
          [
            -97.913859,
            32.717177
          ],
          [
            -97.914602,
            32.716956
          ],
          [
            -97.914764,
            32.716898
          ],
          [
            -97.915245,
            32.716746
          ],
          [
            -97.918043,
            32.715784
          ],
          [
            -97.919594,
            32.715224
          ],
          [
            -97.921227,
            32.714664
          ],
          [
            -97.922876,
            32.714078
          ],
          [
            -97.92531,
            32.713237
          ],
          [
            -97.926249,
            32.712913
          ],
          [
            -97.926564,
            32.712798
          ],
          [
            -97.927381,
            32.712522
          ],
          [
            -97.930917,
            32.711281
          ],
          [
            -97.93243,
            32.71076
          ],
          [
            -97.933013,
            32.710553
          ],
          [
            -97.93394,
            32.710225
          ],
          [
            -97.935491,
            32.709688
          ],
          [
            -97.935515,
            32.709679
          ],
          [
            -97.9375,
            32.708969
          ],
          [
            -97.942388,
            32.707284
          ],
          [
            -97.944682,
            32.706473
          ],
          [
            -97.947189,
            32.705603
          ],
          [
            -97.950372,
            32.704489
          ],
          [
            -97.95216,
            32.703845
          ],
          [
            -97.95315,
            32.703497
          ],
          [
            -97.953393,
            32.703415
          ],
          [
            -97.953825,
            32.703255
          ],
          [
            -97.955465,
            32.70277
          ],
          [
            -97.956719,
            32.702267
          ],
          [
            -97.957027,
            32.702154
          ],
          [
            -97.960198,
            32.701062
          ],
          [
            -97.961814,
            32.700488
          ],
          [
            -97.964913,
            32.699402
          ],
          [
            -97.966317,
            32.698901
          ],
          [
            -97.966536,
            32.698831
          ],
          [
            -97.967083,
            32.69864
          ],
          [
            -97.96988,
            32.697678
          ],
          [
            -97.970881,
            32.697319
          ],
          [
            -97.973245,
            32.696489
          ],
          [
            -97.97327,
            32.696481
          ],
          [
            -97.973319,
            32.696466
          ],
          [
            -97.973809,
            32.696309
          ],
          [
            -97.975752,
            32.695619
          ],
          [
            -97.97711,
            32.695141
          ],
          [
            -97.977307,
            32.695074
          ],
          [
            -97.978653,
            32.694612
          ],
          [
            -97.983739,
            32.692847
          ],
          [
            -97.986317,
            32.691933
          ],
          [
            -97.989407,
            32.690866
          ],
          [
            -97.989901,
            32.690691
          ],
          [
            -97.992256,
            32.689829
          ],
          [
            -97.994285,
            32.689169
          ],
          [
            -97.995465,
            32.688744
          ],
          [
            -97.996149,
            32.688414
          ],
          [
            -97.997565,
            32.687706
          ],
          [
            -97.998532,
            32.687116
          ],
          [
            -97.999452,
            32.68655
          ],
          [
            -98.000372,
            32.685913
          ],
          [
            -98.001387,
            32.685253
          ],
          [
            -98.002165,
            32.684757
          ],
          [
            -98.003038,
            32.684356
          ],
          [
            -98.003935,
            32.683908
          ],
          [
            -98.00502,
            32.683389
          ],
          [
            -98.005775,
            32.683035
          ],
          [
            -98.006847,
            32.682451
          ],
          [
            -98.009183,
            32.680906
          ],
          [
            -98.009405,
            32.680758
          ],
          [
            -98.012877,
            32.678384
          ],
          [
            -98.02065,
            32.673228
          ],
          [
            -98.022663,
            32.671826
          ],
          [
            -98.022809,
            32.671729
          ],
          [
            -98.024325,
            32.670704
          ],
          [
            -98.025591,
            32.669876
          ],
          [
            -98.027063,
            32.668875
          ],
          [
            -98.027192,
            32.6688
          ],
          [
            -98.028421,
            32.667985
          ],
          [
            -98.030546,
            32.666552
          ],
          [
            -98.031452,
            32.665946
          ],
          [
            -98.032035,
            32.665551
          ],
          [
            -98.032247,
            32.665407
          ],
          [
            -98.032378,
            32.665318
          ],
          [
            -98.032468,
            32.66525
          ],
          [
            -98.033487,
            32.664582
          ],
          [
            -98.034287,
            32.664048
          ],
          [
            -98.034638,
            32.663814
          ],
          [
            -98.038589,
            32.661149
          ],
          [
            -98.039884,
            32.66028
          ],
          [
            -98.040134,
            32.660127
          ],
          [
            -98.04053,
            32.659846
          ],
          [
            -98.04109,
            32.659458
          ],
          [
            -98.041518,
            32.659168
          ],
          [
            -98.041979,
            32.658824
          ],
          [
            -98.042725,
            32.658245
          ],
          [
            -98.043844,
            32.657297
          ],
          [
            -98.04465,
            32.656564
          ],
          [
            -98.048559,
            32.653011
          ],
          [
            -98.049015,
            32.652415
          ],
          [
            -98.053632,
            32.648334
          ],
          [
            -98.059545,
            32.642914
          ],
          [
            -98.061678,
            32.641057
          ],
          [
            -98.062063,
            32.640685
          ],
          [
            -98.064341,
            32.638406
          ]
        ]
      },
      "properties": {
        "LINEARID": "1104475062628",
        "FULLNAME": "I- 20",
        "RTTYP": "I",
        "MTFCC": "S1100",
        "traffic": {
          "aadt": 8388,
          "dhv30": 660,
          "aadtYear": 2024,
          "locationId": "184CC1",
          "locatedOn": "GS0000"
        }
      }
    },
    {
      "type": "Feature",
      "geometry": {
        "type": "LineString",
        "coordinates": [
          [
            -98.037196,
            32.665758
          ],
          [
            -98.037402,
            32.66602
          ],
          [
            -98.038238,
            32.667195
          ],
          [
            -98.038266,
            32.667234
          ],
          [
            -98.038292,
            32.667273
          ],
          [
            -98.038928,
            32.668167
          ],
          [
            -98.040037,
            32.669719
          ],
          [
            -98.040444,
            32.670308
          ],
          [
            -98.040639,
            32.67059
          ],
          [
            -98.040691,
            32.670751
          ],
          [
            -98.040693,
            32.670953
          ],
          [
            -98.040675,
            32.671105
          ],
          [
            -98.040472,
            32.671731
          ],
          [
            -98.040128,
            32.67279
          ],
          [
            -98.039722,
            32.674021
          ],
          [
            -98.039564,
            32.674524
          ],
          [
            -98.039107,
            32.675927
          ],
          [
            -98.039028,
            32.676231
          ],
          [
            -98.039028,
            32.67634
          ],
          [
            -98.039104,
            32.676604
          ],
          [
            -98.039482,
            32.677587
          ],
          [
            -98.039599,
            32.677848
          ],
          [
            -98.039725,
            32.678089
          ],
          [
            -98.040341,
            32.678907
          ],
          [
            -98.040463,
            32.679069
          ],
          [
            -98.040723,
            32.679482
          ],
          [
            -98.040882,
            32.679798
          ],
          [
            -98.040961,
            32.679999
          ],
          [
            -98.04104,
            32.680143
          ],
          [
            -98.041121,
            32.680216
          ],
          [
            -98.041207,
            32.680249
          ],
          [
            -98.041311,
            32.680286
          ],
          [
            -98.041953,
            32.680312
          ],
          [
            -98.04579,
            32.680353
          ],
          [
            -98.047077,
            32.68037
          ],
          [
            -98.048611,
            32.680392
          ],
          [
            -98.049131,
            32.680404
          ],
          [
            -98.052364,
            32.68044
          ],
          [
            -98.052541,
            32.680456
          ],
          [
            -98.052655,
            32.680511
          ],
          [
            -98.052758,
            32.680673
          ],
          [
            -98.052763,
            32.680681
          ],
          [
            -98.052759,
            32.681251
          ],
          [
            -98.052759,
            32.681352
          ],
          [
            -98.052757,
            32.681445
          ],
          [
            -98.052735,
            32.682507
          ],
          [
            -98.052672,
            32.685693
          ],
          [
            -98.052652,
            32.686756
          ],
          [
            -98.052622,
            32.687502
          ],
          [
            -98.052622,
            32.68798
          ],
          [
            -98.05262,
            32.68802
          ],
          [
            -98.052583,
            32.689425
          ],
          [
            -98.052577,
            32.689924
          ],
          [
            -98.052535,
            32.69154
          ],
          [
            -98.052525,
            32.691815
          ],
          [
            -98.052487,
            32.692973
          ],
          [
            -98.052502,
            32.693039
          ],
          [
            -98.052528,
            32.693069
          ],
          [
            -98.052124,
            32.693272
          ],
          [
            -98.05036,
            32.694195
          ],
          [
            -98.048763,
            32.695032
          ],
          [
            -98.048562,
            32.695162
          ],
          [
            -98.048496,
            32.695209
          ],
          [
            -98.048445,
            32.695279
          ],
          [
            -98.048414,
            32.695378
          ],
          [
            -98.048393,
            32.695521
          ],
          [
            -98.048365,
            32.695805
          ],
          [
            -98.04825,
            32.698393
          ],
          [
            -98.048254,
            32.698696
          ],
          [
            -98.048192,
            32.700315
          ],
          [
            -98.04819,
            32.700384
          ],
          [
            -98.048173,
            32.701149
          ],
          [
            -98.048126,
            32.701234
          ],
          [
            -98.04803,
            32.70133
          ],
          [
            -98.047952,
            32.701397
          ],
          [
            -98.047863,
            32.70145
          ],
          [
            -98.047766,
            32.701469
          ],
          [
            -98.047577,
            32.701473
          ],
          [
            -98.046627,
            32.701456
          ]
        ]
      },
      "properties": {
        "LINEARID": "110416479241",
        "FULLNAME": "Soda Springs Rd",
        "RTTYP": "M",
        "MTFCC": "S1400",
        "traffic": {
          "aadt": 648,
          "dhv30": 65,
          "aadtYear": 2024,
          "locationId": "184CR102",
          "locatedOn": "-"
        }
      }
    },
    {
      "type": "Feature",
      "geometry": {
        "type": "LineString",
        "coordinates": [
          [
            -98.057492,
            32.810664
          ],
          [
            -98.057273,
            32.810726
          ],
          [
            -98.056984,
            32.810744
          ],
          [
            -98.056968,
            32.810747
          ],
          [
            -98.055706,
            32.810767
          ],
          [
            -98.055436,
            32.810768
          ],
          [
            -98.05517,
            32.81077
          ],
          [
            -98.05492,
            32.810764
          ],
          [
            -98.054697,
            32.810747
          ],
          [
            -98.054367,
            32.810716
          ],
          [
            -98.053714,
            32.810656
          ],
          [
            -98.053324,
            32.810591
          ],
          [
            -98.052883,
            32.810494
          ],
          [
            -98.052778,
            32.810472
          ],
          [
            -98.052727,
            32.810457
          ],
          [
            -98.052192,
            32.810313
          ],
          [
            -98.05205,
            32.810263
          ],
          [
            -98.051625,
            32.810117
          ],
          [
            -98.051484,
            32.810068
          ],
          [
            -98.051432,
            32.81005
          ],
          [
            -98.05101,
            32.809886
          ],
          [
            -98.050735,
            32.809756
          ],
          [
            -98.050091,
            32.809456
          ],
          [
            -98.048645,
            32.808737
          ],
          [
            -98.048548,
            32.808687
          ],
          [
            -98.047827,
            32.808317
          ],
          [
            -98.047664,
            32.808233
          ],
          [
            -98.047611,
            32.808206
          ],
          [
            -98.047492,
            32.808147
          ],
          [
            -98.047146,
            32.807977
          ],
          [
            -98.04696,
            32.807882
          ],
          [
            -98.046744,
            32.807773
          ],
          [
            -98.046508,
            32.807657
          ],
          [
            -98.046093,
            32.807453
          ],
          [
            -98.045819,
            32.807327
          ],
          [
            -98.045798,
            32.807316
          ],
          [
            -98.045624,
            32.807229
          ],
          [
            -98.045564,
            32.8072
          ],
          [
            -98.045433,
            32.807136
          ],
          [
            -98.045084,
            32.806968
          ],
          [
            -98.045042,
            32.806945
          ],
          [
            -98.044916,
            32.806875
          ],
          [
            -98.044851,
            32.806844
          ],
          [
            -98.044667,
            32.806744
          ],
          [
            -98.044398,
            32.806598
          ],
          [
            -98.044156,
            32.806454
          ],
          [
            -98.043945,
            32.806314
          ],
          [
            -98.043909,
            32.806291
          ],
          [
            -98.043714,
            32.806157
          ],
          [
            -98.043696,
            32.806145
          ],
          [
            -98.043672,
            32.806131
          ],
          [
            -98.043646,
            32.806111
          ],
          [
            -98.04363,
            32.806099
          ],
          [
            -98.043387,
            32.805915
          ],
          [
            -98.043176,
            32.805734
          ],
          [
            -98.042956,
            32.805526
          ],
          [
            -98.042731,
            32.805285
          ],
          [
            -98.042473,
            32.804987
          ],
          [
            -98.042323,
            32.804771
          ],
          [
            -98.042293,
            32.804728
          ],
          [
            -98.042125,
            32.804482
          ],
          [
            -98.041646,
            32.803781
          ],
          [
            -98.041553,
            32.803665
          ],
          [
            -98.041413,
            32.80347
          ],
          [
            -98.041222,
            32.803216
          ],
          [
            -98.040995,
            32.80297
          ],
          [
            -98.040364,
            32.802387
          ],
          [
            -98.040149,
            32.802224
          ],
          [
            -98.039941,
            32.802079
          ],
          [
            -98.0396,
            32.801858
          ],
          [
            -98.03925,
            32.801645
          ],
          [
            -98.03895,
            32.801486
          ],
          [
            -98.038652,
            32.801347
          ],
          [
            -98.038176,
            32.801157
          ],
          [
            -98.037942,
            32.801067
          ],
          [
            -98.037753,
            32.801008
          ],
          [
            -98.037382,
            32.800911
          ],
          [
            -98.036827,
            32.800779
          ],
          [
            -98.03662,
            32.80074
          ],
          [
            -98.036369,
            32.800704
          ],
          [
            -98.036333,
            32.800697
          ],
          [
            -98.036227,
            32.800677
          ],
          [
            -98.036192,
            32.800671
          ],
          [
            -98.036136,
            32.800661
          ],
          [
            -98.036002,
            32.800631
          ],
          [
            -98.035955,
            32.800621
          ],
          [
            -98.035926,
            32.800614
          ],
          [
            -98.035841,
            32.800595
          ],
          [
            -98.035813,
            32.800589
          ],
          [
            -98.035552,
            32.800548
          ],
          [
            -98.035322,
            32.800513
          ],
          [
            -98.034772,
            32.800412
          ],
          [
            -98.034513,
            32.800365
          ],
          [
            -98.033739,
            32.800209
          ],
          [
            -98.033656,
            32.800198
          ],
          [
            -98.03262,
            32.800005
          ],
          [
            -98.032532,
            32.799989
          ],
          [
            -98.031548,
            32.799808
          ],
          [
            -98.030612,
            32.799615
          ],
          [
            -98.029927,
            32.799496
          ],
          [
            -98.026936,
            32.798949
          ],
          [
            -98.026706,
            32.798907
          ],
          [
            -98.026349,
            32.798875
          ],
          [
            -98.025361,
            32.798829
          ],
          [
            -98.025051,
            32.798836
          ],
          [
            -98.025017,
            32.798842
          ],
          [
            -98.024717,
            32.798879
          ],
          [
            -98.024435,
            32.798915
          ],
          [
            -98.024401,
            32.798913
          ],
          [
            -98.024191,
            32.798949
          ],
          [
            -98.023897,
            32.799015
          ],
          [
            -98.023827,
            32.799034
          ],
          [
            -98.023669,
            32.799079
          ],
          [
            -98.023539,
            32.799122
          ],
          [
            -98.02325,
            32.799218
          ],
          [
            -98.022725,
            32.799394
          ],
          [
            -98.022386,
            32.799512
          ],
          [
            -98.022099,
            32.799615
          ],
          [
            -98.022079,
            32.799622
          ],
          [
            -98.021475,
            32.799867
          ],
          [
            -98.020841,
            32.800082
          ],
          [
            -98.020483,
            32.800235
          ],
          [
            -98.020221,
            32.800323
          ],
          [
            -98.019769,
            32.800448
          ],
          [
            -98.01933,
            32.800553
          ],
          [
            -98.018793,
            32.800671
          ],
          [
            -98.01871,
            32.80069
          ],
          [
            -98.018254,
            32.800766
          ],
          [
            -98.017704,
            32.800848
          ],
          [
            -98.01707,
            32.800949
          ],
          [
            -98.016291,
            32.801074
          ],
          [
            -98.014863,
            32.801295
          ],
          [
            -98.014606,
            32.801327
          ],
          [
            -98.013649,
            32.801471
          ],
          [
            -98.01314,
            32.801532
          ],
          [
            -98.012779,
            32.801565
          ],
          [
            -98.012475,
            32.801578
          ],
          [
            -98.012058,
            32.801586
          ],
          [
            -98.011412,
            32.801563
          ],
          [
            -98.010955,
            32.801525
          ],
          [
            -98.010844,
            32.801507
          ],
          [
            -98.010777,
            32.801508
          ],
          [
            -98.009351,
            32.801361
          ],
          [
            -98.008934,
            32.801301
          ],
          [
            -98.008447,
            32.801248
          ],
          [
            -98.008298,
            32.801233
          ],
          [
            -98.007852,
            32.801162
          ],
          [
            -98.006866,
            32.801056
          ],
          [
            -98.005058,
            32.800831
          ],
          [
            -98.004997,
            32.800819
          ],
          [
            -98.004403,
            32.800751
          ],
          [
            -98.004315,
            32.800741
          ],
          [
            -98.003442,
            32.800608
          ],
          [
            -98.002818,
            32.800515
          ],
          [
            -98.00263,
            32.800485
          ],
          [
            -98.002041,
            32.800391
          ],
          [
            -98.001676,
            32.800339
          ],
          [
            -98.001321,
            32.80029
          ],
          [
            -98.000582,
            32.800178
          ],
          [
            -98.000218,
            32.800123
          ],
          [
            -97.999506,
            32.80002
          ],
          [
            -97.999396,
            32.800005
          ],
          [
            -97.999274,
            32.799979
          ],
          [
            -97.998073,
            32.7998
          ],
          [
            -97.997861,
            32.799764
          ],
          [
            -97.997376,
            32.799692
          ],
          [
            -97.997098,
            32.799651
          ],
          [
            -97.996667,
            32.79958
          ],
          [
            -97.996552,
            32.799563
          ],
          [
            -97.996208,
            32.799515
          ],
          [
            -97.996094,
            32.799501
          ],
          [
            -97.995522,
            32.799422
          ],
          [
            -97.994756,
            32.799304
          ],
          [
            -97.993886,
            32.799173
          ],
          [
            -97.991586,
            32.798814
          ],
          [
            -97.99075,
            32.798685
          ],
          [
            -97.990674,
            32.798674
          ],
          [
            -97.989413,
            32.798493
          ],
          [
            -97.98907,
            32.798446
          ],
          [
            -97.988054,
            32.798282
          ],
          [
            -97.98788,
            32.798256
          ],
          [
            -97.987183,
            32.798153
          ],
          [
            -97.986238,
            32.798008
          ],
          [
            -97.98334,
            32.797567
          ],
          [
            -97.981635,
            32.79731
          ],
          [
            -97.981314,
            32.797257
          ],
          [
            -97.979676,
            32.796989
          ],
          [
            -97.97769,
            32.796701
          ],
          [
            -97.974598,
            32.796253
          ],
          [
            -97.973484,
            32.796094
          ],
          [
            -97.972757,
            32.795978
          ],
          [
            -97.971734,
            32.795828
          ],
          [
            -97.971186,
            32.795749
          ],
          [
            -97.969769,
            32.795527
          ],
          [
            -97.969752,
            32.795524
          ],
          [
            -97.968018,
            32.795246
          ],
          [
            -97.965031,
            32.794769
          ],
          [
            -97.963112,
            32.794484
          ],
          [
            -97.962817,
            32.794424
          ],
          [
            -97.961579,
            32.794181
          ],
          [
            -97.961098,
            32.794074
          ],
          [
            -97.960053,
            32.79384
          ],
          [
            -97.959287,
            32.793657
          ],
          [
            -97.958625,
            32.7935
          ],
          [
            -97.957087,
            32.793122
          ],
          [
            -97.955559,
            32.792776
          ],
          [
            -97.953969,
            32.7924
          ],
          [
            -97.953863,
            32.792374
          ],
          [
            -97.952423,
            32.792024
          ],
          [
            -97.952318,
            32.791988
          ],
          [
            -97.95206,
            32.791933
          ],
          [
            -97.951743,
            32.791859
          ],
          [
            -97.951384,
            32.791775
          ],
          [
            -97.950795,
            32.791632
          ],
          [
            -97.95048,
            32.791556
          ],
          [
            -97.950343,
            32.791522
          ],
          [
            -97.949932,
            32.791424
          ],
          [
            -97.949796,
            32.791391
          ],
          [
            -97.949555,
            32.791331
          ],
          [
            -97.948835,
            32.791158
          ],
          [
            -97.948595,
            32.791101
          ],
          [
            -97.948316,
            32.791033
          ],
          [
            -97.947839,
            32.790918
          ],
          [
            -97.947484,
            32.790826
          ],
          [
            -97.947207,
            32.790755
          ],
          [
            -97.947044,
            32.790712
          ],
          [
            -97.946555,
            32.790585
          ],
          [
            -97.946392,
            32.790544
          ],
          [
            -97.945372,
            32.790304
          ],
          [
            -97.945007,
            32.790219
          ],
          [
            -97.943394,
            32.789823
          ],
          [
            -97.942317,
            32.789572
          ],
          [
            -97.941908,
            32.789478
          ],
          [
            -97.9413,
            32.789328
          ],
          [
            -97.941238,
            32.789313
          ],
          [
            -97.941125,
            32.789286
          ],
          [
            -97.940371,
            32.789107
          ],
          [
            -97.936866,
            32.788261
          ],
          [
            -97.935681,
            32.787975
          ],
          [
            -97.934882,
            32.787788
          ],
          [
            -97.934705,
            32.787743
          ],
          [
            -97.933506,
            32.78744
          ],
          [
            -97.931824,
            32.787052
          ],
          [
            -97.931657,
            32.787013
          ],
          [
            -97.929869,
            32.786574
          ],
          [
            -97.928007,
            32.786124
          ],
          [
            -97.926099,
            32.785669
          ],
          [
            -97.925143,
            32.785445
          ],
          [
            -97.924259,
            32.785233
          ],
          [
            -97.923563,
            32.785065
          ],
          [
            -97.923351,
            32.785015
          ],
          [
            -97.922258,
            32.784748
          ],
          [
            -97.921289,
            32.784522
          ],
          [
            -97.920301,
            32.784285
          ],
          [
            -97.919357,
            32.784053
          ],
          [
            -97.919129,
            32.784
          ],
          [
            -97.918996,
            32.783961
          ],
          [
            -97.91815,
            32.783739
          ],
          [
            -97.917371,
            32.783561
          ],
          [
            -97.917095,
            32.783499
          ],
          [
            -97.91673,
            32.783413
          ],
          [
            -97.915614,
            32.783151
          ],
          [
            -97.912084,
            32.782296
          ],
          [
            -97.911905,
            32.782253
          ],
          [
            -97.911652,
            32.78221
          ],
          [
            -97.911525,
            32.782169
          ],
          [
            -97.910811,
            32.781995
          ],
          [
            -97.910322,
            32.781879
          ],
          [
            -97.908613,
            32.781457
          ],
          [
            -97.908406,
            32.781406
          ],
          [
            -97.907286,
            32.781148
          ],
          [
            -97.905485,
            32.780707
          ],
          [
            -97.905026,
            32.780608
          ],
          [
            -97.903481,
            32.780226
          ],
          [
            -97.902896,
            32.780083
          ],
          [
            -97.90177,
            32.779821
          ],
          [
            -97.900556,
            32.779522
          ],
          [
            -97.900449,
            32.779496
          ],
          [
            -97.89922,
            32.779204
          ],
          [
            -97.896911,
            32.778647
          ],
          [
            -97.896258,
            32.778491
          ],
          [
            -97.895695,
            32.778361
          ],
          [
            -97.895485,
            32.778312
          ],
          [
            -97.895436,
            32.778301
          ],
          [
            -97.894857,
            32.778157
          ],
          [
            -97.894648,
            32.778107
          ],
          [
            -97.894488,
            32.778067
          ],
          [
            -97.894412,
            32.778049
          ],
          [
            -97.893702,
            32.777881
          ],
          [
            -97.893466,
            32.777826
          ],
          [
            -97.892592,
            32.77762
          ],
          [
            -97.892507,
            32.777597
          ],
          [
            -97.890901,
            32.777199
          ],
          [
            -97.889635,
            32.776899
          ],
          [
            -97.888677,
            32.776673
          ],
          [
            -97.887889,
            32.776482
          ],
          [
            -97.887124,
            32.776298
          ],
          [
            -97.887043,
            32.776278
          ],
          [
            -97.885528,
            32.775906
          ],
          [
            -97.884742,
            32.775713
          ],
          [
            -97.884463,
            32.775656
          ],
          [
            -97.883957,
            32.775534
          ],
          [
            -97.882125,
            32.775092
          ],
          [
            -97.881609,
            32.774974
          ],
          [
            -97.880922,
            32.774819
          ],
          [
            -97.880827,
            32.774791
          ],
          [
            -97.88074,
            32.774765
          ],
          [
            -97.880479,
            32.77469
          ],
          [
            -97.880392,
            32.774665
          ],
          [
            -97.880169,
            32.7746
          ],
          [
            -97.880027,
            32.774555
          ],
          [
            -97.879386,
            32.774359
          ],
          [
            -97.878947,
            32.774192
          ],
          [
            -97.878743,
            32.774115
          ],
          [
            -97.878591,
            32.774061
          ],
          [
            -97.878392,
            32.773973
          ],
          [
            -97.877472,
            32.773584
          ],
          [
            -97.877419,
            32.773562
          ],
          [
            -97.876307,
            32.773108
          ],
          [
            -97.875102,
            32.772594
          ],
          [
            -97.874101,
            32.77219
          ],
          [
            -97.874029,
            32.772161
          ],
          [
            -97.872983,
            32.771714
          ],
          [
            -97.872773,
            32.771624
          ],
          [
            -97.871706,
            32.77118
          ],
          [
            -97.871569,
            32.771127
          ],
          [
            -97.87103,
            32.770898
          ],
          [
            -97.870335,
            32.770604
          ],
          [
            -97.869903,
            32.77043
          ],
          [
            -97.869741,
            32.770361
          ],
          [
            -97.869637,
            32.770312
          ],
          [
            -97.868477,
            32.769811
          ],
          [
            -97.867972,
            32.769606
          ],
          [
            -97.867406,
            32.769361
          ],
          [
            -97.867151,
            32.769261
          ],
          [
            -97.864564,
            32.768231
          ],
          [
            -97.863162,
            32.767797
          ],
          [
            -97.862918,
            32.767723
          ],
          [
            -97.862494,
            32.767619
          ],
          [
            -97.862389,
            32.767594
          ],
          [
            -97.861015,
            32.767303
          ],
          [
            -97.860464,
            32.767201
          ],
          [
            -97.859968,
            32.767111
          ],
          [
            -97.859785,
            32.767075
          ],
          [
            -97.858884,
            32.7669
          ],
          [
            -97.858843,
            32.766893
          ],
          [
            -97.858093,
            32.766759
          ],
          [
            -97.857758,
            32.766694
          ],
          [
            -97.856321,
            32.766416
          ],
          [
            -97.856195,
            32.766395
          ],
          [
            -97.856151,
            32.766385
          ],
          [
            -97.856018,
            32.766355
          ],
          [
            -97.855736,
            32.766298
          ],
          [
            -97.855377,
            32.766226
          ],
          [
            -97.855305,
            32.766212
          ],
          [
            -97.855193,
            32.766191
          ],
          [
            -97.854895,
            32.766134
          ],
          [
            -97.854161,
            32.765996
          ],
          [
            -97.853956,
            32.765957
          ],
          [
            -97.853643,
            32.765901
          ],
          [
            -97.853234,
            32.765825
          ],
          [
            -97.852858,
            32.765757
          ],
          [
            -97.852012,
            32.765591
          ],
          [
            -97.851965,
            32.765583
          ],
          [
            -97.851605,
            32.765513
          ],
          [
            -97.850662,
            32.76533
          ],
          [
            -97.850595,
            32.765317
          ],
          [
            -97.848437,
            32.764908
          ],
          [
            -97.847834,
            32.764794
          ],
          [
            -97.846891,
            32.764616
          ],
          [
            -97.846849,
            32.764606
          ],
          [
            -97.846723,
            32.764583
          ],
          [
            -97.846681,
            32.764576
          ],
          [
            -97.846544,
            32.764553
          ],
          [
            -97.846424,
            32.764528
          ],
          [
            -97.84594,
            32.764431
          ],
          [
            -97.845656,
            32.764375
          ],
          [
            -97.8454,
            32.764326
          ],
          [
            -97.845236,
            32.764294
          ],
          [
            -97.844772,
            32.764205
          ],
          [
            -97.844746,
            32.7642
          ],
          [
            -97.844583,
            32.76417
          ],
          [
            -97.844463,
            32.764147
          ],
          [
            -97.844103,
            32.76408
          ],
          [
            -97.843984,
            32.764059
          ],
          [
            -97.843862,
            32.764035
          ],
          [
            -97.84369,
            32.764005
          ],
          [
            -97.843496,
            32.76397
          ],
          [
            -97.843375,
            32.763949
          ],
          [
            -97.84266,
            32.763822
          ],
          [
            -97.842526,
            32.763795
          ],
          [
            -97.84192,
            32.763674
          ],
          [
            -97.841615,
            32.763614
          ],
          [
            -97.840621,
            32.763426
          ],
          [
            -97.840479,
            32.763402
          ],
          [
            -97.839989,
            32.763295
          ],
          [
            -97.839937,
            32.763284
          ],
          [
            -97.839665,
            32.76323
          ],
          [
            -97.839142,
            32.763135
          ],
          [
            -97.838865,
            32.763084
          ],
          [
            -97.8383,
            32.762982
          ],
          [
            -97.83804,
            32.762921
          ],
          [
            -97.837848,
            32.762876
          ],
          [
            -97.837766,
            32.762865
          ],
          [
            -97.837729,
            32.762859
          ],
          [
            -97.837621,
            32.762839
          ],
          [
            -97.837586,
            32.762834
          ],
          [
            -97.837346,
            32.762792
          ],
          [
            -97.836943,
            32.762717
          ],
          [
            -97.83641,
            32.762618
          ],
          [
            -97.835191,
            32.762378
          ],
          [
            -97.835021,
            32.762344
          ],
          [
            -97.834549,
            32.762251
          ],
          [
            -97.834381,
            32.762219
          ],
          [
            -97.834356,
            32.762214
          ],
          [
            -97.834249,
            32.762194
          ],
          [
            -97.833687,
            32.762087
          ],
          [
            -97.833343,
            32.762023
          ],
          [
            -97.832564,
            32.761877
          ],
          [
            -97.831934,
            32.761758
          ],
          [
            -97.831658,
            32.761705
          ],
          [
            -97.829409,
            32.761279
          ],
          [
            -97.828586,
            32.761112
          ],
          [
            -97.827349,
            32.760876
          ],
          [
            -97.827118,
            32.760835
          ],
          [
            -97.826553,
            32.760735
          ],
          [
            -97.826156,
            32.760664
          ],
          [
            -97.825376,
            32.760534
          ],
          [
            -97.825297,
            32.760526
          ],
          [
            -97.825172,
            32.760512
          ],
          [
            -97.825081,
            32.760498
          ],
          [
            -97.825059,
            32.760495
          ],
          [
            -97.825003,
            32.760487
          ],
          [
            -97.824442,
            32.760382
          ],
          [
            -97.824229,
            32.760343
          ],
          [
            -97.824113,
            32.76032
          ],
          [
            -97.823962,
            32.760293
          ],
          [
            -97.82377,
            32.760246
          ],
          [
            -97.823657,
            32.760219
          ],
          [
            -97.823461,
            32.760181
          ],
          [
            -97.822935,
            32.76008
          ],
          [
            -97.822874,
            32.76007
          ],
          [
            -97.822678,
            32.76004
          ],
          [
            -97.822498,
            32.760001
          ],
          [
            -97.822386,
            32.759978
          ],
          [
            -97.821958,
            32.759895
          ],
          [
            -97.821778,
            32.759861
          ],
          [
            -97.821303,
            32.759769
          ],
          [
            -97.820315,
            32.759578
          ],
          [
            -97.819879,
            32.759497
          ],
          [
            -97.819404,
            32.75941
          ],
          [
            -97.819299,
            32.75939
          ],
          [
            -97.818985,
            32.75933
          ],
          [
            -97.818881,
            32.75931
          ],
          [
            -97.818714,
            32.759278
          ],
          [
            -97.818216,
            32.759183
          ],
          [
            -97.81805,
            32.759152
          ],
          [
            -97.817925,
            32.759126
          ],
          [
            -97.815529,
            32.758693
          ],
          [
            -97.815373,
            32.758682
          ],
          [
            -97.815321,
            32.758681
          ],
          [
            -97.815161,
            32.758676
          ],
          [
            -97.815048,
            32.758674
          ],
          [
            -97.814681,
            32.75868
          ],
          [
            -97.814521,
            32.758683
          ],
          [
            -97.814424,
            32.758688
          ],
          [
            -97.814135,
            32.758705
          ],
          [
            -97.814039,
            32.758712
          ],
          [
            -97.813697,
            32.758733
          ],
          [
            -97.813605,
            32.75874
          ],
          [
            -97.81346,
            32.758753
          ],
          [
            -97.813263,
            32.758777
          ],
          [
            -97.812901,
            32.758813
          ],
          [
            -97.812674,
            32.758828
          ],
          [
            -97.812333,
            32.758852
          ],
          [
            -97.812014,
            32.75885
          ],
          [
            -97.81106,
            32.758847
          ],
          [
            -97.811037,
            32.758847
          ],
          [
            -97.810742,
            32.758838
          ],
          [
            -97.810321,
            32.75884
          ],
          [
            -97.809878,
            32.758845
          ],
          [
            -97.809061,
            32.758856
          ],
          [
            -97.808642,
            32.758863
          ],
          [
            -97.808366,
            32.758874
          ],
          [
            -97.807542,
            32.758908
          ],
          [
            -97.807267,
            32.75892
          ],
          [
            -97.806966,
            32.758932
          ],
          [
            -97.806067,
            32.758969
          ],
          [
            -97.805767,
            32.758982
          ],
          [
            -97.805385,
            32.758996
          ],
          [
            -97.804242,
            32.759037
          ],
          [
            -97.803861,
            32.759052
          ],
          [
            -97.803519,
            32.759051
          ],
          [
            -97.802495,
            32.759056
          ],
          [
            -97.802306,
            32.759057
          ],
          [
            -97.802154,
            32.759054
          ],
          [
            -97.801961,
            32.759051
          ],
          [
            -97.801381,
            32.759048
          ],
          [
            -97.801189,
            32.759047
          ],
          [
            -97.801024,
            32.759045
          ],
          [
            -97.800532,
            32.759043
          ],
          [
            -97.800368,
            32.759042
          ],
          [
            -97.800137,
            32.759039
          ],
          [
            -97.799444,
            32.75903
          ],
          [
            -97.799213,
            32.759027
          ],
          [
            -97.799022,
            32.759026
          ],
          [
            -97.798449,
            32.759023
          ],
          [
            -97.798259,
            32.759022
          ],
          [
            -97.79822,
            32.75902
          ],
          [
            -97.798106,
            32.75902
          ],
          [
            -97.798068,
            32.759021
          ],
          [
            -97.797889,
            32.759061
          ],
          [
            -97.797817,
            32.7591
          ],
          [
            -97.797783,
            32.759116
          ],
          [
            -97.797646,
            32.759165
          ],
          [
            -97.797458,
            32.759201
          ],
          [
            -97.797258,
            32.759207
          ],
          [
            -97.797144,
            32.75919
          ],
          [
            -97.797037,
            32.759164
          ],
          [
            -97.796911,
            32.759118
          ],
          [
            -97.796781,
            32.759077
          ],
          [
            -97.796641,
            32.759024
          ],
          [
            -97.796577,
            32.759011
          ],
          [
            -97.796459,
            32.759006
          ],
          [
            -97.796381,
            32.759002
          ],
          [
            -97.796051,
            32.759001
          ],
          [
            -97.795882,
            32.758999
          ],
          [
            -97.795802,
            32.758997
          ],
          [
            -97.795562,
            32.758994
          ],
          [
            -97.795483,
            32.758993
          ],
          [
            -97.795439,
            32.759
          ],
          [
            -97.79525,
            32.758999
          ],
          [
            -97.794551,
            32.758996
          ],
          [
            -97.794318,
            32.758996
          ],
          [
            -97.794131,
            32.758998
          ],
          [
            -97.794004,
            32.759
          ],
          [
            -97.793708,
            32.758986
          ],
          [
            -97.79357,
            32.758988
          ],
          [
            -97.793529,
            32.758989
          ],
          [
            -97.793384,
            32.758979
          ],
          [
            -97.79315,
            32.758972
          ],
          [
            -97.792942,
            32.758961
          ],
          [
            -97.792911,
            32.758958
          ],
          [
            -97.792619,
            32.758939
          ],
          [
            -97.792019,
            32.75892
          ],
          [
            -97.791493,
            32.758913
          ],
          [
            -97.79102,
            32.75891
          ],
          [
            -97.790938,
            32.758909
          ],
          [
            -97.790693,
            32.758906
          ],
          [
            -97.790612,
            32.758905
          ],
          [
            -97.790396,
            32.758902
          ],
          [
            -97.789748,
            32.758896
          ],
          [
            -97.789532,
            32.758894
          ],
          [
            -97.789391,
            32.758892
          ],
          [
            -97.789139,
            32.75889
          ],
          [
            -97.788971,
            32.758885
          ],
          [
            -97.788831,
            32.758883
          ],
          [
            -97.788474,
            32.758868
          ],
          [
            -97.788186,
            32.758857
          ],
          [
            -97.787397,
            32.758812
          ],
          [
            -97.787048,
            32.758787
          ],
          [
            -97.786853,
            32.758772
          ],
          [
            -97.786602,
            32.758757
          ],
          [
            -97.786268,
            32.75875
          ],
          [
            -97.786074,
            32.758748
          ],
          [
            -97.785826,
            32.758749
          ],
          [
            -97.785083,
            32.758754
          ],
          [
            -97.784836,
            32.758756
          ],
          [
            -97.784721,
            32.758756
          ],
          [
            -97.784376,
            32.758758
          ],
          [
            -97.784262,
            32.758761
          ],
          [
            -97.783969,
            32.758761
          ],
          [
            -97.783092,
            32.758764
          ],
          [
            -97.7828,
            32.758765
          ],
          [
            -97.78247,
            32.758766
          ],
          [
            -97.781481,
            32.758772
          ],
          [
            -97.781152,
            32.758774
          ],
          [
            -97.781073,
            32.758774
          ],
          [
            -97.780836,
            32.758775
          ],
          [
            -97.780758,
            32.758776
          ],
          [
            -97.780619,
            32.758775
          ],
          [
            -97.780425,
            32.758776
          ],
          [
            -97.780299,
            32.758778
          ],
          [
            -97.780206,
            32.758778
          ],
          [
            -97.780068,
            32.758779
          ],
          [
            -97.77989,
            32.75878
          ],
          [
            -97.779357,
            32.758786
          ],
          [
            -97.77918,
            32.758788
          ],
          [
            -97.779017,
            32.758788
          ],
          [
            -97.778772,
            32.75879
          ],
          [
            -97.778531,
            32.758786
          ],
          [
            -97.778369,
            32.758784
          ],
          [
            -97.778014,
            32.758775
          ],
          [
            -97.777801,
            32.75877
          ],
          [
            -97.777564,
            32.758759
          ],
          [
            -97.777327,
            32.758742
          ],
          [
            -97.776952,
            32.758707
          ],
          [
            -97.776599,
            32.758674
          ],
          [
            -97.776503,
            32.758664
          ],
          [
            -97.776218,
            32.758637
          ],
          [
            -97.776123,
            32.75863
          ],
          [
            -97.775976,
            32.758616
          ],
          [
            -97.775535,
            32.758574
          ],
          [
            -97.775389,
            32.758561
          ],
          [
            -97.775352,
            32.758557
          ],
          [
            -97.775244,
            32.758547
          ],
          [
            -97.775208,
            32.758544
          ],
          [
            -97.774995,
            32.758518
          ],
          [
            -97.774725,
            32.758487
          ],
          [
            -97.774357,
            32.758446
          ],
          [
            -97.774145,
            32.758424
          ],
          [
            -97.773924,
            32.758397
          ],
          [
            -97.773262,
            32.758319
          ],
          [
            -97.773042,
            32.758294
          ],
          [
            -97.772954,
            32.758283
          ],
          [
            -97.77269,
            32.758253
          ],
          [
            -97.772603,
            32.758243
          ],
          [
            -97.7724,
            32.758218
          ],
          [
            -97.772231,
            32.758198
          ],
          [
            -97.771792,
            32.758152
          ],
          [
            -97.77159,
            32.758131
          ],
          [
            -97.771145,
            32.758082
          ],
          [
            -97.769931,
            32.757951
          ],
          [
            -97.769813,
            32.757937
          ],
          [
            -97.76937,
            32.757888
          ],
          [
            -97.769272,
            32.757877
          ],
          [
            -97.768978,
            32.757844
          ],
          [
            -97.768881,
            32.757833
          ],
          [
            -97.768705,
            32.757812
          ],
          [
            -97.768178,
            32.75775
          ],
          [
            -97.768003,
            32.75773
          ],
          [
            -97.767324,
            32.75765
          ],
          [
            -97.767063,
            32.75762
          ],
          [
            -97.765822,
            32.757489
          ],
          [
            -97.765695,
            32.757473
          ],
          [
            -97.765288,
            32.757427
          ],
          [
            -97.76461,
            32.757354
          ],
          [
            -97.764069,
            32.757294
          ],
          [
            -97.763744,
            32.757259
          ],
          [
            -97.763578,
            32.757244
          ],
          [
            -97.763311,
            32.757214
          ],
          [
            -97.762446,
            32.757116
          ],
          [
            -97.761906,
            32.757056
          ],
          [
            -97.761545,
            32.757019
          ],
          [
            -97.761297,
            32.756996
          ],
          [
            -97.760882,
            32.756966
          ],
          [
            -97.760461,
            32.756942
          ],
          [
            -97.7601,
            32.756922
          ],
          [
            -97.759561,
            32.756906
          ],
          [
            -97.758534,
            32.756908
          ],
          [
            -97.756936,
            32.756904
          ],
          [
            -97.75349,
            32.756935
          ],
          [
            -97.751706,
            32.756923
          ],
          [
            -97.750159,
            32.756942
          ],
          [
            -97.747658,
            32.756961
          ],
          [
            -97.747401,
            32.756961
          ],
          [
            -97.747085,
            32.75696
          ],
          [
            -97.74614,
            32.756962
          ],
          [
            -97.745825,
            32.756964
          ],
          [
            -97.745211,
            32.756965
          ],
          [
            -97.744456,
            32.756967
          ],
          [
            -97.743639,
            32.756974
          ],
          [
            -97.74337,
            32.756967
          ],
          [
            -97.743282,
            32.756966
          ],
          [
            -97.742757,
            32.756966
          ],
          [
            -97.74264,
            32.756967
          ],
          [
            -97.74229,
            32.756971
          ],
          [
            -97.742174,
            32.756973
          ],
          [
            -97.742085,
            32.756971
          ],
          [
            -97.741821,
            32.756965
          ],
          [
            -97.741733,
            32.756964
          ],
          [
            -97.741524,
            32.75697
          ],
          [
            -97.741185,
            32.756982
          ],
          [
            -97.740899,
            32.756983
          ],
          [
            -97.740796,
            32.756984
          ],
          [
            -97.740691,
            32.756984
          ],
          [
            -97.740547,
            32.756983
          ],
          [
            -97.740116,
            32.756983
          ],
          [
            -97.739973,
            32.756983
          ],
          [
            -97.739633,
            32.756982
          ],
          [
            -97.738894,
            32.756981
          ],
          [
            -97.738616,
            32.756985
          ],
          [
            -97.738277,
            32.756994
          ],
          [
            -97.737756,
            32.756991
          ],
          [
            -97.73756,
            32.756992
          ],
          [
            -97.736193,
            32.757002
          ],
          [
            -97.735673,
            32.757007
          ],
          [
            -97.735341,
            32.757005
          ],
          [
            -97.734405,
            32.757001
          ],
          [
            -97.734346,
            32.756999
          ],
          [
            -97.734015,
            32.756995
          ],
          [
            -97.733912,
            32.756993
          ],
          [
            -97.733813,
            32.756992
          ],
          [
            -97.733604,
            32.756991
          ],
          [
            -97.733502,
            32.756993
          ],
          [
            -97.733428,
            32.756993
          ],
          [
            -97.733209,
            32.756993
          ],
          [
            -97.733137,
            32.756994
          ],
          [
            -97.733106,
            32.756994
          ],
          [
            -97.733016,
            32.756997
          ],
          [
            -97.732986,
            32.756999
          ],
          [
            -97.732914,
            32.756999
          ],
          [
            -97.732698,
            32.757002
          ],
          [
            -97.732627,
            32.757005
          ],
          [
            -97.732582,
            32.757005
          ],
          [
            -97.732449,
            32.757008
          ],
          [
            -97.732405,
            32.757009
          ],
          [
            -97.732365,
            32.757008
          ],
          [
            -97.732248,
            32.757011
          ],
          [
            -97.732209,
            32.757012
          ],
          [
            -97.732074,
            32.757008
          ],
          [
            -97.73189,
            32.757005
          ],
          [
            -97.731671,
            32.757004
          ],
          [
            -97.731537,
            32.757004
          ],
          [
            -97.73136,
            32.757005
          ],
          [
            -97.73083,
            32.75701
          ],
          [
            -97.730654,
            32.757012
          ],
          [
            -97.730531,
            32.757012
          ],
          [
            -97.730162,
            32.757016
          ],
          [
            -97.73004,
            32.757017
          ],
          [
            -97.729139,
            32.757022
          ],
          [
            -97.727943,
            32.757029
          ],
          [
            -97.726596,
            32.757027
          ],
          [
            -97.726437,
            32.757026
          ],
          [
            -97.726127,
            32.757026
          ],
          [
            -97.725537,
            32.75703
          ],
          [
            -97.72521,
            32.757035
          ],
          [
            -97.724652,
            32.757046
          ],
          [
            -97.72423,
            32.757041
          ],
          [
            -97.724021,
            32.757039
          ],
          [
            -97.723904,
            32.757038
          ],
          [
            -97.723847,
            32.757036
          ],
          [
            -97.723767,
            32.757037
          ],
          [
            -97.723747,
            32.757039
          ],
          [
            -97.723679,
            32.75704
          ],
          [
            -97.723623,
            32.757041
          ],
          [
            -97.7236,
            32.757041
          ],
          [
            -97.723534,
            32.757041
          ],
          [
            -97.723513,
            32.757042
          ],
          [
            -97.723409,
            32.757043
          ],
          [
            -97.723317,
            32.757045
          ],
          [
            -97.723097,
            32.757043
          ],
          [
            -97.722994,
            32.757043
          ],
          [
            -97.722901,
            32.757042
          ],
          [
            -97.722752,
            32.757042
          ],
          [
            -97.722625,
            32.757041
          ],
          [
            -97.722533,
            32.757041
          ],
          [
            -97.722482,
            32.75704
          ],
          [
            -97.72233,
            32.75704
          ],
          [
            -97.72228,
            32.75704
          ],
          [
            -97.721892,
            32.75704
          ],
          [
            -97.720731,
            32.757043
          ],
          [
            -97.720687,
            32.757043
          ],
          [
            -97.720344,
            32.757044
          ],
          [
            -97.720291,
            32.757044
          ],
          [
            -97.720247,
            32.757044
          ],
          [
            -97.720057,
            32.757047
          ],
          [
            -97.719969,
            32.757047
          ],
          [
            -97.719956,
            32.757047
          ],
          [
            -97.71986,
            32.757049
          ],
          [
            -97.719802,
            32.757049
          ],
          [
            -97.719628,
            32.75705
          ],
          [
            -97.719571,
            32.757053
          ],
          [
            -97.719257,
            32.75705
          ],
          [
            -97.718427,
            32.757049
          ],
          [
            -97.718317,
            32.757049
          ],
          [
            -97.718004,
            32.757052
          ],
          [
            -97.717959,
            32.757052
          ],
          [
            -97.717827,
            32.757052
          ],
          [
            -97.717783,
            32.757053
          ],
          [
            -97.717486,
            32.757053
          ],
          [
            -97.716597,
            32.75706
          ],
          [
            -97.716301,
            32.757062
          ],
          [
            -97.716209,
            32.757063
          ],
          [
            -97.716024,
            32.757064
          ],
          [
            -97.715815,
            32.757065
          ],
          [
            -97.715437,
            32.757069
          ],
          [
            -97.715302,
            32.757066
          ],
          [
            -97.715205,
            32.757064
          ],
          [
            -97.715074,
            32.757066
          ],
          [
            -97.714931,
            32.757067
          ],
          [
            -97.714505,
            32.757072
          ],
          [
            -97.714363,
            32.757074
          ],
          [
            -97.714316,
            32.757074
          ],
          [
            -97.714177,
            32.757075
          ],
          [
            -97.714131,
            32.757077
          ],
          [
            -97.714109,
            32.757077
          ],
          [
            -97.714046,
            32.757077
          ],
          [
            -97.714025,
            32.757078
          ],
          [
            -97.713332,
            32.757086
          ],
          [
            -97.712965,
            32.757088
          ],
          [
            -97.712534,
            32.75709
          ],
          [
            -97.712215,
            32.75709
          ],
          [
            -97.711438,
            32.757081
          ],
          [
            -97.710702,
            32.757079
          ],
          [
            -97.710016,
            32.757075
          ],
          [
            -97.709785,
            32.757076
          ],
          [
            -97.709351,
            32.757074
          ],
          [
            -97.70796,
            32.757084
          ],
          [
            -97.707604,
            32.757089
          ],
          [
            -97.707275,
            32.757088
          ],
          [
            -97.707231,
            32.757088
          ],
          [
            -97.707099,
            32.757088
          ],
          [
            -97.707055,
            32.757088
          ],
          [
            -97.706694,
            32.757095
          ],
          [
            -97.706627,
            32.757098
          ],
          [
            -97.706393,
            32.757094
          ],
          [
            -97.70561,
            32.757091
          ],
          [
            -97.705577,
            32.757091
          ],
          [
            -97.70525,
            32.757097
          ],
          [
            -97.704776,
            32.757094
          ],
          [
            -97.704596,
            32.757094
          ],
          [
            -97.704314,
            32.757106
          ],
          [
            -97.704225,
            32.757105
          ],
          [
            -97.703355,
            32.757102
          ],
          [
            -97.703102,
            32.757102
          ],
          [
            -97.702882,
            32.757102
          ],
          [
            -97.702805,
            32.757105
          ],
          [
            -97.702081,
            32.757094
          ],
          [
            -97.701389,
            32.757068
          ],
          [
            -97.700811,
            32.757032
          ],
          [
            -97.699817,
            32.756925
          ],
          [
            -97.699299,
            32.756835
          ],
          [
            -97.698933,
            32.756778
          ],
          [
            -97.698904,
            32.756776
          ],
          [
            -97.697984,
            32.756605
          ],
          [
            -97.697257,
            32.756433
          ],
          [
            -97.696734,
            32.756283
          ],
          [
            -97.69631,
            32.756158
          ],
          [
            -97.696273,
            32.756149
          ],
          [
            -97.694317,
            32.755494
          ],
          [
            -97.694212,
            32.755452
          ],
          [
            -97.693947,
            32.75537
          ],
          [
            -97.693882,
            32.755347
          ],
          [
            -97.693292,
            32.75514
          ],
          [
            -97.6929,
            32.755007
          ],
          [
            -97.692572,
            32.754899
          ]
        ]
      },
      "properties": {
        "LINEARID": "1105319730142",
        "FULLNAME": "US Hwy 180",
        "RTTYP": "U",
        "MTFCC": "S1200",
        "traffic": {
          "aadt": 8388,
          "dhv30": 660,
          "aadtYear": 2024,
          "locationId": "184CC1",
          "locatedOn": "GS0000"
        }
      }
    },
    {
      "type": "Feature",
      "geometry": {
        "type": "LineString",
        "coordinates": [
          [
            -98.008653,
            32.746069
          ],
          [
            -98.008483,
            32.746131
          ],
          [
            -98.00806,
            32.74618
          ],
          [
            -98.007584,
            32.746188
          ],
          [
            -98.007007,
            32.746182
          ],
          [
            -98.006705,
            32.746181
          ],
          [
            -98.005532,
            32.746183
          ],
          [
            -98.003971,
            32.746157
          ],
          [
            -98.000823,
            32.746062
          ],
          [
            -98.000745,
            32.74606
          ],
          [
            -97.999691,
            32.746024
          ],
          [
            -97.999108,
            32.746013
          ],
          [
            -97.998863,
            32.746004
          ],
          [
            -97.998574,
            32.745994
          ],
          [
            -97.998423,
            32.74597
          ],
          [
            -97.998311,
            32.745955
          ],
          [
            -97.998028,
            32.745874
          ],
          [
            -97.997761,
            32.745767
          ],
          [
            -97.997191,
            32.745497
          ],
          [
            -97.997104,
            32.745456
          ],
          [
            -97.996799,
            32.745295
          ],
          [
            -97.99651,
            32.745143
          ],
          [
            -97.996471,
            32.745123
          ],
          [
            -97.995923,
            32.744856
          ],
          [
            -97.995822,
            32.744807
          ],
          [
            -97.995524,
            32.744673
          ],
          [
            -97.99547,
            32.744653
          ],
          [
            -97.995164,
            32.744548
          ],
          [
            -97.995121,
            32.744538
          ],
          [
            -97.995052,
            32.744522
          ],
          [
            -97.994956,
            32.744501
          ],
          [
            -97.994844,
            32.744494
          ],
          [
            -97.994774,
            32.744491
          ],
          [
            -97.994709,
            32.744488
          ],
          [
            -97.994169,
            32.744475
          ],
          [
            -97.993505,
            32.744473
          ],
          [
            -97.991812,
            32.744471
          ],
          [
            -97.989699,
            32.744459
          ],
          [
            -97.989375,
            32.744458
          ],
          [
            -97.988612,
            32.744428
          ],
          [
            -97.988441,
            32.744371
          ],
          [
            -97.988433,
            32.743555
          ],
          [
            -97.988416,
            32.741648
          ],
          [
            -97.988422,
            32.741114
          ],
          [
            -97.988425,
            32.740852
          ],
          [
            -97.988399,
            32.740722
          ],
          [
            -97.988353,
            32.740616
          ],
          [
            -97.988264,
            32.740463
          ],
          [
            -97.988193,
            32.740358
          ],
          [
            -97.98799,
            32.740244
          ],
          [
            -97.98776,
            32.740168
          ],
          [
            -97.987587,
            32.740133
          ],
          [
            -97.987332,
            32.740103
          ],
          [
            -97.987185,
            32.740102
          ],
          [
            -97.98677,
            32.7401
          ],
          [
            -97.985777,
            32.740081
          ],
          [
            -97.984021,
            32.740057
          ],
          [
            -97.982967,
            32.740043
          ],
          [
            -97.982822,
            32.740041
          ],
          [
            -97.982568,
            32.740039
          ],
          [
            -97.981412,
            32.74003
          ],
          [
            -97.981373,
            32.740023
          ],
          [
            -97.981262,
            32.740005
          ],
          [
            -97.981132,
            32.73994
          ],
          [
            -97.981013,
            32.739866
          ],
          [
            -97.980804,
            32.739613
          ],
          [
            -97.980536,
            32.739288
          ],
          [
            -97.98037,
            32.739149
          ],
          [
            -97.980154,
            32.739009
          ],
          [
            -97.980078,
            32.738971
          ],
          [
            -97.979995,
            32.73893
          ],
          [
            -97.979912,
            32.738903
          ],
          [
            -97.979768,
            32.738878
          ],
          [
            -97.97955,
            32.738841
          ],
          [
            -97.979298,
            32.738789
          ],
          [
            -97.979017,
            32.738694
          ],
          [
            -97.978558,
            32.738509
          ],
          [
            -97.978425,
            32.738446
          ],
          [
            -97.97768,
            32.738096
          ],
          [
            -97.975993,
            32.737219
          ],
          [
            -97.974999,
            32.736649
          ],
          [
            -97.974678,
            32.736445
          ],
          [
            -97.973799,
            32.735886
          ],
          [
            -97.973534,
            32.735696
          ],
          [
            -97.973499,
            32.735663
          ],
          [
            -97.973356,
            32.735524
          ],
          [
            -97.972693,
            32.734797
          ],
          [
            -97.972671,
            32.734772
          ],
          [
            -97.971466,
            32.733423
          ],
          [
            -97.970896,
            32.732821
          ],
          [
            -97.970799,
            32.732737
          ],
          [
            -97.970442,
            32.732483
          ],
          [
            -97.970177,
            32.732321
          ],
          [
            -97.969844,
            32.732119
          ],
          [
            -97.969664,
            32.732009
          ],
          [
            -97.969485,
            32.73189
          ],
          [
            -97.969424,
            32.73184
          ],
          [
            -97.969399,
            32.731798
          ],
          [
            -97.969384,
            32.731717
          ],
          [
            -97.969374,
            32.731561
          ],
          [
            -97.968461,
            32.73153
          ],
          [
            -97.96806,
            32.731523
          ],
          [
            -97.966114,
            32.731491
          ],
          [
            -97.964117,
            32.731462
          ],
          [
            -97.962803,
            32.731446
          ],
          [
            -97.962817,
            32.730705
          ],
          [
            -97.96282,
            32.730566
          ],
          [
            -97.962832,
            32.72998
          ],
          [
            -97.962818,
            32.728485
          ],
          [
            -97.962817,
            32.728371
          ],
          [
            -97.962811,
            32.727746
          ],
          [
            -97.962821,
            32.727167
          ],
          [
            -97.962821,
            32.726703
          ],
          [
            -97.962825,
            32.724308
          ],
          [
            -97.962831,
            32.723576
          ],
          [
            -97.962833,
            32.723362
          ],
          [
            -97.962847,
            32.722534
          ],
          [
            -97.962844,
            32.721815
          ],
          [
            -97.962838,
            32.719655
          ],
          [
            -97.962831,
            32.71894
          ],
          [
            -97.962829,
            32.718761
          ],
          [
            -97.962824,
            32.718231
          ],
          [
            -97.962823,
            32.718054
          ],
          [
            -97.96282,
            32.717807
          ],
          [
            -97.962819,
            32.71767
          ],
          [
            -97.962816,
            32.717069
          ],
          [
            -97.962816,
            32.716823
          ],
          [
            -97.962815,
            32.716633
          ],
          [
            -97.962814,
            32.716065
          ],
          [
            -97.962815,
            32.715878
          ],
          [
            -97.962823,
            32.714578
          ],
          [
            -97.96283,
            32.713469
          ],
          [
            -97.962838,
            32.710863
          ],
          [
            -97.962835,
            32.710681
          ],
          [
            -97.96283,
            32.710196
          ],
          [
            -97.962839,
            32.709574
          ],
          [
            -97.962819,
            32.709496
          ],
          [
            -97.962766,
            32.709399
          ],
          [
            -97.962651,
            32.709362
          ],
          [
            -97.962586,
            32.709356
          ],
          [
            -97.962458,
            32.709364
          ],
          [
            -97.962108,
            32.709434
          ],
          [
            -97.961938,
            32.70948
          ],
          [
            -97.961751,
            32.709534
          ],
          [
            -97.960519,
            32.709859
          ],
          [
            -97.960266,
            32.709918
          ],
          [
            -97.960157,
            32.709914
          ],
          [
            -97.960088,
            32.709903
          ],
          [
            -97.960035,
            32.709873
          ],
          [
            -97.959984,
            32.709819
          ],
          [
            -97.959962,
            32.709772
          ],
          [
            -97.959942,
            32.709683
          ],
          [
            -97.959948,
            32.709327
          ],
          [
            -97.95995,
            32.709257
          ],
          [
            -97.959964,
            32.70848
          ],
          [
            -97.959965,
            32.708419
          ],
          [
            -97.959967,
            32.708338
          ],
          [
            -97.95997,
            32.708301
          ],
          [
            -97.959975,
            32.708239
          ],
          [
            -97.959981,
            32.708179
          ],
          [
            -97.959986,
            32.707374
          ],
          [
            -97.959987,
            32.707227
          ],
          [
            -97.959992,
            32.707074
          ],
          [
            -97.959989,
            32.706773
          ],
          [
            -97.959992,
            32.706116
          ],
          [
            -97.960011,
            32.705282
          ],
          [
            -97.960004,
            32.705186
          ],
          [
            -97.959968,
            32.705103
          ],
          [
            -97.959834,
            32.704932
          ],
          [
            -97.959725,
            32.704809
          ],
          [
            -97.959513,
            32.704583
          ],
          [
            -97.959343,
            32.704462
          ],
          [
            -97.959143,
            32.704368
          ],
          [
            -97.957414,
            32.703589
          ],
          [
            -97.957216,
            32.703496
          ],
          [
            -97.95705,
            32.703395
          ],
          [
            -97.956986,
            32.70333
          ],
          [
            -97.9569,
            32.703204
          ],
          [
            -97.956835,
            32.702981
          ]
        ]
      },
      "properties": {
        "LINEARID": "110416470586",
        "FULLNAME": "Fairview Rd",
        "RTTYP": "M",
        "MTFCC": "S1400",
        "traffic": {
          "aadt": 1206,
          "dhv30": 124,
          "aadtYear": 2024,
          "locationId": "184CR106",
          "locatedOn": "-"
        }
      }
    },
    {
      "type": "Feature",
      "geometry": {
        "type": "LineString",
        "coordinates": [
          [
            -97.697998,
            32.756259
          ],
          [
            -97.697677,
            32.756267
          ],
          [
            -97.697098,
            32.756204
          ],
          [
            -97.696565,
            32.756086
          ],
          [
            -97.696303,
            32.756014
          ],
          [
            -97.695155,
            32.755652
          ],
          [
            -97.694223,
            32.755327
          ],
          [
            -97.692587,
            32.754775
          ],
          [
            -97.691927,
            32.754531
          ],
          [
            -97.691339,
            32.754278
          ],
          [
            -97.690932,
            32.754016
          ],
          [
            -97.690652,
            32.753817
          ],
          [
            -97.690399,
            32.753645
          ],
          [
            -97.690209,
            32.753546
          ],
          [
            -97.689956,
            32.7535
          ],
          [
            -97.689739,
            32.753537
          ],
          [
            -97.689516,
            32.753621
          ],
          [
            -97.689321,
            32.753787
          ]
        ]
      },
      "properties": {
        "LINEARID": "1104472790704",
        "FULLNAME": null,
        "RTTYP": null,
        "MTFCC": "S1640",
        "traffic": {
          "aadt": 8388,
          "dhv30": 660,
          "aadtYear": 2024,
          "locationId": "184CC1",
          "locatedOn": "GS0000"
        }
      }
    },
    {
      "type": "Feature",
      "geometry": {
        "type": "LineString",
        "coordinates": [
          [
            -97.69631,
            32.756158
          ],
          [
            -97.696311,
            32.75669
          ],
          [
            -97.696311,
            32.756728
          ],
          [
            -97.696311,
            32.75676
          ],
          [
            -97.696311,
            32.756971
          ],
          [
            -97.696312,
            32.757042
          ],
          [
            -97.696312,
            32.757402
          ],
          [
            -97.696312,
            32.75745
          ],
          [
            -97.696314,
            32.758488
          ],
          [
            -97.69631,
            32.758851
          ],
          [
            -97.696317,
            32.75904
          ],
          [
            -97.696327,
            32.759323
          ],
          [
            -97.696337,
            32.75959
          ],
          [
            -97.696345,
            32.759798
          ],
          [
            -97.696353,
            32.759872
          ],
          [
            -97.696391,
            32.76004
          ],
          [
            -97.696432,
            32.760148
          ],
          [
            -97.696463,
            32.76021
          ],
          [
            -97.696497,
            32.760265
          ],
          [
            -97.696569,
            32.760353
          ],
          [
            -97.696587,
            32.760376
          ],
          [
            -97.696715,
            32.760481
          ],
          [
            -97.696902,
            32.76059
          ],
          [
            -97.697092,
            32.760653
          ],
          [
            -97.697278,
            32.760682
          ],
          [
            -97.697481,
            32.760693
          ],
          [
            -97.697671,
            32.760691
          ],
          [
            -97.698294,
            32.760686
          ],
          [
            -97.69891,
            32.760686
          ],
          [
            -97.699215,
            32.760685
          ],
          [
            -97.699975,
            32.760683
          ],
          [
            -97.70013,
            32.760679
          ],
          [
            -97.700414,
            32.760673
          ],
          [
            -97.700436,
            32.760673
          ],
          [
            -97.700631,
            32.760675
          ],
          [
            -97.700851,
            32.760675
          ],
          [
            -97.702098,
            32.760675
          ],
          [
            -97.702514,
            32.760675
          ],
          [
            -97.703415,
            32.760665
          ],
          [
            -97.704871,
            32.760663
          ],
          [
            -97.706157,
            32.760665
          ],
          [
            -97.707068,
            32.760668
          ],
          [
            -97.707099,
            32.760666
          ],
          [
            -97.707193,
            32.760666
          ],
          [
            -97.707225,
            32.760666
          ],
          [
            -97.70791,
            32.760655
          ],
          [
            -97.708696,
            32.760646
          ],
          [
            -97.709968,
            32.76064
          ],
          [
            -97.710654,
            32.760638
          ]
        ]
      },
      "properties": {
        "LINEARID": "110416478234",
        "FULLNAME": "Inspiration Dr",
        "RTTYP": "M",
        "MTFCC": "S1400",
        "traffic": {
          "aadt": 8388,
          "dhv30": 660,
          "aadtYear": 2024,
          "locationId": "184CC1",
          "locatedOn": "GS0000"
        }
      }
    },
    {
      "type": "Feature",
      "geometry": {
        "type": "LineString",
        "coordinates": [
          [
            -97.689281,
            32.752336
          ],
          [
            -97.690392,
            32.7525
          ],
          [
            -97.690824,
            32.752557
          ],
          [
            -97.691222,
            32.75261
          ],
          [
            -97.691892,
            32.752705
          ],
          [
            -97.69214,
            32.752752
          ],
          [
            -97.692461,
            32.752814
          ],
          [
            -97.692909,
            32.752937
          ],
          [
            -97.693346,
            32.753092
          ],
          [
            -97.693642,
            32.753221
          ],
          [
            -97.693885,
            32.753334
          ],
          [
            -97.694161,
            32.753474
          ],
          [
            -97.694521,
            32.753687
          ],
          [
            -97.694904,
            32.753965
          ],
          [
            -97.69565,
            32.75459
          ],
          [
            -97.695826,
            32.754742
          ],
          [
            -97.695967,
            32.75487
          ],
          [
            -97.696327,
            32.755197
          ],
          [
            -97.696564,
            32.755401
          ],
          [
            -97.696959,
            32.75568
          ],
          [
            -97.697314,
            32.755908
          ],
          [
            -97.697683,
            32.756115
          ],
          [
            -97.697998,
            32.756259
          ],
          [
            -97.698156,
            32.756332
          ],
          [
            -97.698351,
            32.756425
          ],
          [
            -97.698544,
            32.756489
          ],
          [
            -97.698838,
            32.756573
          ],
          [
            -97.698915,
            32.756592
          ]
        ]
      },
      "properties": {
        "LINEARID": "1104701883167",
        "FULLNAME": null,
        "RTTYP": null,
        "MTFCC": "S1630",
        "traffic": {
          "aadt": 8388,
          "dhv30": 660,
          "aadtYear": 2024,
          "locationId": "184CC1",
          "locatedOn": "GS0000"
        }
      }
    },
    {
      "type": "Feature",
      "geometry": {
        "type": "LineString",
        "coordinates": [
          [
            -97.94167,
            32.708196
          ],
          [
            -97.941661,
            32.70937
          ],
          [
            -97.941627,
            32.712297
          ],
          [
            -97.941624,
            32.71294
          ],
          [
            -97.941858,
            32.712939
          ],
          [
            -97.942079,
            32.712947
          ],
          [
            -97.942395,
            32.712948
          ],
          [
            -97.943712,
            32.712933
          ],
          [
            -97.94381,
            32.71295
          ],
          [
            -97.943888,
            32.712974
          ],
          [
            -97.943956,
            32.713013
          ],
          [
            -97.944044,
            32.713097
          ],
          [
            -97.944078,
            32.713144
          ],
          [
            -97.944095,
            32.7132
          ],
          [
            -97.944107,
            32.713329
          ],
          [
            -97.944103,
            32.714887
          ],
          [
            -97.94409,
            32.715981
          ],
          [
            -97.944049,
            32.719479
          ],
          [
            -97.944017,
            32.719974
          ],
          [
            -97.943991,
            32.72017
          ],
          [
            -97.943905,
            32.720659
          ],
          [
            -97.943855,
            32.720982
          ],
          [
            -97.943793,
            32.722125
          ],
          [
            -97.943705,
            32.72466
          ],
          [
            -97.943702,
            32.72476
          ],
          [
            -97.943704,
            32.725006
          ],
          [
            -97.94373,
            32.725077
          ],
          [
            -97.943766,
            32.725129
          ],
          [
            -97.943794,
            32.725172
          ],
          [
            -97.943843,
            32.725211
          ],
          [
            -97.943944,
            32.725241
          ],
          [
            -97.944083,
            32.725249
          ],
          [
            -97.945103,
            32.725244
          ],
          [
            -97.945256,
            32.725241
          ],
          [
            -97.946013,
            32.725229
          ],
          [
            -97.946139,
            32.725244
          ],
          [
            -97.946179,
            32.725249
          ],
          [
            -97.946246,
            32.725276
          ],
          [
            -97.946284,
            32.725311
          ],
          [
            -97.946336,
            32.725411
          ],
          [
            -97.946358,
            32.725534
          ],
          [
            -97.946358,
            32.725569
          ],
          [
            -97.946371,
            32.726457
          ],
          [
            -97.946367,
            32.726836
          ],
          [
            -97.946362,
            32.727404
          ],
          [
            -97.946322,
            32.730264
          ],
          [
            -97.946292,
            32.731552
          ],
          [
            -97.946289,
            32.731946
          ],
          [
            -97.946286,
            32.732348
          ],
          [
            -97.946269,
            32.732434
          ],
          [
            -97.946218,
            32.732521
          ],
          [
            -97.946173,
            32.732555
          ],
          [
            -97.946064,
            32.73259
          ],
          [
            -97.945634,
            32.732587
          ],
          [
            -97.94512,
            32.732602
          ],
          [
            -97.945108,
            32.732881
          ],
          [
            -97.945108,
            32.732896
          ],
          [
            -97.94513,
            32.733668
          ],
          [
            -97.945132,
            32.733722
          ],
          [
            -97.945142,
            32.73395
          ],
          [
            -97.945163,
            32.733999
          ],
          [
            -97.945203,
            32.734039
          ],
          [
            -97.945247,
            32.734067
          ],
          [
            -97.946118,
            32.734275
          ],
          [
            -97.946276,
            32.734301
          ],
          [
            -97.946392,
            32.734313
          ],
          [
            -97.947196,
            32.734307
          ],
          [
            -97.948377,
            32.7343
          ],
          [
            -97.948651,
            32.73428
          ],
          [
            -97.949902,
            32.734265
          ],
          [
            -97.951351,
            32.734239
          ],
          [
            -97.952817,
            32.734097
          ],
          [
            -97.952887,
            32.73408
          ],
          [
            -97.952979,
            32.734031
          ],
          [
            -97.953341,
            32.733762
          ],
          [
            -97.953757,
            32.733454
          ],
          [
            -97.955007,
            32.732507
          ],
          [
            -97.955091,
            32.732447
          ],
          [
            -97.955199,
            32.732393
          ],
          [
            -97.955321,
            32.732356
          ],
          [
            -97.955458,
            32.732329
          ],
          [
            -97.955564,
            32.732319
          ],
          [
            -97.956561,
            32.732311
          ],
          [
            -97.958234,
            32.7323
          ],
          [
            -97.958726,
            32.732285
          ],
          [
            -97.959095,
            32.732235
          ],
          [
            -97.959595,
            32.732138
          ],
          [
            -97.95968,
            32.732113
          ],
          [
            -97.95988,
            32.732055
          ],
          [
            -97.960185,
            32.73195
          ],
          [
            -97.961182,
            32.73153
          ],
          [
            -97.961217,
            32.731516
          ],
          [
            -97.961331,
            32.731478
          ],
          [
            -97.961483,
            32.731447
          ],
          [
            -97.961601,
            32.731441
          ],
          [
            -97.962803,
            32.731446
          ]
        ]
      },
      "properties": {
        "LINEARID": "110416445544",
        "FULLNAME": "Cox Rd",
        "RTTYP": "M",
        "MTFCC": "S1400",
        "traffic": {
          "aadt": 267,
          "dhv30": 26,
          "aadtYear": 2024,
          "locationId": "184CR106B",
          "locatedOn": "-"
        }
      }
    },
    {
      "type": "Feature",
      "geometry": {
        "type": "LineString",
        "coordinates": [
          [
            -97.691231,
            32.754441
          ],
          [
            -97.691909,
            32.754667
          ],
          [
            -97.692572,
            32.754899
          ],
          [
            -97.6929,
            32.755007
          ],
          [
            -97.693292,
            32.75514
          ],
          [
            -97.693882,
            32.755347
          ],
          [
            -97.693947,
            32.75537
          ],
          [
            -97.694212,
            32.755452
          ],
          [
            -97.694317,
            32.755494
          ],
          [
            -97.696273,
            32.756149
          ],
          [
            -97.69631,
            32.756158
          ],
          [
            -97.696734,
            32.756283
          ],
          [
            -97.697257,
            32.756433
          ],
          [
            -97.697984,
            32.756605
          ],
          [
            -97.698904,
            32.756776
          ],
          [
            -97.698933,
            32.756778
          ],
          [
            -97.699299,
            32.756835
          ],
          [
            -97.699817,
            32.756925
          ],
          [
            -97.700811,
            32.757032
          ],
          [
            -97.701389,
            32.757068
          ],
          [
            -97.702081,
            32.757094
          ],
          [
            -97.702805,
            32.757105
          ],
          [
            -97.702882,
            32.757102
          ],
          [
            -97.703102,
            32.757102
          ],
          [
            -97.703355,
            32.757102
          ],
          [
            -97.704225,
            32.757105
          ],
          [
            -97.704314,
            32.757106
          ],
          [
            -97.704596,
            32.757094
          ],
          [
            -97.704776,
            32.757094
          ],
          [
            -97.70525,
            32.757097
          ],
          [
            -97.705577,
            32.757091
          ],
          [
            -97.70561,
            32.757091
          ],
          [
            -97.706393,
            32.757094
          ],
          [
            -97.706627,
            32.757098
          ],
          [
            -97.706694,
            32.757095
          ],
          [
            -97.707055,
            32.757088
          ],
          [
            -97.707099,
            32.757088
          ],
          [
            -97.707231,
            32.757088
          ],
          [
            -97.707275,
            32.757088
          ],
          [
            -97.707604,
            32.757089
          ],
          [
            -97.70796,
            32.757084
          ],
          [
            -97.709351,
            32.757074
          ],
          [
            -97.709785,
            32.757076
          ],
          [
            -97.710016,
            32.757075
          ],
          [
            -97.710702,
            32.757079
          ],
          [
            -97.711438,
            32.757081
          ],
          [
            -97.712215,
            32.75709
          ],
          [
            -97.712534,
            32.75709
          ],
          [
            -97.712965,
            32.757088
          ],
          [
            -97.713332,
            32.757086
          ],
          [
            -97.714025,
            32.757078
          ],
          [
            -97.714046,
            32.757077
          ],
          [
            -97.714109,
            32.757077
          ],
          [
            -97.714131,
            32.757077
          ],
          [
            -97.714177,
            32.757075
          ],
          [
            -97.714316,
            32.757074
          ],
          [
            -97.714363,
            32.757074
          ],
          [
            -97.714505,
            32.757072
          ],
          [
            -97.714931,
            32.757067
          ],
          [
            -97.715074,
            32.757066
          ],
          [
            -97.715205,
            32.757064
          ],
          [
            -97.715302,
            32.757066
          ],
          [
            -97.715437,
            32.757069
          ],
          [
            -97.715815,
            32.757065
          ],
          [
            -97.716024,
            32.757064
          ],
          [
            -97.716209,
            32.757063
          ],
          [
            -97.716301,
            32.757062
          ],
          [
            -97.716597,
            32.75706
          ],
          [
            -97.717486,
            32.757053
          ],
          [
            -97.717783,
            32.757053
          ],
          [
            -97.717827,
            32.757052
          ],
          [
            -97.717959,
            32.757052
          ],
          [
            -97.718004,
            32.757052
          ],
          [
            -97.718317,
            32.757049
          ],
          [
            -97.718427,
            32.757049
          ],
          [
            -97.719257,
            32.75705
          ],
          [
            -97.719571,
            32.757053
          ],
          [
            -97.719628,
            32.75705
          ],
          [
            -97.719802,
            32.757049
          ],
          [
            -97.71986,
            32.757049
          ],
          [
            -97.719956,
            32.757047
          ],
          [
            -97.719969,
            32.757047
          ],
          [
            -97.720057,
            32.757047
          ],
          [
            -97.720247,
            32.757044
          ],
          [
            -97.720291,
            32.757044
          ],
          [
            -97.720344,
            32.757044
          ],
          [
            -97.720687,
            32.757043
          ],
          [
            -97.720731,
            32.757043
          ],
          [
            -97.721892,
            32.75704
          ],
          [
            -97.72228,
            32.75704
          ],
          [
            -97.72233,
            32.75704
          ],
          [
            -97.722482,
            32.75704
          ],
          [
            -97.722533,
            32.757041
          ],
          [
            -97.722625,
            32.757041
          ],
          [
            -97.722752,
            32.757042
          ],
          [
            -97.722901,
            32.757042
          ],
          [
            -97.722994,
            32.757043
          ],
          [
            -97.723097,
            32.757043
          ],
          [
            -97.723317,
            32.757045
          ],
          [
            -97.723409,
            32.757043
          ],
          [
            -97.723513,
            32.757042
          ],
          [
            -97.723534,
            32.757041
          ],
          [
            -97.7236,
            32.757041
          ],
          [
            -97.723623,
            32.757041
          ],
          [
            -97.723679,
            32.75704
          ],
          [
            -97.723747,
            32.757039
          ],
          [
            -97.723767,
            32.757037
          ],
          [
            -97.723847,
            32.757036
          ],
          [
            -97.723904,
            32.757038
          ],
          [
            -97.724021,
            32.757039
          ],
          [
            -97.72423,
            32.757041
          ],
          [
            -97.724652,
            32.757046
          ],
          [
            -97.72521,
            32.757035
          ],
          [
            -97.725537,
            32.75703
          ],
          [
            -97.726127,
            32.757026
          ],
          [
            -97.726437,
            32.757026
          ],
          [
            -97.726596,
            32.757027
          ],
          [
            -97.727943,
            32.757029
          ],
          [
            -97.729139,
            32.757022
          ],
          [
            -97.73004,
            32.757017
          ],
          [
            -97.730162,
            32.757016
          ],
          [
            -97.730531,
            32.757012
          ],
          [
            -97.730654,
            32.757012
          ],
          [
            -97.73083,
            32.75701
          ],
          [
            -97.73136,
            32.757005
          ],
          [
            -97.731537,
            32.757004
          ],
          [
            -97.731671,
            32.757004
          ],
          [
            -97.73189,
            32.757005
          ],
          [
            -97.732074,
            32.757008
          ],
          [
            -97.732209,
            32.757012
          ],
          [
            -97.732248,
            32.757011
          ],
          [
            -97.732365,
            32.757008
          ],
          [
            -97.732405,
            32.757009
          ],
          [
            -97.732449,
            32.757008
          ],
          [
            -97.732582,
            32.757005
          ],
          [
            -97.732627,
            32.757005
          ],
          [
            -97.732698,
            32.757002
          ],
          [
            -97.732914,
            32.756999
          ],
          [
            -97.732986,
            32.756999
          ],
          [
            -97.733016,
            32.756997
          ],
          [
            -97.733106,
            32.756994
          ],
          [
            -97.733137,
            32.756994
          ],
          [
            -97.733209,
            32.756993
          ],
          [
            -97.733428,
            32.756993
          ],
          [
            -97.733502,
            32.756993
          ],
          [
            -97.733604,
            32.756991
          ],
          [
            -97.733813,
            32.756992
          ],
          [
            -97.733912,
            32.756993
          ],
          [
            -97.734015,
            32.756995
          ],
          [
            -97.734346,
            32.756999
          ],
          [
            -97.734405,
            32.757001
          ],
          [
            -97.735341,
            32.757005
          ],
          [
            -97.735673,
            32.757007
          ],
          [
            -97.736193,
            32.757002
          ],
          [
            -97.73756,
            32.756992
          ],
          [
            -97.737756,
            32.756991
          ],
          [
            -97.738277,
            32.756994
          ],
          [
            -97.738616,
            32.756985
          ],
          [
            -97.738894,
            32.756981
          ],
          [
            -97.739633,
            32.756982
          ],
          [
            -97.739973,
            32.756983
          ],
          [
            -97.740116,
            32.756983
          ],
          [
            -97.740547,
            32.756983
          ],
          [
            -97.740691,
            32.756984
          ],
          [
            -97.740796,
            32.756984
          ],
          [
            -97.740899,
            32.756983
          ],
          [
            -97.741185,
            32.756982
          ],
          [
            -97.741524,
            32.75697
          ],
          [
            -97.741733,
            32.756964
          ],
          [
            -97.741821,
            32.756965
          ],
          [
            -97.742085,
            32.756971
          ],
          [
            -97.742174,
            32.756973
          ],
          [
            -97.74229,
            32.756971
          ],
          [
            -97.74264,
            32.756967
          ],
          [
            -97.742757,
            32.756966
          ],
          [
            -97.743282,
            32.756966
          ],
          [
            -97.74337,
            32.756967
          ],
          [
            -97.743639,
            32.756974
          ],
          [
            -97.744456,
            32.756967
          ],
          [
            -97.745211,
            32.756965
          ],
          [
            -97.745825,
            32.756964
          ],
          [
            -97.74614,
            32.756962
          ],
          [
            -97.747085,
            32.75696
          ],
          [
            -97.747401,
            32.756961
          ],
          [
            -97.747658,
            32.756961
          ],
          [
            -97.750159,
            32.756942
          ],
          [
            -97.751706,
            32.756923
          ],
          [
            -97.75349,
            32.756935
          ],
          [
            -97.756936,
            32.756904
          ],
          [
            -97.758534,
            32.756908
          ],
          [
            -97.759561,
            32.756906
          ],
          [
            -97.7601,
            32.756922
          ],
          [
            -97.760461,
            32.756942
          ],
          [
            -97.760882,
            32.756966
          ],
          [
            -97.761297,
            32.756996
          ],
          [
            -97.761545,
            32.757019
          ],
          [
            -97.761906,
            32.757056
          ],
          [
            -97.762446,
            32.757116
          ],
          [
            -97.763311,
            32.757214
          ],
          [
            -97.763578,
            32.757244
          ],
          [
            -97.763744,
            32.757259
          ],
          [
            -97.764069,
            32.757294
          ],
          [
            -97.76461,
            32.757354
          ],
          [
            -97.765288,
            32.757427
          ],
          [
            -97.765695,
            32.757473
          ],
          [
            -97.765822,
            32.757489
          ],
          [
            -97.767063,
            32.75762
          ],
          [
            -97.767324,
            32.75765
          ],
          [
            -97.768003,
            32.75773
          ],
          [
            -97.768178,
            32.75775
          ],
          [
            -97.768705,
            32.757812
          ],
          [
            -97.768881,
            32.757833
          ],
          [
            -97.768978,
            32.757844
          ],
          [
            -97.769272,
            32.757877
          ],
          [
            -97.76937,
            32.757888
          ],
          [
            -97.769813,
            32.757937
          ],
          [
            -97.769931,
            32.757951
          ],
          [
            -97.771145,
            32.758082
          ],
          [
            -97.77159,
            32.758131
          ],
          [
            -97.771792,
            32.758152
          ],
          [
            -97.772231,
            32.758198
          ],
          [
            -97.7724,
            32.758218
          ],
          [
            -97.772603,
            32.758243
          ],
          [
            -97.77269,
            32.758253
          ],
          [
            -97.772954,
            32.758283
          ],
          [
            -97.773042,
            32.758294
          ],
          [
            -97.773262,
            32.758319
          ],
          [
            -97.773924,
            32.758397
          ],
          [
            -97.774145,
            32.758424
          ],
          [
            -97.774357,
            32.758446
          ],
          [
            -97.774725,
            32.758487
          ],
          [
            -97.774995,
            32.758518
          ],
          [
            -97.775208,
            32.758544
          ],
          [
            -97.775244,
            32.758547
          ],
          [
            -97.775352,
            32.758557
          ],
          [
            -97.775389,
            32.758561
          ],
          [
            -97.775535,
            32.758574
          ],
          [
            -97.775976,
            32.758616
          ],
          [
            -97.776123,
            32.75863
          ],
          [
            -97.776218,
            32.758637
          ],
          [
            -97.776503,
            32.758664
          ],
          [
            -97.776599,
            32.758674
          ],
          [
            -97.776952,
            32.758707
          ],
          [
            -97.777327,
            32.758742
          ],
          [
            -97.777564,
            32.758759
          ],
          [
            -97.777801,
            32.75877
          ],
          [
            -97.778014,
            32.758775
          ],
          [
            -97.778369,
            32.758784
          ],
          [
            -97.778531,
            32.758786
          ],
          [
            -97.778772,
            32.75879
          ],
          [
            -97.779017,
            32.758788
          ],
          [
            -97.77918,
            32.758788
          ],
          [
            -97.779357,
            32.758786
          ],
          [
            -97.77989,
            32.75878
          ],
          [
            -97.780068,
            32.758779
          ],
          [
            -97.780206,
            32.758778
          ],
          [
            -97.780299,
            32.758778
          ],
          [
            -97.780425,
            32.758776
          ],
          [
            -97.780619,
            32.758775
          ],
          [
            -97.780758,
            32.758776
          ],
          [
            -97.780836,
            32.758775
          ],
          [
            -97.781073,
            32.758774
          ],
          [
            -97.781152,
            32.758774
          ],
          [
            -97.781481,
            32.758772
          ],
          [
            -97.78247,
            32.758766
          ],
          [
            -97.7828,
            32.758765
          ],
          [
            -97.783092,
            32.758764
          ],
          [
            -97.783969,
            32.758761
          ],
          [
            -97.784262,
            32.758761
          ],
          [
            -97.784376,
            32.758758
          ],
          [
            -97.784721,
            32.758756
          ],
          [
            -97.784836,
            32.758756
          ],
          [
            -97.785083,
            32.758754
          ],
          [
            -97.785826,
            32.758749
          ],
          [
            -97.786074,
            32.758748
          ],
          [
            -97.786268,
            32.75875
          ],
          [
            -97.786602,
            32.758757
          ],
          [
            -97.786853,
            32.758772
          ],
          [
            -97.787048,
            32.758787
          ],
          [
            -97.787397,
            32.758812
          ],
          [
            -97.788186,
            32.758857
          ],
          [
            -97.788474,
            32.758868
          ],
          [
            -97.788831,
            32.758883
          ],
          [
            -97.788971,
            32.758885
          ],
          [
            -97.789139,
            32.75889
          ],
          [
            -97.789391,
            32.758892
          ],
          [
            -97.789532,
            32.758894
          ],
          [
            -97.789748,
            32.758896
          ],
          [
            -97.790396,
            32.758902
          ],
          [
            -97.790612,
            32.758905
          ],
          [
            -97.790693,
            32.758906
          ],
          [
            -97.790938,
            32.758909
          ],
          [
            -97.79102,
            32.75891
          ],
          [
            -97.791493,
            32.758913
          ],
          [
            -97.792019,
            32.75892
          ],
          [
            -97.792619,
            32.758939
          ],
          [
            -97.792911,
            32.758958
          ],
          [
            -97.792942,
            32.758961
          ],
          [
            -97.79315,
            32.758972
          ],
          [
            -97.793384,
            32.758979
          ],
          [
            -97.793529,
            32.758989
          ],
          [
            -97.79357,
            32.758988
          ],
          [
            -97.793708,
            32.758986
          ],
          [
            -97.794004,
            32.759
          ],
          [
            -97.794131,
            32.758998
          ],
          [
            -97.794318,
            32.758996
          ],
          [
            -97.794551,
            32.758996
          ],
          [
            -97.79525,
            32.758999
          ],
          [
            -97.795439,
            32.759
          ],
          [
            -97.795483,
            32.758993
          ],
          [
            -97.795562,
            32.758994
          ],
          [
            -97.795802,
            32.758997
          ],
          [
            -97.795882,
            32.758999
          ],
          [
            -97.796051,
            32.759001
          ],
          [
            -97.796381,
            32.759002
          ],
          [
            -97.796459,
            32.759006
          ],
          [
            -97.796577,
            32.759011
          ],
          [
            -97.796641,
            32.759024
          ],
          [
            -97.796781,
            32.759077
          ],
          [
            -97.796911,
            32.759118
          ],
          [
            -97.797037,
            32.759164
          ],
          [
            -97.797144,
            32.75919
          ],
          [
            -97.797258,
            32.759207
          ]
        ]
      },
      "properties": {
        "LINEARID": "1105319730148",
        "FULLNAME": "Fort Worth Hwy",
        "RTTYP": "M",
        "MTFCC": "S1200",
        "traffic": {
          "aadt": 8388,
          "dhv30": 660,
          "aadtYear": 2024,
          "locationId": "184CC1",
          "locatedOn": "GS0000"
        }
      }
    },
    {
      "type": "Feature",
      "geometry": {
        "type": "LineString",
        "coordinates": [
          [
            -97.955007,
            32.732507
          ],
          [
            -97.955116,
            32.733923
          ],
          [
            -97.955158,
            32.734854
          ],
          [
            -97.955112,
            32.735226
          ],
          [
            -97.955073,
            32.735378
          ],
          [
            -97.95502,
            32.73548
          ],
          [
            -97.954968,
            32.73557
          ],
          [
            -97.954929,
            32.735638
          ],
          [
            -97.954829,
            32.7358
          ],
          [
            -97.954634,
            32.736139
          ],
          [
            -97.954599,
            32.7362
          ],
          [
            -97.954443,
            32.736506
          ],
          [
            -97.954342,
            32.73672
          ],
          [
            -97.954266,
            32.736898
          ],
          [
            -97.954136,
            32.737277
          ],
          [
            -97.954072,
            32.737671
          ],
          [
            -97.953976,
            32.738628
          ],
          [
            -97.953882,
            32.739388
          ],
          [
            -97.953599,
            32.741296
          ],
          [
            -97.953474,
            32.742084
          ],
          [
            -97.953444,
            32.742357
          ],
          [
            -97.953429,
            32.74265
          ],
          [
            -97.953433,
            32.744233
          ],
          [
            -97.953443,
            32.744632
          ],
          [
            -97.953459,
            32.745183
          ],
          [
            -97.953466,
            32.745345
          ],
          [
            -97.953498,
            32.746122
          ],
          [
            -97.953496,
            32.74705
          ],
          [
            -97.953488,
            32.747734
          ],
          [
            -97.953485,
            32.748
          ],
          [
            -97.953487,
            32.748722
          ],
          [
            -97.95348,
            32.748967
          ],
          [
            -97.953477,
            32.749526
          ],
          [
            -97.953472,
            32.750466
          ],
          [
            -97.953445,
            32.752549
          ],
          [
            -97.95343,
            32.752963
          ],
          [
            -97.953377,
            32.753123
          ],
          [
            -97.953305,
            32.753215
          ],
          [
            -97.953237,
            32.753276
          ],
          [
            -97.953139,
            32.753323
          ],
          [
            -97.95305,
            32.753338
          ],
          [
            -97.952188,
            32.753329
          ],
          [
            -97.952041,
            32.753352
          ],
          [
            -97.951946,
            32.753408
          ],
          [
            -97.951884,
            32.753495
          ],
          [
            -97.951852,
            32.753623
          ],
          [
            -97.951856,
            32.753852
          ],
          [
            -97.951849,
            32.754275
          ],
          [
            -97.951864,
            32.755205
          ],
          [
            -97.951859,
            32.755335
          ],
          [
            -97.951844,
            32.755419
          ],
          [
            -97.951851,
            32.75571
          ],
          [
            -97.951856,
            32.75591
          ],
          [
            -97.951856,
            32.75597
          ],
          [
            -97.951858,
            32.756494
          ],
          [
            -97.951866,
            32.756585
          ],
          [
            -97.951881,
            32.756732
          ],
          [
            -97.951939,
            32.756864
          ]
        ]
      },
      "properties": {
        "LINEARID": "110416450580",
        "FULLNAME": "Clary Rd",
        "RTTYP": "M",
        "MTFCC": "S1400",
        "traffic": {
          "aadt": 91,
          "dhv30": 14,
          "aadtYear": 2019,
          "locationId": "184CR107A",
          "locatedOn": "-"
        }
      }
    },
    {
      "type": "Feature",
      "geometry": {
        "type": "LineString",
        "coordinates": [
          [
            -97.69631,
            32.756158
          ],
          [
            -97.696303,
            32.756014
          ]
        ]
      },
      "properties": {
        "LINEARID": "1104472791028",
        "FULLNAME": null,
        "RTTYP": null,
        "MTFCC": "S1400",
        "traffic": {
          "aadt": 8388,
          "dhv30": 660,
          "aadtYear": 2024,
          "locationId": "184CC1",
          "locatedOn": "GS0000"
        }
      }
    },
    {
      "type": "Feature",
      "geometry": {
        "type": "LineString",
        "coordinates": [
          [
            -97.932997,
            32.711215
          ],
          [
            -97.933035,
            32.711367
          ],
          [
            -97.933032,
            32.712782
          ],
          [
            -97.933015,
            32.713554
          ],
          [
            -97.933011,
            32.71374
          ],
          [
            -97.933,
            32.714705
          ],
          [
            -97.933004,
            32.71512
          ],
          [
            -97.93299,
            32.715208
          ],
          [
            -97.932959,
            32.715286
          ],
          [
            -97.932921,
            32.715338
          ],
          [
            -97.932782,
            32.715464
          ],
          [
            -97.932702,
            32.715502
          ],
          [
            -97.932577,
            32.715544
          ],
          [
            -97.932381,
            32.715579
          ],
          [
            -97.932137,
            32.715612
          ],
          [
            -97.931802,
            32.715648
          ],
          [
            -97.9313,
            32.715695
          ],
          [
            -97.931052,
            32.715734
          ],
          [
            -97.930364,
            32.715887
          ],
          [
            -97.928694,
            32.716244
          ],
          [
            -97.927843,
            32.71643
          ],
          [
            -97.927684,
            32.716466
          ],
          [
            -97.927532,
            32.716513
          ],
          [
            -97.927438,
            32.716549
          ],
          [
            -97.927362,
            32.7166
          ],
          [
            -97.927324,
            32.716636
          ],
          [
            -97.927272,
            32.716725
          ],
          [
            -97.927237,
            32.716811
          ],
          [
            -97.927226,
            32.716954
          ],
          [
            -97.927232,
            32.717533
          ],
          [
            -97.927224,
            32.71788
          ],
          [
            -97.927211,
            32.718011
          ],
          [
            -97.9272,
            32.718073
          ],
          [
            -97.927166,
            32.71815
          ],
          [
            -97.927112,
            32.71821
          ],
          [
            -97.927018,
            32.71833
          ],
          [
            -97.926566,
            32.718908
          ],
          [
            -97.925644,
            32.720049
          ],
          [
            -97.925633,
            32.720064
          ],
          [
            -97.925458,
            32.720291
          ],
          [
            -97.925395,
            32.720363
          ],
          [
            -97.925326,
            32.720432
          ],
          [
            -97.925233,
            32.720513
          ],
          [
            -97.925133,
            32.72058
          ],
          [
            -97.925082,
            32.720607
          ],
          [
            -97.924998,
            32.72064
          ],
          [
            -97.9249,
            32.72066
          ],
          [
            -97.92471,
            32.720675
          ],
          [
            -97.924429,
            32.720671
          ],
          [
            -97.923586,
            32.72064
          ],
          [
            -97.923337,
            32.720637
          ],
          [
            -97.923104,
            32.720642
          ],
          [
            -97.922875,
            32.720651
          ],
          [
            -97.922666,
            32.72066
          ],
          [
            -97.922051,
            32.720699
          ],
          [
            -97.921417,
            32.720751
          ],
          [
            -97.921023,
            32.720771
          ],
          [
            -97.920892,
            32.720784
          ],
          [
            -97.920719,
            32.720809
          ],
          [
            -97.920564,
            32.720847
          ],
          [
            -97.920496,
            32.720869
          ],
          [
            -97.920396,
            32.72091
          ],
          [
            -97.9203,
            32.72096
          ],
          [
            -97.920241,
            32.720998
          ],
          [
            -97.920204,
            32.721028
          ],
          [
            -97.920155,
            32.721069
          ],
          [
            -97.920117,
            32.721109
          ],
          [
            -97.92005,
            32.721207
          ],
          [
            -97.920024,
            32.721266
          ],
          [
            -97.920007,
            32.72136
          ],
          [
            -97.919987,
            32.721817
          ],
          [
            -97.919977,
            32.722059
          ],
          [
            -97.919963,
            32.722191
          ],
          [
            -97.919947,
            32.722255
          ],
          [
            -97.919914,
            32.722338
          ],
          [
            -97.919891,
            32.722378
          ],
          [
            -97.919863,
            32.722413
          ],
          [
            -97.919825,
            32.722444
          ],
          [
            -97.919677,
            32.72253
          ],
          [
            -97.919617,
            32.72256
          ],
          [
            -97.919554,
            32.722584
          ],
          [
            -97.919417,
            32.722614
          ],
          [
            -97.919228,
            32.722637
          ],
          [
            -97.918986,
            32.722649
          ],
          [
            -97.91864,
            32.722651
          ],
          [
            -97.918334,
            32.72265
          ],
          [
            -97.917747,
            32.722646
          ],
          [
            -97.917393,
            32.722645
          ],
          [
            -97.916879,
            32.722644
          ],
          [
            -97.916086,
            32.722646
          ],
          [
            -97.915748,
            32.722642
          ],
          [
            -97.915524,
            32.722653
          ],
          [
            -97.915423,
            32.722663
          ],
          [
            -97.915374,
            32.722673
          ],
          [
            -97.915307,
            32.722697
          ],
          [
            -97.915244,
            32.722727
          ],
          [
            -97.915162,
            32.722782
          ],
          [
            -97.915126,
            32.722814
          ],
          [
            -97.915091,
            32.722854
          ],
          [
            -97.915062,
            32.722899
          ],
          [
            -97.915027,
            32.722972
          ],
          [
            -97.914981,
            32.723167
          ],
          [
            -97.914961,
            32.72329
          ],
          [
            -97.914953,
            32.723342
          ],
          [
            -97.914933,
            32.723539
          ],
          [
            -97.914912,
            32.724229
          ],
          [
            -97.914901,
            32.72505
          ],
          [
            -97.914853,
            32.726677
          ],
          [
            -97.914836,
            32.727117
          ],
          [
            -97.914773,
            32.728793
          ],
          [
            -97.914772,
            32.729455
          ],
          [
            -97.914766,
            32.729579
          ],
          [
            -97.914725,
            32.7297
          ],
          [
            -97.914634,
            32.729836
          ],
          [
            -97.914122,
            32.730332
          ],
          [
            -97.91394,
            32.730433
          ],
          [
            -97.913857,
            32.730458
          ],
          [
            -97.913769,
            32.730478
          ],
          [
            -97.911887,
            32.730502
          ],
          [
            -97.911623,
            32.730534
          ],
          [
            -97.911491,
            32.730565
          ],
          [
            -97.911384,
            32.7306
          ],
          [
            -97.910087,
            32.731164
          ],
          [
            -97.909172,
            32.731581
          ],
          [
            -97.909109,
            32.731611
          ],
          [
            -97.908487,
            32.731885
          ],
          [
            -97.908217,
            32.73199
          ],
          [
            -97.907925,
            32.732069
          ],
          [
            -97.907681,
            32.732108
          ],
          [
            -97.907022,
            32.732169
          ],
          [
            -97.90672,
            32.732215
          ],
          [
            -97.906599,
            32.73225
          ],
          [
            -97.906519,
            32.732291
          ],
          [
            -97.906446,
            32.732361
          ],
          [
            -97.906436,
            32.732374
          ],
          [
            -97.906336,
            32.732502
          ],
          [
            -97.905912,
            32.733238
          ],
          [
            -97.905797,
            32.73344
          ],
          [
            -97.905627,
            32.733703
          ],
          [
            -97.905446,
            32.734022
          ],
          [
            -97.905265,
            32.734382
          ],
          [
            -97.904998,
            32.735029
          ],
          [
            -97.904965,
            32.735142
          ],
          [
            -97.904919,
            32.735308
          ],
          [
            -97.904691,
            32.736004
          ],
          [
            -97.904377,
            32.736967
          ],
          [
            -97.90357,
            32.736877
          ],
          [
            -97.903301,
            32.736851
          ],
          [
            -97.903007,
            32.736791
          ],
          [
            -97.902746,
            32.736722
          ],
          [
            -97.902707,
            32.736712
          ],
          [
            -97.902198,
            32.736535
          ],
          [
            -97.90121,
            32.736181
          ],
          [
            -97.90055,
            32.735959
          ],
          [
            -97.900152,
            32.73583
          ],
          [
            -97.899229,
            32.735546
          ],
          [
            -97.898867,
            32.735441
          ],
          [
            -97.898554,
            32.735377
          ],
          [
            -97.89821,
            32.735343
          ],
          [
            -97.898005,
            32.735329
          ],
          [
            -97.897945,
            32.735326
          ],
          [
            -97.897013,
            32.735359
          ],
          [
            -97.896602,
            32.735392
          ],
          [
            -97.896358,
            32.73543
          ],
          [
            -97.896284,
            32.735445
          ],
          [
            -97.896204,
            32.735462
          ],
          [
            -97.896064,
            32.735478
          ],
          [
            -97.89599,
            32.735488
          ],
          [
            -97.895923,
            32.735506
          ],
          [
            -97.895767,
            32.735537
          ],
          [
            -97.895641,
            32.735539
          ],
          [
            -97.895417,
            32.735523
          ],
          [
            -97.895292,
            32.735503
          ],
          [
            -97.894856,
            32.735433
          ],
          [
            -97.894027,
            32.735251
          ],
          [
            -97.893654,
            32.735192
          ],
          [
            -97.893436,
            32.735178
          ],
          [
            -97.89321,
            32.735191
          ],
          [
            -97.892883,
            32.735214
          ],
          [
            -97.892511,
            32.735154
          ],
          [
            -97.892449,
            32.735143
          ],
          [
            -97.892431,
            32.735141
          ],
          [
            -97.892263,
            32.735121
          ],
          [
            -97.892201,
            32.735114
          ],
          [
            -97.892134,
            32.735106
          ],
          [
            -97.891982,
            32.735101
          ],
          [
            -97.89169,
            32.7351
          ],
          [
            -97.891551,
            32.735112
          ],
          [
            -97.89143,
            32.735141
          ],
          [
            -97.891371,
            32.735162
          ],
          [
            -97.891262,
            32.735214
          ],
          [
            -97.891209,
            32.735249
          ],
          [
            -97.891114,
            32.735331
          ],
          [
            -97.891075,
            32.735377
          ],
          [
            -97.891041,
            32.735426
          ],
          [
            -97.891013,
            32.735477
          ],
          [
            -97.890995,
            32.73553
          ],
          [
            -97.890974,
            32.73559
          ],
          [
            -97.890827,
            32.735937
          ],
          [
            -97.890556,
            32.73658
          ],
          [
            -97.890433,
            32.736856
          ],
          [
            -97.890284,
            32.737164
          ],
          [
            -97.890186,
            32.737335
          ],
          [
            -97.890088,
            32.737493
          ],
          [
            -97.890002,
            32.737593
          ],
          [
            -97.889798,
            32.737793
          ],
          [
            -97.889547,
            32.738013
          ],
          [
            -97.889448,
            32.738113
          ],
          [
            -97.889161,
            32.738372
          ],
          [
            -97.88896,
            32.738544
          ],
          [
            -97.888778,
            32.738683
          ],
          [
            -97.888152,
            32.739036
          ],
          [
            -97.887753,
            32.739292
          ],
          [
            -97.887099,
            32.739719
          ],
          [
            -97.886818,
            32.739904
          ],
          [
            -97.886693,
            32.739968
          ],
          [
            -97.886436,
            32.740077
          ],
          [
            -97.886226,
            32.740126
          ],
          [
            -97.885716,
            32.740164
          ],
          [
            -97.885376,
            32.740182
          ],
          [
            -97.885307,
            32.740193
          ],
          [
            -97.885227,
            32.74022
          ],
          [
            -97.885089,
            32.740284
          ],
          [
            -97.884255,
            32.740672
          ],
          [
            -97.88414,
            32.740726
          ],
          [
            -97.884024,
            32.740776
          ],
          [
            -97.883975,
            32.740794
          ],
          [
            -97.883942,
            32.740813
          ],
          [
            -97.883907,
            32.740828
          ],
          [
            -97.883087,
            32.741165
          ],
          [
            -97.882622,
            32.741438
          ],
          [
            -97.882484,
            32.741543
          ],
          [
            -97.882189,
            32.741772
          ],
          [
            -97.881499,
            32.742566
          ],
          [
            -97.881441,
            32.742678
          ],
          [
            -97.881426,
            32.742746
          ],
          [
            -97.881414,
            32.743141
          ],
          [
            -97.881395,
            32.743303
          ],
          [
            -97.881375,
            32.7434
          ],
          [
            -97.881341,
            32.743455
          ],
          [
            -97.881289,
            32.743504
          ],
          [
            -97.881252,
            32.743524
          ],
          [
            -97.880933,
            32.743648
          ],
          [
            -97.8804,
            32.743831
          ],
          [
            -97.879532,
            32.744146
          ],
          [
            -97.879355,
            32.74421
          ],
          [
            -97.878834,
            32.744401
          ],
          [
            -97.878464,
            32.744538
          ],
          [
            -97.87819,
            32.74465
          ],
          [
            -97.878039,
            32.744717
          ],
          [
            -97.877836,
            32.744819
          ],
          [
            -97.877436,
            32.745031
          ],
          [
            -97.877311,
            32.745093
          ],
          [
            -97.877117,
            32.745188
          ],
          [
            -97.876904,
            32.745299
          ],
          [
            -97.876794,
            32.745348
          ],
          [
            -97.876701,
            32.745381
          ],
          [
            -97.876605,
            32.74541
          ],
          [
            -97.876417,
            32.745452
          ],
          [
            -97.876211,
            32.74548
          ],
          [
            -97.876021,
            32.745481
          ],
          [
            -97.875641,
            32.745461
          ],
          [
            -97.875546,
            32.745461
          ],
          [
            -97.875106,
            32.745481
          ],
          [
            -97.874806,
            32.745507
          ],
          [
            -97.874702,
            32.745523
          ],
          [
            -97.874578,
            32.745553
          ],
          [
            -97.874457,
            32.74559
          ],
          [
            -97.874264,
            32.745666
          ],
          [
            -97.874091,
            32.745747
          ],
          [
            -97.874014,
            32.745788
          ],
          [
            -97.87395,
            32.745833
          ],
          [
            -97.87389,
            32.745882
          ],
          [
            -97.873776,
            32.745986
          ],
          [
            -97.873671,
            32.746068
          ],
          [
            -97.873637,
            32.746096
          ],
          [
            -97.873514,
            32.746184
          ],
          [
            -97.8734,
            32.746244
          ],
          [
            -97.873252,
            32.746304
          ],
          [
            -97.873135,
            32.746337
          ],
          [
            -97.873018,
            32.746361
          ],
          [
            -97.872776,
            32.746386
          ],
          [
            -97.872565,
            32.746425
          ],
          [
            -97.872325,
            32.74647
          ],
          [
            -97.871936,
            32.74656
          ],
          [
            -97.871863,
            32.746577
          ],
          [
            -97.871731,
            32.746622
          ],
          [
            -97.871438,
            32.746831
          ],
          [
            -97.871252,
            32.746974
          ],
          [
            -97.871221,
            32.746999
          ],
          [
            -97.871032,
            32.747156
          ],
          [
            -97.870861,
            32.747311
          ],
          [
            -97.870715,
            32.747465
          ],
          [
            -97.870541,
            32.747673
          ],
          [
            -97.870306,
            32.747966
          ],
          [
            -97.870219,
            32.748058
          ],
          [
            -97.870121,
            32.74815
          ],
          [
            -97.870008,
            32.748241
          ],
          [
            -97.869963,
            32.748279
          ],
          [
            -97.869842,
            32.748363
          ],
          [
            -97.869706,
            32.748444
          ],
          [
            -97.86961,
            32.748486
          ],
          [
            -97.869492,
            32.748529
          ],
          [
            -97.869343,
            32.748583
          ],
          [
            -97.868999,
            32.748683
          ],
          [
            -97.867462,
            32.749097
          ],
          [
            -97.866687,
            32.749318
          ],
          [
            -97.866458,
            32.749372
          ],
          [
            -97.866382,
            32.749386
          ],
          [
            -97.866306,
            32.749395
          ],
          [
            -97.865921,
            32.749408
          ],
          [
            -97.865584,
            32.749406
          ],
          [
            -97.865231,
            32.749399
          ],
          [
            -97.863515,
            32.749388
          ],
          [
            -97.861228,
            32.749379
          ]
        ]
      },
      "properties": {
        "LINEARID": "110416453477",
        "FULLNAME": "Ellis Dr",
        "RTTYP": "M",
        "MTFCC": "S1400",
        "traffic": {
          "aadt": 96,
          "dhv30": 14,
          "aadtYear": 2019,
          "locationId": "184CR108B",
          "locatedOn": "-"
        }
      }
    },
    {
      "type": "Feature",
      "geometry": {
        "type": "LineString",
        "coordinates": [
          [
            -98.064331,
            32.638841
          ],
          [
            -98.064315,
            32.638857
          ],
          [
            -98.063827,
            32.639303
          ],
          [
            -98.062314,
            32.640689
          ],
          [
            -98.06183,
            32.641134
          ],
          [
            -98.06181,
            32.641152
          ],
          [
            -98.059984,
            32.64285
          ],
          [
            -98.059357,
            32.643428
          ],
          [
            -98.058023,
            32.644661
          ],
          [
            -98.056469,
            32.646093
          ],
          [
            -98.05586,
            32.646654
          ],
          [
            -98.051983,
            32.650241
          ],
          [
            -98.051259,
            32.650912
          ],
          [
            -98.050952,
            32.651196
          ],
          [
            -98.050612,
            32.6515
          ],
          [
            -98.049532,
            32.652519
          ],
          [
            -98.048665,
            32.653301
          ],
          [
            -98.048143,
            32.653774
          ],
          [
            -98.047467,
            32.654384
          ],
          [
            -98.047204,
            32.65461
          ],
          [
            -98.046323,
            32.655446
          ],
          [
            -98.046082,
            32.655664
          ],
          [
            -98.045524,
            32.656171
          ],
          [
            -98.045278,
            32.656408
          ],
          [
            -98.045226,
            32.656457
          ],
          [
            -98.045162,
            32.656516
          ],
          [
            -98.044971,
            32.656695
          ],
          [
            -98.044908,
            32.656756
          ],
          [
            -98.044865,
            32.656796
          ],
          [
            -98.044827,
            32.65683
          ],
          [
            -98.044582,
            32.657051
          ],
          [
            -98.044501,
            32.657125
          ],
          [
            -98.043964,
            32.657611
          ],
          [
            -98.043878,
            32.65768
          ],
          [
            -98.042691,
            32.658652
          ],
          [
            -98.041909,
            32.65923
          ],
          [
            -98.041238,
            32.659728
          ],
          [
            -98.041134,
            32.659805
          ],
          [
            -98.041026,
            32.659878
          ],
          [
            -98.040385,
            32.660317
          ],
          [
            -98.040172,
            32.660466
          ],
          [
            -98.040002,
            32.660583
          ],
          [
            -98.038675,
            32.661465
          ],
          [
            -98.037722,
            32.6621
          ],
          [
            -98.036284,
            32.663067
          ],
          [
            -98.034513,
            32.664243
          ],
          [
            -98.034184,
            32.664461
          ],
          [
            -98.032686,
            32.665457
          ],
          [
            -98.032611,
            32.665506
          ],
          [
            -98.032527,
            32.665563
          ],
          [
            -98.03239,
            32.665658
          ],
          [
            -98.032317,
            32.665711
          ],
          [
            -98.032268,
            32.665745
          ],
          [
            -98.032176,
            32.66581
          ],
          [
            -98.032119,
            32.665847
          ],
          [
            -98.03207,
            32.66588
          ],
          [
            -98.031641,
            32.66616
          ],
          [
            -98.03106,
            32.66655
          ],
          [
            -98.028231,
            32.668451
          ],
          [
            -98.02804,
            32.668573
          ],
          [
            -98.02795,
            32.668631
          ],
          [
            -98.02737,
            32.66903
          ],
          [
            -98.027036,
            32.669251
          ],
          [
            -98.026836,
            32.669383
          ],
          [
            -98.026237,
            32.669779
          ],
          [
            -98.026038,
            32.669912
          ],
          [
            -98.025399,
            32.670338
          ],
          [
            -98.025226,
            32.670454
          ],
          [
            -98.024264,
            32.671108
          ],
          [
            -98.023488,
            32.671622
          ],
          [
            -98.022849,
            32.672048
          ],
          [
            -98.022326,
            32.672411
          ],
          [
            -98.021045,
            32.673263
          ],
          [
            -98.020266,
            32.673774
          ],
          [
            -98.019371,
            32.674377
          ],
          [
            -98.018244,
            32.67514
          ],
          [
            -98.015868,
            32.676723
          ],
          [
            -98.014732,
            32.677473
          ],
          [
            -98.013961,
            32.678001
          ],
          [
            -98.012493,
            32.678956
          ],
          [
            -98.01129,
            32.679789
          ],
          [
            -98.00961,
            32.680904
          ],
          [
            -98.00957,
            32.680931
          ],
          [
            -98.007541,
            32.68231
          ],
          [
            -98.005251,
            32.683829
          ],
          [
            -98.005062,
            32.683965
          ],
          [
            -98.004899,
            32.684074
          ],
          [
            -98.004123,
            32.684592
          ],
          [
            -98.003109,
            32.685276
          ],
          [
            -98.00233,
            32.685772
          ],
          [
            -98.001622,
            32.686267
          ],
          [
            -98.000985,
            32.686621
          ],
          [
            -98.000466,
            32.686975
          ],
          [
            -97.999853,
            32.687329
          ],
          [
            -97.999075,
            32.687683
          ],
          [
            -97.998107,
            32.688107
          ],
          [
            -97.996314,
            32.688768
          ],
          [
            -97.992752,
            32.689995
          ],
          [
            -97.989903,
            32.690974
          ],
          [
            -97.988662,
            32.691415
          ],
          [
            -97.987034,
            32.691977
          ],
          [
            -97.986521,
            32.692165
          ],
          [
            -97.985381,
            32.692542
          ],
          [
            -97.983684,
            32.69315
          ],
          [
            -97.983427,
            32.693235
          ],
          [
            -97.982177,
            32.693671
          ],
          [
            -97.980589,
            32.694234
          ],
          [
            -97.978894,
            32.694814
          ],
          [
            -97.977239,
            32.6954
          ],
          [
            -97.977144,
            32.695434
          ],
          [
            -97.975735,
            32.695935
          ],
          [
            -97.975198,
            32.696119
          ],
          [
            -97.973205,
            32.696817
          ],
          [
            -97.972568,
            32.697024
          ],
          [
            -97.96964,
            32.698058
          ],
          [
            -97.969138,
            32.698237
          ],
          [
            -97.968118,
            32.698601
          ],
          [
            -97.967628,
            32.698762
          ],
          [
            -97.96735,
            32.698855
          ],
          [
            -97.967124,
            32.698933
          ],
          [
            -97.966735,
            32.699066
          ],
          [
            -97.965947,
            32.699339
          ],
          [
            -97.96242,
            32.700564
          ],
          [
            -97.961245,
            32.700974
          ],
          [
            -97.961058,
            32.701037
          ],
          [
            -97.960686,
            32.701168
          ],
          [
            -97.960499,
            32.701239
          ],
          [
            -97.960315,
            32.70131
          ],
          [
            -97.960118,
            32.701378
          ],
          [
            -97.959528,
            32.701585
          ],
          [
            -97.959332,
            32.701655
          ],
          [
            -97.958823,
            32.701833
          ],
          [
            -97.957686,
            32.702233
          ],
          [
            -97.957295,
            32.702367
          ],
          [
            -97.956786,
            32.702544
          ],
          [
            -97.956254,
            32.702728
          ],
          [
            -97.95395,
            32.703543
          ],
          [
            -97.953325,
            32.703764
          ],
          [
            -97.947021,
            32.70595
          ],
          [
            -97.944003,
            32.707027
          ],
          [
            -97.942516,
            32.70753
          ],
          [
            -97.939634,
            32.708524
          ],
          [
            -97.937252,
            32.709361
          ],
          [
            -97.936006,
            32.709792
          ],
          [
            -97.935519,
            32.709972
          ],
          [
            -97.935496,
            32.709981
          ],
          [
            -97.934791,
            32.710228
          ],
          [
            -97.933656,
            32.710619
          ],
          [
            -97.933011,
            32.710844
          ],
          [
            -97.930518,
            32.71172
          ],
          [
            -97.927381,
            32.712798
          ],
          [
            -97.92709,
            32.7129
          ],
          [
            -97.926663,
            32.713045
          ],
          [
            -97.925332,
            32.713529
          ],
          [
            -97.925279,
            32.713547
          ],
          [
            -97.923841,
            32.714041
          ],
          [
            -97.920407,
            32.715244
          ],
          [
            -97.918716,
            32.715849
          ],
          [
            -97.917044,
            32.716433
          ],
          [
            -97.915373,
            32.717009
          ],
          [
            -97.914894,
            32.717163
          ],
          [
            -97.913705,
            32.71756
          ],
          [
            -97.913307,
            32.717673
          ],
          [
            -97.912939,
            32.717766
          ],
          [
            -97.912339,
            32.717909
          ],
          [
            -97.911681,
            32.718043
          ],
          [
            -97.911175,
            32.718133
          ],
          [
            -97.910571,
            32.718229
          ],
          [
            -97.907778,
            32.718611
          ],
          [
            -97.906464,
            32.718807
          ],
          [
            -97.904915,
            32.719011
          ],
          [
            -97.904168,
            32.719115
          ],
          [
            -97.903675,
            32.719202
          ],
          [
            -97.90346,
            32.719247
          ],
          [
            -97.902576,
            32.719445
          ],
          [
            -97.902512,
            32.719462
          ],
          [
            -97.90212,
            32.719573
          ],
          [
            -97.90183,
            32.719677
          ],
          [
            -97.901532,
            32.719777
          ],
          [
            -97.90124,
            32.719888
          ],
          [
            -97.900897,
            32.720027
          ],
          [
            -97.900042,
            32.720394
          ],
          [
            -97.899211,
            32.720765
          ],
          [
            -97.897924,
            32.721344
          ],
          [
            -97.896481,
            32.721984
          ],
          [
            -97.895814,
            32.722273
          ],
          [
            -97.895007,
            32.722651
          ],
          [
            -97.894639,
            32.722816
          ],
          [
            -97.894593,
            32.722837
          ],
          [
            -97.89375,
            32.723205
          ],
          [
            -97.893541,
            32.723298
          ],
          [
            -97.892097,
            32.723951
          ],
          [
            -97.891233,
            32.724334
          ],
          [
            -97.890619,
            32.724607
          ],
          [
            -97.890395,
            32.724712
          ],
          [
            -97.889603,
            32.725061
          ],
          [
            -97.889335,
            32.725167
          ],
          [
            -97.888899,
            32.725343
          ],
          [
            -97.888544,
            32.725477
          ],
          [
            -97.888186,
            32.725607
          ],
          [
            -97.887812,
            32.725737
          ],
          [
            -97.887223,
            32.725929
          ],
          [
            -97.88701,
            32.725994
          ],
          [
            -97.886541,
            32.726119
          ],
          [
            -97.886049,
            32.726236
          ],
          [
            -97.885325,
            32.726413
          ],
          [
            -97.884926,
            32.726499
          ],
          [
            -97.884799,
            32.726495
          ],
          [
            -97.884458,
            32.726515
          ],
          [
            -97.884145,
            32.726554
          ],
          [
            -97.883515,
            32.726634
          ],
          [
            -97.883168,
            32.726667
          ],
          [
            -97.882783,
            32.726697
          ],
          [
            -97.882398,
            32.726721
          ],
          [
            -97.881803,
            32.726747
          ],
          [
            -97.881627,
            32.726756
          ],
          [
            -97.88102,
            32.726772
          ],
          [
            -97.880839,
            32.726776
          ],
          [
            -97.880765,
            32.726779
          ],
          [
            -97.880296,
            32.726785
          ],
          [
            -97.880221,
            32.726786
          ],
          [
            -97.880116,
            32.726788
          ],
          [
            -97.879989,
            32.726788
          ],
          [
            -97.879607,
            32.726791
          ],
          [
            -97.879481,
            32.726793
          ],
          [
            -97.878617,
            32.726799
          ],
          [
            -97.876025,
            32.726821
          ],
          [
            -97.875971,
            32.726822
          ],
          [
            -97.875162,
            32.726848
          ],
          [
            -97.875007,
            32.726852
          ],
          [
            -97.874745,
            32.726861
          ],
          [
            -97.874544,
            32.72688
          ],
          [
            -97.874391,
            32.726895
          ],
          [
            -97.874273,
            32.726905
          ],
          [
            -97.873919,
            32.726934
          ],
          [
            -97.873801,
            32.726945
          ],
          [
            -97.873697,
            32.726954
          ],
          [
            -97.872876,
            32.727063
          ],
          [
            -97.872233,
            32.727157
          ],
          [
            -97.871748,
            32.727228
          ],
          [
            -97.87131,
            32.7273
          ],
          [
            -97.871263,
            32.727307
          ],
          [
            -97.871199,
            32.727318
          ],
          [
            -97.871123,
            32.727338
          ],
          [
            -97.871078,
            32.727351
          ],
          [
            -97.870052,
            32.727511
          ],
          [
            -97.86959,
            32.727584
          ],
          [
            -97.869077,
            32.727664
          ],
          [
            -97.868407,
            32.727763
          ],
          [
            -97.867712,
            32.727865
          ],
          [
            -97.866972,
            32.727977
          ],
          [
            -97.866683,
            32.728021
          ],
          [
            -97.866339,
            32.728065
          ],
          [
            -97.865943,
            32.728105
          ],
          [
            -97.865874,
            32.728112
          ],
          [
            -97.865485,
            32.728142
          ],
          [
            -97.865096,
            32.728164
          ],
          [
            -97.864726,
            32.728179
          ],
          [
            -97.86471,
            32.728178
          ],
          [
            -97.863984,
            32.728191
          ],
          [
            -97.862986,
            32.728194
          ],
          [
            -97.862369,
            32.728194
          ],
          [
            -97.861007,
            32.728194
          ],
          [
            -97.860251,
            32.728194
          ],
          [
            -97.859773,
            32.728197
          ],
          [
            -97.859728,
            32.728197
          ],
          [
            -97.859642,
            32.728198
          ],
          [
            -97.859593,
            32.728198
          ],
          [
            -97.859549,
            32.728199
          ],
          [
            -97.858578,
            32.728206
          ],
          [
            -97.856528,
            32.728199
          ],
          [
            -97.85239,
            32.728227
          ],
          [
            -97.85181,
            32.728229
          ],
          [
            -97.850124,
            32.728234
          ],
          [
            -97.850046,
            32.728234
          ],
          [
            -97.849913,
            32.728237
          ],
          [
            -97.849616,
            32.728245
          ],
          [
            -97.847987,
            32.728263
          ],
          [
            -97.846282,
            32.728274
          ],
          [
            -97.845343,
            32.728281
          ],
          [
            -97.844327,
            32.728287
          ],
          [
            -97.843053,
            32.728305
          ],
          [
            -97.842024,
            32.728326
          ],
          [
            -97.841865,
            32.728329
          ],
          [
            -97.841778,
            32.728331
          ],
          [
            -97.841389,
            32.728333
          ],
          [
            -97.841231,
            32.728335
          ],
          [
            -97.841134,
            32.728335
          ],
          [
            -97.840844,
            32.728337
          ],
          [
            -97.840748,
            32.728339
          ],
          [
            -97.840644,
            32.72834
          ],
          [
            -97.840628,
            32.72834
          ],
          [
            -97.840074,
            32.728343
          ],
          [
            -97.839939,
            32.728345
          ],
          [
            -97.838055,
            32.728364
          ],
          [
            -97.837383,
            32.728372
          ],
          [
            -97.833241,
            32.728417
          ],
          [
            -97.83265,
            32.728429
          ],
          [
            -97.831301,
            32.728444
          ],
          [
            -97.829463,
            32.728464
          ],
          [
            -97.828814,
            32.728477
          ],
          [
            -97.828735,
            32.728462
          ],
          [
            -97.828067,
            32.728467
          ],
          [
            -97.826832,
            32.728485
          ],
          [
            -97.826145,
            32.72849
          ],
          [
            -97.824016,
            32.728506
          ],
          [
            -97.82313,
            32.728518
          ],
          [
            -97.822568,
            32.728525
          ],
          [
            -97.822193,
            32.728514
          ],
          [
            -97.822037,
            32.728512
          ],
          [
            -97.821569,
            32.728491
          ],
          [
            -97.821414,
            32.728484
          ],
          [
            -97.821226,
            32.728475
          ],
          [
            -97.820681,
            32.72845
          ],
          [
            -97.820663,
            32.728448
          ],
          [
            -97.820476,
            32.728438
          ],
          [
            -97.819732,
            32.728396
          ],
          [
            -97.819396,
            32.728373
          ],
          [
            -97.818978,
            32.728338
          ],
          [
            -97.818297,
            32.72829
          ],
          [
            -97.817521,
            32.728226
          ],
          [
            -97.81691,
            32.728198
          ],
          [
            -97.816699,
            32.728184
          ],
          [
            -97.816154,
            32.728136
          ],
          [
            -97.814704,
            32.728022
          ],
          [
            -97.813711,
            32.727953
          ],
          [
            -97.812869,
            32.727904
          ],
          [
            -97.812543,
            32.727879
          ],
          [
            -97.811328,
            32.727772
          ],
          [
            -97.811246,
            32.727764
          ],
          [
            -97.811187,
            32.727757
          ],
          [
            -97.810424,
            32.727708
          ],
          [
            -97.8104,
            32.727706
          ],
          [
            -97.80909,
            32.727624
          ],
          [
            -97.808429,
            32.727587
          ],
          [
            -97.807574,
            32.727492
          ],
          [
            -97.807499,
            32.727481
          ],
          [
            -97.807448,
            32.727474
          ],
          [
            -97.807074,
            32.727432
          ],
          [
            -97.806326,
            32.727381
          ],
          [
            -97.805579,
            32.727325
          ],
          [
            -97.804296,
            32.727216
          ],
          [
            -97.803966,
            32.727191
          ],
          [
            -97.803325,
            32.727142
          ],
          [
            -97.803131,
            32.727131
          ],
          [
            -97.802768,
            32.727117
          ],
          [
            -97.802755,
            32.727116
          ],
          [
            -97.802223,
            32.727104
          ],
          [
            -97.80169,
            32.727097
          ],
          [
            -97.801339,
            32.727098
          ],
          [
            -97.80102,
            32.727107
          ],
          [
            -97.800701,
            32.727121
          ],
          [
            -97.800033,
            32.727162
          ],
          [
            -97.799466,
            32.727206
          ],
          [
            -97.799122,
            32.727237
          ],
          [
            -97.799032,
            32.727246
          ],
          [
            -97.798114,
            32.727384
          ],
          [
            -97.797924,
            32.727422
          ],
          [
            -97.797766,
            32.727454
          ],
          [
            -97.797519,
            32.727496
          ],
          [
            -97.797356,
            32.727528
          ],
          [
            -97.797152,
            32.72757
          ],
          [
            -97.796654,
            32.727691
          ],
          [
            -97.79568,
            32.727963
          ],
          [
            -97.795125,
            32.728119
          ],
          [
            -97.794872,
            32.728189
          ],
          [
            -97.794113,
            32.7284
          ],
          [
            -97.794027,
            32.728426
          ],
          [
            -97.793861,
            32.728476
          ],
          [
            -97.793594,
            32.728537
          ],
          [
            -97.793171,
            32.72865
          ],
          [
            -97.791957,
            32.728977
          ],
          [
            -97.791112,
            32.729218
          ],
          [
            -97.790822,
            32.729301
          ],
          [
            -97.790429,
            32.729418
          ],
          [
            -97.790256,
            32.729467
          ],
          [
            -97.790081,
            32.729521
          ],
          [
            -97.789737,
            32.72961
          ],
          [
            -97.789564,
            32.729656
          ],
          [
            -97.789386,
            32.729703
          ],
          [
            -97.786868,
            32.730371
          ],
          [
            -97.785902,
            32.730568
          ],
          [
            -97.784509,
            32.730861
          ],
          [
            -97.780057,
            32.731761
          ],
          [
            -97.779554,
            32.731864
          ],
          [
            -97.778769,
            32.732025
          ],
          [
            -97.778126,
            32.732161
          ],
          [
            -97.77676,
            32.732465
          ],
          [
            -97.776401,
            32.732555
          ],
          [
            -97.776111,
            32.732636
          ],
          [
            -97.775824,
            32.732722
          ],
          [
            -97.775253,
            32.732902
          ],
          [
            -97.77476,
            32.733064
          ],
          [
            -97.77427,
            32.733234
          ],
          [
            -97.774203,
            32.733258
          ],
          [
            -97.773394,
            32.733544
          ],
          [
            -97.772021,
            32.73403
          ],
          [
            -97.770751,
            32.734487
          ],
          [
            -97.769484,
            32.73495
          ],
          [
            -97.768364,
            32.735348
          ],
          [
            -97.765262,
            32.736461
          ],
          [
            -97.76311,
            32.737234
          ],
          [
            -97.762914,
            32.737304
          ],
          [
            -97.760443,
            32.73817
          ],
          [
            -97.759657,
            32.738474
          ],
          [
            -97.759317,
            32.738606
          ],
          [
            -97.758751,
            32.73879
          ],
          [
            -97.758079,
            32.739021
          ],
          [
            -97.757733,
            32.73914
          ],
          [
            -97.757523,
            32.739215
          ],
          [
            -97.756615,
            32.739544
          ],
          [
            -97.755863,
            32.739818
          ],
          [
            -97.75531,
            32.74002
          ],
          [
            -97.755238,
            32.740046
          ],
          [
            -97.755021,
            32.740124
          ],
          [
            -97.75495,
            32.740151
          ],
          [
            -97.75399,
            32.740499
          ],
          [
            -97.751974,
            32.741236
          ],
          [
            -97.75111,
            32.741549
          ],
          [
            -97.750151,
            32.741901
          ],
          [
            -97.749912,
            32.741988
          ],
          [
            -97.749196,
            32.742247
          ],
          [
            -97.748958,
            32.742336
          ],
          [
            -97.748918,
            32.742342
          ],
          [
            -97.748824,
            32.742357
          ],
          [
            -97.7488,
            32.742364
          ],
          [
            -97.748763,
            32.742378
          ],
          [
            -97.74833,
            32.742527
          ],
          [
            -97.74822,
            32.742567
          ],
          [
            -97.747065,
            32.742992
          ],
          [
            -97.746597,
            32.743152
          ],
          [
            -97.746182,
            32.743295
          ],
          [
            -97.746103,
            32.743327
          ],
          [
            -97.746056,
            32.743345
          ],
          [
            -97.746006,
            32.743364
          ],
          [
            -97.745613,
            32.743505
          ],
          [
            -97.745073,
            32.743702
          ],
          [
            -97.744506,
            32.7439
          ],
          [
            -97.744281,
            32.743976
          ],
          [
            -97.743836,
            32.744128
          ],
          [
            -97.743105,
            32.744377
          ],
          [
            -97.74291,
            32.744439
          ],
          [
            -97.742687,
            32.744514
          ],
          [
            -97.742011,
            32.744719
          ],
          [
            -97.741241,
            32.744931
          ],
          [
            -97.74009,
            32.74523
          ],
          [
            -97.739263,
            32.745446
          ],
          [
            -97.739159,
            32.745508
          ],
          [
            -97.73878,
            32.745593
          ],
          [
            -97.738693,
            32.745615
          ],
          [
            -97.737657,
            32.7459
          ],
          [
            -97.737284,
            32.746004
          ],
          [
            -97.736808,
            32.746135
          ],
          [
            -97.736639,
            32.746182
          ],
          [
            -97.735379,
            32.746518
          ],
          [
            -97.734903,
            32.746646
          ],
          [
            -97.733653,
            32.74698
          ],
          [
            -97.731643,
            32.747518
          ],
          [
            -97.729906,
            32.747995
          ],
          [
            -97.728709,
            32.748324
          ],
          [
            -97.728659,
            32.748338
          ],
          [
            -97.728607,
            32.748351
          ],
          [
            -97.72822,
            32.748444
          ],
          [
            -97.727828,
            32.748541
          ],
          [
            -97.726916,
            32.748814
          ],
          [
            -97.726517,
            32.748935
          ],
          [
            -97.726484,
            32.748944
          ],
          [
            -97.725683,
            32.749153
          ],
          [
            -97.723685,
            32.749677
          ],
          [
            -97.723358,
            32.749763
          ],
          [
            -97.723282,
            32.749784
          ],
          [
            -97.722488,
            32.750014
          ],
          [
            -97.722023,
            32.750148
          ],
          [
            -97.721507,
            32.750282
          ],
          [
            -97.721321,
            32.75033
          ],
          [
            -97.720288,
            32.750598
          ],
          [
            -97.717993,
            32.751231
          ],
          [
            -97.717822,
            32.751274
          ],
          [
            -97.717259,
            32.751417
          ],
          [
            -97.716653,
            32.75158
          ],
          [
            -97.714816,
            32.75208
          ],
          [
            -97.714463,
            32.752177
          ],
          [
            -97.713412,
            32.752464
          ],
          [
            -97.711703,
            32.752926
          ],
          [
            -97.710062,
            32.753356
          ],
          [
            -97.709302,
            32.753566
          ],
          [
            -97.708464,
            32.7538
          ],
          [
            -97.707658,
            32.754013
          ],
          [
            -97.707465,
            32.754063
          ],
          [
            -97.706874,
            32.754212
          ],
          [
            -97.706588,
            32.754291
          ],
          [
            -97.705885,
            32.754486
          ],
          [
            -97.704931,
            32.75472
          ],
          [
            -97.703944,
            32.754913
          ],
          [
            -97.703591,
            32.754983
          ],
          [
            -97.70307,
            32.755081
          ],
          [
            -97.703055,
            32.755082
          ],
          [
            -97.7029,
            32.755097
          ],
          [
            -97.702436,
            32.755141
          ],
          [
            -97.702282,
            32.755157
          ],
          [
            -97.701668,
            32.755208
          ],
          [
            -97.701625,
            32.755209
          ],
          [
            -97.700718,
            32.75525
          ],
          [
            -97.700209,
            32.755251
          ],
          [
            -97.699648,
            32.755252
          ],
          [
            -97.69942,
            32.755253
          ],
          [
            -97.69899,
            32.755242
          ],
          [
            -97.698617,
            32.755215
          ],
          [
            -97.697929,
            32.75517
          ],
          [
            -97.697504,
            32.755113
          ],
          [
            -97.697135,
            32.755065
          ],
          [
            -97.69681,
            32.755022
          ],
          [
            -97.696233,
            32.754928
          ],
          [
            -97.695967,
            32.75487
          ],
          [
            -97.695625,
            32.754795
          ],
          [
            -97.695264,
            32.754728
          ],
          [
            -97.694881,
            32.754639
          ],
          [
            -97.694205,
            32.754463
          ],
          [
            -97.691466,
            32.753745
          ],
          [
            -97.687371,
            32.752624
          ],
          [
            -97.686295,
            32.752326
          ],
          [
            -97.685481,
            32.752092
          ],
          [
            -97.684718,
            32.751868
          ],
          [
            -97.684413,
            32.751771
          ],
          [
            -97.684072,
            32.751672
          ],
          [
            -97.682537,
            32.751139
          ],
          [
            -97.682078,
            32.750971
          ],
          [
            -97.6815,
            32.750758
          ],
          [
            -97.680712,
            32.750469
          ],
          [
            -97.67964,
            32.750009
          ],
          [
            -97.67955,
            32.749969
          ],
          [
            -97.679281,
            32.749854
          ],
          [
            -97.679192,
            32.749817
          ],
          [
            -97.678726,
            32.749617
          ],
          [
            -97.678698,
            32.749605
          ],
          [
            -97.677793,
            32.749233
          ],
          [
            -97.677348,
            32.74903
          ],
          [
            -97.677327,
            32.74902
          ],
          [
            -97.676862,
            32.748819
          ],
          [
            -97.676645,
            32.748725
          ],
          [
            -97.675995,
            32.748443
          ],
          [
            -97.675779,
            32.748349
          ],
          [
            -97.675415,
            32.748191
          ],
          [
            -97.674325,
            32.747718
          ],
          [
            -97.67409,
            32.747617
          ],
          [
            -97.673978,
            32.747569
          ],
          [
            -97.673964,
            32.747559
          ],
          [
            -97.673939,
            32.747549
          ],
          [
            -97.673914,
            32.74754
          ],
          [
            -97.673871,
            32.747522
          ],
          [
            -97.673745,
            32.747474
          ],
          [
            -97.673316,
            32.747287
          ],
          [
            -97.672476,
            32.746927
          ],
          [
            -97.67194,
            32.746707
          ],
          [
            -97.671894,
            32.746693
          ],
          [
            -97.671851,
            32.746676
          ],
          [
            -97.670867,
            32.746282
          ],
          [
            -97.670658,
            32.746203
          ],
          [
            -97.66972,
            32.745871
          ],
          [
            -97.668386,
            32.745441
          ],
          [
            -97.66688,
            32.744923
          ],
          [
            -97.666577,
            32.744806
          ],
          [
            -97.66645,
            32.744763
          ],
          [
            -97.665991,
            32.744594
          ],
          [
            -97.665833,
            32.744543
          ],
          [
            -97.664319,
            32.744052
          ],
          [
            -97.662713,
            32.743513
          ],
          [
            -97.66109,
            32.742931
          ],
          [
            -97.659423,
            32.742382
          ],
          [
            -97.65896,
            32.742223
          ],
          [
            -97.658685,
            32.742138
          ],
          [
            -97.658051,
            32.741927
          ],
          [
            -97.65724,
            32.741647
          ],
          [
            -97.65719,
            32.74163
          ],
          [
            -97.65617,
            32.741288
          ],
          [
            -97.655874,
            32.741201
          ],
          [
            -97.655021,
            32.740962
          ],
          [
            -97.65491,
            32.740931
          ],
          [
            -97.65478,
            32.740895
          ],
          [
            -97.653954,
            32.740669
          ],
          [
            -97.653813,
            32.740625
          ],
          [
            -97.653583,
            32.74056
          ],
          [
            -97.652469,
            32.740245
          ],
          [
            -97.652257,
            32.740186
          ],
          [
            -97.652098,
            32.74014
          ],
          [
            -97.650831,
            32.739773
          ],
          [
            -97.649371,
            32.73935
          ],
          [
            -97.648648,
            32.739157
          ],
          [
            -97.647935,
            32.738946
          ],
          [
            -97.647287,
            32.738769
          ],
          [
            -97.647026,
            32.738692
          ],
          [
            -97.646258,
            32.738469
          ],
          [
            -97.645758,
            32.738335
          ],
          [
            -97.645623,
            32.738298
          ],
          [
            -97.645439,
            32.738249
          ],
          [
            -97.645378,
            32.738237
          ],
          [
            -97.64522,
            32.738191
          ],
          [
            -97.645087,
            32.738153
          ],
          [
            -97.643553,
            32.737712
          ],
          [
            -97.642624,
            32.73745
          ],
          [
            -97.639845,
            32.736666
          ],
          [
            -97.638725,
            32.736352
          ],
          [
            -97.637782,
            32.736099
          ],
          [
            -97.637549,
            32.736037
          ],
          [
            -97.63744,
            32.735999
          ],
          [
            -97.63693,
            32.735843
          ],
          [
            -97.636548,
            32.735738
          ],
          [
            -97.635565,
            32.735441
          ],
          [
            -97.635235,
            32.735349
          ],
          [
            -97.632945,
            32.734724
          ],
          [
            -97.632765,
            32.734675
          ],
          [
            -97.632656,
            32.734645
          ],
          [
            -97.6326,
            32.734629
          ],
          [
            -97.631382,
            32.734273
          ],
          [
            -97.629021,
            32.733584
          ],
          [
            -97.628022,
            32.733289
          ],
          [
            -97.627961,
            32.733277
          ],
          [
            -97.627915,
            32.733259
          ],
          [
            -97.627234,
            32.733068
          ],
          [
            -97.626364,
            32.732824
          ],
          [
            -97.625848,
            32.732679
          ],
          [
            -97.625525,
            32.732589
          ],
          [
            -97.625441,
            32.732562
          ],
          [
            -97.625,
            32.732431
          ],
          [
            -97.623943,
            32.732138
          ],
          [
            -97.623044,
            32.731906
          ],
          [
            -97.622827,
            32.731855
          ],
          [
            -97.62228,
            32.731729
          ],
          [
            -97.621782,
            32.731636
          ],
          [
            -97.620249,
            32.731419
          ],
          [
            -97.618445,
            32.73121
          ],
          [
            -97.616885,
            32.731042
          ],
          [
            -97.616427,
            32.730984
          ],
          [
            -97.615318,
            32.730845
          ],
          [
            -97.61471,
            32.730776
          ],
          [
            -97.614596,
            32.730763
          ],
          [
            -97.613515,
            32.73064
          ],
          [
            -97.612564,
            32.730533
          ],
          [
            -97.612134,
            32.730485
          ],
          [
            -97.612047,
            32.730472
          ],
          [
            -97.610616,
            32.730302
          ],
          [
            -97.610406,
            32.730275
          ],
          [
            -97.609322,
            32.730133
          ],
          [
            -97.609201,
            32.730117
          ],
          [
            -97.607844,
            32.729955
          ],
          [
            -97.607211,
            32.729884
          ],
          [
            -97.606213,
            32.729777
          ],
          [
            -97.601346,
            32.729214
          ],
          [
            -97.600064,
            32.729034
          ],
          [
            -97.599834,
            32.729014
          ],
          [
            -97.599544,
            32.728987
          ],
          [
            -97.598222,
            32.728834
          ],
          [
            -97.59762,
            32.728757
          ],
          [
            -97.596117,
            32.728566
          ],
          [
            -97.596086,
            32.728562
          ],
          [
            -97.59521,
            32.72846
          ],
          [
            -97.594811,
            32.728404
          ],
          [
            -97.592372,
            32.728128
          ],
          [
            -97.591604,
            32.728042
          ],
          [
            -97.590099,
            32.727873
          ],
          [
            -97.589193,
            32.727693
          ],
          [
            -97.588249,
            32.727465
          ],
          [
            -97.588145,
            32.72744
          ],
          [
            -97.587873,
            32.727362
          ],
          [
            -97.587283,
            32.727182
          ],
          [
            -97.587146,
            32.72713
          ],
          [
            -97.586575,
            32.726941
          ],
          [
            -97.585874,
            32.726708
          ],
          [
            -97.585292,
            32.726502
          ],
          [
            -97.58287,
            32.725631
          ],
          [
            -97.581088,
            32.72499
          ],
          [
            -97.580694,
            32.724942
          ],
          [
            -97.579794,
            32.724717
          ],
          [
            -97.57903,
            32.724558
          ],
          [
            -97.578573,
            32.724471
          ],
          [
            -97.578497,
            32.724457
          ],
          [
            -97.577933,
            32.724358
          ],
          [
            -97.576864,
            32.724182
          ],
          [
            -97.576032,
            32.724033
          ],
          [
            -97.575282,
            32.723898
          ],
          [
            -97.57417,
            32.723723
          ],
          [
            -97.573383,
            32.723572
          ],
          [
            -97.57299,
            32.723482
          ],
          [
            -97.572516,
            32.723356
          ],
          [
            -97.571969,
            32.72318
          ],
          [
            -97.571303,
            32.722925
          ],
          [
            -97.570914,
            32.722739
          ],
          [
            -97.570792,
            32.722676
          ],
          [
            -97.570603,
            32.722579
          ],
          [
            -97.56999,
            32.722225
          ],
          [
            -97.569532,
            32.721919
          ],
          [
            -97.569217,
            32.721698
          ],
          [
            -97.56884,
            32.721388
          ],
          [
            -97.568677,
            32.721231
          ],
          [
            -97.568618,
            32.721184
          ],
          [
            -97.568597,
            32.721165
          ],
          [
            -97.568496,
            32.721058
          ],
          [
            -97.568403,
            32.720959
          ],
          [
            -97.568379,
            32.720934
          ],
          [
            -97.568131,
            32.720684
          ],
          [
            -97.568009,
            32.720561
          ],
          [
            -97.567968,
            32.720517
          ],
          [
            -97.566386,
            32.71896
          ],
          [
            -97.565385,
            32.717955
          ],
          [
            -97.5647,
            32.71726
          ],
          [
            -97.564623,
            32.717186
          ],
          [
            -97.563674,
            32.716245
          ],
          [
            -97.561601,
            32.714188
          ],
          [
            -97.560781,
            32.713389
          ],
          [
            -97.560518,
            32.713133
          ],
          [
            -97.5595,
            32.712103
          ],
          [
            -97.559363,
            32.711972
          ],
          [
            -97.558987,
            32.711613
          ],
          [
            -97.558303,
            32.710917
          ],
          [
            -97.556924,
            32.709538
          ],
          [
            -97.556003,
            32.708629
          ],
          [
            -97.555818,
            32.708447
          ],
          [
            -97.555099,
            32.707802
          ],
          [
            -97.555062,
            32.707772
          ],
          [
            -97.553514,
            32.7065
          ],
          [
            -97.553361,
            32.706375
          ],
          [
            -97.553315,
            32.70634
          ],
          [
            -97.552856,
            32.70599
          ],
          [
            -97.552632,
            32.705819
          ],
          [
            -97.549974,
            32.703792
          ],
          [
            -97.549181,
            32.703187
          ],
          [
            -97.549086,
            32.70312
          ]
        ]
      },
      "properties": {
        "LINEARID": "1104475062629",
        "FULLNAME": "I- 20",
        "RTTYP": "I",
        "MTFCC": "S1100",
        "traffic": {
          "aadt": 8388,
          "dhv30": 660,
          "aadtYear": 2024,
          "locationId": "184CC1",
          "locatedOn": "GS0000"
        }
      }
    },
    {
      "type": "Feature",
      "geometry": {
        "type": "LineString",
        "coordinates": [
          [
            -97.980335,
            32.694689
          ],
          [
            -97.980295,
            32.694772
          ],
          [
            -97.980216,
            32.694941
          ],
          [
            -97.980167,
            32.695017
          ],
          [
            -97.980149,
            32.695047
          ],
          [
            -97.980131,
            32.695102
          ],
          [
            -97.98012,
            32.695134
          ],
          [
            -97.980102,
            32.695243
          ],
          [
            -97.980089,
            32.696204
          ],
          [
            -97.980086,
            32.696506
          ],
          [
            -97.980092,
            32.697013
          ],
          [
            -97.980122,
            32.6973
          ],
          [
            -97.980183,
            32.697714
          ],
          [
            -97.980191,
            32.69838
          ],
          [
            -97.980184,
            32.698865
          ],
          [
            -97.980187,
            32.699517
          ],
          [
            -97.980188,
            32.699701
          ],
          [
            -97.980191,
            32.700414
          ],
          [
            -97.980204,
            32.700462
          ],
          [
            -97.980279,
            32.700542
          ],
          [
            -97.980319,
            32.700573
          ],
          [
            -97.980375,
            32.700604
          ],
          [
            -97.980447,
            32.700631
          ],
          [
            -97.980542,
            32.700656
          ],
          [
            -97.980691,
            32.70067
          ],
          [
            -97.982013,
            32.700687
          ],
          [
            -97.984251,
            32.700718
          ],
          [
            -97.98527,
            32.700732
          ],
          [
            -97.987102,
            32.700741
          ],
          [
            -97.987148,
            32.700741
          ],
          [
            -97.988624,
            32.700759
          ],
          [
            -97.98886,
            32.700776
          ],
          [
            -97.989696,
            32.700787
          ],
          [
            -97.990235,
            32.700789
          ],
          [
            -97.994362,
            32.700818
          ],
          [
            -97.994485,
            32.700819
          ],
          [
            -97.995738,
            32.700819
          ],
          [
            -97.99587,
            32.700819
          ],
          [
            -97.996052,
            32.700824
          ],
          [
            -97.996092,
            32.700823
          ],
          [
            -97.997155,
            32.700832
          ],
          [
            -97.997189,
            32.700833
          ],
          [
            -97.997343,
            32.700852
          ],
          [
            -97.997418,
            32.700886
          ],
          [
            -97.99749,
            32.700928
          ],
          [
            -97.997506,
            32.700984
          ],
          [
            -97.997512,
            32.701215
          ],
          [
            -97.9975,
            32.701778
          ],
          [
            -97.997491,
            32.703246
          ],
          [
            -97.997443,
            32.707488
          ],
          [
            -97.997432,
            32.708119
          ],
          [
            -97.999148,
            32.708129
          ],
          [
            -98.000874,
            32.708132
          ],
          [
            -98.00151,
            32.708146
          ],
          [
            -98.002141,
            32.708146
          ],
          [
            -98.00341,
            32.708148
          ],
          [
            -98.004034,
            32.70815
          ],
          [
            -98.004272,
            32.708152
          ],
          [
            -98.004665,
            32.708145
          ],
          [
            -98.004708,
            32.708144
          ],
          [
            -98.004837,
            32.708143
          ],
          [
            -98.005116,
            32.708146
          ],
          [
            -98.005353,
            32.708146
          ],
          [
            -98.005526,
            32.708148
          ],
          [
            -98.005659,
            32.708148
          ],
          [
            -98.005789,
            32.708149
          ],
          [
            -98.006058,
            32.708159
          ],
          [
            -98.006191,
            32.708165
          ],
          [
            -98.006607,
            32.708166
          ],
          [
            -98.007856,
            32.70817
          ],
          [
            -98.008273,
            32.708172
          ]
        ]
      },
      "properties": {
        "LINEARID": "110416478383",
        "FULLNAME": "Poe Prairie Rd",
        "RTTYP": "M",
        "MTFCC": "S1400",
        "traffic": {
          "aadt": 512,
          "dhv30": 62,
          "aadtYear": 2024,
          "locationId": "184CR105",
          "locatedOn": "-"
        }
      }
    }
  ]
}