LinearId,RoadName,DataSource,InitialAADT,ConstraintApplied,ConstraintType,FinalAADT,Change,PercentChange,Reason
1106087432175,Cliff Vw Lp,INTERPOLATED,14,True,PendantCluster,1,-13,-92.9,"Nested pendant cluster (depth 14): Capped to 1 AADT (4% of 2 entry roads (Cliff Vw Lp; Cliff View Ct): 28)"
1102200925445,Cliff Vw Lp,ACTUAL_COUNT,4144,True,PendantCluster,2022,-2122,-51.2,"Nested pendant cluster (depth 4): Capped to 2;022 AADT (41% of 2 entry roads (N Timber Lake Pl; W Timber Lake Pl): 4;938)"
110416465933,Silver Spr,INTERPOLATED,1722,True,PendantCluster,1657,-65,-3.8,"Nested pendant cluster (depth 4): Capped to 1;657 AADT (41% of 2 entry roads (Silver Spr; Silver Spur Dr): 4;046)"
1103690716949,Brock Spr,ACTUAL_COUNT,2615,False,NONE,2615,0,0,"No constraint needed"
110416466812,Harmony Spr,INTERPOLATED,2919,False,NONE,2919,0,0,"No constraint needed"
11016954832286,Old Springtown Rd,ACTUAL_COUNT,1066,False,NONE,1066,0,0,"No constraint needed"
110416447297,Old Agnes Rd,ACTUAL_COUNT,1,True,PendantCluster,0,-1,-100,"Nested pendant cluster (depth 14): Capped to 0 AADT (4% of 2 entry roads (Old Agnes Rd; Agnes N): 2)"
110416477515,Old Springtown Rd,ACTUAL_COUNT,811,False,NONE,811,0,0,"No constraint needed"
1102970389972,Old Hwy 80,ACTUAL_COUNT,846,False,NONE,846,0,0,"No constraint needed"
110416479264,Old Steele Creek Ct,INTERPOLATED,4070,True,PendantCluster,2592,-1478,-36.3,"Nested pendant cluster (depth 2): Capped to 2;592 AADT (64% of entry road 'Clayton Rd': 4;050)"
1103677582545,Old Authon Rd,INTERPOLATED,799,False,NONE,799,0,0,"No constraint needed"
1103690718531,Old Authon Rd,ACTUAL_COUNT,735,False,NONE,735,0,0,"No constraint needed"
110416463924,Old Authon Ln,INTERPOLATED,1448,True,PendantCluster,470,-978,-67.5,"Nested pendant cluster (depth 2): Capped to 470 AADT (64% of entry road 'Old Authon Rd': 735)"
110416446083,Old Ford Rd,INTERPOLATED,1042,True,PendantCluster,602,-440,-42.2,"Nested pendant cluster (depth 2): Capped to 602 AADT (64% of entry road 'Squaw Creek Rd': 942)"
1103435673311,Old Mineral Wells Hwy,INTERPOLATED,191,False,NONE,191,0,0,"No constraint needed"
110416446654,Old Oran Rd,INTERPOLATED,2081,True,PendantCluster,1998,-83,-4,"Nested pendant cluster (depth 4): Capped to 1;998 AADT (41% of 2 entry roads (Old Oran Rd; Unknown Road): 4;879)"
1102970389973,Old Hwy 80,ACTUAL_COUNT,1796,False,NONE,1796,0,0,"No constraint needed"
1102200938161,Old Reno Rd,ACTUAL_COUNT,699,False,NONE,699,0,0,"No constraint needed"
1102466591025,Old Reno Rd,ACTUAL_COUNT,699,False,NONE,699,0,0,"No constraint needed"
1103690719156,Old Dicey Rd,ACTUAL_COUNT,1565,False,NONE,1565,0,0,"No constraint needed"
110416469990,Old Tin Top Rd,INTERPOLATED,3,True,PendantCluster,0,-3,-100,"Nested pendant cluster (depth 14): Capped to 0 AADT (4% of 2 entry roads (Old Tin Top Rd; FM 1884): 6)"
1106087635069,Old Garner Rd,INTERPOLATED,1319,False,NONE,1319,0,0,"No constraint needed"
110416470610,Old Foundary Rd,INTERPOLATED,1331,False,NONE,1331,0,0,"No constraint needed"
110416446778,Old Rock Rd,INTERPOLATED,2071,True,PendantCluster,786,-1285,-62,"Nested pendant cluster (depth 4): Capped to 786 AADT (41% of entry road 'S Point Ct': 1;920)"
11016954825416,Old Springtown Rd,INTERPOLATED,5800,True,PendantCluster,1492,-4308,-74.3,"Nested pendant cluster (depth 2): Capped to 1;492 AADT (64% of 2 entry roads (Old Springtown Rd; Old Springtown Rd): 2;332)"
1105576419813,Old Brock Rd,ACTUAL_COUNT,1314,False,NONE,1314,0,0,"No constraint needed"
110416464383,Old Dennis Rd,ACTUAL_COUNT,8832,False,NONE,8832,0,0,"No constraint needed"
1103695920239,Old Tin Top Rd Dr,INTERPOLATED,804,False,NONE,804,0,0,"No constraint needed"
110416461062,Old Ranch Ct,INTERPOLATED,2050,True,PendantCluster,25,-2025,-98.8,"Nested pendant cluster (depth 10): Capped to 25 AADT (11% of entry road 'Ridgeoak Ct': 239)"
11016955025632,Old Buck Dr,INTERPOLATED,3283,False,NONE,3283,0,0,"No constraint needed"
110416464539,Old Garner Rd,ACTUAL_COUNT,504,False,NONE,504,0,0,"No constraint needed"
110416478659,Old Weatherford Rd,ACTUAL_COUNT,1588,True,PendantCluster,1164,-424,-26.7,"Nested pendant cluster (depth 6): Capped to 1;164 AADT (26% of 2 entry roads (Old Weatherford Rd; Coder Dr): 4;442)"
110416466391,Old Annetta Rd,ACTUAL_COUNT,5263,False,NONE,5263,0,0,"No constraint needed"
11016954832285,Old Springtown Rd,INTERPOLATED,1266,False,NONE,1266,0,0,"No constraint needed"
1103690718530,Old Authon Rd,INTERPOLATED,795,False,NONE,795,0,0,"No constraint needed"
1106087635073,Old Garner Rd,INTERPOLATED,550,False,NONE,550,0,0,"No constraint needed"
110416466372,Old Airport Rd,INTERPOLATED,7595,False,NONE,7595,0,0,"No constraint needed"
1102466591026,Old Reno Rd,ACTUAL_COUNT,699,False,NONE,699,0,0,"No constraint needed"
1105576419841,Old Brock Rd,ACTUAL_COUNT,1211,False,NONE,1211,0,0,"No constraint needed"
1106087639566,Old Millsap Rd,ACTUAL_COUNT,107,False,NONE,107,0,0,"No constraint needed"
1106087635074,Old Garner Rd,INTERPOLATED,549,False,NONE,549,0,0,"No constraint needed"
1106087632551,Old Mineral Wells Hwy,ACTUAL_COUNT,937,False,NONE,937,0,0,"No constraint needed"
110416466123,Old Tunnel Rd,ACTUAL_COUNT,1248,False,NONE,1248,0,0,"No constraint needed"
1102466707074,Old Foundry Rd,INTERPOLATED,1327,False,NONE,1327,0,0,"No constraint needed"
1103662203927,Old Dicey Rd,INTERPOLATED,2823,False,NONE,2823,0,0,"No constraint needed"
110416480321,Spr 1189,INTERPOLATED,672,True,PendantCluster,323,-349,-51.9,"Nested pendant cluster (depth 4): Capped to 323 AADT (41% of entry road 'Spr 1189': 790)"
110416480322,Spr 1189,INTERPOLATED,674,True,PendantCluster,323,-351,-52.1,"Nested pendant cluster (depth 4): Capped to 323 AADT (41% of entry road 'Spr 1189': 790)"
110416480323,Spr 1189,INTERPOLATED,609,True,PendantCluster,169,-440,-72.2,"Nested pendant cluster (depth 6): Capped to 169 AADT (26% of 2 entry roads (Spr 1189; Spr 1189): 646)"
110416480324,Spr 1189,INTERPOLATED,790,False,NONE,790,0,0,"No constraint needed"
1102200927798,Pvt Rd 3865,NO_DATA,0,False,NONE,0,0,0,"No constraint needed"
1103662767239,Pvt Cemetary Rd,ACTUAL_COUNT,6602,False,NONE,6602,0,0,"No constraint needed"
1105061331786,Agnes N,ACTUAL_COUNT,1,True,PendantCluster,0,-1,-100,"Nested pendant cluster (depth 14): Capped to 0 AADT (4% of 2 entry roads (Old Agnes Rd; Agnes N): 2)"
1106087396695,Spring Branch Trl N,INTERPOLATED,449,False,NONE,449,0,0,"No constraint needed"
110416471603,Alta Mesa Ct N,INTERPOLATED,2687,True,PendantCluster,5,-2682,-99.8,"Nested pendant cluster (depth 10): Capped to 5 AADT (11% of entry road 'Alta Mesa Dr': 53)"
1106087396696,Spring Branch Trl N,INTERPOLATED,659,False,NONE,659,0,0,"No constraint needed"
1106087396693,Spring Branch Trl N,INTERPOLATED,574,False,NONE,574,0,0,"No constraint needed"
1103680883036,Boling Ranch Rd N,INTERPOLATED,1652,True,PendantCluster,6,-1646,-99.6,"Nested pendant cluster (depth 10): Capped to 6 AADT (11% of entry road 'Boling Ranch Rd': 57)"
110416478532,Springfield Ct N,INTERPOLATED,654,True,PendantCluster,264,-390,-59.6,"Nested pendant cluster (depth 4): Capped to 264 AADT (41% of entry road 'Summerfield Ct': 646)"
1103371026697,Casey Ct N,INTERPOLATED,6691,True,PendantCluster,171,-6520,-97.4,"Nested pendant cluster (depth 8): Capped to 171 AADT (17% of entry road 'Casey Ct S': 1;022)"
1103371020992,Doubleday Ct N,INTERPOLATED,6199,True,PendantCluster,131,-6068,-97.9,"Nested pendant cluster (depth 8): Capped to 131 AADT (17% of entry road 'Cooperstown': 781)"
110416472176,La Colina Rd N,INTERPOLATED,2095,False,NONE,2095,0,0,"No constraint needed"
110416458527,Manor Ct N,INTERPOLATED,1133,False,NONE,1133,0,0,"No constraint needed"
110416445705,FM 1187 N,ACTUAL_COUNT,10161,False,NONE,10161,0,0,"No constraint needed"
110416465820,Remuda Ct N,INTERPOLATED,2592,True,PendantCluster,5,-2587,-99.8,"Nested pendant cluster (depth 10): Capped to 5 AADT (11% of entry road 'Remuda Dr': 53)"
1106087633079,Remuda Dr N,INTERPOLATED,2397,True,PendantCluster,129,-2268,-94.6,"Nested pendant cluster (depth 16): Capped to 129 AADT (3% of 2 entry roads (Remuda Dr N; W Remuda Cir): 4;598)"
110416445245,FM 113 N,ACTUAL_COUNT,2529,False,NONE,2529,0,0,"No constraint needed"
1103371028895,Casey Ct S,INTERPOLATED,2226,True,PendantCluster,1022,-1204,-54.1,"Nested pendant cluster (depth 6): Capped to 1;022 AADT (26% of 2 entry roads (Casey Ct S; Casey Ln): 3;902)"
1103371022785,Douleday Ct S,INTERPOLATED,6167,True,PendantCluster,14,-6153,-99.8,"Nested pendant cluster (depth 10): Capped to 14 AADT (11% of entry road 'Doubleday Ct N': 131)"
110416471608,Alta Mesa Ct S,INTERPOLATED,2742,True,PendantCluster,5,-2737,-99.8,"Nested pendant cluster (depth 10): Capped to 5 AADT (11% of entry road 'Alta Mesa Dr': 53)"
110416471641,Ash Creek Dr S,INTERPOLATED,1188,False,NONE,1188,0,0,"No constraint needed"
11016955115778,Sugartree Dr S,INTERPOLATED,446,False,NONE,446,0,0,"No constraint needed"
110416445041,FM 5 S,INTERPOLATED,1488,False,NONE,1488,0,0,"No constraint needed"
110416471819,Creighton Dr S,ACTUAL_COUNT,526,False,NONE,526,0,0,"No constraint needed"
110416467213,Red Oak St S,INTERPOLATED,617,False,NONE,617,0,0,"No constraint needed"
110416458623,Manor Ct S,INTERPOLATED,1109,False,NONE,1109,0,0,"No constraint needed"
110416465824,Remuda Ct S,INTERPOLATED,2726,True,PendantCluster,5,-2721,-99.8,"Nested pendant cluster (depth 10): Capped to 5 AADT (11% of entry road 'Alta Mesa Dr': 53)"
110416447257,Adams Ln S,INTERPOLATED,1526,True,PendantCluster,228,-1298,-85.1,"Nested pendant cluster (depth 10): Capped to 228 AADT (11% of 2 entry roads (Flat Rock Rd; Adams Ln): 2;128)"
11016955162768,Sugartree Dr S,INTERPOLATED,419,False,NONE,419,0,0,"No constraint needed"
110416445709,FM 1187 S,ACTUAL_COUNT,10161,False,NONE,10161,0,0,"No constraint needed"
110416479734,Spring Branch Trl S,INTERPOLATED,1136,False,NONE,1136,0,0,"No constraint needed"
11016955113882,Sugartree Dr S,INTERPOLATED,387,False,NONE,387,0,0,"No constraint needed"
1106067301374,Ave E,INTERPOLATED,444,False,NONE,444,0,0,"No constraint needed"
1105598418440,Willow Xing E,ACTUAL_COUNT,11496,False,NONE,11496,0,0,"No constraint needed"
110416445715,FM 1187 E,INTERPOLATED,1723,False,NONE,1723,0,0,"No constraint needed"
1103529582512,Ave E,INTERPOLATED,433,False,NONE,433,0,0,"No constraint needed"
110416480021,Rambling Trl S E,ACTUAL_COUNT,349,True,PendantCluster,285,-64,-18.3,"Nested pendant cluster (depth 4): Capped to 285 AADT (41% of 2 entry roads (Rambling Trl S E; Rambling Trl): 698)"
110416477535,Stage Coach Trl E,INTERPOLATED,2366,False,NONE,2366,0,0,"No constraint needed"
110416471822,Creighton Dr E,INTERPOLATED,2799,False,NONE,2799,0,0,"No constraint needed"
110416447078,Taos Ct E,INTERPOLATED,1503,True,PendantCluster,1223,-280,-18.6,"Nested pendant cluster (depth 4): Capped to 1;223 AADT (41% of 2 entry roads (Taos Loop; Village Pkwy): 2;987)"
110416465827,Remuda Ct E,INTERPOLATED,2703,True,PendantCluster,5,-2698,-99.8,"Nested pendant cluster (depth 10): Capped to 5 AADT (11% of entry road 'Remuda Dr': 53)"
110416467179,Pradera Ct E,INTERPOLATED,2196,True,PendantCluster,61,-2135,-97.2,"Nested pendant cluster (depth 16): Capped to 61 AADT (3% of entry road 'Pradera Ct W': 2;180)"
11016954180508,Roundtree Cir E,INTERPOLATED,2859,False,NONE,2859,0,0,"No constraint needed"
1106087416453,N Ave E,INTERPOLATED,430,False,NONE,430,0,0,"No constraint needed"
110416465748,Paloma Ct E,INTERPOLATED,2172,True,PendantCluster,59,-2113,-97.3,"Nested pendant cluster (depth 16): Capped to 59 AADT (3% of entry road 'Paloma Ct W': 2;109)"
110416446388,Lake Dr E,INTERPOLATED,1571,False,NONE,1571,0,0,"No constraint needed"
110416445052,FM 5 W,ACTUAL_COUNT,846,False,NONE,846,0,0,"No constraint needed"
11033373595538,Ash Creek Dr W,ACTUAL_COUNT,445,False,NONE,445,0,0,"No constraint needed"
1103680690969,FM 5 W,INTERPOLATED,1627,False,NONE,1627,0,0,"No constraint needed"
110416447861,Aspen Ct W,INTERPOLATED,1492,False,NONE,1492,0,0,"No constraint needed"
110416447081,Taos Ct W,INTERPOLATED,1512,True,PendantCluster,582,-930,-61.5,"Nested pendant cluster (depth 6): Capped to 582 AADT (26% of 2 entry roads (Taos Loop; Village Pkwy): 2;222)"
110416465831,Remuda Cir W,INTERPOLATED,2354,False,NONE,2354,0,0,"No constraint needed"
110416465750,Paloma Ct W,INTERPOLATED,2109,True,PendantCluster,1,-2108,-100,"Nested pendant cluster (depth 16): Capped to 1 AADT (3% of entry road 'Paloma Ct E': 59)"
110416471650,Ash Creek Dr W,INTERPOLATED,1465,True,PendantCluster,784,-681,-46.5,"Nested pendant cluster (depth 4): Capped to 784 AADT (41% of 2 entry roads (Ash Creek Dr W; Ash Creek Dr W): 1;916)"
110416471651,Ash Creek Dr W,INTERPOLATED,1471,True,PendantCluster,503,-968,-65.8,"Nested pendant cluster (depth 4): Capped to 503 AADT (41% of 2 entry roads (Ash Creek Dr W; Ash Creek Dr W): 1;229)"
1103680690963,FM 5 W,INTERPOLATED,1989,False,NONE,1989,0,0,"No constraint needed"
110416465838,Remuda Ct W,INTERPOLATED,2709,True,PendantCluster,5,-2704,-99.8,"Nested pendant cluster (depth 10): Capped to 5 AADT (11% of entry road 'Alta Mesa Dr': 53)"
110416467180,Pradera Ct W,INTERPOLATED,2180,True,PendantCluster,1,-2179,-100,"Nested pendant cluster (depth 16): Capped to 1 AADT (3% of entry road 'Pradera Ct E': 61)"
1106067279678,FM 5 W,INTERPOLATED,2159,False,NONE,2159,0,0,"No constraint needed"
11016954180243,Roundtree Cir W,INTERPOLATED,2621,False,NONE,2621,0,0,"No constraint needed"
110416450228,N Cedar St,ACTUAL_COUNT,1710,False,NONE,1710,0,0,"No constraint needed"
110416445871,N Bend Rd,ACTUAL_COUNT,10603,False,NONE,10603,0,0,"No constraint needed"
1104692111084,N Main St,ACTUAL_COUNT,1910,False,NONE,1910,0,0,"No constraint needed"
110416446457,N Line St,ACTUAL_COUNT,6209,False,NONE,6209,0,0,"No constraint needed"
110416479601,N Lazy Bend Ests Rd,INTERPOLATED,1138,True,PendantCluster,109,-1029,-90.4,"Nested pendant cluster (depth 10): Capped to 109 AADT (11% of 2 entry roads (S Lazy Bend Est Rd; Lazy Bend Est Rd): 1;020)"
1102466843528,N Blue Stem Ct,NO_DATA,0,False,NONE,0,0,0,"No constraint needed"
1104692117872,N FM 51,INTERPOLATED,4396,False,NONE,4396,0,0,"No constraint needed"
110416463733,N Whitt Rd,INTERPOLATED,63,True,PendantCluster,43,-20,-31.7,"Nested pendant cluster (depth 14): Capped to 43 AADT (4% of 2 entry roads (N Whitt Rd; Hardy Rd): 996)"
110416471136,N Oakvista Ct,INTERPOLATED,4004,True,PendantCluster,442,-3562,-89,"Nested pendant cluster (depth 8): Capped to 442 AADT (17% of 2 entry roads (Oakcrest Hills Dr; Oakvista Dr): 2;636)"
1102200935533,N Timber Lake Pl,ACTUAL_COUNT,4144,True,PendantCluster,794,-3350,-80.8,"Nested pendant cluster (depth 2): Capped to 794 AADT (64% of entry road 'Clear Lake Rd': 1;241)"
110416446392,N Lake Dr,ACTUAL_COUNT,1230,False,NONE,1230,0,0,"No constraint needed"
110416470705,N Hill Top Ct,INTERPOLATED,1320,True,PendantCluster,843,-477,-36.1,"Nested pendant cluster (depth 4): Capped to 843 AADT (41% of 2 entry roads (S Hill Top Ct; Hill Top Ct): 2;059)"
1102200925262,N Casey Ct,INTERPOLATED,6484,True,PendantCluster,5466,-1018,-15.7,"Nested pendant cluster (depth 4): Capped to 5;466 AADT (41% of 2 entry roads (S Casey Ct; Casey Ln): 13;345)"
110416446109,N Frio Ct,INTERPOLATED,227,False,NONE,227,0,0,"No constraint needed"
110416464389,N Denton St,ACTUAL_COUNT,6209,False,NONE,6209,0,0,"No constraint needed"
110416470058,N Weilland St,ACTUAL_COUNT,6209,False,NONE,6209,0,0,"No constraint needed"
110416464225,N Cherry St,INTERPOLATED,136,False,NONE,136,0,0,"No constraint needed"
110416471125,N Oakridge Dr,ACTUAL_COUNT,2881,False,NONE,2881,0,0,"No constraint needed"
1102970390818,N Oak Ridge Dr,INTERPOLATED,3729,False,NONE,3729,0,0,"No constraint needed"
1104692117869,N FM 51,ACTUAL_COUNT,10761,False,NONE,10761,0,0,"No constraint needed"
1104692358062,N FM 51,INTERPOLATED,8141,True,PendantCluster,1695,-6446,-79.2,"Nested pendant cluster (depth 8): Capped to 1;695 AADT (17% of 2 entry roads (N FM 51; State Hwy 51): 10;106)"
110416445530,N Ash Ter,INTERPOLATED,861,False,NONE,861,0,0,"No constraint needed"
110416446799,N Rusk St,INTERPOLATED,1341,True,PendantCluster,951,-390,-29.1,"Nested pendant cluster (depth 2): Capped to 951 AADT (64% of entry road 'E 8th St': 1;486)"
1102970389556,N Rusk St,INTERPOLATED,1308,False,NONE,1308,0,0,"No constraint needed"
1102970389563,N Rusk St,ACTUAL_COUNT,967,False,NONE,967,0,0,"No constraint needed"
110416457320,N Lamar St,INTERPOLATED,6791,False,NONE,6791,0,0,"No constraint needed"
110416447320,N Alamo St,ACTUAL_COUNT,1663,False,NONE,1663,0,0,"No constraint needed"
110416470264,N Boundary St,INTERPOLATED,2746,False,NONE,2746,0,0,"No constraint needed"
110416466953,N Lambert Rd,ACTUAL_COUNT,382,False,NONE,382,0,0,"No constraint needed"
110416480356,N Star Crossing Ln,ACTUAL_COUNT,584,True,PendantCluster,342,-242,-41.4,"Nested pendant cluster (depth 6): Capped to 342 AADT (26% of 2 entry roads (N Star Crossing Ln; Falling Star Ct): 1;308)"
11016954077616,N Spanish Plum Ct,INTERPOLATED,1724,True,PendantCluster,578,-1146,-66.5,"Nested pendant cluster (depth 8): Capped to 578 AADT (17% of 2 entry roads (N Spanish Plum Ct; Spanish Plum Ct): 3;448)"
1103529583272,N Springbranch Trl,INTERPOLATED,454,False,NONE,454,0,0,"No constraint needed"
1103529582741,N Ave C,ACTUAL_COUNT,314,False,NONE,314,0,0,"No constraint needed"
1103670097032,N Spring Branch Trl,INTERPOLATED,659,False,NONE,659,0,0,"No constraint needed"
110416470547,N Eastwood Ct,INTERPOLATED,466,True,PendantCluster,55,-411,-88.2,"Nested pendant cluster (depth 10): Capped to 55 AADT (11% of 2 entry roads (S Eastwood Ct; Eastwood Rd): 515)"
110416445575,N Elm St,INTERPOLATED,1564,False,NONE,1564,0,0,"No constraint needed"
110416470998,N Merrimac St,INTERPOLATED,3789,False,NONE,3789,0,0,"No constraint needed"
110416464097,N Brazos St,ACTUAL_COUNT,31203,False,NONE,31203,0,0,"No constraint needed"
110416457318,N Lamar St,ACTUAL_COUNT,31203,False,NONE,31203,0,0,"No constraint needed"
110416470952,N Longhorn Dr,INTERPOLATED,1482,True,PendantCluster,240,-1242,-83.8,"Nested pendant cluster (depth 8): Capped to 240 AADT (17% of 2 entry roads (S Longhorn Dr; Mill Creek Dr): 1;435)"
1104469098462,N Ridgeview Ct,INTERPOLATED,12656,True,PendantCluster,6153,-6503,-51.4,"Nested pendant cluster (depth 6): Capped to 6;153 AADT (26% of 2 entry roads (S Ridgeview Ct; W Forty Est): 23;475)"
110416467012,N Melanie Dr,INTERPOLATED,7518,True,PendantCluster,3077,-4441,-59.1,"Nested pendant cluster (depth 4): Capped to 3;077 AADT (41% of entry road 'Red Bud Dr': 7;514)"
1103695943434,N Natural Spring Ln,INTERPOLATED,3732,True,PendantCluster,121,-3611,-96.8,"Nested pendant cluster (depth 8): Capped to 121 AADT (17% of entry road 'Creekpath Dr': 726)"
1104692117874,N FM 51,INTERPOLATED,4395,False,NONE,4395,0,0,"No constraint needed"
1102200933325,N Cactus St,INTERPOLATED,139,True,PendantCluster,90,-49,-35.3,"Nested pendant cluster (depth 2): Capped to 90 AADT (64% of entry road 'NW Front St': 142)"
110416447140,N Waco St,ACTUAL_COUNT,1663,False,NONE,1663,0,0,"No constraint needed"
110416463341,N Tower St,ACTUAL_COUNT,2380,False,NONE,2380,0,0,"No constraint needed"
110416474604,N Ridgeview Dr,INTERPOLATED,3732,True,PendantCluster,3263,-469,-12.6,"Nested pendant cluster (depth 4): Capped to 3;263 AADT (41% of 2 entry roads (S Ridgeview Dr; Westridge Dr): 7;967)"
1102200937183,N Blue Meadow Ct,INTERPOLATED,19492,True,PendantCluster,435,-19057,-97.8,"Nested pendant cluster (depth 10): Capped to 435 AADT (11% of 2 entry roads (Blue Meadow Ct; Blue Ridge Dr): 4;057)"
110416479697,N Rambling Fork St,INTERPOLATED,28,True,PendantCluster,19,-9,-32.1,"Nested pendant cluster (depth 14): Capped to 19 AADT (4% of 2 entry roads (N Rambling Fork St; N Rambling Fork Rd): 451)"
110416479693,N Rambling Fork Rd,INTERPOLATED,423,True,PendantCluster,0,-423,-100,"Nested pendant cluster (depth 14): Capped to 0 AADT (4% of entry road 'N Rambling Fork St': 19)"
110416445527,N Ash St,ACTUAL_COUNT,1024,False,NONE,1024,0,0,"No constraint needed"
110416449170,N Boyce Ln,INTERPOLATED,1323,True,PendantCluster,720,-603,-45.6,"Nested pendant cluster (depth 8): Capped to 720 AADT (17% of 2 entry roads (N Boyce Ln; E Bozeman Lan): 4;295)"
110416449036,N Bowie Dr,ACTUAL_COUNT,1210,False,NONE,1210,0,0,"No constraint needed"
110416466280,N Walnut St,ACTUAL_COUNT,967,False,NONE,967,0,0,"No constraint needed"
110416446600,N Mill St,ACTUAL_COUNT,392,False,NONE,392,0,0,"No constraint needed"
1102466290426,N FM 51,INTERPOLATED,735,False,NONE,735,0,0,"No constraint needed"
110416480277,N O'Neal Ave,ACTUAL_COUNT,3467,False,NONE,3467,0,0,"No constraint needed"
1102209928705,N Front St,ACTUAL_COUNT,390,False,NONE,390,0,0,"No constraint needed"
1104468925984,N Oakridge Dr,ACTUAL_COUNT,6994,False,NONE,6994,0,0,"No constraint needed"
1104692357780,N Main St,INTERPOLATED,113903,False,NONE,113903,0,0,"No constraint needed"
1106087811607,N Ave B,ACTUAL_COUNT,314,False,NONE,314,0,0,"No constraint needed"
1106087400579,N Ave D,INTERPOLATED,508,False,NONE,508,0,0,"No constraint needed"
110416448424,N Birch St,INTERPOLATED,1010,False,NONE,1010,0,0,"No constraint needed"
1106092739108,N Ave C,INTERPOLATED,744,False,NONE,744,0,0,"No constraint needed"
1103670097054,N Springbranch Trl,INTERPOLATED,734,False,NONE,734,0,0,"No constraint needed"
110416470266,N Boundary St,INTERPOLATED,1492,False,NONE,1492,0,0,"No constraint needed"
1106087684236,N Trails End Cir,INTERPOLATED,4,True,PendantCluster,0,-4,-100,"Nested pendant cluster (depth 12): Capped to 0 AADT (7% of 2 entry roads (N Trails End Cir; Trails End Cir): 8)"
110416447319,N Alamo St,INTERPOLATED,4208,False,NONE,4208,0,0,"No constraint needed"
110416470997,N Merrimac St,INTERPOLATED,9521,False,NONE,9521,0,0,"No constraint needed"
110416449038,N Bowie Dr,ACTUAL_COUNT,736,False,NONE,736,0,0,"No constraint needed"
1106087632402,N Church,ACTUAL_COUNT,1979,False,NONE,1979,0,0,"No constraint needed"
110416480290,N Mountain Rdg,INTERPOLATED,64,True,PendantCluster,62,-2,-3.1,"Nested pendant cluster (depth 10): Capped to 62 AADT (11% of 3 entry roads (N Mountain Rdg; Overlook Ct; ...): 585)"
110416468268,N Skyline Ct,INTERPOLATED,231,True,PendantCluster,59,-172,-74.5,"Nested pendant cluster (depth 8): Capped to 59 AADT (17% of 2 entry roads (S Skyline Ct; Skyline Dr): 357)"
110416464502,N Flores Rd,INTERPOLATED,2706,True,PendantCluster,1949,-757,-28,"Nested pendant cluster (depth 4): Capped to 1;949 AADT (41% of 2 entry roads (S Flores Rd; Floras Rd): 4;760)"
110416470331,N Cardinal Rd,ACTUAL_COUNT,1110,False,NONE,1110,0,0,"No constraint needed"
1106087854770,N Ave A,ACTUAL_COUNT,314,False,NONE,314,0,0,"No constraint needed"
1102970391558,N Main St,ACTUAL_COUNT,1910,False,NONE,1910,0,0,"No constraint needed"
110416446726,N Plum St,INTERPOLATED,134,False,NONE,134,0,0,"No constraint needed"
110416445574,N Elm St,ACTUAL_COUNT,4868,False,NONE,4868,0,0,"No constraint needed"
110416476163,N Dubellette St,INTERPOLATED,2297,False,NONE,2297,0,0,"No constraint needed"
110416479214,N Savage Creek Ln,INTERPOLATED,2716,True,PendantCluster,180,-2536,-93.4,"Nested pendant cluster (depth 12): Capped to 180 AADT (7% of 2 entry roads (S Savage Creek Ln; W Canyon Creek Ln): 2;628)"
110416478956,N Duncan Creek Ct,INTERPOLATED,3050,True,PendantCluster,207,-2843,-93.2,"Nested pendant cluster (depth 12): Capped to 207 AADT (7% of 2 entry roads (S Duncan Creek Ct; Winding Creek Dr): 3;026)"
1102466843490,N Blue Stem Ct,NO_DATA,0,False,NONE,0,0,0,"No constraint needed"
1103662203643,N Church St,ACTUAL_COUNT,1979,False,NONE,1979,0,0,"No constraint needed"
110416470953,S Longhorn Dr,INTERPOLATED,1383,True,PendantCluster,48,-1335,-96.5,"Nested pendant cluster (depth 8): Capped to 48 AADT (17% of 2 entry roads (N Longhorn Dr; Mill Creek Dr): 292)"
110416474639,S Sabathney Dr,INTERPOLATED,787,True,PendantCluster,187,-600,-76.2,"Nested pendant cluster (depth 6): Capped to 187 AADT (26% of entry road 'Marian Dr': 714)"
110416445534,S Ash St,INTERPOLATED,1365,False,NONE,1365,0,0,"No constraint needed"
1104258509691,S Main St,INTERPOLATED,179203,False,NONE,179203,0,0,"No constraint needed"
1102970394234,S Hill Dr,INTERPOLATED,3004,False,NONE,3004,0,0,"No constraint needed"
110416446120,S Frio Ct,INTERPOLATED,227,False,NONE,227,0,0,"No constraint needed"
110416476171,S Dubellette St,INTERPOLATED,3020,False,NONE,3020,0,0,"No constraint needed"
110416464101,S Brazos St,ACTUAL_COUNT,31203,False,NONE,31203,0,0,"No constraint needed"
110416466283,S Walnut St,ACTUAL_COUNT,1696,False,NONE,1696,0,0,"No constraint needed"
110416464393,S Denton St,ACTUAL_COUNT,6209,False,NONE,6209,0,0,"No constraint needed"
110416446461,S Line St,ACTUAL_COUNT,11748,False,NONE,11748,0,0,"No constraint needed"
110416479606,S Lazy Bend Est Rd,INTERPOLATED,954,True,PendantCluster,18,-936,-98.1,"Nested pendant cluster (depth 10): Capped to 18 AADT (11% of 2 entry roads (N Lazy Bend Ests Rd; Lazy Bend Est Rd): 175)"
110416479215,S Savage Creek Ln,INTERPOLATED,2617,True,PendantCluster,13,-2604,-99.5,"Nested pendant cluster (depth 12): Capped to 13 AADT (7% of 2 entry roads (N Savage Creek Ln; W Canyon Creek Ln): 191)"
110416478960,S Duncan Creek Ct,INTERPOLATED,2986,True,PendantCluster,16,-2970,-99.5,"Nested pendant cluster (depth 12): Capped to 16 AADT (7% of 2 entry roads (N Duncan Creek Ct; Winding Creek Dr): 247)"
110416445579,S Elm St,INTERPOLATED,3315,False,NONE,3315,0,0,"No constraint needed"
1102466254936,S Blue Stem Ct,NO_DATA,0,False,NONE,0,0,0,"No constraint needed"
1103662203826,S Church St,INTERPOLATED,1704,False,NONE,1704,0,0,"No constraint needed"
1102200937172,S Blue Meadow Ct,INTERPOLATED,19498,True,PendantCluster,138,-19360,-99.3,"Nested pendant cluster (depth 10): Capped to 138 AADT (11% of 2 entry roads (Blue Meadow Ct; Blue Ridge Dr): 1;287)"
110416445066,S Ave C,INTERPOLATED,1024,False,NONE,1024,0,0,"No constraint needed"
1102200925253,S Casey Ct,INTERPOLATED,6669,True,PendantCluster,4973,-1696,-25.4,"Nested pendant cluster (depth 4): Capped to 4;973 AADT (41% of 2 entry roads (N Casey Ct; Casey Ln): 12;142)"
110416457378,S Lamar St,ACTUAL_COUNT,1469,False,NONE,1469,0,0,"No constraint needed"
1104258509690,S Main St,ACTUAL_COUNT,4330,False,NONE,4330,0,0,"No constraint needed"
1106087635120,S E Front St,ACTUAL_COUNT,107,False,NONE,107,0,0,"No constraint needed"
110416446614,S Mill St,INTERPOLATED,5610,False,NONE,5610,0,0,"No constraint needed"
110416464394,S Denton St,ACTUAL_COUNT,11748,False,NONE,11748,0,0,"No constraint needed"
110416445055,S FM 5,ACTUAL_COUNT,3001,False,NONE,3001,0,0,"No constraint needed"
1102338870362,S Skyline Ct,INTERPOLATED,225,True,PendantCluster,32,-193,-85.8,"Nested pendant cluster (depth 8): Capped to 32 AADT (17% of 2 entry roads (N Skyline Ct; Skyline Dr): 191)"
1103701322105,S FM 730,ACTUAL_COUNT,105643,False,NONE,105643,0,0,"No constraint needed"
110416470563,S Eastwood Ct,INTERPOLATED,494,True,PendantCluster,8,-486,-98.4,"Nested pendant cluster (depth 10): Capped to 8 AADT (11% of 2 entry roads (N Eastwood Ct; Eastwood Rd): 76)"
110416464100,S Brazos St,ACTUAL_COUNT,1469,False,NONE,1469,0,0,"No constraint needed"
1103690720078,S FM 113,INTERPOLATED,212,False,NONE,212,0,0,"No constraint needed"
1102466254942,S Blue Stem Ct,NO_DATA,0,False,NONE,0,0,0,"No constraint needed"
1104692117903,S Main St,INTERPOLATED,134336,False,NONE,134336,0,0,"No constraint needed"
110416470709,S Hill Top Ct,INTERPOLATED,1365,True,PendantCluster,629,-736,-53.9,"Nested pendant cluster (depth 4): Capped to 629 AADT (41% of 2 entry roads (N Hill Top Ct; Hill Top Ct): 1;537)"
110416445578,S Elm St,INTERPOLATED,4289,False,NONE,4289,0,0,"No constraint needed"
110416474609,S Ridgeview Dr,INTERPOLATED,3897,True,PendantCluster,3003,-894,-22.9,"Nested pendant cluster (depth 4): Capped to 3;003 AADT (41% of 2 entry roads (N Ridgeview Dr; Westridge Dr): 7;333)"
1103662203894,S Church,INTERPOLATED,1722,False,NONE,1722,0,0,"No constraint needed"
110416471144,S Oakvista Ct,INTERPOLATED,4221,True,PendantCluster,1899,-2322,-55,"Nested pendant cluster (depth 6): Capped to 1;899 AADT (26% of 2 entry roads (Oakcrest Hills Dr; Oakvista Dr): 7;245)"
110416460412,S Point Ct,INTERPOLATED,290,True,PendantCluster,97,-193,-66.6,"Nested pendant cluster (depth 8): Capped to 97 AADT (17% of 2 entry roads (S Point Ct; Ranch Hand Ln): 580)"
110416479989,S Mountain Rdg,INTERPOLATED,242,True,PendantCluster,131,-111,-45.9,"Nested pendant cluster (depth 6): Capped to 131 AADT (26% of 2 entry roads (S Mountain Rdg; Brook St): 502)"
110416446094,S Fork Dr,INTERPOLATED,1739,False,NONE,1739,0,0,"No constraint needed"
1106087631325,S Cardinal Rd,ACTUAL_COUNT,3,True,PendantCluster,1,-2,-66.7,"Nested pendant cluster (depth 6): Capped to 1 AADT (26% of 2 entry roads (S Cardinal Rd; Kyle Cir): 6)"
110416446743,S Reno Rd,ACTUAL_COUNT,699,False,NONE,699,0,0,"No constraint needed"
110416445535,S Ash St,ACTUAL_COUNT,1024,False,NONE,1024,0,0,"No constraint needed"
1104469529228,S Ridgeview Ct,INTERPOLATED,12770,True,PendantCluster,4419,-8351,-65.4,"Nested pendant cluster (depth 6): Capped to 4;419 AADT (26% of 2 entry roads (N Ridgeview Ct; W Forty Est): 16;858)"
1102200952490,S Doubleday Ct,INTERPOLATED,6869,True,PendantCluster,2795,-4074,-59.3,"Nested pendant cluster (depth 4): Capped to 2;795 AADT (41% of entry road 'Unknown Road': 6;826)"
1105598403821,S Forty Dr,INTERPOLATED,1946,True,PendantCluster,1036,-910,-46.8,"Nested pendant cluster (depth 4): Capped to 1;036 AADT (41% of 2 entry roads (Stonebridge Ct; Stonebridge Dr): 2;531)"
110416449123,S Bowie Dr,ACTUAL_COUNT,736,False,NONE,736,0,0,"No constraint needed"
110416445577,S Elm St,ACTUAL_COUNT,4493,False,NONE,4493,0,0,"No constraint needed"
110416445576,S Elm St,ACTUAL_COUNT,1696,False,NONE,1696,0,0,"No constraint needed"
110416471002,S Merrimac St,INTERPOLATED,3119,True,PendantCluster,471,-2648,-84.9,"Nested pendant cluster (depth 2): Capped to 471 AADT (64% of entry road 'W Oak St': 736)"
110416446923,S Rusk St,INTERPOLATED,2887,False,NONE,2887,0,0,"No constraint needed"
110416445255,S FM 113,ACTUAL_COUNT,416,False,NONE,416,0,0,"No constraint needed"
1103662205788,S Church St,INTERPOLATED,1374,False,NONE,1374,0,0,"No constraint needed"
110416464122,S Broken Rd,INTERPOLATED,1315,False,NONE,1315,0,0,"No constraint needed"
110416472914,S Lakeshore Dr,ACTUAL_COUNT,9701,False,NONE,9701,0,0,"No constraint needed"
1102638239835,S Oakridge Dr,ACTUAL_COUNT,5009,False,NONE,5009,0,0,"No constraint needed"
110416446095,S Fork Dr,INTERPOLATED,2594,True,PendantCluster,10,-2584,-99.6,"Nested pendant cluster (depth 10): Capped to 10 AADT (11% of entry road 'Trinity River Dr': 99)"
110416469166,S Stewart St,ACTUAL_COUNT,42,True,PendantCluster,5,-37,-88.1,"Nested pendant cluster (depth 12): Capped to 5 AADT (7% of 2 entry roads (S Stewart St; Stewart Bend Ct): 84)"
1102466286822,S Main St,INTERPOLATED,174670,False,NONE,174670,0,0,"No constraint needed"
110416446613,S Mill St,INTERPOLATED,9389,False,NONE,9389,0,0,"No constraint needed"
110416470061,S Weiland,ACTUAL_COUNT,6209,False,NONE,6209,0,0,"No constraint needed"
110416445718,S FM 1187,INTERPOLATED,105,True,PendantCluster,70,-35,-33.3,"Nested pendant cluster (depth 14): Capped to 70 AADT (4% of 2 entry roads (S FM 1187; Unknown Road): 1;599)"
110416491312,S Bear Creek Ln,INTERPOLATED,2,True,PendantCluster,0,-2,-100,"Nested pendant cluster (depth 12): Capped to 0 AADT (7% of entry road 'S Bear Creek Ln': 2)"
110416464505,S Flores Rd,INTERPOLATED,2583,True,PendantCluster,1690,-893,-34.6,"Nested pendant cluster (depth 4): Capped to 1;690 AADT (41% of 2 entry roads (N Flores Rd; Floras Rd): 4;126)"
110416448495,S Birch St,ACTUAL_COUNT,2923,True,PendantCluster,1870,-1053,-36,"Nested pendant cluster (depth 2): Capped to 1;870 AADT (64% of entry road 'J E Woody Rd': 2;923)"
110416467015,S Melanie Dr,INTERPOLATED,7519,True,PendantCluster,3077,-4442,-59.1,"Nested pendant cluster (depth 4): Capped to 3;077 AADT (41% of entry road 'Red Bud Dr': 7;514)"
1102466654162,S Natural Spring Ln,INTERPOLATED,3758,True,PendantCluster,121,-3637,-96.8,"Nested pendant cluster (depth 8): Capped to 121 AADT (17% of entry road 'Creekpath Dr': 726)"
1104475405988,S Boyce Ln,INTERPOLATED,3202,True,PendantCluster,459,-2743,-85.7,"Nested pendant cluster (depth 10): Capped to 459 AADT (11% of 2 entry roads (N Boyce Ln; W Bozeman Ln): 4;276)"
1106067273756,S FM 51,INTERPOLATED,6252,True,PendantCluster,2056,-4196,-67.1,"Nested pendant cluster (depth 6): Capped to 2;056 AADT (26% of 2 entry roads (S FM 51; Unknown Road): 7;845)"
110416447147,S Waco St,INTERPOLATED,3914,False,NONE,3914,0,0,"No constraint needed"
1104258509693,S Main St,ACTUAL_COUNT,2666,False,NONE,2666,0,0,"No constraint needed"
110416446926,S Rusk St,INTERPOLATED,7156,False,NONE,7156,0,0,"No constraint needed"
110416447146,S Waco St,ACTUAL_COUNT,1663,False,NONE,1663,0,0,"No constraint needed"
110416447358,S Alamo St,INTERPOLATED,2127,False,NONE,2127,0,0,"No constraint needed"
1102200938504,S Bear Creek Ct,NO_DATA,0,False,NONE,0,0,0,"No constraint needed"
110416448497,S Birch St,INTERPOLATED,1201,False,NONE,1201,0,0,"No constraint needed"
110416467113,S Pearson Ln,ACTUAL_COUNT,524,False,NONE,524,0,0,"No constraint needed"
110416456823,S Kelly Ct,INTERPOLATED,860,True,PendantCluster,184,-676,-78.6,"Nested pendant cluster (depth 6): Capped to 184 AADT (26% of entry road 'Kelly Ct': 703)"
1102970394235,S Hill Dr,INTERPOLATED,2499,False,NONE,2499,0,0,"No constraint needed"
110416447359,S Alamo St,ACTUAL_COUNT,1663,False,NONE,1663,0,0,"No constraint needed"
110416463359,S Tower St,INTERPOLATED,5443,False,NONE,5443,0,0,"No constraint needed"
1102200940744,S Main St,ACTUAL_COUNT,1696,False,NONE,1696,0,0,"No constraint needed"
1104258509692,S Main St,ACTUAL_COUNT,1696,False,NONE,1696,0,0,"No constraint needed"
1106067268761,S Sloan St,INTERPOLATED,4131,False,NONE,4131,0,0,"No constraint needed"
110416447357,S Alamo St,INTERPOLATED,1819,False,NONE,1819,0,0,"No constraint needed"
110416480282,S O'Neal Ave,ACTUAL_COUNT,3001,False,NONE,3001,0,0,"No constraint needed"
110416478425,S Ranch House Rd,ACTUAL_COUNT,11496,False,NONE,11496,0,0,"No constraint needed"
110416454074,S Front St,ACTUAL_COUNT,390,False,NONE,390,0,0,"No constraint needed"
110416446089,S Fork Ct,INTERPOLATED,2364,True,PendantCluster,1112,-1252,-53,"Nested pendant cluster (depth 2): Capped to 1;112 AADT (64% of entry road 'S Fork Dr': 1;739)"
1104258587933,E State Hwy 199,ACTUAL_COUNT,303043,False,NONE,303043,0,0,"No constraint needed"
110416477840,E Yucca Vw,INTERPOLATED,3488,False,NONE,3488,0,0,"No constraint needed"
110416446750,E Reno Rd,ACTUAL_COUNT,847,False,NONE,847,0,0,"No constraint needed"
110416477489,E Shangri la Dr,ACTUAL_COUNT,1014,True,PendantCluster,830,-184,-18.1,"Nested pendant cluster (depth 4): Capped to 830 AADT (41% of 2 entry roads (W Shangri la Dr; Shangri la Dr): 2;028)"
110416479386,E Bluff Springs Rd,INTERPOLATED,373,True,PendantCluster,83,-290,-77.7,"Nested pendant cluster (depth 8): Capped to 83 AADT (17% of 2 entry roads (E Bluff Springs Rd; Bluff Springs Rd): 495)"
110416477903,E Bozeman Lan,INTERPOLATED,2972,True,PendantCluster,120,-2852,-96,"Nested pendant cluster (depth 8): Capped to 120 AADT (17% of entry road 'N Boyce Ln': 720)"
110416459366,E Owens St,ACTUAL_COUNT,4493,False,NONE,4493,0,0,"No constraint needed"
11016954897254,E 4th St,INTERPOLATED,1072,False,NONE,1072,0,0,"No constraint needed"
1103574755631,E El Camino Real Rd,INTERPOLATED,413,True,PendantCluster,294,-119,-28.8,"Nested pendant cluster (depth 4): Capped to 294 AADT (41% of entry road 'New Tin Top Rd': 718)"
110416448793,E Bluff Ln,INTERPOLATED,343,True,PendantCluster,196,-147,-42.9,"Nested pendant cluster (depth 8): Capped to 196 AADT (17% of 2 entry roads (E Bluff Ln; Brazos Bluff): 1;171)"
11016954897256,E 4th St,INTERPOLATED,1258,False,NONE,1258,0,0,"No constraint needed"
1105598415223,E Aycock Ct,INTERPOLATED,1299,True,PendantCluster,425,-874,-67.3,"Nested pendant cluster (depth 2): Capped to 425 AADT (64% of entry road 'Zion Hill Loop': 665)"
110416477874,E Bluebonnet Dr,INTERPOLATED,245,True,PendantCluster,131,-114,-46.5,"Nested pendant cluster (depth 6): Capped to 131 AADT (26% of 3 entry roads (N Mountain Rdg; S Mountain Rdg; ...): 503)"
110416445721,E FM 1187,INTERPOLATED,2579,False,NONE,2579,0,0,"No constraint needed"
11033198780340,E Thoroughbred,INTERPOLATED,1181,True,PendantCluster,1165,-16,-1.4,"Nested pendant cluster (depth 2): Capped to 1;165 AADT (64% of 2 entry roads (W Thoroughbred; Meadow Place Dr): 1;821)"
11033198780365,E Jockey,INTERPOLATED,1128,False,NONE,1128,0,0,"No constraint needed"
110416445416,E 5th Ter,ACTUAL_COUNT,314,False,NONE,314,0,0,"No constraint needed"
1106092740124,E 3rd St,INTERPOLATED,601,False,NONE,601,0,0,"No constraint needed"
110416445342,E 1st St,ACTUAL_COUNT,1024,False,NONE,1024,0,0,"No constraint needed"
110416470278,E Bradshaw Rd,INTERPOLATED,2325,False,NONE,2325,0,0,"No constraint needed"
1106087427504,E White Dove St,INTERPOLATED,793,False,NONE,793,0,0,"No constraint needed"
110416445344,E 1st St,INTERPOLATED,1627,False,NONE,1627,0,0,"No constraint needed"
110416445484,E 7th St,INTERPOLATED,1564,False,NONE,1564,0,0,"No constraint needed"
110416445377,E 3rd St,ACTUAL_COUNT,1910,False,NONE,1910,0,0,"No constraint needed"
110416478663,E Weatherford St,ACTUAL_COUNT,723,False,NONE,723,0,0,"No constraint needed"
1102970390386,E 1st St,INTERPOLATED,946,False,NONE,946,0,0,"No constraint needed"
1103459146393,E Eureka St,INTERPOLATED,7564,False,NONE,7564,0,0,"No constraint needed"
1102200921934,E Columbia St,INTERPOLATED,5464,False,NONE,5464,0,0,"No constraint needed"
110416471873,E Dry Creek Rd,ACTUAL_COUNT,643,False,NONE,643,0,0,"No constraint needed"
110416470162,E Bankhead Hwy,ACTUAL_COUNT,8008,False,NONE,8008,0,0,"No constraint needed"
110416445413,E 5th St,ACTUAL_COUNT,314,False,NONE,314,0,0,"No constraint needed"
1102970394550,E 7th St,ACTUAL_COUNT,314,False,NONE,314,0,0,"No constraint needed"
110416445421,E 6th St,INTERPOLATED,314,False,NONE,314,0,0,"No constraint needed"
110416470830,E Ladybird Ln,INTERPOLATED,755,True,PendantCluster,323,-432,-57.2,"Nested pendant cluster (depth 4): Capped to 323 AADT (41% of entry road 'Ladybird Ln': 791)"
110416470098,E Anderson St,ACTUAL_COUNT,8820,False,NONE,8820,0,0,"No constraint needed"
110416445491,E 8th St,INTERPOLATED,1486,False,NONE,1486,0,0,"No constraint needed"
110416445435,E 6th St,INTERPOLATED,1318,False,NONE,1318,0,0,"No constraint needed"
11016954897255,E 4th St,ACTUAL_COUNT,1910,False,NONE,1910,0,0,"No constraint needed"
1102970396045,E Columbia St,INTERPOLATED,5039,False,NONE,5039,0,0,"No constraint needed"
110416472154,E Josephine Ave,ACTUAL_COUNT,2666,False,NONE,2666,0,0,"No constraint needed"
110416445673,E Oak St,ACTUAL_COUNT,11748,False,NONE,11748,0,0,"No constraint needed"
110416471499,E West Oak Dr,INTERPOLATED,9151,False,NONE,9151,0,0,"No constraint needed"
11033198780261,E Furlong,INTERPOLATED,978,False,NONE,978,0,0,"No constraint needed"
1102200938371,E Arbor Ct,INTERPOLATED,1516,True,PendantCluster,496,-1020,-67.3,"Nested pendant cluster (depth 6): Capped to 496 AADT (26% of 2 entry roads (W Arbor Ct; Arbor Trl): 1;894)"
1103700781232,E Sixth St,INTERPOLATED,379,False,NONE,379,0,0,"No constraint needed"
110416466482,E Browder Cir,INTERPOLATED,468,True,PendantCluster,305,-163,-34.8,"Nested pendant cluster (depth 6): Capped to 305 AADT (26% of 2 entry roads (E Browder Cir; Lark St): 1;166)"
110416464228,E Cherry Dr,INTERPOLATED,14802,True,PendantCluster,1023,-13779,-93.1,"Nested pendant cluster (depth 12): Capped to 1;023 AADT (7% of 2 entry roads (W Cherry Dr; Edgehill Dr): 14;895)"
1106067279221,E Bankhead Dr,ACTUAL_COUNT,8741,False,NONE,8741,0,0,"No constraint needed"
110416463998,E Baylor St,INTERPOLATED,3734,False,NONE,3734,0,0,"No constraint needed"
110416478875,E Canyon Creek Ln,INTERPOLATED,469,True,PendantCluster,373,-96,-20.5,"Nested pendant cluster (depth 10): Capped to 373 AADT (11% of 2 entry roads (E Canyon Creek Ln; Winding Creek Dr): 3;476)"
110416467266,E Russell St,INTERPOLATED,4075,False,NONE,4075,0,0,"No constraint needed"
110416466416,E Baggett Ave,ACTUAL_COUNT,749,False,NONE,749,0,0,"No constraint needed"
110416446398,E Lake Dr,ACTUAL_COUNT,2440,False,NONE,2440,0,0,"No constraint needed"
1105598385512,E 9th St,INTERPOLATED,437,False,NONE,437,0,0,"No constraint needed"
110416445376,E 3rd St,INTERPOLATED,743,False,NONE,743,0,0,"No constraint needed"
110416445355,E 2nd St,ACTUAL_COUNT,1024,False,NONE,1024,0,0,"No constraint needed"
110416446275,E Jake St,INTERPOLATED,2187,True,PendantCluster,1006,-1181,-54,"Nested pendant cluster (depth 6): Capped to 1;006 AADT (26% of 2 entry roads (W Jake St; Chaparral Ln): 3;839)"
110416446400,E Lake Dr,INTERPOLATED,358,False,NONE,358,0,0,"No constraint needed"
110416448067,E Barry St,INTERPOLATED,820,True,PendantCluster,537,-283,-34.5,"Nested pendant cluster (depth 2): Capped to 537 AADT (64% of entry road 'Harris Rd': 840)"
1103695955418,E Rio Rdg,INTERPOLATED,13,True,PendantCluster,8,-5,-38.5,"Nested pendant cluster (depth 24): Capped to 8 AADT (0% of 2 entry roads (E Rio Rdg; River Run Dr): 1;703)"
110416446670,E Park Ave,ACTUAL_COUNT,3679,False,NONE,3679,0,0,"No constraint needed"
110416461894,E Rentz St,ACTUAL_COUNT,4493,False,NONE,4493,0,0,"No constraint needed"
110416445414,E 5th St,ACTUAL_COUNT,1910,False,NONE,1910,0,0,"No constraint needed"
1102970396046,E Columbia St,INTERPOLATED,3364,False,NONE,3364,0,0,"No constraint needed"
110416445618,E Lee Ave,ACTUAL_COUNT,2666,False,NONE,2666,0,0,"No constraint needed"
1102970400744,E Akard Ave,ACTUAL_COUNT,11268,False,NONE,11268,0,0,"No constraint needed"
110416464103,E Brazos Rd,ACTUAL_COUNT,107,False,NONE,107,0,0,"No constraint needed"
110416445674,E Oak St,ACTUAL_COUNT,319,True,PendantCluster,259,-60,-18.8,"Nested pendant cluster (depth 8): Capped to 259 AADT (17% of 2 entry roads (E Oak St; Rolling Hills Dr): 1;549)"
1102970394549,E 7th St,ACTUAL_COUNT,314,False,NONE,314,0,0,"No constraint needed"
1103464108396,E Third St,INTERPOLATED,600,False,NONE,600,0,0,"No constraint needed"
110416445378,E 3rd St,INTERPOLATED,841,True,PendantCluster,500,-341,-40.5,"Nested pendant cluster (depth 6): Capped to 500 AADT (26% of 2 entry roads (E 3rd St; Linville Ln): 1;911)"
1103690719671,E Spring St,ACTUAL_COUNT,4868,False,NONE,4868,0,0,"No constraint needed"
110416445672,E Oak St,ACTUAL_COUNT,1696,False,NONE,1696,0,0,"No constraint needed"
110416470462,E Columbia St,ACTUAL_COUNT,1696,False,NONE,1696,0,0,"No constraint needed"
110416467866,E Simmons St,ACTUAL_COUNT,2666,False,NONE,2666,0,0,"No constraint needed"
110416478386,E Poe Prairie Rd,INTERPOLATED,409,True,PendantCluster,224,-185,-45.2,"Nested pendant cluster (depth 8): Capped to 224 AADT (17% of 2 entry roads (E Poe Prairie Rd; Circle Oak Ct): 1;339)"
110416470463,E Columbia St,INTERPOLATED,8109,False,NONE,8109,0,0,"No constraint needed"
110416469961,E Terrace Ct,INTERPOLATED,2342,True,PendantCluster,1817,-525,-22.4,"Nested pendant cluster (depth 4): Capped to 1;817 AADT (41% of 2 entry roads (W Terrace Ct; Highland Dr): 4;437)"
110416479555,E Hidden Meadow Ct,INTERPOLATED,385,True,PendantCluster,2,-383,-99.5,"Nested pendant cluster (depth 10): Capped to 2 AADT (11% of entry road 'Hidden Creek Rd': 19)"
110416478729,E Woody Creek Ct,INTERPOLATED,7094,True,PendantCluster,4529,-2565,-36.2,"Nested pendant cluster (depth 4): Capped to 4;529 AADT (41% of 2 entry roads (W Woody Creek Ct; Woody Creek Dr): 11;058)"
1106092740200,E Reno Rd,ACTUAL_COUNT,9,False,NONE,9,0,0,"No constraint needed"
1103529583558,E 7th St,INTERPOLATED,375,True,PendantCluster,275,-100,-26.7,"Nested pendant cluster (depth 2): Capped to 275 AADT (64% of entry road 'N Ave E': 430)"
1103529583763,E 7th St,INTERPOLATED,445,False,NONE,445,0,0,"No constraint needed"
1106092740199,E Reno Rd,ACTUAL_COUNT,1110,False,NONE,1110,0,0,"No constraint needed"
110416463459,E Water St,ACTUAL_COUNT,967,False,NONE,967,0,0,"No constraint needed"
110416464109,E Bridge St,ACTUAL_COUNT,4868,False,NONE,4868,0,0,"No constraint needed"
110416479826,E El Camino Real,INTERPOLATED,294,True,PendantCluster,154,-140,-47.6,"Nested pendant cluster (depth 6): Capped to 154 AADT (26% of 2 entry roads (E El Camino Real; Hillcroft Dr): 588)"
110416464255,E Church St,ACTUAL_COUNT,1696,False,NONE,1696,0,0,"No constraint needed"
110416470453,E Colorado St,ACTUAL_COUNT,107,True,PendantCluster,98,-9,-8.4,"Nested pendant cluster (depth 4): Capped to 98 AADT (41% of 2 entry roads (E Colorado St; Pine St): 240)"
1102466550021,E Aledo Creeks Rd,NO_DATA,0,False,NONE,0,0,0,"No constraint needed"
11033198780315,E Paddock,INTERPOLATED,1169,True,PendantCluster,1162,-7,-0.6,"Nested pendant cluster (depth 2): Capped to 1;162 AADT (64% of 2 entry roads (W Paddock; Meadow Place Dr): 1;816)"
110416446147,E Gumm Ct,INTERPOLATED,1193,True,PendantCluster,130,-1063,-89.1,"Nested pendant cluster (depth 10): Capped to 130 AADT (11% of 2 entry roads (W Gumm Ct; Forest Trail Ct): 1;215)"
110416466445,E Bozeman Ln,INTERPOLATED,2701,True,PendantCluster,330,-2371,-87.8,"Nested pendant cluster (depth 10): Capped to 330 AADT (11% of 2 entry roads (E Bozeman Lan; Story Ln): 3;078)"
1103690720139,E 2nd St,INTERPOLATED,1443,False,NONE,1443,0,0,"No constraint needed"
1103690720138,E 2nd St,ACTUAL_COUNT,511,False,NONE,511,0,0,"No constraint needed"
1102970390387,E 1st St,ACTUAL_COUNT,511,False,NONE,511,0,0,"No constraint needed"
1102970400743,E Akard Ave,INTERPOLATED,4112,False,NONE,4112,0,0,"No constraint needed"
110416467861,E Simmons St,INTERPOLATED,5037,False,NONE,5037,0,0,"No constraint needed"
110416466552,E Cattail Ln,INTERPOLATED,841,True,PendantCluster,504,-337,-40.1,"Nested pendant cluster (depth 2): Capped to 504 AADT (64% of entry road 'Cattail Trl': 788)"
110416477799,E Windwalker Ct,INTERPOLATED,2453,True,PendantCluster,599,-1854,-75.6,"Nested pendant cluster (depth 8): Capped to 599 AADT (17% of 2 entry roads (W Windwalker Ct; Encino Springs Ln): 3;576)"
110416477751,W White Dove St,INTERPOLATED,1194,False,NONE,1194,0,0,"No constraint needed"
110416470282,W Bradshaw Rd,INTERPOLATED,2725,False,NONE,2725,0,0,"No constraint needed"
110416446153,W Gumm Ct,INTERPOLATED,1207,True,PendantCluster,14,-1193,-98.8,"Nested pendant cluster (depth 10): Capped to 14 AADT (11% of 2 entry roads (E Gumm Ct; Forest Trail Ct): 138)"
110416448114,W Barry St,INTERPOLATED,757,False,NONE,757,0,0,"No constraint needed"
110416446674,W Park Ave,ACTUAL_COUNT,1829,False,NONE,1829,0,0,"No constraint needed"
110416470182,W Bankhead Hwy,ACTUAL_COUNT,1765,False,NONE,1765,0,0,"No constraint needed"
110416467271,W Russell St,ACTUAL_COUNT,1469,False,NONE,1469,0,0,"No constraint needed"
110416478878,W Canyon Creek Ln,INTERPOLATED,2766,True,PendantCluster,11,-2755,-99.6,"Nested pendant cluster (depth 10): Capped to 11 AADT (11% of entry road 'Canyon Creek Ln': 106)"
110416446412,W Lake Dr,INTERPOLATED,1109,True,PendantCluster,918,-191,-17.2,"Nested pendant cluster (depth 4): Capped to 918 AADT (41% of 2 entry roads (W Lake Dr; Unknown Road): 2;243)"
110416446413,W Lake Dr,INTERPOLATED,1129,True,PendantCluster,918,-211,-18.7,"Nested pendant cluster (depth 4): Capped to 918 AADT (41% of 2 entry roads (W Lake Dr; Unknown Road): 2;243)"
11033198780311,W Paddock,INTERPOLATED,993,False,NONE,993,0,0,"No constraint needed"
11033198780336,W Thoroughbred,INTERPOLATED,998,False,NONE,998,0,0,"No constraint needed"
11033198780361,W Jockey,INTERPOLATED,1005,False,NONE,1005,0,0,"No constraint needed"
110416478742,W Woody Creek Ct,INTERPOLATED,6964,True,PendantCluster,3531,-3433,-49.3,"Nested pendant cluster (depth 4): Capped to 3;531 AADT (41% of 2 entry roads (E Woody Creek Ct; Woody Creek Dr): 8;623)"
1102200938342,W Arbor Ct,INTERPOLATED,1442,True,PendantCluster,248,-1194,-82.8,"Nested pendant cluster (depth 6): Capped to 248 AADT (26% of 2 entry roads (E Arbor Ct; Arbor Trl): 948)"
110416445410,W 4th Ter,INTERPOLATED,1018,False,NONE,1018,0,0,"No constraint needed"
110416445382,W 3rd St,INTERPOLATED,949,False,NONE,949,0,0,"No constraint needed"
110416446278,W Jake St,INTERPOLATED,2193,True,PendantCluster,695,-1498,-68.3,"Nested pendant cluster (depth 6): Capped to 695 AADT (26% of 2 entry roads (E Jake St; Chaparral Ln): 2;652)"
1102200931131,W Morning Dove Dr,INTERPOLATED,9344,False,NONE,9344,0,0,"No constraint needed"
110416471784,W Chaparral Rd,INTERPOLATED,1426,True,PendantCluster,3,-1423,-99.8,"Nested pendant cluster (depth 12): Capped to 3 AADT (7% of entry road 'Chaparral Rd': 58)"
110416461994,W Rentz St,ACTUAL_COUNT,4493,False,NONE,4493,0,0,"No constraint needed"
1103661346408,W Ranch Ln,INTERPOLATED,2020,False,NONE,2020,0,0,"No constraint needed"
110416445407,W 4th St,ACTUAL_COUNT,1910,False,NONE,1910,0,0,"No constraint needed"
110416445455,W 6th St,INTERPOLATED,1504,False,NONE,1504,0,0,"No constraint needed"
110416445625,W Lee Ave,ACTUAL_COUNT,2666,False,NONE,2666,0,0,"No constraint needed"
1102970396054,W Josephine Ave,INTERPOLATED,4646,False,NONE,4646,0,0,"No constraint needed"
110416467953,W Simmons Ave,ACTUAL_COUNT,2666,False,NONE,2666,0,0,"No constraint needed"
1102200945134,W Davis Cir,INTERPOLATED,168,True,PendantCluster,45,-123,-73.2,"Nested pendant cluster (depth 4): Capped to 45 AADT (41% of entry road 'W Lee': 111)"
110416452021,W Davis Cir,INTERPOLATED,161,True,PendantCluster,29,-132,-82,"Nested pendant cluster (depth 6): Capped to 29 AADT (26% of entry road 'W Lee': 111)"
1103690719183,W Baggett Ave,ACTUAL_COUNT,1979,False,NONE,1979,0,0,"No constraint needed"
110416446408,W Lake Dr,INTERPOLATED,2833,False,NONE,2833,0,0,"No constraint needed"
1103794619923,W Lake Dr,ACTUAL_COUNT,738,False,NONE,738,0,0,"No constraint needed"
110416469964,W Terrace Ct,INTERPOLATED,2517,True,PendantCluster,1530,-987,-39.2,"Nested pendant cluster (depth 4): Capped to 1;530 AADT (41% of 2 entry roads (E Terrace Ct; Highland Dr): 3;737)"
1104469554733,W Forty Est,INTERPOLATED,12960,True,PendantCluster,10705,-2255,-17.4,"Nested pendant cluster (depth 4): Capped to 10;705 AADT (41% of 2 entry roads (W Forty Est; Skyview Ct): 26;136)"
110416474613,W Rio Rdg,INTERPOLATED,1889,True,PendantCluster,0,-1889,-100,"Nested pendant cluster (depth 20): Capped to 0 AADT (1% of entry road 'E Rio Rdg': 21)"
1104258577110,W Main St,ACTUAL_COUNT,379,True,PendantCluster,105,-274,-72.3,"Nested pendant cluster (depth 10): Capped to 105 AADT (11% of 2 entry roads (W Main St; Locust St): 982)"
110416451300,W Couts St,INTERPOLATED,2096,False,NONE,2096,0,0,"No constraint needed"
110416464106,W Brazos St,INTERPOLATED,122,False,NONE,122,0,0,"No constraint needed"
110416469719,W Tarrant St,INTERPOLATED,150,False,NONE,150,0,0,"No constraint needed"
110416465878,W Scenic Trl,INTERPOLATED,1809,False,NONE,1809,0,0,"No constraint needed"
110416470103,W Anderson St,ACTUAL_COUNT,2889,True,PendantCluster,840,-2049,-70.9,"Nested pendant cluster (depth 2): Capped to 840 AADT (64% of entry road 'Charles St': 1;314)"
110416445799,W FM 2891,INTERPOLATED,1823,False,NONE,1823,0,0,"No constraint needed"
1104258505722,W State Hwy 199,INTERPOLATED,1492,False,NONE,1492,0,0,"No constraint needed"
110416446411,W Lake Dr,INTERPOLATED,1023,False,NONE,1023,0,0,"No constraint needed"
110416446410,W Lake Dr,INTERPOLATED,1014,False,NONE,1014,0,0,"No constraint needed"
110416479558,W Hidden Meadow Ct,INTERPOLATED,433,True,PendantCluster,16,-417,-96.3,"Nested pendant cluster (depth 8): Capped to 16 AADT (17% of entry road 'Hidden Creek Rd': 101)"
110416446757,W Reno Rd,ACTUAL_COUNT,847,False,NONE,847,0,0,"No constraint needed"
1106087639693,W Shangri la Dr,ACTUAL_COUNT,755,True,PendantCluster,197,-558,-73.9,"Nested pendant cluster (depth 6): Capped to 197 AADT (26% of entry road 'W Shangri la Dr': 755)"
1102970393242,W 7th St,INTERPOLATED,1549,False,NONE,1549,0,0,"No constraint needed"
110416445357,W 2nd St,ACTUAL_COUNT,723,False,NONE,723,0,0,"No constraint needed"
110416463462,W Water St,ACTUAL_COUNT,1415,False,NONE,1415,0,0,"No constraint needed"
110416445848,W Ball St,ACTUAL_COUNT,97,False,NONE,97,0,0,"No constraint needed"
110416465966,W Spring St,ACTUAL_COUNT,1663,False,NONE,1663,0,0,"No constraint needed"
110416445677,W Oak St,ACTUAL_COUNT,736,False,NONE,736,0,0,"No constraint needed"
110416448866,W Bluff Ln,INTERPOLATED,956,True,PendantCluster,182,-774,-81,"Nested pendant cluster (depth 6): Capped to 182 AADT (26% of 2 entry roads (E Bluff Ln; River Dr): 697)"
1103661346401,W Ranch Ln,INTERPOLATED,2841,True,PendantCluster,216,-2625,-92.4,"Nested pendant cluster (depth 6): Capped to 216 AADT (26% of entry road 'Unknown Road': 827)"
1103690719182,W Baggett Ave,INTERPOLATED,1304,True,PendantCluster,1020,-284,-21.8,"Nested pendant cluster (depth 2): Capped to 1;020 AADT (64% of 2 entry roads (Pine; Pine Rd): 1;594)"
1102200932034,W Aycock Ct,INTERPOLATED,1385,True,PendantCluster,425,-960,-69.3,"Nested pendant cluster (depth 2): Capped to 425 AADT (64% of entry road 'Zion Hill Loop': 665)"
110416445752,W FM 1885,ACTUAL_COUNT,21603,True,PendantCluster,20977,-626,-2.9,"Nested pendant cluster (depth 2): Capped to 20;977 AADT (64% of 2 entry roads (W FM 1885; Rock Creek Rd): 32;778)"
110416445676,W Oak St,INTERPOLATED,1417,False,NONE,1417,0,0,"No constraint needed"
1102970394441,W Lake Dr,INTERPOLATED,493,True,PendantCluster,149,-344,-69.8,"Nested pendant cluster (depth 2): Capped to 149 AADT (64% of entry road 'White Settlement Rd': 233)"
110416445418,W 5th St,ACTUAL_COUNT,314,False,NONE,314,0,0,"No constraint needed"
110416445408,W 4th St,INTERPOLATED,1015,False,NONE,1015,0,0,"No constraint needed"
110416445349,W 1st St,ACTUAL_COUNT,1024,False,NONE,1024,0,0,"No constraint needed"
110416477850,W Yucca Vw,ACTUAL_COUNT,39,False,NONE,39,0,0,"No constraint needed"
110416477667,W Timberlake St,INTERPOLATED,907,True,PendantCluster,0,-907,-100,"Nested pendant cluster (depth 8): Capped to 0 AADT (17% of entry road 'S Cardinal Rd': 1)"
110416464053,W Bill B Rd,INTERPOLATED,5072,False,NONE,5072,0,0,"No constraint needed"
1103677410975,W Remuda Cir,INTERPOLATED,2201,False,NONE,2201,0,0,"No constraint needed"
110416474660,W Sandy Lee Ln,ACTUAL_COUNT,350,True,PendantCluster,37,-313,-89.4,"Nested pendant cluster (depth 6): Capped to 37 AADT (26% of entry road 'Sandy Lee Ln': 143)"
1102970393243,W 7th St,ACTUAL_COUNT,1210,False,NONE,1210,0,0,"No constraint needed"
110416447309,W Akard Ave,INTERPOLATED,1991,False,NONE,1991,0,0,"No constraint needed"
11016955645036,W Ranch Ct,INTERPOLATED,1952,False,NONE,1952,0,0,"No constraint needed"
110416470456,W Colorado,INTERPOLATED,135,False,NONE,135,0,0,"No constraint needed"
1103690718686,W North St,INTERPOLATED,3729,False,NONE,3729,0,0,"No constraint needed"
110416445383,W 3rd St,ACTUAL_COUNT,1910,False,NONE,1910,0,0,"No constraint needed"
110416445350,W 1st St,ACTUAL_COUNT,723,False,NONE,723,0,0,"No constraint needed"
1106087639739,W El Camino Real,INTERPOLATED,38,True,PendantCluster,8,-30,-78.9,"Nested pendant cluster (depth 10): Capped to 8 AADT (11% of 2 entry roads (W El Camino Real; Crossland Dr): 76)"
110416464260,W Church St,ACTUAL_COUNT,1696,False,NONE,1696,0,0,"No constraint needed"
110416470467,W Columbia Ave,INTERPOLATED,3876,True,PendantCluster,192,-3684,-95,"Nested pendant cluster (depth 4): Capped to 192 AADT (41% of entry road 'S Merrimac St': 471)"
110416464076,W Borden,INTERPOLATED,137,False,NONE,137,0,0,"No constraint needed"
110416445623,W Lee,INTERPOLATED,112,True,PendantCluster,111,-1,-0.9,"Nested pendant cluster (depth 4): Capped to 111 AADT (41% of 2 entry roads (W Lee; Unknown Road): 273)"
1106092772001,W FM 5,ACTUAL_COUNT,3001,False,NONE,3001,0,0,"No constraint needed"
110416445358,W 2nd St,ACTUAL_COUNT,1024,False,NONE,1024,0,0,"No constraint needed"
110416474680,W Shangrila Dr,INTERPOLATED,16831,True,PendantCluster,197,-16634,-98.8,"Nested pendant cluster (depth 6): Capped to 197 AADT (26% of entry road 'W Shangri la Dr': 755)"
1104478557420,W Chaparral Rd,INTERPOLATED,1483,True,PendantCluster,3,-1480,-99.8,"Nested pendant cluster (depth 12): Capped to 3 AADT (7% of entry road 'Chaparral Rd': 58)"
110416459394,W Owens St,ACTUAL_COUNT,4493,False,NONE,4493,0,0,"No constraint needed"
110416470102,W Anderson St,ACTUAL_COUNT,1469,False,NONE,1469,0,0,"No constraint needed"
110416464112,W Bridge St,ACTUAL_COUNT,1663,False,NONE,1663,0,0,"No constraint needed"
1102970396055,W Josephine Ave,ACTUAL_COUNT,2666,False,NONE,2666,0,0,"No constraint needed"
110416477804,W Windwalker Ct,INTERPOLATED,2442,True,PendantCluster,290,-2152,-88.1,"Nested pendant cluster (depth 8): Capped to 290 AADT (17% of 2 entry roads (E Windwalker Ct; Encino Springs Ln): 1;733)"
110416471502,W West Oak Dr,INTERPOLATED,9280,False,NONE,9280,0,0,"No constraint needed"
11033198780270,W Furlong,INTERPOLATED,1031,False,NONE,1031,0,0,"No constraint needed"
1104258505030,W State Hwy 199,INTERPOLATED,1578,False,NONE,1578,0,0,"No constraint needed"
110416467051,W N Woody Rd,INTERPOLATED,843,False,NONE,843,0,0,"No constraint needed"
110416445846,W Ball St,ACTUAL_COUNT,97,False,NONE,97,0,0,"No constraint needed"
110416470469,W Columbia Ave,ACTUAL_COUNT,2666,False,NONE,2666,0,0,"No constraint needed"
110416464001,W Baylor St,INTERPOLATED,10431,False,NONE,10431,0,0,"No constraint needed"
110416466956,W Lambert Rd,INTERPOLATED,514,False,NONE,514,0,0,"No constraint needed"
110416446219,W Hill Dr,INTERPOLATED,3357,True,PendantCluster,1052,-2305,-68.7,"Nested pendant cluster (depth 2): Capped to 1;052 AADT (64% of entry road 'Annetta Centerpoint Rd': 1;645)"
110416445390,W 3rd Ter,INTERPOLATED,1105,False,NONE,1105,0,0,"No constraint needed"
110416466484,W Browder Cir,INTERPOLATED,864,True,PendantCluster,542,-322,-37.3,"Nested pendant cluster (depth 2): Capped to 542 AADT (64% of entry road 'E Reno Rd': 847)"
110416464232,W Cherry Dr,INTERPOLATED,14829,True,PendantCluster,74,-14755,-99.5,"Nested pendant cluster (depth 12): Capped to 74 AADT (7% of 2 entry roads (E Cherry Dr; Edgehill Dr): 1;089)"
1103695943688,W Bozeman Ln,INTERPOLATED,3556,True,PendantCluster,126,-3430,-96.5,"Nested pendant cluster (depth 10): Capped to 126 AADT (11% of 2 entry roads (N Boyce Ln; S Boyce Ln): 1;179)"
110416462176,W Ridge St,INTERPOLATED,1979,False,NONE,1979,0,0,"No constraint needed"
1102200935774,W Bishop St,ACTUAL_COUNT,5562,False,NONE,5562,0,0,"No constraint needed"
110416445419,W 5th St,ACTUAL_COUNT,1910,False,NONE,1910,0,0,"No constraint needed"
110416478665,W Weatherford St,ACTUAL_COUNT,723,False,NONE,723,0,0,"No constraint needed"
110416445847,W Ball St,INTERPOLATED,1353,False,NONE,1353,0,0,"No constraint needed"
1106067270687,W Seaberry Ave,ACTUAL_COUNT,749,False,NONE,749,0,0,"No constraint needed"
110416471877,W Dry Creek Rd,ACTUAL_COUNT,873,False,NONE,873,0,0,"No constraint needed"
1102638173443,W FM 52,INTERPOLATED,1267,False,NONE,1267,0,0,"No constraint needed"
110416463182,W Shore Dr,INTERPOLATED,2125,True,PendantCluster,1813,-312,-14.7,"Nested pendant cluster (depth 2): Capped to 1;813 AADT (64% of entry road 'W Lake Dr': 2;833)"
1102200925508,W Timber Lake Pl,ACTUAL_COUNT,4144,True,PendantCluster,1153,-2991,-72.2,"Nested pendant cluster (depth 4): Capped to 1;153 AADT (41% of 2 entry roads (Cliff Vw Lp; N Timber Lake Pl): 2;816)"
110416490939,NE Front St,INTERPOLATED,150,True,PendantCluster,86,-64,-42.7,"Nested pendant cluster (depth 4): Capped to 86 AADT (41% of 2 entry roads (N Trails End Cir; NE Front): 212)"
110416466707,NE Front,ACTUAL_COUNT,107,False,NONE,107,0,0,"No constraint needed"
110416454102,NW Front St,INTERPOLATED,142,False,NONE,142,0,0,"No constraint needed"
110416467095,NW Parkway St,INTERPOLATED,8717,True,PendantCluster,6538,-2179,-25,"Nested pendant cluster (depth 4): Capped to 6;538 AADT (41% of 2 entry roads (NW Parkway St; Donaldson): 15;962)"
1102200931448,NW Parkway St,ACTUAL_COUNT,10013,False,NONE,10013,0,0,"No constraint needed"
110416454168,SW Front St,INTERPOLATED,141,True,PendantCluster,121,-20,-14.2,"Nested pendant cluster (depth 4): Capped to 121 AADT (41% of 2 entry roads (SW Front St; Parker St): 296)"
110416472121,Hillcroft Rd,INTERPOLATED,2651,True,PendantCluster,3,-2648,-99.9,"Nested pendant cluster (depth 12): Capped to 3 AADT (7% of entry road 'White Settlement Rd': 44)"
110416471176,Overland Ct,INTERPOLATED,844,True,PendantCluster,94,-750,-88.9,"Nested pendant cluster (depth 6): Capped to 94 AADT (26% of entry road 'Overland Trl': 360)"
110416479327,Veal Station Rd,INTERPOLATED,5738,False,NONE,5738,0,0,"No constraint needed"
1102200928320,Unknown Road,INTERPOLATED,6684,True,PendantCluster,3672,-3012,-45.1,"Nested pendant cluster (depth 2): Capped to 3;672 AADT (64% of entry road 'Veal Station Rd': 5;738)"
1102200938316,Unknown Road,INTERPOLATED,821,True,PendantCluster,631,-190,-23.1,"Nested pendant cluster (depth 4): Capped to 631 AADT (41% of 2 entry roads (Unknown Road; Unknown Road): 1;542)"
110416491777,Unknown Road,INTERPOLATED,898,True,PendantCluster,312,-586,-65.3,"Nested pendant cluster (depth 6): Capped to 312 AADT (26% of 2 entry roads (Unknown Road; Unknown Road): 1;191)"
110416477638,Tanglewood Dr,INTERPOLATED,1370,False,NONE,1370,0,0,"No constraint needed"
1103677410941,Gunnison Ct,INTERPOLATED,1162,True,PendantCluster,939,-223,-19.2,"Nested pendant cluster (depth 2): Capped to 939 AADT (64% of 2 entry roads (Willow Wood Dr; Pearson Ln): 1;468)"
110416471047,Mulligan Ln,INTERPOLATED,1978,True,PendantCluster,164,-1814,-91.7,"Nested pendant cluster (depth 6): Capped to 164 AADT (26% of entry road 'Jeremiah Trl': 629)"
110416463974,Barker Ct,INTERPOLATED,711,True,PendantCluster,312,-399,-56.1,"Nested pendant cluster (depth 6): Capped to 312 AADT (26% of 2 entry roads (Land of Goshen Dr; George Ct): 1;193)"
110416474737,Starlight Ln,INTERPOLATED,710,True,PendantCluster,481,-229,-32.3,"Nested pendant cluster (depth 2): Capped to 481 AADT (64% of entry road 'State Hwy 199': 753)"
1102200926477,Stella Ln,INTERPOLATED,1208,True,PendantCluster,1105,-103,-8.5,"Nested pendant cluster (depth 4): Capped to 1;105 AADT (41% of 2 entry roads (Stella Ln; Arbor Trl): 2;699)"
1103430657773,Highland Cr,INTERPOLATED,1653,False,NONE,1653,0,0,"No constraint needed"
1102200934088,Unknown Road,INTERPOLATED,597,False,NONE,597,0,0,"No constraint needed"
1102970398996,Azle Hwy,ACTUAL_COUNT,2684,False,NONE,2684,0,0,"No constraint needed"
110416465741,Oxford Cir,INTERPOLATED,2124,True,PendantCluster,1456,-668,-31.5,"Nested pendant cluster (depth 4): Capped to 1;456 AADT (41% of 2 entry roads (Oxford Ct; Brighton Rd): 3;557)"
1106087841970,Reno Rd,ACTUAL_COUNT,1110,False,NONE,1110,0,0,"No constraint needed"
1103553424653,Unknown Road,INTERPOLATED,507,True,PendantCluster,298,-209,-41.2,"Nested pendant cluster (depth 2): Capped to 298 AADT (64% of entry road 'Arvel Cir': 467)"
1105598247170,Carter Hills Ln,ACTUAL_COUNT,473,True,PendantCluster,289,-184,-38.9,"Nested pendant cluster (depth 10): Capped to 289 AADT (11% of 2 entry roads (Carter Hills Ln; Rising View Ct): 2;693)"
110416490263,Unknown Road,ACTUAL_COUNT,9,False,NONE,9,0,0,"No constraint needed"
110416477210,Oak Valley Ln,ACTUAL_COUNT,5885,False,NONE,5885,0,0,"No constraint needed"
110416472137,Ice House Rd,INTERPOLATED,36236,False,NONE,36236,0,0,"No constraint needed"
110416492391,Unknown Road,INTERPOLATED,77,True,PendantCluster,9,-68,-88.3,"Nested pendant cluster (depth 10): Capped to 9 AADT (11% of 2 entry roads (Unknown Road; Shady Hill Ln): 89)"
110416466730,Enderby Ln,INTERPOLATED,1434,True,PendantCluster,805,-629,-43.9,"Nested pendant cluster (depth 2): Capped to 805 AADT (64% of entry road 'Cottondale Rd': 1;258)"
110416465468,Lazy B Ln,INTERPOLATED,1595,False,NONE,1595,0,0,"No constraint needed"
110416466306,Willow Cir,INTERPOLATED,1604,True,PendantCluster,1,-1603,-99.9,"Nested pendant cluster (depth 14): Capped to 1 AADT (4% of entry road 'Meadow Rd': 30)"
110416471418,Suncrest Dr,INTERPOLATED,1741,False,NONE,1741,0,0,"No constraint needed"
1105598224233,Christenberry Rd,INTERPOLATED,721,False,NONE,721,0,0,"No constraint needed"
110416477119,Meadowlark Trl,ACTUAL_COUNT,1710,True,PendantCluster,421,-1289,-75.4,"Nested pendant cluster (depth 4): Capped to 421 AADT (41% of entry road 'Mockingbird Ln': 1;029)"
110416460593,Quail Ln,INTERPOLATED,1026,True,PendantCluster,421,-605,-59,"Nested pendant cluster (depth 4): Capped to 421 AADT (41% of entry road 'Mockingbird Ln': 1;029)"
110416480193,Pine Bluff Rdg,INTERPOLATED,86705,True,PendantCluster,3193,-83512,-96.3,"Nested pendant cluster (depth 6): Capped to 3;193 AADT (26% of entry road 'Pine Bluff Ln': 12;183)"
110416480042,Valley Meadows Dr,INTERPOLATED,45401,False,NONE,45401,0,0,"No constraint needed"
110416477249,Pine Bluff Ct,INTERPOLATED,76594,True,PendantCluster,8643,-67951,-88.7,"Nested pendant cluster (depth 4): Capped to 8;643 AADT (41% of entry road 'Pine Bluff Ln': 21;102)"
1102970398995,Azle Hwy,ACTUAL_COUNT,233,False,NONE,233,0,0,"No constraint needed"
1103690717191,Summer Tree Ln,INTERPOLATED,374,False,NONE,374,0,0,"No constraint needed"
1103690719694,Ave A,ACTUAL_COUNT,1024,False,NONE,1024,0,0,"No constraint needed"
110416446383,Lake Dr,INTERPOLATED,1050,False,NONE,1050,0,0,"No constraint needed"
1103701318594,Hilltop Dr,INTERPOLATED,1042,False,NONE,1042,0,0,"No constraint needed"
110416489836,Unknown Road,INTERPOLATED,1143,False,NONE,1143,0,0,"No constraint needed"
110416489574,Unknown Road,INTERPOLATED,3112,True,PendantCluster,24,-3088,-99.2,"Nested pendant cluster (depth 2): Capped to 24 AADT (64% of entry road 'W Yucca Vw': 39)"
1103234461654,Texas Dr,INTERPOLATED,1373,False,NONE,1373,0,0,"No constraint needed"
1103677582827,Dancer Ct,INTERPOLATED,1476,True,PendantCluster,1306,-170,-11.5,"Nested pendant cluster (depth 2): Capped to 1;306 AADT (64% of entry road 'Goshen Rd': 2;041)"
110416467071,Oakview Dr,INTERPOLATED,1136,False,NONE,1136,0,0,"No constraint needed"
110416465842,Robert Dr,INTERPOLATED,1064,False,NONE,1064,0,0,"No constraint needed"
110416492582,Unknown Road,INTERPOLATED,1427,True,PendantCluster,926,-501,-35.1,"Nested pendant cluster (depth 2): Capped to 926 AADT (64% of entry road 'Lynch Bend Rd': 1;448)"
1102200926228,Unknown Road,INTERPOLATED,1470,True,PendantCluster,940,-530,-36.1,"Nested pendant cluster (depth 2): Capped to 940 AADT (64% of entry road 'Browder Rd': 1;470)"
110416470689,Highland Rd,ACTUAL_COUNT,290,False,NONE,290,0,0,"No constraint needed"
110416491730,Unknown Road,INTERPOLATED,22384,False,NONE,22384,0,0,"No constraint needed"
110416480028,Southwood Bend,INTERPOLATED,1459,False,NONE,1459,0,0,"No constraint needed"
110416491545,Unknown Road,INTERPOLATED,2413,False,NONE,2413,0,0,"No constraint needed"
110416490303,Unknown Road,INTERPOLATED,1669,False,NONE,1669,0,0,"No constraint needed"
110416490285,Unknown Road,INTERPOLATED,1529,False,NONE,1529,0,0,"No constraint needed"
1102970390890,Unknown Road,INTERPOLATED,4706,False,NONE,4706,0,0,"No constraint needed"
1103430668708,Unknown Road,INTERPOLATED,1641,False,NONE,1641,0,0,"No constraint needed"
1102200929889,Billabong Ct,INTERPOLATED,9607,True,PendantCluster,1542,-8065,-83.9,"Nested pendant cluster (depth 4): Capped to 1;542 AADT (41% of entry road 'Alice Springs Ln': 3;766)"
110416471707,Billabong Ct,INTERPOLATED,31174,True,PendantCluster,149,-31025,-99.5,"Nested pendant cluster (depth 12): Capped to 149 AADT (7% of entry road 'Alice Springs Ln': 2;174)"
1103669883562,Harlan Rd,INTERPOLATED,2175,True,PendantCluster,1884,-291,-13.4,"Nested pendant cluster (depth 2): Capped to 1;884 AADT (64% of entry road 'Veal Station Rd': 2;945)"
110416490038,Unknown Road,INTERPOLATED,1580,True,PendantCluster,364,-1216,-77,"Nested pendant cluster (depth 6): Capped to 364 AADT (26% of entry road 'Winchester Ln': 1;390)"
110416472127,Horseshoe Trl,INTERPOLATED,3881,False,NONE,3881,0,0,"No constraint needed"
110416490350,Unknown Road,INTERPOLATED,1221,True,PendantCluster,810,-411,-33.7,"Nested pendant cluster (depth 2): Capped to 810 AADT (64% of entry road 'Old Springtown Rd': 1;266)"
110416460976,Raley Rd,INTERPOLATED,1260,True,PendantCluster,733,-527,-41.8,"Nested pendant cluster (depth 6): Capped to 733 AADT (26% of 2 entry roads (Raley Rd; Unknown Road): 2;798)"
110416463272,Tejas Rd,INTERPOLATED,962,True,PendantCluster,810,-152,-15.8,"Nested pendant cluster (depth 2): Capped to 810 AADT (64% of entry road 'Old Springtown Rd': 1;266)"
110416489942,Unknown Road,INTERPOLATED,709,True,PendantCluster,519,-190,-26.8,"Nested pendant cluster (depth 2): Capped to 519 AADT (64% of entry road 'Friendship Rd': 811)"
11016954872831,Timber Valley Ct,INTERPOLATED,1070,True,PendantCluster,271,-799,-74.7,"Nested pendant cluster (depth 4): Capped to 271 AADT (41% of entry road 'Timber Valley Ln': 663)"
110416477698,Twin Creek Ln,INTERPOLATED,610,True,PendantCluster,11,-599,-98.2,"Nested pendant cluster (depth 10): Capped to 11 AADT (11% of entry road 'Sanger Dr': 103)"
1102200919973,Oak Ct,INTERPOLATED,1711,True,PendantCluster,1548,-163,-9.5,"Nested pendant cluster (depth 2): Capped to 1;548 AADT (64% of 2 entry roads (Oak Hill St; Holbrook Rd): 2;419)"
110416464074,Bonnie Ln,INTERPOLATED,1397,True,PendantCluster,682,-715,-51.2,"Nested pendant cluster (depth 2): Capped to 682 AADT (64% of entry road 'Old Springtown Rd': 1;066)"
110416489803,Unknown Road,INTERPOLATED,879,False,NONE,879,0,0,"No constraint needed"
110416445835,Anns Ln,INTERPOLATED,32385,True,PendantCluster,23191,-9194,-28.4,"Nested pendant cluster (depth 2): Capped to 23;191 AADT (64% of entry road 'Ice House Rd': 36;236)"
110416490076,Unknown Road,INTERPOLATED,3167,False,NONE,3167,0,0,"No constraint needed"
110416478619,Valley Lake Ln,INTERPOLATED,940,True,PendantCluster,492,-448,-47.7,"Nested pendant cluster (depth 6): Capped to 492 AADT (26% of 2 entry roads (Valley Lake Ln; Draper Dr): 1;880)"
1102638238977,Unknown Road,INTERPOLATED,958,False,NONE,958,0,0,"No constraint needed"
110416479040,Green Branch Rd,ACTUAL_COUNT,643,False,NONE,643,0,0,"No constraint needed"
110416456627,Joyce St,ACTUAL_COUNT,809,True,PendantCluster,749,-60,-7.4,"Nested pendant cluster (depth 4): Capped to 749 AADT (41% of 2 entry roads (Joyce St; Tanglewood St): 1;831)"
1102200933376,Unknown Road,INTERPOLATED,4399,True,PendantCluster,374,-4025,-91.5,"Nested pendant cluster (depth 6): Capped to 374 AADT (26% of entry road 'Murr Rd': 1;430)"
110416490505,Unknown Road,INTERPOLATED,11844,False,NONE,11844,0,0,"No constraint needed"
110416464240,Church Rd,ACTUAL_COUNT,5942,False,NONE,5942,0,0,"No constraint needed"
110416466988,Marilyn St,INTERPOLATED,2496,True,PendantCluster,1776,-720,-28.8,"Nested pendant cluster (depth 4): Capped to 1;776 AADT (41% of 2 entry roads (Marilyn St; Noah's Ct): 4;336)"
110416471509,Westline Rd,INTERPOLATED,6308,False,NONE,6308,0,0,"No constraint needed"
1104468854506,Murls Lake Rd,INTERPOLATED,1625,True,PendantCluster,57,-1568,-96.5,"Nested pendant cluster (depth 18): Capped to 57 AADT (2% of 2 entry roads (Murls Lake Rd; Murls Lake Rd): 3;203)"
110416489589,Unknown Road,ACTUAL_COUNT,1766,True,PendantCluster,800,-966,-54.7,"Nested pendant cluster (depth 4): Capped to 800 AADT (41% of 2 entry roads (Unknown Road; Unknown Road): 1;955)"
110416490899,Unknown Road,INTERPOLATED,1335,True,PendantCluster,117,-1218,-91.2,"Nested pendant cluster (depth 6): Capped to 117 AADT (26% of entry road 'Tim Hall Rd': 447)"
110416459048,Moyer Ct,INTERPOLATED,1487,True,PendantCluster,196,-1291,-86.8,"Nested pendant cluster (depth 4): Capped to 196 AADT (41% of entry road 'Moyer Ln': 479)"
110416480275,Imperial Mammoth Valley Ln,INTERPOLATED,663,True,PendantCluster,384,-279,-42.1,"Nested pendant cluster (depth 6): Capped to 384 AADT (26% of 2 entry roads (Imperial Mammoth Valley Ln; Wooley Ct): 1;468)"
110416470905,Live Oak St,INTERPOLATED,948,False,NONE,948,0,0,"No constraint needed"
110416480104,Roaring Springs Ct,INTERPOLATED,3893,True,PendantCluster,2592,-1301,-33.4,"Nested pendant cluster (depth 2): Capped to 2;592 AADT (64% of entry road 'Clayton Rd': 4;050)"
110416490081,Unknown Road,INTERPOLATED,2343,True,PendantCluster,1653,-690,-29.4,"Nested pendant cluster (depth 4): Capped to 1;653 AADT (41% of 2 entry roads (Unknown Road; Unknown Road): 4;038)"
110416492653,Unknown Road,INTERPOLATED,820,True,PendantCluster,537,-283,-34.5,"Nested pendant cluster (depth 2): Capped to 537 AADT (64% of entry road 'Harris Rd': 840)"
110416464604,Harris Rd,INTERPOLATED,840,False,NONE,840,0,0,"No constraint needed"
110416474508,Parsonage St,INTERPOLATED,794,True,PendantCluster,542,-252,-31.7,"Nested pendant cluster (depth 2): Capped to 542 AADT (64% of entry road 'W Reno Rd': 847)"
110416465880,School St,ACTUAL_COUNT,847,True,PendantCluster,542,-305,-36,"Nested pendant cluster (depth 2): Capped to 542 AADT (64% of entry road 'W Reno Rd': 847)"
110416491256,Unknown Road,ACTUAL_COUNT,847,True,PendantCluster,542,-305,-36,"Nested pendant cluster (depth 2): Capped to 542 AADT (64% of entry road 'E Reno Rd': 847)"
1103677410982,Pleasant Run,ACTUAL_COUNT,847,True,PendantCluster,542,-305,-36,"Nested pendant cluster (depth 2): Capped to 542 AADT (64% of entry road 'E Reno Rd': 847)"
11033373595624,Richardson St,INTERPOLATED,543,False,NONE,543,0,0,"No constraint needed"
110416473793,Maplewood St,INTERPOLATED,931,False,NONE,931,0,0,"No constraint needed"
110416456926,Kerry Ln,INTERPOLATED,6564,False,NONE,6564,0,0,"No constraint needed"
1104258497077,Unknown Road,INTERPOLATED,4251,False,NONE,4251,0,0,"No constraint needed"
110416474624,Riverbend St,INTERPOLATED,1785,False,NONE,1785,0,0,"No constraint needed"
110416465808,Redbud Dr,ACTUAL_COUNT,10013,False,NONE,10013,0,0,"No constraint needed"
110416490526,Unknown Road,INTERPOLATED,1469,False,NONE,1469,0,0,"No constraint needed"
1103695958218,Buckhorn Ln,ACTUAL_COUNT,34,True,PendantCluster,11,-23,-67.6,"Nested pendant cluster (depth 8): Capped to 11 AADT (17% of 2 entry roads (Buckhorn Ln; Reata Dr): 68)"
1102200929651,Unknown Road,INTERPOLATED,466,True,PendantCluster,169,-297,-63.7,"Nested pendant cluster (depth 2): Capped to 169 AADT (64% of entry road 'Old Agnes Rd': 265)"
110416476453,Gun Barrel Rd,INTERPOLATED,129,True,PendantCluster,7,-122,-94.6,"Nested pendant cluster (depth 14): Capped to 7 AADT (4% of 2 entry roads (Gun Barrel Rd; La Mesa Dr): 164)"
110416465784,Profit St,INTERPOLATED,7420,True,PendantCluster,4101,-3319,-44.7,"Nested pendant cluster (depth 4): Capped to 4;101 AADT (41% of entry road 'Commerce St': 10;013)"
1104701882885,Jacksboro Hwy,INTERPOLATED,20888,False,NONE,20888,0,0,"No constraint needed"
110416477075,Lewis Deas Rd,INTERPOLATED,1806,True,PendantCluster,0,-1806,-100,"Nested pendant cluster (depth 16): Capped to 0 AADT (3% of entry road 'FM 1886': 5)"
110416489748,Unknown Road,INTERPOLATED,567,True,PendantCluster,217,-350,-61.7,"Nested pendant cluster (depth 4): Capped to 217 AADT (41% of entry road 'Unknown Road': 530)"
110416472083,Hearndale Dr,INTERPOLATED,661,False,NONE,661,0,0,"No constraint needed"
110416478037,Cedar Creek Dr,INTERPOLATED,14235,True,PendantCluster,217,-14018,-98.5,"Nested pendant cluster (depth 6): Capped to 217 AADT (26% of entry road 'E Shangri la Dr': 830)"
110416477487,Shangri la Dr,ACTUAL_COUNT,1014,False,NONE,1014,0,0,"No constraint needed"
110416447186,West Rd,INTERPOLATED,3497,True,PendantCluster,289,-3208,-91.7,"Nested pendant cluster (depth 6): Capped to 289 AADT (26% of entry road 'Silver Acres Rd': 1;105)"
1102200931968,Covered Bridge Ct,INTERPOLATED,2130,True,PendantCluster,1635,-495,-23.2,"Nested pendant cluster (depth 2): Capped to 1;635 AADT (64% of entry road 'Covered Bridge Dr': 2;556)"
110416490800,Unknown Road,INTERPOLATED,15427,False,NONE,15427,0,0,"No constraint needed"
110416489937,Unknown Road,INTERPOLATED,16324,True,PendantCluster,6318,-10006,-61.3,"Nested pendant cluster (depth 4): Capped to 6;318 AADT (41% of entry road 'Unknown Road': 15;427)"
1103701327787,Millers Village,ACTUAL_COUNT,661,False,NONE,661,0,0,"No constraint needed"
110416490454,Unknown Road,INTERPOLATED,2073,False,NONE,2073,0,0,"No constraint needed"
1105598224282,Arroyo Dr,INTERPOLATED,2302,False,NONE,2302,0,0,"No constraint needed"
1103680884970,Deer Crossing Way,INTERPOLATED,1617,True,PendantCluster,6,-1611,-99.6,"Nested pendant cluster (depth 10): Capped to 6 AADT (11% of entry road 'Boling Ranch Rd': 57)"
1103680884696,Wagons Ct,INTERPOLATED,1640,True,PendantCluster,0,-1640,-100,"Nested pendant cluster (depth 12): Capped to 0 AADT (7% of entry road 'Boling Ranch Rd': 6)"
1104469354071,Unknown Road,INTERPOLATED,3661,False,NONE,3661,0,0,"No constraint needed"
1102200937043,Three Skillet Rd,INTERPOLATED,694,True,PendantCluster,619,-75,-10.8,"Nested pendant cluster (depth 4): Capped to 619 AADT (41% of 2 entry roads (Three Skillet Rd; Unknown Road): 1;513)"
110416446597,Mill Rd,INTERPOLATED,1208,True,PendantCluster,637,-571,-47.3,"Nested pendant cluster (depth 10): Capped to 637 AADT (11% of 2 entry roads (Mill Rd; Unknown Road): 5;940)"
1102466894787,Lowrey Cir,INTERPOLATED,1090,False,NONE,1090,0,0,"No constraint needed"
110416445525,Ash Ter,INTERPOLATED,1218,False,NONE,1218,0,0,"No constraint needed"
1102200955325,Unknown Road,INTERPOLATED,819,True,PendantCluster,253,-566,-69.1,"Nested pendant cluster (depth 4): Capped to 253 AADT (41% of entry road 'Three Skillet Rd': 619)"
1102200957853,Unknown Road,INTERPOLATED,1782,True,PendantCluster,191,-1591,-89.3,"Nested pendant cluster (depth 6): Capped to 191 AADT (26% of entry road 'Green Meadows Cir': 731)"
1102466548097,Unknown Road,INTERPOLATED,1240,True,PendantCluster,1,-1239,-99.9,"Nested pendant cluster (depth 14): Capped to 1 AADT (4% of entry road 'Peel Rd': 33)"
1102466746261,Carnes Ct,INTERPOLATED,566,True,PendantCluster,185,-381,-67.3,"Nested pendant cluster (depth 2): Capped to 185 AADT (64% of entry road 'Highland Rd': 290)"
1102466654198,Preston Oaks Ct,INTERPOLATED,3981,True,PendantCluster,575,-3406,-85.6,"Nested pendant cluster (depth 6): Capped to 575 AADT (26% of entry road 'Creekpath Dr': 2;195)"
11016954835080,Walnut Bend Rd,ACTUAL_COUNT,1024,False,NONE,1024,0,0,"No constraint needed"
110416450355,Cindy Ct,INTERPOLATED,1609,True,PendantCluster,669,-940,-58.4,"Nested pendant cluster (depth 4): Capped to 669 AADT (41% of entry road 'Cindy Ln': 1;635)"
110416479105,Hunter Ridge Ln,INTERPOLATED,4175,True,PendantCluster,682,-3493,-83.7,"Nested pendant cluster (depth 2): Capped to 682 AADT (64% of entry road 'Old Springtown Rd': 1;066)"
110416470748,Isabella Ln,INTERPOLATED,1212,True,PendantCluster,682,-530,-43.7,"Nested pendant cluster (depth 2): Capped to 682 AADT (64% of entry road 'Old Springtown Rd': 1;066)"
1102200932994,Wapiti Dr,INTERPOLATED,13850,True,PendantCluster,11530,-2320,-16.8,"Nested pendant cluster (depth 2): Capped to 11;530 AADT (64% of 2 entry roads (Wapiti Dr; Antler Ridge Dr): 18;016)"
110416460807,Ragle Rd,INTERPOLATED,344,False,NONE,344,0,0,"No constraint needed"
110416445606,Kid Ln,INTERPOLATED,1160,True,PendantCluster,618,-542,-46.7,"Nested pendant cluster (depth 6): Capped to 618 AADT (26% of 2 entry roads (South Dr; Oak St): 2;361)"
1103371042915,Wade Ct,INTERPOLATED,854,True,PendantCluster,235,-619,-72.5,"Nested pendant cluster (depth 6): Capped to 235 AADT (26% of 2 entry roads (Helen Hampton Dr; Candis Ct): 898)"
1104469124991,Williamsburg Ln,INTERPOLATED,1638,False,NONE,1638,0,0,"No constraint needed"
1102200948404,Unknown Road,INTERPOLATED,808,True,PendantCluster,76,-732,-90.6,"Nested pendant cluster (depth 8): Capped to 76 AADT (17% of entry road 'Ross Rd': 457)"
110416491431,Unknown Road,ACTUAL_COUNT,928,True,PendantCluster,760,-168,-18.1,"Nested pendant cluster (depth 4): Capped to 760 AADT (41% of 2 entry roads (Clemmer Ct; Ross Rd): 1;856)"
1105598410211,Dylin Ct,INTERPOLATED,1053,True,PendantCluster,159,-894,-84.9,"Nested pendant cluster (depth 6): Capped to 159 AADT (26% of entry road 'Bohner Dr': 608)"
1102200935274,Unknown Road,INTERPOLATED,834,True,PendantCluster,506,-328,-39.3,"Nested pendant cluster (depth 2): Capped to 506 AADT (64% of entry road 'Ladybird Ln': 791)"
110416478022,Cearley-Cox,INTERPOLATED,843,True,PendantCluster,60,-783,-92.9,"Nested pendant cluster (depth 6): Capped to 60 AADT (26% of entry road 'Cearley Cox Ct': 230)"
1103690718146,Dove Haven Ln,INTERPOLATED,1127,True,PendantCluster,190,-937,-83.1,"Nested pendant cluster (depth 8): Capped to 190 AADT (17% of 2 entry roads (Dove Haven Ln; Dove Haven Ln): 1;138)"
110416491917,Unknown Road,INTERPOLATED,1158,True,PendantCluster,706,-452,-39,"Nested pendant cluster (depth 4): Capped to 706 AADT (41% of entry road 'Mary Dr': 1;726)"
1103677912067,Ellis Ridge Dr,INTERPOLATED,2638,True,PendantCluster,1742,-896,-34,"Nested pendant cluster (depth 2): Capped to 1;742 AADT (64% of 2 entry roads (Ellis Ridge Dr; Meadow Arbor Dr): 2;722)"
1103677911727,Ellis Creek Dr,ACTUAL_COUNT,84,False,NONE,84,0,0,"No constraint needed"
110416490237,Unknown Road,INTERPOLATED,6826,True,PendantCluster,3940,-2886,-42.3,"Nested pendant cluster (depth 4): Capped to 3;940 AADT (41% of 2 entry roads (S Doubleday Ct; Unknown Road): 9;621)"
11016954870175,Wrigley Dr,INTERPOLATED,6022,True,PendantCluster,619,-5403,-89.7,"Nested pendant cluster (depth 6): Capped to 619 AADT (26% of entry road 'Cooperstown': 2;363)"
1108476485738,Cameron Way,INTERPOLATED,1233,True,PendantCluster,42,-1191,-96.6,"Nested pendant cluster (depth 10): Capped to 42 AADT (11% of entry road 'S Stewart St': 393)"
1103680885496,Rey del Mar Cir,INTERPOLATED,1010,True,PendantCluster,0,-1010,-100,"Nested pendant cluster (depth 12): Capped to 0 AADT (7% of entry road 'Royal Dr': 9)"
1104476025304,Gwen St,INTERPOLATED,1275,False,NONE,1275,0,0,"No constraint needed"
110416467229,Rollins Dr,INTERPOLATED,2478,True,PendantCluster,1799,-679,-27.4,"Nested pendant cluster (depth 4): Capped to 1;799 AADT (41% of 2 entry roads (N Boyce Ln; Rollins Dr): 4;393)"
110416463246,Story Ln,INTERPOLATED,2958,True,PendantCluster,48,-2910,-98.4,"Nested pendant cluster (depth 10): Capped to 48 AADT (11% of 2 entry roads (E Bozeman Lan; E Bozeman Ln): 450)"
1102200921540,Coronado Bend Ct,INTERPOLATED,3122,True,PendantCluster,2003,-1119,-35.8,"Nested pendant cluster (depth 2): Capped to 2;003 AADT (64% of entry road 'Coronado Bend': 3;131)"
110416478300,Meadow Hill Rd,INTERPOLATED,1564,True,PendantCluster,865,-699,-44.7,"Nested pendant cluster (depth 8): Capped to 865 AADT (17% of 2 entry roads (Meadow Hill Rd; Sunset Ln): 5;159)"
110416470886,Live Oak Ct,INTERPOLATED,3743,True,PendantCluster,409,-3334,-89.1,"Nested pendant cluster (depth 6): Capped to 409 AADT (26% of entry road 'Meadow Hill Rd': 1;564)"
1102200945622,Unknown Road,INTERPOLATED,707,True,PendantCluster,189,-518,-73.3,"Nested pendant cluster (depth 2): Capped to 189 AADT (64% of entry road 'Upper Denton Rd': 296)"
1102200929030,Unknown Road,INTERPOLATED,1099,True,PendantCluster,481,-618,-56.2,"Nested pendant cluster (depth 2): Capped to 481 AADT (64% of entry road 'State Hwy 199': 753)"
1102200936436,Unknown Road,INTERPOLATED,1031,True,PendantCluster,646,-385,-37.3,"Nested pendant cluster (depth 4): Capped to 646 AADT (41% of 2 entry roads (Unknown Road; Unknown Road): 1;578)"
110416478506,Sandy Creek Trl,INTERPOLATED,528,True,PendantCluster,222,-306,-58,"Nested pendant cluster (depth 10): Capped to 222 AADT (11% of 2 entry roads (Sandy Creek Trl; Sandalwood Ct): 2;071)"
110416471612,Ann Brown Dr,INTERPOLATED,2972,True,PendantCluster,189,-2783,-93.6,"Nested pendant cluster (depth 2): Capped to 189 AADT (64% of entry road 'Upper Denton Rd': 296)"
110416472100,High View Ct,INTERPOLATED,1774,True,PendantCluster,194,-1580,-89.1,"Nested pendant cluster (depth 10): Capped to 194 AADT (11% of 2 entry roads (High View Dr; La Mesa Dr): 1;816)"
110416477409,Sandalwood Ct,INTERPOLATED,1543,True,PendantCluster,23,-1520,-98.5,"Nested pendant cluster (depth 10): Capped to 23 AADT (11% of entry road 'Sandy Creek Trl': 222)"
110416446003,Deer Path,INTERPOLATED,1616,True,PendantCluster,411,-1205,-74.6,"Nested pendant cluster (depth 2): Capped to 411 AADT (64% of entry road 'Green Branch Rd': 643)"
110416489607,Unknown Road,INTERPOLATED,3086,True,PendantCluster,77,-3009,-97.5,"Nested pendant cluster (depth 4): Capped to 77 AADT (41% of entry road 'Ann Brown Dr': 189)"
110416472103,High View Dr,INTERPOLATED,1711,True,PendantCluster,32,-1679,-98.1,"Nested pendant cluster (depth 10): Capped to 32 AADT (11% of 2 entry roads (High View Ct; La Mesa Dr): 299)"
11016954830292,Spring View Ct,INTERPOLATED,1295,True,PendantCluster,616,-679,-52.4,"Nested pendant cluster (depth 6): Capped to 616 AADT (26% of 2 entry roads (Spring View Ct; Spring View Ct): 2;351)"
110416491649,Unknown Road,INTERPOLATED,16870,True,PendantCluster,150,-16720,-99.1,"Nested pendant cluster (depth 10): Capped to 150 AADT (11% of entry road 'High Ridge Dr': 1;398)"
110416468957,Stalcup Ct,INTERPOLATED,13293,True,PendantCluster,8641,-4652,-35,"Nested pendant cluster (depth 2): Capped to 8;641 AADT (64% of entry road 'Timber Trl': 13;502)"
1108608729252,Hartley Way Rd,INTERPOLATED,2182,False,NONE,2182,0,0,"No constraint needed"
1102200929512,Deertail Dr,INTERPOLATED,15358,False,NONE,15358,0,0,"No constraint needed"
110416470297,Browning Ct,INTERPOLATED,1080,True,PendantCluster,819,-261,-24.2,"Nested pendant cluster (depth 6): Capped to 819 AADT (26% of 2 entry roads (Browning Ct; Cabot Ct): 3;125)"
1102200924822,Unknown Road,INTERPOLATED,1428,True,PendantCluster,258,-1170,-81.9,"Nested pendant cluster (depth 2): Capped to 258 AADT (64% of entry road 'Prather Rd': 404)"
1103226196567,Carter View Ln,INTERPOLATED,1908,True,PendantCluster,79,-1829,-95.9,"Nested pendant cluster (depth 8): Capped to 79 AADT (17% of entry road 'Carter Hills Ln': 473)"
110416489641,Unknown Road,INTERPOLATED,17448,True,PendantCluster,5479,-11969,-68.6,"Nested pendant cluster (depth 6): Capped to 5;479 AADT (26% of 2 entry roads (Unknown Road; Unknown Road): 20;901)"
11033373595563,Hogue Ln,INTERPOLATED,21102,True,PendantCluster,20246,-856,-4.1,"Nested pendant cluster (depth 4): Capped to 20;246 AADT (41% of 2 entry roads (Hogue Ln; Couch Ct): 49;430)"
110416479393,Canyon Valley Ct,INTERPOLATED,25166,True,PendantCluster,1542,-23624,-93.9,"Nested pendant cluster (depth 4): Capped to 1;542 AADT (41% of entry road 'Canyon Valley Ln': 3;766)"
110416453267,Eason St,INTERPOLATED,550,True,PendantCluster,298,-252,-45.8,"Nested pendant cluster (depth 2): Capped to 298 AADT (64% of entry road 'Arvel Cir': 467)"
1103695944150,Hidden Hills Dr,INTERPOLATED,2660,True,PendantCluster,2180,-480,-18,"Nested pendant cluster (depth 4): Capped to 2;180 AADT (41% of 2 entry roads (Hidden Hills Dr; Hidden Hills Ct): 5;323)"
110416466600,Colbado Ct,INTERPOLATED,2609,True,PendantCluster,11,-2598,-99.6,"Nested pendant cluster (depth 10): Capped to 11 AADT (11% of 2 entry roads (Alta Mesa Dr; Remuda Dr): 106)"
110416479067,Hidden Hills Ct,INTERPOLATED,2663,True,PendantCluster,892,-1771,-66.5,"Nested pendant cluster (depth 4): Capped to 892 AADT (41% of entry road 'Hidden Hills Dr': 2;180)"
110416464079,Bosque Ct,INTERPOLATED,2321,False,NONE,2321,0,0,"No constraint needed"
1103680616589,Buzz Hollow,INTERPOLATED,7,True,PendantCluster,0,-7,-100,"Nested pendant cluster (depth 14): Capped to 0 AADT (4% of 2 entry roads (Buzz Hollow; Twin Creek Dr): 14)"
110416479128,Meadow Creek Dr,INTERPOLATED,1310,True,PendantCluster,263,-1047,-79.9,"Nested pendant cluster (depth 6): Capped to 263 AADT (26% of entry road 'Gail Dr': 1;007)"
1102200922585,Lone Hill Ct,INTERPOLATED,1469,True,PendantCluster,34,-1435,-97.7,"Nested pendant cluster (depth 10): Capped to 34 AADT (11% of entry road 'Blue Sky Ln': 319)"
110416478614,Valley Lake Ct,INTERPOLATED,1433,True,PendantCluster,738,-695,-48.5,"Nested pendant cluster (depth 4): Capped to 738 AADT (41% of 2 entry roads (Valley Lake Ln; Blue Sky Ln): 1;804)"
1103677411138,Woodland Slope Ct,INTERPOLATED,2216,True,PendantCluster,1064,-1152,-52,"Nested pendant cluster (depth 4): Capped to 1;064 AADT (41% of entry road 'Hidden Forest Dr': 2;599)"
110416477709,Wagonwheel Ct,INTERPOLATED,847,True,PendantCluster,94,-753,-88.9,"Nested pendant cluster (depth 6): Capped to 94 AADT (26% of entry road 'Briar Oaks Dr': 360)"
1103580099276,Shenandoah Ct,INTERPOLATED,844,True,PendantCluster,94,-750,-88.9,"Nested pendant cluster (depth 6): Capped to 94 AADT (26% of entry road 'Briar Oaks Dr': 360)"
110416469985,Tin Top Rd,ACTUAL_COUNT,5536,False,NONE,5536,0,0,"No constraint needed"
110416453909,Floyd Rd,INTERPOLATED,11505,False,NONE,11505,0,0,"No constraint needed"
110416445738,FM 1884,INTERPOLATED,3,True,PendantCluster,0,-3,-100,"Nested pendant cluster (depth 14): Capped to 0 AADT (4% of 2 entry roads (Old Tin Top Rd; FM 1884): 6)"
1102200925289,Unknown Road,INTERPOLATED,446,False,NONE,446,0,0,"No constraint needed"
1106067279162,FM 2421,INTERPOLATED,2228,False,NONE,2228,0,0,"No constraint needed"
110416492301,Unknown Road,INTERPOLATED,205699,False,NONE,205699,0,0,"No constraint needed"
1103690718764,Hilltop Dr,INTERPOLATED,29016,False,NONE,29016,0,0,"No constraint needed"
1102970394335,FM 2552,ACTUAL_COUNT,160453,False,NONE,160453,0,0,"No constraint needed"
110416469956,Terrace Dr,ACTUAL_COUNT,10006,False,NONE,10006,0,0,"No constraint needed"
110416466076,Thrush St,INTERPOLATED,1959,False,NONE,1959,0,0,"No constraint needed"
110416467057,Newport Rd,ACTUAL_COUNT,1314,False,NONE,1314,0,0,"No constraint needed"
110416446514,Lynn St,INTERPOLATED,7884,False,NONE,7884,0,0,"No constraint needed"
1103701328492,Roselawn Dr,ACTUAL_COUNT,10006,False,NONE,10006,0,0,"No constraint needed"
1103701328494,Roselawn Dr,ACTUAL_COUNT,10006,False,NONE,10006,0,0,"No constraint needed"
110416464442,Elaine St,INTERPOLATED,1734,False,NONE,1734,0,0,"No constraint needed"
110416445598,Kay St,INTERPOLATED,12003,False,NONE,12003,0,0,"No constraint needed"
1104473155607,Unknown Road,INTERPOLATED,15960,False,NONE,15960,0,0,"No constraint needed"
1104258528557,State Spur 312,ACTUAL_COUNT,3868,False,NONE,3868,0,0,"No constraint needed"
1104701882515,Unknown Road,INTERPOLATED,317521,False,NONE,317521,0,0,"No constraint needed"
1104472961828,Unknown Road,INTERPOLATED,314527,False,NONE,314527,0,0,"No constraint needed"
1104475062558,Unknown Road,INTERPOLATED,273342,False,NONE,273342,0,0,"No constraint needed"
11033373595457,Brazos Rock Rd,INTERPOLATED,266,True,PendantCluster,170,-96,-36.1,"Nested pendant cluster (depth 6): Capped to 170 AADT (26% of 2 entry roads (Brazos Rock Rd; Unknown Road): 650)"
110416466437,Bennett Rd,ACTUAL_COUNT,416,False,NONE,416,0,0,"No constraint needed"
110416479262,Spring Creek Rd,INTERPOLATED,8155,False,NONE,8155,0,0,"No constraint needed"
110416466808,Harmony Cir,ACTUAL_COUNT,241,False,NONE,241,0,0,"No constraint needed"
1102466605870,Sunray Ct,INTERPOLATED,2321,True,PendantCluster,432,-1889,-81.4,"Nested pendant cluster (depth 2): Capped to 432 AADT (64% of entry road 'Harmony Rd': 675)"
1102970399982,Unknown Road,INTERPOLATED,3536,False,NONE,3536,0,0,"No constraint needed"
110416492428,Unknown Road,INTERPOLATED,3854,True,PendantCluster,294,-3560,-92.4,"Nested pendant cluster (depth 12): Capped to 294 AADT (7% of 2 entry roads (Unknown Road; Unknown Road): 4;285)"
110416492430,Unknown Road,INTERPOLATED,3855,True,PendantCluster,430,-3425,-88.8,"Nested pendant cluster (depth 10): Capped to 430 AADT (11% of 2 entry roads (Unknown Road; Unknown Road): 4;006)"
110416477162,Montgomery Ln,INTERPOLATED,2939,True,PendantCluster,1734,-1205,-41,"Nested pendant cluster (depth 6): Capped to 1;734 AADT (26% of 2 entry roads (Montgomery Ln; Unknown Road): 6;615)"
110416490724,Unknown Road,INTERPOLATED,4572,True,PendantCluster,1560,-3012,-65.9,"Nested pendant cluster (depth 4): Capped to 1;560 AADT (41% of entry road 'Wilson Ln': 3;810)"
1103677411333,Kelly Brook Ln,INTERPOLATED,1506,True,PendantCluster,943,-563,-37.4,"Nested pendant cluster (depth 6): Capped to 943 AADT (26% of 2 entry roads (Kelly Brook Ln; Kinbrook Ln): 3;598)"
110416492528,Unknown Road,INTERPOLATED,3829,True,PendantCluster,1905,-1924,-50.2,"Nested pendant cluster (depth 4): Capped to 1;905 AADT (41% of entry road 'Spring Creek Pkwy': 4;651)"
110416478370,Park Meadow Dr,INTERPOLATED,4354,True,PendantCluster,2921,-1433,-32.9,"Nested pendant cluster (depth 2): Capped to 2;921 AADT (64% of entry road 'Meadow Ridge Dr': 4;565)"
1102200931577,Unknown Road,INTERPOLATED,4406,True,PendantCluster,1196,-3210,-72.9,"Nested pendant cluster (depth 4): Capped to 1;196 AADT (41% of entry road 'Park Meadow Dr': 2;921)"
1104341698587,Horseshoe Bend Ct,INTERPOLATED,221,False,NONE,221,0,0,"No constraint needed"
110416479946,Horseshoe Bend Trl,INTERPOLATED,228,True,PendantCluster,0,-228,-100,"Nested pendant cluster (depth 24): Capped to 0 AADT (0% of entry road 'Horseshoe Bend Rd': 2)"
110416470949,Longhorn Trl,INTERPOLATED,4497,False,NONE,4497,0,0,"No constraint needed"
110416478623,Valley View Cir,INTERPOLATED,4888,False,NONE,4888,0,0,"No constraint needed"
1102200946763,Unknown Road,INTERPOLATED,1056,True,PendantCluster,12,-1044,-98.9,"Nested pendant cluster (depth 12): Capped to 12 AADT (7% of entry road 'Horseshoe Bend Rd': 188)"
1102970400420,Unknown Road,INTERPOLATED,2811,True,PendantCluster,27,-2784,-99,"Nested pendant cluster (depth 8): Capped to 27 AADT (17% of 2 entry roads (Unknown Road; Unknown Road): 162)"
110416467211,Red Oak Trl,INTERPOLATED,4685,False,NONE,4685,0,0,"No constraint needed"
110416467156,Pioneer Trl,INTERPOLATED,4542,True,PendantCluster,1888,-2654,-58.4,"Nested pendant cluster (depth 4): Capped to 1;888 AADT (41% of entry road 'Mesquite Trl': 4;611)"
1102466591027,Unknown Road,INTERPOLATED,1235,False,NONE,1235,0,0,"No constraint needed"
1102200932527,Unknown Road,INTERPOLATED,468,True,PendantCluster,22,-446,-95.3,"Nested pendant cluster (depth 6): Capped to 22 AADT (26% of entry road 'FM 3028': 84)"
110416445589,Fox Rd,INTERPOLATED,1169,False,NONE,1169,0,0,"No constraint needed"
110416472040,Greenwood Rd,ACTUAL_COUNT,1242,False,NONE,1242,0,0,"No constraint needed"
110416489599,Unknown Road,INTERPOLATED,2691,True,PendantCluster,2475,-216,-8,"Nested pendant cluster (depth 2): Capped to 2;475 AADT (64% of entry road 'State Spur 312': 3;868)"
110416491138,Unknown Road,ACTUAL_COUNT,519,False,NONE,519,0,0,"No constraint needed"
110416470692,Hill Top,INTERPOLATED,7750,True,PendantCluster,2354,-5396,-69.6,"Nested pendant cluster (depth 2): Capped to 2;354 AADT (64% of entry road 'E Park Ave': 3;679)"
110416490601,Unknown Road,INTERPOLATED,3929,False,NONE,3929,0,0,"No constraint needed"
110416470932,Lochness Ct,INTERPOLATED,11833,True,PendantCluster,2631,-9202,-77.8,"Nested pendant cluster (depth 6): Capped to 2;631 AADT (26% of 2 entry roads (Lochness Cir; Black Forest Dr): 10;038)"
110416478252,King Arthur Dr,INTERPOLATED,5869,True,PendantCluster,2748,-3121,-53.2,"Nested pendant cluster (depth 8): Capped to 2;748 AADT (17% of 2 entry roads (King Arthur Dr; Cardinal Ct): 16;380)"
110416470314,Cardinal Ct,INTERPOLATED,10511,True,PendantCluster,461,-10050,-95.6,"Nested pendant cluster (depth 8): Capped to 461 AADT (17% of entry road 'King Arthur Dr': 2;748)"
110416490884,Unknown Road,ACTUAL_COUNT,6856,True,PendantCluster,1170,-5686,-82.9,"Nested pendant cluster (depth 2): Capped to 1;170 AADT (64% of entry road 'W Park Ave': 1;829)"
1103594439074,Bay Laurel Dr,ACTUAL_COUNT,1170,True,PendantCluster,479,-691,-59.1,"Nested pendant cluster (depth 4): Capped to 479 AADT (41% of entry road 'Bay Laurel Dr': 1;170)"
110416478908,Chimney Rock Dr,INTERPOLATED,6860,False,NONE,6860,0,0,"No constraint needed"
110416476317,Grindstone Rd,ACTUAL_COUNT,2019,False,NONE,2019,0,0,"No constraint needed"
1102466338242,Gilbert Pit Rd,ACTUAL_COUNT,45,False,NONE,45,0,0,"No constraint needed"
110416491799,Unknown Road,INTERPOLATED,6811,False,NONE,6811,0,0,"No constraint needed"
1102970390410,Unknown Road,INTERPOLATED,8400,False,NONE,8400,0,0,"No constraint needed"
110416470938,Lockheed Trl,INTERPOLATED,228,False,NONE,228,0,0,"No constraint needed"
110416450192,Cedar Rd,INTERPOLATED,5870,True,PendantCluster,3543,-2327,-39.6,"Nested pendant cluster (depth 2): Capped to 3;543 AADT (64% of entry road 'Tin Top Rd': 5;536)"
110416445229,My Ln,INTERPOLATED,342,False,NONE,342,0,0,"No constraint needed"
110416464026,Beulah Rd,INTERPOLATED,739,False,NONE,739,0,0,"No constraint needed"
1102970399680,Unknown Road,INTERPOLATED,15553,True,PendantCluster,3015,-12538,-80.6,"Nested pendant cluster (depth 4): Capped to 3;015 AADT (41% of entry road 'Unknown Road': 7;363)"
1102970399679,Unknown Road,INTERPOLATED,15103,True,PendantCluster,7363,-7740,-51.2,"Nested pendant cluster (depth 2): Capped to 7;363 AADT (64% of entry road 'Floyd Rd': 11;505)"
110416447209,York Ave,ACTUAL_COUNT,1415,False,NONE,1415,0,0,"No constraint needed"
110416491017,Unknown Road,INTERPOLATED,6489,False,NONE,6489,0,0,"No constraint needed"
110416492596,Unknown Road,INTERPOLATED,126,True,PendantCluster,94,-32,-25.4,"Nested pendant cluster (depth 2): Capped to 94 AADT (64% of entry road 'FM 3028': 147)"
110416489571,Unknown Road,INTERPOLATED,1710,True,PendantCluster,701,-1009,-59,"Nested pendant cluster (depth 4): Capped to 701 AADT (41% of entry road 'De la Cruz St': 1;713)"
1102466530740,Unknown Road,INTERPOLATED,286,False,NONE,286,0,0,"No constraint needed"
110416476138,Doubletree Ln,INTERPOLATED,205,True,PendantCluster,175,-30,-14.6,"Nested pendant cluster (depth 4): Capped to 175 AADT (41% of 2 entry roads (Doubletree Ln; Unknown Road): 429)"
1102466486949,Unknown Road,INTERPOLATED,201,True,PendantCluster,74,-127,-63.2,"Nested pendant cluster (depth 4): Capped to 74 AADT (41% of 2 entry roads (Unknown Road; Unknown Road): 183)"
1102970392502,Iroquois Trl,INTERPOLATED,241,True,PendantCluster,0,-241,-100,"Nested pendant cluster (depth 24): Capped to 0 AADT (0% of entry road 'Horseshoe Bend Rd': 2)"
110416463861,Apache Trl,INTERPOLATED,226,True,PendantCluster,0,-226,-100,"Nested pendant cluster (depth 24): Capped to 0 AADT (0% of entry road 'Horseshoe Bend Rd': 2)"
1102466311773,Unknown Road,INTERPOLATED,215,True,PendantCluster,19,-196,-91.2,"Nested pendant cluster (depth 8): Capped to 19 AADT (17% of entry road 'Unknown Road': 115)"
110416465786,Pueblo Trl,INTERPOLATED,224,True,PendantCluster,0,-224,-100,"Nested pendant cluster (depth 24): Capped to 0 AADT (0% of entry road 'Horseshoe Bend Rd': 2)"
110416489402,Unknown Road,INTERPOLATED,278,False,NONE,278,0,0,"No constraint needed"
110416446064,Edna St,INTERPOLATED,1219,True,PendantCluster,1107,-112,-9.2,"Nested pendant cluster (depth 2): Capped to 1;107 AADT (64% of 2 entry roads (Edna St; Liberty St): 1;730)"
1103695937674,Legacy Blvd,INTERPOLATED,1901,False,NONE,1901,0,0,"No constraint needed"
1103690718477,Tremont St,INTERPOLATED,1449,False,NONE,1449,0,0,"No constraint needed"
110416464596,Harmon St,INTERPOLATED,2917,False,NONE,2917,0,0,"No constraint needed"
110416465326,Hobson St,INTERPOLATED,9619,False,NONE,9619,0,0,"No constraint needed"
110416464535,Garner Rd,ACTUAL_COUNT,1765,False,NONE,1765,0,0,"No constraint needed"
110416490886,Unknown Road,ACTUAL_COUNT,967,False,NONE,967,0,0,"No constraint needed"
110416476160,Dubellette St,INTERPOLATED,4480,False,NONE,4480,0,0,"No constraint needed"
110416489421,Unknown Road,ACTUAL_COUNT,967,False,NONE,967,0,0,"No constraint needed"
110416489420,Unknown Road,INTERPOLATED,743,False,NONE,743,0,0,"No constraint needed"
1102200921776,Unknown Road,INTERPOLATED,246,False,NONE,246,0,0,"No constraint needed"
1102970398494,Unknown Road,INTERPOLATED,213,True,PendantCluster,19,-194,-91.1,"Nested pendant cluster (depth 8): Capped to 19 AADT (17% of entry road 'Unknown Road': 115)"
110416467631,Shotgun Dr,INTERPOLATED,4409,False,NONE,4409,0,0,"No constraint needed"
110416446567,Mesa Ct,INTERPOLATED,4432,True,PendantCluster,2809,-1623,-36.6,"Nested pendant cluster (depth 2): Capped to 2;809 AADT (64% of entry road 'Comanche Trl': 4;390)"
110416478654,Wagon Wheel Trl,INTERPOLATED,4195,False,NONE,4195,0,0,"No constraint needed"
110416464550,Garnet Dr,INTERPOLATED,4249,False,NONE,4249,0,0,"No constraint needed"
110416471617,Arena Run,INTERPOLATED,4253,True,PendantCluster,2728,-1525,-35.9,"Nested pendant cluster (depth 2): Capped to 2;728 AADT (64% of entry road 'Silverado Dr': 4;264)"
110416472082,Haciendas Dr,INTERPOLATED,5807,False,NONE,5807,0,0,"No constraint needed"
110416471833,Crossland Dr,INTERPOLATED,392,True,PendantCluster,38,-354,-90.3,"Nested pendant cluster (depth 8): Capped to 38 AADT (17% of entry road 'W El Camino Real': 231)"
110416465851,Rupert Ct,INTERPOLATED,393,True,PendantCluster,4,-389,-99,"Nested pendant cluster (depth 10): Capped to 4 AADT (11% of entry road 'Gilbert Dr': 38)"
110416471398,Songwood Dr,INTERPOLATED,411,True,PendantCluster,294,-117,-28.5,"Nested pendant cluster (depth 4): Capped to 294 AADT (41% of entry road 'New Tin Top Rd': 718)"
110416477438,Shadowglenn Dr,INTERPOLATED,429,True,PendantCluster,294,-135,-31.5,"Nested pendant cluster (depth 4): Capped to 294 AADT (41% of entry road 'New Tin Top Rd': 718)"
110416470076,Wiggins Ct,INTERPOLATED,38,True,PendantCluster,8,-30,-78.9,"Nested pendant cluster (depth 10): Capped to 8 AADT (11% of 2 entry roads (Wiggins Ct; Gilbert Dr): 76)"
110416489413,Unknown Road,INTERPOLATED,731,False,NONE,731,0,0,"No constraint needed"
110416489422,Unknown Road,INTERPOLATED,735,False,NONE,735,0,0,"No constraint needed"
110416466921,Johnson St,ACTUAL_COUNT,6209,False,NONE,6209,0,0,"No constraint needed"
110416465638,Mimosa St,INTERPOLATED,4613,True,PendantCluster,4475,-138,-3,"Nested pendant cluster (depth 2): Capped to 4;475 AADT (64% of 2 entry roads (Mimosa St; Camelia St): 6;993)"
110416466608,College Ave,ACTUAL_COUNT,2666,False,NONE,2666,0,0,"No constraint needed"
110416491574,Unknown Road,INTERPOLATED,4752,False,NONE,4752,0,0,"No constraint needed"
110416465428,Keechi St,INTERPOLATED,4087,False,NONE,4087,0,0,"No constraint needed"
1102970412793,Jackson St,INTERPOLATED,10393,False,NONE,10393,0,0,"No constraint needed"
1103606070299,Lois Cir,INTERPOLATED,4164,False,NONE,4164,0,0,"No constraint needed"
110416446130,Gina Cir,INTERPOLATED,5019,False,NONE,5019,0,0,"No constraint needed"
110416489844,Unknown Road,INTERPOLATED,238,False,NONE,238,0,0,"No constraint needed"
110416491160,Unknown Road,INTERPOLATED,13697,False,NONE,13697,0,0,"No constraint needed"
110416489857,Unknown Road,INTERPOLATED,228,False,NONE,228,0,0,"No constraint needed"
1103630852123,Adams Cir,INTERPOLATED,5064,False,NONE,5064,0,0,"No constraint needed"
110416471524,Wildwood Ct,INTERPOLATED,4755,False,NONE,4755,0,0,"No constraint needed"
110416469968,Terrill Ln,INTERPOLATED,4145,False,NONE,4145,0,0,"No constraint needed"
110416475813,Bois D Arc St,INTERPOLATED,6802,False,NONE,6802,0,0,"No constraint needed"
110416472151,Jefferson St,INTERPOLATED,2127,False,NONE,2127,0,0,"No constraint needed"
1102200920109,Ikard Ln,INTERPOLATED,3125,False,NONE,3125,0,0,"No constraint needed"
1103664259786,Andi Way,INTERPOLATED,7600,True,PendantCluster,5594,-2006,-26.4,"Nested pendant cluster (depth 2): Capped to 5;594 AADT (64% of entry road 'E Bankhead Dr': 8;741)"
1103690719001,Bluebonnet Ln,INTERPOLATED,4084,False,NONE,4084,0,0,"No constraint needed"
110416479085,High Meadows Dr,INTERPOLATED,1822,True,PendantCluster,794,-1028,-56.4,"Nested pendant cluster (depth 2): Capped to 794 AADT (64% of entry road 'Greenwood Rd': 1;242)"
110416478366,Oyster Hill St,INTERPOLATED,1845,True,PendantCluster,940,-905,-49.1,"Nested pendant cluster (depth 2): Capped to 940 AADT (64% of entry road 'S Brazos St': 1;469)"
110416491214,Unknown Road,INTERPOLATED,1727,False,NONE,1727,0,0,"No constraint needed"
1106087434198,Eureka St,INTERPOLATED,6217,False,NONE,6217,0,0,"No constraint needed"
110416489872,Unknown Road,INTERPOLATED,1929,True,PendantCluster,794,-1135,-58.8,"Nested pendant cluster (depth 2): Capped to 794 AADT (64% of entry road 'Greenwood Rd': 1;242)"
110416477141,Meandering Way,INTERPOLATED,2031,False,NONE,2031,0,0,"No constraint needed"
110416468805,Stadium Dr,ACTUAL_COUNT,107,True,PendantCluster,25,-82,-76.6,"Nested pendant cluster (depth 6): Capped to 25 AADT (26% of entry road 'E Colorado St': 98)"
110416465479,Locust Rd,ACTUAL_COUNT,107,False,NONE,107,0,0,"No constraint needed"
110416445886,Boyd Rd,INTERPOLATED,1809,False,NONE,1809,0,0,"No constraint needed"
110416491247,Unknown Road,ACTUAL_COUNT,5477,False,NONE,5477,0,0,"No constraint needed"
1103695928842,Pleasant View Dr,INTERPOLATED,1235,True,PendantCluster,647,-588,-47.6,"Nested pendant cluster (depth 6): Capped to 647 AADT (26% of 2 entry roads (Pleasant View Dr; Water Oak Ln): 2;470)"
1102200934104,Coates Dr,INTERPOLATED,2705,False,NONE,2705,0,0,"No constraint needed"
110416476161,Dubellette St,INTERPOLATED,3432,True,PendantCluster,2403,-1029,-30,"Nested pendant cluster (depth 2): Capped to 2;403 AADT (64% of 2 entry roads (S Dubellette St; W Oak St): 3;756)"
110416490897,Unknown Road,INTERPOLATED,4961,False,NONE,4961,0,0,"No constraint needed"
110416464134,Butler Ln,INTERPOLATED,494,True,PendantCluster,218,-276,-55.9,"Nested pendant cluster (depth 2): Capped to 218 AADT (64% of entry road 'Cougar Rd': 342)"
110416453169,Eagle Dr,INTERPOLATED,323,True,PendantCluster,137,-186,-57.6,"Nested pendant cluster (depth 4): Capped to 137 AADT (41% of entry road 'Lakeside Dr': 335)"
1102638237609,Birdie Dr,NO_DATA,0,False,NONE,0,0,0,"No constraint needed"
110416491405,Unknown Road,INTERPOLATED,161,True,PendantCluster,45,-116,-72,"Nested pendant cluster (depth 4): Capped to 45 AADT (41% of entry road 'W Lee': 111)"
110416480266,Soda Springs Cemetery Rd,INTERPOLATED,625,True,PendantCluster,265,-360,-57.6,"Nested pendant cluster (depth 4): Capped to 265 AADT (41% of entry road 'Soda Springs Rd': 648)"
110416492289,Unknown Road,NO_DATA,0,False,NONE,0,0,0,"No constraint needed"
110416491111,Unknown Road,INTERPOLATED,975,False,NONE,975,0,0,"No constraint needed"
110416471584,Alexander Dr,INTERPOLATED,3285,False,NONE,3285,0,0,"No constraint needed"
1103690717401,Cedar Springs Ln,INTERPOLATED,3076,True,PendantCluster,1314,-1762,-57.3,"Nested pendant cluster (depth 4): Capped to 1;314 AADT (41% of entry road 'Cedar Ranch Dr': 3;209)"
110416489743,Green Gables Ln,INTERPOLATED,1605,True,PendantCluster,794,-811,-50.5,"Nested pendant cluster (depth 2): Capped to 794 AADT (64% of entry road 'Greenwood Rd': 1;242)"
110416489787,Unknown Road,INTERPOLATED,535,False,NONE,535,0,0,"No constraint needed"
110416479597,Lazy Bend Est Rd,INTERPOLATED,1048,True,PendantCluster,66,-982,-93.7,"Nested pendant cluster (depth 8): Capped to 66 AADT (17% of entry road 'Lazy Bend Rd': 399)"
110416492698,Unknown Road,INTERPOLATED,1286,True,PendantCluster,316,-970,-75.4,"Nested pendant cluster (depth 6): Capped to 316 AADT (26% of entry road 'Lazy Bend Rd': 1;208)"
110416490834,Unknown Road,INTERPOLATED,853,False,NONE,853,0,0,"No constraint needed"
110416490386,Unknown Road,INTERPOLATED,555,True,PendantCluster,294,-261,-47,"Nested pendant cluster (depth 6): Capped to 294 AADT (26% of 2 entry roads (Unknown Road; Unknown Road): 1;125)"
110416478160,Gilbert Pit Rd,INTERPOLATED,36,True,PendantCluster,22,-14,-38.9,"Nested pendant cluster (depth 14): Capped to 22 AADT (4% of 2 entry roads (Gilbert Pit Rd; Unknown Road): 503)"
1104258510941,Ranger Hwy,INTERPOLATED,147592,False,NONE,147592,0,0,"No constraint needed"
110416478851,Canyon Creek Ct,INTERPOLATED,317,True,PendantCluster,166,-151,-47.6,"Nested pendant cluster (depth 6): Capped to 166 AADT (26% of 2 entry roads (Canyon Creek Ct; Canyon Creek Dr): 634)"
110416490393,Unknown Road,INTERPOLATED,2602,True,PendantCluster,1400,-1202,-46.2,"Nested pendant cluster (depth 2): Capped to 1;400 AADT (64% of entry road 'Quanah Hill Rd': 2;188)"
110416492294,Unknown Road,INTERPOLATED,36543,False,NONE,36543,0,0,"No constraint needed"
110416490370,Unknown Road,INTERPOLATED,1702,False,NONE,1702,0,0,"No constraint needed"
1103695920723,Bennett Hills Dr,INTERPOLATED,1551,False,NONE,1551,0,0,"No constraint needed"
1102200931053,Unknown Road,INTERPOLATED,173186,False,NONE,173186,0,0,"No constraint needed"
110416480334,Summer Stone Ct,INTERPOLATED,2151,True,PendantCluster,1400,-751,-34.9,"Nested pendant cluster (depth 2): Capped to 1;400 AADT (64% of entry road 'Quanah Hill Rd': 2;188)"
110416476179,Eagle Pass Ln,INTERPOLATED,2114,True,PendantCluster,1340,-774,-36.6,"Nested pendant cluster (depth 2): Capped to 1;340 AADT (64% of entry road 'Young Bend Rd': 2;094)"
1102200945360,Txi Plant,NO_DATA,0,False,NONE,0,0,0,"No constraint needed"
1102200937549,Unknown Road,INTERPOLATED,404,True,PendantCluster,1,-403,-99.8,"Nested pendant cluster (depth 26): Capped to 1 AADT (0% of entry road 'Unknown Road': 466)"
1102466372939,Unknown Road,INTERPOLATED,418,False,NONE,418,0,0,"No constraint needed"
110416480123,Tin Top Estates Rd,INTERPOLATED,439,True,PendantCluster,0,-439,-100,"Nested pendant cluster (depth 42): Capped to 0 AADT (0% of 2 entry roads (Tin Top Estates Rd; Unknown Road): 825)"
110416466549,Cattail Trl,INTERPOLATED,788,False,NONE,788,0,0,"No constraint needed"
110416489701,Unknown Road,INTERPOLATED,161,True,PendantCluster,78,-83,-51.6,"Nested pendant cluster (depth 2): Capped to 78 AADT (64% of entry road 'Cool Junction': 123)"
1105598410606,Cambridge Park Trl,INTERPOLATED,338,False,NONE,338,0,0,"No constraint needed"
110416446042,Dunn Ln,INTERPOLATED,879,True,PendantCluster,844,-35,-4,"Nested pendant cluster (depth 2): Capped to 844 AADT (64% of entry road 'Old Garner Rd': 1;319)"
1102200930707,Tigers Eye Ct,INTERPOLATED,3452,True,PendantCluster,885,-2567,-74.4,"Nested pendant cluster (depth 4): Capped to 885 AADT (41% of entry road 'Diamond Ridge Ln': 2;161)"
1102970391956,Dennis Rd,INTERPOLATED,2981,False,NONE,2981,0,0,"No constraint needed"
110416490322,Unknown Road,INTERPOLATED,3091,True,PendantCluster,2428,-663,-21.4,"Nested pendant cluster (depth 2): Capped to 2;428 AADT (64% of entry road 'Dennis Rd': 3;794)"
110416470622,Futurity Ln,INTERPOLATED,1903,True,PendantCluster,1292,-611,-32.1,"Nested pendant cluster (depth 2): Capped to 1;292 AADT (64% of entry road 'Grindstone Rd': 2;019)"
11016954897579,Arbor Ter,INTERPOLATED,1865,True,PendantCluster,1292,-573,-30.7,"Nested pendant cluster (depth 2): Capped to 1;292 AADT (64% of entry road 'Grindstone Rd': 2;019)"
110416476283,Green Tree Dr,INTERPOLATED,2968,False,NONE,2968,0,0,"No constraint needed"
1102200923602,Unknown Road,INTERPOLATED,364,False,NONE,364,0,0,"No constraint needed"
1102466311804,Unknown Road,INTERPOLATED,213,True,PendantCluster,6,-207,-97.2,"Nested pendant cluster (depth 16): Capped to 6 AADT (3% of entry road 'Unknown Road': 214)"
1102200928484,Unknown Road,INTERPOLATED,213,True,PendantCluster,6,-207,-97.2,"Nested pendant cluster (depth 16): Capped to 6 AADT (3% of entry road 'Unknown Road': 216)"
1102200942234,Unknown Road,INTERPOLATED,1406,True,PendantCluster,591,-815,-58,"Nested pendant cluster (depth 4): Capped to 591 AADT (41% of entry road 'Unknown Road': 1;445)"
1102200929183,Unknown Road,INTERPOLATED,561,True,PendantCluster,373,-188,-33.5,"Nested pendant cluster (depth 2): Capped to 373 AADT (64% of 2 entry roads (Gilbert Pit Rd; Gilbert Pit Rd): 584)"
1102466259400,Unknown Road,INTERPOLATED,3822,False,NONE,3822,0,0,"No constraint needed"
1104472797856,Unknown Road,INTERPOLATED,6421,True,PendantCluster,1566,-4855,-75.6,"Nested pendant cluster (depth 4): Capped to 1;566 AADT (41% of entry road 'Unknown Road': 3;825)"
110416490520,Unknown Road,INTERPOLATED,277,True,PendantCluster,56,-221,-79.8,"Nested pendant cluster (depth 6): Capped to 56 AADT (26% of 2 entry roads (Unknown Road; Unknown Road): 217)"
1102200936801,Oakmont Ct,INTERPOLATED,1478,True,PendantCluster,114,-1364,-92.3,"Nested pendant cluster (depth 8): Capped to 114 AADT (17% of entry road 'Overton Ridge Cir': 681)"
110416457095,Kings Rd,ACTUAL_COUNT,2093,False,NONE,2093,0,0,"No constraint needed"
11016955064617,Spring Valley Rd,INTERPOLATED,2452,False,NONE,2452,0,0,"No constraint needed"
1105576273224,Unknown Road,INTERPOLATED,270686,False,NONE,270686,0,0,"No constraint needed"
110416477145,Meeks Bend,INTERPOLATED,833,True,PendantCluster,249,-584,-70.1,"Nested pendant cluster (depth 4): Capped to 249 AADT (41% of entry road 'Strickland Ln': 608)"
1102200926605,Unknown Road,INTERPOLATED,458,True,PendantCluster,205,-253,-55.2,"Nested pendant cluster (depth 2): Capped to 205 AADT (64% of entry road 'Big Valley Cir': 321)"
1102200927566,Connecting Rd,INTERPOLATED,115378,False,NONE,115378,0,0,"No constraint needed"
1106087684207,Red Bank Rd,INTERPOLATED,6,True,PendantCluster,0,-6,-100,"Nested pendant cluster (depth 12): Capped to 0 AADT (7% of 2 entry roads (Red Bank Rd; Buckner Rd): 12)"
1102466337111,Unknown Road,INTERPOLATED,213,False,NONE,213,0,0,"No constraint needed"
1102200926636,Unknown Road,INTERPOLATED,214,False,NONE,214,0,0,"No constraint needed"
1102466311747,Unknown Road,INTERPOLATED,214,True,PendantCluster,4,-210,-98.1,"Nested pendant cluster (depth 10): Capped to 4 AADT (11% of 2 entry roads (Unknown Road; Unknown Road): 38)"
1102466494712,Unknown Road,INTERPOLATED,213,False,NONE,213,0,0,"No constraint needed"
11016954975195,Hackberry Pointe Dr,INTERPOLATED,1433,True,PendantCluster,414,-1019,-71.1,"Nested pendant cluster (depth 2): Capped to 414 AADT (64% of entry road 'Tidwell Rd': 648)"
1102200958771,Unknown Road,INTERPOLATED,3893,False,NONE,3893,0,0,"No constraint needed"
1103573621989,O'Brien Ct,INTERPOLATED,4806,True,PendantCluster,1523,-3283,-68.3,"Nested pendant cluster (depth 2): Capped to 1;523 AADT (64% of entry road 'Jameson St': 2;380)"
110416472152,Jefferson St,INTERPOLATED,2150,True,PendantCluster,1347,-803,-37.3,"Nested pendant cluster (depth 2): Capped to 1;347 AADT (64% of entry road 'Norton St': 2;105)"
110416475947,Circle Oak Ct,INTERPOLATED,930,True,PendantCluster,37,-893,-96,"Nested pendant cluster (depth 8): Capped to 37 AADT (17% of entry road 'E Poe Prairie Rd': 224)"
1102200935588,Unknown Road,INTERPOLATED,144,True,PendantCluster,55,-89,-61.8,"Nested pendant cluster (depth 4): Capped to 55 AADT (41% of entry road 'Unknown Road': 135)"
1102466652303,Unknown Road,INTERPOLATED,155,False,NONE,155,0,0,"No constraint needed"
110416465752,Pamela Dr,INTERPOLATED,10761,True,PendantCluster,1466,-9295,-86.4,"Nested pendant cluster (depth 6): Capped to 1;466 AADT (26% of entry road 'Hickory Ln': 5;594)"
110416492287,Unknown Road,NO_DATA,0,False,NONE,0,0,0,"No constraint needed"
110416489868,Unknown Road,INTERPOLATED,6716,True,PendantCluster,819,-5897,-87.8,"Nested pendant cluster (depth 6): Capped to 819 AADT (26% of entry road 'Triple K Ct': 3;126)"
1103695942143,Archers Way,INTERPOLATED,3205,False,NONE,3205,0,0,"No constraint needed"
110416492692,Unknown Road,INTERPOLATED,2796,False,NONE,2796,0,0,"No constraint needed"
1103701318598,Unknown Road,INTERPOLATED,4124,True,PendantCluster,1033,-3091,-75,"Nested pendant cluster (depth 4): Capped to 1;033 AADT (41% of entry road 'Unknown Road': 2;524)"
110416467177,Prachyl Rd,INTERPOLATED,11122,True,PendantCluster,5415,-5707,-51.3,"Nested pendant cluster (depth 2): Capped to 5;415 AADT (64% of entry road 'S FM 51': 8;462)"
1102200930220,Dalhart Dr,INTERPOLATED,3268,False,NONE,3268,0,0,"No constraint needed"
1102200930229,Pecos Dr,INTERPOLATED,3689,False,NONE,3689,0,0,"No constraint needed"
1103690719662,Sweetwater Dr,INTERPOLATED,1709,False,NONE,1709,0,0,"No constraint needed"
110416492078,Unknown Road,INTERPOLATED,1613,True,PendantCluster,54,-1559,-96.7,"Nested pendant cluster (depth 8): Capped to 54 AADT (17% of entry road 'Twin Oaks Mobile Park': 322)"
110416474760,Sugartree Dr,INTERPOLATED,476,True,PendantCluster,304,-172,-36.1,"Nested pendant cluster (depth 2): Capped to 304 AADT (64% of entry road 'Sugartree Cir': 476)"
1105598357356,Fairway View Ct,INTERPOLATED,389,True,PendantCluster,287,-102,-26.2,"Nested pendant cluster (depth 2): Capped to 287 AADT (64% of entry road 'Sugartree Dr': 449)"
1102466342215,Unknown Road,INTERPOLATED,1659,True,PendantCluster,547,-1112,-67,"Nested pendant cluster (depth 2): Capped to 547 AADT (64% of 2 entry roads (Mineral Wells Hwy; US Hwy 180): 856)"
1103690718476,Tremont St,INTERPOLATED,1030,True,PendantCluster,344,-686,-66.6,"Nested pendant cluster (depth 4): Capped to 344 AADT (41% of entry road 'E 3rd St': 841)"
1102200925240,Silver Sage Ct,NO_DATA,0,False,NONE,0,0,0,"No constraint needed"
11016955064669,Scott Dr,INTERPOLATED,15,True,PendantCluster,1,-14,-93.3,"Nested pendant cluster (depth 12): Capped to 1 AADT (7% of entry road 'Scott Dr': 15)"
110416474675,Shady Oak Ln,INTERPOLATED,3405,True,PendantCluster,586,-2819,-82.8,"Nested pendant cluster (depth 6): Capped to 586 AADT (26% of entry road 'Shady Oak Dr': 2;238)"
110416476287,Greenbriar St,INTERPOLATED,2587,True,PendantCluster,948,-1639,-63.4,"Nested pendant cluster (depth 4): Capped to 948 AADT (41% of entry road 'Briarwood St': 2;315)"
110416490934,Unknown Road,INTERPOLATED,3336,True,PendantCluster,1991,-1345,-40.3,"Nested pendant cluster (depth 2): Capped to 1;991 AADT (64% of entry road 'Dean Rd': 3;111)"
110416490243,Unknown Road,INTERPOLATED,3736,True,PendantCluster,775,-2961,-79.3,"Nested pendant cluster (depth 2): Capped to 775 AADT (64% of entry road 'Old Brock Rd': 1;211)"
1102200935555,Crowley Ln,NO_DATA,0,False,NONE,0,0,0,"No constraint needed"
1102200940320,Unknown Road,INTERPOLATED,3247,True,PendantCluster,2475,-772,-23.8,"Nested pendant cluster (depth 2): Capped to 2;475 AADT (64% of entry road 'State Spur 312': 3;868)"
110416471542,Windmill Rd,INTERPOLATED,2756,True,PendantCluster,2475,-281,-10.2,"Nested pendant cluster (depth 2): Capped to 2;475 AADT (64% of entry road 'State Spur 312': 3;868)"
110416490196,Unknown Road,INTERPOLATED,1778,True,PendantCluster,1292,-486,-27.3,"Nested pendant cluster (depth 2): Capped to 1;292 AADT (64% of entry road 'Grindstone Rd': 2;019)"
110416463107,S-Tec Way,INTERPOLATED,1769,False,NONE,1769,0,0,"No constraint needed"
1103695936777,Unknown Road,INTERPOLATED,4124,True,PendantCluster,541,-3583,-86.9,"Nested pendant cluster (depth 6): Capped to 541 AADT (26% of 2 entry roads (Emerald Way; Unknown Road): 2;066)"
1102200944415,Cougar Hollow Ln,NO_DATA,0,False,NONE,0,0,0,"No constraint needed"
110416489816,Unknown Road,INTERPOLATED,1978,True,PendantCluster,1339,-639,-32.3,"Nested pendant cluster (depth 2): Capped to 1;339 AADT (64% of entry road 'Lazy Bend Rd': 2;093)"
1102200921014,Waltzing Brook Ct,INTERPOLATED,1491,True,PendantCluster,50,-1441,-96.6,"Nested pendant cluster (depth 8): Capped to 50 AADT (17% of entry road 'Willow Creek Dr': 303)"
110416471262,Rafter J Rd,INTERPOLATED,1620,True,PendantCluster,21,-1599,-98.7,"Nested pendant cluster (depth 8): Capped to 21 AADT (17% of entry road 'Linville Ln': 131)"
1102200921697,Unknown Road,INTERPOLATED,1225,True,PendantCluster,1191,-34,-2.8,"Nested pendant cluster (depth 2): Capped to 1;191 AADT (64% of entry road 'Taylor Rd': 1;861)"
1102200921672,Unknown Road,INTERPOLATED,1251,True,PendantCluster,1191,-60,-4.8,"Nested pendant cluster (depth 2): Capped to 1;191 AADT (64% of entry road 'Taylor Rd': 1;861)"
1105598409492,Eagles Crest Ln,INTERPOLATED,1191,True,PendantCluster,848,-343,-28.8,"Nested pendant cluster (depth 6): Capped to 848 AADT (26% of 2 entry roads (Eagles Crest Ln; Spirit Ct): 3;237)"
1103928168027,Treeline Ct,INTERPOLATED,410,True,PendantCluster,353,-57,-13.9,"Nested pendant cluster (depth 4): Capped to 353 AADT (41% of 2 entry roads (Creek Meadow Ct; Sugartree Cir): 862)"
1102466534286,Unknown Road,INTERPOLATED,1661,True,PendantCluster,704,-957,-57.6,"Nested pendant cluster (depth 4): Capped to 704 AADT (41% of entry road 'Unknown Road': 1;720)"
110416492423,Unknown Road,INTERPOLATED,766,True,PendantCluster,563,-203,-26.5,"Nested pendant cluster (depth 4): Capped to 563 AADT (41% of entry road 'Unknown Road': 1;376)"
110416490242,Unknown Road,INTERPOLATED,4311,True,PendantCluster,3006,-1305,-30.3,"Nested pendant cluster (depth 4): Capped to 3;006 AADT (41% of 2 entry roads (Rippy Rd; Harwell Ln): 7;340)"
110416478227,Indian Camp Rd,INTERPOLATED,1566,False,NONE,1566,0,0,"No constraint needed"
1102853622509,Division Ln,INTERPOLATED,1159,True,PendantCluster,303,-856,-73.9,"Nested pendant cluster (depth 6): Capped to 303 AADT (26% of entry road 'Division Ln': 1;159)"
110416453487,Erwin Ln,INTERPOLATED,1584,False,NONE,1584,0,0,"No constraint needed"
110416478283,Leatherwood Ln,INTERPOLATED,1372,False,NONE,1372,0,0,"No constraint needed"
1103690718230,Judd,INTERPOLATED,1704,False,NONE,1704,0,0,"No constraint needed"
1103456721992,Ross Ln,INTERPOLATED,1586,False,NONE,1586,0,0,"No constraint needed"
110416489560,Unknown Road,INTERPOLATED,1802,False,NONE,1802,0,0,"No constraint needed"
1104468622441,Cornstubble Ln,INTERPOLATED,1980,True,PendantCluster,748,-1232,-62.2,"Nested pendant cluster (depth 6): Capped to 748 AADT (26% of 2 entry roads (Cornstubble Ln; Cornstubble Ln): 2;855)"
110416492203,Unknown Road,INTERPOLATED,1873,False,NONE,1873,0,0,"No constraint needed"
110416492180,Unknown Road,INTERPOLATED,1464,True,PendantCluster,558,-906,-61.9,"Nested pendant cluster (depth 2): Capped to 558 AADT (64% of entry road 'W Dry Creek Rd': 873)"
110416492162,Unknown Road,INTERPOLATED,1106,True,PendantCluster,637,-469,-42.4,"Nested pendant cluster (depth 2): Capped to 637 AADT (64% of entry road 'Central Rd': 996)"
110416491759,Unknown Road,INTERPOLATED,1245,True,PendantCluster,1005,-240,-19.3,"Nested pendant cluster (depth 4): Capped to 1;005 AADT (41% of 2 entry roads (Unknown Road; Unknown Road): 2;455)"
110416447266,Adell Rd,INTERPOLATED,985,False,NONE,985,0,0,"No constraint needed"
110416465533,Manley Rd,INTERPOLATED,6505,False,NONE,6505,0,0,"No constraint needed"
11016955195327,Unknown Road,INTERPOLATED,2354,False,NONE,2354,0,0,"No constraint needed"
1103690718492,Clearwater Ct,INTERPOLATED,6,True,PendantCluster,0,-6,-100,"Nested pendant cluster (depth 14): Capped to 0 AADT (4% of 2 entry roads (Clearwater Ct; Clearwater Dr): 12)"
110416489558,Unknown Road,INTERPOLATED,1421,True,PendantCluster,245,-1176,-82.8,"Nested pendant cluster (depth 2): Capped to 245 AADT (64% of entry road 'Shadle Rd': 383)"
110416492728,Unknown Road,INTERPOLATED,918,True,PendantCluster,169,-749,-81.6,"Nested pendant cluster (depth 2): Capped to 169 AADT (64% of entry road 'Old Agnes Rd': 265)"
110416479052,Harwell Lake Rd,ACTUAL_COUNT,2684,False,NONE,2684,0,0,"No constraint needed"
110416490218,Unknown Road,INTERPOLATED,548,True,PendantCluster,91,-457,-83.4,"Nested pendant cluster (depth 8): Capped to 91 AADT (17% of entry road 'Unknown Road': 548)"
110416491663,Unknown Road,INTERPOLATED,1346,False,NONE,1346,0,0,"No constraint needed"
110416446069,Elam Ct,INTERPOLATED,1008,True,PendantCluster,197,-811,-80.5,"Nested pendant cluster (depth 4): Capped to 197 AADT (41% of entry road 'Windy Hill Ln': 481)"
110416477806,Windy Hill Ln,INTERPOLATED,481,True,PendantCluster,277,-204,-42.4,"Nested pendant cluster (depth 4): Capped to 277 AADT (41% of 2 entry roads (Elam Ct; Windy Hill Ln): 678)"
110416474813,Van Story Rd,INTERPOLATED,1492,True,PendantCluster,1226,-266,-17.8,"Nested pendant cluster (depth 4): Capped to 1;226 AADT (41% of 2 entry roads (Van Story Rd; Liggett): 2;995)"
110416463774,Wyche Rd,INTERPOLATED,2194,False,NONE,2194,0,0,"No constraint needed"
11032815667425,Unknown Road,INTERPOLATED,2197,True,PendantCluster,1456,-741,-33.7,"Nested pendant cluster (depth 2): Capped to 1;456 AADT (64% of entry road 'Mark Layne Rd': 2;275)"
1103631926153,Unknown Road,INTERPOLATED,1563,False,NONE,1563,0,0,"No constraint needed"
1102988770835,Unknown Road,INTERPOLATED,1752,False,NONE,1752,0,0,"No constraint needed"
110416479243,Sosebee Bend Rd,INTERPOLATED,1291,False,NONE,1291,0,0,"No constraint needed"
1102970389849,Unknown Road,INTERPOLATED,1899,True,PendantCluster,1156,-743,-39.1,"Nested pendant cluster (depth 4): Capped to 1;156 AADT (41% of 2 entry roads (Unknown Road; Unknown Road): 2;823)"
110416489913,Unknown Road,INTERPOLATED,1910,True,PendantCluster,428,-1482,-77.6,"Nested pendant cluster (depth 2): Capped to 428 AADT (64% of entry road 'Advance Rd': 669)"
1103701319063,Unknown Road,INTERPOLATED,880,False,NONE,880,0,0,"No constraint needed"
110416491355,Unknown Road,INTERPOLATED,1815,False,NONE,1815,0,0,"No constraint needed"
1102466498168,Mark Layne Rd,INTERPOLATED,2406,False,NONE,2406,0,0,"No constraint needed"
110416463415,Vance Ln,ACTUAL_COUNT,406,False,NONE,406,0,0,"No constraint needed"
1102988770839,Unknown Road,INTERPOLATED,423,False,NONE,423,0,0,"No constraint needed"
110416478131,Fingerbanks Ln,INTERPOLATED,524,True,PendantCluster,425,-99,-18.9,"Nested pendant cluster (depth 4): Capped to 425 AADT (41% of 2 entry roads (Fingerbanks Ln; Unknown Road): 1;040)"
110416480340,Cababiss Ln,INTERPOLATED,550,False,NONE,550,0,0,"No constraint needed"
110416475955,Clark Lake Rd,INTERPOLATED,350,False,NONE,350,0,0,"No constraint needed"
1102988770823,Unknown Road,INTERPOLATED,349,True,PendantCluster,322,-27,-7.7,"Nested pendant cluster (depth 2): Capped to 322 AADT (64% of entry road 'Old Garner Rd': 504)"
1102200934957,Unknown Road,INTERPOLATED,330,True,PendantCluster,224,-106,-32.1,"Nested pendant cluster (depth 2): Capped to 224 AADT (64% of entry road 'Clark Lake Rd': 350)"
110416490457,Unknown Road,INTERPOLATED,686,True,PendantCluster,134,-552,-80.5,"Nested pendant cluster (depth 4): Capped to 134 AADT (41% of entry road 'Unknown Road': 328)"
110416491667,Unknown Road,INTERPOLATED,1110,True,PendantCluster,599,-511,-46,"Nested pendant cluster (depth 2): Capped to 599 AADT (64% of entry road 'Old Mineral Wells Hwy': 937)"
110416480057,Cartwright Park Rd,ACTUAL_COUNT,294,True,PendantCluster,154,-140,-47.6,"Nested pendant cluster (depth 6): Capped to 154 AADT (26% of 2 entry roads (Cartwright Park Rd; Unknown Road): 588)"
110416491338,Unknown Road,INTERPOLATED,813,False,NONE,813,0,0,"No constraint needed"
11016955195338,Unknown Road,INTERPOLATED,3155,False,NONE,3155,0,0,"No constraint needed"
11016955195325,Unknown Road,INTERPOLATED,7145,False,NONE,7145,0,0,"No constraint needed"
110416490276,Unknown Road,INTERPOLATED,7342,False,NONE,7342,0,0,"No constraint needed"
110416479687,Quail Springs Dr,INTERPOLATED,1259,False,NONE,1259,0,0,"No constraint needed"
110416489860,Unknown Road,INTERPOLATED,824,False,NONE,824,0,0,"No constraint needed"
110416445538,Cox Dr,INTERPOLATED,875,False,NONE,875,0,0,"No constraint needed"
110416470820,La Vista Ct,INTERPOLATED,2011,True,PendantCluster,1295,-716,-35.6,"Nested pendant cluster (depth 2): Capped to 1;295 AADT (64% of entry road 'La Costa Cir': 2;024)"
110416478517,Shady Grove Ln,INTERPOLATED,1676,True,PendantCluster,1158,-518,-30.9,"Nested pendant cluster (depth 2): Capped to 1;158 AADT (64% of entry road 'Shady Grove Rd': 1;810)"
110416490826,Unknown Road,INTERPOLATED,1301,True,PendantCluster,99,-1202,-92.4,"Nested pendant cluster (depth 2): Capped to 99 AADT (64% of entry road 'Cold Springs Rd': 156)"
110416492027,Unknown Road,INTERPOLATED,1289,False,NONE,1289,0,0,"No constraint needed"
110416489909,Unknown Road,INTERPOLATED,2007,True,PendantCluster,1425,-582,-29,"Nested pendant cluster (depth 2): Capped to 1;425 AADT (64% of entry road 'FM 2421': 2;228)"
110416466931,Jupiter Trl,INTERPOLATED,1696,True,PendantCluster,169,-1527,-90,"Nested pendant cluster (depth 2): Capped to 169 AADT (64% of entry road 'Old Agnes Rd': 265)"
110416445583,Fir St,INTERPOLATED,242,True,PendantCluster,126,-116,-47.9,"Nested pendant cluster (depth 6): Capped to 126 AADT (26% of 2 entry roads (Fir St; Oak Cir): 484)"
110416479110,Johnson Bend Rd,ACTUAL_COUNT,925,False,NONE,925,0,0,"No constraint needed"
110416471297,Red Bird Ln,ACTUAL_COUNT,665,False,NONE,665,0,0,"No constraint needed"
110416470105,Applebee Ct,INTERPOLATED,1177,True,PendantCluster,599,-578,-49.1,"Nested pendant cluster (depth 2): Capped to 599 AADT (64% of entry road 'Old Mineral Wells Hwy': 937)"
1104468832184,R T Ln,INTERPOLATED,733,True,PendantCluster,301,-432,-58.9,"Nested pendant cluster (depth 4): Capped to 301 AADT (41% of entry road 'N FM 51': 735)"
1104259290978,Hardy Rd,INTERPOLATED,1,True,PendantCluster,0,-1,-100,"Nested pendant cluster (depth 16): Capped to 0 AADT (3% of entry road 'Hardy Rd': 1)"
110416477085,Logans Run Rd,INTERPOLATED,319,True,PendantCluster,252,-67,-21,"Nested pendant cluster (depth 6): Capped to 252 AADT (26% of 2 entry roads (Logans Run Rd; Unknown Road): 962)"
110416465399,Jordan,INTERPOLATED,913,False,NONE,913,0,0,"No constraint needed"
1102970502097,Unknown Road,INTERPOLATED,734,True,PendantCluster,41,-693,-94.4,"Nested pendant cluster (depth 8): Capped to 41 AADT (17% of entry road 'Hide Away Ln': 248)"
110416445792,FM 2891,INTERPOLATED,1215,False,NONE,1215,0,0,"No constraint needed"
110416445795,FM 2891,INTERPOLATED,1219,False,NONE,1219,0,0,"No constraint needed"
110416478476,Rock Church Rd,ACTUAL_COUNT,227,False,NONE,227,0,0,"No constraint needed"
110416464088,Bounty Rd,INTERPOLATED,2104,False,NONE,2104,0,0,"No constraint needed"
110416478523,Southerland Ln,INTERPOLATED,5657,False,NONE,5657,0,0,"No constraint needed"
110416491482,Unknown Road,INTERPOLATED,11069,True,PendantCluster,5267,-5802,-52.4,"Nested pendant cluster (depth 2): Capped to 5;267 AADT (64% of entry road 'Whitt Cut Off Rd': 8;230)"
110416446733,Reed Rd,INTERPOLATED,12815,True,PendantCluster,10359,-2456,-19.2,"Nested pendant cluster (depth 4): Capped to 10;359 AADT (41% of 2 entry roads (Reed Rd; Unknown Road): 25;292)"
1102970401343,Lamkin Rd,INTERPOLATED,8401,True,PendantCluster,7416,-985,-11.7,"Nested pendant cluster (depth 2): Capped to 7;416 AADT (64% of 2 entry roads (Lamkin Rd; Unknown Road): 11;588)"
110416467188,Rawhide Trl,INTERPOLATED,5997,True,PendantCluster,4988,-1009,-16.8,"Nested pendant cluster (depth 4): Capped to 4;988 AADT (41% of 2 entry roads (Rawhide Trl; Unknown Road): 12;180)"
110416490300,Unknown Road,INTERPOLATED,11032,True,PendantCluster,4746,-6286,-57,"Nested pendant cluster (depth 2): Capped to 4;746 AADT (64% of entry road 'Lamkin Rd': 7;416)"
110416471864,Dove Hill Ln,INTERPOLATED,750,False,NONE,750,0,0,"No constraint needed"
110416459443,Paige St,INTERPOLATED,1144,True,PendantCluster,433,-711,-62.2,"Nested pendant cluster (depth 2): Capped to 433 AADT (64% of entry road 'Green Acres Rd': 678)"
110416489859,Unknown Road,INTERPOLATED,752,False,NONE,752,0,0,"No constraint needed"
1102217860843,Unknown Road,INTERPOLATED,2390,False,NONE,2390,0,0,"No constraint needed"
1102970388078,Unknown Road,INTERPOLATED,903,False,NONE,903,0,0,"No constraint needed"
11016955195292,Unknown Road,INTERPOLATED,706,False,NONE,706,0,0,"No constraint needed"
1102217860842,Unknown Road,INTERPOLATED,909,False,NONE,909,0,0,"No constraint needed"
1102217860838,Unknown Road,INTERPOLATED,944,False,NONE,944,0,0,"No constraint needed"
1102217860828,Unknown Road,INTERPOLATED,1064,False,NONE,1064,0,0,"No constraint needed"
110416492058,Unknown Road,INTERPOLATED,1057,False,NONE,1057,0,0,"No constraint needed"
110416490056,Unknown Road,INTERPOLATED,1060,False,NONE,1060,0,0,"No constraint needed"
110416489990,Unknown Road,INTERPOLATED,955,False,NONE,955,0,0,"No constraint needed"
1102970413371,Heintzelman Rd,INTERPOLATED,951,False,NONE,951,0,0,"No constraint needed"
1104745390750,Unknown Road,INTERPOLATED,955,False,NONE,955,0,0,"No constraint needed"
110416451528,Cross Rd,ACTUAL_COUNT,1063,False,NONE,1063,0,0,"No constraint needed"
1102970413343,Heintzelman Rd,INTERPOLATED,952,False,NONE,952,0,0,"No constraint needed"
1102970413354,Heintzelman Rd,INTERPOLATED,1164,False,NONE,1164,0,0,"No constraint needed"
110416489994,Unknown Road,INTERPOLATED,1086,False,NONE,1086,0,0,"No constraint needed"
110416489988,Unknown Road,INTERPOLATED,1086,False,NONE,1086,0,0,"No constraint needed"
110416478287,Leavenworth,ACTUAL_COUNT,550,True,PendantCluster,352,-198,-36,"Nested pendant cluster (depth 2): Capped to 352 AADT (64% of entry road 'Lee Rd': 550)"
110416490780,Unknown Road,INTERPOLATED,993,True,PendantCluster,307,-686,-69.1,"Nested pendant cluster (depth 6): Capped to 307 AADT (26% of 2 entry roads (Unknown Road; Unknown Road): 1;172)"
110416490726,Unknown Road,INTERPOLATED,1483,False,NONE,1483,0,0,"No constraint needed"
110416490721,Unknown Road,INTERPOLATED,1560,False,NONE,1560,0,0,"No constraint needed"
1102466886130,Sarahs Ct,INTERPOLATED,1334,True,PendantCluster,386,-948,-71.1,"Nested pendant cluster (depth 4): Capped to 386 AADT (41% of 2 entry roads (Leatherman Ln; Morris Ct): 943)"
110416451897,Davis Ln,INTERPOLATED,462,False,NONE,462,0,0,"No constraint needed"
110416491927,Unknown Road,INTERPOLATED,729,True,PendantCluster,328,-401,-55,"Nested pendant cluster (depth 2): Capped to 328 AADT (64% of entry road 'W Lambert Rd': 514)"
110416491289,Unknown Road,INTERPOLATED,829,True,PendantCluster,99,-730,-88.1,"Nested pendant cluster (depth 2): Capped to 99 AADT (64% of entry road 'Cold Springs Rd': 156)"
1102200935042,Unknown Road,INTERPOLATED,1572,False,NONE,1572,0,0,"No constraint needed"
110416491131,Unknown Road,INTERPOLATED,1001,False,NONE,1001,0,0,"No constraint needed"
110416490771,Unknown Road,INTERPOLATED,1008,True,PendantCluster,307,-701,-69.5,"Nested pendant cluster (depth 6): Capped to 307 AADT (26% of 2 entry roads (Unknown Road; Unknown Road): 1;172)"
1104470761304,Unknown Road,INTERPOLATED,1084,False,NONE,1084,0,0,"No constraint needed"
110416490117,Unknown Road,INTERPOLATED,1417,True,PendantCluster,685,-732,-51.7,"Nested pendant cluster (depth 2): Capped to 685 AADT (64% of entry road 'Lone Star Rd': 1;071)"
110416446014,Docs Rd,INTERPOLATED,2912,True,PendantCluster,2434,-478,-16.4,"Nested pendant cluster (depth 4): Capped to 2;434 AADT (41% of 2 entry roads (Docs Rd; Oxford School Ln): 5;944)"
110416491150,Unknown Road,INTERPOLATED,3534,False,NONE,3534,0,0,"No constraint needed"
1102200929917,Unknown Road,INTERPOLATED,2756,True,PendantCluster,2531,-225,-8.2,"Nested pendant cluster (depth 2): Capped to 2;531 AADT (64% of entry road 'Adell Cir': 3;955)"
110416490238,Unknown Road,INTERPOLATED,2587,True,PendantCluster,2531,-56,-2.2,"Nested pendant cluster (depth 2): Capped to 2;531 AADT (64% of entry road 'Adell Cir': 3;955)"
110416490402,Unknown Road,INTERPOLATED,1055,False,NONE,1055,0,0,"No constraint needed"
1102466292513,Goldfinch Ln,INTERPOLATED,1292,True,PendantCluster,520,-772,-59.8,"Nested pendant cluster (depth 4): Capped to 520 AADT (41% of entry road 'Bishop Dr': 1;271)"
1104470397475,Unknown Road,INTERPOLATED,1274,True,PendantCluster,239,-1035,-81.2,"Nested pendant cluster (depth 4): Capped to 239 AADT (41% of entry road 'Unknown Road': 585)"
110416492502,Unknown Road,INTERPOLATED,1462,True,PendantCluster,1123,-339,-23.2,"Nested pendant cluster (depth 2): Capped to 1;123 AADT (64% of entry road 'Poolville Cut Off Rd': 1;756)"
1102466342561,Unknown Road,INTERPOLATED,1536,False,NONE,1536,0,0,"No constraint needed"
1102200950567,Unknown Road,INTERPOLATED,1559,False,NONE,1559,0,0,"No constraint needed"
1102312891062,Unknown Road,INTERPOLATED,1516,False,NONE,1516,0,0,"No constraint needed"
1102218040514,Unknown Road,INTERPOLATED,999,False,NONE,999,0,0,"No constraint needed"
1102200956326,Unknown Road,INTERPOLATED,1051,False,NONE,1051,0,0,"No constraint needed"
1102466587011,Unknown Road,INTERPOLATED,779,True,PendantCluster,715,-64,-8.2,"Nested pendant cluster (depth 4): Capped to 715 AADT (41% of 2 entry roads (Unknown Road; Unknown Road): 1;746)"
1102200922969,Unknown Road,INTERPOLATED,373,False,NONE,373,0,0,"No constraint needed"
1102218040516,Unknown Road,INTERPOLATED,1114,False,NONE,1114,0,0,"No constraint needed"
1102218040512,Unknown Road,INTERPOLATED,999,False,NONE,999,0,0,"No constraint needed"
110416489662,Unknown Road,INTERPOLATED,1572,True,PendantCluster,647,-925,-58.8,"Nested pendant cluster (depth 4): Capped to 647 AADT (41% of entry road 'Park Road 71': 1;580)"
110416470649,Hereford Rd,INTERPOLATED,1311,True,PendantCluster,558,-753,-57.4,"Nested pendant cluster (depth 2): Capped to 558 AADT (64% of entry road 'W Dry Creek Rd': 873)"
110416479844,Encino Springs Ln,INTERPOLATED,1923,True,PendantCluster,1134,-789,-41,"Nested pendant cluster (depth 6): Capped to 1;134 AADT (26% of 2 entry roads (Encino Springs Ln; Windriver Ct): 4;326)"
1102200939271,Unknown Road,INTERPOLATED,2337,True,PendantCluster,184,-2153,-92.1,"Nested pendant cluster (depth 2): Capped to 184 AADT (64% of entry road 'Cochran Rd': 289)"
110416477366,River Rock Ct,INTERPOLATED,190,True,PendantCluster,25,-165,-86.8,"Nested pendant cluster (depth 10): Capped to 25 AADT (11% of 2 entry roads (River Rock Ct; Clearwater Dr): 238)"
110416453696,Ethan Ct,INTERPOLATED,1945,True,PendantCluster,862,-1083,-55.7,"Nested pendant cluster (depth 6): Capped to 862 AADT (26% of 2 entry roads (Chris Ct; Bartallen Ln): 3;291)"
110416492536,Unknown Road,INTERPOLATED,1279,False,NONE,1279,0,0,"No constraint needed"
110416492469,Unknown Road,INTERPOLATED,1261,True,PendantCluster,820,-441,-35,"Nested pendant cluster (depth 2): Capped to 820 AADT (64% of entry road 'Midway Dr': 1;282)"
1102200927317,Unknown Road,NO_DATA,0,False,NONE,0,0,0,"No constraint needed"
1103626823979,Salt Flat Ct,INTERPOLATED,1467,True,PendantCluster,72,-1395,-95.1,"Nested pendant cluster (depth 6): Capped to 72 AADT (26% of entry road 'Big Salty Ln': 277)"
1102970391769,Unknown Road,INTERPOLATED,1288,False,NONE,1288,0,0,"No constraint needed"
1102638238432,Unknown Road,INTERPOLATED,1255,True,PendantCluster,1035,-220,-17.5,"Nested pendant cluster (depth 4): Capped to 1;035 AADT (41% of 2 entry roads (Unknown Road; Unknown Road): 2;527)"
1102638238110,Unknown Road,INTERPOLATED,1349,True,PendantCluster,125,-1224,-90.7,"Nested pendant cluster (depth 6): Capped to 125 AADT (26% of 2 entry roads (Unknown Road; Unknown Road): 478)"
1104470397474,Unknown Road,INTERPOLATED,1321,True,PendantCluster,585,-736,-55.7,"Nested pendant cluster (depth 2): Capped to 585 AADT (64% of entry road 'Leech Rd': 915)"
11016955110449,Vanderbilt Dr,INTERPOLATED,1076,False,NONE,1076,0,0,"No constraint needed"
1102200934894,Unknown Road,INTERPOLATED,1278,False,NONE,1278,0,0,"No constraint needed"
110416477788,Wildflower Ln,INTERPOLATED,1292,False,NONE,1292,0,0,"No constraint needed"
1103522465574,Unknown Road,INTERPOLATED,723,False,NONE,723,0,0,"No constraint needed"
110416490004,Unknown Road,INTERPOLATED,310,False,NONE,310,0,0,"No constraint needed"
110416471987,Gloryland Rd,INTERPOLATED,1126,True,PendantCluster,466,-660,-58.6,"Nested pendant cluster (depth 4): Capped to 466 AADT (41% of entry road 'Kathey St': 1;138)"
110416446496,Lora Ln,INTERPOLATED,1116,True,PendantCluster,28,-1088,-97.5,"Nested pendant cluster (depth 8): Capped to 28 AADT (17% of entry road 'Hall St': 171)"
1103701319068,Unknown Road,INTERPOLATED,797,True,PendantCluster,715,-82,-10.3,"Nested pendant cluster (depth 4): Capped to 715 AADT (41% of 2 entry roads (Unknown Road; Unknown Road): 1;746)"
1103677582875,Louis Scherer Rd,INTERPOLATED,1146,True,PendantCluster,169,-977,-85.3,"Nested pendant cluster (depth 2): Capped to 169 AADT (64% of entry road 'Old Agnes Rd': 265)"
110416477226,Pamela Kay Ln,INTERPOLATED,770,True,PendantCluster,410,-360,-46.8,"Nested pendant cluster (depth 2): Capped to 410 AADT (64% of entry road 'New Authon Rd': 641)"
110416467222,Redtail Ct,INTERPOLATED,1211,True,PendantCluster,0,-1211,-100,"Nested pendant cluster (depth 12): Capped to 0 AADT (7% of entry road 'Sandpiper Dr': 8)"
110416471216,Peaceful Ln,INTERPOLATED,1284,True,PendantCluster,820,-464,-36.1,"Nested pendant cluster (depth 2): Capped to 820 AADT (64% of entry road 'Midway Dr': 1;282)"
1102200932056,Unknown Road,INTERPOLATED,2535,True,PendantCluster,373,-2162,-85.3,"Nested pendant cluster (depth 6): Capped to 373 AADT (26% of entry road 'Adair Ln': 1;425)"
110416474904,Unknown Road,INTERPOLATED,2288,True,PendantCluster,787,-1501,-65.6,"Nested pendant cluster (depth 4): Capped to 787 AADT (41% of entry road 'Encino Springs Ln': 1;923)"
110416477762,White Wing Ct,INTERPOLATED,1226,True,PendantCluster,192,-1034,-84.3,"Nested pendant cluster (depth 6): Capped to 192 AADT (26% of entry road 'Bishop Dr': 733)"
110416466370,Airport Rd,ACTUAL_COUNT,11493,False,NONE,11493,0,0,"No constraint needed"
110416470002,Treetop Dr,INTERPOLATED,113,True,PendantCluster,37,-76,-67.3,"Nested pendant cluster (depth 8): Capped to 37 AADT (17% of 2 entry roads (Treetop Dr; Clearview Ln): 226)"
1102970398144,Unknown Road,INTERPOLATED,1338,False,NONE,1338,0,0,"No constraint needed"
110416471090,Oak Hill Dr,INTERPOLATED,1210,False,NONE,1210,0,0,"No constraint needed"
110416465865,Savage Ln,INTERPOLATED,1923,False,NONE,1923,0,0,"No constraint needed"
110416479114,Lake Country Dr,ACTUAL_COUNT,4144,False,NONE,4144,0,0,"No constraint needed"
1102200928802,Autumn Springs Ct,INTERPOLATED,2098,False,NONE,2098,0,0,"No constraint needed"
1102988770815,Unknown Road,INTERPOLATED,7183,False,NONE,7183,0,0,"No constraint needed"
110416491872,Unknown Road,INTERPOLATED,1611,False,NONE,1611,0,0,"No constraint needed"
110416446677,Pate Rd,INTERPOLATED,548,True,PendantCluster,307,-241,-44,"Nested pendant cluster (depth 4): Capped to 307 AADT (41% of entry road 'Kelly Rd': 750)"
1102970388798,Unknown Road,INTERPOLATED,205,False,NONE,205,0,0,"No constraint needed"
110416476244,Four Trees Dr,ACTUAL_COUNT,710,False,NONE,710,0,0,"No constraint needed"
110416479581,John Chisholm Rd,INTERPOLATED,1392,True,PendantCluster,564,-828,-59.5,"Nested pendant cluster (depth 4): Capped to 564 AADT (41% of 2 entry roads (Chisholm Hills Rd; Unknown Road): 1;378)"
1102466337595,Unknown Road,INTERPOLATED,7083,False,NONE,7083,0,0,"No constraint needed"
110416490640,Unknown Road,INTERPOLATED,6088,False,NONE,6088,0,0,"No constraint needed"
1102466298661,Autumn Wood Ct,ACTUAL_COUNT,2766,False,NONE,2766,0,0,"No constraint needed"
1102466337619,Unknown Road,INTERPOLATED,2972,False,NONE,2972,0,0,"No constraint needed"
1103680691444,Timber Cove Dr,INTERPOLATED,20,True,PendantCluster,1,-19,-95,"Nested pendant cluster (depth 14): Capped to 1 AADT (4% of 2 entry roads (Timber Cove Dr; Country Brook Dr): 25)"
1102970399000,Ranch House Rd,ACTUAL_COUNT,7532,False,NONE,7532,0,0,"No constraint needed"
110416470887,Live Oak Ct,INTERPOLATED,5629,True,PendantCluster,4820,-809,-14.4,"Nested pendant cluster (depth 2): Capped to 4;820 AADT (64% of entry road 'Ranch House Rd': 7;532)"
110416478790,Anneta-Dicey Rd,INTERPOLATED,1197,False,NONE,1197,0,0,"No constraint needed"
1103574466163,Tricia Trl,INTERPOLATED,9198,False,NONE,9198,0,0,"No constraint needed"
1103747790533,Scenic Trl,INTERPOLATED,8402,False,NONE,8402,0,0,"No constraint needed"
110416477693,Tumbleweed Trl,INTERPOLATED,7678,False,NONE,7678,0,0,"No constraint needed"
110416480017,Pleasant Ridge Ln,INTERPOLATED,7513,False,NONE,7513,0,0,"No constraint needed"
110416478527,Spanish Oak Rd,ACTUAL_COUNT,1055,True,PendantCluster,675,-380,-36,"Nested pendant cluster (depth 2): Capped to 675 AADT (64% of entry road 'Ranch House Rd': 1;055)"
110416470390,Cherokee Ct,INTERPOLATED,759,True,PendantCluster,276,-483,-63.6,"Nested pendant cluster (depth 4): Capped to 276 AADT (41% of entry road 'Navajo Trl': 675)"
110416491532,Unknown Road,INTERPOLATED,4215,False,NONE,4215,0,0,"No constraint needed"
11016954909900,Colton Dr,INTERPOLATED,2120,True,PendantCluster,430,-1690,-79.7,"Nested pendant cluster (depth 4): Capped to 430 AADT (41% of entry road 'Atlee Dr': 1;052)"
110416476265,Georgetown Ct,INTERPOLATED,718,False,NONE,718,0,0,"No constraint needed"
110416478970,Falcon Rdg,INTERPOLATED,3680,True,PendantCluster,430,-3250,-88.3,"Nested pendant cluster (depth 4): Capped to 430 AADT (41% of entry road 'W Hill Dr': 1;052)"
110416491562,Unknown Road,INTERPOLATED,568,True,PendantCluster,468,-100,-17.6,"Nested pendant cluster (depth 4): Capped to 468 AADT (41% of 2 entry roads (Unknown Road; Unknown Road): 1;144)"
1104467396619,Bankhead Cv,INTERPOLATED,632,False,NONE,632,0,0,"No constraint needed"
110416478391,Quail Bluff Ct,INTERPOLATED,564,True,PendantCluster,196,-368,-65.2,"Nested pendant cluster (depth 4): Capped to 196 AADT (41% of entry road 'Quail Bluff Ln': 479)"
110416491615,Unknown Road,INTERPOLATED,3043,True,PendantCluster,999,-2044,-67.2,"Nested pendant cluster (depth 4): Capped to 999 AADT (41% of entry road 'Unknown Road': 2;441)"
110416491858,Unknown Road,INTERPOLATED,4236,False,NONE,4236,0,0,"No constraint needed"
110416491857,Unknown Road,INTERPOLATED,4155,False,NONE,4155,0,0,"No constraint needed"
110416477187,Muir Ranch Rd,INTERPOLATED,2175,False,NONE,2175,0,0,"No constraint needed"
110416470379,Chandler Dr,INTERPOLATED,3441,True,PendantCluster,1354,-2087,-60.7,"Nested pendant cluster (depth 4): Capped to 1;354 AADT (41% of entry road 'Viannah Dr': 3;307)"
110416491515,Unknown Road,INTERPOLATED,3036,False,NONE,3036,0,0,"No constraint needed"
110416491496,Unknown Road,INTERPOLATED,2040,False,NONE,2040,0,0,"No constraint needed"
1102466337615,Unknown Road,INTERPOLATED,3610,False,NONE,3610,0,0,"No constraint needed"
110416477266,Plantation Dr,INTERPOLATED,1855,False,NONE,1855,0,0,"No constraint needed"
1102970390032,Unknown Road,INTERPOLATED,3659,False,NONE,3659,0,0,"No constraint needed"
1102988770833,Unknown Road,INTERPOLATED,4595,False,NONE,4595,0,0,"No constraint needed"
1102988770834,Unknown Road,INTERPOLATED,4112,False,NONE,4112,0,0,"No constraint needed"
110416491265,Unknown Road,INTERPOLATED,2848,False,NONE,2848,0,0,"No constraint needed"
11016954150467,Green Elm Rd,ACTUAL_COUNT,2294,False,NONE,2294,0,0,"No constraint needed"
110416478455,River Creek Ln,INTERPOLATED,1719,False,NONE,1719,0,0,"No constraint needed"
1105598386214,Unknown Road,INTERPOLATED,1703,False,NONE,1703,0,0,"No constraint needed"
1103690719366,Highland Dr,INTERPOLATED,1681,False,NONE,1681,0,0,"No constraint needed"
110416480048,Woodland Hills Dr,INTERPOLATED,1826,True,PendantCluster,1525,-301,-16.5,"Nested pendant cluster (depth 4): Capped to 1;525 AADT (41% of 2 entry roads (Woodland Hills Dr; Lakefront Dr): 3;725)"
110416490993,Unknown Road,INTERPOLATED,6398,True,PendantCluster,2870,-3528,-55.1,"Nested pendant cluster (depth 4): Capped to 2;870 AADT (41% of 2 entry roads (Unknown Road; Unknown Road): 7;008)"
110416491095,Unknown Road,INTERPOLATED,1665,False,NONE,1665,0,0,"No constraint needed"
110416470274,Boutwell Ln,INTERPOLATED,1553,False,NONE,1553,0,0,"No constraint needed"
1103695924553,Creekwood Dr,INTERPOLATED,1696,False,NONE,1696,0,0,"No constraint needed"
1105598371698,Nueces Trl,INTERPOLATED,1676,False,NONE,1676,0,0,"No constraint needed"
110416479307,Trinity View Rd,INTERPOLATED,11754,True,PendantCluster,4918,-6836,-58.2,"Nested pendant cluster (depth 4): Capped to 4;918 AADT (41% of entry road 'Trinity Ranch Rd': 12;008)"
110416491086,Unknown Road,INTERPOLATED,5648,False,NONE,5648,0,0,"No constraint needed"
110416489736,Unknown Road,ACTUAL_COUNT,785,True,PendantCluster,541,-244,-31.1,"Nested pendant cluster (depth 2): Capped to 541 AADT (64% of entry road 'FM 5 W': 846)"
110416470570,Edgewood Dr,INTERPOLATED,1618,False,NONE,1618,0,0,"No constraint needed"
110416478586,Thistlewood Ln,INTERPOLATED,1598,True,PendantCluster,917,-681,-42.6,"Nested pendant cluster (depth 2): Capped to 917 AADT (64% of entry road 'Rim Rock Rd': 1;434)"
1103438318634,Acorn Dr,INTERPOLATED,8,True,PendantCluster,0,-8,-100,"Nested pendant cluster (depth 14): Capped to 0 AADT (4% of 2 entry roads (Acorn Dr; Alcorn Ln): 16)"
110416452094,Denny Ct,INTERPOLATED,3690,True,PendantCluster,806,-2884,-78.2,"Nested pendant cluster (depth 6): Capped to 806 AADT (26% of entry road 'Kristin Dr': 3;078)"
110416479197,Ridge Hollow,ACTUAL_COUNT,710,False,NONE,710,0,0,"No constraint needed"
110416491430,Unknown Road,INTERPOLATED,2156,False,NONE,2156,0,0,"No constraint needed"
110416471845,Deer Pond Dr,INTERPOLATED,1199,False,NONE,1199,0,0,"No constraint needed"
110416489793,Unknown Road,ACTUAL_COUNT,11496,True,PendantCluster,7357,-4139,-36,"Nested pendant cluster (depth 2): Capped to 7;357 AADT (64% of entry road 'S Ranch House Rd': 11;496)"
1102200933252,Unknown Road,INTERPOLATED,2681,False,NONE,2681,0,0,"No constraint needed"
110416466934,Kenwick Ct,INTERPOLATED,1655,True,PendantCluster,1070,-585,-35.3,"Nested pendant cluster (depth 2): Capped to 1;070 AADT (64% of entry road 'Meadow Park Dr': 1;673)"
110416479151,Misty Meadow Dr,INTERPOLATED,1194,False,NONE,1194,0,0,"No constraint needed"
1102200934975,Sam Bass Rd,INTERPOLATED,4435,False,NONE,4435,0,0,"No constraint needed"
110416466401,Augusta Ct,INTERPOLATED,2009,True,PendantCluster,1601,-408,-20.3,"Nested pendant cluster (depth 4): Capped to 1;601 AADT (41% of 2 entry roads (Links Ln; Augusta Dr): 3;911)"
1104467528935,Buchanan Ct,INTERPOLATED,647,True,PendantCluster,406,-241,-37.2,"Nested pendant cluster (depth 6): Capped to 406 AADT (26% of 2 entry roads (Buchanan Ct; Wallis Rd): 1;550)"
1105598416479,Whitney Ct,INTERPOLATED,1798,True,PendantCluster,641,-1157,-64.3,"Nested pendant cluster (depth 4): Capped to 641 AADT (41% of entry road 'Wallis Rd': 1;565)"
110416489780,Unknown Road,INTERPOLATED,9270,True,PendantCluster,5907,-3363,-36.3,"Nested pendant cluster (depth 2): Capped to 5;907 AADT (64% of entry road 'Jenkins Rd': 9;230)"
110416468113,Skyline Dr,INTERPOLATED,246,True,PendantCluster,132,-114,-46.3,"Nested pendant cluster (depth 6): Capped to 132 AADT (26% of 2 entry roads (Skyline Dr; Brook St): 506)"
1106087632068,Meadowview Rd,INTERPOLATED,3,True,PendantCluster,0,-3,-100,"Nested pendant cluster (depth 14): Capped to 0 AADT (4% of 2 entry roads (Meadowview Rd; Gated Dr): 6)"
110416491807,Unknown Road,INTERPOLATED,2882,False,NONE,2882,0,0,"No constraint needed"
110416491773,Unknown Road,INTERPOLATED,2775,False,NONE,2775,0,0,"No constraint needed"
110416446724,Plum St,INTERPOLATED,1388,True,PendantCluster,1007,-381,-27.4,"Nested pendant cluster (depth 2): Capped to 1;007 AADT (64% of 2 entry roads (Plum St; John St): 1;574)"
110416446316,John St,ACTUAL_COUNT,186,False,NONE,186,0,0,"No constraint needed"
110416479320,Valley Trail Dr,INTERPOLATED,2278,True,PendantCluster,933,-1345,-59,"Nested pendant cluster (depth 4): Capped to 933 AADT (41% of entry road 'Valley Trail Dr': 2;278)"
110416471556,Winfield Dr,ACTUAL_COUNT,1506,False,NONE,1506,0,0,"No constraint needed"
1102466875668,Walnut St,INTERPOLATED,1388,False,NONE,1388,0,0,"No constraint needed"
110416470494,Crockett Dr,INTERPOLATED,1380,False,NONE,1380,0,0,"No constraint needed"
1103660042895,Rolling Hills Dr,INTERPOLATED,1230,True,PendantCluster,43,-1187,-96.5,"Nested pendant cluster (depth 8): Capped to 43 AADT (17% of entry road 'E Oak St': 259)"
110416470713,Hilldale Rd,INTERPOLATED,1239,True,PendantCluster,83,-1156,-93.3,"Nested pendant cluster (depth 6): Capped to 83 AADT (26% of entry road 'E Oak St': 319)"
1102200939925,Unknown Road,INTERPOLATED,1249,True,PendantCluster,841,-408,-32.7,"Nested pendant cluster (depth 2): Capped to 841 AADT (64% of entry road 'Bear Creek Rd': 1;315)"
1102970400381,Kelly Rd,ACTUAL_COUNT,3402,False,NONE,3402,0,0,"No constraint needed"
110416474993,Aledo Lake,INTERPOLATED,2768,True,PendantCluster,55,-2713,-98,"Nested pendant cluster (depth 8): Capped to 55 AADT (17% of entry road 'Aledo Creeks Rd': 331)"
1102200933558,Aledo Grove Ct,NO_DATA,0,False,NONE,0,0,0,"No constraint needed"
110416479351,Aledo Springs Ct,INTERPOLATED,2705,True,PendantCluster,5,-2700,-99.8,"Nested pendant cluster (depth 10): Capped to 5 AADT (11% of entry road 'Aledo Lake': 55)"
110416489688,Unknown Road,INTERPOLATED,1943,True,PendantCluster,417,-1526,-78.5,"Nested pendant cluster (depth 6): Capped to 417 AADT (26% of entry road 'Aledo Iona Rd': 1;592)"
1106087633024,Bear Path Trl,INTERPOLATED,232,True,PendantCluster,0,-232,-100,"Nested pendant cluster (depth 12): Capped to 0 AADT (7% of entry road 'Goforth Rd': 4)"
110416489625,Unknown Road,ACTUAL_COUNT,125,False,NONE,125,0,0,"No constraint needed"
110416477929,Burton Hill Rd,ACTUAL_COUNT,279,True,PendantCluster,269,-10,-3.6,"Nested pendant cluster (depth 4): Capped to 269 AADT (41% of 2 entry roads (Burton Hill Rd; Boone Ct): 659)"
110416462159,Ridge Rd,INTERPOLATED,1285,False,NONE,1285,0,0,"No constraint needed"
110416489666,Unknown Road,INTERPOLATED,1114,True,PendantCluster,376,-738,-66.2,"Nested pendant cluster (depth 4): Capped to 376 AADT (41% of entry road 'W Lake Dr': 918)"
110416465626,Midway Ln,INTERPOLATED,3837,False,NONE,3837,0,0,"No constraint needed"
11033373595785,Verde Rd,INTERPOLATED,999,False,NONE,999,0,0,"No constraint needed"
110416491543,Unknown Road,INTERPOLATED,3349,False,NONE,3349,0,0,"No constraint needed"
110416479107,I- 20 Access Rd,INTERPOLATED,64801,True,PendantCluster,17125,-47676,-73.6,"Nested pendant cluster (depth 6): Capped to 17;125 AADT (26% of 2 entry roads (I- 20 Access Rd; Enchanted Oaks Ct): 65;327)"
110416477982,Canyon View Ct,INTERPOLATED,1779,False,NONE,1779,0,0,"No constraint needed"
110416474474,Oak Ridge Dr,INTERPOLATED,2433,False,NONE,2433,0,0,"No constraint needed"
110416466734,Fairway Ct,INTERPOLATED,817,True,PendantCluster,54,-763,-93.4,"Nested pendant cluster (depth 2): Capped to 54 AADT (64% of entry road 'Fairway Dr': 85)"
11033198784528,Mary Lou Dr,ACTUAL_COUNT,322,False,NONE,322,0,0,"No constraint needed"
110416489670,Unknown Road,INTERPOLATED,1111,True,PendantCluster,149,-962,-86.6,"Nested pendant cluster (depth 2): Capped to 149 AADT (64% of entry road 'White Settlement Rd': 233)"
1102970401139,Gardner Rd,INTERPOLATED,3831,False,NONE,3831,0,0,"No constraint needed"
110416477063,Lake Ridge Ct,INTERPOLATED,6037,False,NONE,6037,0,0,"No constraint needed"
1102200931851,Unknown Road,INTERPOLATED,2658,True,PendantCluster,1900,-758,-28.5,"Nested pendant cluster (depth 2): Capped to 1;900 AADT (64% of entry road 'Barnett Dr': 2;970)"
110416445898,Brim St,INTERPOLATED,2977,False,NONE,2977,0,0,"No constraint needed"
110416464004,Becaco Rd,INTERPOLATED,7207,True,PendantCluster,3607,-3600,-50,"Nested pendant cluster (depth 2): Capped to 3;607 AADT (64% of 3 entry roads (Old Weatherford Rd; Farmer Rd; ...): 5;637)"
110416477277,Raven Bend,ACTUAL_COUNT,1684,False,NONE,1684,0,0,"No constraint needed"
1102200928831,Black Oak Dr,INTERPOLATED,1527,False,NONE,1527,0,0,"No constraint needed"
110416467614,Shirley Cir,INTERPOLATED,1320,False,NONE,1320,0,0,"No constraint needed"
110416490122,Unknown Road,INTERPOLATED,2170,False,NONE,2170,0,0,"No constraint needed"
110416465444,Koldin Dr,INTERPOLATED,1921,True,PendantCluster,1920,-1,-0.1,"Nested pendant cluster (depth 2): Capped to 1;920 AADT (64% of entry road 'S FM 5': 3;001)"
1104472962297,Unknown Road,ACTUAL_COUNT,5009,False,NONE,5009,0,0,"No constraint needed"
1102200922903,Unknown Road,INTERPOLATED,1127,True,PendantCluster,198,-929,-82.4,"Nested pendant cluster (depth 2): Capped to 198 AADT (64% of entry road 'Russell Rd': 310)"
110416470029,Trinity Ct,INTERPOLATED,1025,True,PendantCluster,640,-385,-37.6,"Nested pendant cluster (depth 2): Capped to 640 AADT (64% of entry road 'Trinity Dr': 1;000)"
11016955043513,Sandle Wood Dr,ACTUAL_COUNT,936,True,PendantCluster,90,-846,-90.4,"Nested pendant cluster (depth 8): Capped to 90 AADT (17% of entry road 'Saddle Ridge Trl': 540)"
1103663522933,Overlook Ct,INTERPOLATED,6,True,PendantCluster,0,-6,-100,"Nested pendant cluster (depth 12): Capped to 0 AADT (7% of 2 entry roads (Overlook Ct; Hidden Rdg): 12)"
1104467446996,Belladonna Ct,INTERPOLATED,2761,True,PendantCluster,1617,-1144,-41.4,"Nested pendant cluster (depth 2): Capped to 1;617 AADT (64% of entry road 'S FM 1187': 2;528)"
1102200920323,Cynthia Ln,INTERPOLATED,1421,False,NONE,1421,0,0,"No constraint needed"
110416491541,Unknown Road,INTERPOLATED,3252,False,NONE,3252,0,0,"No constraint needed"
1103498346126,Mesquite Meadow Ln,INTERPOLATED,662,True,PendantCluster,347,-315,-47.6,"Nested pendant cluster (depth 6): Capped to 347 AADT (26% of 2 entry roads (Mesquite Meadow Ln; Rattler Way): 1;324)"
1103690720071,Carriage Dr,ACTUAL_COUNT,1089,True,PendantCluster,285,-804,-73.8,"Nested pendant cluster (depth 4): Capped to 285 AADT (41% of entry road 'Pony Express Trl': 696)"
1102744821680,Unknown Road,INTERPOLATED,976252,False,NONE,976252,0,0,"No constraint needed"
1102210236946,Clyde Dr,INTERPOLATED,1534,True,PendantCluster,624,-910,-59.3,"Nested pendant cluster (depth 4): Capped to 624 AADT (41% of entry road 'Barnwell Ln': 1;525)"
1103690717629,Concorde Cir,NO_DATA,0,False,NONE,0,0,0,"No constraint needed"
1102970388801,Unknown Road,INTERPOLATED,218,False,NONE,218,0,0,"No constraint needed"
1103677583178,Bella Vis,INTERPOLATED,1900,True,PendantCluster,778,-1122,-59.1,"Nested pendant cluster (depth 4): Capped to 778 AADT (41% of entry road 'Bella Vis': 1;900)"
11016954007868,Walsh Ranch Pkwy,INTERPOLATED,3178,False,NONE,3178,0,0,"No constraint needed"
110416479349,Yellow Stone Rd,INTERPOLATED,349,True,PendantCluster,307,-42,-12,"Nested pendant cluster (depth 4): Capped to 307 AADT (41% of entry road 'Kelly Rd': 750)"
110416491327,Unknown Road,INTERPOLATED,337,True,PendantCluster,160,-177,-52.5,"Nested pendant cluster (depth 6): Capped to 160 AADT (26% of 2 entry roads (Yellow Stone Rd; US Hwy 377): 614)"
1104473178439,Unknown Road,INTERPOLATED,297,True,PendantCluster,4,-293,-98.7,"Nested pendant cluster (depth 10): Capped to 4 AADT (11% of 2 entry roads (Trifecta Ln; Legacy Downs Dr): 38)"
1102970400357,Unknown Road,INTERPOLATED,1815,True,PendantCluster,743,-1072,-59.1,"Nested pendant cluster (depth 4): Capped to 743 AADT (41% of entry road 'Unknown Road': 1;815)"
1103680692657,Parker Oaks Ct,INTERPOLATED,423,True,PendantCluster,154,-269,-63.6,"Nested pendant cluster (depth 2): Capped to 154 AADT (64% of entry road 'Parker Oaks Ln': 241)"
1102632856222,Gumper Pl,INTERPOLATED,235,False,NONE,235,0,0,"No constraint needed"
1102632856031,Gumper Ct,INTERPOLATED,236,False,NONE,236,0,0,"No constraint needed"
1104691833703,Perisho Pl,INTERPOLATED,224,False,NONE,224,0,0,"No constraint needed"
1103234473053,Bay Hill Dr,INTERPOLATED,9337,False,NONE,9337,0,0,"No constraint needed"
110416471694,Bent Tree Ct,ACTUAL_COUNT,3402,True,PendantCluster,2177,-1225,-36,"Nested pendant cluster (depth 2): Capped to 2;177 AADT (64% of entry road 'Kelly Rd': 3;402)"
1105598410477,Rising Oak Dr,INTERPOLATED,995,True,PendantCluster,722,-273,-27.4,"Nested pendant cluster (depth 6): Capped to 722 AADT (26% of 2 entry roads (Rising Oak Dr; Sanctuary Oaks Dr): 2;757)"
1103680692747,Chris Ct,INTERPOLATED,381,True,PendantCluster,243,-138,-36.2,"Nested pendant cluster (depth 2): Capped to 243 AADT (64% of entry road 'Addison Dr': 380)"
110416471356,Samantha Ln,INTERPOLATED,1233,True,PendantCluster,704,-529,-42.9,"Nested pendant cluster (depth 8): Capped to 704 AADT (17% of 2 entry roads (Samantha Ln; Isaac Ct): 4;200)"
1103438320791,McKane Dr,INTERPOLATED,2763,False,NONE,2763,0,0,"No constraint needed"
1102970394139,Unknown Road,INTERPOLATED,976065,False,NONE,976065,0,0,"No constraint needed"
1102200944004,Cottonwood Rd,ACTUAL_COUNT,526,False,NONE,526,0,0,"No constraint needed"
1104472813120,Flicka Ct,INTERPOLATED,305,True,PendantCluster,2,-303,-99.3,"Nested pendant cluster (depth 10): Capped to 2 AADT (11% of entry road 'Mountain Vista Dr': 19)"
1102200930325,Cinema Dr,INTERPOLATED,2511,False,NONE,2511,0,0,"No constraint needed"
110416458893,Megan Ct,INTERPOLATED,570,False,NONE,570,0,0,"No constraint needed"
11033198781206,Unknown Road,INTERPOLATED,2423,True,PendantCluster,62,-2361,-97.4,"Nested pendant cluster (depth 8): Capped to 62 AADT (17% of entry road 'Crown Valley Dr': 373)"
110416478259,Lake Circle Ct,INTERPOLATED,2264,True,PendantCluster,12,-2252,-99.5,"Nested pendant cluster (depth 8): Capped to 12 AADT (17% of entry road 'Clear Lake Ln': 74)"
110416466273,Walnut Ct,INTERPOLATED,2073,True,PendantCluster,1248,-825,-39.8,"Nested pendant cluster (depth 2): Capped to 1;248 AADT (64% of entry road 'Circleview Dr': 1;951)"
110416478580,Sunset Hill Ct,INTERPOLATED,3356,True,PendantCluster,794,-2562,-76.3,"Nested pendant cluster (depth 2): Capped to 794 AADT (64% of entry road 'Clear Lake Rd': 1;241)"
110416478788,Ancient Bend,INTERPOLATED,1911,True,PendantCluster,9,-1902,-99.5,"Nested pendant cluster (depth 24): Capped to 9 AADT (0% of entry road 'Arapaho Rdg': 1;977)"
1102466524361,Tankersley Ln,INTERPOLATED,7806,True,PendantCluster,4860,-2946,-37.7,"Nested pendant cluster (depth 2): Capped to 4;860 AADT (64% of entry road 'Old Airport Rd': 7;595)"
110416478290,Marina View Ct,INTERPOLATED,2215,True,PendantCluster,1813,-402,-18.1,"Nested pendant cluster (depth 2): Capped to 1;813 AADT (64% of entry road 'W Lake Dr': 2;833)"
1105598373319,Bear Country Dr,INTERPOLATED,1651,True,PendantCluster,673,-978,-59.2,"Nested pendant cluster (depth 4): Capped to 673 AADT (41% of entry road 'Bearclaw Cir': 1;645)"
110416469993,Trailer Ln,INTERPOLATED,9313,False,NONE,9313,0,0,"No constraint needed"
1103677582931,Briarwood Ln,INTERPOLATED,1715,False,NONE,1715,0,0,"No constraint needed"
110416477204,Northridge Ln,INTERPOLATED,2015,True,PendantCluster,1652,-363,-18,"Nested pendant cluster (depth 4): Capped to 1;652 AADT (41% of 2 entry roads (Northridge Ln; High Ridge Ln): 4;034)"
1102200928357,Terrace Bluff Ln,INTERPOLATED,2327,True,PendantCluster,1864,-463,-19.9,"Nested pendant cluster (depth 4): Capped to 1;864 AADT (41% of 2 entry roads (Terrace Bluff Ct; McDavid Terrace Dr): 4;552)"
11033373595608,Lake Haven Ln,INTERPOLATED,2050,True,PendantCluster,10,-2040,-99.5,"Nested pendant cluster (depth 10): Capped to 10 AADT (11% of entry road 'S Point Ct': 97)"
110416478148,Forrest View Ct,INTERPOLATED,2463,True,PendantCluster,244,-2219,-90.1,"Nested pendant cluster (depth 6): Capped to 244 AADT (26% of entry road 'Valley Trail Dr': 933)"
110416491578,Unknown Road,INTERPOLATED,2089,True,PendantCluster,2041,-48,-2.3,"Nested pendant cluster (depth 4): Capped to 2;041 AADT (41% of 2 entry roads (Unknown Road; Unknown Road): 4;984)"
1102200923331,Unknown Road,INTERPOLATED,446,True,PendantCluster,307,-139,-31.2,"Nested pendant cluster (depth 4): Capped to 307 AADT (41% of entry road 'Kelly Rd': 750)"
110416464512,Forest Cir,INTERPOLATED,1004,True,PendantCluster,677,-327,-32.6,"Nested pendant cluster (depth 2): Capped to 677 AADT (64% of entry road 'Knights Bridge Rd': 1;058)"
110416464136,Cactus Ct,INTERPOLATED,1003,True,PendantCluster,645,-358,-35.7,"Nested pendant cluster (depth 2): Capped to 645 AADT (64% of entry road 'Cactus Rd': 1;009)"
110416489517,Unknown Road,INTERPOLATED,1386,True,PendantCluster,1134,-252,-18.2,"Nested pendant cluster (depth 4): Capped to 1;134 AADT (41% of 2 entry roads (Unknown Road; Unknown Road): 2;769)"
1102970390036,Unknown Road,INTERPOLATED,1000,True,PendantCluster,772,-228,-22.8,"Nested pendant cluster (depth 4): Capped to 772 AADT (41% of 2 entry roads (Unknown Road; Unknown Road): 1;885)"
1102213409885,Unknown Road,INTERPOLATED,470,True,PendantCluster,163,-307,-65.3,"Nested pendant cluster (depth 6): Capped to 163 AADT (26% of entry road 'Barnwell Ln': 624)"
1103680692010,Valley View Ct,INTERPOLATED,312,True,PendantCluster,107,-205,-65.7,"Nested pendant cluster (depth 8): Capped to 107 AADT (17% of 2 entry roads (Valley View Ct; Barnwell Ln): 639)"
110416478042,Cedar Crest Ct,INTERPOLATED,1688,True,PendantCluster,1121,-567,-33.6,"Nested pendant cluster (depth 2): Capped to 1;121 AADT (64% of entry road 'Diamond Oaks Dr': 1;752)"
11016954007845,Complacent Way,INTERPOLATED,3990,True,PendantCluster,396,-3594,-90.1,"Nested pendant cluster (depth 12): Capped to 396 AADT (7% of 2 entry roads (Indigo Sky Dr; Morning Mist Trl): 5;774)"
11016954156912,Roderick Rd,INTERPOLATED,5258,True,PendantCluster,28,-5230,-99.5,"Nested pendant cluster (depth 8): Capped to 28 AADT (17% of entry road 'Teasley Ave': 170)"
11016954020646,Cross Fox Ln,INTERPOLATED,19,True,PendantCluster,0,-19,-100,"Nested pendant cluster (depth 24): Capped to 0 AADT (0% of entry road 'Cross Fox Ln': 19)"
11016954150465,Palmerston Dr,INTERPOLATED,396,True,PendantCluster,18,-378,-95.5,"Nested pendant cluster (depth 14): Capped to 18 AADT (4% of 2 entry roads (Palmerston Dr; Angel Trace Dr): 430)"
11016954073998,Honey Brook Ln,INTERPOLATED,4328,False,NONE,4328,0,0,"No constraint needed"
11010936313093,Yeary Ln,INTERPOLATED,2060,True,PendantCluster,1118,-942,-45.7,"Nested pendant cluster (depth 6): Capped to 1;118 AADT (26% of 2 entry roads (Yeary Ln; Princess Ct): 4;268)"
11016954124414,Yucca Ct,INTERPOLATED,1343,True,PendantCluster,261,-1082,-80.6,"Nested pendant cluster (depth 6): Capped to 261 AADT (26% of entry road 'Brookhollow Dr': 999)"
11016954937680,Breeders Dr,ACTUAL_COUNT,823,True,PendantCluster,215,-608,-73.9,"Nested pendant cluster (depth 4): Capped to 215 AADT (41% of entry road 'Preakness Dr': 526)"
11016955064689,Preakness Dr,ACTUAL_COUNT,526,True,PendantCluster,215,-311,-59.1,"Nested pendant cluster (depth 4): Capped to 215 AADT (41% of entry road 'Preakness Dr': 526)"
110416465520,Lynock Ln,ACTUAL_COUNT,880,False,NONE,880,0,0,"No constraint needed"
1102638238268,Hidden Cir,INTERPOLATED,853,False,NONE,853,0,0,"No constraint needed"
1102466286916,Unknown Road,INTERPOLATED,832,True,PendantCluster,549,-283,-34,"Nested pendant cluster (depth 4): Capped to 549 AADT (41% of 2 entry roads (Unknown Road; Unknown Road): 1;341)"
110416491778,Unknown Road,INTERPOLATED,879,True,PendantCluster,163,-716,-81.5,"Nested pendant cluster (depth 6): Capped to 163 AADT (26% of 2 entry roads (Unknown Road; Unknown Road): 624)"
110416474555,Quail Run,ACTUAL_COUNT,847,False,NONE,847,0,0,"No constraint needed"
110416492729,Unknown Road,INTERPOLATED,2070,False,NONE,2070,0,0,"No constraint needed"
110416465434,Kelley Dr,ACTUAL_COUNT,350,False,NONE,350,0,0,"No constraint needed"
110416479370,Baughman Hill Rd,INTERPOLATED,254,True,PendantCluster,152,-102,-40.2,"Nested pendant cluster (depth 12): Capped to 152 AADT (7% of 2 entry roads (Baughman Hill Rd; Harter Ln): 2;218)"
1102200927486,Unknown Road,INTERPOLATED,796,True,PendantCluster,694,-102,-12.8,"Nested pendant cluster (depth 2): Capped to 694 AADT (64% of entry road 'Gilliland Rd': 1;085)"
110416470509,Deerskin Ln,INTERPOLATED,788,True,PendantCluster,481,-307,-39,"Nested pendant cluster (depth 2): Capped to 481 AADT (64% of entry road 'State Hwy 199': 753)"
110416464423,Eagles Way,INTERPOLATED,854,True,PendantCluster,138,-716,-83.8,"Nested pendant cluster (depth 2): Capped to 138 AADT (64% of entry road 'Agnes Cir': 216)"
11016954832307,Helen Hampton Dr,INTERPOLATED,843,True,PendantCluster,56,-787,-93.4,"Nested pendant cluster (depth 4): Capped to 56 AADT (41% of entry road 'Hampton Ln': 138)"
110416479978,Land of Goshen Dr,INTERPOLATED,31,True,PendantCluster,19,-12,-38.7,"Nested pendant cluster (depth 16): Capped to 19 AADT (3% of 2 entry roads (Land of Goshen Dr; Unknown Road): 679)"
1102200932867,Unknown Road,INTERPOLATED,741,True,PendantCluster,481,-260,-35.1,"Nested pendant cluster (depth 2): Capped to 481 AADT (64% of entry road 'State Hwy 199': 753)"
1102200922669,Unknown Road,INTERPOLATED,648,True,PendantCluster,0,-648,-100,"Nested pendant cluster (depth 16): Capped to 0 AADT (3% of entry road 'Land of Goshen Dr': 19)"
110416489570,Unknown Road,INTERPOLATED,641,True,PendantCluster,138,-503,-78.5,"Nested pendant cluster (depth 2): Capped to 138 AADT (64% of entry road 'Agnes Cir': 216)"
110416453546,Erwin Rd,ACTUAL_COUNT,984,False,NONE,984,0,0,"No constraint needed"
110416479125,Meadow Brook Ct,INTERPOLATED,1463,True,PendantCluster,1208,-255,-17.4,"Nested pendant cluster (depth 2): Capped to 1;208 AADT (64% of entry road 'Lavender Rd': 1;888)"
110416470410,Chilcutt Rd,INTERPOLATED,681,False,NONE,681,0,0,"No constraint needed"
110416447099,Toto Rd,INTERPOLATED,893,True,PendantCluster,435,-458,-51.3,"Nested pendant cluster (depth 2): Capped to 435 AADT (64% of entry road 'Chilcutt Rd': 681)"
110416478359,Oak Meadows Ct,INTERPOLATED,37509,True,PendantCluster,26160,-11349,-30.3,"Nested pendant cluster (depth 2): Capped to 26;160 AADT (64% of entry road 'Creekview Meadows Dr': 40;876)"
110416470083,Windsor Ln,INTERPOLATED,618,True,PendantCluster,69,-549,-88.8,"Nested pendant cluster (depth 4): Capped to 69 AADT (41% of entry road 'Windsor Ln': 169)"
1106067283469,State Hwy 51,ACTUAL_COUNT,1965,True,PendantCluster,1695,-270,-13.7,"Nested pendant cluster (depth 8): Capped to 1;695 AADT (17% of 2 entry roads (N FM 51; State Hwy 51): 10;106)"
110416465744,Oxford Ct,INTERPOLATED,1687,True,PendantCluster,1456,-231,-13.7,"Nested pendant cluster (depth 4): Capped to 1;456 AADT (41% of 2 entry roads (Oxford Ct; Brighton Rd): 3;557)"
110416446365,Kyle Cir,ACTUAL_COUNT,9,True,PendantCluster,3,-6,-66.7,"Nested pendant cluster (depth 4): Capped to 3 AADT (41% of entry road 'S Cardinal Rd': 9)"
110416477259,Pine Bluff Ln,INTERPOLATED,12183,True,PendantCluster,4030,-8153,-66.9,"Nested pendant cluster (depth 6): Capped to 4;030 AADT (26% of 2 entry roads (Pine Bluff Rdg; Pine Bluff Ln): 15;376)"
110416492417,Unknown Road,ACTUAL_COUNT,469,True,PendantCluster,300,-169,-36,"Nested pendant cluster (depth 2): Capped to 300 AADT (64% of entry road 'Rhoades Ln': 469)"
1102200937659,Unknown Road,INTERPOLATED,1080,True,PendantCluster,694,-386,-35.7,"Nested pendant cluster (depth 2): Capped to 694 AADT (64% of entry road 'Gilliland Rd': 1;085)"
110416445817,Co Rd 3798,INTERPOLATED,1576,True,PendantCluster,952,-624,-39.6,"Nested pendant cluster (depth 2): Capped to 952 AADT (64% of entry road 'Peel Rd': 1;488)"
110416466376,Allison Rd,INTERPOLATED,1662,False,NONE,1662,0,0,"No constraint needed"
110416452762,Dobbs Trl,INTERPOLATED,703,False,NONE,703,0,0,"No constraint needed"
110416451841,Davis Ct,INTERPOLATED,1270,True,PendantCluster,805,-465,-36.6,"Nested pendant cluster (depth 2): Capped to 805 AADT (64% of entry road 'Cottondale Rd': 1;258)"
110416477322,Ridgecrest Ct,INTERPOLATED,1756,False,NONE,1756,0,0,"No constraint needed"
1102466886381,Scroggins Rd,INTERPOLATED,720,False,NONE,720,0,0,"No constraint needed"
1102638238314,Unknown Road,INTERPOLATED,731,True,PendantCluster,702,-29,-4,"Nested pendant cluster (depth 2): Capped to 702 AADT (64% of entry road 'Knob Rd': 1;098)"
110416446053,Earp Rd,ACTUAL_COUNT,273,False,NONE,273,0,0,"No constraint needed"
110416463208,Smith Rd,INTERPOLATED,637,False,NONE,637,0,0,"No constraint needed"
1103529582586,Ave A,ACTUAL_COUNT,314,False,NONE,314,0,0,"No constraint needed"
1103529589466,Swan Ct,INTERPOLATED,314,False,NONE,314,0,0,"No constraint needed"
1103529588150,Unknown Road,INTERPOLATED,372,True,PendantCluster,279,-93,-25,"Nested pendant cluster (depth 2): Capped to 279 AADT (64% of entry road 'E 9th St': 437)"
110416479283,Summit Ridge Ln,INTERPOLATED,21749,True,PendantCluster,13099,-8650,-39.8,"Nested pendant cluster (depth 6): Capped to 13;099 AADT (26% of 2 entry roads (Summit Ridge Ln; Summit Ridge Ct): 49;970)"
1102988770845,Unknown Road,INTERPOLATED,2777,True,PendantCluster,1080,-1697,-61.1,"Nested pendant cluster (depth 2): Capped to 1;080 AADT (64% of entry road 'Hutcheson Hill Rd': 1;688)"
1103464109116,Ave D,INTERPOLATED,814,False,NONE,814,0,0,"No constraint needed"
1103700761938,Moonlight Dr,INTERPOLATED,819,True,PendantCluster,246,-573,-70,"Nested pendant cluster (depth 4): Capped to 246 AADT (41% of entry road 'Parkplace Village': 602)"
1103701318593,Hilltop Dr,INTERPOLATED,1115,False,NONE,1115,0,0,"No constraint needed"
110416479328,Vista Valley Ct,INTERPOLATED,914,True,PendantCluster,112,-802,-87.7,"Nested pendant cluster (depth 2): Capped to 112 AADT (64% of entry road 'Springfield Rd': 176)"
1103524527948,Unknown Road,INTERPOLATED,22129,True,PendantCluster,112,-22017,-99.5,"Nested pendant cluster (depth 2): Capped to 112 AADT (64% of entry road 'Springfield Rd': 176)"
1103677582715,Elliott Ln,INTERPOLATED,2157,True,PendantCluster,1306,-851,-39.5,"Nested pendant cluster (depth 2): Capped to 1;306 AADT (64% of entry road 'Goshen Rd': 2;041)"
110416446082,Faye Ln,INTERPOLATED,2150,True,PendantCluster,1306,-844,-39.3,"Nested pendant cluster (depth 2): Capped to 1;306 AADT (64% of entry road 'Goshen Rd': 2;041)"
1103677582818,Collins Ln,INTERPOLATED,2201,True,PendantCluster,1870,-331,-15,"Nested pendant cluster (depth 2): Capped to 1;870 AADT (64% of entry road 'J E Woody Rd': 2;923)"
110416471696,Berryhill Dr,INTERPOLATED,1063,False,NONE,1063,0,0,"No constraint needed"
110416466872,Huggins Dr,INTERPOLATED,1390,True,PendantCluster,279,-1111,-79.9,"Nested pendant cluster (depth 4): Capped to 279 AADT (41% of entry road 'Jean Dr': 682)"
110416446307,Jean Dr,ACTUAL_COUNT,682,True,PendantCluster,279,-403,-59.1,"Nested pendant cluster (depth 4): Capped to 279 AADT (41% of entry road 'Jean Dr': 682)"
110416466479,Browder Rd,INTERPOLATED,1470,False,NONE,1470,0,0,"No constraint needed"
1102638240075,Unknown Road,INTERPOLATED,1457,True,PendantCluster,926,-531,-36.4,"Nested pendant cluster (depth 2): Capped to 926 AADT (64% of entry road 'Lynch Bend Rd': 1;448)"
110416489536,Unknown Road,INTERPOLATED,1233,True,PendantCluster,258,-975,-79.1,"Nested pendant cluster (depth 2): Capped to 258 AADT (64% of entry road 'Prather Rd': 404)"
110416479156,New Highland Rd,ACTUAL_COUNT,740,False,NONE,740,0,0,"No constraint needed"
110416451768,Crown Rd,INTERPOLATED,66570,False,NONE,66570,0,0,"No constraint needed"
110416470017,Tremont Rd,INTERPOLATED,68788,True,PendantCluster,42604,-26184,-38.1,"Nested pendant cluster (depth 2): Capped to 42;604 AADT (64% of entry road 'Crown Rd': 66;570)"
110416490262,Unknown Road,INTERPOLATED,5695,False,NONE,5695,0,0,"No constraint needed"
1103371049594,Kersh Ln,INTERPOLATED,5593,True,PendantCluster,3459,-2134,-38.2,"Nested pendant cluster (depth 2): Capped to 3;459 AADT (64% of entry road 'Young Rd': 5;406)"
1102466499684,Unknown Road,INTERPOLATED,1733,True,PendantCluster,926,-807,-46.6,"Nested pendant cluster (depth 2): Capped to 926 AADT (64% of entry road 'Lynch Bend Rd': 1;448)"
1102744858024,Unknown Road,INTERPOLATED,3707,False,NONE,3707,0,0,"No constraint needed"
1105059897649,Mad Canyon Ranch,INTERPOLATED,3838,False,NONE,3838,0,0,"No constraint needed"
1102200950222,Unknown Road,INTERPOLATED,2583,False,NONE,2583,0,0,"No constraint needed"
110416479356,Alice Springs Ln,INTERPOLATED,2174,True,PendantCluster,159,-2015,-92.7,"Nested pendant cluster (depth 12): Capped to 159 AADT (7% of 2 entry roads (Billabong Ct; Alice Springs Ln): 2;323)"
110416478349,Oak Country Ests,INTERPOLATED,25000,False,NONE,25000,0,0,"No constraint needed"
110416471761,Cat Track Rd,INTERPOLATED,1422,True,PendantCluster,801,-621,-43.7,"Nested pendant cluster (depth 6): Capped to 801 AADT (26% of 2 entry roads (Cat Track Rd; Unknown Road): 3;056)"
110416490352,J B Ln,INTERPOLATED,1044,True,PendantCluster,810,-234,-22.4,"Nested pendant cluster (depth 2): Capped to 810 AADT (64% of entry road 'Old Springtown Rd': 1;266)"
1102970395344,Holbrook Rd,INTERPOLATED,1715,False,NONE,1715,0,0,"No constraint needed"
110416492416,Unknown Road,INTERPOLATED,755,True,PendantCluster,179,-576,-76.3,"Nested pendant cluster (depth 4): Capped to 179 AADT (41% of entry road 'Union Ln': 439)"
1103226196552,Eagle Nest Dr,INTERPOLATED,1539,False,NONE,1539,0,0,"No constraint needed"
110416492200,Unknown Road,INTERPOLATED,1378,True,PendantCluster,13,-1365,-99.1,"Nested pendant cluster (depth 12): Capped to 13 AADT (7% of entry road 'Mary Dr': 190)"
110416462079,Rider Ln,INTERPOLATED,1673,True,PendantCluster,1459,-214,-12.8,"Nested pendant cluster (depth 4): Capped to 1;459 AADT (41% of 2 entry roads (Rider Ln; Unknown Road): 3;564)"
110416471340,Roseburg,INTERPOLATED,3160,True,PendantCluster,2698,-462,-14.6,"Nested pendant cluster (depth 4): Capped to 2;698 AADT (41% of 2 entry roads (Roseburg; Silver Acres Rd): 6;588)"
110416465609,Middle Rd,INTERPOLATED,289,True,PendantCluster,96,-193,-66.8,"Nested pendant cluster (depth 8): Capped to 96 AADT (17% of 2 entry roads (West Rd; Middle Rd): 578)"
110416491233,Unknown Road,ACTUAL_COUNT,2816,True,PendantCluster,1802,-1014,-36,"Nested pendant cluster (depth 2): Capped to 1;802 AADT (64% of entry road 'Newsom Mound Rd': 2;816)"
110416466181,Turpin Dr,INTERPOLATED,1604,True,PendantCluster,0,-1604,-100,"Nested pendant cluster (depth 16): Capped to 0 AADT (3% of entry road 'S Stewart St': 5)"
110416477853,Arrow Point Dr,INTERPOLATED,617,False,NONE,617,0,0,"No constraint needed"
110416464406,Draper Dr,INTERPOLATED,1406,True,PendantCluster,940,-466,-33.1,"Nested pendant cluster (depth 4): Capped to 940 AADT (41% of 2 entry roads (Valley Lake Ct; Blue Sky Ln): 2;297)"
110416480071,Hilltop Meadows Ct,INTERPOLATED,29577,True,PendantCluster,21137,-8440,-28.5,"Nested pendant cluster (depth 2): Capped to 21;137 AADT (64% of entry road 'Hilltop Meadows Dr': 33;027)"
110416489845,Unknown Road,INTERPOLATED,1047,True,PendantCluster,519,-528,-50.4,"Nested pendant cluster (depth 2): Capped to 519 AADT (64% of entry road 'Old Springtown Rd': 811)"
110416489703,Unknown Road,INTERPOLATED,2178,False,NONE,2178,0,0,"No constraint needed"
110416490504,Unknown Road,INTERPOLATED,12517,True,PendantCluster,1014,-11503,-91.9,"Nested pendant cluster (depth 4): Capped to 1;014 AADT (41% of entry road 'Hinkle Ln': 2;478)"
1102638238151,Falling Oak Dr,ACTUAL_COUNT,5942,True,PendantCluster,4867,-1075,-18.1,"Nested pendant cluster (depth 4): Capped to 4;867 AADT (41% of 2 entry roads (Falling Oak Dr; Waterfall Ct): 11;884)"
110416477193,Murls Lake Dr,INTERPOLATED,1596,True,PendantCluster,0,-1596,-100,"Nested pendant cluster (depth 12): Capped to 0 AADT (7% of entry road 'Lake Dr': 6)"
110416477189,Murls Lake Cir,INTERPOLATED,1617,False,NONE,1617,0,0,"No constraint needed"
1103690718697,Smokey Branch Ln,INTERPOLATED,2208,True,PendantCluster,937,-1271,-57.6,"Nested pendant cluster (depth 4): Capped to 937 AADT (41% of 2 entry roads (Smokey Branch; Smokey Branch): 2;288)"
110416459985,Peden Rd,ACTUAL_COUNT,832,False,NONE,832,0,0,"No constraint needed"
110416471453,Tim Hall Rd,INTERPOLATED,447,True,PendantCluster,147,-300,-67.1,"Nested pendant cluster (depth 6): Capped to 147 AADT (26% of 2 entry roads (Unknown Road; Tim Hall Rd): 564)"
1102200930980,Unknown Road,INTERPOLATED,799,False,NONE,799,0,0,"No constraint needed"
110416491687,Unknown Road,INTERPOLATED,83281,True,PendantCluster,3904,-79377,-95.3,"Nested pendant cluster (depth 2): Capped to 3;904 AADT (64% of 2 entry roads (FM 2257; Jay Bird Ln): 6;100)"
110416490811,Unknown Road,INTERPOLATED,21381,True,PendantCluster,11209,-10172,-47.6,"Nested pendant cluster (depth 6): Capped to 11;209 AADT (26% of 2 entry roads (Unknown Road; Randy Ln): 42;762)"
110416470740,Hutchins Ln,INTERPOLATED,50287,True,PendantCluster,21381,-28906,-57.5,"Nested pendant cluster (depth 4): Capped to 21;381 AADT (41% of entry road 'McDaniel Dr': 52;201)"
1103677582760,Mustang Ct,INTERPOLATED,43651,True,PendantCluster,447,-43204,-99,"Nested pendant cluster (depth 2): Capped to 447 AADT (64% of entry road 'S Reno Rd': 699)"
110416491673,Unknown Road,INTERPOLATED,33021,True,PendantCluster,447,-32574,-98.6,"Nested pendant cluster (depth 2): Capped to 447 AADT (64% of entry road 'S Reno Rd': 699)"
110416478067,Christopher Dr,INTERPOLATED,1411,False,NONE,1411,0,0,"No constraint needed"
1103690719306,Forest Trail Ct,ACTUAL_COUNT,39,False,NONE,39,0,0,"No constraint needed"
1102638238641,Mastadon Way,INTERPOLATED,795,True,PendantCluster,271,-524,-65.9,"Nested pendant cluster (depth 4): Capped to 271 AADT (41% of entry road 'Imperial Mammoth Valley Ln': 663)"
1103634969663,Forest Ct,ACTUAL_COUNT,39,True,PendantCluster,13,-26,-66.7,"Nested pendant cluster (depth 8): Capped to 13 AADT (17% of 2 entry roads (Forest Trail Ct; Forest Trail Ct): 78)"
11016954856553,Hill Ranch Dr,INTERPOLATED,808,True,PendantCluster,64,-744,-92.1,"Nested pendant cluster (depth 8): Capped to 64 AADT (17% of entry road 'Imperial Mammoth Valley Ln': 384)"
110416480105,Roaring Springs Ct,INTERPOLATED,4033,True,PendantCluster,2592,-1441,-35.7,"Nested pendant cluster (depth 2): Capped to 2;592 AADT (64% of entry road 'Clayton Rd': 4;050)"
1103444461457,Your Road Ct,INTERPOLATED,4089,True,PendantCluster,2599,-1490,-36.4,"Nested pendant cluster (depth 2): Capped to 2;599 AADT (64% of entry road 'Calhoun Bend': 4;061)"
1104467497015,Bluebird Ln,INTERPOLATED,792,False,NONE,792,0,0,"No constraint needed"
1102200933943,Unknown Road,INTERPOLATED,812,True,PendantCluster,537,-275,-33.9,"Nested pendant cluster (depth 2): Capped to 537 AADT (64% of entry road 'Harris Rd': 840)"
110416478303,Meadow Oaks St,INTERPOLATED,779,True,PendantCluster,94,-685,-87.9,"Nested pendant cluster (depth 6): Capped to 94 AADT (26% of entry road 'Newsom Rd': 361)"
1102638171667,Browder Cir,INTERPOLATED,623,True,PendantCluster,542,-81,-13,"Nested pendant cluster (depth 2): Capped to 542 AADT (64% of entry road 'E Reno Rd': 847)"
110416445595,Kay Ln,INTERPOLATED,535,False,NONE,535,0,0,"No constraint needed"
110416476084,Cottonwood St,INTERPOLATED,829,False,NONE,829,0,0,"No constraint needed"
110416466720,Elmwood St,INTERPOLATED,946,False,NONE,946,0,0,"No constraint needed"
110416447202,Wood Ln,INTERPOLATED,6865,False,NONE,6865,0,0,"No constraint needed"
110416457230,Kirby Ln,INTERPOLATED,6842,False,NONE,6842,0,0,"No constraint needed"
110416445610,Lee Ln,INTERPOLATED,6696,False,NONE,6696,0,0,"No constraint needed"
110416465669,Nation Dr,INTERPOLATED,1689,False,NONE,1689,0,0,"No constraint needed"
110416471402,Son Shine Cir,INTERPOLATED,2049,True,PendantCluster,246,-1803,-88,"Nested pendant cluster (depth 6): Capped to 246 AADT (26% of entry road 'Baughman Hill Rd': 940)"
110416471122,Oakridge Rd,INTERPOLATED,1860,True,PendantCluster,6,-1854,-99.7,"Nested pendant cluster (depth 14): Capped to 6 AADT (4% of entry road 'Baughman Hill Rd': 152)"
1104473135558,Commerce St,ACTUAL_COUNT,10013,True,PendantCluster,5781,-4232,-42.3,"Nested pendant cluster (depth 4): Capped to 5;781 AADT (41% of 2 entry roads (Profit St; Commerce St): 14;114)"
110416467232,Rosebud Dr,INTERPOLATED,7533,False,NONE,7533,0,0,"No constraint needed"
110416470860,Lakewood Dr,INTERPOLATED,6550,False,NONE,6550,0,0,"No constraint needed"
1102466287403,Unknown Road,INTERPOLATED,3801,False,NONE,3801,0,0,"No constraint needed"
110416461406,Reata Dr,ACTUAL_COUNT,7,True,PendantCluster,3,-4,-57.1,"Nested pendant cluster (depth 8): Capped to 3 AADT (17% of 2 entry roads (Buckhorn Ln; Reata Dr): 18)"
110416465371,Inwood Trl,INTERPOLATED,1492,True,PendantCluster,5,-1487,-99.7,"Nested pendant cluster (depth 14): Capped to 5 AADT (4% of entry road 'FM 1886': 129)"
110416463095,Rodeo Dr,INTERPOLATED,32,True,PendantCluster,0,-32,-100,"Nested pendant cluster (depth 18): Capped to 0 AADT (2% of 2 entry roads (Reata Dr; Rodeo Dr): 35)"
110416477149,Mill Creek Ct,INTERPOLATED,1525,True,PendantCluster,0,-1525,-100,"Nested pendant cluster (depth 14): Capped to 0 AADT (4% of entry road 'Reese Ln': 4)"
1102200933729,Unknown Road,INTERPOLATED,565,True,PendantCluster,169,-396,-70.1,"Nested pendant cluster (depth 2): Capped to 169 AADT (64% of entry road 'Old Agnes Rd': 265)"
1104468866159,Murls Lake Rd,INTERPOLATED,1606,True,PendantCluster,29,-1577,-98.2,"Nested pendant cluster (depth 18): Capped to 29 AADT (2% of 2 entry roads (Murls Lake Rd; Murls Lake Rd): 1;654)"
110416463225,Speer Ave,ACTUAL_COUNT,6986,True,PendantCluster,2343,-4643,-66.5,"Nested pendant cluster (depth 4): Capped to 2;343 AADT (41% of entry road 'W Main St': 5;722)"
110416492160,Unknown Road,INTERPOLATED,2133,False,NONE,2133,0,0,"No constraint needed"
110416471802,Clearwood Dr,INTERPOLATED,2609,True,PendantCluster,3,-2606,-99.9,"Nested pendant cluster (depth 12): Capped to 3 AADT (7% of entry road 'White Settlement Rd': 44)"
1102466549079,Hayley Dr,INTERPOLATED,1091,False,NONE,1091,0,0,"No constraint needed"
110416489961,Unknown Road,INTERPOLATED,13723,True,PendantCluster,1109,-12614,-91.9,"Nested pendant cluster (depth 2): Capped to 1;109 AADT (64% of entry road 'Tucker Dr': 1;734)"
1102200932306,Unknown Road,INTERPOLATED,3536,False,NONE,3536,0,0,"No constraint needed"
1105598385898,Timber Trl,INTERPOLATED,13502,False,NONE,13502,0,0,"No constraint needed"
1105598385543,Dominque Dr,INTERPOLATED,2717,False,NONE,2717,0,0,"No constraint needed"
1102200955946,Crown Ridge Ct,INTERPOLATED,2541,False,NONE,2541,0,0,"No constraint needed"
110416477894,Bluff Ridge Rd,INTERPOLATED,3988,False,NONE,3988,0,0,"No constraint needed"
110416446292,Jane Ln,INTERPOLATED,1344,True,PendantCluster,55,-1289,-95.9,"Nested pendant cluster (depth 8): Capped to 55 AADT (17% of entry road 'Gail Dr': 332)"
1103680884091,Golfers Way,INTERPOLATED,1402,True,PendantCluster,65,-1337,-95.4,"Nested pendant cluster (depth 8): Capped to 65 AADT (17% of entry road 'S Stewart St': 393)"
110416446432,Lene St,INTERPOLATED,7515,True,PendantCluster,4808,-2707,-36,"Nested pendant cluster (depth 2): Capped to 4;808 AADT (64% of entry road 'Red Bud Dr': 7;514)"
1102200935072,Unknown Road,INTERPOLATED,536,False,NONE,536,0,0,"No constraint needed"
1103680883926,Bridlewood St,INTERPOLATED,42,True,PendantCluster,5,-37,-88.1,"Nested pendant cluster (depth 12): Capped to 5 AADT (7% of 2 entry roads (Bridlewood St; Creekview Dr): 84)"
110416466704,Dorothy Ln,ACTUAL_COUNT,445,False,NONE,445,0,0,"No constraint needed"
110416471568,Woodland Trl,ACTUAL_COUNT,1565,False,NONE,1565,0,0,"No constraint needed"
110416476234,Four Sixes Dr,INTERPOLATED,2388,False,NONE,2388,0,0,"No constraint needed"
110416478313,Mesa Grande Dr,INTERPOLATED,2652,False,NONE,2652,0,0,"No constraint needed"
110416466793,Gregory St,INTERPOLATED,2521,False,NONE,2521,0,0,"No constraint needed"
110416466331,Woodie Way,INTERPOLATED,2674,True,PendantCluster,206,-2468,-92.3,"Nested pendant cluster (depth 8): Capped to 206 AADT (17% of entry road 'White Settlement Rd': 1;228)"
1102466498720,Unknown Road,INTERPOLATED,547,False,NONE,547,0,0,"No constraint needed"
1102200932422,Unknown Road,INTERPOLATED,48321,False,NONE,48321,0,0,"No constraint needed"
1102200923438,Crest Canyon Dr,INTERPOLATED,3092,False,NONE,3092,0,0,"No constraint needed"
110416464598,Harold Ln,ACTUAL_COUNT,1153,False,NONE,1153,0,0,"No constraint needed"
1104472825338,Unknown Road,INTERPOLATED,13839,False,NONE,13839,0,0,"No constraint needed"
1104258584246,Unknown Road,INTERPOLATED,94529,False,NONE,94529,0,0,"No constraint needed"
110416492633,Unknown Road,INTERPOLATED,506,True,PendantCluster,0,-506,-100,"Nested pendant cluster (depth 12): Capped to 0 AADT (7% of entry road 'Twin Creek Ln': 11)"
1102970400372,Mill Crossing Ln,INTERPOLATED,1634,True,PendantCluster,224,-1410,-86.3,"Nested pendant cluster (depth 6): Capped to 224 AADT (26% of entry road 'Peel Rd': 858)"
1102466548096,Unknown Road,INTERPOLATED,1232,True,PendantCluster,35,-1197,-97.2,"Nested pendant cluster (depth 16): Capped to 35 AADT (3% of 2 entry roads (Unknown Road; Unknown Road): 1;244)"
110416447121,View Ct,INTERPOLATED,1605,True,PendantCluster,0,-1605,-100,"Nested pendant cluster (depth 16): Capped to 0 AADT (3% of entry road 'Willow Cir': 1)"
1102466524382,Torywood Ct,INTERPOLATED,4013,True,PendantCluster,1557,-2456,-61.2,"Nested pendant cluster (depth 4): Capped to 1;557 AADT (41% of entry road 'Creekpath Dr': 3;802)"
110416471631,Ash Creek Ct,INTERPOLATED,665,False,NONE,665,0,0,"No constraint needed"
1102200927590,Windy Creek Ct,INTERPOLATED,1011,True,PendantCluster,481,-530,-52.4,"Nested pendant cluster (depth 2): Capped to 481 AADT (64% of entry road 'State Hwy 199': 753)"
110416478574,Summerfield Ct,INTERPOLATED,646,True,PendantCluster,372,-274,-42.4,"Nested pendant cluster (depth 4): Capped to 372 AADT (41% of 2 entry roads (Springfield Ct N; Summerfield Ct): 910)"
110416474657,Sandy Lee Ln,INTERPOLATED,143,True,PendantCluster,47,-96,-67.1,"Nested pendant cluster (depth 6): Capped to 47 AADT (26% of 2 entry roads (W Sandy Lee Ln; Sandy Lee Ln): 180)"
110416450395,Cindy Ln,INTERPOLATED,1635,True,PendantCluster,943,-692,-42.3,"Nested pendant cluster (depth 4): Capped to 943 AADT (41% of 2 entry roads (Cindy Ct; Cindy Ln): 2;304)"
110416445974,Dana Ct,INTERPOLATED,1358,True,PendantCluster,43,-1315,-96.8,"Nested pendant cluster (depth 8): Capped to 43 AADT (17% of entry road 'Loma Vista Dr': 261)"
110416477023,Joe Newsom Ct,INTERPOLATED,839,False,NONE,839,0,0,"No constraint needed"
1102200935564,Rattling Antler Ct,INTERPOLATED,8426,True,PendantCluster,8173,-253,-3,"Nested pendant cluster (depth 4): Capped to 8;173 AADT (41% of 2 entry roads (Wapiti Dr; Rattling Antler Ct): 19;956)"
1102200933012,Crosshair Ct,INTERPOLATED,4496,True,PendantCluster,3321,-1175,-26.1,"Nested pendant cluster (depth 6): Capped to 3;321 AADT (26% of 2 entry roads (Rattling Antler Ct; Crosshair Ct): 12;669)"
110416464565,Gloria Dr,INTERPOLATED,561,True,PendantCluster,231,-330,-58.8,"Nested pendant cluster (depth 4): Capped to 231 AADT (41% of entry road 'Dorothy Ln': 565)"
110416471564,Woodland Ct,INTERPOLATED,599,True,PendantCluster,244,-355,-59.3,"Nested pendant cluster (depth 4): Capped to 244 AADT (41% of entry road 'Eastwood Rd': 598)"
1103678118550,Belle Pl,INTERPOLATED,35538,False,NONE,35538,0,0,"No constraint needed"
1102638238481,Unknown Road,INTERPOLATED,781,False,NONE,781,0,0,"No constraint needed"
1102200935098,Royal Ct,INTERPOLATED,952,True,PendantCluster,4,-948,-99.6,"Nested pendant cluster (depth 10): Capped to 4 AADT (11% of entry road 'Royal Dr': 46)"
110416456787,Kelly Ct,INTERPOLATED,703,True,PendantCluster,232,-471,-67,"Nested pendant cluster (depth 6): Capped to 232 AADT (26% of 2 entry roads (S Kelly Ct; Kelly Ct): 887)"
1102200931957,Unknown Road,INTERPOLATED,793,True,PendantCluster,9,-784,-98.9,"Nested pendant cluster (depth 10): Capped to 9 AADT (11% of entry road 'Ross Rd': 89)"
110416490660,Unknown Road,INTERPOLATED,821,True,PendantCluster,90,-731,-89,"Nested pendant cluster (depth 6): Capped to 90 AADT (26% of entry road 'New Hope Rd': 345)"
1104467721219,Clemmer Ct,ACTUAL_COUNT,928,True,PendantCluster,691,-237,-25.5,"Nested pendant cluster (depth 4): Capped to 691 AADT (41% of 2 entry roads (Unknown Road; Ross Rd): 1;688)"
1103580098722,Lozier Ln,INTERPOLATED,834,True,PendantCluster,245,-589,-70.6,"Nested pendant cluster (depth 4): Capped to 245 AADT (41% of entry road 'New Hope Rd': 599)"
1103371024870,Casey Ln,INTERPOLATED,6783,True,PendantCluster,1676,-5107,-75.3,"Nested pendant cluster (depth 4): Capped to 1;676 AADT (41% of entry road 'Cooperstown': 4;094)"
1103680883752,Stewart Bend Ct,INTERPOLATED,42,True,PendantCluster,5,-37,-88.1,"Nested pendant cluster (depth 12): Capped to 5 AADT (7% of 2 entry roads (Stewart Bend Ct; Turner Way): 84)"
1103680883500,Turner Way,INTERPOLATED,1182,True,PendantCluster,42,-1140,-96.4,"Nested pendant cluster (depth 10): Capped to 42 AADT (11% of entry road 'S Stewart St': 393)"
1102200937725,Silver Canyon Ct,INTERPOLATED,3242,True,PendantCluster,1504,-1738,-53.6,"Nested pendant cluster (depth 6): Capped to 1;504 AADT (26% of 2 entry roads (Silver Canyon Dr; Oak Bluff Ct): 5;739)"
110416491329,Unknown Road,INTERPOLATED,1381,True,PendantCluster,689,-692,-50.1,"Nested pendant cluster (depth 2): Capped to 689 AADT (64% of entry road 'Dill Rd': 1;078)"
110416479741,Spring Valley Ct,INTERPOLATED,37854,True,PendantCluster,2410,-35444,-93.6,"Nested pendant cluster (depth 4): Capped to 2;410 AADT (41% of entry road 'Oak Valley Ln': 5;885)"
110416464318,Cotton Ln,ACTUAL_COUNT,2816,False,NONE,2816,0,0,"No constraint needed"
110416489534,Unknown Road,INTERPOLATED,8547,True,PendantCluster,134,-8413,-98.4,"Nested pendant cluster (depth 8): Capped to 134 AADT (17% of entry road 'Cat Track Rd': 801)"
110416467331,Sessums Rd,INTERPOLATED,3225,True,PendantCluster,185,-3040,-94.3,"Nested pendant cluster (depth 2): Capped to 185 AADT (64% of entry road 'Highland Rd': 290)"
110416492404,Unknown Road,INTERPOLATED,4849,True,PendantCluster,202,-4647,-95.8,"Nested pendant cluster (depth 8): Capped to 202 AADT (17% of entry road 'Mill Rd': 1;208)"
1103695930977,Unknown Road,INTERPOLATED,576,True,PendantCluster,312,-264,-45.8,"Nested pendant cluster (depth 4): Capped to 312 AADT (41% of 2 entry roads (Unknown Road; Unknown Road): 764)"
1102466519394,Unknown Road,INTERPOLATED,1112,True,PendantCluster,461,-651,-58.5,"Nested pendant cluster (depth 2): Capped to 461 AADT (64% of entry road 'Holbrook Rd': 721)"
110416470694,Hill Top Cir,INTERPOLATED,1062,True,PendantCluster,646,-416,-39.2,"Nested pendant cluster (depth 6): Capped to 646 AADT (26% of 2 entry roads (Hill Top Cir; Unknown Road): 2;465)"
110416465385,Izella Ln,INTERPOLATED,2386,True,PendantCluster,189,-2197,-92.1,"Nested pendant cluster (depth 2): Capped to 189 AADT (64% of entry road 'Upper Denton Rd': 296)"
1102200933968,Unknown Road,INTERPOLATED,2404,True,PendantCluster,77,-2327,-96.8,"Nested pendant cluster (depth 4): Capped to 77 AADT (41% of entry road 'Izella Ln': 189)"
1105598385900,Timber Trl,INTERPOLATED,13612,False,NONE,13612,0,0,"No constraint needed"
1108609584233,Antler Ridge Dr,INTERPOLATED,2348,False,NONE,2348,0,0,"No constraint needed"
1102200938429,Water View Ct,INTERPOLATED,1882,True,PendantCluster,40,-1842,-97.9,"Nested pendant cluster (depth 8): Capped to 40 AADT (17% of entry road 'Water View Ln': 240)"
110416451181,Couch Ct,INTERPOLATED,28328,True,PendantCluster,8292,-20036,-70.7,"Nested pendant cluster (depth 4): Capped to 8;292 AADT (41% of entry road 'Hogue Ln': 20;246)"
110416464283,Colina Cir,INTERPOLATED,2822,True,PendantCluster,0,-2822,-100,"Nested pendant cluster (depth 20): Capped to 0 AADT (1% of entry road 'Colina Dr': 46)"
110416463869,Arroyo Ct,INTERPOLATED,2316,True,PendantCluster,64,-2252,-97.2,"Nested pendant cluster (depth 16): Capped to 64 AADT (3% of entry road 'Unknown Road': 2;291)"
110416464263,Ciello Ct,INTERPOLATED,2430,True,PendantCluster,64,-2366,-97.4,"Nested pendant cluster (depth 16): Capped to 64 AADT (3% of entry road 'Arroyo Dr': 2;302)"
1103695961969,Tee Way Ct,INTERPOLATED,1407,True,PendantCluster,6,-1401,-99.6,"Nested pendant cluster (depth 10): Capped to 6 AADT (11% of entry road 'Golfers Way': 65)"
11013869208741,Rivercreek Dr,INTERPOLATED,1243,True,PendantCluster,5,-1238,-99.6,"Nested pendant cluster (depth 12): Capped to 5 AADT (7% of 2 entry roads (Tall Meadow St; Creekview Dr): 84)"
1108605690928,Wapiti Dr,INTERPOLATED,2740,True,PendantCluster,2211,-529,-19.3,"Nested pendant cluster (depth 4): Capped to 2;211 AADT (41% of 2 entry roads (Wapiti Dr; Unknown Road): 5;399)"
11013869493697,Woodlot Ln,INTERPOLATED,2617,False,NONE,2617,0,0,"No constraint needed"
1103695936812,Unknown Road,INTERPOLATED,1388,True,PendantCluster,4,-1384,-99.7,"Nested pendant cluster (depth 12): Capped to 4 AADT (7% of entry road 'Gail Dr': 64)"
110416477886,Blue Valley Ct,INTERPOLATED,1473,True,PendantCluster,864,-609,-41.3,"Nested pendant cluster (depth 2): Capped to 864 AADT (64% of entry road 'Carter Rd': 1;350)"
1102200926301,Unknown Road,ACTUAL_COUNT,1350,True,PendantCluster,864,-486,-36,"Nested pendant cluster (depth 2): Capped to 864 AADT (64% of entry road 'Carter Rd': 1;350)"
110416470418,Chisholm Ct,INTERPOLATED,845,True,PendantCluster,94,-751,-88.9,"Nested pendant cluster (depth 6): Capped to 94 AADT (26% of entry road 'Briar Oaks Dr': 360)"
110416476113,Davis Ford Ln,INTERPOLATED,843,False,NONE,843,0,0,"No constraint needed"
1103690717330,Sandwood Ct,INTERPOLATED,1235,True,PendantCluster,136,-1099,-89,"Nested pendant cluster (depth 10): Capped to 136 AADT (11% of 2 entry roads (Sandwood Ct; Sandwood Ct): 1;275)"
110416489594,Unknown Road,INTERPOLATED,2351,True,PendantCluster,189,-2162,-92,"Nested pendant cluster (depth 2): Capped to 189 AADT (64% of entry road 'Upper Denton Rd': 296)"
1104692111114,State Hwy 51,ACTUAL_COUNT,1910,False,NONE,1910,0,0,"No constraint needed"
110416492583,Unknown Road,INTERPOLATED,3822,True,PendantCluster,3543,-279,-7.3,"Nested pendant cluster (depth 2): Capped to 3;543 AADT (64% of entry road 'Tin Top Rd': 5;536)"
110416492421,Unknown Road,INTERPOLATED,3844,True,PendantCluster,3543,-301,-7.8,"Nested pendant cluster (depth 2): Capped to 3;543 AADT (64% of entry road 'Tin Top Rd': 5;536)"
110416478329,New Tin Top Rd,INTERPOLATED,718,False,NONE,718,0,0,"No constraint needed"
110416464018,Bethel Rd,ACTUAL_COUNT,5978,False,NONE,5978,0,0,"No constraint needed"
11033373595282,Yukon Ct,INTERPOLATED,3869,True,PendantCluster,457,-3412,-88.2,"Nested pendant cluster (depth 6): Capped to 457 AADT (26% of entry road 'Silverado Dr': 1;746)"
110416466566,Charles St,ACTUAL_COUNT,1314,False,NONE,1314,0,0,"No constraint needed"
110416478322,Mockingbird Ln,INTERPOLATED,2095,False,NONE,2095,0,0,"No constraint needed"
1102200927528,Cody Ct,INTERPOLATED,1284,True,PendantCluster,980,-304,-23.7,"Nested pendant cluster (depth 4): Capped to 980 AADT (41% of 2 entry roads (Cody Ct; Andy Dr): 2;395)"
110416456431,Jones Rd,INTERPOLATED,2716,False,NONE,2716,0,0,"No constraint needed"
1102970391958,Dennis Rd,ACTUAL_COUNT,6288,False,NONE,6288,0,0,"No constraint needed"
110416489885,Unknown Road,INTERPOLATED,8823,False,NONE,8823,0,0,"No constraint needed"
110416445517,Ann St,INTERPOLATED,8861,False,NONE,8861,0,0,"No constraint needed"
110416461810,Rentz,INTERPOLATED,9375,False,NONE,9375,0,0,"No constraint needed"
110416454423,Glenn Dr,INTERPOLATED,1669,True,PendantCluster,1494,-175,-10.5,"Nested pendant cluster (depth 4): Capped to 1;494 AADT (41% of 2 entry roads (W Ridge St; Glenn Dr): 3;648)"
110416470925,Lochness Cir,INTERPOLATED,12089,True,PendantCluster,5019,-7070,-58.5,"Nested pendant cluster (depth 4): Capped to 5;019 AADT (41% of entry road 'Black Forest Dr': 12;254)"
1105576419784,Unknown Road,INTERPOLATED,135276,False,NONE,135276,0,0,"No constraint needed"
1106087425992,Cleburne Hwy,ACTUAL_COUNT,3,True,PendantCluster,0,-3,-100,"Nested pendant cluster (depth 16): Capped to 0 AADT (3% of 2 entry roads (Cleburne Hwy; State Hwy 171): 6)"
110416471741,Briarwood St,INTERPOLATED,2315,True,PendantCluster,1336,-979,-42.3,"Nested pendant cluster (depth 4): Capped to 1;336 AADT (41% of 2 entry roads (Greenbriar St; Briarwood St): 3;263)"
11033373595458,Brazos Rock Rd,INTERPOLATED,390,True,PendantCluster,28,-362,-92.8,"Nested pendant cluster (depth 8): Capped to 28 AADT (17% of entry road 'Brazos Rock Rd': 170)"
11033373595637,Hearthstone Ct,INTERPOLATED,3281,True,PendantCluster,2391,-890,-27.1,"Nested pendant cluster (depth 4): Capped to 2;391 AADT (41% of 2 entry roads (Hearthstone Ct; Jabez Ct): 5;839)"
1103678454404,Biels Ln,INTERPOLATED,1449,True,PendantCluster,589,-860,-59.4,"Nested pendant cluster (depth 4): Capped to 589 AADT (41% of entry road 'Bielss Ln': 1;439)"
1102200923471,Unknown Road,INTERPOLATED,5300,False,NONE,5300,0,0,"No constraint needed"
1102200930312,Unknown Road,INTERPOLATED,1776,False,NONE,1776,0,0,"No constraint needed"
1103350360535,Brynns Ct,INTERPOLATED,2215,True,PendantCluster,63,-2152,-97.2,"Nested pendant cluster (depth 4): Capped to 63 AADT (41% of entry road 'Noelle Ln': 154)"
110416490585,Unknown Road,INTERPOLATED,4024,False,NONE,4024,0,0,"No constraint needed"
110416492592,Unknown Road,INTERPOLATED,4837,False,NONE,4837,0,0,"No constraint needed"
110416470660,Heritage Ln,INTERPOLATED,3599,False,NONE,3599,0,0,"No constraint needed"
110416471534,Williams Rd,INTERPOLATED,3663,True,PendantCluster,558,-3105,-84.8,"Nested pendant cluster (depth 6): Capped to 558 AADT (26% of entry road 'Mountain View Dr': 2;129)"
1103613669188,Brazos Mountain Dr,INTERPOLATED,4905,True,PendantCluster,2537,-2368,-48.3,"Nested pendant cluster (depth 2): Capped to 2;537 AADT (64% of entry road 'Brazos Valley Ln': 3;965)"
110416479142,Meadow Ridge Dr,INTERPOLATED,4565,False,NONE,4565,0,0,"No constraint needed"
110416477508,Southridge Dr,INTERPOLATED,4357,False,NONE,4357,0,0,"No constraint needed"
110416471626,Arrowhead Dr,INTERPOLATED,4733,False,NONE,4733,0,0,"No constraint needed"
110416471021,Mesquite Trl,INTERPOLATED,1888,True,PendantCluster,989,-899,-47.6,"Nested pendant cluster (depth 6): Capped to 989 AADT (26% of 2 entry roads (Pioneer Trl; Mesquite Trl): 3;776)"
110416464123,Bronco Ln,INTERPOLATED,4740,False,NONE,4740,0,0,"No constraint needed"
110416470433,Cimmaron Trl,INTERPOLATED,227,True,PendantCluster,0,-227,-100,"Nested pendant cluster (depth 24): Capped to 0 AADT (0% of entry road 'Horseshoe Bend Rd': 2)"
110416462500,River Trl,INTERPOLATED,220,True,PendantCluster,0,-220,-100,"Nested pendant cluster (depth 32): Capped to 0 AADT (0% of 2 entry roads (Iroquois Trl; Unknown Road): 440)"
110416470415,Chippewa Trl,INTERPOLATED,228,True,PendantCluster,0,-228,-100,"Nested pendant cluster (depth 24): Capped to 0 AADT (0% of entry road 'Horseshoe Bend Rd': 2)"
110416458125,Lipan Trl,ACTUAL_COUNT,234,True,PendantCluster,0,-234,-100,"Nested pendant cluster (depth 24): Capped to 0 AADT (0% of entry road 'Horseshoe Bend Rd': 2)"
110416489419,Unknown Road,INTERPOLATED,225,True,PendantCluster,0,-225,-100,"Nested pendant cluster (depth 24): Capped to 0 AADT (0% of entry road 'Horseshoe Bend Rd': 2)"
110416464353,Dakota Trl,INTERPOLATED,228,True,PendantCluster,0,-228,-100,"Nested pendant cluster (depth 24): Capped to 0 AADT (0% of entry road 'Horseshoe Bend Rd': 2)"
110416455682,Huron Trl,INTERPOLATED,228,True,PendantCluster,0,-228,-100,"Nested pendant cluster (depth 24): Capped to 0 AADT (0% of entry road 'Horseshoe Bend Rd': 2)"
1106087632481,Cimmarron Trl,INTERPOLATED,4437,False,NONE,4437,0,0,"No constraint needed"
1103553429998,Cimmaron Trl,INTERPOLATED,4075,False,NONE,4075,0,0,"No constraint needed"
110416475918,Broken Bow Rd,INTERPOLATED,5061,False,NONE,5061,0,0,"No constraint needed"
110416490491,Unknown Road,INTERPOLATED,4352,True,PendantCluster,743,-3609,-82.9,"Nested pendant cluster (depth 8): Capped to 743 AADT (17% of 2 entry roads (Unknown Road; Unknown Road): 4;431)"
110416479920,Horseshoe Bend Rd,INTERPOLATED,3,True,PendantCluster,2,-1,-33.3,"Nested pendant cluster (depth 22): Capped to 2 AADT (1% of 2 entry roads (Horseshoe Bend Rd; Unknown Road): 300)"
110416491467,Unknown Road,INTERPOLATED,1366,True,PendantCluster,20,-1346,-98.5,"Nested pendant cluster (depth 10): Capped to 20 AADT (11% of entry road 'Horseshoe Bend Rd': 188)"
110416470912,Live Oak Trl,INTERPOLATED,4677,False,NONE,4677,0,0,"No constraint needed"
110416489440,Unknown Road,INTERPOLATED,1394,True,PendantCluster,315,-1079,-77.4,"Nested pendant cluster (depth 4): Capped to 315 AADT (41% of entry road 'Jack Wright Rd': 771)"
1102638238344,Phillips Ln,INTERPOLATED,86789,True,PendantCluster,69,-86720,-99.9,"Nested pendant cluster (depth 4): Capped to 69 AADT (41% of entry road 'Phillips Ln': 170)"
110416489463,Unknown Road,INTERPOLATED,1185,True,PendantCluster,306,-879,-74.2,"Nested pendant cluster (depth 4): Capped to 306 AADT (41% of entry road 'Barnes Rd': 748)"
110416474707,Southland Dr,INTERPOLATED,8839,False,NONE,8839,0,0,"No constraint needed"
1106087640014,Yorkshire Dr,INTERPOLATED,11910,True,PendantCluster,11253,-657,-5.5,"Nested pendant cluster (depth 4): Capped to 11;253 AADT (41% of entry road 'Briarhaven Blvd': 27;474)"
1103594439631,Starwood Dr,ACTUAL_COUNT,127383,True,PendantCluster,479,-126904,-99.6,"Nested pendant cluster (depth 4): Capped to 479 AADT (41% of entry road 'Bay Laurel Dr': 1;170)"
1104701882893,Fort Worth Hwy,ACTUAL_COUNT,9701,False,NONE,9701,0,0,"No constraint needed"
1106087635131,Southview Dr,INTERPOLATED,7,True,PendantCluster,0,-7,-100,"Nested pendant cluster (depth 14): Capped to 0 AADT (4% of 2 entry roads (Southview Dr; Mesa St): 14)"
11016954815526,El Dorado Trl,INTERPOLATED,743,True,PendantCluster,381,-362,-48.7,"Nested pendant cluster (depth 8): Capped to 381 AADT (17% of 2 entry roads (El Dorado Trl; Chisum Dr): 2;271)"
110416490331,Unknown Road,INTERPOLATED,454,False,NONE,454,0,0,"No constraint needed"
110416491980,Unknown Road,INTERPOLATED,202,True,PendantCluster,128,-74,-36.6,"Nested pendant cluster (depth 2): Capped to 128 AADT (64% of entry road 'Buckner Rd': 200)"
1106087639644,Ponderosa Ln,INTERPOLATED,4021,False,NONE,4021,0,0,"No constraint needed"
110416491768,Unknown Road,INTERPOLATED,7862,False,NONE,7862,0,0,"No constraint needed"
1102466331352,Unknown Road,INTERPOLATED,7056,False,NONE,7056,0,0,"No constraint needed"
110416490111,Unknown Road,INTERPOLATED,1504,True,PendantCluster,323,-1181,-78.5,"Nested pendant cluster (depth 6): Capped to 323 AADT (26% of entry road 'Oliver St': 1;234)"
110416490942,Unknown Road,INTERPOLATED,157,True,PendantCluster,30,-127,-80.9,"Nested pendant cluster (depth 6): Capped to 30 AADT (26% of 2 entry roads (Unknown Road; Unknown Road): 116)"
110416472126,Horseshoe Dr,INTERPOLATED,5769,False,NONE,5769,0,0,"No constraint needed"
110416479335,Western Lake Dr,INTERPOLATED,134,True,PendantCluster,28,-106,-79.1,"Nested pendant cluster (depth 10): Capped to 28 AADT (11% of 2 entry roads (Western Lake Dr; Caraway Dr): 268)"
110416490498,Unknown Road,INTERPOLATED,10889,True,PendantCluster,4627,-6262,-57.5,"Nested pendant cluster (depth 4): Capped to 4;627 AADT (41% of entry road 'Walden Rd': 11;297)"
110416479720,Silver Saddle Cir,INTERPOLATED,6691,False,NONE,6691,0,0,"No constraint needed"
1103690718209,Cutters Trl,INTERPOLATED,2692,False,NONE,2692,0,0,"No constraint needed"
110416478894,Carter Ranch Trl,INTERPOLATED,2495,True,PendantCluster,434,-2061,-82.6,"Nested pendant cluster (depth 6): Capped to 434 AADT (26% of entry road 'Silver Spr': 1;657)"
110416446707,Pine St,ACTUAL_COUNT,107,False,NONE,107,0,0,"No constraint needed"
110416479476,Cool Junction,ACTUAL_COUNT,123,False,NONE,123,0,0,"No constraint needed"
1102466314200,Unknown Road,INTERPOLATED,364,False,NONE,364,0,0,"No constraint needed"
1102970395987,Unknown Road,INTERPOLATED,146,True,PendantCluster,34,-112,-76.7,"Nested pendant cluster (depth 6): Capped to 34 AADT (26% of 2 entry roads (N Trails End Cir; Trails End Cir): 130)"
110416490850,Unknown Road,INTERPOLATED,124,True,PendantCluster,94,-30,-24.2,"Nested pendant cluster (depth 2): Capped to 94 AADT (64% of entry road 'FM 3028': 147)"
110416456364,Johns Ln,INTERPOLATED,255,False,NONE,255,0,0,"No constraint needed"
110416446487,Lois Ln,INTERPOLATED,865,False,NONE,865,0,0,"No constraint needed"
110416489590,Unknown Road,ACTUAL_COUNT,1766,True,PendantCluster,189,-1577,-89.3,"Nested pendant cluster (depth 2): Capped to 189 AADT (64% of entry road 'Upper Denton Rd': 296)"
110416447134,Vine St,INTERPOLATED,1883,False,NONE,1883,0,0,"No constraint needed"
110416454487,Grace St,INTERPOLATED,1161,False,NONE,1161,0,0,"No constraint needed"
110416490098,Unknown Road,INTERPOLATED,445,False,NONE,445,0,0,"No constraint needed"
110416475034,Big Valley Cir,INTERPOLATED,321,False,NONE,321,0,0,"No constraint needed"
110416466490,Buckner Rd,INTERPOLATED,209,False,NONE,209,0,0,"No constraint needed"
110416466867,Hubbard Ln,INTERPOLATED,248,False,NONE,248,0,0,"No constraint needed"
110416489873,Unknown Road,INTERPOLATED,200,False,NONE,200,0,0,"No constraint needed"
110416489874,Unknown Road,ACTUAL_COUNT,130,False,NONE,130,0,0,"No constraint needed"
1104476647452,Unknown Road,INTERPOLATED,307,False,NONE,307,0,0,"No constraint needed"
110416472055,Guadalupe,INTERPOLATED,226,True,PendantCluster,0,-226,-100,"Nested pendant cluster (depth 24): Capped to 0 AADT (0% of entry road 'Horseshoe Bend Rd': 2)"
110416465761,Pawnee Trl,INTERPOLATED,228,True,PendantCluster,0,-228,-100,"Nested pendant cluster (depth 24): Capped to 0 AADT (0% of entry road 'Horseshoe Bend Rd': 2)"
110416492243,Unknown Road,INTERPOLATED,864,True,PendantCluster,296,-568,-65.7,"Nested pendant cluster (depth 4): Capped to 296 AADT (41% of entry road 'W 1st St': 723)"
110416446350,King St,INTERPOLATED,944,False,NONE,944,0,0,"No constraint needed"
110416465667,Narrow St,INTERPOLATED,768,False,NONE,768,0,0,"No constraint needed"
110416467020,Merritt Ln,INTERPOLATED,3496,False,NONE,3496,0,0,"No constraint needed"
110416467423,Shannon St,ACTUAL_COUNT,97,False,NONE,97,0,0,"No constraint needed"
1106087435808,Palo Pinto St,ACTUAL_COUNT,31203,False,NONE,31203,0,0,"No constraint needed"
1104258528556,State Spur 312,ACTUAL_COUNT,5562,False,NONE,5562,0,0,"No constraint needed"
110416492135,Unknown Road,ACTUAL_COUNT,392,False,NONE,392,0,0,"No constraint needed"
110416492110,Unknown Road,INTERPOLATED,381,True,PendantCluster,32,-349,-91.6,"Nested pendant cluster (depth 6): Capped to 32 AADT (26% of entry road 'Unknown Road': 124)"
110416467597,Shawnee Trl,INTERPOLATED,226,True,PendantCluster,0,-226,-100,"Nested pendant cluster (depth 24): Capped to 0 AADT (0% of entry road 'Horseshoe Bend Rd': 2)"
110416464311,Cortez Ct,INTERPOLATED,226,False,NONE,226,0,0,"No constraint needed"
110416492107,Unknown Road,INTERPOLATED,216,False,NONE,216,0,0,"No constraint needed"
110416471292,Red Bank Rd,INTERPOLATED,215,False,NONE,215,0,0,"No constraint needed"
110416459861,Pecos Dr,INTERPOLATED,4403,False,NONE,4403,0,0,"No constraint needed"
110416490631,Unknown Road,INTERPOLATED,2380,False,NONE,2380,0,0,"No constraint needed"
110416489847,Unknown Road,INTERPOLATED,271,False,NONE,271,0,0,"No constraint needed"
1103690718452,Walden Rd,INTERPOLATED,11,True,PendantCluster,0,-11,-100,"Nested pendant cluster (depth 14): Capped to 0 AADT (4% of 2 entry roads (Walden Rd; Prachyl Rd): 22)"
1102466591327,Unknown Road,INTERPOLATED,429,False,NONE,429,0,0,"No constraint needed"
110416491427,Unknown Road,INTERPOLATED,11904,True,PendantCluster,1709,-10195,-85.6,"Nested pendant cluster (depth 6): Capped to 1;709 AADT (26% of entry road 'Walden Rd': 6;522)"
110416472118,Hillcroft Dr,INTERPOLATED,452,True,PendantCluster,294,-158,-35,"Nested pendant cluster (depth 4): Capped to 294 AADT (41% of entry road 'New Tin Top Rd': 718)"
110416474771,Sunflower Dr,INTERPOLATED,436,True,PendantCluster,294,-142,-32.6,"Nested pendant cluster (depth 4): Capped to 294 AADT (41% of entry road 'New Tin Top Rd': 718)"
110416471535,Winbrook Dr,INTERPOLATED,467,True,PendantCluster,294,-173,-37,"Nested pendant cluster (depth 4): Capped to 294 AADT (41% of entry road 'New Tin Top Rd': 718)"
110416477790,Willowglen Dr,INTERPOLATED,475,True,PendantCluster,294,-181,-38.1,"Nested pendant cluster (depth 4): Capped to 294 AADT (41% of entry road 'New Tin Top Rd': 718)"
110416470026,Trinity Ave,ACTUAL_COUNT,1696,False,NONE,1696,0,0,"No constraint needed"
1102200932389,Trinity St,INTERPOLATED,2660,False,NONE,2660,0,0,"No constraint needed"
1103678454735,Country Oaks Ln,INTERPOLATED,1777,True,PendantCluster,1128,-649,-36.5,"Nested pendant cluster (depth 2): Capped to 1;128 AADT (64% of entry road 'Greenwood Cut Off Rd': 1;763)"
110416451962,Davis St,ACTUAL_COUNT,31203,False,NONE,31203,0,0,"No constraint needed"
1102466259424,Unknown Road,INTERPOLATED,1197,False,NONE,1197,0,0,"No constraint needed"
110416466512,Camelia St,ACTUAL_COUNT,2380,False,NONE,2380,0,0,"No constraint needed"
1102200929575,Courthouse Sq,INTERPOLATED,55819,False,NONE,55819,0,0,"No constraint needed"
1102200937777,Connecting Rd,INTERPOLATED,79109,False,NONE,79109,0,0,"No constraint needed"
110416446474,Lois Cir,INTERPOLATED,3369,False,NONE,3369,0,0,"No constraint needed"
110416489841,Unknown Road,INTERPOLATED,251,False,NONE,251,0,0,"No constraint needed"
110416472129,Hutcheson Ln,INTERPOLATED,11113,True,PendantCluster,7592,-3521,-31.7,"Nested pendant cluster (depth 2): Capped to 7;592 AADT (64% of entry road 'Baker Cut Off Rd': 11;863)"
110416489861,Unknown Road,INTERPOLATED,227,False,NONE,227,0,0,"No constraint needed"
110416491184,Unknown Road,INTERPOLATED,12271,True,PendantCluster,6304,-5967,-48.6,"Nested pendant cluster (depth 4): Capped to 6;304 AADT (41% of entry road 'Baker Rd': 15;393)"
1103630853409,Highland Lakes Dr,INTERPOLATED,6848,True,PendantCluster,0,-6848,-100,"Nested pendant cluster (depth 44): Capped to 0 AADT (0% of entry road 'Unknown Road': 6;749)"
11016954937822,Driftwood Ranch Trl,INTERPOLATED,2,True,PendantCluster,0,-2,-100,"Nested pendant cluster (depth 12): Capped to 0 AADT (7% of entry road 'Driftwood Ranch Trl': 2)"
110416491909,Unknown Road,INTERPOLATED,14918,True,PendantCluster,9851,-5067,-34,"Nested pendant cluster (depth 2): Capped to 9;851 AADT (64% of entry road 'Baker Rd': 15;393)"
1102466331360,Unknown Road,INTERPOLATED,13257,True,PendantCluster,9851,-3406,-25.7,"Nested pendant cluster (depth 2): Capped to 9;851 AADT (64% of entry road 'Baker Rd': 15;393)"
1103690718863,Unknown Road,INTERPOLATED,8536,True,PendantCluster,3734,-4802,-56.3,"Nested pendant cluster (depth 6): Capped to 3;734 AADT (26% of 2 entry roads (Unknown Road; Unknown Road): 14;245)"
1103690718864,Unknown Road,INTERPOLATED,8487,False,NONE,8487,0,0,"No constraint needed"
1103690718862,Unknown Road,INTERPOLATED,7700,True,PendantCluster,5944,-1756,-22.8,"Nested pendant cluster (depth 4): Capped to 5;944 AADT (41% of 2 entry roads (Unknown Road; Unknown Road): 14;512)"
1102466331364,Unknown Road,INTERPOLATED,10937,False,NONE,10937,0,0,"No constraint needed"
1102638240130,Unknown Road,ACTUAL_COUNT,2666,False,NONE,2666,0,0,"No constraint needed"
1104470395630,Jennifer Ct,INTERPOLATED,3361,True,PendantCluster,1841,-1520,-45.2,"Nested pendant cluster (depth 4): Capped to 1;841 AADT (41% of 2 entry roads (Jennifer Ct; Jennifer Ct): 4;497)"
1103690719004,Bluebonnet Ln,INTERPOLATED,4136,False,NONE,4136,0,0,"No constraint needed"
1103459145992,Bluebonnet Ln,INTERPOLATED,3205,False,NONE,3205,0,0,"No constraint needed"
1102970388953,Unknown Road,INTERPOLATED,3276,False,NONE,3276,0,0,"No constraint needed"
110416491967,Unknown Road,INTERPOLATED,2103,False,NONE,2103,0,0,"No constraint needed"
110416477721,White Bull Ln,INTERPOLATED,249,False,NONE,249,0,0,"No constraint needed"
1102200946452,Bulldog Blvd,INTERPOLATED,135,False,NONE,135,0,0,"No constraint needed"
1103690719020,Unknown Road,INTERPOLATED,844,True,PendantCluster,10,-834,-98.8,"Nested pendant cluster (depth 8): Capped to 10 AADT (17% of entry road 'Sugar Tree Dr': 63)"
110416454062,Front St,INTERPOLATED,142,True,PendantCluster,90,-52,-36.6,"Nested pendant cluster (depth 2): Capped to 90 AADT (64% of entry road 'NW Front St': 142)"
110416471840,Davenport St,INTERPOLATED,146,False,NONE,146,0,0,"No constraint needed"
110416490849,Unknown Road,INTERPOLATED,175,True,PendantCluster,112,-63,-36,"Nested pendant cluster (depth 2): Capped to 112 AADT (64% of entry road 'Fannin St': 176)"
1102638240514,Connecting Rd,NO_DATA,0,False,NONE,0,0,0,"No constraint needed"
110416459529,Payne St,INTERPOLATED,2694,False,NONE,2694,0,0,"No constraint needed"
110416471889,Edinburgh Ln,INTERPOLATED,8191,False,NONE,8191,0,0,"No constraint needed"
110416466763,Gholson Rd,INTERPOLATED,191,False,NONE,191,0,0,"No constraint needed"
110416491613,Unknown Road,INTERPOLATED,171,True,PendantCluster,31,-140,-81.9,"Nested pendant cluster (depth 8): Capped to 31 AADT (17% of 2 entry roads (Unknown Road; Unknown Road): 186)"
1103690717402,Cedar Springs Ln,INTERPOLATED,3014,True,PendantCluster,1489,-1525,-50.6,"Nested pendant cluster (depth 6): Capped to 1;489 AADT (26% of 3 entry roads (Cedar Springs Ln; Cedar Springs Ln; ...): 5;682)"
1103690717400,Cedar Springs Ln,INTERPOLATED,3054,True,PendantCluster,1079,-1975,-64.7,"Nested pendant cluster (depth 6): Capped to 1;079 AADT (26% of 3 entry roads (Cedar Springs Ln; Cedar Springs Ln; ...): 4;117)"
1102200936784,Chappel Hill Ct,INTERPOLATED,1550,True,PendantCluster,17,-1533,-98.9,"Nested pendant cluster (depth 8): Capped to 17 AADT (17% of entry road 'Saddle Club Rd': 104)"
1102200951634,Unknown Road,INTERPOLATED,6855,True,PendantCluster,3543,-3312,-48.3,"Nested pendant cluster (depth 2): Capped to 3;543 AADT (64% of entry road 'Tin Top Rd': 5;536)"
1102200925768,Hannah Ct,ACTUAL_COUNT,1565,True,PendantCluster,1001,-564,-36,"Nested pendant cluster (depth 2): Capped to 1;001 AADT (64% of entry road 'Holmes Ln': 1;565)"
1103695939058,Westward Way,INTERPOLATED,1837,False,NONE,1837,0,0,"No constraint needed"
110416492304,Unknown Road,NO_DATA,0,False,NONE,0,0,0,"No constraint needed"
1104258409073,Unknown Road,NO_DATA,0,False,NONE,0,0,0,"No constraint needed"
1104258409072,Unknown Road,NO_DATA,0,False,NONE,0,0,0,"No constraint needed"
110416452478,Dixie Rd,INTERPOLATED,1064,True,PendantCluster,414,-650,-61.1,"Nested pendant cluster (depth 2): Capped to 414 AADT (64% of entry road 'Tidwell Rd': 648)"
110416490861,Unknown Road,INTERPOLATED,311,True,PendantCluster,266,-45,-14.5,"Nested pendant cluster (depth 2): Capped to 266 AADT (64% of entry road 'Bennett Rd': 416)"
1103678454789,Melody Ln,INTERPOLATED,3021,False,NONE,3021,0,0,"No constraint needed"
1104470427838,Unknown Road,INTERPOLATED,467,True,PendantCluster,0,-467,-100,"Nested pendant cluster (depth 14): Capped to 0 AADT (4% of entry road 'Gilbert Pit Rd': 22)"
1106087633109,Gilbert Pit Rd,INTERPOLATED,461,True,PendantCluster,0,-461,-100,"Nested pendant cluster (depth 16): Capped to 0 AADT (3% of entry road 'Gilbert Pit Rd': 22)"
110416491876,Unknown Road,INTERPOLATED,2836,False,NONE,2836,0,0,"No constraint needed"
110416491390,Unknown Road,INTERPOLATED,2318,True,PendantCluster,1738,-580,-25,"Nested pendant cluster (depth 2): Capped to 1;738 AADT (64% of entry road 'Jones Rd': 2;716)"
110416490878,Unknown Road,INTERPOLATED,2954,False,NONE,2954,0,0,"No constraint needed"
1102200936335,Unknown Road,INTERPOLATED,1696,True,PendantCluster,1180,-516,-30.4,"Nested pendant cluster (depth 2): Capped to 1;180 AADT (64% of entry road 'Olive Branch Rd': 1;845)"
110416474687,Signature Ct,ACTUAL_COUNT,1211,False,NONE,1211,0,0,"No constraint needed"
110416462169,Trl Ridge,INTERPOLATED,573,True,PendantCluster,300,-273,-47.6,"Nested pendant cluster (depth 6): Capped to 300 AADT (26% of 2 entry roads (Trl Ridge; Trl Ridge): 1;146)"
1102200936603,Trl Ridge,INTERPOLATED,150716,True,PendantCluster,573,-150143,-99.6,"Nested pendant cluster (depth 4): Capped to 573 AADT (41% of entry road 'Trl Ridge': 1;400)"
110416463390,Ultra Ct,INTERPOLATED,1939,True,PendantCluster,163,-1776,-91.6,"Nested pendant cluster (depth 6): Capped to 163 AADT (26% of entry road 'Club House Dr': 622)"
1103487269808,Brock Springs Trl,INTERPOLATED,2081,True,PendantCluster,775,-1306,-62.8,"Nested pendant cluster (depth 2): Capped to 775 AADT (64% of entry road 'Old Brock Rd': 1;211)"
110416445148,Unknown Road,INTERPOLATED,58414,False,NONE,58414,0,0,"No constraint needed"
1102970399844,Unknown Road,INTERPOLATED,466,True,PendantCluster,1,-465,-99.8,"Nested pendant cluster (depth 26): Capped to 1 AADT (0% of 2 entry roads (Unknown Road; Unknown Road): 467)"
1105598416716,Calle Encino Ln,INTERPOLATED,1185,False,NONE,1185,0,0,"No constraint needed"
1102200945933,Unknown Road,INTERPOLATED,2195,False,NONE,2195,0,0,"No constraint needed"
1102466254720,Unknown Road,INTERPOLATED,10254,False,NONE,10254,0,0,"No constraint needed"
1102466259395,Unknown Road,INTERPOLATED,3813,False,NONE,3813,0,0,"No constraint needed"
1103493771311,Hummingbird Ln,INTERPOLATED,1371,True,PendantCluster,1075,-296,-21.6,"Nested pendant cluster (depth 4): Capped to 1;075 AADT (41% of 2 entry roads (Hummingbird Ln; Roadrunner Dr): 2;625)"
1102200939613,Unknown Road,INTERPOLATED,4761,False,NONE,4761,0,0,"No constraint needed"
110416455303,Henry Ln,INTERPOLATED,1849,False,NONE,1849,0,0,"No constraint needed"
1102200925311,Unknown Road,ACTUAL_COUNT,130,True,PendantCluster,53,-77,-59.2,"Nested pendant cluster (depth 4): Capped to 53 AADT (41% of entry road 'Unknown Road': 130)"
1102200926627,Unknown Road,INTERPOLATED,215,True,PendantCluster,0,-215,-100,"Nested pendant cluster (depth 12): Capped to 0 AADT (7% of entry road 'Unknown Road': 4)"
1102200928471,Unknown Road,INTERPOLATED,214,True,PendantCluster,0,-214,-100,"Nested pendant cluster (depth 60): Capped to 0 AADT (0% of entry road 'Unknown Road': 213)"
110416446617,Moss Ln,INTERPOLATED,1570,False,NONE,1570,0,0,"No constraint needed"
1102466534819,Overton Ridge Cir,INTERPOLATED,1494,True,PendantCluster,114,-1380,-92.4,"Nested pendant cluster (depth 8): Capped to 114 AADT (17% of entry road 'Overton Ridge Cir': 681)"
1102200939684,Unknown Road,ACTUAL_COUNT,5477,False,NONE,5477,0,0,"No constraint needed"
110416464223,Cherry St,INTERPOLATED,5532,False,NONE,5532,0,0,"No constraint needed"
1102200956062,Kings Rd,INTERPOLATED,142902,False,NONE,142902,0,0,"No constraint needed"
1105598408562,Eagle Moor Ln,INTERPOLATED,2530,False,NONE,2530,0,0,"No constraint needed"
1105598408595,Ruby Dr,INTERPOLATED,2463,True,PendantCluster,1036,-1427,-57.9,"Nested pendant cluster (depth 4): Capped to 1;036 AADT (41% of entry road 'Eagle Moor Ln': 2;530)"
1102200941764,Unknown Road,INTERPOLATED,215,True,PendantCluster,0,-215,-100,"Nested pendant cluster (depth 18): Capped to 0 AADT (2% of 2 entry roads (Unknown Road; Unknown Road): 12)"
110416492295,Unknown Road,INTERPOLATED,39492,False,NONE,39492,0,0,"No constraint needed"
1103933840413,Unknown Road,INTERPOLATED,267,True,PendantCluster,174,-93,-34.8,"Nested pendant cluster (depth 4): Capped to 174 AADT (41% of 2 entry roads (Unknown Road; Unknown Road): 427)"
1103949267370,Unknown Road,INTERPOLATED,267,True,PendantCluster,158,-109,-40.8,"Nested pendant cluster (depth 2): Capped to 158 AADT (64% of entry road 'Hubbard Ln': 248)"
110416480327,Powell Xing,INTERPOLATED,286,False,NONE,286,0,0,"No constraint needed"
1102466706092,Westridge Dr,INTERPOLATED,4070,False,NONE,4070,0,0,"No constraint needed"
110416477565,Strickland Ln,INTERPOLATED,608,True,PendantCluster,351,-257,-42.3,"Nested pendant cluster (depth 4): Capped to 351 AADT (41% of 2 entry roads (Meeks Bend; Strickland Ln): 857)"
1102200950651,Unknown Road,INTERPOLATED,127,False,NONE,127,0,0,"No constraint needed"
1103695929254,Unknown Road,INTERPOLATED,454,True,PendantCluster,153,-301,-66.3,"Nested pendant cluster (depth 4): Capped to 153 AADT (41% of 2 entry roads (Unknown Road; Unknown Road): 374)"
1102200923121,Unknown Road,INTERPOLATED,641,True,PendantCluster,68,-573,-89.4,"Nested pendant cluster (depth 2): Capped to 68 AADT (64% of entry road 'Old Millsap Rd': 107)"
1102200928060,Unknown Road,INTERPOLATED,213,False,NONE,213,0,0,"No constraint needed"
1102970398496,Unknown Road,INTERPOLATED,211,True,PendantCluster,19,-192,-91,"Nested pendant cluster (depth 8): Capped to 19 AADT (17% of entry road 'Unknown Road': 115)"
1102466494706,Unknown Road,INTERPOLATED,213,False,NONE,213,0,0,"No constraint needed"
1102200935420,Unknown Road,INTERPOLATED,133,True,PendantCluster,85,-48,-36.1,"Nested pendant cluster (depth 2): Capped to 85 AADT (64% of entry road 'N Plum St': 134)"
1104472870546,Unknown Road,INTERPOLATED,451,False,NONE,451,0,0,"No constraint needed"
110416490261,Unknown Road,INTERPOLATED,2835,True,PendantCluster,2005,-830,-29.3,"Nested pendant cluster (depth 2): Capped to 2;005 AADT (64% of entry road 'Scarlett Rd': 3;133)"
1102200922075,Unknown Road,INTERPOLATED,3074,True,PendantCluster,293,-2781,-90.5,"Nested pendant cluster (depth 8): Capped to 293 AADT (17% of entry road 'Shanes Ln': 1;752)"
110416466497,Bullard St,INTERPOLATED,5341,False,NONE,5341,0,0,"No constraint needed"
1108891007279,Unknown Road,INTERPOLATED,321952,False,NONE,321952,0,0,"No constraint needed"
1102638240156,Unknown Road,INTERPOLATED,2584,False,NONE,2584,0,0,"No constraint needed"
1103276927331,Whitney Dr,ACTUAL_COUNT,2746,True,PendantCluster,70,-2676,-97.5,"Nested pendant cluster (depth 8): Capped to 70 AADT (17% of entry road 'BB Fielder Dr': 423)"
110416490229,Unknown Road,INTERPOLATED,5839,True,PendantCluster,3843,-1996,-34.2,"Nested pendant cluster (depth 2): Capped to 3;843 AADT (64% of entry road 'Norris Cir': 6;006)"
1104472878625,Unknown Road,ACTUAL_COUNT,11268,False,NONE,11268,0,0,"No constraint needed"
11016954897558,Town Creek Cir,INTERPOLATED,29993,True,PendantCluster,7913,-22080,-73.6,"Nested pendant cluster (depth 4): Capped to 7;913 AADT (41% of entry road 'Town Creek Cir': 19;320)"
1103690718231,Heritage Hts,INTERPOLATED,3042,False,NONE,3042,0,0,"No constraint needed"
110416490345,Unknown Road,INTERPOLATED,500,True,PendantCluster,218,-282,-56.4,"Nested pendant cluster (depth 2): Capped to 218 AADT (64% of entry road 'Cougar Rd': 342)"
110416463270,Tango Rd,INTERPOLATED,10084,True,PendantCluster,5415,-4669,-46.3,"Nested pendant cluster (depth 2): Capped to 5;415 AADT (64% of entry road 'S FM 51': 8;462)"
1102744850514,Unknown Road,INTERPOLATED,141,True,PendantCluster,20,-121,-85.8,"Nested pendant cluster (depth 6): Capped to 20 AADT (26% of entry road 'Unknown Road': 77)"
110416490855,Unknown Road,INTERPOLATED,5816,False,NONE,5816,0,0,"No constraint needed"
1103276928563,Marion Dr,ACTUAL_COUNT,2746,True,PendantCluster,70,-2676,-97.5,"Nested pendant cluster (depth 8): Capped to 70 AADT (17% of entry road 'BB Fielder Dr': 423)"
1104472889874,Unknown Road,INTERPOLATED,1443,False,NONE,1443,0,0,"No constraint needed"
1104473155923,Unknown Road,INTERPOLATED,7485,False,NONE,7485,0,0,"No constraint needed"
11016955162927,Unknown Road,INTERPOLATED,400,False,NONE,400,0,0,"No constraint needed"
1104692118238,Unknown Road,INTERPOLATED,1371,True,PendantCluster,68,-1303,-95,"Nested pendant cluster (depth 8): Capped to 68 AADT (17% of entry road 'Oliver St': 408)"
1105576424396,Ric Williams Memorial Hwy,INTERPOLATED,42956,False,NONE,42956,0,0,"No constraint needed"
1105576424401,Ric Williams Memorial Hwy,INTERPOLATED,43236,False,NONE,43236,0,0,"No constraint needed"
110416466501,Burette,INTERPOLATED,1306,True,PendantCluster,1064,-242,-18.5,"Nested pendant cluster (depth 4): Capped to 1;064 AADT (41% of 2 entry roads (Burette; Pogue Branch Ct): 2;599)"
11016954929772,Eastmeadow Ln,INTERPOLATED,507,False,NONE,507,0,0,"No constraint needed"
11016954974834,Glen Ct,INTERPOLATED,1,True,PendantCluster,0,-1,-100,"Nested pendant cluster (depth 14): Capped to 0 AADT (4% of 2 entry roads (Scott Dr; Glen Ct): 2)"
11016954889759,Ashley Dr,INTERPOLATED,3737,True,PendantCluster,0,-3737,-100,"Nested pendant cluster (depth 12): Capped to 0 AADT (7% of entry road 'Jake Ct': 7)"
1103928167405,Deer Trl,INTERPOLATED,427,False,NONE,427,0,0,"No constraint needed"
110416490566,Unknown Road,INTERPOLATED,12947,True,PendantCluster,840,-12107,-93.5,"Nested pendant cluster (depth 2): Capped to 840 AADT (64% of entry road 'Old Brock Rd': 1;314)"
110416491700,Unknown Road,INTERPOLATED,1831,True,PendantCluster,547,-1284,-70.1,"Nested pendant cluster (depth 2): Capped to 547 AADT (64% of 2 entry roads (Mineral Wells Hwy; US Hwy 180): 856)"
110416466647,Crowley Ln,INTERPOLATED,1010,False,NONE,1010,0,0,"No constraint needed"
110416490163,Unknown Road,INTERPOLATED,477,True,PendantCluster,2,-475,-99.6,"Nested pendant cluster (depth 12): Capped to 2 AADT (7% of entry road 'Gilbert Pit Rd': 36)"
110416490339,Unknown Road,INTERPOLATED,439,True,PendantCluster,43,-396,-90.2,"Nested pendant cluster (depth 10): Capped to 43 AADT (11% of 2 entry roads (Unknown Road; Unknown Road): 408)"
1102200930053,Shady Ln,INTERPOLATED,1698,True,PendantCluster,1123,-575,-33.9,"Nested pendant cluster (depth 4): Capped to 1;123 AADT (41% of 2 entry roads (Shady Ln; Shady Ln): 2;743)"
1104488799432,Sugar Tree Dr,INTERPOLATED,678,True,PendantCluster,242,-436,-64.3,"Nested pendant cluster (depth 4): Capped to 242 AADT (41% of entry road 'Sugar Tree Dr': 592)"
11016954794000,Nightlinger Ln,INTERPOLATED,483,True,PendantCluster,345,-138,-28.6,"Nested pendant cluster (depth 8): Capped to 345 AADT (17% of 2 entry roads (Nightlinger Ln; Searchers Ct): 2;060)"
11016954794523,Searchers Ct,INTERPOLATED,1577,True,PendantCluster,57,-1520,-96.4,"Nested pendant cluster (depth 8): Capped to 57 AADT (17% of entry road 'Nightlinger Ln': 345)"
11016954704229,Chisum Dr,INTERPOLATED,1528,True,PendantCluster,63,-1465,-95.9,"Nested pendant cluster (depth 8): Capped to 63 AADT (17% of entry road 'El Dorado Trl': 381)"
11016955182782,Rio Lobo,INTERPOLATED,1508,True,PendantCluster,6,-1502,-99.6,"Nested pendant cluster (depth 10): Capped to 6 AADT (11% of entry road 'Chisum Dr': 63)"
11016955064808,Weatherford Heights Dr,INTERPOLATED,3286,False,NONE,3286,0,0,"No constraint needed"
11016954956740,Hadley St,INTERPOLATED,3257,False,NONE,3257,0,0,"No constraint needed"
110416490361,Unknown Road,INTERPOLATED,1649,True,PendantCluster,713,-936,-56.8,"Nested pendant cluster (depth 2): Capped to 713 AADT (64% of entry road 'Wolf Hollow': 1;115)"
110416463951,Barber St,ACTUAL_COUNT,1242,True,PendantCluster,794,-448,-36.1,"Nested pendant cluster (depth 2): Capped to 794 AADT (64% of entry road 'Greenwood Rd': 1;242)"
1102200931736,Wintergreen Ct,INTERPOLATED,1424,True,PendantCluster,151,-1273,-89.4,"Nested pendant cluster (depth 6): Capped to 151 AADT (26% of entry road 'Willow Creek Dr': 579)"
110416470882,Linville Ln,INTERPOLATED,131,True,PendantCluster,25,-106,-80.9,"Nested pendant cluster (depth 8): Capped to 25 AADT (17% of 2 entry roads (Rafter J Rd; Linville Ln): 152)"
1102466534295,Unknown Road,INTERPOLATED,1655,True,PendantCluster,369,-1286,-77.7,"Nested pendant cluster (depth 6): Capped to 369 AADT (26% of 2 entry roads (Unknown Road; Unknown Road): 1;408)"
110416467129,Perkins Rd,INTERPOLATED,1201,False,NONE,1201,0,0,"No constraint needed"
110416446700,Pine Rd,INTERPOLATED,1250,False,NONE,1250,0,0,"No constraint needed"
110416462411,Rippy Rd,INTERPOLATED,4053,True,PendantCluster,2531,-1522,-37.6,"Nested pendant cluster (depth 2): Capped to 2;531 AADT (64% of entry road 'Adell Cir': 3;955)"
110416445507,FM 920,ACTUAL_COUNT,4333,True,PendantCluster,3896,-437,-10.1,"Nested pendant cluster (depth 2): Capped to 3;896 AADT (64% of 2 entry roads (FM 920; Poolville Cut Off Rd): 6;089)"
110416446047,Dusk Dr,INTERPOLATED,771,True,PendantCluster,309,-462,-59.9,"Nested pendant cluster (depth 4): Capped to 309 AADT (41% of entry road 'Sunrise Trl': 755)"
110416465992,Sunset Ct,INTERPOLATED,758,True,PendantCluster,309,-449,-59.2,"Nested pendant cluster (depth 4): Capped to 309 AADT (41% of entry road 'Sunrise Trl': 755)"
1106067287386,Seaberry Rd,INTERPOLATED,1350,False,NONE,1350,0,0,"No constraint needed"
110416466840,Holland Ave,INTERPOLATED,1365,False,NONE,1365,0,0,"No constraint needed"
110416469059,Stanley Ln,INTERPOLATED,645,True,PendantCluster,439,-206,-31.9,"Nested pendant cluster (depth 2): Capped to 439 AADT (64% of entry road 'Sarra Ln': 686)"
110416447525,Angus Dr,INTERPOLATED,1294,True,PendantCluster,1057,-237,-18.3,"Nested pendant cluster (depth 4): Capped to 1;057 AADT (41% of 2 entry roads (Angus Dr; Unknown Road): 2;583)"
110416490275,Unknown Road,INTERPOLATED,8824,False,NONE,8824,0,0,"No constraint needed"
11016955195328,Unknown Road,INTERPOLATED,3271,False,NONE,3271,0,0,"No constraint needed"
110416489559,Unknown Road,INTERPOLATED,1856,False,NONE,1856,0,0,"No constraint needed"
110416465394,Jeremy Ln,INTERPOLATED,939,True,PendantCluster,637,-302,-32.2,"Nested pendant cluster (depth 2): Capped to 637 AADT (64% of entry road 'Central Rd': 996)"
1104470761305,Unknown Road,INTERPOLATED,1074,False,NONE,1074,0,0,"No constraint needed"
110416466380,Amantes Ln,INTERPOLATED,1692,True,PendantCluster,1137,-555,-32.8,"Nested pendant cluster (depth 2): Capped to 1;137 AADT (64% of entry road 'Jamar Dr': 1;778)"
1103511004275,Judd St,INTERPOLATED,1755,False,NONE,1755,0,0,"No constraint needed"
110416445581,Trl End,INTERPOLATED,1446,True,PendantCluster,313,-1133,-78.4,"Nested pendant cluster (depth 6): Capped to 313 AADT (26% of 2 entry roads (Unknown Road; Clover Dr): 1;195)"
110416477718,Washington Rd,ACTUAL_COUNT,2929,False,NONE,2929,0,0,"No constraint needed"
110416489530,Unknown Road,INTERPOLATED,1779,False,NONE,1779,0,0,"No constraint needed"
1102970398249,Cabaniss Ln,ACTUAL_COUNT,267,False,NONE,267,0,0,"No constraint needed"
1102988770813,Unknown Road,INTERPOLATED,540,True,PendantCluster,308,-232,-43,"Nested pendant cluster (depth 4): Capped to 308 AADT (41% of 2 entry roads (Unknown Road; Unknown Road): 753)"
11016955081605,Rambling Oaks Ln,INTERPOLATED,538,False,NONE,538,0,0,"No constraint needed"
1102200931374,Unknown Road,INTERPOLATED,328,True,PendantCluster,224,-104,-31.7,"Nested pendant cluster (depth 2): Capped to 224 AADT (64% of entry road 'Clark Lake Rd': 350)"
1103701328372,Unknown Road,INTERPOLATED,543,True,PendantCluster,328,-215,-39.6,"Nested pendant cluster (depth 2): Capped to 328 AADT (64% of entry road 'W Lambert Rd': 514)"
110416490458,Unknown Road,INTERPOLATED,651,True,PendantCluster,328,-323,-49.6,"Nested pendant cluster (depth 2): Capped to 328 AADT (64% of entry road 'W Lambert Rd': 514)"
1102466746228,Unknown Road,INTERPOLATED,803,True,PendantCluster,328,-475,-59.2,"Nested pendant cluster (depth 2): Capped to 328 AADT (64% of entry road 'W Lambert Rd': 514)"
11016955099155,Woody Williams Ct,INTERPOLATED,668,True,PendantCluster,32,-636,-95.2,"Nested pendant cluster (depth 8): Capped to 32 AADT (17% of entry road 'Mike Thornton Ct': 196)"
1102200932373,Unknown Road,INTERPOLATED,1366,False,NONE,1366,0,0,"No constraint needed"
110416491337,Unknown Road,INTERPOLATED,955,False,NONE,955,0,0,"No constraint needed"
11016955195333,Unknown Road,INTERPOLATED,5899,False,NONE,5899,0,0,"No constraint needed"
110416489371,Unknown Road,INTERPOLATED,8584,False,NONE,8584,0,0,"No constraint needed"
110416470802,La Costa Cir,INTERPOLATED,2024,False,NONE,2024,0,0,"No constraint needed"
110416455499,Hines Ln,INTERPOLATED,1641,False,NONE,1641,0,0,"No constraint needed"
11032812891092,Unknown Road,INTERPOLATED,2248,False,NONE,2248,0,0,"No constraint needed"
110416490296,Unknown Road,INTERPOLATED,2365,True,PendantCluster,1425,-940,-39.7,"Nested pendant cluster (depth 2): Capped to 1;425 AADT (64% of entry road 'FM 2421': 2;228)"
110416489911,Unknown Road,INTERPOLATED,2803,True,PendantCluster,51,-2752,-98.2,"Nested pendant cluster (depth 8): Capped to 51 AADT (17% of entry road 'Spanish Ter': 305)"
110416468450,Spanish Ter,INTERPOLATED,305,True,PendantCluster,59,-246,-80.7,"Nested pendant cluster (depth 8): Capped to 59 AADT (17% of 2 entry roads (Unknown Road; Spanish Ter): 356)"
110416466789,Granada Ct,INTERPOLATED,2171,True,PendantCluster,373,-1798,-82.8,"Nested pendant cluster (depth 6): Capped to 373 AADT (26% of entry road 'Spanish Trl': 1;425)"
110416478520,Shady Grove Rd,INTERPOLATED,1810,False,NONE,1810,0,0,"No constraint needed"
110416489783,Unknown Road,ACTUAL_COUNT,156,False,NONE,156,0,0,"No constraint needed"
110416489881,Unknown Road,INTERPOLATED,3914,False,NONE,3914,0,0,"No constraint needed"
1102200937423,Neal Ln,INTERPOLATED,41846,True,PendantCluster,340,-41506,-99.2,"Nested pendant cluster (depth 4): Capped to 340 AADT (41% of entry road 'Neal Ln': 832)"
110416491908,Unknown Road,INTERPOLATED,774,False,NONE,774,0,0,"No constraint needed"
110416477113,McClintock Ct,INTERPOLATED,859,True,PendantCluster,221,-638,-74.3,"Nested pendant cluster (depth 6): Capped to 221 AADT (26% of entry road 'Duke Trl': 844)"
1102970401956,Greenwood Cut Off Rd,INTERPOLATED,1663,False,NONE,1663,0,0,"No constraint needed"
1104259290976,Hardy Rd,INTERPOLATED,4,True,PendantCluster,2,-2,-50,"Nested pendant cluster (depth 26): Capped to 2 AADT (0% of 2 entry roads (Hardy Rd; Unknown Road): 942)"
110416492395,Unknown Road,INTERPOLATED,643,True,PendantCluster,66,-577,-89.7,"Nested pendant cluster (depth 6): Capped to 66 AADT (26% of entry road 'Logans Run Rd': 252)"
110416473519,Lone Star Rd,ACTUAL_COUNT,227,False,NONE,227,0,0,"No constraint needed"
110416445793,FM 2891,INTERPOLATED,1186,False,NONE,1186,0,0,"No constraint needed"
110416489376,Unknown Road,INTERPOLATED,7350,True,PendantCluster,4746,-2604,-35.4,"Nested pendant cluster (depth 2): Capped to 4;746 AADT (64% of entry road 'Lamkin Rd': 7;416)"
110416489373,Unknown Road,INTERPOLATED,8344,False,NONE,8344,0,0,"No constraint needed"
110416490314,Unknown Road,INTERPOLATED,2183,False,NONE,2183,0,0,"No constraint needed"
1103670137752,Gibson Ln,INTERPOLATED,749,False,NONE,749,0,0,"No constraint needed"
110416489858,Unknown Road,INTERPOLATED,751,True,PendantCluster,169,-582,-77.5,"Nested pendant cluster (depth 2): Capped to 169 AADT (64% of entry road 'Old Agnes Rd': 265)"
1102217860839,Unknown Road,INTERPOLATED,885,False,NONE,885,0,0,"No constraint needed"
1102970388080,Unknown Road,INTERPOLATED,903,False,NONE,903,0,0,"No constraint needed"
110416492211,Unknown Road,INTERPOLATED,788,False,NONE,788,0,0,"No constraint needed"
11016955195329,Unknown Road,INTERPOLATED,739,False,NONE,739,0,0,"No constraint needed"
110416454670,Grant Rd,INTERPOLATED,1043,False,NONE,1043,0,0,"No constraint needed"
110416466287,Warren,INTERPOLATED,1080,False,NONE,1080,0,0,"No constraint needed"
1102200929324,Unknown Road,INTERPOLATED,736,False,NONE,736,0,0,"No constraint needed"
110416471576,Alexander Dr,INTERPOLATED,1086,False,NONE,1086,0,0,"No constraint needed"
110416490795,Unknown Road,INTERPOLATED,618,False,NONE,618,0,0,"No constraint needed"
110416490746,Unknown Road,INTERPOLATED,569,False,NONE,569,0,0,"No constraint needed"
110416446790,Ross Rd,INTERPOLATED,1445,False,NONE,1445,0,0,"No constraint needed"
110416477072,Leatherman Ln,INTERPOLATED,1244,True,PendantCluster,302,-942,-75.7,"Nested pendant cluster (depth 2): Capped to 302 AADT (64% of entry road 'Holders Chapel Rd': 472)"
110416489502,Unknown Road,INTERPOLATED,1487,True,PendantCluster,322,-1165,-78.3,"Nested pendant cluster (depth 2): Capped to 322 AADT (64% of entry road 'Maddux Rd': 504)"
110416490778,Unknown Road,INTERPOLATED,880,True,PendantCluster,328,-552,-62.7,"Nested pendant cluster (depth 2): Capped to 328 AADT (64% of entry road 'W Lambert Rd': 514)"
110416489654,Unknown Road,INTERPOLATED,801,False,NONE,801,0,0,"No constraint needed"
11016955195282,Unknown Road,INTERPOLATED,2715,False,NONE,2715,0,0,"No constraint needed"
1104468610612,Endive,INTERPOLATED,1362,True,PendantCluster,599,-763,-56,"Nested pendant cluster (depth 2): Capped to 599 AADT (64% of entry road 'Old Mineral Wells Hwy': 937)"
1105598413237,Oakwood Creek Ct,INTERPOLATED,1339,True,PendantCluster,245,-1094,-81.7,"Nested pendant cluster (depth 4): Capped to 245 AADT (41% of entry road 'Oakwood Creek Ln': 599)"
110416492227,Unknown Road,INTERPOLATED,858,False,NONE,858,0,0,"No constraint needed"
1102200936523,Unknown Road,INTERPOLATED,1561,True,PendantCluster,240,-1321,-84.6,"Nested pendant cluster (depth 6): Capped to 240 AADT (26% of entry road 'Salt Creek Rd': 919)"
110416492201,Unknown Road,INTERPOLATED,1914,False,NONE,1914,0,0,"No constraint needed"
110416464118,Broken Rd,INTERPOLATED,1252,True,PendantCluster,1104,-148,-11.8,"Nested pendant cluster (depth 2): Capped to 1;104 AADT (64% of 2 entry roads (Jordan Rd; Unknown Road): 1;725)"
1102970389850,Unknown Road,INTERPOLATED,1783,False,NONE,1783,0,0,"No constraint needed"
110416492637,Unknown Road,INTERPOLATED,925,False,NONE,925,0,0,"No constraint needed"
1102638240621,Ballard Rd,INTERPOLATED,1628,False,NONE,1628,0,0,"No constraint needed"
1103695918624,621 Dr,INTERPOLATED,1057,False,NONE,1057,0,0,"No constraint needed"
110416490123,Unknown Road,INTERPOLATED,1569,True,PendantCluster,317,-1252,-79.8,"Nested pendant cluster (depth 8): Capped to 317 AADT (17% of 2 entry roads (Unknown Road; Unknown Road): 1;895)"
1102218040513,Unknown Road,INTERPOLATED,1046,False,NONE,1046,0,0,"No constraint needed"
1102200927874,Unknown Road,INTERPOLATED,1319,False,NONE,1319,0,0,"No constraint needed"
110416489615,Unknown Road,INTERPOLATED,2400,True,PendantCluster,184,-2216,-92.3,"Nested pendant cluster (depth 2): Capped to 184 AADT (64% of entry road 'Cochran Rd': 289)"
1102466760587,Blue Castle Ct,INTERPOLATED,3506,True,PendantCluster,1282,-2224,-63.4,"Nested pendant cluster (depth 4): Capped to 1;282 AADT (41% of entry road 'Blue Ridge Dr': 3;132)"
1102217860837,Unknown Road,INTERPOLATED,1042,False,NONE,1042,0,0,"No constraint needed"
110416492050,Unknown Road,INTERPOLATED,2342,True,PendantCluster,703,-1639,-70,"Nested pendant cluster (depth 4): Capped to 703 AADT (41% of entry road 'Squirrel Hollow Ln': 1;717)"
110416464164,Candle Ln,INTERPOLATED,543,False,NONE,543,0,0,"No constraint needed"
1103690436735,Sandpiper Dr,INTERPOLATED,218,True,PendantCluster,55,-163,-74.8,"Nested pendant cluster (depth 8): Capped to 55 AADT (17% of 2 entry roads (Sandpiper Dr; Wren Dr): 333)"
1105598418092,Crossfire Ct,INTERPOLATED,1381,True,PendantCluster,102,-1279,-92.6,"Nested pendant cluster (depth 6): Capped to 102 AADT (26% of entry road 'Green Acres Rd': 391)"
110416489899,Unknown Road,INTERPOLATED,1206,True,PendantCluster,425,-781,-64.8,"Nested pendant cluster (depth 2): Capped to 425 AADT (64% of entry road 'Zion Hill Loop': 665)"
1103508304637,Nikki Trill Ln,INTERPOLATED,5446,True,PendantCluster,3189,-2257,-41.4,"Nested pendant cluster (depth 2): Capped to 3;189 AADT (64% of entry road 'Ballard Rd': 4;984)"
110416492564,Unknown Road,INTERPOLATED,868,False,NONE,868,0,0,"No constraint needed"
110416449948,Brown Ln,INTERPOLATED,1731,True,PendantCluster,1643,-88,-5.1,"Nested pendant cluster (depth 2): Capped to 1;643 AADT (64% of 2 entry roads (Erwin Ln; Erwin Rd): 2;568)"
110416492472,Unknown Road,INTERPOLATED,1355,False,NONE,1355,0,0,"No constraint needed"
110416445902,Cain Ln,INTERPOLATED,334,True,PendantCluster,322,-12,-3.6,"Nested pendant cluster (depth 2): Capped to 322 AADT (64% of entry road 'Old Garner Rd': 504)"
1102200922751,Unknown Road,INTERPOLATED,600,True,PendantCluster,180,-420,-70,"Nested pendant cluster (depth 4): Capped to 180 AADT (41% of entry road 'Threatt Ln': 440)"
110416453357,Eaton Ct,INTERPOLATED,1596,True,PendantCluster,1032,-564,-35.3,"Nested pendant cluster (depth 2): Capped to 1;032 AADT (64% of entry road 'Hawkins Lilly Rd': 1;613)"
110416448259,Beech St,INTERPOLATED,1901,True,PendantCluster,10,-1891,-99.5,"Nested pendant cluster (depth 8): Capped to 10 AADT (17% of entry road 'Elm St': 63)"
110416477881,Blue Meadow Ct,INTERPOLATED,435,True,PendantCluster,138,-297,-68.3,"Nested pendant cluster (depth 10): Capped to 138 AADT (11% of 2 entry roads (Blue Meadow Ct; Blue Ridge Dr): 1;287)"
1102466555657,Unknown Road,INTERPOLATED,2349,True,PendantCluster,1330,-1019,-43.4,"Nested pendant cluster (depth 2): Capped to 1;330 AADT (64% of entry road 'Mark Layne Rd': 2;079)"
1103695918404,Crown Ranch Dr,INTERPOLATED,1112,True,PendantCluster,231,-881,-79.2,"Nested pendant cluster (depth 4): Capped to 231 AADT (41% of entry road 'Measures Rd': 566)"
1103518691916,Unknown Road,INTERPOLATED,1239,True,PendantCluster,85,-1154,-93.1,"Nested pendant cluster (depth 6): Capped to 85 AADT (26% of entry road 'Measures Rd': 326)"
1103695918154,488 Dr,INTERPOLATED,1239,True,PendantCluster,1,-1238,-99.9,"Nested pendant cluster (depth 10): Capped to 1 AADT (11% of entry road 'Unknown Road': 17)"
110416491634,Unknown Road,INTERPOLATED,1138,False,NONE,1138,0,0,"No constraint needed"
110416491607,Unknown Road,INTERPOLATED,1671,True,PendantCluster,1501,-170,-10.2,"Nested pendant cluster (depth 4): Capped to 1;501 AADT (41% of 2 entry roads (Unknown Road; Unknown Road): 3;666)"
110416479701,Rolling Hills Dr,INTERPOLATED,1234,False,NONE,1234,0,0,"No constraint needed"
110416477291,Ridgecrest,INTERPOLATED,6867,True,PendantCluster,5956,-911,-13.3,"Nested pendant cluster (depth 2): Capped to 5;956 AADT (64% of 2 entry roads (Ridgecrest; Sagewood Dr): 9;307)"
1102200935958,Pinnacle Cir,INTERPOLATED,2130,True,PendantCluster,1920,-210,-9.9,"Nested pendant cluster (depth 2): Capped to 1;920 AADT (64% of entry road 'Muir Rd': 3;001)"
1103690718528,Arapahoe Rdg,INTERPOLATED,4,True,PendantCluster,0,-4,-100,"Nested pendant cluster (depth 14): Capped to 0 AADT (4% of 2 entry roads (Arapahoe Rdg; Circleview Dr): 5)"
110416466938,Kortney Dr,INTERPOLATED,679,True,PendantCluster,24,-655,-96.5,"Nested pendant cluster (depth 8): Capped to 24 AADT (17% of entry road 'Dustin Cir': 148)"
1102988770816,Unknown Road,INTERPOLATED,1783,False,NONE,1783,0,0,"No constraint needed"
1103518692264,Sylvan Valley Dr,INTERPOLATED,1767,False,NONE,1767,0,0,"No constraint needed"
1106087640031,Sylvan Creek Dr,ACTUAL_COUNT,1325,False,NONE,1325,0,0,"No constraint needed"
1102200928213,Unknown Road,INTERPOLATED,2713,False,NONE,2713,0,0,"No constraint needed"
1102466337605,Unknown Road,INTERPOLATED,4358,True,PendantCluster,3504,-854,-19.6,"Nested pendant cluster (depth 2): Capped to 3;504 AADT (64% of 2 entry roads (Unknown Road; Unknown Road): 5;476)"
110416478145,Forest Park Dr,ACTUAL_COUNT,2766,False,NONE,2766,0,0,"No constraint needed"
1103514859337,Meadow Lark Ln,INTERPOLATED,2,True,PendantCluster,0,-2,-100,"Nested pendant cluster (depth 12): Capped to 0 AADT (7% of 2 entry roads (Meadow Lark Ln; Sycamore): 4)"
110416472161,Keeneland Hill,INTERPOLATED,647,True,PendantCluster,154,-493,-76.2,"Nested pendant cluster (depth 6): Capped to 154 AADT (26% of entry road 'Stone Creek Dr': 591)"
1103690717636,Country Brook Dr,INTERPOLATED,1,True,PendantCluster,0,-1,-100,"Nested pendant cluster (depth 14): Capped to 0 AADT (4% of 2 entry roads (Country Brook Dr; Timber Cove Ct): 6)"
110416472167,Kingswood Rd,ACTUAL_COUNT,846,False,NONE,846,0,0,"No constraint needed"
1102818011475,Unknown Road,INTERPOLATED,895525,False,NONE,895525,0,0,"No constraint needed"
110416471798,Clearview Ct,INTERPOLATED,2662,False,NONE,2662,0,0,"No constraint needed"
110416471614,Appaloosa St,INTERPOLATED,7599,False,NONE,7599,0,0,"No constraint needed"
110416489477,Unknown Road,INTERPOLATED,7330,True,PendantCluster,2591,-4739,-64.7,"Nested pendant cluster (depth 2): Capped to 2;591 AADT (64% of 2 entry roads (Farmer Rd; FM 3322): 4;049)"
110416489478,Unknown Road,INTERPOLATED,673,False,NONE,673,0,0,"No constraint needed"
110416451769,Crown Rd,ACTUAL_COUNT,3264,False,NONE,3264,0,0,"No constraint needed"
110416467086,Parkway Dr,INTERPOLATED,811,True,PendantCluster,573,-238,-29.3,"Nested pendant cluster (depth 2): Capped to 573 AADT (64% of 2 entry roads (Parkway Dr; Bluff View Dr): 896)"
110416464400,Dorris Dr,INTERPOLATED,1367,False,NONE,1367,0,0,"No constraint needed"
110416445694,Rob Ln,INTERPOLATED,1460,False,NONE,1460,0,0,"No constraint needed"
110416466429,Barnett Dr,INTERPOLATED,2970,False,NONE,2970,0,0,"No constraint needed"
110416464128,Burton Dr,INTERPOLATED,2630,False,NONE,2630,0,0,"No constraint needed"
110416478903,Center Point Rd,INTERPOLATED,2162,False,NONE,2162,0,0,"No constraint needed"
110416471559,Woodacre Ct,ACTUAL_COUNT,429,True,PendantCluster,95,-334,-77.9,"Nested pendant cluster (depth 8): Capped to 95 AADT (17% of 2 entry roads (Greenleaf Dr; Greenleaf Ct): 569)"
110416466443,Beverly Dr,INTERPOLATED,9308,False,NONE,9308,0,0,"No constraint needed"
110416492019,Unknown Road,INTERPOLATED,2245,True,PendantCluster,1052,-1193,-53.1,"Nested pendant cluster (depth 2): Capped to 1;052 AADT (64% of entry road 'Annetta Centerpoint Rd': 1;645)"
110416491617,Unknown Road,INTERPOLATED,2441,False,NONE,2441,0,0,"No constraint needed"
110416491856,Unknown Road,INTERPOLATED,3558,False,NONE,3558,0,0,"No constraint needed"
110416491507,Unknown Road,INTERPOLATED,2929,True,PendantCluster,466,-2463,-84.1,"Nested pendant cluster (depth 6): Capped to 466 AADT (26% of 2 entry roads (Unknown Road; Unknown Road): 1;780)"
1106092774163,FM 5,INTERPOLATED,1837,False,NONE,1837,0,0,"No constraint needed"
110416476096,Creek Bend Dr,INTERPOLATED,3131,True,PendantCluster,1160,-1971,-63,"Nested pendant cluster (depth 4): Capped to 1;160 AADT (41% of entry road 'Southwest Dr': 2;833)"
110416465438,Kimbro Ct,INTERPOLATED,2170,False,NONE,2170,0,0,"No constraint needed"
110416491860,Unknown Road,INTERPOLATED,4320,False,NONE,4320,0,0,"No constraint needed"
110416491366,Unknown Road,INTERPOLATED,2876,False,NONE,2876,0,0,"No constraint needed"
11033373595629,Buena Vista Ln,INTERPOLATED,2151,False,NONE,2151,0,0,"No constraint needed"
1103677582933,Oak Creek Trl,INTERPOLATED,1661,False,NONE,1661,0,0,"No constraint needed"
1102988770841,Unknown Road,INTERPOLATED,1559,True,PendantCluster,841,-718,-46.1,"Nested pendant cluster (depth 2): Capped to 841 AADT (64% of entry road 'Bear Creek Rd': 1;315)"
110416491033,Unknown Road,INTERPOLATED,1767,False,NONE,1767,0,0,"No constraint needed"
1103677411306,Rancho Vista Dr,INTERPOLATED,3981,False,NONE,3981,0,0,"No constraint needed"
110416465346,Hudson Ln,INTERPOLATED,1530,False,NONE,1530,0,0,"No constraint needed"
1103680693317,Hillside Ct,INTERPOLATED,1899,True,PendantCluster,1130,-769,-40.5,"Nested pendant cluster (depth 2): Capped to 1;130 AADT (64% of entry road 'Lakeview Dr': 1;766)"
1102970396508,Unknown Road,INTERPOLATED,4105,False,NONE,4105,0,0,"No constraint needed"
110416489658,Unknown Road,INTERPOLATED,1647,True,PendantCluster,655,-992,-60.2,"Nested pendant cluster (depth 4): Capped to 655 AADT (41% of entry road 'Unknown Road': 1;600)"
1102200923449,Unknown Road,INTERPOLATED,1619,True,PendantCluster,655,-964,-59.5,"Nested pendant cluster (depth 4): Capped to 655 AADT (41% of entry road 'Unknown Road': 1;600)"
110416491123,Unknown Road,INTERPOLATED,1546,False,NONE,1546,0,0,"No constraint needed"
1103658063078,Kara Ct,INTERPOLATED,5,True,PendantCluster,0,-5,-100,"Nested pendant cluster (depth 14): Capped to 0 AADT (4% of 2 entry roads (Kara Ct; Williams Ct): 10)"
1103701321720,Unknown Road,INTERPOLATED,6402,False,NONE,6402,0,0,"No constraint needed"
110416491085,Unknown Road,INTERPOLATED,1650,True,PendantCluster,841,-809,-49,"Nested pendant cluster (depth 2): Capped to 841 AADT (64% of entry road 'Bear Creek Rd': 1;315)"
1102200947620,Unknown Road,INTERPOLATED,2699,False,NONE,2699,0,0,"No constraint needed"
110416479578,Jenkins Rdg,INTERPOLATED,9228,True,PendantCluster,5907,-3321,-36,"Nested pendant cluster (depth 2): Capped to 5;907 AADT (64% of entry road 'Jenkins Rd': 9;230)"
1102200941707,Unknown Road,INTERPOLATED,2306,True,PendantCluster,479,-1827,-79.2,"Nested pendant cluster (depth 2): Capped to 479 AADT (64% of entry road 'Quail Ridge Rd': 749)"
110416491569,Unknown Road,INTERPOLATED,2682,True,PendantCluster,1526,-1156,-43.1,"Nested pendant cluster (depth 4): Capped to 1;526 AADT (41% of 2 entry roads (Unknown Road; Unknown Road): 3;728)"
110416471541,Windmill Rd,INTERPOLATED,1827,True,PendantCluster,1422,-405,-22.2,"Nested pendant cluster (depth 4): Capped to 1;422 AADT (41% of 2 entry roads (Windmill Rd; Timber Ct): 3;472)"
110416466963,Langley Ct,INTERPOLATED,1654,True,PendantCluster,1070,-584,-35.3,"Nested pendant cluster (depth 2): Capped to 1;070 AADT (64% of entry road 'Meadow Park Dr': 1;673)"
110416480114,Rolling Spring Dr,INTERPOLATED,1666,False,NONE,1666,0,0,"No constraint needed"
1102200930832,Regal Rdg,INTERPOLATED,1663,False,NONE,1663,0,0,"No constraint needed"
110416489781,Unknown Road,INTERPOLATED,9233,True,PendantCluster,5907,-3326,-36,"Nested pendant cluster (depth 2): Capped to 5;907 AADT (64% of entry road 'Jenkins Rd': 9;230)"
110416470612,Fox Hunt Trl,INTERPOLATED,3409,False,NONE,3409,0,0,"No constraint needed"
110416477820,Woodbridge Ct,INTERPOLATED,2250,False,NONE,2250,0,0,"No constraint needed"
110416478097,Creek Front Ct,INTERPOLATED,252,True,PendantCluster,64,-188,-74.6,"Nested pendant cluster (depth 6): Capped to 64 AADT (26% of entry road 'Skyline Dr': 246)"
110416449842,Brook St,INTERPOLATED,260,True,PendantCluster,102,-158,-60.8,"Nested pendant cluster (depth 6): Capped to 102 AADT (26% of 2 entry roads (S Mountain Rdg; Brook St): 391)"
1103671412642,Louis Trl,INTERPOLATED,1396,False,NONE,1396,0,0,"No constraint needed"
110416491948,Unknown Road,INTERPOLATED,1640,True,PendantCluster,1498,-142,-8.7,"Nested pendant cluster (depth 4): Capped to 1;498 AADT (41% of entry road 'Unknown Road': 3;659)"
110416491684,Unknown Road,INTERPOLATED,2974,True,PendantCluster,2811,-163,-5.5,"Nested pendant cluster (depth 4): Capped to 2;811 AADT (41% of 2 entry roads (Unknown Road; Unknown Road): 6;863)"
110416445157,I- 30,INTERPOLATED,988941,True,PendantCluster,928018,-60923,-6.2,"Nested pendant cluster (depth 2): Capped to 928;018 AADT (64% of 2 entry roads (I- 30; I- 20): 1;450;029)"
110416456167,James St,ACTUAL_COUNT,186,False,NONE,186,0,0,"No constraint needed"
110416446704,Pine St,ACTUAL_COUNT,186,False,NONE,186,0,0,"No constraint needed"
1103658090423,Jessica Dr,INTERPOLATED,198,True,PendantCluster,66,-132,-66.7,"Nested pendant cluster (depth 8): Capped to 66 AADT (17% of 2 entry roads (Jessica Dr; Katie Way): 396)"
110416463170,Shary St,INTERPOLATED,1367,False,NONE,1367,0,0,"No constraint needed"
110416463920,Austin St,ACTUAL_COUNT,390,False,NONE,390,0,0,"No constraint needed"
110416478025,Cedar Bluff Ct,INTERPOLATED,1738,False,NONE,1738,0,0,"No constraint needed"
1102200934651,Unknown Road,INTERPOLATED,634,True,PendantCluster,80,-554,-87.4,"Nested pendant cluster (depth 6): Capped to 80 AADT (26% of entry road 'Pate Rd': 307)"
110416449341,Brees Way,INTERPOLATED,1828,True,PendantCluster,480,-1348,-73.7,"Nested pendant cluster (depth 2): Capped to 480 AADT (64% of entry road 'Kelly Rd': 750)"
1104258459812,Unknown Road,INTERPOLATED,268,True,PendantCluster,55,-213,-79.5,"Nested pendant cluster (depth 6): Capped to 55 AADT (26% of entry road 'US Hwy 377': 211)"
110416470492,Coronado Trl,ACTUAL_COUNT,279,False,NONE,279,0,0,"No constraint needed"
110416490364,Unknown Road,INTERPOLATED,659,False,NONE,659,0,0,"No constraint needed"
1102200933463,Unknown Road,NO_DATA,0,False,NONE,0,0,0,"No constraint needed"
1104701883085,Unknown Road,INTERPOLATED,978251,False,NONE,978251,0,0,"No constraint needed"
1102200934350,Prairie Ridge Dr,INTERPOLATED,975306,True,PendantCluster,242,-975064,-100,"Nested pendant cluster (depth 8): Capped to 242 AADT (17% of 2 entry roads (Aledo Pointe Dr; Prarie Ridge Dr): 1;446)"
110416445988,Dean Dr,INTERPOLATED,2340,False,NONE,2340,0,0,"No constraint needed"
110416478189,Hidden Oaks Dr,INTERPOLATED,2423,False,NONE,2423,0,0,"No constraint needed"
1102970393606,Unknown Road,INTERPOLATED,368,False,NONE,368,0,0,"No constraint needed"
110416451453,Crest Rd,INTERPOLATED,1578,False,NONE,1578,0,0,"No constraint needed"
110416477919,Buena Vista Dr,INTERPOLATED,1145,False,NONE,1145,0,0,"No constraint needed"
1105598408456,Meadow Vista Cir,INTERPOLATED,1391,True,PendantCluster,61,-1330,-95.6,"Nested pendant cluster (depth 4): Capped to 61 AADT (41% of entry road 'Meadow Vista Cir': 149)"
1104258346130,Unknown Road,INTERPOLATED,99857,False,NONE,99857,0,0,"No constraint needed"
110416461054,Ranch Rd,INTERPOLATED,328,True,PendantCluster,37,-291,-88.7,"Nested pendant cluster (depth 6): Capped to 37 AADT (26% of entry road 'US Hwy 377': 144)"
110416447457,Allie Ct,INTERPOLATED,24,True,PendantCluster,5,-19,-79.2,"Nested pendant cluster (depth 10): Capped to 5 AADT (11% of 2 entry roads (Allie Ct; Kortney Dr): 48)"
110416475260,Bluebonnet Dr,ACTUAL_COUNT,241,False,NONE,241,0,0,"No constraint needed"
110416467196,Red Bud Dr,INTERPOLATED,644,False,NONE,644,0,0,"No constraint needed"
110416461703,Renee Dr,ACTUAL_COUNT,526,False,NONE,526,0,0,"No constraint needed"
11033198784513,Crown Pointe Blvd,INTERPOLATED,1431,False,NONE,1431,0,0,"No constraint needed"
11033198784744,J D Towles Dr,ACTUAL_COUNT,322,False,NONE,322,0,0,"No constraint needed"
1104468825607,Lakeforest Dr,ACTUAL_COUNT,4144,False,NONE,4144,0,0,"No constraint needed"
110416489645,Unknown Road,INTERPOLATED,1460,False,NONE,1460,0,0,"No constraint needed"
110416474864,White Oak Ct,INTERPOLATED,1677,True,PendantCluster,1121,-556,-33.2,"Nested pendant cluster (depth 2): Capped to 1;121 AADT (64% of entry road 'Diamond Oaks Dr': 1;752)"
1102970388023,Unknown Road,INTERPOLATED,2625,False,NONE,2625,0,0,"No constraint needed"
110416491823,Unknown Road,INTERPOLATED,2173,False,NONE,2173,0,0,"No constraint needed"
1103680691527,Addison Dr,INTERPOLATED,380,False,NONE,380,0,0,"No constraint needed"
110416446706,Pine St,INTERPOLATED,1403,False,NONE,1403,0,0,"No constraint needed"
110416477128,Meadowview Rd,INTERPOLATED,2059,True,PendantCluster,1,-2058,-100,"Nested pendant cluster (depth 34): Capped to 1 AADT (0% of entry road 'Meadowview Rd': 2;455)"
1102466498626,Unknown Road,INTERPOLATED,3323,False,NONE,3323,0,0,"No constraint needed"
1102200934251,Unknown Road,INTERPOLATED,316,True,PendantCluster,55,-261,-82.6,"Nested pendant cluster (depth 6): Capped to 55 AADT (26% of entry road 'US Hwy 377': 211)"
110416451385,Creek Crossing Dr,INTERPOLATED,3188,False,NONE,3188,0,0,"No constraint needed"
1102466624854,McClendon Walker Rd,INTERPOLATED,2858,False,NONE,2858,0,0,"No constraint needed"
1103234468833,Sawgrass Dr,INTERPOLATED,9335,False,NONE,9335,0,0,"No constraint needed"
1103234468439,Firestone Dr,INTERPOLATED,9332,False,NONE,9332,0,0,"No constraint needed"
1103234471846,Winged Foot Dr,INTERPOLATED,9330,False,NONE,9330,0,0,"No constraint needed"
1103661327282,Overland Trl,ACTUAL_COUNT,285,True,PendantCluster,149,-136,-47.7,"Nested pendant cluster (depth 6): Capped to 149 AADT (26% of 2 entry roads (Overland Trl; Spoke Trl): 570)"
1102200930944,Unknown Road,INTERPOLATED,1489,False,NONE,1489,0,0,"No constraint needed"
1102200920570,Lorrie Ln,INTERPOLATED,1396,False,NONE,1396,0,0,"No constraint needed"
1102466407757,Loma Blanca Ln,NO_DATA,0,False,NONE,0,0,0,"No constraint needed"
1102466720629,Crooked Stick Ln,INTERPOLATED,971856,True,PendantCluster,256381,-715475,-73.6,"Nested pendant cluster (depth 6): Capped to 256;381 AADT (26% of 2 entry roads (Crooked Stick Ln; Cypress Point Ct): 978;017)"
1102210210400,Champagne Dr,INTERPOLATED,1404,True,PendantCluster,600,-804,-57.3,"Nested pendant cluster (depth 4): Capped to 600 AADT (41% of entry road 'Versailles Ln': 1;466)"
110416446418,Meadow Ct,INTERPOLATED,1400,True,PendantCluster,798,-602,-43,"Nested pendant cluster (depth 2): Capped to 798 AADT (64% of entry road 'Westgate Dr': 1;248)"
1102212689182,Unknown Road,INTERPOLATED,330,False,NONE,330,0,0,"No constraint needed"
110416463786,Yates Cir,INTERPOLATED,1421,True,PendantCluster,154,-1267,-89.2,"Nested pendant cluster (depth 6): Capped to 154 AADT (26% of entry road 'Yates Cir': 591)"
1103690718118,Barnwell Ln,INTERPOLATED,1525,True,PendantCluster,624,-901,-59.1,"Nested pendant cluster (depth 4): Capped to 624 AADT (41% of entry road 'Barnwell Ln': 1;525)"
110416475990,Clearview Ln,INTERPOLATED,412,True,PendantCluster,113,-299,-72.6,"Nested pendant cluster (depth 6): Capped to 113 AADT (26% of 2 entry roads (Treetop Dr; McDaniel Rd): 433)"
110416470844,Lakeview Ct,INTERPOLATED,611,True,PendantCluster,373,-238,-39,"Nested pendant cluster (depth 6): Capped to 373 AADT (26% of 2 entry roads (Lakeview Ct; Canyon Lake Dr): 1;424)"
1102466720619,Crooked Stick Ln,INTERPOLATED,973063,True,PendantCluster,5125,-967938,-99.5,"Nested pendant cluster (depth 2): Capped to 5;125 AADT (64% of entry road 'E Bankhead Hwy': 8;008)"
110416477356,Rising Sun Rd,INTERPOLATED,5856,True,PendantCluster,5655,-201,-3.4,"Nested pendant cluster (depth 4): Capped to 5;655 AADT (41% of 2 entry roads (Rising Sun Rd; Rising Star Ct): 13;808)"
110416466237,Vernon Rd,INTERPOLATED,4477,False,NONE,4477,0,0,"No constraint needed"
110416474908,Wood Lake Rd,INTERPOLATED,1430,True,PendantCluster,1102,-328,-22.9,"Nested pendant cluster (depth 2): Capped to 1;102 AADT (64% of entry road 'FM 1187 E': 1;723)"
1103680692145,Larson Ln,INTERPOLATED,1482,False,NONE,1482,0,0,"No constraint needed"
11016953997655,Patience Dr,INTERPOLATED,35,True,PendantCluster,7,-28,-80,"Nested pendant cluster (depth 10): Capped to 7 AADT (11% of 2 entry roads (Patience Dr; Blakely Way): 70)"
11016954036964,Gentry Dr,INTERPOLATED,35,True,PendantCluster,7,-28,-80,"Nested pendant cluster (depth 10): Capped to 7 AADT (11% of 2 entry roads (Patience Dr; Gentry Dr): 70)"
11016955110546,Mountain Vista Dr,INTERPOLATED,296,True,PendantCluster,19,-277,-93.6,"Nested pendant cluster (depth 8): Capped to 19 AADT (17% of entry road 'Goforth Rd': 117)"
11016955110534,Trifecta Ln,INTERPOLATED,19,True,PendantCluster,4,-15,-78.9,"Nested pendant cluster (depth 10): Capped to 4 AADT (11% of 2 entry roads (Mountain Vista Dr; Trifecta Ln): 38)"
1104473178438,Unknown Road,INTERPOLATED,250,True,PendantCluster,19,-231,-92.4,"Nested pendant cluster (depth 12): Capped to 19 AADT (7% of 2 entry roads (Unknown Road; Unknown Road): 286)"
110416491106,Unknown Road,INTERPOLATED,3277,False,NONE,3277,0,0,"No constraint needed"
110416477150,Mill Creek Ct,INTERPOLATED,5681,True,PendantCluster,3607,-2074,-36.5,"Nested pendant cluster (depth 2): Capped to 3;607 AADT (64% of entry road 'Country Brook Dr': 5;636)"
1104472784672,Unknown Road,INTERPOLATED,752865,False,NONE,752865,0,0,"No constraint needed"
1102632843929,Plassmeyer Pl,INTERPOLATED,230,False,NONE,230,0,0,"No constraint needed"
110416477705,View Point Ct,INTERPOLATED,2742,True,PendantCluster,2177,-565,-20.6,"Nested pendant cluster (depth 2): Capped to 2;177 AADT (64% of entry road 'Kelly Rd': 3;402)"
1105598410503,Parc Oaks Ct,INTERPOLATED,2139,True,PendantCluster,362,-1777,-83.1,"Nested pendant cluster (depth 6): Capped to 362 AADT (26% of entry road 'Parc Oaks Dr': 1;383)"
1103661579682,Blue Quail Dr,INTERPOLATED,3348,False,NONE,3348,0,0,"No constraint needed"
1103677411552,Caprock Ct,INTERPOLATED,3695,True,PendantCluster,2396,-1299,-35.2,"Nested pendant cluster (depth 2): Capped to 2;396 AADT (64% of entry road 'Scenic View Dr': 3;744)"
1105598386215,Unknown Road,INTERPOLATED,1684,False,NONE,1684,0,0,"No constraint needed"
1103671413375,Stetson Dr,ACTUAL_COUNT,936,False,NONE,936,0,0,"No constraint needed"
1103671412928,Sagebrush Dr,ACTUAL_COUNT,936,False,NONE,936,0,0,"No constraint needed"
1103658053072,Tara Ln,INTERPOLATED,2855,True,PendantCluster,323,-2532,-88.7,"Nested pendant cluster (depth 6): Capped to 323 AADT (26% of entry road 'Samantha Ln': 1;233)"
11016954180379,Rosemeade Ct,INTERPOLATED,2808,False,NONE,2808,0,0,"No constraint needed"
1103701319620,Unknown Road,INTERPOLATED,2439,False,NONE,2439,0,0,"No constraint needed"
1105598385845,Unknown Road,INTERPOLATED,7413,False,NONE,7413,0,0,"No constraint needed"
1102970396509,Unknown Road,INTERPOLATED,4187,True,PendantCluster,3401,-786,-18.8,"Nested pendant cluster (depth 4): Capped to 3;401 AADT (41% of 2 entry roads (Unknown Road; Unknown Road): 8;305)"
1104761995587,Unknown Road,INTERPOLATED,688,True,PendantCluster,0,-688,-100,"Nested pendant cluster (depth 12): Capped to 0 AADT (7% of entry road 'McDaniel Rd': 4)"
1103949253717,Unknown Road,INTERPOLATED,2482,True,PendantCluster,1880,-602,-24.3,"Nested pendant cluster (depth 4): Capped to 1;880 AADT (41% of 2 entry roads (Unknown Road; Unknown Road): 4;591)"
110416489663,Unknown Road,INTERPOLATED,1627,False,NONE,1627,0,0,"No constraint needed"
110416489782,Unknown Road,INTERPOLATED,7447,True,PendantCluster,5907,-1540,-20.7,"Nested pendant cluster (depth 2): Capped to 5;907 AADT (64% of entry road 'Jenkins Rd': 9;230)"
11033198781091,Shops Blvd,INTERPOLATED,832,False,NONE,832,0,0,"No constraint needed"
1104472800019,Zachary Dr,INTERPOLATED,10705,True,PendantCluster,1103,-9602,-89.7,"Nested pendant cluster (depth 6): Capped to 1;103 AADT (26% of entry road 'Emilie Ct': 4;208)"
110416471260,Primrose Dr,INTERPOLATED,772,False,NONE,772,0,0,"No constraint needed"
110416474628,Rockridge Ct,INTERPOLATED,2094,True,PendantCluster,1248,-846,-40.4,"Nested pendant cluster (depth 2): Capped to 1;248 AADT (64% of entry road 'Circleview Dr': 1;951)"
110416474918,Woodhaven Ct,INTERPOLATED,1883,True,PendantCluster,1248,-635,-33.7,"Nested pendant cluster (depth 2): Capped to 1;248 AADT (64% of entry road 'Circleview Dr': 1;951)"
110416464196,Carter Ln,INTERPOLATED,7786,True,PendantCluster,4860,-2926,-37.6,"Nested pendant cluster (depth 2): Capped to 4;860 AADT (64% of entry road 'Old Airport Rd': 7;595)"
110416477926,Burton Hill Rd,ACTUAL_COUNT,279,True,PendantCluster,178,-101,-36.2,"Nested pendant cluster (depth 2): Capped to 178 AADT (64% of entry road 'Lakeview Ter': 279)"
110416470732,Hillview Ct,INTERPOLATED,2766,True,PendantCluster,1771,-995,-36,"Nested pendant cluster (depth 2): Capped to 1;771 AADT (64% of entry road 'Woodland Hills Ln': 2;768)"
110416489475,Unknown Road,INTERPOLATED,2016,True,PendantCluster,344,-1672,-82.9,"Nested pendant cluster (depth 4): Capped to 344 AADT (41% of entry road 'Unknown Road': 841)"
11016954012661,Brazos Ct,INTERPOLATED,1744,True,PendantCluster,701,-1043,-59.8,"Nested pendant cluster (depth 4): Capped to 701 AADT (41% of entry road 'Angelina Dr': 1;712)"
1105598420900,Parkview Dr,INTERPOLATED,2578,False,NONE,2578,0,0,"No constraint needed"
11016954150509,Parkview Dr,INTERPOLATED,2326,False,NONE,2326,0,0,"No constraint needed"
1105599183254,Camouflage Cir,INTERPOLATED,9322,True,PendantCluster,184,-9138,-98,"Nested pendant cluster (depth 8): Capped to 184 AADT (17% of entry road 'Whitetail Dr': 1;100)"
110416479247,Spring Creek Dr,INTERPOLATED,1887,True,PendantCluster,1221,-666,-35.3,"Nested pendant cluster (depth 2): Capped to 1;221 AADT (64% of entry road 'Briarwood Ln': 1;908)"
1102200928430,Terrace Bluff Ct,INTERPOLATED,2301,True,PendantCluster,1685,-616,-26.8,"Nested pendant cluster (depth 4): Capped to 1;685 AADT (41% of 2 entry roads (Terrace Bluff Ln; McDavid Terrace Dr): 4;115)"
1103680691482,Lockwood Ln,INTERPOLATED,11059,True,PendantCluster,820,-10239,-92.6,"Nested pendant cluster (depth 4): Capped to 820 AADT (41% of entry road 'Lockwood Ln': 2;002)"
110416479804,Chisholm Hills Rd,INTERPOLATED,899,True,PendantCluster,427,-472,-52.5,"Nested pendant cluster (depth 4): Capped to 427 AADT (41% of 2 entry roads (John Chisholm Rd; Unknown Road): 1;043)"
1103680691132,Walkers Pl,INTERPOLATED,503,False,NONE,503,0,0,"No constraint needed"
110416489495,Unknown Road,INTERPOLATED,1369,True,PendantCluster,1037,-332,-24.3,"Nested pendant cluster (depth 4): Capped to 1;037 AADT (41% of 2 entry roads (Unknown Road; Unknown Road): 2;534)"
110416463421,Verde Ct,INTERPOLATED,1097,False,NONE,1097,0,0,"No constraint needed"
1103662767536,Crested Butte Ct,INTERPOLATED,1212,True,PendantCluster,5,-1207,-99.6,"Nested pendant cluster (depth 10): Capped to 5 AADT (11% of entry road 'Unknown Road': 48)"
110416491546,Unknown Road,INTERPOLATED,1400,False,NONE,1400,0,0,"No constraint needed"
110416471331,Robinson Ct,INTERPOLATED,2292,False,NONE,2292,0,0,"No constraint needed"
110416479230,Shady Valley Dr,INTERPOLATED,1539,False,NONE,1539,0,0,"No constraint needed"
1103690405272,Bluff View Ct,INTERPOLATED,1497,True,PendantCluster,61,-1436,-95.9,"Nested pendant cluster (depth 8): Capped to 61 AADT (17% of entry road 'Bluff Vw': 368)"
1103680692369,Shady Valley Dr,INTERPOLATED,1603,True,PendantCluster,409,-1194,-74.5,"Nested pendant cluster (depth 6): Capped to 409 AADT (26% of entry road 'Hidden Valley Dr': 1;562)"
1103680691822,Bluff Vw,INTERPOLATED,606,True,PendantCluster,368,-238,-39.3,"Nested pendant cluster (depth 6): Capped to 368 AADT (26% of 2 entry roads (Bluff Vw; Mockingbird Ln): 1;406)"
110416491373,Unknown Road,INTERPOLATED,2722,True,PendantCluster,891,-1831,-67.3,"Nested pendant cluster (depth 4): Capped to 891 AADT (41% of entry road 'Unknown Road': 2;177)"
110416470892,Live Oak Dr,INTERPOLATED,440,False,NONE,440,0,0,"No constraint needed"
11016954001136,Star Creek Dr,INTERPOLATED,3246,True,PendantCluster,396,-2850,-87.8,"Nested pendant cluster (depth 12): Capped to 396 AADT (7% of 2 entry roads (Indigo Sky Dr; Morning Mist Trl): 5;774)"
11016954150528,Brookhollow Dr,INTERPOLATED,330,True,PendantCluster,279,-51,-15.5,"Nested pendant cluster (depth 8): Capped to 279 AADT (17% of 2 entry roads (Brookhollow Dr; Paintbrush Ct): 1;667)"
1102200935328,Unknown Road,ACTUAL_COUNT,126,True,PendantCluster,33,-93,-73.8,"Nested pendant cluster (depth 6): Capped to 33 AADT (26% of entry road 'McDaniel Rd': 126)"
110416489633,Unknown Road,INTERPOLATED,619,True,PendantCluster,3,-616,-99.5,"Nested pendant cluster (depth 10): Capped to 3 AADT (11% of entry road 'McDaniel Rd': 37)"
1106087842338,Rancho Dr,INTERPOLATED,2732,False,NONE,2732,0,0,"No constraint needed"
1102200920762,Unknown Road,INTERPOLATED,2600,True,PendantCluster,1748,-852,-32.8,"Nested pendant cluster (depth 2): Capped to 1;748 AADT (64% of entry road 'Rancho Dr': 2;732)"
110416445815,FM 3325,ACTUAL_COUNT,7551,False,NONE,7551,0,0,"No constraint needed"
110416445765,FM 2257,ACTUAL_COUNT,7,True,PendantCluster,0,-7,-100,"Nested pendant cluster (depth 14): Capped to 0 AADT (4% of 2 entry roads (FM 2257; Knob Hill Rd): 14)"
110416464525,Fossil Ct,ACTUAL_COUNT,12173,True,PendantCluster,682,-11491,-94.4,"Nested pendant cluster (depth 2): Capped to 682 AADT (64% of entry road 'Old Springtown Rd': 1;066)"
110416466747,Forrest Trl,INTERPOLATED,851,False,NONE,851,0,0,"No constraint needed"
1104472859275,State Hwy 199,ACTUAL_COUNT,306673,True,PendantCluster,207921,-98752,-32.2,"Nested pendant cluster (depth 2): Capped to 207;921 AADT (64% of 3 entry roads (State Hwy 199; Northwest Pkwy; ...): 324;878)"
110416465885,Shadow Ln,INTERPOLATED,1611,False,NONE,1611,0,0,"No constraint needed"
110416491779,Unknown Road,INTERPOLATED,1199,True,PendantCluster,312,-887,-74,"Nested pendant cluster (depth 4): Capped to 312 AADT (41% of entry road 'Unknown Road': 764)"
110416457829,Lilly Ct,INTERPOLATED,40330,True,PendantCluster,555,-39775,-98.6,"Nested pendant cluster (depth 6): Capped to 555 AADT (26% of entry road 'Amanda Ln': 2;119)"
110416445971,Cora Ct,INTERPOLATED,41834,True,PendantCluster,1503,-40331,-96.4,"Nested pendant cluster (depth 4): Capped to 1;503 AADT (41% of entry road 'Amanda Ln': 3;671)"
110416466888,Jackson Trl,INTERPOLATED,5658,True,PendantCluster,2871,-2787,-49.3,"Nested pendant cluster (depth 4): Capped to 2;871 AADT (41% of 2 entry roads (Jackson Trl; Unknown Road): 7;011)"
110416478696,Willow Wood Dr,INTERPOLATED,944,False,NONE,944,0,0,"No constraint needed"
1104258581140,State Hwy 199,INTERPOLATED,753,True,PendantCluster,597,-156,-20.7,"Nested pendant cluster (depth 6): Capped to 597 AADT (26% of 2 entry roads (State Hwy 199; Unknown Road): 2;278)"
1102200948603,Unknown Road,ACTUAL_COUNT,469,True,PendantCluster,300,-169,-36,"Nested pendant cluster (depth 2): Capped to 300 AADT (64% of entry road 'Rhoades Ln': 469)"
1103371030164,Candis Ct,INTERPOLATED,842,True,PendantCluster,76,-766,-91,"Nested pendant cluster (depth 6): Capped to 76 AADT (26% of 2 entry roads (Wade Ct; Helen Hampton Dr): 291)"
110416447925,Baley Ct,INTERPOLATED,711,True,PendantCluster,197,-514,-72.3,"Nested pendant cluster (depth 4): Capped to 197 AADT (41% of entry road 'Land of Goshen Dr': 481)"
110416467183,Prather Rd,ACTUAL_COUNT,404,False,NONE,404,0,0,"No constraint needed"
1102200938218,Arbor Trl,INTERPOLATED,1491,True,PendantCluster,452,-1039,-69.7,"Nested pendant cluster (depth 4): Capped to 452 AADT (41% of entry road 'Stella Ln': 1;105)"
1102200928097,Unknown Road,INTERPOLATED,1432,True,PendantCluster,1208,-224,-15.6,"Nested pendant cluster (depth 2): Capped to 1;208 AADT (64% of entry road 'Lavender Rd': 1;888)"
110416464201,Carter Rd,ACTUAL_COUNT,1350,False,NONE,1350,0,0,"No constraint needed"
1102200934620,Unknown Road,INTERPOLATED,463,True,PendantCluster,169,-294,-63.5,"Nested pendant cluster (depth 2): Capped to 169 AADT (64% of entry road 'Old Agnes Rd': 265)"
1102200933747,Unknown Road,INTERPOLATED,515,True,PendantCluster,138,-377,-73.2,"Nested pendant cluster (depth 2): Capped to 138 AADT (64% of entry road 'Agnes Cir': 216)"
110416465858,Sanger Dr,INTERPOLATED,12,True,PendantCluster,0,-12,-100,"Nested pendant cluster (depth 12): Capped to 0 AADT (7% of entry road 'Sanger Dr': 12)"
1102200931553,Oak Creek Cir,INTERPOLATED,859,True,PendantCluster,197,-662,-77.1,"Nested pendant cluster (depth 4): Capped to 197 AADT (41% of entry road 'Oak Creek Dr': 481)"
1102200928416,Unknown Road,INTERPOLATED,723,True,PendantCluster,50,-673,-93.1,"Nested pendant cluster (depth 6): Capped to 50 AADT (26% of entry road 'Shady Hill Ln': 192)"
110416491524,Unknown Road,INTERPOLATED,1010,True,PendantCluster,694,-316,-31.3,"Nested pendant cluster (depth 2): Capped to 694 AADT (64% of entry road 'Gilliland Rd': 1;085)"
110416490975,Unknown Road,INTERPOLATED,699,True,PendantCluster,158,-541,-77.4,"Nested pendant cluster (depth 4): Capped to 158 AADT (41% of entry road 'McVoid Rd': 387)"
110416465568,McVoid Rd,ACTUAL_COUNT,387,True,PendantCluster,223,-164,-42.4,"Nested pendant cluster (depth 4): Capped to 223 AADT (41% of 2 entry roads (Unknown Road; McVoid Rd): 545)"
110416471467,Trussell Dr,INTERPOLATED,1617,False,NONE,1617,0,0,"No constraint needed"
1104692116005,Po Jo Dr,INTERPOLATED,1002,False,NONE,1002,0,0,"No constraint needed"
110416445938,Clay Ct,INTERPOLATED,74683,True,PendantCluster,21102,-53581,-71.7,"Nested pendant cluster (depth 2): Capped to 21;102 AADT (64% of entry road 'Highland Cir': 32;972)"
110416477153,Mill Creek Dr,INTERPOLATED,1398,True,PendantCluster,52,-1346,-96.3,"Nested pendant cluster (depth 6): Capped to 52 AADT (26% of entry road 'Sabathney Rd': 201)"
110416474638,Sabathney Rd,ACTUAL_COUNT,201,True,PendantCluster,66,-135,-67.2,"Nested pendant cluster (depth 6): Capped to 66 AADT (26% of 2 entry roads (Mill Creek Dr; Sabathney Rd): 253)"
110416479516,Edward Farris Rd,INTERPOLATED,1065,False,NONE,1065,0,0,"No constraint needed"
1103700745743,Sunshine Dr,INTERPOLATED,743,True,PendantCluster,246,-497,-66.9,"Nested pendant cluster (depth 4): Capped to 246 AADT (41% of entry road 'Parkplace Village': 602)"
110416445056,A St,ACTUAL_COUNT,1024,False,NONE,1024,0,0,"No constraint needed"
1102200925618,Pleasant Oaks Ln,INTERPOLATED,1429,False,NONE,1429,0,0,"No constraint needed"
110416447023,Sage Trl,INTERPOLATED,1055,False,NONE,1055,0,0,"No constraint needed"
110416479103,Howard Newby Ln,INTERPOLATED,973,False,NONE,973,0,0,"No constraint needed"
110416465650,Morrow Rd,INTERPOLATED,567,False,NONE,567,0,0,"No constraint needed"
110416464534,Garden Ct,INTERPOLATED,559,True,PendantCluster,112,-447,-80,"Nested pendant cluster (depth 2): Capped to 112 AADT (64% of entry road 'Springfield Rd': 176)"
110416491852,Unknown Road,INTERPOLATED,1391,False,NONE,1391,0,0,"No constraint needed"
110416492616,Unknown Road,INTERPOLATED,4493,False,NONE,4493,0,0,"No constraint needed"
110416492626,Unknown Road,INTERPOLATED,4414,True,PendantCluster,1488,-2926,-66.3,"Nested pendant cluster (depth 2): Capped to 1;488 AADT (64% of entry road 'E Bradshaw Rd': 2;325)"
1103690720141,Unknown Road,INTERPOLATED,5306,True,PendantCluster,3459,-1847,-34.8,"Nested pendant cluster (depth 2): Capped to 3;459 AADT (64% of entry road 'Young Rd': 5;406)"
1102200943834,Unknown Road,INTERPOLATED,1191,True,PendantCluster,258,-933,-78.3,"Nested pendant cluster (depth 2): Capped to 258 AADT (64% of entry road 'Prather Rd': 404)"
110416465419,Kailyn Ln,INTERPOLATED,27193,True,PendantCluster,569,-26624,-97.9,"Nested pendant cluster (depth 6): Capped to 569 AADT (26% of entry road 'Canyon Valley Ln': 2;174)"
110416479436,Canyon Valley Ln,INTERPOLATED,2174,True,PendantCluster,719,-1455,-66.9,"Nested pendant cluster (depth 6): Capped to 719 AADT (26% of 2 entry roads (Kailyn Ln; Canyon Valley Ln): 2;743)"
110416477895,Bluff Ridge Rd,INTERPOLATED,3473,False,NONE,3473,0,0,"No constraint needed"
110416477857,Beaudelaire Dr,INTERPOLATED,3269,False,NONE,3269,0,0,"No constraint needed"
11016954871555,Toowoomba Ln,INTERPOLATED,2938,True,PendantCluster,466,-2472,-84.1,"Nested pendant cluster (depth 8): Capped to 466 AADT (17% of 2 entry roads (Oakley Cir; Oakley Cir): 2;781)"
110416446009,Dill Rd,INTERPOLATED,1078,False,NONE,1078,0,0,"No constraint needed"
1102200939234,Unknown Road,INTERPOLATED,571,True,PendantCluster,302,-269,-47.1,"Nested pendant cluster (depth 6): Capped to 302 AADT (26% of 2 entry roads (Unknown Road; Little Cat Track Rd): 1;153)"
1104470494500,Little Cat Track Rd,INTERPOLATED,582,True,PendantCluster,231,-351,-60.3,"Nested pendant cluster (depth 6): Capped to 231 AADT (26% of 2 entry roads (Unknown Road; Little Cat Track Rd): 884)"
110416446560,Mary Dr,INTERPOLATED,190,True,PendantCluster,13,-177,-93.2,"Nested pendant cluster (depth 12): Capped to 13 AADT (7% of 2 entry roads (Unknown Road; Mary Dr): 203)"
110416491469,Unknown Road,INTERPOLATED,1224,False,NONE,1224,0,0,"No constraint needed"
110416466546,Carlton Ln,ACTUAL_COUNT,1153,False,NONE,1153,0,0,"No constraint needed"
1102200947964,Unknown Road,INTERPOLATED,481,True,PendantCluster,17,-464,-96.5,"Nested pendant cluster (depth 8): Capped to 17 AADT (17% of entry road 'Sanger Dr': 103)"
110416492720,Unknown Road,INTERPOLATED,746,True,PendantCluster,439,-307,-41.2,"Nested pendant cluster (depth 2): Capped to 439 AADT (64% of entry road 'Sarra Ln': 686)"
110416492722,Unknown Road,INTERPOLATED,945,True,PendantCluster,258,-687,-72.7,"Nested pendant cluster (depth 2): Capped to 258 AADT (64% of entry road 'Prather Rd': 404)"
110416489576,Unknown Road,INTERPOLATED,4535,True,PendantCluster,946,-3589,-79.1,"Nested pendant cluster (depth 6): Capped to 946 AADT (26% of entry road 'Shiloh Ct': 3;610)"
110416464433,Edward St,INTERPOLATED,545,True,PendantCluster,321,-224,-41.1,"Nested pendant cluster (depth 6): Capped to 321 AADT (26% of 2 entry roads (Bonnie Ln; Edward St): 1;227)"
110416490241,Unknown Road,INTERPOLATED,1752,False,NONE,1752,0,0,"No constraint needed"
110416491245,Tusk Ct,INTERPOLATED,840,False,NONE,840,0,0,"No constraint needed"
110416445867,Beck Ln,ACTUAL_COUNT,2816,True,PendantCluster,2306,-510,-18.1,"Nested pendant cluster (depth 4): Capped to 2;306 AADT (41% of 2 entry roads (Beck Ln; Beck Ln): 5;632)"
1103430659014,Champoins Way,INTERPOLATED,879,True,PendantCluster,616,-263,-29.9,"Nested pendant cluster (depth 6): Capped to 616 AADT (26% of 2 entry roads (Champoins Way; Creekwood Ranch Rd): 2;352)"
110416465138,Hedges Dr,INTERPOLATED,739,True,PendantCluster,519,-220,-29.8,"Nested pendant cluster (depth 2): Capped to 519 AADT (64% of entry road 'Friendship Rd': 811)"
110416491399,Unknown Road,INTERPOLATED,1784,False,NONE,1784,0,0,"No constraint needed"
110416477541,Starry Sky Ct,INTERPOLATED,1416,True,PendantCluster,477,-939,-66.3,"Nested pendant cluster (depth 6): Capped to 477 AADT (26% of 2 entry roads (Valley Lake Ln; Blue Moon Ct): 1;822)"
110416489963,Unknown Road,INTERPOLATED,705,True,PendantCluster,519,-186,-26.4,"Nested pendant cluster (depth 2): Capped to 519 AADT (64% of entry road 'Old Springtown Rd': 811)"
110416470797,Kirkland Ln,INTERPOLATED,1088,True,PendantCluster,168,-920,-84.6,"Nested pendant cluster (depth 4): Capped to 168 AADT (41% of entry road 'Unknown Road': 411)"
110416463473,Wells Ln,INTERPOLATED,677,True,PendantCluster,411,-266,-39.3,"Nested pendant cluster (depth 2): Capped to 411 AADT (64% of entry road 'Green Branch Rd': 643)"
1102200930345,Unknown Road,INTERPOLATED,4055,True,PendantCluster,1014,-3041,-75,"Nested pendant cluster (depth 4): Capped to 1;014 AADT (41% of entry road 'Murr Rd': 2;478)"
1103701328298,Smokey Branch,INTERPOLATED,2099,True,PendantCluster,461,-1638,-78,"Nested pendant cluster (depth 4): Capped to 461 AADT (41% of 2 entry roads (Smokey Branch Ln; Smokey Branch): 1;126)"
1102200932728,Unknown Road,INTERPOLATED,760,True,PendantCluster,183,-577,-75.9,"Nested pendant cluster (depth 4): Capped to 183 AADT (41% of entry road 'Tim Hall Rd': 447)"
1103690719307,Forest Trail Ct,ACTUAL_COUNT,39,True,PendantCluster,8,-31,-79.5,"Nested pendant cluster (depth 8): Capped to 8 AADT (17% of 2 entry roads (Forest Trail Ct; Forest Ct): 52)"
110416490073,Unknown Road,INTERPOLATED,2351,True,PendantCluster,1704,-647,-27.5,"Nested pendant cluster (depth 2): Capped to 1;704 AADT (64% of entry road 'Flat Rock Rd': 2;664)"
110416461512,Reese Ln,ACTUAL_COUNT,4,True,PendantCluster,0,-4,-100,"Nested pendant cluster (depth 14): Capped to 0 AADT (4% of entry road 'Reese Ln': 4)"
110416479742,Spring Valley Ct,INTERPOLATED,4110,False,NONE,4110,0,0,"No constraint needed"
1106087633103,Twin Creek Dr,INTERPOLATED,7,True,PendantCluster,0,-7,-100,"Nested pendant cluster (depth 14): Capped to 0 AADT (4% of 2 entry roads (Buzz Hollow; Twin Creek Dr): 14)"
110416469979,Tiffany St,INTERPOLATED,148,True,PendantCluster,44,-104,-70.3,"Nested pendant cluster (depth 8): Capped to 44 AADT (17% of 2 entry roads (Tiffany St; Newsom Rd): 267)"
110416491258,Unknown Road,INTERPOLATED,692,True,PendantCluster,134,-558,-80.6,"Nested pendant cluster (depth 8): Capped to 134 AADT (17% of 2 entry roads (Unknown Road; Unknown Road): 800)"
110416466278,Walnut St,INTERPOLATED,884,False,NONE,884,0,0,"No constraint needed"
110416459779,Pecan St,INTERPOLATED,881,False,NONE,881,0,0,"No constraint needed"
110416464039,Bill B Rd,INTERPOLATED,4007,False,NONE,4007,0,0,"No constraint needed"
110416466427,Ballard Rd,INTERPOLATED,1371,False,NONE,1371,0,0,"No constraint needed"
110416465803,Rankin Rd,INTERPOLATED,1811,True,PendantCluster,403,-1408,-77.7,"Nested pendant cluster (depth 6): Capped to 403 AADT (26% of entry road 'Flat Rock Rd': 1;538)"
110416450867,Colby Ln,INTERPOLATED,1852,True,PendantCluster,1091,-761,-41.1,"Nested pendant cluster (depth 4): Capped to 1;091 AADT (41% of entry road 'Flat Rock Rd': 2;664)"
110416462881,Robin Ln,INTERPOLATED,7547,False,NONE,7547,0,0,"No constraint needed"
110416466394,Arledge St,INTERPOLATED,6850,False,NONE,6850,0,0,"No constraint needed"
1102200936535,Unknown Road,INTERPOLATED,2288,False,NONE,2288,0,0,"No constraint needed"
110416467208,Red Oak St,INTERPOLATED,7524,False,NONE,7524,0,0,"No constraint needed"
1102200951099,Unknown Road,INTERPOLATED,2208,True,PendantCluster,48,-2160,-97.8,"Nested pendant cluster (depth 8): Capped to 48 AADT (17% of entry road 'Reese Ln': 292)"
110416492153,Unknown Road,INTERPOLATED,1689,True,PendantCluster,116,-1573,-93.1,"Nested pendant cluster (depth 12): Capped to 116 AADT (7% of 2 entry roads (Unknown Road; Unknown Road): 1;700)"
110416465464,Lariat Ct,INTERPOLATED,1714,True,PendantCluster,0,-1714,-100,"Nested pendant cluster (depth 12): Capped to 0 AADT (7% of entry road 'Reata Dr': 3)"
1102200932125,Unknown Road,INTERPOLATED,459,True,PendantCluster,36,-423,-92.2,"Nested pendant cluster (depth 6): Capped to 36 AADT (26% of entry road 'Sanger Dr': 138)"
1103690719689,Smokey Terrace Ln,INTERPOLATED,2255,True,PendantCluster,937,-1318,-58.4,"Nested pendant cluster (depth 4): Capped to 937 AADT (41% of 2 entry roads (Smokey Branch; Smokey Branch): 2;288)"
1106088105207,Dicey Rd,ACTUAL_COUNT,1565,False,NONE,1565,0,0,"No constraint needed"
110416471860,Donaldson,INTERPOLATED,7245,True,PendantCluster,2677,-4568,-63.1,"Nested pendant cluster (depth 4): Capped to 2;677 AADT (41% of entry road 'NW Parkway St': 6;538)"
110416479383,Bluff Springs Rd,ACTUAL_COUNT,122,False,NONE,122,0,0,"No constraint needed"
1102200924059,Sparrow Dr,INTERPOLATED,9360,False,NONE,9360,0,0,"No constraint needed"
110416465774,Possum Pass,INTERPOLATED,669,True,PendantCluster,212,-457,-68.3,"Nested pendant cluster (depth 4): Capped to 212 AADT (41% of entry road 'Wildwood Trl': 519)"
110416490793,Unknown Road,ACTUAL_COUNT,296,False,NONE,296,0,0,"No constraint needed"
110416464449,Embers Ln,INTERPOLATED,322,True,PendantCluster,168,-154,-47.8,"Nested pendant cluster (depth 6): Capped to 168 AADT (26% of 2 entry roads (Embers Ln; Unknown Road): 644)"
1102200929234,Unknown Road,INTERPOLATED,5900,True,PendantCluster,322,-5578,-94.5,"Nested pendant cluster (depth 4): Capped to 322 AADT (41% of entry road 'Embers Ln': 787)"
1102200931303,Canyon Rd,INTERPOLATED,669,True,PendantCluster,641,-28,-4.2,"Nested pendant cluster (depth 4): Capped to 641 AADT (41% of 2 entry roads (Canyon Rd; Canyon Rd): 1;566)"
110416475943,Chuckwagon Trl,INTERPOLATED,10621,True,PendantCluster,6131,-4490,-42.3,"Nested pendant cluster (depth 6): Capped to 6;131 AADT (26% of 2 entry roads (Chuckwagon Trl; Unknown Road): 23;388)"
1102200920596,Unknown Road,INTERPOLATED,12888,True,PendantCluster,4350,-8538,-66.2,"Nested pendant cluster (depth 4): Capped to 4;350 AADT (41% of entry road 'Chuckwagon Trl': 10;621)"
110416491653,Unknown Road,INTERPOLATED,12737,False,NONE,12737,0,0,"No constraint needed"
110416489987,Unknown Road,INTERPOLATED,864,False,NONE,864,0,0,"No constraint needed"
110416465436,Kennel Rd,INTERPOLATED,1102,False,NONE,1102,0,0,"No constraint needed"
110416478605,Valle Ct,INTERPOLATED,2281,True,PendantCluster,257,-2024,-88.7,"Nested pendant cluster (depth 16): Capped to 257 AADT (3% of 4 entry roads (Remuda Dr N; Remuda Cir W; ...): 9;132)"
110416477029,King Ranch Ct,INTERPOLATED,2143,False,NONE,2143,0,0,"No constraint needed"
110416474900,Windhaven Ct,ACTUAL_COUNT,1325,True,PendantCluster,479,-846,-63.8,"Nested pendant cluster (depth 2): Capped to 479 AADT (64% of entry road 'White Settlement Rd': 749)"
1104472825046,Unknown Road,INTERPOLATED,672,False,NONE,672,0,0,"No constraint needed"
1102200945759,Unknown Road,INTERPOLATED,3202,False,NONE,3202,0,0,"No constraint needed"
1104468865259,Miramar Cir,INTERPOLATED,1324,True,PendantCluster,46,-1278,-96.5,"Nested pendant cluster (depth 8): Capped to 46 AADT (17% of entry road 'Miramar Cir': 279)"
1102200923906,Bandera Dr,INTERPOLATED,9357,False,NONE,9357,0,0,"No constraint needed"
1102200940712,Unknown Road,INTERPOLATED,557,False,NONE,557,0,0,"No constraint needed"
1102200949071,Montecristo Dr,INTERPOLATED,970,True,PendantCluster,534,-436,-44.9,"Nested pendant cluster (depth 4): Capped to 534 AADT (41% of entry road 'Partagas Dr': 1;305)"
110416491416,Unknown Road,ACTUAL_COUNT,1085,True,PendantCluster,694,-391,-36,"Nested pendant cluster (depth 2): Capped to 694 AADT (64% of entry road 'Gilliland Rd': 1;085)"
1102466877026,Knight Ct,INTERPOLATED,452,True,PendantCluster,185,-267,-59.1,"Nested pendant cluster (depth 2): Capped to 185 AADT (64% of entry road 'Highland Rd': 290)"
110416472133,Hyde Away Ln,INTERPOLATED,1581,False,NONE,1581,0,0,"No constraint needed"
1103430665760,Unknown Road,ACTUAL_COUNT,217,True,PendantCluster,185,-32,-14.7,"Nested pendant cluster (depth 2): Capped to 185 AADT (64% of entry road 'Highland Rd': 290)"
110416464300,Conway Ln,INTERPOLATED,1281,False,NONE,1281,0,0,"No constraint needed"
110416492266,Unknown Road,INTERPOLATED,2507,True,PendantCluster,1028,-1479,-59,"Nested pendant cluster (depth 4): Capped to 1;028 AADT (41% of entry road 'Unknown Road': 2;512)"
1102744854973,Holbrook Rd,INTERPOLATED,1715,False,NONE,1715,0,0,"No constraint needed"
1102200926182,Unknown Road,INTERPOLATED,1680,True,PendantCluster,461,-1219,-72.6,"Nested pendant cluster (depth 2): Capped to 461 AADT (64% of entry road 'Holbrook Rd': 721)"
1102200922332,Unknown Road,INTERPOLATED,473,True,PendantCluster,193,-280,-59.2,"Nested pendant cluster (depth 4): Capped to 193 AADT (41% of entry road 'Prairie Hill Ct': 473)"
110416474701,Smallwood Ct,INTERPOLATED,571,True,PendantCluster,18,-553,-96.8,"Nested pendant cluster (depth 8): Capped to 18 AADT (17% of entry road 'Eastwood Rd': 113)"
110416465954,Spikes Dr,INTERPOLATED,33330,True,PendantCluster,14974,-18356,-55.1,"Nested pendant cluster (depth 4): Capped to 14;974 AADT (41% of entry road 'Virginia Pl': 36;558)"
110416491729,Unknown Road,INTERPOLATED,24730,True,PendantCluster,14799,-9931,-40.2,"Nested pendant cluster (depth 2): Capped to 14;799 AADT (64% of 2 entry roads (Unknown Road; Unknown Road): 23;124)"
110416490930,Unknown Road,INTERPOLATED,1166,False,NONE,1166,0,0,"No constraint needed"
1105598410213,Mitch Ct,INTERPOLATED,1034,True,PendantCluster,33,-1001,-96.8,"Nested pendant cluster (depth 8): Capped to 33 AADT (17% of entry road 'Bohner Dr': 201)"
110416471520,Westwood Dr,INTERPOLATED,844,True,PendantCluster,563,-281,-33.3,"Nested pendant cluster (depth 2): Capped to 563 AADT (64% of entry road 'Lynock Ln': 880)"
1104475385102,Unknown Road,INTERPOLATED,2291,False,NONE,2291,0,0,"No constraint needed"
1103677912658,Ellis Spring Dr,INTERPOLATED,2860,False,NONE,2860,0,0,"No constraint needed"
1104475485497,Rose Trl,INTERPOLATED,1357,False,NONE,1357,0,0,"No constraint needed"
110416491840,Unknown Road,INTERPOLATED,1814,True,PendantCluster,732,-1082,-59.6,"Nested pendant cluster (depth 4): Capped to 732 AADT (41% of entry road 'Eden Rd': 1;789)"
1105598349259,Field Creek Ct,INTERPOLATED,2866,True,PendantCluster,5,-2861,-99.8,"Nested pendant cluster (depth 8): Capped to 5 AADT (17% of entry road 'Ellis Creek Ln': 34)"
1102200930385,Silver Canyon Dr,INTERPOLATED,3221,True,PendantCluster,2469,-752,-23.3,"Nested pendant cluster (depth 4): Capped to 2;469 AADT (41% of 2 entry roads (Silver Canyon Dr; Silver Valley Ln): 6;030)"
110416478298,Meadow Hill Ct,INTERPOLATED,2948,True,PendantCluster,911,-2037,-69.1,"Nested pendant cluster (depth 4): Capped to 911 AADT (41% of entry road 'Meadow Hill Rd': 2;226)"
1103677410953,Veal Station Rd,INTERPOLATED,1251,True,PendantCluster,507,-744,-59.5,"Nested pendant cluster (depth 4): Capped to 507 AADT (41% of entry road 'Unknown Road': 1;239)"
110416478944,Cross Timbers Ct,INTERPOLATED,3732,True,PendantCluster,2232,-1500,-40.2,"Nested pendant cluster (depth 2): Capped to 2;232 AADT (64% of entry road 'E Yucca Vw': 3;488)"
1103680885639,Cohiba Ct,INTERPOLATED,793,False,NONE,793,0,0,"No constraint needed"
110416479007,Foster Adams Ln,INTERPOLATED,778,True,PendantCluster,584,-194,-24.9,"Nested pendant cluster (depth 2): Capped to 584 AADT (64% of entry road 'Thomas Rd': 914)"
1102200928294,Unknown Road,INTERPOLATED,721,True,PendantCluster,10,-711,-98.6,"Nested pendant cluster (depth 8): Capped to 10 AADT (17% of entry road 'Shady Hill Ln': 63)"
110416489537,Unknown Road,INTERPOLATED,8966,True,PendantCluster,681,-8285,-92.4,"Nested pendant cluster (depth 12): Capped to 681 AADT (7% of 2 entry roads (Unknown Road; Unknown Road): 9;910)"
110416492403,Unknown Road,INTERPOLATED,4868,True,PendantCluster,617,-4251,-87.3,"Nested pendant cluster (depth 6): Capped to 617 AADT (26% of entry road 'Mill Rd': 2;355)"
110416490235,Unknown Road,INTERPOLATED,4508,True,PendantCluster,1685,-2823,-62.6,"Nested pendant cluster (depth 4): Capped to 1;685 AADT (41% of entry road 'Mill Rd': 4;116)"
1103467319100,Unknown Road,INTERPOLATED,1044,True,PendantCluster,481,-563,-53.9,"Nested pendant cluster (depth 2): Capped to 481 AADT (64% of entry road 'State Hwy 199': 753)"
110416491678,Unknown Road,INTERPOLATED,1403,True,PendantCluster,169,-1234,-88,"Nested pendant cluster (depth 6): Capped to 169 AADT (26% of entry road 'Hill Top Cir': 646)"
110416474533,Ponderosa Ln,INTERPOLATED,1195,True,PendantCluster,411,-784,-65.6,"Nested pendant cluster (depth 2): Capped to 411 AADT (64% of entry road 'Green Branch Rd': 643)"
1102200940938,Unknown Road,ACTUAL_COUNT,643,True,PendantCluster,411,-232,-36.1,"Nested pendant cluster (depth 2): Capped to 411 AADT (64% of entry road 'Green Branch Rd': 643)"
110416467192,Rebecca Ln,INTERPOLATED,2368,True,PendantCluster,1539,-829,-35,"Nested pendant cluster (depth 2): Capped to 1;539 AADT (64% of entry road 'Dillingham Ln': 2;405)"
110416478556,Stonebridge Trl,INTERPOLATED,1628,True,PendantCluster,13,-1615,-99.2,"Nested pendant cluster (depth 10): Capped to 13 AADT (11% of entry road 'Stonebridge Dr': 123)"
110416478553,Stonebridge Ln,INTERPOLATED,1163,True,PendantCluster,0,-1163,-100,"Nested pendant cluster (depth 12): Capped to 0 AADT (7% of entry road 'Stonebridge Dr': 14)"
11016954832319,Spring View Ct,INTERPOLATED,1306,True,PendantCluster,1072,-234,-17.9,"Nested pendant cluster (depth 4): Capped to 1;072 AADT (41% of 2 entry roads (Spring View Ct; Spring Meadow Ct): 2;618)"
11016954828982,Spring Meadow Ct,INTERPOLATED,1312,True,PendantCluster,439,-873,-66.5,"Nested pendant cluster (depth 4): Capped to 439 AADT (41% of entry road 'Spring View Ct': 1;072)"
11016954832318,Spring View Ct,INTERPOLATED,1279,True,PendantCluster,442,-837,-65.4,"Nested pendant cluster (depth 6): Capped to 442 AADT (26% of 2 entry roads (Spring View Ct; Spring View Ct): 1;688)"
110416490372,Unknown Road,INTERPOLATED,11444,True,PendantCluster,4253,-7191,-62.8,"Nested pendant cluster (depth 4): Capped to 4;253 AADT (41% of 2 entry roads (Unknown Road; Unknown Road): 10;385)"
110416491654,Unknown Road,INTERPOLATED,11056,True,PendantCluster,5616,-5440,-49.2,"Nested pendant cluster (depth 4): Capped to 5;616 AADT (41% of 2 entry roads (Unknown Road; Unknown Road): 13;712)"
1102200925836,Unknown Road,INTERPOLATED,1002,True,PendantCluster,864,-138,-13.8,"Nested pendant cluster (depth 2): Capped to 864 AADT (64% of entry road 'Carter Rd': 1;350)"
1105598223387,Classic Country Ct,INTERPOLATED,31709,True,PendantCluster,21102,-10607,-33.5,"Nested pendant cluster (depth 2): Capped to 21;102 AADT (64% of entry road 'Highland Cir': 32;972)"
1103678118665,Golden Oak Ct,INTERPOLATED,2616,True,PendantCluster,1748,-868,-33.2,"Nested pendant cluster (depth 2): Capped to 1;748 AADT (64% of entry road 'Rancho Dr': 2;732)"
1102200931786,Crested Oak Ct,INTERPOLATED,2727,False,NONE,2727,0,0,"No constraint needed"
1102200930356,Rusty Ln,INTERPOLATED,62800,True,PendantCluster,0,-62800,-100,"Nested pendant cluster (depth 50): Capped to 0 AADT (0% of entry road 'Unknown Road': 3;183)"
1102200930367,Unknown Road,INTERPOLATED,3183,False,NONE,3183,0,0,"No constraint needed"
1103680616894,Antler Ridge Ct,INTERPOLATED,2804,False,NONE,2804,0,0,"No constraint needed"
11013869208637,River Rock Dr,INTERPOLATED,1234,True,PendantCluster,42,-1192,-96.6,"Nested pendant cluster (depth 10): Capped to 42 AADT (11% of entry road 'S Stewart St': 393)"
1102466343558,Unknown Road,INTERPOLATED,833,True,PendantCluster,550,-283,-34,"Nested pendant cluster (depth 4): Capped to 550 AADT (41% of 2 entry roads (Unknown Road; Unknown Road): 1;343)"
110416471092,Oak Hill St,INTERPOLATED,1698,True,PendantCluster,1452,-246,-14.5,"Nested pendant cluster (depth 2): Capped to 1;452 AADT (64% of 2 entry roads (Oak Ct; Holbrook Rd): 2;269)"
110416478281,Lazy Meadow Ct,INTERPOLATED,1290,True,PendantCluster,864,-426,-33,"Nested pendant cluster (depth 2): Capped to 864 AADT (64% of entry road 'Carter Rd': 1;350)"
1103701327788,Millers Village,ACTUAL_COUNT,661,True,PendantCluster,541,-120,-18.2,"Nested pendant cluster (depth 4): Capped to 541 AADT (41% of 2 entry roads (Millers Village; Millers Village): 1;322)"
1102200929045,Coral Vw Ct,INTERPOLATED,2843,True,PendantCluster,65,-2778,-97.7,"Nested pendant cluster (depth 8): Capped to 65 AADT (17% of entry road 'Horizon Cir': 393)"
1103695937058,Unknown Road,INTERPOLATED,1236,True,PendantCluster,434,-802,-64.9,"Nested pendant cluster (depth 4): Capped to 434 AADT (41% of entry road 'Hill Top Cir': 1;062)"
110416489704,Unknown Road,INTERPOLATED,1156,True,PendantCluster,837,-319,-27.6,"Nested pendant cluster (depth 2): Capped to 837 AADT (64% of entry road 'Trailwood Dr': 1;309)"
110416445505,FM 920,ACTUAL_COUNT,11434,False,NONE,11434,0,0,"No constraint needed"
1104475062628,I- 20,ACTUAL_COUNT,322253,True,PendantCluster,206241,-116012,-36,"Nested pendant cluster (depth 2): Capped to 206;241 AADT (64% of entry road 'I- 20': 322;253)"
110416475809,Bois D Arc St,INTERPOLATED,9371,False,NONE,9371,0,0,"No constraint needed"
110416470898,Live Oak Ln,INTERPOLATED,2174,False,NONE,2174,0,0,"No constraint needed"
1102638240189,Unknown Road,ACTUAL_COUNT,4493,True,PendantCluster,2875,-1618,-36,"Nested pendant cluster (depth 2): Capped to 2;875 AADT (64% of entry road 'W Rentz St': 4;493)"
110416464346,Curtis Dr,INTERPOLATED,7836,False,NONE,7836,0,0,"No constraint needed"
110416479202,Roberts Bend,INTERPOLATED,19938,False,NONE,19938,0,0,"No constraint needed"
110416475910,Briarhaven Blvd,INTERPOLATED,27474,True,PendantCluster,11253,-16221,-59,"Nested pendant cluster (depth 4): Capped to 11;253 AADT (41% of entry road 'Briarhaven Blvd': 27;474)"
110416479090,Holland Lake Dr,ACTUAL_COUNT,60563,False,NONE,60563,0,0,"No constraint needed"
110416477711,Washington Dr,ACTUAL_COUNT,1920,False,NONE,1920,0,0,"No constraint needed"
1105576445701,Unknown Road,INTERPOLATED,267368,False,NONE,267368,0,0,"No constraint needed"
1104258512873,State Hwy 171,ACTUAL_COUNT,3,True,PendantCluster,0,-3,-100,"Nested pendant cluster (depth 16): Capped to 0 AADT (3% of 2 entry roads (Cleburne Hwy; State Hwy 171): 6)"
110416466806,Harmony,ACTUAL_COUNT,5536,False,NONE,5536,0,0,"No constraint needed"
110416466469,Brogdon Ln,INTERPOLATED,384,True,PendantCluster,217,-167,-43.5,"Nested pendant cluster (depth 4): Capped to 217 AADT (41% of 2 entry roads (Brazos Rock Rd; Goen Rd): 532)"
110416490634,Unknown Road,INTERPOLATED,3180,False,NONE,3180,0,0,"No constraint needed"
1102200929103,Sunny Oaks Ct,INTERPOLATED,2604,True,PendantCluster,432,-2172,-83.4,"Nested pendant cluster (depth 2): Capped to 432 AADT (64% of entry road 'Harmony Rd': 675)"
1103350360634,Sunburst Ct,ACTUAL_COUNT,675,True,PendantCluster,432,-243,-36,"Nested pendant cluster (depth 2): Capped to 432 AADT (64% of entry road 'Harmony Rd': 675)"
110416489851,Unknown Road,ACTUAL_COUNT,4849,True,PendantCluster,3543,-1306,-26.9,"Nested pendant cluster (depth 2): Capped to 3;543 AADT (64% of entry road 'Tin Top Rd': 5;536)"
1102200929125,Sun Valley Ln,INTERPOLATED,2494,True,PendantCluster,432,-2062,-82.7,"Nested pendant cluster (depth 2): Capped to 432 AADT (64% of entry road 'Harmony Rd': 675)"
1103350360725,Noelle Ln,INTERPOLATED,154,True,PendantCluster,88,-66,-42.9,"Nested pendant cluster (depth 4): Capped to 88 AADT (41% of 2 entry roads (Brynns Ct; Noelle Ln): 217)"
110416465494,Looney Ln,INTERPOLATED,3543,True,PendantCluster,3073,-470,-13.3,"Nested pendant cluster (depth 4): Capped to 3;073 AADT (41% of 2 entry roads (Looney Ln; Unknown Road): 7;504)"
1103701328302,Unknown Road,INTERPOLATED,4281,False,NONE,4281,0,0,"No constraint needed"
110416492710,Unknown Road,INTERPOLATED,3709,False,NONE,3709,0,0,"No constraint needed"
110416490966,Unknown Road,INTERPOLATED,3674,True,PendantCluster,83,-3591,-97.7,"Nested pendant cluster (depth 8): Capped to 83 AADT (17% of entry road 'Stoneridge Trl': 499)"
110416466323,Wilson Ln,INTERPOLATED,3810,True,PendantCluster,2199,-1611,-42.3,"Nested pendant cluster (depth 4): Capped to 2;199 AADT (41% of 2 entry roads (Unknown Road; Wilson Ln): 5;370)"
110416492601,Unknown Road,ACTUAL_COUNT,6704,True,PendantCluster,3543,-3161,-47.2,"Nested pendant cluster (depth 2): Capped to 3;543 AADT (64% of entry road 'Tin Top Rd': 5;536)"
110416477547,Stoneridge Ct,INTERPOLATED,3694,True,PendantCluster,395,-3299,-89.3,"Nested pendant cluster (depth 6): Capped to 395 AADT (26% of entry road 'Stoneridge Trl': 1;510)"
1103690716992,Kelly Brook Cir,INTERPOLATED,3588,True,PendantCluster,158,-3430,-95.6,"Nested pendant cluster (depth 8): Capped to 158 AADT (17% of entry road 'Kelly Brook Ln': 943)"
110416492410,Unknown Road,INTERPOLATED,3961,True,PendantCluster,1258,-2703,-68.2,"Nested pendant cluster (depth 4): Capped to 1;258 AADT (41% of entry road 'Looney Ln': 3;073)"
1103677411394,Pats Ct,INTERPOLATED,3669,True,PendantCluster,1484,-2185,-59.6,"Nested pendant cluster (depth 4): Capped to 1;484 AADT (41% of entry road 'Kinbrook Ln': 3;624)"
1103613683314,Brazos Valley Ln,INTERPOLATED,3965,False,NONE,3965,0,0,"No constraint needed"
110416466574,Cheyenne Trl,INTERPOLATED,4722,True,PendantCluster,3020,-1702,-36,"Nested pendant cluster (depth 2): Capped to 3;020 AADT (64% of entry road 'Chisholm Trl': 4;720)"
110416470743,Iroquois Trl,INTERPOLATED,224,False,NONE,224,0,0,"No constraint needed"
110416478622,Valley View Cir,INTERPOLATED,4880,False,NONE,4880,0,0,"No constraint needed"
110416453879,Floyd Ct,INTERPOLATED,2945,True,PendantCluster,2600,-345,-11.7,"Nested pendant cluster (depth 8): Capped to 2;600 AADT (17% of 2 entry roads (Floyd Ct; Unknown Road): 15;500)"
1102466896386,Unknown Road,INTERPOLATED,1365,False,NONE,1365,0,0,"No constraint needed"
110416489936,Unknown Road,INTERPOLATED,3936,True,PendantCluster,309,-3627,-92.1,"Nested pendant cluster (depth 4): Capped to 309 AADT (41% of entry road 'Horseshoe Bend Rd': 755)"
110416475940,Cedar Hill Dr,INTERPOLATED,5037,False,NONE,5037,0,0,"No constraint needed"
110416492314,Unknown Road,NO_DATA,0,False,NONE,0,0,0,"No constraint needed"
1103690717601,Roark Ln,INTERPOLATED,3161,False,NONE,3161,0,0,"No constraint needed"
110416490896,Unknown Road,INTERPOLATED,5999,False,NONE,5999,0,0,"No constraint needed"
1103594439248,Soapberry Dr,INTERPOLATED,61634,True,PendantCluster,479,-61155,-99.2,"Nested pendant cluster (depth 4): Capped to 479 AADT (41% of entry road 'Bay Laurel Dr': 1;170)"
1103695921392,Magnolia Dr,ACTUAL_COUNT,251,True,PendantCluster,191,-60,-23.9,"Nested pendant cluster (depth 6): Capped to 191 AADT (26% of 2 entry roads (Magnolia Dr; Lindentree Dr): 730)"
110416466475,Browder Ln,ACTUAL_COUNT,8832,False,NONE,8832,0,0,"No constraint needed"
1102466755546,Unknown Road,INTERPOLATED,2012,False,NONE,2012,0,0,"No constraint needed"
110416445823,Alma Ct,INTERPOLATED,2178,True,PendantCluster,69,-2109,-96.8,"Nested pendant cluster (depth 8): Capped to 69 AADT (17% of entry road 'Alma Dr': 417)"
110416492283,Unknown Road,INTERPOLATED,57945,False,NONE,57945,0,0,"No constraint needed"
110416489893,Unknown Road,INTERPOLATED,652,True,PendantCluster,216,-436,-66.9,"Nested pendant cluster (depth 4): Capped to 216 AADT (41% of entry road 'Unknown Road': 528)"
1106067243159,Cougar Rd,ACTUAL_COUNT,342,False,NONE,342,0,0,"No constraint needed"
110416470383,Chandler Rd,INTERPOLATED,449,True,PendantCluster,6,-443,-98.7,"Nested pendant cluster (depth 22): Capped to 6 AADT (1% of 2 entry roads (Chandler Rd; Unknown Road): 899)"
1104470395619,Unknown Road,INTERPOLATED,390,True,PendantCluster,10,-380,-97.4,"Nested pendant cluster (depth 8): Capped to 10 AADT (17% of 2 entry roads (Unknown Road; Unknown Road): 64)"
110416491998,Unknown Road,INTERPOLATED,1068,True,PendantCluster,150,-918,-86,"Nested pendant cluster (depth 6): Capped to 150 AADT (26% of entry road 'Hiner Rd': 575)"
1102200938227,Davis St,INTERPOLATED,1847,False,NONE,1847,0,0,"No constraint needed"
110416491456,Unknown Road,INTERPOLATED,1909,True,PendantCluster,827,-1082,-56.7,"Nested pendant cluster (depth 4): Capped to 827 AADT (41% of entry road 'W Ranch Ln': 2;020)"
110416467074,Oakwood Dr,INTERPOLATED,3332,False,NONE,3332,0,0,"No constraint needed"
1103626842833,Newcastle Dr,INTERPOLATED,14072,False,NONE,14072,0,0,"No constraint needed"
110416490521,Unknown Road,INTERPOLATED,163,True,PendantCluster,60,-103,-63.2,"Nested pendant cluster (depth 4): Capped to 60 AADT (41% of entry road 'FM 3028': 147)"
110416479809,Comanche Creek,INTERPOLATED,5609,True,PendantCluster,165,-5444,-97.1,"Nested pendant cluster (depth 8): Capped to 165 AADT (17% of entry road 'Mesquite Trl': 989)"
1102200945278,Coleman Ct,NO_DATA,0,False,NONE,0,0,0,"No constraint needed"
110416475925,Cactus Rio,INTERPOLATED,2326,True,PendantCluster,1746,-580,-24.9,"Nested pendant cluster (depth 4): Capped to 1;746 AADT (41% of entry road 'Silverado Dr': 4;264)"
110416445659,Oak Ln,INTERPOLATED,329,False,NONE,329,0,0,"No constraint needed"
1102988770836,Unknown Road,INTERPOLATED,15958,True,PendantCluster,9851,-6107,-38.3,"Nested pendant cluster (depth 2): Capped to 9;851 AADT (64% of entry road 'Baker Rd': 15;393)"
1104469076718,Trails End Cir,INTERPOLATED,4,True,PendantCluster,0,-4,-100,"Nested pendant cluster (depth 12): Capped to 0 AADT (7% of 2 entry roads (N Trails End Cir; Trails End Cir): 8)"
110416492590,Unknown Road,INTERPOLATED,136,False,NONE,136,0,0,"No constraint needed"
110416492724,Unknown Road,INTERPOLATED,123,True,PendantCluster,94,-29,-23.6,"Nested pendant cluster (depth 2): Capped to 94 AADT (64% of entry road 'FM 3028': 147)"
110416489506,Unknown Road,INTERPOLATED,447,False,NONE,447,0,0,"No constraint needed"
110416490538,Unknown Road,INTERPOLATED,856,True,PendantCluster,794,-62,-7.2,"Nested pendant cluster (depth 2): Capped to 794 AADT (64% of entry road 'Greenwood Rd': 1;242)"
110416489525,Unknown Road,INTERPOLATED,2799,True,PendantCluster,2475,-324,-11.6,"Nested pendant cluster (depth 2): Capped to 2;475 AADT (64% of entry road 'State Spur 312': 3;868)"
110416449952,Bryan St,INTERPOLATED,9670,False,NONE,9670,0,0,"No constraint needed"
110416491088,Unknown Road,INTERPOLATED,4153,False,NONE,4153,0,0,"No constraint needed"
1102970399253,Madison St,INTERPOLATED,1389,False,NONE,1389,0,0,"No constraint needed"
110416492244,Unknown Road,INTERPOLATED,1311,False,NONE,1311,0,0,"No constraint needed"
1103690719594,Sugar Tree Dr,INTERPOLATED,643,True,PendantCluster,592,-51,-7.9,"Nested pendant cluster (depth 2): Capped to 592 AADT (64% of 2 entry roads (Sugartree Dr; Sugartree Cir): 925)"
110416491969,Unknown Road,INTERPOLATED,272,True,PendantCluster,205,-67,-24.6,"Nested pendant cluster (depth 2): Capped to 205 AADT (64% of entry road 'Big Valley Cir': 321)"
110416491961,Unknown Road,INTERPOLATED,487,True,PendantCluster,205,-282,-57.9,"Nested pendant cluster (depth 2): Capped to 205 AADT (64% of entry road 'Big Valley Cir': 321)"
1106087900411,Buckner Rd,INTERPOLATED,6,True,PendantCluster,0,-6,-100,"Nested pendant cluster (depth 12): Capped to 0 AADT (7% of 2 entry roads (Red Bank Rd; Buckner Rd): 12)"
110416492574,Unknown Road,INTERPOLATED,395,True,PendantCluster,218,-177,-44.8,"Nested pendant cluster (depth 2): Capped to 218 AADT (64% of entry road 'Cougar Rd': 342)"
110416476013,Combs Bend,INTERPOLATED,293,False,NONE,293,0,0,"No constraint needed"
110416479974,Kickapoo Falls Rd,INTERPOLATED,304,True,PendantCluster,171,-133,-43.8,"Nested pendant cluster (depth 6): Capped to 171 AADT (26% of 2 entry roads (Kickapoo Falls Rd; Unknown Road): 655)"
110416491462,Unknown Road,INTERPOLATED,324,True,PendantCluster,0,-324,-100,"Nested pendant cluster (depth 16): Capped to 0 AADT (3% of entry road 'Horseshoe Bend Rd': 9)"
1102638238000,Unknown Road,INTERPOLATED,244,False,NONE,244,0,0,"No constraint needed"
110416491981,Unknown Road,INTERPOLATED,224,True,PendantCluster,66,-158,-70.5,"Nested pendant cluster (depth 6): Capped to 66 AADT (26% of entry road 'FM 1189': 255)"
110416489405,Unknown Road,INTERPOLATED,223,False,NONE,223,0,0,"No constraint needed"
110416465672,Navajo Trl,INTERPOLATED,228,True,PendantCluster,0,-228,-100,"Nested pendant cluster (depth 24): Capped to 0 AADT (0% of entry road 'Horseshoe Bend Rd': 2)"
1102970398869,Front St,ACTUAL_COUNT,3946,False,NONE,3946,0,0,"No constraint needed"
110416470541,Eastview Dr,ACTUAL_COUNT,1765,False,NONE,1765,0,0,"No constraint needed"
110416466595,Clinton Dr,INTERPOLATED,2873,False,NONE,2873,0,0,"No constraint needed"
110416455545,Hogle St,INTERPOLATED,1159,False,NONE,1159,0,0,"No constraint needed"
110416470788,Kickapoo Trl,INTERPOLATED,226,True,PendantCluster,0,-226,-100,"Nested pendant cluster (depth 24): Capped to 0 AADT (0% of entry road 'Horseshoe Bend Rd': 2)"
110416464314,Cortez Trl,INTERPOLATED,226,True,PendantCluster,0,-226,-100,"Nested pendant cluster (depth 24): Capped to 0 AADT (0% of entry road 'Horseshoe Bend Rd': 2)"
1103434355468,Cimarron Trl,INTERPOLATED,226,True,PendantCluster,0,-226,-100,"Nested pendant cluster (depth 24): Capped to 0 AADT (0% of entry road 'Horseshoe Bend Rd': 2)"
110416490624,Unknown Road,INTERPOLATED,297,True,PendantCluster,0,-297,-100,"Nested pendant cluster (depth 22): Capped to 0 AADT (1% of entry road 'Horseshoe Bend Rd': 2)"
110416492649,Unknown Road,INTERPOLATED,264,True,PendantCluster,19,-245,-92.8,"Nested pendant cluster (depth 6): Capped to 19 AADT (26% of entry road 'Nash Ln': 76)"
110416492542,Unknown Road,INTERPOLATED,351,True,PendantCluster,44,-307,-87.5,"Nested pendant cluster (depth 6): Capped to 44 AADT (26% of entry road 'Kickapoo Falls Rd': 171)"
1102970398497,Unknown Road,INTERPOLATED,211,True,PendantCluster,19,-192,-91,"Nested pendant cluster (depth 8): Capped to 19 AADT (17% of entry road 'Unknown Road': 115)"
1102466338527,Unknown Road,INTERPOLATED,215,True,PendantCluster,5,-210,-97.7,"Nested pendant cluster (depth 10): Capped to 5 AADT (11% of entry road 'FM 1189': 49)"
110416463859,Apache Trl,INTERPOLATED,4356,False,NONE,4356,0,0,"No constraint needed"
110416447067,Spur Rd,INTERPOLATED,3764,True,PendantCluster,2389,-1375,-36.5,"Nested pendant cluster (depth 2): Capped to 2;389 AADT (64% of entry road 'Western Lake Dr': 3;733)"
1102988770840,Unknown Road,INTERPOLATED,248,False,NONE,248,0,0,"No constraint needed"
110416479113,Lake Country Dr,INTERPOLATED,3075,False,NONE,3075,0,0,"No constraint needed"
1103661346453,Kiowa Trl,INTERPOLATED,239,True,PendantCluster,0,-239,-100,"Nested pendant cluster (depth 24): Capped to 0 AADT (0% of entry road 'Horseshoe Bend Rd': 2)"
110416466764,Gilbert Dr,INTERPOLATED,388,True,PendantCluster,38,-350,-90.2,"Nested pendant cluster (depth 8): Capped to 38 AADT (17% of entry road 'W El Camino Real': 231)"
110416478311,Meadowglenn Dr,INTERPOLATED,452,True,PendantCluster,294,-158,-35,"Nested pendant cluster (depth 4): Capped to 294 AADT (41% of entry road 'New Tin Top Rd': 718)"
110416489399,Unknown Road,INTERPOLATED,1956,False,NONE,1956,0,0,"No constraint needed"
110416492138,Unknown Road,INTERPOLATED,670,False,NONE,670,0,0,"No constraint needed"
110416492134,Unknown Road,ACTUAL_COUNT,392,False,NONE,392,0,0,"No constraint needed"
110416491785,Unknown Road,INTERPOLATED,2919,True,PendantCluster,1866,-1053,-36.1,"Nested pendant cluster (depth 2): Capped to 1;866 AADT (64% of entry road 'Harmon St': 2;917)"
1102466254724,Unknown Road,INTERPOLATED,10512,False,NONE,10512,0,0,"No constraint needed"
1104258512876,State Hwy 171,ACTUAL_COUNT,16640,False,NONE,16640,0,0,"No constraint needed"
110416476997,Industrial St,INTERPOLATED,4621,False,NONE,4621,0,0,"No constraint needed"
110416475816,Bois D Arc St,INTERPOLATED,4417,False,NONE,4417,0,0,"No constraint needed"
110416474939,Yorkshire Ct,INTERPOLATED,26784,True,PendantCluster,8849,-17935,-67,"Nested pendant cluster (depth 6): Capped to 8;849 AADT (26% of 3 entry roads (Yorkshire Dr; Guinevere Dr; ...): 33;759)"
110416466062,Teresa Ct,INTERPOLATED,3810,False,NONE,3810,0,0,"No constraint needed"
1103606070201,Maria Dr,INTERPOLATED,4571,False,NONE,4571,0,0,"No constraint needed"
110416479362,Baker Cut Off Rd,INTERPOLATED,11863,False,NONE,11863,0,0,"No constraint needed"
1102200944724,Unknown Road,INTERPOLATED,417,False,NONE,417,0,0,"No constraint needed"
110416489907,Unknown Road,INTERPOLATED,239,False,NONE,239,0,0,"No constraint needed"
1104470380388,Unknown Road,INTERPOLATED,6244,True,PendantCluster,3,-6241,-100,"Nested pendant cluster (depth 38): Capped to 3 AADT (0% of 4 entry roads (Adams Cir; Ponderosa Ln; ...): 18;153)"
1102970390409,Unknown Road,INTERPOLATED,12471,False,NONE,12471,0,0,"No constraint needed"
110416465644,Monroe Hwy,INTERPOLATED,8301,False,NONE,8301,0,0,"No constraint needed"
110416466780,Glasgow Dr,INTERPOLATED,6687,True,PendantCluster,0,-6687,-100,"Nested pendant cluster (depth 40): Capped to 0 AADT (0% of entry road 'Unknown Road': 3)"
1103630864715,Cartwright,INTERPOLATED,4448,False,NONE,4448,0,0,"No constraint needed"
110416466326,Winona St,INTERPOLATED,3780,False,NONE,3780,0,0,"No constraint needed"
1105598250192,Tyler Ct,INTERPOLATED,3470,True,PendantCluster,317,-3153,-90.9,"Nested pendant cluster (depth 6): Capped to 317 AADT (26% of entry road 'Jennifer Ct': 1;212)"
110416459471,Patti Pl,INTERPOLATED,8413,True,PendantCluster,2291,-6122,-72.8,"Nested pendant cluster (depth 4): Capped to 2;291 AADT (41% of entry road 'Terry Trl': 5;594)"
1102970398874,Unknown Road,ACTUAL_COUNT,1118,False,NONE,1118,0,0,"No constraint needed"
1103664256027,Kourtney Ct,INTERPOLATED,3452,True,PendantCluster,53,-3399,-98.5,"Nested pendant cluster (depth 8): Capped to 53 AADT (17% of entry road 'Tyler Ct': 317)"
1103690719587,Bluebonnet,INTERPOLATED,4107,False,NONE,4107,0,0,"No constraint needed"
110416467026,Michael Ln,INTERPOLATED,1778,True,PendantCluster,1336,-442,-24.9,"Nested pendant cluster (depth 2): Capped to 1;336 AADT (64% of entry road 'Greenwood Cut Off Rd': 2;089)"
110416491213,Unknown Road,INTERPOLATED,1727,False,NONE,1727,0,0,"No constraint needed"
110416491395,Unknown Road,INTERPOLATED,1898,True,PendantCluster,794,-1104,-58.2,"Nested pendant cluster (depth 2): Capped to 794 AADT (64% of entry road 'Greenwood Rd': 1;242)"
110416464192,Carter Dr,INTERPOLATED,1168,False,NONE,1168,0,0,"No constraint needed"
110416475720,Bois D Arc Ln,INTERPOLATED,8178,True,PendantCluster,4353,-3825,-46.8,"Nested pendant cluster (depth 2): Capped to 4;353 AADT (64% of entry road 'Bois D Arc St': 6;802)"
110416489511,Unknown Road,INTERPOLATED,201,True,PendantCluster,187,-14,-7,"Nested pendant cluster (depth 2): Capped to 187 AADT (64% of entry road 'Wilson Bend Rd': 293)"
110416463790,Young Rd,INTERPOLATED,141,False,NONE,141,0,0,"No constraint needed"
1102200929454,Martin Dr,INTERPOLATED,5490,False,NONE,5490,0,0,"No constraint needed"
110416471040,Montrose Ln,INTERPOLATED,7417,False,NONE,7417,0,0,"No constraint needed"
110416492401,Unknown Road,INTERPOLATED,1445,False,NONE,1445,0,0,"No constraint needed"
110416489553,Unknown Road,INTERPOLATED,6155,False,NONE,6155,0,0,"No constraint needed"
110416490903,Unknown Road,INTERPOLATED,5516,False,NONE,5516,0,0,"No constraint needed"
110416466816,Heather Ct,INTERPOLATED,20494,True,PendantCluster,2354,-18140,-88.5,"Nested pendant cluster (depth 2): Capped to 2;354 AADT (64% of entry road 'Texas Dr': 3;679)"
110416445882,Boyd Rd,INTERPOLATED,1808,False,NONE,1808,0,0,"No constraint needed"
110416464146,Cactus St,INTERPOLATED,140,True,PendantCluster,90,-50,-35.7,"Nested pendant cluster (depth 2): Capped to 90 AADT (64% of entry road 'NW Front St': 142)"
110416478380,Poe Prairie Ln,INTERPOLATED,394,False,NONE,394,0,0,"No constraint needed"
110416471530,Williams Ave,INTERPOLATED,2698,False,NONE,2698,0,0,"No constraint needed"
110416491410,Unknown Road,INTERPOLATED,839,False,NONE,839,0,0,"No constraint needed"
110416478048,Cedar Ranch Dr,INTERPOLATED,3209,False,NONE,3209,0,0,"No constraint needed"
110416474589,Remington Cir,INTERPOLATED,1760,False,NONE,1760,0,0,"No constraint needed"
110416446033,Dude Ln,INTERPOLATED,1146,True,PendantCluster,865,-281,-24.5,"Nested pendant cluster (depth 4): Capped to 865 AADT (41% of 2 entry roads (Dude Ln; River Dr): 2;113)"
110416492501,Unknown Road,INTERPOLATED,1160,True,PendantCluster,8,-1152,-99.3,"Nested pendant cluster (depth 10): Capped to 8 AADT (11% of entry road 'Lazy Bend Rd': 78)"
110416479241,Soda Springs Rd,ACTUAL_COUNT,254,True,PendantCluster,132,-122,-48,"Nested pendant cluster (depth 8): Capped to 132 AADT (17% of 2 entry roads (Soda Springs Rd; Mountain River Rd): 789)"
110416479712,Sanchez Creek Ct,INTERPOLATED,3078,False,NONE,3078,0,0,"No constraint needed"
110416445691,Rio Rd,INTERPOLATED,598,True,PendantCluster,66,-532,-89,"Nested pendant cluster (depth 6): Capped to 66 AADT (26% of entry road 'Soda Springs Rd': 254)"
1102466765268,Unknown Road,INTERPOLATED,464,True,PendantCluster,13,-451,-97.2,"Nested pendant cluster (depth 16): Capped to 13 AADT (3% of entry road 'Unknown Road': 465)"
1102466765284,Unknown Road,INTERPOLATED,464,True,PendantCluster,0,-464,-100,"Nested pendant cluster (depth 16): Capped to 0 AADT (3% of entry road 'Unknown Road': 13)"
110416490152,Unknown Road,INTERPOLATED,452,False,NONE,452,0,0,"No constraint needed"
1102466337232,Unknown Road,INTERPOLATED,471,False,NONE,471,0,0,"No constraint needed"
110416490175,Unknown Road,INTERPOLATED,457,False,NONE,457,0,0,"No constraint needed"
1102466720676,Unknown Road,INTERPOLATED,1090,True,PendantCluster,327,-763,-70,"Nested pendant cluster (depth 2): Capped to 327 AADT (64% of entry road 'Poe Prairie Rd': 512)"
110416458257,Llano Rd,INTERPOLATED,2230,True,PendantCluster,1111,-1119,-50.2,"Nested pendant cluster (depth 2): Capped to 1;111 AADT (64% of entry road 'Ellis Dr': 1;737)"
110416479762,Winding Creek Dr,INTERPOLATED,3007,True,PendantCluster,40,-2967,-98.7,"Nested pendant cluster (depth 10): Capped to 40 AADT (11% of entry road 'E Canyon Creek Ln': 373)"
110416471371,Savannah Dr,INTERPOLATED,1824,False,NONE,1824,0,0,"No constraint needed"
110416477994,Canyon West Dr,INTERPOLATED,1520,True,PendantCluster,896,-624,-41.1,"Nested pendant cluster (depth 6): Capped to 896 AADT (26% of 2 entry roads (Canyon West Dr; Pinnacle Peak Ln): 3;420)"
110416479672,Pinnacle Peak Ln,INTERPOLATED,1900,True,PendantCluster,234,-1666,-87.7,"Nested pendant cluster (depth 6): Capped to 234 AADT (26% of entry road 'Canyon West Dr': 896)"
110416477830,Young Bend Rd,INTERPOLATED,2094,False,NONE,2094,0,0,"No constraint needed"
110416474877,Wild Plum Ct,INTERPOLATED,2042,True,PendantCluster,5,-2037,-99.8,"Nested pendant cluster (depth 10): Capped to 5 AADT (11% of entry road 'Trl Ridge': 50)"
1102970398039,Cottonwood St,ACTUAL_COUNT,4493,True,PendantCluster,2875,-1618,-36,"Nested pendant cluster (depth 2): Capped to 2;875 AADT (64% of entry road 'E Rentz St': 4;493)"
110416492298,Unknown Road,INTERPOLATED,59263,False,NONE,59263,0,0,"No constraint needed"
110416479667,Patrick Creek Rd,INTERPOLATED,2578,False,NONE,2578,0,0,"No constraint needed"
110416477674,Timberwild Dr,INTERPOLATED,2503,False,NONE,2503,0,0,"No constraint needed"
110416447055,Slay Ln,INTERPOLATED,2585,False,NONE,2585,0,0,"No constraint needed"
110416490164,Unknown Road,INTERPOLATED,2309,False,NONE,2309,0,0,"No constraint needed"
110416478074,Consolation Dr,INTERPOLATED,1672,False,NONE,1672,0,0,"No constraint needed"
110416490127,Unknown Road,INTERPOLATED,1052,True,PendantCluster,575,-477,-45.3,"Nested pendant cluster (depth 4): Capped to 575 AADT (41% of entry road 'Hiner Rd': 1;406)"
110416470079,Windsor Ct,INTERPOLATED,4785,False,NONE,4785,0,0,"No constraint needed"
1102466486939,Unknown Road,ACTUAL_COUNT,130,True,PendantCluster,74,-56,-43.1,"Nested pendant cluster (depth 4): Capped to 74 AADT (41% of 2 entry roads (Unknown Road; Unknown Road): 183)"
110416479751,Thousand Oaks Cir,INTERPOLATED,7817,False,NONE,7817,0,0,"No constraint needed"
1102466314195,Unknown Road,INTERPOLATED,329,False,NONE,329,0,0,"No constraint needed"
1102200920205,Hunters Cir,INTERPOLATED,3373,False,NONE,3373,0,0,"No constraint needed"
110416467205,Red Oak Ln,ACTUAL_COUNT,1920,False,NONE,1920,0,0,"No constraint needed"
1102744823067,Unknown Road,INTERPOLATED,4918,False,NONE,4918,0,0,"No constraint needed"
11016954888186,Alander Ct,INTERPOLATED,2422,False,NONE,2422,0,0,"No constraint needed"
1102466331344,Unknown Road,INTERPOLATED,12838,True,PendantCluster,4034,-8804,-68.6,"Nested pendant cluster (depth 4): Capped to 4;034 AADT (41% of entry road 'Unknown Road': 9;851)"
110416492297,Unknown Road,NO_DATA,0,False,NONE,0,0,0,"No constraint needed"
110416492460,Unknown Road,INTERPOLATED,1409,False,NONE,1409,0,0,"No constraint needed"
1102466601280,Unknown Road,INTERPOLATED,502,True,PendantCluster,189,-313,-62.4,"Nested pendant cluster (depth 6): Capped to 189 AADT (26% of 2 entry roads (Unknown Road; Unknown Road): 722)"
110416471334,Robinson Rd,INTERPOLATED,576,False,NONE,576,0,0,"No constraint needed"
1102200939520,Unknown Road,INTERPOLATED,370,True,PendantCluster,241,-129,-34.9,"Nested pendant cluster (depth 2): Capped to 241 AADT (64% of entry road 'McCarthy Dr': 378)"
110416479045,Green Gables Ln,INTERPOLATED,1733,True,PendantCluster,794,-939,-54.2,"Nested pendant cluster (depth 2): Capped to 794 AADT (64% of entry road 'Greenwood Rd': 1;242)"
1102200949740,Unknown Road,INTERPOLATED,215,False,NONE,215,0,0,"No constraint needed"
1102200923681,Unknown Road,INTERPOLATED,2778,True,PendantCluster,1124,-1654,-59.5,"Nested pendant cluster (depth 4): Capped to 1;124 AADT (41% of entry road 'Sanchez Ct': 2;745)"
110416464465,Equine Rd,INTERPOLATED,3959,True,PendantCluster,412,-3547,-89.6,"Nested pendant cluster (depth 2): Capped to 412 AADT (64% of entry road 'Lution Dr': 645)"
110416490606,Unknown Road,INTERPOLATED,3049,True,PendantCluster,1041,-2008,-65.9,"Nested pendant cluster (depth 4): Capped to 1;041 AADT (41% of entry road 'Unknown Road': 2;542)"
110416491997,Unknown Road,INTERPOLATED,315,True,PendantCluster,0,-315,-100,"Nested pendant cluster (depth 12): Capped to 0 AADT (7% of entry road 'Cartwright Rd': 3)"
110416491547,Unknown Road,INTERPOLATED,4404,True,PendantCluster,1523,-2881,-65.4,"Nested pendant cluster (depth 2): Capped to 1;523 AADT (64% of entry road 'N Tower St': 2;380)"
110416465975,Strain Rd,INTERPOLATED,353,False,NONE,353,0,0,"No constraint needed"
110416491611,Unknown Road,INTERPOLATED,1080,True,PendantCluster,24,-1056,-97.8,"Nested pendant cluster (depth 10): Capped to 24 AADT (11% of entry road 'E Poe Prairie Rd': 224)"
110416445549,Coy Rd,INTERPOLATED,3500,False,NONE,3500,0,0,"No constraint needed"
110416492130,Unknown Road,INTERPOLATED,2058,True,PendantCluster,1111,-947,-46,"Nested pendant cluster (depth 2): Capped to 1;111 AADT (64% of entry road 'Ellis Dr': 1;737)"
1102200925849,Kari Linda Ct,INTERPOLATED,1461,True,PendantCluster,937,-524,-35.9,"Nested pendant cluster (depth 2): Capped to 937 AADT (64% of entry road 'Mason Pond Dr': 1;465)"
1103276929739,Kaitlyn Dr,ACTUAL_COUNT,70,True,PendantCluster,15,-55,-78.6,"Nested pendant cluster (depth 10): Capped to 15 AADT (11% of 2 entry roads (Kaitlyn Dr; Randall Rd): 140)"
1103369069455,Jodie Dr,ACTUAL_COUNT,2746,True,PendantCluster,70,-2676,-97.5,"Nested pendant cluster (depth 8): Capped to 70 AADT (17% of entry road 'BB Fielder Dr': 423)"
1103594559118,Alpine Dr,INTERPOLATED,3257,False,NONE,3257,0,0,"No constraint needed"
1103690717366,The Farm Rd,INTERPOLATED,3737,True,PendantCluster,2524,-1213,-32.5,"Nested pendant cluster (depth 2): Capped to 2;524 AADT (64% of 2 entry roads (Dicey Rd; Jameson St): 3;945)"
1103701328297,Water Oak Ln,INTERPOLATED,1235,True,PendantCluster,647,-588,-47.6,"Nested pendant cluster (depth 6): Capped to 647 AADT (26% of 2 entry roads (Water Oak Ln; Redbud Ln): 2;470)"
1102466331349,Unknown Road,INTERPOLATED,12436,True,PendantCluster,4034,-8402,-67.6,"Nested pendant cluster (depth 4): Capped to 4;034 AADT (41% of entry road 'Unknown Road': 9;851)"
110416491837,Unknown Road,INTERPOLATED,10109,True,PendantCluster,2217,-7892,-78.1,"Nested pendant cluster (depth 4): Capped to 2;217 AADT (41% of entry road 'Tango Rd': 5;415)"
1105598416045,Brock Ct,INTERPOLATED,2065,True,PendantCluster,548,-1517,-73.5,"Nested pendant cluster (depth 4): Capped to 548 AADT (41% of entry road 'Brock Ln': 1;339)"
110416474618,River Oak Ct,INTERPOLATED,1584,True,PendantCluster,1,-1583,-99.9,"Nested pendant cluster (depth 12): Capped to 1 AADT (7% of entry road 'Ridgeoak Ct': 28)"
110416491918,Unknown Road,INTERPOLATED,4485,True,PendantCluster,3543,-942,-21,"Nested pendant cluster (depth 2): Capped to 3;543 AADT (64% of entry road 'Tin Top Rd': 5;536)"
1104347014333,Mineral Wells Hwy,INTERPOLATED,1900,False,NONE,1900,0,0,"No constraint needed"
110416477816,Wood River Rd,INTERPOLATED,138,True,PendantCluster,135,-3,-2.2,"Nested pendant cluster (depth 2): Capped to 135 AADT (64% of entry road 'S FM 113': 212)"
1102200929145,Unknown Road,INTERPOLATED,489,True,PendantCluster,6,-483,-98.8,"Nested pendant cluster (depth 10): Capped to 6 AADT (11% of entry road 'Gilbert Pit Rd': 61)"
1105576034102,Caroline Dr,INTERPOLATED,70,True,PendantCluster,15,-55,-78.6,"Nested pendant cluster (depth 10): Capped to 15 AADT (11% of 2 entry roads (Caroline Dr; Vaughna Dr): 140)"
1102200933278,Carlisle Dr,INTERPOLATED,3721,False,NONE,3721,0,0,"No constraint needed"
1104473155918,Unknown Road,INTERPOLATED,5193,False,NONE,5193,0,0,"No constraint needed"
1103661346672,Brock Hill Ln,INTERPOLATED,12679,True,PendantCluster,840,-11839,-93.4,"Nested pendant cluster (depth 2): Capped to 840 AADT (64% of entry road 'Old Brock Rd': 1;314)"
110416450219,Cedar St,ACTUAL_COUNT,2380,True,PendantCluster,1523,-857,-36,"Nested pendant cluster (depth 2): Capped to 1;523 AADT (64% of entry road 'Jameson St': 2;380)"
11016955054804,Westmeadow Dr,INTERPOLATED,468,False,NONE,468,0,0,"No constraint needed"
1105576034069,Vaughna Dr,INTERPOLATED,70,True,PendantCluster,15,-55,-78.6,"Nested pendant cluster (depth 10): Capped to 15 AADT (11% of 2 entry roads (Vaughna Dr; Katherine Rd): 140)"
110416465446,Kristi Way,INTERPOLATED,3363,True,PendantCluster,2005,-1358,-40.4,"Nested pendant cluster (depth 2): Capped to 2;005 AADT (64% of entry road 'Scarlett Rd': 3;133)"
110416446344,Keri Ct,INTERPOLATED,3356,True,PendantCluster,2194,-1162,-34.6,"Nested pendant cluster (depth 4): Capped to 2;194 AADT (41% of 2 entry roads (Kristi Way; Angie Ln): 5;357)"
110416450741,Coats Dr,INTERPOLATED,2707,False,NONE,2707,0,0,"No constraint needed"
110416490545,Unknown Road,ACTUAL_COUNT,1242,True,PendantCluster,794,-448,-36.1,"Nested pendant cluster (depth 2): Capped to 794 AADT (64% of entry road 'Greenwood Rd': 1;242)"
110416445609,Lee Ln,INTERPOLATED,2014,False,NONE,2014,0,0,"No constraint needed"
1102970399983,Unknown Road,INTERPOLATED,4564,False,NONE,4564,0,0,"No constraint needed"
110416466510,Caleche Rd,INTERPOLATED,1281,False,NONE,1281,0,0,"No constraint needed"
110416490189,Unknown Road,INTERPOLATED,511,True,PendantCluster,220,-291,-56.9,"Nested pendant cluster (depth 4): Capped to 220 AADT (41% of entry road 'Gilbert Pit Rd': 539)"
1103590940200,Pitchford Ln,INTERPOLATED,1267,True,PendantCluster,748,-519,-41,"Nested pendant cluster (depth 2): Capped to 748 AADT (64% of entry road 'Fox Rd': 1;169)"
11016954793032,Hondo Cir,INTERPOLATED,1657,True,PendantCluster,194,-1463,-88.3,"Nested pendant cluster (depth 6): Capped to 194 AADT (26% of entry road 'El Dorado Trl': 743)"
110416490911,Unknown Road,INTERPOLATED,2839,True,PendantCluster,718,-2121,-74.7,"Nested pendant cluster (depth 6): Capped to 718 AADT (26% of entry road 'Ridgeway Blvd': 2;740)"
110416492639,Unknown Road,INTERPOLATED,383,True,PendantCluster,89,-294,-76.8,"Nested pendant cluster (depth 4): Capped to 89 AADT (41% of entry road 'York Ln': 218)"
11016954897570,Hill Crest Ct,INTERPOLATED,30522,True,PendantCluster,2074,-28448,-93.2,"Nested pendant cluster (depth 6): Capped to 2;074 AADT (26% of entry road 'Town Creek Cir': 7;913)"
1102200930563,Clark Ave,INTERPOLATED,3703,True,PendantCluster,2386,-1317,-35.6,"Nested pendant cluster (depth 2): Capped to 2;386 AADT (64% of entry road 'Sweetwater Dr': 3;729)"
1104345825313,Unknown Road,INTERPOLATED,1847,True,PendantCluster,1292,-555,-30,"Nested pendant cluster (depth 2): Capped to 1;292 AADT (64% of entry road 'Grindstone Rd': 2;019)"
11016955052312,Tall Grass Ct,INTERPOLATED,987,True,PendantCluster,62,-925,-93.7,"Nested pendant cluster (depth 6): Capped to 62 AADT (26% of entry road 'Lazy Creek Xing': 238)"
1105598385655,Jordan Rd,INTERPOLATED,1166,False,NONE,1166,0,0,"No constraint needed"
1102466886039,Powell Rd,INTERPOLATED,1760,False,NONE,1760,0,0,"No constraint needed"
1102466886051,Powell Rd,INTERPOLATED,1798,False,NONE,1798,0,0,"No constraint needed"
110416480235,Poolville Cut Off Rd,ACTUAL_COUNT,1756,False,NONE,1756,0,0,"No constraint needed"
110416469295,Sunrise Trl,INTERPOLATED,755,True,PendantCluster,309,-446,-59.1,"Nested pendant cluster (depth 4): Capped to 309 AADT (41% of entry road 'Sunrise Trl': 755)"
110416453552,Erwin Rd,ACTUAL_COUNT,749,False,NONE,749,0,0,"No constraint needed"
1103690719846,Unknown Road,INTERPOLATED,1531,False,NONE,1531,0,0,"No constraint needed"
110416491878,Unknown Road,INTERPOLATED,1430,True,PendantCluster,473,-957,-66.9,"Nested pendant cluster (depth 4): Capped to 473 AADT (41% of entry road 'Tremble Rd': 1;155)"
110416455841,Jakes Ln,INTERPOLATED,1737,True,PendantCluster,1582,-155,-8.9,"Nested pendant cluster (depth 2): Capped to 1;582 AADT (64% of 2 entry roads (Jakes Ln; Unknown Road): 2;472)"
110416489522,Unknown Road,INTERPOLATED,715,True,PendantCluster,69,-646,-90.3,"Nested pendant cluster (depth 4): Capped to 69 AADT (41% of entry road 'Toto Rd': 169)"
110416478001,Carter Hall Ln,INTERPOLATED,1027,True,PendantCluster,169,-858,-83.5,"Nested pendant cluster (depth 2): Capped to 169 AADT (64% of entry road 'Old Agnes Rd': 265)"
110416467309,Scherer Ln,INTERPOLATED,1199,False,NONE,1199,0,0,"No constraint needed"
110416492237,Unknown Road,INTERPOLATED,3074,False,NONE,3074,0,0,"No constraint needed"
110416492241,Unknown Road,INTERPOLATED,2962,False,NONE,2962,0,0,"No constraint needed"
110416465330,Hodges Rd,INTERPOLATED,1558,False,NONE,1558,0,0,"No constraint needed"
110416478657,Walker Bend Rd,INTERPOLATED,688,False,NONE,688,0,0,"No constraint needed"
110416446786,Ross Ln,ACTUAL_COUNT,828,False,NONE,828,0,0,"No constraint needed"
110416492532,Unknown Road,INTERPOLATED,514,False,NONE,514,0,0,"No constraint needed"
110416474430,Monterrey Rd,INTERPOLATED,1588,False,NONE,1588,0,0,"No constraint needed"
110416466615,College St,INTERPOLATED,1767,False,NONE,1767,0,0,"No constraint needed"
110416445614,Lee St,INTERPOLATED,1787,False,NONE,1787,0,0,"No constraint needed"
110416465623,Midway Dr,INTERPOLATED,1282,False,NONE,1282,0,0,"No constraint needed"
1104258516320,Unknown Road,ACTUAL_COUNT,2929,False,NONE,2929,0,0,"No constraint needed"
1103690717872,Holiday Hills Dr,INTERPOLATED,1611,True,PendantCluster,379,-1232,-76.5,"Nested pendant cluster (depth 8): Capped to 379 AADT (17% of 2 entry roads (Holiday Hills Dr; Holiday Hills Dr): 2;261)"
110416491383,Unknown Road,INTERPOLATED,2131,True,PendantCluster,1069,-1062,-49.8,"Nested pendant cluster (depth 4): Capped to 1;069 AADT (41% of 2 entry roads (Unknown Road; Unknown Road): 2;610)"
110416491875,Unknown Road,INTERPOLATED,768,False,NONE,768,0,0,"No constraint needed"
110416489880,Unknown Road,INTERPOLATED,2512,False,NONE,2512,0,0,"No constraint needed"
110416463414,Vance Ln,INTERPOLATED,623,False,NONE,623,0,0,"No constraint needed"
110416491292,Unknown Road,ACTUAL_COUNT,504,False,NONE,504,0,0,"No constraint needed"
1102200940277,Unknown Road,INTERPOLATED,420,False,NONE,420,0,0,"No constraint needed"
1103631929401,Unknown Road,INTERPOLATED,1491,False,NONE,1491,0,0,"No constraint needed"
110416491670,Unknown Road,INTERPOLATED,1287,True,PendantCluster,599,-688,-53.5,"Nested pendant cluster (depth 2): Capped to 599 AADT (64% of entry road 'Old Mineral Wells Hwy': 937)"
11016955195316,Unknown Road,INTERPOLATED,801,False,NONE,801,0,0,"No constraint needed"
11016955195339,Unknown Road,INTERPOLATED,4202,False,NONE,4202,0,0,"No constraint needed"
110416490265,Unknown Road,INTERPOLATED,5836,False,NONE,5836,0,0,"No constraint needed"
110416465343,Howard Rd,ACTUAL_COUNT,126,False,NONE,126,0,0,"No constraint needed"
1103511001934,Squirrel Hollow Ln,INTERPOLATED,2310,True,PendantCluster,1717,-593,-25.7,"Nested pendant cluster (depth 2): Capped to 1;717 AADT (64% of entry road 'Harwell Lake Rd': 2;684)"
110416489905,Unknown Road,INTERPOLATED,1692,True,PendantCluster,1425,-267,-15.8,"Nested pendant cluster (depth 2): Capped to 1;425 AADT (64% of entry road 'FM 2421': 2;228)"
110416491935,Unknown Road,INTERPOLATED,785,False,NONE,785,0,0,"No constraint needed"
110416489794,Unknown Road,INTERPOLATED,1204,True,PendantCluster,844,-360,-29.9,"Nested pendant cluster (depth 2): Capped to 844 AADT (64% of entry road 'Old Garner Rd': 1;319)"
110416491135,Unknown Road,INTERPOLATED,913,False,NONE,913,0,0,"No constraint needed"
110416450218,Cedar St,INTERPOLATED,126,True,PendantCluster,96,-30,-23.8,"Nested pendant cluster (depth 6): Capped to 96 AADT (26% of 2 entry roads (Cedar St; Oak Dr): 368)"
110416491877,Unknown Road,INTERPOLATED,1536,False,NONE,1536,0,0,"No constraint needed"
110416478977,Falling Star Ct,INTERPOLATED,724,True,PendantCluster,89,-635,-87.7,"Nested pendant cluster (depth 6): Capped to 89 AADT (26% of entry road 'N Star Crossing Ln': 342)"
1102200934055,Johnson Bend Rd,INTERPOLATED,35951,True,PendantCluster,592,-35359,-98.4,"Nested pendant cluster (depth 2): Capped to 592 AADT (64% of entry road 'Johnson Bend Rd': 925)"
110416446682,Paul St,INTERPOLATED,1345,False,NONE,1345,0,0,"No constraint needed"
110416490479,Unknown Road,ACTUAL_COUNT,665,False,NONE,665,0,0,"No constraint needed"
110416491850,Unknown Road,INTERPOLATED,829,True,PendantCluster,294,-535,-64.5,"Nested pendant cluster (depth 4): Capped to 294 AADT (41% of entry road 'Cartwright Park Rd': 718)"
110416491887,Unknown Road,INTERPOLATED,938,True,PendantCluster,0,-938,-100,"Nested pendant cluster (depth 26): Capped to 0 AADT (0% of entry road 'Hardy Rd': 2)"
110416490469,Unknown Road,INTERPOLATED,910,True,PendantCluster,204,-706,-77.6,"Nested pendant cluster (depth 6): Capped to 204 AADT (26% of entry road 'N Whitt Rd': 779)"
1106067279320,Main St,ACTUAL_COUNT,2,True,PendantCluster,0,-2,-100,"Nested pendant cluster (depth 14): Capped to 0 AADT (4% of 2 entry roads (Main St; FM 52): 4)"
1103018964251,Hide Away Ln,INTERPOLATED,619,True,PendantCluster,248,-371,-59.9,"Nested pendant cluster (depth 6): Capped to 248 AADT (26% of 3 entry roads (Hide Away Ln; Unknown Road; ...): 947)"
110416490455,Unknown Road,ACTUAL_COUNT,227,False,NONE,227,0,0,"No constraint needed"
110416492260,Unknown Road,INTERPOLATED,551,False,NONE,551,0,0,"No constraint needed"
110416492690,Unknown Road,INTERPOLATED,1599,False,NONE,1599,0,0,"No constraint needed"
110416464084,Bounty Rd,INTERPOLATED,3253,False,NONE,3253,0,0,"No constraint needed"
110416464086,Bounty Rd,INTERPOLATED,2070,False,NONE,2070,0,0,"No constraint needed"
110416477387,Rock Creek Rd,INTERPOLATED,11175,False,NONE,11175,0,0,"No constraint needed"
110416489390,Unknown Road,INTERPOLATED,11540,False,NONE,11540,0,0,"No constraint needed"
110416489374,Unknown Road,INTERPOLATED,8491,False,NONE,8491,0,0,"No constraint needed"
1102217860830,Unknown Road,INTERPOLATED,8436,False,NONE,8436,0,0,"No constraint needed"
11016955195330,Unknown Road,INTERPOLATED,5373,False,NONE,5373,0,0,"No constraint needed"
1104468668536,Collett Ct,INTERPOLATED,1246,True,PendantCluster,277,-969,-77.8,"Nested pendant cluster (depth 4): Capped to 277 AADT (41% of entry road 'Green Acres Rd': 678)"
110416489912,Unknown Road,INTERPOLATED,2408,True,PendantCluster,1596,-812,-33.7,"Nested pendant cluster (depth 4): Capped to 1;596 AADT (41% of 2 entry roads (Unknown Road; Unknown Road): 3;897)"
11016955195285,Unknown Road,INTERPOLATED,2539,False,NONE,2539,0,0,"No constraint needed"
1102217860826,Unknown Road,INTERPOLATED,905,False,NONE,905,0,0,"No constraint needed"
1104745390759,Unknown Road,INTERPOLATED,703,False,NONE,703,0,0,"No constraint needed"
1102638172734,Unknown Road,INTERPOLATED,905,False,NONE,905,0,0,"No constraint needed"
1104745390757,Unknown Road,INTERPOLATED,1053,False,NONE,1053,0,0,"No constraint needed"
110416465340,Howard,INTERPOLATED,1105,False,NONE,1105,0,0,"No constraint needed"
110416489709,Unknown Road,INTERPOLATED,1056,False,NONE,1056,0,0,"No constraint needed"
110416489673,Unknown Road,INTERPOLATED,1191,True,PendantCluster,744,-447,-37.5,"Nested pendant cluster (depth 2): Capped to 744 AADT (64% of entry road 'Heintzelman Rd': 1;164)"
1103661385948,Park Rd 71,INTERPOLATED,1443,False,NONE,1443,0,0,"No constraint needed"
110416457044,Keyes St,INTERPOLATED,1495,False,NONE,1495,0,0,"No constraint needed"
1102217860840,Unknown Road,INTERPOLATED,2377,False,NONE,2377,0,0,"No constraint needed"
110416492228,Unknown Road,INTERPOLATED,2614,True,PendantCluster,2070,-544,-20.8,"Nested pendant cluster (depth 2): Capped to 2;070 AADT (64% of 2 entry roads (Unknown Road; Unknown Road): 3;235)"
110416489497,Unknown Road,INTERPOLATED,1637,False,NONE,1637,0,0,"No constraint needed"
110416451606,Cross St,INTERPOLATED,1622,False,NONE,1622,0,0,"No constraint needed"
110416490718,Unknown Road,INTERPOLATED,1691,False,NONE,1691,0,0,"No constraint needed"
1102466342547,Unknown Road,INTERPOLATED,1563,False,NONE,1563,0,0,"No constraint needed"
110416491134,Unknown Road,INTERPOLATED,2246,True,PendantCluster,541,-1705,-75.9,"Nested pendant cluster (depth 4): Capped to 541 AADT (41% of 2 entry roads (Unknown Road; Unknown Road): 1;323)"
110416490759,Unknown Road,INTERPOLATED,1432,False,NONE,1432,0,0,"No constraint needed"
1103468278249,6601 Dr,INTERPOLATED,1067,True,PendantCluster,274,-793,-74.3,"Nested pendant cluster (depth 4): Capped to 274 AADT (41% of entry road 'Advance Rd': 669)"
110416478602,Turpin Lake Rd,INTERPOLATED,1069,False,NONE,1069,0,0,"No constraint needed"
110416474653,Sandpiper Dr,INTERPOLATED,8,True,PendantCluster,0,-8,-100,"Nested pendant cluster (depth 12): Capped to 0 AADT (7% of entry road 'Sandpiper Dr': 8)"
110416445226,B J Ln,INTERPOLATED,1092,True,PendantCluster,685,-407,-37.3,"Nested pendant cluster (depth 2): Capped to 685 AADT (64% of entry road 'Lone Star Rd': 1;071)"
1102466504221,Unknown Road,INTERPOLATED,1212,False,NONE,1212,0,0,"No constraint needed"
110416466746,Fondren Ln,INTERPOLATED,3189,True,PendantCluster,2927,-262,-8.2,"Nested pendant cluster (depth 4): Capped to 2;927 AADT (41% of 2 entry roads (Fondren Ln; Unknown Road): 7;147)"
1103690719901,Unknown Road,INTERPOLATED,3958,True,PendantCluster,1198,-2760,-69.7,"Nested pendant cluster (depth 4): Capped to 1;198 AADT (41% of entry road 'Fondren Ln': 2;927)"
1102200924972,Gatlin Ln,INTERPOLATED,2169,False,NONE,2169,0,0,"No constraint needed"
110416446663,Oxen Ln,INTERPOLATED,2683,True,PendantCluster,1565,-1118,-41.7,"Nested pendant cluster (depth 2): Capped to 1;565 AADT (64% of entry road 'FM 1885': 2;446)"
110416467219,Red Top Rd,INTERPOLATED,1214,False,NONE,1214,0,0,"No constraint needed"
1102200930420,Unknown Road,INTERPOLATED,1660,True,PendantCluster,704,-956,-57.6,"Nested pendant cluster (depth 4): Capped to 704 AADT (41% of entry road 'Unknown Road': 1;720)"
1102200932235,Unknown Road,INTERPOLATED,1329,False,NONE,1329,0,0,"No constraint needed"
1102466337057,Unknown Road,INTERPOLATED,1306,False,NONE,1306,0,0,"No constraint needed"
1102466342555,Unknown Road,INTERPOLATED,1578,False,NONE,1578,0,0,"No constraint needed"
1102270208363,Clark Gardens,INTERPOLATED,1468,False,NONE,1468,0,0,"No constraint needed"
110416466598,Cochran Rd,ACTUAL_COUNT,289,False,NONE,289,0,0,"No constraint needed"
1105576290613,Unknown Road,INTERPOLATED,1638,True,PendantCluster,1032,-606,-37,"Nested pendant cluster (depth 2): Capped to 1;032 AADT (64% of entry road 'Hawkins Lilly Rd': 1;613)"
110416470500,Daffodil Ct,INTERPOLATED,1330,True,PendantCluster,599,-731,-55,"Nested pendant cluster (depth 2): Capped to 599 AADT (64% of entry road 'Old Mineral Wells Hwy': 937)"
1102218040508,Unknown Road,INTERPOLATED,1048,False,NONE,1048,0,0,"No constraint needed"
110416492390,Unknown Road,INTERPOLATED,540,False,NONE,540,0,0,"No constraint needed"
110416480099,Mineral Springs Ct,INTERPOLATED,1557,True,PendantCluster,162,-1395,-89.6,"Nested pendant cluster (depth 6): Capped to 162 AADT (26% of entry road 'Unknown Road': 618)"
110416450296,Chris Ct,INTERPOLATED,1867,True,PendantCluster,599,-1268,-67.9,"Nested pendant cluster (depth 6): Capped to 599 AADT (26% of 2 entry roads (Ethan Ct; Bartallen Ln): 2;286)"
110416474199,McFarland Ln,INTERPOLATED,1601,True,PendantCluster,425,-1176,-73.5,"Nested pendant cluster (depth 2): Capped to 425 AADT (64% of entry road 'Zion Hill Loop': 665)"
1102970391768,Unknown Road,INTERPOLATED,1239,True,PendantCluster,951,-288,-23.2,"Nested pendant cluster (depth 4): Capped to 951 AADT (41% of 2 entry roads (Unknown Road; Unknown Road): 2;323)"
110416489364,Unknown Road,INTERPOLATED,5743,False,NONE,5743,0,0,"No constraint needed"
110416491685,Unknown Road,INTERPOLATED,1783,False,NONE,1783,0,0,"No constraint needed"
110416466649,Crystal Ln,INTERPOLATED,1209,False,NONE,1209,0,0,"No constraint needed"
1102200929858,Unknown Road,INTERPOLATED,678,True,PendantCluster,428,-250,-36.9,"Nested pendant cluster (depth 2): Capped to 428 AADT (64% of entry road 'Advance Rd': 669)"
110416461261,Raper Ln,INTERPOLATED,1426,False,NONE,1426,0,0,"No constraint needed"
1103677582646,Starr Dr,INTERPOLATED,2162,False,NONE,2162,0,0,"No constraint needed"
1104475062345,US Hwy 377,INTERPOLATED,211,True,PendantCluster,135,-76,-36,"Nested pendant cluster (depth 6): Capped to 135 AADT (26% of 2 entry roads (US Hwy 377; Headrick Dr): 518)"
1103690719018,Woodcrest St,INTERPOLATED,1508,True,PendantCluster,183,-1325,-87.9,"Nested pendant cluster (depth 6): Capped to 183 AADT (26% of entry road 'Meadowview Rd': 701)"
110416491628,Unknown Road,INTERPOLATED,1509,True,PendantCluster,30,-1479,-98,"Nested pendant cluster (depth 8): Capped to 30 AADT (17% of entry road 'Woodcrest St': 183)"
110416491608,Unknown Road,INTERPOLATED,1996,False,NONE,1996,0,0,"No constraint needed"
1102970398984,Oak Crest Dr,INTERPOLATED,1210,False,NONE,1210,0,0,"No constraint needed"
1103690381368,Red Eagle Trl,INTERPOLATED,3223,False,NONE,3223,0,0,"No constraint needed"
110416470728,Hillside Dr,INTERPOLATED,1290,False,NONE,1290,0,0,"No constraint needed"
110416474633,Royal Oak Dr,INTERPOLATED,1843,False,NONE,1843,0,0,"No constraint needed"
110416466202,Valley,INTERPOLATED,5798,True,PendantCluster,4814,-984,-17,"Nested pendant cluster (depth 4): Capped to 4;814 AADT (41% of 2 entry roads (Ridgecrest; Valley): 11;754)"
1106067242308,Mikus Rd,ACTUAL_COUNT,2766,False,NONE,2766,0,0,"No constraint needed"
110416446623,Muir Rd,ACTUAL_COUNT,3001,False,NONE,3001,0,0,"No constraint needed"
1106067286524,Spillway Dr,ACTUAL_COUNT,2440,False,NONE,2440,0,0,"No constraint needed"
110416471915,Evergreen Trl,INTERPOLATED,3067,False,NONE,3067,0,0,"No constraint needed"
110416490738,Unknown Road,INTERPOLATED,2992,False,NONE,2992,0,0,"No constraint needed"
1105576344457,Unknown Road,INTERPOLATED,222901,False,NONE,222901,0,0,"No constraint needed"
110416492084,Unknown Road,INTERPOLATED,7958,False,NONE,7958,0,0,"No constraint needed"
110416479272,Steeplechase Ln,INTERPOLATED,154,True,PendantCluster,51,-103,-66.9,"Nested pendant cluster (depth 8): Capped to 51 AADT (17% of 2 entry roads (Keeneland Hill; Steeplechase Ln): 308)"
110416448017,Banks Dr,INTERPOLATED,2686,False,NONE,2686,0,0,"No constraint needed"
1102970388965,Thistle Hill Trl,ACTUAL_COUNT,2766,False,NONE,2766,0,0,"No constraint needed"
110416479575,I- 20 Svc Rd,ACTUAL_COUNT,1012318,False,NONE,1012318,0,0,"No constraint needed"
110416466383,Annetta Rd,ACTUAL_COUNT,846,False,NONE,846,0,0,"No constraint needed"
1102466343483,Sam Bass Rd,INTERPOLATED,998,False,NONE,998,0,0,"No constraint needed"
110416471773,Chaparral Ct,INTERPOLATED,2329,False,NONE,2329,0,0,"No constraint needed"
110416465461,Lariat Ct,INTERPOLATED,2332,True,PendantCluster,675,-1657,-71.1,"Nested pendant cluster (depth 2): Capped to 675 AADT (64% of entry road 'Ranch House Rd': 1;055)"
110416489423,Unknown Road,INTERPOLATED,7537,False,NONE,7537,0,0,"No constraint needed"
110416479149,Mesa Spring Rd,INTERPOLATED,7374,False,NONE,7374,0,0,"No constraint needed"
110416489479,Unknown Road,INTERPOLATED,673,False,NONE,673,0,0,"No constraint needed"
110416465816,Regent Row,INTERPOLATED,800,False,NONE,800,0,0,"No constraint needed"
110416471103,Oak Park Dr,INTERPOLATED,1353,True,PendantCluster,1020,-333,-24.6,"Nested pendant cluster (depth 2): Capped to 1;020 AADT (64% of 2 entry roads (Bluebonnet Dr; Oak Park Dr): 1;594)"
110416478953,Diamond Oaks Dr,INTERPOLATED,1752,False,NONE,1752,0,0,"No constraint needed"
1106087440791,Annetta Centerpoint Rd,ACTUAL_COUNT,1645,False,NONE,1645,0,0,"No constraint needed"
110416491588,Unknown Road,INTERPOLATED,3029,False,NONE,3029,0,0,"No constraint needed"
110416491556,Unknown Road,INTERPOLATED,605,False,NONE,605,0,0,"No constraint needed"
1103564265548,Trey St,INTERPOLATED,2107,True,PendantCluster,430,-1677,-79.6,"Nested pendant cluster (depth 4): Capped to 430 AADT (41% of entry road 'Atlee Dr': 1;052)"
110416491621,Unknown Road,INTERPOLATED,2833,False,NONE,2833,0,0,"No constraint needed"
110416474927,Woodridge Dr,ACTUAL_COUNT,79,True,PendantCluster,52,-27,-34.2,"Nested pendant cluster (depth 12): Capped to 52 AADT (7% of 2 entry roads (Woodridge Dr; Woodbridge Ct): 764)"
110416472031,Greenleaf Dr,ACTUAL_COUNT,140,True,PendantCluster,111,-29,-20.7,"Nested pendant cluster (depth 8): Capped to 111 AADT (17% of 3 entry roads (Woodacre Ct; Greenleaf Dr; ...): 664)"
110416478394,Quail Bluff Ln,INTERPOLATED,479,True,PendantCluster,276,-203,-42.4,"Nested pendant cluster (depth 4): Capped to 276 AADT (41% of 2 entry roads (Quail Bluff Ct; Quail Bluff Ln): 675)"
110416446689,Pete Ct,INTERPOLATED,9287,True,PendantCluster,5939,-3348,-36.1,"Nested pendant cluster (depth 2): Capped to 5;939 AADT (64% of entry road 'W West Oak Dr': 9;280)"
1103690719475,Meadowwood Ln,INTERPOLATED,2059,False,NONE,2059,0,0,"No constraint needed"
110416492011,Unknown Road,INTERPOLATED,1648,False,NONE,1648,0,0,"No constraint needed"
1102970396479,Unknown Road,INTERPOLATED,3314,False,NONE,3314,0,0,"No constraint needed"
110416491478,Unknown Road,INTERPOLATED,2186,True,PendantCluster,890,-1296,-59.3,"Nested pendant cluster (depth 4): Capped to 890 AADT (41% of entry road 'Muir Ranch Rd': 2;175)"
110416491494,Unknown Road,INTERPOLATED,2872,True,PendantCluster,890,-1982,-69,"Nested pendant cluster (depth 4): Capped to 890 AADT (41% of entry road 'Muir Ranch Rd': 2;175)"
110416491510,Unknown Road,INTERPOLATED,2984,False,NONE,2984,0,0,"No constraint needed"
110416470853,Lakeview Ter,ACTUAL_COUNT,279,False,NONE,279,0,0,"No constraint needed"
110416463101,Rolle Ln,INTERPOLATED,1582,False,NONE,1582,0,0,"No constraint needed"
11016953996171,Bending Oak St,INTERPOLATED,2630,False,NONE,2630,0,0,"No constraint needed"
1102988770814,Unknown Road,INTERPOLATED,3637,False,NONE,3637,0,0,"No constraint needed"
1102988770825,Unknown Road,INTERPOLATED,1676,False,NONE,1676,0,0,"No constraint needed"
11016954684310,Williams Ct,INTERPOLATED,5,True,PendantCluster,0,-5,-100,"Nested pendant cluster (depth 14): Capped to 0 AADT (4% of 2 entry roads (Kara Ct; Williams Ct): 10)"
110416479753,Trinity Ranch Rd,INTERPOLATED,12008,True,PendantCluster,6932,-5076,-42.3,"Nested pendant cluster (depth 4): Capped to 6;932 AADT (41% of 2 entry roads (Trinity View Rd; Trinity Ranch Rd): 16;926)"
1103695940594,Serrano Ct,INTERPOLATED,16738,True,PendantCluster,16538,-200,-1.2,"Nested pendant cluster (depth 2): Capped to 16;538 AADT (64% of 2 entry roads (Cleburne Hwy; State Hwy 171): 25;841)"
1102988770831,Unknown Road,INTERPOLATED,1752,False,NONE,1752,0,0,"No constraint needed"
1106092774047,Brairwood Ln,INTERPOLATED,1738,False,NONE,1738,0,0,"No constraint needed"
1106081863139,Rim Rock Rd,INTERPOLATED,4,True,PendantCluster,0,-4,-100,"Nested pendant cluster (depth 14): Capped to 0 AADT (4% of 2 entry roads (Rim Rock Rd; Rim Rock Ln): 8)"
110416480303,Jenkins Bluff,INTERPOLATED,9145,True,PendantCluster,5907,-3238,-35.4,"Nested pendant cluster (depth 2): Capped to 5;907 AADT (64% of entry road 'Jenkins Rd': 9;230)"
110416479577,Jenkins Rdg,INTERPOLATED,9264,True,PendantCluster,5907,-3357,-36.2,"Nested pendant cluster (depth 2): Capped to 5;907 AADT (64% of entry road 'Jenkins Rd': 9;230)"
110416480310,Spanish Plum Ct,INTERPOLATED,1724,True,PendantCluster,578,-1146,-66.5,"Nested pendant cluster (depth 8): Capped to 578 AADT (17% of 2 entry roads (N Spanish Plum Ct; Spanish Plum Ct): 3;448)"
110416489739,Unknown Road,INTERPOLATED,786,True,PendantCluster,541,-245,-31.2,"Nested pendant cluster (depth 2): Capped to 541 AADT (64% of entry road 'FM 5 W': 846)"
1102744867885,Unknown Road,INTERPOLATED,1330,True,PendantCluster,479,-851,-64,"Nested pendant cluster (depth 2): Capped to 479 AADT (64% of entry road 'Quail Ridge Rd': 749)"
110416490328,Unknown Road,INTERPOLATED,2079,False,NONE,2079,0,0,"No constraint needed"
110416489789,Unknown Road,ACTUAL_COUNT,11496,True,PendantCluster,3013,-8483,-73.8,"Nested pendant cluster (depth 4): Capped to 3;013 AADT (41% of entry road 'Unknown Road': 7;357)"
1104469115740,Wallis Rd,INTERPOLATED,903,True,PendantCluster,343,-560,-62,"Nested pendant cluster (depth 6): Capped to 343 AADT (26% of 2 entry roads (Buchanan Ct; Wallis Rd): 1;309)"
1106081863271,Meadow Park Dr,INTERPOLATED,1673,False,NONE,1673,0,0,"No constraint needed"
110416477242,Pepperbush Ln,INTERPOLATED,1602,False,NONE,1602,0,0,"No constraint needed"
110416470683,Highland Dr,INTERPOLATED,2487,True,PendantCluster,1920,-567,-22.8,"Nested pendant cluster (depth 2): Capped to 1;920 AADT (64% of entry road 'S FM 5': 3;001)"
1104468777882,W Fwy,ACTUAL_COUNT,3963,False,NONE,3963,0,0,"No constraint needed"
110416445702,FM 1187,ACTUAL_COUNT,10161,False,NONE,10161,0,0,"No constraint needed"
110416457968,Links Ct,INTERPOLATED,1915,True,PendantCluster,388,-1527,-79.7,"Nested pendant cluster (depth 6): Capped to 388 AADT (26% of entry road 'Links Ln': 1;482)"
1106087632469,Aspenwood Dr,INTERPOLATED,2265,False,NONE,2265,0,0,"No constraint needed"
110416491808,Unknown Road,INTERPOLATED,3505,False,NONE,3505,0,0,"No constraint needed"
110416491749,Unknown Road,INTERPOLATED,4298,False,NONE,4298,0,0,"No constraint needed"
110416491774,Unknown Road,INTERPOLATED,3401,False,NONE,3401,0,0,"No constraint needed"
110416491742,Unknown Road,INTERPOLATED,3955,False,NONE,3955,0,0,"No constraint needed"
110416491741,Unknown Road,INTERPOLATED,4067,False,NONE,4067,0,0,"No constraint needed"
1102970390031,Unknown Road,INTERPOLATED,3109,True,PendantCluster,2689,-420,-13.5,"Nested pendant cluster (depth 4): Capped to 2;689 AADT (41% of 2 entry roads (Unknown Road; Unknown Road): 6;565)"
1105319763741,Unknown Road,INTERPOLATED,978290,False,NONE,978290,0,0,"No constraint needed"
1102212687360,Amber Ct,INTERPOLATED,2387,True,PendantCluster,1009,-1378,-57.7,"Nested pendant cluster (depth 2): Capped to 1;009 AADT (64% of entry road 'Sanchez Trl': 1;578)"
110416447071,Taos Loop,INTERPOLATED,1497,True,PendantCluster,1111,-386,-25.8,"Nested pendant cluster (depth 4): Capped to 1;111 AADT (41% of 2 entry roads (Taos Ct E; Village Pkwy): 2;713)"
110416478797,Bailey Ranch Rd,INTERPOLATED,2469,False,NONE,2469,0,0,"No constraint needed"
110416465868,Scenic Dr,INTERPOLATED,1225,False,NONE,1225,0,0,"No constraint needed"
110416459696,Pecan Dr,ACTUAL_COUNT,390,False,NONE,390,0,0,"No constraint needed"
110416445651,Oak Ct,ACTUAL_COUNT,390,True,PendantCluster,130,-260,-66.7,"Nested pendant cluster (depth 4): Capped to 130 AADT (41% of entry road 'E Oak St': 319)"
110416474984,Aledo Iona Rd,INTERPOLATED,1592,True,PendantCluster,526,-1066,-67,"Nested pendant cluster (depth 6): Capped to 526 AADT (26% of 2 entry roads (Unknown Road; Aledo Iona Rd): 2;009)"
1103701330454,Unknown Road,INTERPOLATED,1701,True,PendantCluster,841,-860,-50.6,"Nested pendant cluster (depth 2): Capped to 841 AADT (64% of entry road 'Bear Creek Rd': 1;315)"
110416470506,Deer Run Ct,INTERPOLATED,290,True,PendantCluster,80,-210,-72.4,"Nested pendant cluster (depth 6): Capped to 80 AADT (26% of entry road 'US Hwy 377': 307)"
1105319721634,Unknown Road,INTERPOLATED,535857,False,NONE,535857,0,0,"No constraint needed"
1102466520068,Park Place Cir,INTERPOLATED,293,True,PendantCluster,26,-267,-91.1,"Nested pendant cluster (depth 8): Capped to 26 AADT (17% of entry road 'Unknown Road': 160)"
1102200940848,Aledo Creeks Rd,NO_DATA,0,False,NONE,0,0,0,"No constraint needed"
110416489651,Unknown Road,INTERPOLATED,2695,True,PendantCluster,111,-2584,-95.9,"Nested pendant cluster (depth 8): Capped to 111 AADT (17% of entry road 'S FM 1187': 664)"
110416489677,Unknown Road,INTERPOLATED,2929,False,NONE,2929,0,0,"No constraint needed"
1102200948498,Prairie Ridge Dr,INTERPOLATED,973195,True,PendantCluster,6739,-966456,-99.3,"Nested pendant cluster (depth 2): Capped to 6;739 AADT (64% of 2 entry roads (E Bankhead Hwy; Champions Dr): 10;530)"
1102200948855,Bearcat Rd,INTERPOLATED,9859,False,NONE,9859,0,0,"No constraint needed"
110416471422,Sundance Ct,INTERPOLATED,2462,True,PendantCluster,1550,-912,-37,"Nested pendant cluster (depth 2): Capped to 1;550 AADT (64% of entry road 'Hidden Oaks Dr': 2;423)"
110416463448,Vista Dr,INTERPOLATED,1265,False,NONE,1265,0,0,"No constraint needed"
110416464140,Cactus Rd,INTERPOLATED,1009,False,NONE,1009,0,0,"No constraint needed"
110416446572,Mesa Rd,INTERPOLATED,971,False,NONE,971,0,0,"No constraint needed"
110416467344,Shannon Dr,INTERPOLATED,2208,True,PendantCluster,336,-1872,-84.8,"Nested pendant cluster (depth 2): Capped to 336 AADT (64% of entry road 'Newell Dr': 526)"
110416466736,Fairway Dr,ACTUAL_COUNT,85,False,NONE,85,0,0,"No constraint needed"
110416479337,Westmoreland Rd,INTERPOLATED,300,True,PendantCluster,37,-263,-87.7,"Nested pendant cluster (depth 6): Capped to 37 AADT (26% of entry road 'US Hwy 377': 144)"
110416492014,Unknown Road,INTERPOLATED,535,True,PendantCluster,149,-386,-72.1,"Nested pendant cluster (depth 2): Capped to 149 AADT (64% of entry road 'White Settlement Rd': 233)"
110416491126,Unknown Road,INTERPOLATED,4332,True,PendantCluster,1780,-2552,-58.9,"Nested pendant cluster (depth 4): Capped to 1;780 AADT (41% of entry road 'Gardner Rd': 4;347)"
11015882806847,Suzanne Trl,INTERPOLATED,3186,False,NONE,3186,0,0,"No constraint needed"
110416472625,Lakeridge Dr,ACTUAL_COUNT,14493,False,NONE,14493,0,0,"No constraint needed"
1103701319621,Unknown Road,INTERPOLATED,3066,False,NONE,3066,0,0,"No constraint needed"
110416491363,I - 20 Svc Rd,INTERPOLATED,492538,False,NONE,492538,0,0,"No constraint needed"
110416466559,Chapman Ct,INTERPOLATED,1913,True,PendantCluster,1559,-354,-18.5,"Nested pendant cluster (depth 4): Capped to 1;559 AADT (41% of 2 entry roads (Chapman Ct; Crouse Ln): 3;808)"
1103680691703,Mallory Trl,INTERPOLATED,299,False,NONE,299,0,0,"No constraint needed"
110416452840,Donna Ct,INTERPOLATED,2254,True,PendantCluster,1,-2253,-100,"Nested pendant cluster (depth 12): Capped to 1 AADT (7% of entry road 'Lone Oak Rd': 18)"
1103663522917,Hidden Rdg,INTERPOLATED,6,True,PendantCluster,0,-6,-100,"Nested pendant cluster (depth 12): Capped to 0 AADT (7% of 2 entry roads (Overlook Ct; Hidden Rdg): 12)"
110416456530,Joyce Ct,INTERPOLATED,1317,True,PendantCluster,839,-478,-36.3,"Nested pendant cluster (depth 2): Capped to 839 AADT (64% of entry road 'Sophie's Pl': 1;312)"
110416470206,Bedinger Ct,INTERPOLATED,1345,False,NONE,1345,0,0,"No constraint needed"
1102200927710,Unknown Road,INTERPOLATED,2706,False,NONE,2706,0,0,"No constraint needed"
11033198798518,Thistle Hill Trl,ACTUAL_COUNT,2766,False,NONE,2766,0,0,"No constraint needed"
1102466343477,Sam Bass Rd,INTERPOLATED,5408,False,NONE,5408,0,0,"No constraint needed"
110416466211,Valley Ct,INTERPOLATED,6459,True,PendantCluster,4961,-1498,-23.2,"Nested pendant cluster (depth 2): Capped to 4;961 AADT (64% of entry road 'El Chico Trl': 7;753)"
1102210895415,Autumnwood Dr,INTERPOLATED,1503,True,PendantCluster,952,-551,-36.7,"Nested pendant cluster (depth 2): Capped to 952 AADT (64% of entry road 'FM 5 S': 1;488)"
110416471810,Cliffside Dr,INTERPOLATED,1398,True,PendantCluster,326,-1072,-76.7,"Nested pendant cluster (depth 4): Capped to 326 AADT (41% of entry road 'Meadow Ct': 798)"
1103690718117,Barnwell Ln,INTERPOLATED,1535,True,PendantCluster,624,-911,-59.3,"Nested pendant cluster (depth 4): Capped to 624 AADT (41% of entry road 'Barnwell Ln': 1;525)"
1103690717628,Concorde Cir,NO_DATA,0,False,NONE,0,0,0,"No constraint needed"
110416470122,Bankhead Ct,INTERPOLATED,2673,False,NONE,2673,0,0,"No constraint needed"
110416465697,Newell Ct,INTERPOLATED,2558,True,PendantCluster,336,-2222,-86.9,"Nested pendant cluster (depth 2): Capped to 336 AADT (64% of entry road 'Newell Dr': 526)"
11016954037222,Blakely Way,INTERPOLATED,35,True,PendantCluster,4,-31,-88.6,"Nested pendant cluster (depth 10): Capped to 4 AADT (11% of 2 entry roads (Patience Dr; Blakely Way): 42)"
1109097803816,Legacy Downs Dr,INTERPOLATED,304,True,PendantCluster,19,-285,-93.8,"Nested pendant cluster (depth 8): Capped to 19 AADT (17% of entry road 'Goforth Rd': 117)"
11016955101930,Daily Double Dr,INTERPOLATED,335,True,PendantCluster,2,-333,-99.4,"Nested pendant cluster (depth 10): Capped to 2 AADT (11% of entry road 'Legacy Downs Dr': 19)"
1102979623884,Knight Way,INTERPOLATED,236,False,NONE,236,0,0,"No constraint needed"
1104691845289,Perisho Ct,INTERPOLATED,225,False,NONE,225,0,0,"No constraint needed"
110416471269,Raintree Ct,INTERPOLATED,5700,True,PendantCluster,3607,-2093,-36.7,"Nested pendant cluster (depth 2): Capped to 3;607 AADT (64% of entry road 'Country Brook Dr': 5;636)"
1104258677752,Unknown Road,INTERPOLATED,3378,False,NONE,3378,0,0,"No constraint needed"
1102632844361,Beasley Ct,INTERPOLATED,242,False,NONE,242,0,0,"No constraint needed"
1104691833795,Plassmeyer Ct,INTERPOLATED,233,False,NONE,233,0,0,"No constraint needed"
1103695930448,Troon Dr,INTERPOLATED,9333,False,NONE,9333,0,0,"No constraint needed"
1103690718288,Crown Valley Dr,INTERPOLATED,1415,False,NONE,1415,0,0,"No constraint needed"
1103680692606,Springwood Ln,INTERPOLATED,5643,False,NONE,5643,0,0,"No constraint needed"
1103677411540,Goldmine Ct,INTERPOLATED,3803,True,PendantCluster,2396,-1407,-37,"Nested pendant cluster (depth 2): Capped to 2;396 AADT (64% of entry road 'Scenic View Dr': 3;744)"
1103677411457,Rockhouse Dr,INTERPOLATED,1986,False,NONE,1986,0,0,"No constraint needed"
1102200936919,Blanca Meadows Ct,NO_DATA,0,False,NONE,0,0,0,"No constraint needed"
110416491306,Unknown Road,INTERPOLATED,4651,False,NONE,4651,0,0,"No constraint needed"
110416471085,Oak Dell Ct,INTERPOLATED,1415,True,PendantCluster,577,-838,-59.2,"Nested pendant cluster (depth 4): Capped to 577 AADT (41% of entry road 'Canyon Lake Dr': 1;409)"
1104472791013,Unknown Road,ACTUAL_COUNT,376,False,NONE,376,0,0,"No constraint needed"
1104472962298,Unknown Road,INTERPOLATED,3102,False,NONE,3102,0,0,"No constraint needed"
1105576419724,Unknown Road,INTERPOLATED,143034,False,NONE,143034,0,0,"No constraint needed"
1102466498622,Unknown Road,INTERPOLATED,3167,False,NONE,3167,0,0,"No constraint needed"
1103701319616,Unknown Road,INTERPOLATED,2732,False,NONE,2732,0,0,"No constraint needed"
110416491627,Unknown Road,INTERPOLATED,664,True,PendantCluster,390,-274,-41.3,"Nested pendant cluster (depth 6): Capped to 390 AADT (26% of 2 entry roads (Unknown Road; Sonora Canyon Rd): 1;488)"
110416459624,Pecan Ct,INTERPOLATED,2085,False,NONE,2085,0,0,"No constraint needed"
1103661580065,Wild Turkey Trl,INTERPOLATED,3108,False,NONE,3108,0,0,"No constraint needed"
1105598364624,Running Creek Ct,INTERPOLATED,3689,True,PendantCluster,1992,-1697,-46,"Nested pendant cluster (depth 2): Capped to 1;992 AADT (64% of entry road 'Lakeway Dr': 3;114)"
1105598372947,Bearclaw Cir,INTERPOLATED,1645,False,NONE,1645,0,0,"No constraint needed"
11016954150507,Parkview Dr,INTERPOLATED,6,True,PendantCluster,0,-6,-100,"Nested pendant cluster (depth 14): Capped to 0 AADT (4% of 2 entry roads (Parkview Dr; Rosewood Pl): 12)"
1102200939859,Stonehurst Ct,NO_DATA,0,False,NONE,0,0,0,"No constraint needed"
1105599183112,Cold Track Dr,INTERPOLATED,5125,True,PendantCluster,2099,-3026,-59,"Nested pendant cluster (depth 4): Capped to 2;099 AADT (41% of entry road 'Cold Track Dr': 5;125)"
110416466261,Wallis Rd,INTERPOLATED,988,True,PendantCluster,512,-476,-48.2,"Nested pendant cluster (depth 8): Capped to 512 AADT (17% of 2 entry roads (Wallis Rd; Classic Chevy Dr): 3;057)"
1103680691411,Lockwood Ln,INTERPOLATED,6023,True,PendantCluster,2002,-4021,-66.8,"Nested pendant cluster (depth 2): Capped to 2;002 AADT (64% of entry road 'BB Fielder Blvd': 3;129)"
110416463883,Arroyo Dr,INTERPOLATED,1541,True,PendantCluster,1474,-67,-4.3,"Nested pendant cluster (depth 4): Capped to 1;474 AADT (41% of 2 entry roads (Arroyo Dr; Arroyo Ct): 3;601)"
110416470049,Walters Ln,INTERPOLATED,632,False,NONE,632,0,0,"No constraint needed"
1103680692327,Hidden Valley Dr,INTERPOLATED,1562,False,NONE,1562,0,0,"No constraint needed"
11016954036915,Gill Point Dr,INTERPOLATED,396,True,PendantCluster,34,-362,-91.4,"Nested pendant cluster (depth 14): Capped to 34 AADT (4% of 2 entry roads (Complacent Way; Gill Point Dr): 792)"
11016955185837,Hollett Ct,INTERPOLATED,3915,True,PendantCluster,0,-3915,-100,"Nested pendant cluster (depth 12): Capped to 0 AADT (7% of entry road 'Belclaire Ave': 4)"
11016954037240,Chipwood Dr,INTERPOLATED,7,True,PendantCluster,4,-3,-42.9,"Nested pendant cluster (depth 10): Capped to 4 AADT (11% of 2 entry roads (Chipwood Dr; Ardath Rd): 42)"
11016954037071,Christel Sun Ln,INTERPOLATED,4341,True,PendantCluster,35,-4306,-99.2,"Nested pendant cluster (depth 8): Capped to 35 AADT (17% of entry road 'Indigo Sky Dr': 214)"
11016954678883,Welch Folly Ln,INTERPOLATED,3445,False,NONE,3445,0,0,"No constraint needed"
11016954001129,Angel Trace Dr,INTERPOLATED,396,True,PendantCluster,34,-362,-91.4,"Nested pendant cluster (depth 14): Capped to 34 AADT (4% of 2 entry roads (Angel Trace Dr; Peace Pl): 792)"
11016954098165,Sagebrush Ct,INTERPOLATED,1319,True,PendantCluster,107,-1212,-91.9,"Nested pendant cluster (depth 6): Capped to 107 AADT (26% of entry road 'Sagebrush Dr': 409)"
1102200933186,Oaklawn Ct,INTERPOLATED,844945,True,PendantCluster,0,-844945,-100,"Nested pendant cluster (depth 12): Capped to 0 AADT (7% of entry road 'Oaklawn Ln': 3)"
110416478059,Cherry Hill Ct,INTERPOLATED,589,True,PendantCluster,115,-474,-80.5,"Nested pendant cluster (depth 6): Capped to 115 AADT (26% of entry road 'Saratoga Ln': 439)"
1102200935253,Unknown Road,INTERPOLATED,411,True,PendantCluster,33,-378,-92,"Nested pendant cluster (depth 6): Capped to 33 AADT (26% of entry road 'McDaniel Rd': 126)"
110416479131,Meadow Crest Rd,INTERPOLATED,2485,False,NONE,2485,0,0,"No constraint needed"
110416471192,Overland Trl,INTERPOLATED,844,True,PendantCluster,360,-484,-57.3,"Nested pendant cluster (depth 4): Capped to 360 AADT (41% of entry road 'Briar Oaks Dr': 880)"
110416478716,Woody Creek Dr,INTERPOLATED,7234,True,PendantCluster,4094,-3140,-43.4,"Nested pendant cluster (depth 2): Capped to 4;094 AADT (64% of entry road 'Sandlin Ln': 6;397)"
110416465320,Hidden Cir,INTERPOLATED,849,False,NONE,849,0,0,"No constraint needed"
1104472859276,State Hwy 199,ACTUAL_COUNT,6,True,PendantCluster,0,-6,-100,"Nested pendant cluster (depth 16): Capped to 0 AADT (3% of 2 entry roads (State Hwy 199; Jacksboro Hwy): 12)"
110416491775,Unknown Road,INTERPOLATED,880,True,PendantCluster,52,-828,-94.1,"Nested pendant cluster (depth 8): Capped to 52 AADT (17% of entry road 'Unknown Road': 312)"
110416490895,Unknown Road,INTERPOLATED,1195,True,PendantCluster,764,-431,-36.1,"Nested pendant cluster (depth 2): Capped to 764 AADT (64% of entry road 'W White Dove St': 1;194)"
110416446731,Pugh Dr,INTERPOLATED,735,True,PendantCluster,542,-193,-26.3,"Nested pendant cluster (depth 2): Capped to 542 AADT (64% of entry road 'Quail Run': 847)"
110416470370,Carleton Blvd,INTERPOLATED,80316,True,PendantCluster,31279,-49037,-61.1,"Nested pendant cluster (depth 2): Capped to 31;279 AADT (64% of entry road 'Monticello Dr': 48;874)"
110416477448,Shady Oaks Dr,ACTUAL_COUNT,350,False,NONE,350,0,0,"No constraint needed"
1102200948321,Unknown Road,INTERPOLATED,878,True,PendantCluster,138,-740,-84.3,"Nested pendant cluster (depth 2): Capped to 138 AADT (64% of entry road 'Agnes Cir': 216)"
110416464552,George Ct,INTERPOLATED,712,True,PendantCluster,185,-527,-74,"Nested pendant cluster (depth 6): Capped to 185 AADT (26% of 2 entry roads (Barker Ct; Land of Goshen Dr): 706)"
110416479079,High Country Ct,INTERPOLATED,710,True,PendantCluster,31,-679,-95.6,"Nested pendant cluster (depth 8): Capped to 31 AADT (17% of entry road 'Land of Goshen Dr': 185)"
110416477134,Meadowview Trl,INTERPOLATED,783,True,PendantCluster,138,-645,-82.4,"Nested pendant cluster (depth 2): Capped to 138 AADT (64% of entry road 'Agnes Cir': 216)"
110416491472,Unknown Road,INTERPOLATED,1403,True,PendantCluster,965,-438,-31.2,"Nested pendant cluster (depth 2): Capped to 965 AADT (64% of entry road 'Murray Rd': 1;508)"
1102638239072,Unknown Road,INTERPOLATED,41297,True,PendantCluster,447,-40850,-98.9,"Nested pendant cluster (depth 2): Capped to 447 AADT (64% of entry road 'S Reno Rd': 699)"
110416491475,Unknown Road,INTERPOLATED,1511,True,PendantCluster,965,-546,-36.1,"Nested pendant cluster (depth 2): Capped to 965 AADT (64% of entry road 'Murray Rd': 1;508)"
110416477442,Shady Hill Ln,INTERPOLATED,63,True,PendantCluster,12,-51,-81,"Nested pendant cluster (depth 8): Capped to 12 AADT (17% of 2 entry roads (Unknown Road; Shady Hill Ln): 73)"
1102200922697,Unknown Road,INTERPOLATED,700,True,PendantCluster,481,-219,-31.3,"Nested pendant cluster (depth 2): Capped to 481 AADT (64% of entry road 'State Hwy 199': 753)"
1103564260672,Bonita Dr,INTERPOLATED,741,True,PendantCluster,481,-260,-35.1,"Nested pendant cluster (depth 2): Capped to 481 AADT (64% of entry road 'State Hwy 199': 753)"
1102200939842,Unknown Road,INTERPOLATED,836,True,PendantCluster,694,-142,-17,"Nested pendant cluster (depth 2): Capped to 694 AADT (64% of entry road 'Gilliland Rd': 1;085)"
110416446627,Munn Rd,INTERPOLATED,761,True,PendantCluster,623,-138,-18.1,"Nested pendant cluster (depth 4): Capped to 623 AADT (41% of 2 entry roads (Munn Rd; Plantation Oaks Ct): 1;521)"
110416465582,Meadow Rd,INTERPOLATED,1,True,PendantCluster,0,-1,-100,"Nested pendant cluster (depth 16): Capped to 0 AADT (3% of 2 entry roads (Willow Cir; Meadow Rd): 2)"
110416464205,Center Ct,INTERPOLATED,1603,True,PendantCluster,0,-1603,-100,"Nested pendant cluster (depth 16): Capped to 0 AADT (3% of entry road 'Willow Cir': 1)"
110416466074,Thomas Rd,ACTUAL_COUNT,914,False,NONE,914,0,0,"No constraint needed"
110416466700,Dogwood St,ACTUAL_COUNT,1710,False,NONE,1710,0,0,"No constraint needed"
110416477168,Montgomery Rd,INTERPOLATED,854,False,NONE,854,0,0,"No constraint needed"
1106067274378,Ave B,ACTUAL_COUNT,314,False,NONE,314,0,0,"No constraint needed"
110416479326,Veal Station Rd,ACTUAL_COUNT,2945,False,NONE,2945,0,0,"No constraint needed"
1102988770838,Winchester Ln,INTERPOLATED,1558,True,PendantCluster,61,-1497,-96.1,"Nested pendant cluster (depth 8): Capped to 61 AADT (17% of entry road 'Unknown Road': 364)"
110416471162,Overhill Dr,INTERPOLATED,671,False,NONE,671,0,0,"No constraint needed"
110416474848,Westridge Dr,INTERPOLATED,672,False,NONE,672,0,0,"No constraint needed"
1103664088098,Ave C,INTERPOLATED,892,False,NONE,892,0,0,"No constraint needed"
110416471512,Westover Ln,INTERPOLATED,1067,False,NONE,1067,0,0,"No constraint needed"
110416454932,Harms Dr,ACTUAL_COUNT,740,False,NONE,740,0,0,"No constraint needed"
110416471488,Virginia Pl,INTERPOLATED,36558,True,PendantCluster,21107,-15451,-42.3,"Nested pendant cluster (depth 4): Capped to 21;107 AADT (41% of 2 entry roads (Spikes Dr; Virginia Pl): 51;532)"
110416448355,Belle Pl,INTERPOLATED,41021,False,NONE,41021,0,0,"No constraint needed"
110416476196,Fair Haven Ln,INTERPOLATED,1870,True,PendantCluster,1612,-258,-13.8,"Nested pendant cluster (depth 4): Capped to 1;612 AADT (41% of 2 entry roads (Fair Haven Ln; Hidden View Ct): 3;937)"
110416492408,Unknown Road,INTERPOLATED,4853,False,NONE,4853,0,0,"No constraint needed"
1103690720142,Unknown Road,INTERPOLATED,5230,True,PendantCluster,3459,-1771,-33.9,"Nested pendant cluster (depth 2): Capped to 3;459 AADT (64% of entry road 'Young Rd': 5;406)"
110416476120,Deer Butte St,INTERPOLATED,1304,False,NONE,1304,0,0,"No constraint needed"
110416459454,Patti Ct,INTERPOLATED,1483,True,PendantCluster,224,-1259,-84.9,"Nested pendant cluster (depth 2): Capped to 224 AADT (64% of entry road 'Sabathney Rd': 350)"
110416467025,Michael Ln,INTERPOLATED,1622,False,NONE,1622,0,0,"No constraint needed"
1102970397584,Unknown Road,INTERPOLATED,694,False,NONE,694,0,0,"No constraint needed"
110416478317,Mill Branch Ln,ACTUAL_COUNT,1153,False,NONE,1153,0,0,"No constraint needed"
1103594261698,Scott Ct,INTERPOLATED,1592,True,PendantCluster,1008,-584,-36.7,"Nested pendant cluster (depth 2): Capped to 1;008 AADT (64% of entry road 'Billie Dr': 1;575)"
110416490065,Unknown Road,INTERPOLATED,1355,True,PendantCluster,11,-1344,-99.2,"Nested pendant cluster (depth 8): Capped to 11 AADT (17% of entry road 'Sabathney Rd': 66)"
110416479464,Choctaw Rdg,INTERPOLATED,3440,True,PendantCluster,2232,-1208,-35.1,"Nested pendant cluster (depth 2): Capped to 2;232 AADT (64% of entry road 'E Yucca Vw': 3;488)"
110416477785,Wilderness Way,INTERPOLATED,1436,False,NONE,1436,0,0,"No constraint needed"
110416446209,Hill Rd,ACTUAL_COUNT,914,False,NONE,914,0,0,"No constraint needed"
110416492413,Unknown Road,INTERPOLATED,770,True,PendantCluster,439,-331,-43,"Nested pendant cluster (depth 2): Capped to 439 AADT (64% of entry road 'Sarra Ln': 686)"
1102466591030,Enchanted Lake Cir,INTERPOLATED,9337,False,NONE,9337,0,0,"No constraint needed"
110416446058,Echo Ct,INTERPOLATED,1838,True,PendantCluster,1122,-716,-39,"Nested pendant cluster (depth 2): Capped to 1;122 AADT (64% of entry road 'Overlook Trl': 1;754)"
110416466891,James C Rd,INTERPOLATED,1835,True,PendantCluster,67,-1768,-96.3,"Nested pendant cluster (depth 8): Capped to 67 AADT (17% of entry road 'Mary Dr': 401)"
11013869447386,Champions Way,INTERPOLATED,1861,True,PendantCluster,103,-1758,-94.5,"Nested pendant cluster (depth 8): Capped to 103 AADT (17% of entry road 'Champoins Way': 616)"
11013869447227,Winding Way,INTERPOLATED,2602,True,PendantCluster,11,-2591,-99.6,"Nested pendant cluster (depth 10): Capped to 11 AADT (11% of entry road 'Champions Way': 103)"
1105598225244,McDaniel Dr,INTERPOLATED,47033,False,NONE,47033,0,0,"No constraint needed"
110416489610,Unknown Road,INTERPOLATED,865,False,NONE,865,0,0,"No constraint needed"
110416445757,FM 1886,ACTUAL_COUNT,5,True,PendantCluster,0,-5,-100,"Nested pendant cluster (depth 16): Capped to 0 AADT (3% of entry road 'FM 1886': 5)"
1102200927662,Lost Oak Dr,INTERPOLATED,4474,False,NONE,4474,0,0,"No constraint needed"
110416489395,Unknown Road,INTERPOLATED,3843,True,PendantCluster,1014,-2829,-73.6,"Nested pendant cluster (depth 4): Capped to 1;014 AADT (41% of entry road 'Skyview Ln': 2;478)"
110416466185,Twilla Trl,INTERPOLATED,11651,True,PendantCluster,2478,-9173,-78.7,"Nested pendant cluster (depth 2): Capped to 2;478 AADT (64% of entry road 'FM 1886': 3;872)"
1102466876538,Plantation Oaks Ct,INTERPOLATED,707,True,PendantCluster,255,-452,-63.9,"Nested pendant cluster (depth 4): Capped to 255 AADT (41% of entry road 'Munn Rd': 623)"
1102200922847,Caballos Ln,INTERPOLATED,654,True,PendantCluster,584,-70,-10.7,"Nested pendant cluster (depth 2): Capped to 584 AADT (64% of entry road 'Thomas Rd': 914)"
1103226196539,Campbell Ln,INTERPOLATED,734,True,PendantCluster,416,-318,-43.3,"Nested pendant cluster (depth 2): Capped to 416 AADT (64% of entry road 'Jay Bird Rd': 651)"
110416470514,Deerwood Ln,INTERPOLATED,730,True,PendantCluster,416,-314,-43,"Nested pendant cluster (depth 2): Capped to 416 AADT (64% of entry road 'Jay Bird Rd': 651)"
110416477097,Mad Canyon Rd,INTERPOLATED,3854,False,NONE,3854,0,0,"No constraint needed"
1103701328299,Smokey Branch,INTERPOLATED,2158,True,PendantCluster,461,-1697,-78.6,"Nested pendant cluster (depth 4): Capped to 461 AADT (41% of 2 entry roads (Smokey Branch Ln; Smokey Branch): 1;126)"
110416471148,Oklahoma St,INTERPOLATED,74927,False,NONE,74927,0,0,"No constraint needed"
1103677582797,Shady Ln,INTERPOLATED,43114,True,PendantCluster,447,-42667,-99,"Nested pendant cluster (depth 2): Capped to 447 AADT (64% of entry road 'S Reno Rd': 699)"
110416465545,Marian Dr,INTERPOLATED,967,True,PendantCluster,714,-253,-26.2,"Nested pendant cluster (depth 4): Capped to 714 AADT (41% of 2 entry roads (Marian Dr; Unknown Road): 1;745)"
110416472105,High View Rd,INTERPOLATED,982,True,PendantCluster,836,-146,-14.9,"Nested pendant cluster (depth 4): Capped to 836 AADT (41% of 2 entry roads (High View Rd; Quinn Ct): 2;042)"
110416466589,Clayton Rd,INTERPOLATED,4050,False,NONE,4050,0,0,"No constraint needed"
110416466453,Bradley Dr,ACTUAL_COUNT,2664,False,NONE,2664,0,0,"No constraint needed"
110416478800,Beaver Creek Dr,INTERPOLATED,4094,True,PendantCluster,3341,-753,-18.4,"Nested pendant cluster (depth 4): Capped to 3;341 AADT (41% of 2 entry roads (Beaver Creek Dr; Angela St): 8;158)"
1102200934870,Steele Meadow Ct,INTERPOLATED,4108,True,PendantCluster,2592,-1516,-36.9,"Nested pendant cluster (depth 2): Capped to 2;592 AADT (64% of entry road 'Clayton Rd': 4;050)"
110416491503,Unknown Road,INTERPOLATED,3516,True,PendantCluster,1174,-2342,-66.6,"Nested pendant cluster (depth 4): Capped to 1;174 AADT (41% of entry road 'Twin Creek Dr': 2;867)"
110416492705,Unknown Road,INTERPOLATED,823,True,PendantCluster,219,-604,-73.4,"Nested pendant cluster (depth 4): Capped to 219 AADT (41% of entry road 'Unknown Road': 537)"
110416465754,Parker St,INTERPOLATED,601,True,PendantCluster,413,-188,-31.3,"Nested pendant cluster (depth 4): Capped to 413 AADT (41% of 2 entry roads (E Browder Cir; Browder Cir): 1;010)"
1103677411031,Lark St,INTERPOLATED,698,True,PendantCluster,79,-619,-88.7,"Nested pendant cluster (depth 6): Capped to 79 AADT (26% of entry road 'E Browder Cir': 305)"
110416467077,Oakwood St,INTERPOLATED,1413,False,NONE,1413,0,0,"No constraint needed"
110416478184,Hickorywood St,INTERPOLATED,2413,False,NONE,2413,0,0,"No constraint needed"
110416475443,Bluemeadow Dr,INTERPOLATED,7502,True,PendantCluster,1613,-5889,-78.5,"Nested pendant cluster (depth 6): Capped to 1;613 AADT (26% of 2 entry roads (N Melanie Dr; Red Bud Dr): 6;154)"
110416489569,Unknown Road,INTERPOLATED,3109,True,PendantCluster,24,-3085,-99.2,"Nested pendant cluster (depth 2): Capped to 24 AADT (64% of entry road 'W Yucca Vw': 39)"
110416467204,Red Oak Ct,INTERPOLATED,7523,False,NONE,7523,0,0,"No constraint needed"
110416470583,Ethridge Dr,INTERPOLATED,6839,False,NONE,6839,0,0,"No constraint needed"
110416471228,Phillips Dr,INTERPOLATED,6804,False,NONE,6804,0,0,"No constraint needed"
110416479276,Stoney Rdg,INTERPOLATED,4369,False,NONE,4369,0,0,"No constraint needed"
110416490121,Unknown Road,INTERPOLATED,1492,True,PendantCluster,0,-1492,-100,"Nested pendant cluster (depth 16): Capped to 0 AADT (3% of entry road 'Inwood Trl': 5)"
110416491525,Unknown Road,INTERPOLATED,1662,True,PendantCluster,8,-1654,-99.5,"Nested pendant cluster (depth 12): Capped to 8 AADT (7% of entry road 'FM 1886': 129)"
110416446297,Jean Ct,INTERPOLATED,1436,True,PendantCluster,73,-1363,-94.9,"Nested pendant cluster (depth 6): Capped to 73 AADT (26% of entry road 'Jean Dr': 279)"
110416492634,Unknown Road,INTERPOLATED,541,True,PendantCluster,6,-535,-98.9,"Nested pendant cluster (depth 20): Capped to 6 AADT (1% of 2 entry roads (Unknown Road; Unknown Road): 560)"
110416446125,Gail Dr,INTERPOLATED,64,True,PendantCluster,4,-60,-93.8,"Nested pendant cluster (depth 12): Capped to 4 AADT (7% of 2 entry roads (Unknown Road; Gail Dr): 68)"
110416489361,Unknown Road,ACTUAL_COUNT,10013,False,NONE,10013,0,0,"No constraint needed"
110416446551,Mark Ln,ACTUAL_COUNT,661,False,NONE,661,0,0,"No constraint needed"
110416445696,Roe St,ACTUAL_COUNT,603,True,PendantCluster,63,-540,-89.6,"Nested pendant cluster (depth 8): Capped to 63 AADT (17% of entry road 'W Main St': 379)"
110416489940,Unknown Road,ACTUAL_COUNT,624,False,NONE,624,0,0,"No constraint needed"
110416471528,Wildwood Trl,INTERPOLATED,212,True,PendantCluster,111,-101,-47.6,"Nested pendant cluster (depth 6): Capped to 111 AADT (26% of 2 entry roads (Possum Pass; Wildwood Trl): 424)"
110416489947,Unknown Road,INTERPOLATED,622,True,PendantCluster,256,-366,-58.8,"Nested pendant cluster (depth 4): Capped to 256 AADT (41% of entry road 'Unknown Road': 626)"
1102200940199,Unknown Road,INTERPOLATED,618,False,NONE,618,0,0,"No constraint needed"
1105598222398,Unknown Road,INTERPOLATED,12767,True,PendantCluster,1607,-11160,-87.4,"Nested pendant cluster (depth 6): Capped to 1;607 AADT (26% of entry road 'Chuckwagon Trl': 6;131)"
110416465562,Maudie St,INTERPOLATED,14394,True,PendantCluster,664,-13730,-95.4,"Nested pendant cluster (depth 14): Capped to 664 AADT (4% of 2 entry roads (E Cherry Dr; Unknown Road): 15;100)"
110416491656,Unknown Road,INTERPOLATED,10963,True,PendantCluster,2478,-8485,-77.4,"Nested pendant cluster (depth 2): Capped to 2;478 AADT (64% of entry road 'FM 1886': 3;872)"
1102466287395,Unknown Road,INTERPOLATED,2968,False,NONE,2968,0,0,"No constraint needed"
110416489403,Unknown Road,INTERPOLATED,2525,False,NONE,2525,0,0,"No constraint needed"
110416463387,Tyler Ct,INTERPOLATED,2413,False,NONE,2413,0,0,"No constraint needed"
1105045575429,Unknown Road,INTERPOLATED,2701,False,NONE,2701,0,0,"No constraint needed"
110416489985,Unknown Road,INTERPOLATED,866,False,NONE,866,0,0,"No constraint needed"
110416478666,Whipporwill Trl,INTERPOLATED,672,True,PendantCluster,519,-153,-22.8,"Nested pendant cluster (depth 2): Capped to 519 AADT (64% of entry road 'Friendship Rd': 811)"
1102200935469,Unknown Road,ACTUAL_COUNT,273,True,PendantCluster,174,-99,-36.3,"Nested pendant cluster (depth 2): Capped to 174 AADT (64% of entry road 'Earp Rd': 273)"
110416492392,Unknown Road,INTERPOLATED,1609,True,PendantCluster,329,-1280,-79.6,"Nested pendant cluster (depth 4): Capped to 329 AADT (41% of entry road 'Church St': 805)"
1103680883191,Tall Meadow St,INTERPOLATED,1232,True,PendantCluster,42,-1190,-96.6,"Nested pendant cluster (depth 10): Capped to 42 AADT (11% of entry road 'S Stewart St': 393)"
110416479170,Palmer Ranch Rd,INTERPOLATED,1868,True,PendantCluster,763,-1105,-59.2,"Nested pendant cluster (depth 4): Capped to 763 AADT (41% of entry road 'S Stewart St': 1;864)"
110416465454,Ladera Dr,INTERPOLATED,1985,True,PendantCluster,120,-1865,-94,"Nested pendant cluster (depth 16): Capped to 120 AADT (3% of 2 entry roads (Arroyo Dr; Ladera Dr): 4;287)"
1103604764094,Patrick Dr,INTERPOLATED,3089,False,NONE,3089,0,0,"No constraint needed"
110416471515,Westwind Ct,INTERPOLATED,1927,False,NONE,1927,0,0,"No constraint needed"
110416471553,Windview Ct,INTERPOLATED,2082,False,NONE,2082,0,0,"No constraint needed"
110416477030,King Ranch Ct,INTERPOLATED,2003,False,NONE,2003,0,0,"No constraint needed"
1102200921062,Ranch Creek Dr,INTERPOLATED,34897,True,PendantCluster,6,-34891,-100,"Nested pendant cluster (depth 10): Capped to 6 AADT (11% of entry road 'Boling Ranch Rd': 57)"
1102200954868,Unknown Road,INTERPOLATED,69183,False,NONE,69183,0,0,"No constraint needed"
1102200934686,Royal Dr,INTERPOLATED,46,True,PendantCluster,9,-37,-80.4,"Nested pendant cluster (depth 10): Capped to 9 AADT (11% of 2 entry roads (Royal Dr; Miramar Cir): 92)"
1102200921336,Unknown Road,INTERPOLATED,25571,False,NONE,25571,0,0,"No constraint needed"
1102200931148,Coronado Bend,INTERPOLATED,3131,False,NONE,3131,0,0,"No constraint needed"
1102200941891,Unknown Road,INTERPOLATED,1082,True,PendantCluster,258,-824,-76.2,"Nested pendant cluster (depth 2): Capped to 258 AADT (64% of entry road 'Prather Rd': 404)"
110416471470,Vineyard Ln,INTERPOLATED,3717,True,PendantCluster,3432,-285,-7.7,"Nested pendant cluster (depth 4): Capped to 3;432 AADT (41% of 2 entry roads (Vineyard Ln; Unknown Road): 8;380)"
1104469333637,Beaudelaire Dr,INTERPOLATED,3513,False,NONE,3513,0,0,"No constraint needed"
110416469935,Terrace Ct,INTERPOLATED,1462,True,PendantCluster,2,-1460,-99.9,"Nested pendant cluster (depth 12): Capped to 2 AADT (7% of entry road 'Meadow Rd': 30)"
110416479228,Shady Valley Ct,INTERPOLATED,1720,True,PendantCluster,1106,-614,-35.7,"Nested pendant cluster (depth 2): Capped to 1;106 AADT (64% of entry road 'Summit Dr': 1;729)"
110416466210,Valley Ct,INTERPOLATED,1470,False,NONE,1470,0,0,"No constraint needed"
110416465466,Laurie Ln,INTERPOLATED,1627,True,PendantCluster,1063,-564,-34.7,"Nested pendant cluster (depth 2): Capped to 1;063 AADT (64% of entry road 'Allison Rd': 1;662)"
1102466524390,Torywood Ct,INTERPOLATED,4023,True,PendantCluster,1557,-2466,-61.3,"Nested pendant cluster (depth 4): Capped to 1;557 AADT (41% of entry road 'Creekpath Dr': 3;802)"
110416479724,Sleepy Hollow Ln,INTERPOLATED,1633,False,NONE,1633,0,0,"No constraint needed"
1102200932630,Unknown Road,INTERPOLATED,1493,True,PendantCluster,7,-1486,-99.5,"Nested pendant cluster (depth 8): Capped to 7 AADT (17% of entry road 'Sandy Lee Ln': 47)"
110416466981,Longley Ln,INTERPOLATED,1502,False,NONE,1502,0,0,"No constraint needed"
1102638239910,Unknown Road,INTERPOLATED,1682,False,NONE,1682,0,0,"No constraint needed"
110416466732,English Ct,INTERPOLATED,3535,True,PendantCluster,682,-2853,-80.7,"Nested pendant cluster (depth 2): Capped to 682 AADT (64% of entry road 'Old Springtown Rd': 1;066)"
110416475037,Blue Ridge Ct,INTERPOLATED,4204,True,PendantCluster,279,-3925,-93.4,"Nested pendant cluster (depth 4): Capped to 279 AADT (41% of entry road 'Hunter Ridge Ln': 682)"
110416479221,Scenic Ridge Dr,INTERPOLATED,1633,True,PendantCluster,1451,-182,-11.1,"Nested pendant cluster (depth 6): Capped to 1;451 AADT (26% of 2 entry roads (Scenic Ridge Dr; Bluff Creek Ct): 5;536)"
1102988770842,Unknown Road,INTERPOLATED,11837,True,PendantCluster,48,-11789,-99.6,"Nested pendant cluster (depth 2): Capped to 48 AADT (64% of entry road 'Pearson Ranch Rd': 75)"
110416474497,Park View Ct,INTERPOLATED,1822,True,PendantCluster,481,-1341,-73.6,"Nested pendant cluster (depth 2): Capped to 481 AADT (64% of entry road 'State Hwy 199': 753)"
110416491726,Unknown Road,INTERPOLATED,32992,True,PendantCluster,31279,-1713,-5.2,"Nested pendant cluster (depth 2): Capped to 31;279 AADT (64% of entry road 'Monticello Dr': 48;874)"
110416479304,Trailer Park Rd,INTERPOLATED,90282,False,NONE,90282,0,0,"No constraint needed"
110416471055,New Hope Ct,INTERPOLATED,808,True,PendantCluster,19,-789,-97.6,"Nested pendant cluster (depth 8): Capped to 19 AADT (17% of entry road 'New Hope Rd': 114)"
1103690718147,Dove Haven Ln,INTERPOLATED,1146,True,PendantCluster,147,-999,-87.2,"Nested pendant cluster (depth 6): Capped to 147 AADT (26% of entry road 'Mary Dr': 561)"
1103677913203,Meadow Bridge Dr,ACTUAL_COUNT,84,False,NONE,84,0,0,"No constraint needed"
110416476130,Deer Track Rd,INTERPOLATED,13239,True,PendantCluster,1109,-12130,-91.6,"Nested pendant cluster (depth 2): Capped to 1;109 AADT (64% of entry road 'Tucker Dr': 1;734)"
1103677912685,Noah's Ct,INTERPOLATED,1840,True,PendantCluster,727,-1113,-60.5,"Nested pendant cluster (depth 4): Capped to 727 AADT (41% of entry road 'Marilyn St': 1;776)"
110416467311,Sedalia Dr,INTERPOLATED,3134,True,PendantCluster,346,-2788,-89,"Nested pendant cluster (depth 6): Capped to 346 AADT (26% of entry road 'N Boyce Ln': 1;323)"
1102200927340,Silver Valley Ct,INTERPOLATED,2807,True,PendantCluster,169,-2638,-94,"Nested pendant cluster (depth 8): Capped to 169 AADT (17% of entry road 'Silver Valley Ln': 1;011)"
110416491476,Unknown Road,INTERPOLATED,1555,False,NONE,1555,0,0,"No constraint needed"
1103690719080,Unknown Road,INTERPOLATED,26107,True,PendantCluster,112,-25995,-99.6,"Nested pendant cluster (depth 2): Capped to 112 AADT (64% of entry road 'Springfield Rd': 176)"
110416489986,Unknown Road,INTERPOLATED,858,False,NONE,858,0,0,"No constraint needed"
1103430661090,Unknown Road,ACTUAL_COUNT,12173,True,PendantCluster,682,-11491,-94.4,"Nested pendant cluster (depth 2): Capped to 682 AADT (64% of entry road 'Old Springtown Rd': 1;066)"
1103430678062,Unknown Road,INTERPOLATED,514,True,PendantCluster,185,-329,-64,"Nested pendant cluster (depth 2): Capped to 185 AADT (64% of entry road 'Highland Rd': 290)"
1103718202469,Unknown Road,INTERPOLATED,579,True,PendantCluster,203,-376,-64.9,"Nested pendant cluster (depth 4): Capped to 203 AADT (41% of 2 entry roads (Unknown Road; Unknown Road): 497)"
110416492407,Unknown Road,INTERPOLATED,4732,True,PendantCluster,68,-4664,-98.6,"Nested pendant cluster (depth 10): Capped to 68 AADT (11% of entry road 'Mill Rd': 637)"
1102200928920,Unknown Road,INTERPOLATED,1253,True,PendantCluster,694,-559,-44.6,"Nested pendant cluster (depth 2): Capped to 694 AADT (64% of entry road 'Gilliland Rd': 1;085)"
110416478545,Stonebridge Ct,INTERPOLATED,1888,True,PendantCluster,687,-1201,-63.6,"Nested pendant cluster (depth 4): Capped to 687 AADT (41% of 2 entry roads (S Forty Dr; Stonebridge Dr): 1;679)"
110416476336,Gun Barrel Ct,INTERPOLATED,1850,True,PendantCluster,11,-1839,-99.4,"Nested pendant cluster (depth 12): Capped to 11 AADT (7% of 2 entry roads (Gun Barrel Rd; La Mesa Dr): 164)"
1102200932675,Unknown Road,INTERPOLATED,436,False,NONE,436,0,0,"No constraint needed"
1105598348188,Olivia Dr,INTERPOLATED,2825,False,NONE,2825,0,0,"No constraint needed"
110416474920,Woodhaven Dr,INTERPOLATED,1306,True,PendantCluster,258,-1048,-80.2,"Nested pendant cluster (depth 2): Capped to 258 AADT (64% of entry road 'Prather Rd': 404)"
110416450059,Cabot Ct,INTERPOLATED,2045,True,PendantCluster,214,-1831,-89.5,"Nested pendant cluster (depth 6): Capped to 214 AADT (26% of entry road 'Browning Ct': 819)"
1102200925794,Unknown Road,INTERPOLATED,1129,True,PendantCluster,864,-265,-23.5,"Nested pendant cluster (depth 2): Capped to 864 AADT (64% of entry road 'Carter Rd': 1;350)"
1102200938392,Unknown Road,INTERPOLATED,1580,True,PendantCluster,38,-1542,-97.6,"Nested pendant cluster (depth 8): Capped to 38 AADT (17% of entry road 'Little Cat Track Rd': 231)"
1109090121417,Unknown Road,INTERPOLATED,151163,False,NONE,151163,0,0,"No constraint needed"
1108606709606,Deer Grove Trl,INTERPOLATED,2572,False,NONE,2572,0,0,"No constraint needed"
1105598353515,Bedding Ln,INTERPOLATED,2201,True,PendantCluster,1420,-781,-35.5,"Nested pendant cluster (depth 2): Capped to 1;420 AADT (64% of entry road 'Browtine Way': 2;219)"
1102638240297,Unknown Road,INTERPOLATED,2237,True,PendantCluster,189,-2048,-91.6,"Nested pendant cluster (depth 2): Capped to 189 AADT (64% of entry road 'Upper Denton Rd': 296)"
110416446349,King St,INTERPOLATED,1284,False,NONE,1284,0,0,"No constraint needed"
110416466824,Hickory Ln,INTERPOLATED,5594,True,PendantCluster,1850,-3744,-66.9,"Nested pendant cluster (depth 6): Capped to 1;850 AADT (26% of 2 entry roads (Pamela Dr; Hickory Ln): 7;060)"
110416492296,Unknown Road,INTERPOLATED,208599,False,NONE,208599,0,0,"No constraint needed"
110416463243,State St,INTERPOLATED,9050,False,NONE,9050,0,0,"No constraint needed"
110416491595,Unknown Road,INTERPOLATED,2953,False,NONE,2953,0,0,"No constraint needed"
110416465656,Mosley Ct,INTERPOLATED,2182,False,NONE,2182,0,0,"No constraint needed"
110416463198,Sloan St,INTERPOLATED,5444,False,NONE,5444,0,0,"No constraint needed"
110416471492,Vivienne St,INTERPOLATED,1712,False,NONE,1712,0,0,"No constraint needed"
110416456688,Julie St,INTERPOLATED,1706,False,NONE,1706,0,0,"No constraint needed"
110416465736,Oriole St,INTERPOLATED,2049,False,NONE,2049,0,0,"No constraint needed"
110416471884,Edge Hill Ter,INTERPOLATED,3131,True,PendantCluster,940,-2191,-70,"Nested pendant cluster (depth 2): Capped to 940 AADT (64% of entry road 'S Lamar St': 1;469)"
110416491406,Unknown Road,ACTUAL_COUNT,10006,False,NONE,10006,0,0,"No constraint needed"
110416463914,Austin Ct,INTERPOLATED,28093,False,NONE,28093,0,0,"No constraint needed"
1102744830773,Unknown Road,ACTUAL_COUNT,4493,False,NONE,4493,0,0,"No constraint needed"
110416472069,Guinevere Dr,INTERPOLATED,12090,True,PendantCluster,11253,-837,-6.9,"Nested pendant cluster (depth 4): Capped to 11;253 AADT (41% of entry road 'Briarhaven Blvd': 27;474)"
110416467080,Overton Dr,INTERPOLATED,19536,False,NONE,19536,0,0,"No constraint needed"
1104473155609,Unknown Road,INTERPOLATED,15778,False,NONE,15778,0,0,"No constraint needed"
1102466591022,Jones R V Park Rd,INTERPOLATED,191294,False,NONE,191294,0,0,"No constraint needed"
1102200933886,Jones R V Park Rd,INTERPOLATED,191713,False,NONE,191713,0,0,"No constraint needed"
110416490632,Unknown Road,ACTUAL_COUNT,5536,False,NONE,5536,0,0,"No constraint needed"
1104701882632,I- 20 Svc Rd,INTERPOLATED,338771,False,NONE,338771,0,0,"No constraint needed"
1102200935365,Alford Dr,ACTUAL_COUNT,14463,False,NONE,14463,0,0,"No constraint needed"
1104475062559,Unknown Road,INTERPOLATED,278510,False,NONE,278510,0,0,"No constraint needed"
1102200934502,Unknown Road,INTERPOLATED,384,True,PendantCluster,44,-340,-88.5,"Nested pendant cluster (depth 6): Capped to 44 AADT (26% of entry road 'Brazos Rock Rd': 170)"
110416465513,Lution Dr,ACTUAL_COUNT,645,False,NONE,645,0,0,"No constraint needed"
110416466810,Harmony Rd,ACTUAL_COUNT,675,False,NONE,675,0,0,"No constraint needed"
110416466293,Weaver Ln,INTERPOLATED,3835,True,PendantCluster,775,-3060,-79.8,"Nested pendant cluster (depth 2): Capped to 775 AADT (64% of entry road 'Old Brock Rd': 1;211)"
110416490594,Unknown Road,INTERPOLATED,4188,False,NONE,4188,0,0,"No constraint needed"
110416490320,Unknown Road,INTERPOLATED,4083,False,NONE,4083,0,0,"No constraint needed"
110416492422,Unknown Road,INTERPOLATED,3866,True,PendantCluster,3220,-646,-16.7,"Nested pendant cluster (depth 2): Capped to 3;220 AADT (64% of entry road 'FM 1708': 5;032)"
110416492431,Unknown Road,INTERPOLATED,3856,True,PendantCluster,62,-3794,-98.4,"Nested pendant cluster (depth 10): Capped to 62 AADT (11% of 2 entry roads (Unknown Road; Unknown Road): 580)"
110416492711,Unknown Road,INTERPOLATED,3983,True,PendantCluster,1318,-2665,-66.9,"Nested pendant cluster (depth 4): Capped to 1;318 AADT (41% of entry road 'Sanders Rd': 3;220)"
110416492598,Unknown Road,INTERPOLATED,3633,True,PendantCluster,1203,-2430,-66.9,"Nested pendant cluster (depth 4): Capped to 1;203 AADT (41% of entry road 'Montgomery Ln': 2;939)"
110416490216,Unknown Road,INTERPOLATED,4116,True,PendantCluster,2936,-1180,-28.7,"Nested pendant cluster (depth 2): Capped to 2;936 AADT (64% of entry road 'Thompson Rd': 4;588)"
110416470424,Chisholm Trl,INTERPOLATED,4720,False,NONE,4720,0,0,"No constraint needed"
1102970392501,Iroquois Trl,INTERPOLATED,225,False,NONE,225,0,0,"No constraint needed"
110416464094,Brazos Trl,INTERPOLATED,226,True,PendantCluster,0,-226,-100,"Nested pendant cluster (depth 24): Capped to 0 AADT (0% of entry road 'Horseshoe Bend Rd': 2)"
110416470407,Cheyenne Trl,INTERPOLATED,226,True,PendantCluster,0,-226,-100,"Nested pendant cluster (depth 24): Capped to 0 AADT (0% of entry road 'Horseshoe Bend Rd': 2)"
110416464211,Chavez,INTERPOLATED,226,True,PendantCluster,0,-226,-100,"Nested pendant cluster (depth 24): Capped to 0 AADT (0% of entry road 'Horseshoe Bend Rd': 2)"
1103949260910,Mesa Trl,INTERPOLATED,5070,False,NONE,5070,0,0,"No constraint needed"
110416490619,Unknown Road,INTERPOLATED,1790,True,PendantCluster,293,-1497,-83.6,"Nested pendant cluster (depth 6): Capped to 293 AADT (26% of 2 entry roads (Unknown Road; Unknown Road): 1;118)"
110416491463,Unknown Road,INTERPOLATED,739,True,PendantCluster,293,-446,-60.4,"Nested pendant cluster (depth 6): Capped to 293 AADT (26% of 2 entry roads (Unknown Road; Unknown Road): 1;118)"
110416490620,Unknown Road,INTERPOLATED,1580,True,PendantCluster,559,-1021,-64.6,"Nested pendant cluster (depth 4): Capped to 559 AADT (41% of entry road 'Unknown Road': 1;365)"
110416467135,Pin Oak Trl,INTERPOLATED,4711,False,NONE,4711,0,0,"No constraint needed"
110416480182,Marlboro Country Trl,INTERPOLATED,4516,False,NONE,4516,0,0,"No constraint needed"
110416463250,Sumac Trl,INTERPOLATED,4467,False,NONE,4467,0,0,"No constraint needed"
1105319730142,US Hwy 180,ACTUAL_COUNT,144943,False,NONE,144943,0,0,"No constraint needed"
1102200926761,Patterson Hill Ln,NO_DATA,0,False,NONE,0,0,0,"No constraint needed"
110416470586,Fairview Rd,ACTUAL_COUNT,1206,False,NONE,1206,0,0,"No constraint needed"
110416470116,Appleton Dr,INTERPOLATED,1586,True,PendantCluster,1111,-475,-29.9,"Nested pendant cluster (depth 2): Capped to 1;111 AADT (64% of entry road 'Ellis Dr': 1;737)"
110416472061,Guinevere Ct,INTERPOLATED,12082,True,PendantCluster,2949,-9133,-75.6,"Nested pendant cluster (depth 6): Capped to 2;949 AADT (26% of entry road 'Guinevere Dr': 11;253)"
110416466206,Valley Cir,INTERPOLATED,2045,True,PendantCluster,1311,-734,-35.9,"Nested pendant cluster (depth 2): Capped to 1;311 AADT (64% of entry road 'Oriole St': 2;049)"
110416446794,Ruby Rd,INTERPOLATED,1724,True,PendantCluster,840,-884,-51.3,"Nested pendant cluster (depth 2): Capped to 840 AADT (64% of entry road 'Old Brock Rd': 1;314)"
1103594439465,Lindentree Dr,ACTUAL_COUNT,127383,True,PendantCluster,479,-126904,-99.6,"Nested pendant cluster (depth 4): Capped to 479 AADT (41% of entry road 'Bay Laurel Dr': 1;170)"
1102200940369,Rayna Dr,INTERPOLATED,1484,True,PendantCluster,1043,-441,-29.7,"Nested pendant cluster (depth 2): Capped to 1;043 AADT (64% of entry road 'Mesa St': 1;631)"
110416445821,Abby Ln,INTERPOLATED,1569,True,PendantCluster,797,-772,-49.2,"Nested pendant cluster (depth 4): Capped to 797 AADT (41% of entry road 'Grant Dr': 1;946)"
110416465906,Sherry Trl,INTERPOLATED,797,True,PendantCluster,318,-479,-60.1,"Nested pendant cluster (depth 6): Capped to 318 AADT (26% of 2 entry roads (Sherry Trl; Alma Dr): 1;214)"
110416490332,Unknown Road,INTERPOLATED,450,True,PendantCluster,3,-447,-99.3,"Nested pendant cluster (depth 22): Capped to 3 AADT (1% of 2 entry roads (Chandler Rd; Unknown Road): 456)"
110416489867,Unknown Road,INTERPOLATED,2602,False,NONE,2602,0,0,"No constraint needed"
110416464468,Estate Dr,INTERPOLATED,4127,False,NONE,4127,0,0,"No constraint needed"
110416466821,Henigan Ct,ACTUAL_COUNT,1210,False,NONE,1210,0,0,"No constraint needed"
110416445631,May Ct,ACTUAL_COUNT,1210,False,NONE,1210,0,0,"No constraint needed"
110416490644,Unknown Road,INTERPOLATED,4508,False,NONE,4508,0,0,"No constraint needed"
1104473150285,Unknown Road,INTERPOLATED,264,False,NONE,264,0,0,"No constraint needed"
1102200931632,Unknown Road,INTERPOLATED,256,False,NONE,256,0,0,"No constraint needed"
110416471070,Newberry Rd,INTERPOLATED,210,False,NONE,210,0,0,"No constraint needed"
110416490591,Unknown Road,INTERPOLATED,424,True,PendantCluster,0,-424,-100,"Nested pendant cluster (depth 38): Capped to 0 AADT (0% of 2 entry roads (Unknown Road; Unknown Road): 874)"
110416478702,Wilson Bend Rd,INTERPOLATED,293,False,NONE,293,0,0,"No constraint needed"
1102200936642,Unknown Road,INTERPOLATED,283,True,PendantCluster,233,-50,-17.7,"Nested pendant cluster (depth 4): Capped to 233 AADT (41% of 2 entry roads (Unknown Road; Unknown Road): 569)"
110416464484,Fannin St,INTERPOLATED,176,False,NONE,176,0,0,"No constraint needed"
110416456729,Karen St,INTERPOLATED,1156,False,NONE,1156,0,0,"No constraint needed"
110416473328,Lexington St,INTERPOLATED,1478,False,NONE,1478,0,0,"No constraint needed"
110416453804,Fegan St,INTERPOLATED,1292,False,NONE,1292,0,0,"No constraint needed"
110416466974,Liberty St,INTERPOLATED,1153,False,NONE,1153,0,0,"No constraint needed"
110416466488,Buckner Rd,ACTUAL_COUNT,342,False,NONE,342,0,0,"No constraint needed"
110416489863,Unknown Road,INTERPOLATED,484,False,NONE,484,0,0,"No constraint needed"
1104470395614,Unknown Road,INTERPOLATED,371,True,PendantCluster,124,-247,-66.6,"Nested pendant cluster (depth 4): Capped to 124 AADT (41% of entry road 'Kickapoo Falls Rd': 304)"
110416446236,Hopi Trl,INTERPOLATED,226,True,PendantCluster,0,-226,-100,"Nested pendant cluster (depth 24): Capped to 0 AADT (0% of entry road 'Horseshoe Bend Rd': 2)"
110416447865,Aztec,ACTUAL_COUNT,234,True,PendantCluster,0,-234,-100,"Nested pendant cluster (depth 24): Capped to 0 AADT (0% of entry road 'Horseshoe Bend Rd': 2)"
110416489445,Unknown Road,INTERPOLATED,211,True,PendantCluster,4,-207,-98.1,"Nested pendant cluster (depth 10): Capped to 4 AADT (11% of 2 entry roads (Unknown Road; Unknown Road): 38)"
1104473177091,BB Fielder Blvd,ACTUAL_COUNT,3129,False,NONE,3129,0,0,"No constraint needed"
110416464288,Common St,INTERPOLATED,764,False,NONE,764,0,0,"No constraint needed"
110416474829,Wandering Ln,INTERPOLATED,4166,False,NONE,4166,0,0,"No constraint needed"
110416466578,Chilton St,INTERPOLATED,1169,False,NONE,1169,0,0,"No constraint needed"
110416470637,Harcourt St,INTERPOLATED,3710,False,NONE,3710,0,0,"No constraint needed"
1102970401957,Greenwood Cut Off Rd,INTERPOLATED,1763,False,NONE,1763,0,0,"No constraint needed"
110416491769,Unknown Road,INTERPOLATED,3498,False,NONE,3498,0,0,"No constraint needed"
110416466577,Chilton St,INTERPOLATED,2256,False,NONE,2256,0,0,"No constraint needed"
110416470636,Harcourt St,INTERPOLATED,6853,False,NONE,6853,0,0,"No constraint needed"
110416489425,Unknown Road,ACTUAL_COUNT,967,False,NONE,967,0,0,"No constraint needed"
110416489426,Unknown Road,INTERPOLATED,1609,False,NONE,1609,0,0,"No constraint needed"
110416470540,Eastview Dr,INTERPOLATED,2153,False,NONE,2153,0,0,"No constraint needed"
110416489416,Unknown Road,INTERPOLATED,686,False,NONE,686,0,0,"No constraint needed"
110416453582,Estel St,INTERPOLATED,1666,False,NONE,1666,0,0,"No constraint needed"
110416489598,Unknown Road,INTERPOLATED,218,False,NONE,218,0,0,"No constraint needed"
110416489424,Unknown Road,INTERPOLATED,225,True,PendantCluster,0,-225,-100,"Nested pendant cluster (depth 24): Capped to 0 AADT (0% of entry road 'Horseshoe Bend Rd': 2)"
1104476647453,Unknown Road,INTERPOLATED,301,False,NONE,301,0,0,"No constraint needed"
110416471361,Santa Fe Trl,INTERPOLATED,3897,True,PendantCluster,1529,-2368,-60.8,"Nested pendant cluster (depth 4): Capped to 1;529 AADT (41% of entry road 'Western Lake Dr': 3;733)"
1103690719303,Prachyl Rd,INTERPOLATED,11,True,PendantCluster,0,-11,-100,"Nested pendant cluster (depth 14): Capped to 0 AADT (4% of 2 entry roads (Walden Rd; Prachyl Rd): 22)"
110416463190,Sioux Trl,INTERPOLATED,240,True,PendantCluster,0,-240,-100,"Nested pendant cluster (depth 24): Capped to 0 AADT (0% of entry road 'Horseshoe Bend Rd': 2)"
110416491428,Unknown Road,INTERPOLATED,9456,False,NONE,9456,0,0,"No constraint needed"
110416489398,Unknown Road,INTERPOLATED,742,False,NONE,742,0,0,"No constraint needed"
110416463910,Austin Ave,ACTUAL_COUNT,4868,False,NONE,4868,0,0,"No constraint needed"
1102466254727,Unknown Road,ACTUAL_COUNT,1696,False,NONE,1696,0,0,"No constraint needed"
110416491994,Unknown Road,INTERPOLATED,3720,False,NONE,3720,0,0,"No constraint needed"
110416478248,King Arthur Ct,INTERPOLATED,27834,True,PendantCluster,11253,-16581,-59.6,"Nested pendant cluster (depth 4): Capped to 11;253 AADT (41% of entry road 'Briarhaven Blvd': 27;474)"
110416471319,Ridgeway Blvd,INTERPOLATED,3986,True,PendantCluster,2740,-1246,-31.3,"Nested pendant cluster (depth 4): Capped to 2;740 AADT (41% of 2 entry roads (Ridgeway Blvd; Elizabeth Pl): 6;690)"
1106087808493,Lois Ct,INTERPOLATED,4085,False,NONE,4085,0,0,"No constraint needed"
1103606070071,Virginia Dr,INTERPOLATED,4821,False,NONE,4821,0,0,"No constraint needed"
110416491572,Unknown Road,ACTUAL_COUNT,1242,False,NONE,1242,0,0,"No constraint needed"
110416463281,Terry Trl,INTERPOLATED,5594,True,PendantCluster,3229,-2365,-42.3,"Nested pendant cluster (depth 4): Capped to 3;229 AADT (41% of 2 entry roads (Patti Pl; Terry Trl): 7;885)"
110416491386,Unknown Road,INTERPOLATED,2133,False,NONE,2133,0,0,"No constraint needed"
110416491660,Unknown Road,INTERPOLATED,1931,True,PendantCluster,1100,-831,-43,"Nested pendant cluster (depth 4): Capped to 1;100 AADT (41% of 2 entry roads (Unknown Road; Unknown Road): 2;687)"
110416465729,Norton St,INTERPOLATED,2105,False,NONE,2105,0,0,"No constraint needed"
1102200935692,Unknown Road,ACTUAL_COUNT,1766,True,PendantCluster,189,-1577,-89.3,"Nested pendant cluster (depth 2): Capped to 189 AADT (64% of entry road 'Upper Denton Rd': 296)"
110416489581,Unknown Road,INTERPOLATED,1858,True,PendantCluster,189,-1669,-89.8,"Nested pendant cluster (depth 2): Capped to 189 AADT (64% of entry road 'Upper Denton Rd': 296)"
1102200919665,Country Rd,INTERPOLATED,1864,True,PendantCluster,794,-1070,-57.4,"Nested pendant cluster (depth 2): Capped to 794 AADT (64% of entry road 'Greenwood Rd': 1;242)"
110416471009,Mesquite Dr,INTERPOLATED,2031,False,NONE,2031,0,0,"No constraint needed"
110416490529,Unknown Road,INTERPOLATED,196,True,PendantCluster,135,-61,-31.1,"Nested pendant cluster (depth 2): Capped to 135 AADT (64% of entry road 'S FM 113': 212)"
110416446708,Pine St,INTERPOLATED,133,True,PendantCluster,40,-93,-69.9,"Nested pendant cluster (depth 4): Capped to 40 AADT (41% of entry road 'E Colorado St': 98)"
110416466367,Airport Rd,INTERPOLATED,1807,False,NONE,1807,0,0,"No constraint needed"
110416490528,Unknown Road,INTERPOLATED,1777,False,NONE,1777,0,0,"No constraint needed"
110416471114,Oak Tree Ln,INTERPOLATED,30,True,PendantCluster,6,-24,-80,"Nested pendant cluster (depth 10): Capped to 6 AADT (11% of 2 entry roads (Oak Tree Ln; Shadow Run): 60)"
1104473155915,Unknown Road,INTERPOLATED,6639,False,NONE,6639,0,0,"No constraint needed"
1102200956532,Wall St,ACTUAL_COUNT,5477,False,NONE,5477,0,0,"No constraint needed"
110416466777,Glasgow Dr,INTERPOLATED,7042,False,NONE,7042,0,0,"No constraint needed"
110416467317,Selkirk Ln,INTERPOLATED,7623,False,NONE,7623,0,0,"No constraint needed"
110416456856,Kerce Ave,INTERPOLATED,3208,False,NONE,3208,0,0,"No constraint needed"
110416462687,Robin Ave,INTERPOLATED,24708,True,PendantCluster,1513,-23195,-93.9,"Nested pendant cluster (depth 2): Capped to 1;513 AADT (64% of entry road 'Bob White Ave': 2;365)"
110416492587,Unknown Road,INTERPOLATED,528,True,PendantCluster,304,-224,-42.4,"Nested pendant cluster (depth 4): Capped to 304 AADT (41% of 2 entry roads (Unknown Road; Unknown Road): 744)"
110416464064,Birdie Dr,INTERPOLATED,137,True,PendantCluster,71,-66,-48.2,"Nested pendant cluster (depth 6): Capped to 71 AADT (26% of 2 entry roads (Eagle Dr; Birdie Dr): 274)"
110416466796,Grumman Trl,INTERPOLATED,228,True,PendantCluster,0,-228,-100,"Nested pendant cluster (depth 28): Capped to 0 AADT (0% of entry road 'Brewster Trl': 228)"
1102200933097,Unknown Road,INTERPOLATED,778,True,PendantCluster,335,-443,-56.9,"Nested pendant cluster (depth 4): Capped to 335 AADT (41% of entry road 'Ray Ln': 819)"
1104472962292,Unknown Road,INTERPOLATED,1726,False,NONE,1726,0,0,"No constraint needed"
1102200939590,Unknown Road,ACTUAL_COUNT,1920,False,NONE,1920,0,0,"No constraint needed"
110416470771,Jonathan Ct,INTERPOLATED,21130,True,PendantCluster,12760,-8370,-39.6,"Nested pendant cluster (depth 2): Capped to 12;760 AADT (64% of entry road 'Roberts Bend': 19;938)"
110416460865,Rains St,INTERPOLATED,2707,False,NONE,2707,0,0,"No constraint needed"
110416489642,Unknown Road,INTERPOLATED,8662,False,NONE,8662,0,0,"No constraint needed"
110416491626,Unknown Road,INTERPOLATED,153,True,PendantCluster,31,-122,-79.7,"Nested pendant cluster (depth 6): Capped to 31 AADT (26% of entry road 'SW Front St': 121)"
110416490889,Unknown Road,INTERPOLATED,3777,True,PendantCluster,3543,-234,-6.2,"Nested pendant cluster (depth 2): Capped to 3;543 AADT (64% of entry road 'Tin Top Rd': 5;536)"
1102200931223,Mason Pond Dr,INTERPOLATED,1465,False,NONE,1465,0,0,"No constraint needed"
1102200935997,Holmes Ln,ACTUAL_COUNT,1565,False,NONE,1565,0,0,"No constraint needed"
1102466487663,Unknown Road,INTERPOLATED,498,False,NONE,498,0,0,"No constraint needed"
110416469975,Tidwell Rd,ACTUAL_COUNT,648,False,NONE,648,0,0,"No constraint needed"
110416470384,Chandler Rd,INTERPOLATED,8,True,PendantCluster,0,-8,-100,"Nested pendant cluster (depth 18): Capped to 0 AADT (2% of 2 entry roads (Chandler Rd; Light Rd): 16)"
1103690717296,Light Rd,INTERPOLATED,8,True,PendantCluster,0,-8,-100,"Nested pendant cluster (depth 20): Capped to 0 AADT (1% of entry road 'Light Rd': 8)"
1102200937479,Rivendell Ln,INTERPOLATED,2047,True,PendantCluster,1111,-936,-45.7,"Nested pendant cluster (depth 2): Capped to 1;111 AADT (64% of entry road 'Ellis Dr': 1;737)"
110416474463,Northwood Rd,INTERPOLATED,1702,True,PendantCluster,1173,-529,-31.1,"Nested pendant cluster (depth 2): Capped to 1;173 AADT (64% of entry road 'Mini Ranch Dr': 1;834)"
110416453392,Ellen Ln,INTERPOLATED,778,True,PendantCluster,315,-463,-59.5,"Nested pendant cluster (depth 4): Capped to 315 AADT (41% of entry road 'Hereford Ln': 771)"
1104258466870,Ranger Hwy,INTERPOLATED,143727,False,NONE,143727,0,0,"No constraint needed"
110416478848,Canyon Creek Cir,INTERPOLATED,2426,True,PendantCluster,317,-2109,-86.9,"Nested pendant cluster (depth 4): Capped to 317 AADT (41% of entry road 'Canyon Creek Ct': 775)"
110416478407,Quanah Hill Rd,INTERPOLATED,2188,False,NONE,2188,0,0,"No constraint needed"
1102200945025,Ultra Ct,INTERPOLATED,172753,True,PendantCluster,163,-172590,-99.9,"Nested pendant cluster (depth 6): Capped to 163 AADT (26% of entry road 'Club House Dr': 622)"
110416476010,Club House Dr,INTERPOLATED,205,True,PendantCluster,159,-46,-22.4,"Nested pendant cluster (depth 12): Capped to 159 AADT (7% of 2 entry roads (Club House Dr; Top Flight Dr): 2;322)"
1106087632075,Top Flight Dr,INTERPOLATED,10,True,PendantCluster,0,-10,-100,"Nested pendant cluster (depth 16): Capped to 0 AADT (3% of entry road 'Top Flight Dr': 10)"
1102970399845,Unknown Road,INTERPOLATED,434,True,PendantCluster,0,-434,-100,"Nested pendant cluster (depth 38): Capped to 0 AADT (0% of entry road 'Unknown Road': 440)"
1102200932160,Unknown Road,INTERPOLATED,170,True,PendantCluster,31,-139,-81.8,"Nested pendant cluster (depth 4): Capped to 31 AADT (41% of entry road 'Rice Ln': 78)"
110416478710,Wolf Hollow,INTERPOLATED,1115,False,NONE,1115,0,0,"No constraint needed"
1102200921075,Unknown Road,INTERPOLATED,2704,True,PendantCluster,1669,-1035,-38.3,"Nested pendant cluster (depth 2): Capped to 1;669 AADT (64% of entry road 'Wood Hollow Dr': 2;609)"
1102744859112,Dennis Rd,INTERPOLATED,2870,False,NONE,2870,0,0,"No constraint needed"
1102970391957,Dennis Rd,ACTUAL_COUNT,3794,False,NONE,3794,0,0,"No constraint needed"
110416479661,Ox Mill Creek Rd,ACTUAL_COUNT,3794,False,NONE,3794,0,0,"No constraint needed"
110416492143,Unknown Road,INTERPOLATED,1921,True,PendantCluster,1327,-594,-30.9,"Nested pendant cluster (depth 4): Capped to 1;327 AADT (41% of 2 entry roads (Unknown Road; Unknown Road): 3;240)"
110416446244,Horn Ln,INTERPOLATED,2142,False,NONE,2142,0,0,"No constraint needed"
1102200920403,Unknown Road,INTERPOLATED,2155,False,NONE,2155,0,0,"No constraint needed"
1102970399678,Taylor Rd,INTERPOLATED,1861,False,NONE,1861,0,0,"No constraint needed"
1103669883712,Patsy Lee Ct,INTERPOLATED,2482,True,PendantCluster,1187,-1295,-52.2,"Nested pendant cluster (depth 2): Capped to 1;187 AADT (64% of entry road 'FM 1189': 1;855)"
1104475062565,Unknown Road,INTERPOLATED,265806,False,NONE,265806,0,0,"No constraint needed"
1102466259392,Unknown Road,INTERPOLATED,3805,False,NONE,3805,0,0,"No constraint needed"
1104472890260,Unknown Road,INTERPOLATED,1455,False,NONE,1455,0,0,"No constraint needed"
1102466311801,Unknown Road,INTERPOLATED,213,True,PendantCluster,6,-207,-97.2,"Nested pendant cluster (depth 16): Capped to 6 AADT (3% of entry road 'Unknown Road': 214)"
1102466311815,Unknown Road,INTERPOLATED,213,True,PendantCluster,6,-207,-97.2,"Nested pendant cluster (depth 16): Capped to 6 AADT (3% of entry road 'Unknown Road': 216)"
1102466546619,Willow Creek Dr,INTERPOLATED,303,True,PendantCluster,59,-244,-80.5,"Nested pendant cluster (depth 8): Capped to 59 AADT (17% of 2 entry roads (Waltzing Brook Ct; Willow Creek Dr): 353)"
1102200927974,Unknown Road,INTERPOLATED,60920,True,PendantCluster,1170,-59750,-98.1,"Nested pendant cluster (depth 2): Capped to 1;170 AADT (64% of entry road 'W Park Ave': 1;829)"
1102200929954,Unknown Road,ACTUAL_COUNT,2929,False,NONE,2929,0,0,"No constraint needed"
1102200927548,Unknown Road,INTERPOLATED,137549,False,NONE,137549,0,0,"No constraint needed"
1102200924790,Unknown Road,INTERPOLATED,1451,False,NONE,1451,0,0,"No constraint needed"
1102200929069,Unknown Road,INTERPOLATED,1659,False,NONE,1659,0,0,"No constraint needed"
1102200926369,Unknown Road,INTERPOLATED,2187,False,NONE,2187,0,0,"No constraint needed"
1104475042513,Unknown Road,INTERPOLATED,272747,False,NONE,272747,0,0,"No constraint needed"
1102200925983,Unknown Road,INTERPOLATED,457,False,NONE,457,0,0,"No constraint needed"
110416489731,Unknown Road,INTERPOLATED,670,False,NONE,670,0,0,"No constraint needed"
110416489876,Unknown Road,INTERPOLATED,4657,True,PendantCluster,1909,-2748,-59,"Nested pendant cluster (depth 4): Capped to 1;909 AADT (41% of entry road 'Park Ct': 4;661)"
1105598408612,Steppes Ct,INTERPOLATED,2491,True,PendantCluster,271,-2220,-89.1,"Nested pendant cluster (depth 6): Capped to 271 AADT (26% of entry road 'Ruby Dr': 1;036)"
1106067242246,Park Road 71,INTERPOLATED,1580,True,PendantCluster,912,-668,-42.3,"Nested pendant cluster (depth 4): Capped to 912 AADT (41% of 2 entry roads (Unknown Road; Park Road 71): 2;227)"
1102970398873,Unknown Road,ACTUAL_COUNT,1118,False,NONE,1118,0,0,"No constraint needed"
110416447211,York Ln,INTERPOLATED,218,True,PendantCluster,125,-93,-42.7,"Nested pendant cluster (depth 4): Capped to 125 AADT (41% of 2 entry roads (Unknown Road; York Ln): 307)"
1103949267368,Unknown Road,INTERPOLATED,269,True,PendantCluster,135,-134,-49.8,"Nested pendant cluster (depth 4): Capped to 135 AADT (41% of 2 entry roads (Unknown Road; Unknown Road): 332)"
1102466337239,Unknown Road,INTERPOLATED,464,False,NONE,464,0,0,"No constraint needed"
1105576272932,Unknown Road,INTERPOLATED,282715,False,NONE,282715,0,0,"No constraint needed"
1102466311794,Unknown Road,INTERPOLATED,221,True,PendantCluster,115,-106,-48,"Nested pendant cluster (depth 6): Capped to 115 AADT (26% of 2 entry roads (Unknown Road; Unknown Road): 440)"
1102466311710,Unknown Road,INTERPOLATED,213,True,PendantCluster,0,-213,-100,"Nested pendant cluster (depth 18): Capped to 0 AADT (2% of 2 entry roads (Unknown Road; Unknown Road): 12)"
1105576424403,Ric Williams Memorial Hwy,INTERPOLATED,109482,False,NONE,109482,0,0,"No constraint needed"
1102466534815,Overton Ridge Cir,INTERPOLATED,1004,True,PendantCluster,681,-323,-32.2,"Nested pendant cluster (depth 6): Capped to 681 AADT (26% of 2 entry roads (Overton Ridge Cir; Trailview Ln): 2;599)"
1102466305990,Forest Creek Cir,INTERPOLATED,1443,True,PendantCluster,224,-1219,-84.5,"Nested pendant cluster (depth 4): Capped to 224 AADT (41% of entry road 'Saddle Club Rd': 547)"
1102200926104,Unknown Road,INTERPOLATED,213,True,PendantCluster,0,-213,-100,"Nested pendant cluster (depth 18): Capped to 0 AADT (2% of 2 entry roads (Unknown Road; Unknown Road): 12)"
1102638238585,Unknown Road,INTERPOLATED,212,True,PendantCluster,19,-193,-91,"Nested pendant cluster (depth 8): Capped to 19 AADT (17% of entry road 'Unknown Road': 115)"
1102200928013,Fawn Ct,INTERPOLATED,3221,True,PendantCluster,2158,-1063,-33,"Nested pendant cluster (depth 2): Capped to 2;158 AADT (64% of entry road 'Hunters Cir': 3;373)"
1104258580541,Unknown Road,INTERPOLATED,394,True,PendantCluster,294,-100,-25.4,"Nested pendant cluster (depth 4): Capped to 294 AADT (41% of entry road 'New Tin Top Rd': 718)"
1102200926747,Unknown Road,INTERPOLATED,3874,True,PendantCluster,772,-3102,-80.1,"Nested pendant cluster (depth 6): Capped to 772 AADT (26% of entry road 'Floyd Ct': 2;945)"
1102200929339,Cynthia Ann Parker Ln,INTERPOLATED,4586,True,PendantCluster,1202,-3384,-73.8,"Nested pendant cluster (depth 4): Capped to 1;202 AADT (41% of entry road 'Twin Springs Ranch Ln': 2;936)"
110416489554,Unknown Road,INTERPOLATED,5748,False,NONE,5748,0,0,"No constraint needed"
1102200930718,Falcons Eye Ct,INTERPOLATED,3522,True,PendantCluster,326,-3196,-90.7,"Nested pendant cluster (depth 6): Capped to 326 AADT (26% of entry road 'Diamond Ridge Ln': 1;247)"
1102200944625,Unknown Road,INTERPOLATED,149,True,PendantCluster,126,-23,-15.4,"Nested pendant cluster (depth 2): Capped to 126 AADT (64% of entry road 'Unknown Road': 198)"
110416492567,Unknown Road,INTERPOLATED,154,True,PendantCluster,135,-19,-12.3,"Nested pendant cluster (depth 2): Capped to 135 AADT (64% of entry road 'S FM 113': 212)"
1103435676939,Unknown Road,INTERPOLATED,192,True,PendantCluster,135,-57,-29.7,"Nested pendant cluster (depth 2): Capped to 135 AADT (64% of entry road 'S FM 113': 212)"
110416466658,Cypress St,INTERPOLATED,8954,True,PendantCluster,2291,-6663,-74.4,"Nested pendant cluster (depth 4): Capped to 2;291 AADT (41% of entry road 'Hickory Ln': 5;594)"
110416465542,Mariah Dr,INTERPOLATED,2742,True,PendantCluster,2155,-587,-21.4,"Nested pendant cluster (depth 6): Capped to 2;155 AADT (26% of 2 entry roads (Mariah Dr; Windsong Ct): 8;223)"
1103613664543,Fox Point Cir,INTERPOLATED,5571,False,NONE,5571,0,0,"No constraint needed"
1102466706335,Unknown Road,INTERPOLATED,5599,True,PendantCluster,1451,-4148,-74.1,"Nested pendant cluster (depth 4): Capped to 1;451 AADT (41% of entry road 'Pickard Ln': 3;543)"
110416491587,Unknown Road,INTERPOLATED,8906,True,PendantCluster,6403,-2503,-28.1,"Nested pendant cluster (depth 2): Capped to 6;403 AADT (64% of entry road 'Roselawn Dr': 10;006)"
11016954882123,Town Creek Cir,INTERPOLATED,30646,True,PendantCluster,19320,-11326,-37,"Nested pendant cluster (depth 2): Capped to 19;320 AADT (64% of entry road 'Hilltop Dr': 30;188)"
1102200932505,Unknown Road,INTERPOLATED,526,True,PendantCluster,28,-498,-94.7,"Nested pendant cluster (depth 2): Capped to 28 AADT (64% of entry road 'Gilbert Pit Rd': 45)"
110416491727,Unknown Road,INTERPOLATED,14329,True,PendantCluster,7592,-6737,-47,"Nested pendant cluster (depth 2): Capped to 7;592 AADT (64% of entry road 'Baker Cut Off Rd': 11;863)"
110416490134,Unknown Road,INTERPOLATED,1874,True,PendantCluster,1339,-535,-28.5,"Nested pendant cluster (depth 2): Capped to 1;339 AADT (64% of entry road 'Lazy Bend Rd': 2;093)"
1105598416032,Brock Ln,INTERPOLATED,1339,True,PendantCluster,772,-567,-42.3,"Nested pendant cluster (depth 4): Capped to 772 AADT (41% of 2 entry roads (Brock Ct; Brock Ln): 1;887)"
110416489430,Unknown Road,INTERPOLATED,216,True,PendantCluster,0,-216,-100,"Nested pendant cluster (depth 32): Capped to 0 AADT (0% of entry road 'Iroquois Trl': 224)"
1105598410669,Ridgeline Dr,ACTUAL_COUNT,15504,False,NONE,15504,0,0,"No constraint needed"
1104473155608,Unknown Road,ACTUAL_COUNT,3416,False,NONE,3416,0,0,"No constraint needed"
110416490854,Unknown Road,INTERPOLATED,4056,False,NONE,4056,0,0,"No constraint needed"
1102200939086,Town Oaks Mhp,INTERPOLATED,7206,True,PendantCluster,693,-6513,-90.4,"Nested pendant cluster (depth 4): Capped to 693 AADT (41% of entry road 'Twin Oaks Mobile Park': 1;692)"
110416492087,Unknown Road,INTERPOLATED,1696,True,PendantCluster,6,-1690,-99.6,"Nested pendant cluster (depth 10): Capped to 6 AADT (11% of entry road 'Twin Oaks Mobile Park': 63)"
1103594559933,Del Rio Ct,INTERPOLATED,1996,False,NONE,1996,0,0,"No constraint needed"
1102466342213,Unknown Road,INTERPOLATED,1663,True,PendantCluster,547,-1116,-67.1,"Nested pendant cluster (depth 2): Capped to 547 AADT (64% of 2 entry roads (Mineral Wells Hwy; US Hwy 180): 856)"
110416471014,Mesquite St,ACTUAL_COUNT,2380,True,PendantCluster,1523,-857,-36,"Nested pendant cluster (depth 2): Capped to 1;523 AADT (64% of entry road 'Jameson St': 2;380)"
11016954962333,Katherine Rd,INTERPOLATED,3835,True,PendantCluster,70,-3765,-98.2,"Nested pendant cluster (depth 8): Capped to 70 AADT (17% of entry road 'BB Fielder Dr': 423)"
1105576445700,Unknown Road,INTERPOLATED,284363,False,NONE,284363,0,0,"No constraint needed"
1105576419786,Unknown Road,INTERPOLATED,162750,False,NONE,162750,0,0,"No constraint needed"
110416474670,Shady Oak Ct,INTERPOLATED,3904,True,PendantCluster,1588,-2316,-59.3,"Nested pendant cluster (depth 4): Capped to 1;588 AADT (41% of entry road 'Shady Oak Dr': 3;878)"
110416465578,Meadow Ln,INTERPOLATED,2024,True,PendantCluster,432,-1592,-78.7,"Nested pendant cluster (depth 2): Capped to 432 AADT (64% of entry road 'Harmony Rd': 675)"
110416489578,Unknown Road,INTERPOLATED,1720,True,PendantCluster,1001,-719,-41.8,"Nested pendant cluster (depth 2): Capped to 1;001 AADT (64% of entry road 'Dicey Rd': 1;565)"
1103701318600,Unknown Road,INTERPOLATED,4125,True,PendantCluster,541,-3584,-86.9,"Nested pendant cluster (depth 6): Capped to 541 AADT (26% of 2 entry roads (Unknown Road; Unknown Road): 2;066)"
11016955183521,War Wagon Cir,INTERPOLATED,1564,True,PendantCluster,126,-1438,-91.9,"Nested pendant cluster (depth 6): Capped to 126 AADT (26% of entry road 'Nightlinger Ln': 483)"
1103794735564,Unknown Road,INTERPOLATED,2075,True,PendantCluster,1339,-736,-35.5,"Nested pendant cluster (depth 2): Capped to 1;339 AADT (64% of entry road 'Kings Rd': 2;093)"
110416489919,Unknown Road,INTERPOLATED,2118,True,PendantCluster,1417,-701,-33.1,"Nested pendant cluster (depth 2): Capped to 1;417 AADT (64% of entry road 'FM 1189': 2;215)"
110416490154,Unknown Road,INTERPOLATED,1472,True,PendantCluster,987,-485,-32.9,"Nested pendant cluster (depth 4): Capped to 987 AADT (41% of 2 entry roads (Unknown Road; Unknown Road): 2;411)"
1105598409571,Champion Ct,INTERPOLATED,2042,True,PendantCluster,487,-1555,-76.2,"Nested pendant cluster (depth 4): Capped to 487 AADT (41% of entry road 'Eagles Crest Ln': 1;191)"
11016954958284,Highland Oaks Ct,INTERPOLATED,917,True,PendantCluster,169,-748,-81.6,"Nested pendant cluster (depth 4): Capped to 169 AADT (41% of entry road 'Lazy Creek Xing': 414)"
110416490437,Unknown Road,INTERPOLATED,1316,True,PendantCluster,800,-516,-39.2,"Nested pendant cluster (depth 2): Capped to 800 AADT (64% of entry road 'Pine Rd': 1;250)"
110416492555,Unknown Road,INTERPOLATED,767,False,NONE,767,0,0,"No constraint needed"
1106067493084,Pine,INTERPOLATED,1352,False,NONE,1352,0,0,"No constraint needed"
1103690718648,College,INTERPOLATED,1369,False,NONE,1369,0,0,"No constraint needed"
1103690718660,College Dr,INTERPOLATED,1564,False,NONE,1564,0,0,"No constraint needed"
110416479223,Shadle Ridge Ct,INTERPOLATED,1716,False,NONE,1716,0,0,"No constraint needed"
110416492716,Unknown Road,INTERPOLATED,687,False,NONE,687,0,0,"No constraint needed"
110416492591,Unknown Road,INTERPOLATED,787,True,PendantCluster,228,-559,-71,"Nested pendant cluster (depth 4): Capped to 228 AADT (41% of entry road 'Unknown Road': 558)"
110416463157,Scott Rd,INTERPOLATED,1053,False,NONE,1053,0,0,"No constraint needed"
110416446026,Dove Dr,INTERPOLATED,5288,False,NONE,5288,0,0,"No constraint needed"
110416464590,Grimes Rd,INTERPOLATED,11319,False,NONE,11319,0,0,"No constraint needed"
11016955195336,Unknown Road,INTERPOLATED,2758,False,NONE,2758,0,0,"No constraint needed"
11016955195323,Unknown Road,INTERPOLATED,3810,False,NONE,3810,0,0,"No constraint needed"
110416492235,Unknown Road,INTERPOLATED,2729,False,NONE,2729,0,0,"No constraint needed"
11016955195337,Unknown Road,INTERPOLATED,2466,False,NONE,2466,0,0,"No constraint needed"
110416477198,New Authon Rd,ACTUAL_COUNT,641,False,NONE,641,0,0,"No constraint needed"
110416492718,Unknown Road,INTERPOLATED,495,True,PendantCluster,245,-250,-50.5,"Nested pendant cluster (depth 2): Capped to 245 AADT (64% of entry road 'Shadle Rd': 383)"
110416474840,Weatherby Ln,INTERPOLATED,483,True,PendantCluster,439,-44,-9.1,"Nested pendant cluster (depth 2): Capped to 439 AADT (64% of entry road 'Sarra Ln': 686)"
1104470716609,Unknown Road,INTERPOLATED,1077,False,NONE,1077,0,0,"No constraint needed"
110416456006,Jamar Dr,INTERPOLATED,1778,False,NONE,1778,0,0,"No constraint needed"
110416472174,La Arroya Dr,INTERPOLATED,1920,True,PendantCluster,1137,-783,-40.8,"Nested pendant cluster (depth 2): Capped to 1;137 AADT (64% of entry road 'Jamar Dr': 1;778)"
1103511003339,Elm St,INTERPOLATED,1762,False,NONE,1762,0,0,"No constraint needed"
110416466340,Wright,INTERPOLATED,1490,False,NONE,1490,0,0,"No constraint needed"
110416470069,Whatley St,INTERPOLATED,1243,False,NONE,1243,0,0,"No constraint needed"
110416465653,Morton St,ACTUAL_COUNT,1063,False,NONE,1063,0,0,"No constraint needed"
110416465763,Pegram St,INTERPOLATED,1235,False,NONE,1235,0,0,"No constraint needed"
1103661385995,Holiday Hills Dr,INTERPOLATED,1600,True,PendantCluster,174,-1426,-89.1,"Nested pendant cluster (depth 8): Capped to 174 AADT (17% of 2 entry roads (Holiday Hills Dr; Holiday Hills Dr): 1;040)"
1104468600204,Duvall Ln,INTERPOLATED,2198,True,PendantCluster,1205,-993,-45.2,"Nested pendant cluster (depth 2): Capped to 1;205 AADT (64% of 2 entry roads (Cottonwood Trl; Advance Rd): 1;883)"
110416490542,Unknown Road,INTERPOLATED,1841,True,PendantCluster,175,-1666,-90.5,"Nested pendant cluster (depth 4): Capped to 175 AADT (41% of entry road 'Unknown Road': 428)"
110416470496,Crockett Rd,INTERPOLATED,203,True,PendantCluster,68,-135,-66.5,"Nested pendant cluster (depth 8): Capped to 68 AADT (17% of 2 entry roads (Crockett Rd; Travis Rd): 406)"
110416479526,Franko Switch Rd,INTERPOLATED,461,False,NONE,461,0,0,"No constraint needed"
110416489878,Unknown Road,INTERPOLATED,2236,False,NONE,2236,0,0,"No constraint needed"
110416489879,Unknown Road,INTERPOLATED,2546,False,NONE,2546,0,0,"No constraint needed"
110416491295,Unknown Road,INTERPOLATED,2207,False,NONE,2207,0,0,"No constraint needed"
110416491294,Unknown Road,INTERPOLATED,569,False,NONE,569,0,0,"No constraint needed"
11016955096908,Turkey Meadows Ln,INTERPOLATED,551,False,NONE,551,0,0,"No constraint needed"
11016955067330,Doc Ballard Ct,INTERPOLATED,824,True,PendantCluster,155,-669,-81.2,"Nested pendant cluster (depth 6): Capped to 155 AADT (26% of entry road 'Mike Thornton Ct': 593)"
110416491356,Unknown Road,INTERPOLATED,1791,False,NONE,1791,0,0,"No constraint needed"
1102200955433,Unknown Road,INTERPOLATED,8035,False,NONE,8035,0,0,"No constraint needed"
1102200947555,Unknown Road,INTERPOLATED,425,True,PendantCluster,244,-181,-42.6,"Nested pendant cluster (depth 2): Capped to 244 AADT (64% of entry road 'N Lambert Rd': 382)"
1103478466643,Unk Dr,INTERPOLATED,503,True,PendantCluster,328,-175,-34.8,"Nested pendant cluster (depth 2): Capped to 328 AADT (64% of entry road 'W Lambert Rd': 514)"
110416462988,Roble Ct,INTERPOLATED,1584,True,PendantCluster,1016,-568,-35.9,"Nested pendant cluster (depth 2): Capped to 1;016 AADT (64% of entry road 'Monterrey Rd': 1;588)"
110416474966,Zion Hill Loop,ACTUAL_COUNT,665,False,NONE,665,0,0,"No constraint needed"
1106087401656,Spanish Trl,INTERPOLATED,1425,True,PendantCluster,471,-954,-66.9,"Nested pendant cluster (depth 6): Capped to 471 AADT (26% of 2 entry roads (Granada Ct; Spanish Trl): 1;798)"
1103522468190,Unknown Road,INTERPOLATED,1304,True,PendantCluster,425,-879,-67.4,"Nested pendant cluster (depth 2): Capped to 425 AADT (64% of entry road 'Zion Hill Loop': 665)"
110416489791,Unknown Road,INTERPOLATED,1146,True,PendantCluster,844,-302,-26.4,"Nested pendant cluster (depth 2): Capped to 844 AADT (64% of entry road 'Old Garner Rd': 1;319)"
1102970398248,Cabaniss Ln,ACTUAL_COUNT,159,False,NONE,159,0,0,"No constraint needed"
110416463139,Sandy Ln,INTERPOLATED,1010,False,NONE,1010,0,0,"No constraint needed"
110416491132,Unknown Road,INTERPOLATED,902,True,PendantCluster,410,-492,-54.5,"Nested pendant cluster (depth 2): Capped to 410 AADT (64% of entry road 'New Authon Rd': 641)"
110416491148,Unknown Road,INTERPOLATED,6615,True,PendantCluster,1565,-5050,-76.3,"Nested pendant cluster (depth 2): Capped to 1;565 AADT (64% of entry road 'FM 1885': 2;446)"
110416446639,Neal Ln,INTERPOLATED,832,False,NONE,832,0,0,"No constraint needed"
1102200936477,Unknown Road,ACTUAL_COUNT,678,True,PendantCluster,242,-436,-64.3,"Nested pendant cluster (depth 4): Capped to 242 AADT (41% of entry road 'Johnson Bend Rd': 592)"
110416474797,True Grit Ct,INTERPOLATED,704,True,PendantCluster,426,-278,-39.5,"Nested pendant cluster (depth 6): Capped to 426 AADT (26% of 2 entry roads (True Grit Ct; Rooster Cogburn Ct): 1;626)"
1103478476242,Unknown Road,INTERPOLATED,1271,True,PendantCluster,826,-445,-35,"Nested pendant cluster (depth 2): Capped to 826 AADT (64% of entry road 'Sosebee Bend Rd': 1;291)"
110416489573,Unknown Road,INTERPOLATED,1163,True,PendantCluster,746,-417,-35.9,"Nested pendant cluster (depth 2): Capped to 746 AADT (64% of entry road 'Jordan Rd': 1;166)"
110416465404,Jordan Rd,INTERPOLATED,1283,False,NONE,1283,0,0,"No constraint needed"
1102200950111,Unknown Road,INTERPOLATED,2014,True,PendantCluster,555,-1459,-72.4,"Nested pendant cluster (depth 4): Capped to 555 AADT (41% of entry road 'Lakeview Ct': 1;357)"
110416470843,Lakeview Ct,ACTUAL_COUNT,1357,False,NONE,1357,0,0,"No constraint needed"
110416490478,Unknown Road,INTERPOLATED,1149,True,PendantCluster,303,-846,-73.6,"Nested pendant cluster (depth 6): Capped to 303 AADT (26% of entry road 'Division Ln': 1;159)"
1103027556815,Hide Away Ln,INTERPOLATED,395,True,PendantCluster,161,-234,-59.2,"Nested pendant cluster (depth 4): Capped to 161 AADT (41% of entry road 'Hide Away Ln': 395)"
110416490967,Unknown Road,INTERPOLATED,1680,False,NONE,1680,0,0,"No constraint needed"
110416471747,Brumbelow Rd,INTERPOLATED,984,False,NONE,984,0,0,"No constraint needed"
110416445794,FM 2891,INTERPOLATED,1203,False,NONE,1203,0,0,"No constraint needed"
110416492521,Unknown Road,ACTUAL_COUNT,227,False,NONE,227,0,0,"No constraint needed"
110416491884,Unknown Road,INTERPOLATED,1253,False,NONE,1253,0,0,"No constraint needed"
110416490439,Unknown Road,INTERPOLATED,2171,False,NONE,2171,0,0,"No constraint needed"
1102217860833,Unknown Road,INTERPOLATED,8288,False,NONE,8288,0,0,"No constraint needed"
11016955195277,Unknown Road,INTERPOLATED,2358,False,NONE,2358,0,0,"No constraint needed"
1104745390741,Unknown Road,INTERPOLATED,907,False,NONE,907,0,0,"No constraint needed"
11016955195275,Unknown Road,INTERPOLATED,884,False,NONE,884,0,0,"No constraint needed"
110416492191,Unknown Road,INTERPOLATED,782,False,NONE,782,0,0,"No constraint needed"
110416492189,Unknown Road,INTERPOLATED,1041,False,NONE,1041,0,0,"No constraint needed"
1102217860829,Unknown Road,INTERPOLATED,1041,False,NONE,1041,0,0,"No constraint needed"
1102970388079,Unknown Road,INTERPOLATED,1042,False,NONE,1042,0,0,"No constraint needed"
11016955195291,Unknown Road,INTERPOLATED,741,False,NONE,741,0,0,"No constraint needed"
1102970388077,Unknown Road,INTERPOLATED,906,False,NONE,906,0,0,"No constraint needed"
110416492062,Unknown Road,INTERPOLATED,946,False,NONE,946,0,0,"No constraint needed"
1104745390753,Unknown Road,INTERPOLATED,1059,False,NONE,1059,0,0,"No constraint needed"
1102217860824,Unknown Road,INTERPOLATED,1055,False,NONE,1055,0,0,"No constraint needed"
110416492059,Unknown Road,INTERPOLATED,1061,False,NONE,1061,0,0,"No constraint needed"
110416446232,Hood Rd,ACTUAL_COUNT,1063,False,NONE,1063,0,0,"No constraint needed"
1102970502107,Unknown Road,INTERPOLATED,627,True,PendantCluster,161,-466,-74.3,"Nested pendant cluster (depth 4): Capped to 161 AADT (41% of entry road 'Hide Away Ln': 395)"
110416489978,Unknown Road,INTERPOLATED,1088,False,NONE,1088,0,0,"No constraint needed"
110416447052,Shaw St,INTERPOLATED,1241,False,NONE,1241,0,0,"No constraint needed"
1103794701674,Unknown Road,INTERPOLATED,1604,False,NONE,1604,0,0,"No constraint needed"
110416474466,Nutronics Pl,INTERPOLATED,1438,False,NONE,1438,0,0,"No constraint needed"
110416490677,Unknown Road,INTERPOLATED,498,True,PendantCluster,302,-196,-39.4,"Nested pendant cluster (depth 2): Capped to 302 AADT (64% of entry road 'Holders Chapel Rd': 472)"
110416489770,Unknown Road,INTERPOLATED,1376,False,NONE,1376,0,0,"No constraint needed"
1102200920016,McKay Ln,INTERPOLATED,642,True,PendantCluster,486,-156,-24.3,"Nested pendant cluster (depth 2): Capped to 486 AADT (64% of entry road 'Weiland Rd': 760)"
110416466977,Liggett,INTERPOLATED,1503,True,PendantCluster,502,-1001,-66.6,"Nested pendant cluster (depth 4): Capped to 502 AADT (41% of entry road 'Van Story Rd': 1;226)"
110416489644,Unknown Road,INTERPOLATED,1440,True,PendantCluster,239,-1201,-83.4,"Nested pendant cluster (depth 6): Capped to 239 AADT (26% of entry road 'Park Road 71': 912)"
1103027556809,Hide Away Ln,INTERPOLATED,625,True,PendantCluster,149,-476,-76.2,"Nested pendant cluster (depth 6): Capped to 149 AADT (26% of 3 entry roads (Hide Away Ln; Hide Away Ln; ...): 570)"
110416489498,Unknown Road,INTERPOLATED,1581,False,NONE,1581,0,0,"No constraint needed"
110416492030,Unknown Road,INTERPOLATED,1694,False,NONE,1694,0,0,"No constraint needed"
1104468932893,Oakwood Creek Ln,INTERPOLATED,599,True,PendantCluster,345,-254,-42.4,"Nested pendant cluster (depth 4): Capped to 345 AADT (41% of 2 entry roads (Oakwood Creek Ct; Oakwood Creek Ln): 844)"
11016955124148,Cottonwood Trl,INTERPOLATED,1214,False,NONE,1214,0,0,"No constraint needed"
1103662205369,Unknown Road,INTERPOLATED,1076,True,PendantCluster,685,-391,-36.3,"Nested pendant cluster (depth 2): Capped to 685 AADT (64% of entry road 'Lone Star Rd': 1;071)"
1102200934433,Unknown Road,INTERPOLATED,741,False,NONE,741,0,0,"No constraint needed"
1102200936836,Unknown Road,INTERPOLATED,1368,False,NONE,1368,0,0,"No constraint needed"
110416478213,Hummingbird Ln,INTERPOLATED,1176,True,PendantCluster,768,-408,-34.7,"Nested pendant cluster (depth 2): Capped to 768 AADT (64% of entry road 'Falcon Dr': 1;200)"
1102218040510,Unknown Road,INTERPOLATED,1046,False,NONE,1046,0,0,"No constraint needed"
110416470972,Marianne Ct,INTERPOLATED,1550,True,PendantCluster,459,-1091,-70.4,"Nested pendant cluster (depth 4): Capped to 459 AADT (41% of entry road 'Clover Dr': 1;123)"
1102466498161,Mark Layne Rd,INTERPOLATED,2395,False,NONE,2395,0,0,"No constraint needed"
1102200956247,Unknown Road,INTERPOLATED,1041,False,NONE,1041,0,0,"No constraint needed"
110416470438,Cinnamon Ct,INTERPOLATED,1169,True,PendantCluster,599,-570,-48.8,"Nested pendant cluster (depth 2): Capped to 599 AADT (64% of entry road 'Old Mineral Wells Hwy': 937)"
1102218040515,Unknown Road,INTERPOLATED,1026,False,NONE,1026,0,0,"No constraint needed"
110416490805,Unknown Road,INTERPOLATED,673,False,NONE,673,0,0,"No constraint needed"
110416490398,Unknown Road,INTERPOLATED,6183,True,PendantCluster,2043,-4140,-67,"Nested pendant cluster (depth 4): Capped to 2;043 AADT (41% of entry road 'Rawhide Trl': 4;988)"
1103518704585,450 Dr,INTERPOLATED,1177,True,PendantCluster,228,-949,-80.6,"Nested pendant cluster (depth 4): Capped to 228 AADT (41% of entry road 'Melton Ln': 558)"
1102200932413,Unknown Road,INTERPOLATED,461,True,PendantCluster,244,-217,-47.1,"Nested pendant cluster (depth 2): Capped to 244 AADT (64% of entry road 'N Lambert Rd': 382)"
110416478940,Cross Forest Ct,INTERPOLATED,1555,True,PendantCluster,1036,-519,-33.4,"Nested pendant cluster (depth 2): Capped to 1;036 AADT (64% of entry road 'Creek Bend Dr': 1;620)"
110416466968,Lantana Ct,INTERPOLATED,1615,True,PendantCluster,1036,-579,-35.9,"Nested pendant cluster (depth 2): Capped to 1;036 AADT (64% of entry road 'Creek Bend Dr': 1;620)"
110416492032,Unknown Road,INTERPOLATED,1215,True,PendantCluster,425,-790,-65,"Nested pendant cluster (depth 2): Capped to 425 AADT (64% of entry road 'Zion Hill Loop': 665)"
110416447233,Adair Ln,INTERPOLATED,1425,True,PendantCluster,471,-954,-66.9,"Nested pendant cluster (depth 6): Capped to 471 AADT (26% of 2 entry roads (Unknown Road; Adair Ln): 1;798)"
110416475012,Bartallen Ln,INTERPOLATED,1424,True,PendantCluster,756,-668,-46.9,"Nested pendant cluster (depth 6): Capped to 756 AADT (26% of 3 entry roads (Ethan Ct; Chris Ct; ...): 2;885)"
1103701330089,Bay Ct,INTERPOLATED,1545,True,PendantCluster,215,-1330,-86.1,"Nested pendant cluster (depth 6): Capped to 215 AADT (26% of entry road 'Colonial Creek Ln': 822)"
1103357119627,Lindas Creek Ln,INTERPOLATED,1740,True,PendantCluster,1425,-315,-18.1,"Nested pendant cluster (depth 2): Capped to 1;425 AADT (64% of entry road 'FM 2421': 2;228)"
110416446170,Hall Rd,INTERPOLATED,2075,False,NONE,2075,0,0,"No constraint needed"
110416492558,Unknown Road,INTERPOLATED,619,False,NONE,619,0,0,"No constraint needed"
1104470397213,Salt Flat Ct,INTERPOLATED,1467,True,PendantCluster,256,-1211,-82.5,"Nested pendant cluster (depth 8): Capped to 256 AADT (17% of 2 entry roads (Salt Flat Ct; Salt Flat Ct): 1;531)"
1104470397473,Unknown Road,INTERPOLATED,1381,True,PendantCluster,125,-1256,-90.9,"Nested pendant cluster (depth 6): Capped to 125 AADT (26% of 2 entry roads (Unknown Road; Unknown Road): 478)"
1102200931189,Westend Ln,INTERPOLATED,1382,True,PendantCluster,599,-783,-56.7,"Nested pendant cluster (depth 2): Capped to 599 AADT (64% of entry road 'Old Mineral Wells Hwy': 937)"
110416490952,Unknown Road,INTERPOLATED,885,False,NONE,885,0,0,"No constraint needed"
110416489585,Unknown Road,INTERPOLATED,1292,False,NONE,1292,0,0,"No constraint needed"
110416492507,Unknown Road,INTERPOLATED,1206,True,PendantCluster,629,-577,-47.8,"Nested pendant cluster (depth 2): Capped to 629 AADT (64% of entry road 'Erwin Rd': 984)"
11016955122493,Cornstubble Ln,INTERPOLATED,1675,True,PendantCluster,6,-1669,-99.6,"Nested pendant cluster (depth 10): Capped to 6 AADT (11% of entry road 'Unknown Road': 62)"
110416469971,Threatt Ln,INTERPOLATED,440,True,PendantCluster,253,-187,-42.5,"Nested pendant cluster (depth 4): Capped to 253 AADT (41% of 2 entry roads (Unknown Road; Threatt Ln): 620)"
11016955645506,Lagrange Ct,INTERPOLATED,1080,False,NONE,1080,0,0,"No constraint needed"
110416463996,Barton Ln,INTERPOLATED,1480,True,PendantCluster,970,-510,-34.5,"Nested pendant cluster (depth 2): Capped to 970 AADT (64% of entry road 'Tremble Rd': 1;517)"
110416492562,Unknown Road,INTERPOLATED,2545,False,NONE,2545,0,0,"No constraint needed"
110416448264,Bella Ct,INTERPOLATED,1166,True,PendantCluster,857,-309,-26.5,"Nested pendant cluster (depth 6): Capped to 857 AADT (26% of 2 entry roads (Bella Ct; Shelbi Ct): 3;272)"
110416445573,Elm St,INTERPOLATED,63,True,PendantCluster,12,-51,-81,"Nested pendant cluster (depth 8): Capped to 12 AADT (17% of 2 entry roads (Beech St; Elm St): 73)"
110416475041,Blue Ridge Dr,INTERPOLATED,1765,True,PendantCluster,852,-913,-51.7,"Nested pendant cluster (depth 8): Capped to 852 AADT (17% of 2 entry roads (Blue Ridge Dr; Blue Jay Ct): 5;084)"
110416490427,Unknown Road,INTERPOLATED,3259,False,NONE,3259,0,0,"No constraint needed"
110416447531,Anvil Ct,INTERPOLATED,2132,True,PendantCluster,1565,-567,-26.6,"Nested pendant cluster (depth 2): Capped to 1;565 AADT (64% of entry road 'FM 1885': 2;446)"
110416470035,Viannah Dr,INTERPOLATED,3307,False,NONE,3307,0,0,"No constraint needed"
1104468378315,Coder Dr,INTERPOLATED,2854,True,PendantCluster,305,-2549,-89.3,"Nested pendant cluster (depth 6): Capped to 305 AADT (26% of entry road 'Old Weatherford Rd': 1;164)"
110416465915,Shipps Rd,INTERPOLATED,349,True,PendantCluster,307,-42,-12,"Nested pendant cluster (depth 4): Capped to 307 AADT (41% of entry road 'Kelly Rd': 750)"
110416471271,Rambling Loop,INTERPOLATED,385,True,PendantCluster,19,-366,-95.1,"Nested pendant cluster (depth 8): Capped to 19 AADT (17% of entry road 'Rambling Trl': 116)"
110416477208,Oak Hollow Dr,ACTUAL_COUNT,310,False,NONE,310,0,0,"No constraint needed"
110416479054,Hidden Acres Ln,INTERPOLATED,4364,False,NONE,4364,0,0,"No constraint needed"
1104470494390,Trace Ridge Dr,INTERPOLATED,8574,False,NONE,8574,0,0,"No constraint needed"
110416478607,Valle Vista Rd,INTERPOLATED,1465,False,NONE,1465,0,0,"No constraint needed"
110416490036,Unknown Road,INTERPOLATED,637,True,PendantCluster,24,-613,-96.2,"Nested pendant cluster (depth 8): Capped to 24 AADT (17% of entry road 'Dustin Cir': 148)"
1102200947194,Unknown Road,INTERPOLATED,7213,False,NONE,7213,0,0,"No constraint needed"
110416474929,Woodstream Ct,INTERPOLATED,454,True,PendantCluster,80,-374,-82.4,"Nested pendant cluster (depth 6): Capped to 80 AADT (26% of entry road 'Pate Rd': 307)"
110416490636,Unknown Road,INTERPOLATED,7149,False,NONE,7149,0,0,"No constraint needed"
1102200925999,Macs Mh Park,INTERPOLATED,8702,True,PendantCluster,548,-8154,-93.7,"Nested pendant cluster (depth 4): Capped to 548 AADT (41% of entry road 'Unknown Road': 1;338)"
110416470430,Cimmaron Rd,ACTUAL_COUNT,4190,False,NONE,4190,0,0,"No constraint needed"
1103690719920,Brook Park Dr,INTERPOLATED,4415,False,NONE,4415,0,0,"No constraint needed"
1103680694317,Burning Tree Ct,INTERPOLATED,4512,True,PendantCluster,1697,-2815,-62.4,"Nested pendant cluster (depth 4): Capped to 1;697 AADT (41% of entry road 'Clear Creek Dr': 4;144)"
1102818011456,Unknown Road,INTERPOLATED,881816,False,NONE,881816,0,0,"No constraint needed"
110416464173,Canyon Ct,ACTUAL_COUNT,7532,False,NONE,7532,0,0,"No constraint needed"
110416463233,Stacy Ln,INTERPOLATED,1116,False,NONE,1116,0,0,"No constraint needed"
110416479571,Howell Garner Rd,INTERPOLATED,2657,True,PendantCluster,1093,-1564,-58.9,"Nested pendant cluster (depth 4): Capped to 1;093 AADT (41% of entry road 'Trinity River Dr': 2;669)"
110416474575,Ranch Oak Dr,ACTUAL_COUNT,310,False,NONE,310,0,0,"No constraint needed"
1106067252221,Green Oaks Trl,INTERPOLATED,1528,False,NONE,1528,0,0,"No constraint needed"
110416492038,Unknown Road,ACTUAL_COUNT,1645,False,NONE,1645,0,0,"No constraint needed"
1102970401318,Stagecoach Trl,INTERPOLATED,962,False,NONE,962,0,0,"No constraint needed"
1102200936091,Unknown Road,INTERPOLATED,2171,True,PendantCluster,1383,-788,-36.3,"Nested pendant cluster (depth 2): Capped to 1;383 AADT (64% of entry road 'Center Point Rd': 2;162)"
110416471474,Vineyard St,INTERPOLATED,2187,True,PendantCluster,1383,-804,-36.8,"Nested pendant cluster (depth 2): Capped to 1;383 AADT (64% of entry road 'Center Point Rd': 2;162)"
110416467070,Oakview Dr,INTERPOLATED,695,True,PendantCluster,284,-411,-59.1,"Nested pendant cluster (depth 4): Capped to 284 AADT (41% of entry road 'Oakview Dr': 695)"
110416467236,Russell Ct,INTERPOLATED,655,False,NONE,655,0,0,"No constraint needed"
110416464517,Forest Ct,INTERPOLATED,3975,True,PendantCluster,275,-3700,-93.1,"Nested pendant cluster (depth 6): Capped to 275 AADT (26% of entry road 'W Hill Dr': 1;052)"
110416472036,Greenview Dr,ACTUAL_COUNT,429,True,PendantCluster,92,-337,-78.6,"Nested pendant cluster (depth 8): Capped to 92 AADT (17% of 2 entry roads (McDavid Dr; Greenview Ct): 553)"
1102970390614,Unknown Road,INTERPOLATED,1653,False,NONE,1653,0,0,"No constraint needed"
1104693016736,Unknown Road,INTERPOLATED,811,False,NONE,811,0,0,"No constraint needed"
110416454335,Gerry Dr,INTERPOLATED,9087,False,NONE,9087,0,0,"No constraint needed"
110416491604,Unknown Road,INTERPOLATED,2972,True,PendantCluster,1196,-1776,-59.8,"Nested pendant cluster (depth 4): Capped to 1;196 AADT (41% of entry road 'Unknown Road': 2;921)"
110416491848,Unknown Road,INTERPOLATED,4262,False,NONE,4262,0,0,"No constraint needed"
110416491870,Unknown Road,INTERPOLATED,2113,False,NONE,2113,0,0,"No constraint needed"
110416491502,Unknown Road,INTERPOLATED,2895,True,PendantCluster,466,-2429,-83.9,"Nested pendant cluster (depth 6): Capped to 466 AADT (26% of 2 entry roads (Unknown Road; Unknown Road): 1;780)"
110416491479,Unknown Road,INTERPOLATED,2767,True,PendantCluster,890,-1877,-67.8,"Nested pendant cluster (depth 4): Capped to 890 AADT (41% of entry road 'Muir Ranch Rd': 2;175)"
110416491489,Unknown Road,INTERPOLATED,3543,False,NONE,3543,0,0,"No constraint needed"
110416491030,Unknown Road,INTERPOLATED,3143,True,PendantCluster,1787,-1356,-43.1,"Nested pendant cluster (depth 4): Capped to 1;787 AADT (41% of 2 entry roads (Unknown Road; Unknown Road): 4;365)"
1103690717597,Scenic View Dr,INTERPOLATED,3744,False,NONE,3744,0,0,"No constraint needed"
110416491051,Unknown Road,INTERPOLATED,2765,True,PendantCluster,1387,-1378,-49.8,"Nested pendant cluster (depth 4): Capped to 1;387 AADT (41% of 2 entry roads (Unknown Road; Unknown Road): 3;387)"
1103658081410,McDavid Springs Dr,INTERPOLATED,1585,False,NONE,1585,0,0,"No constraint needed"
1106087910918,Tealwood Ln,INTERPOLATED,1604,False,NONE,1604,0,0,"No constraint needed"
1103701321715,Unknown Road,INTERPOLATED,12036,False,NONE,12036,0,0,"No constraint needed"
1103701321728,Unknown Road,INTERPOLATED,5317,False,NONE,5317,0,0,"No constraint needed"
1103658060235,Rustic View Ln,INTERPOLATED,1708,True,PendantCluster,1400,-308,-18,"Nested pendant cluster (depth 4): Capped to 1;400 AADT (41% of 2 entry roads (Rustic View Ln; Angelina Dr): 3;420)"
1105598371640,Angelina Dr,INTERPOLATED,1712,False,NONE,1712,0,0,"No constraint needed"
1105598386001,Nueces Trl,INTERPOLATED,1681,False,NONE,1681,0,0,"No constraint needed"
1105598386213,Unknown Road,INTERPOLATED,1680,False,NONE,1680,0,0,"No constraint needed"
110416477324,Ridgecrest Dr,INTERPOLATED,1661,False,NONE,1661,0,0,"No constraint needed"
110416463320,Torri Ct,ACTUAL_COUNT,9773,True,PendantCluster,5125,-4648,-47.6,"Nested pendant cluster (depth 2): Capped to 5;125 AADT (64% of entry road 'E Bankhead Hwy': 8;008)"
1106092822788,Alcorn Ln,INTERPOLATED,8,True,PendantCluster,0,-8,-100,"Nested pendant cluster (depth 14): Capped to 0 AADT (4% of 2 entry roads (Acorn Dr; Alcorn Ln): 16)"
110416492257,Unknown Road,INTERPOLATED,7959,True,PendantCluster,5573,-2386,-30,"Nested pendant cluster (depth 2): Capped to 5;573 AADT (64% of 2 entry roads (Unknown Road; Quail Ridge Rd): 8;708)"
110416460674,Quail Trl,ACTUAL_COUNT,846,False,NONE,846,0,0,"No constraint needed"
1104472783037,Unknown Road,INTERPOLATED,976416,False,NONE,976416,0,0,"No constraint needed"
110416477909,Bridle Wood Ct,INTERPOLATED,2729,True,PendantCluster,1920,-809,-29.6,"Nested pendant cluster (depth 2): Capped to 1;920 AADT (64% of entry road 'S FM 5': 3;001)"
110416477229,Park Ridge Dr,INTERPOLATED,1257,False,NONE,1257,0,0,"No constraint needed"
1102200925952,Hollow Dr,ACTUAL_COUNT,261,False,NONE,261,0,0,"No constraint needed"
1102200930912,Rock Ct,INTERPOLATED,1401,True,PendantCluster,693,-708,-50.5,"Nested pendant cluster (depth 2): Capped to 693 AADT (64% of entry road 'Rim Rock Rd': 1;084)"
1102466651423,Charlie Way,INTERPOLATED,1380,False,NONE,1380,0,0,"No constraint needed"
1102970390035,Unknown Road,INTERPOLATED,1658,True,PendantCluster,785,-873,-52.7,"Nested pendant cluster (depth 6): Capped to 785 AADT (26% of 2 entry roads (Unknown Road; Unknown Road): 2;996)"
110416491751,Unknown Road,INTERPOLATED,4287,False,NONE,4287,0,0,"No constraint needed"
110416491104,Unknown Road,INTERPOLATED,3890,False,NONE,3890,0,0,"No constraint needed"
110416490305,Unknown Road,INTERPOLATED,2059,False,NONE,2059,0,0,"No constraint needed"
110416478671,White Stone,INTERPOLATED,254,True,PendantCluster,119,-135,-53.1,"Nested pendant cluster (depth 6): Capped to 119 AADT (26% of 2 entry roads (Skyline Dr; US Hwy 377): 457)"
11016954007869,Walsh Ranch Pkwy,INTERPOLATED,3014,False,NONE,3014,0,0,"No constraint needed"
110416467295,Sanchez Trl,INTERPOLATED,1578,False,NONE,1578,0,0,"No constraint needed"
110416464222,Cherry St,ACTUAL_COUNT,186,False,NONE,186,0,0,"No constraint needed"
110416471824,Crestview Dr,ACTUAL_COUNT,376,False,NONE,376,0,0,"No constraint needed"
1102466747326,Westgate Dr,ACTUAL_COUNT,1248,True,PendantCluster,511,-737,-59.1,"Nested pendant cluster (depth 4): Capped to 511 AADT (41% of entry road 'Westgate Dr': 1;248)"
110416445572,Elm St,INTERPOLATED,2266,True,PendantCluster,1699,-567,-25,"Nested pendant cluster (depth 2): Capped to 1;699 AADT (64% of 2 entry roads (E Oak St; Elm St): 2;656)"
1103658049407,Creek Side Dr,INTERPOLATED,1760,False,NONE,1760,0,0,"No constraint needed"
110416491374,Unknown Road,INTERPOLATED,2297,False,NONE,2297,0,0,"No constraint needed"
1103949253720,Unknown Road,INTERPOLATED,2671,True,PendantCluster,1556,-1115,-41.7,"Nested pendant cluster (depth 4): Capped to 1;556 AADT (41% of 2 entry roads (Unknown Road; Unknown Road): 3;800)"
1104472790704,Unknown Road,INTERPOLATED,510893,False,NONE,510893,0,0,"No constraint needed"
1102200935232,Unknown Road,INTERPOLATED,2408,True,PendantCluster,827,-1581,-65.7,"Nested pendant cluster (depth 4): Capped to 827 AADT (41% of entry road 'S FM 1187': 2;021)"
1102966056060,Ashbriar,INTERPOLATED,877,False,NONE,877,0,0,"No constraint needed"
110416489646,Rivercreek Ranch Ln,INTERPOLATED,1272,True,PendantCluster,7,-1265,-99.4,"Nested pendant cluster (depth 12): Capped to 7 AADT (7% of entry road 'S FM 1187': 105)"
110416466783,Goforth Rd,INTERPOLATED,4,True,PendantCluster,0,-4,-100,"Nested pendant cluster (depth 12): Capped to 0 AADT (7% of entry road 'Goforth Rd': 4)"
110416478775,Aledo Pointe Dr,INTERPOLATED,6490,True,PendantCluster,723,-5767,-88.9,"Nested pendant cluster (depth 6): Capped to 723 AADT (26% of entry road 'Prarie Ridge Dr': 2;760)"
110416445957,Cook Rd,INTERPOLATED,1089,False,NONE,1089,0,0,"No constraint needed"
110416464460,Emsley Dr,INTERPOLATED,834,False,NONE,834,0,0,"No constraint needed"
110416471248,Post Oak Ct,INTERPOLATED,2180,True,PendantCluster,675,-1505,-69,"Nested pendant cluster (depth 2): Capped to 675 AADT (64% of entry road 'Ranch House Rd': 1;055)"
11033198798500,Unknown Road,ACTUAL_COUNT,2440,False,NONE,2440,0,0,"No constraint needed"
1104489006237,Unknown Road,INTERPOLATED,2370,False,NONE,2370,0,0,"No constraint needed"
110416465719,Norman Dr,INTERPOLATED,2665,True,PendantCluster,1561,-1104,-41.4,"Nested pendant cluster (depth 2): Capped to 1;561 AADT (64% of entry road 'E Lake Dr': 2;440)"
110416445571,Elm St,INTERPOLATED,3479,False,NONE,3479,0,0,"No constraint needed"
110416466911,Joalene Dr,INTERPOLATED,1884,True,PendantCluster,336,-1548,-82.2,"Nested pendant cluster (depth 2): Capped to 336 AADT (64% of entry road 'Newell Dr': 526)"
110416466742,Florine Ct,INTERPOLATED,1666,True,PendantCluster,690,-976,-58.6,"Nested pendant cluster (depth 4): Capped to 690 AADT (41% of entry road 'Coates Trl': 1;686)"
110416470935,Lockheed,INTERPOLATED,675,True,PendantCluster,609,-66,-9.8,"Nested pendant cluster (depth 4): Capped to 609 AADT (41% of 2 entry roads (Lockheed; Unknown Road): 1;488)"
110416478412,Ranch House Ct,INTERPOLATED,804,True,PendantCluster,675,-129,-16,"Nested pendant cluster (depth 2): Capped to 675 AADT (64% of entry road 'Ranch House Rd': 1;055)"
110416489484,Unknown Road,INTERPOLATED,922,True,PendantCluster,65,-857,-93,"Nested pendant cluster (depth 6): Capped to 65 AADT (26% of entry road 'Unknown Road': 249)"
110416478375,Pebblebrook Dr,INTERPOLATED,5655,False,NONE,5655,0,0,"No constraint needed"
110416445767,FM 2376,INTERPOLATED,1352,True,PendantCluster,1102,-250,-18.5,"Nested pendant cluster (depth 2): Capped to 1;102 AADT (64% of entry road 'FM 1187 E': 1;723)"
1104472814296,Bent Creek Ranch Ct,INTERPOLATED,348,True,PendantCluster,160,-188,-54,"Nested pendant cluster (depth 6): Capped to 160 AADT (26% of 2 entry roads (US Hwy 377; Kelly Rd): 614)"
110416466516,Camelot,INTERPOLATED,1085,False,NONE,1085,0,0,"No constraint needed"
110416477392,Royal View Ct,INTERPOLATED,1055,True,PendantCluster,431,-624,-59.1,"Nested pendant cluster (depth 4): Capped to 431 AADT (41% of entry road 'Royal View Dr': 1;053)"
110416472345,Lakewood Dr,INTERPOLATED,5950,False,NONE,5950,0,0,"No constraint needed"
110416470661,Highlake Dr,INTERPOLATED,6034,False,NONE,6034,0,0,"No constraint needed"
110416446661,Otto Rd,INTERPOLATED,1362,False,NONE,1362,0,0,"No constraint needed"
110416466081,Timber Ct,INTERPOLATED,1645,True,PendantCluster,582,-1063,-64.6,"Nested pendant cluster (depth 4): Capped to 582 AADT (41% of entry road 'Windmill Rd': 1;422)"
110416448686,Bluff Ct,INTERPOLATED,1140,True,PendantCluster,809,-331,-29,"Nested pendant cluster (depth 2): Capped to 809 AADT (64% of entry road 'Vista Dr': 1;265)"
110416446255,Ivie Ln,INTERPOLATED,3252,True,PendantCluster,3053,-199,-6.1,"Nested pendant cluster (depth 2): Capped to 3;053 AADT (64% of 2 entry roads (Alexander Dr; Center Point Rd): 4;771)"
110416447271,Adobe Ct,INTERPOLATED,564,False,NONE,564,0,0,"No constraint needed"
1103671412776,Silverstone Dr,ACTUAL_COUNT,1375,True,PendantCluster,605,-770,-56,"Nested pendant cluster (depth 6): Capped to 605 AADT (26% of 2 entry roads (Silverstone Dr; Salado Trl): 2;311)"
110416480351,Sophie's Pl,INTERPOLATED,1312,False,NONE,1312,0,0,"No constraint needed"
1103704902084,Unknown Road,INTERPOLATED,1383,True,PendantCluster,363,-1020,-73.8,"Nested pendant cluster (depth 4): Capped to 363 AADT (41% of entry road 'Carrol St': 888)"
1102200933158,Reata Dr,INTERPOLATED,2734,False,NONE,2734,0,0,"No constraint needed"
1103498327626,Broken Horn Trl,INTERPOLATED,1617,True,PendantCluster,662,-955,-59.1,"Nested pendant cluster (depth 4): Capped to 662 AADT (41% of entry road 'Broken Horn Trl': 1;617)"
110416490755,Unknown Road,INTERPOLATED,7729,False,NONE,7729,0,0,"No constraint needed"
1102200920795,Unknown Road,INTERPOLATED,2146,True,PendantCluster,2039,-107,-5,"Nested pendant cluster (depth 2): Capped to 2;039 AADT (64% of entry road 'Suzanne Trl': 3;186)"
11033198778682,Belmont Dr,INTERPOLATED,997,False,NONE,997,0,0,"No constraint needed"
1102209881608,Sandra Ln,INTERPOLATED,1418,True,PendantCluster,511,-907,-64,"Nested pendant cluster (depth 4): Capped to 511 AADT (41% of entry road 'Westgate Dr': 1;248)"
1103669883565,Locust St,INTERPOLATED,1331,True,PendantCluster,798,-533,-40,"Nested pendant cluster (depth 2): Capped to 798 AADT (64% of entry road 'Underwood Rd': 1;248)"
1102210229506,Howard Way Dr,INTERPOLATED,1528,True,PendantCluster,624,-904,-59.2,"Nested pendant cluster (depth 4): Capped to 624 AADT (41% of entry road 'Barnwell Ln': 1;525)"
1102214009227,Versailles Ln,INTERPOLATED,1466,True,PendantCluster,600,-866,-59.1,"Nested pendant cluster (depth 4): Capped to 600 AADT (41% of entry road 'Versailles Ln': 1;466)"
11016954949996,Golden Grove Ct,INTERPOLATED,4475,True,PendantCluster,1711,-2764,-61.8,"Nested pendant cluster (depth 4): Capped to 1;711 AADT (41% of entry road 'Golden Arrow Dr': 4;178)"
110416491610,Unknown Road,INTERPOLATED,1341,True,PendantCluster,747,-594,-44.3,"Nested pendant cluster (depth 6): Capped to 747 AADT (26% of 2 entry roads (Unknown Road; Unknown Road): 2;852)"
1102200925543,Shadow Creek Ln,INTERPOLATED,974105,True,PendantCluster,5125,-968980,-99.5,"Nested pendant cluster (depth 2): Capped to 5;125 AADT (64% of entry road 'E Bankhead Hwy': 8;008)"
110416478452,Rising Star Ct,INTERPOLATED,7952,True,PendantCluster,2316,-5636,-70.9,"Nested pendant cluster (depth 4): Capped to 2;316 AADT (41% of entry road 'Rising Sun Rd': 5;655)"
110416465316,Hewitt Ln,INTERPOLATED,9164,True,PendantCluster,5125,-4039,-44.1,"Nested pendant cluster (depth 2): Capped to 5;125 AADT (64% of entry road 'E Bankhead Hwy': 8;008)"
1103680691458,Creek Side Dr,INTERPOLATED,3114,False,NONE,3114,0,0,"No constraint needed"
1104473156776,Woodland Hills Ln,INTERPOLATED,2132,True,PendantCluster,1193,-939,-44,"Nested pendant cluster (depth 6): Capped to 1;193 AADT (26% of 2 entry roads (Woodland Hills Ln; Woodside Ct): 4;552)"
11016954007889,Ardath Rd,INTERPOLATED,4248,True,PendantCluster,35,-4213,-99.2,"Nested pendant cluster (depth 8): Capped to 35 AADT (17% of entry road 'Indigo Sky Dr': 214)"
1104473178435,Unknown Road,INTERPOLATED,341,True,PendantCluster,19,-322,-94.4,"Nested pendant cluster (depth 8): Capped to 19 AADT (17% of entry road 'Goforth Rd': 117)"
11016955104077,Tioga Downs Ct,INTERPOLATED,342,True,PendantCluster,4,-338,-98.8,"Nested pendant cluster (depth 10): Capped to 4 AADT (11% of 2 entry roads (Legacy Downs Dr; Unknown Road): 38)"
1103690718115,Lockwood Ln,INTERPOLATED,8732,False,NONE,8732,0,0,"No constraint needed"
1102200934339,Forest Hill Dr,ACTUAL_COUNT,2766,False,NONE,2766,0,0,"No constraint needed"
110416478591,Timber Cove Ct,INTERPOLATED,5,True,PendantCluster,0,-5,-100,"Nested pendant cluster (depth 14): Capped to 0 AADT (4% of 2 entry roads (Country Brook Dr; Timber Cove Ct): 6)"
1102200935842,Citation Dr,NO_DATA,0,False,NONE,0,0,0,"No constraint needed"
1103680691764,Addison Ct,INTERPOLATED,787,True,PendantCluster,243,-544,-69.1,"Nested pendant cluster (depth 2): Capped to 243 AADT (64% of entry road 'Addison Dr': 380)"
1103690717600,Rancho Vista Ct,INTERPOLATED,2965,True,PendantCluster,2547,-418,-14.1,"Nested pendant cluster (depth 2): Capped to 2;547 AADT (64% of entry road 'Rancho Vista Dr': 3;981)"
1103680691998,Mearl Ct,INTERPOLATED,410,True,PendantCluster,154,-256,-62.4,"Nested pendant cluster (depth 2): Capped to 154 AADT (64% of entry road 'Parker Oaks Ln': 241)"
1103680693513,Jordan Ranch Rd,INTERPOLATED,2177,True,PendantCluster,290,-1887,-86.7,"Nested pendant cluster (depth 6): Capped to 290 AADT (26% of entry road 'S Point Ct': 1;108)"
110416455782,Isaac Ct,INTERPOLATED,2967,True,PendantCluster,118,-2849,-96,"Nested pendant cluster (depth 8): Capped to 118 AADT (17% of entry road 'Samantha Ln': 704)"
110416477485,Shaes Turn,INTERPOLATED,2836,True,PendantCluster,2177,-659,-23.2,"Nested pendant cluster (depth 2): Capped to 2;177 AADT (64% of entry road 'Kelly Rd': 3;402)"
1103695951113,Creek Side Dr,INTERPOLATED,3098,True,PendantCluster,928,-2170,-70,"Nested pendant cluster (depth 8): Capped to 928 AADT (17% of 3 entry roads (Timber Cove Dr; Country Brook Dr; ...): 5;532)"
1102200924099,Unknown Road,INTERPOLATED,3481,False,NONE,3481,0,0,"No constraint needed"
110416456784,Kelly Ct,INTERPOLATED,2660,True,PendantCluster,403,-2257,-84.8,"Nested pendant cluster (depth 6): Capped to 403 AADT (26% of entry road 'Trinity River Dr': 1;540)"
11033198784668,Shops Blvd,INTERPOLATED,746,False,NONE,746,0,0,"No constraint needed"
11029550265163,Ethan Dr,INTERPOLATED,1103,True,PendantCluster,370,-733,-66.5,"Nested pendant cluster (depth 8): Capped to 370 AADT (17% of 2 entry roads (Zachary Dr; Ethan Dr): 2;206)"
11033198781210,Unknown Road,INTERPOLATED,2421,True,PendantCluster,13,-2408,-99.5,"Nested pendant cluster (depth 10): Capped to 13 AADT (11% of 2 entry roads (Unknown Road; Unknown Road): 124)"
110416475960,Clear Lake Ct,INTERPOLATED,2030,True,PendantCluster,73,-1957,-96.4,"Nested pendant cluster (depth 4): Capped to 73 AADT (41% of entry road 'Clear Lake Ln': 180)"
110416478508,Shady Creek Ct,INTERPOLATED,2357,True,PendantCluster,794,-1563,-66.3,"Nested pendant cluster (depth 2): Capped to 794 AADT (64% of entry road 'Clear Lake Rd': 1;241)"
1103661580185,Brush Creek Dr,INTERPOLATED,3203,True,PendantCluster,2040,-1163,-36.3,"Nested pendant cluster (depth 2): Capped to 2;040 AADT (64% of entry road 'Creek Crossing Dr': 3;188)"
1104467725966,Cliff View Ct,INTERPOLATED,14,True,PendantCluster,1,-13,-92.9,"Nested pendant cluster (depth 14): Capped to 1 AADT (4% of 2 entry roads (Cliff Vw Lp; Cliff View Ct): 28)"
110416448892,Boone Ct,INTERPOLATED,481,True,PendantCluster,72,-409,-85,"Nested pendant cluster (depth 4): Capped to 72 AADT (41% of entry road 'Burton Hill Rd': 178)"
110416477823,Woods Edge Ct,INTERPOLATED,4546,True,PendantCluster,1771,-2775,-61,"Nested pendant cluster (depth 2): Capped to 1;771 AADT (64% of entry road 'Woodland Hills Ln': 2;768)"
110416466829,Hill Top Ct,INTERPOLATED,2097,True,PendantCluster,675,-1422,-67.8,"Nested pendant cluster (depth 2): Capped to 675 AADT (64% of entry road 'Ranch House Rd': 1;055)"
11016955222805,Marina Link,INTERPOLATED,3002,False,NONE,3002,0,0,"No constraint needed"
1105598373215,Bearclaw Cir,INTERPOLATED,1644,True,PendantCluster,673,-971,-59.1,"Nested pendant cluster (depth 4): Capped to 673 AADT (41% of entry road 'Bearclaw Cir': 1;645)"
1105598408112,Rockfall Way,INTERPOLATED,2300,False,NONE,2300,0,0,"No constraint needed"
11016954180335,Rosewood Pl,INTERPOLATED,1451,False,NONE,1451,0,0,"No constraint needed"
110416463843,Amelia Ln,INTERPOLATED,2177,True,PendantCluster,891,-1286,-59.1,"Nested pendant cluster (depth 4): Capped to 891 AADT (41% of entry road 'Amelia Ln': 2;177)"
1105599183204,Whitetail Dr,INTERPOLATED,184,True,PendantCluster,39,-145,-78.8,"Nested pendant cluster (depth 10): Capped to 39 AADT (11% of 2 entry roads (Camouflage Cir; Whitetail Dr): 368)"
1102200944225,Unknown Road,INTERPOLATED,1761,True,PendantCluster,1221,-540,-30.7,"Nested pendant cluster (depth 2): Capped to 1;221 AADT (64% of entry road 'Briarwood Ln': 1;908)"
110416479472,Classic Chevy Dr,INTERPOLATED,2069,True,PendantCluster,85,-1984,-95.9,"Nested pendant cluster (depth 8): Capped to 85 AADT (17% of entry road 'Wallis Rd': 512)"
1102638237663,Unknown Road,INTERPOLATED,2057,True,PendantCluster,696,-1361,-66.2,"Nested pendant cluster (depth 4): Capped to 696 AADT (41% of entry road 'Wallis Rd': 1;701)"
110416471337,Rockdale Ct,INTERPOLATED,1467,True,PendantCluster,693,-774,-52.8,"Nested pendant cluster (depth 2): Capped to 693 AADT (64% of entry road 'Rim Rock Rd': 1;084)"
1102200925300,Trinity Bluffs Rd,INTERPOLATED,914449,True,PendantCluster,1748,-912701,-99.8,"Nested pendant cluster (depth 4): Capped to 1;748 AADT (41% of 2 entry roads (Trinity Bluffs Rd; Unknown Road): 4;270)"
110416480038,Trinity Bluffs Rd,INTERPOLATED,2112,False,NONE,2112,0,0,"No constraint needed"
110416463870,Arroyo Ct,INTERPOLATED,2060,True,PendantCluster,603,-1457,-70.7,"Nested pendant cluster (depth 4): Capped to 603 AADT (41% of entry road 'Arroyo Dr': 1;474)"
110416480030,Stone Mountain Ct,INTERPOLATED,379,True,PendantCluster,13,-366,-96.6,"Nested pendant cluster (depth 8): Capped to 13 AADT (17% of entry road 'Stone Mountain Rd': 80)"
1102210255808,Aledo Glen Ct,INTERPOLATED,1489,True,PendantCluster,952,-537,-36.1,"Nested pendant cluster (depth 2): Capped to 952 AADT (64% of entry road 'FM 5 S': 1;488)"
110416477122,Meadowview Ct,INTERPOLATED,1730,True,PendantCluster,1121,-609,-35.2,"Nested pendant cluster (depth 2): Capped to 1;121 AADT (64% of entry road 'Diamond Oaks Dr': 1;752)"
110416467001,McClure Ct,INTERPOLATED,546,False,NONE,546,0,0,"No constraint needed"
11016954180357,Saralily Way,INTERPOLATED,36,True,PendantCluster,0,-36,-100,"Nested pendant cluster (depth 22): Capped to 0 AADT (1% of 2 entry roads (Saralily Way; Open Sky Dr): 37)"
11016954133888,Parkline Way,ACTUAL_COUNT,2294,False,NONE,2294,0,0,"No constraint needed"
11016954180507,Rockledge Ct,INTERPOLATED,1505,False,NONE,1505,0,0,"No constraint needed"
11016954180334,Rosewood Pl,INTERPOLATED,2251,False,NONE,2251,0,0,"No constraint needed"
11016954150611,Sagebrush Dr,INTERPOLATED,1339,True,PendantCluster,409,-930,-69.5,"Nested pendant cluster (depth 4): Capped to 409 AADT (41% of entry road 'Brookhollow Dr': 999)"
11016954124373,Sunflower Ct,INTERPOLATED,1322,True,PendantCluster,29,-1293,-97.8,"Nested pendant cluster (depth 10): Capped to 29 AADT (11% of entry road 'Brookhollow Dr': 279)"
11016955064722,Melbourne Dr,ACTUAL_COUNT,823,True,PendantCluster,215,-608,-73.9,"Nested pendant cluster (depth 4): Capped to 215 AADT (41% of entry road 'Preakness Dr': 526)"
1103661327372,Saddle Trl,INTERPOLATED,696,True,PendantCluster,688,-8,-1.1,"Nested pendant cluster (depth 4): Capped to 688 AADT (41% of 2 entry roads (Saddle Trl; Saddle Ct): 1;682)"
11016954974827,Emilie Ct,INTERPOLATED,1103,True,PendantCluster,370,-733,-66.5,"Nested pendant cluster (depth 8): Capped to 370 AADT (17% of 2 entry roads (Ethan Dr; Emilie Ct): 2;206)"
110416478543,Stone Creek Dr,INTERPOLATED,591,False,NONE,591,0,0,"No constraint needed"
110416471934,Fairfield,INTERPOLATED,378,True,PendantCluster,70,-308,-81.5,"Nested pendant cluster (depth 8): Capped to 70 AADT (17% of 2 entry roads (Treetop Dr; Treeview Ct): 420)"
1103695944852,Cactus Ln,INTERPOLATED,2659,False,NONE,2659,0,0,"No constraint needed"
110416475857,Briar Oaks Dr,ACTUAL_COUNT,880,True,PendantCluster,360,-520,-59.1,"Nested pendant cluster (depth 4): Capped to 360 AADT (41% of entry road 'Briar Oaks Dr': 880)"
110416467062,Oakdale Dr,INTERPOLATED,3,True,PendantCluster,0,-3,-100,"Nested pendant cluster (depth 14): Capped to 0 AADT (4% of 2 entry roads (Oakdale Dr; Hillgard Dr): 6)"
110416465634,Miller Rd,ACTUAL_COUNT,176,False,NONE,176,0,0,"No constraint needed"
110416491708,Unknown Road,INTERPOLATED,84151,False,NONE,84151,0,0,"No constraint needed"
110416471964,Flat Rock Rd,ACTUAL_COUNT,346,True,PendantCluster,252,-94,-27.2,"Nested pendant cluster (depth 10): Capped to 252 AADT (11% of 3 entry roads (Adams Ln S; Flat Rock Rd; ...): 2;356)"
110416471984,Gilliland Rd,ACTUAL_COUNT,1085,False,NONE,1085,0,0,"No constraint needed"
1102200937602,Unknown Road,INTERPOLATED,757,True,PendantCluster,694,-63,-8.3,"Nested pendant cluster (depth 2): Capped to 694 AADT (64% of entry road 'Gilliland Rd': 1;085)"
110416467224,Rhoades Ln,ACTUAL_COUNT,469,True,PendantCluster,270,-199,-42.4,"Nested pendant cluster (depth 4): Capped to 270 AADT (41% of 2 entry roads (Shady Hill Ln; Rhoades Ln): 661)"
110416465850,Rommel Ct,INTERPOLATED,733,True,PendantCluster,300,-433,-59.1,"Nested pendant cluster (depth 2): Capped to 300 AADT (64% of entry road 'Rhoades Ln': 469)"
110416470878,Lavender Rd,INTERPOLATED,1888,False,NONE,1888,0,0,"No constraint needed"
110416492723,Unknown Road,INTERPOLATED,858,True,PendantCluster,105,-753,-87.8,"Nested pendant cluster (depth 4): Capped to 105 AADT (41% of entry road 'Unknown Road': 258)"
110416489600,Unknown Road,INTERPOLATED,105,True,PendantCluster,55,-50,-47.6,"Nested pendant cluster (depth 6): Capped to 55 AADT (26% of 2 entry roads (Unknown Road; Unknown Road): 210)"
11016954832535,Sarra Ln,ACTUAL_COUNT,686,False,NONE,686,0,0,"No constraint needed"
110416477861,Beene Creek Ter,INTERPOLATED,1083,True,PendantCluster,353,-730,-67.4,"Nested pendant cluster (depth 4): Capped to 353 AADT (41% of entry road 'Beene Creek Trl': 864)"
110416491483,Unknown Road,INTERPOLATED,1530,True,PendantCluster,965,-565,-36.9,"Nested pendant cluster (depth 2): Capped to 965 AADT (64% of entry road 'Murray Rd': 1;508)"
110416480076,Hilltop Meadows Dr,INTERPOLATED,33027,False,NONE,33027,0,0,"No constraint needed"
110416478363,Oak Meadows Dr,INTERPOLATED,40628,False,NONE,40628,0,0,"No constraint needed"
110416480209,Creekview Meadows Ct,INTERPOLATED,31950,True,PendantCluster,26160,-5790,-18.1,"Nested pendant cluster (depth 2): Capped to 26;160 AADT (64% of entry road 'Creekview Meadows Dr': 40;876)"
1106087633818,Highland Cir,INTERPOLATED,32972,False,NONE,32972,0,0,"No constraint needed"
110416489769,Unknown Road,INTERPOLATED,637,True,PendantCluster,134,-503,-79,"Nested pendant cluster (depth 6): Capped to 134 AADT (26% of 2 entry roads (Unknown Road; Unknown Road): 512)"
110416447665,Arvel Cir,INTERPOLATED,467,False,NONE,467,0,0,"No constraint needed"
1103226196547,Unknown Road,ACTUAL_COUNT,1965,True,PendantCluster,659,-1306,-66.5,"Nested pendant cluster (depth 4): Capped to 659 AADT (41% of entry road 'Carter Hills Ln': 1;609)"
110416465661,Murray Rd,INTERPOLATED,1508,False,NONE,1508,0,0,"No constraint needed"
1102638238668,Oak Creek Dr,INTERPOLATED,764,True,PendantCluster,481,-283,-37,"Nested pendant cluster (depth 2): Capped to 481 AADT (64% of entry road 'State Hwy 199': 753)"
110416491666,Unknown Road,INTERPOLATED,725,False,NONE,725,0,0,"No constraint needed"
1102200920738,Unknown Road,INTERPOLATED,703,False,NONE,703,0,0,"No constraint needed"
110416490397,Unknown Road,INTERPOLATED,662,True,PendantCluster,247,-415,-62.7,"Nested pendant cluster (depth 2): Capped to 247 AADT (64% of entry road 'McVoid Rd': 387)"
110416479204,Rolling Glen,INTERPOLATED,785,False,NONE,785,0,0,"No constraint needed"
110416479537,Green Meadows Cir,INTERPOLATED,1769,True,PendantCluster,731,-1038,-58.7,"Nested pendant cluster (depth 4): Capped to 731 AADT (41% of entry road 'Green Meadows Cir': 1;785)"
110416480204,White Settlement Rd,ACTUAL_COUNT,749,False,NONE,749,0,0,"No constraint needed"
1104692117995,Po Jo Dr,INTERPOLATED,1010,False,NONE,1010,0,0,"No constraint needed"
1103670097371,Chisolm Trail Ct,INTERPOLATED,945,True,PendantCluster,611,-334,-35.3,"Nested pendant cluster (depth 2): Capped to 611 AADT (64% of entry road 'Walnut Creek Dr': 956)"
110416467185,Rainbow Trl,INTERPOLATED,1422,False,NONE,1422,0,0,"No constraint needed"
110416477939,Cactus View Dr,INTERPOLATED,30339,False,NONE,30339,0,0,"No constraint needed"
110416450961,Comer Ln,INTERPOLATED,1065,False,NONE,1065,0,0,"No constraint needed"
1103529584770,Summertree Ct,INTERPOLATED,375,True,PendantCluster,239,-136,-36.3,"Nested pendant cluster (depth 2): Capped to 239 AADT (64% of entry road 'Summer Tree Ln': 374)"
110416478409,Railey Cv,INTERPOLATED,444,False,NONE,444,0,0,"No constraint needed"
1103690719179,Ave B,INTERPOLATED,959,False,NONE,959,0,0,"No constraint needed"
1103700755281,Lovers Path Dr,INTERPOLATED,246,True,PendantCluster,128,-118,-48,"Nested pendant cluster (depth 6): Capped to 128 AADT (26% of 2 entry roads (Moonlight Dr; Lovers Path Dr): 492)"
110416478530,Springfield Rd,ACTUAL_COUNT,176,False,NONE,176,0,0,"No constraint needed"
110416464218,Cherry Ln,INTERPOLATED,1078,False,NONE,1078,0,0,"No constraint needed"
110416466703,Dorothy Ln,INTERPOLATED,565,True,PendantCluster,326,-239,-42.3,"Nested pendant cluster (depth 4): Capped to 326 AADT (41% of 2 entry roads (Gloria Dr; Dorothy Ln): 796)"
110416490302,Unknown Road,ACTUAL_COUNT,740,False,NONE,740,0,0,"No constraint needed"
1102200924770,Unknown Road,INTERPOLATED,2139,True,PendantCluster,1870,-269,-12.6,"Nested pendant cluster (depth 2): Capped to 1;870 AADT (64% of entry road 'J E Woody Rd': 2;923)"
110416478203,Hidden View Ct,INTERPOLATED,2067,True,PendantCluster,660,-1407,-68.1,"Nested pendant cluster (depth 4): Capped to 660 AADT (41% of entry road 'Fair Haven Ln': 1;612)"
110416492625,Unknown Road,INTERPOLATED,3165,True,PendantCluster,682,-2483,-78.5,"Nested pendant cluster (depth 2): Capped to 682 AADT (64% of entry road 'Old Springtown Rd': 1;066)"
110416490284,Unknown Road,INTERPOLATED,1500,False,NONE,1500,0,0,"No constraint needed"
110416466000,Sunset Dr,INTERPOLATED,75361,False,NONE,75361,0,0,"No constraint needed"
11016954821157,Jo Jones Ln,INTERPOLATED,5944,True,PendantCluster,4094,-1850,-31.1,"Nested pendant cluster (depth 2): Capped to 4;094 AADT (64% of entry road 'Sandlin Ln': 6;397)"
1102970390889,Unknown Road,INTERPOLATED,4725,False,NONE,4725,0,0,"No constraint needed"
110416478634,Valley View Dr,INTERPOLATED,1398,True,PendantCluster,1096,-302,-21.6,"Nested pendant cluster (depth 12): Capped to 1;096 AADT (7% of 2 entry roads (Valley View Dr; Unknown Road): 15;963)"
110416479670,Pearson Ranch Rd,ACTUAL_COUNT,75,False,NONE,75,0,0,"No constraint needed"
110416491647,Unknown Road,INTERPOLATED,16604,True,PendantCluster,150,-16454,-99.1,"Nested pendant cluster (depth 10): Capped to 150 AADT (11% of entry road 'High Ridge Dr': 1;398)"
110416458159,Llano Ct,INTERPOLATED,2896,False,NONE,2896,0,0,"No constraint needed"
1105598385544,Dominque Dr,INTERPOLATED,2703,False,NONE,2703,0,0,"No constraint needed"
110416489575,Unknown Road,INTERPOLATED,3183,True,PendantCluster,24,-3159,-99.2,"Nested pendant cluster (depth 2): Capped to 24 AADT (64% of entry road 'W Yucca Vw': 39)"
1102200947262,Oakley Cir,INTERPOLATED,9602,True,PendantCluster,987,-8615,-89.7,"Nested pendant cluster (depth 6): Capped to 987 AADT (26% of entry road 'Kalinga Dr': 3;766)"
110416474595,Remington Ln,INTERPOLATED,1846,False,NONE,1846,0,0,"No constraint needed"
110416474480,Oak Ridge Ests,INTERPOLATED,1643,False,NONE,1643,0,0,"No constraint needed"
1106067255990,Shiloh Ct,INTERPOLATED,946,True,PendantCluster,317,-629,-66.5,"Nested pendant cluster (depth 8): Capped to 317 AADT (17% of 2 entry roads (Unknown Road; Shiloh Ct): 1;892)"
110416480067,Enchanted Lakes Cir,INTERPOLATED,1533,False,NONE,1533,0,0,"No constraint needed"
110416476173,Eagle Nest Dr,INTERPOLATED,1578,True,PendantCluster,1122,-456,-28.9,"Nested pendant cluster (depth 2): Capped to 1;122 AADT (64% of entry road 'Overlook Trl': 1;754)"
110416489802,Unknown Road,INTERPOLATED,877,False,NONE,877,0,0,"No constraint needed"
110416489608,Unknown Road,INTERPOLATED,771,False,NONE,771,0,0,"No constraint needed"
110416492198,Unknown Road,INTERPOLATED,1379,True,PendantCluster,0,-1379,-100,"Nested pendant cluster (depth 14): Capped to 0 AADT (4% of entry road 'Mary Dr': 13)"
110416466347,Wright Ln,INTERPOLATED,11495,False,NONE,11495,0,0,"No constraint needed"
110416479162,Newsom Mound Rd,ACTUAL_COUNT,2816,False,NONE,2816,0,0,"No constraint needed"
110416445866,Beck Ln,ACTUAL_COUNT,2816,False,NONE,2816,0,0,"No constraint needed"
1102638240215,Unknown Road,INTERPOLATED,1737,True,PendantCluster,481,-1256,-72.3,"Nested pendant cluster (depth 2): Capped to 481 AADT (64% of entry road 'State Hwy 199': 753)"
110416465134,Hedges Dr,INTERPOLATED,752,True,PendantCluster,519,-233,-31,"Nested pendant cluster (depth 2): Capped to 519 AADT (64% of entry road 'Friendship Rd': 811)"
110416479538,Green Meadows Cir,INTERPOLATED,1785,False,NONE,1785,0,0,"No constraint needed"
110416477663,Thomas Len Rd,INTERPOLATED,1814,False,NONE,1814,0,0,"No constraint needed"
1102466703355,Blue Sky Ln,INTERPOLATED,319,True,PendantCluster,37,-282,-88.4,"Nested pendant cluster (depth 10): Capped to 37 AADT (11% of 2 entry roads (Lone Hill Ct; Blue Sky Ln): 353)"
110416492382,Unknown Road,INTERPOLATED,530,False,NONE,530,0,0,"No constraint needed"
110416478831,Cactus Ridge Ct,INTERPOLATED,27670,True,PendantCluster,8908,-18762,-67.8,"Nested pendant cluster (depth 4): Capped to 8;908 AADT (41% of entry road 'Summit Ridge Ln': 21;749)"
110416478576,Sunny Brook Ct,INTERPOLATED,31029,True,PendantCluster,21137,-9892,-31.9,"Nested pendant cluster (depth 2): Capped to 21;137 AADT (64% of entry road 'Hilltop Meadows Dr': 33;027)"
1102200928272,Unknown Road,INTERPOLATED,257589,False,NONE,257589,0,0,"No constraint needed"
110416468438,Skyview Ln,INTERPOLATED,2478,True,PendantCluster,1430,-1048,-42.3,"Nested pendant cluster (depth 4): Capped to 1;430 AADT (41% of 2 entry roads (Unknown Road; Skyview Ln): 3;492)"
1102200921645,Unknown Road,INTERPOLATED,12095,True,PendantCluster,2478,-9617,-79.5,"Nested pendant cluster (depth 2): Capped to 2;478 AADT (64% of entry road 'FM 1886': 3;872)"
1102466876543,Plantation Oaks Ct,INTERPOLATED,760,True,PendantCluster,255,-505,-66.4,"Nested pendant cluster (depth 4): Capped to 255 AADT (41% of entry road 'Munn Rd': 623)"
110416492293,Unknown Road,INTERPOLATED,8204,True,PendantCluster,6666,-1538,-18.7,"Nested pendant cluster (depth 6): Capped to 6;666 AADT (26% of 3 entry roads (State Hwy 199; Jacksboro Hwy; ...): 25;431)"
110416489804,Unknown Road,INTERPOLATED,973,False,NONE,973,0,0,"No constraint needed"
1103662204124,Smokey Branch,INTERPOLATED,2161,True,PendantCluster,189,-1972,-91.3,"Nested pendant cluster (depth 2): Capped to 189 AADT (64% of entry road 'Upper Denton Rd': 296)"
1102638238327,Unknown Road,INTERPOLATED,843,False,NONE,843,0,0,"No constraint needed"
1103949014539,Pr 4902,INTERPOLATED,843,False,NONE,843,0,0,"No constraint needed"
110416490919,Unknown Road,INTERPOLATED,84356,True,PendantCluster,3671,-80685,-95.6,"Nested pendant cluster (depth 2): Capped to 3;671 AADT (64% of 2 entry roads (FM 2257; Jay Bird Ln): 5;737)"
110416463403,Union St,INTERPOLATED,63540,False,NONE,63540,0,0,"No constraint needed"
1105598225243,McDaniel Dr,INTERPOLATED,21381,True,PendantCluster,11209,-10172,-47.6,"Nested pendant cluster (depth 6): Capped to 11;209 AADT (26% of 2 entry roads (McDaniel Dr; Randy Ln): 42;762)"
110416460733,Quinn Ct,INTERPOLATED,1060,True,PendantCluster,342,-718,-67.7,"Nested pendant cluster (depth 4): Capped to 342 AADT (41% of entry road 'High View Rd': 836)"
110416463152,Scott Ln,INTERPOLATED,1370,False,NONE,1370,0,0,"No constraint needed"
110416470623,Glendale Dr,ACTUAL_COUNT,445,False,NONE,445,0,0,"No constraint needed"
110416490080,Unknown Road,INTERPOLATED,2334,True,PendantCluster,1375,-959,-41.1,"Nested pendant cluster (depth 4): Capped to 1;375 AADT (41% of 2 entry roads (Unknown Road; Unknown Road): 3;357)"
1105598385853,Don Propp Rd,INTERPOLATED,2242,False,NONE,2242,0,0,"No constraint needed"
110416463849,Angela St,INTERPOLATED,3033,True,PendantCluster,2610,-423,-13.9,"Nested pendant cluster (depth 4): Capped to 2;610 AADT (41% of 2 entry roads (Beaver Creek Dr; Angela St): 6;374)"
110416491891,Unknown Road,INTERPOLATED,3988,True,PendantCluster,1064,-2924,-73.3,"Nested pendant cluster (depth 4): Capped to 1;064 AADT (41% of entry road 'Robyn Rd': 2;599)"
110416479765,Younger Ranch Rd,INTERPOLATED,3539,False,NONE,3539,0,0,"No constraint needed"
110416463258,Swift Cir,INTERPOLATED,753,False,NONE,753,0,0,"No constraint needed"
110416490089,Unknown Road,INTERPOLATED,869,True,PendantCluster,222,-647,-74.5,"Nested pendant cluster (depth 4): Capped to 222 AADT (41% of entry road 'W Browder Cir': 542)"
110416479333,Walnut Creek Dr,INTERPOLATED,7532,False,NONE,7532,0,0,"No constraint needed"
110416466396,Ashwood St,INTERPOLATED,932,False,NONE,932,0,0,"No constraint needed"
110416474911,Woodcrest St,INTERPOLATED,1869,True,PendantCluster,27,-1842,-98.6,"Nested pendant cluster (depth 10): Capped to 27 AADT (11% of entry road 'Baughman Hill Rd': 254)"
110416447251,Adams Ln,INTERPOLATED,1782,True,PendantCluster,51,-1731,-97.1,"Nested pendant cluster (depth 10): Capped to 51 AADT (11% of 2 entry roads (Adams Ln S; Flat Rock Rd): 480)"
110416467209,Red Oak St,INTERPOLATED,7522,False,NONE,7522,0,0,"No constraint needed"
110416459773,Pecan St,INTERPOLATED,7525,False,NONE,7525,0,0,"No constraint needed"
1102200925054,Brush Creek Dr,INTERPOLATED,38886,True,PendantCluster,6,-38880,-100,"Nested pendant cluster (depth 10): Capped to 6 AADT (11% of entry road 'Boling Ranch Rd': 57)"
110416492383,Unknown Road,INTERPOLATED,531,True,PendantCluster,20,-511,-96.2,"Nested pendant cluster (depth 18): Capped to 20 AADT (2% of 2 entry roads (Unknown Road; Unknown Road): 1;143)"
110416470257,Bonfield St,ACTUAL_COUNT,10013,False,NONE,10013,0,0,"No constraint needed"
1102966038485,Stacey Valley,INTERPOLATED,1427,False,NONE,1427,0,0,"No constraint needed"
110416463867,Apollo Dr,INTERPOLATED,2679,True,PendantCluster,206,-2473,-92.3,"Nested pendant cluster (depth 8): Capped to 206 AADT (17% of entry road 'White Settlement Rd': 1;228)"
110416477093,Luna Vista Dr,INTERPOLATED,206,True,PendantCluster,44,-162,-78.6,"Nested pendant cluster (depth 10): Capped to 44 AADT (11% of 2 entry roads (Woodie Way; Luna Vista Dr): 412)"
110416470719,Hillgard Dr,INTERPOLATED,3,True,PendantCluster,0,-3,-100,"Nested pendant cluster (depth 14): Capped to 0 AADT (4% of entry road 'Hillgard Dr': 3)"
110416470567,Edgehill Dr,INTERPOLATED,197,True,PendantCluster,66,-131,-66.5,"Nested pendant cluster (depth 8): Capped to 66 AADT (17% of 2 entry roads (Edgehill Dr; Woodvale Dr): 394)"
110416490766,Unknown Road,INTERPOLATED,626,False,NONE,626,0,0,"No constraint needed"
110416490729,Unknown Road,INTERPOLATED,657,True,PendantCluster,189,-468,-71.2,"Nested pendant cluster (depth 2): Capped to 189 AADT (64% of entry road 'Upper Denton Rd': 296)"
110416489946,Unknown Road,INTERPOLATED,623,True,PendantCluster,256,-367,-58.9,"Nested pendant cluster (depth 4): Capped to 256 AADT (41% of entry road 'Unknown Road': 626)"
110416489749,Unknown Road,INTERPOLATED,530,False,NONE,530,0,0,"No constraint needed"
110416490732,Unknown Road,INTERPOLATED,7951,True,PendantCluster,48,-7903,-99.4,"Nested pendant cluster (depth 2): Capped to 48 AADT (64% of entry road 'Pearson Ranch Rd': 75)"
110416489744,Unknown Road,INTERPOLATED,470,False,NONE,470,0,0,"No constraint needed"
1104255608332,Unknown Road,INTERPOLATED,465,False,NONE,465,0,0,"No constraint needed"
110416490722,Unknown Road,INTERPOLATED,1727,False,NONE,1727,0,0,"No constraint needed"
1103662206121,Sandridge Dr,INTERPOLATED,1243,True,PendantCluster,509,-734,-59.1,"Nested pendant cluster (depth 4): Capped to 509 AADT (41% of entry road 'Sandstone Ln': 1;243)"
110416445829,Alma St,INTERPOLATED,15665,True,PendantCluster,7,-15658,-100,"Nested pendant cluster (depth 10): Capped to 7 AADT (11% of entry road 'Edgehill Dr': 66)"
110416490181,Unknown Road,INTERPOLATED,11997,True,PendantCluster,2478,-9519,-79.3,"Nested pendant cluster (depth 2): Capped to 2;478 AADT (64% of entry road 'FM 1886': 3;872)"
1102466507944,Unknown Road,INTERPOLATED,3848,False,NONE,3848,0,0,"No constraint needed"
1105598385552,Hidden Creek Loop,INTERPOLATED,3031,True,PendantCluster,985,-2046,-67.5,"Nested pendant cluster (depth 4): Capped to 985 AADT (41% of entry road 'Dillingham Ln': 2;405)"
1102466287413,Unknown Road,INTERPOLATED,2419,False,NONE,2419,0,0,"No constraint needed"
1103670097176,Spring Valley Dr,INTERPOLATED,736,False,NONE,736,0,0,"No constraint needed"
110416477031,King Ranch Ct,INTERPOLATED,1958,False,NONE,1958,0,0,"No constraint needed"
1105598348126,Dominque Dr,INTERPOLATED,2756,False,NONE,2756,0,0,"No constraint needed"
110416479274,Stone Canyon Cir,INTERPOLATED,2339,False,NONE,2339,0,0,"No constraint needed"
1102200927457,Unknown Road,ACTUAL_COUNT,740,False,NONE,740,0,0,"No constraint needed"
1102200945455,Unknown Road,INTERPOLATED,982,True,PendantCluster,214,-768,-78.2,"Nested pendant cluster (depth 4): Capped to 214 AADT (41% of entry road 'S Pearson Ln': 524)"
1102200930027,Churchill Cir,INTERPOLATED,1596,True,PendantCluster,534,-1062,-66.5,"Nested pendant cluster (depth 4): Capped to 534 AADT (41% of entry road 'Partagas Dr': 1;305)"
1102200937821,Connecting Rd,INTERPOLATED,9617,False,NONE,9617,0,0,"No constraint needed"
1102200927412,Unknown Road,INTERPOLATED,1108,True,PendantCluster,694,-414,-37.4,"Nested pendant cluster (depth 2): Capped to 694 AADT (64% of entry road 'Gilliland Rd': 1;085)"
110416490914,Unknown Road,INTERPOLATED,95927,False,NONE,95927,0,0,"No constraint needed"
1102200931281,Elk Hollow Ln,INTERPOLATED,1034,False,NONE,1034,0,0,"No constraint needed"
110416454473,Grace Ln,INTERPOLATED,14383,False,NONE,14383,0,0,"No constraint needed"
110416446791,Ross Rd,ACTUAL_COUNT,89,True,PendantCluster,10,-79,-88.8,"Nested pendant cluster (depth 10): Capped to 10 AADT (11% of 2 entry roads (Unknown Road; Ross Rd): 98)"
1102200928944,Unknown Road,INTERPOLATED,784,True,PendantCluster,694,-90,-11.5,"Nested pendant cluster (depth 2): Capped to 694 AADT (64% of entry road 'Gilliland Rd': 1;085)"
1102200928530,Unknown Road,INTERPOLATED,1243,True,PendantCluster,1,-1242,-99.9,"Nested pendant cluster (depth 16): Capped to 1 AADT (3% of 2 entry roads (Unknown Road; Unknown Road): 36)"
1102466255003,Mill Crossing Ln,INTERPOLATED,1670,True,PendantCluster,224,-1446,-86.6,"Nested pendant cluster (depth 6): Capped to 224 AADT (26% of entry road 'Peel Rd': 858)"
110416447492,Angle Ct,INTERPOLATED,1582,True,PendantCluster,0,-1582,-100,"Nested pendant cluster (depth 16): Capped to 0 AADT (3% of entry road 'Willow Cir': 1)"
110416466193,Utopia Ct,INTERPOLATED,1569,True,PendantCluster,609,-960,-61.2,"Nested pendant cluster (depth 4): Capped to 609 AADT (41% of entry road 'Peel Rd': 1;488)"
110416447178,West Ct,INTERPOLATED,1759,True,PendantCluster,1106,-653,-37.1,"Nested pendant cluster (depth 2): Capped to 1;106 AADT (64% of entry road 'Summit Dr': 1;729)"
11016954861670,Nona Ct,INTERPOLATED,1645,True,PendantCluster,175,-1470,-89.4,"Nested pendant cluster (depth 6): Capped to 175 AADT (26% of entry road 'Cindy Ct': 669)"
110416465351,Huling Dr,INTERPOLATED,1667,True,PendantCluster,0,-1667,-100,"Nested pendant cluster (depth 14): Capped to 0 AADT (4% of entry road 'S Stewart St': 5)"
1102200933438,Deer Stream Ct,INTERPOLATED,9141,False,NONE,9141,0,0,"No constraint needed"
110416492503,Unknown Road,INTERPOLATED,2512,False,NONE,2512,0,0,"No constraint needed"
110416490463,Unknown Road,INTERPOLATED,30143,False,NONE,30143,0,0,"No constraint needed"
110416466353,Adalida Ln,INTERPOLATED,80731,False,NONE,80731,0,0,"No constraint needed"
110416464243,Church St,INTERPOLATED,1433,True,PendantCluster,805,-628,-43.8,"Nested pendant cluster (depth 2): Capped to 805 AADT (64% of entry road 'Cottondale Rd': 1;258)"
110416490374,Unknown Road,INTERPOLATED,10337,True,PendantCluster,1761,-8576,-83,"Nested pendant cluster (depth 4): Capped to 1;761 AADT (41% of 2 entry roads (Unknown Road; Unknown Road): 4;301)"
1102970397085,Unknown Road,INTERPOLATED,1692,False,NONE,1692,0,0,"No constraint needed"
110416490927,Unknown Road,INTERPOLATED,1819,True,PendantCluster,481,-1338,-73.6,"Nested pendant cluster (depth 2): Capped to 481 AADT (64% of entry road 'State Hwy 199': 753)"
110416463202,Smith Ct,INTERPOLATED,574,True,PendantCluster,90,-484,-84.3,"Nested pendant cluster (depth 6): Capped to 90 AADT (26% of entry road 'Eastwood Rd': 344)"
110416447538,Apple Dr,INTERPOLATED,1861,True,PendantCluster,481,-1380,-74.2,"Nested pendant cluster (depth 2): Capped to 481 AADT (64% of entry road 'State Hwy 199': 753)"
1102200934468,Bolivar Dr,INTERPOLATED,993,True,PendantCluster,46,-947,-95.4,"Nested pendant cluster (depth 8): Capped to 46 AADT (17% of entry road 'Miramar Cir': 279)"
110416491816,Unknown Road,INTERPOLATED,1172,True,PendantCluster,764,-408,-34.8,"Nested pendant cluster (depth 2): Capped to 764 AADT (64% of entry road 'W White Dove St': 1;194)"
110416466329,Wonder Dr,ACTUAL_COUNT,928,True,PendantCluster,895,-33,-3.6,"Nested pendant cluster (depth 4): Capped to 895 AADT (41% of 2 entry roads (Wonder Dr; Hayes Ct): 2;187)"
1105598410215,Chloe Ct,INTERPOLATED,1018,True,PendantCluster,4,-1014,-99.6,"Nested pendant cluster (depth 10): Capped to 4 AADT (11% of entry road 'Bohner Dr': 39)"
1105598410209,Lyndsey Ct,INTERPOLATED,1074,True,PendantCluster,431,-643,-59.9,"Nested pendant cluster (depth 4): Capped to 431 AADT (41% of entry road 'Bohner Dr': 1;054)"
1102200934279,Cearley Cox Ct,INTERPOLATED,843,True,PendantCluster,230,-613,-72.7,"Nested pendant cluster (depth 4): Capped to 230 AADT (41% of entry road 'Summers Cir': 563)"
110416466350,Yancey Ln,INTERPOLATED,841,True,PendantCluster,84,-757,-90,"Nested pendant cluster (depth 6): Capped to 84 AADT (26% of entry road 'Summers Cir': 324)"
1103670097509,Ellie's Ct,INTERPOLATED,804,False,NONE,804,0,0,"No constraint needed"
1103677912232,Meadow Arbor Dr,ACTUAL_COUNT,84,False,NONE,84,0,0,"No constraint needed"
1103695964477,Santa Clara Dr,INTERPOLATED,1039,True,PendantCluster,46,-993,-95.6,"Nested pendant cluster (depth 8): Capped to 46 AADT (17% of entry road 'Miramar Cir': 279)"
110416471781,Chaparral Rd,INTERPOLATED,58,True,PendantCluster,4,-54,-93.1,"Nested pendant cluster (depth 12): Capped to 4 AADT (7% of 2 entry roads (W Chaparral Rd; Chaparral Rd): 61)"
110416479461,Chaparrals Run,INTERPOLATED,1529,True,PendantCluster,6,-1523,-99.6,"Nested pendant cluster (depth 10): Capped to 6 AADT (11% of entry road 'Chaparral Rd': 58)"
1105598349161,Ellis Creek Ln,INTERPOLATED,34,True,PendantCluster,6,-28,-82.4,"Nested pendant cluster (depth 8): Capped to 6 AADT (17% of 2 entry roads (Field Creek Ct; Ellis Creek Ln): 39)"
1102466637018,Silver Valley Ln,INTERPOLATED,1011,True,PendantCluster,197,-814,-80.5,"Nested pendant cluster (depth 8): Capped to 197 AADT (17% of 2 entry roads (Silver Valley Ct; Silver Valley Ln): 1;180)"
1102200927351,Crested Elm Ct,INTERPOLATED,3257,True,PendantCluster,265,-2992,-91.9,"Nested pendant cluster (depth 6): Capped to 265 AADT (26% of entry road 'Silver Valley Ln': 1;011)"
110416466002,Sunset Ln,INTERPOLATED,3595,True,PendantCluster,145,-3450,-96,"Nested pendant cluster (depth 8): Capped to 145 AADT (17% of entry road 'Meadow Hill Rd': 865)"
110416464559,Gilley Ln,INTERPOLATED,1559,True,PendantCluster,1223,-336,-21.6,"Nested pendant cluster (depth 4): Capped to 1;223 AADT (41% of 2 entry roads (Gilley Ln; Sherri Ln): 2;987)"
1102200929350,Churchill Ct,INTERPOLATED,1166,True,PendantCluster,279,-887,-76.1,"Nested pendant cluster (depth 6): Capped to 279 AADT (26% of 2 entry roads (Montecristo Dr; Churchill Cir): 1;068)"
110416464403,Dotson Ct,INTERPOLATED,1267,True,PendantCluster,234,-1033,-81.5,"Nested pendant cluster (depth 6): Capped to 234 AADT (26% of entry road 'Wonder Dr': 895)"
110416477898,Bonnie Bell Ln,INTERPOLATED,1365,True,PendantCluster,682,-683,-50,"Nested pendant cluster (depth 2): Capped to 682 AADT (64% of entry road 'Old Springtown Rd': 1;066)"
110416489533,Unknown Road,INTERPOLATED,1634,True,PendantCluster,209,-1425,-87.2,"Nested pendant cluster (depth 6): Capped to 209 AADT (26% of entry road 'Cat Track Rd': 801)"
110416479552,Heather Ridge Ct,INTERPOLATED,1575,False,NONE,1575,0,0,"No constraint needed"
1102200936058,Unknown Road,INTERPOLATED,2253,True,PendantCluster,1884,-369,-16.4,"Nested pendant cluster (depth 2): Capped to 1;884 AADT (64% of entry road 'Veal Station Rd': 2;945)"
1102466877028,Knight Ct,INTERPOLATED,451,True,PendantCluster,185,-266,-59,"Nested pendant cluster (depth 2): Capped to 185 AADT (64% of entry road 'Highland Rd': 290)"
1102466746262,Carnes Ct,INTERPOLATED,566,True,PendantCluster,185,-381,-67.3,"Nested pendant cluster (depth 2): Capped to 185 AADT (64% of entry road 'Highland Rd': 290)"
110416492565,Unknown Road,INTERPOLATED,3357,True,PendantCluster,75,-3282,-97.8,"Nested pendant cluster (depth 4): Capped to 75 AADT (41% of entry road 'Sessums Rd': 185)"
1103430684323,Unknown Road,INTERPOLATED,4663,True,PendantCluster,1405,-3258,-69.9,"Nested pendant cluster (depth 4): Capped to 1;405 AADT (41% of entry road 'Vineyard Ln': 3;432)"
1103695931154,Unknown Road,INTERPOLATED,4109,True,PendantCluster,737,-3372,-82.1,"Nested pendant cluster (depth 2): Capped to 737 AADT (64% of entry road 'Harold Ln': 1;153)"
110416460478,Price Ln,INTERPOLATED,1242,True,PendantCluster,775,-467,-37.6,"Nested pendant cluster (depth 8): Capped to 775 AADT (17% of 2 entry roads (Price Ln; Peacock Dr): 4;622)"
1102200938471,Unknown Road,INTERPOLATED,3335,True,PendantCluster,325,-3010,-90.3,"Nested pendant cluster (depth 6): Capped to 325 AADT (26% of entry road 'Price Ln': 1;242)"
110416466413,Baggett Rd,INTERPOLATED,2178,False,NONE,2178,0,0,"No constraint needed"
110416477579,Sugar Sand Ct,INTERPOLATED,2087,True,PendantCluster,88,-1999,-95.8,"Nested pendant cluster (depth 8): Capped to 88 AADT (17% of entry road 'Sandy Creek Trl': 528)"
110416491651,Unknown Road,INTERPOLATED,12274,False,NONE,12274,0,0,"No constraint needed"
1103680616727,Deerchase Ct,INTERPOLATED,3308,False,NONE,3308,0,0,"No constraint needed"
1102200955857,Finley Ct,INTERPOLATED,1713,True,PendantCluster,1080,-633,-37,"Nested pendant cluster (depth 2): Capped to 1;080 AADT (64% of entry road 'Hutcheson Hill Rd': 1;688)"
1103564260756,Carson Rd,INTERPOLATED,2275,True,PendantCluster,1080,-1195,-52.5,"Nested pendant cluster (depth 2): Capped to 1;080 AADT (64% of entry road 'Hutcheson Hill Rd': 1;688)"
110416470375,Carlisle Ct,INTERPOLATED,1986,True,PendantCluster,442,-1544,-77.7,"Nested pendant cluster (depth 4): Capped to 442 AADT (41% of entry road 'Browning Ct': 1;080)"
1102200923780,Water View Ln,INTERPOLATED,240,True,PendantCluster,46,-194,-80.8,"Nested pendant cluster (depth 8): Capped to 46 AADT (17% of 2 entry roads (Water View Ct; Water View Ln): 280)"
110416464286,Colina Dr,INTERPOLATED,46,True,PendantCluster,0,-46,-100,"Nested pendant cluster (depth 20): Capped to 0 AADT (1% of entry road 'Colina Dr': 46)"
110416492159,Unknown Road,INTERPOLATED,2137,False,NONE,2137,0,0,"No constraint needed"
1102200924685,Blacktail Ct,INTERPOLATED,17848,True,PendantCluster,10314,-7534,-42.2,"Nested pendant cluster (depth 2): Capped to 10;314 AADT (64% of entry road 'Blacktail Ln': 16;116)"
1102200933003,Sika Ct,INTERPOLATED,14490,True,PendantCluster,6601,-7889,-54.4,"Nested pendant cluster (depth 4): Capped to 6;601 AADT (41% of entry road 'Blacktail Ln': 16;116)"
11013869447142,Derby Ct,INTERPOLATED,2656,True,PendantCluster,0,-2656,-100,"Nested pendant cluster (depth 12): Capped to 0 AADT (7% of entry road 'Winding Way': 11)"
110416474479,Oak Ridge Ests,INTERPOLATED,1599,True,PendantCluster,1322,-277,-17.3,"Nested pendant cluster (depth 4): Capped to 1;322 AADT (41% of 2 entry roads (Oak Ridge Ests; Oak Ridge Ests): 3;229)"
110416474645,Sagebrush Ct,INTERPOLATED,845,True,PendantCluster,94,-751,-88.9,"Nested pendant cluster (depth 6): Capped to 94 AADT (26% of entry road 'Overland Trl': 360)"
110416489593,Unknown Road,INTERPOLATED,2346,True,PendantCluster,1045,-1301,-55.5,"Nested pendant cluster (depth 4): Capped to 1;045 AADT (41% of 2 entry roads (Unknown Road; Unknown Road): 2;553)"
110416465731,Oliver St,INTERPOLATED,1234,True,PendantCluster,408,-826,-66.9,"Nested pendant cluster (depth 6): Capped to 408 AADT (26% of 2 entry roads (Unknown Road; Oliver St): 1;557)"
110416492420,Unknown Road,INTERPOLATED,3836,True,PendantCluster,3543,-293,-7.6,"Nested pendant cluster (depth 2): Capped to 3;543 AADT (64% of entry road 'Tin Top Rd': 5;536)"
110416491849,Unknown Road,INTERPOLATED,7209,False,NONE,7209,0,0,"No constraint needed"
1103648472776,Pack Saddle Trl,INTERPOLATED,1336,True,PendantCluster,919,-417,-31.2,"Nested pendant cluster (depth 6): Capped to 919 AADT (26% of 2 entry roads (Pack Saddle Trl; Fox Chase Dr): 3;507)"
110416464532,Foster Ln,ACTUAL_COUNT,11268,False,NONE,11268,0,0,"No constraint needed"
110416466834,Hilltop Dr,INTERPOLATED,8780,False,NONE,8780,0,0,"No constraint needed"
110416459706,Pecan Dr,INTERPOLATED,8963,False,NONE,8963,0,0,"No constraint needed"
110416474487,Oak Ridge Ter,INTERPOLATED,2320,True,PendantCluster,1266,-1054,-45.4,"Nested pendant cluster (depth 2): Capped to 1;266 AADT (64% of entry road 'W Ridge St': 1;979)"
1102970398038,Cottonwood St,ACTUAL_COUNT,4493,False,NONE,4493,0,0,"No constraint needed"
110416446781,Rona St,ACTUAL_COUNT,10006,False,NONE,10006,0,0,"No constraint needed"
110416461123,Randy Dr,INTERPOLATED,11614,False,NONE,11614,0,0,"No constraint needed"
110416466523,Camelot Dr,INTERPOLATED,29146,True,PendantCluster,11253,-17893,-61.4,"Nested pendant cluster (depth 4): Capped to 11;253 AADT (41% of entry road 'Briarhaven Blvd': 27;474)"
1102970391005,Dirkson St,INTERPOLATED,23205,True,PendantCluster,22284,-921,-4,"Nested pendant cluster (depth 2): Capped to 22;284 AADT (64% of 2 entry roads (Randy Dr; Dirkson St): 34;819)"
110416478805,Black Forest Dr,INTERPOLATED,12254,True,PendantCluster,5019,-7235,-59,"Nested pendant cluster (depth 4): Capped to 5;019 AADT (41% of entry road 'Black Forest Dr': 12;254)"
110416466061,Teresa Ct,INTERPOLATED,26975,True,PendantCluster,12760,-14215,-52.7,"Nested pendant cluster (depth 2): Capped to 12;760 AADT (64% of entry road 'Roberts Bend': 19;938)"
110416490881,Unknown Road,INTERPOLATED,260291,False,NONE,260291,0,0,"No constraint needed"
1102970388950,Unknown Road,INTERPOLATED,3210,False,NONE,3210,0,0,"No constraint needed"
1105576425460,Unknown Road,INTERPOLATED,267116,False,NONE,267116,0,0,"No constraint needed"
110416446133,Goen Rd,INTERPOLATED,370,True,PendantCluster,266,-104,-28.1,"Nested pendant cluster (depth 2): Capped to 266 AADT (64% of entry road 'Bennett Rd': 416)"
1102466601334,Jabez Ct,INTERPOLATED,2558,True,PendantCluster,979,-1579,-61.7,"Nested pendant cluster (depth 4): Capped to 979 AADT (41% of entry road 'Hearthstone Ct': 2;391)"
110416471373,Scarlett Rd,INTERPOLATED,3133,False,NONE,3133,0,0,"No constraint needed"
1102200930171,Unknown Road,INTERPOLATED,2601,False,NONE,2601,0,0,"No constraint needed"
110416490678,Unknown Road,ACTUAL_COUNT,241,True,PendantCluster,154,-87,-36.1,"Nested pendant cluster (depth 2): Capped to 154 AADT (64% of entry road 'Harmony Cir': 241)"
1102466605882,Sunray Ct,INTERPOLATED,2327,True,PendantCluster,432,-1895,-81.4,"Nested pendant cluster (depth 2): Capped to 432 AADT (64% of entry road 'Harmony Rd': 675)"
110416490586,Unknown Road,INTERPOLATED,4089,False,NONE,4089,0,0,"No constraint needed"
1103677411249,Kinbrook Ln,INTERPOLATED,3624,True,PendantCluster,2092,-1532,-42.3,"Nested pendant cluster (depth 4): Capped to 2;092 AADT (41% of 2 entry roads (Pats Ct; Kinbrook Ln): 5;108)"
110416477551,Stoneridge Trl,INTERPOLATED,1510,True,PendantCluster,499,-1011,-67,"Nested pendant cluster (depth 6): Capped to 499 AADT (26% of 2 entry roads (Stoneridge Ct; Stoneridge Trl): 1;905)"
110416492440,Unknown Road,INTERPOLATED,3574,False,NONE,3574,0,0,"No constraint needed"
110416446430,Leea Ln,INTERPOLATED,3543,True,PendantCluster,2824,-719,-20.3,"Nested pendant cluster (depth 4): Capped to 2;824 AADT (41% of 2 entry roads (Leea Ln; Unknown Road): 6;896)"
110416492434,Unknown Road,INTERPOLATED,3859,True,PendantCluster,713,-3146,-81.5,"Nested pendant cluster (depth 8): Capped to 713 AADT (17% of 2 entry roads (Unknown Road; Unknown Road): 4;250)"
110416467300,Sanders Rd,INTERPOLATED,1498,True,PendantCluster,898,-600,-40.1,"Nested pendant cluster (depth 8): Capped to 898 AADT (17% of 2 entry roads (Sanders Rd; Unknown Road): 5;358)"
110416492389,Unknown Road,INTERPOLATED,3303,False,NONE,3303,0,0,"No constraint needed"
110416490212,Unknown Road,INTERPOLATED,5168,False,NONE,5168,0,0,"No constraint needed"
110416465722,Norris Cir,INTERPOLATED,6006,False,NONE,6006,0,0,"No constraint needed"
110416490259,Unknown Road,INTERPOLATED,4241,True,PendantCluster,3543,-698,-16.5,"Nested pendant cluster (depth 2): Capped to 3;543 AADT (64% of entry road 'Tin Top Rd': 5;536)"
110416489447,Unknown Road,INTERPOLATED,224,True,PendantCluster,0,-224,-100,"Nested pendant cluster (depth 28): Capped to 0 AADT (0% of entry road 'Iroquois Trl': 225)"
1106087811676,Chavez Trl,INTERPOLATED,225,True,PendantCluster,0,-225,-100,"Nested pendant cluster (depth 24): Capped to 0 AADT (0% of entry road 'Horseshoe Bend Rd': 2)"
110416491986,Unknown Road,INTERPOLATED,243,False,NONE,243,0,0,"No constraint needed"
110416489427,Unknown Road,INTERPOLATED,225,True,PendantCluster,0,-225,-100,"Nested pendant cluster (depth 24): Capped to 0 AADT (0% of entry road 'Horseshoe Bend Rd': 2)"
110416477078,Livingston Ct,INTERPOLATED,4456,True,PendantCluster,1726,-2730,-61.3,"Nested pendant cluster (depth 4): Capped to 1;726 AADT (41% of entry road 'Livingston Rd': 4;216)"
110416490480,Unknown Road,INTERPOLATED,12970,True,PendantCluster,7363,-5607,-43.2,"Nested pendant cluster (depth 2): Capped to 7;363 AADT (64% of entry road 'Floyd Rd': 11;505)"
110416474579,Ranchview Trl,INTERPOLATED,2636,True,PendantCluster,197,-2439,-92.5,"Nested pendant cluster (depth 6): Capped to 197 AADT (26% of entry road 'Horseshoe Bend Rd': 755)"
110416491468,Unknown Road,INTERPOLATED,1377,True,PendantCluster,20,-1357,-98.5,"Nested pendant cluster (depth 10): Capped to 20 AADT (11% of entry road 'Horseshoe Bend Rd': 188)"
110416467134,Pin Oak Trl,INTERPOLATED,4596,False,NONE,4596,0,0,"No constraint needed"
110416465674,Navajo Trl,INTERPOLATED,4474,False,NONE,4474,0,0,"No constraint needed"
110416492631,Unknown Road,INTERPOLATED,2929,False,NONE,2929,0,0,"No constraint needed"
110416479713,Sanchez Creek Dr,INTERPOLATED,3160,False,NONE,3160,0,0,"No constraint needed"
110416478897,Cass Holland Rd,INTERPOLATED,1277,False,NONE,1277,0,0,"No constraint needed"
110416464571,Gopher Rd,INTERPOLATED,1487,True,PendantCluster,794,-693,-46.6,"Nested pendant cluster (depth 2): Capped to 794 AADT (64% of entry road 'Greenwood Rd': 1;242)"
110416478434,Rentz Place Cir,INTERPOLATED,2948,False,NONE,2948,0,0,"No constraint needed"
110416490066,Unknown Road,ACTUAL_COUNT,1314,False,NONE,1314,0,0,"No constraint needed"
1104472961491,Whiterock Ct,INTERPOLATED,1762,False,NONE,1762,0,0,"No constraint needed"
110416489493,Unknown Road,INTERPOLATED,2218,False,NONE,2218,0,0,"No constraint needed"
1102466487668,Unknown Road,INTERPOLATED,483,False,NONE,483,0,0,"No constraint needed"
1103630853183,Highland Lakes Dr,INTERPOLATED,3946,False,NONE,3946,0,0,"No constraint needed"
1103626833905,Hilltop Dr,INTERPOLATED,30188,False,NONE,30188,0,0,"No constraint needed"
1103677912926,Sammuel Dr,INTERPOLATED,1446,False,NONE,1446,0,0,"No constraint needed"
110416464072,Boeing Trl,INTERPOLATED,228,False,NONE,228,0,0,"No constraint needed"
110416464987,Haynes Rd,INTERPOLATED,6043,True,PendantCluster,3543,-2500,-41.4,"Nested pendant cluster (depth 2): Capped to 3;543 AADT (64% of entry road 'Tin Top Rd': 5;536)"
1102200937359,Tahoe Ln,NO_DATA,0,False,NONE,0,0,0,"No constraint needed"
1103587043844,River Buck Ct,INTERPOLATED,629,True,PendantCluster,342,-287,-45.6,"Nested pendant cluster (depth 6): Capped to 342 AADT (26% of 2 entry roads (River Buck Ct; Silver Spur Dr): 1;307)"
1102200920134,Unknown Road,INTERPOLATED,361,False,NONE,361,0,0,"No constraint needed"
1102466314210,Unknown Road,INTERPOLATED,389,False,NONE,389,0,0,"No constraint needed"
110416470979,McCarthy Dr,INTERPOLATED,378,False,NONE,378,0,0,"No constraint needed"
1102200933369,Unknown Road,INTERPOLATED,631,False,NONE,631,0,0,"No constraint needed"
110416445554,D J Ln,INTERPOLATED,315,True,PendantCluster,68,-247,-78.4,"Nested pendant cluster (depth 2): Capped to 68 AADT (64% of entry road 'Old Millsap Rd': 107)"
110416491047,Unknown Road,INTERPOLATED,15383,True,PendantCluster,7363,-8020,-52.1,"Nested pendant cluster (depth 2): Capped to 7;363 AADT (64% of entry road 'Floyd Rd': 11;505)"
1102200948993,Unknown Road,INTERPOLATED,128,False,NONE,128,0,0,"No constraint needed"
1102200923519,Unknown Road,INTERPOLATED,10838,False,NONE,10838,0,0,"No constraint needed"
1102172803239,Null,INTERPOLATED,2641,False,NONE,2641,0,0,"No constraint needed"
1102200931006,Unknown Road,INTERPOLATED,606,False,NONE,606,0,0,"No constraint needed"
1102200931828,Unknown Road,INTERPOLATED,821,True,PendantCluster,548,-273,-33.3,"Nested pendant cluster (depth 2): Capped to 548 AADT (64% of entry road 'Heathington Rd': 857)"
110416491838,Unknown Road,INTERPOLATED,875,False,NONE,875,0,0,"No constraint needed"
110416466973,Liberty St,INTERPOLATED,1316,False,NONE,1316,0,0,"No constraint needed"
110416446039,Duke St,INTERPOLATED,1176,False,NONE,1176,0,0,"No constraint needed"
110416471293,Red Bank Rd,INTERPOLATED,208,False,NONE,208,0,0,"No constraint needed"
110416492535,Unknown Road,INTERPOLATED,397,True,PendantCluster,218,-179,-45.1,"Nested pendant cluster (depth 2): Capped to 218 AADT (64% of entry road 'Cougar Rd': 342)"
110416489443,Unknown Road,INTERPOLATED,445,True,PendantCluster,51,-394,-88.5,"Nested pendant cluster (depth 6): Capped to 51 AADT (26% of entry road 'Unknown Road': 198)"
1104470395616,Unknown Road,INTERPOLATED,391,True,PendantCluster,32,-359,-91.8,"Nested pendant cluster (depth 6): Capped to 32 AADT (26% of entry road 'Unknown Road': 124)"
1102970400356,Unknown Road,INTERPOLATED,243,False,NONE,243,0,0,"No constraint needed"
110416470397,Cherokee Trl,INTERPOLATED,238,True,PendantCluster,0,-238,-100,"Nested pendant cluster (depth 24): Capped to 0 AADT (0% of entry road 'Horseshoe Bend Rd': 2)"
1104467482499,Berry Ln,INTERPOLATED,5713,True,PendantCluster,3543,-2170,-38,"Nested pendant cluster (depth 2): Capped to 3;543 AADT (64% of entry road 'Tin Top Rd': 5;536)"
110416466975,Liberty St,ACTUAL_COUNT,511,False,NONE,511,0,0,"No constraint needed"
110416477700,Van Winkle St,INTERPOLATED,1254,False,NONE,1254,0,0,"No constraint needed"
110416470073,Wheeler St,INTERPOLATED,1460,False,NONE,1460,0,0,"No constraint needed"
110416446037,Duke St,INTERPOLATED,814,False,NONE,814,0,0,"No constraint needed"
110416489452,Unknown Road,ACTUAL_COUNT,967,False,NONE,967,0,0,"No constraint needed"
110416446634,Nash Ln,INTERPOLATED,76,True,PendantCluster,24,-52,-68.4,"Nested pendant cluster (depth 6): Capped to 24 AADT (26% of 2 entry roads (Unknown Road; Nash Ln): 95)"
110416489418,Unknown Road,INTERPOLATED,277,True,PendantCluster,187,-90,-32.5,"Nested pendant cluster (depth 2): Capped to 187 AADT (64% of entry road 'Combs Bend': 293)"
110416465887,Shanes Ln,ACTUAL_COUNT,1752,True,PendantCluster,343,-1409,-80.4,"Nested pendant cluster (depth 8): Capped to 343 AADT (17% of 2 entry roads (Unknown Road; Shanes Ln): 2;045)"
110416476386,Gun Barrel Dr,INTERPOLATED,4300,False,NONE,4300,0,0,"No constraint needed"
110416477691,Tumbleweed Dr,INTERPOLATED,4401,False,NONE,4401,0,0,"No constraint needed"
110416462288,Rifle Rd,INTERPOLATED,4346,False,NONE,4346,0,0,"No constraint needed"
110416491466,Unknown Road,INTERPOLATED,1497,True,PendantCluster,559,-938,-62.7,"Nested pendant cluster (depth 4): Capped to 559 AADT (41% of entry road 'Unknown Road': 1;365)"
110416446267,Jade Ct,INTERPOLATED,3540,True,PendantCluster,2456,-1084,-30.6,"Nested pendant cluster (depth 2): Capped to 2;456 AADT (64% of entry road 'Opal Dr': 3;839)"
110416466727,Emerald Dr,INTERPOLATED,4011,False,NONE,4011,0,0,"No constraint needed"
1104469988114,Unknown Road,INTERPOLATED,1399,False,NONE,1399,0,0,"No constraint needed"
1102200931679,Unknown Road,INTERPOLATED,363,True,PendantCluster,38,-325,-89.5,"Nested pendant cluster (depth 8): Capped to 38 AADT (17% of entry road 'W El Camino Real': 231)"
110416474426,Montclair Dr,INTERPOLATED,457,True,PendantCluster,294,-163,-35.7,"Nested pendant cluster (depth 4): Capped to 294 AADT (41% of entry road 'New Tin Top Rd': 718)"
1102200925873,Unknown Road,INTERPOLATED,346,True,PendantCluster,4,-342,-98.8,"Nested pendant cluster (depth 10): Capped to 4 AADT (11% of entry road 'Gilbert Dr': 38)"
110416464600,Harris Dr,INTERPOLATED,390,True,PendantCluster,38,-352,-90.3,"Nested pendant cluster (depth 8): Capped to 38 AADT (17% of entry road 'W El Camino Real': 231)"
1104699570696,Palo Pinto St,INTERPOLATED,6460,False,NONE,6460,0,0,"No constraint needed"
1104699570698,Fort Worth Hwy,ACTUAL_COUNT,1696,False,NONE,1696,0,0,"No constraint needed"
1104258466383,State Spur 312,ACTUAL_COUNT,5562,False,NONE,5562,0,0,"No constraint needed"
110416465841,Rickey Ln,INTERPOLATED,3380,False,NONE,3380,0,0,"No constraint needed"
1102200933810,Unknown Road,INTERPOLATED,7456,True,PendantCluster,5324,-2132,-28.6,"Nested pendant cluster (depth 4): Capped to 5;324 AADT (41% of 2 entry roads (Unknown Road; Unknown Road): 13;000)"
1103630859956,Unknown Road,INTERPOLATED,8301,True,PendantCluster,2537,-5764,-69.4,"Nested pendant cluster (depth 6): Capped to 2;537 AADT (26% of 2 entry roads (Unknown Road; Unknown Road): 9;678)"
110416467041,Mineola St,INTERPOLATED,4016,False,NONE,4016,0,0,"No constraint needed"
1106087924467,Sloan St,INTERPOLATED,6223,False,NONE,6223,0,0,"No constraint needed"
1104470369846,Jennifer Ct,INTERPOLATED,1212,True,PendantCluster,400,-812,-67,"Nested pendant cluster (depth 6): Capped to 400 AADT (26% of 2 entry roads (Tyler Ct; Jennifer Ct): 1;529)"
1104470395631,Jennifer Ct,ACTUAL_COUNT,1118,False,NONE,1118,0,0,"No constraint needed"
1102638238362,Unknown Road,ACTUAL_COUNT,1118,False,NONE,1118,0,0,"No constraint needed"
1102970412763,Jackson St,INTERPOLATED,2144,False,NONE,2144,0,0,"No constraint needed"
110416466998,McCarty St,ACTUAL_COUNT,1469,False,NONE,1469,0,0,"No constraint needed"
110416491788,Unknown Road,INTERPOLATED,2099,True,PendantCluster,1205,-894,-42.6,"Nested pendant cluster (depth 2): Capped to 1;205 AADT (64% of entry road 'Vine St': 1;883)"
110416479852,Greenwood Oaks Dr,INTERPOLATED,1800,True,PendantCluster,1128,-672,-37.3,"Nested pendant cluster (depth 2): Capped to 1;128 AADT (64% of entry road 'Greenwood Cut Off Rd': 1;763)"
110416490683,Unknown Road,INTERPOLATED,1803,True,PendantCluster,692,-1111,-61.6,"Nested pendant cluster (depth 4): Capped to 692 AADT (41% of entry road 'Unknown Road': 1;690)"
110416445969,Cool Ln,INTERPOLATED,337,False,NONE,337,0,0,"No constraint needed"
1102200934330,Unknown Road,INTERPOLATED,128,False,NONE,128,0,0,"No constraint needed"
110416489519,Unknown Road,INTERPOLATED,135,False,NONE,135,0,0,"No constraint needed"
110416470459,Columbia St,INTERPOLATED,1770,False,NONE,1770,0,0,"No constraint needed"
110416471521,Westwood Dr,INTERPOLATED,1746,True,PendantCluster,344,-1402,-80.3,"Nested pendant cluster (depth 4): Capped to 344 AADT (41% of entry road 'Westbriar Dr': 840)"
1104473155922,Unknown Road,INTERPOLATED,5958,False,NONE,5958,0,0,"No constraint needed"
1104473155916,Unknown Road,INTERPOLATED,5954,False,NONE,5954,0,0,"No constraint needed"
110416465560,Martin Dr,ACTUAL_COUNT,5477,False,NONE,5477,0,0,"No constraint needed"
110416447247,Adams Dr,ACTUAL_COUNT,15504,False,NONE,15504,0,0,"No constraint needed"
110416478681,Wild Flower Trl,INTERPOLATED,5723,True,PendantCluster,1451,-4272,-74.6,"Nested pendant cluster (depth 4): Capped to 1;451 AADT (41% of entry road 'Cedar Rd': 3;543)"
110416463759,Wiggs Ln,INTERPOLATED,4931,False,NONE,4931,0,0,"No constraint needed"
110416467031,Milburn Rd,INTERPOLATED,8690,False,NONE,8690,0,0,"No constraint needed"
110416492256,Unknown Road,INTERPOLATED,540,True,PendantCluster,89,-451,-83.5,"Nested pendant cluster (depth 4): Capped to 89 AADT (41% of entry road 'Butler Ln': 218)"
1103690717688,Mooty Hill,INTERPOLATED,606,False,NONE,606,0,0,"No constraint needed"
1102200931101,Unknown Road,INTERPOLATED,1134,False,NONE,1134,0,0,"No constraint needed"
1103701327623,Unknown Road,INTERPOLATED,187,True,PendantCluster,153,-34,-18.2,"Nested pendant cluster (depth 4): Capped to 153 AADT (41% of 2 entry roads (Unknown Road; Unknown Road): 374)"
110416466094,Travis St,INTERPOLATED,143,False,NONE,143,0,0,"No constraint needed"
110416492597,Unknown Road,INTERPOLATED,158,True,PendantCluster,94,-64,-40.5,"Nested pendant cluster (depth 2): Capped to 94 AADT (64% of entry road 'FM 3028': 147)"
110416491385,Dobbs Valley Rd,INTERPOLATED,275,True,PendantCluster,266,-9,-3.3,"Nested pendant cluster (depth 2): Capped to 266 AADT (64% of entry road 'Bennett Rd': 416)"
110416490843,Unknown Road,INTERPOLATED,630,True,PendantCluster,266,-364,-57.8,"Nested pendant cluster (depth 2): Capped to 266 AADT (64% of entry road 'S FM 113': 416)"
110416491622,Unknown Road,INTERPOLATED,155,True,PendantCluster,10,-145,-93.5,"Nested pendant cluster (depth 8): Capped to 10 AADT (17% of 2 entry roads (Unknown Road; Unknown Road): 62)"
1103690717403,Cedar Springs Ln,INTERPOLATED,1314,True,PendantCluster,688,-626,-47.6,"Nested pendant cluster (depth 6): Capped to 688 AADT (26% of 2 entry roads (Cedar Springs Ln; Cedar Springs Ct): 2;628)"
110416458880,Marys Ln,ACTUAL_COUNT,1314,True,PendantCluster,840,-474,-36.1,"Nested pendant cluster (depth 2): Capped to 840 AADT (64% of entry road 'Old Brock Rd': 1;314)"
110416492313,Unknown Road,NO_DATA,0,False,NONE,0,0,0,"No constraint needed"
110416490860,Unknown Road,INTERPOLATED,328,True,PendantCluster,246,-82,-25,"Nested pendant cluster (depth 4): Capped to 246 AADT (41% of 2 entry roads (Unknown Road; Unknown Road): 602)"
110416477378,River View Rd,INTERPOLATED,525,True,PendantCluster,2,-523,-99.6,"Nested pendant cluster (depth 10): Capped to 2 AADT (11% of entry road 'Mountain River Rd': 22)"
1102466765291,Unknown Road,INTERPOLATED,465,True,PendantCluster,0,-465,-100,"Nested pendant cluster (depth 16): Capped to 0 AADT (3% of entry road 'Unknown Road': 13)"
1102200931251,Unknown Road,INTERPOLATED,1414,False,NONE,1414,0,0,"No constraint needed"
110416492102,Unknown Road,INTERPOLATED,1255,False,NONE,1255,0,0,"No constraint needed"
1102200932136,Unknown Road,INTERPOLATED,182308,False,NONE,182308,0,0,"No constraint needed"
110416470701,Hill Top Ter,INTERPOLATED,2078,False,NONE,2078,0,0,"No constraint needed"
110416478860,Canyon Creek Dr,INTERPOLATED,317,True,PendantCluster,166,-151,-47.6,"Nested pendant cluster (depth 6): Capped to 166 AADT (26% of 2 entry roads (Canyon Creek Cir; Canyon Creek Dr): 634)"
110416471457,Titelist Dr,ACTUAL_COUNT,1211,True,PendantCluster,0,-1211,-100,"Nested pendant cluster (depth 16): Capped to 0 AADT (3% of entry road 'Top Flight Dr': 10)"
11016954968208,Littlepage Ln,INTERPOLATED,3064,False,NONE,3064,0,0,"No constraint needed"
1102200924995,Unknown Road,INTERPOLATED,416,False,NONE,416,0,0,"No constraint needed"
1102200942617,Unknown Road,INTERPOLATED,386,False,NONE,386,0,0,"No constraint needed"
1102200957001,Unknown Road,INTERPOLATED,1817,False,NONE,1817,0,0,"No constraint needed"
110416489799,Unknown Road,INTERPOLATED,1404,True,PendantCluster,879,-525,-37.4,"Nested pendant cluster (depth 4): Capped to 879 AADT (41% of 2 entry roads (Unknown Road; Unknown Road): 2;147)"
110416489801,Unknown Road,INTERPOLATED,1412,True,PendantCluster,713,-699,-49.5,"Nested pendant cluster (depth 2): Capped to 713 AADT (64% of entry road 'Wolf Hollow': 1;115)"
110416489800,Unknown Road,INTERPOLATED,1434,True,PendantCluster,652,-782,-54.5,"Nested pendant cluster (depth 4): Capped to 652 AADT (41% of 2 entry roads (Unknown Road; Unknown Road): 1;592)"
1102200932560,Unknown Road,INTERPOLATED,2658,True,PendantCluster,1790,-868,-32.7,"Nested pendant cluster (depth 2): Capped to 1;790 AADT (64% of entry road 'Country Place Rd': 2;798)"
110416476285,Green Tree Dr,INTERPOLATED,2575,False,NONE,2575,0,0,"No constraint needed"
110416490325,Unknown Road,INTERPOLATED,1939,True,PendantCluster,1292,-647,-33.4,"Nested pendant cluster (depth 2): Capped to 1;292 AADT (64% of entry road 'Grindstone Rd': 2;019)"
110416492080,Unknown Road,INTERPOLATED,2405,True,PendantCluster,1417,-988,-41.1,"Nested pendant cluster (depth 2): Capped to 1;417 AADT (64% of entry road 'FM 1189': 2;215)"
110416490176,Unknown Road,INTERPOLATED,3232,False,NONE,3232,0,0,"No constraint needed"
1103938072942,McGee Ranch,INTERPOLATED,1783,False,NONE,1783,0,0,"No constraint needed"
1104468855006,Mylea Ln,INTERPOLATED,2387,False,NONE,2387,0,0,"No constraint needed"
1102466259387,Unknown Road,INTERPOLATED,3794,False,NONE,3794,0,0,"No constraint needed"
110416491575,Unknown Road,INTERPOLATED,3366,False,NONE,3366,0,0,"No constraint needed"
1102970388097,Unknown Road,INTERPOLATED,448,False,NONE,448,0,0,"No constraint needed"
1102466311757,Unknown Road,INTERPOLATED,213,True,PendantCluster,6,-207,-97.2,"Nested pendant cluster (depth 16): Capped to 6 AADT (3% of entry road 'Unknown Road': 216)"
1102466311779,Unknown Road,INTERPOLATED,215,True,PendantCluster,0,-215,-100,"Nested pendant cluster (depth 12): Capped to 0 AADT (7% of entry road 'Unknown Road': 4)"
1102200919802,Whispering Dell Ln,INTERPOLATED,1471,True,PendantCluster,579,-892,-60.6,"Nested pendant cluster (depth 4): Capped to 579 AADT (41% of entry road 'Willow Creek Dr': 1;414)"
110416479225,Shady Valley Cir,INTERPOLATED,22555,True,PendantCluster,15982,-6573,-29.1,"Nested pendant cluster (depth 2): Capped to 15;982 AADT (64% of entry road 'Timber Creek Dr': 24;973)"
110416479683,Pleasant Wood Cir,INTERPOLATED,23518,True,PendantCluster,15982,-7536,-32,"Nested pendant cluster (depth 2): Capped to 15;982 AADT (64% of entry road 'Timber Creek Dr': 24;973)"
1102466311732,Unknown Road,INTERPOLATED,213,True,PendantCluster,6,-207,-97.2,"Nested pendant cluster (depth 16): Capped to 6 AADT (3% of entry road 'Unknown Road': 216)"
1102200923836,Whitestone Way,INTERPOLATED,1473,True,PendantCluster,579,-894,-60.7,"Nested pendant cluster (depth 4): Capped to 579 AADT (41% of entry road 'Willow Creek Dr': 1;414)"
1102200930597,Unknown Road,INTERPOLATED,177545,False,NONE,177545,0,0,"No constraint needed"
1102200934716,Unknown Road,INTERPOLATED,857,False,NONE,857,0,0,"No constraint needed"
1102638239262,Unknown Road,INTERPOLATED,4679,False,NONE,4679,0,0,"No constraint needed"
1102466917206,Unknown Road,INTERPOLATED,12734,True,PendantCluster,436,-12298,-96.6,"Nested pendant cluster (depth 8): Capped to 436 AADT (17% of entry road 'Floyd Ct': 2;600)"
1102466751866,Pearl Ct,INTERPOLATED,3036,True,PendantCluster,2045,-991,-32.6,"Nested pendant cluster (depth 2): Capped to 2;045 AADT (64% of entry road 'Cedar Ridge Dr': 3;196)"
1102200942347,Unknown Road,INTERPOLATED,1806,True,PendantCluster,940,-866,-48,"Nested pendant cluster (depth 2): Capped to 940 AADT (64% of entry road 'Cleveland Ave': 1;469)"
1102466703768,Unknown Road,INTERPOLATED,2396,True,PendantCluster,1417,-979,-40.9,"Nested pendant cluster (depth 2): Capped to 1;417 AADT (64% of entry road 'FM 1189': 2;215)"
1103933847860,Unknown Road,INTERPOLATED,251,True,PendantCluster,158,-93,-37.1,"Nested pendant cluster (depth 2): Capped to 158 AADT (64% of entry road 'Hubbard Ln': 248)"
1102200932280,Unknown Road,INTERPOLATED,478,True,PendantCluster,368,-110,-23,"Nested pendant cluster (depth 2): Capped to 368 AADT (64% of entry road 'Robinson Rd': 576)"
1102200936858,Trailview Ln,INTERPOLATED,1595,True,PendantCluster,178,-1417,-88.8,"Nested pendant cluster (depth 6): Capped to 178 AADT (26% of entry road 'Overton Ridge Cir': 681)"
1102200950928,Unknown Road,INTERPOLATED,210,True,PendantCluster,4,-206,-98.1,"Nested pendant cluster (depth 10): Capped to 4 AADT (11% of 2 entry roads (Unknown Road; Unknown Road): 38)"
1102200926579,Unknown Road,INTERPOLATED,216,False,NONE,216,0,0,"No constraint needed"
1102970398495,Unknown Road,INTERPOLATED,211,True,PendantCluster,4,-207,-98.1,"Nested pendant cluster (depth 10): Capped to 4 AADT (11% of 2 entry roads (Unknown Road; Unknown Road): 38)"
1102200957535,Unknown Road,ACTUAL_COUNT,736,False,NONE,736,0,0,"No constraint needed"
110416465256,Henson Ct,INTERPOLATED,5754,True,PendantCluster,1523,-4231,-73.5,"Nested pendant cluster (depth 2): Capped to 1;523 AADT (64% of entry road 'Jameson St': 2;380)"
1102200926065,Rachel Rd,ACTUAL_COUNT,2889,True,PendantCluster,840,-2049,-70.9,"Nested pendant cluster (depth 2): Capped to 840 AADT (64% of entry road 'Charles St': 1;314)"
110416491966,Unknown Road,INTERPOLATED,2163,True,PendantCluster,1347,-816,-37.7,"Nested pendant cluster (depth 2): Capped to 1;347 AADT (64% of entry road 'Norton St': 2;105)"
110416477688,Tumbleweed Ct,INTERPOLATED,889,True,PendantCluster,107,-782,-88,"Nested pendant cluster (depth 6): Capped to 107 AADT (26% of entry road 'E Poe Prairie Rd': 409)"
1102200940584,Unknown Road,INTERPOLATED,1110,True,PendantCluster,600,-510,-45.9,"Nested pendant cluster (depth 4): Capped to 600 AADT (41% of 2 entry roads (Unknown Road; Unknown Road): 1;465)"
110416471208,Paradise Ct,INTERPOLATED,775,True,PendantCluster,276,-499,-64.4,"Nested pendant cluster (depth 4): Capped to 276 AADT (41% of entry road 'E Poe Prairie Rd': 675)"
110416465790,Quincy Ln,INTERPOLATED,3843,False,NONE,3843,0,0,"No constraint needed"
110416447445,Allen St,INTERPOLATED,5481,False,NONE,5481,0,0,"No constraint needed"
1102200929167,Gilbert Pit Rd,INTERPOLATED,569,True,PendantCluster,373,-196,-34.4,"Nested pendant cluster (depth 2): Capped to 373 AADT (64% of 2 entry roads (Gilbert Pit Rd; Gilbert Pit Rd): 584)"
110416471883,Edge Hill Ter,INTERPOLATED,3134,True,PendantCluster,940,-2194,-70,"Nested pendant cluster (depth 2): Capped to 940 AADT (64% of entry road 'S Lamar St': 1;469)"
1103276928980,Brandy Dr,ACTUAL_COUNT,2746,True,PendantCluster,70,-2676,-97.5,"Nested pendant cluster (depth 8): Capped to 70 AADT (17% of entry road 'BB Fielder Dr': 423)"
1103276929408,Taylor Dr,INTERPOLATED,3234,True,PendantCluster,70,-3164,-97.8,"Nested pendant cluster (depth 8): Capped to 70 AADT (17% of entry road 'BB Fielder Dr': 423)"
110416490476,Unknown Road,INTERPOLATED,5566,True,PendantCluster,3543,-2023,-36.3,"Nested pendant cluster (depth 2): Capped to 3;543 AADT (64% of entry road 'Tin Top Rd': 5;536)"
110416477510,Southwinds Dr,INTERPOLATED,3220,True,PendantCluster,2442,-778,-24.2,"Nested pendant cluster (depth 4): Capped to 2;442 AADT (41% of 2 entry roads (Mariah Dr; Southwinds Dr): 5;962)"
1102466751853,Pearl Ct,INTERPOLATED,3186,True,PendantCluster,2045,-1141,-35.8,"Nested pendant cluster (depth 2): Capped to 2;045 AADT (64% of entry road 'Cedar Ridge Dr': 3;196)"
110416471551,Windsong Ct,INTERPOLATED,5481,True,PendantCluster,564,-4917,-89.7,"Nested pendant cluster (depth 6): Capped to 564 AADT (26% of entry road 'Mariah Dr': 2;155)"
110416470603,Fletcher Rd,INTERPOLATED,6692,True,PendantCluster,3543,-3149,-47.1,"Nested pendant cluster (depth 2): Capped to 3;543 AADT (64% of entry road 'Tin Top Rd': 5;536)"
1103695941697,Roselawn Dr,ACTUAL_COUNT,10006,False,NONE,10006,0,0,"No constraint needed"
1103595524426,Unknown Road,INTERPOLATED,518,False,NONE,518,0,0,"No constraint needed"
110416479182,Pogue Branch Ct,INTERPOLATED,1293,True,PendantCluster,435,-858,-66.4,"Nested pendant cluster (depth 4): Capped to 435 AADT (41% of entry road 'Burette': 1;064)"
110416474815,Vigortone Dr,INTERPOLATED,1208,True,PendantCluster,278,-930,-77,"Nested pendant cluster (depth 6): Capped to 278 AADT (26% of entry road 'Burette': 1;064)"
11016954975152,Jake Ct,INTERPOLATED,7,True,PendantCluster,0,-7,-100,"Nested pendant cluster (depth 12): Capped to 0 AADT (7% of entry road 'Jake Ct': 7)"
110416476066,Cottonwood Ln,ACTUAL_COUNT,3868,True,PendantCluster,2475,-1393,-36,"Nested pendant cluster (depth 2): Capped to 2;475 AADT (64% of entry road 'State Spur 312': 3;868)"
1102200921581,Unknown Road,INTERPOLATED,3052,True,PendantCluster,2005,-1047,-34.3,"Nested pendant cluster (depth 2): Capped to 2;005 AADT (64% of entry road 'Scarlett Rd': 3;133)"
110416474673,Shady Oak Dr,INTERPOLATED,2238,True,PendantCluster,740,-1498,-66.9,"Nested pendant cluster (depth 6): Capped to 740 AADT (26% of 2 entry roads (Shady Oak Ln; Shady Oak Dr): 2;824)"
110416474422,Middleton Ct,INTERPOLATED,1440,False,NONE,1440,0,0,"No constraint needed"
1102466549149,Unknown Road,INTERPOLATED,1843,True,PendantCluster,1696,-147,-8,"Nested pendant cluster (depth 2): Capped to 1;696 AADT (64% of 3 entry roads (Unknown Road; Mineral Wells Hwy; ...): 2;650)"
1102466549144,Unknown Road,INTERPOLATED,1794,False,NONE,1794,0,0,"No constraint needed"
1102466706198,Unknown Road,INTERPOLATED,469,True,PendantCluster,21,-448,-95.5,"Nested pendant cluster (depth 14): Capped to 21 AADT (4% of 2 entry roads (Unknown Road; Unknown Road): 496)"
1102200947126,Unknown Road,INTERPOLATED,463,True,PendantCluster,2,-461,-99.6,"Nested pendant cluster (depth 14): Capped to 2 AADT (4% of 2 entry roads (Unknown Road; Unknown Road): 54)"
1102466706204,Unknown Road,INTERPOLATED,459,True,PendantCluster,33,-426,-92.8,"Nested pendant cluster (depth 12): Capped to 33 AADT (7% of 2 entry roads (Unknown Road; Unknown Road): 486)"
1103661346390,Seneca Dr,INTERPOLATED,3948,True,PendantCluster,2475,-1473,-37.3,"Nested pendant cluster (depth 2): Capped to 2;475 AADT (64% of entry road 'State Spur 312': 3;868)"
1102466703592,Oak Tree Cir,INTERPOLATED,1630,True,PendantCluster,137,-1493,-91.6,"Nested pendant cluster (depth 6): Capped to 137 AADT (26% of 2 entry roads (Oak Tree Ln; Westwood Dr): 524)"
1103661346586,Elizabeth Pl,INTERPOLATED,2704,True,PendantCluster,1122,-1582,-58.5,"Nested pendant cluster (depth 4): Capped to 1;122 AADT (41% of entry road 'Ridgeway Blvd': 2;740)"
1103701318601,Unknown Road,INTERPOLATED,4125,True,PendantCluster,541,-3584,-86.9,"Nested pendant cluster (depth 6): Capped to 541 AADT (26% of 2 entry roads (Unknown Road; Unknown Road): 2;066)"
110416465571,Meadow Ct,INTERPOLATED,4179,True,PendantCluster,2666,-1513,-36.2,"Nested pendant cluster (depth 2): Capped to 2;666 AADT (64% of entry road 'Wandering Ln': 4;166)"
110416479478,Cougar Hollow Ln,INTERPOLATED,459,False,NONE,459,0,0,"No constraint needed"
1102200931725,Waverly Ct,INTERPOLATED,1484,True,PendantCluster,151,-1333,-89.8,"Nested pendant cluster (depth 6): Capped to 151 AADT (26% of entry road 'Wellington Trl': 579)"
1102200931760,Wonder Oak Ct,INTERPOLATED,1431,True,PendantCluster,25,-1406,-98.3,"Nested pendant cluster (depth 8): Capped to 25 AADT (17% of entry road 'Wintergreen Ct': 151)"
110416492082,Unknown Road,INTERPOLATED,1220,True,PendantCluster,892,-328,-26.9,"Nested pendant cluster (depth 4): Capped to 892 AADT (41% of 2 entry roads (Unknown Road; Unknown Road): 2;178)"
110416489917,Tail Spin Cir,INTERPOLATED,1801,True,PendantCluster,450,-1351,-75,"Nested pendant cluster (depth 6): Capped to 450 AADT (26% of entry road 'Pritchard Ln': 1;717)"
11016954906194,Captain Ln,INTERPOLATED,2361,False,NONE,2361,0,0,"No constraint needed"
110416473515,Lone Star Rd,INTERPOLATED,1071,False,NONE,1071,0,0,"No constraint needed"
110416490400,Unknown Road,INTERPOLATED,1005,False,NONE,1005,0,0,"No constraint needed"
110416490422,Unknown Road,INTERPOLATED,1545,True,PendantCluster,314,-1231,-79.7,"Nested pendant cluster (depth 4): Capped to 314 AADT (41% of entry road 'Unknown Road': 767)"
110416490239,Unknown Road,INTERPOLATED,4844,True,PendantCluster,2531,-2313,-47.7,"Nested pendant cluster (depth 2): Capped to 2;531 AADT (64% of entry road 'Adell Cir': 3;955)"
1106067271421,Pine Rd,ACTUAL_COUNT,242,False,NONE,242,0,0,"No constraint needed"
110416466451,Bradley,ACTUAL_COUNT,749,False,NONE,749,0,0,"No constraint needed"
11016955446069,Oak Tree Dr,INTERPOLATED,2099,False,NONE,2099,0,0,"No constraint needed"
110416492165,Unknown Road,INTERPOLATED,1249,True,PendantCluster,411,-838,-67.1,"Nested pendant cluster (depth 2): Capped to 411 AADT (64% of entry road 'E Dry Creek Rd': 643)"
110416491760,Unknown Road,INTERPOLATED,1258,True,PendantCluster,901,-357,-28.4,"Nested pendant cluster (depth 4): Capped to 901 AADT (41% of 2 entry roads (Unknown Road; Unknown Road): 2;202)"
110416466360,Advance Rd,ACTUAL_COUNT,669,True,PendantCluster,386,-283,-42.3,"Nested pendant cluster (depth 4): Capped to 386 AADT (41% of 2 entry roads (6601 Dr; Advance Rd): 943)"
11016955195332,Unknown Road,INTERPOLATED,7049,False,NONE,7049,0,0,"No constraint needed"
110416490291,Unknown Road,INTERPOLATED,9886,False,NONE,9886,0,0,"No constraint needed"
11016955195321,Unknown Road,INTERPOLATED,3290,False,NONE,3290,0,0,"No constraint needed"
110416479519,Frank Plumlee Ln,INTERPOLATED,1226,True,PendantCluster,293,-933,-76.1,"Nested pendant cluster (depth 2): Capped to 293 AADT (64% of entry road 'McClendon Rd': 458)"
110416490440,Unknown Road,INTERPOLATED,2058,False,NONE,2058,0,0,"No constraint needed"
110416491928,Unknown Road,INTERPOLATED,1106,True,PendantCluster,481,-625,-56.5,"Nested pendant cluster (depth 2): Capped to 481 AADT (64% of entry road 'State Hwy 199': 753)"
1102200932578,Unknown Road,INTERPOLATED,1577,False,NONE,1577,0,0,"No constraint needed"
110416479744,Sweet Springs Rd,INTERPOLATED,1818,False,NONE,1818,0,0,"No constraint needed"
1102638237874,Unknown Road,INTERPOLATED,799,False,NONE,799,0,0,"No constraint needed"
110416445744,FM 1885,ACTUAL_COUNT,2446,False,NONE,2446,0,0,"No constraint needed"
1102466498179,Mark Layne Rd,INTERPOLATED,2079,False,NONE,2079,0,0,"No constraint needed"
110416478910,Cold Springs Rd,ACTUAL_COUNT,156,False,NONE,156,0,0,"No constraint needed"
110416465766,Pepper Ln,INTERPOLATED,1402,False,NONE,1402,0,0,"No constraint needed"
110416479019,Garner Adell Rd,ACTUAL_COUNT,406,False,NONE,406,0,0,"No constraint needed"
110416465525,Maddux Rd,ACTUAL_COUNT,504,False,NONE,504,0,0,"No constraint needed"
1102466746233,Unknown Road,INTERPOLATED,840,True,PendantCluster,328,-512,-61,"Nested pendant cluster (depth 2): Capped to 328 AADT (64% of entry road 'W Lambert Rd': 514)"
11016955195287,Unknown Road,INTERPOLATED,1949,False,NONE,1949,0,0,"No constraint needed"
110416478292,Marys Shady Ln,INTERPOLATED,1782,False,NONE,1782,0,0,"No constraint needed"
1102217872485,Marsden Rd,INTERPOLATED,1041,False,NONE,1041,0,0,"No constraint needed"
110416490298,Unknown Road,INTERPOLATED,2093,True,PendantCluster,1295,-798,-38.1,"Nested pendant cluster (depth 2): Capped to 1;295 AADT (64% of entry road 'La Costa Cir': 2;024)"
110416466950,La Vega Trl,INTERPOLATED,2118,False,NONE,2118,0,0,"No constraint needed"
110416489850,Unknown Road,INTERPOLATED,1028,True,PendantCluster,486,-542,-52.7,"Nested pendant cluster (depth 2): Capped to 486 AADT (64% of entry road 'Weiland Rd': 760)"
110416474685,Shoreline Cir,INTERPOLATED,1717,True,PendantCluster,1592,-125,-7.3,"Nested pendant cluster (depth 4): Capped to 1;592 AADT (41% of 2 entry roads (Shoreline Cir; Unknown Road): 3;887)"
110416492040,Unknown Road,INTERPOLATED,653,True,PendantCluster,486,-167,-25.6,"Nested pendant cluster (depth 2): Capped to 486 AADT (64% of entry road 'Weiland Rd': 760)"
1103794697058,Unknown Road,INTERPOLATED,3520,False,NONE,3520,0,0,"No constraint needed"
110416491950,Unknown Road,INTERPOLATED,728,False,NONE,728,0,0,"No constraint needed"
110416465705,Newman Ln,INTERPOLATED,10785,True,PendantCluster,6828,-3957,-36.7,"Nested pendant cluster (depth 2): Capped to 6;828 AADT (64% of entry road 'Stafford Rd': 10;670)"
110416479819,Crossing Point Dr,INTERPOLATED,749,False,NONE,749,0,0,"No constraint needed"
110416492248,Unknown Road,INTERPOLATED,921,True,PendantCluster,851,-70,-7.6,"Nested pendant cluster (depth 2): Capped to 851 AADT (64% of 2 entry roads (Red Bird Ln; Unknown Road): 1;330)"
110416464149,Cahill Ct,INTERPOLATED,856,True,PendantCluster,46,-810,-94.6,"Nested pendant cluster (depth 8): Capped to 46 AADT (17% of entry road 'Duke Trl': 279)"
110416471686,Bellenger Ln,INTERPOLATED,2858,False,NONE,2858,0,0,"No constraint needed"
110416492402,Unknown Road,INTERPOLATED,577,False,NONE,577,0,0,"No constraint needed"
1104259290977,Hardy Rd,INTERPOLATED,935,True,PendantCluster,0,-935,-100,"Nested pendant cluster (depth 24): Capped to 0 AADT (0% of entry road 'Hardy Rd': 4)"
110416465403,Jordan Rd,INTERPOLATED,1274,False,NONE,1274,0,0,"No constraint needed"
110416490292,Unknown Road,INTERPOLATED,8478,True,PendantCluster,6828,-1650,-19.5,"Nested pendant cluster (depth 2): Capped to 6;828 AADT (64% of entry road 'Stafford Rd': 10;670)"
11016955195326,Unknown Road,INTERPOLATED,8135,False,NONE,8135,0,0,"No constraint needed"
1102970389295,Unknown Road,INTERPOLATED,2472,True,PendantCluster,1237,-1235,-50,"Nested pendant cluster (depth 4): Capped to 1;237 AADT (41% of 2 entry roads (Unknown Road; Unknown Road): 3;021)"
110416492398,Unknown Road,INTERPOLATED,532,True,PendantCluster,0,-532,-100,"Nested pendant cluster (depth 16): Capped to 0 AADT (3% of entry road 'Hardy Rd': 1)"
110416491345,Unknown Road,INTERPOLATED,955,False,NONE,955,0,0,"No constraint needed"
1104745390760,Unknown Road,INTERPOLATED,901,False,NONE,901,0,0,"No constraint needed"
1104745390751,Unknown Road,INTERPOLATED,724,False,NONE,724,0,0,"No constraint needed"
1102217860827,Unknown Road,INTERPOLATED,946,False,NONE,946,0,0,"No constraint needed"
110416490052,Unknown Road,INTERPOLATED,1061,False,NONE,1061,0,0,"No constraint needed"
110416471222,Pershing Rd,ACTUAL_COUNT,153,False,NONE,153,0,0,"No constraint needed"
110416471301,Reynolds,INTERPOLATED,1088,False,NONE,1088,0,0,"No constraint needed"
110416490788,Unknown Road,INTERPOLATED,1131,False,NONE,1131,0,0,"No constraint needed"
110416445611,Lee Rd,ACTUAL_COUNT,550,True,PendantCluster,449,-101,-18.4,"Nested pendant cluster (depth 2): Capped to 449 AADT (64% of 2 entry roads (Pershing Rd; Lee Rd): 703)"
1102217862647,Unknown Road,INTERPOLATED,1058,False,NONE,1058,0,0,"No constraint needed"
110416465442,Knight Rd,INTERPOLATED,1136,False,NONE,1136,0,0,"No constraint needed"
110416490790,Unknown Road,INTERPOLATED,677,False,NONE,677,0,0,"No constraint needed"
110416490764,Unknown Road,INTERPOLATED,1212,True,PendantCluster,586,-626,-51.7,"Nested pendant cluster (depth 4): Capped to 586 AADT (41% of entry road 'Unknown Road': 1;432)"
110416490765,Unknown Road,INTERPOLATED,1180,True,PendantCluster,586,-594,-50.3,"Nested pendant cluster (depth 4): Capped to 586 AADT (41% of entry road 'Unknown Road': 1;432)"
1103794701668,Unknown Road,INTERPOLATED,1197,False,NONE,1197,0,0,"No constraint needed"
110416470052,Watkins Trl,INTERPOLATED,1265,False,NONE,1265,0,0,"No constraint needed"
110416490733,Unknown Road,INTERPOLATED,1330,True,PendantCluster,239,-1091,-82,"Nested pendant cluster (depth 6): Capped to 239 AADT (26% of entry road 'Park Road 71': 912)"
110416490695,Unknown Road,INTERPOLATED,1301,False,NONE,1301,0,0,"No constraint needed"
110416490784,Unknown Road,INTERPOLATED,1171,True,PendantCluster,844,-327,-27.9,"Nested pendant cluster (depth 2): Capped to 844 AADT (64% of entry road 'Old Garner Rd': 1;319)"
110416489774,Unknown Road,INTERPOLATED,758,True,PendantCluster,328,-430,-56.7,"Nested pendant cluster (depth 2): Capped to 328 AADT (64% of entry road 'W Lambert Rd': 514)"
110416489496,Unknown Road,ACTUAL_COUNT,1063,False,NONE,1063,0,0,"No constraint needed"
1102466504447,Unknown Road,INTERPOLATED,1041,False,NONE,1041,0,0,"No constraint needed"
110416492022,Unknown Road,INTERPOLATED,1043,True,PendantCluster,71,-972,-93.2,"Nested pendant cluster (depth 6): Capped to 71 AADT (26% of entry road 'Taylor St': 273)"
110416472111,Highpoint Ct,INTERPOLATED,1562,True,PendantCluster,340,-1222,-78.2,"Nested pendant cluster (depth 6): Capped to 340 AADT (26% of entry road 'Highpoint Rd': 1;300)"
110416489488,Unknown Road,INTERPOLATED,1603,True,PendantCluster,664,-939,-58.6,"Nested pendant cluster (depth 4): Capped to 664 AADT (41% of entry road 'Cross St': 1;622)"
110416489785,Unknown Road,INTERPOLATED,911,True,PendantCluster,844,-67,-7.4,"Nested pendant cluster (depth 2): Capped to 844 AADT (64% of entry road 'Old Garner Rd': 1;319)"
1102466504427,Unknown Road,INTERPOLATED,892,False,NONE,892,0,0,"No constraint needed"
1102200932538,Unknown Road,INTERPOLATED,1559,False,NONE,1559,0,0,"No constraint needed"
1102200955478,Unknown Road,INTERPOLATED,1041,False,NONE,1041,0,0,"No constraint needed"
110416477400,Salt Creek Rd,ACTUAL_COUNT,919,True,PendantCluster,303,-616,-67,"Nested pendant cluster (depth 6): Capped to 303 AADT (26% of 2 entry roads (Unknown Road; Salt Creek Rd): 1;159)"
1103670137524,Effie Ln,INTERPOLATED,1286,False,NONE,1286,0,0,"No constraint needed"
1102200935807,Unknown Road,INTERPOLATED,736,False,NONE,736,0,0,"No constraint needed"
1104341737385,Leech Rd,INTERPOLATED,1067,False,NONE,1067,0,0,"No constraint needed"
1103695936379,Unknown Road,INTERPOLATED,1070,True,PendantCluster,684,-386,-36.1,"Nested pendant cluster (depth 2): Capped to 684 AADT (64% of entry road 'Turpin Lake Rd': 1;069)"
110416492481,Unknown Road,INTERPOLATED,1072,False,NONE,1072,0,0,"No constraint needed"
1102200948662,Unknown Road,INTERPOLATED,1063,False,NONE,1063,0,0,"No constraint needed"
1102970389387,Slip Down Rd,INTERPOLATED,1039,False,NONE,1039,0,0,"No constraint needed"
110416466814,Harwell Ln,INTERPOLATED,4809,True,PendantCluster,2267,-2542,-52.9,"Nested pendant cluster (depth 4): Capped to 2;267 AADT (41% of 2 entry roads (Unknown Road; Rippy Rd): 5;537)"
1104470397477,Unknown Road,INTERPOLATED,1338,True,PendantCluster,239,-1099,-82.1,"Nested pendant cluster (depth 4): Capped to 239 AADT (41% of entry road 'Unknown Road': 585)"
110416447315,Alamo Rd,INTERPOLATED,279,True,PendantCluster,156,-123,-44.1,"Nested pendant cluster (depth 6): Capped to 156 AADT (26% of 2 entry roads (Alamo Rd; Mission Rd): 597)"
110416489671,Unknown Road,INTERPOLATED,1195,True,PendantCluster,744,-451,-37.7,"Nested pendant cluster (depth 2): Capped to 744 AADT (64% of entry road 'Heintzelman Rd': 1;164)"
1102200923787,Unknown Road,INTERPOLATED,10919,False,NONE,10919,0,0,"No constraint needed"
110416470013,Tremble Rd,INTERPOLATED,1517,True,PendantCluster,1155,-362,-23.9,"Nested pendant cluster (depth 2): Capped to 1;155 AADT (64% of 2 entry roads (Cochran Rd; Tremble Rd): 1;806)"
110416489855,Unknown Road,INTERPOLATED,853,False,NONE,853,0,0,"No constraint needed"
1102200956162,Unknown Road,INTERPOLATED,999,False,NONE,999,0,0,"No constraint needed"
110416490767,Unknown Road,INTERPOLATED,355,False,NONE,355,0,0,"No constraint needed"
1102218040522,Unknown Road,INTERPOLATED,1150,False,NONE,1150,0,0,"No constraint needed"
1102970388076,Unknown Road,INTERPOLATED,917,False,NONE,917,0,0,"No constraint needed"
1103493772917,Wren Dr,INTERPOLATED,1354,True,PendantCluster,115,-1239,-91.5,"Nested pendant cluster (depth 6): Capped to 115 AADT (26% of entry road 'Roadrunner Dr': 440)"
1103493775405,Pheasant Dr,INTERPOLATED,1178,True,PendantCluster,5,-1173,-99.6,"Nested pendant cluster (depth 10): Capped to 5 AADT (11% of entry road 'Sandpiper Dr': 55)"
1104470397212,Salt Flat Ct,INTERPOLATED,1459,True,PendantCluster,55,-1404,-96.2,"Nested pendant cluster (depth 8): Capped to 55 AADT (17% of 2 entry roads (Salt Flat Ct; Salt Flat Ct): 328)"
1105598416823,Hicks Ln,INTERPOLATED,742,False,NONE,742,0,0,"No constraint needed"
110416479302,Timber Ridge Rd,INTERPOLATED,1259,False,NONE,1259,0,0,"No constraint needed"
110416466225,Vaughn Ln,INTERPOLATED,707,True,PendantCluster,579,-128,-18.1,"Nested pendant cluster (depth 4): Capped to 579 AADT (41% of 2 entry roads (Vaughn Ln; Unknown Road): 1;414)"
1103522472997,Unknown Road,INTERPOLATED,707,True,PendantCluster,237,-470,-66.5,"Nested pendant cluster (depth 4): Capped to 237 AADT (41% of entry road 'Vaughn Ln': 579)"
110416445680,Our Ln,INTERPOLATED,551,True,PendantCluster,356,-195,-35.4,"Nested pendant cluster (depth 2): Capped to 356 AADT (64% of entry road 'Hobson Bend Rd': 557)"
1105045578966,Unknown Road,INTERPOLATED,809,True,PendantCluster,25,-784,-96.9,"Nested pendant cluster (depth 8): Capped to 25 AADT (17% of entry road 'Cartwright Park Rd': 154)"
110416465422,Kathey St,INTERPOLATED,1138,True,PendantCluster,656,-482,-42.4,"Nested pendant cluster (depth 4): Capped to 656 AADT (41% of 2 entry roads (Gloryland Rd; Kathey St): 1;604)"
110416463295,Thorp Ln,INTERPOLATED,753,False,NONE,753,0,0,"No constraint needed"
1103695918821,Unknown Road,INTERPOLATED,866,True,PendantCluster,653,-213,-24.6,"Nested pendant cluster (depth 4): Capped to 653 AADT (41% of 2 entry roads (Unknown Road; Unknown Road): 1;595)"
110416489825,Unknown Road,INTERPOLATED,1306,True,PendantCluster,425,-881,-67.5,"Nested pendant cluster (depth 2): Capped to 425 AADT (64% of entry road 'Zion Hill Loop': 665)"
1103690718966,Unknown Road,INTERPOLATED,722,True,PendantCluster,69,-653,-90.4,"Nested pendant cluster (depth 4): Capped to 69 AADT (41% of entry road 'Louis Scherer Rd': 169)"
110416470995,Measures Rd,INTERPOLATED,326,True,PendantCluster,107,-219,-67.2,"Nested pendant cluster (depth 6): Capped to 107 AADT (26% of 2 entry roads (Unknown Road; Measures Rd): 411)"
110416490416,Unknown Road,INTERPOLATED,1179,True,PendantCluster,776,-403,-34.2,"Nested pendant cluster (depth 2): Capped to 776 AADT (64% of entry road 'Red Top Rd': 1;214)"
110416489369,Unknown Road,INTERPOLATED,14039,True,PendantCluster,13425,-614,-4.4,"Nested pendant cluster (depth 2): Capped to 13;425 AADT (64% of entry road 'W FM 1885': 20;977)"
110416480196,Sunshine Meadows Ct,INTERPOLATED,2133,True,PendantCluster,1565,-568,-26.6,"Nested pendant cluster (depth 2): Capped to 1;565 AADT (64% of entry road 'FM 1885': 2;446)"
110416490408,Unknown Road,INTERPOLATED,17,True,PendantCluster,1,-16,-94.1,"Nested pendant cluster (depth 10): Capped to 1 AADT (11% of 2 entry roads (488 Dr; Unknown Road): 18)"
1104475062344,US Hwy 377,INTERPOLATED,144,True,PendantCluster,118,-26,-18.1,"Nested pendant cluster (depth 6): Capped to 118 AADT (26% of 2 entry roads (US Hwy 377; Headrick Dr): 451)"
110416491631,Unknown Road,ACTUAL_COUNT,1309,False,NONE,1309,0,0,"No constraint needed"
110416480205,White Settlement Rd,ACTUAL_COUNT,233,False,NONE,233,0,0,"No constraint needed"
110416489668,Unknown Road,INTERPOLATED,498,True,PendantCluster,467,-31,-6.2,"Nested pendant cluster (depth 2): Capped to 467 AADT (64% of 2 entry roads (White Settlement Rd; Unknown Road): 731)"
1102638172890,Ramble Oak Dr,INTERPOLATED,787012,False,NONE,787012,0,0,"No constraint needed"
110416478278,Lake Hollow Dr,ACTUAL_COUNT,4190,False,NONE,4190,0,0,"No constraint needed"
110416466084,Timber Trl,INTERPOLATED,4355,False,NONE,4355,0,0,"No constraint needed"
110416471347,Sagewood Dr,ACTUAL_COUNT,2440,False,NONE,2440,0,0,"No constraint needed"
110416470848,Lakeview Dr,INTERPOLATED,1377,True,PendantCluster,763,-614,-44.6,"Nested pendant cluster (depth 6): Capped to 763 AADT (26% of 2 entry roads (Lakeview Dr; Windrush Ct): 2;911)"
110416478401,Quail Ridge Dr,ACTUAL_COUNT,2440,False,NONE,2440,0,0,"No constraint needed"
1104468980466,Ridgehill Dr,INTERPOLATED,2863,False,NONE,2863,0,0,"No constraint needed"
110416490204,Unknown Road,INTERPOLATED,5795,True,PendantCluster,2652,-3143,-54.2,"Nested pendant cluster (depth 2): Capped to 2;652 AADT (64% of entry road 'Lake Country Dr': 4;144)"
110416464416,Dustin Cir,INTERPOLATED,148,True,PendantCluster,24,-124,-83.8,"Nested pendant cluster (depth 8): Capped to 24 AADT (17% of entry road 'Dustin Cir': 148)"
1105598385843,Unknown Road,INTERPOLATED,7589,True,PendantCluster,4860,-2729,-36,"Nested pendant cluster (depth 2): Capped to 4;860 AADT (64% of entry road 'Old Airport Rd': 7;595)"
110416490643,Unknown Road,INTERPOLATED,7026,False,NONE,7026,0,0,"No constraint needed"
110416490638,Unknown Road,INTERPOLATED,5797,False,NONE,5797,0,0,"No constraint needed"
1102466337657,Unknown Road,INTERPOLATED,2709,False,NONE,2709,0,0,"No constraint needed"
1106087635143,Cottonwood Ct,INTERPOLATED,254,True,PendantCluster,54,-200,-78.7,"Nested pendant cluster (depth 10): Capped to 54 AADT (11% of 2 entry roads (Cottonwood Ct; Blue Sage Ct): 508)"
1102466697491,Copper Field Ct,INTERPOLATED,2582,True,PendantCluster,1770,-812,-31.4,"Nested pendant cluster (depth 2): Capped to 1;770 AADT (64% of entry road 'Forest Park Dr': 2;766)"
1103626823166,Blue Sage Ct,INTERPOLATED,759,True,PendantCluster,254,-505,-66.5,"Nested pendant cluster (depth 8): Capped to 254 AADT (17% of 2 entry roads (Cottonwood Ct; Blue Sage Ct): 1;518)"
1102466697435,Shady Wood Ct,INTERPOLATED,2736,True,PendantCluster,1751,-985,-36,"Nested pendant cluster (depth 2): Capped to 1;751 AADT (64% of entry road 'Willow Wood Dr': 2;736)"
1104473161991,Unknown Road,ACTUAL_COUNT,2440,True,PendantCluster,2002,-438,-18,"Nested pendant cluster (depth 2): Capped to 2;002 AADT (64% of entry road 'BB Fielder Blvd': 3;129)"
110416471795,Claiborne Ln,INTERPOLATED,51,True,PendantCluster,34,-17,-33.3,"Nested pendant cluster (depth 8): Capped to 34 AADT (17% of 2 entry roads (Keeneland Hill; Claiborne Ln): 205)"
1103690717662,Country Brook Dr,INTERPOLATED,5636,False,NONE,5636,0,0,"No constraint needed"
1104470585588,Summer Brook Dr,INTERPOLATED,928,True,PendantCluster,467,-461,-49.7,"Nested pendant cluster (depth 8): Capped to 467 AADT (17% of 3 entry roads (Timber Cove Dr; Country Brook Dr; ...): 2;784)"
1103680694009,Scotts Meadow Ct,INTERPOLATED,928,True,PendantCluster,199,-729,-78.6,"Nested pendant cluster (depth 10): Capped to 199 AADT (11% of 2 entry roads (Creek Side Dr; Scotts Meadow Ct): 1;856)"
1103680694282,Clear Creek Ct,INTERPOLATED,4503,True,PendantCluster,627,-3876,-86.1,"Nested pendant cluster (depth 6): Capped to 627 AADT (26% of entry road 'Clear Creek Dr': 2;392)"
1102200955382,Unknown Road,INTERPOLATED,2408,False,NONE,2408,0,0,"No constraint needed"
11033198784416,Meadow Place Dr,ACTUAL_COUNT,823,False,NONE,823,0,0,"No constraint needed"
110416489950,Unknown Road,ACTUAL_COUNT,310,False,NONE,310,0,0,"No constraint needed"
1104468777881,Svc Rd,INTERPOLATED,70725,False,NONE,70725,0,0,"No constraint needed"
110416477015,Jeri Ridge Rd,INTERPOLATED,5546,False,NONE,5546,0,0,"No constraint needed"
110416478685,Willow Park Dr,INTERPOLATED,4347,False,NONE,4347,0,0,"No constraint needed"
110416466015,Surrey Ct,INTERPOLATED,4430,True,PendantCluster,3085,-1345,-30.4,"Nested pendant cluster (depth 4): Capped to 3;085 AADT (41% of entry road 'Ranch House Rd': 7;532)"
110416478398,Quail Crest Dr,INTERPOLATED,1205,False,NONE,1205,0,0,"No constraint needed"
1102200943041,Clearview Ct,INTERPOLATED,150635,True,PendantCluster,6743,-143892,-95.5,"Nested pendant cluster (depth 2): Capped to 6;743 AADT (64% of 2 entry roads (Old Hwy 80; E Bankhead Dr): 10;537)"
110416470579,Elm Tree St,INTERPOLATED,1305,False,NONE,1305,0,0,"No constraint needed"
110416471097,Oak Leaf Dr,INTERPOLATED,1732,True,PendantCluster,1121,-611,-35.3,"Nested pendant cluster (depth 2): Capped to 1;121 AADT (64% of entry road 'Diamond Oaks Dr': 1;752)"
110416478708,Wintergreen Dr,INTERPOLATED,1758,False,NONE,1758,0,0,"No constraint needed"
110416491580,Unknown Road,INTERPOLATED,2878,False,NONE,2878,0,0,"No constraint needed"
1102970396510,Unknown Road,INTERPOLATED,4117,False,NONE,4117,0,0,"No constraint needed"
110416477977,Canyon Lake Dr,INTERPOLATED,1409,True,PendantCluster,813,-596,-42.3,"Nested pendant cluster (depth 4): Capped to 813 AADT (41% of 2 entry roads (Oak Dell Ct; Canyon Lake Dr): 1;986)"
110416492148,Unknown Road,INTERPOLATED,992,False,NONE,992,0,0,"No constraint needed"
110416479367,Bankhead Cove,INTERPOLATED,683,False,NONE,683,0,0,"No constraint needed"
1103438328974,Bailee Dr,INTERPOLATED,2911,False,NONE,2911,0,0,"No constraint needed"
110416466908,Jenkins Rd,INTERPOLATED,9230,False,NONE,9230,0,0,"No constraint needed"
11016955052606,Truitt Dr,INTERPOLATED,2133,True,PendantCluster,430,-1703,-79.8,"Nested pendant cluster (depth 4): Capped to 430 AADT (41% of entry road 'Atlee Dr': 1;052)"
110416452312,Devon Ct,INTERPOLATED,715,True,PendantCluster,74,-641,-89.7,"Nested pendant cluster (depth 6): Capped to 74 AADT (26% of entry road 'Danielle Dr': 284)"
110416472028,Greenleaf Ct,ACTUAL_COUNT,429,True,PendantCluster,34,-395,-92.1,"Nested pendant cluster (depth 8): Capped to 34 AADT (17% of 2 entry roads (Woodacre Ct; Greenleaf Dr): 206)"
110416474925,Woodridge Ct,INTERPOLATED,582,True,PendantCluster,66,-516,-88.7,"Nested pendant cluster (depth 6): Capped to 66 AADT (26% of entry road 'Woodridge Dr': 254)"
110416491564,Unknown Road,INTERPOLATED,573,False,NONE,573,0,0,"No constraint needed"
110416463278,Terry Dr,INTERPOLATED,9301,False,NONE,9301,0,0,"No constraint needed"
110416448191,Becky Dr,INTERPOLATED,9234,False,NONE,9234,0,0,"No constraint needed"
1102970390615,Unknown Road,INTERPOLATED,2002,False,NONE,2002,0,0,"No constraint needed"
110416491614,Unknown Road,INTERPOLATED,2544,True,PendantCluster,261,-2283,-89.7,"Nested pendant cluster (depth 6): Capped to 261 AADT (26% of entry road 'Unknown Road': 999)"
110416458911,Merry Dr,INTERPOLATED,9068,False,NONE,9068,0,0,"No constraint needed"
110416492009,Unknown Road,INTERPOLATED,1624,False,NONE,1624,0,0,"No constraint needed"
110416492010,Unknown Road,INTERPOLATED,2054,False,NONE,2054,0,0,"No constraint needed"
1102988770817,Unknown Road,INTERPOLATED,2506,False,NONE,2506,0,0,"No constraint needed"
110416491854,Unknown Road,INTERPOLATED,4166,False,NONE,4166,0,0,"No constraint needed"
110416491513,Unknown Road,INTERPOLATED,3023,False,NONE,3023,0,0,"No constraint needed"
1102466337641,Unknown Road,INTERPOLATED,2995,False,NONE,2995,0,0,"No constraint needed"
110416491335,Unknown Road,INTERPOLATED,504,True,PendantCluster,80,-424,-84.1,"Nested pendant cluster (depth 6): Capped to 80 AADT (26% of entry road 'Pate Rd': 307)"
110416491320,Constellation Dr,INTERPOLATED,6,True,PendantCluster,0,-6,-100,"Nested pendant cluster (depth 10): Capped to 0 AADT (11% of entry road 'Constellation Dr': 6)"
110416490518,Unknown Road,INTERPOLATED,3444,False,NONE,3444,0,0,"No constraint needed"
1103677411505,Goldstrike Ct,INTERPOLATED,3592,True,PendantCluster,2396,-1196,-33.3,"Nested pendant cluster (depth 2): Capped to 2;396 AADT (64% of entry road 'Scenic View Dr': 3;744)"
110416478128,Echo Valley Rd,INTERPOLATED,476,True,PendantCluster,178,-298,-62.6,"Nested pendant cluster (depth 2): Capped to 178 AADT (64% of entry road 'Lakeview Ter': 279)"
11016954007898,Walsh Ave,INTERPOLATED,2676,False,NONE,2676,0,0,"No constraint needed"
1104470458464,Unknown Road,INTERPOLATED,1570,False,NONE,1570,0,0,"No constraint needed"
1103658069351,Timberland Ln,INTERPOLATED,1717,True,PendantCluster,703,-1014,-59.1,"Nested pendant cluster (depth 4): Capped to 703 AADT (41% of entry road 'Timberland Ln': 1;717)"
1102970391238,Branch Hollow Ln,ACTUAL_COUNT,261,False,NONE,261,0,0,"No constraint needed"
1103438331966,Scout Trl,INTERPOLATED,3512,False,NONE,3512,0,0,"No constraint needed"
110416490329,Unknown Road,INTERPOLATED,2793,True,PendantCluster,1052,-1741,-62.3,"Nested pendant cluster (depth 2): Capped to 1;052 AADT (64% of entry road 'Annetta Centerpoint Rd': 1;645)"
110416491581,Unknown Road,INTERPOLATED,3327,True,PendantCluster,3016,-311,-9.3,"Nested pendant cluster (depth 2): Capped to 3;016 AADT (64% of 2 entry roads (Annetta Centerpoint Rd; Center Point Rd): 4;714)"
1102466552888,Unknown Road,INTERPOLATED,2121,False,NONE,2121,0,0,"No constraint needed"
1102466337649,Unknown Road,INTERPOLATED,2704,False,NONE,2704,0,0,"No constraint needed"
110416489711,Unknown Road,INTERPOLATED,1775,False,NONE,1775,0,0,"No constraint needed"
110416477185,Muir Ranch Rd,INTERPOLATED,1847,False,NONE,1847,0,0,"No constraint needed"
110416491024,Unknown Road,INTERPOLATED,6266,False,NONE,6266,0,0,"No constraint needed"
110416467692,Shumard Dr,INTERPOLATED,1665,False,NONE,1665,0,0,"No constraint needed"
110416464270,Circle Dr,INTERPOLATED,1063,False,NONE,1063,0,0,"No constraint needed"
110416477776,Wild Briar Ct,INTERPOLATED,1746,True,PendantCluster,1075,-671,-38.4,"Nested pendant cluster (depth 2): Capped to 1;075 AADT (64% of entry road 'Highland Dr': 1;681)"
1102638239160,Unknown Road,INTERPOLATED,978305,False,NONE,978305,0,0,"No constraint needed"
1103514864665,Crown Valley Ct,INTERPOLATED,2052,True,PendantCluster,296,-1756,-85.6,"Nested pendant cluster (depth 6): Capped to 296 AADT (26% of entry road 'Crown Valley Dr': 1;130)"
110416474802,Turnberry Ct,INTERPOLATED,2012,True,PendantCluster,849,-1163,-57.8,"Nested pendant cluster (depth 4): Capped to 849 AADT (41% of entry road 'Saint Andrews Ln': 2;075)"
110416470729,Hillside Dr,INTERPOLATED,1415,False,NONE,1415,0,0,"No constraint needed"
110416476092,Creek Bend Ct,INTERPOLATED,2924,True,PendantCluster,304,-2620,-89.6,"Nested pendant cluster (depth 6): Capped to 304 AADT (26% of entry road 'Creek Bend Dr': 1;160)"
110416491794,Unknown Road,INTERPOLATED,3032,False,NONE,3032,0,0,"No constraint needed"
110416491723,Unknown Road,INTERPOLATED,4800,False,NONE,4800,0,0,"No constraint needed"
1102970390029,Unknown Road,INTERPOLATED,4999,False,NONE,4999,0,0,"No constraint needed"
110416491771,Unknown Road,INTERPOLATED,2882,False,NONE,2882,0,0,"No constraint needed"
110416491747,Unknown Road,INTERPOLATED,4044,False,NONE,4044,0,0,"No constraint needed"
110416491728,Unknown Road,INTERPOLATED,3754,False,NONE,3754,0,0,"No constraint needed"
110416491223,Unknown Road,INTERPOLATED,961,False,NONE,961,0,0,"No constraint needed"
110416478234,Inspiration Dr,ACTUAL_COUNT,4190,False,NONE,4190,0,0,"No constraint needed"
1105598407962,Prairie Run,INTERPOLATED,2336,False,NONE,2336,0,0,"No constraint needed"
1102210195515,Bee St,ACTUAL_COUNT,390,False,NONE,390,0,0,"No constraint needed"
110416478467,River Ranch Rd,INTERPOLATED,2643,True,PendantCluster,1466,-1177,-44.5,"Nested pendant cluster (depth 2): Capped to 1;466 AADT (64% of entry road 'Kelly Rd': 2;292)"
110416459430,Oykey Trl,ACTUAL_COUNT,6994,False,NONE,6994,0,0,"No constraint needed"
1102970393819,Ramble Oak Dr,INTERPOLATED,1197,False,NONE,1197,0,0,"No constraint needed"
110416490363,Unknown Road,INTERPOLATED,659,False,NONE,659,0,0,"No constraint needed"
1102200939129,Aledo Ridge Rd,NO_DATA,0,False,NONE,0,0,0,"No constraint needed"
110416489679,Unknown Road,INTERPOLATED,1948,True,PendantCluster,652,-1296,-66.5,"Nested pendant cluster (depth 4): Capped to 652 AADT (41% of entry road 'Aledo Iona Rd': 1;592)"
110416466295,Whalin Ln,INTERPOLATED,1744,True,PendantCluster,27,-1717,-98.5,"Nested pendant cluster (depth 10): Capped to 27 AADT (11% of entry road 'S FM 1187': 258)"
1102223145009,Headrick Dr,INTERPOLATED,307,True,PendantCluster,111,-196,-63.8,"Nested pendant cluster (depth 6): Capped to 111 AADT (26% of 2 entry roads (US Hwy 377; Headrick Dr): 425)"
1102970388802,Unknown Road,INTERPOLATED,213,False,NONE,213,0,0,"No constraint needed"
1102466624832,McClendon Walker Rd,INTERPOLATED,2892,False,NONE,2892,0,0,"No constraint needed"
110416478229,Indian Camp Rd,ACTUAL_COUNT,40,False,NONE,40,0,0,"No constraint needed"
110416470487,Coronado Ct,ACTUAL_COUNT,40,False,NONE,40,0,0,"No constraint needed"
110416467060,Nichols Rd,INTERPOLATED,1694,False,NONE,1694,0,0,"No constraint needed"
1103514866230,Crown Valley Dr,INTERPOLATED,1951,True,PendantCluster,1346,-605,-31,"Nested pendant cluster (depth 4): Capped to 1;346 AADT (41% of 2 entry roads (Crown Valley Dr; Crown Valley Dr): 3;288)"
110416467173,Pittman Rd,INTERPOLATED,1505,False,NONE,1505,0,0,"No constraint needed"
110416491210,Unknown Road,INTERPOLATED,3896,False,NONE,3896,0,0,"No constraint needed"
110416489508,Unknown Road,INTERPOLATED,238,True,PendantCluster,6,-232,-97.5,"Nested pendant cluster (depth 8): Capped to 6 AADT (17% of entry road 'Westmoreland Rd': 37)"
110416470033,Trinity Dr,INTERPOLATED,1000,False,NONE,1000,0,0,"No constraint needed"
110416466941,Kortney Dr,INTERPOLATED,706,True,PendantCluster,24,-682,-96.6,"Nested pendant cluster (depth 8): Capped to 24 AADT (17% of entry road 'Dustin Cir': 148)"
110416463794,Yucca Dr,INTERPOLATED,869,False,NONE,869,0,0,"No constraint needed"
110416474573,Queensway Rd,INTERPOLATED,1083,False,NONE,1083,0,0,"No constraint needed"
110416477394,Royal View Dr,INTERPOLATED,1053,False,NONE,1053,0,0,"No constraint needed"
110416489687,Unknown Road,INTERPOLATED,1431,True,PendantCluster,149,-1282,-89.6,"Nested pendant cluster (depth 2): Capped to 149 AADT (64% of entry road 'White Settlement Rd': 233)"
110416472203,Lakeview Ct,INTERPOLATED,5968,True,PendantCluster,2652,-3316,-55.6,"Nested pendant cluster (depth 2): Capped to 2;652 AADT (64% of entry road 'Lakeforest Dr': 4;144)"
110416489716,Unknown Road,INTERPOLATED,1297,False,NONE,1297,0,0,"No constraint needed"
110416470643,Hawthorn Ct,INTERPOLATED,1571,True,PendantCluster,1121,-450,-28.6,"Nested pendant cluster (depth 2): Capped to 1;121 AADT (64% of entry road 'Diamond Oaks Dr': 1;752)"
110416476270,Green Oaks Ct,INTERPOLATED,1636,True,PendantCluster,977,-659,-40.3,"Nested pendant cluster (depth 2): Capped to 977 AADT (64% of entry road 'Green Oaks Trl': 1;528)"
1102200934135,Unknown Road,INTERPOLATED,76972,False,NONE,76972,0,0,"No constraint needed"
1102466896195,Harvestwood Ln,ACTUAL_COUNT,261,False,NONE,261,0,0,"No constraint needed"
110416491542,Unknown Road,INTERPOLATED,3574,False,NONE,3574,0,0,"No constraint needed"
110416474719,Southview Rd,INTERPOLATED,2675,True,PendantCluster,1433,-1242,-46.4,"Nested pendant cluster (depth 2): Capped to 1;433 AADT (64% of entry road 'McFarland Ranch Rd': 2;240)"
110416479836,Enchanted Oaks Ct,ACTUAL_COUNT,88,True,PendantCluster,18,-70,-79.5,"Nested pendant cluster (depth 10): Capped to 18 AADT (11% of 2 entry roads (Enchanted Oaks Ct; Debbie Ct): 176)"
110416465848,Roland Dr,INTERPOLATED,3277,False,NONE,3277,0,0,"No constraint needed"
1106087632067,Meadowview Rd,INTERPOLATED,2455,True,PendantCluster,0,-2455,-100,"Nested pendant cluster (depth 34): Capped to 0 AADT (0% of entry road 'Meadowview Rd': 1)"
1103671412914,Saddle Ridge Trl,INTERPOLATED,540,True,PendantCluster,105,-435,-80.6,"Nested pendant cluster (depth 8): Capped to 105 AADT (17% of 2 entry roads (Sandle Wood Dr; Saddle Ridge Trl): 630)"
1103690447378,Serenity Ln,ACTUAL_COUNT,936,True,PendantCluster,490,-446,-47.6,"Nested pendant cluster (depth 6): Capped to 490 AADT (26% of 2 entry roads (Serenity Ln; Salado Trl): 1;872)"
11016955045384,Signature Dr,ACTUAL_COUNT,936,True,PendantCluster,141,-795,-84.9,"Nested pendant cluster (depth 6): Capped to 141 AADT (26% of entry road 'Saddle Ridge Trl': 540)"
1105598253943,Juan Ct,INTERPOLATED,100,True,PendantCluster,4,-96,-96,"Nested pendant cluster (depth 14): Capped to 4 AADT (4% of 2 entry roads (Juan Ct; Lone Oak Rd): 101)"
110416477391,Royal View Ct,INTERPOLATED,1025,True,PendantCluster,431,-594,-58,"Nested pendant cluster (depth 4): Capped to 431 AADT (41% of entry road 'Royal View Dr': 1;053)"
1102200935510,Nushy Energy Dr,INTERPOLATED,9856,False,NONE,9856,0,0,"No constraint needed"
1102200925557,Castle Pines Dr,INTERPOLATED,9323,False,NONE,9323,0,0,"No constraint needed"
1102200938690,Olympic Dr,INTERPOLATED,9318,False,NONE,9318,0,0,"No constraint needed"
1102466330242,Unknown Road,INTERPOLATED,710,False,NONE,710,0,0,"No constraint needed"
110416477639,Tanglewood Dr,INTERPOLATED,1472,False,NONE,1472,0,0,"No constraint needed"
1102200920338,Buckskin Ct,INTERPOLATED,1540,False,NONE,1540,0,0,"No constraint needed"
11033198797612,Robinson Valley,ACTUAL_COUNT,2440,True,PendantCluster,2132,-308,-12.6,"Nested pendant cluster (depth 4): Capped to 2;132 AADT (41% of 2 entry roads (Robinson Valley; Brown Valley): 5;206)"
1103661327396,Pony Express Trl,ACTUAL_COUNT,696,True,PendantCluster,285,-411,-59.1,"Nested pendant cluster (depth 4): Capped to 285 AADT (41% of entry road 'Pony Express Trl': 696)"
1103661327349,Single Tree Ln,ACTUAL_COUNT,1089,True,PendantCluster,285,-804,-73.8,"Nested pendant cluster (depth 4): Capped to 285 AADT (41% of entry road 'Pony Express Trl': 696)"
1102209880399,Smyth St,INTERPOLATED,1432,True,PendantCluster,511,-921,-64.3,"Nested pendant cluster (depth 4): Capped to 511 AADT (41% of entry road 'Westgate Dr': 1;248)"
1105598346874,Red Dr,INTERPOLATED,1415,True,PendantCluster,511,-904,-63.9,"Nested pendant cluster (depth 4): Capped to 511 AADT (41% of entry road 'Westgate Dr': 1;248)"
1102209927251,Post View Dr,INTERPOLATED,515,True,PendantCluster,281,-234,-45.4,"Nested pendant cluster (depth 6): Capped to 281 AADT (26% of 2 entry roads (Post View Dr; Villa Ln): 1;072)"
1102209926987,Villa Ln,INTERPOLATED,1408,True,PendantCluster,557,-851,-60.4,"Nested pendant cluster (depth 4): Capped to 557 AADT (41% of entry road 'Park Villa Ln': 1;360)"
110416491555,Unknown Road,INTERPOLATED,1445,True,PendantCluster,154,-1291,-89.3,"Nested pendant cluster (depth 6): Capped to 154 AADT (26% of entry road 'Yates Cir': 591)"
1102218724664,Clipper Ct,INTERPOLATED,297,False,NONE,297,0,0,"No constraint needed"
110416470985,McDaniel Rd,ACTUAL_COUNT,4,True,PendantCluster,0,-4,-100,"Nested pendant cluster (depth 12): Capped to 0 AADT (7% of entry road 'McDaniel Rd': 4)"
1102200934662,Valhalla Ct,INTERPOLATED,973522,True,PendantCluster,2099,-971423,-99.8,"Nested pendant cluster (depth 4): Capped to 2;099 AADT (41% of entry road 'Crooked Stick Ln': 5;125)"
1103695950117,Wood Bend Ct,INTERPOLATED,2438,True,PendantCluster,873,-1565,-64.2,"Nested pendant cluster (depth 4): Capped to 873 AADT (41% of entry road 'Woodland Hills Ln': 2;132)"
1105598415717,Champions Dr,INTERPOLATED,2522,False,NONE,2522,0,0,"No constraint needed"
110416491299,Unknown Road,INTERPOLATED,3384,False,NONE,3384,0,0,"No constraint needed"
1103680693686,Deerwood Ct,INTERPOLATED,3124,False,NONE,3124,0,0,"No constraint needed"
110416492702,Unknown Road,INTERPOLATED,743,True,PendantCluster,389,-354,-47.6,"Nested pendant cluster (depth 6): Capped to 389 AADT (26% of 2 entry roads (Unknown Road; Unknown Road): 1;486)"
1104472786594,Unknown Road,INTERPOLATED,524922,False,NONE,524922,0,0,"No constraint needed"
110416476262,Gardengate Ct,INTERPOLATED,409,True,PendantCluster,80,-329,-80.4,"Nested pendant cluster (depth 6): Capped to 80 AADT (26% of entry road 'Pate Rd': 307)"
1103680692550,Parker Oaks Ln,ACTUAL_COUNT,241,False,NONE,241,0,0,"No constraint needed"
1102632844199,Arrendondo Way,INTERPOLATED,223,False,NONE,223,0,0,"No constraint needed"
1103661327321,Spoke Trl,INTERPOLATED,958,True,PendantCluster,285,-673,-70.3,"Nested pendant cluster (depth 4): Capped to 285 AADT (41% of entry road 'Pony Express Trl': 696)"
1103680692057,Ethan Dr,INTERPOLATED,382,True,PendantCluster,154,-228,-59.7,"Nested pendant cluster (depth 2): Capped to 154 AADT (64% of entry road 'Parker Oaks Ln': 241)"
1103661579826,Green Pointe Dr,INTERPOLATED,3077,False,NONE,3077,0,0,"No constraint needed"
1102200936905,Tres Vistas Ct,NO_DATA,0,False,NONE,0,0,0,"No constraint needed"
110416470284,Breesway,INTERPOLATED,1377,True,PendantCluster,480,-897,-65.1,"Nested pendant cluster (depth 2): Capped to 480 AADT (64% of entry road 'Kelly Rd': 750)"
110416466473,Brookes Path,INTERPOLATED,1344,True,PendantCluster,196,-1148,-85.4,"Nested pendant cluster (depth 4): Capped to 196 AADT (41% of entry road 'Jakes Trl': 480)"
110416479189,Prairie View Rd,INTERPOLATED,1511,False,NONE,1511,0,0,"No constraint needed"
110416466221,Valley Rd,INTERPOLATED,1411,False,NONE,1411,0,0,"No constraint needed"
110416489675,Unknown Road,INTERPOLATED,1402,True,PendantCluster,584,-818,-58.3,"Nested pendant cluster (depth 4): Capped to 584 AADT (41% of entry road 'Sonora Canyon Rd': 1;428)"
110416489667,Unknown Road,INTERPOLATED,721,True,PendantCluster,654,-67,-9.3,"Nested pendant cluster (depth 2): Capped to 654 AADT (64% of entry road 'W Lake Dr': 1;023)"
110416479488,Country Green Ct,INTERPOLATED,3067,True,PendantCluster,794,-2273,-74.1,"Nested pendant cluster (depth 2): Capped to 794 AADT (64% of entry road 'Clear Lake Rd': 1;241)"
110416475969,Clear Lake Ln,ACTUAL_COUNT,74,True,PendantCluster,14,-60,-81.1,"Nested pendant cluster (depth 8): Capped to 14 AADT (17% of 2 entry roads (Lake Circle Ct; Clear Lake Ln): 86)"
1106087854803,Meadowood Ln,INTERPOLATED,1,True,PendantCluster,0,-1,-100,"Nested pendant cluster (depth 14): Capped to 0 AADT (4% of entry road 'Meadowood Ln': 1)"
1103680692438,Brooke Arbor Ct,INTERPOLATED,2160,True,PendantCluster,0,-2160,-100,"Nested pendant cluster (depth 164): Capped to 0 AADT (0% of entry road 'Arapahoe Rdg': 2;155)"
1102200925471,Unknown Road,INTERPOLATED,414,True,PendantCluster,2,-412,-99.5,"Nested pendant cluster (depth 12): Capped to 2 AADT (7% of 2 entry roads (N Rambling Fork St; Rambling Trl): 32)"
1105598420962,Meadow Vista Cir,INTERPOLATED,1395,True,PendantCluster,31,-1364,-97.8,"Nested pendant cluster (depth 6): Capped to 31 AADT (26% of 2 entry roads (Meadow Vista Cir; Meadow Vista Cir): 122)"
110416464499,Floras Rd,INTERPOLATED,2667,True,PendantCluster,2177,-490,-18.4,"Nested pendant cluster (depth 2): Capped to 2;177 AADT (64% of entry road 'Kelly Rd': 3;402)"
110416465806,Redbud Ct,INTERPOLATED,1904,True,PendantCluster,451,-1453,-76.3,"Nested pendant cluster (depth 6): Capped to 451 AADT (26% of entry road 'Redbud Ln': 1;721)"
110416471838,Crosswind Ct,INTERPOLATED,1596,True,PendantCluster,564,-1032,-64.7,"Nested pendant cluster (depth 4): Capped to 564 AADT (41% of entry road 'Lakeview Dr': 1;377)"
110416477060,Lake Haven Ct,INTERPOLATED,1658,True,PendantCluster,0,-1658,-100,"Nested pendant cluster (depth 12): Capped to 0 AADT (7% of entry road 'Lake Haven Ln': 10)"
110416466215,Valley Oak Rd,INTERPOLATED,1482,False,NONE,1482,0,0,"No constraint needed"
110416448220,Beech Ct,INTERPOLATED,1508,True,PendantCluster,1121,-387,-25.7,"Nested pendant cluster (depth 2): Capped to 1;121 AADT (64% of entry road 'Diamond Oaks Dr': 1;752)"
110416470888,Live Oak Ct,INTERPOLATED,1293,True,PendantCluster,180,-1113,-86.1,"Nested pendant cluster (depth 4): Capped to 180 AADT (41% of entry road 'Live Oak Dr': 440)"
110416466928,Juniper Ct,INTERPOLATED,1426,True,PendantCluster,1121,-305,-21.4,"Nested pendant cluster (depth 2): Capped to 1;121 AADT (64% of entry road 'Diamond Oaks Dr': 1;752)"
11016954150353,Open Sky Dr,INTERPOLATED,1,True,PendantCluster,0,-1,-100,"Nested pendant cluster (depth 22): Capped to 0 AADT (1% of entry road 'Open Sky Dr': 1)"
11016955169019,Complacent Way,INTERPOLATED,2533,True,PendantCluster,0,-2533,-100,"Nested pendant cluster (depth 16): Capped to 0 AADT (3% of entry road 'Palmerston Dr': 18)"
11016954013268,Brettridge Dr,INTERPOLATED,3151,True,PendantCluster,396,-2755,-87.4,"Nested pendant cluster (depth 12): Capped to 396 AADT (7% of 2 entry roads (Indigo Sky Dr; Morning Mist Trl): 5;774)"
110416459299,Orman Dr,ACTUAL_COUNT,390,True,PendantCluster,249,-141,-36.2,"Nested pendant cluster (depth 2): Capped to 249 AADT (64% of entry road 'Austin St': 390)"
11016954124391,Paintbrush Ct,INTERPOLATED,1337,True,PendantCluster,46,-1291,-96.6,"Nested pendant cluster (depth 8): Capped to 46 AADT (17% of entry road 'Brookhollow Dr': 279)"
1103661327385,Saddle Ct,INTERPOLATED,986,True,PendantCluster,281,-705,-71.5,"Nested pendant cluster (depth 4): Capped to 281 AADT (41% of entry road 'Saddle Trl': 688)"
11016954967824,Little Oak Ln,INTERPOLATED,2922,True,PendantCluster,187,-2735,-93.6,"Nested pendant cluster (depth 8): Capped to 187 AADT (17% of entry road 'Smoky Oak Trl': 1;118)"
110416479266,Steeplechase Ct,INTERPOLATED,684,True,PendantCluster,25,-659,-96.3,"Nested pendant cluster (depth 8): Capped to 25 AADT (17% of entry road 'Steeplechase Ln': 154)"
11033198784669,Shops Blvd,INTERPOLATED,755,False,NONE,755,0,0,"No constraint needed"
110416464291,Concho Trl,INTERPOLATED,2645,False,NONE,2645,0,0,"No constraint needed"
110416480206,White Settlement Rd,ACTUAL_COUNT,3,True,PendantCluster,0,-3,-100,"Nested pendant cluster (depth 14): Capped to 0 AADT (4% of 2 entry roads (White Settlement Rd; Cattlebaron Dr): 6)"
110416466311,Willow Ct,INTERPOLATED,845,False,NONE,845,0,0,"No constraint needed"
110416459622,Pecan Ct,ACTUAL_COUNT,12173,True,PendantCluster,682,-11491,-94.4,"Nested pendant cluster (depth 2): Capped to 682 AADT (64% of entry road 'Old Springtown Rd': 1;066)"
110416466080,Timber Ct,INTERPOLATED,850,True,PendantCluster,543,-307,-36.1,"Nested pendant cluster (depth 2): Capped to 543 AADT (64% of entry road 'Hidden Cir': 849)"
110416470824,Ladybird Ln,INTERPOLATED,791,False,NONE,791,0,0,"No constraint needed"
110416491783,Unknown Road,INTERPOLATED,1210,True,PendantCluster,764,-446,-36.9,"Nested pendant cluster (depth 2): Capped to 764 AADT (64% of entry road 'W White Dove St': 1;194)"
1103496962968,Wayne's Ln,INTERPOLATED,788,True,PendantCluster,542,-246,-31.2,"Nested pendant cluster (depth 2): Capped to 542 AADT (64% of entry road 'Quail Run': 847)"
110416466097,Truman Cir,ACTUAL_COUNT,699,False,NONE,699,0,0,"No constraint needed"
110416477171,Monticello Dr,INTERPOLATED,48874,False,NONE,48874,0,0,"No constraint needed"
110416471711,Birchwood St,INTERPOLATED,926,False,NONE,926,0,0,"No constraint needed"
1102200930209,Unknown Road,INTERPOLATED,29501,False,NONE,29501,0,0,"No constraint needed"
1102638237804,Unknown Road,INTERPOLATED,2034,True,PendantCluster,1704,-330,-16.2,"Nested pendant cluster (depth 2): Capped to 1;704 AADT (64% of entry road 'Flat Rock Rd': 2;664)"
110416471305,Reynolds Dr,INTERPOLATED,1997,True,PendantCluster,1704,-293,-14.7,"Nested pendant cluster (depth 2): Capped to 1;704 AADT (64% of entry road 'Flat Rock Rd': 2;664)"
110416459108,Mundi Ln,INTERPOLATED,2062,True,PendantCluster,1704,-358,-17.4,"Nested pendant cluster (depth 2): Capped to 1;704 AADT (64% of entry road 'Flat Rock Rd': 2;664)"
1102466514616,Unknown Road,INTERPOLATED,852,True,PendantCluster,138,-714,-83.8,"Nested pendant cluster (depth 2): Capped to 138 AADT (64% of entry road 'Agnes Cir': 216)"
1102466514611,Unknown Road,INTERPOLATED,799,True,PendantCluster,138,-661,-82.7,"Nested pendant cluster (depth 2): Capped to 138 AADT (64% of entry road 'Agnes Cir': 216)"
11016954804543,Brady Coleman Ln,INTERPOLATED,848,True,PendantCluster,60,-788,-92.9,"Nested pendant cluster (depth 12): Capped to 60 AADT (7% of 2 entry roads (Helen Hampton Dr; Unknown Road): 875)"
1103371026021,Unnamed 3,INTERPOLATED,824,True,PendantCluster,6,-818,-99.3,"Nested pendant cluster (depth 10): Capped to 6 AADT (11% of entry road 'Helen Hampton Dr': 56)"
11016954821391,Kenya Ct,INTERPOLATED,840,True,PendantCluster,148,-692,-82.4,"Nested pendant cluster (depth 8): Capped to 148 AADT (17% of 2 entry roads (Helen Hampton Dr; Chance Ct): 888)"
1104470135499,J E Woody Rd,ACTUAL_COUNT,2923,False,NONE,2923,0,0,"No constraint needed"
110416477864,Beene Creek Trl,INTERPOLATED,864,True,PendantCluster,498,-366,-42.4,"Nested pendant cluster (depth 4): Capped to 498 AADT (41% of 2 entry roads (Beene Creek Ter; Beene Creek Trl): 1;217)"
1106087632519,Upper Denton Rd,ACTUAL_COUNT,296,False,NONE,296,0,0,"No constraint needed"
1102200933794,Unknown Road,INTERPOLATED,485,True,PendantCluster,56,-429,-88.5,"Nested pendant cluster (depth 4): Capped to 56 AADT (41% of entry road 'Sanger Dr': 138)"
1102200945416,Unknown Road,INTERPOLATED,537,True,PendantCluster,229,-308,-57.4,"Nested pendant cluster (depth 4): Capped to 229 AADT (41% of entry road 'Unknown Road': 560)"
1104692117859,Cottondale Rd,INTERPOLATED,1258,False,NONE,1258,0,0,"No constraint needed"
110416446181,Hamn Rd,INTERPOLATED,689,True,PendantCluster,416,-273,-39.6,"Nested pendant cluster (depth 2): Capped to 416 AADT (64% of entry road 'Jay Bird Rd': 651)"
110416446685,Peel Rd,INTERPOLATED,1158,True,PendantCluster,694,-464,-40.1,"Nested pendant cluster (depth 2): Capped to 694 AADT (64% of entry road 'Gilliland Rd': 1;085)"
110416470960,Manderley Ln,INTERPOLATED,1434,True,PendantCluster,952,-482,-33.6,"Nested pendant cluster (depth 2): Capped to 952 AADT (64% of entry road 'Peel Rd': 1;488)"
1102200936133,Unknown Road,ACTUAL_COUNT,1098,True,PendantCluster,702,-396,-36.1,"Nested pendant cluster (depth 2): Capped to 702 AADT (64% of entry road 'Knob Rd': 1;098)"
110416445657,Oak Dr,INTERPOLATED,1701,False,NONE,1701,0,0,"No constraint needed"
110416465985,Summit Dr,INTERPOLATED,1729,False,NONE,1729,0,0,"No constraint needed"
110416491176,Unknown Road,INTERPOLATED,1700,False,NONE,1700,0,0,"No constraint needed"
1102466886383,Scroggins Rd,INTERPOLATED,618,False,NONE,618,0,0,"No constraint needed"
1105533832085,Po Jo Dr,ACTUAL_COUNT,4189,False,NONE,4189,0,0,"No constraint needed"
1102200925143,Unknown Road,ACTUAL_COUNT,914,True,PendantCluster,584,-330,-36.1,"Nested pendant cluster (depth 2): Capped to 584 AADT (64% of entry road 'Thomas Rd': 914)"
110416479332,Walnut Creek Dr,INTERPOLATED,956,False,NONE,956,0,0,"No constraint needed"
110416463221,South Dr,ACTUAL_COUNT,1772,True,PendantCluster,1216,-556,-31.4,"Nested pendant cluster (depth 4): Capped to 1;216 AADT (41% of 2 entry roads (South Dr; Christy Ln): 2;969)"
110416449749,Brook Ct,INTERPOLATED,39905,True,PendantCluster,29056,-10849,-27.2,"Nested pendant cluster (depth 2): Capped to 29;056 AADT (64% of entry road 'Valley Meadows Dr': 45;401)"
110416490381,Unknown Road,INTERPOLATED,21658,True,PendantCluster,8799,-12859,-59.4,"Nested pendant cluster (depth 4): Capped to 8;799 AADT (41% of entry road 'Armadillo Dr': 21;483)"
110416471620,Armadillo Dr,INTERPOLATED,12403,True,PendantCluster,8337,-4066,-32.8,"Nested pendant cluster (depth 6): Capped to 8;337 AADT (26% of 2 entry roads (Armadillo Dr; Unknown Road): 31;806)"
1102744856496,Huddleston Ct,INTERPOLATED,374,True,PendantCluster,239,-135,-36.1,"Nested pendant cluster (depth 2): Capped to 239 AADT (64% of entry road 'Summer Tree Ln': 374)"
110416490980,Unknown Road,ACTUAL_COUNT,1710,False,NONE,1710,0,0,"No constraint needed"
110416471154,Optimist,ACTUAL_COUNT,1024,False,NONE,1024,0,0,"No constraint needed"
1103700760878,Firefly Dr,INTERPOLATED,820,True,PendantCluster,246,-574,-70,"Nested pendant cluster (depth 4): Capped to 246 AADT (41% of entry road 'Parkplace Village': 602)"
110416477519,St Charles Dr,INTERPOLATED,1048,False,NONE,1048,0,0,"No constraint needed"
110416471778,Chaparral Ln,INTERPOLATED,1870,True,PendantCluster,1646,-224,-12,"Nested pendant cluster (depth 4): Capped to 1;646 AADT (41% of 2 entry roads (Chaparral Ln; Roadrunner Trl): 4;019)"
110416477095,Lynch Bend Rd,INTERPOLATED,1448,False,NONE,1448,0,0,"No constraint needed"
110416489441,Unknown Road,INTERPOLATED,1471,True,PendantCluster,940,-531,-36.1,"Nested pendant cluster (depth 2): Capped to 940 AADT (64% of entry road 'Browder Rd': 1;470)"
110416463789,Young Rd,INTERPOLATED,5406,False,NONE,5406,0,0,"No constraint needed"
110416490283,Unknown Road,INTERPOLATED,1285,False,NONE,1285,0,0,"No constraint needed"
110416490280,Unknown Road,INTERPOLATED,1456,False,NONE,1456,0,0,"No constraint needed"
110416470678,Highland Dr,INTERPOLATED,19248,False,NONE,19248,0,0,"No constraint needed"
110416476694,High Ridge Dr,INTERPOLATED,16522,True,PendantCluster,1398,-15124,-91.5,"Nested pendant cluster (depth 8): Capped to 1;398 AADT (17% of entry road 'Armadillo Dr': 8;337)"
1102200948920,Unknown Road,INTERPOLATED,14565,True,PendantCluster,75,-14490,-99.5,"Nested pendant cluster (depth 12): Capped to 75 AADT (7% of entry road 'Valley View Dr': 1;096)"
110416492147,Unknown Road,INTERPOLATED,1453,True,PendantCluster,1275,-178,-12.3,"Nested pendant cluster (depth 4): Capped to 1;275 AADT (41% of 2 entry roads (Unknown Road; Unknown Road): 3;113)"
110416489566,Unknown Road,INTERPOLATED,1484,True,PendantCluster,24,-1460,-98.4,"Nested pendant cluster (depth 2): Capped to 24 AADT (64% of entry road 'W Yucca Vw': 39)"
1102200934563,Annie Mae Ct,INTERPOLATED,9732,True,PendantCluster,3766,-5966,-61.3,"Nested pendant cluster (depth 2): Capped to 3;766 AADT (64% of entry road 'Midway Rd': 5;885)"
110416490067,Unknown Road,INTERPOLATED,2946,False,NONE,2946,0,0,"No constraint needed"
110416466543,Carlton Ct,INTERPOLATED,2582,False,NONE,2582,0,0,"No constraint needed"
1102466601370,Kalinga Dr,INTERPOLATED,3766,True,PendantCluster,1245,-2521,-66.9,"Nested pendant cluster (depth 6): Capped to 1;245 AADT (26% of 2 entry roads (Oakley Cir; Kalinga Dr): 4;753)"
1105598420872,Oakley Cir,INTERPOLATED,2171,True,PendantCluster,243,-1928,-88.8,"Nested pendant cluster (depth 8): Capped to 243 AADT (17% of 2 entry roads (Toowoomba Ln; Oakley Cir): 1;453)"
1102988770837,Winchester Ln,INTERPOLATED,1784,True,PendantCluster,1390,-394,-22.1,"Nested pendant cluster (depth 4): Capped to 1;390 AADT (41% of 2 entry roads (Winchester Ln; Remington Ct): 3;394)"
1103606069145,Sleepy Hollow Ln,INTERPOLATED,1688,False,NONE,1688,0,0,"No constraint needed"
110416490010,Unknown Road,INTERPOLATED,1239,False,NONE,1239,0,0,"No constraint needed"
1102200924368,Bluff Heights Dr,INTERPOLATED,1167,False,NONE,1167,0,0,"No constraint needed"
110416471719,Blue Bird Rd,INTERPOLATED,715,True,PendantCluster,621,-94,-13.1,"Nested pendant cluster (depth 4): Capped to 621 AADT (41% of 2 entry roads (Blue Bird Rd; Brown Creek Rd): 1;518)"
110416474481,Oak Ridge Ests,INTERPOLATED,1586,True,PendantCluster,1214,-372,-23.5,"Nested pendant cluster (depth 4): Capped to 1;214 AADT (41% of 2 entry roads (Oak Ridge Ests; Oak Ridge Ests): 2;965)"
110416463398,Union Ln,INTERPOLATED,780,True,PendantCluster,439,-341,-43.7,"Nested pendant cluster (depth 2): Capped to 439 AADT (64% of entry road 'Sarra Ln': 686)"
110416492414,Unknown Road,INTERPOLATED,757,True,PendantCluster,46,-711,-93.9,"Nested pendant cluster (depth 6): Capped to 46 AADT (26% of entry road 'Unknown Road': 179)"
1102200956652,Unknown Road,INTERPOLATED,1436,True,PendantCluster,389,-1047,-72.9,"Nested pendant cluster (depth 4): Capped to 389 AADT (41% of entry road 'Manderley Ln': 952)"
110416471199,Overlook Trl,INTERPOLATED,1754,False,NONE,1754,0,0,"No constraint needed"
110416491424,Unknown Road,INTERPOLATED,1636,True,PendantCluster,1134,-502,-30.7,"Nested pendant cluster (depth 2): Capped to 1;134 AADT (64% of entry road 'South Dr': 1;772)"
110416491425,Unknown Road,INTERPOLATED,1734,True,PendantCluster,481,-1253,-72.3,"Nested pendant cluster (depth 2): Capped to 481 AADT (64% of entry road 'State Hwy 199': 753)"
110416451788,David St,INTERPOLATED,851,True,PendantCluster,627,-224,-26.3,"Nested pendant cluster (depth 4): Capped to 627 AADT (41% of 2 entry roads (Bonnie Ln; David St): 1;533)"
110416492193,Unknown Road,INTERPOLATED,1371,True,PendantCluster,20,-1351,-98.5,"Nested pendant cluster (depth 10): Capped to 20 AADT (11% of entry road 'Mary Dr': 190)"
110416479234,Silver Acres Rd,INTERPOLATED,289,True,PendantCluster,96,-193,-66.8,"Nested pendant cluster (depth 8): Capped to 96 AADT (17% of 2 entry roads (West Rd; Silver Acres Rd): 578)"
110416445868,Beck Ln,ACTUAL_COUNT,2816,True,PendantCluster,2097,-719,-25.5,"Nested pendant cluster (depth 4): Capped to 2;097 AADT (41% of 2 entry roads (Beck Ln; Beck Ln): 5;122)"
1103430666734,Thorobred Ct,INTERPOLATED,2569,True,PendantCluster,1045,-1524,-59.3,"Nested pendant cluster (depth 4): Capped to 1;045 AADT (41% of entry road 'Creekwood Ranch Rd': 2;553)"
110416476118,De la Cruz St,INTERPOLATED,1713,True,PendantCluster,988,-725,-42.3,"Nested pendant cluster (depth 4): Capped to 988 AADT (41% of 2 entry roads (Unknown Road; De la Cruz St): 2;414)"
110416479048,Harvest Moon Ct,INTERPOLATED,1428,True,PendantCluster,128,-1300,-91,"Nested pendant cluster (depth 6): Capped to 128 AADT (26% of entry road 'Valley Lake Ln': 492)"
110416492727,Unknown Road,INTERPOLATED,532,True,PendantCluster,0,-532,-100,"Nested pendant cluster (depth 12): Capped to 0 AADT (7% of entry road 'Sanger Dr': 12)"
110416477602,Sunny Dale Ct,INTERPOLATED,32147,True,PendantCluster,21137,-11010,-34.2,"Nested pendant cluster (depth 2): Capped to 21;137 AADT (64% of entry road 'Hilltop Meadows Dr': 33;027)"
110416479279,Summit Ridge Ct,INTERPOLATED,28221,True,PendantCluster,3433,-24788,-87.8,"Nested pendant cluster (depth 6): Capped to 3;433 AADT (26% of entry road 'Summit Ridge Ln': 13;099)"
110416478929,Country Side Ct,INTERPOLATED,28630,True,PendantCluster,21137,-7493,-26.2,"Nested pendant cluster (depth 2): Capped to 21;137 AADT (64% of entry road 'Hilltop Meadows Dr': 33;027)"
110416476134,Dillingham Ln,INTERPOLATED,2405,False,NONE,2405,0,0,"No constraint needed"
1102466290247,State Hwy 51,ACTUAL_COUNT,1910,False,NONE,1910,0,0,"No constraint needed"
110416458295,Lucas St,ACTUAL_COUNT,809,False,NONE,809,0,0,"No constraint needed"
1103677913029,Lemmuel Dr,ACTUAL_COUNT,809,False,NONE,809,0,0,"No constraint needed"
1102466305471,Fossil Rock Dr,INTERPOLATED,4112,False,NONE,4112,0,0,"No constraint needed"
110416446632,Murr Rd,INTERPOLATED,2478,True,PendantCluster,1430,-1048,-42.3,"Nested pendant cluster (depth 4): Capped to 1;430 AADT (41% of 2 entry roads (Unknown Road; Murr Rd): 3;492)"
110416468435,Skyview Ct,INTERPOLATED,13176,True,PendantCluster,4384,-8792,-66.7,"Nested pendant cluster (depth 4): Capped to 4;384 AADT (41% of entry road 'W Forty Est': 10;705)"
1104701882890,Jacksboro Hwy,INTERPOLATED,6,True,PendantCluster,0,-6,-100,"Nested pendant cluster (depth 16): Capped to 0 AADT (3% of 2 entry roads (State Hwy 199; Jacksboro Hwy): 12)"
1102638239408,Unknown Road,INTERPOLATED,9596,True,PendantCluster,2410,-7186,-74.9,"Nested pendant cluster (depth 4): Capped to 2;410 AADT (41% of entry road 'Tower St': 5;885)"
1102200936308,Unknown Road,INTERPOLATED,1353,True,PendantCluster,1175,-178,-13.2,"Nested pendant cluster (depth 4): Capped to 1;175 AADT (41% of entry road 'Jackson Trl': 2;871)"
110416450001,Bryon Dr,INTERPOLATED,1671,False,NONE,1671,0,0,"No constraint needed"
1102638238622,Wooley Ct,INTERPOLATED,805,True,PendantCluster,100,-705,-87.6,"Nested pendant cluster (depth 6): Capped to 100 AADT (26% of entry road 'Imperial Mammoth Valley Ln': 384)"
110416478843,Calhoun Bend,INTERPOLATED,4061,False,NONE,4061,0,0,"No constraint needed"
110416465709,Newsom Rd,INTERPOLATED,361,True,PendantCluster,119,-242,-67,"Nested pendant cluster (depth 6): Capped to 119 AADT (26% of 2 entry roads (Meadow Oaks St; Newsom Rd): 455)"
110416490299,Unknown Road,INTERPOLATED,688,True,PendantCluster,108,-580,-84.3,"Nested pendant cluster (depth 6): Capped to 108 AADT (26% of entry road 'Parker St': 413)"
110416477427,Santa Cruz Ct,INTERPOLATED,417,True,PendantCluster,0,-417,-100,"Nested pendant cluster (depth 6): Capped to 0 AADT (26% of entry road 'S Cardinal Rd': 1)"
110416467195,Red Bud Dr,INTERPOLATED,3077,True,PendantCluster,2036,-1041,-33.8,"Nested pendant cluster (depth 6): Capped to 2;036 AADT (26% of 3 entry roads (N Melanie Dr; Bluemeadow Dr; ...): 7;767)"
110416465904,Sherry Dr,INTERPOLATED,1686,False,NONE,1686,0,0,"No constraint needed"
1103680883018,Lone Star,INTERPOLATED,1432,False,NONE,1432,0,0,"No constraint needed"
110416474585,Red River Ct,ACTUAL_COUNT,34,True,PendantCluster,0,-34,-100,"Nested pendant cluster (depth 10): Capped to 0 AADT (11% of entry road 'Reata Dr': 3)"
110416476952,Industrial Ave,ACTUAL_COUNT,603,True,PendantCluster,434,-169,-28,"Nested pendant cluster (depth 6): Capped to 434 AADT (26% of entry road 'W Main St': 1;658)"
110416470968,Marchman,ACTUAL_COUNT,10013,False,NONE,10013,0,0,"No constraint needed"
110416471722,Blueberry Dr,INTERPOLATED,2955,False,NONE,2955,0,0,"No constraint needed"
1102966058180,Maple Valley,INTERPOLATED,1346,False,NONE,1346,0,0,"No constraint needed"
110416489568,Unknown Road,INTERPOLATED,3114,True,PendantCluster,24,-3090,-99.2,"Nested pendant cluster (depth 2): Capped to 24 AADT (64% of entry road 'W Yucca Vw': 39)"
110416460924,Raley Ct,INTERPOLATED,185,True,PendantCluster,173,-12,-6.5,"Nested pendant cluster (depth 10): Capped to 173 AADT (11% of 2 entry roads (Raley Ct; Unknown Road): 1;618)"
110416489545,Unknown Road,INTERPOLATED,1538,True,PendantCluster,192,-1346,-87.5,"Nested pendant cluster (depth 6): Capped to 192 AADT (26% of entry road 'Raley Rd': 733)"
110416471573,Woodvale Dr,INTERPOLATED,16930,True,PendantCluster,197,-16733,-98.8,"Nested pendant cluster (depth 6): Capped to 197 AADT (26% of entry road 'W Shangri la Dr': 755)"
110416465769,Perdue Cir,INTERPOLATED,672,False,NONE,672,0,0,"No constraint needed"
1102988770844,Unknown Road,INTERPOLATED,629,True,PendantCluster,134,-495,-78.7,"Nested pendant cluster (depth 6): Capped to 134 AADT (26% of 2 entry roads (Unknown Road; Unknown Road): 512)"
110416474791,Trailwood Dr,ACTUAL_COUNT,1309,False,NONE,1309,0,0,"No constraint needed"
110416491652,Unknown Road,INTERPOLATED,12225,False,NONE,12225,0,0,"No constraint needed"
1102970393382,Unknown Road,INTERPOLATED,3678,False,NONE,3678,0,0,"No constraint needed"
110416480152,Cattlebaron Parc Dr,INTERPOLATED,2269,False,NONE,2269,0,0,"No constraint needed"
110416470767,Jennings Ln,INTERPOLATED,852,False,NONE,852,0,0,"No constraint needed"
110416466639,Cowboys Ln,INTERPOLATED,1374,True,PendantCluster,258,-1116,-81.2,"Nested pendant cluster (depth 2): Capped to 258 AADT (64% of entry road 'Prather Rd': 404)"
110416489974,Unknown Road,INTERPOLATED,665,True,PendantCluster,519,-146,-22,"Nested pendant cluster (depth 2): Capped to 519 AADT (64% of entry road 'Friendship Rd': 811)"
1103670097589,Marc Pl,INTERPOLATED,735,False,NONE,735,0,0,"No constraint needed"
1102466339717,Walton Ln,ACTUAL_COUNT,290,False,NONE,290,0,0,"No constraint needed"
110416470584,Fairview Ln,INTERPOLATED,1464,False,NONE,1464,0,0,"No constraint needed"
110416463439,Vista Ct,INTERPOLATED,1459,False,NONE,1459,0,0,"No constraint needed"
110416463827,Alyssa Ct,INTERPOLATED,1347,False,NONE,1347,0,0,"No constraint needed"
110416447606,Arbol Ct,INTERPOLATED,1907,False,NONE,1907,0,0,"No constraint needed"
1103695922087,Owen Cir,INTERPOLATED,3197,False,NONE,3197,0,0,"No constraint needed"
1102200953018,Unknown Road,INTERPOLATED,1750,True,PendantCluster,479,-1271,-72.6,"Nested pendant cluster (depth 2): Capped to 479 AADT (64% of entry road 'White Settlement Rd': 749)"
110416470091,Adriance Ln,ACTUAL_COUNT,880,False,NONE,880,0,0,"No constraint needed"
1102200929943,Partagas Dr,INTERPOLATED,1305,True,PendantCluster,534,-771,-59.1,"Nested pendant cluster (depth 4): Capped to 534 AADT (41% of entry road 'Partagas Dr': 1;305)"
1102466709623,Miramar Cir,INTERPOLATED,914,True,PendantCluster,46,-868,-95,"Nested pendant cluster (depth 8): Capped to 46 AADT (17% of entry road 'Miramar Cir': 279)"
1102200926320,Park Canyon Dr,INTERPOLATED,3020,False,NONE,3020,0,0,"No constraint needed"
1102200938614,Unknown Road,INTERPOLATED,9702,False,NONE,9702,0,0,"No constraint needed"
1102200941944,Unknown Road,INTERPOLATED,812,True,PendantCluster,19,-793,-97.7,"Nested pendant cluster (depth 8): Capped to 19 AADT (17% of entry road 'New Hope Rd': 114)"
1105598410151,Bohner Dr,INTERPOLATED,201,True,PendantCluster,39,-162,-80.6,"Nested pendant cluster (depth 8): Capped to 39 AADT (17% of 2 entry roads (Mitch Ct; Bohner Dr): 234)"
110416479674,Pleasant View Ct,INTERPOLATED,1760,True,PendantCluster,1106,-654,-37.2,"Nested pendant cluster (depth 2): Capped to 1;106 AADT (64% of entry road 'Summit Dr': 1;729)"
1102970397084,Unknown Road,INTERPOLATED,1678,False,NONE,1678,0,0,"No constraint needed"
1103430658049,Milton Thompson Ct,INTERPOLATED,1000,True,PendantCluster,624,-376,-37.6,"Nested pendant cluster (depth 2): Capped to 624 AADT (64% of entry road 'Milton Dr': 975)"
110416474514,Partridge Dr,INTERPOLATED,551,True,PendantCluster,475,-76,-13.8,"Nested pendant cluster (depth 4): Capped to 475 AADT (41% of 2 entry roads (Cardinal Dr; Quail Dr): 1;161)"
1102638239783,Unknown Road,INTERPOLATED,438,True,PendantCluster,229,-209,-47.7,"Nested pendant cluster (depth 2): Capped to 229 AADT (64% of entry road 'E Lake Dr': 358)"
110416480164,Jay Bird Cut Off Rd,INTERPOLATED,90871,False,NONE,90871,0,0,"No constraint needed"
1102200932965,Unknown Road,INTERPOLATED,89239,False,NONE,89239,0,0,"No constraint needed"
110416463828,Alyssa Ct,INTERPOLATED,1224,False,NONE,1224,0,0,"No constraint needed"
1102200936156,Unknown Road,INTERPOLATED,793,True,PendantCluster,416,-377,-47.5,"Nested pendant cluster (depth 2): Capped to 416 AADT (64% of entry road 'Jay Bird Rd': 651)"
110416469236,Summers Cir,ACTUAL_COUNT,563,True,PendantCluster,324,-239,-42.5,"Nested pendant cluster (depth 4): Capped to 324 AADT (41% of 2 entry roads (Cearley Cox Ct; Summers Cir): 793)"
1103529590461,Swan Lake Dr,INTERPOLATED,314,False,NONE,314,0,0,"No constraint needed"
1103677912408,Big Oak Ln,ACTUAL_COUNT,10603,True,PendantCluster,6839,-3764,-35.5,"Nested pendant cluster (depth 2): Capped to 6;839 AADT (64% of 2 entry roads (Meadow Arbor Dr; Big Oak Ln): 10;687)"
1104476668944,Silver Ln,INTERPOLATED,1367,False,NONE,1367,0,0,"No constraint needed"
1102200949205,Casey Ln,INTERPOLATED,6676,False,NONE,6676,0,0,"No constraint needed"
11016954843776,Wrigley Dr,INTERPOLATED,6796,True,PendantCluster,619,-6177,-90.9,"Nested pendant cluster (depth 6): Capped to 619 AADT (26% of entry road 'Cooperstown': 2;363)"
110416474592,Remington Ct,INTERPOLATED,1610,True,PendantCluster,569,-1041,-64.7,"Nested pendant cluster (depth 4): Capped to 569 AADT (41% of entry road 'Winchester Ln': 1;390)"
1105598385851,Don Propp Rd,INTERPOLATED,2108,False,NONE,2108,0,0,"No constraint needed"
110416489591,Unknown Road,INTERPOLATED,3257,False,NONE,3257,0,0,"No constraint needed"
1102200946835,Unknown Road,INTERPOLATED,3690,True,PendantCluster,2264,-1426,-38.6,"Nested pendant cluster (depth 2): Capped to 2;264 AADT (64% of entry road 'Younger Ranch Rd': 3;539)"
1103678118660,Covered Bridge Dr,INTERPOLATED,2741,False,NONE,2741,0,0,"No constraint needed"
1102200937934,Unknown Road,INTERPOLATED,677,False,NONE,677,0,0,"No constraint needed"
110416465897,Sherri Ln,INTERPOLATED,1428,True,PendantCluster,500,-928,-65,"Nested pendant cluster (depth 4): Capped to 500 AADT (41% of entry road 'Gilley Ln': 1;223)"
1103680885967,Macanudo Dr,INTERPOLATED,1032,True,PendantCluster,4,-1028,-99.6,"Nested pendant cluster (depth 10): Capped to 4 AADT (11% of entry road 'Miramar Cir': 46)"
110416489539,Unknown Road,INTERPOLATED,9154,True,PendantCluster,1051,-8103,-88.5,"Nested pendant cluster (depth 10): Capped to 1;051 AADT (11% of 2 entry roads (Cat Track Rd; Karbo Ln): 9;795)"
110416489538,Unknown Road,INTERPOLATED,8859,True,PendantCluster,119,-8740,-98.7,"Nested pendant cluster (depth 12): Capped to 119 AADT (7% of 2 entry roads (Unknown Road; Unknown Road): 1;732)"
1105045446166,Unknown Road,ACTUAL_COUNT,290,True,PendantCluster,185,-105,-36.2,"Nested pendant cluster (depth 2): Capped to 185 AADT (64% of entry road 'Highland Rd': 290)"
110416478319,Misty Ridge Ln,INTERPOLATED,2669,False,NONE,2669,0,0,"No constraint needed"
1102466518486,Blacktail Ln,INTERPOLATED,16116,True,PendantCluster,9304,-6812,-42.3,"Nested pendant cluster (depth 4): Capped to 9;304 AADT (41% of 2 entry roads (Sika Ct; Blacktail Ln): 22;717)"
1103226196559,Rising View Ct,INTERPOLATED,2220,True,PendantCluster,31,-2189,-98.6,"Nested pendant cluster (depth 10): Capped to 31 AADT (11% of entry road 'Carter Hills Ln': 289)"
110416467065,Oaknoll Ct,INTERPOLATED,849,True,PendantCluster,543,-306,-36,"Nested pendant cluster (depth 2): Capped to 543 AADT (64% of entry road 'Hidden Cir': 849)"
1102200931979,Shady Elm Ct,INTERPOLATED,2948,False,NONE,2948,0,0,"No constraint needed"
1102200935142,Amingo Ct,INTERPOLATED,2478,True,PendantCluster,0,-2478,-100,"Nested pendant cluster (depth 12): Capped to 0 AADT (7% of entry road 'Remuda Dr': 12)"
1102200931806,Crested Ridge Ln,INTERPOLATED,2716,False,NONE,2716,0,0,"No constraint needed"
110416464307,Corona Ct,INTERPOLATED,2625,True,PendantCluster,283,-2342,-89.2,"Nested pendant cluster (depth 6): Capped to 283 AADT (26% of entry road 'Tiara Trl': 1;082)"
11013869208687,Creekview Dr,INTERPOLATED,1234,True,PendantCluster,42,-1192,-96.6,"Nested pendant cluster (depth 10): Capped to 42 AADT (11% of entry road 'S Stewart St': 393)"
1103677411059,Charcoal Bluff Ct,INTERPOLATED,2231,True,PendantCluster,519,-1712,-76.7,"Nested pendant cluster (depth 8): Capped to 519 AADT (17% of 2 entry roads (Indigo Height Ct; Hidden Forest Dr): 3;096)"
1102200926399,Blue Sky Ct,INTERPOLATED,1432,True,PendantCluster,53,-1379,-96.3,"Nested pendant cluster (depth 8): Capped to 53 AADT (17% of entry road 'Blue Sky Ln': 319)"
1103695963446,Millers Village,ACTUAL_COUNT,661,True,PendantCluster,492,-169,-25.6,"Nested pendant cluster (depth 4): Capped to 492 AADT (41% of 2 entry roads (Millers Village; Millers Village): 1;202)"
1103677411085,Artist Point Ct,INTERPOLATED,1781,True,PendantCluster,65,-1716,-96.4,"Nested pendant cluster (depth 8): Capped to 65 AADT (17% of entry road 'Horizon Cir': 393)"
11016954692442,Sablewood Ct,INTERPOLATED,2105,True,PendantCluster,65,-2040,-96.9,"Nested pendant cluster (depth 8): Capped to 65 AADT (17% of entry road 'Horizon Cir': 393)"
1103662207261,Sandwood Ct,INTERPOLATED,1233,True,PendantCluster,19,-1214,-98.5,"Nested pendant cluster (depth 10): Capped to 19 AADT (11% of 2 entry roads (Sandwood Ct; Sandwood Ct): 178)"
110416470615,Franklin St,INTERPOLATED,1165,False,NONE,1165,0,0,"No constraint needed"
1106067481639,FM 1884,ACTUAL_COUNT,6903,False,NONE,6903,0,0,"No constraint needed"
110416470945,Longhorn Dr,ACTUAL_COUNT,2889,False,NONE,2889,0,0,"No constraint needed"
110416489623,Unknown Road,INTERPOLATED,26374,True,PendantCluster,310,-26064,-98.8,"Nested pendant cluster (depth 8): Capped to 310 AADT (17% of entry road 'Hickory Ln': 1;850)"
110416459699,Pecan Dr,ACTUAL_COUNT,3679,False,NONE,3679,0,0,"No constraint needed"
1103701328493,Roselawn Dr,ACTUAL_COUNT,10006,False,NONE,10006,0,0,"No constraint needed"
110416445516,Ann St,ACTUAL_COUNT,3679,False,NONE,3679,0,0,"No constraint needed"
110416447093,Tory St,INTERPOLATED,8809,False,NONE,8809,0,0,"No constraint needed"
1104472798877,Unknown Road,INTERPOLATED,224241,False,NONE,224241,0,0,"No constraint needed"
110416469986,Tin Top Rd,ACTUAL_COUNT,5978,False,NONE,5978,0,0,"No constraint needed"
110416491291,Unknown Road,INTERPOLATED,386,True,PendantCluster,3,-383,-99.2,"Nested pendant cluster (depth 10): Capped to 3 AADT (11% of entry road 'Brazos Rock Rd': 28)"
1102988770826,Unknown Road,INTERPOLATED,4439,True,PendantCluster,868,-3571,-80.4,"Nested pendant cluster (depth 6): Capped to 868 AADT (26% of 2 entry roads (Unknown Road; Unknown Road): 3;312)"
1104468829555,Lauren Ct,INTERPOLATED,2202,True,PendantCluster,432,-1770,-80.4,"Nested pendant cluster (depth 2): Capped to 432 AADT (64% of entry road 'Harmony Rd': 675)"
110416465492,Looney Ln,INTERPOLATED,3874,True,PendantCluster,1794,-2080,-53.7,"Nested pendant cluster (depth 6): Capped to 1;794 AADT (26% of 2 entry roads (Looney Ln; Looney Ln): 6;846)"
110416492429,Unknown Road,INTERPOLATED,3855,True,PendantCluster,49,-3806,-98.7,"Nested pendant cluster (depth 12): Capped to 49 AADT (7% of 2 entry roads (Unknown Road; Unknown Road): 724)"
110416492667,Unknown Road,INTERPOLATED,3353,True,PendantCluster,1156,-2197,-65.5,"Nested pendant cluster (depth 4): Capped to 1;156 AADT (41% of entry road 'Leea Ln': 2;824)"
110416492419,Unknown Road,INTERPOLATED,3656,True,PendantCluster,3543,-113,-3.1,"Nested pendant cluster (depth 2): Capped to 3;543 AADT (64% of entry road 'Tin Top Rd': 5;536)"
110416492432,Unknown Road,INTERPOLATED,3858,True,PendantCluster,185,-3673,-95.2,"Nested pendant cluster (depth 8): Capped to 185 AADT (17% of 2 entry roads (Unknown Road; Unknown Road): 1;105)"
1104469114895,Thompson Rd,INTERPOLATED,4588,False,NONE,4588,0,0,"No constraint needed"
110416490487,Unknown Road,INTERPOLATED,5974,False,NONE,5974,0,0,"No constraint needed"
1105598245111,Nocona Ct,INTERPOLATED,224,True,PendantCluster,0,-224,-100,"Nested pendant cluster (depth 24): Capped to 0 AADT (0% of entry road 'Horseshoe Bend Rd': 2)"
110416477083,Livingston Rd,INTERPOLATED,4216,True,PendantCluster,2433,-1783,-42.3,"Nested pendant cluster (depth 4): Capped to 2;433 AADT (41% of 2 entry roads (Livingston Ct; Livingston Rd): 5;942)"
110416478793,Apache Ridge Rd,INTERPOLATED,4732,False,NONE,4732,0,0,"No constraint needed"
110416446340,Kemp Rd,INTERPOLATED,10477,True,PendantCluster,5415,-5062,-48.3,"Nested pendant cluster (depth 2): Capped to 5;415 AADT (64% of entry road 'S FM 51': 8;462)"
110416490230,Unknown Road,INTERPOLATED,10719,True,PendantCluster,3015,-7704,-71.9,"Nested pendant cluster (depth 4): Capped to 3;015 AADT (41% of entry road 'Floyd Ct': 7;363)"
110416489933,Unknown Road,INTERPOLATED,3440,True,PendantCluster,81,-3359,-97.6,"Nested pendant cluster (depth 6): Capped to 81 AADT (26% of entry road 'Unknown Road': 309)"
110416490621,Unknown Road,INTERPOLATED,1545,True,PendantCluster,559,-986,-63.8,"Nested pendant cluster (depth 4): Capped to 559 AADT (41% of entry road 'Unknown Road': 1;365)"
110416466724,Elmwood Trl,INTERPOLATED,4697,False,NONE,4697,0,0,"No constraint needed"
110416471250,Post Oak Trl,INTERPOLATED,4706,False,NONE,4706,0,0,"No constraint needed"
1102200924473,Unknown Road,INTERPOLATED,1367,False,NONE,1367,0,0,"No constraint needed"
1102200935392,Unknown Road,INTERPOLATED,431,True,PendantCluster,22,-409,-94.9,"Nested pendant cluster (depth 6): Capped to 22 AADT (26% of entry road 'FM 3028': 84)"
110416478236,Jack Wright Rd,INTERPOLATED,771,True,PendantCluster,444,-327,-42.4,"Nested pendant cluster (depth 4): Capped to 444 AADT (41% of 2 entry roads (Unknown Road; Jack Wright Rd): 1;086)"
1103626827591,Yorkshire Trl,INTERPOLATED,11963,True,PendantCluster,11253,-710,-5.9,"Nested pendant cluster (depth 4): Capped to 11;253 AADT (41% of entry road 'Briarhaven Blvd': 27;474)"
110416490905,I- 20 Svc Rd,ACTUAL_COUNT,499558,False,NONE,499558,0,0,"No constraint needed"
110416446575,Mesa St,INTERPOLATED,7,True,PendantCluster,0,-7,-100,"Nested pendant cluster (depth 14): Capped to 0 AADT (4% of 2 entry roads (Southview Dr; Mesa St): 14)"
1102466755553,Unknown Road,INTERPOLATED,2434,False,NONE,2434,0,0,"No constraint needed"
110416491171,Unknown Road,INTERPOLATED,3107,False,NONE,3107,0,0,"No constraint needed"
1103690718127,Atwood Ct,INTERPOLATED,2035,False,NONE,2035,0,0,"No constraint needed"
1104470395618,Unknown Road,INTERPOLATED,400,True,PendantCluster,32,-368,-92,"Nested pendant cluster (depth 6): Capped to 32 AADT (26% of entry road 'Unknown Road': 124)"
110416455430,Hiner Rd,INTERPOLATED,575,True,PendantCluster,301,-274,-47.7,"Nested pendant cluster (depth 6): Capped to 301 AADT (26% of 2 entry roads (Unknown Road; Hiner Rd): 1;150)"
110416455547,Hogle St,ACTUAL_COUNT,392,False,NONE,392,0,0,"No constraint needed"
1102970392520,Lakeview Trl,INTERPOLATED,5641,False,NONE,5641,0,0,"No constraint needed"
1103678118837,Coleman Ln,INTERPOLATED,4118,True,PendantCluster,3454,-664,-16.1,"Nested pendant cluster (depth 4): Capped to 3;454 AADT (41% of 2 entry roads (Coleman Ln; Paintbrush Ct): 8;434)"
110416475928,Cactus Rio Ln,INTERPOLATED,938,True,PendantCluster,703,-235,-25.1,"Nested pendant cluster (depth 6): Capped to 703 AADT (26% of 2 entry roads (Cactus Rio; Cactus Rio Ln): 2;684)"
110416489737,Unknown Road,INTERPOLATED,884,True,PendantCluster,548,-336,-38,"Nested pendant cluster (depth 2): Capped to 548 AADT (64% of entry road 'Heathington Rd': 857)"
110416490672,Unknown Road,INTERPOLATED,17016,True,PendantCluster,4034,-12982,-76.3,"Nested pendant cluster (depth 4): Capped to 4;034 AADT (41% of entry road 'Unknown Road': 9;851)"
110416490664,Unknown Road,INTERPOLATED,14691,True,PendantCluster,1580,-13111,-89.2,"Nested pendant cluster (depth 6): Capped to 1;580 AADT (26% of 2 entry roads (Unknown Road; Unknown Road): 6;030)"
1102466530744,Unknown Road,INTERPOLATED,283,True,PendantCluster,212,-71,-25.1,"Nested pendant cluster (depth 4): Capped to 212 AADT (41% of 2 entry roads (Unknown Road; Unknown Road): 519)"
110416470395,Cherokee St,ACTUAL_COUNT,5562,False,NONE,5562,0,0,"No constraint needed"
110416491203,Unknown Road,INTERPOLATED,1992,True,PendantCluster,815,-1177,-59.1,"Nested pendant cluster (depth 4): Capped to 815 AADT (41% of entry road 'Unknown Road': 1;990)"
110416489588,Unknown Road,ACTUAL_COUNT,1766,True,PendantCluster,405,-1361,-77.1,"Nested pendant cluster (depth 4): Capped to 405 AADT (41% of 2 entry roads (Unknown Road; Unknown Road): 989)"
110416466804,Hanover St,ACTUAL_COUNT,723,False,NONE,723,0,0,"No constraint needed"
110416480155,Jacksboro-Graham Rd,INTERPOLATED,1304,False,NONE,1304,0,0,"No constraint needed"
110416491960,Unknown Road,INTERPOLATED,480,True,PendantCluster,205,-275,-57.3,"Nested pendant cluster (depth 2): Capped to 205 AADT (64% of entry road 'Big Valley Cir': 321)"
1102466637135,Unknown Road,INTERPOLATED,277,False,NONE,277,0,0,"No constraint needed"
110416446377,Lacy Dr,INTERPOLATED,281,False,NONE,281,0,0,"No constraint needed"
110416492066,Unknown Road,INTERPOLATED,224,True,PendantCluster,71,-153,-68.3,"Nested pendant cluster (depth 4): Capped to 71 AADT (41% of entry road 'Doubletree Ln': 175)"
110416471441,Thompson Ln,INTERPOLATED,230,False,NONE,230,0,0,"No constraint needed"
110416471714,Blackfoot Trl,INTERPOLATED,240,True,PendantCluster,0,-240,-100,"Nested pendant cluster (depth 24): Capped to 0 AADT (0% of entry road 'Horseshoe Bend Rd': 2)"
1103717649538,Unknown Road,INTERPOLATED,452,True,PendantCluster,198,-254,-56.2,"Nested pendant cluster (depth 4): Capped to 198 AADT (41% of entry road 'Unknown Road': 484)"
110416470434,Cimmaron Trl,ACTUAL_COUNT,234,True,PendantCluster,0,-234,-100,"Nested pendant cluster (depth 24): Capped to 0 AADT (0% of entry road 'Horseshoe Bend Rd': 2)"
110416465642,Mohawk Trl,ACTUAL_COUNT,234,True,PendantCluster,0,-234,-100,"Nested pendant cluster (depth 24): Capped to 0 AADT (0% of entry road 'Horseshoe Bend Rd': 2)"
110416489397,Unknown Road,INTERPOLATED,287,False,NONE,287,0,0,"No constraint needed"
110416492126,Unknown Road,INTERPOLATED,298,False,NONE,298,0,0,"No constraint needed"
110416466045,Tahoka Trl,INTERPOLATED,226,True,PendantCluster,0,-226,-100,"Nested pendant cluster (depth 24): Capped to 0 AADT (0% of entry road 'Horseshoe Bend Rd': 2)"
110416477967,Candleridge Ct,ACTUAL_COUNT,5536,True,PendantCluster,3543,-1993,-36,"Nested pendant cluster (depth 2): Capped to 3;543 AADT (64% of entry road 'Tin Top Rd': 5;536)"
110416490319,Unknown Road,ACTUAL_COUNT,511,True,PendantCluster,327,-184,-36,"Nested pendant cluster (depth 2): Capped to 327 AADT (64% of entry road 'E 1st St': 511)"
1103662204056,Tremont St,INTERPOLATED,2383,False,NONE,2383,0,0,"No constraint needed"
110416470220,Bent Oak Rd,INTERPOLATED,2536,False,NONE,2536,0,0,"No constraint needed"
110416474824,Wandering Ct,INTERPOLATED,4204,True,PendantCluster,2666,-1538,-36.6,"Nested pendant cluster (depth 2): Capped to 2;666 AADT (64% of entry road 'Wandering Ln': 4;166)"
110416489415,Unknown Road,INTERPOLATED,736,False,NONE,736,0,0,"No constraint needed"
1102200920360,Tula Trl,INTERPOLATED,226,False,NONE,226,0,0,"No constraint needed"
1103430664317,Unknown Road,INTERPOLATED,320,True,PendantCluster,0,-320,-100,"Nested pendant cluster (depth 20): Capped to 0 AADT (1% of entry road 'Horseshoe Bend Rd': 3)"
110416490679,Unknown Road,INTERPOLATED,3241,True,PendantCluster,1357,-1884,-58.1,"Nested pendant cluster (depth 4): Capped to 1;357 AADT (41% of entry road 'Shanes Ln': 3;313)"
1104470396631,Unknown Road,INTERPOLATED,378,False,NONE,378,0,0,"No constraint needed"
1102466298536,Onyx Ct,INTERPOLATED,3890,True,PendantCluster,2456,-1434,-36.9,"Nested pendant cluster (depth 2): Capped to 2;456 AADT (64% of entry road 'Opal Dr': 3;839)"
110416446650,Opal Dr,INTERPOLATED,3839,False,NONE,3839,0,0,"No constraint needed"
110416490503,Unknown Road,INTERPOLATED,11129,False,NONE,11129,0,0,"No constraint needed"
1102466591323,Unknown Road,INTERPOLATED,468,False,NONE,468,0,0,"No constraint needed"
110416479507,Cutting Horse Ct,INTERPOLATED,6608,True,PendantCluster,4282,-2326,-35.2,"Nested pendant cluster (depth 2): Capped to 4;282 AADT (64% of entry road 'Silver Saddle Cir': 6;691)"
1106087828780,Thorpe Springs Rd,INTERPOLATED,28,True,PendantCluster,24,-4,-14.3,"Nested pendant cluster (depth 12): Capped to 24 AADT (7% of 2 entry roads (Thorpe Springs Rd; Unknown Road): 351)"
110416465779,Prince,INTERPOLATED,3399,True,PendantCluster,471,-2928,-86.1,"Nested pendant cluster (depth 2): Capped to 471 AADT (64% of entry road 'W Oak St': 736)"
1102970399127,Lands Way Rd,INTERPOLATED,6134,True,PendantCluster,5415,-719,-11.7,"Nested pendant cluster (depth 2): Capped to 5;415 AADT (64% of entry road 'S FM 51': 8;462)"
110416447113,Vera Dr,INTERPOLATED,3453,False,NONE,3453,0,0,"No constraint needed"
110416491454,Unknown Road,INTERPOLATED,395,False,NONE,395,0,0,"No constraint needed"
1102200921421,Adams Cir,INTERPOLATED,4891,False,NONE,4891,0,0,"No constraint needed"
110416490092,Unknown Road,INTERPOLATED,11945,True,PendantCluster,1652,-10293,-86.2,"Nested pendant cluster (depth 6): Capped to 1;652 AADT (26% of entry road 'Unknown Road': 6;304)"
1102638239478,Unknown Road,INTERPOLATED,6749,False,NONE,6749,0,0,"No constraint needed"
1102466400505,Cartwright Dr,INTERPOLATED,5453,False,NONE,5453,0,0,"No constraint needed"
110416465499,Lottie Ct,INTERPOLATED,5068,False,NONE,5068,0,0,"No constraint needed"
110416459490,Paula Ct,INTERPOLATED,4233,False,NONE,4233,0,0,"No constraint needed"
110416458731,Marie Ct,INTERPOLATED,4147,False,NONE,4147,0,0,"No constraint needed"
110416490962,Unknown Road,INTERPOLATED,357,False,NONE,357,0,0,"No constraint needed"
1103630852787,Highland Lakes Dr,INTERPOLATED,2,True,PendantCluster,0,-2,-100,"Nested pendant cluster (depth 40): Capped to 0 AADT (0% of 2 entry roads (Highland Lakes Dr; Windmill Ct): 4)"
110416491404,Unknown Road,INTERPOLATED,1966,True,PendantCluster,794,-1172,-59.6,"Nested pendant cluster (depth 2): Capped to 794 AADT (64% of entry road 'Greenwood Rd': 1;242)"
1106087434196,Eureka St,INTERPOLATED,5973,False,NONE,5973,0,0,"No constraint needed"
110416491200,Unknown Road,INTERPOLATED,1990,False,NONE,1990,0,0,"No constraint needed"
110416490527,Unknown Road,INTERPOLATED,1793,True,PendantCluster,547,-1246,-69.5,"Nested pendant cluster (depth 2): Capped to 547 AADT (64% of 2 entry roads (Mineral Wells Hwy; US Hwy 180): 856)"
110416491445,Unknown Road,INTERPOLATED,5052,False,NONE,5052,0,0,"No constraint needed"
110416465671,Navaho,INTERPOLATED,3600,False,NONE,3600,0,0,"No constraint needed"
110416491659,Unknown Road,INTERPOLATED,1893,True,PendantCluster,775,-1118,-59.1,"Nested pendant cluster (depth 4): Capped to 775 AADT (41% of 2 entry roads (Unknown Road; Unknown Road): 1;894)"
110416476109,Creek View Ct,INTERPOLATED,1780,True,PendantCluster,1128,-652,-36.6,"Nested pendant cluster (depth 2): Capped to 1;128 AADT (64% of entry road 'Greenwood Cut Off Rd': 1;763)"
110416465607,Merlin Dr,INTERPOLATED,11463,True,PendantCluster,11253,-210,-1.8,"Nested pendant cluster (depth 4): Capped to 11;253 AADT (41% of entry road 'Briarhaven Blvd': 27;474)"
110416463894,Ashley Ln,INTERPOLATED,2046,True,PendantCluster,1299,-747,-36.5,"Nested pendant cluster (depth 2): Capped to 1;299 AADT (64% of entry road 'Meandering Way': 2;031)"
110416490533,Unknown Road,INTERPOLATED,1187,True,PendantCluster,26,-1161,-97.8,"Nested pendant cluster (depth 8): Capped to 26 AADT (17% of entry road 'Ray Ln': 155)"
110416489735,Unknown Road,INTERPOLATED,1185,True,PendantCluster,123,-1062,-89.6,"Nested pendant cluster (depth 6): Capped to 123 AADT (26% of entry road 'Ray Ln': 472)"
1103307531120,Tiffany Trl,ACTUAL_COUNT,2889,True,PendantCluster,840,-2049,-70.9,"Nested pendant cluster (depth 2): Capped to 840 AADT (64% of entry road 'Charles St': 1;314)"
110416490625,Unknown Road,INTERPOLATED,328,True,PendantCluster,0,-328,-100,"Nested pendant cluster (depth 18): Capped to 0 AADT (2% of entry road 'Horseshoe Bend Rd': 6)"
1102970400832,Houston St,INTERPOLATED,155,True,PendantCluster,96,-59,-38.1,"Nested pendant cluster (depth 2): Capped to 96 AADT (64% of entry road 'W Tarrant St': 150)"
110416445235,Ww Ln,INTERPOLATED,698,True,PendantCluster,327,-371,-53.2,"Nested pendant cluster (depth 2): Capped to 327 AADT (64% of entry road 'Poe Prairie Rd': 512)"
110416492309,Unknown Road,NO_DATA,0,False,NONE,0,0,0,"No constraint needed"
110416464569,Godwin,INTERPOLATED,3214,False,NONE,3214,0,0,"No constraint needed"
110416470089,Aberdeen Dr,INTERPOLATED,8315,False,NONE,8315,0,0,"No constraint needed"
1102200941863,Unknown Road,INTERPOLATED,3869,True,PendantCluster,1588,-2281,-59,"Nested pendant cluster (depth 4): Capped to 1;588 AADT (41% of entry road 'Shady Oak Dr': 3;878)"
1102200928989,Brook Hollow Ln,INTERPOLATED,1641,True,PendantCluster,82,-1559,-95,"Nested pendant cluster (depth 6): Capped to 82 AADT (26% of entry road 'Saddle Club Rd': 315)"
110416463895,Atkins Dr,INTERPOLATED,3238,False,NONE,3238,0,0,"No constraint needed"
1103594562807,Remington,INTERPOLATED,1838,False,NONE,1838,0,0,"No constraint needed"
110416479786,Brannon Bridge Cir,INTERPOLATED,950,False,NONE,950,0,0,"No constraint needed"
1102200927208,Unknown Road,INTERPOLATED,463,False,NONE,463,0,0,"No constraint needed"
1103595548182,Brazos Bluff,INTERPOLATED,828,True,PendantCluster,32,-796,-96.1,"Nested pendant cluster (depth 8): Capped to 32 AADT (17% of entry road 'E Bluff Ln': 196)"
110416490142,Unknown Road,INTERPOLATED,1505,True,PendantCluster,857,-648,-43.1,"Nested pendant cluster (depth 4): Capped to 857 AADT (41% of entry road 'Lazy Bend Rd': 2;093)"
110416490862,Unknown Road,INTERPOLATED,336,True,PendantCluster,209,-127,-37.8,"Nested pendant cluster (depth 4): Capped to 209 AADT (41% of 2 entry roads (Unknown Road; Unknown Road): 512)"
110416477377,River View Rd,INTERPOLATED,408,False,NONE,408,0,0,"No constraint needed"
110416492712,Unknown Road,INTERPOLATED,456,False,NONE,456,0,0,"No constraint needed"
110416477159,Mini Ranch Dr,INTERPOLATED,1834,False,NONE,1834,0,0,"No constraint needed"
110416470645,Hereford Ln,INTERPOLATED,444,True,PendantCluster,313,-131,-29.5,"Nested pendant cluster (depth 6): Capped to 313 AADT (26% of 2 entry roads (Hereford Ln; Sunset Trl): 1;197)"
110416455843,Jakes Ln,INTERPOLATED,841,True,PendantCluster,771,-70,-8.3,"Nested pendant cluster (depth 2): Capped to 771 AADT (64% of entry road 'Fairview Rd': 1;206)"
110416490385,Unknown Road,INTERPOLATED,2346,True,PendantCluster,775,-1571,-67,"Nested pendant cluster (depth 2): Capped to 775 AADT (64% of entry road 'Old Brock Rd': 1;211)"
1102200931071,Unknown Road,INTERPOLATED,168536,False,NONE,168536,0,0,"No constraint needed"
110416476184,Eagle View Ct,INTERPOLATED,1941,True,PendantCluster,5,-1936,-99.7,"Nested pendant cluster (depth 10): Capped to 5 AADT (11% of entry road 'Trl Ridge': 50)"
110416471405,Spalding Ct,INTERPOLATED,1963,True,PendantCluster,22,-1941,-98.9,"Nested pendant cluster (depth 10): Capped to 22 AADT (11% of entry road 'Club House Dr': 205)"
1103701318595,Eagle Pass Ln,INTERPOLATED,2079,True,PendantCluster,1340,-739,-35.5,"Nested pendant cluster (depth 2): Capped to 1;340 AADT (64% of entry road 'Young Bend Rd': 2;094)"
1103487281465,Signature Ct,ACTUAL_COUNT,1211,False,NONE,1211,0,0,"No constraint needed"
1102200928049,Unknown Road,INTERPOLATED,3029,False,NONE,3029,0,0,"No constraint needed"
1102200921725,Unknown Road,INTERPOLATED,2924,False,NONE,2924,0,0,"No constraint needed"
1102466314190,Unknown Road,INTERPOLATED,354,False,NONE,354,0,0,"No constraint needed"
110416490279,Unknown Road,INTERPOLATED,3326,False,NONE,3326,0,0,"No constraint needed"
110416477637,Tanglewood Dr,INTERPOLATED,2561,False,NONE,2561,0,0,"No constraint needed"
110416490340,Unknown Road,INTERPOLATED,2470,True,PendantCluster,1055,-1415,-57.3,"Nested pendant cluster (depth 4): Capped to 1;055 AADT (41% of entry road 'Patrick Creek Rd': 2;578)"
110416471087,Oak Glen Dr,INTERPOLATED,2630,False,NONE,2630,0,0,"No constraint needed"
110416492122,Unknown Road,INTERPOLATED,2571,True,PendantCluster,775,-1796,-69.9,"Nested pendant cluster (depth 2): Capped to 775 AADT (64% of entry road 'Old Brock Rd': 1;211)"
110416474553,Pritchard Ln,INTERPOLATED,2111,True,PendantCluster,1717,-394,-18.7,"Nested pendant cluster (depth 4): Capped to 1;717 AADT (41% of 2 entry roads (Pritchard Ln; Unknown Road): 4;192)"
110416492268,Unknown Road,INTERPOLATED,2025,True,PendantCluster,1292,-733,-36.2,"Nested pendant cluster (depth 2): Capped to 1;292 AADT (64% of entry road 'Grindstone Rd': 2;019)"
110416490145,Unknown Road,INTERPOLATED,1895,False,NONE,1895,0,0,"No constraint needed"
110416466256,Walker Ln,INTERPOLATED,1772,False,NONE,1772,0,0,"No constraint needed"
110416490153,Unknown Road,INTERPOLATED,1656,True,PendantCluster,987,-669,-40.4,"Nested pendant cluster (depth 4): Capped to 987 AADT (41% of 2 entry roads (Unknown Road; Unknown Road): 2;411)"
11016954974844,Lazy Creek Xing,INTERPOLATED,238,True,PendantCluster,78,-160,-67.2,"Nested pendant cluster (depth 6): Capped to 78 AADT (26% of 2 entry roads (Tall Grass Ct; Lazy Creek Xing): 300)"
110416464370,Daniel Rd,INTERPOLATED,925,True,PendantCluster,693,-232,-25.1,"Nested pendant cluster (depth 4): Capped to 693 AADT (41% of 2 entry roads (Daniel Rd; Unknown Road): 1;694)"
1102970399677,Taylor Rd,INTERPOLATED,2544,False,NONE,2544,0,0,"No constraint needed"
1102200922043,Unknown Road,INTERPOLATED,1900,True,PendantCluster,189,-1711,-90.1,"Nested pendant cluster (depth 2): Capped to 189 AADT (64% of entry road 'Upper Denton Rd': 296)"
1102200929408,Unknown Road,INTERPOLATED,3828,False,NONE,3828,0,0,"No constraint needed"
1104473143672,Unknown Road,INTERPOLATED,511,False,NONE,511,0,0,"No constraint needed"
1102466259450,Unknown Road,INTERPOLATED,1929,False,NONE,1929,0,0,"No constraint needed"
1102200949976,Unknown Road,INTERPOLATED,212,True,PendantCluster,131,-81,-38.2,"Nested pendant cluster (depth 2): Capped to 131 AADT (64% of entry road 'Holder Ln': 206)"
1102466311721,Unknown Road,INTERPOLATED,213,True,PendantCluster,6,-207,-97.2,"Nested pendant cluster (depth 16): Capped to 6 AADT (3% of entry road 'Unknown Road': 216)"
1102466311762,Unknown Road,INTERPOLATED,212,True,PendantCluster,6,-206,-97.2,"Nested pendant cluster (depth 16): Capped to 6 AADT (3% of entry road 'Unknown Road': 216)"
1102200930010,Unknown Road,INTERPOLATED,1675,False,NONE,1675,0,0,"No constraint needed"
1102200921405,Unknown Road,INTERPOLATED,1654,False,NONE,1654,0,0,"No constraint needed"
1102200920862,Wellington Trl,INTERPOLATED,1474,True,PendantCluster,579,-895,-60.7,"Nested pendant cluster (depth 4): Capped to 579 AADT (41% of entry road 'Willow Creek Dr': 1;414)"
1102200935087,Unknown Road,ACTUAL_COUNT,1765,False,NONE,1765,0,0,"No constraint needed"
1104473155610,Unknown Road,INTERPOLATED,6426,True,PendantCluster,821,-5605,-87.2,"Nested pendant cluster (depth 6): Capped to 821 AADT (26% of 2 entry roads (Unknown Road; Unknown Road): 3;132)"
110416478919,Country Club Ln,ACTUAL_COUNT,5978,True,PendantCluster,4395,-1583,-26.5,"Nested pendant cluster (depth 4): Capped to 4;395 AADT (41% of 2 entry roads (Country Club Ln; Unknown Road): 10;731)"
1102200941640,Unknown Road,INTERPOLATED,4940,False,NONE,4940,0,0,"No constraint needed"
1102200945300,Driftwood Ranch Trl,NO_DATA,0,False,NONE,0,0,0,"No constraint needed"
1102466543125,Unknown Road,INTERPOLATED,621,False,NONE,621,0,0,"No constraint needed"
11015504633665,Cool Ranch Ln,INTERPOLATED,549,True,PendantCluster,135,-414,-75.4,"Nested pendant cluster (depth 2): Capped to 135 AADT (64% of entry road 'S FM 113': 212)"
1102200940235,Unknown Road,INTERPOLATED,363,True,PendantCluster,241,-122,-33.6,"Nested pendant cluster (depth 2): Capped to 241 AADT (64% of entry road 'McCarthy Dr': 378)"
110416490613,Unknown Road,INTERPOLATED,215,False,NONE,215,0,0,"No constraint needed"
1102466311717,Unknown Road,INTERPOLATED,213,True,PendantCluster,0,-213,-100,"Nested pendant cluster (depth 18): Capped to 0 AADT (2% of 2 entry roads (Unknown Road; Unknown Road): 12)"
1102200944061,Unknown Road,INTERPOLATED,212,True,PendantCluster,0,-212,-100,"Nested pendant cluster (depth 18): Capped to 0 AADT (2% of 2 entry roads (Unknown Road; Unknown Road): 12)"
1102200945645,Twin Springs Ranch Ln,INTERPOLATED,4534,True,PendantCluster,2936,-1598,-35.2,"Nested pendant cluster (depth 2): Capped to 2;936 AADT (64% of entry road 'Thompson Rd': 4;588)"
110416491764,Unknown Road,INTERPOLATED,3493,True,PendantCluster,2475,-1018,-29.1,"Nested pendant cluster (depth 2): Capped to 2;475 AADT (64% of entry road 'State Spur 312': 3;868)"
1103664258726,Jade Ln,INTERPOLATED,5446,False,NONE,5446,0,0,"No constraint needed"
110416491665,Unknown Road,INTERPOLATED,1673,True,PendantCluster,1004,-669,-40,"Nested pendant cluster (depth 2): Capped to 1;004 AADT (64% of entry road 'Moss Ln': 1;570)"
1103276926883,Trevor Dr,ACTUAL_COUNT,2746,True,PendantCluster,70,-2676,-97.5,"Nested pendant cluster (depth 8): Capped to 70 AADT (17% of entry road 'BB Fielder Dr': 423)"
11016955064530,Summer Ct,ACTUAL_COUNT,2746,True,PendantCluster,335,-2411,-87.8,"Nested pendant cluster (depth 6): Capped to 335 AADT (26% of entry road 'BB Fielder Dr': 1;281)"
1104472961829,Unknown Road,INTERPOLATED,317217,False,NONE,317217,0,0,"No constraint needed"
1102200931648,Unknown Road,INTERPOLATED,5652,True,PendantCluster,1874,-3778,-66.8,"Nested pendant cluster (depth 6): Capped to 1;874 AADT (26% of 2 entry roads (Unknown Road; Unknown Road): 7;152)"
1103626845814,Avendale Dr,INTERPOLATED,28537,False,NONE,28537,0,0,"No constraint needed"
1103671412686,Beaumont Dr,INTERPOLATED,1974,False,NONE,1974,0,0,"No constraint needed"
1103613689163,Elm Crest Ct,INTERPOLATED,5457,True,PendantCluster,3565,-1892,-34.7,"Nested pendant cluster (depth 2): Capped to 3;565 AADT (64% of entry road 'Fox Point Cir': 5;571)"
1103690717365,The Farm Rd,INTERPOLATED,3281,True,PendantCluster,2725,-556,-16.9,"Nested pendant cluster (depth 4): Capped to 2;725 AADT (41% of 2 entry roads (The Farm Rd; The Farm Rd): 6;655)"
1104470497517,Unknown Road,INTERPOLATED,12693,True,PendantCluster,2217,-10476,-82.5,"Nested pendant cluster (depth 4): Capped to 2;217 AADT (41% of entry road 'Prachyl Rd': 5;415)"
11033373595553,Ridgeoak Ct,INTERPOLATED,28,True,PendantCluster,1,-27,-96.4,"Nested pendant cluster (depth 12): Capped to 1 AADT (7% of 2 entry roads (River Oak Ct; Ridgeoak Ct): 29)"
110416492531,Unknown Road,INTERPOLATED,138,True,PendantCluster,90,-48,-34.8,"Nested pendant cluster (depth 2): Capped to 90 AADT (64% of entry road 'Young Rd': 141)"
1105576344541,Unknown Road,INTERPOLATED,220774,False,NONE,220774,0,0,"No constraint needed"
110416491995,Unknown Road,INTERPOLATED,1681,True,PendantCluster,255,-1426,-84.8,"Nested pendant cluster (depth 6): Capped to 255 AADT (26% of entry road 'Twin Oaks Mobile Park': 976)"
1102200920524,Dalhart Ct,INTERPOLATED,1977,False,NONE,1977,0,0,"No constraint needed"
1102200934541,Crow Ave,INTERPOLATED,3759,True,PendantCluster,2381,-1378,-36.7,"Nested pendant cluster (depth 2): Capped to 2;381 AADT (64% of entry road 'Carlisle Dr': 3;721)"
1104473155917,Unknown Road,INTERPOLATED,6262,False,NONE,6262,0,0,"No constraint needed"
1102200933136,Buckingham Ct,INTERPOLATED,1866,True,PendantCluster,794,-1072,-57.4,"Nested pendant cluster (depth 2): Capped to 794 AADT (64% of entry road 'Greenwood Rd': 1;242)"
1102200923821,Unknown Road,INTERPOLATED,1645,False,NONE,1645,0,0,"No constraint needed"
1102535799452,Unknown Road,INTERPOLATED,332,True,PendantCluster,0,-332,-100,"Nested pendant cluster (depth 14): Capped to 0 AADT (4% of entry road 'Unknown Road': 1)"
110416491455,Unknown Road,ACTUAL_COUNT,1242,True,PendantCluster,794,-448,-36.1,"Nested pendant cluster (depth 2): Capped to 794 AADT (64% of entry road 'Greenwood Rd': 1;242)"
110416490174,Unknown Road,INTERPOLATED,463,True,PendantCluster,6,-457,-98.7,"Nested pendant cluster (depth 22): Capped to 6 AADT (1% of 2 entry roads (Unknown Road; Unknown Road): 928)"
110416490334,Unknown Road,INTERPOLATED,443,True,PendantCluster,5,-438,-98.9,"Nested pendant cluster (depth 12): Capped to 5 AADT (7% of 2 entry roads (Unknown Road; Unknown Road): 76)"
110416489741,Unknown Road,INTERPOLATED,1331,True,PendantCluster,794,-537,-40.3,"Nested pendant cluster (depth 2): Capped to 794 AADT (64% of entry road 'Greenwood Rd': 1;242)"
1102466597864,Shady Ln,INTERPOLATED,1742,True,PendantCluster,869,-873,-50.1,"Nested pendant cluster (depth 4): Capped to 869 AADT (41% of 2 entry roads (Shady Ln; Shady Ln): 2;124)"
1102466597846,Shady Ln,INTERPOLATED,1746,True,PendantCluster,1001,-745,-42.7,"Nested pendant cluster (depth 2): Capped to 1;001 AADT (64% of entry road 'Dicey Rd': 1;565)"
1102466487024,Unknown Road,INTERPOLATED,426,True,PendantCluster,218,-208,-48.8,"Nested pendant cluster (depth 2): Capped to 218 AADT (64% of entry road 'Cougar Rd': 342)"
11016954937592,Deer Valley Dr,ACTUAL_COUNT,2746,False,NONE,2746,0,0,"No constraint needed"
11016954924797,Doe Run,INTERPOLATED,3371,False,NONE,3371,0,0,"No constraint needed"
110416492547,Unknown Road,INTERPOLATED,1928,True,PendantCluster,1187,-741,-38.4,"Nested pendant cluster (depth 2): Capped to 1;187 AADT (64% of entry road 'FM 1189': 1;855)"
110416470630,Granny B Rd,INTERPOLATED,2074,True,PendantCluster,1187,-887,-42.8,"Nested pendant cluster (depth 2): Capped to 1;187 AADT (64% of entry road 'FM 1189': 1;855)"
1102200926846,Unknown Road,INTERPOLATED,769,True,PendantCluster,283,-486,-63.2,"Nested pendant cluster (depth 4): Capped to 283 AADT (41% of entry road 'Daniel Rd': 693)"
11016955162926,Unknown Road,INTERPOLATED,373,False,NONE,373,0,0,"No constraint needed"
110416478601,Turpin Lake Rd,ACTUAL_COUNT,299,False,NONE,299,0,0,"No constraint needed"
110416492523,Unknown Road,INTERPOLATED,1362,True,PendantCluster,1343,-19,-1.4,"Nested pendant cluster (depth 2): Capped to 1;343 AADT (64% of 2 entry roads (W Seaberry Ave; Seaberry Rd): 2;099)"
1103662203823,Church,INTERPOLATED,1369,False,NONE,1369,0,0,"No constraint needed"
110416492730,Unknown Road,INTERPOLATED,1048,False,NONE,1048,0,0,"No constraint needed"
110416445506,FM 920,ACTUAL_COUNT,4333,False,NONE,4333,0,0,"No constraint needed"
1104468446815,Cornstubble Ln,INTERPOLATED,504,True,PendantCluster,374,-130,-25.8,"Nested pendant cluster (depth 8): Capped to 374 AADT (17% of 2 entry roads (Cornstubble Ln; Unknown Road): 2;232)"
110416491748,Unknown Road,INTERPOLATED,1164,False,NONE,1164,0,0,"No constraint needed"
110416479548,Grover Dallas Rd,INTERPOLATED,5258,False,NONE,5258,0,0,"No constraint needed"
110416490250,Unknown Road,INTERPOLATED,3232,False,NONE,3232,0,0,"No constraint needed"
11016955195319,Unknown Road,INTERPOLATED,4569,False,NONE,4569,0,0,"No constraint needed"
11016955195335,Unknown Road,INTERPOLATED,2680,False,NONE,2680,0,0,"No constraint needed"
110416490251,Unknown Road,INTERPOLATED,3187,False,NONE,3187,0,0,"No constraint needed"
11033373613655,Sweetwater Springs Dr,INTERPOLATED,1511,False,NONE,1511,0,0,"No constraint needed"
1102200932463,Unknown Road,INTERPOLATED,731,False,NONE,731,0,0,"No constraint needed"
110416492498,Unknown Road,INTERPOLATED,1525,True,PendantCluster,156,-1369,-89.8,"Nested pendant cluster (depth 6): Capped to 156 AADT (26% of entry road 'State Hwy 199': 597)"
1102436087462,Shadowview Ct,INTERPOLATED,1740,True,PendantCluster,1391,-349,-20.1,"Nested pendant cluster (depth 4): Capped to 1;391 AADT (41% of 2 entry roads (Holiday Hills Dr; Bellaire Cir): 3;397)"
110416474887,Wimbleton Ct,INTERPOLATED,1602,True,PendantCluster,40,-1562,-97.5,"Nested pendant cluster (depth 10): Capped to 40 AADT (11% of entry road 'Holiday Hills Dr': 379)"
110416489834,Unknown Road,INTERPOLATED,1757,True,PendantCluster,69,-1688,-96.1,"Nested pendant cluster (depth 4): Capped to 69 AADT (41% of entry road 'Jupiter Trl': 169)"
1102466543340,Unknown Road,INTERPOLATED,633,True,PendantCluster,99,-534,-84.4,"Nested pendant cluster (depth 2): Capped to 99 AADT (64% of entry road 'Cold Springs Rd': 156)"
1104468864729,Lone Tower Ln,INTERPOLATED,1978,True,PendantCluster,428,-1550,-78.4,"Nested pendant cluster (depth 2): Capped to 428 AADT (64% of entry road 'Advance Rd': 669)"
1102970389285,Ballard Rd,INTERPOLATED,1628,False,NONE,1628,0,0,"No constraint needed"
1104745390755,Unknown Road,INTERPOLATED,1740,False,NONE,1740,0,0,"No constraint needed"
110416478205,Hobson Bend Rd,INTERPOLATED,557,False,NONE,557,0,0,"No constraint needed"
110416490751,Unknown Road,INTERPOLATED,575,True,PendantCluster,328,-247,-43,"Nested pendant cluster (depth 2): Capped to 328 AADT (64% of entry road 'W Lambert Rd': 514)"
110416489773,Unknown Road,INTERPOLATED,410,True,PendantCluster,244,-166,-40.5,"Nested pendant cluster (depth 2): Capped to 244 AADT (64% of entry road 'N Lambert Rd': 382)"
1103701328386,Unknown Road,INTERPOLATED,531,True,PendantCluster,340,-191,-36,"Nested pendant cluster (depth 4): Capped to 340 AADT (41% of 2 entry roads (Unknown Road; Unknown Road): 832)"
110416490272,Unknown Road,INTERPOLATED,4028,False,NONE,4028,0,0,"No constraint needed"
110416490289,Unknown Road,INTERPOLATED,10462,False,NONE,10462,0,0,"No constraint needed"
110416490268,Unknown Road,INTERPOLATED,6932,False,NONE,6932,0,0,"No constraint needed"
110416490270,Unknown Road,INTERPOLATED,6296,False,NONE,6296,0,0,"No constraint needed"
110416489680,Unknown Road,INTERPOLATED,1041,False,NONE,1041,0,0,"No constraint needed"
110416489762,Unknown Road,INTERPOLATED,891,True,PendantCluster,328,-563,-63.2,"Nested pendant cluster (depth 2): Capped to 328 AADT (64% of entry road 'W Lambert Rd': 514)"
110416489854,Unknown Road,INTERPOLATED,828,False,NONE,828,0,0,"No constraint needed"
110416489620,Unknown Road,INTERPOLATED,682,True,PendantCluster,425,-257,-37.7,"Nested pendant cluster (depth 2): Capped to 425 AADT (64% of entry road 'Zion Hill Loop': 665)"
110416489869,Unknown Road,INTERPOLATED,1796,True,PendantCluster,1158,-638,-35.5,"Nested pendant cluster (depth 2): Capped to 1;158 AADT (64% of entry road 'Shady Grove Rd': 1;810)"
1102200955564,Unknown Road,INTERPOLATED,673,True,PendantCluster,224,-449,-66.7,"Nested pendant cluster (depth 2): Capped to 224 AADT (64% of entry road 'Clark Lake Rd': 350)"
110416445205,FM 52,ACTUAL_COUNT,11453,False,NONE,11453,0,0,"No constraint needed"
110416480233,Little Reba Ranch Rd,INTERPOLATED,2306,False,NONE,2306,0,0,"No constraint needed"
110416445656,Oak Dr,INTERPOLATED,592,True,PendantCluster,242,-350,-59.1,"Nested pendant cluster (depth 4): Capped to 242 AADT (41% of entry road 'Oak Dr': 592)"
110416445641,Oak Cir,INTERPOLATED,2334,True,PendantCluster,242,-2092,-89.6,"Nested pendant cluster (depth 4): Capped to 242 AADT (41% of entry road 'Oak Dr': 592)"
110416477538,Star Point Ln,INTERPOLATED,751,False,NONE,751,0,0,"No constraint needed"
1102466748952,Unknown Road,INTERPOLATED,735,False,NONE,735,0,0,"No constraint needed"
1104469025306,Rio Bravo Ct,INTERPOLATED,857,True,PendantCluster,844,-13,-1.5,"Nested pendant cluster (depth 2): Capped to 844 AADT (64% of entry road 'Old Garner Rd': 1;319)"
110416480120,Rooster Cogburn Ct,INTERPOLATED,922,True,PendantCluster,111,-811,-88,"Nested pendant cluster (depth 6): Capped to 111 AADT (26% of entry road 'True Grit Ct': 426)"
110416471756,Butternut Ct,INTERPOLATED,1170,True,PendantCluster,599,-571,-48.8,"Nested pendant cluster (depth 2): Capped to 599 AADT (64% of entry road 'Old Mineral Wells Hwy': 937)"
110416492246,Unknown Road,INTERPOLATED,2829,False,NONE,2829,0,0,"No constraint needed"
110416489846,Unknown Road,INTERPOLATED,659,False,NONE,659,0,0,"No constraint needed"
1104345819661,Leech Rd,INTERPOLATED,915,False,NONE,915,0,0,"No constraint needed"
1106087640024,Whitt Creek,INTERPOLATED,982,False,NONE,982,0,0,"No constraint needed"
110416464085,Bounty Rd,INTERPOLATED,2059,False,NONE,2059,0,0,"No constraint needed"
110416464329,Cowley Rd,INTERPOLATED,5321,False,NONE,5321,0,0,"No constraint needed"
110416490310,Unknown Road,INTERPOLATED,5140,False,NONE,5140,0,0,"No constraint needed"
110416470992,McMillan Rd,INTERPOLATED,12650,False,NONE,12650,0,0,"No constraint needed"
1102970401344,Lamkin Rd,INTERPOLATED,13373,False,NONE,13373,0,0,"No constraint needed"
110416477778,Wilderness Ln,INTERPOLATED,11137,False,NONE,11137,0,0,"No constraint needed"
110416489367,Unknown Road,INTERPOLATED,12477,True,PendantCluster,4243,-8234,-66,"Nested pendant cluster (depth 4): Capped to 4;243 AADT (41% of entry road 'Reed Rd': 10;359)"
110416489377,Unknown Road,INTERPOLATED,10083,False,NONE,10083,0,0,"No constraint needed"
110416463216,Smith Trl,INTERPOLATED,4217,False,NONE,4217,0,0,"No constraint needed"
110416490461,Unknown Road,INTERPOLATED,4543,False,NONE,4543,0,0,"No constraint needed"
110416472178,La Estada Dr,INTERPOLATED,2100,True,PendantCluster,79,-2021,-96.2,"Nested pendant cluster (depth 8): Capped to 79 AADT (17% of entry road 'Spanish Trl': 471)"
1102970389293,Unknown Road,INTERPOLATED,2464,True,PendantCluster,976,-1488,-60.4,"Nested pendant cluster (depth 6): Capped to 976 AADT (26% of 2 entry roads (Unknown Road; Unknown Road): 3;726)"
11016955195278,Unknown Road,INTERPOLATED,2522,False,NONE,2522,0,0,"No constraint needed"
11016955195334,Unknown Road,INTERPOLATED,2668,False,NONE,2668,0,0,"No constraint needed"
110416491339,Unknown Road,INTERPOLATED,946,False,NONE,946,0,0,"No constraint needed"
1102217860825,Unknown Road,INTERPOLATED,913,False,NONE,913,0,0,"No constraint needed"
11016955195279,Unknown Road,INTERPOLATED,882,False,NONE,882,0,0,"No constraint needed"
1102217860836,Unknown Road,INTERPOLATED,1041,False,NONE,1041,0,0,"No constraint needed"
11016955195317,Unknown Road,INTERPOLATED,767,False,NONE,767,0,0,"No constraint needed"
110416492195,Unknown Road,INTERPOLATED,904,False,NONE,904,0,0,"No constraint needed"
1102970388075,Unknown Road,INTERPOLATED,1058,False,NONE,1058,0,0,"No constraint needed"
110416490021,Unknown Road,INTERPOLATED,952,False,NONE,952,0,0,"No constraint needed"
110416465918,Shurtz,INTERPOLATED,1098,False,NONE,1098,0,0,"No constraint needed"
110416490017,Unknown Road,INTERPOLATED,1079,False,NONE,1079,0,0,"No constraint needed"
110416466089,Travis,INTERPOLATED,1188,True,PendantCluster,287,-901,-75.8,"Nested pendant cluster (depth 2): Capped to 287 AADT (64% of entry road 'Lee Rd': 449)"
110416466791,Granada Dr,INTERPOLATED,2131,True,PendantCluster,583,-1548,-72.6,"Nested pendant cluster (depth 4): Capped to 583 AADT (41% of entry road 'Spanish Trl': 1;425)"
110416472113,Highpoint Rd,INTERPOLATED,1300,True,PendantCluster,429,-871,-67,"Nested pendant cluster (depth 6): Capped to 429 AADT (26% of 2 entry roads (Highpoint Ct; Highpoint Rd): 1;640)"
110416492223,Unknown Road,INTERPOLATED,853,False,NONE,853,0,0,"No constraint needed"
110416490053,Unknown Road,INTERPOLATED,2234,False,NONE,2234,0,0,"No constraint needed"
1104345819644,Leech Rd,INTERPOLATED,1069,False,NONE,1069,0,0,"No constraint needed"
110416464480,Falcon Dr,INTERPOLATED,1200,False,NONE,1200,0,0,"No constraint needed"
110416446699,Pine Rd,INTERPOLATED,1409,True,PendantCluster,954,-455,-32.3,"Nested pendant cluster (depth 2): Capped to 954 AADT (64% of 2 entry roads (Pine Rd; Pine Rd): 1;492)"
110416492713,Unknown Road,INTERPOLATED,924,True,PendantCluster,473,-451,-48.8,"Nested pendant cluster (depth 4): Capped to 473 AADT (41% of entry road 'Unknown Road': 1;156)"
110416476086,Cottonwood Trl,INTERPOLATED,1263,True,PendantCluster,800,-463,-36.7,"Nested pendant cluster (depth 2): Capped to 800 AADT (64% of entry road 'Pine Rd': 1;250)"
1102466504212,Unknown Road,INTERPOLATED,1181,False,NONE,1181,0,0,"No constraint needed"
110416465594,Melton Ln,ACTUAL_COUNT,558,True,PendantCluster,321,-237,-42.5,"Nested pendant cluster (depth 4): Capped to 321 AADT (41% of 2 entry roads (450 Dr; Melton Ln): 786)"
110416491151,Unknown Road,INTERPOLATED,1238,True,PendantCluster,428,-810,-65.4,"Nested pendant cluster (depth 2): Capped to 428 AADT (64% of entry road 'Advance Rd': 669)"
110416467045,Mission Rd,INTERPOLATED,318,True,PendantCluster,124,-194,-61,"Nested pendant cluster (depth 6): Capped to 124 AADT (26% of 2 entry roads (Alamo Rd; Mission Rd): 474)"
1102466337055,Unknown Road,INTERPOLATED,1288,False,NONE,1288,0,0,"No constraint needed"
1102466555654,Unknown Road,INTERPOLATED,2419,True,PendantCluster,1330,-1089,-45,"Nested pendant cluster (depth 2): Capped to 1;330 AADT (64% of entry road 'Mark Layne Rd': 2;079)"
1102200935609,Unknown Road,INTERPOLATED,10870,False,NONE,10870,0,0,"No constraint needed"
1105576421837,Hawkins Lilly Rd,INTERPOLATED,1613,False,NONE,1613,0,0,"No constraint needed"
1102466543350,Unknown Road,INTERPOLATED,721,True,PendantCluster,99,-622,-86.3,"Nested pendant cluster (depth 2): Capped to 99 AADT (64% of entry road 'Cold Springs Rd': 156)"
110416492526,Unknown Road,INTERPOLATED,997,True,PendantCluster,630,-367,-36.8,"Nested pendant cluster (depth 2): Capped to 630 AADT (64% of entry road 'Adell Rd': 985)"
1102218040518,Unknown Road,INTERPOLATED,1069,False,NONE,1069,0,0,"No constraint needed"
1102218040517,Unknown Road,INTERPOLATED,1083,False,NONE,1083,0,0,"No constraint needed"
1102970389294,Unknown Road,INTERPOLATED,2489,True,PendantCluster,580,-1909,-76.7,"Nested pendant cluster (depth 6): Capped to 580 AADT (26% of 2 entry roads (Unknown Road; Unknown Road): 2;213)"
110416491191,Unknown Road,INTERPOLATED,1585,True,PendantCluster,428,-1157,-73,"Nested pendant cluster (depth 2): Capped to 428 AADT (64% of entry road 'Advance Rd': 669)"
110416466614,College St,INTERPOLATED,1471,False,NONE,1471,0,0,"No constraint needed"
110416492034,Unknown Road,INTERPOLATED,3221,False,NONE,3221,0,0,"No constraint needed"
110416478062,Christopher Ct,INTERPOLATED,956,True,PendantCluster,425,-531,-55.5,"Nested pendant cluster (depth 2): Capped to 425 AADT (64% of entry road 'Zion Hill Loop': 665)"
110416492397,Unknown Road,INTERPOLATED,534,False,NONE,534,0,0,"No constraint needed"
1103478441621,Davis Ln,INTERPOLATED,1386,True,PendantCluster,844,-542,-39.1,"Nested pendant cluster (depth 2): Capped to 844 AADT (64% of entry road 'Old Garner Rd': 1;319)"
1102200921950,Oxen Ln,INTERPOLATED,5533,False,NONE,5533,0,0,"No constraint needed"
110416490906,Unknown Road,INTERPOLATED,553,False,NONE,553,0,0,"No constraint needed"
110416446322,Josh Ln,INTERPOLATED,1202,False,NONE,1202,0,0,"No constraint needed"
110416489835,Unknown Road,INTERPOLATED,2298,False,NONE,2298,0,0,"No constraint needed"
110416465894,Shelbi Ct,INTERPOLATED,2106,True,PendantCluster,224,-1882,-89.4,"Nested pendant cluster (depth 6): Capped to 224 AADT (26% of entry road 'Bella Ct': 857)"
1102466760590,Blue Castle Ct,INTERPOLATED,3785,True,PendantCluster,1282,-2503,-66.1,"Nested pendant cluster (depth 4): Capped to 1;282 AADT (41% of entry road 'Blue Ridge Dr': 3;132)"
1103530333904,Windriver Ct,INTERPOLATED,2403,True,PendantCluster,297,-2106,-87.6,"Nested pendant cluster (depth 6): Capped to 297 AADT (26% of entry road 'Encino Springs Ln': 1;134)"
110416457913,Linda Ln,INTERPOLATED,1344,True,PendantCluster,149,-1195,-88.9,"Nested pendant cluster (depth 2): Capped to 149 AADT (64% of entry road 'White Settlement Rd': 233)"
1102970393815,Ramble Oak Dr,INTERPOLATED,1140,False,NONE,1140,0,0,"No constraint needed"
110416479316,Valley Ranch Rd,INTERPOLATED,4372,False,NONE,4372,0,0,"No constraint needed"
1102200933651,Unknown Road,INTERPOLATED,793944,False,NONE,793944,0,0,"No constraint needed"
1104473118330,I- 20 Svc Rd,ACTUAL_COUNT,951248,False,NONE,951248,0,0,"No constraint needed"
1105598223179,Bear Creek Rd,ACTUAL_COUNT,1315,False,NONE,1315,0,0,"No constraint needed"
1103680691431,Arapaho Rdg,INTERPOLATED,1977,True,PendantCluster,0,-1977,-100,"Nested pendant cluster (depth 24): Capped to 0 AADT (0% of entry road 'Ancient Bend': 9)"
110416491520,Unknown Road,INTERPOLATED,2190,False,NONE,2190,0,0,"No constraint needed"
110416479748,Sylvan Valley Dr,INTERPOLATED,1636,True,PendantCluster,848,-788,-48.2,"Nested pendant cluster (depth 2): Capped to 848 AADT (64% of entry road 'Sylvan Creek Dr': 1;325)"
110416490639,Unknown Road,INTERPOLATED,7278,False,NONE,7278,0,0,"No constraint needed"
1102466337610,Unknown Road,INTERPOLATED,5017,True,PendantCluster,3504,-1513,-30.2,"Nested pendant cluster (depth 2): Capped to 3;504 AADT (64% of 2 entry roads (Unknown Road; Unknown Road): 5;476)"
1106067252222,Palomino Ct,INTERPOLATED,26,True,PendantCluster,5,-21,-80.8,"Nested pendant cluster (depth 10): Capped to 5 AADT (11% of 2 entry roads (Park Place Cir; Palomino Ct): 52)"
1105598420964,Meadow Vista Cir,INTERPOLATED,1393,True,PendantCluster,149,-1244,-89.3,"Nested pendant cluster (depth 2): Capped to 149 AADT (64% of entry road 'White Settlement Rd': 233)"
1102200936010,Dixon Woods Ct,INTERPOLATED,2977,True,PendantCluster,395,-2582,-86.7,"Nested pendant cluster (depth 2): Capped to 395 AADT (64% of entry road 'Dixon Rd': 618)"
110416452568,Dixon Rd,ACTUAL_COUNT,618,False,NONE,618,0,0,"No constraint needed"
1102466337600,Unknown Road,INTERPOLATED,7914,False,NONE,7914,0,0,"No constraint needed"
1102466337652,Unknown Road,INTERPOLATED,2767,False,NONE,2767,0,0,"No constraint needed"
110416490977,Unknown Road,INTERPOLATED,2346,False,NONE,2346,0,0,"No constraint needed"
1105576344677,Unknown Road,INTERPOLATED,229730,False,NONE,229730,0,0,"No constraint needed"
1103680694417,Riverwood Dr,INTERPOLATED,5635,False,NONE,5635,0,0,"No constraint needed"
1102200934293,Burkburnett Dr,INTERPOLATED,2735,False,NONE,2735,0,0,"No constraint needed"
110416477053,Kings Gate Rd,ACTUAL_COUNT,1519,False,NONE,1519,0,0,"No constraint needed"
110416471350,Sam Bass Ct,INTERPOLATED,1000,False,NONE,1000,0,0,"No constraint needed"
1102970401319,Stagecoach Trl,ACTUAL_COUNT,1089,False,NONE,1089,0,0,"No constraint needed"
110416470574,El Chico Trl,INTERPOLATED,7753,False,NONE,7753,0,0,"No constraint needed"
110416492303,Unknown Road,INTERPOLATED,70224,False,NONE,70224,0,0,"No constraint needed"
1102200926788,Camelot Ct,INTERPOLATED,635,True,PendantCluster,258,-377,-59.4,"Nested pendant cluster (depth 4): Capped to 258 AADT (41% of entry road 'Unknown Road': 631)"
110416479346,Willow Crest Dr,ACTUAL_COUNT,85,False,NONE,85,0,0,"No constraint needed"
1104467598560,Center Point Rd,INTERPOLATED,3069,False,NONE,3069,0,0,"No constraint needed"
110416491867,Unknown Road,INTERPOLATED,3595,False,NONE,3595,0,0,"No constraint needed"
110416467008,McDavid Dr,ACTUAL_COUNT,108,True,PendantCluster,71,-37,-34.3,"Nested pendant cluster (depth 10): Capped to 71 AADT (11% of 2 entry roads (McDavid Dr; Woodglen Ct): 667)"
110416471562,Woodglen Ct,INTERPOLATED,559,True,PendantCluster,7,-552,-98.7,"Nested pendant cluster (depth 10): Capped to 7 AADT (11% of entry road 'McDavid Dr': 71)"
110416491565,Unknown Road,INTERPOLATED,582,False,NONE,582,0,0,"No constraint needed"
110416447543,Apryl Dr,INTERPOLATED,9310,False,NONE,9310,0,0,"No constraint needed"
110416463072,Robyn Dr,INTERPOLATED,9300,False,NONE,9300,0,0,"No constraint needed"
110416491605,Unknown Road,INTERPOLATED,2921,False,NONE,2921,0,0,"No constraint needed"
110416491868,Unknown Road,INTERPOLATED,3813,False,NONE,3813,0,0,"No constraint needed"
110416478884,Canyon Ridge Trl,INTERPOLATED,2189,False,NONE,2189,0,0,"No constraint needed"
110416480046,Willow Springs Ln,INTERPOLATED,2800,True,PendantCluster,608,-2192,-78.3,"Nested pendant cluster (depth 6): Capped to 608 AADT (26% of 2 entry roads (Creek Bend Dr; Southwest Dr): 2;320)"
110416491589,Unknown Road,INTERPOLATED,4293,False,NONE,4293,0,0,"No constraint needed"
110416491528,Unknown Road,INTERPOLATED,4178,False,NONE,4178,0,0,"No constraint needed"
110416489757,Unknown Road,INTERPOLATED,1916,False,NONE,1916,0,0,"No constraint needed"
110416491517,Unknown Road,INTERPOLATED,2066,False,NONE,2066,0,0,"No constraint needed"
110416491516,Unknown Road,INTERPOLATED,2055,False,NONE,2055,0,0,"No constraint needed"
11033373595470,Saint Andrews Ln,INTERPOLATED,2075,True,PendantCluster,1197,-878,-42.3,"Nested pendant cluster (depth 4): Capped to 1;197 AADT (41% of 2 entry roads (Turnberry Ct; Saint Andrews Ln): 2;924)"
110416471736,Briarwood Ln,INTERPOLATED,1908,False,NONE,1908,0,0,"No constraint needed"
1103701319459,Deer Creek Dr,ACTUAL_COUNT,261,False,NONE,261,0,0,"No constraint needed"
110416491696,Unknown Road,INTERPOLATED,465,False,NONE,465,0,0,"No constraint needed"
110416479177,Pebble Ridge Ct,INTERPOLATED,382,True,PendantCluster,6,-376,-98.4,"Nested pendant cluster (depth 8): Capped to 6 AADT (17% of entry road 'Pebble Ridge Ln': 41)"
1102988770847,Unknown Road,INTERPOLATED,1600,False,NONE,1600,0,0,"No constraint needed"
1103695923629,Turkey Creek Dr,INTERPOLATED,1648,False,NONE,1648,0,0,"No constraint needed"
11016954037063,Grey Bark St,INTERPOLATED,2610,False,NONE,2610,0,0,"No constraint needed"
1103658058988,Stone Crossing Dr,INTERPOLATED,1693,True,PendantCluster,1085,-608,-35.9,"Nested pendant cluster (depth 2): Capped to 1;085 AADT (64% of entry road 'Creekwood Dr': 1;696)"
1103701321719,Unknown Road,INTERPOLATED,7180,False,NONE,7180,0,0,"No constraint needed"
110416491348,Unknown Road,INTERPOLATED,2187,False,NONE,2187,0,0,"No constraint needed"
110416474556,Quail Run,INTERPOLATED,1723,False,NONE,1723,0,0,"No constraint needed"
1105589566998,Unknown Road,INTERPOLATED,5924,False,NONE,5924,0,0,"No constraint needed"
110416480223,Hidden Lake Ranch Rd,INTERPOLATED,2325,True,PendantCluster,1920,-405,-17.4,"Nested pendant cluster (depth 2): Capped to 1;920 AADT (64% of entry road 'S FM 5': 3;001)"
110416491365,Unknown Road,INTERPOLATED,2074,False,NONE,2074,0,0,"No constraint needed"
110416466942,Kristin Dr,INTERPOLATED,3078,True,PendantCluster,1018,-2060,-66.9,"Nested pendant cluster (depth 6): Capped to 1;018 AADT (26% of 2 entry roads (Denny Ct; Kristin Dr): 3;884)"
110416447010,Ruth Ct,INTERPOLATED,3739,True,PendantCluster,1260,-2479,-66.3,"Nested pendant cluster (depth 4): Capped to 1;260 AADT (41% of entry road 'Kristin Dr': 3;078)"
1105598385661,Foot Hills Dr,INTERPOLATED,3125,False,NONE,3125,0,0,"No constraint needed"
110416492261,Unknown Road,INTERPOLATED,423,False,NONE,423,0,0,"No constraint needed"
110416478539,Stage Coach Trl,ACTUAL_COUNT,4190,False,NONE,4190,0,0,"No constraint needed"
1102200920824,Unknown Road,INTERPOLATED,976300,False,NONE,976300,0,0,"No constraint needed"
110416464411,Duncan Rd,INTERPOLATED,2719,False,NONE,2719,0,0,"No constraint needed"
1103690716887,Portales Dr,INTERPOLATED,1628,False,NONE,1628,0,0,"No constraint needed"
110416478295,Meadow Glen Ct,INTERPOLATED,1661,True,PendantCluster,1041,-620,-37.3,"Nested pendant cluster (depth 2): Capped to 1;041 AADT (64% of entry road 'Portales Dr': 1;628)"
11033198784718,Crown Valley Dr,INTERPOLATED,62,True,PendantCluster,13,-49,-79,"Nested pendant cluster (depth 10): Capped to 13 AADT (11% of 2 entry roads (Crown Valley Dr; Unknown Road): 124)"
110416463255,Susie Ln,INTERPOLATED,2390,False,NONE,2390,0,0,"No constraint needed"
110416474741,Fairview Ln,INTERPOLATED,1777,True,PendantCluster,389,-1388,-78.1,"Nested pendant cluster (depth 4): Capped to 389 AADT (41% of entry road 'Fairview Ln': 952)"
1102200922641,Kimbro Ct,INTERPOLATED,698775,True,PendantCluster,5223,-693552,-99.3,"Nested pendant cluster (depth 2): Capped to 5;223 AADT (64% of 3 entry roads (FM 5 W; S O'Neal Ave; ...): 8;161)"
110416448296,Belle Cir,INTERPOLATED,9265,True,PendantCluster,5907,-3358,-36.2,"Nested pendant cluster (depth 2): Capped to 5;907 AADT (64% of entry road 'Jenkins Rd': 9;230)"
110416491740,Unknown Road,INTERPOLATED,3813,False,NONE,3813,0,0,"No constraint needed"
1105319730160,Unknown Road,INTERPOLATED,978280,False,NONE,978280,0,0,"No constraint needed"
110416479210,Saddle Brook Dr,INTERPOLATED,517,True,PendantCluster,109,-408,-78.9,"Nested pendant cluster (depth 6): Capped to 109 AADT (26% of entry road 'Saddle Brook Dr': 417)"
1102818008483,Unknown Road,INTERPOLATED,975964,False,NONE,975964,0,0,"No constraint needed"
11016953995387,Walsh Ranch Pkwy,INTERPOLATED,3163,False,NONE,3163,0,0,"No constraint needed"
1104701883084,Unknown Road,INTERPOLATED,978257,False,NONE,978257,0,0,"No constraint needed"
110416446226,Holt Ln,INTERPOLATED,2361,False,NONE,2361,0,0,"No constraint needed"
110416491216,Unknown Road,INTERPOLATED,2912,False,NONE,2912,0,0,"No constraint needed"
110416480078,McFarland Ranch Rd,INTERPOLATED,2240,False,NONE,2240,0,0,"No constraint needed"
1103658087259,Katie Way,INTERPOLATED,2811,True,PendantCluster,198,-2613,-93,"Nested pendant cluster (depth 6): Capped to 198 AADT (26% of entry road 'Tara Ln': 757)"
1103695925077,Tara Ln,INTERPOLATED,198,True,PendantCluster,66,-132,-66.7,"Nested pendant cluster (depth 8): Capped to 66 AADT (17% of 2 entry roads (Katie Way; Tara Ln): 396)"
110416470042,Village Pkwy,INTERPOLATED,1490,True,PendantCluster,1111,-379,-25.4,"Nested pendant cluster (depth 4): Capped to 1;111 AADT (41% of 2 entry roads (Taos Ct E; Village Pkwy): 2;713)"
1102466875680,Walnut St,INTERPOLATED,1346,False,NONE,1346,0,0,"No constraint needed"
110416471020,Mesquite Trl,INTERPOLATED,1298,False,NONE,1298,0,0,"No constraint needed"
1102210971061,Circle Dr,INTERPOLATED,1291,False,NONE,1291,0,0,"No constraint needed"
1102970400382,Kelly Rd,INTERPOLATED,750,True,PendantCluster,307,-443,-59.1,"Nested pendant cluster (depth 4): Capped to 307 AADT (41% of entry road 'Kelly Rd': 750)"
1104701883167,Unknown Road,INTERPOLATED,418239,False,NONE,418239,0,0,"No constraint needed"
1102200920535,Unknown Road,NO_DATA,0,False,NONE,0,0,0,"No constraint needed"
110416489643,Unknown Road,INTERPOLATED,944,True,PendantCluster,1,-943,-99.9,"Nested pendant cluster (depth 16): Capped to 1 AADT (3% of entry road 'S FM 1187': 70)"
1102200940441,Prairie Ridge Dr,INTERPOLATED,974388,True,PendantCluster,723,-973665,-99.9,"Nested pendant cluster (depth 6): Capped to 723 AADT (26% of entry road 'Prarie Ridge Dr': 2;760)"
110416478494,Saddle Back Ln,INTERPOLATED,723,True,PendantCluster,242,-481,-66.5,"Nested pendant cluster (depth 8): Capped to 242 AADT (17% of 2 entry roads (Aledo Pointe Dr; Saddle Back Ln): 1;446)"
110416479193,Prarie Ridge Dr,INTERPOLATED,5478,True,PendantCluster,723,-4755,-86.8,"Nested pendant cluster (depth 6): Capped to 723 AADT (26% of entry road 'Prarie Ridge Dr': 2;760)"
110416464276,Coates Trl,INTERPOLATED,1686,True,PendantCluster,973,-713,-42.3,"Nested pendant cluster (depth 4): Capped to 973 AADT (41% of 2 entry roads (Florine Ct; Coates Trl): 2;376)"
110416474882,Wild Rose Ct,INTERPOLATED,2455,True,PendantCluster,1550,-905,-36.9,"Nested pendant cluster (depth 2): Capped to 1;550 AADT (64% of entry road 'Hidden Oaks Dr': 2;423)"
1105598420963,Meadow Vista Cir,INTERPOLATED,1396,True,PendantCluster,61,-1335,-95.6,"Nested pendant cluster (depth 4): Capped to 61 AADT (41% of entry road 'Meadow Vista Cir': 149)"
110416475121,Bluebonnet Cir,ACTUAL_COUNT,1506,False,NONE,1506,0,0,"No constraint needed"
110416465699,Newell Dr,ACTUAL_COUNT,526,False,NONE,526,0,0,"No constraint needed"
110416445875,Bond Rd,ACTUAL_COUNT,846,False,NONE,846,0,0,"No constraint needed"
1102970390030,Unknown Road,INTERPOLATED,3764,False,NONE,3764,0,0,"No constraint needed"
110416476297,Greenfield Ln,INTERPOLATED,9142,False,NONE,9142,0,0,"No constraint needed"
110416452178,Derek Ct,INTERPOLATED,1634,True,PendantCluster,459,-1175,-71.9,"Nested pendant cluster (depth 4): Capped to 459 AADT (41% of entry road 'Derek Dr': 1;121)"
110416452231,Derek Dr,INTERPOLATED,1121,True,PendantCluster,647,-474,-42.3,"Nested pendant cluster (depth 4): Capped to 647 AADT (41% of 2 entry roads (Derek Ct; Derek Dr): 1;580)"
110416471743,Brookview Ct,INTERPOLATED,1492,True,PendantCluster,1121,-371,-24.9,"Nested pendant cluster (depth 2): Capped to 1;121 AADT (64% of entry road 'Diamond Oaks Dr': 1;752)"
1102466760473,Oakwood Dr,INTERPOLATED,1413,False,NONE,1413,0,0,"No constraint needed"
110416474460,Northview Rd,INTERPOLATED,2385,True,PendantCluster,1433,-952,-39.9,"Nested pendant cluster (depth 2): Capped to 1;433 AADT (64% of entry road 'McFarland Ranch Rd': 2;240)"
110416491125,King St,INTERPOLATED,3210,False,NONE,3210,0,0,"No constraint needed"
110416457001,Kevin Dr,INTERPOLATED,2168,True,PendantCluster,336,-1832,-84.5,"Nested pendant cluster (depth 2): Capped to 336 AADT (64% of entry road 'Newell Dr': 526)"
110416490833,Unknown Road,INTERPOLATED,284,True,PendantCluster,148,-136,-47.9,"Nested pendant cluster (depth 6): Capped to 148 AADT (26% of 2 entry roads (Oakview Dr; Unknown Road): 568)"
1103669883419,Underwood Rd,INTERPOLATED,1394,True,PendantCluster,580,-814,-58.4,"Nested pendant cluster (depth 4): Capped to 580 AADT (41% of entry road 'W Oak St': 1;417)"
1103671413410,Sorrel Ct,ACTUAL_COUNT,2881,True,PendantCluster,295,-2586,-89.8,"Nested pendant cluster (depth 6): Capped to 295 AADT (26% of entry road 'Saddle Ridge Trl': 1;126)"
110416466855,Hubbard Dr,ACTUAL_COUNT,526,False,NONE,526,0,0,"No constraint needed"
1103663524631,Hidden Ridge Ct,INTERPOLATED,258,True,PendantCluster,10,-248,-96.1,"Nested pendant cluster (depth 8): Capped to 10 AADT (17% of entry road 'N Mountain Rdg': 64)"
110416477870,Blue Bonnet Ct,INTERPOLATED,279,True,PendantCluster,34,-245,-87.8,"Nested pendant cluster (depth 6): Capped to 34 AADT (26% of entry road 'E Bluebonnet Dr': 131)"
11033198784534,Bridge St,INTERPOLATED,763,False,NONE,763,0,0,"No constraint needed"
1105598418378,Willow Bend Dr,ACTUAL_COUNT,9773,False,NONE,9773,0,0,"No constraint needed"
1104473135513,Spyglass Dr,INTERPOLATED,9331,False,NONE,9331,0,0,"No constraint needed"
110416491824,Holly Oaks Ln,INTERPOLATED,1423,False,NONE,1423,0,0,"No constraint needed"
1104473143694,Unknown Road,INTERPOLATED,3352,False,NONE,3352,0,0,"No constraint needed"
11033198797637,Brown Valley,ACTUAL_COUNT,2766,False,NONE,2766,0,0,"No constraint needed"
1103498339205,Rattler Way,INTERPOLATED,2865,True,PendantCluster,662,-2203,-76.9,"Nested pendant cluster (depth 4): Capped to 662 AADT (41% of entry road 'Broken Horn Trl': 1;617)"
1102466401997,Concorde Cir,INTERPOLATED,309,False,NONE,309,0,0,"No constraint needed"
110416471461,Treeview Ct,INTERPOLATED,383,True,PendantCluster,17,-366,-95.6,"Nested pendant cluster (depth 8): Capped to 17 AADT (17% of 2 entry roads (Treetop Dr; Fairfield): 107)"
1102970388800,Unknown Road,INTERPOLATED,219,False,NONE,219,0,0,"No constraint needed"
11016954975082,Golden Arrow Dr,INTERPOLATED,4178,True,PendantCluster,2412,-1766,-42.3,"Nested pendant cluster (depth 4): Capped to 2;412 AADT (41% of 2 entry roads (Golden Grove Ct; Golden Arrow Dr): 5;889)"
110416491609,Unknown Road,INTERPOLATED,1351,True,PendantCluster,589,-762,-56.4,"Nested pendant cluster (depth 6): Capped to 589 AADT (26% of 2 entry roads (Unknown Road; Unknown Road): 2;248)"
1103677583212,Solano Dr,ACTUAL_COUNT,778,True,PendantCluster,407,-371,-47.7,"Nested pendant cluster (depth 6): Capped to 407 AADT (26% of 2 entry roads (Solano Dr; Unknown Road): 1;556)"
1103677583240,Unknown Road,INTERPOLATED,778,True,PendantCluster,407,-371,-47.7,"Nested pendant cluster (depth 6): Capped to 407 AADT (26% of 2 entry roads (Bella Vis; Unknown Road): 1;556)"
1102200934675,Cypress Point Ct,INTERPOLATED,972892,True,PendantCluster,1343,-971549,-99.9,"Nested pendant cluster (depth 6): Capped to 1;343 AADT (26% of entry road 'Crooked Stick Ln': 5;125)"
1104472891111,Unknown Road,ACTUAL_COUNT,5009,False,NONE,5009,0,0,"No constraint needed"
110416479483,Country Brook Ct,INTERPOLATED,5732,True,PendantCluster,3607,-2125,-37.1,"Nested pendant cluster (depth 2): Capped to 3;607 AADT (64% of entry road 'Country Brook Dr': 5;636)"
1102200922211,Piper Ct,NO_DATA,0,False,NONE,0,0,0,"No constraint needed"
1103680691900,Austen Dr,INTERPOLATED,405,False,NONE,405,0,0,"No constraint needed"
1102966054101,Drexler Ct,INTERPOLATED,228,False,NONE,228,0,0,"No constraint needed"
1102200930783,Pebble Beach Dr,INTERPOLATED,9312,False,NONE,9312,0,0,"No constraint needed"
1103514868671,Burkburnett Dr,ACTUAL_COUNT,2766,False,NONE,2766,0,0,"No constraint needed"
1105598410449,Sanctuary Oaks Dr,INTERPOLATED,2117,True,PendantCluster,1762,-355,-16.8,"Nested pendant cluster (depth 4): Capped to 1;762 AADT (41% of 2 entry roads (Sanctuary Oaks Dr; Parc Oaks Dr): 4;302)"
1103498334229,Western Breeze Dr,INTERPOLATED,2872,True,PendantCluster,662,-2210,-76.9,"Nested pendant cluster (depth 4): Capped to 662 AADT (41% of entry road 'Broken Horn Trl': 1;617)"
1103658057086,Waverly Way,INTERPOLATED,1713,True,PendantCluster,703,-1010,-59,"Nested pendant cluster (depth 4): Capped to 703 AADT (41% of entry road 'Timberland Ln': 1;717)"
1103658052792,Kimberly Ann Ln,INTERPOLATED,2726,True,PendantCluster,2177,-549,-20.1,"Nested pendant cluster (depth 2): Capped to 2;177 AADT (64% of entry road 'Kelly Rd': 3;402)"
110416455913,Jakes Trl,INTERPOLATED,480,True,PendantCluster,276,-204,-42.5,"Nested pendant cluster (depth 4): Capped to 276 AADT (41% of 2 entry roads (Brookes Path; Jakes Trl): 676)"
110416491298,Unknown Road,INTERPOLATED,1524,False,NONE,1524,0,0,"No constraint needed"
110416477372,River View Ct,INTERPOLATED,2599,True,PendantCluster,85,-2514,-96.7,"Nested pendant cluster (depth 8): Capped to 85 AADT (17% of entry road 'Trinity River Dr': 509)"
1103234467195,Muirfield Dr,INTERPOLATED,9325,False,NONE,9325,0,0,"No constraint needed"
1104472790960,Unknown Road,ACTUAL_COUNT,376,False,NONE,376,0,0,"No constraint needed"
11033198781143,Community Dr,INTERPOLATED,758,False,NONE,758,0,0,"No constraint needed"
1105576425461,Unknown Road,INTERPOLATED,260748,False,NONE,260748,0,0,"No constraint needed"
110416478273,Lake Forest Dr,ACTUAL_COUNT,14493,True,PendantCluster,2652,-11841,-81.7,"Nested pendant cluster (depth 2): Capped to 2;652 AADT (64% of entry road 'Lakeforest Dr': 4;144)"
110416470663,Highlake Ln,ACTUAL_COUNT,2977,False,NONE,2977,0,0,"No constraint needed"
1105576345281,Unknown Road,INTERPOLATED,169471,False,NONE,169471,0,0,"No constraint needed"
110416474804,Twin Hill Ct,ACTUAL_COUNT,1241,True,PendantCluster,794,-447,-36,"Nested pendant cluster (depth 2): Capped to 794 AADT (64% of entry road 'Clear Lake Rd': 1;241)"
110416477809,Wood Creek Ct,ACTUAL_COUNT,1241,True,PendantCluster,794,-447,-36,"Nested pendant cluster (depth 2): Capped to 794 AADT (64% of entry road 'Clear Lake Rd': 1;241)"
110416479705,Rustic Harbour Ct,INTERPOLATED,4491,False,NONE,4491,0,0,"No constraint needed"
110416464169,Canull Ln,ACTUAL_COUNT,2766,True,PendantCluster,1770,-996,-36,"Nested pendant cluster (depth 2): Capped to 1;770 AADT (64% of entry road 'Mikus Rd': 2;766)"
11016954975024,Little Oak Ln,INTERPOLATED,3002,False,NONE,3002,0,0,"No constraint needed"
1105598386000,Nueces Trl,INTERPOLATED,1673,False,NONE,1673,0,0,"No constraint needed"
110416472484,Lakefront Dr,INTERPOLATED,1899,True,PendantCluster,624,-1275,-67.1,"Nested pendant cluster (depth 4): Capped to 624 AADT (41% of entry road 'Woodland Hills Dr': 1;525)"
110416470990,McKinzie Ln,INTERPOLATED,685,False,NONE,685,0,0,"No constraint needed"
110416490087,Unknown Road,INTERPOLATED,2287,False,NONE,2287,0,0,"No constraint needed"
110416491506,Unknown Road,INTERPOLATED,4127,True,PendantCluster,3104,-1023,-24.8,"Nested pendant cluster (depth 4): Capped to 3;104 AADT (41% of 2 entry roads (Unknown Road; Unknown Road): 7;579)"
1103662767479,Pleasant Ct,INTERPOLATED,1089,True,PendantCluster,41,-1048,-96.2,"Nested pendant cluster (depth 8): Capped to 41 AADT (17% of entry road 'Unknown Road': 246)"
110416471392,Sherwood Cir,INTERPOLATED,1016,False,NONE,1016,0,0,"No constraint needed"
11016955445774,Point Vista Dr,INTERPOLATED,1522,False,NONE,1522,0,0,"No constraint needed"
11016955202789,Prairie Ave,INTERPOLATED,1496,False,NONE,1496,0,0,"No constraint needed"
11016954097944,Lookout Ct,INTERPOLATED,1558,False,NONE,1558,0,0,"No constraint needed"
1102466584681,Fairview Ln,INTERPOLATED,1768,True,PendantCluster,203,-1565,-88.5,"Nested pendant cluster (depth 6): Capped to 203 AADT (26% of 2 entry roads (Fairview Ln; Fairview Ln): 778)"
11016954156881,Teasley Ave,INTERPOLATED,170,True,PendantCluster,28,-142,-83.5,"Nested pendant cluster (depth 8): Capped to 28 AADT (17% of entry road 'Teasley Ave': 170)"
11016954152882,Primrose Garden Ct,INTERPOLATED,5138,True,PendantCluster,0,-5138,-100,"Nested pendant cluster (depth 18): Capped to 0 AADT (2% of entry road 'Open Sky Dr': 1)"
1104468951484,Princess Ct,INTERPOLATED,2208,True,PendantCluster,293,-1915,-86.7,"Nested pendant cluster (depth 6): Capped to 293 AADT (26% of entry road 'Yeary Ln': 1;118)"
1105598417545,Belladonna Ct,INTERPOLATED,2277,True,PendantCluster,843,-1434,-63,"Nested pendant cluster (depth 4): Capped to 843 AADT (41% of entry road 'Yeary Ln': 2;060)"
11016954030846,Green Corner Ct,INTERPOLATED,2636,False,NONE,2636,0,0,"No constraint needed"
11033198779898,Kentucky Dr,ACTUAL_COUNT,823,True,PendantCluster,215,-608,-73.9,"Nested pendant cluster (depth 4): Capped to 215 AADT (41% of entry road 'Preakness Dr': 526)"
11016955064710,Smoky Oak Trl,INTERPOLATED,1296,True,PendantCluster,1118,-178,-13.7,"Nested pendant cluster (depth 6): Capped to 1;118 AADT (26% of 2 entry roads (Smoky Oak Trl; China Berry Ct): 4;268)"
11016954910795,Crest Ridge Ct,INTERPOLATED,9267,True,PendantCluster,1555,-7712,-83.2,"Nested pendant cluster (depth 6): Capped to 1;555 AADT (26% of entry road 'Lockwood Ln': 5;932)"
110416471366,Saratoga Ct,INTERPOLATED,591,True,PendantCluster,482,-109,-18.4,"Nested pendant cluster (depth 4): Capped to 482 AADT (41% of 2 entry roads (Stone Creek Dr; Saratoga Ln): 1;177)"
110416475986,Clearview Ct,INTERPOLATED,429,True,PendantCluster,18,-411,-95.8,"Nested pendant cluster (depth 8): Capped to 18 AADT (17% of entry road 'Clearview Ln': 113)"
110416464489,Farmer Rd,ACTUAL_COUNT,945,False,NONE,945,0,0,"No constraint needed"
110416466332,Woodie Way,INTERPOLATED,2666,True,PendantCluster,3,-2663,-99.9,"Nested pendant cluster (depth 12): Capped to 3 AADT (7% of entry road 'White Settlement Rd': 44)"
110416472171,Knob Hill Rd,ACTUAL_COUNT,7,True,PendantCluster,0,-7,-100,"Nested pendant cluster (depth 14): Capped to 0 AADT (4% of 2 entry roads (FM 2257; Knob Hill Rd): 14)"
1104468778994,Northwest Pkwy,ACTUAL_COUNT,10013,False,NONE,10013,0,0,"No constraint needed"
110416458459,Manor Dr,INTERPOLATED,1900,False,NONE,1900,0,0,"No constraint needed"
1102200932708,Unknown Road,INTERPOLATED,729,True,PendantCluster,542,-187,-25.7,"Nested pendant cluster (depth 2): Capped to 542 AADT (64% of entry road 'Quail Run': 847)"
110416472116,Hillcrest Blvd,INTERPOLATED,86050,False,NONE,86050,0,0,"No constraint needed"
110416470754,Jay Bird Ln,ACTUAL_COUNT,1555,False,NONE,1555,0,0,"No constraint needed"
1102200933304,Connecting Rd,INTERPOLATED,1275,False,NONE,1275,0,0,"No constraint needed"
110416467104,Pearson Ln,ACTUAL_COUNT,524,False,NONE,524,0,0,"No constraint needed"
110416471766,Cedarwood St,INTERPOLATED,2550,False,NONE,2550,0,0,"No constraint needed"
110416477089,Loma Vista Dr,INTERPOLATED,647,True,PendantCluster,261,-386,-59.7,"Nested pendant cluster (depth 6): Capped to 261 AADT (26% of 2 entry roads (Shady Oaks Dr; Loma Vista Dr): 997)"
1102200928237,Unknown Road,INTERPOLATED,828,True,PendantCluster,461,-367,-44.3,"Nested pendant cluster (depth 2): Capped to 461 AADT (64% of entry road 'Holbrook Rd': 721)"
1102200927621,Unknown Road,INTERPOLATED,778,True,PendantCluster,481,-297,-38.2,"Nested pendant cluster (depth 2): Capped to 481 AADT (64% of entry road 'State Hwy 199': 753)"
110416478632,Valley View Ct,INTERPOLATED,669,True,PendantCluster,9,-660,-98.7,"Nested pendant cluster (depth 10): Capped to 9 AADT (11% of entry road 'Land of Goshen Dr': 91)"
1104345795869,Unknown Road,INTERPOLATED,819,True,PendantCluster,7,-812,-99.1,"Nested pendant cluster (depth 12): Capped to 7 AADT (7% of 2 entry roads (Helen Hampton Dr; Brady Coleman Ln): 116)"
11016954806337,Chance Ct,INTERPOLATED,832,True,PendantCluster,34,-798,-95.9,"Nested pendant cluster (depth 8): Capped to 34 AADT (17% of 2 entry roads (Helen Hampton Dr; Kenya Ct): 204)"
1102200924172,Unknown Road,INTERPOLATED,1153,True,PendantCluster,258,-895,-77.6,"Nested pendant cluster (depth 2): Capped to 258 AADT (64% of entry road 'Prather Rd': 404)"
1102200928120,Unknown Road,INTERPOLATED,1852,True,PendantCluster,1208,-644,-34.8,"Nested pendant cluster (depth 2): Capped to 1;208 AADT (64% of entry road 'Lavender Rd': 1;888)"
110416464579,Goshen Rd,ACTUAL_COUNT,2041,False,NONE,2041,0,0,"No constraint needed"
110416480211,Creekview Meadows Dr,INTERPOLATED,40876,False,NONE,40876,0,0,"No constraint needed"
110416465630,Midway Rd,ACTUAL_COUNT,5885,False,NONE,5885,0,0,"No constraint needed"
110416492379,Unknown Road,INTERPOLATED,560,False,NONE,560,0,0,"No constraint needed"
1102200926723,Unknown Road,INTERPOLATED,538,True,PendantCluster,138,-400,-74.3,"Nested pendant cluster (depth 2): Capped to 138 AADT (64% of entry road 'Agnes Cir': 216)"
11033373595591,Passmore Ln,INTERPOLATED,39859,True,PendantCluster,447,-39412,-98.9,"Nested pendant cluster (depth 2): Capped to 447 AADT (64% of entry road 'S Reno Rd': 699)"
110416470900,Live Oak Rd,INTERPOLATED,67771,False,NONE,67771,0,0,"No constraint needed"
1102200933051,Oak Creek Ct,INTERPOLATED,795,True,PendantCluster,51,-744,-93.6,"Nested pendant cluster (depth 6): Capped to 51 AADT (26% of entry road 'Oak Creek Cir': 197)"
110416492615,Unknown Road,INTERPOLATED,701,True,PendantCluster,300,-401,-57.2,"Nested pendant cluster (depth 2): Capped to 300 AADT (64% of entry road 'Rhoades Ln': 469)"
110416446684,Peel Rd,INTERPOLATED,33,True,PendantCluster,1,-32,-97,"Nested pendant cluster (depth 14): Capped to 1 AADT (4% of 2 entry roads (Unknown Road; Peel Rd): 34)"
110416470763,Jay Bird Rd,ACTUAL_COUNT,651,False,NONE,651,0,0,"No constraint needed"
110416446355,Knob Rd,ACTUAL_COUNT,1098,False,NONE,1098,0,0,"No constraint needed"
1104468438469,Cornerstone Ln,INTERPOLATED,707,True,PendantCluster,449,-258,-36.5,"Nested pendant cluster (depth 2): Capped to 449 AADT (64% of entry road 'Dobbs Trl': 703)"
11016954806091,Cambree Ct,INTERPOLATED,702,True,PendantCluster,461,-241,-34.3,"Nested pendant cluster (depth 2): Capped to 461 AADT (64% of entry road 'Christenberry Rd': 721)"
110416446031,Dove Trl,ACTUAL_COUNT,1710,True,PendantCluster,421,-1289,-75.4,"Nested pendant cluster (depth 4): Capped to 421 AADT (41% of entry road 'Mockingbird Ln': 1;029)"
110416478324,Mockingbird Ln,INTERPOLATED,1029,True,PendantCluster,421,-608,-59.1,"Nested pendant cluster (depth 4): Capped to 421 AADT (41% of entry road 'Mockingbird Ln': 1;029)"
11016954827035,Remington Park Dr,INTERPOLATED,732,True,PendantCluster,449,-283,-38.7,"Nested pendant cluster (depth 2): Capped to 449 AADT (64% of entry road 'Dobbs Trl': 703)"
1104473135858,Unknown Road,INTERPOLATED,1302,True,PendantCluster,481,-821,-63.1,"Nested pendant cluster (depth 2): Capped to 481 AADT (64% of entry road 'State Hwy 199': 753)"
110416462781,Robin Ct,INTERPOLATED,1175,True,PendantCluster,421,-754,-64.2,"Nested pendant cluster (depth 4): Capped to 421 AADT (41% of entry road 'Mockingbird Ln': 1;029)"
110416492606,Unknown Road,INTERPOLATED,378,True,PendantCluster,242,-136,-36,"Nested pendant cluster (depth 2): Capped to 242 AADT (64% of entry road 'E Sixth St': 379)"
110416464497,Finney Dr,ACTUAL_COUNT,2945,False,NONE,2945,0,0,"No constraint needed"
110416471880,Eastridge Dr,INTERPOLATED,671,False,NONE,671,0,0,"No constraint needed"
1106087858764,Main St,INTERPOLATED,129935,False,NONE,129935,0,0,"No constraint needed"
1103700744132,Parkplace Village,INTERPOLATED,602,False,NONE,602,0,0,"No constraint needed"
110416490786,Unknown Road,INTERPOLATED,1024,False,NONE,1024,0,0,"No constraint needed"
1103700794038,Hilltop Dr,INTERPOLATED,1042,False,NONE,1042,0,0,"No constraint needed"
110416465556,Martin Ave,INTERPOLATED,1160,False,NONE,1160,0,0,"No constraint needed"
110416455030,Harms Ln,INTERPOLATED,801,True,PendantCluster,112,-689,-86,"Nested pendant cluster (depth 2): Capped to 112 AADT (64% of entry road 'Springfield Rd': 176)"
110416445228,Dv Way,INTERPOLATED,1949,True,PendantCluster,1208,-741,-38,"Nested pendant cluster (depth 2): Capped to 1;208 AADT (64% of entry road 'Lavender Rd': 1;888)"
1104472824212,Unknown Road,INTERPOLATED,1362,False,NONE,1362,0,0,"No constraint needed"
110416470543,Eastwood Rd,INTERPOLATED,113,True,PendantCluster,21,-92,-81.4,"Nested pendant cluster (depth 8): Capped to 21 AADT (17% of 2 entry roads (Smallwood Ct; Eastwood Rd): 131)"
1106067268168,Belle Pl,INTERPOLATED,37973,False,NONE,37973,0,0,"No constraint needed"
110416479969,Hutcheson Hill Rd,ACTUAL_COUNT,1688,False,NONE,1688,0,0,"No constraint needed"
110416492612,Unknown Road,INTERPOLATED,4581,True,PendantCluster,682,-3899,-85.1,"Nested pendant cluster (depth 2): Capped to 682 AADT (64% of entry road 'Old Springtown Rd': 1;066)"
110416490282,Unknown Road,INTERPOLATED,1443,False,NONE,1443,0,0,"No constraint needed"
110416490281,Unknown Road,INTERPOLATED,1466,False,NONE,1466,0,0,"No constraint needed"
1102744857561,Unknown Road,INTERPOLATED,1643,False,NONE,1643,0,0,"No constraint needed"
110416464060,Billie Dr,INTERPOLATED,1575,False,NONE,1575,0,0,"No constraint needed"
110416458210,Llano Dr,INTERPOLATED,2827,False,NONE,2827,0,0,"No constraint needed"
110416466460,Brandon Dr,ACTUAL_COUNT,945,False,NONE,945,0,0,"No constraint needed"
110416490203,Unknown Road,INTERPOLATED,5891,False,NONE,5891,0,0,"No constraint needed"
1102200935597,Cooparoo Ct,INTERPOLATED,9607,True,PendantCluster,1542,-8065,-83.9,"Nested pendant cluster (depth 4): Capped to 1;542 AADT (41% of entry road 'Kalinga Dr': 3;766)"
1102466342253,Ice House Cir,INTERPOLATED,31858,False,NONE,31858,0,0,"No constraint needed"
1102200928075,Upper Denton Ct,INTERPOLATED,1232,False,NONE,1232,0,0,"No constraint needed"
11016954872396,Timber Valley Ln,INTERPOLATED,663,True,PendantCluster,382,-281,-42.4,"Nested pendant cluster (depth 4): Capped to 382 AADT (41% of 2 entry roads (Timber Valley Ct; Timber Valley Ln): 934)"
110416489543,Unknown Road,INTERPOLATED,1558,True,PendantCluster,516,-1042,-66.9,"Nested pendant cluster (depth 4): Capped to 516 AADT (41% of entry road 'Raley Rd': 1;260)"
110416492381,Unknown Road,INTERPOLATED,613,True,PendantCluster,9,-604,-98.5,"Nested pendant cluster (depth 18): Capped to 9 AADT (2% of 2 entry roads (Unknown Road; Unknown Road): 550)"
1102200924013,Eagle Nest Dr,INTERPOLATED,9360,False,NONE,9360,0,0,"No constraint needed"
110416479543,Green Meadows Ln,INTERPOLATED,1941,True,PendantCluster,1603,-338,-17.4,"Nested pendant cluster (depth 2): Capped to 1;603 AADT (64% of 2 entry roads (Unknown Road; Holbrook Rd): 2;505)"
110416491250,Unknown Road,INTERPOLATED,1224,False,NONE,1224,0,0,"No constraint needed"
110416492247,Unknown Road,INTERPOLATED,1793,True,PendantCluster,7,-1786,-99.6,"Nested pendant cluster (depth 10): Capped to 7 AADT (11% of entry road 'James C Rd': 67)"
110416480343,Millers Village,INTERPOLATED,3157,False,NONE,3157,0,0,"No constraint needed"
110416489798,Unknown Road,INTERPOLATED,867,False,NONE,867,0,0,"No constraint needed"
110416491888,Unknown Road,INTERPOLATED,1071,True,PendantCluster,411,-660,-61.6,"Nested pendant cluster (depth 2): Capped to 411 AADT (64% of entry road 'Green Branch Rd': 643)"
110416490781,Unknown Road,INTERPOLATED,661,True,PendantCluster,411,-250,-37.8,"Nested pendant cluster (depth 2): Capped to 411 AADT (64% of entry road 'Green Branch Rd': 643)"
110416465324,Hinkle Ln,INTERPOLATED,2478,True,PendantCluster,1430,-1048,-42.3,"Nested pendant cluster (depth 4): Capped to 1;430 AADT (41% of 2 entry roads (Unknown Road; Hinkle Ln): 3;492)"
110416446060,Eden Rd,INTERPOLATED,1789,True,PendantCluster,1032,-757,-42.3,"Nested pendant cluster (depth 4): Capped to 1;032 AADT (41% of 2 entry roads (Unknown Road; Eden Rd): 2;521)"
110416466217,Valley Ln,INTERPOLATED,1535,False,NONE,1535,0,0,"No constraint needed"
1103774157836,Sadie Ln,INTERPOLATED,721,True,PendantCluster,416,-305,-42.3,"Nested pendant cluster (depth 2): Capped to 416 AADT (64% of entry road 'Jay Bird Rd': 651)"
1102200936207,Unknown Road,ACTUAL_COUNT,651,False,NONE,651,0,0,"No constraint needed"
1103949014540,Pr 4902,INTERPOLATED,843,False,NONE,843,0,0,"No constraint needed"
1103690517076,Unknown Road,INTERPOLATED,843,False,NONE,843,0,0,"No constraint needed"
110416463325,Tower St,ACTUAL_COUNT,5885,True,PendantCluster,3397,-2488,-42.3,"Nested pendant cluster (depth 4): Capped to 3;397 AADT (41% of 2 entry roads (Unknown Road; Tower St): 8;295)"
110416461177,Randy Ln,INTERPOLATED,51705,True,PendantCluster,21381,-30324,-58.6,"Nested pendant cluster (depth 4): Capped to 21;381 AADT (41% of entry road 'McDaniel Dr': 52;201)"
1102200934035,Connecting Rd,INTERPOLATED,9520,False,NONE,9520,0,0,"No constraint needed"
110416478642,Vista Hills Dr,INTERPOLATED,770,True,PendantCluster,447,-323,-41.9,"Nested pendant cluster (depth 2): Capped to 447 AADT (64% of entry road 'S Reno Rd': 699)"
110416476200,Finneyoaks Ln,ACTUAL_COUNT,801,False,NONE,801,0,0,"No constraint needed"
110416446143,Greg St,ACTUAL_COUNT,661,True,PendantCluster,590,-71,-10.7,"Nested pendant cluster (depth 4): Capped to 590 AADT (41% of 2 entry roads (Greg St; Unknown Road): 1;442)"
110416466440,Berkeley Dr,INTERPOLATED,1157,False,NONE,1157,0,0,"No constraint needed"
110416463947,Bailey Dr,INTERPOLATED,3872,False,NONE,3872,0,0,"No constraint needed"
1105598353409,Don Propp Rd,INTERPOLATED,2121,False,NONE,2121,0,0,"No constraint needed"
110416461609,Reese Loop,INTERPOLATED,2549,True,PendantCluster,31,-2518,-98.8,"Nested pendant cluster (depth 10): Capped to 31 AADT (11% of entry road 'Reese Ln': 292)"
1102200938720,Spring Valley Cir,INTERPOLATED,4082,True,PendantCluster,2599,-1483,-36.3,"Nested pendant cluster (depth 2): Capped to 2;599 AADT (64% of entry road 'Calhoun Bend': 4;061)"
110416478143,Forest Oaks St,INTERPOLATED,767,True,PendantCluster,147,-620,-80.8,"Nested pendant cluster (depth 4): Capped to 147 AADT (41% of entry road 'Newsom Rd': 361)"
110416465694,Nelson Rd,INTERPOLATED,565,False,NONE,565,0,0,"No constraint needed"
110416491257,Unknown Road,INTERPOLATED,692,True,PendantCluster,40,-652,-94.2,"Nested pendant cluster (depth 8): Capped to 40 AADT (17% of 2 entry roads (Unknown Road; Unknown Road): 242)"
110416464606,Harter Ln,INTERPOLATED,1964,True,PendantCluster,10,-1954,-99.5,"Nested pendant cluster (depth 12): Capped to 10 AADT (7% of entry road 'Baughman Hill Rd': 152)"
1105598415829,Son Shine Cir,INTERPOLATED,2028,True,PendantCluster,83,-1945,-95.9,"Nested pendant cluster (depth 8): Capped to 83 AADT (17% of entry road 'Baughman Hill Rd': 497)"
110416478818,Boling Ranch Rd,INTERPOLATED,57,True,PendantCluster,6,-51,-89.5,"Nested pendant cluster (depth 10): Capped to 6 AADT (11% of entry road 'Boling Ranch Rd': 57)"
110416490519,Unknown Road,INTERPOLATED,1472,False,NONE,1472,0,0,"No constraint needed"
1102200927062,Boling Ranch Rd,INTERPOLATED,40126,True,PendantCluster,6,-40120,-100,"Nested pendant cluster (depth 10): Capped to 6 AADT (11% of entry road 'Boling Ranch Rd': 57)"
110416474620,River Run Dr,INTERPOLATED,1690,True,PendantCluster,0,-1690,-100,"Nested pendant cluster (depth 24): Capped to 0 AADT (0% of entry road 'E Rio Rdg': 8)"
110416479390,Branding Iron Ct,INTERPOLATED,1738,True,PendantCluster,0,-1738,-100,"Nested pendant cluster (depth 16): Capped to 0 AADT (3% of entry road 'Reata Dr': 3)"
110416492154,Unknown Road,INTERPOLATED,1681,True,PendantCluster,23,-1658,-98.6,"Nested pendant cluster (depth 10): Capped to 23 AADT (11% of entry road 'FM 1886': 217)"
110416492053,Unknown Road,INTERPOLATED,1677,True,PendantCluster,9,-1668,-99.5,"Nested pendant cluster (depth 12): Capped to 9 AADT (7% of 2 entry roads (Unknown Road; Unknown Road): 139)"
110416479285,Sutters Mill Ct,INTERPOLATED,1659,False,NONE,1659,0,0,"No constraint needed"
110416477915,Brush Creek Dr,INTERPOLATED,1472,True,PendantCluster,6,-1466,-99.6,"Nested pendant cluster (depth 10): Capped to 6 AADT (11% of entry road 'Boling Ranch Rd': 57)"
110416466948,La Mesa Dr,INTERPOLATED,105,True,PendantCluster,35,-70,-66.7,"Nested pendant cluster (depth 10): Capped to 35 AADT (11% of 3 entry roads (High View Ct; High View Dr; ...): 331)"
110416445565,Elm Ct,INTERPOLATED,7533,True,PendantCluster,4816,-2717,-36.1,"Nested pendant cluster (depth 2): Capped to 4;816 AADT (64% of entry road 'Pecan St': 7;525)"
110416465482,Locust St,ACTUAL_COUNT,603,True,PendantCluster,11,-592,-98.2,"Nested pendant cluster (depth 10): Capped to 11 AADT (11% of entry road 'W Main St': 105)"
110416489931,Unknown Road,INTERPOLATED,608,True,PendantCluster,582,-26,-4.3,"Nested pendant cluster (depth 2): Capped to 582 AADT (64% of 2 entry roads (Unknown Road; Unknown Road): 910)"
1102744824226,Unknown Road,INTERPOLATED,4555,True,PendantCluster,708,-3847,-84.5,"Nested pendant cluster (depth 2): Capped to 708 AADT (64% of 2 entry roads (Upper Denton Rd; Friendship Rd): 1;107)"
110416489935,Unknown Road,INTERPOLATED,14583,True,PendantCluster,3092,-11491,-78.8,"Nested pendant cluster (depth 6): Capped to 3;092 AADT (26% of 2 entry roads (Unknown Road; Unknown Road): 11;797)"
1102200936105,Unknown Road,INTERPOLATED,706,True,PendantCluster,632,-74,-10.5,"Nested pendant cluster (depth 4): Capped to 632 AADT (41% of 2 entry roads (Unknown Road; Unknown Road): 1;543)"
1103662205888,Sandhill Ct,INTERPOLATED,509,True,PendantCluster,266,-243,-47.7,"Nested pendant cluster (depth 6): Capped to 266 AADT (26% of 2 entry roads (Sandridge Dr; Sandhill Ct): 1;018)"
1103662206351,Sandpoint Ct,ACTUAL_COUNT,509,True,PendantCluster,266,-243,-47.7,"Nested pendant cluster (depth 6): Capped to 266 AADT (26% of 2 entry roads (Sandridge Dr; Sandpoint Ct): 1;018)"
1102466646189,Canyon Rd,INTERPOLATED,953,False,NONE,953,0,0,"No constraint needed"
1102466646180,Canyon Rd,INTERPOLATED,613,False,NONE,613,0,0,"No constraint needed"
110416478034,Cedar Creek Ct,INTERPOLATED,13753,True,PendantCluster,36,-13717,-99.7,"Nested pendant cluster (depth 8): Capped to 36 AADT (17% of entry road 'Cedar Creek Dr': 217)"
110416489959,Unknown Road,INTERPOLATED,13340,True,PendantCluster,454,-12886,-96.6,"Nested pendant cluster (depth 4): Capped to 454 AADT (41% of entry road 'Unknown Road': 1;109)"
1102200935922,Unknown Road,INTERPOLATED,3278,False,NONE,3278,0,0,"No constraint needed"
1103690720268,Covered Bridge Dr,INTERPOLATED,2556,False,NONE,2556,0,0,"No constraint needed"
110416471058,New Hope Rd,ACTUAL_COUNT,114,True,PendantCluster,22,-92,-80.7,"Nested pendant cluster (depth 8): Capped to 22 AADT (17% of 2 entry roads (New Hope Ct; New Hope Rd): 133)"
1103680884207,Timber Cross Ct,INTERPOLATED,1740,True,PendantCluster,247,-1493,-85.8,"Nested pendant cluster (depth 6): Capped to 247 AADT (26% of entry road 'S Stewart St': 944)"
110416470040,Victory Ln,INTERPOLATED,1352,False,NONE,1352,0,0,"No constraint needed"
1102200940545,Unknown Road,INTERPOLATED,1001,True,PendantCluster,705,-296,-29.6,"Nested pendant cluster (depth 2): Capped to 705 AADT (64% of entry road 'Kennel Rd': 1;102)"
110416475859,Briar Oaks Dr,ACTUAL_COUNT,880,False,NONE,880,0,0,"No constraint needed"
1104258504560,Unknown Road,INTERPOLATED,1391,False,NONE,1391,0,0,"No constraint needed"
1103680883408,Clearbrook St,INTERPOLATED,1193,True,PendantCluster,42,-1151,-96.5,"Nested pendant cluster (depth 10): Capped to 42 AADT (11% of entry road 'S Stewart St': 393)"
110416471596,Alta Mesa Dr,INTERPOLATED,2715,True,PendantCluster,53,-2662,-98,"Nested pendant cluster (depth 8): Capped to 53 AADT (17% of entry road 'Remuda Dr': 321)"
1102200926204,Unknown Road,INTERPOLATED,434,True,PendantCluster,401,-33,-7.6,"Nested pendant cluster (depth 2): Capped to 401 AADT (64% of 2 entry roads (E 7th St; Swan Lake Dr): 628)"
11016955162732,Newfield Ln,INTERPOLATED,686,True,PendantCluster,584,-102,-14.9,"Nested pendant cluster (depth 2): Capped to 584 AADT (64% of entry road 'Thomas Rd': 914)"
1102200928166,Indigo Height Ct,INTERPOLATED,2703,True,PendantCluster,153,-2550,-94.3,"Nested pendant cluster (depth 8): Capped to 153 AADT (17% of 2 entry roads (Charcoal Bluff Ct; Hidden Forest Dr): 912)"
1102200939898,Unknown Road,INTERPOLATED,765,True,PendantCluster,694,-71,-9.3,"Nested pendant cluster (depth 2): Capped to 694 AADT (64% of entry road 'Gilliland Rd': 1;085)"
110416466759,Garnet Rd,INTERPOLATED,89012,False,NONE,89012,0,0,"No constraint needed"
1104258499655,Unknown Road,INTERPOLATED,75275,False,NONE,75275,0,0,"No constraint needed"
110416479800,Canyon Country Dr,ACTUAL_COUNT,1014,False,NONE,1014,0,0,"No constraint needed"
1105598385899,Timber Trl,INTERPOLATED,13778,False,NONE,13778,0,0,"No constraint needed"
1102200932684,Erica Ct,INTERPOLATED,1095,True,PendantCluster,698,-397,-36.3,"Nested pendant cluster (depth 2): Capped to 698 AADT (64% of entry road 'Hayley Dr': 1;091)"
1102200939720,Florence Ln,INTERPOLATED,750,True,PendantCluster,185,-565,-75.3,"Nested pendant cluster (depth 2): Capped to 185 AADT (64% of entry road 'Highland Rd': 290)"
1102200927296,Unknown Road,INTERPOLATED,1576,True,PendantCluster,47,-1529,-97,"Nested pendant cluster (depth 8): Capped to 47 AADT (17% of entry road 'Peel Rd': 283)"
11016954835458,Wayward Wind Ln,INTERPOLATED,1356,True,PendantCluster,2,-1354,-99.9,"Nested pendant cluster (depth 12): Capped to 2 AADT (7% of entry road 'Peel Rd': 33)"
1105598410700,Porter Ct,INTERPOLATED,1627,True,PendantCluster,1063,-564,-34.7,"Nested pendant cluster (depth 2): Capped to 1;063 AADT (64% of entry road 'Allison Rd': 1;662)"
110416492709,Unknown Road,INTERPOLATED,773,True,PendantCluster,185,-588,-76.1,"Nested pendant cluster (depth 2): Capped to 185 AADT (64% of entry road 'Highland Rd': 290)"
110416470320,Cardinal Dr,INTERPOLATED,577,True,PendantCluster,433,-144,-25,"Nested pendant cluster (depth 4): Capped to 433 AADT (41% of 2 entry roads (Partridge Dr; Quail Dr): 1;059)"
1105598353521,Browtine Way,INTERPOLATED,2219,False,NONE,2219,0,0,"No constraint needed"
1102200940509,Unknown Road,ACTUAL_COUNT,445,False,NONE,445,0,0,"No constraint needed"
1102200943902,Unknown Road,INTERPOLATED,1111,False,NONE,1111,0,0,"No constraint needed"
1103677410971,Conway Ln,INTERPOLATED,1379,False,NONE,1379,0,0,"No constraint needed"
110416477413,Sandra Bob Ln,INTERPOLATED,26747,False,NONE,26747,0,0,"No constraint needed"
110416489686,Unknown Road,INTERPOLATED,52375,True,PendantCluster,16742,-35633,-68,"Nested pendant cluster (depth 4): Capped to 16;742 AADT (41% of entry road 'Creekview Meadows Dr': 40;876)"
1103940826131,Unknown Road,INTERPOLATED,85823,False,NONE,85823,0,0,"No constraint needed"
110416477892,Bluff Creek Rd,INTERPOLATED,4061,True,PendantCluster,2595,-1466,-36.1,"Nested pendant cluster (depth 2): Capped to 2;595 AADT (64% of entry road 'Bluff Springs Rd': 4;056)"
110416477888,Bluff Creek Ct,INTERPOLATED,3903,True,PendantCluster,380,-3523,-90.3,"Nested pendant cluster (depth 6): Capped to 380 AADT (26% of entry road 'Scenic Ridge Dr': 1;451)"
1102638238688,Connecting Rd,INTERPOLATED,9608,False,NONE,9608,0,0,"No constraint needed"
1102200925495,Unknown Road,INTERPOLATED,459,True,PendantCluster,220,-239,-52.1,"Nested pendant cluster (depth 2): Capped to 220 AADT (64% of entry road 'Ragle Rd': 344)"
110416479716,Sanders Creek Ln,INTERPOLATED,1574,True,PendantCluster,694,-880,-55.9,"Nested pendant cluster (depth 2): Capped to 694 AADT (64% of entry road 'Gilliland Rd': 1;085)"
110416470699,Hill Top Ct,INTERPOLATED,1340,True,PendantCluster,694,-646,-48.2,"Nested pendant cluster (depth 2): Capped to 694 AADT (64% of entry road 'Gilliland Rd': 1;085)"
110416490902,Unknown Road,INTERPOLATED,1873,True,PendantCluster,481,-1392,-74.3,"Nested pendant cluster (depth 2): Capped to 481 AADT (64% of entry road 'State Hwy 199': 753)"
110416445664,Oak St,INTERPOLATED,1145,True,PendantCluster,480,-665,-58.1,"Nested pendant cluster (depth 6): Capped to 480 AADT (26% of 2 entry roads (Kid Ln; South Dr): 1;834)"
11016954832315,Jesse James Ln,INTERPOLATED,1720,False,NONE,1720,0,0,"No constraint needed"
110416446310,Jody Ln,INTERPOLATED,858,True,PendantCluster,287,-571,-66.6,"Nested pendant cluster (depth 4): Capped to 287 AADT (41% of entry road 'Kelly Ct': 703)"
1102200930681,Crestwood Ln,ACTUAL_COUNT,928,False,NONE,928,0,0,"No constraint needed"
110416463131,Sands Dr,ACTUAL_COUNT,880,False,NONE,880,0,0,"No constraint needed"
1102466343560,Unknown Road,INTERPOLATED,837,True,PendantCluster,432,-405,-48.4,"Nested pendant cluster (depth 4): Capped to 432 AADT (41% of 2 entry roads (Unknown Road; Unknown Road): 1;056)"
1103690718148,Dove Haven Ln,INTERPOLATED,991,True,PendantCluster,56,-935,-94.3,"Nested pendant cluster (depth 8): Capped to 56 AADT (17% of 2 entry roads (Dove Haven Ln; Dove Haven Ln): 337)"
1103695960993,Rustling Elm Way,INTERPOLATED,1634,True,PendantCluster,6,-1628,-99.6,"Nested pendant cluster (depth 10): Capped to 6 AADT (11% of entry road 'Boling Ranch Rd': 57)"
1105598349182,Ellis Pond Ct,INTERPOLATED,2646,True,PendantCluster,8,-2638,-99.7,"Nested pendant cluster (depth 6): Capped to 8 AADT (26% of entry road 'Ellis Creek Ln': 34)"
110416455116,Hayes Ct,INTERPOLATED,1259,True,PendantCluster,366,-893,-70.9,"Nested pendant cluster (depth 4): Capped to 366 AADT (41% of entry road 'Wonder Dr': 895)"
1105598389534,Deer Valley Rd,INTERPOLATED,9682,True,PendantCluster,1109,-8573,-88.5,"Nested pendant cluster (depth 2): Capped to 1;109 AADT (64% of entry road 'Tucker Dr': 1;734)"
1105598401906,Karbo Ln,INTERPOLATED,8994,True,PendantCluster,198,-8796,-97.8,"Nested pendant cluster (depth 10): Capped to 198 AADT (11% of 2 entry roads (Cat Track Rd; Unknown Road): 1;852)"
110416467302,Sandlin Ct,INTERPOLATED,6251,True,PendantCluster,682,-5569,-89.1,"Nested pendant cluster (depth 2): Capped to 682 AADT (64% of entry road 'Old Springtown Rd': 1;066)"
1104473135859,Unknown Road,INTERPOLATED,1304,True,PendantCluster,481,-823,-63.1,"Nested pendant cluster (depth 2): Capped to 481 AADT (64% of entry road 'State Hwy 199': 753)"
1102638240097,Unknown Road,NO_DATA,0,False,NONE,0,0,0,"No constraint needed"
110416466754,Gammill Dr,INTERPOLATED,3430,True,PendantCluster,1980,-1450,-42.3,"Nested pendant cluster (depth 4): Capped to 1;980 AADT (41% of 2 entry roads (Price Ln; Gammill Dr): 4;834)"
110416478549,Stonebridge Dr,ACTUAL_COUNT,14,True,PendantCluster,0,-14,-100,"Nested pendant cluster (depth 12): Capped to 0 AADT (7% of entry road 'Stonebridge Dr': 14)"
110416489842,Unknown Road,INTERPOLATED,1226,True,PendantCluster,168,-1058,-86.3,"Nested pendant cluster (depth 4): Capped to 168 AADT (41% of entry road 'Ponderosa Ln': 411)"
110416489972,Unknown Road,ACTUAL_COUNT,1281,True,PendantCluster,189,-1092,-85.2,"Nested pendant cluster (depth 2): Capped to 189 AADT (64% of entry road 'Upper Denton Rd': 296)"
110416478501,Sandy Creek Ct,INTERPOLATED,2448,True,PendantCluster,278,-2170,-88.6,"Nested pendant cluster (depth 6): Capped to 278 AADT (26% of entry road 'Sandy Creek Trl': 1;064)"
110416491655,Unknown Road,INTERPOLATED,11234,True,PendantCluster,3315,-7919,-70.5,"Nested pendant cluster (depth 4): Capped to 3;315 AADT (41% of 2 entry roads (Unknown Road; Unknown Road): 8;094)"
1102200949040,Unknown Road,INTERPOLATED,676,True,PendantCluster,479,-197,-29.1,"Nested pendant cluster (depth 2): Capped to 479 AADT (64% of entry road 'White Settlement Rd': 749)"
1105598348162,Susan Ln,INTERPOLATED,2722,False,NONE,2722,0,0,"No constraint needed"
1102200929622,Unknown Road,INTERPOLATED,563,True,PendantCluster,169,-394,-70,"Nested pendant cluster (depth 2): Capped to 169 AADT (64% of entry road 'Old Agnes Rd': 265)"
110416457664,Lelon Ct,INTERPOLATED,1467,True,PendantCluster,959,-508,-34.6,"Nested pendant cluster (depth 2): Capped to 959 AADT (64% of entry road 'Lelon Ln': 1;499)"
110416480062,Classic Ct,INTERPOLATED,33084,True,PendantCluster,8643,-24441,-73.9,"Nested pendant cluster (depth 4): Capped to 8;643 AADT (41% of entry road 'Classic Country Ct': 21;102)"
110416479812,Country Meadow Ct,INTERPOLATED,61588,True,PendantCluster,3766,-57822,-93.9,"Nested pendant cluster (depth 2): Capped to 3;766 AADT (64% of entry road 'Midway Rd': 5;885)"
1102638240314,Alta Vista Ln,INTERPOLATED,63860,True,PendantCluster,21102,-42758,-67,"Nested pendant cluster (depth 2): Capped to 21;102 AADT (64% of entry road 'Highland Cir': 32;972)"
110416466991,Matador Ct,INTERPOLATED,1685,False,NONE,1685,0,0,"No constraint needed"
1102200922113,Arroyo Ct,INTERPOLATED,2384,True,PendantCluster,64,-2320,-97.3,"Nested pendant cluster (depth 16): Capped to 64 AADT (3% of entry road 'Arroyo Dr': 2;302)"
110416463302,Topaz Trl,INTERPOLATED,2703,True,PendantCluster,59,-2644,-97.8,"Nested pendant cluster (depth 8): Capped to 59 AADT (17% of entry road 'Tiara Trl': 357)"
110416463298,Tiara Trl,INTERPOLATED,357,True,PendantCluster,69,-288,-80.7,"Nested pendant cluster (depth 8): Capped to 69 AADT (17% of 2 entry roads (Topaz Trl; Tiara Trl): 416)"
110416466234,Verano Ct,INTERPOLATED,2577,True,PendantCluster,5,-2572,-99.8,"Nested pendant cluster (depth 10): Capped to 5 AADT (11% of entry road 'Cll de Establo': 53)"
110416466231,Venado Ct,INTERPOLATED,2491,False,NONE,2491,0,0,"No constraint needed"
110416477146,Mesa Verde,INTERPOLATED,2510,False,NONE,2510,0,0,"No constraint needed"
110416471494,Waggoner Ct,INTERPOLATED,1630,False,NONE,1630,0,0,"No constraint needed"
1102200922568,Big Lake Ct,INTERPOLATED,1439,True,PendantCluster,2,-1437,-99.9,"Nested pendant cluster (depth 12): Capped to 2 AADT (7% of entry road 'Blue Sky Ln': 37)"
110416471720,Blue Moon Ct,INTERPOLATED,1330,True,PendantCluster,254,-1076,-80.9,"Nested pendant cluster (depth 6): Capped to 254 AADT (26% of 2 entry roads (Valley Lake Ln; Starry Sky Ct): 969)"
110416491015,Unknown Road,INTERPOLATED,1433,False,NONE,1433,0,0,"No constraint needed"
110416490108,Unknown Road,INTERPOLATED,1502,True,PendantCluster,505,-997,-66.4,"Nested pendant cluster (depth 4): Capped to 505 AADT (41% of entry road 'Oliver St': 1;234)"
1104692118240,Unknown Road,INTERPOLATED,1372,True,PendantCluster,14,-1358,-99,"Nested pendant cluster (depth 10): Capped to 14 AADT (11% of 2 entry roads (Unknown Road; Unknown Road): 136)"
1104692118239,Unknown Road,INTERPOLATED,1372,True,PendantCluster,68,-1304,-95,"Nested pendant cluster (depth 8): Capped to 68 AADT (17% of entry road 'Oliver St': 408)"
110416467126,Peaster Hwy,ACTUAL_COUNT,1210,False,NONE,1210,0,0,"No constraint needed"
110416480215,Greenwood Cut Off Rd,INTERPOLATED,2089,False,NONE,2089,0,0,"No constraint needed"
1104461794091,Andy Dr,INTERPOLATED,2016,True,PendantCluster,1111,-905,-44.9,"Nested pendant cluster (depth 2): Capped to 1;111 AADT (64% of entry road 'Ellis Dr': 1;737)"
1103648478436,Fox Chase Dr,INTERPOLATED,2171,True,PendantCluster,240,-1931,-88.9,"Nested pendant cluster (depth 6): Capped to 240 AADT (26% of entry road 'Pack Saddle Trl': 919)"
1103648484863,Wood Oak Trl,INTERPOLATED,396,True,PendantCluster,106,-290,-73.2,"Nested pendant cluster (depth 8): Capped to 106 AADT (17% of 2 entry roads (Fox Chase Dr; Wood Oak Trl): 636)"
1106087632047,Santa Fe Dr,ACTUAL_COUNT,11268,False,NONE,11268,0,0,"No constraint needed"
110416446467,Link St,INTERPOLATED,8818,False,NONE,8818,0,0,"No constraint needed"
110416446667,Park Ct,INTERPOLATED,4661,True,PendantCluster,2691,-1970,-42.3,"Nested pendant cluster (depth 4): Capped to 2;691 AADT (41% of 2 entry roads (Unknown Road; Park Ct): 6;570)"
110416463291,Texas Dr,ACTUAL_COUNT,3679,False,NONE,3679,0,0,"No constraint needed"
110416464029,Bielss Ln,INTERPOLATED,1439,True,PendantCluster,830,-609,-42.3,"Nested pendant cluster (depth 4): Capped to 830 AADT (41% of 2 entry roads (Biels Ln; Bielss Ln): 2;028)"
110416447872,Baker Rd,INTERPOLATED,15393,True,PendantCluster,8887,-6506,-42.3,"Nested pendant cluster (depth 4): Capped to 8;887 AADT (41% of 2 entry roads (Unknown Road; Baker Rd): 21;697)"
110416490562,Unknown Road,INTERPOLATED,7628,False,NONE,7628,0,0,"No constraint needed"
1103350360606,Nicole Ln,INTERPOLATED,2218,True,PendantCluster,432,-1786,-80.5,"Nested pendant cluster (depth 2): Capped to 432 AADT (64% of entry road 'Harmony Rd': 675)"
1103350360669,Lisa Leigh Ct,INTERPOLATED,2218,True,PendantCluster,176,-2042,-92.1,"Nested pendant cluster (depth 4): Capped to 176 AADT (41% of entry road 'Nicole Ln': 432)"
110416445728,FM 1708,INTERPOLATED,5032,False,NONE,5032,0,0,"No constraint needed"
110416490743,Unknown Road,INTERPOLATED,4883,True,PendantCluster,1981,-2902,-59.4,"Nested pendant cluster (depth 4): Capped to 1;981 AADT (41% of entry road 'Unknown Road': 4;837)"
110416492411,Unknown Road,INTERPOLATED,3338,False,NONE,3338,0,0,"No constraint needed"
110416492624,Unknown Road,ACTUAL_COUNT,6704,True,PendantCluster,3543,-3161,-47.2,"Nested pendant cluster (depth 2): Capped to 3;543 AADT (64% of entry road 'Tin Top Rd': 5;536)"
110416492435,Unknown Road,INTERPOLATED,3860,True,PendantCluster,392,-3468,-89.8,"Nested pendant cluster (depth 6): Capped to 392 AADT (26% of entry road 'Sanders Rd': 1;498)"
110416492406,Unknown Road,INTERPOLATED,3860,True,PendantCluster,150,-3710,-96.1,"Nested pendant cluster (depth 8): Capped to 150 AADT (17% of entry road 'Sanders Rd': 898)"
1102988770827,Unknown Road,INTERPOLATED,4161,True,PendantCluster,1656,-2505,-60.2,"Nested pendant cluster (depth 4): Capped to 1;656 AADT (41% of entry road 'Unknown Road': 4;044)"
1103613666229,Brazos Hill Dr,INTERPOLATED,5180,False,NONE,5180,0,0,"No constraint needed"
110416490486,Unknown Road,INTERPOLATED,10429,False,NONE,10429,0,0,"No constraint needed"
110416490211,Unknown Road,INTERPOLATED,5195,False,NONE,5195,0,0,"No constraint needed"
110416460107,Piper Trl,INTERPOLATED,228,False,NONE,228,0,0,"No constraint needed"
110416471322,Rifleman Rd,INTERPOLATED,5085,True,PendantCluster,3020,-2065,-40.6,"Nested pendant cluster (depth 2): Capped to 3;020 AADT (64% of entry road 'Chisholm Trl': 4;720)"
110416464089,Brazos Cir,INTERPOLATED,4810,False,NONE,4810,0,0,"No constraint needed"
110416472124,Horseshoe Dr,INTERPOLATED,4514,False,NONE,4514,0,0,"No constraint needed"
110416471729,Boot Hill St,INTERPOLATED,5047,True,PendantCluster,3244,-1803,-35.7,"Nested pendant cluster (depth 2): Capped to 3;244 AADT (64% of entry road 'Mesa Trl': 5;070)"
1102988770828,Unknown Road,INTERPOLATED,3563,True,PendantCluster,270,-3293,-92.4,"Nested pendant cluster (depth 8): Capped to 270 AADT (17% of 2 entry roads (Unknown Road; Unknown Road): 1;611)"
1102200923732,Unknown Road,INTERPOLATED,6806,True,PendantCluster,2217,-4589,-67.4,"Nested pendant cluster (depth 4): Capped to 2;217 AADT (41% of entry road 'Triple K Ct': 5;415)"
1102200924133,Unknown Road,INTERPOLATED,9830,True,PendantCluster,2217,-7613,-77.4,"Nested pendant cluster (depth 4): Capped to 2;217 AADT (41% of entry road 'Kemp Rd': 5;415)"
110416490575,Unknown Road,INTERPOLATED,4436,True,PendantCluster,2582,-1854,-41.8,"Nested pendant cluster (depth 6): Capped to 2;582 AADT (26% of 2 entry roads (Kemp Rd; Unknown Road): 9;851)"
1102200919917,Unknown Road,INTERPOLATED,8703,True,PendantCluster,5415,-3288,-37.8,"Nested pendant cluster (depth 2): Capped to 5;415 AADT (64% of entry road 'S FM 51': 8;462)"
1103678119219,Kemp Rd,INTERPOLATED,10031,True,PendantCluster,581,-9450,-94.2,"Nested pendant cluster (depth 6): Capped to 581 AADT (26% of entry road 'Unknown Road': 2;217)"
110416489932,Unknown Road,INTERPOLATED,3462,True,PendantCluster,81,-3381,-97.7,"Nested pendant cluster (depth 6): Capped to 81 AADT (26% of entry road 'Unknown Road': 309)"
110416477683,Trails End St,INTERPOLATED,4732,True,PendantCluster,3244,-1488,-31.4,"Nested pendant cluster (depth 2): Capped to 3;244 AADT (64% of entry road 'Mesa Trl': 5;070)"
1104475062270,Mineral Wells Hwy,ACTUAL_COUNT,736,False,NONE,736,0,0,"No constraint needed"
110416489523,Unknown Road,INTERPOLATED,1579,False,NONE,1579,0,0,"No constraint needed"
110416480015,Patterson Hill Rd,INTERPOLATED,463,True,PendantCluster,22,-441,-95.2,"Nested pendant cluster (depth 6): Capped to 22 AADT (26% of entry road 'FM 3028': 84)"
110416490535,Unknown Road,INTERPOLATED,1541,True,PendantCluster,794,-747,-48.5,"Nested pendant cluster (depth 2): Capped to 794 AADT (64% of entry road 'Greenwood Rd': 1;242)"
110416445544,Cox Rd,ACTUAL_COUNT,267,False,NONE,267,0,0,"No constraint needed"
110416489622,Unknown Road,INTERPOLATED,27747,False,NONE,27747,0,0,"No constraint needed"
110416470866,Lancelot Dr,INTERPOLATED,11137,False,NONE,11137,0,0,"No constraint needed"
110416466519,Camelot Ct,INTERPOLATED,12025,True,PendantCluster,5899,-6126,-50.9,"Nested pendant cluster (depth 6): Capped to 5;899 AADT (26% of 2 entry roads (Guinevere Dr; Camelot Dr): 22;506)"
110416445980,Dawn Cir,INTERPOLATED,1567,True,PendantCluster,797,-770,-49.1,"Nested pendant cluster (depth 4): Capped to 797 AADT (41% of entry road 'Grant Dr': 1;946)"
110416454571,Grant Dr,INTERPOLATED,1946,True,PendantCluster,797,-1149,-59,"Nested pendant cluster (depth 4): Capped to 797 AADT (41% of entry road 'Grant Dr': 1;946)"
1103234464026,Laura St,INTERPOLATED,109,True,PendantCluster,1,-108,-99.1,"Nested pendant cluster (depth 20): Capped to 1 AADT (1% of entry road 'Laura St': 109)"
110416445826,Alma Dr,INTERPOLATED,797,True,PendantCluster,417,-380,-47.7,"Nested pendant cluster (depth 6): Capped to 417 AADT (26% of 2 entry roads (Dawn Cir; Alma Dr): 1;594)"
1103690718126,Atwood Ct,INTERPOLATED,1817,False,NONE,1817,0,0,"No constraint needed"
1102466337835,Unknown Road,INTERPOLATED,723,True,PendantCluster,28,-695,-96.1,"Nested pendant cluster (depth 2): Capped to 28 AADT (64% of entry road 'Gilbert Pit Rd': 45)"
1102200924352,Unknown Road,INTERPOLATED,446,True,PendantCluster,0,-446,-100,"Nested pendant cluster (depth 24): Capped to 0 AADT (0% of entry road 'Chandler Rd': 6)"
1104470395617,Unknown Road,INTERPOLATED,426,True,PendantCluster,10,-416,-97.7,"Nested pendant cluster (depth 8): Capped to 10 AADT (17% of 2 entry roads (Unknown Road; Unknown Road): 64)"
1102200933822,Unknown Road,INTERPOLATED,4176,False,NONE,4176,0,0,"No constraint needed"
1105319730148,Fort Worth Hwy,ACTUAL_COUNT,9701,False,NONE,9701,0,0,"No constraint needed"
110416464471,Eureka St,INTERPOLATED,30551,False,NONE,30551,0,0,"No constraint needed"
1102970399254,Madison St,INTERPOLATED,1481,False,NONE,1481,0,0,"No constraint needed"
110416466246,Walden Rd,INTERPOLATED,11297,True,PendantCluster,6522,-4775,-42.3,"Nested pendant cluster (depth 4): Capped to 6;522 AADT (41% of 2 entry roads (Unknown Road; Walden Rd): 15;924)"
110416477215,Paintbrush Ct,INTERPOLATED,4316,True,PendantCluster,1414,-2902,-67.2,"Nested pendant cluster (depth 4): Capped to 1;414 AADT (41% of entry road 'Coleman Ln': 3;454)"
110416489906,Unknown Road,INTERPOLATED,864,False,NONE,864,0,0,"No constraint needed"
1103587047494,Silver Spur Dr,INTERPOLATED,2324,True,PendantCluster,678,-1646,-70.8,"Nested pendant cluster (depth 4): Capped to 678 AADT (41% of entry road 'Silver Spr': 1;657)"
110416490516,Unknown Road,INTERPOLATED,162,True,PendantCluster,83,-79,-48.8,"Nested pendant cluster (depth 2): Capped to 83 AADT (64% of entry road 'Doss Rd': 131)"
110416489683,Unknown Road,INTERPOLATED,165,True,PendantCluster,83,-82,-49.7,"Nested pendant cluster (depth 2): Capped to 83 AADT (64% of entry road 'Doss Rd': 131)"
110416490708,Unknown Road,INTERPOLATED,17400,True,PendantCluster,9851,-7549,-43.4,"Nested pendant cluster (depth 2): Capped to 9;851 AADT (64% of entry road 'Baker Rd': 15;393)"
110416477217,Palo Pinto St,ACTUAL_COUNT,736,False,NONE,736,0,0,"No constraint needed"
110416471010,Mesquite Dr,INTERPOLATED,135,False,NONE,135,0,0,"No constraint needed"
110416489597,Unknown Road,INTERPOLATED,1439,False,NONE,1439,0,0,"No constraint needed"
110416465855,Samuel Dr,INTERPOLATED,1254,False,NONE,1254,0,0,"No constraint needed"
1102200930966,Unknown Road,INTERPOLATED,820,True,PendantCluster,548,-272,-33.2,"Nested pendant cluster (depth 2): Capped to 548 AADT (64% of entry road 'Heathington Rd': 857)"
110416450580,Clary Rd,INTERPOLATED,360,False,NONE,360,0,0,"No constraint needed"
1102200923629,Hobson St,INTERPOLATED,3721,True,PendantCluster,2386,-1335,-35.9,"Nested pendant cluster (depth 2): Capped to 2;386 AADT (64% of entry road 'W North St': 3;729)"
110416464364,Dalton St,INTERPOLATED,1069,False,NONE,1069,0,0,"No constraint needed"
110416474761,Sugartree Dr,INTERPOLATED,449,False,NONE,449,0,0,"No constraint needed"
1102200942909,Unknown Road,INTERPOLATED,263,True,PendantCluster,19,-244,-92.8,"Nested pendant cluster (depth 6): Capped to 19 AADT (26% of entry road 'Nash Ln': 76)"
1104476647451,Unknown Road,INTERPOLATED,290,False,NONE,290,0,0,"No constraint needed"
1102200952790,Unknown Road,INTERPOLATED,234,True,PendantCluster,4,-230,-98.3,"Nested pendant cluster (depth 8): Capped to 4 AADT (17% of entry road 'Nash Ln': 24)"
1102970400355,Unknown Road,INTERPOLATED,246,False,NONE,246,0,0,"No constraint needed"
110416492714,Unknown Road,INTERPOLATED,226,True,PendantCluster,42,-184,-81.4,"Nested pendant cluster (depth 8): Capped to 42 AADT (17% of entry road 'FM 1189': 255)"
110416470427,Cimarron Loop,INTERPOLATED,238,False,NONE,238,0,0,"No constraint needed"
110416459128,Narry Ln,ACTUAL_COUNT,3129,False,NONE,3129,0,0,"No constraint needed"
1106087633778,Jameson St,ACTUAL_COUNT,2380,False,NONE,2380,0,0,"No constraint needed"
1103662203909,Tradition Ave,INTERPOLATED,1858,False,NONE,1858,0,0,"No constraint needed"
110416472104,High View Dr,INTERPOLATED,3294,True,PendantCluster,2099,-1195,-36.3,"Nested pendant cluster (depth 2): Capped to 2;099 AADT (64% of entry road 'Meadow Dr': 3;280)"
110416479291,Throckmorton St,ACTUAL_COUNT,967,False,NONE,967,0,0,"No constraint needed"
110416465944,Soward Ave,ACTUAL_COUNT,967,False,NONE,967,0,0,"No constraint needed"
1102200924183,Unknown Road,INTERPOLATED,3480,False,NONE,3480,0,0,"No constraint needed"
110416491982,Unknown Road,INTERPOLATED,797,True,PendantCluster,250,-547,-68.6,"Nested pendant cluster (depth 2): Capped to 250 AADT (64% of entry road 'N Mill St': 392)"
110416489428,Unknown Road,ACTUAL_COUNT,967,False,NONE,967,0,0,"No constraint needed"
110416489411,Unknown Road,INTERPOLATED,673,False,NONE,673,0,0,"No constraint needed"
110416489412,Unknown Road,INTERPOLATED,681,False,NONE,681,0,0,"No constraint needed"
110416471386,Seminole Trl,INTERPOLATED,226,True,PendantCluster,0,-226,-100,"Nested pendant cluster (depth 24): Capped to 0 AADT (0% of entry road 'Horseshoe Bend Rd': 2)"
110416470520,Delaware Trl,INTERPOLATED,226,True,PendantCluster,0,-226,-100,"Nested pendant cluster (depth 24): Capped to 0 AADT (0% of entry road 'Horseshoe Bend Rd': 2)"
110416491984,Unknown Road,INTERPOLATED,279,True,PendantCluster,187,-92,-33,"Nested pendant cluster (depth 2): Capped to 187 AADT (64% of entry road 'Combs Bend': 293)"
110416470840,Lakeside Dr,INTERPOLATED,137,True,PendantCluster,71,-66,-48.2,"Nested pendant cluster (depth 6): Capped to 71 AADT (26% of 2 entry roads (Eagle Dr; Lakeside Dr): 274)"
110416450223,Cedar Trl,INTERPOLATED,4396,False,NONE,4396,0,0,"No constraint needed"
1102970392519,Lakeview Trl,INTERPOLATED,4292,False,NONE,4292,0,0,"No constraint needed"
110416471749,Buckboard Trl,INTERPOLATED,5703,False,NONE,5703,0,0,"No constraint needed"
110416470474,Comanche Trl,INTERPOLATED,4390,False,NONE,4390,0,0,"No constraint needed"
110416466539,Caraway Dr,INTERPOLATED,3738,True,PendantCluster,134,-3604,-96.4,"Nested pendant cluster (depth 8): Capped to 134 AADT (17% of entry road 'Western Lake Dr': 801)"
110416479565,Hitching Post Dr,INTERPOLATED,4615,False,NONE,4615,0,0,"No constraint needed"
110416478056,Cedar Ridge Dr,INTERPOLATED,3196,False,NONE,3196,0,0,"No constraint needed"
1102466298542,Onyx Ct,INTERPOLATED,3857,True,PendantCluster,2456,-1401,-36.3,"Nested pendant cluster (depth 2): Capped to 2;456 AADT (64% of entry road 'Opal Dr': 3;839)"
110416475936,Cartwright Rd,INTERPOLATED,3,True,PendantCluster,0,-3,-100,"Nested pendant cluster (depth 12): Capped to 0 AADT (7% of entry road 'Cartwright Rd': 3)"
110416491437,Unknown Road,INTERPOLATED,8885,True,PendantCluster,5415,-3470,-39.1,"Nested pendant cluster (depth 2): Capped to 5;415 AADT (64% of entry road 'S FM 51': 8;462)"
110416463379,Trace Dr,INTERPOLATED,6176,False,NONE,6176,0,0,"No constraint needed"
110416471571,Woodmont Dr,INTERPOLATED,440,True,PendantCluster,294,-146,-33.2,"Nested pendant cluster (depth 4): Capped to 294 AADT (41% of entry road 'New Tin Top Rd': 718)"
110416476300,Greenridge Dr,INTERPOLATED,410,True,PendantCluster,77,-333,-81.2,"Nested pendant cluster (depth 6): Capped to 77 AADT (26% of entry road 'Hillcroft Dr': 294)"
110416492116,Unknown Road,ACTUAL_COUNT,2380,False,NONE,2380,0,0,"No constraint needed"
1102200932010,Unknown Road,INTERPOLATED,54215,False,NONE,54215,0,0,"No constraint needed"
110416446705,Pine St,INTERPOLATED,4164,False,NONE,4164,0,0,"No constraint needed"
110416465527,Majors,INTERPOLATED,4624,False,NONE,4624,0,0,"No constraint needed"
110416451961,Davis St,INTERPOLATED,7727,False,NONE,7727,0,0,"No constraint needed"
110416491973,Unknown Road,INTERPOLATED,4745,False,NONE,4745,0,0,"No constraint needed"
110416463906,Atwood Rd,INTERPOLATED,3986,False,NONE,3986,0,0,"No constraint needed"
1102970390412,Unknown Road,INTERPOLATED,9690,False,NONE,9690,0,0,"No constraint needed"
110416465664,Myrtle Ln,INTERPOLATED,4106,False,NONE,4106,0,0,"No constraint needed"
1103717632929,Unknown Road,INTERPOLATED,542,False,NONE,542,0,0,"No constraint needed"
110416491382,Unknown Road,INTERPOLATED,4290,False,NONE,4290,0,0,"No constraint needed"
110416466036,Sylvia St,INTERPOLATED,9416,True,PendantCluster,600,-8816,-93.6,"Nested pendant cluster (depth 6): Capped to 600 AADT (26% of entry road 'Patti Pl': 2;291)"
1102466591023,Jones R V Park Rd,INTERPOLATED,186301,False,NONE,186301,0,0,"No constraint needed"
110416471427,Sycamore St,INTERPOLATED,3230,False,NONE,3230,0,0,"No constraint needed"
110416491738,Unknown Road,INTERPOLATED,4009,False,NONE,4009,0,0,"No constraint needed"
1102200936273,Unknown Road,INTERPOLATED,172,True,PendantCluster,63,-109,-63.4,"Nested pendant cluster (depth 4): Capped to 63 AADT (41% of entry road 'Palo Pinto St': 156)"
1107090144117,Lake Mineral Wells State Trailway,ACTUAL_COUNT,267,False,NONE,267,0,0,"No constraint needed"
1102466259430,Unknown Road,ACTUAL_COUNT,392,False,NONE,392,0,0,"No constraint needed"
1102970393750,Ft Worth Hwy,ACTUAL_COUNT,1696,False,NONE,1696,0,0,"No constraint needed"
1104472874716,Unknown Road,INTERPOLATED,1392,False,NONE,1392,0,0,"No constraint needed"
110416490682,Unknown Road,INTERPOLATED,1782,True,PendantCluster,692,-1090,-61.2,"Nested pendant cluster (depth 4): Capped to 692 AADT (41% of entry road 'Unknown Road': 1;690)"
110416490681,Unknown Road,INTERPOLATED,1811,True,PendantCluster,362,-1449,-80,"Nested pendant cluster (depth 6): Capped to 362 AADT (26% of 2 entry roads (Unknown Road; Unknown Road): 1;384)"
1102466591064,Unknown Road,INTERPOLATED,1619,False,NONE,1619,0,0,"No constraint needed"
1102200922816,Unknown Road,INTERPOLATED,348,False,NONE,348,0,0,"No constraint needed"
110416465720,Norman Dr,INTERPOLATED,153,False,NONE,153,0,0,"No constraint needed"
110416492650,Unknown Road,INTERPOLATED,198,False,NONE,198,0,0,"No constraint needed"
110416489697,Unknown Road,INTERPOLATED,1790,False,NONE,1790,0,0,"No constraint needed"
110416477436,Shadow Run,INTERPOLATED,1780,True,PendantCluster,30,-1750,-98.3,"Nested pendant cluster (depth 8): Capped to 30 AADT (17% of entry road 'Oak Tree Ln': 180)"
110416466369,Airport Rd,INTERPOLATED,1777,False,NONE,1777,0,0,"No constraint needed"
110416466916,Johnson Dr,INTERPOLATED,2724,False,NONE,2724,0,0,"No constraint needed"
110416491526,Unknown Road,INTERPOLATED,2768,False,NONE,2768,0,0,"No constraint needed"
110416474664,Scroggins Ave,INTERPOLATED,2745,False,NONE,2745,0,0,"No constraint needed"
1103690719593,Sugar Tree Dr,INTERPOLATED,662,True,PendantCluster,63,-599,-90.5,"Nested pendant cluster (depth 6): Capped to 63 AADT (26% of entry road 'Sugar Tree Dr': 242)"
1102200926154,Unknown Road,INTERPOLATED,1280,False,NONE,1280,0,0,"No constraint needed"
110416490690,Unknown Road,INTERPOLATED,1785,True,PendantCluster,1690,-95,-5.3,"Nested pendant cluster (depth 2): Capped to 1;690 AADT (64% of 3 entry roads (Mineral Wells Hwy; Unknown Road; ...): 2;641)"
1102200926097,Unknown Road,INTERPOLATED,1616,False,NONE,1616,0,0,"No constraint needed"
1102466591483,Hobson Ln,INTERPOLATED,736,False,NONE,736,0,0,"No constraint needed"
110416471008,Mesquite Dr,INTERPOLATED,138,False,NONE,138,0,0,"No constraint needed"
1102970400827,Houston St,INTERPOLATED,143,False,NONE,143,0,0,"No constraint needed"
110416477221,Palo Pinto St,INTERPOLATED,156,False,NONE,156,0,0,"No constraint needed"
110416491504,Unknown Road,INTERPOLATED,3342,False,NONE,3342,0,0,"No constraint needed"
110416479450,Cedar Springs Ct,INTERPOLATED,1314,True,PendantCluster,524,-790,-60.1,"Nested pendant cluster (depth 6): Capped to 524 AADT (26% of 2 entry roads (Cedar Springs Ln; Cedar Springs Ct): 2;002)"
110416492089,Unknown Road,INTERPOLATED,1568,True,PendantCluster,1004,-564,-36,"Nested pendant cluster (depth 6): Capped to 1;004 AADT (26% of 3 entry roads (Unknown Road; Unknown Road; ...): 3;833)"
110416462440,River Dr,INTERPOLATED,967,True,PendantCluster,354,-613,-63.4,"Nested pendant cluster (depth 4): Capped to 354 AADT (41% of entry road 'Dude Ln': 865)"
110416492090,Unknown Road,INTERPOLATED,1473,True,PendantCluster,881,-592,-40.2,"Nested pendant cluster (depth 6): Capped to 881 AADT (26% of 3 entry roads (Unknown Road; Unknown Road; ...): 3;364)"
110416467289,Sanchez Ct,INTERPOLATED,2745,True,PendantCluster,1584,-1161,-42.3,"Nested pendant cluster (depth 4): Capped to 1;584 AADT (41% of 2 entry roads (Unknown Road; Sanchez Ct): 3;869)"
110416490388,Unknown Road,INTERPOLATED,579,True,PendantCluster,220,-359,-62,"Nested pendant cluster (depth 6): Capped to 220 AADT (26% of 2 entry roads (Unknown Road; Unknown Road): 840)"
1102466337242,Unknown Road,INTERPOLATED,464,False,NONE,464,0,0,"No constraint needed"
1102466720668,Unknown Road,INTERPOLATED,1138,True,PendantCluster,379,-759,-66.7,"Nested pendant cluster (depth 4): Capped to 379 AADT (41% of 2 entry roads (Unknown Road; Unknown Road): 927)"
1102200933337,Unknown Road,INTERPOLATED,1697,True,PendantCluster,1173,-524,-30.9,"Nested pendant cluster (depth 2): Capped to 1;173 AADT (64% of entry road 'Mini Ranch Dr': 1;834)"
110416466008,Sunset Trl,INTERPOLATED,753,True,PendantCluster,82,-671,-89.1,"Nested pendant cluster (depth 6): Capped to 82 AADT (26% of entry road 'Hereford Ln': 313)"
110416462167,Trl Ridge,INTERPOLATED,2018,True,PendantCluster,50,-1968,-97.5,"Nested pendant cluster (depth 8): Capped to 50 AADT (17% of entry road 'Trl Ridge': 300)"
110416479166,Olive Branch Rd,INTERPOLATED,1845,False,NONE,1845,0,0,"No constraint needed"
1102200935906,Unknown Road,INTERPOLATED,145080,False,NONE,145080,0,0,"No constraint needed"
110416464295,Condor Vw,INTERPOLATED,1898,True,PendantCluster,39,-1859,-97.9,"Nested pendant cluster (depth 8): Capped to 39 AADT (17% of entry road 'Pinnacle Peak Ln': 234)"
110416446721,Ping Ct,INTERPOLATED,1950,True,PendantCluster,34,-1916,-98.3,"Nested pendant cluster (depth 8): Capped to 34 AADT (17% of entry road 'Club House Dr': 205)"
1102200928002,Unknown Road,INTERPOLATED,3063,False,NONE,3063,0,0,"No constraint needed"
1102200928381,Unknown Road,INTERPOLATED,3022,True,PendantCluster,1790,-1232,-40.8,"Nested pendant cluster (depth 2): Capped to 1;790 AADT (64% of entry road 'Country Place Rd': 2;798)"
110416446761,Rice Ln,INTERPOLATED,78,True,PendantCluster,44,-34,-43.6,"Nested pendant cluster (depth 4): Capped to 44 AADT (41% of 2 entry roads (Unknown Road; Rice Ln): 109)"
1102200921757,Unknown Road,INTERPOLATED,3239,False,NONE,3239,0,0,"No constraint needed"
1102466606173,Diamond Ridge Ln,INTERPOLATED,1247,True,PendantCluster,412,-835,-67,"Nested pendant cluster (depth 6): Capped to 412 AADT (26% of 2 entry roads (Falcons Eye Ct; Diamond Ridge Ln): 1;573)"
110416492099,Unknown Road,INTERPOLATED,1662,True,PendantCluster,1070,-592,-35.6,"Nested pendant cluster (depth 2): Capped to 1;070 AADT (64% of entry road 'Consolation Dr': 1;672)"
1102200943257,Unknown Road,INTERPOLATED,1027,True,PendantCluster,301,-726,-70.7,"Nested pendant cluster (depth 6): Capped to 301 AADT (26% of 2 entry roads (Unknown Road; Unknown Road): 1;150)"
110416490125,Unknown Road,INTERPOLATED,1215,True,PendantCluster,575,-640,-52.7,"Nested pendant cluster (depth 4): Capped to 575 AADT (41% of entry road 'Hiner Rd': 1;406)"
1102200925030,Unknown Road,INTERPOLATED,380,True,PendantCluster,89,-291,-76.6,"Nested pendant cluster (depth 4): Capped to 89 AADT (41% of entry road 'York Ln': 218)"
110416477753,White Rock Ct,INTERPOLATED,1758,True,PendantCluster,1127,-631,-35.9,"Nested pendant cluster (depth 2): Capped to 1;127 AADT (64% of entry road 'Whiterock Ct': 1;762)"
1102466259465,Unknown Road,INTERPOLATED,1926,False,NONE,1926,0,0,"No constraint needed"
1102466311739,Unknown Road,INTERPOLATED,215,True,PendantCluster,0,-215,-100,"Nested pendant cluster (depth 12): Capped to 0 AADT (7% of entry road 'Unknown Road': 4)"
1102200927770,Unknown Road,INTERPOLATED,4771,False,NONE,4771,0,0,"No constraint needed"
1102466337107,Unknown Road,INTERPOLATED,214,True,PendantCluster,0,-214,-100,"Nested pendant cluster (depth 60): Capped to 0 AADT (0% of entry road 'Unknown Road': 213)"
1102466305984,Forest Creek Cir,INTERPOLATED,1683,True,PendantCluster,224,-1459,-86.7,"Nested pendant cluster (depth 4): Capped to 224 AADT (41% of entry road 'Saddle Club Rd': 547)"
1102200925208,Town Oaks Mhp,INTERPOLATED,7123,False,NONE,7123,0,0,"No constraint needed"
110416489875,Unknown Road,INTERPOLATED,4948,True,PendantCluster,2019,-2929,-59.2,"Nested pendant cluster (depth 4): Capped to 2;019 AADT (41% of entry road 'Wiggs Ln': 4;931)"
110416491254,Unknown Road,INTERPOLATED,4753,True,PendantCluster,1800,-2953,-62.1,"Nested pendant cluster (depth 4): Capped to 1;800 AADT (41% of entry road 'Country Club Ln': 4;395)"
1102200920169,Deerfield Blvd,INTERPOLATED,3188,False,NONE,3188,0,0,"No constraint needed"
1102200938018,Cartwright Dr,INTERPOLATED,4010,False,NONE,4010,0,0,"No constraint needed"
1102200942041,Unknown Road,INTERPOLATED,3410,True,PendantCluster,459,-2951,-86.5,"Nested pendant cluster (depth 6): Capped to 459 AADT (26% of entry road 'Shanes Ln': 1;752)"
110416492308,Unknown Road,NO_DATA,0,False,NONE,0,0,0,"No constraint needed"
1102466601278,Unknown Road,INTERPOLATED,569,True,PendantCluster,89,-480,-84.4,"Nested pendant cluster (depth 6): Capped to 89 AADT (26% of 2 entry roads (Unknown Road; Unknown Road): 342)"
1102200936872,Oakbend Ct,INTERPOLATED,1718,True,PendantCluster,411,-1307,-76.1,"Nested pendant cluster (depth 4): Capped to 411 AADT (41% of entry road 'Overton Ridge Cir': 1;004)"
110416492594,Unknown Road,INTERPOLATED,1296,True,PendantCluster,414,-882,-68.1,"Nested pendant cluster (depth 2): Capped to 414 AADT (64% of entry road 'Tidwell Rd': 648)"
110416467244,Russell Ln,INTERPOLATED,1277,True,PendantCluster,414,-863,-67.6,"Nested pendant cluster (depth 2): Capped to 414 AADT (64% of entry road 'Tidwell Rd': 648)"
1104258580542,Unknown Road,INTERPOLATED,396,True,PendantCluster,294,-102,-25.8,"Nested pendant cluster (depth 4): Capped to 294 AADT (41% of entry road 'New Tin Top Rd': 718)"
1102200956743,Unknown Road,INTERPOLATED,396,True,PendantCluster,294,-102,-25.8,"Nested pendant cluster (depth 4): Capped to 294 AADT (41% of entry road 'New Tin Top Rd': 718)"
110416445832,Ames Cir,INTERPOLATED,3672,True,PendantCluster,2005,-1667,-45.4,"Nested pendant cluster (depth 2): Capped to 2;005 AADT (64% of entry road 'Scarlett Rd': 3;133)"
1102200928632,Unknown Road,INTERPOLATED,351,False,NONE,351,0,0,"No constraint needed"
1102200943005,Unknown Road,INTERPOLATED,3374,True,PendantCluster,459,-2915,-86.4,"Nested pendant cluster (depth 6): Capped to 459 AADT (26% of entry road 'Shanes Ln': 1;752)"
1102200946780,Prairie Ln,INTERPOLATED,3605,True,PendantCluster,775,-2830,-78.5,"Nested pendant cluster (depth 2): Capped to 775 AADT (64% of entry road 'Old Brock Rd': 1;211)"
110416490531,Unknown Road,INTERPOLATED,154,True,PendantCluster,63,-91,-59.1,"Nested pendant cluster (depth 4): Capped to 63 AADT (41% of entry road 'Unknown Road': 155)"
1104472801924,Unknown Road,ACTUAL_COUNT,5278,False,NONE,5278,0,0,"No constraint needed"
110416445992,Dean Rd,INTERPOLATED,3111,False,NONE,3111,0,0,"No constraint needed"
1103613658095,Laurel Valley Ct,INTERPOLATED,5239,True,PendantCluster,3565,-1674,-32,"Nested pendant cluster (depth 2): Capped to 3;565 AADT (64% of entry road 'Fox Point Cir': 5;571)"
11016954855736,Emerald Way,INTERPOLATED,4124,True,PendantCluster,1033,-3091,-75,"Nested pendant cluster (depth 4): Capped to 1;033 AADT (41% of entry road 'Unknown Road': 2;524)"
1103701318602,Unknown Road,INTERPOLATED,4125,True,PendantCluster,1033,-3092,-75,"Nested pendant cluster (depth 4): Capped to 1;033 AADT (41% of entry road 'Unknown Road': 2;524)"
1103701318596,Unknown Road,INTERPOLATED,4124,True,PendantCluster,1033,-3091,-75,"Nested pendant cluster (depth 4): Capped to 1;033 AADT (41% of entry road 'Unknown Road': 2;524)"
110416452913,Doyle Rd,INTERPOLATED,15595,False,NONE,15595,0,0,"No constraint needed"
1104473233641,Sweetwater Dr,INTERPOLATED,3729,False,NONE,3729,0,0,"No constraint needed"
1103435678470,Unknown Road,INTERPOLATED,143,True,PendantCluster,90,-53,-37.1,"Nested pendant cluster (depth 2): Capped to 90 AADT (64% of entry road 'Young Rd': 141)"
110416480271,Twin Oaks Mobile Park,INTERPOLATED,63,True,PendantCluster,7,-56,-88.9,"Nested pendant cluster (depth 10): Capped to 7 AADT (11% of 2 entry roads (Unknown Road; Twin Oaks Mobile Park): 69)"
1104473155924,Unknown Road,INTERPOLATED,7476,False,NONE,7476,0,0,"No constraint needed"
1104473155921,Unknown Road,INTERPOLATED,6406,False,NONE,6406,0,0,"No constraint needed"
1104468909726,Oak Bend Trl,INTERPOLATED,474,False,NONE,474,0,0,"No constraint needed"
1105576278029,Unknown Road,INTERPOLATED,12649,True,PendantCluster,840,-11809,-93.4,"Nested pendant cluster (depth 2): Capped to 840 AADT (64% of entry road 'Old Brock Rd': 1;314)"
1102200950876,English Lake Ct,INTERPOLATED,1897,True,PendantCluster,325,-1572,-82.9,"Nested pendant cluster (depth 4): Capped to 325 AADT (41% of entry road 'Buckingham Ct': 794)"
1102200939639,Unknown Road,INTERPOLATED,1059,False,NONE,1059,0,0,"No constraint needed"
110416489505,Unknown Road,INTERPOLATED,1071,False,NONE,1071,0,0,"No constraint needed"
1104258677386,Unknown Road,INTERPOLATED,248101,False,NONE,248101,0,0,"No constraint needed"
110416490949,Unknown Road,INTERPOLATED,2918,False,NONE,2918,0,0,"No constraint needed"
110416447473,Angie Ln,INTERPOLATED,3352,True,PendantCluster,1719,-1633,-48.7,"Nested pendant cluster (depth 4): Capped to 1;719 AADT (41% of 2 entry roads (Kristi Way; Keri Ct): 4;199)"
1102200923752,Unknown Road,INTERPOLATED,3592,False,NONE,3592,0,0,"No constraint needed"
110416491426,Unknown Road,INTERPOLATED,1822,True,PendantCluster,840,-982,-53.9,"Nested pendant cluster (depth 2): Capped to 840 AADT (64% of entry road 'Old Brock Rd': 1;314)"
110416490161,Unknown Road,INTERPOLATED,475,True,PendantCluster,21,-454,-95.6,"Nested pendant cluster (depth 14): Capped to 21 AADT (4% of 2 entry roads (Unknown Road; Unknown Road): 484)"
110416490162,Unknown Road,INTERPOLATED,482,True,PendantCluster,1,-481,-99.8,"Nested pendant cluster (depth 14): Capped to 1 AADT (4% of 2 entry roads (Unknown Road; Unknown Road): 23)"
110416492115,Unknown Road,INTERPOLATED,398,True,PendantCluster,5,-393,-98.7,"Nested pendant cluster (depth 10): Capped to 5 AADT (11% of 2 entry roads (Unknown Road; Unknown Road): 53)"
1104472805305,Unknown Road,INTERPOLATED,308618,True,PendantCluster,201960,-106658,-34.6,"Nested pendant cluster (depth 2): Capped to 201;960 AADT (64% of entry road 'Unknown Road': 315;563)"
110416471905,El Colina Rd,INTERPOLATED,3226,False,NONE,3226,0,0,"No constraint needed"
110416490149,Unknown Road,INTERPOLATED,1311,True,PendantCluster,1191,-120,-9.2,"Nested pendant cluster (depth 2): Capped to 1;191 AADT (64% of entry road 'Taylor Rd': 1;861)"
11016955050708,Star Dust Trl,INTERPOLATED,1146,True,PendantCluster,13,-1133,-98.9,"Nested pendant cluster (depth 8): Capped to 13 AADT (17% of entry road 'Lazy Creek Xing': 78)"
1103928167729,Creek Meadow Ct,INTERPOLATED,386,True,PendantCluster,339,-47,-12.2,"Nested pendant cluster (depth 4): Capped to 339 AADT (41% of 2 entry roads (Treeline Ct; Sugartree Cir): 829)"
110416490832,Unknown Road,INTERPOLATED,1151,False,NONE,1151,0,0,"No constraint needed"
1102466534292,Unknown Road,INTERPOLATED,1720,False,NONE,1720,0,0,"No constraint needed"
110416490114,Unknown Road,INTERPOLATED,1625,True,PendantCluster,685,-940,-57.8,"Nested pendant cluster (depth 2): Capped to 685 AADT (64% of entry road 'Lone Star Rd': 1;071)"
110416490138,Unknown Road,INTERPOLATED,1141,True,PendantCluster,746,-395,-34.6,"Nested pendant cluster (depth 2): Capped to 746 AADT (64% of entry road 'Jordan Rd': 1;166)"
110416467220,Red Top Rd,INTERPOLATED,1457,False,NONE,1457,0,0,"No constraint needed"
1102466882129,Unknown Road,INTERPOLATED,1376,False,NONE,1376,0,0,"No constraint needed"
110416447263,Adell Cir,INTERPOLATED,3955,False,NONE,3955,0,0,"No constraint needed"
110416490129,Unknown Road,INTERPOLATED,1403,False,NONE,1403,0,0,"No constraint needed"
110416489813,Unknown Road,ACTUAL_COUNT,1979,False,NONE,1979,0,0,"No constraint needed"
1103690717135,Seaberry,ACTUAL_COUNT,749,False,NONE,749,0,0,"No constraint needed"
1103690719965,College St,INTERPOLATED,1712,False,NONE,1712,0,0,"No constraint needed"
110416492721,Unknown Road,INTERPOLATED,735,False,NONE,735,0,0,"No constraint needed"
1104468622442,Cornstubble Ln,INTERPOLATED,2146,True,PendantCluster,1178,-968,-45.1,"Nested pendant cluster (depth 4): Capped to 1;178 AADT (41% of 2 entry roads (Unknown Road; Cornstubble Ln): 2;877)"
110416492155,Unknown Road,INTERPOLATED,1194,False,NONE,1194,0,0,"No constraint needed"
110416492164,Unknown Road,INTERPOLATED,1236,True,PendantCluster,411,-825,-66.7,"Nested pendant cluster (depth 2): Capped to 411 AADT (64% of entry road 'E Dry Creek Rd': 643)"
110416492150,Unknown Road,INTERPOLATED,1124,False,NONE,1124,0,0,"No constraint needed"
1102988770843,Unknown Road,INTERPOLATED,1197,False,NONE,1197,0,0,"No constraint needed"
110416474571,Quail Run Rd,INTERPOLATED,6225,False,NONE,6225,0,0,"No constraint needed"
110416471408,Stafford Rd,INTERPOLATED,10670,False,NONE,10670,0,0,"No constraint needed"
110416492240,Unknown Road,INTERPOLATED,2577,False,NONE,2577,0,0,"No constraint needed"
110416474492,Oil Lease,INTERPOLATED,835,False,NONE,835,0,0,"No constraint needed"
11033373595597,Creek Bend Dr,INTERPOLATED,1620,False,NONE,1620,0,0,"No constraint needed"
110416465485,Loggins Trl,INTERPOLATED,927,False,NONE,927,0,0,"No constraint needed"
1103690719847,Unknown Road,INTERPOLATED,1547,False,NONE,1547,0,0,"No constraint needed"
110416490209,Unknown Road,INTERPOLATED,1403,False,NONE,1403,0,0,"No constraint needed"
110416450134,Carey Ln,INTERPOLATED,1168,True,PendantCluster,820,-348,-29.8,"Nested pendant cluster (depth 2): Capped to 820 AADT (64% of entry road 'Midway Dr': 1;282)"
1103690717871,Holiday Hills Dr,INTERPOLATED,1261,True,PendantCluster,661,-600,-47.6,"Nested pendant cluster (depth 6): Capped to 661 AADT (26% of 2 entry roads (Holiday Hills Dr; Bellaire Cir): 2;522)"
110416463976,Barnes Dr,INTERPOLATED,1274,False,NONE,1274,0,0,"No constraint needed"
110416471255,Precinct Rd,ACTUAL_COUNT,885,False,NONE,885,0,0,"No constraint needed"
11032815667424,Unknown Road,INTERPOLATED,2083,False,NONE,2083,0,0,"No constraint needed"
110416490297,Unknown Road,INTERPOLATED,2015,True,PendantCluster,1163,-852,-42.3,"Nested pendant cluster (depth 2): Capped to 1;163 AADT (64% of entry road 'Sweet Springs Rd': 1;818)"
110416464066,Bishop Dr,INTERPOLATED,242,True,PendantCluster,40,-202,-83.5,"Nested pendant cluster (depth 8): Capped to 40 AADT (17% of entry road 'Bishop Dr': 242)"
110416491313,Unknown Road,INTERPOLATED,638,False,NONE,638,0,0,"No constraint needed"
110416489981,Unknown Road,ACTUAL_COUNT,504,False,NONE,504,0,0,"No constraint needed"
1102970393728,Unknown Road,INTERPOLATED,496,False,NONE,496,0,0,"No constraint needed"
1103478444379,Unknown Road,INTERPOLATED,1056,True,PendantCluster,599,-457,-43.3,"Nested pendant cluster (depth 2): Capped to 599 AADT (64% of entry road 'Old Mineral Wells Hwy': 937)"
11016955110165,Mike Thornton Ct,INTERPOLATED,196,True,PendantCluster,38,-158,-80.6,"Nested pendant cluster (depth 8): Capped to 38 AADT (17% of 2 entry roads (Woody Williams Ct; Mike Thornton Ct): 228)"
11016955065912,Bruce Crandall Ct,INTERPOLATED,772,True,PendantCluster,242,-530,-68.7,"Nested pendant cluster (depth 4): Capped to 242 AADT (41% of entry road 'Mike Thornton Ct': 593)"
1104745390754,Unknown Road,INTERPOLATED,1691,False,NONE,1691,0,0,"No constraint needed"
110416492208,Unknown Road,INTERPOLATED,1041,False,NONE,1041,0,0,"No constraint needed"
1103478459283,Unknown Road,INTERPOLATED,414,True,PendantCluster,244,-170,-41.1,"Nested pendant cluster (depth 2): Capped to 244 AADT (64% of entry road 'N Lambert Rd': 382)"
110416489531,Unknown Road,INTERPOLATED,1635,True,PendantCluster,293,-1342,-82.1,"Nested pendant cluster (depth 2): Capped to 293 AADT (64% of entry road 'McClendon Rd': 458)"
110416491689,Unknown Road,INTERPOLATED,1717,True,PendantCluster,293,-1424,-82.9,"Nested pendant cluster (depth 2): Capped to 293 AADT (64% of entry road 'McClendon Rd': 458)"
11016955090701,Rock Springs Rd,INTERPOLATED,1548,True,PendantCluster,293,-1255,-81.1,"Nested pendant cluster (depth 2): Capped to 293 AADT (64% of entry road 'McClendon Rd': 458)"
110416489849,Unknown Road,INTERPOLATED,911,True,PendantCluster,486,-425,-46.7,"Nested pendant cluster (depth 2): Capped to 486 AADT (64% of entry road 'Weiland Rd': 760)"
110416490434,Unknown Road,INTERPOLATED,2170,True,PendantCluster,652,-1518,-70,"Nested pendant cluster (depth 4): Capped to 652 AADT (41% of entry road 'Shoreline Cir': 1;592)"
110416478440,Ridge Crest Dr,INTERPOLATED,1528,True,PendantCluster,425,-1103,-72.2,"Nested pendant cluster (depth 2): Capped to 425 AADT (64% of entry road 'Zion Hill Loop': 665)"
1102200933575,Unknown Road,INTERPOLATED,11212,False,NONE,11212,0,0,"No constraint needed"
110416492274,Unknown Road,INTERPOLATED,496,True,PendantCluster,239,-257,-51.8,"Nested pendant cluster (depth 6): Capped to 239 AADT (26% of entry road 'Unknown Road': 913)"
110416490258,Unknown Road,INTERPOLATED,5573,True,PendantCluster,1565,-4008,-71.9,"Nested pendant cluster (depth 2): Capped to 1;565 AADT (64% of entry road 'FM 1885': 2;446)"
110416490273,Unknown Road,INTERPOLATED,3136,False,NONE,3136,0,0,"No constraint needed"
110416458701,Maple St,INTERPOLATED,242,True,PendantCluster,126,-116,-47.9,"Nested pendant cluster (depth 6): Capped to 126 AADT (26% of 2 entry roads (Fir St; Maple St): 484)"
1102466748945,Unknown Road,INTERPOLATED,736,False,NONE,736,0,0,"No constraint needed"
1103530337981,Coldwater Creek Ln,INTERPOLATED,748,True,PendantCluster,239,-509,-68,"Nested pendant cluster (depth 4): Capped to 239 AADT (41% of entry road 'N Star Crossing Ln': 584)"
110416491885,Unknown Road,INTERPOLATED,2057,False,NONE,2057,0,0,"No constraint needed"
110416446041,Duke Trl,INTERPOLATED,279,True,PendantCluster,54,-225,-80.6,"Nested pendant cluster (depth 8): Capped to 54 AADT (17% of 2 entry roads (Cahill Ct; Duke Trl): 325)"
110416492553,Unknown Road,INTERPOLATED,1126,False,NONE,1126,0,0,"No constraint needed"
110416477634,Tabernacle St,INTERPOLATED,990,False,NONE,990,0,0,"No constraint needed"
110416490459,Unknown Road,INTERPOLATED,995,True,PendantCluster,633,-362,-36.4,"Nested pendant cluster (depth 2): Capped to 633 AADT (64% of entry road 'Tabernacle St': 990)"
110416492400,Unknown Road,INTERPOLATED,10732,True,PendantCluster,3405,-7327,-68.3,"Nested pendant cluster (depth 2): Capped to 3;405 AADT (64% of entry road 'Cowley Rd': 5;321)"
110416490311,Unknown Road,INTERPOLATED,2798,True,PendantCluster,818,-1980,-70.8,"Nested pendant cluster (depth 4): Capped to 818 AADT (41% of entry road 'Old Oran Rd': 1;998)"
110416490471,Unknown Road,INTERPOLATED,1001,False,NONE,1001,0,0,"No constraint needed"
1105598417659,Jolin Ln,INTERPOLATED,1206,True,PendantCluster,433,-773,-64.1,"Nested pendant cluster (depth 2): Capped to 433 AADT (64% of entry road 'Green Acres Rd': 678)"
110416489910,Unknown Road,INTERPOLATED,2426,True,PendantCluster,583,-1843,-76,"Nested pendant cluster (depth 4): Capped to 583 AADT (41% of entry road 'Spanish Ter': 1;425)"
110416492197,Unknown Road,INTERPOLATED,904,False,NONE,904,0,0,"No constraint needed"
11016955195318,Unknown Road,INTERPOLATED,834,False,NONE,834,0,0,"No constraint needed"
110416492186,Unknown Road,INTERPOLATED,1045,False,NONE,1045,0,0,"No constraint needed"
1102200927242,Unknown Road,INTERPOLATED,733,False,NONE,733,0,0,"No constraint needed"
110416492168,Unknown Road,INTERPOLATED,710,False,NONE,710,0,0,"No constraint needed"
110416492169,Unknown Road,INTERPOLATED,1043,False,NONE,1043,0,0,"No constraint needed"
1104745390756,Unknown Road,INTERPOLATED,704,False,NONE,704,0,0,"No constraint needed"
110416490018,Unknown Road,INTERPOLATED,1044,False,NONE,1044,0,0,"No constraint needed"
110416466244,Wagner,INTERPOLATED,1073,False,NONE,1073,0,0,"No constraint needed"
1104745390748,Unknown Road,INTERPOLATED,957,False,NONE,957,0,0,"No constraint needed"
110416489669,Unknown Road,INTERPOLATED,1175,False,NONE,1175,0,0,"No constraint needed"
110416464573,Gorgas St,INTERPOLATED,1456,False,NONE,1456,0,0,"No constraint needed"
110416490720,Unknown Road,INTERPOLATED,1268,False,NONE,1268,0,0,"No constraint needed"
1102466697769,Morris Ct,INTERPOLATED,1225,True,PendantCluster,641,-584,-47.7,"Nested pendant cluster (depth 4): Capped to 641 AADT (41% of 2 entry roads (Leatherman Ln; Sarahs Ct): 1;567)"
1102638240038,Unknown Road,INTERPOLATED,371,False,NONE,371,0,0,"No constraint needed"
110416489499,Unknown Road,INTERPOLATED,1547,False,NONE,1547,0,0,"No constraint needed"
1102466504440,Unknown Road,INTERPOLATED,1040,False,NONE,1040,0,0,"No constraint needed"
110416477175,Mount Zion Rd,INTERPOLATED,1619,True,PendantCluster,532,-1087,-67.1,"Nested pendant cluster (depth 4): Capped to 532 AADT (41% of entry road 'Highpoint Rd': 1;300)"
110416492031,Unknown Road,INTERPOLATED,1680,False,NONE,1680,0,0,"No constraint needed"
110416464117,Broken Rd,INTERPOLATED,1169,False,NONE,1169,0,0,"No constraint needed"
110416479664,Oxford School Ln,INTERPOLATED,3032,True,PendantCluster,996,-2036,-67.2,"Nested pendant cluster (depth 4): Capped to 996 AADT (41% of entry road 'Docs Rd': 2;434)"
110416489916,Unknown Road,INTERPOLATED,1810,True,PendantCluster,685,-1125,-62.2,"Nested pendant cluster (depth 2): Capped to 685 AADT (64% of entry road 'Lone Star Rd': 1;071)"
1102466882137,Unknown Road,INTERPOLATED,1370,False,NONE,1370,0,0,"No constraint needed"
110416445585,Fox Ln,INTERPOLATED,3806,True,PendantCluster,3189,-617,-16.2,"Nested pendant cluster (depth 2): Capped to 3;189 AADT (64% of entry road 'Ballard Rd': 4;984)"
1104470397476,Unknown Road,INTERPOLATED,1318,True,PendantCluster,239,-1079,-81.9,"Nested pendant cluster (depth 4): Capped to 239 AADT (41% of entry road 'Unknown Road': 585)"
1102200930550,Unknown Road,INTERPOLATED,1522,True,PendantCluster,369,-1153,-75.8,"Nested pendant cluster (depth 6): Capped to 369 AADT (26% of 2 entry roads (Unknown Road; Unknown Road): 1;408)"
1103690718852,Bowie Rd,INTERPOLATED,946,True,PendantCluster,11,-935,-98.8,"Nested pendant cluster (depth 8): Capped to 11 AADT (17% of entry road 'Crockett Rd': 68)"
110416466844,Houston Rd,INTERPOLATED,974,True,PendantCluster,1,-973,-99.9,"Nested pendant cluster (depth 10): Capped to 1 AADT (11% of entry road 'Bowie Rd': 11)"
110416467053,Naibara Trl,INTERPOLATED,879,False,NONE,879,0,0,"No constraint needed"
1104745390758,Unknown Road,INTERPOLATED,913,False,NONE,913,0,0,"No constraint needed"
1105045575436,Unknown Road,INTERPOLATED,1391,False,NONE,1391,0,0,"No constraint needed"
1102218040521,Unknown Road,INTERPOLATED,998,False,NONE,998,0,0,"No constraint needed"
1102200930651,Unknown Road,INTERPOLATED,346,False,NONE,346,0,0,"No constraint needed"
110416491144,Unknown Road,INTERPOLATED,1402,False,NONE,1402,0,0,"No constraint needed"
1102200950951,Unknown Road,INTERPOLATED,354,True,PendantCluster,224,-130,-36.7,"Nested pendant cluster (depth 2): Capped to 224 AADT (64% of entry road 'Clark Lake Rd': 350)"
1102970397082,Unknown Road,INTERPOLATED,973,False,NONE,973,0,0,"No constraint needed"
1102200956203,Unknown Road,INTERPOLATED,1001,False,NONE,1001,0,0,"No constraint needed"
1102218040519,Unknown Road,INTERPOLATED,1155,False,NONE,1155,0,0,"No constraint needed"
110416490789,Unknown Road,INTERPOLATED,904,True,PendantCluster,865,-39,-4.3,"Nested pendant cluster (depth 2): Capped to 865 AADT (64% of 2 entry roads (Unknown Road; Unknown Road): 1;353)"
1103357116757,Tay Ct,ACTUAL_COUNT,925,True,PendantCluster,583,-342,-37,"Nested pendant cluster (depth 4): Capped to 583 AADT (41% of entry road 'Colonial Creek Ln': 1;425)"
1104475406062,Almaka Dr,INTERPOLATED,1346,True,PendantCluster,411,-935,-69.5,"Nested pendant cluster (depth 2): Capped to 411 AADT (64% of entry road 'E Dry Creek Rd': 643)"
110416492480,Unknown Road,INTERPOLATED,1247,True,PendantCluster,820,-427,-34.2,"Nested pendant cluster (depth 2): Capped to 820 AADT (64% of entry road 'Midway Dr': 1;282)"
110416492452,Unknown Road,INTERPOLATED,1075,True,PendantCluster,529,-546,-50.8,"Nested pendant cluster (depth 2): Capped to 529 AADT (64% of entry road 'Ross Ln': 828)"
1103468279253,Unknown Road,INTERPOLATED,1621,True,PendantCluster,585,-1036,-63.9,"Nested pendant cluster (depth 2): Capped to 585 AADT (64% of entry road 'Leech Rd': 915)"
110416474650,Salt Lick Ct,INTERPOLATED,1472,True,PendantCluster,197,-1275,-86.6,"Nested pendant cluster (depth 4): Capped to 197 AADT (41% of entry road 'Big Salty Ln': 481)"
1103478474526,Unknown Road,INTERPOLATED,1326,True,PendantCluster,826,-500,-37.7,"Nested pendant cluster (depth 2): Capped to 826 AADT (64% of entry road 'Sosebee Bend Rd': 1;291)"
110416476047,Cottontail Ln,INTERPOLATED,6673,False,NONE,6673,0,0,"No constraint needed"
1103690718967,Unknown Road,INTERPOLATED,728,True,PendantCluster,209,-519,-71.3,"Nested pendant cluster (depth 6): Capped to 209 AADT (26% of 2 entry roads (Unknown Road; Unknown Road): 798)"
1103677582778,Unknown Road,INTERPOLATED,729,True,PendantCluster,72,-657,-90.1,"Nested pendant cluster (depth 6): Capped to 72 AADT (26% of 2 entry roads (Unknown Road; Unknown Road): 278)"
110416446643,Odel Dr,INTERPOLATED,948,False,NONE,948,0,0,"No constraint needed"
110416466314,Willow St,INTERPOLATED,2562,True,PendantCluster,63,-2499,-97.5,"Nested pendant cluster (depth 6): Capped to 63 AADT (26% of entry road 'Oak Cir': 242)"
110416470244,Blue Jay Ct,INTERPOLATED,699,True,PendantCluster,260,-439,-62.8,"Nested pendant cluster (depth 8): Capped to 260 AADT (17% of 2 entry roads (Blue Ridge Dr; Blue Jay Ct): 1;551)"
110416471716,Blue Bell Ct,INTERPOLATED,3601,True,PendantCluster,462,-3139,-87.2,"Nested pendant cluster (depth 6): Capped to 462 AADT (26% of entry road 'Blue Ridge Dr': 1;765)"
1103518703033,166 Dr,INTERPOLATED,1176,True,PendantCluster,768,-408,-34.7,"Nested pendant cluster (depth 2): Capped to 768 AADT (64% of entry road 'Falcon Dr': 1;200)"
110416471275,Rambling Trl,ACTUAL_COUNT,19,True,PendantCluster,4,-15,-78.9,"Nested pendant cluster (depth 10): Capped to 4 AADT (11% of 2 entry roads (Rambling Loop; Rambling Trl): 38)"
110416470590,Fiddlers Trl,INTERPOLATED,1348,True,PendantCluster,149,-1199,-88.9,"Nested pendant cluster (depth 2): Capped to 149 AADT (64% of entry road 'White Settlement Rd': 233)"
110416471278,Ranchoma Ct,ACTUAL_COUNT,349,True,PendantCluster,30,-319,-91.4,"Nested pendant cluster (depth 6): Capped to 30 AADT (26% of entry road 'Rambling Trl': 116)"
1102200920996,Unknown Road,NO_DATA,0,False,NONE,0,0,0,"No constraint needed"
1102200938577,Unknown Road,INTERPOLATED,307,True,PendantCluster,135,-172,-56,"Nested pendant cluster (depth 6): Capped to 135 AADT (26% of 2 entry roads (US Hwy 377; Unknown Road): 518)"
110416470891,Live Oak Dr,INTERPOLATED,1782,False,NONE,1782,0,0,"No constraint needed"
1106092755864,Ridge Hill Dr,INTERPOLATED,2700,False,NONE,2700,0,0,"No constraint needed"
110416466940,Kortney Dr,INTERPOLATED,638,True,PendantCluster,24,-614,-96.2,"Nested pendant cluster (depth 8): Capped to 24 AADT (17% of entry road 'Dustin Cir': 148)"
110416445811,FM 3322,INTERPOLATED,3104,False,NONE,3104,0,0,"No constraint needed"
110416490978,Unknown Road,INTERPOLATED,2313,False,NONE,2313,0,0,"No constraint needed"
1103747791172,Unknown Road,INTERPOLATED,4471,False,NONE,4471,0,0,"No constraint needed"
110416470086,Woodrun Ct,ACTUAL_COUNT,2440,False,NONE,2440,0,0,"No constraint needed"
110416490365,Unknown Road,INTERPOLATED,631,True,PendantCluster,364,-267,-42.3,"Nested pendant cluster (depth 4): Capped to 364 AADT (41% of 2 entry roads (Camelot Ct; Unknown Road): 889)"
110416465675,Navajo Trl,INTERPOLATED,675,True,PendantCluster,389,-286,-42.4,"Nested pendant cluster (depth 4): Capped to 389 AADT (41% of 2 entry roads (Cherokee Ct; Navajo Trl): 951)"
110416465815,Regent Ct,INTERPOLATED,812,False,NONE,812,0,0,"No constraint needed"
1102200936181,Unknown Road,INTERPOLATED,1153,False,NONE,1153,0,0,"No constraint needed"
110416475652,Bluff View Dr,ACTUAL_COUNT,85,False,NONE,85,0,0,"No constraint needed"
110416477202,Northchase Dr,INTERPOLATED,812,False,NONE,812,0,0,"No constraint needed"
110416491579,Unknown Road,INTERPOLATED,2106,True,PendantCluster,2014,-92,-4.4,"Nested pendant cluster (depth 4): Capped to 2;014 AADT (41% of 2 entry roads (Unknown Road; Unknown Road): 4;919)"
110416475957,Clear Fork Cir,INTERPOLATED,650,False,NONE,650,0,0,"No constraint needed"
110416474532,Pitchfork Trl,ACTUAL_COUNT,1089,False,NONE,1089,0,0,"No constraint needed"
1104472782996,Unknown Road,INTERPOLATED,976430,False,NONE,976430,0,0,"No constraint needed"
1103695931635,Waterway Cir,INTERPOLATED,3016,False,NONE,3016,0,0,"No constraint needed"
1103564262596,Atlee Dr,ACTUAL_COUNT,1052,True,PendantCluster,430,-622,-59.1,"Nested pendant cluster (depth 4): Capped to 430 AADT (41% of entry road 'Atlee Dr': 1;052)"
110416470503,Danielle Dr,INTERPOLATED,714,True,PendantCluster,284,-430,-60.2,"Nested pendant cluster (depth 4): Capped to 284 AADT (41% of entry road 'Oakview Dr': 695)"
110416479531,Fredricksburg Ct,INTERPOLATED,690,False,NONE,690,0,0,"No constraint needed"
110416491583,Unknown Road,INTERPOLATED,3177,True,PendantCluster,3016,-161,-5.1,"Nested pendant cluster (depth 2): Capped to 3;016 AADT (64% of 2 entry roads (Annetta Centerpoint Rd; Center Point Rd): 4;714)"
1102466495083,Highbrush Ct,INTERPOLATED,579,True,PendantCluster,2,-577,-99.7,"Nested pendant cluster (depth 10): Capped to 2 AADT (11% of entry road 'Hunterglenn Dr': 23)"
110416467004,McDavid Ct,INTERPOLATED,560,True,PendantCluster,4,-556,-99.3,"Nested pendant cluster (depth 12): Capped to 4 AADT (7% of entry road 'McDavid Dr': 71)"
110416492036,Unknown Road,INTERPOLATED,642,False,NONE,642,0,0,"No constraint needed"
110416491563,Unknown Road,INTERPOLATED,571,True,PendantCluster,426,-145,-25.4,"Nested pendant cluster (depth 4): Capped to 426 AADT (41% of 2 entry roads (Unknown Road; Unknown Road): 1;041)"
110416472034,Greenview Ct,ACTUAL_COUNT,429,True,PendantCluster,33,-396,-92.3,"Nested pendant cluster (depth 8): Capped to 33 AADT (17% of 2 entry roads (Greenview Dr; McDavid Dr): 200)"
110416446693,Pete Dr,INTERPOLATED,9199,False,NONE,9199,0,0,"No constraint needed"
1102638173409,Unknown Road,INTERPOLATED,2045,False,NONE,2045,0,0,"No constraint needed"
110416491859,Unknown Road,INTERPOLATED,4317,False,NONE,4317,0,0,"No constraint needed"
110416474733,Southwest Dr,INTERPOLATED,2833,True,PendantCluster,1160,-1673,-59.1,"Nested pendant cluster (depth 4): Capped to 1;160 AADT (41% of entry road 'Southwest Dr': 2;833)"
110416491512,Unknown Road,INTERPOLATED,2921,False,NONE,2921,0,0,"No constraint needed"
110416490979,Unknown Road,INTERPOLATED,2535,False,NONE,2535,0,0,"No constraint needed"
110416491498,Unknown Road,INTERPOLATED,2878,False,NONE,2878,0,0,"No constraint needed"
110416479180,Pebble Ridge Ln,INTERPOLATED,41,True,PendantCluster,7,-34,-82.9,"Nested pendant cluster (depth 8): Capped to 7 AADT (17% of 2 entry roads (Pebble Ridge Ct; Pebble Ridge Ln): 47)"
1102970390033,Unknown Road,INTERPOLATED,5373,False,NONE,5373,0,0,"No constraint needed"
110416490673,Unknown Road,INTERPOLATED,3381,False,NONE,3381,0,0,"No constraint needed"
110416490680,Unknown Road,INTERPOLATED,2864,False,NONE,2864,0,0,"No constraint needed"
110416491305,Unknown Road,INTERPOLATED,5174,False,NONE,5174,0,0,"No constraint needed"
1102200946555,Valle Vis,INTERPOLATED,1402,True,PendantCluster,600,-802,-57.2,"Nested pendant cluster (depth 4): Capped to 600 AADT (41% of entry road 'Valle Vista Rd': 1;465)"
1102988770829,Unknown Road,INTERPOLATED,3025,False,NONE,3025,0,0,"No constraint needed"
110416478535,Squaw Creek Rd,INTERPOLATED,942,False,NONE,942,0,0,"No constraint needed"
110416491869,Unknown Road,INTERPOLATED,1961,False,NONE,1961,0,0,"No constraint needed"
110416480011,Oakcrest Hills Dr,INTERPOLATED,3131,True,PendantCluster,1318,-1813,-57.9,"Nested pendant cluster (depth 6): Capped to 1;318 AADT (26% of 2 entry roads (S Oakvista Ct; Oakcrest Hills Dr): 5;030)"
110416489767,Unknown Road,INTERPOLATED,2899,True,PendantCluster,2449,-450,-15.5,"Nested pendant cluster (depth 4): Capped to 2;449 AADT (41% of 2 entry roads (Unknown Road; Unknown Road): 5;981)"
1102466438394,Buck Dobbs Rd,ACTUAL_COUNT,1645,True,PendantCluster,1052,-593,-36,"Nested pendant cluster (depth 2): Capped to 1;052 AADT (64% of entry road 'Annetta Centerpoint Rd': 1;645)"
110416491582,Unknown Road,INTERPOLATED,3103,True,PendantCluster,3016,-87,-2.8,"Nested pendant cluster (depth 2): Capped to 3;016 AADT (64% of 2 entry roads (Annetta Centerpoint Rd; Center Point Rd): 4;714)"
110416492222,Unknown Road,INTERPOLATED,1191,True,PendantCluster,1082,-109,-9.2,"Nested pendant cluster (depth 2): Capped to 1;082 AADT (64% of 2 entry roads (FM 5 W; Annetta Rd): 1;692)"
110416478462,River Crest Ct,INTERPOLATED,2384,True,PendantCluster,1920,-464,-19.5,"Nested pendant cluster (depth 2): Capped to 1;920 AADT (64% of entry road 'S FM 5': 3;001)"
110416474710,Southveiw Dr,INTERPOLATED,436,False,NONE,436,0,0,"No constraint needed"
110416472122,Holly Oak Dr,INTERPOLATED,1276,False,NONE,1276,0,0,"No constraint needed"
11033373595529,Links Ln,INTERPOLATED,1482,True,PendantCluster,490,-992,-66.9,"Nested pendant cluster (depth 6): Capped to 490 AADT (26% of 2 entry roads (Links Ct; Links Ln): 1;870)"
1102466584684,Fairview Ln,INTERPOLATED,1794,True,PendantCluster,389,-1405,-78.3,"Nested pendant cluster (depth 4): Capped to 389 AADT (41% of entry road 'Fairview Ln': 952)"
110416447805,Aspen Rd,INTERPOLATED,2265,False,NONE,2265,0,0,"No constraint needed"
1102970390034,Unknown Road,INTERPOLATED,2472,False,NONE,2472,0,0,"No constraint needed"
110416491796,Unknown Road,INTERPOLATED,924,True,PendantCluster,709,-215,-23.3,"Nested pendant cluster (depth 4): Capped to 709 AADT (41% of 2 entry roads (Unknown Road; Unknown Road): 1;733)"
1104701883086,Unknown Road,INTERPOLATED,976076,False,NONE,976076,0,0,"No constraint needed"
1102638240353,Unknown Road,INTERPOLATED,978274,False,NONE,978274,0,0,"No constraint needed"
1105319763737,Unknown Road,INTERPOLATED,978274,False,NONE,978274,0,0,"No constraint needed"
1104475062508,I- 30,INTERPOLATED,988943,True,PendantCluster,635089,-353854,-35.8,"Nested pendant cluster (depth 2): Capped to 635;089 AADT (64% of 2 entry roads (Unknown Road; I- 30): 992;327)"
110416463785,Yates Cir,INTERPOLATED,1424,True,PendantCluster,591,-833,-58.5,"Nested pendant cluster (depth 4): Capped to 591 AADT (41% of entry road 'Yates': 1;443)"
1102970401138,Gardner Rd,INTERPOLATED,4347,True,PendantCluster,2509,-1838,-42.3,"Nested pendant cluster (depth 4): Capped to 2;509 AADT (41% of 2 entry roads (Unknown Road; Gardner Rd): 6;127)"
11016954036898,Bluestem Ln,INTERPOLATED,2308,False,NONE,2308,0,0,"No constraint needed"
110416447740,Aspen Loop,INTERPOLATED,1478,False,NONE,1478,0,0,"No constraint needed"
110416470974,Maverick St,INTERPOLATED,2270,False,NONE,2270,0,0,"No constraint needed"
110416470402,Chestnut St,ACTUAL_COUNT,390,False,NONE,390,0,0,"No constraint needed"
110416472788,Lakeshore Dr,ACTUAL_COUNT,9701,False,NONE,9701,0,0,"No constraint needed"
1104701883166,Unknown Road,INTERPOLATED,602823,False,NONE,602823,0,0,"No constraint needed"
1102200933920,Unknown Road,INTERPOLATED,1494,True,PendantCluster,3,-1491,-99.8,"Nested pendant cluster (depth 14): Capped to 3 AADT (4% of entry road 'S FM 1187': 70)"
110416478766,Aledo Creeks Rd,INTERPOLATED,2804,True,PendantCluster,331,-2473,-88.2,"Nested pendant cluster (depth 6): Capped to 331 AADT (26% of entry road 'S FM 1187': 1;264)"
1102638239121,Unknown Road,INTERPOLATED,354,True,PendantCluster,307,-47,-13.3,"Nested pendant cluster (depth 4): Capped to 307 AADT (41% of entry road 'Kelly Rd': 750)"
110416471854,Deerfield Ln,INTERPOLATED,2930,True,PendantCluster,1850,-1080,-36.9,"Nested pendant cluster (depth 2): Capped to 1;850 AADT (64% of entry road 'McClendon Walker Rd': 2;892)"
110416447061,Spur Ct,INTERPOLATED,4311,False,NONE,4311,0,0,"No constraint needed"
110416479192,Prarie Ridge Dr,INTERPOLATED,3244,True,PendantCluster,2760,-484,-14.9,"Nested pendant cluster (depth 4): Capped to 2;760 AADT (41% of entry road 'Prairie Ridge Dr': 6;739)"
11033198797602,Gannon Valley,ACTUAL_COUNT,2766,False,NONE,2766,0,0,"No constraint needed"
110416492005,Unknown Road,INTERPOLATED,1711,False,NONE,1711,0,0,"No constraint needed"
110416445944,Cook Ct,INTERPOLATED,1771,False,NONE,1771,0,0,"No constraint needed"
110416471762,Cedar Elm Rd,INTERPOLATED,1458,False,NONE,1458,0,0,"No constraint needed"
110416478887,Canyon Trail Ct,INTERPOLATED,2124,True,PendantCluster,244,-1880,-88.5,"Nested pendant cluster (depth 6): Capped to 244 AADT (26% of entry road 'Canyon Trail Rd': 933)"
110416490551,Unknown Road,INTERPOLATED,2379,True,PendantCluster,933,-1446,-60.8,"Nested pendant cluster (depth 4): Capped to 933 AADT (41% of entry road 'Valley Trail Dr': 2;278)"
110416463797,Yucca Rd,INTERPOLATED,965,False,NONE,965,0,0,"No constraint needed"
110416490362,Unknown Road,INTERPOLATED,659,False,NONE,659,0,0,"No constraint needed"
110416477236,Pecan Park Dr,ACTUAL_COUNT,241,False,NONE,241,0,0,"No constraint needed"
110416489650,Unknown Road,INTERPOLATED,1708,True,PendantCluster,871,-837,-49,"Nested pendant cluster (depth 2): Capped to 871 AADT (64% of entry road 'Otto Rd': 1;362)"
1103661579771,Gray Wolf Trl,INTERPOLATED,2726,False,NONE,2726,0,0,"No constraint needed"
110416469439,Suzanne Trl,INTERPOLATED,3421,False,NONE,3421,0,0,"No constraint needed"
1104472791795,Unknown Road,INTERPOLATED,287690,False,NONE,287690,0,0,"No constraint needed"
110416466801,Hancock Dr,INTERPOLATED,3238,False,NONE,3238,0,0,"No constraint needed"
110416445998,Dean St,INTERPOLATED,3281,True,PendantCluster,951,-2330,-71,"Nested pendant cluster (depth 2): Capped to 951 AADT (64% of entry road 'Center Point Rd': 1;486)"
110416490857,Unknown Road,INTERPOLATED,9297,False,NONE,9297,0,0,"No constraint needed"
1102466548600,Lockwood Ln,INTERPOLATED,5932,True,PendantCluster,1962,-3970,-66.9,"Nested pendant cluster (depth 6): Capped to 1;962 AADT (26% of 2 entry roads (Crest Ridge Ct; Lockwood Ln): 7;487)"
110416466555,Causbie Rd,ACTUAL_COUNT,1826,False,NONE,1826,0,0,"No constraint needed"
110416465787,Quanah Trl,INTERPOLATED,3231,False,NONE,3231,0,0,"No constraint needed"
1102200932887,Prairie Dunes Dr,INTERPOLATED,9315,False,NONE,9315,0,0,"No constraint needed"
11016955445607,Marina Link,INTERPOLATED,3166,False,NONE,3166,0,0,"No constraint needed"
1102214008929,Bordeaux Dr,INTERPOLATED,1404,True,PendantCluster,600,-804,-57.3,"Nested pendant cluster (depth 4): Capped to 600 AADT (41% of entry road 'Versailles Ln': 1;466)"
110416466960,Langham Dr,INTERPOLATED,1472,False,NONE,1472,0,0,"No constraint needed"
110416478207,Hollyridge Ln,INTERPOLATED,2197,False,NONE,2197,0,0,"No constraint needed"
1102638239241,Kelly Rd,INTERPOLATED,2284,False,NONE,2284,0,0,"No constraint needed"
1104472962296,Unknown Road,ACTUAL_COUNT,5009,False,NONE,5009,0,0,"No constraint needed"
110416479447,Carriage Hill Ct,INTERPOLATED,5656,True,PendantCluster,3607,-2049,-36.2,"Nested pendant cluster (depth 2): Capped to 3;607 AADT (64% of entry road 'Country Brook Dr': 5;636)"
110416478088,Countryside Ct,INTERPOLATED,5646,True,PendantCluster,3607,-2039,-36.1,"Nested pendant cluster (depth 2): Capped to 3;607 AADT (64% of entry road 'Country Brook Dr': 5;636)"
1102200936761,Flagship Ct,NO_DATA,0,False,NONE,0,0,0,"No constraint needed"
1102638240055,Unknown Road,INTERPOLATED,976481,False,NONE,976481,0,0,"No constraint needed"
110416447150,Watts Ct,INTERPOLATED,377,True,PendantCluster,29,-348,-92.3,"Nested pendant cluster (depth 6): Capped to 29 AADT (26% of entry road 'McDaniel Rd': 113)"
1102966054098,Drexler Pl,INTERPOLATED,226,False,NONE,226,0,0,"No constraint needed"
1102200932874,Hill Top Ct,INTERPOLATED,1114,True,PendantCluster,533,-581,-52.2,"Nested pendant cluster (depth 2): Capped to 533 AADT (64% of entry road 'Emsley Dr': 834)"
1103680693785,Ranch Hand Ln,INTERPOLATED,290,True,PendantCluster,97,-193,-66.6,"Nested pendant cluster (depth 8): Capped to 97 AADT (17% of 2 entry roads (Jordan Ranch Rd; Ranch Hand Ln): 580)"
1102200940887,Sams Ln,INTERPOLATED,981,True,PendantCluster,72,-909,-92.7,"Nested pendant cluster (depth 6): Capped to 72 AADT (26% of entry road 'Jakes Trl': 276)"
110416477632,T D Studio Rd,INTERPOLATED,2012,False,NONE,2012,0,0,"No constraint needed"
110416466515,Camelot,INTERPOLATED,1179,True,PendantCluster,677,-502,-42.6,"Nested pendant cluster (depth 2): Capped to 677 AADT (64% of entry road 'Knights Bridge Rd': 1;058)"
1103680694501,Spring Lake Dr,INTERPOLATED,5636,False,NONE,5636,0,0,"No constraint needed"
110416491127,Unknown Road,INTERPOLATED,554,False,NONE,554,0,0,"No constraint needed"
1104472791028,Unknown Road,INTERPOLATED,3379,False,NONE,3379,0,0,"No constraint needed"
11016955103876,Saharra Slew Ct,INTERPOLATED,328,True,PendantCluster,2,-326,-99.4,"Nested pendant cluster (depth 10): Capped to 2 AADT (11% of entry road 'Mountain Vista Dr': 19)"
1102223145765,Unknown Road,INTERPOLATED,456,False,NONE,456,0,0,"No constraint needed"
110416460360,Point Ct,INTERPOLATED,1149,True,PendantCluster,822,-327,-28.5,"Nested pendant cluster (depth 2): Capped to 822 AADT (64% of entry road 'Ridge Rd': 1;285)"
110416453382,Elbow Ct,INTERPOLATED,1301,True,PendantCluster,822,-479,-36.8,"Nested pendant cluster (depth 2): Capped to 822 AADT (64% of entry road 'Ridge Rd': 1;285)"
110416490935,Unknown Road,INTERPOLATED,8557,True,PendantCluster,5487,-3070,-35.9,"Nested pendant cluster (depth 2): Capped to 5;487 AADT (64% of entry road 'Trace Ridge Dr': 8;574)"
11033198781208,Unknown Road,INTERPOLATED,2454,True,PendantCluster,62,-2392,-97.5,"Nested pendant cluster (depth 8): Capped to 62 AADT (17% of entry road 'Crown Valley Dr': 373)"
110416479725,Sonora Canyon Rd,INTERPOLATED,1428,True,PendantCluster,824,-604,-42.3,"Nested pendant cluster (depth 4): Capped to 824 AADT (41% of 2 entry roads (Unknown Road; Sonora Canyon Rd): 2;012)"
1103680692358,Arapahoe Rdg,INTERPOLATED,2155,True,PendantCluster,0,-2155,-100,"Nested pendant cluster (depth 164): Capped to 0 AADT (0% of entry road 'Arapahoe Rdg': 2;155)"
110416478134,Forest Glen Ct,INTERPOLATED,2439,True,PendantCluster,1565,-874,-35.8,"Nested pendant cluster (depth 2): Capped to 1;565 AADT (64% of entry road 'Forest Glen Ln': 2;446)"
110416478633,Valley View Ct,INTERPOLATED,2637,True,PendantCluster,675,-1962,-74.4,"Nested pendant cluster (depth 2): Capped to 675 AADT (64% of entry road 'Ranch House Rd': 1;055)"
1105598386217,Unknown Road,INTERPOLATED,1652,False,NONE,1652,0,0,"No constraint needed"
1105598407807,Parkview Dr,INTERPOLATED,2504,False,NONE,2504,0,0,"No constraint needed"
1105598408035,Creekview Ter,INTERPOLATED,2381,False,NONE,2381,0,0,"No constraint needed"
1105598408062,Grey Stone St,INTERPOLATED,2334,False,NONE,2334,0,0,"No constraint needed"
110416448614,Blair Ln,INTERPOLATED,2071,True,PendantCluster,258,-1813,-87.5,"Nested pendant cluster (depth 6): Capped to 258 AADT (26% of entry road 'Wallis Rd': 988)"
110416464340,Crouse Ln,INTERPOLATED,1895,True,PendantCluster,638,-1257,-66.3,"Nested pendant cluster (depth 4): Capped to 638 AADT (41% of entry road 'Chapman Ct': 1;559)"
110416476822,High Ridge Ln,INTERPOLATED,2019,True,PendantCluster,676,-1343,-66.5,"Nested pendant cluster (depth 4): Capped to 676 AADT (41% of entry road 'Northridge Ln': 1;652)"
1103677582939,Rim Rock Ln,INTERPOLATED,4,True,PendantCluster,0,-4,-100,"Nested pendant cluster (depth 14): Capped to 0 AADT (4% of 2 entry roads (Rim Rock Rd; Rim Rock Ln): 8)"
110416471544,Windrush Ct,INTERPOLATED,1534,True,PendantCluster,200,-1334,-87,"Nested pendant cluster (depth 6): Capped to 200 AADT (26% of entry road 'Lakeview Dr': 763)"
1103680693900,Ranch Meadow Ct,INTERPOLATED,2281,True,PendantCluster,48,-2233,-97.9,"Nested pendant cluster (depth 8): Capped to 48 AADT (17% of entry road 'Jordan Ranch Rd': 290)"
11010936312611,Walkers Pl,INTERPOLATED,663741,True,PendantCluster,7182,-656559,-98.9,"Nested pendant cluster (depth 2): Capped to 7;182 AADT (64% of 3 entry roads (Old Hwy 80; E Bankhead Dr; ...): 11;222)"
110416479561,Hidden Valley Rd,INTERPOLATED,2390,True,PendantCluster,2249,-141,-5.9,"Nested pendant cluster (depth 4): Capped to 2;249 AADT (41% of 3 entry roads (Shady Valley Dr; Hidden Valley Dr; ...): 5;491)"
1103690718116,Barnwell Ln,INTERPOLATED,1536,True,PendantCluster,327,-1209,-78.7,"Nested pendant cluster (depth 6): Capped to 327 AADT (26% of 2 entry roads (Barnwell Ln; Barnwell Ln): 1;248)"
110416491375,Unknown Road,INTERPOLATED,2575,True,PendantCluster,923,-1652,-64.2,"Nested pendant cluster (depth 4): Capped to 923 AADT (41% of entry road 'Jarvis Ln': 2;254)"
110416476063,Cottonwood Ct,INTERPOLATED,1121,True,PendantCluster,1020,-101,-9,"Nested pendant cluster (depth 4): Capped to 1;020 AADT (41% of 2 entry roads (Cottonwood Ct; Saddle Brook Dr): 2;491)"
110416446336,Kate Ct,INTERPOLATED,573,True,PendantCluster,18,-555,-96.9,"Nested pendant cluster (depth 8): Capped to 18 AADT (17% of entry road 'Saddle Brook Dr': 109)"
11016953997612,Indigo Sky Dr,INTERPOLATED,35,True,PendantCluster,4,-31,-88.6,"Nested pendant cluster (depth 10): Capped to 4 AADT (11% of 2 entry roads (Chipwood Dr; Indigo Sky Dr): 39)"
11016954007863,Belclaire Ave,INTERPOLATED,4,True,PendantCluster,0,-4,-100,"Nested pendant cluster (depth 12): Capped to 0 AADT (7% of entry road 'Belclaire Ave': 4)"
11016954007873,Mineral Point Dr,INTERPOLATED,396,True,PendantCluster,34,-362,-91.4,"Nested pendant cluster (depth 14): Capped to 34 AADT (4% of 2 entry roads (Complacent Way; Mineral Point Dr): 792)"
11016954150468,Peace Pl,INTERPOLATED,3151,True,PendantCluster,396,-2755,-87.4,"Nested pendant cluster (depth 12): Capped to 396 AADT (7% of 2 entry roads (Indigo Sky Dr; Morning Mist Trl): 5;774)"
11016954180333,Rosewood Pl,INTERPOLATED,6,True,PendantCluster,0,-6,-100,"Nested pendant cluster (depth 14): Capped to 0 AADT (4% of 2 entry roads (Parkview Dr; Rosewood Pl): 12)"
11016954075825,Jasmine Ct,INTERPOLATED,1323,True,PendantCluster,17,-1306,-98.7,"Nested pendant cluster (depth 8): Capped to 17 AADT (17% of entry road 'Sagebrush Ct': 107)"
11016955195489,Crested Ridge Rd,INTERPOLATED,2590,False,NONE,2590,0,0,"No constraint needed"
1105598364825,Red Stone Ln,INTERPOLATED,3784,False,NONE,3784,0,0,"No constraint needed"
110416471369,Saratoga Ln,INTERPOLATED,439,True,PendantCluster,145,-294,-67,"Nested pendant cluster (depth 6): Capped to 145 AADT (26% of 2 entry roads (Cherry Hill Ct; Saratoga Ln): 554)"
110416471792,Claiborne Ct,INTERPOLATED,600,True,PendantCluster,3,-597,-99.5,"Nested pendant cluster (depth 10): Capped to 3 AADT (11% of entry road 'Claiborne Ln': 34)"
11033198780948,Jimma Dr,ACTUAL_COUNT,322,False,NONE,322,0,0,"No constraint needed"
110416471630,Arrowhead St,INTERPOLATED,2630,True,PendantCluster,3,-2627,-99.9,"Nested pendant cluster (depth 12): Capped to 3 AADT (7% of entry road 'White Settlement Rd': 44)"
110416490205,Unknown Road,INTERPOLATED,6191,False,NONE,6191,0,0,"No constraint needed"
110416467307,Sandlin Ln,INTERPOLATED,6397,False,NONE,6397,0,0,"No constraint needed"
1102466286910,Unknown Road,INTERPOLATED,823,True,PendantCluster,710,-113,-13.7,"Nested pendant cluster (depth 2): Capped to 710 AADT (64% of entry road 'N Cardinal Rd': 1;110)"
110416467091,Northwest Pkwy,ACTUAL_COUNT,10013,False,NONE,10013,0,0,"No constraint needed"
110416463838,Amanda Ln,INTERPOLATED,2119,True,PendantCluster,700,-1419,-67,"Nested pendant cluster (depth 6): Capped to 700 AADT (26% of 2 entry roads (Lilly Ct; Amanda Ln): 2;674)"
110416470632,Gunnison Ct,INTERPOLATED,1142,True,PendantCluster,335,-807,-70.7,"Nested pendant cluster (depth 2): Capped to 335 AADT (64% of entry road 'Pearson Ln': 524)"
110416470770,Jeremiah Trl,INTERPOLATED,2052,True,PendantCluster,629,-1423,-69.3,"Nested pendant cluster (depth 4): Capped to 629 AADT (41% of entry road 'Baughman Hill Rd': 1;538)"
1102200925725,Unknown Road,INTERPOLATED,779,True,PendantCluster,694,-85,-10.9,"Nested pendant cluster (depth 2): Capped to 694 AADT (64% of entry road 'Gilliland Rd': 1;085)"
1102200946416,Unknown Road,INTERPOLATED,744,True,PendantCluster,300,-444,-59.7,"Nested pendant cluster (depth 2): Capped to 300 AADT (64% of entry road 'Rhoades Ln': 469)"
1102970395343,Holbrook Rd,ACTUAL_COUNT,721,False,NONE,721,0,0,"No constraint needed"
110416447278,Agnes Cir,ACTUAL_COUNT,216,False,NONE,216,0,0,"No constraint needed"
1103371036646,Hampton Ln,INTERPOLATED,138,True,PendantCluster,79,-59,-42.8,"Nested pendant cluster (depth 4): Capped to 79 AADT (41% of 2 entry roads (Helen Hampton Dr; Hampton Ln): 194)"
1102200925751,Unknown Road,INTERPOLATED,657,True,PendantCluster,1,-656,-99.8,"Nested pendant cluster (depth 14): Capped to 1 AADT (4% of entry road 'Land of Goshen Dr': 31)"
110416477099,Maggie Lee Ct,INTERPOLATED,663,True,PendantCluster,3,-660,-99.5,"Nested pendant cluster (depth 12): Capped to 3 AADT (7% of entry road 'Land of Goshen Dr': 51)"
110416479338,Willow Creek Ln,INTERPOLATED,1318,True,PendantCluster,1306,-12,-0.9,"Nested pendant cluster (depth 2): Capped to 1;306 AADT (64% of entry road 'Goshen Rd': 2;041)"
110416490249,Unknown Road,INTERPOLATED,957,True,PendantCluster,864,-93,-9.7,"Nested pendant cluster (depth 2): Capped to 864 AADT (64% of entry road 'Carter Rd': 1;350)"
110416470082,Windsor Ln,INTERPOLATED,758,True,PendantCluster,169,-589,-77.7,"Nested pendant cluster (depth 2): Capped to 169 AADT (64% of entry road 'Old Agnes Rd': 265)"
110416489579,Unknown Road,INTERPOLATED,744,True,PendantCluster,629,-115,-15.5,"Nested pendant cluster (depth 2): Capped to 629 AADT (64% of entry road 'Erwin Rd': 984)"
1103430664601,Creekwood Ranch Rd,INTERPOLATED,2553,True,PendantCluster,1473,-1080,-42.3,"Nested pendant cluster (depth 4): Capped to 1;473 AADT (41% of 2 entry roads (Thorobred Ct; Creekwood Ranch Rd): 3;598)"
110416470290,Brighton Rd,INTERPOLATED,1870,True,PendantCluster,1456,-414,-22.1,"Nested pendant cluster (depth 4): Capped to 1;456 AADT (41% of 2 entry roads (Oxford Ct; Brighton Rd): 3;557)"
110416477423,Sandy Oaks Rd,INTERPOLATED,75287,True,PendantCluster,21102,-54185,-72,"Nested pendant cluster (depth 2): Capped to 21;102 AADT (64% of entry road 'Highland Cir': 32;972)"
110416491523,Unknown Road,INTERPOLATED,1125,True,PendantCluster,284,-841,-74.8,"Nested pendant cluster (depth 4): Capped to 284 AADT (41% of entry road 'Peel Rd': 694)"
1102200925093,Unknown Road,INTERPOLATED,669,True,PendantCluster,58,-611,-91.3,"Nested pendant cluster (depth 6): Capped to 58 AADT (26% of entry road 'McVoid Rd': 223)"
1102200924851,Unknown Road,INTERPOLATED,1231,False,NONE,1231,0,0,"No constraint needed"
110416491155,Unknown Road,INTERPOLATED,1766,False,NONE,1766,0,0,"No constraint needed"
110416477139,Meandering Ct,INTERPOLATED,1740,True,PendantCluster,1106,-634,-36.4,"Nested pendant cluster (depth 2): Capped to 1;106 AADT (64% of entry road 'Summit Dr': 1;729)"
110416470537,Easthill Dr,INTERPOLATED,1757,False,NONE,1757,0,0,"No constraint needed"
110416459086,Moyer Ln,INTERPOLATED,1533,True,PendantCluster,479,-1054,-68.8,"Nested pendant cluster (depth 2): Capped to 479 AADT (64% of entry road 'White Settlement Rd': 749)"
110416479470,Christenberry Rd,INTERPOLATED,726,True,PendantCluster,702,-24,-3.3,"Nested pendant cluster (depth 2): Capped to 702 AADT (64% of entry road 'Knob Rd': 1;098)"
110416466769,Gladdis Ln,ACTUAL_COUNT,273,True,PendantCluster,174,-99,-36.3,"Nested pendant cluster (depth 2): Capped to 174 AADT (64% of entry road 'Earp Rd': 273)"
1103529582896,Ave D,INTERPOLATED,314,False,NONE,314,0,0,"No constraint needed"
110416489837,Unknown Road,INTERPOLATED,925,True,PendantCluster,45,-880,-95.1,"Nested pendant cluster (depth 4): Capped to 45 AADT (41% of entry road 'Vista Valley Ct': 112)"
110416471329,Roberson Ave,INTERPOLATED,1350,False,NONE,1350,0,0,"No constraint needed"
110416477380,Roadrunner Trl,INTERPOLATED,2149,True,PendantCluster,674,-1475,-68.6,"Nested pendant cluster (depth 4): Capped to 674 AADT (41% of entry road 'Chaparral Ln': 1;646)"
110416465552,Martha St,INTERPOLATED,1415,True,PendantCluster,279,-1136,-80.3,"Nested pendant cluster (depth 4): Capped to 279 AADT (41% of entry road 'Jean Dr': 682)"
110416465636,Milton Dr,INTERPOLATED,975,False,NONE,975,0,0,"No constraint needed"
110416472132,Hutcheson Rd,INTERPOLATED,1381,False,NONE,1381,0,0,"No constraint needed"
1103430688955,Unknown Road,INTERPOLATED,1392,True,PendantCluster,682,-710,-51,"Nested pendant cluster (depth 2): Capped to 682 AADT (64% of entry road 'Old Springtown Rd': 1;066)"
110416477271,Plantation Rd,INTERPOLATED,16047,False,NONE,16047,0,0,"No constraint needed"
110416492608,Unknown Road,INTERPOLATED,5386,True,PendantCluster,3459,-1927,-35.8,"Nested pendant cluster (depth 2): Capped to 3;459 AADT (64% of entry road 'Young Rd': 5;406)"
1103371046072,Clara Lee Ln,INTERPOLATED,6447,True,PendantCluster,4094,-2353,-36.5,"Nested pendant cluster (depth 2): Capped to 4;094 AADT (64% of entry road 'Sandlin Ln': 6;397)"
110416470672,Highland Ct,INTERPOLATED,21299,True,PendantCluster,12318,-8981,-42.2,"Nested pendant cluster (depth 2): Capped to 12;318 AADT (64% of entry road 'Highland Dr': 19;248)"
110416490221,Unknown Road,INTERPOLATED,24878,False,NONE,24878,0,0,"No constraint needed"
1102200934829,Unknown Road,INTERPOLATED,19403,True,PendantCluster,2185,-17218,-88.7,"Nested pendant cluster (depth 6): Capped to 2;185 AADT (26% of entry road 'Armadillo Dr': 8;337)"
110416466798,Gumtree Ct,INTERPOLATED,32057,True,PendantCluster,233,-31824,-99.3,"Nested pendant cluster (depth 10): Capped to 233 AADT (11% of entry road 'Alice Springs Ln': 2;174)"
110416463886,Arunda Ct,INTERPOLATED,29956,True,PendantCluster,6,-29950,-100,"Nested pendant cluster (depth 14): Capped to 6 AADT (4% of entry road 'Billabong Ct': 149)"
1105598420876,Oakley Cir,INTERPOLATED,1794,True,PendantCluster,243,-1551,-86.5,"Nested pendant cluster (depth 8): Capped to 243 AADT (17% of 2 entry roads (Toowoomba Ln; Oakley Cir): 1;453)"
110416470482,Coolibar Ct,INTERPOLATED,32880,True,PendantCluster,364,-32516,-98.9,"Nested pendant cluster (depth 8): Capped to 364 AADT (17% of entry road 'Alice Springs Ln': 2;174)"
110416466945,Kuranda Ct,INTERPOLATED,34265,True,PendantCluster,569,-33696,-98.3,"Nested pendant cluster (depth 6): Capped to 569 AADT (26% of entry road 'Alice Springs Ln': 2;174)"
110416490057,Unknown Road,INTERPOLATED,3894,True,PendantCluster,24,-3870,-99.4,"Nested pendant cluster (depth 2): Capped to 24 AADT (64% of entry road 'W Yucca Vw': 39)"
110416466102,Tucker Dr,ACTUAL_COUNT,1734,False,NONE,1734,0,0,"No constraint needed"
1104468621248,Denton Heights Ln,INTERPOLATED,1037,False,NONE,1037,0,0,"No constraint needed"
110416477913,Brown Creek Rd,INTERPOLATED,803,False,NONE,803,0,0,"No constraint needed"
110416447017,Ruth Ln,INTERPOLATED,2029,False,NONE,2029,0,0,"No constraint needed"
1102970395345,Holbrook Rd,ACTUAL_COUNT,1710,False,NONE,1710,0,0,"No constraint needed"
110416489584,Unknown Road,INTERPOLATED,4264,True,PendantCluster,1478,-2786,-65.3,"Nested pendant cluster (depth 4): Capped to 1;478 AADT (41% of entry road 'Shiloh Ct': 3;610)"
110416492176,Unknown Road,INTERPOLATED,1754,True,PendantCluster,1122,-632,-36,"Nested pendant cluster (depth 2): Capped to 1;122 AADT (64% of entry road 'Overlook Trl': 1;754)"
110416489609,Unknown Road,INTERPOLATED,774,False,NONE,774,0,0,"No constraint needed"
1105598416598,Conwell St,INTERPOLATED,2262,True,PendantCluster,0,-2262,-100,"Nested pendant cluster (depth 18): Capped to 0 AADT (2% of entry road 'S Stewart St': 5)"
110416472125,Horseshoe Dr,INTERPOLATED,1875,False,NONE,1875,0,0,"No constraint needed"
110416476252,Friendship Rd,ACTUAL_COUNT,811,False,NONE,811,0,0,"No constraint needed"
110416489958,Unknown Road,ACTUAL_COUNT,811,False,NONE,811,0,0,"No constraint needed"
110416490773,Unknown Road,INTERPOLATED,1164,True,PendantCluster,411,-753,-64.7,"Nested pendant cluster (depth 2): Capped to 411 AADT (64% of entry road 'Green Branch Rd': 643)"
110416471315,Rhonda B St,INTERPOLATED,5622,False,NONE,5622,0,0,"No constraint needed"
1104468866160,Murls Lake Rd,INTERPOLATED,1597,False,NONE,1597,0,0,"No constraint needed"
110416470753,Jack Roy Rd,INTERPOLATED,757,True,PendantCluster,542,-215,-28.4,"Nested pendant cluster (depth 2): Capped to 542 AADT (64% of entry road 'Quail Run': 847)"
1102200929472,Unknown Road,INTERPOLATED,2932,False,NONE,2932,0,0,"No constraint needed"
110416491249,Unknown Road,INTERPOLATED,778,True,PendantCluster,292,-486,-62.5,"Nested pendant cluster (depth 4): Capped to 292 AADT (41% of entry road 'Marian Dr': 714)"
110416464696,Harvey Trl,INTERPOLATED,4095,False,NONE,4095,0,0,"No constraint needed"
110416465971,Steele Ct,INTERPOLATED,4124,False,NONE,4124,0,0,"No constraint needed"
110416452936,Duane Dr,ACTUAL_COUNT,2664,False,NONE,2664,0,0,"No constraint needed"
110416464021,Bettis Dr,INTERPOLATED,2308,False,NONE,2308,0,0,"No constraint needed"
110416474950,Your Road Ct,INTERPOLATED,3950,True,PendantCluster,2599,-1351,-34.2,"Nested pendant cluster (depth 2): Capped to 2;599 AADT (64% of entry road 'Calhoun Bend': 4;061)"
110416463077,Robyn Rd,INTERPOLATED,1064,True,PendantCluster,557,-507,-47.7,"Nested pendant cluster (depth 6): Capped to 557 AADT (26% of 2 entry roads (Unknown Road; Robyn Rd): 2;128)"
110416491688,Unknown Road,INTERPOLATED,4188,False,NONE,4188,0,0,"No constraint needed"
110416465959,Spring Ct,INTERPOLATED,4213,False,NONE,4213,0,0,"No constraint needed"
1103444463920,Spring Valley Dr,INTERPOLATED,4248,False,NONE,4248,0,0,"No constraint needed"
110416471312,Rhonda B Rd,INTERPOLATED,3670,False,NONE,3670,0,0,"No constraint needed"
110416466240,Vickie Dr,INTERPOLATED,7477,False,NONE,7477,0,0,"No constraint needed"
1102200922942,Unknown Road,INTERPOLATED,4510,True,PendantCluster,1789,-2721,-60.3,"Nested pendant cluster (depth 4): Capped to 1;789 AADT (41% of entry road 'Stoney Rdg': 4;369)"
110416477006,Iron Horse Ct,INTERPOLATED,1832,True,PendantCluster,0,-1832,-100,"Nested pendant cluster (depth 14): Capped to 0 AADT (4% of entry road 'Reata Dr': 3)"
1103680883845,Sabine Pass Ct,INTERPOLATED,1850,True,PendantCluster,0,-1850,-100,"Nested pendant cluster (depth 22): Capped to 0 AADT (1% of entry road 'E Rio Rdg': 13)"
110416492643,Unknown Road,INTERPOLATED,540,True,PendantCluster,0,-540,-100,"Nested pendant cluster (depth 20): Capped to 0 AADT (1% of 2 entry roads (Unknown Road; Unknown Road): 26)"
110416489895,Unknown Road,INTERPOLATED,1667,False,NONE,1667,0,0,"No constraint needed"
1102970391597,Timaaron Ct,INTERPOLATED,1272,True,PendantCluster,412,-860,-67.6,"Nested pendant cluster (depth 4): Capped to 412 AADT (41% of entry road 'Gail Dr': 1;007)"
110416465999,Sunset Dr,INTERPOLATED,7389,True,PendantCluster,4200,-3189,-43.2,"Nested pendant cluster (depth 2): Capped to 4;200 AADT (64% of entry road 'Kerry Ln': 6;564)"
110416478016,Cattlebaron Dr,INTERPOLATED,3,True,PendantCluster,0,-3,-100,"Nested pendant cluster (depth 14): Capped to 0 AADT (4% of 2 entry roads (Hillgard Dr; Cattlebaron Dr): 6)"
110416489547,Unknown Road,INTERPOLATED,1433,True,PendantCluster,18,-1415,-98.7,"Nested pendant cluster (depth 10): Capped to 18 AADT (11% of entry road 'Raley Ct': 173)"
110416489626,Unknown Road,INTERPOLATED,1891,True,PendantCluster,597,-1294,-68.4,"Nested pendant cluster (depth 4): Capped to 597 AADT (41% of entry road 'Rider Ln': 1;459)"
110416478482,Rocky Ridge Cir,INTERPOLATED,322,True,PendantCluster,168,-154,-47.8,"Nested pendant cluster (depth 6): Capped to 168 AADT (26% of 2 entry roads (Unknown Road; Rocky Ridge Cir): 644)"
110416479217,Scenery Hill Dr,INTERPOLATED,17856,True,PendantCluster,197,-17659,-98.9,"Nested pendant cluster (depth 6): Capped to 197 AADT (26% of entry road 'W Shangri la Dr': 755)"
110416490779,Unknown Road,INTERPOLATED,614,False,NONE,614,0,0,"No constraint needed"
110416489948,Unknown Road,INTERPOLATED,621,True,PendantCluster,256,-365,-58.8,"Nested pendant cluster (depth 4): Capped to 256 AADT (41% of entry road 'Unknown Road': 626)"
1102200955338,Unknown Road,INTERPOLATED,906,True,PendantCluster,837,-69,-7.6,"Nested pendant cluster (depth 2): Capped to 837 AADT (64% of entry road 'Trailwood Dr': 1;309)"
1104474479560,Sandstone Ln,INTERPOLATED,266,True,PendantCluster,253,-13,-4.9,"Nested pendant cluster (depth 8): Capped to 253 AADT (17% of 2 entry roads (Sandstone Ln; Sandwood Ct): 1;508)"
110416464560,Gilley Ln,INTERPOLATED,14133,True,PendantCluster,2,-14131,-100,"Nested pendant cluster (depth 16): Capped to 2 AADT (3% of entry road 'Unknown Road': 74)"
110416490509,Unknown Road,INTERPOLATED,74,True,PendantCluster,2,-72,-97.3,"Nested pendant cluster (depth 16): Capped to 2 AADT (3% of 2 entry roads (Gilley Ln; Unknown Road): 76)"
1105598222399,Unknown Road,INTERPOLATED,12865,True,PendantCluster,1028,-11837,-92,"Nested pendant cluster (depth 8): Capped to 1;028 AADT (17% of entry road 'Chuckwagon Trl': 6;131)"
1104469354072,Unknown Road,INTERPOLATED,3588,False,NONE,3588,0,0,"No constraint needed"
110416446382,Lake Dr,INTERPOLATED,6,True,PendantCluster,0,-6,-100,"Nested pendant cluster (depth 12): Capped to 0 AADT (7% of entry road 'Lake Dr': 6)"
110416479381,Bluff Springs Rd,INTERPOLATED,4056,False,NONE,4056,0,0,"No constraint needed"
110416445607,Lee Ct,INTERPOLATED,7415,False,NONE,7415,0,0,"No constraint needed"
110416465818,Remuda Dr,INTERPOLATED,12,True,PendantCluster,0,-12,-100,"Nested pendant cluster (depth 12): Capped to 0 AADT (7% of entry road 'Remuda Dr': 12)"
110416476115,Cll de Establo,INTERPOLATED,2690,True,PendantCluster,53,-2637,-98,"Nested pendant cluster (depth 8): Capped to 53 AADT (17% of entry road 'Remuda Dr': 321)"
1102970401346,Frontier Ct,INTERPOLATED,846,False,NONE,846,0,0,"No constraint needed"
110416492655,Unknown Road,INTERPOLATED,981,True,PendantCluster,760,-221,-22.5,"Nested pendant cluster (depth 2): Capped to 760 AADT (64% of entry road 'Ash Creek Dr S': 1;188)"
110416474891,Windcrest Ct,INTERPOLATED,2288,False,NONE,2288,0,0,"No constraint needed"
1104475406174,Valle St,INTERPOLATED,2180,False,NONE,2180,0,0,"No constraint needed"
1102200924748,Enchanted Lakes Dr,INTERPOLATED,9371,False,NONE,9371,0,0,"No constraint needed"
1102200921814,Horizon Cir,INTERPOLATED,2219,True,PendantCluster,393,-1826,-82.3,"Nested pendant cluster (depth 6): Capped to 393 AADT (26% of entry road 'Hidden Forest Dr': 1;500)"
1102200922488,Hidden Forest Dr,INTERPOLATED,1500,True,PendantCluster,393,-1107,-73.8,"Nested pendant cluster (depth 6): Capped to 393 AADT (26% of entry road 'Hidden Forest Dr': 1;500)"
1102466894796,Lowrey Cir,INTERPOLATED,819,False,NONE,819,0,0,"No constraint needed"
110416473057,Landmark Dr,INTERPOLATED,17881,True,PendantCluster,300,-17581,-98.3,"Nested pendant cluster (depth 10): Capped to 300 AADT (11% of 2 entry roads (Valley View Dr; High Ridge Dr): 2;796)"
1102200934982,Miramar Cir,INTERPOLATED,534,True,PendantCluster,279,-255,-47.8,"Nested pendant cluster (depth 6): Capped to 279 AADT (26% of 2 entry roads (Montecristo Dr; Miramar Cir): 1;068)"
110416489409,Unknown Road,INTERPOLATED,3795,False,NONE,3795,0,0,"No constraint needed"
110416464305,Corner Ct,INTERPOLATED,1628,True,PendantCluster,0,-1628,-100,"Nested pendant cluster (depth 16): Capped to 0 AADT (3% of entry road 'Willow Cir': 1)"
1102200933675,Unknown Road,ACTUAL_COUNT,245,True,PendantCluster,169,-76,-31,"Nested pendant cluster (depth 2): Capped to 169 AADT (64% of entry road 'Old Agnes Rd': 265)"
1102466654192,Preston Oaks Ct,INTERPOLATED,3956,True,PendantCluster,575,-3381,-85.5,"Nested pendant cluster (depth 6): Capped to 575 AADT (26% of entry road 'Creekpath Dr': 2;195)"
1102200933214,Creekpath Dr,ACTUAL_COUNT,2195,True,PendantCluster,726,-1469,-66.9,"Nested pendant cluster (depth 6): Capped to 726 AADT (26% of 2 entry roads (Preston Oaks Ct; Creekpath Dr): 2;770)"
110416454238,Genny Ln,INTERPOLATED,21346,True,PendantCluster,16000,-5346,-25,"Nested pendant cluster (depth 2): Capped to 16;000 AADT (64% of entry road 'Oak Country Ests': 25;000)"
110416460535,Quail Dr,INTERPOLATED,677,True,PendantCluster,584,-93,-13.7,"Nested pendant cluster (depth 2): Capped to 584 AADT (64% of entry road 'Thomas Rd': 914)"
1102200925021,Antler Ridge Dr,INTERPOLATED,15276,False,NONE,15276,0,0,"No constraint needed"
1105598353517,Rasha Dr,INTERPOLATED,2253,True,PendantCluster,1420,-833,-37,"Nested pendant cluster (depth 2): Capped to 1;420 AADT (64% of entry road 'Browtine Way': 2;219)"
1108747813699,Maral Ln,INTERPOLATED,2492,False,NONE,2492,0,0,"No constraint needed"
110416479185,Prairie Hill Ct,INTERPOLATED,473,True,PendantCluster,272,-201,-42.5,"Nested pendant cluster (depth 4): Capped to 272 AADT (41% of 2 entry roads (Unknown Road; Prairie Hill Ct): 666)"
110416466580,Christy Ln,INTERPOLATED,1197,True,PendantCluster,498,-699,-58.4,"Nested pendant cluster (depth 4): Capped to 498 AADT (41% of entry road 'South Dr': 1;216)"
110416491686,Unknown Road,INTERPOLATED,85843,True,PendantCluster,3904,-81939,-95.5,"Nested pendant cluster (depth 2): Capped to 3;904 AADT (64% of 2 entry roads (FM 2257; Jay Bird Ln): 6;100)"
110416492593,Unknown Road,INTERPOLATED,334,True,PendantCluster,207,-127,-38,"Nested pendant cluster (depth 6): Capped to 207 AADT (26% of 2 entry roads (Ross Rd; Unknown Road): 791)"
1103529591244,Senior Pl,INTERPOLATED,314,False,NONE,314,0,0,"No constraint needed"
110416458364,Lytle Ln,INTERPOLATED,1129,True,PendantCluster,20,-1109,-98.2,"Nested pendant cluster (depth 10): Capped to 20 AADT (11% of entry road 'Dove Haven Ln': 190)"
1103680617132,Waterfall Ct,ACTUAL_COUNT,5942,True,PendantCluster,1993,-3949,-66.5,"Nested pendant cluster (depth 4): Capped to 1;993 AADT (41% of entry road 'Falling Oak Dr': 4;867)"
1103680883002,Sharon Ln,INTERPOLATED,1401,False,NONE,1401,0,0,"No constraint needed"
110416490947,Unknown Road,INTERPOLATED,841,False,NONE,841,0,0,"No constraint needed"
1103695930795,Cooperstown,INTERPOLATED,2363,True,PendantCluster,781,-1582,-66.9,"Nested pendant cluster (depth 6): Capped to 781 AADT (26% of 2 entry roads (Wrigley Dr; Cooperstown): 2;982)"
110416477661,Tanglewood St,INTERPOLATED,1022,True,PendantCluster,306,-716,-70.1,"Nested pendant cluster (depth 4): Capped to 306 AADT (41% of entry road 'Joyce St': 749)"
110416459013,Molly Ln,INTERPOLATED,3087,False,NONE,3087,0,0,"No constraint needed"
1102200939763,Oak Bluff Ct,INTERPOLATED,3270,True,PendantCluster,1041,-2229,-68.2,"Nested pendant cluster (depth 6): Capped to 1;041 AADT (26% of 2 entry roads (Silver Canyon Ct; Silver Canyon Dr): 3;973)"
110416490357,Unknown Road,INTERPOLATED,1290,True,PendantCluster,689,-601,-46.6,"Nested pendant cluster (depth 2): Capped to 689 AADT (64% of entry road 'Dill Rd': 1;078)"
1103718202470,Unknown Road,INTERPOLATED,579,True,PendantCluster,185,-394,-68,"Nested pendant cluster (depth 2): Capped to 185 AADT (64% of entry road 'Highland Rd': 290)"
1103430664346,Unknown Road,INTERPOLATED,4591,True,PendantCluster,682,-3909,-85.1,"Nested pendant cluster (depth 2): Capped to 682 AADT (64% of entry road 'Old Springtown Rd': 1;066)"
1103430671308,Unknown Road,INTERPOLATED,3556,True,PendantCluster,19,-3537,-99.5,"Nested pendant cluster (depth 6): Capped to 19 AADT (26% of entry road 'Unknown Road': 75)"
1103430682504,Unknown Road,INTERPOLATED,4245,True,PendantCluster,737,-3508,-82.6,"Nested pendant cluster (depth 2): Capped to 737 AADT (64% of entry road 'Harold Ln': 1;153)"
1102466519401,Unknown Road,INTERPOLATED,1117,True,PendantCluster,453,-664,-59.4,"Nested pendant cluster (depth 4): Capped to 453 AADT (41% of 2 entry roads (Unknown Road; Unknown Road): 1;107)"
1103467320555,Unknown 2,INTERPOLATED,1034,True,PendantCluster,197,-837,-80.9,"Nested pendant cluster (depth 4): Capped to 197 AADT (41% of entry road 'Unknown Road': 481)"
1104472829053,Unknown Road,INTERPOLATED,8192,False,NONE,8192,0,0,"No constraint needed"
110416467102,Peacock Dr,INTERPOLATED,3380,True,PendantCluster,130,-3250,-96.2,"Nested pendant cluster (depth 8): Capped to 130 AADT (17% of entry road 'Price Ln': 775)"
110416479718,Silent Spring Ct,INTERPOLATED,1762,True,PendantCluster,165,-1597,-90.6,"Nested pendant cluster (depth 6): Capped to 165 AADT (26% of entry road 'Stonebridge Dr': 630)"
1105598385553,Hidden Creek Loop,INTERPOLATED,2201,True,PendantCluster,985,-1216,-55.2,"Nested pendant cluster (depth 4): Capped to 985 AADT (41% of entry road 'Dillingham Ln': 2;405)"
110416445652,Oak Ct,INTERPOLATED,1721,False,NONE,1721,0,0,"No constraint needed"
1102200921613,Unknown Road,INTERPOLATED,3015,False,NONE,3015,0,0,"No constraint needed"
110416457735,Lelon Ln,INTERPOLATED,1499,False,NONE,1499,0,0,"No constraint needed"
110416476128,Deer Grove Ct,INTERPOLATED,58653,True,PendantCluster,3766,-54887,-93.6,"Nested pendant cluster (depth 2): Capped to 3;766 AADT (64% of entry road 'Midway Rd': 5;885)"
110416471416,Sterling Ln,INTERPOLATED,2128,False,NONE,2128,0,0,"No constraint needed"
1108608968637,Fawna Dr,INTERPOLATED,2246,False,NONE,2246,0,0,"No constraint needed"
1108605802714,Unknown Road,INTERPOLATED,2659,True,PendantCluster,905,-1754,-66,"Nested pendant cluster (depth 4): Capped to 905 AADT (41% of entry road 'Wapiti Dr': 2;211)"
110416490225,Unknown Road,INTERPOLATED,781,True,PendantCluster,241,-540,-69.1,"Nested pendant cluster (depth 4): Capped to 241 AADT (41% of entry road 'Greg St': 590)"
110416477686,Tumbleweed Ct,INTERPOLATED,842,True,PendantCluster,94,-748,-88.8,"Nested pendant cluster (depth 6): Capped to 94 AADT (26% of entry road 'Briar Oaks Dr': 360)"
110416470065,Western Ct,INTERPOLATED,846,True,PendantCluster,94,-752,-88.9,"Nested pendant cluster (depth 6): Capped to 94 AADT (26% of entry road 'Briar Oaks Dr': 360)"
110416490931,Unknown Road,INTERPOLATED,842,False,NONE,842,0,0,"No constraint needed"
1103690717331,Sandwood Ct,INTERPOLATED,1242,True,PendantCluster,42,-1200,-96.6,"Nested pendant cluster (depth 8): Capped to 42 AADT (17% of entry road 'Sandstone Ln': 253)"
110416489592,Unknown Road,INTERPOLATED,2364,True,PendantCluster,505,-1859,-78.6,"Nested pendant cluster (depth 4): Capped to 505 AADT (41% of 2 entry roads (Unknown Road; Unknown Road): 1;234)"
110416491842,Unknown Road,INTERPOLATED,440,False,NONE,440,0,0,"No constraint needed"
1105576286817,Ric Williams Memorial Hwy,INTERPOLATED,16994,False,NONE,16994,0,0,"No constraint needed"
11033373595606,Silverado Dr,INTERPOLATED,1746,True,PendantCluster,915,-831,-47.6,"Nested pendant cluster (depth 6): Capped to 915 AADT (26% of 2 entry roads (Cactus Rio; Silverado Dr): 3;492)"
110416453477,Ellis Dr,INTERPOLATED,1737,False,NONE,1737,0,0,"No constraint needed"
1103648475901,Pack Saddle Ct,INTERPOLATED,2735,True,PendantCluster,547,-2188,-80,"Nested pendant cluster (depth 4): Capped to 547 AADT (41% of entry road 'Pack Saddle Trl': 1;336)"
1104475062629,I- 20,ACTUAL_COUNT,461088,True,PendantCluster,295096,-165992,-36,"Nested pendant cluster (depth 2): Capped to 295;096 AADT (64% of entry road 'I- 20': 461;088)"
110416445152,Quahah Hill Rd,INTERPOLATED,3378,False,NONE,3378,0,0,"No constraint needed"
110416474708,Southland Dr,INTERPOLATED,8823,False,NONE,8823,0,0,"No constraint needed"
1104701882561,Clear Lake Rd,ACTUAL_COUNT,1241,False,NONE,1241,0,0,"No constraint needed"
1103690718763,Hilltop Dr,INTERPOLATED,28370,False,NONE,28370,0,0,"No constraint needed"
110416491417,Unknown Road,INTERPOLATED,3112,False,NONE,3112,0,0,"No constraint needed"
110416471726,Bob White Ave,INTERPOLATED,2365,False,NONE,2365,0,0,"No constraint needed"
110416478912,College Park Dr,ACTUAL_COUNT,10006,False,NONE,10006,0,0,"No constraint needed"
110416470440,Cleburne Ave,ACTUAL_COUNT,5978,False,NONE,5978,0,0,"No constraint needed"
110416479296,Timber Creek Dr,INTERPOLATED,24973,False,NONE,24973,0,0,"No constraint needed"
1104473155606,Unknown Road,INTERPOLATED,15819,False,NONE,15819,0,0,"No constraint needed"
1105576345489,Unknown Road,INTERPOLATED,138440,False,NONE,138440,0,0,"No constraint needed"
1104475062564,Unknown Road,INTERPOLATED,265518,False,NONE,265518,0,0,"No constraint needed"
110416492306,Unknown Road,INTERPOLATED,315563,False,NONE,315563,0,0,"No constraint needed"
1104258409070,I- 20 Svc Rd,INTERPOLATED,334077,False,NONE,334077,0,0,"No constraint needed"
110416474568,Quail Run Ct,INTERPOLATED,38921,True,PendantCluster,8243,-30678,-78.8,"Nested pendant cluster (depth 2): Capped to 8;243 AADT (64% of 2 entry roads (Bethel Rd; FM 1884): 12;881)"
1102200936729,Unknown Road,INTERPOLATED,293111,False,NONE,293111,0,0,"No constraint needed"
110416480101,Pleasant Valley Ln,INTERPOLATED,2839,False,NONE,2839,0,0,"No constraint needed"
110416490629,Unknown Road,INTERPOLATED,2798,False,NONE,2798,0,0,"No constraint needed"
1103794735322,Unknown Road,INTERPOLATED,12461,False,NONE,12461,0,0,"No constraint needed"
110416490210,Unknown Road,INTERPOLATED,5094,False,NONE,5094,0,0,"No constraint needed"
1102200957072,Unknown Road,INTERPOLATED,3708,True,PendantCluster,826,-2882,-77.7,"Nested pendant cluster (depth 6): Capped to 826 AADT (26% of 2 entry roads (Montgomery Ln; Unknown Road): 3;152)"
110416492436,Unknown Road,INTERPOLATED,3839,False,NONE,3839,0,0,"No constraint needed"
110416465493,Looney Ln,INTERPOLATED,3773,True,PendantCluster,1275,-2498,-66.2,"Nested pendant cluster (depth 6): Capped to 1;275 AADT (26% of 2 entry roads (Looney Ln; Looney Ln): 4;867)"
110416492561,Unknown Road,INTERPOLATED,1418,True,PendantCluster,826,-592,-41.7,"Nested pendant cluster (depth 6): Capped to 826 AADT (26% of 2 entry roads (Montgomery Ln; Unknown Road): 3;152)"
110416479657,Mountain View Dr,INTERPOLATED,3688,True,PendantCluster,2129,-1559,-42.3,"Nested pendant cluster (depth 4): Capped to 2;129 AADT (41% of 2 entry roads (Stoneridge Trl; Mountain View Dr): 5;198)"
110416492451,Unknown Road,INTERPOLATED,3348,False,NONE,3348,0,0,"No constraint needed"
1103690716991,Kelly Brook Cir,INTERPOLATED,3562,True,PendantCluster,158,-3404,-95.6,"Nested pendant cluster (depth 8): Capped to 158 AADT (17% of entry road 'Kelly Brook Ln': 943)"
110416479254,Spring Creek Pkwy,INTERPOLATED,4651,True,PendantCluster,2685,-1966,-42.3,"Nested pendant cluster (depth 4): Capped to 2;685 AADT (41% of 2 entry roads (Unknown Road; Spring Creek Pkwy): 6;556)"
110416492511,Unknown Road,ACTUAL_COUNT,4849,True,PendantCluster,3543,-1306,-26.9,"Nested pendant cluster (depth 2): Capped to 3;543 AADT (64% of entry road 'Tin Top Rd': 5;536)"
110416490557,Unknown Road,INTERPOLATED,4146,True,PendantCluster,1656,-2490,-60.1,"Nested pendant cluster (depth 4): Capped to 1;656 AADT (41% of entry road 'Unknown Road': 4;044)"
110416490168,Unknown Road,INTERPOLATED,3993,False,NONE,3993,0,0,"No constraint needed"
1103613687738,Emerald,INTERPOLATED,4767,False,NONE,4767,0,0,"No constraint needed"
1103613655913,Brazos Ridge Dr,INTERPOLATED,4569,False,NONE,4569,0,0,"No constraint needed"
1102200934995,Unknown Road,INTERPOLATED,228,False,NONE,228,0,0,"No constraint needed"
110416470287,Brewster Trl,INTERPOLATED,228,True,PendantCluster,0,-228,-100,"Nested pendant cluster (depth 28): Capped to 0 AADT (0% of entry road 'Brewster Trl': 228)"
110416477066,Lake Shore Dr,INTERPOLATED,3940,True,PendantCluster,2878,-1062,-27,"Nested pendant cluster (depth 2): Capped to 2;878 AADT (64% of entry road 'Longhorn Trl': 4;497)"
110416467141,Pioneer Rd,INTERPOLATED,4401,False,NONE,4401,0,0,"No constraint needed"
110416477636,Tanglewood Ct,INTERPOLATED,5080,True,PendantCluster,3020,-2060,-40.6,"Nested pendant cluster (depth 2): Capped to 3;020 AADT (64% of entry road 'Chisholm Trl': 4;720)"
110416492384,Unknown Road,INTERPOLATED,4457,True,PendantCluster,3244,-1213,-27.2,"Nested pendant cluster (depth 2): Capped to 3;244 AADT (64% of entry road 'Mesa Trl': 5;070)"
110416477658,Tanglewood Ln,INTERPOLATED,5064,False,NONE,5064,0,0,"No constraint needed"
110416471464,Triple K Ct,INTERPOLATED,5415,True,PendantCluster,3126,-2289,-42.3,"Nested pendant cluster (depth 4): Capped to 3;126 AADT (41% of 2 entry roads (Unknown Road; Triple K Ct): 7;632)"
110416491461,Unknown Road,INTERPOLATED,525,True,PendantCluster,0,-525,-100,"Nested pendant cluster (depth 14): Capped to 0 AADT (4% of entry road 'Horseshoe Bend Rd': 13)"
110416491470,Unknown Road,INTERPOLATED,1573,True,PendantCluster,65,-1508,-95.9,"Nested pendant cluster (depth 8): Capped to 65 AADT (17% of entry road 'Horseshoe Bend Rd': 390)"
1104475062563,Unknown Road,INTERPOLATED,281622,False,NONE,281622,0,0,"No constraint needed"
1104347014161,Mineral Wells Hwy,ACTUAL_COUNT,736,False,NONE,736,0,0,"No constraint needed"
1104475062483,US Hwy 180,ACTUAL_COUNT,120,False,NONE,120,0,0,"No constraint needed"
110416445808,FM 3028,INTERPOLATED,22,True,PendantCluster,7,-15,-68.2,"Nested pendant cluster (depth 8): Capped to 7 AADT (17% of 2 entry roads (Patterson Hill Rd; FM 3028): 44)"
110416491879,Unknown Road,INTERPOLATED,718,True,PendantCluster,170,-548,-76.3,"Nested pendant cluster (depth 2): Capped to 170 AADT (64% of entry road 'Cox Rd': 267)"
110416471231,Phillips Ln,INTERPOLATED,170,True,PendantCluster,97,-73,-42.9,"Nested pendant cluster (depth 4): Capped to 97 AADT (41% of 2 entry roads (Phillips Ln; Phillips Ln): 239)"
110416463991,Barnes Rd,INTERPOLATED,1253,True,PendantCluster,748,-505,-40.3,"Nested pendant cluster (depth 2): Capped to 748 AADT (64% of entry road 'Fox Rd': 1;169)"
110416489464,Unknown Road,INTERPOLATED,1147,True,PendantCluster,80,-1067,-93,"Nested pendant cluster (depth 6): Capped to 80 AADT (26% of entry road 'Unknown Road': 306)"
1103695942312,Buck Ct,INTERPOLATED,3160,True,PendantCluster,2031,-1129,-35.7,"Nested pendant cluster (depth 2): Capped to 2;031 AADT (64% of entry road 'Whitetail Run': 3;174)"
1104470496575,Whitetail Run,INTERPOLATED,3174,False,NONE,3174,0,0,"No constraint needed"
1102200927046,Unknown Road,INTERPOLATED,1470,False,NONE,1470,0,0,"No constraint needed"
110416465899,Sherry Ct,INTERPOLATED,3292,True,PendantCluster,2875,-417,-12.7,"Nested pendant cluster (depth 2): Capped to 2;875 AADT (64% of entry road 'W Rentz St': 4;493)"
110416478905,Chimney Rock Ct,INTERPOLATED,1747,False,NONE,1747,0,0,"No constraint needed"
110416445137,I- 20 Svc Rd,INTERPOLATED,64034,True,PendantCluster,27136,-36898,-57.6,"Nested pendant cluster (depth 4): Capped to 27;136 AADT (41% of 2 entry roads (Unknown Road; I- 20 Svc Rd): 66;252)"
1104472961490,Whiterock Ct,INTERPOLATED,1637,False,NONE,1637,0,0,"No constraint needed"
110416491170,Unknown Road,INTERPOLATED,2905,True,PendantCluster,1272,-1633,-56.2,"Nested pendant cluster (depth 4): Capped to 1;272 AADT (41% of entry road 'Unknown Road': 3;107)"
110416448551,Blair Dr,INTERPOLATED,1436,False,NONE,1436,0,0,"No constraint needed"
110416478902,Center Point Rd,ACTUAL_COUNT,1486,False,NONE,1486,0,0,"No constraint needed"
110416492284,Unknown Road,INTERPOLATED,76056,False,NONE,76056,0,0,"No constraint needed"
110416490371,Unknown Road,INTERPOLATED,585,True,PendantCluster,28,-557,-95.2,"Nested pendant cluster (depth 2): Capped to 28 AADT (64% of entry road 'Gilbert Pit Rd': 45)"
110416490333,Unknown Road,INTERPOLATED,455,True,PendantCluster,6,-449,-98.7,"Nested pendant cluster (depth 22): Capped to 6 AADT (1% of 2 entry roads (Unknown Road; Unknown Road): 911)"
110416490190,Unknown Road,INTERPOLATED,4044,False,NONE,4044,0,0,"No constraint needed"
110416490110,Unknown Road,INTERPOLATED,1759,False,NONE,1759,0,0,"No constraint needed"
110416490574,Unknown Road,INTERPOLATED,6492,False,NONE,6492,0,0,"No constraint needed"
1102200945224,Paintbrush Ct,INTERPOLATED,4330,True,PendantCluster,1414,-2916,-67.3,"Nested pendant cluster (depth 4): Capped to 1;414 AADT (41% of entry road 'Coleman Ln': 3;454)"
1103695919750,Tahoe Ln,NO_DATA,0,False,NONE,0,0,0,"No constraint needed"
1103587032146,Cactus Rio Dr,INTERPOLATED,2445,True,PendantCluster,1746,-699,-28.6,"Nested pendant cluster (depth 4): Capped to 1;746 AADT (41% of entry road 'Silverado Dr': 4;264)"
110416466651,Cutters Ln,INTERPOLATED,182,True,PendantCluster,83,-99,-54.4,"Nested pendant cluster (depth 2): Capped to 83 AADT (64% of entry road 'Doss Rd': 131)"
110416446021,Doss Rd,INTERPOLATED,131,False,NONE,131,0,0,"No constraint needed"
110416490702,Unknown Road,INTERPOLATED,232,True,PendantCluster,134,-98,-42.2,"Nested pendant cluster (depth 2): Capped to 134 AADT (64% of entry road 'Newberry Rd': 210)"
1102200932341,Unknown Road,INTERPOLATED,1127,True,PendantCluster,68,-1059,-94,"Nested pendant cluster (depth 2): Capped to 68 AADT (64% of entry road 'Old Millsap Rd': 107)"
110416478168,Heathington Rd,INTERPOLATED,857,False,NONE,857,0,0,"No constraint needed"
1102466652308,Unknown Road,INTERPOLATED,153,False,NONE,153,0,0,"No constraint needed"
110416490698,Unknown Road,INTERPOLATED,15206,True,PendantCluster,3015,-12191,-80.2,"Nested pendant cluster (depth 4): Capped to 3;015 AADT (41% of entry road 'Unknown Road': 7;363)"
110416464357,Dallas Ave,ACTUAL_COUNT,31203,False,NONE,31203,0,0,"No constraint needed"
110416447192,Wood Ave,INTERPOLATED,2674,False,NONE,2674,0,0,"No constraint needed"
110416477417,Sandy Hill Ln,INTERPOLATED,310,False,NONE,310,0,0,"No constraint needed"
1106067252210,Love St,ACTUAL_COUNT,736,False,NONE,736,0,0,"No constraint needed"
110416464069,Bishop St,ACTUAL_COUNT,5562,False,NONE,5562,0,0,"No constraint needed"
110416463479,Wendy Ln,INTERPOLATED,1398,False,NONE,1398,0,0,"No constraint needed"
110416477701,Van Winkle St,INTERPOLATED,1035,False,NONE,1035,0,0,"No constraint needed"
1103671412327,Sweetwater,INTERPOLATED,1840,False,NONE,1840,0,0,"No constraint needed"
1103594561586,Coyote Run,INTERPOLATED,1924,False,NONE,1924,0,0,"No constraint needed"
1102970390166,FM 1189,INTERPOLATED,49,True,PendantCluster,5,-44,-89.8,"Nested pendant cluster (depth 10): Capped to 5 AADT (11% of 2 entry roads (Unknown Road; FM 1189): 54)"
110416470641,Harrison Ln,INTERPOLATED,254,False,NONE,254,0,0,"No constraint needed"
110416467108,Pearson Rd,INTERPOLATED,242,False,NONE,242,0,0,"No constraint needed"
110416465335,Holder Ln,INTERPOLATED,206,False,NONE,206,0,0,"No constraint needed"
1102200924338,Unknown Road,INTERPOLATED,393,True,PendantCluster,89,-304,-77.4,"Nested pendant cluster (depth 4): Capped to 89 AADT (41% of entry road 'Unknown Road': 218)"
110416492529,Unknown Road,INTERPOLATED,402,True,PendantCluster,218,-184,-45.8,"Nested pendant cluster (depth 2): Capped to 218 AADT (64% of entry road 'Cougar Rd': 342)"
110416470471,Comanche,INTERPOLATED,227,True,PendantCluster,0,-227,-100,"Nested pendant cluster (depth 24): Capped to 0 AADT (0% of entry road 'Horseshoe Bend Rd': 2)"
1102466311755,Unknown Road,INTERPOLATED,215,True,PendantCluster,19,-196,-91.2,"Nested pendant cluster (depth 8): Capped to 19 AADT (17% of entry road 'Unknown Road': 115)"
110416489407,Unknown Road,INTERPOLATED,217,False,NONE,217,0,0,"No constraint needed"
110416490321,Unknown Road,INTERPOLATED,1235,True,PendantCluster,834,-401,-32.5,"Nested pendant cluster (depth 2): Capped to 834 AADT (64% of entry road 'Jacksboro-Graham Rd': 1;304)"
110416446036,Duke St,INTERPOLATED,1037,False,NONE,1037,0,0,"No constraint needed"
1103701318599,Unknown Road,INTERPOLATED,4127,True,PendantCluster,2524,-1603,-38.8,"Nested pendant cluster (depth 2): Capped to 2;524 AADT (64% of 2 entry roads (Dicey Rd; Jameson St): 3;945)"
1102970398870,Front St,ACTUAL_COUNT,967,False,NONE,967,0,0,"No constraint needed"
110416465575,Meadow Dr,INTERPOLATED,3280,False,NONE,3280,0,0,"No constraint needed"
110416471119,Oakridge Dr,INTERPOLATED,2108,False,NONE,2108,0,0,"No constraint needed"
110416492233,Unknown Road,INTERPOLATED,4277,False,NONE,4277,0,0,"No constraint needed"
110416466854,Houston St,INTERPOLATED,6261,False,NONE,6261,0,0,"No constraint needed"
110416445934,Case St,ACTUAL_COUNT,736,False,NONE,736,0,0,"No constraint needed"
110416451055,Corto Dr,INTERPOLATED,226,True,PendantCluster,0,-226,-100,"Nested pendant cluster (depth 24): Capped to 0 AADT (0% of entry road 'Horseshoe Bend Rd': 2)"
110416492106,Unknown Road,INTERPOLATED,217,False,NONE,217,0,0,"No constraint needed"
1102219689333,Unknown Road,INTERPOLATED,248,False,NONE,248,0,0,"No constraint needed"
110416492541,Unknown Road,INTERPOLATED,352,True,PendantCluster,7,-345,-98,"Nested pendant cluster (depth 8): Capped to 7 AADT (17% of entry road 'Unknown Road': 44)"
1102466311768,Unknown Road,INTERPOLATED,211,True,PendantCluster,19,-192,-91,"Nested pendant cluster (depth 8): Capped to 19 AADT (17% of entry road 'Unknown Road': 115)"
1105598351781,Mesa Ct,INTERPOLATED,4377,True,PendantCluster,2809,-1568,-35.8,"Nested pendant cluster (depth 2): Capped to 2;809 AADT (64% of entry road 'Comanche Trl': 4;390)"
110416491987,Unknown Road,INTERPOLATED,399,False,NONE,399,0,0,"No constraint needed"
1102200937239,Cutting Horse Ct,INTERPOLATED,4330,True,PendantCluster,4282,-48,-1.1,"Nested pendant cluster (depth 2): Capped to 4;282 AADT (64% of entry road 'Silver Saddle Cir': 6;691)"
1102970399126,Lands Way Rd,INTERPOLATED,9188,False,NONE,9188,0,0,"No constraint needed"
110416489827,Unknown Road,INTERPOLATED,323,True,PendantCluster,1,-322,-99.7,"Nested pendant cluster (depth 12): Capped to 1 AADT (7% of entry road 'Thorpe Springs Rd': 24)"
1103574756257,Tin Top Rd,INTERPOLATED,409,True,PendantCluster,294,-115,-28.1,"Nested pendant cluster (depth 4): Capped to 294 AADT (41% of entry road 'New Tin Top Rd': 718)"
110416470861,Lakewood Dr,INTERPOLATED,417,True,PendantCluster,294,-123,-29.5,"Nested pendant cluster (depth 4): Capped to 294 AADT (41% of entry road 'New Tin Top Rd': 718)"
110416478377,Pecan Grove Dr,INTERPOLATED,489,True,PendantCluster,294,-195,-39.9,"Nested pendant cluster (depth 4): Capped to 294 AADT (41% of entry road 'New Tin Top Rd': 718)"
110416489400,Unknown Road,INTERPOLATED,1492,False,NONE,1492,0,0,"No constraint needed"
110416489417,Unknown Road,INTERPOLATED,730,False,NONE,730,0,0,"No constraint needed"
110416489414,Unknown Road,ACTUAL_COUNT,392,False,NONE,392,0,0,"No constraint needed"
110416492133,Unknown Road,ACTUAL_COUNT,392,False,NONE,392,0,0,"No constraint needed"
1102200930747,Unknown Road,ACTUAL_COUNT,4868,False,NONE,4868,0,0,"No constraint needed"
110416447155,Ward St,INTERPOLATED,4624,False,NONE,4624,0,0,"No constraint needed"
110416447442,Allen St,INTERPOLATED,4705,False,NONE,4705,0,0,"No constraint needed"
110416464446,Elmira St,INTERPOLATED,3938,False,NONE,3938,0,0,"No constraint needed"
110416470774,Kenshire Ct,INTERPOLATED,26229,True,PendantCluster,2949,-23280,-88.8,"Nested pendant cluster (depth 6): Capped to 2;949 AADT (26% of entry road 'Guinevere Dr': 11;253)"
110416466374,Alameda,ACTUAL_COUNT,5562,False,NONE,5562,0,0,"No constraint needed"
1106087401670,Windmill Ct,INTERPOLATED,2,True,PendantCluster,0,-2,-100,"Nested pendant cluster (depth 40): Capped to 0 AADT (0% of 2 entry roads (Highland Lakes Dr; Windmill Ct): 4)"
110416492584,Unknown Road,INTERPOLATED,1593,True,PendantCluster,538,-1055,-66.2,"Nested pendant cluster (depth 6): Capped to 538 AADT (26% of entry road 'S FM 51': 2;056)"
110416466065,Thomas Ln,INTERPOLATED,6804,True,PendantCluster,2560,-4244,-62.4,"Nested pendant cluster (depth 4): Capped to 2;560 AADT (41% of entry road 'S FM 51': 6;252)"
1104473135673,Eureka St,ACTUAL_COUNT,11268,False,NONE,11268,0,0,"No constraint needed"
1102466487066,Unknown Road,INTERPOLATED,3163,False,NONE,3163,0,0,"No constraint needed"
1103459147973,Unknown Road,INTERPOLATED,4042,False,NONE,4042,0,0,"No constraint needed"
110416470023,Trenton St,INTERPOLATED,2103,False,NONE,2103,0,0,"No constraint needed"
110416471806,Cleveland Ave,ACTUAL_COUNT,1469,False,NONE,1469,0,0,"No constraint needed"
1106087434197,Eureka St,ACTUAL_COUNT,11268,False,NONE,11268,0,0,"No constraint needed"
110416490105,Unknown Road,INTERPOLATED,1406,True,PendantCluster,14,-1392,-99,"Nested pendant cluster (depth 10): Capped to 14 AADT (11% of 2 entry roads (Unknown Road; Unknown Road): 136)"
110416491544,Unknown Road,INTERPOLATED,3617,False,NONE,3617,0,0,"No constraint needed"
110416445661,Oak Ln,INTERPOLATED,1732,True,PendantCluster,1128,-604,-34.9,"Nested pendant cluster (depth 2): Capped to 1;128 AADT (64% of entry road 'Greenwood Cut Off Rd': 1;763)"
110416490667,Unknown Road,INTERPOLATED,1597,False,NONE,1597,0,0,"No constraint needed"
110416489503,Clark Ln,INTERPOLATED,1390,False,NONE,1390,0,0,"No constraint needed"
1102200932485,Unknown Road,INTERPOLATED,180,True,PendantCluster,135,-45,-25,"Nested pendant cluster (depth 2): Capped to 135 AADT (64% of entry road 'S FM 113': 212)"
110416492029,Unknown Road,INTERPOLATED,1754,False,NONE,1754,0,0,"No constraint needed"
110416445688,Ray Ln,INTERPOLATED,472,True,PendantCluster,155,-317,-67.2,"Nested pendant cluster (depth 6): Capped to 155 AADT (26% of 2 entry roads (Unknown Road; Ray Ln): 595)"
110416492023,Unknown Road,INTERPOLATED,1808,False,NONE,1808,0,0,"No constraint needed"
110416464611,Harvey Rd,INTERPOLATED,1807,False,NONE,1807,0,0,"No constraint needed"
110416474845,Westbriar Dr,ACTUAL_COUNT,840,True,PendantCluster,344,-496,-59,"Nested pendant cluster (depth 4): Capped to 344 AADT (41% of entry road 'Westbriar Dr': 840)"
1102466703584,Oak Tree Cir,INTERPOLATED,1859,True,PendantCluster,137,-1722,-92.6,"Nested pendant cluster (depth 6): Capped to 137 AADT (26% of 2 entry roads (Oak Tree Ln; Westwood Dr): 524)"
1102200922881,Berwick Dr,INTERPOLATED,7942,False,NONE,7942,0,0,"No constraint needed"
110416466407,Aultman Cir,INTERPOLATED,2713,False,NONE,2713,0,0,"No constraint needed"
110416465429,Keechi St,INTERPOLATED,3746,True,PendantCluster,471,-3275,-87.4,"Nested pendant cluster (depth 2): Capped to 471 AADT (64% of entry road 'Love St': 736)"
110416472005,Golf View Dr,INTERPOLATED,2571,True,PendantCluster,1340,-1231,-47.9,"Nested pendant cluster (depth 2): Capped to 1;340 AADT (64% of entry road 'Mockingbird Ln': 2;095)"
1103690717619,Unknown Road,INTERPOLATED,674,False,NONE,674,0,0,"No constraint needed"
1102270228187,Kyle Ln,INTERPOLATED,316,False,NONE,316,0,0,"No constraint needed"
1102200949156,Unknown Road,INTERPOLATED,367,True,PendantCluster,187,-180,-49,"Nested pendant cluster (depth 2): Capped to 187 AADT (64% of entry road 'Wilson Bend Rd': 293)"
1103701327624,Unknown Road,INTERPOLATED,381,True,PendantCluster,187,-194,-50.9,"Nested pendant cluster (depth 2): Capped to 187 AADT (64% of entry road 'Wilson Bend Rd': 293)"
110416457274,Lamar St,INTERPOLATED,150,False,NONE,150,0,0,"No constraint needed"
110416492658,Unknown Road,INTERPOLATED,146,True,PendantCluster,94,-52,-35.6,"Nested pendant cluster (depth 2): Capped to 94 AADT (64% of entry road 'FM 3028': 147)"
110416478383,Poe Prairie Rd,ACTUAL_COUNT,512,False,NONE,512,0,0,"No constraint needed"
110416471411,Stephens Rd,INTERPOLATED,334,False,NONE,334,0,0,"No constraint needed"
110416471588,Alexander Dr,INTERPOLATED,3266,False,NONE,3266,0,0,"No constraint needed"
1102466761184,Saddle Club Rd,INTERPOLATED,104,True,PendantCluster,20,-84,-80.8,"Nested pendant cluster (depth 8): Capped to 20 AADT (17% of 2 entry roads (Chappel Hill Ct; Saddle Club Rd): 121)"
110416473189,Lazy Bend Rd,ACTUAL_COUNT,78,True,PendantCluster,9,-69,-88.5,"Nested pendant cluster (depth 10): Capped to 9 AADT (11% of 2 entry roads (Unknown Road; Lazy Bend Rd): 86)"
110416492465,Unknown Road,ACTUAL_COUNT,648,True,PendantCluster,414,-234,-36.1,"Nested pendant cluster (depth 2): Capped to 414 AADT (64% of entry road 'Tidwell Rd': 648)"
110416492091,Unknown Road,INTERPOLATED,1503,True,PendantCluster,718,-785,-52.2,"Nested pendant cluster (depth 6): Capped to 718 AADT (26% of 3 entry roads (Unknown Road; Unknown Road; ...): 2;742)"
1102638239684,Unknown Road,INTERPOLATED,584,False,NONE,584,0,0,"No constraint needed"
110416480008,Mountain River Rd,INTERPOLATED,535,True,PendantCluster,22,-513,-95.9,"Nested pendant cluster (depth 8): Capped to 22 AADT (17% of entry road 'Soda Springs Rd': 132)"
110416491063,Unknown Road,INTERPOLATED,546,False,NONE,546,0,0,"No constraint needed"
110416465755,Parker St,INTERPOLATED,155,True,PendantCluster,49,-106,-68.4,"Nested pendant cluster (depth 4): Capped to 49 AADT (41% of entry road 'SW Front St': 121)"
1102466338217,Gilbert Pit Rd,INTERPOLATED,539,True,PendantCluster,310,-229,-42.5,"Nested pendant cluster (depth 4): Capped to 310 AADT (41% of 2 entry roads (Unknown Road; Gilbert Pit Rd): 759)"
110416490179,Unknown Road,INTERPOLATED,627,True,PendantCluster,402,-225,-35.9,"Nested pendant cluster (depth 2): Capped to 402 AADT (64% of 2 entry roads (Gilbert Pit Rd; Unknown Road): 629)"
110416490158,Unknown Road,INTERPOLATED,460,False,NONE,460,0,0,"No constraint needed"
110416478873,Canyon Creek Ln,INTERPOLATED,106,True,PendantCluster,12,-94,-88.7,"Nested pendant cluster (depth 10): Capped to 12 AADT (11% of 2 entry roads (W Canyon Creek Ln; Canyon Creek Ln): 117)"
1103590945201,Ridgmar Dr,INTERPOLATED,1660,False,NONE,1660,0,0,"No constraint needed"
110416457456,Laser Ln,INTERPOLATED,1984,True,PendantCluster,0,-1984,-100,"Nested pendant cluster (depth 14): Capped to 0 AADT (4% of entry road 'Top Flight Dr': 10)"
110416479491,Country Place Rd,INTERPOLATED,2798,False,NONE,2798,0,0,"No constraint needed"
1102466372943,Unknown Road,INTERPOLATED,504,False,NONE,504,0,0,"No constraint needed"
110416478713,Wood Hollow Dr,INTERPOLATED,2609,False,NONE,2609,0,0,"No constraint needed"
110416477884,Blue Ribbon Trl,INTERPOLATED,1867,True,PendantCluster,529,-1338,-71.7,"Nested pendant cluster (depth 4): Capped to 529 AADT (41% of entry road 'Futurity Ln': 1;292)"
110416477673,Timberwild Dr,INTERPOLATED,2887,False,NONE,2887,0,0,"No constraint needed"
110416446074,Fain Ln,INTERPOLATED,2595,False,NONE,2595,0,0,"No constraint needed"
1102466703723,Unknown Road,INTERPOLATED,2043,True,PendantCluster,1339,-704,-34.5,"Nested pendant cluster (depth 2): Capped to 1;339 AADT (64% of entry road 'Kings Rd': 2;093)"
110416490192,Unknown Road,INTERPOLATED,2167,True,PendantCluster,1187,-980,-45.2,"Nested pendant cluster (depth 2): Capped to 1;187 AADT (64% of entry road 'FM 1189': 1;855)"
1102466703767,Unknown Road,INTERPOLATED,2392,True,PendantCluster,1417,-975,-40.8,"Nested pendant cluster (depth 2): Capped to 1;417 AADT (64% of entry road 'FM 1189': 2;215)"
1102200920773,Unknown Road,INTERPOLATED,2141,False,NONE,2141,0,0,"No constraint needed"
1102466330466,Unknown Road,INTERPOLATED,1135,True,PendantCluster,301,-834,-73.5,"Nested pendant cluster (depth 6): Capped to 301 AADT (26% of 2 entry roads (Unknown Road; Unknown Road): 1;150)"
1102200942956,Unknown Road,INTERPOLATED,1020,True,PendantCluster,301,-719,-70.5,"Nested pendant cluster (depth 6): Capped to 301 AADT (26% of 2 entry roads (Unknown Road; Unknown Road): 1;150)"
1103226196660,Story Book Ln,ACTUAL_COUNT,1203,True,PendantCluster,1094,-109,-9.1,"Nested pendant cluster (depth 4): Capped to 1;094 AADT (41% of 2 entry roads (W Anderson St; Story Book Ln): 2;672)"
1104472880548,Whiterock Ct,INTERPOLATED,1741,False,NONE,1741,0,0,"No constraint needed"
1102200919841,Windowmere Trl,INTERPOLATED,1458,True,PendantCluster,579,-879,-60.3,"Nested pendant cluster (depth 4): Capped to 579 AADT (41% of entry road 'Willow Creek Dr': 1;414)"
1102200932909,Unknown Road,INTERPOLATED,736,False,NONE,736,0,0,"No constraint needed"
1104473155612,Unknown Road,INTERPOLATED,6417,True,PendantCluster,3825,-2592,-40.4,"Nested pendant cluster (depth 2): Capped to 3;825 AADT (64% of entry road 'Tin Top Rd': 5;978)"
1104473155611,Unknown Road,INTERPOLATED,6415,True,PendantCluster,1566,-4849,-75.6,"Nested pendant cluster (depth 4): Capped to 1;566 AADT (41% of entry road 'Unknown Road': 3;825)"
110416490915,Unknown Road,INTERPOLATED,53088,True,PendantCluster,1170,-51918,-97.8,"Nested pendant cluster (depth 2): Capped to 1;170 AADT (64% of entry road 'W Park Ave': 1;829)"
1102200931028,Unknown Road,ACTUAL_COUNT,1920,False,NONE,1920,0,0,"No constraint needed"
1102200941737,Unknown Road,INTERPOLATED,322,False,NONE,322,0,0,"No constraint needed"
1102466330444,Unknown Road,INTERPOLATED,900,True,PendantCluster,151,-749,-83.2,"Nested pendant cluster (depth 8): Capped to 151 AADT (17% of 3 entry roads (Unknown Road; Unknown Road; ...): 903)"
110416489796,Unknown Road,INTERPOLATED,803,True,PendantCluster,65,-738,-91.9,"Nested pendant cluster (depth 6): Capped to 65 AADT (26% of entry road 'Meeks Bend': 249)"
110416490524,Unknown Road,INTERPOLATED,343,True,PendantCluster,187,-156,-45.5,"Nested pendant cluster (depth 2): Capped to 187 AADT (64% of entry road 'Wilson Bend Rd': 293)"
1104701882510,Unknown Road,INTERPOLATED,327519,False,NONE,327519,0,0,"No constraint needed"
110416466025,Swancy Ln,INTERPOLATED,1678,True,PendantCluster,794,-884,-52.7,"Nested pendant cluster (depth 2): Capped to 794 AADT (64% of entry road 'Greenwood Rd': 1;242)"
110416489410,Unknown Road,INTERPOLATED,210,False,NONE,210,0,0,"No constraint needed"
1102638240402,Unknown Road,INTERPOLATED,732,False,NONE,732,0,0,"No constraint needed"
1102466917204,Unknown Road,INTERPOLATED,12555,True,PendantCluster,436,-12119,-96.5,"Nested pendant cluster (depth 8): Capped to 436 AADT (17% of entry road 'Floyd Ct': 2;600)"
110416491464,Unknown Road,INTERPOLATED,2300,False,NONE,2300,0,0,"No constraint needed"
110416490607,Unknown Road,INTERPOLATED,2542,False,NONE,2542,0,0,"No constraint needed"
110416491465,Unknown Road,INTERPOLATED,2411,False,NONE,2411,0,0,"No constraint needed"
110416491234,Unknown Road,INTERPOLATED,2177,False,NONE,2177,0,0,"No constraint needed"
110416489453,Unknown Road,INTERPOLATED,828,True,PendantCluster,504,-324,-39.1,"Nested pendant cluster (depth 2): Capped to 504 AADT (64% of entry road 'Cattail Trl': 788)"
110416492647,Unknown Road,INTERPOLATED,135,True,PendantCluster,77,-58,-43,"Nested pendant cluster (depth 4): Capped to 77 AADT (41% of 2 entry roads (Unknown Road; Unknown Road): 190)"
110416490177,Unknown Road,INTERPOLATED,540,True,PendantCluster,28,-512,-94.8,"Nested pendant cluster (depth 2): Capped to 28 AADT (64% of entry road 'Gilbert Pit Rd': 45)"
1103276931351,Randall Rd,INTERPOLATED,13725,True,PendantCluster,70,-13655,-99.5,"Nested pendant cluster (depth 8): Capped to 70 AADT (17% of entry road 'BB Fielder Dr': 423)"
1103276928355,BB Fielder Dr,ACTUAL_COUNT,423,True,PendantCluster,70,-353,-83.5,"Nested pendant cluster (depth 8): Capped to 70 AADT (17% of entry road 'BB Fielder Dr': 423)"
1102466706334,Unknown Road,INTERPOLATED,5701,True,PendantCluster,871,-4830,-84.7,"Nested pendant cluster (depth 6): Capped to 871 AADT (26% of 2 entry roads (Unknown Road; Unknown Road): 3;325)"
110416490245,Unknown Road,INTERPOLATED,6979,True,PendantCluster,1451,-5528,-79.2,"Nested pendant cluster (depth 4): Capped to 1;451 AADT (41% of entry road 'Fletcher Rd': 3;543)"
110416467131,Pickard Ln,INTERPOLATED,3543,True,PendantCluster,2045,-1498,-42.3,"Nested pendant cluster (depth 4): Capped to 2;045 AADT (41% of 2 entry roads (Unknown Road; Pickard Ln): 4;994)"
110416491874,Unknown Road,INTERPOLATED,4240,True,PendantCluster,3220,-1020,-24.1,"Nested pendant cluster (depth 2): Capped to 3;220 AADT (64% of entry road 'FM 1708': 5;032)"
1103613665450,Brazos Vista Ct,INTERPOLATED,5413,True,PendantCluster,2121,-3292,-60.8,"Nested pendant cluster (depth 4): Capped to 2;121 AADT (41% of entry road 'Brazos Hill Dr': 5;180)"
1103626849237,Inverness Dr,INTERPOLATED,29433,False,NONE,29433,0,0,"No constraint needed"
1103690717602,Deep Wood Ln,INTERPOLATED,3241,False,NONE,3241,0,0,"No constraint needed"
1103661346567,Redbud Ln,INTERPOLATED,3455,True,PendantCluster,1235,-2220,-64.3,"Nested pendant cluster (depth 4): Capped to 1;235 AADT (41% of entry road 'Pleasant View Dr': 3;017)"
110416491716,Unknown Road,INTERPOLATED,9725,True,PendantCluster,7592,-2133,-21.9,"Nested pendant cluster (depth 2): Capped to 7;592 AADT (64% of entry road 'Baker Cut Off Rd': 11;863)"
1102200935035,Unknown Road,INTERPOLATED,9393,True,PendantCluster,5415,-3978,-42.4,"Nested pendant cluster (depth 2): Capped to 5;415 AADT (64% of entry road 'S FM 51': 8;462)"
110416492075,Unknown Road,INTERPOLATED,1993,True,PendantCluster,1292,-701,-35.2,"Nested pendant cluster (depth 2): Capped to 1;292 AADT (64% of entry road 'Grindstone Rd': 2;019)"
110416492144,Unknown Road,INTERPOLATED,1948,True,PendantCluster,1072,-876,-45,"Nested pendant cluster (depth 4): Capped to 1;072 AADT (41% of 2 entry roads (Unknown Road; Unknown Road): 2;619)"
1102200950544,Unknown Road,INTERPOLATED,137,True,PendantCluster,36,-101,-73.7,"Nested pendant cluster (depth 4): Capped to 36 AADT (41% of entry road 'Unknown Road': 90)"
110416474756,Sugartree Cir,INTERPOLATED,476,False,NONE,476,0,0,"No constraint needed"
1103662204426,The Farm Rd,INTERPOLATED,4131,True,PendantCluster,2149,-1982,-48,"Nested pendant cluster (depth 4): Capped to 2;149 AADT (41% of 2 entry roads (The Farm Rd; The Farm Rd): 5;249)"
11016954891416,Barry Dr,INTERPOLATED,3883,True,PendantCluster,1,-3882,-100,"Nested pendant cluster (depth 12): Capped to 1 AADT (7% of entry road 'Scott Dr': 15)"
110416491393,Unknown Road,INTERPOLATED,502,True,PendantCluster,13,-489,-97.4,"Nested pendant cluster (depth 8): Capped to 13 AADT (17% of entry road 'Gilbert Pit Rd': 81)"
1102200926085,Unknown Road,INTERPOLATED,439,True,PendantCluster,269,-170,-38.7,"Nested pendant cluster (depth 4): Capped to 269 AADT (41% of 2 entry roads (Unknown Road; Unknown Road): 658)"
1102466487021,Unknown Road,INTERPOLATED,440,True,PendantCluster,199,-241,-54.8,"Nested pendant cluster (depth 4): Capped to 199 AADT (41% of 2 entry roads (Unknown Road; Unknown Road): 487)"
11016954881350,Ridgemont Ct,INTERPOLATED,30252,True,PendantCluster,347,-29905,-98.9,"Nested pendant cluster (depth 8): Capped to 347 AADT (17% of entry road 'Hill Crest Ct': 2;074)"
11016955046295,Silver Fox Trl,INTERPOLATED,3342,False,NONE,3342,0,0,"No constraint needed"
1105598409685,Garden Ln,INTERPOLATED,1585,True,PendantCluster,1001,-584,-36.8,"Nested pendant cluster (depth 2): Capped to 1;001 AADT (64% of entry road 'Dicey Rd': 1;565)"
110416489810,Unknown Road,INTERPOLATED,2081,True,PendantCluster,703,-1378,-66.2,"Nested pendant cluster (depth 4): Capped to 703 AADT (41% of entry road 'Pritchard Ln': 1;717)"
1105598409599,Spirit Ct,INTERPOLATED,2046,True,PendantCluster,222,-1824,-89.1,"Nested pendant cluster (depth 6): Capped to 222 AADT (26% of entry road 'Eagles Crest Ln': 848)"
110416490124,Unknown Road,INTERPOLATED,1526,True,PendantCluster,115,-1411,-92.5,"Nested pendant cluster (depth 8): Capped to 115 AADT (17% of 2 entry roads (Unknown Road; Unknown Road): 686)"
110416489381,Unknown Road,INTERPOLATED,1444,True,PendantCluster,305,-1139,-78.9,"Nested pendant cluster (depth 4): Capped to 305 AADT (41% of entry road 'Unknown Road': 746)"
110416490444,Unknown Road,INTERPOLATED,1143,True,PendantCluster,768,-375,-32.8,"Nested pendant cluster (depth 2): Capped to 768 AADT (64% of entry road 'Perkins Rd': 1;201)"
1102200932103,Unknown Road,INTERPOLATED,761,False,NONE,761,0,0,"No constraint needed"
110416492272,Unknown Road,INTERPOLATED,559,False,NONE,559,0,0,"No constraint needed"
110416490207,Unknown Road,INTERPOLATED,1284,False,NONE,1284,0,0,"No constraint needed"
110416447170,West Ave,ACTUAL_COUNT,749,False,NONE,749,0,0,"No constraint needed"
110416465950,Sparks,ACTUAL_COUNT,1979,False,NONE,1979,0,0,"No constraint needed"
1103662203676,Seaberry,INTERPOLATED,1289,False,NONE,1289,0,0,"No constraint needed"
110416465882,Shadle Rd,ACTUAL_COUNT,383,False,NONE,383,0,0,"No constraint needed"
110416491695,Unknown Road,INTERPOLATED,1728,True,PendantCluster,62,-1666,-96.4,"Nested pendant cluster (depth 8): Capped to 62 AADT (17% of entry road 'Cornstubble Ln': 374)"
110416492181,Unknown Road,INTERPOLATED,717,True,PendantCluster,169,-548,-76.4,"Nested pendant cluster (depth 2): Capped to 169 AADT (64% of entry road 'Old Agnes Rd': 265)"
110416474059,McClendon Rd,ACTUAL_COUNT,458,False,NONE,458,0,0,"No constraint needed"
110416466557,Central Rd,INTERPOLATED,996,False,NONE,996,0,0,"No constraint needed"
110416447100,Toto Rd,INTERPOLATED,169,True,PendantCluster,97,-72,-42.6,"Nested pendant cluster (depth 4): Capped to 97 AADT (41% of 2 entry roads (Unknown Road; Toto Rd): 238)"
110416470055,Weiland Rd,INTERPOLATED,760,False,NONE,760,0,0,"No constraint needed"
1102970389286,Ballard Rd,INTERPOLATED,4984,False,NONE,4984,0,0,"No constraint needed"
11016955195322,Unknown Road,INTERPOLATED,4394,False,NONE,4394,0,0,"No constraint needed"
110416465329,Hodges Rd,INTERPOLATED,1085,False,NONE,1085,0,0,"No constraint needed"
110416492426,Unknown Road,INTERPOLATED,618,True,PendantCluster,204,-414,-67,"Nested pendant cluster (depth 6): Capped to 204 AADT (26% of 2 entry roads (Mineral Springs Ct; Unknown Road): 780)"
1106087419078,Clearwater Dr,INTERPOLATED,6,True,PendantCluster,0,-6,-100,"Nested pendant cluster (depth 14): Capped to 0 AADT (4% of 2 entry roads (Clearwater Ct; Clearwater Dr): 12)"
1105598415188,Frank Plumlee Ln,INTERPOLATED,1606,True,PendantCluster,1057,-549,-34.2,"Nested pendant cluster (depth 2): Capped to 1;057 AADT (64% of 2 entry roads (Unknown Road; McClendon Rd): 1;652)"
110416491701,Unknown Road,INTERPOLATED,1271,False,NONE,1271,0,0,"No constraint needed"
110416492028,Bellaire Cir,INTERPOLATED,1707,True,PendantCluster,1261,-446,-26.1,"Nested pendant cluster (depth 4): Capped to 1;261 AADT (41% of 2 entry roads (Shadowview Ct; Holiday Hills Dr): 3;081)"
110416466092,Travis Rd,INTERPOLATED,1701,True,PendantCluster,203,-1498,-88.1,"Nested pendant cluster (depth 6): Capped to 203 AADT (26% of entry road 'Crockett Rd': 778)"
110416491351,Unknown Road,INTERPOLATED,1770,False,NONE,1770,0,0,"No constraint needed"
1102466498175,Mark Layne Rd,INTERPOLATED,2275,False,NONE,2275,0,0,"No constraint needed"
110416480023,Sharla Smelley Rd,INTERPOLATED,2582,False,NONE,2582,0,0,"No constraint needed"
110416479534,Garner School Rd,ACTUAL_COUNT,504,False,NONE,504,0,0,"No constraint needed"
110416445603,Key Ln,ACTUAL_COUNT,504,False,NONE,504,0,0,"No constraint needed"
110416489856,Unknown Road,INTERPOLATED,891,False,NONE,891,0,0,"No constraint needed"
1102200921524,Unknown Road,INTERPOLATED,406,False,NONE,406,0,0,"No constraint needed"
110416491129,Unknown Road,INTERPOLATED,576,False,NONE,576,0,0,"No constraint needed"
110416490384,Unknown Road,INTERPOLATED,516,True,PendantCluster,174,-342,-66.3,"Nested pendant cluster (depth 4): Capped to 174 AADT (41% of entry road 'Fingerbanks Ln': 425)"
110416490822,Unknown Road,INTERPOLATED,431,True,PendantCluster,258,-173,-40.1,"Nested pendant cluster (depth 4): Capped to 258 AADT (41% of 2 entry roads (Unknown Road; Unknown Road): 630)"
110416446251,Hott Ln,INTERPOLATED,368,False,NONE,368,0,0,"No constraint needed"
1103478470036,Unknown Road,INTERPOLATED,512,True,PendantCluster,328,-184,-35.9,"Nested pendant cluster (depth 2): Capped to 328 AADT (64% of entry road 'W Lambert Rd': 514)"
1103478486816,Unknown Road,INTERPOLATED,504,True,PendantCluster,273,-231,-45.8,"Nested pendant cluster (depth 4): Capped to 273 AADT (41% of 2 entry roads (Unknown Road; Unknown Road): 668)"
110416489758,Unknown Road,INTERPOLATED,566,False,NONE,566,0,0,"No constraint needed"
1103478448429,Unknown Road,INTERPOLATED,736,False,NONE,736,0,0,"No constraint needed"
11016955095168,Tommy Norris Ct,INTERPOLATED,1000,True,PendantCluster,4,-996,-99.6,"Nested pendant cluster (depth 10): Capped to 4 AADT (11% of entry road 'Mike Thornton Ct': 38)"
11016955195331,Unknown Road,INTERPOLATED,5812,False,NONE,5812,0,0,"No constraint needed"
110416452982,Dugan Ln,INTERPOLATED,2444,True,PendantCluster,1717,-727,-29.7,"Nested pendant cluster (depth 2): Capped to 1;717 AADT (64% of entry road 'Harwell Lake Rd': 2;684)"
110416489761,Unknown Road,INTERPOLATED,1344,True,PendantCluster,844,-500,-37.2,"Nested pendant cluster (depth 2): Capped to 844 AADT (64% of entry road 'Old Garner Rd': 1;319)"
110416489790,Unknown Road,INTERPOLATED,1135,True,PendantCluster,844,-291,-25.6,"Nested pendant cluster (depth 2): Capped to 844 AADT (64% of entry road 'Old Garner Rd': 1;319)"
110416479866,Holders Chapel Rd,INTERPOLATED,472,False,NONE,472,0,0,"No constraint needed"
110416477406,Salt Grass Cir,INTERPOLATED,1509,True,PendantCluster,1123,-386,-25.6,"Nested pendant cluster (depth 2): Capped to 1;123 AADT (64% of entry road 'Poolville Cut Off Rd': 1;756)"
110416490460,Unknown Road,INTERPOLATED,5715,False,NONE,5715,0,0,"No constraint needed"
110416491851,Unknown Road,INTERPOLATED,818,True,PendantCluster,340,-478,-58.4,"Nested pendant cluster (depth 4): Capped to 340 AADT (41% of entry road 'Neal Ln': 832)"
1103357114136,Colonial Creek Ln,INTERPOLATED,822,True,PendantCluster,271,-551,-67,"Nested pendant cluster (depth 6): Capped to 271 AADT (26% of 2 entry roads (Bay Ct; Colonial Creek Ln): 1;037)"
110416478162,Green Acres Rd,ACTUAL_COUNT,678,True,PendantCluster,391,-287,-42.3,"Nested pendant cluster (depth 4): Capped to 391 AADT (41% of 2 entry roads (Collett Ct; Green Acres Rd): 955)"
110416490456,Unknown Road,INTERPOLATED,667,True,PendantCluster,328,-339,-50.8,"Nested pendant cluster (depth 2): Capped to 328 AADT (64% of entry road 'W Lambert Rd': 514)"
110416470224,Big Jake Ct,INTERPOLATED,875,True,PendantCluster,634,-241,-27.5,"Nested pendant cluster (depth 4): Capped to 634 AADT (41% of 2 entry roads (True Grit Ct; Duke Trl): 1;548)"
110416490885,Unknown Road,ACTUAL_COUNT,937,False,NONE,937,0,0,"No constraint needed"
110416445204,FM 52,INTERPOLATED,2,True,PendantCluster,0,-2,-100,"Nested pendant cluster (depth 14): Capped to 0 AADT (4% of 2 entry roads (Main St; FM 52): 4)"
1106087399052,Ballew Springs Rd,INTERPOLATED,618,False,NONE,618,0,0,"No constraint needed"
110416474423,Middleton Rd,INTERPOLATED,1845,False,NONE,1845,0,0,"No constraint needed"
110416463653,Whitt Cir,INTERPOLATED,983,False,NONE,983,0,0,"No constraint needed"
110416477774,Whitt Mill St,ACTUAL_COUNT,227,False,NONE,227,0,0,"No constraint needed"
110416479759,Whitt Cut Off Rd,INTERPOLATED,8230,False,NONE,8230,0,0,"No constraint needed"
110416477233,Peach Tree Ln,INTERPOLATED,7853,True,PendantCluster,1618,-6235,-79.4,"Nested pendant cluster (depth 2): Capped to 1;618 AADT (64% of entry road 'FM 113 N': 2;529)"
110416490287,Unknown Road,INTERPOLATED,8655,False,NONE,8655,0,0,"No constraint needed"
11016955195320,Unknown Road,INTERPOLATED,5476,False,NONE,5476,0,0,"No constraint needed"
1103670138264,Unknown Road,INTERPOLATED,753,False,NONE,753,0,0,"No constraint needed"
110416492396,Unknown Road,INTERPOLATED,528,True,PendantCluster,0,-528,-100,"Nested pendant cluster (depth 16): Capped to 0 AADT (3% of entry road 'Hardy Rd': 1)"
110416492217,Unknown Road,INTERPOLATED,893,False,NONE,893,0,0,"No constraint needed"
110416492179,Unknown Road,INTERPOLATED,889,False,NONE,889,0,0,"No constraint needed"
1102217860832,Unknown Road,INTERPOLATED,1041,False,NONE,1041,0,0,"No constraint needed"
1102217860831,Unknown Road,INTERPOLATED,1041,False,NONE,1041,0,0,"No constraint needed"
110416489992,Unknown Road,INTERPOLATED,976,False,NONE,976,0,0,"No constraint needed"
110416470094,Anderson,INTERPOLATED,1096,False,NONE,1096,0,0,"No constraint needed"
110416470531,Division Loop,INTERPOLATED,1131,False,NONE,1131,0,0,"No constraint needed"
110416490772,Unknown Road,INTERPOLATED,1136,False,NONE,1136,0,0,"No constraint needed"
110416489699,Unknown Road,INTERPOLATED,1090,True,PendantCluster,287,-803,-73.7,"Nested pendant cluster (depth 2): Capped to 287 AADT (64% of entry road 'Lee Rd': 449)"
110416490776,Unknown Road,INTERPOLATED,676,False,NONE,676,0,0,"No constraint needed"
1102200950791,Unknown Road,INTERPOLATED,1176,True,PendantCluster,680,-496,-42.2,"Nested pendant cluster (depth 2): Capped to 680 AADT (64% of entry road 'Hood Rd': 1;063)"
110416464274,Clover Dr,INTERPOLATED,1123,True,PendantCluster,647,-476,-42.4,"Nested pendant cluster (depth 4): Capped to 647 AADT (41% of 2 entry roads (Marianne Ct; Clover Dr): 1;582)"
110416472098,Higgenson,ACTUAL_COUNT,1063,False,NONE,1063,0,0,"No constraint needed"
110416489656,Unknown Road,INTERPOLATED,799,False,NONE,799,0,0,"No constraint needed"
1102466697763,Morris Ct,INTERPOLATED,1200,True,PendantCluster,641,-559,-46.6,"Nested pendant cluster (depth 4): Capped to 641 AADT (41% of 2 entry roads (Leatherman Ln; Sarahs Ct): 1;567)"
1102200937990,Unknown Road,INTERPOLATED,1505,True,PendantCluster,322,-1183,-78.6,"Nested pendant cluster (depth 2): Capped to 322 AADT (64% of entry road 'Maddux Rd': 504)"
1102200923409,Unknown Road,INTERPOLATED,1520,True,PendantCluster,322,-1198,-78.8,"Nested pendant cluster (depth 2): Capped to 322 AADT (64% of entry road 'Maddux Rd': 504)"
1102466886142,Sarahs Ct,INTERPOLATED,1265,True,PendantCluster,386,-879,-69.5,"Nested pendant cluster (depth 4): Capped to 386 AADT (41% of 2 entry roads (Leatherman Ln; Morris Ct): 943)"
110416471390,Sheridan Rd,INTERPOLATED,1046,True,PendantCluster,667,-379,-36.2,"Nested pendant cluster (depth 2): Capped to 667 AADT (64% of entry road 'Grant Rd': 1;043)"
110416466053,Taylor St,INTERPOLATED,273,True,PendantCluster,90,-183,-67,"Nested pendant cluster (depth 6): Capped to 90 AADT (26% of 2 entry roads (Unknown Road; Taylor St): 344)"
110416490717,Unknown Road,INTERPOLATED,1692,False,NONE,1692,0,0,"No constraint needed"
110416489487,Unknown Road,INTERPOLATED,1676,False,NONE,1676,0,0,"No constraint needed"
110416445879,Boyd Ln,INTERPOLATED,595,True,PendantCluster,101,-494,-83,"Nested pendant cluster (depth 2): Capped to 101 AADT (64% of entry road 'Cabaniss Ln': 159)"
110416492216,Unknown Road,INTERPOLATED,876,False,NONE,876,0,0,"No constraint needed"
1104745390742,Unknown Road,INTERPOLATED,909,False,NONE,909,0,0,"No constraint needed"
110416467137,Pintail Ln,INTERPOLATED,1115,True,PendantCluster,566,-549,-49.2,"Nested pendant cluster (depth 2): Capped to 566 AADT (64% of entry road 'Precinct Rd': 885)"
110416477670,Timberline Trl,INTERPOLATED,1352,True,PendantCluster,154,-1198,-88.6,"Nested pendant cluster (depth 2): Capped to 154 AADT (64% of entry road 'Pine Rd': 242)"
110416491384,Unknown Road,INTERPOLATED,1925,True,PendantCluster,718,-1207,-62.7,"Nested pendant cluster (depth 4): Capped to 718 AADT (41% of 2 entry roads (Unknown Road; Unknown Road): 1;754)"
110416445791,FM 2891,INTERPOLATED,1584,False,NONE,1584,0,0,"No constraint needed"
110416445563,Dub Ln,INTERPOLATED,1122,True,PendantCluster,747,-375,-33.4,"Nested pendant cluster (depth 2): Capped to 747 AADT (64% of entry road 'Russell Bend Rd': 1;168)"
110416479207,Russell Bend Rd,INTERPOLATED,1168,False,NONE,1168,0,0,"No constraint needed"
11033373613950,Arista Trl,INTERPOLATED,1363,False,NONE,1363,0,0,"No constraint needed"
1102200925410,Unknown Road,INTERPOLATED,984,False,NONE,984,0,0,"No constraint needed"
1102200923194,Unknown Road,INTERPOLATED,1660,True,PendantCluster,704,-956,-57.6,"Nested pendant cluster (depth 4): Capped to 704 AADT (41% of entry road 'Unknown Road': 1;720)"
1102218040509,Unknown Road,INTERPOLATED,1047,False,NONE,1047,0,0,"No constraint needed"
110416477407,Salt Grass Cir,ACTUAL_COUNT,1756,True,PendantCluster,1123,-633,-36,"Nested pendant cluster (depth 2): Capped to 1;123 AADT (64% of entry road 'Poolville Cut Off Rd': 1;756)"
1102217860823,Unknown Road,INTERPOLATED,916,False,NONE,916,0,0,"No constraint needed"
1102218040511,Unknown Road,INTERPOLATED,988,False,NONE,988,0,0,"No constraint needed"
110416490472,Unknown Road,INTERPOLATED,915,True,PendantCluster,4,-911,-99.6,"Nested pendant cluster (depth 12): Capped to 4 AADT (7% of entry road 'N Whitt Rd': 63)"
110416492385,Unknown Road,INTERPOLATED,523,True,PendantCluster,36,-487,-93.1,"Nested pendant cluster (depth 12): Capped to 36 AADT (7% of 2 entry roads (Unknown Road; Unknown Road): 530)"
110416492388,Unknown Road,INTERPOLATED,527,True,PendantCluster,6,-521,-98.9,"Nested pendant cluster (depth 10): Capped to 6 AADT (11% of entry road 'N Whitt Rd': 63)"
110416492387,Unknown Road,INTERPOLATED,524,True,PendantCluster,2,-522,-99.6,"Nested pendant cluster (depth 12): Capped to 2 AADT (7% of 2 entry roads (Unknown Road; Unknown Road): 42)"
1102970397083,Unknown Road,INTERPOLATED,955,False,NONE,955,0,0,"No constraint needed"
1103690436102,Roadrunner Dr,INTERPOLATED,440,True,PendantCluster,145,-295,-67,"Nested pendant cluster (depth 6): Capped to 145 AADT (26% of 2 entry roads (Wren Dr; Roadrunner Dr): 555)"
110416463466,Welch Ln,INTERPOLATED,1351,True,PendantCluster,941,-410,-30.3,"Nested pendant cluster (depth 2): Capped to 941 AADT (64% of entry road 'College St': 1;471)"
1104470396916,Big Salty Ln,INTERPOLATED,277,True,PendantCluster,91,-186,-67.1,"Nested pendant cluster (depth 6): Capped to 91 AADT (26% of 2 entry roads (Salt Flat Ct; Big Salty Ln): 349)"
110416479123,Little Salty Ct,INTERPOLATED,1479,True,PendantCluster,15,-1464,-99,"Nested pendant cluster (depth 8): Capped to 15 AADT (17% of entry road 'Big Salty Ln': 91)"
110416453373,Effie Ln,INTERPOLATED,1080,False,NONE,1080,0,0,"No constraint needed"
110416467029,Michele Ct,INTERPOLATED,730,False,NONE,730,0,0,"No constraint needed"
1102988770812,Unknown Road,INTERPOLATED,515,True,PendantCluster,322,-193,-37.5,"Nested pendant cluster (depth 2): Capped to 322 AADT (64% of entry road 'Old Garner Rd': 504)"
110416446172,Hall St,INTERPOLATED,171,True,PendantCluster,33,-138,-80.7,"Nested pendant cluster (depth 8): Capped to 33 AADT (17% of 2 entry roads (Lora Ln; Hall St): 199)"
110416490028,Unknown Road,INTERPOLATED,652,True,PendantCluster,259,-393,-60.3,"Nested pendant cluster (depth 2): Capped to 259 AADT (64% of entry road 'Garner Adell Rd': 406)"
1102200951451,Unknown Road,INTERPOLATED,1632,True,PendantCluster,1032,-600,-36.8,"Nested pendant cluster (depth 2): Capped to 1;032 AADT (64% of entry road 'Hawkins Lilly Rd': 1;613)"
110416492666,Unknown Road,INTERPOLATED,692,False,NONE,692,0,0,"No constraint needed"
110416467199,Red Fox Ct,INTERPOLATED,1953,True,PendantCluster,1330,-623,-31.9,"Nested pendant cluster (depth 2): Capped to 1;330 AADT (64% of entry road 'Mark Layne Rd': 2;079)"
1103518707309,Unknown Road,INTERPOLATED,1289,True,PendantCluster,432,-857,-66.5,"Nested pendant cluster (depth 4): Capped to 432 AADT (41% of entry road 'Angus Dr': 1;057)"
110416491606,Unknown Road,INTERPOLATED,1670,True,PendantCluster,1432,-238,-14.3,"Nested pendant cluster (depth 4): Capped to 1;432 AADT (41% of 2 entry roads (Unknown Road; Unknown Road): 3;497)"
110416459703,Pecan Dr,INTERPOLATED,1238,False,NONE,1238,0,0,"No constraint needed"
1102200940608,Pinnacle Cir,INTERPOLATED,2772,True,PendantCluster,1920,-852,-30.7,"Nested pendant cluster (depth 2): Capped to 1;920 AADT (64% of entry road 'Muir Rd': 3;001)"
1103680691405,Lockwood Ln,INTERPOLATED,10003,True,PendantCluster,820,-9183,-91.8,"Nested pendant cluster (depth 4): Capped to 820 AADT (41% of entry road 'Lockwood Ln': 2;002)"
1104473152790,Unknown Road,INTERPOLATED,820,True,PendantCluster,429,-391,-47.7,"Nested pendant cluster (depth 6): Capped to 429 AADT (26% of 2 entry roads (Lockwood Ln; Unknown Road): 1;640)"
110416490094,Unknown Road,INTERPOLATED,1670,True,PendantCluster,1266,-404,-24.2,"Nested pendant cluster (depth 2): Capped to 1;266 AADT (64% of entry road 'Arapahoe Rdg': 1;979)"
1106092778386,Circleview Dr,INTERPOLATED,1,True,PendantCluster,0,-1,-100,"Nested pendant cluster (depth 14): Capped to 0 AADT (4% of 2 entry roads (Arapahoe Rdg; Circleview Dr): 5)"
110416471866,Driftwood Ct,INTERPOLATED,478,True,PendantCluster,13,-465,-97.3,"Nested pendant cluster (depth 8): Capped to 13 AADT (17% of entry road 'Woodstream Ct': 80)"
1103701319144,Goforth Rd,ACTUAL_COUNT,125,True,PendantCluster,3,-122,-97.6,"Nested pendant cluster (depth 16): Capped to 3 AADT (3% of entry road 'Unknown Road': 125)"
110416490514,Unknown Road,INTERPOLATED,1391,True,PendantCluster,479,-912,-65.6,"Nested pendant cluster (depth 2): Capped to 479 AADT (64% of entry road 'White Settlement Rd': 749)"
110416490637,Unknown Road,INTERPOLATED,6093,False,NONE,6093,0,0,"No constraint needed"
110416466196,Utopia Trl,INTERPOLATED,2951,False,NONE,2951,0,0,"No constraint needed"
110416478693,Willow Wood Dr,INTERPOLATED,2736,False,NONE,2736,0,0,"No constraint needed"
1103690717716,Sycamore,INTERPOLATED,2,True,PendantCluster,0,-2,-100,"Nested pendant cluster (depth 12): Capped to 0 AADT (7% of 2 entry roads (Meadow Lark Ln; Sycamore): 4)"
1104473119595,Clear Creek Dr,ACTUAL_COUNT,4144,True,PendantCluster,2392,-1752,-42.3,"Nested pendant cluster (depth 4): Capped to 2;392 AADT (41% of 2 entry roads (Burning Tree Ct; Clear Creek Dr): 5;841)"
1104473156734,Maplewood Dr,INTERPOLATED,5640,False,NONE,5640,0,0,"No constraint needed"
1105576419733,Unknown Road,INTERPOLATED,134449,False,NONE,134449,0,0,"No constraint needed"
110416478127,Echo Valley Rd,INTERPOLATED,368,False,NONE,368,0,0,"No constraint needed"
110416489952,Airport Rd,ACTUAL_COUNT,310,False,NONE,310,0,0,"No constraint needed"
110416467261,Russell Rd,ACTUAL_COUNT,310,False,NONE,310,0,0,"No constraint needed"
110416490605,Unknown Road,INTERPOLATED,993,False,NONE,993,0,0,"No constraint needed"
1102970399001,Ranch House Rd,ACTUAL_COUNT,1055,False,NONE,1055,0,0,"No constraint needed"
110416478007,Castlemount,INTERPOLATED,982,False,NONE,982,0,0,"No constraint needed"
110416466021,Surrey Ln,INTERPOLATED,7431,False,NONE,7431,0,0,"No constraint needed"
110416475942,Chuckwagon Trl,INTERPOLATED,4434,False,NONE,4434,0,0,"No constraint needed"
110416446499,Lori Dr,INTERPOLATED,817,False,NONE,817,0,0,"No constraint needed"
110416470901,Live Oak Rd,INTERPOLATED,1354,False,NONE,1354,0,0,"No constraint needed"
110416479757,Trinity River Dr,INTERPOLATED,509,True,PendantCluster,99,-410,-80.6,"Nested pendant cluster (depth 8): Capped to 99 AADT (17% of 2 entry roads (River View Ct; Trinity River Dr): 594)"
1102200920434,Unknown Road,INTERPOLATED,681,False,NONE,681,0,0,"No constraint needed"
110416489779,Unknown Road,INTERPOLATED,9217,True,PendantCluster,5907,-3310,-35.9,"Nested pendant cluster (depth 2): Capped to 5;907 AADT (64% of entry road 'Jenkins Rd': 9;230)"
110416478216,Hunterglenn Dr,INTERPOLATED,584,True,PendantCluster,23,-561,-96.1,"Nested pendant cluster (depth 8): Capped to 23 AADT (17% of entry road 'Woodridge Dr': 140)"
110416474583,Ravenwood Ct,INTERPOLATED,597,True,PendantCluster,8,-589,-98.7,"Nested pendant cluster (depth 10): Capped to 8 AADT (11% of entry road 'Woodridge Dr': 79)"
110416477819,Woodbridge Ct,INTERPOLATED,685,True,PendantCluster,3,-682,-99.6,"Nested pendant cluster (depth 12): Capped to 3 AADT (7% of entry road 'Woodridge Dr': 52)"
110416491566,Unknown Road,INTERPOLATED,573,False,NONE,573,0,0,"No constraint needed"
1102466495090,Highbrush Ct,INTERPOLATED,583,True,PendantCluster,2,-581,-99.7,"Nested pendant cluster (depth 10): Capped to 2 AADT (11% of entry road 'Hunterglenn Dr': 23)"
110416478403,Quail Ridge Rd,INTERPOLATED,749,False,NONE,749,0,0,"No constraint needed"
1102970390616,Unknown Road,INTERPOLATED,2071,False,NONE,2071,0,0,"No constraint needed"
110416490842,Unknown Road,ACTUAL_COUNT,1486,True,PendantCluster,951,-535,-36,"Nested pendant cluster (depth 2): Capped to 951 AADT (64% of entry road 'Center Point Rd': 1;486)"
1102466257362,Underwood Rd,ACTUAL_COUNT,1248,False,NONE,1248,0,0,"No constraint needed"
110416491866,Unknown Road,INTERPOLATED,3012,False,NONE,3012,0,0,"No constraint needed"
110416489756,Unknown Road,INTERPOLATED,1913,False,NONE,1913,0,0,"No constraint needed"
110416491511,Unknown Road,INTERPOLATED,2945,True,PendantCluster,2246,-699,-23.7,"Nested pendant cluster (depth 4): Capped to 2;246 AADT (41% of 2 entry roads (Unknown Road; Unknown Road): 5;485)"
1102466337637,Unknown Road,INTERPOLATED,2685,False,NONE,2685,0,0,"No constraint needed"
110416471828,Crestview Ln,INTERPOLATED,3823,False,NONE,3823,0,0,"No constraint needed"
1108476318201,Unknown Road,INTERPOLATED,808,False,NONE,808,0,0,"No constraint needed"
110416480033,Stone Mountain Rd,INTERPOLATED,307,True,PendantCluster,80,-227,-73.9,"Nested pendant cluster (depth 6): Capped to 80 AADT (26% of entry road 'Stone Mountain Rd': 307)"
1102200921497,Stonewick Dr,NO_DATA,0,False,NONE,0,0,0,"No constraint needed"
110416479065,Hidden Creek Rd,INTERPOLATED,101,True,PendantCluster,19,-82,-81.2,"Nested pendant cluster (depth 8): Capped to 19 AADT (17% of 2 entry roads (W Hidden Meadow Ct; Hidden Creek Rd): 117)"
110416474748,Stonewick Dr,INTERPOLATED,307,True,PendantCluster,160,-147,-47.9,"Nested pendant cluster (depth 6): Capped to 160 AADT (26% of 2 entry roads (Hidden Creek Rd; Stonewick Dr): 614)"
1102988770832,Unknown Road,INTERPOLATED,1683,False,NONE,1683,0,0,"No constraint needed"
110416479237,Silver Ridge Ln,INTERPOLATED,1646,False,NONE,1646,0,0,"No constraint needed"
110416491279,Unknown Road,INTERPOLATED,6430,False,NONE,6430,0,0,"No constraint needed"
1103677411190,Joshua Rd,INTERPOLATED,9548,False,NONE,9548,0,0,"No constraint needed"
1103658083264,Turkey Creek Ct,INTERPOLATED,1687,False,NONE,1687,0,0,"No constraint needed"
110416491097,Unknown Road,INTERPOLATED,6573,False,NONE,6573,0,0,"No constraint needed"
1103701321718,Unknown Road,INTERPOLATED,6430,False,NONE,6430,0,0,"No constraint needed"
1105598386216,Unknown Road,INTERPOLATED,1677,False,NONE,1677,0,0,"No constraint needed"
1102988770830,Unknown Road,INTERPOLATED,6711,False,NONE,6711,0,0,"No constraint needed"
1102200923035,Rockglenn Ct,INTERPOLATED,1429,True,PendantCluster,1081,-348,-24.4,"Nested pendant cluster (depth 2): Capped to 1;081 AADT (64% of 2 entry roads (Branch Hollow Ln; Rockglenn Ct): 1;690)"
110416471131,Oakvista Dr,INTERPOLATED,4114,True,PendantCluster,1318,-2796,-68,"Nested pendant cluster (depth 6): Capped to 1;318 AADT (26% of 2 entry roads (S Oakvista Ct; Oakcrest Hills Dr): 5;030)"
110416479860,Hillmont Ranch Rd,INTERPOLATED,911,True,PendantCluster,541,-370,-40.6,"Nested pendant cluster (depth 2): Capped to 541 AADT (64% of entry road 'FM 5 W': 846)"
110416474436,Muir Hill Dr,INTERPOLATED,4514,True,PendantCluster,3645,-869,-19.3,"Nested pendant cluster (depth 4): Capped to 3;645 AADT (41% of 2 entry roads (Muir Hill Dr; Muir Hill Ct): 8;900)"
110416474434,Muir Hill Ct,INTERPOLATED,4386,True,PendantCluster,1492,-2894,-66,"Nested pendant cluster (depth 4): Capped to 1;492 AADT (41% of entry road 'Muir Hill Dr': 3;645)"
110416479194,Redtail Hawk Dr,INTERPOLATED,4066,False,NONE,4066,0,0,"No constraint needed"
110416463803,Alcorn Ct,INTERPOLATED,4078,False,NONE,4078,0,0,"No constraint needed"
1102466438388,Buck Dobbs Rd,INTERPOLATED,2019,True,PendantCluster,1052,-967,-47.9,"Nested pendant cluster (depth 2): Capped to 1;052 AADT (64% of entry road 'Annetta Centerpoint Rd': 1;645)"
110416491571,Unknown Road,INTERPOLATED,2887,True,PendantCluster,1052,-1835,-63.6,"Nested pendant cluster (depth 2): Capped to 1;052 AADT (64% of entry road 'Annetta Centerpoint Rd': 1;645)"
1104693016737,Unknown Road,INTERPOLATED,2093,True,PendantCluster,479,-1614,-77.1,"Nested pendant cluster (depth 2): Capped to 479 AADT (64% of entry road 'Quail Ridge Rd': 749)"
110416491570,Unknown Road,INTERPOLATED,2676,True,PendantCluster,1055,-1621,-60.6,"Nested pendant cluster (depth 4): Capped to 1;055 AADT (41% of 2 entry roads (Unknown Road; Unknown Road): 2;578)"
110416471701,Big Creek Rd,INTERPOLATED,1201,False,NONE,1201,0,0,"No constraint needed"
110416490084,Unknown Road,INTERPOLATED,1938,False,NONE,1938,0,0,"No constraint needed"
110416472139,Inglewood Dr,INTERPOLATED,1680,False,NONE,1680,0,0,"No constraint needed"
110416479293,Thunder Head Ln,INTERPOLATED,1641,False,NONE,1641,0,0,"No constraint needed"
110416490848,Unknown Road,INTERPOLATED,2514,False,NONE,2514,0,0,"No constraint needed"
110416474715,Southview Dr,INTERPOLATED,426,False,NONE,426,0,0,"No constraint needed"
110416465812,Redbud Ln,INTERPOLATED,1721,True,PendantCluster,569,-1152,-66.9,"Nested pendant cluster (depth 6): Capped to 569 AADT (26% of 2 entry roads (Redbud Ct; Redbud Ln): 2;172)"
110416475994,Clearbrush Ln,INTERPOLATED,1554,True,PendantCluster,1341,-213,-13.7,"Nested pendant cluster (depth 4): Capped to 1;341 AADT (41% of 2 entry roads (Redbud Ln; Clearbrush Ln): 3;275)"
1103677583279,Unknown Road,INTERPOLATED,1498,True,PendantCluster,693,-805,-53.7,"Nested pendant cluster (depth 2): Capped to 693 AADT (64% of entry road 'Rim Rock Rd': 1;084)"
110416466404,Augusta Dr,INTERPOLATED,2019,False,NONE,2019,0,0,"No constraint needed"
1102466651435,Charlie Way,INTERPOLATED,1371,False,NONE,1371,0,0,"No constraint needed"
110416471023,Mitchell Blvd,INTERPOLATED,1397,False,NONE,1397,0,0,"No constraint needed"
1102200923368,Billo Ct,INTERPOLATED,1372,True,PendantCluster,478,-894,-65.2,"Nested pendant cluster (depth 4): Capped to 478 AADT (41% of entry road 'Meadowview Rd': 1;167)"
110416491949,Unknown Road,INTERPOLATED,1638,True,PendantCluster,1498,-140,-8.5,"Nested pendant cluster (depth 4): Capped to 1;498 AADT (41% of entry road 'Unknown Road': 3;659)"
110416491224,Unknown Road,INTERPOLATED,2054,False,NONE,2054,0,0,"No constraint needed"
1104258075472,Unknown Road,INTERPOLATED,1231,False,NONE,1231,0,0,"No constraint needed"
110416491743,Unknown Road,INTERPOLATED,3832,False,NONE,3832,0,0,"No constraint needed"
1102988770822,W Fwy,ACTUAL_COUNT,3963,False,NONE,3963,0,0,"No constraint needed"
1102212687285,Claire Ct,INTERPOLATED,2346,True,PendantCluster,1009,-1337,-57,"Nested pendant cluster (depth 2): Capped to 1;009 AADT (64% of entry road 'Sanchez Trl': 1;578)"
110416465845,Roberts St,ACTUAL_COUNT,186,False,NONE,186,0,0,"No constraint needed"
110416465847,Rogers Ct,INTERPOLATED,1432,True,PendantCluster,154,-1278,-89.2,"Nested pendant cluster (depth 6): Capped to 154 AADT (26% of entry road 'Yates Cir': 591)"
110416456305,Jearl St,ACTUAL_COUNT,186,False,NONE,186,0,0,"No constraint needed"
1102210968338,Feed Lot Rd,INTERPOLATED,1446,False,NONE,1446,0,0,"No constraint needed"
1102210971058,Queen St,INTERPOLATED,1345,False,NONE,1345,0,0,"No constraint needed"
1103660042887,Rolling Hills,INTERPOLATED,1229,True,PendantCluster,505,-724,-58.9,"Nested pendant cluster (depth 4): Capped to 505 AADT (41% of entry road 'Rolling Hills Dr': 1;234)"
110416491347,Unknown Road,INTERPOLATED,2726,False,NONE,2726,0,0,"No constraint needed"
110416489627,Unknown Road,INTERPOLATED,411,True,PendantCluster,55,-356,-86.6,"Nested pendant cluster (depth 6): Capped to 55 AADT (26% of entry road 'US Hwy 377': 211)"
1102970400383,Kelly Rd,INTERPOLATED,2292,False,NONE,2292,0,0,"No constraint needed"
1105598416928,River Ranch Ct,INTERPOLATED,2381,True,PendantCluster,600,-1781,-74.8,"Nested pendant cluster (depth 4): Capped to 600 AADT (41% of entry road 'River Ranch Rd': 1;466)"
110416491704,Unknown Road,INTERPOLATED,503,False,NONE,503,0,0,"No constraint needed"
1102970398983,Oak Crest Dr,INTERPOLATED,1596,False,NONE,1596,0,0,"No constraint needed"
1102200941284,Unknown Road,INTERPOLATED,2882,False,NONE,2882,0,0,"No constraint needed"
110416445492,Co Rd 918,INTERPOLATED,153,False,NONE,153,0,0,"No constraint needed"
110416465538,Marble Ct,INTERPOLATED,6551,True,PendantCluster,5125,-1426,-21.8,"Nested pendant cluster (depth 2): Capped to 5;125 AADT (64% of entry road 'E Bankhead Hwy': 8;008)"
110416466305,Willow Cir,INTERPOLATED,1382,False,NONE,1382,0,0,"No constraint needed"
1102988770846,Unknown Road,INTERPOLATED,665,False,NONE,665,0,0,"No constraint needed"
110416474429,Monterrey Dr,ACTUAL_COUNT,40,False,NONE,40,0,0,"No constraint needed"
11016954974746,Lakeway Dr,INTERPOLATED,3114,False,NONE,3114,0,0,"No constraint needed"
11016955064494,Overlook Manor,INTERPOLATED,3136,False,NONE,3136,0,0,"No constraint needed"
110416470600,Flamingo Ct,INTERPOLATED,3005,False,NONE,3005,0,0,"No constraint needed"
110416471449,Thompson Trl,INTERPOLATED,3553,False,NONE,3553,0,0,"No constraint needed"
110416478891,Canyon Trail Rd,INTERPOLATED,933,True,PendantCluster,489,-444,-47.6,"Nested pendant cluster (depth 6): Capped to 489 AADT (26% of 2 entry roads (Unknown Road; Canyon Trail Rd): 1;866)"
11029549951635,Unknown Road,INTERPOLATED,3192,False,NONE,3192,0,0,"No constraint needed"
1104258356676,Unknown Road,INTERPOLATED,246628,False,NONE,246628,0,0,"No constraint needed"
110416489485,Unknown Road,INTERPOLATED,813,True,PendantCluster,249,-564,-69.4,"Nested pendant cluster (depth 4): Capped to 249 AADT (41% of entry road 'Lockheed': 609)"
110416470193,Basswood Ct,ACTUAL_COUNT,4144,True,PendantCluster,3619,-525,-12.7,"Nested pendant cluster (depth 2): Capped to 3;619 AADT (64% of entry road 'Pebblebrook Dr': 5;655)"
110416459538,Peach Dr,INTERPOLATED,1161,True,PendantCluster,1082,-79,-6.8,"Nested pendant cluster (depth 2): Capped to 1;082 AADT (64% of 2 entry roads (FM 5 W; Annetta Rd): 1;692)"
110416466493,Buffalo Ct,INTERPOLATED,8302,True,PendantCluster,4863,-3439,-41.4,"Nested pendant cluster (depth 2): Capped to 4;863 AADT (64% of entry road 'Appaloosa St': 7;599)"
110416465548,Martha Ln,INTERPOLATED,335,True,PendantCluster,30,-305,-91,"Nested pendant cluster (depth 6): Capped to 30 AADT (26% of entry road 'US Hwy 377': 118)"
110416479584,Knights Bridge Rd,INTERPOLATED,1058,False,NONE,1058,0,0,"No constraint needed"
110416471396,Sherwood St,INTERPOLATED,987,False,NONE,987,0,0,"No constraint needed"
110416478139,Forest Glen Ln,INTERPOLATED,2446,False,NONE,2446,0,0,"No constraint needed"
110416464265,Circle Ct,INTERPOLATED,1074,True,PendantCluster,680,-394,-36.7,"Nested pendant cluster (depth 2): Capped to 680 AADT (64% of entry road 'Circle Dr': 1;063)"
1102200955391,Unknown Road,INTERPOLATED,2405,False,NONE,2405,0,0,"No constraint needed"
110416478152,Fossil Hill Rd,ACTUAL_COUNT,60563,False,NONE,60563,0,0,"No constraint needed"
1103701319622,Unknown Road,INTERPOLATED,2712,False,NONE,2712,0,0,"No constraint needed"
110416456068,James Ln,INTERPOLATED,1420,False,NONE,1420,0,0,"No constraint needed"
110416464397,Dorris Ct,INTERPOLATED,1635,False,NONE,1635,0,0,"No constraint needed"
110416491053,Unknown Road,INTERPOLATED,2638,True,PendantCluster,1920,-718,-27.2,"Nested pendant cluster (depth 2): Capped to 1;920 AADT (64% of entry road 'S FM 5': 3;001)"
1102200929699,Unknown Road,INTERPOLATED,3487,False,NONE,3487,0,0,"No constraint needed"
1102200929770,Unknown Road,INTERPOLATED,3773,False,NONE,3773,0,0,"No constraint needed"
1102638238520,Unknown Road,INTERPOLATED,3217,False,NONE,3217,0,0,"No constraint needed"
110416464374,Debbie Ct,INTERPOLATED,88,True,PendantCluster,11,-77,-87.5,"Nested pendant cluster (depth 10): Capped to 11 AADT (11% of 2 entry roads (Enchanted Oaks Ct; Debbie Ct): 106)"
110416470944,Lone Oak Rd,ACTUAL_COUNT,18,True,PendantCluster,1,-17,-94.4,"Nested pendant cluster (depth 12): Capped to 1 AADT (7% of 2 entry roads (Donna Ct; Lone Oak Rd): 19)"
1103671412346,Gated Dr,INTERPOLATED,3,True,PendantCluster,0,-3,-100,"Nested pendant cluster (depth 14): Capped to 0 AADT (4% of 2 entry roads (Meadowview Rd; Gated Dr): 6)"
1103690447563,Salado Trl,ACTUAL_COUNT,936,False,NONE,936,0,0,"No constraint needed"
1102638237714,Deanna Ln,INTERPOLATED,1429,False,NONE,1429,0,0,"No constraint needed"
1102210970349,Carrol St,INTERPOLATED,888,True,PendantCluster,512,-376,-42.3,"Nested pendant cluster (depth 4): Capped to 512 AADT (41% of 2 entry roads (Unknown Road; Carrol St): 1;251)"
1102200942767,Umbrett Rd,INTERPOLATED,1044,True,PendantCluster,654,-390,-37.4,"Nested pendant cluster (depth 2): Capped to 654 AADT (64% of entry road 'W Lake Dr': 1;023)"
11016954937467,China Berry Ct,INTERPOLATED,2972,True,PendantCluster,293,-2679,-90.1,"Nested pendant cluster (depth 6): Capped to 293 AADT (26% of entry road 'Smoky Oak Trl': 1;118)"
1102200948357,Unknown Road,INTERPOLATED,976408,False,NONE,976408,0,0,"No constraint needed"
1102744834181,Unknown Road,INTERPOLATED,976405,False,NONE,976405,0,0,"No constraint needed"
1103498320003,Sendera Ln,INTERPOLATED,2852,True,PendantCluster,1844,-1008,-35.3,"Nested pendant cluster (depth 2): Capped to 1;844 AADT (64% of entry road 'Unknown Road': 2;882)"
110416492299,Unknown Road,INTERPOLATED,284564,False,NONE,284564,0,0,"No constraint needed"
1102210240278,Wayne Dr,INTERPOLATED,1528,True,PendantCluster,624,-904,-59.2,"Nested pendant cluster (depth 4): Capped to 624 AADT (41% of entry road 'Barnwell Ln': 1;525)"
1102213439802,Blue Berry Ln,INTERPOLATED,1508,True,PendantCluster,1003,-505,-33.5,"Nested pendant cluster (depth 4): Capped to 1;003 AADT (41% of 2 entry roads (Autumnwood Dr; Mockingbird Ln): 2;449)"
1102210896382,Mockingbird Ln,INTERPOLATED,1003,True,PendantCluster,800,-203,-20.2,"Nested pendant cluster (depth 4): Capped to 800 AADT (41% of 2 entry roads (Autumnwood Dr; Mockingbird Ln): 1;955)"
1102214009049,Chateau Dr,INTERPOLATED,1447,True,PendantCluster,600,-847,-58.5,"Nested pendant cluster (depth 4): Capped to 600 AADT (41% of entry road 'Versailles Ln': 1;466)"
1102210905202,Park Villa Ln,INTERPOLATED,1360,True,PendantCluster,785,-575,-42.3,"Nested pendant cluster (depth 4): Capped to 785 AADT (41% of 2 entry roads (Villa Ln; Park Villa Ln): 1;917)"
110416463783,Yates,INTERPOLATED,1443,False,NONE,1443,0,0,"No constraint needed"
1105598364792,Green Canyon Ct,INTERPOLATED,3850,True,PendantCluster,2062,-1788,-46.4,"Nested pendant cluster (depth 2): Capped to 2;062 AADT (64% of entry road 'Red Eagle Trl': 3;223)"
1104472812974,Unknown Road,INTERPOLATED,282,True,PendantCluster,1,-281,-99.6,"Nested pendant cluster (depth 12): Capped to 1 AADT (7% of 2 entry roads (Unknown Road; Unknown Road): 23)"
1102966038516,Kollmeyer Way,INTERPOLATED,248,False,NONE,248,0,0,"No constraint needed"
1103661327364,Wagon Wheel Rd,ACTUAL_COUNT,1089,True,PendantCluster,285,-804,-73.8,"Nested pendant cluster (depth 4): Capped to 285 AADT (41% of entry road 'Pony Express Trl': 696)"
1105598410492,Parc Oaks Dr,INTERPOLATED,1383,True,PendantCluster,457,-926,-67,"Nested pendant cluster (depth 6): Capped to 457 AADT (26% of 2 entry roads (Parc Oaks Ct; Parc Oaks Dr): 1;745)"
1103680691231,Carson Dr,INTERPOLATED,498,False,NONE,498,0,0,"No constraint needed"
1103680692134,Ethan Ct,INTERPOLATED,437,True,PendantCluster,63,-374,-85.6,"Nested pendant cluster (depth 4): Capped to 63 AADT (41% of entry road 'Ethan Dr': 154)"
1103680693459,Woodside Ct,INTERPOLATED,2420,True,PendantCluster,312,-2108,-87.1,"Nested pendant cluster (depth 6): Capped to 312 AADT (26% of entry road 'Woodland Hills Ln': 1;193)"
1105598364855,Andrews Ct,INTERPOLATED,3664,False,NONE,3664,0,0,"No constraint needed"
1102200929817,Unknown Road,INTERPOLATED,8294,True,PendantCluster,6967,-1327,-16,"Nested pendant cluster (depth 2): Capped to 6;967 AADT (64% of 2 entry roads (Unknown Road; Unknown Road): 10;886)"
110416462225,Westridge Trl,ACTUAL_COUNT,180,True,PendantCluster,19,-161,-89.4,"Nested pendant cluster (depth 6): Capped to 19 AADT (26% of entry road 'Clear Lake Ln': 74)"
110416478265,Lakeforest Ct,INTERPOLATED,5887,True,PendantCluster,2652,-3235,-55,"Nested pendant cluster (depth 2): Capped to 2;652 AADT (64% of entry road 'Lakeforest Dr': 4;144)"
110416491028,Unknown Road,INTERPOLATED,1973,True,PendantCluster,841,-1132,-57.4,"Nested pendant cluster (depth 2): Capped to 841 AADT (64% of entry road 'Bear Creek Rd': 1;315)"
11016954083527,Maravilla Dr,INTERPOLATED,1891,True,PendantCluster,841,-1050,-55.5,"Nested pendant cluster (depth 2): Capped to 841 AADT (64% of entry road 'Bear Creek Rd': 1;315)"
11016954150511,Parkview Dr,INTERPOLATED,2420,False,NONE,2420,0,0,"No constraint needed"
11016954150510,Parkview Dr,INTERPOLATED,2311,False,NONE,2311,0,0,"No constraint needed"
1102200939963,Streamview Ct,NO_DATA,0,False,NONE,0,0,0,"No constraint needed"
1102200928973,McDavid Terrace Dr,INTERPOLATED,2251,False,NONE,2251,0,0,"No constraint needed"
110416489429,Unknown Road,INTERPOLATED,2158,True,PendantCluster,1581,-577,-26.7,"Nested pendant cluster (depth 4): Capped to 1;581 AADT (41% of 2 entry roads (Trinity Bluffs Rd; Trinity Bluffs Rd): 3;860)"
1103680694024,Crooked Creek Ln,INTERPOLATED,1763,True,PendantCluster,6,-1757,-99.7,"Nested pendant cluster (depth 12): Capped to 6 AADT (7% of entry road 'S Point Ct': 97)"
110416469545,Tackett Ln,INTERPOLATED,1776,False,NONE,1776,0,0,"No constraint needed"
110416466570,Chelsey Ct,INTERPOLATED,669,True,PendantCluster,0,-669,-100,"Nested pendant cluster (depth 10): Capped to 0 AADT (11% of entry road 'Allie Ct': 5)"
1102200931347,Unknown Road,INTERPOLATED,48,True,PendantCluster,5,-43,-89.6,"Nested pendant cluster (depth 10): Capped to 5 AADT (11% of 2 entry roads (Crested Butte Ct; Unknown Road): 53)"
1103662767346,Ridge Haven Ct,ACTUAL_COUNT,1055,True,PendantCluster,64,-991,-93.9,"Nested pendant cluster (depth 6): Capped to 64 AADT (26% of entry road 'Unknown Road': 246)"
110416467291,Sanchez Ct,INTERPOLATED,1569,True,PendantCluster,1009,-560,-35.7,"Nested pendant cluster (depth 2): Capped to 1;009 AADT (64% of entry road 'Sanchez Trl': 1;578)"
110416466048,Taylor Ct,INTERPOLATED,1540,False,NONE,1540,0,0,"No constraint needed"
110416467284,Sanchez Cir,INTERPOLATED,1582,True,PendantCluster,1009,-573,-36.2,"Nested pendant cluster (depth 2): Capped to 1;009 AADT (64% of entry road 'Sanchez Trl': 1;578)"
1102466584660,Fairview Ln,INTERPOLATED,1780,True,PendantCluster,952,-828,-46.5,"Nested pendant cluster (depth 2): Capped to 952 AADT (64% of entry road 'FM 5 S': 1;488)"
110416465393,Jarvis Ln,INTERPOLATED,2254,True,PendantCluster,1301,-953,-42.3,"Nested pendant cluster (depth 4): Capped to 1;301 AADT (41% of 2 entry roads (Unknown Road; Jarvis Ln): 3;177)"
110416492682,Unknown Road,ACTUAL_COUNT,2177,True,PendantCluster,1256,-921,-42.3,"Nested pendant cluster (depth 4): Capped to 1;256 AADT (41% of 2 entry roads (Unknown Road; Unknown Road): 3;068)"
110416479209,Saddle Brook Dr,INTERPOLATED,1370,True,PendantCluster,417,-953,-69.6,"Nested pendant cluster (depth 4): Capped to 417 AADT (41% of entry road 'Cottonwood Ct': 1;020)"
11016954007890,Morning Mist Trl,INTERPOLATED,27,True,PendantCluster,1,-26,-96.3,"Nested pendant cluster (depth 14): Capped to 1 AADT (4% of 2 entry roads (Open Sky Dr; Morning Mist Trl): 28)"
11016954025441,Everly Ct,INTERPOLATED,5117,True,PendantCluster,0,-5117,-100,"Nested pendant cluster (depth 20): Capped to 0 AADT (1% of entry road 'Open Sky Dr': 1)"
11016955186272,Holly Bay Ct,INTERPOLATED,5929,True,PendantCluster,0,-5929,-100,"Nested pendant cluster (depth 16): Capped to 0 AADT (3% of entry road 'Open Sky Dr': 1)"
11016954704401,Stargazer Dr,INTERPOLATED,4534,True,PendantCluster,3,-4531,-99.9,"Nested pendant cluster (depth 10): Capped to 3 AADT (11% of entry road 'Christel Sun Ln': 35)"
1103660042881,Chase Ln,INTERPOLATED,2526,False,NONE,2526,0,0,"No constraint needed"
1102200933197,Oaklawn Ln,INTERPOLATED,3,True,PendantCluster,0,-3,-100,"Nested pendant cluster (depth 12): Capped to 0 AADT (7% of entry road 'Oaklawn Ln': 3)"
1102220368416,Vista Ridge Ct,INTERPOLATED,404,True,PendantCluster,6,-398,-98.5,"Nested pendant cluster (depth 8): Capped to 6 AADT (17% of entry road 'Treetop Dr': 37)"
