{"type":"FeatureCollection","metadata":{"city":"Reno","city_code":"CRE","total_parcels":967,"total_daily_trips":12876.0,"parcels_with_trips":605,"generated":"2026-03-21","pipeline":"MUENY build_city_parcels.py","ite_source":"ITE Trip Generation Manual 11th Edition","cad_mapping":"Parker County CAD state_cd \u2192 ITE canonical table"},"features":[{"type":"Feature","geometry":{"type":"Polygon","coordinates":[[[-97.56138209704537,32.95917699810697],[-97.56221232948982,32.9591830542461],[-97.56221218542031,32.959519630653176],[-97.56203996299112,32.95951479292923],[-97.5617318330302,32.959510444080664],[-97.56138217544546,32.95950550841715],[-97.56138209704537,32.95917699810697]]]},"properties":{"prop_id":51943,"state_cd":"8","ite_code":210,"ite_name":"Single-Family Detached","ite_unit":"DU","units":1,"daily_trips":9.4,"am_peak_trips":0.7,"pm_peak_trips":0.9,"imprv_val":160360.0,"acres":0.75,"city":"Reno","city_code":"CRE","fill_color":[34,139,34,180]}},{"type":"Feature","geometry":{"type":"Polygon","coordinates":[[[-97.573640963205,32.96113057699537],[-97.57364121476144,32.96106040464147],[-97.57454851675197,32.96108159078904],[-97.57454396636513,32.96145018604481],[-97.57363980087459,32.961454211365705],[-97.573640963205,32.96113057699537]]]},"properties":{"prop_id":87994,"state_cd":"8","ite_code":210,"ite_name":"Single-Family Detached","ite_unit":"DU","units":2,"daily_trips":18.9,"am_peak_trips":1.4,"pm_peak_trips":1.9,"imprv_val":104990.0,"acres":1.003,"city":"Reno","city_code":"CRE","fill_color":[34,139,34,180]}},{"type":"Feature","geometry":{"type":"Polygon","coordinates":[[[-97.56404328028943,32.965926014102045],[-97.56405451061995,32.96674718736888],[-97.56353613195978,32.96675858182639],[-97.56352359439904,32.9659102363823],[-97.56404328028943,32.965926014102045]]]},"properties":{"prop_id":115972,"state_cd":"S85","ite_code":0,"ite_name":"Vacant/Agricultural","ite_unit":"N/A","units":1.0,"daily_trips":0.0,"am_peak_trips":0.0,"pm_peak_trips":0.0,"imprv_val":0.0,"acres":1.121,"city":"Reno","city_code":"CRE","fill_color":[80,80,80,100]}},{"type":"Feature","geometry":{"type":"Polygon","coordinates":[[[-97.59134972643432,32.92125180113602],[-97.59434320520896,32.92121337844257],[-97.59435213064096,32.921396322775635],[-97.59438385190697,32.92204648936183],[-97.59459382456944,32.922035844673786],[-97.59530535192177,32.92199977024464],[-97.59530793995899,32.922032616718994],[-97.59529267731739,32.92283796124506],[-97.59436961308256,32.922899920778256],[-97.59182552937874,32.92270906944485],[-97.59137604677974,32.92273018510051],[-97.59134972643432,32.92125180113602]]]},"properties":{"prop_id":100945,"state_cd":"8","ite_code":0,"ite_name":"Vacant/Agricultural","ite_unit":"N/A","units":1.0,"daily_trips":0.0,"am_peak_trips":0.0,"pm_peak_trips":0.0,"imprv_val":0.0,"acres":14.0,"city":"Reno","city_code":"CRE","fill_color":[80,80,80,100]}},{"type":"Feature","geometry":{"type":"Polygon","coordinates":[[[-97.56963204261852,32.949098609519496],[-97.57002538376285,32.94909788367896],[-97.57055672743826,32.94909690101797],[-97.57057452950178,32.94912387237291],[-97.57059747498515,32.94914792407872],[-97.57062490584059,32.949168364929044],[-97.57065603562685,32.94918460917625],[-97.57068997074835,32.94919619111936],[-97.570725737071,32.94920277702726],[-97.5707623086585,32.949204178880166],[-97.57079863663164,32.94920035638922],[-97.57083367802764,32.949191419015115],[-97.57086642685529,32.94917762259244],[-97.5708959451693,32.949159364149985],[-97.57092138354305,32.94913716763408],[-97.57094201438535,32.94911166882522],[-97.57132832242208,32.94911118313103],[-97.5713589788146,32.95050423337263],[-97.5696969350468,32.950550909424145],[-97.56963204261852,32.949098609519496]]]},"properties":{"prop_id":67745,"state_cd":"8","ite_code":0,"ite_name":"Vacant/Agricultural","ite_unit":"N/A","units":1.0,"daily_trips":0.0,"am_peak_trips":0.0,"pm_peak_trips":0.0,"imprv_val":0.0,"acres":5.0,"city":"Reno","city_code":"CRE","fill_color":[80,80,80,100]}},{"type":"Feature","geometry":{"type":"Polygon","coordinates":[[[-97.61841441398856,32.94514705464623],[-97.61840252432854,32.94647005720088],[-97.61736541248906,32.9462651459668],[-97.61736974850453,32.94548921764663],[-97.61737128932357,32.94529863125076],[-97.61822224300093,32.944984505191286],[-97.61822451746116,32.94500991141667],[-97.6182314891446,32.94503470337197],[-97.61824298341581,32.9450582665758],[-97.61825871835732,32.94508001915492],[-97.61827830252282,32.9450994226503],[-97.61830125190511,32.94511599656681],[-97.6183270004961,32.94512933197536],[-97.61835490984059,32.945139098795686],[-97.61838429032758,32.94514505586697],[-97.61841441398856,32.94514705464623]]]},"properties":{"prop_id":86510,"state_cd":"8","ite_code":210,"ite_name":"Single-Family Detached","ite_unit":"DU","units":3,"daily_trips":28.3,"am_peak_trips":2.1,"pm_peak_trips":2.8,"imprv_val":381970.0,"acres":3.249,"city":"Reno","city_code":"CRE","fill_color":[34,139,34,180]}},{"type":"Feature","geometry":{"type":"Polygon","coordinates":[[[-97.59542146576364,32.932597008386466],[-97.59543951854769,32.93221410200742],[-97.5956340016884,32.93221849643421],[-97.59561868461664,32.93240620735271],[-97.59867940241433,32.932407832142175],[-97.59855376106269,32.93291242660113],[-97.59849061769856,32.93316595740203],[-97.59849037542996,32.93446459507179],[-97.59544645714749,32.93446053865616],[-97.59544497920145,32.934460536942936],[-97.59544375036303,32.934135026692715],[-97.59544039326705,32.933246055438595],[-97.59543922266535,32.932935896567436],[-97.59542307309488,32.93262769501576],[-97.59542146576364,32.932597008386466]]]},"properties":{"prop_id":54237,"state_cd":"8","ite_code":0,"ite_name":"Vacant/Agricultural","ite_unit":"N/A","units":1.0,"daily_trips":0.0,"am_peak_trips":0.0,"pm_peak_trips":0.0,"imprv_val":0.0,"acres":16.57,"city":"Reno","city_code":"CRE","fill_color":[80,80,80,100]}},{"type":"Feature","geometry":{"type":"Polygon","coordinates":[[[-97.59554241900307,32.927009617019706],[-97.5964888728425,32.927016485610125],[-97.59647802855623,32.92742793807157],[-97.59647800915185,32.92742868735469],[-97.59553155090981,32.92742181868201],[-97.59554241900307,32.927009617019706]]]},"properties":{"prop_id":54120,"state_cd":"8","ite_code":210,"ite_name":"Single-Family Detached","ite_unit":"DU","units":2,"daily_trips":18.9,"am_peak_trips":1.4,"pm_peak_trips":1.9,"imprv_val":190600.0,"acres":1.0,"city":"Reno","city_code":"CRE","fill_color":[34,139,34,180]}},{"type":"Feature","geometry":{"type":"Polygon","coordinates":[[[-97.56508796609647,32.965941583666435],[-97.56509781976585,32.96671541921687],[-97.5645781562762,32.96673271897209],[-97.56456725641027,32.96593651728302],[-97.56508796609647,32.965941583666435]]]},"properties":{"prop_id":115974,"state_cd":"S85","ite_code":210,"ite_name":"Single-Family Detached","ite_unit":"DU","units":2,"daily_trips":18.9,"am_peak_trips":1.4,"pm_peak_trips":1.9,"imprv_val":290380.0,"acres":1.055,"city":"Reno","city_code":"CRE","fill_color":[34,139,34,180]}},{"type":"Feature","geometry":{"type":"Polygon","coordinates":[[[-97.55369007737507,32.94259748227112],[-97.55447249286661,32.94260030060693],[-97.55467532011029,32.942601033530025],[-97.55468375130286,32.942902390731334],[-97.5537108698244,32.94291409330565],[-97.55369007737507,32.94259748227112]]]},"properties":{"prop_id":65624,"state_cd":"8","ite_code":210,"ite_name":"Single-Family Detached","ite_unit":"DU","units":1,"daily_trips":9.4,"am_peak_trips":0.7,"pm_peak_trips":0.9,"imprv_val":220950.0,"acres":0.8,"city":"Reno","city_code":"CRE","fill_color":[34,139,34,180]}},{"type":"Feature","geometry":{"type":"Polygon","coordinates":[[[-97.58024364873744,32.962387014208716],[-97.58129106524623,32.9623906958946],[-97.58127223343952,32.96420027621804],[-97.58022480630481,32.96420400299389],[-97.58024364873744,32.962387014208716]]]},"properties":{"prop_id":82062,"state_cd":"8","ite_code":210,"ite_name":"Single-Family Detached","ite_unit":"DU","units":4,"daily_trips":37.8,"am_peak_trips":2.8,"pm_peak_trips":3.8,"imprv_val":738940.0,"acres":4.73,"city":"Reno","city_code":"CRE","fill_color":[34,139,34,180]}},{"type":"Feature","geometry":{"type":"Polygon","coordinates":[[[-97.58624779169527,32.94801989183556],[-97.58625388321968,32.94751463990225],[-97.58673242626926,32.94756140402244],[-97.58672233163028,32.94807217107747],[-97.58624779169527,32.94801989183556]]]},"properties":{"prop_id":22951,"state_cd":"S50","ite_code":210,"ite_name":"Single-Family Detached","ite_unit":"DU","units":1,"daily_trips":9.4,"am_peak_trips":0.7,"pm_peak_trips":0.9,"imprv_val":237660.0,"acres":0.602,"city":"Reno","city_code":"CRE","fill_color":[34,139,34,180]}},{"type":"Feature","geometry":{"type":"Polygon","coordinates":[[[-97.60912421693517,32.92569923461798],[-97.60912749524198,32.92537374322007],[-97.60954008619427,32.9255815691355],[-97.60911623934888,32.92621896616242],[-97.60911574966762,32.92621970306509],[-97.6091187772854,32.92608759355761],[-97.60912150961714,32.925968365522785],[-97.60912197542808,32.92592204169153],[-97.60912274455389,32.92584566013053],[-97.60912421693517,32.92569923461798]]]},"properties":{"prop_id":54151,"state_cd":"S60","ite_code":210,"ite_name":"Single-Family Detached","ite_unit":"DU","units":1,"daily_trips":9.4,"am_peak_trips":0.7,"pm_peak_trips":0.9,"imprv_val":96980.0,"acres":0.46,"city":"Reno","city_code":"CRE","fill_color":[34,139,34,180]}},{"type":"Feature","geometry":{"type":"Polygon","coordinates":[[[-97.56561403488693,32.94505308581558],[-97.56562239100279,32.945947200624445],[-97.5655919619973,32.945946846159416],[-97.56556184950405,32.94595055501937],[-97.56553281283742,32.945958233698],[-97.56550558135301,32.94596968836122],[-97.5654808426171,32.945984631071376],[-97.56545921775152,32.94600268501313],[-97.56544125275414,32.94602339615203],[-97.56531940201923,32.94602044304084],[-97.56531395005481,32.94504915388418],[-97.56561403488693,32.94505308581558]]]},"properties":{"prop_id":18957,"state_cd":"S80","ite_code":210,"ite_name":"Single-Family Detached","ite_unit":"DU","units":1,"daily_trips":9.4,"am_peak_trips":0.7,"pm_peak_trips":0.9,"imprv_val":82800.0,"acres":0.805,"city":"Reno","city_code":"CRE","fill_color":[34,139,34,180]}},{"type":"Feature","geometry":{"type":"Polygon","coordinates":[[[-97.56353458925315,32.93447472851746],[-97.56400513169245,32.93454870811292],[-97.56433152238716,32.93460002327837],[-97.56432250728031,32.93464079969204],[-97.56427634862031,32.93512550604841],[-97.56401213177963,32.9353525233063],[-97.56397926224379,32.93548935891932],[-97.5639120583751,32.93576903976023],[-97.56313641645983,32.93577371090966],[-97.56324193587484,32.935429918525884],[-97.56311224552964,32.93541757740944],[-97.56340625740819,32.934450955418924],[-97.56353458925315,32.93447472851746]]]},"properties":{"prop_id":54098,"state_cd":"8","ite_code":210,"ite_name":"Single-Family Detached","ite_unit":"DU","units":2,"daily_trips":18.9,"am_peak_trips":1.4,"pm_peak_trips":1.9,"imprv_val":14580.0,"acres":2.99,"city":"Reno","city_code":"CRE","fill_color":[34,139,34,180]}},{"type":"Feature","geometry":{"type":"Polygon","coordinates":[[[-97.61618078423508,32.94375698260272],[-97.61723046000351,32.94375049123287],[-97.61722856857232,32.944106408652516],[-97.61617863012081,32.94411232731393],[-97.61618078423508,32.94375698260272]]]},"properties":{"prop_id":86489,"state_cd":"S80","ite_code":210,"ite_name":"Single-Family Detached","ite_unit":"DU","units":2,"daily_trips":18.9,"am_peak_trips":1.4,"pm_peak_trips":1.9,"imprv_val":540390.0,"acres":1.0,"city":"Reno","city_code":"CRE","fill_color":[34,139,34,180]}},{"type":"Feature","geometry":{"type":"Polygon","coordinates":[[[-97.56511281545623,32.96035646464169],[-97.56576181642127,32.96036085406347],[-97.5657366905792,32.964877954095165],[-97.5652766245228,32.96487829812126],[-97.56508950290686,32.964878437467014],[-97.56511281545623,32.96035646464169]]]},"properties":{"prop_id":22970,"state_cd":"8","ite_code":210,"ite_name":"Single-Family Detached","ite_unit":"DU","units":2,"daily_trips":18.9,"am_peak_trips":1.4,"pm_peak_trips":1.9,"imprv_val":278540.0,"acres":1.0,"city":"Reno","city_code":"CRE","fill_color":[34,139,34,180]}},{"type":"Feature","geometry":{"type":"Polygon","coordinates":[[[-97.56372915086266,32.938928447702985],[-97.56450028035633,32.938925292634764],[-97.56534155016206,32.93897932943592],[-97.56569631682062,32.939017752799806],[-97.56590455577656,32.939057957047716],[-97.5659409654504,32.94250942834281],[-97.56499752352583,32.94250996658373],[-97.56379415340729,32.942510643279284],[-97.56372915086266,32.938928447702985]]]},"properties":{"prop_id":49626,"state_cd":"8","ite_code":0,"ite_name":"Vacant/Agricultural","ite_unit":"N/A","units":1.0,"daily_trips":0.0,"am_peak_trips":0.0,"pm_peak_trips":0.0,"imprv_val":0.0,"acres":19.0,"city":"Reno","city_code":"CRE","fill_color":[80,80,80,100]}},{"type":"Feature","geometry":{"type":"Polygon","coordinates":[[[-97.56459911447202,32.93685369093996],[-97.56543595228328,32.93686999277205],[-97.56543269565151,32.937339554749315],[-97.56458389311949,32.93733746439202],[-97.56459911447202,32.93685369093996]]]},"properties":{"prop_id":41766,"state_cd":"8","ite_code":210,"ite_name":"Single-Family Detached","ite_unit":"DU","units":2,"daily_trips":18.9,"am_peak_trips":1.4,"pm_peak_trips":1.9,"imprv_val":207870.0,"acres":1.0,"city":"Reno","city_code":"CRE","fill_color":[34,139,34,180]}},{"type":"Feature","geometry":{"type":"Polygon","coordinates":[[[-97.56339970887429,32.955300717372],[-97.56414758004425,32.95537442678112],[-97.56411890682853,32.9564790451826],[-97.56335945112681,32.95638783150339],[-97.56344669814756,32.95582340956398],[-97.56333843221556,32.95580799419111],[-97.56138124109029,32.95558387435563],[-97.56138123536633,32.955562713697965],[-97.56264085376776,32.95569702480241],[-97.56334279677998,32.955771867102236],[-97.56339970887429,32.955300717372]]]},"properties":{"prop_id":51948,"state_cd":"8","ite_code":210,"ite_name":"Single-Family Detached","ite_unit":"DU","units":2,"daily_trips":18.9,"am_peak_trips":1.4,"pm_peak_trips":1.9,"imprv_val":51320.0,"acres":2.04,"city":"Reno","city_code":"CRE","fill_color":[34,139,34,180]}},{"type":"Feature","geometry":{"type":"Polygon","coordinates":[[[-97.58352750866491,32.956658208136254],[-97.58353323580747,32.95542817556985],[-97.58572080240108,32.955469528786445],[-97.58580448590465,32.95545985468968],[-97.58582592131492,32.95540795013101],[-97.58576718320634,32.95539066936077],[-97.5860341116502,32.95537203874161],[-97.58600375130762,32.956657471252896],[-97.58352750866491,32.956658208136254]]]},"properties":{"prop_id":43263,"state_cd":"8","ite_code":210,"ite_name":"Single-Family Detached","ite_unit":"DU","units":2,"daily_trips":18.9,"am_peak_trips":1.4,"pm_peak_trips":1.9,"imprv_val":107800.0,"acres":1.0,"city":"Reno","city_code":"CRE","fill_color":[34,139,34,180]}},{"type":"Feature","geometry":{"type":"Polygon","coordinates":[[[-97.55970280840046,32.9666356281939],[-97.55969240088076,32.967517936328385],[-97.55914630412117,32.967507047314484],[-97.55915200191345,32.96662216136169],[-97.55970280840046,32.9666356281939]]]},"properties":{"prop_id":115906,"state_cd":"S85","ite_code":0,"ite_name":"Vacant/Agricultural","ite_unit":"N/A","units":1.0,"daily_trips":0.0,"am_peak_trips":0.0,"pm_peak_trips":0.0,"imprv_val":0.0,"acres":1.241,"city":"Reno","city_code":"CRE","fill_color":[80,80,80,100]}},{"type":"Feature","geometry":{"type":"MultiPolygon","coordinates":[[[[-97.54486238279368,32.929540632719004],[-97.54371980941696,32.92953908043236],[-97.54381063876647,32.92647205849653],[-97.54446812337552,32.92647263253445],[-97.54504804367521,32.92647313696253],[-97.54501724108933,32.92790565762514],[-97.54488374767286,32.92790471077677],[-97.5448784021644,32.92831404635865],[-97.54487129971186,32.92885787481522],[-97.54486413697394,32.92940629492995],[-97.54486238279368,32.929540632719004]]],[[[-97.54371980941696,32.92953908043236],[-97.5437197015795,32.92954273024296],[-97.54371976450656,32.929539080087594],[-97.54371980941696,32.92953908043236]]]]},"properties":{"prop_id":35038,"state_cd":"15A+","ite_code":210,"ite_name":"Single-Family Detached","ite_unit":"DU","units":1,"daily_trips":9.4,"am_peak_trips":0.7,"pm_peak_trips":0.9,"imprv_val":96880.0,"acres":0.866,"city":"Reno","city_code":"CRE","fill_color":[34,139,34,180]}},{"type":"Feature","geometry":{"type":"Polygon","coordinates":[[[-97.6031919922273,32.924293748137934],[-97.60339841604109,32.924294161895624],[-97.60353616450647,32.9242944381976],[-97.60352577850524,32.925014932988624],[-97.60318569646458,32.9250251565987],[-97.6031919922273,32.924293748137934]]]},"properties":{"prop_id":14312,"state_cd":"S70","ite_code":210,"ite_name":"Single-Family Detached","ite_unit":"DU","units":1,"daily_trips":9.4,"am_peak_trips":0.7,"pm_peak_trips":0.9,"imprv_val":163270.0,"acres":0.6364,"city":"Reno","city_code":"CRE","fill_color":[34,139,34,180]}},{"type":"Feature","geometry":{"type":"Polygon","coordinates":[[[-97.57237851550109,32.942069678350165],[-97.57235634758487,32.94199458802646],[-97.5728531070981,32.94200329822948],[-97.57286454105784,32.941922815280016],[-97.5734087854055,32.941925984952164],[-97.57447712976175,32.94193220088373],[-97.57447367915903,32.94209979548986],[-97.57287953560044,32.94228723529706],[-97.5728789274181,32.94228770964498],[-97.57263965189674,32.94247438323816],[-97.57258195043546,32.942414209931854],[-97.57252958178657,32.94235066285632],[-97.57248282263772,32.942284078658595],[-97.57244191958762,32.942214807288764],[-97.57240708911769,32.94214321470531],[-97.57237851550109,32.942069678350165]]]},"properties":{"prop_id":52055,"state_cd":"8","ite_code":210,"ite_name":"Single-Family Detached","ite_unit":"DU","units":2,"daily_trips":18.9,"am_peak_trips":1.4,"pm_peak_trips":1.9,"imprv_val":14400.0,"acres":1.61,"city":"Reno","city_code":"CRE","fill_color":[34,139,34,180]}},{"type":"Feature","geometry":{"type":"Polygon","coordinates":[[[-97.56271459285391,32.96980391513513],[-97.56274024212296,32.96980358768044],[-97.56314282359695,32.969798446820676],[-97.56318809796399,32.96979786819303],[-97.56320827051844,32.97059273432544],[-97.56272718959681,32.97059716783958],[-97.56271459285391,32.96980391513513]]]},"properties":{"prop_id":106242,"state_cd":"S80","ite_code":210,"ite_name":"Single-Family Detached","ite_unit":"DU","units":2,"daily_trips":18.9,"am_peak_trips":1.4,"pm_peak_trips":1.9,"imprv_val":458080.0,"acres":1.0,"city":"Reno","city_code":"CRE","fill_color":[34,139,34,180]}},{"type":"Feature","geometry":{"type":"Polygon","coordinates":[[[-97.60838567663541,32.92374480649188],[-97.6077365351215,32.92374014462647],[-97.60774303777114,32.92328971640693],[-97.60839373999734,32.923295690779675],[-97.60838567663541,32.92374480649188]]]},"properties":{"prop_id":36007,"state_cd":"8","ite_code":210,"ite_name":"Single-Family Detached","ite_unit":"DU","units":1,"daily_trips":9.4,"am_peak_trips":0.7,"pm_peak_trips":0.9,"imprv_val":23200.0,"acres":0.19,"city":"Reno","city_code":"CRE","fill_color":[34,139,34,180]}},{"type":"Feature","geometry":{"type":"Polygon","coordinates":[[[-97.55198005963005,32.93668539178961],[-97.55195516047178,32.9379308047397],[-97.55116855757225,32.93792437523223],[-97.55116301809853,32.936200773562966],[-97.55119422713358,32.9362122598655],[-97.55120980591053,32.93621806008436],[-97.55122536398501,32.93622389621702],[-97.55124090133776,32.93622977006707],[-97.55125641688976,32.93623568252805],[-97.55127191494749,32.93624163092728],[-97.55128739335291,32.936247617052075],[-97.55130284887862,32.93625364268147],[-97.55131828691977,32.93625970334733],[-97.55133370210048,32.9362658017144],[-97.55134909764827,32.93627193600339],[-97.55136446925671,32.93627810888717],[-97.55137982444998,32.9362843168156],[-97.55139515680226,32.93629056064168],[-97.5514104651862,32.9362968457678],[-97.55142575715509,32.93630316593868],[-97.55144102304585,32.93630952468799],[-97.55145626612463,32.93631591662967],[-97.55147149489821,32.93632234633768],[-97.55148670080186,32.936328814648625],[-97.55150188065646,32.93633531883282],[-97.5515170366104,32.936341858004795],[-97.55153306957219,32.93634839302993],[-97.55154907576062,32.93635712923132],[-97.55156498648563,32.93636599186272],[-97.5515807975084,32.93637497728457],[-97.5515965131354,32.93638408282423],[-97.55161212585205,32.936393311129926],[-97.5516276399359,32.93640266223433],[-97.55164304899006,32.936412134285106],[-97.55165835092404,32.93642172275725],[-97.55167355211555,32.93643143130659],[-97.55168864402884,32.936441258064555],[-97.55170362667364,32.93645120212942],[-97.55171850112899,32.93646126260762],[-97.55173326633513,32.936471438589244],[-97.55174791588558,32.93648172912381],[-97.55176245408668,32.93649213153858],[-97.55177687664175,32.93650264760457],[-97.5517911835604,32.93651327642007],[-97.5518053759217,32.93652401709141],[-97.5518194462979,32.93653486415119],[-97.55183340105697,32.936545822157036],[-97.55184723487146,32.936556889264786],[-97.55186094562181,32.9365680636547],[-97.55187453225791,32.9365793435151],[-97.551887996909,32.93659072976411],[-97.55190133639582,32.93660221967205],[-97.55191177493356,32.936613761451596],[-97.55198005963005,32.93668539178961]]]},"properties":{"prop_id":65654,"state_cd":"15A+","ite_code":210,"ite_name":"Single-Family Detached","ite_unit":"DU","units":2,"daily_trips":18.9,"am_peak_trips":1.4,"pm_peak_trips":1.9,"imprv_val":312740.0,"acres":3.07,"city":"Reno","city_code":"CRE","fill_color":[34,139,34,180]}},{"type":"Feature","geometry":{"type":"Polygon","coordinates":[[[-97.61614541415959,32.94816111736329],[-97.61612397259738,32.94598240067868],[-97.61736541248906,32.9462651459668],[-97.61840252432854,32.94647005720088],[-97.61928714703073,32.94664238643679],[-97.62077942891592,32.94695071030426],[-97.6214560942979,32.947091014118776],[-97.62149819326501,32.94911809819734],[-97.6208240434367,32.94912193389084],[-97.62082127928942,32.95025578640774],[-97.61706230451183,32.95025194809773],[-97.61708545204802,32.94816248857515],[-97.61614541415959,32.94816111736329]]]},"properties":{"prop_id":102272,"state_cd":"8","ite_code":0,"ite_name":"Vacant/Agricultural","ite_unit":"N/A","units":1.0,"daily_trips":0.0,"am_peak_trips":0.0,"pm_peak_trips":0.0,"imprv_val":0.0,"acres":43.72,"city":"Reno","city_code":"CRE","fill_color":[80,80,80,100]}},{"type":"Feature","geometry":{"type":"Polygon","coordinates":[[[-97.5570187007101,32.94959219103294],[-97.55702330496013,32.948556920089594],[-97.55742567870112,32.948563481005],[-97.55774816868554,32.948567211696],[-97.55810663057045,32.94856060431453],[-97.55812931861686,32.94856085789362],[-97.55891120161914,32.948569810670435],[-97.55890737765966,32.94916698540655],[-97.5591887412422,32.94916806325322],[-97.55918404580927,32.94961071381257],[-97.5570187007101,32.94959219103294]]]},"properties":{"prop_id":85181,"state_cd":"8","ite_code":0,"ite_name":"Vacant/Agricultural","ite_unit":"N/A","units":1.0,"daily_trips":0.0,"am_peak_trips":0.0,"pm_peak_trips":0.0,"imprv_val":0.0,"acres":4.0,"city":"Reno","city_code":"CRE","fill_color":[80,80,80,100]}},{"type":"Feature","geometry":{"type":"Polygon","coordinates":[[[-97.55934877243854,32.9311702263514],[-97.55952107689674,32.93072343830494],[-97.55933403597217,32.930538153347314],[-97.55780031014581,32.92876482282831],[-97.5577991780645,32.92871169609176],[-97.55817745193984,32.92880227115111],[-97.55888345655201,32.92903177209723],[-97.55897309789052,32.929044472599735],[-97.5591863592093,32.929074687926544],[-97.55943475551724,32.92914907679592],[-97.55948274315975,32.92915417557099],[-97.5601159644409,32.92921755629779],[-97.55999495103333,32.93109684005607],[-97.55997434140846,32.93141260584218],[-97.55934877243854,32.9311702263514]]]},"properties":{"prop_id":41129,"state_cd":"15A+","ite_code":0,"ite_name":"Vacant/Agricultural","ite_unit":"N/A","units":1.0,"daily_trips":0.0,"am_peak_trips":0.0,"pm_peak_trips":0.0,"imprv_val":0.0,"acres":5.75,"city":"Reno","city_code":"CRE","fill_color":[80,80,80,100]}},{"type":"Feature","geometry":{"type":"Polygon","coordinates":[[[-97.58257541481558,32.9611378437314],[-97.58257052280317,32.9603922712518],[-97.58291098497092,32.960397788592175],[-97.5835101245774,32.960399943798826],[-97.58359655948072,32.96040035943172],[-97.58366158867547,32.96040066810085],[-97.58360561245196,32.96481302134525],[-97.5825768101503,32.9643816868996],[-97.58257541481558,32.9611378437314]]]},"properties":{"prop_id":94550,"state_cd":"8","ite_code":0,"ite_name":"Vacant/Agricultural","ite_unit":"N/A","units":1.0,"daily_trips":0.0,"am_peak_trips":0.0,"pm_peak_trips":0.0,"imprv_val":0.0,"acres":1.964,"city":"Reno","city_code":"CRE","fill_color":[80,80,80,100]}},{"type":"Feature","geometry":{"type":"Polygon","coordinates":[[[-97.58850709120598,32.966166585543405],[-97.58850794712575,32.965747607936216],[-97.58997350342817,32.96575586213973],[-97.58997381392044,32.96575583825399],[-97.58999441736711,32.966734355872724],[-97.5893988296652,32.96673272345615],[-97.58850709120598,32.966166585543405]]]},"properties":{"prop_id":54023,"state_cd":"8","ite_code":0,"ite_name":"Vacant/Agricultural","ite_unit":"N/A","units":1.0,"daily_trips":0.0,"am_peak_trips":0.0,"pm_peak_trips":0.0,"imprv_val":0.0,"acres":3.0,"city":"Reno","city_code":"CRE","fill_color":[80,80,80,100]}},{"type":"Feature","geometry":{"type":"Polygon","coordinates":[[[-97.59478454294957,32.94575845228786],[-97.59480696380635,32.94264600328301],[-97.59509408411846,32.942543622614394],[-97.59560344623752,32.94295949187221],[-97.59542232678241,32.94295972270339],[-97.59541219758907,32.94395158777343],[-97.59539355516029,32.94577702262131],[-97.59478454294957,32.94575845228786]]]},"properties":{"prop_id":54052,"state_cd":"8","ite_code":210,"ite_name":"Single-Family Detached","ite_unit":"DU","units":4,"daily_trips":37.8,"am_peak_trips":2.8,"pm_peak_trips":3.8,"imprv_val":177340.0,"acres":5.0,"city":"Reno","city_code":"CRE","fill_color":[34,139,34,180]}},{"type":"Feature","geometry":{"type":"Polygon","coordinates":[[[-97.5722926124619,32.96033189248181],[-97.5729806953308,32.96031422844856],[-97.57297754438484,32.96112500132178],[-97.57296820294867,32.96352906677226],[-97.57228498865767,32.96352750043291],[-97.5722926124619,32.96033189248181]]]},"properties":{"prop_id":22957,"state_cd":"8","ite_code":210,"ite_name":"Single-Family Detached","ite_unit":"DU","units":2,"daily_trips":18.9,"am_peak_trips":1.4,"pm_peak_trips":1.9,"imprv_val":123230.0,"acres":1.0,"city":"Reno","city_code":"CRE","fill_color":[34,139,34,180]}},{"type":"Feature","geometry":{"type":"Polygon","coordinates":[[[-97.55758422660901,32.97480782452767],[-97.55942129171436,32.97481904083317],[-97.55941864957721,32.975441452923754],[-97.55898816404921,32.975443251831166],[-97.5583644276296,32.97544585653962],[-97.55778299191947,32.975448281918105],[-97.55732266768068,32.97545019940132],[-97.55748894230648,32.974808294406664],[-97.55758422660901,32.97480782452767]]]},"properties":{"prop_id":117685,"state_cd":"A30","ite_code":210,"ite_name":"Single-Family Detached","ite_unit":"DU","units":2,"daily_trips":18.9,"am_peak_trips":1.4,"pm_peak_trips":1.9,"imprv_val":113400.0,"acres":1.0,"city":"Reno","city_code":"CRE","fill_color":[34,139,34,180]}},{"type":"Feature","geometry":{"type":"Polygon","coordinates":[[[-97.58353393474192,32.95527627890796],[-97.58354455970976,32.95298955444701],[-97.58354482398896,32.95289661360103],[-97.58354499192241,32.952896613934364],[-97.58415600038676,32.95289769846061],[-97.58411352479797,32.955285932506534],[-97.58353393474192,32.95527627890796]]]},"properties":{"prop_id":43261,"state_cd":"8","ite_code":210,"ite_name":"Single-Family Detached","ite_unit":"DU","units":3,"daily_trips":28.3,"am_peak_trips":2.1,"pm_peak_trips":2.8,"imprv_val":289910.0,"acres":3.697,"city":"Reno","city_code":"CRE","fill_color":[34,139,34,180]}},{"type":"Feature","geometry":{"type":"Polygon","coordinates":[[[-97.5680557598097,32.976161569249626],[-97.56763613419146,32.97614682695984],[-97.56763423085387,32.976146818132285],[-97.56763420532226,32.976145483232514],[-97.56761678033858,32.97522022469236],[-97.5680414653395,32.97521780791199],[-97.5680557598097,32.976161569249626]]]},"properties":{"prop_id":106207,"state_cd":"S80","ite_code":210,"ite_name":"Single-Family Detached","ite_unit":"DU","units":2,"daily_trips":18.9,"am_peak_trips":1.4,"pm_peak_trips":1.9,"imprv_val":466890.0,"acres":1.0,"city":"Reno","city_code":"CRE","fill_color":[34,139,34,180]}},{"type":"Feature","geometry":{"type":"Polygon","coordinates":[[[-97.58464821740844,32.949132974364254],[-97.58380247245294,32.948345596408906],[-97.58348730474175,32.94838834300564],[-97.5831561735514,32.94696495966469],[-97.58295947840607,32.94611831002459],[-97.58296663750667,32.94581299134374],[-97.58627530456754,32.94573776065203],[-97.58626903597026,32.94625771307355],[-97.58626200111945,32.94684125705875],[-97.58625388321968,32.94751463990225],[-97.58624779169527,32.94801989183556],[-97.58624187175288,32.94851099344429],[-97.58620889804767,32.949478584305],[-97.58620492225107,32.952094633304704],[-97.58615285400155,32.95209243063482],[-97.5861534130464,32.951689088671266],[-97.5860542283976,32.951467106666186],[-97.58574745825875,32.950609661527956],[-97.58464821740844,32.949132974364254]]]},"properties":{"prop_id":36027,"state_cd":"8","ite_code":0,"ite_name":"Vacant/Agricultural","ite_unit":"N/A","units":1.0,"daily_trips":0.0,"am_peak_trips":0.0,"pm_peak_trips":0.0,"imprv_val":0.0,"acres":7.026,"city":"Reno","city_code":"CRE","fill_color":[80,80,80,100]}},{"type":"Feature","geometry":{"type":"Polygon","coordinates":[[[-97.59551451881701,32.93051849000552],[-97.59916216325843,32.930530706241946],[-97.59896613851022,32.930973692991074],[-97.59881302523239,32.93097425830315],[-97.59550333679027,32.930986418011436],[-97.59551451881701,32.93051849000552]]]},"properties":{"prop_id":54163,"state_cd":"8","ite_code":210,"ite_name":"Single-Family Detached","ite_unit":"DU","units":3,"daily_trips":28.3,"am_peak_trips":2.1,"pm_peak_trips":2.8,"imprv_val":224830.0,"acres":4.027,"city":"Reno","city_code":"CRE","fill_color":[34,139,34,180]}},{"type":"Feature","geometry":{"type":"Polygon","coordinates":[[[-97.59292936834574,32.929537666852],[-97.59289615775195,32.932748063718684],[-97.59502817615746,32.93274265047555],[-97.59472861412866,32.93350567043233],[-97.59450884888571,32.934028718299125],[-97.5941048488157,32.93391256494378],[-97.59429851257559,32.93312560398509],[-97.59343992649113,32.932970466014176],[-97.59045843060012,32.93241620642503],[-97.59045530753852,32.9291985206596],[-97.5929414661149,32.9292174470126],[-97.59292936834574,32.929537666852]]]},"properties":{"prop_id":63522,"state_cd":"8","ite_code":0,"ite_name":"Vacant/Agricultural","ite_unit":"N/A","units":1.0,"daily_trips":0.0,"am_peak_trips":0.0,"pm_peak_trips":0.0,"imprv_val":0.0,"acres":20.51,"city":"Reno","city_code":"CRE","fill_color":[80,80,80,100]}},{"type":"Feature","geometry":{"type":"Polygon","coordinates":[[[-97.57820103901614,32.96084541957547],[-97.57819345417548,32.96039231136167],[-97.57865627326865,32.960391265608315],[-97.57891356890161,32.96038974436658],[-97.57965306076467,32.960399144745004],[-97.57961465559266,32.96093768901084],[-97.5789090507753,32.96093184052869],[-97.57890776014756,32.96084878225093],[-97.57820103901614,32.96084541957547]]]},"properties":{"prop_id":62461,"state_cd":"8","ite_code":210,"ite_name":"Single-Family Detached","ite_unit":"DU","units":2,"daily_trips":18.9,"am_peak_trips":1.4,"pm_peak_trips":1.9,"imprv_val":188360.0,"acres":1.0,"city":"Reno","city_code":"CRE","fill_color":[34,139,34,180]}},{"type":"Feature","geometry":{"type":"Polygon","coordinates":[[[-97.56705599371725,32.964876956470455],[-97.56706678855598,32.96036967044071],[-97.5690019112911,32.96038272009433],[-97.56900760973265,32.964875455967324],[-97.56814712849294,32.96487612103815],[-97.56724363953894,32.964876813586564],[-97.56705599371725,32.964876956470455]]]},"properties":{"prop_id":22963,"state_cd":"8","ite_code":210,"ite_name":"Single-Family Detached","ite_unit":"DU","units":2,"daily_trips":18.9,"am_peak_trips":1.4,"pm_peak_trips":1.9,"imprv_val":284350.0,"acres":1.0,"city":"Reno","city_code":"CRE","fill_color":[34,139,34,180]}},{"type":"Feature","geometry":{"type":"Polygon","coordinates":[[[-97.56013257437823,32.94256695673755],[-97.56120678616293,32.94254991543622],[-97.56119336779814,32.94420459072403],[-97.55943624092045,32.94418554180903],[-97.55944049379454,32.942577931664445],[-97.56013257437823,32.94256695673755]]]},"properties":{"prop_id":18846,"state_cd":"8","ite_code":210,"ite_name":"Single-Family Detached","ite_unit":"DU","units":4,"daily_trips":37.8,"am_peak_trips":2.8,"pm_peak_trips":3.8,"imprv_val":156610.0,"acres":5.0,"city":"Reno","city_code":"CRE","fill_color":[34,139,34,180]}},{"type":"Feature","geometry":{"type":"Polygon","coordinates":[[[-97.57820769137436,32.96219810018895],[-97.57820377940918,32.96110670668492],[-97.58134078160275,32.961131872818655],[-97.58129277040995,32.96222684218407],[-97.58129106524623,32.9623906958946],[-97.58024364873744,32.962387014208716],[-97.57917532536125,32.9623832503959],[-97.57916283595378,32.96420476461908],[-97.57821745918334,32.96419776088634],[-97.57820769137436,32.96219810018895]]]},"properties":{"prop_id":62457,"state_cd":"8","ite_code":210,"ite_name":"Single-Family Detached","ite_unit":"DU","units":2,"daily_trips":18.9,"am_peak_trips":1.4,"pm_peak_trips":1.9,"imprv_val":322300.0,"acres":1.0,"city":"Reno","city_code":"CRE","fill_color":[34,139,34,180]}},{"type":"Feature","geometry":{"type":"Polygon","coordinates":[[[-97.55785878284003,32.96484655943125],[-97.55790445672173,32.9603074787073],[-97.55854803798469,32.960311869238815],[-97.55852672946041,32.964852901618166],[-97.55785878284003,32.96484655943125]]]},"properties":{"prop_id":22989,"state_cd":"8","ite_code":210,"ite_name":"Single-Family Detached","ite_unit":"DU","units":6,"daily_trips":56.6,"am_peak_trips":4.2,"pm_peak_trips":5.7,"imprv_val":324320.0,"acres":7.48,"city":"Reno","city_code":"CRE","fill_color":[255,200,0,200]}},{"type":"Feature","geometry":{"type":"Polygon","coordinates":[[[-97.58785263856751,32.93399005517778],[-97.59042153808592,32.93400895485936],[-97.5904139859186,32.9346151239023],[-97.58738250892887,32.934850573119135],[-97.58746760778854,32.934724741397645],[-97.58785150724972,32.93434971890834],[-97.58785263856751,32.93399005517778]]]},"properties":{"prop_id":92054,"state_cd":"8","ite_code":0,"ite_name":"Vacant/Agricultural","ite_unit":"N/A","units":1.0,"daily_trips":0.0,"am_peak_trips":0.0,"pm_peak_trips":0.0,"imprv_val":0.0,"acres":5.01,"city":"Reno","city_code":"CRE","fill_color":[80,80,80,100]}},{"type":"Feature","geometry":{"type":"Polygon","coordinates":[[[-97.5521754562617,32.940878911118055],[-97.55353015453923,32.940887116162905],[-97.55353043813273,32.94147687003036],[-97.55217540165604,32.94146594435237],[-97.5521754562617,32.940878911118055]]]},"properties":{"prop_id":49911,"state_cd":"15A+","ite_code":210,"ite_name":"Single-Family Detached","ite_unit":"DU","units":3,"daily_trips":28.3,"am_peak_trips":2.1,"pm_peak_trips":2.8,"imprv_val":100780.0,"acres":2.0,"city":"Reno","city_code":"CRE","fill_color":[34,139,34,180]}},{"type":"Feature","geometry":{"type":"Polygon","coordinates":[[[-97.59855376106269,32.93291242660113],[-97.60829271487913,32.93288958263091],[-97.60831593758813,32.93526841511325],[-97.60830999292429,32.93554642180805],[-97.6083045425395,32.93580135054317],[-97.60824996443142,32.935801207875414],[-97.60387909524667,32.93578971711347],[-97.60101781169277,32.93579120239104],[-97.59849019405118,32.9357924532535],[-97.59849037542996,32.93446459507179],[-97.59849061769856,32.93316595740203],[-97.59855376106269,32.93291242660113]]]},"properties":{"prop_id":54166,"state_cd":"8","ite_code":210,"ite_name":"Single-Family Detached","ite_unit":"DU","units":2,"daily_trips":18.9,"am_peak_trips":1.4,"pm_peak_trips":1.9,"imprv_val":242450.0,"acres":1.0,"city":"Reno","city_code":"CRE","fill_color":[34,139,34,180]}},{"type":"Feature","geometry":{"type":"Polygon","coordinates":[[[-97.56335145974596,32.94804263569486],[-97.5633406701952,32.947092016133816],[-97.56365715443542,32.94709909084345],[-97.56366547938394,32.94804833366708],[-97.56335145974596,32.94804263569486]]]},"properties":{"prop_id":18916,"state_cd":"S80","ite_code":0,"ite_name":"Vacant/Agricultural","ite_unit":"N/A","units":1.0,"daily_trips":0.0,"am_peak_trips":0.0,"pm_peak_trips":0.0,"imprv_val":0.0,"acres":0.802,"city":"Reno","city_code":"CRE","fill_color":[80,80,80,100]}},{"type":"Feature","geometry":{"type":"Polygon","coordinates":[[[-97.56492788336838,32.950499938487184],[-97.5649208996305,32.95116143866565],[-97.56462587464155,32.95115864705218],[-97.56463286057307,32.95049714779176],[-97.56492788336838,32.950499938487184]]]},"properties":{"prop_id":57837,"state_cd":"8","ite_code":210,"ite_name":"Single-Family Detached","ite_unit":"DU","units":1,"daily_trips":9.4,"am_peak_trips":0.7,"pm_peak_trips":0.9,"imprv_val":131310.0,"acres":0.505,"city":"Reno","city_code":"CRE","fill_color":[34,139,34,180]}},{"type":"Feature","geometry":{"type":"Polygon","coordinates":[[[-97.57889974843263,32.950623542354386],[-97.57893143036192,32.95115095263019],[-97.57851164810967,32.95115007719189],[-97.5784794560364,32.950622386155196],[-97.57889974843263,32.950623542354386]]]},"properties":{"prop_id":36045,"state_cd":"8","ite_code":210,"ite_name":"Single-Family Detached","ite_unit":"DU","units":1,"daily_trips":9.4,"am_peak_trips":0.7,"pm_peak_trips":0.9,"imprv_val":278900.0,"acres":0.559,"city":"Reno","city_code":"CRE","fill_color":[34,139,34,180]}},{"type":"Feature","geometry":{"type":"Polygon","coordinates":[[[-97.54527912821514,32.937864357627355],[-97.54526824215846,32.937403212976136],[-97.54485848547513,32.937405297292415],[-97.54486668430938,32.936891578416315],[-97.54482056192381,32.93689408902232],[-97.54484142608698,32.935852054019776],[-97.54673316199796,32.93582093008871],[-97.54676565376622,32.9363146321365],[-97.54646618992453,32.93634044247772],[-97.54649114348021,32.93671961766607],[-97.54710398545728,32.936690937961686],[-97.5471240228814,32.93683809959339],[-97.54712607436544,32.936865120778315],[-97.54720342203797,32.93788357726013],[-97.54707823677671,32.93788228879137],[-97.54527912821514,32.937864357627355]]]},"properties":{"prop_id":65665,"state_cd":"15A+","ite_code":0,"ite_name":"Vacant/Agricultural","ite_unit":"N/A","units":1.0,"daily_trips":0.0,"am_peak_trips":0.0,"pm_peak_trips":0.0,"imprv_val":0.0,"acres":8.996,"city":"Reno","city_code":"CRE","fill_color":[80,80,80,100]}},{"type":"Feature","geometry":{"type":"Polygon","coordinates":[[[-97.58681216059213,32.94918665346747],[-97.58687993545024,32.94928307174581],[-97.58727047653045,32.94962943386303],[-97.58769547248043,32.94991523106881],[-97.58776353598,32.949953030986],[-97.5878003877956,32.95210640154952],[-97.58620492225107,32.952094633304704],[-97.58620889804767,32.949478584305],[-97.58681216059213,32.94918665346747]]]},"properties":{"prop_id":118657,"state_cd":"8","ite_code":0,"ite_name":"Vacant/Agricultural","ite_unit":"N/A","units":1.0,"daily_trips":0.0,"am_peak_trips":0.0,"pm_peak_trips":0.0,"imprv_val":0.0,"acres":7.38,"city":"Reno","city_code":"CRE","fill_color":[80,80,80,100]}},{"type":"Feature","geometry":{"type":"Polygon","coordinates":[[[-97.56137647712288,32.97218318952989],[-97.56232300288652,32.97217218508396],[-97.56232589401213,32.97256528796411],[-97.56137180622815,32.97257972740094],[-97.56137647712288,32.97218318952989]]]},"properties":{"prop_id":106184,"state_cd":"S80","ite_code":210,"ite_name":"Single-Family Detached","ite_unit":"DU","units":2,"daily_trips":18.9,"am_peak_trips":1.4,"pm_peak_trips":1.9,"imprv_val":426820.0,"acres":1.0,"city":"Reno","city_code":"CRE","fill_color":[34,139,34,180]}},{"type":"Feature","geometry":{"type":"Polygon","coordinates":[[[-97.5914857577475,32.945688335977884],[-97.59150666544312,32.94367137114769],[-97.59189930429102,32.94367588851287],[-97.5918992742728,32.94367881654355],[-97.5918892167299,32.94500003926948],[-97.5918838841596,32.94570127767323],[-97.5914857577475,32.945688335977884]]]},"properties":{"prop_id":107363,"state_cd":"8","ite_code":0,"ite_name":"Vacant/Agricultural","ite_unit":"N/A","units":1.0,"daily_trips":0.0,"am_peak_trips":0.0,"pm_peak_trips":0.0,"imprv_val":0.0,"acres":2.0,"city":"Reno","city_code":"CRE","fill_color":[80,80,80,100]}},{"type":"Feature","geometry":{"type":"Polygon","coordinates":[[[-97.57390852549746,32.96612022489634],[-97.57287917829998,32.96610524563131],[-97.5722452786039,32.96609452546324],[-97.57225920963076,32.96497207389728],[-97.57391632734456,32.96499966849755],[-97.57390852549746,32.96612022489634]]]},"properties":{"prop_id":66864,"state_cd":"8","ite_code":210,"ite_name":"Single-Family Detached","ite_unit":"DU","units":4,"daily_trips":37.8,"am_peak_trips":2.8,"pm_peak_trips":3.8,"imprv_val":347680.0,"acres":5.0,"city":"Reno","city_code":"CRE","fill_color":[34,139,34,180]}},{"type":"Feature","geometry":{"type":"Polygon","coordinates":[[[-97.55201519556408,32.95293263495871],[-97.55202319615532,32.952185150054135],[-97.55172258632358,32.95218286259553],[-97.55127497042717,32.952175884803374],[-97.5512818088824,32.95153747056204],[-97.55128720279309,32.95103390740895],[-97.55261368547393,32.951038788743304],[-97.55265055644877,32.952790813709754],[-97.55264821250009,32.952805743790535],[-97.55264420473513,32.952820419529466],[-97.55263857414533,32.9528347086684],[-97.55263136803372,32.95284848891738],[-97.55262265300384,32.95286163362384],[-97.5526125051603,32.95287402793141],[-97.55260101559158,32.95288555619575],[-97.55258828486794,32.95289611637197],[-97.55257443154957,32.9529056245889],[-97.5525595722121,32.95291398253079],[-97.55254384345436,32.952921119991075],[-97.55252738818663,32.95292697673129],[-97.55251034926142,32.95293149792386],[-97.55249288330087,32.95293464147142],[-97.55247514140565,32.95293638146792],[-97.55245728098798,32.95293670197524],[-97.5524394689317,32.95293560155716],[-97.55242251043569,32.95293320447731],[-97.55201519556408,32.95293263495871]]]},"properties":{"prop_id":80858,"state_cd":"15A+","ite_code":0,"ite_name":"Vacant/Agricultural","ite_unit":"N/A","units":1.0,"daily_trips":0.0,"am_peak_trips":0.0,"pm_peak_trips":0.0,"imprv_val":0.0,"acres":5.364,"city":"Reno","city_code":"CRE","fill_color":[80,80,80,100]}},{"type":"Feature","geometry":{"type":"Polygon","coordinates":[[[-97.58138885577975,32.94562234095068],[-97.5813817325891,32.94493557243861],[-97.58229000055815,32.94545069043215],[-97.58230819328027,32.94557123354384],[-97.58230505956068,32.945624387032446],[-97.58139459128958,32.94562240037355],[-97.58138885577975,32.94562234095068]]]},"properties":{"prop_id":51844,"state_cd":"8","ite_code":210,"ite_name":"Single-Family Detached","ite_unit":"DU","units":2,"daily_trips":18.9,"am_peak_trips":1.4,"pm_peak_trips":1.9,"imprv_val":227550.0,"acres":1.0,"city":"Reno","city_code":"CRE","fill_color":[34,139,34,180]}},{"type":"Feature","geometry":{"type":"Polygon","coordinates":[[[-97.5820063341192,32.944179134678805],[-97.58200566785958,32.94423970679246],[-97.58142278009251,32.94423541058731],[-97.58142974339563,32.94355404228136],[-97.5820005869118,32.943557705034976],[-97.5820063341192,32.944179134678805]]]},"properties":{"prop_id":51857,"state_cd":"8","ite_code":0,"ite_name":"Vacant/Agricultural","ite_unit":"N/A","units":1.0,"daily_trips":0.0,"am_peak_trips":0.0,"pm_peak_trips":0.0,"imprv_val":0.0,"acres":0.782,"city":"Reno","city_code":"CRE","fill_color":[80,80,80,100]}},{"type":"Feature","geometry":{"type":"Polygon","coordinates":[[[-97.61578197209857,32.93890658400291],[-97.61578075999725,32.938181688041446],[-97.614745888664,32.93828105594011],[-97.61369619269642,32.93838183839556],[-97.61366138070544,32.93838518091765],[-97.61284243809186,32.93846380107308],[-97.61285733951361,32.93827507361925],[-97.61284546460962,32.93739699122823],[-97.61284527439761,32.93731421436912],[-97.6140948204105,32.93727607680473],[-97.61409655809766,32.93731684111909],[-97.61595886856576,32.93732851027046],[-97.61594677871314,32.93576161876078],[-97.61725272825426,32.93572083781645],[-97.61730427451432,32.93627521246787],[-97.61733552222256,32.93648909753833],[-97.61736450150386,32.93674519026052],[-97.61825471821813,32.93674525630016],[-97.61825350452209,32.93675727543199],[-97.61821990771688,32.93709019119342],[-97.61815498407665,32.937413291508264],[-97.6179864803441,32.93785270082372],[-97.61784976702826,32.93820935032332],[-97.61761635079364,32.93858070722316],[-97.61735971071957,32.93888788087081],[-97.6173274237784,32.93892653185532],[-97.61578197209857,32.93890658400291]]]},"properties":{"prop_id":48449,"state_cd":"8","ite_code":210,"ite_name":"Single-Family Detached","ite_unit":"DU","units":2,"daily_trips":18.9,"am_peak_trips":1.4,"pm_peak_trips":1.9,"imprv_val":129450.0,"acres":1.0,"city":"Reno","city_code":"CRE","fill_color":[34,139,34,180]}},{"type":"Feature","geometry":{"type":"Polygon","coordinates":[[[-97.54884546005337,32.936834971154006],[-97.54912514525583,32.936829059159415],[-97.54916389348985,32.936828240240644],[-97.5494893773598,32.936821359394635],[-97.5495162367951,32.936820791451794],[-97.54954540038771,32.936820175248556],[-97.54957340506304,32.937357794938606],[-97.5488932266696,32.93737297999364],[-97.54884546005337,32.936834971154006]]]},"properties":{"prop_id":1187,"state_cd":"15A+","ite_code":210,"ite_name":"Single-Family Detached","ite_unit":"DU","units":2,"daily_trips":18.9,"am_peak_trips":1.4,"pm_peak_trips":1.9,"imprv_val":102800.0,"acres":1.0,"city":"Reno","city_code":"CRE","fill_color":[34,139,34,180]}},{"type":"Feature","geometry":{"type":"Polygon","coordinates":[[[-97.56332325806255,32.94502305327795],[-97.56332769168888,32.94597215983227],[-97.56303074121915,32.94596495880312],[-97.56303555838699,32.94501927841095],[-97.56332325806255,32.94502305327795]]]},"properties":{"prop_id":18971,"state_cd":"S80","ite_code":210,"ite_name":"Single-Family Detached","ite_unit":"DU","units":1,"daily_trips":9.4,"am_peak_trips":0.7,"pm_peak_trips":0.9,"imprv_val":108590.0,"acres":0.791,"city":"Reno","city_code":"CRE","fill_color":[34,139,34,180]}},{"type":"Feature","geometry":{"type":"Polygon","coordinates":[[[-97.58882622441767,32.94688328457939],[-97.5897889314825,32.94691791923794],[-97.58976646297945,32.94785139022715],[-97.58912457409691,32.94779400964259],[-97.58912873326912,32.94756180747646],[-97.58912574190778,32.947535672158274],[-97.58911987225414,32.947472407211386],[-97.58910089242052,32.94741591837625],[-97.58908028267166,32.94735941762113],[-97.58905801475231,32.9473056526209],[-97.58893801696183,32.94708624686715],[-97.58882622441767,32.94688328457939]]]},"properties":{"prop_id":22943,"state_cd":"S80","ite_code":210,"ite_name":"Single-Family Detached","ite_unit":"DU","units":1,"daily_trips":9.4,"am_peak_trips":0.7,"pm_peak_trips":0.9,"imprv_val":298420.0,"acres":0.976,"city":"Reno","city_code":"CRE","fill_color":[34,139,34,180]}},{"type":"Feature","geometry":{"type":"Polygon","coordinates":[[[-97.54948993561923,32.93277191381866],[-97.54993775122763,32.93189673440468],[-97.55044523131357,32.93190406140726],[-97.55066264001952,32.93190719925682],[-97.55071543724506,32.9319079614393],[-97.55014172062991,32.93297885530544],[-97.55012085916101,32.93297837608383],[-97.55009600117822,32.93297780415729],[-97.55007757804357,32.93297722087165],[-97.55005916063529,32.932976303045585],[-97.55004076712264,32.93297505171949],[-97.55002241343949,32.93297347693496],[-97.55000410182147,32.93297156969076],[-97.54998584179603,32.932969339077964],[-97.54996764192784,32.93296678426008],[-97.54994950973135,32.932963902588874],[-97.54993145373248,32.93296069683495],[-97.54991348568447,32.932957167989784],[-97.54989560551013,32.93295332326754],[-97.54987782609,32.93294915825735],[-97.54986015806934,32.93294467754957],[-97.54984260789324,32.932939878487915],[-97.54982517867327,32.932934770114535],[-97.54980788538026,32.93292935254366],[-97.54979073016267,32.93292362488993],[-97.54977372043838,32.93291759352278],[-97.54975686794113,32.93291126123735],[-97.54974017805648,32.93290462446743],[-97.54972365814416,32.93289769499302],[-97.54970731678797,32.932890470174236],[-97.54969116137667,32.932882959085866],[-97.5496752005231,32.932875156382664],[-97.54965942983397,32.93286707285321],[-97.54964387284438,32.93285870777535],[-97.54962853163504,32.93285006657597],[-97.549613405069,32.93284115555933],[-97.54959359444973,32.93282885397191],[-97.54957877434377,32.9328195881618],[-97.54956372792483,32.93281058395949],[-97.54954845507693,32.932801852186145],[-97.54953296859318,32.93279339654661],[-97.5495172727412,32.932785217975216],[-97.54950137279985,32.93277732282493],[-97.54948993561923,32.93277191381866]]]},"properties":{"prop_id":3204,"state_cd":"15A+","ite_code":210,"ite_name":"Single-Family Detached","ite_unit":"DU","units":3,"daily_trips":28.3,"am_peak_trips":2.1,"pm_peak_trips":2.8,"imprv_val":117570.0,"acres":2.0,"city":"Reno","city_code":"CRE","fill_color":[34,139,34,180]}},{"type":"Feature","geometry":{"type":"Polygon","coordinates":[[[-97.54763675489596,32.93554392408009],[-97.54751720708929,32.93394510609088],[-97.54773152810924,32.933950218468475],[-97.54773308527743,32.933716416562085],[-97.54834364395037,32.93371921461397],[-97.54883927967445,32.93371818143935],[-97.54883216410519,32.93507601981214],[-97.54882688416818,32.93551586739844],[-97.54763675489596,32.93554392408009]]]},"properties":{"prop_id":55048,"state_cd":"15A+","ite_code":0,"ite_name":"Vacant/Agricultural","ite_unit":"N/A","units":1.0,"daily_trips":0.0,"am_peak_trips":0.0,"pm_peak_trips":0.0,"imprv_val":0.0,"acres":5.76,"city":"Reno","city_code":"CRE","fill_color":[80,80,80,100]}},{"type":"Feature","geometry":{"type":"Polygon","coordinates":[[[-97.55167994406865,32.984358730354835],[-97.55217802235043,32.984357405432704],[-97.55217923678427,32.984301837564985],[-97.55244289129985,32.98430004274147],[-97.55244876993025,32.98508081909058],[-97.55216538225658,32.98508292472623],[-97.55167994406865,32.984358730354835]]]},"properties":{"prop_id":110239,"state_cd":"15A+","ite_code":210,"ite_name":"Single-Family Detached","ite_unit":"DU","units":2,"daily_trips":18.9,"am_peak_trips":1.4,"pm_peak_trips":1.9,"imprv_val":433890.0,"acres":1.0,"city":"Reno","city_code":"CRE","fill_color":[34,139,34,180]}},{"type":"Feature","geometry":{"type":"Polygon","coordinates":[[[-97.56613174633816,32.96593561817866],[-97.56614188307375,32.96676037400902],[-97.5656194769262,32.966695102992254],[-97.56560992738015,32.965941288654385],[-97.56613174633816,32.96593561817866]]]},"properties":{"prop_id":115976,"state_cd":"S85","ite_code":210,"ite_name":"Single-Family Detached","ite_unit":"DU","units":2,"daily_trips":18.9,"am_peak_trips":1.4,"pm_peak_trips":1.9,"imprv_val":420280.0,"acres":1.062,"city":"Reno","city_code":"CRE","fill_color":[34,139,34,180]}},{"type":"Feature","geometry":{"type":"Polygon","coordinates":[[[-97.54962453195282,32.92158670334162],[-97.54962457102972,32.92107496287499],[-97.55004497789932,32.92107865963005],[-97.55005450794373,32.92167967926096],[-97.55002861712546,32.92166902228178],[-97.5500141709918,32.921658755603445],[-97.5499992047168,32.9216490314701],[-97.54998374369033,32.92163987532656],[-97.54996781983367,32.921631301845544],[-97.54995146609834,32.92162332931508],[-97.54993470801922,32.92161596965354],[-97.54991758496313,32.92160924119788],[-97.54990012462257,32.92160315407937],[-97.54988236534328,32.92159772211786],[-97.549864341233,32.9215929554938],[-97.54984608750728,32.92158886078847],[-97.54982762861222,32.921585451715885],[-97.54980901479979,32.921582728659246],[-97.54979028019686,32.92158069999542],[-97.54977145257324,32.9215793686417],[-97.54975257572696,32.92157873853959],[-97.54973368496047,32.92157880815466],[-97.5497148155375,32.92157957955966],[-97.54969600486041,32.921581054843585],[-97.54966688599403,32.921585046965795],[-97.54962453195282,32.92158670334162]]]},"properties":{"prop_id":55102,"state_cd":"15A+","ite_code":210,"ite_name":"Single-Family Detached","ite_unit":"DU","units":1,"daily_trips":9.4,"am_peak_trips":0.7,"pm_peak_trips":0.9,"imprv_val":144900.0,"acres":0.618,"city":"Reno","city_code":"CRE","fill_color":[34,139,34,180]}},{"type":"Feature","geometry":{"type":"Polygon","coordinates":[[[-97.54508304765056,32.971591398849725],[-97.54375955450664,32.97158548506843],[-97.5437693873423,32.97099613980671],[-97.54508292072171,32.97100155427837],[-97.54508304765056,32.971591398849725]]]},"properties":{"prop_id":77778,"state_cd":"15A+","ite_code":0,"ite_name":"Vacant/Agricultural","ite_unit":"N/A","units":1.0,"daily_trips":0.0,"am_peak_trips":0.0,"pm_peak_trips":0.0,"imprv_val":2590.0,"acres":0.525,"city":"Reno","city_code":"CRE","fill_color":[80,80,80,100]}},{"type":"Feature","geometry":{"type":"Polygon","coordinates":[[[-97.54522217352962,32.952409588254895],[-97.54591006194042,32.95241245769282],[-97.54591001215007,32.95292399151068],[-97.54521663898534,32.952922990160886],[-97.54522217352962,32.952409588254895]]]},"properties":{"prop_id":53922,"state_cd":"15A+","ite_code":210,"ite_name":"Single-Family Detached","ite_unit":"DU","units":2,"daily_trips":18.9,"am_peak_trips":1.4,"pm_peak_trips":1.9,"imprv_val":134390.0,"acres":1.0,"city":"Reno","city_code":"CRE","fill_color":[34,139,34,180]}},{"type":"Feature","geometry":{"type":"Polygon","coordinates":[[[-97.54991838684255,32.9425112793355],[-97.55077077123761,32.94252075990918],[-97.55076689423771,32.94321270244651],[-97.5504069803556,32.94312942851906],[-97.55033562140517,32.94310247976234],[-97.55026789264103,32.943069536179834],[-97.55020450271581,32.943030940466336],[-97.55014610936581,32.94298709535243],[-97.55009332374681,32.94293845822619],[-97.55004669658875,32.942885535616334],[-97.55000671181801,32.94282887953581],[-97.54997378770429,32.942769080275426],[-97.54994826728453,32.942706761821405],[-97.54993041630162,32.942642574624614],[-97.54992042223276,32.942577186574674],[-97.54991838684255,32.9425112793355]]]},"properties":{"prop_id":118613,"state_cd":"15A+","ite_code":210,"ite_name":"Single-Family Detached","ite_unit":"DU","units":2,"daily_trips":18.9,"am_peak_trips":1.4,"pm_peak_trips":1.9,"imprv_val":423660.0,"acres":1.172,"city":"Reno","city_code":"CRE","fill_color":[34,139,34,180]}},{"type":"Feature","geometry":{"type":"Polygon","coordinates":[[[-97.60094300514761,32.95923763746071],[-97.60095798322851,32.958279272631025],[-97.60137218484492,32.95842868779048],[-97.60149223190633,32.95845819557963],[-97.60198630876899,32.95857954249111],[-97.60185103748127,32.95946609521256],[-97.60136413992308,32.95934361728883],[-97.60094300514761,32.95923763746071]]]},"properties":{"prop_id":55295,"state_cd":"8","ite_code":210,"ite_name":"Single-Family Detached","ite_unit":"DU","units":2,"daily_trips":18.9,"am_peak_trips":1.4,"pm_peak_trips":1.9,"imprv_val":111850.0,"acres":2.24,"city":"Reno","city_code":"CRE","fill_color":[34,139,34,180]}},{"type":"Feature","geometry":{"type":"Polygon","coordinates":[[[-97.54500200220143,32.94419124675379],[-97.5450104715739,32.94358773548894],[-97.54501887148297,32.94298916841202],[-97.54502320207902,32.942680541033496],[-97.5450267894263,32.94242497828966],[-97.5478494937359,32.94243610085222],[-97.5478503300244,32.942454417215615],[-97.54785459037336,32.942472391798326],[-97.54786216841795,32.9424895719674],[-97.54787287200446,32.942505526078115],[-97.54788643379688,32.94251985167149],[-97.54790251113177,32.94253218900093],[-97.54567653347706,32.9445314229985],[-97.54499723592961,32.94453094438704],[-97.54500200220143,32.94419124675379]]]},"properties":{"prop_id":118597,"state_cd":"15A+","ite_code":0,"ite_name":"Vacant/Agricultural","ite_unit":"N/A","units":1.0,"daily_trips":0.0,"am_peak_trips":0.0,"pm_peak_trips":0.0,"imprv_val":0.0,"acres":9.952,"city":"Reno","city_code":"CRE","fill_color":[80,80,80,100]}},{"type":"Feature","geometry":{"type":"Polygon","coordinates":[[[-97.5943945857229,32.934930027485834],[-97.59545157732792,32.93507630776011],[-97.59545847834653,32.93572044788338],[-97.5941476338144,32.93551268930046],[-97.5943945857229,32.934930027485834]]]},"properties":{"prop_id":90496,"state_cd":"8","ite_code":210,"ite_name":"Single-Family Detached","ite_unit":"DU","units":3,"daily_trips":28.3,"am_peak_trips":2.1,"pm_peak_trips":2.8,"imprv_val":387210.0,"acres":1.79,"city":"Reno","city_code":"CRE","fill_color":[34,139,34,180]}},{"type":"Feature","geometry":{"type":"Polygon","coordinates":[[[-97.58790774363574,32.94863455147102],[-97.58787387356071,32.94819902526437],[-97.58891746489174,32.9483139779003],[-97.58891705261706,32.94833263739662],[-97.5889093602552,32.9487435558904],[-97.58790774363574,32.94863455147102]]]},"properties":{"prop_id":22936,"state_cd":"S50","ite_code":210,"ite_name":"Single-Family Detached","ite_unit":"DU","units":2,"daily_trips":18.9,"am_peak_trips":1.4,"pm_peak_trips":1.9,"imprv_val":187730.0,"acres":1.149,"city":"Reno","city_code":"CRE","fill_color":[34,139,34,180]}},{"type":"Feature","geometry":{"type":"Polygon","coordinates":[[[-97.56942433496475,32.97275576117],[-97.56942481534828,32.97275515061034],[-97.56978995642677,32.97296074597101],[-97.56979007680984,32.97333670825992],[-97.56918242397525,32.973722720788125],[-97.56914912638852,32.9736648839106],[-97.56910921570446,32.97361010082742],[-97.56906308000623,32.97355890921652],[-97.56901117197076,32.973511808459314],[-97.56895399817047,32.97346925956106],[-97.5688921180696,32.97343167883073],[-97.56942433496475,32.97275576117]]]},"properties":{"prop_id":106217,"state_cd":"S80","ite_code":210,"ite_name":"Single-Family Detached","ite_unit":"DU","units":2,"daily_trips":18.9,"am_peak_trips":1.4,"pm_peak_trips":1.9,"imprv_val":434840.0,"acres":1.25,"city":"Reno","city_code":"CRE","fill_color":[34,139,34,180]}},{"type":"Feature","geometry":{"type":"Polygon","coordinates":[[[-97.54884067185108,32.93578726131824],[-97.5488577026775,32.93578738864464],[-97.54887472983116,32.93578755922886],[-97.54889175332167,32.93578777216902],[-97.54890877640561,32.93578802298093],[-97.54892580436218,32.935788318017714],[-97.54894282656534,32.93578865088539],[-97.5489598482846,32.935789028838826],[-97.5489768695974,32.935789444663996],[-97.54899388619725,32.935789901033495],[-97.5490109034116,32.935790399791635],[-97.54902791912122,32.93579093911861],[-97.54904493224696,32.93579151990807],[-97.54906194493734,32.935792141274504],[-97.54907895289553,32.935792804988736],[-97.54908644326608,32.93579311467859],[-97.54912519665388,32.93631106098044],[-97.54916389348985,32.936828240240644],[-97.54912514525583,32.936829059159415],[-97.54884546005337,32.936834971154006],[-97.54880904824672,32.93637885904383],[-97.54876187451076,32.9357879258414],[-97.54880912614134,32.93578715212584],[-97.54884067185108,32.93578726131824]]]},"properties":{"prop_id":65672,"state_cd":"15A+","ite_code":210,"ite_name":"Single-Family Detached","ite_unit":"DU","units":1,"daily_trips":9.4,"am_peak_trips":0.7,"pm_peak_trips":0.9,"imprv_val":232290.0,"acres":0.839,"city":"Reno","city_code":"CRE","fill_color":[34,139,34,180]}},{"type":"Feature","geometry":{"type":"Polygon","coordinates":[[[-97.55128245667997,32.93118623396277],[-97.55203288289965,32.93118516059541],[-97.55202761672562,32.93151839518172],[-97.55202696515559,32.93155959784759],[-97.55126401405671,32.93154779137574],[-97.55126574971725,32.931513738612914],[-97.55127880753672,32.93125776511683],[-97.55128245667997,32.93118623396277]]]},"properties":{"prop_id":55003,"state_cd":"15A+","ite_code":210,"ite_name":"Single-Family Detached","ite_unit":"DU","units":1,"daily_trips":9.4,"am_peak_trips":0.7,"pm_peak_trips":0.9,"imprv_val":99170.0,"acres":0.8,"city":"Reno","city_code":"CRE","fill_color":[34,139,34,180]}},{"type":"Feature","geometry":{"type":"Polygon","coordinates":[[[-97.56287393222883,32.936586203984426],[-97.56441420785212,32.93656616996195],[-97.56442601828732,32.93681524542765],[-97.56442576238848,32.93685182915419],[-97.56442827066101,32.93692612132991],[-97.56275831817585,32.93694286232072],[-97.56275786039284,32.93694286699321],[-97.56286988908866,32.936586256538924],[-97.56287393222883,32.936586203984426]]]},"properties":{"prop_id":62206,"state_cd":"8","ite_code":0,"ite_name":"Vacant/Agricultural","ite_unit":"N/A","units":1.0,"daily_trips":0.0,"am_peak_trips":0.0,"pm_peak_trips":0.0,"imprv_val":0.0,"acres":1.54,"city":"Reno","city_code":"CRE","fill_color":[80,80,80,100]}},{"type":"Feature","geometry":{"type":"Polygon","coordinates":[[[-97.56511281545623,32.96035646464169],[-97.56576181642127,32.96036085406347],[-97.5657366905792,32.964877954095165],[-97.5652766245228,32.96487829812126],[-97.56508950290686,32.964878437467014],[-97.56511281545623,32.96035646464169]]]},"properties":{"prop_id":22971,"state_cd":"8","ite_code":0,"ite_name":"Vacant/Agricultural","ite_unit":"N/A","units":1.0,"daily_trips":0.0,"am_peak_trips":0.0,"pm_peak_trips":0.0,"imprv_val":0.0,"acres":9.5,"city":"Reno","city_code":"CRE","fill_color":[80,80,80,100]}},{"type":"Feature","geometry":{"type":"Polygon","coordinates":[[[-97.5933909823021,32.936355563748],[-97.59307531605869,32.935704646095395],[-97.59328778778452,32.93564538121473],[-97.59367523896073,32.93604466176855],[-97.59359459491989,32.93616982573565],[-97.5933909823021,32.936355563748]]]},"properties":{"prop_id":94219,"state_cd":"S50","ite_code":210,"ite_name":"Single-Family Detached","ite_unit":"DU","units":1,"daily_trips":9.4,"am_peak_trips":0.7,"pm_peak_trips":0.9,"imprv_val":140580.0,"acres":0.5,"city":"Reno","city_code":"CRE","fill_color":[34,139,34,180]}},{"type":"Feature","geometry":{"type":"Polygon","coordinates":[[[-97.60775110187431,32.92814684733428],[-97.60830220858624,32.92815079362385],[-97.60831027444824,32.929134026765446],[-97.60830907719475,32.929777620120106],[-97.60776150210046,32.92978238568257],[-97.60775110187431,32.92814684733428]]]},"properties":{"prop_id":54170,"state_cd":"8","ite_code":210,"ite_name":"Single-Family Detached","ite_unit":"DU","units":2,"daily_trips":18.9,"am_peak_trips":1.4,"pm_peak_trips":1.9,"imprv_val":64350.0,"acres":2.25,"city":"Reno","city_code":"CRE","fill_color":[34,139,34,180]}},{"type":"Feature","geometry":{"type":"Polygon","coordinates":[[[-97.55063937735486,32.98883212723646],[-97.55284501011741,32.98749854658717],[-97.5528498775689,32.98752338569984],[-97.55285919356452,32.98754730537985],[-97.55287274047866,32.987569743034484],[-97.55289019864942,32.98759017136836],[-97.55291115802244,32.9876081101963],[-97.55293512552528,32.987623137321194],[-97.55296153672168,32.98763489944482],[-97.55235748657373,32.988940975018174],[-97.55202580224947,32.98893911134553],[-97.55164833111131,32.98893698953735],[-97.55127427446988,32.988934886261006],[-97.5506396748984,32.98893131456392],[-97.55063937735486,32.98883212723646]]]},"properties":{"prop_id":110229,"state_cd":"15A+","ite_code":210,"ite_name":"Single-Family Detached","ite_unit":"DU","units":3,"daily_trips":28.3,"am_peak_trips":2.1,"pm_peak_trips":2.8,"imprv_val":402340.0,"acres":3.78,"city":"Reno","city_code":"CRE","fill_color":[34,139,34,180]}},{"type":"Feature","geometry":{"type":"Polygon","coordinates":[[[-97.60353616450647,32.9242944381976],[-97.60393959053062,32.924295252367116],[-97.60398212272297,32.9242953382801],[-97.60398866507495,32.924766776449324],[-97.60393614956719,32.92484809216785],[-97.60387721221228,32.92493928634183],[-97.60374754298391,32.925008309531584],[-97.60352577850524,32.925014932988624],[-97.60353616450647,32.9242944381976]]]},"properties":{"prop_id":14311,"state_cd":"S70","ite_code":210,"ite_name":"Single-Family Detached","ite_unit":"DU","units":1,"daily_trips":9.4,"am_peak_trips":0.7,"pm_peak_trips":0.9,"imprv_val":141010.0,"acres":0.56,"city":"Reno","city_code":"CRE","fill_color":[34,139,34,180]}},{"type":"Feature","geometry":{"type":"Polygon","coordinates":[[[-97.56433152238716,32.93460002327837],[-97.56400513169245,32.93454870811292],[-97.56408519815507,32.933848174975424],[-97.56439241558769,32.93327320877034],[-97.5645357820237,32.93333020916965],[-97.564507244515,32.93397326691626],[-97.5644784006748,32.934623114931625],[-97.56433152238716,32.93460002327837]]]},"properties":{"prop_id":88888,"state_cd":"8","ite_code":210,"ite_name":"Single-Family Detached","ite_unit":"DU","units":2,"daily_trips":18.9,"am_peak_trips":1.4,"pm_peak_trips":1.9,"imprv_val":129930.0,"acres":1.132,"city":"Reno","city_code":"CRE","fill_color":[34,139,34,180]}},{"type":"Feature","geometry":{"type":"Polygon","coordinates":[[[-97.62038903639196,32.94427627170141],[-97.6207967207704,32.94399846372176],[-97.62139590175643,32.943001562640795],[-97.62150783944607,32.94300083421003],[-97.62158249088591,32.94300625119796],[-97.62157900877045,32.94414242711405],[-97.62059253877905,32.94455816031736],[-97.62058873304909,32.944514985393354],[-97.62057806862488,32.94447263502806],[-97.62056073892344,32.94443188164971],[-97.62053706175132,32.94439346519585],[-97.62050746546333,32.94435808670323],[-97.62047249021036,32.94432639028015],[-97.62043277307409,32.94429895218015],[-97.62038903639196,32.94427627170141]]]},"properties":{"prop_id":86499,"state_cd":"8","ite_code":210,"ite_name":"Single-Family Detached","ite_unit":"DU","units":2,"daily_trips":18.9,"am_peak_trips":1.4,"pm_peak_trips":1.9,"imprv_val":404600.0,"acres":2.213,"city":"Reno","city_code":"CRE","fill_color":[34,139,34,180]}},{"type":"Feature","geometry":{"type":"Polygon","coordinates":[[[-97.57679270785182,32.933694628787805],[-97.57420364225916,32.93269051342839],[-97.57309368670379,32.932768550670154],[-97.57292673177618,32.932787487751995],[-97.57243064718953,32.932843756979096],[-97.57195037104546,32.932653408058506],[-97.57163510713941,32.9323530169044],[-97.57155596947852,32.93184566339797],[-97.57090343029573,32.93156941976459],[-97.57049701139213,32.93139736499209],[-97.57028645664796,32.93134141305128],[-97.5697161435806,32.93118972954856],[-97.56956385619482,32.931149956647495],[-97.56946120798733,32.93112314850629],[-97.56870795293453,32.93043094300826],[-97.56865681743304,32.93039232558036],[-97.56832485721519,32.93056618364019],[-97.56807234667228,32.930546461010344],[-97.56775683019318,32.93052181670567],[-97.5671570891883,32.93047496952826],[-97.56678853758046,32.93044617937262],[-97.56617748525633,32.930398444606524],[-97.5661439126238,32.93039582109856],[-97.56604736946913,32.93038827130955],[-97.56524803142374,32.93003322556601],[-97.56501570414164,32.9298642825094],[-97.56463281497368,32.92958585115294],[-97.56470204113786,32.924512239946786],[-97.56470198248297,32.92443676210369],[-97.56470065735127,32.92273801124318],[-97.56469985376424,32.92170690729299],[-97.5646994445524,32.921181372330665],[-97.56471012851885,32.92118139934891],[-97.56480871038481,32.9211816453562],[-97.56965444137742,32.92119362041564],[-97.56964439458997,32.91825772528983],[-97.56964356682217,32.91801569045394],[-97.56964191514882,32.91753308717674],[-97.56964426689562,32.91753314171894],[-97.574919822313,32.91765541212672],[-97.57625577247536,32.91768634030861],[-97.57827553214858,32.91773307088796],[-97.57824471666446,32.91868780616618],[-97.57883314759029,32.91869196469749],[-97.57938052882643,32.91869583056655],[-97.57993096686887,32.91869971570858],[-97.58047920140561,32.9187035821501],[-97.58102573386627,32.91870743452177],[-97.58160876359955,32.91871154189081],[-97.5825815448452,32.918718388082624],[-97.58406634848036,32.918722594521405],[-97.58475825394626,32.91873722036048],[-97.58474850632045,32.92120185247789],[-97.58604949642088,32.921219322737144],[-97.58678710716002,32.92122922133954],[-97.58680393438269,32.92497241082463],[-97.59384237550233,32.924760443065686],[-97.59526408438042,32.92474291095071],[-97.59519181551133,32.928379746705026],[-97.59408565688592,32.928382693144705],[-97.5904456810964,32.92839232071908],[-97.59031865845184,32.92839265482791],[-97.58387912413411,32.92842942428697],[-97.5782182020094,32.9284238827746],[-97.57809525103038,32.934641664291895],[-97.57679270785182,32.933694628787805]]]},"properties":{"prop_id":59784,"state_cd":"8","ite_code":0,"ite_name":"Vacant/Agricultural","ite_unit":"N/A","units":1.0,"daily_trips":0.0,"am_peak_trips":0.0,"pm_peak_trips":0.0,"imprv_val":0.0,"acres":30.0,"city":"Reno","city_code":"CRE","fill_color":[80,80,80,100]}},{"type":"Feature","geometry":{"type":"Polygon","coordinates":[[[-97.61403123661191,32.942806652119195],[-97.61529861379594,32.94281284642183],[-97.61530040111862,32.94303246570416],[-97.6139766022626,32.943027263530155],[-97.61403123661191,32.942806652119195]]]},"properties":{"prop_id":48507,"state_cd":"8","ite_code":210,"ite_name":"Single-Family Detached","ite_unit":"DU","units":1,"daily_trips":9.4,"am_peak_trips":0.7,"pm_peak_trips":0.9,"imprv_val":109650.0,"acres":0.63,"city":"Reno","city_code":"CRE","fill_color":[34,139,34,180]}},{"type":"Feature","geometry":{"type":"Polygon","coordinates":[[[-97.60999658345555,32.92833329896147],[-97.60999671498682,32.92833329899942],[-97.6099934140343,32.92846687291004],[-97.6099898745122,32.928610142520654],[-97.60842461899189,32.928605093333566],[-97.60843313678402,32.928328255555506],[-97.60999658345555,32.92833329896147]]]},"properties":{"prop_id":28985,"state_cd":"S80","ite_code":210,"ite_name":"Single-Family Detached","ite_unit":"DU","units":2,"daily_trips":18.9,"am_peak_trips":1.4,"pm_peak_trips":1.9,"imprv_val":34780.0,"acres":1.11,"city":"Reno","city_code":"CRE","fill_color":[34,139,34,180]}},{"type":"Feature","geometry":{"type":"Polygon","coordinates":[[[-97.60844166263718,32.92805114276654],[-97.61000356351902,32.928056181369115],[-97.60999671498682,32.92833329899942],[-97.60999658345555,32.92833329896147],[-97.60843313678402,32.928328255555506],[-97.60844166263718,32.92805114276654]]]},"properties":{"prop_id":28987,"state_cd":"S80","ite_code":210,"ite_name":"Single-Family Detached","ite_unit":"DU","units":2,"daily_trips":18.9,"am_peak_trips":1.4,"pm_peak_trips":1.9,"imprv_val":57960.0,"acres":1.11,"city":"Reno","city_code":"CRE","fill_color":[34,139,34,180]}},{"type":"Feature","geometry":{"type":"Polygon","coordinates":[[[-97.54891289543464,32.931881931907824],[-97.5487359086045,32.93187937474573],[-97.54867781116386,32.93187853517389],[-97.54867922605486,32.931847259452624],[-97.54869844810557,32.93132846040523],[-97.5495597661497,32.931342675408665],[-97.54954284273953,32.931856916167675],[-97.54954279006279,32.9318910313521],[-97.54891289543464,32.931881931907824]]]},"properties":{"prop_id":55001,"state_cd":"15A+","ite_code":210,"ite_name":"Single-Family Detached","ite_unit":"DU","units":2,"daily_trips":18.9,"am_peak_trips":1.4,"pm_peak_trips":1.9,"imprv_val":152890.0,"acres":1.19,"city":"Reno","city_code":"CRE","fill_color":[34,139,34,180]}},{"type":"Feature","geometry":{"type":"Polygon","coordinates":[[[-97.55812149626456,32.96833175114328],[-97.55812745841347,32.96764356133016],[-97.55872355280768,32.96766120028436],[-97.55871746256044,32.96834919522794],[-97.55871746162106,32.968349283600354],[-97.55870039747315,32.96834878315787],[-97.55829765590802,32.96833696389101],[-97.55812149581378,32.96833179352595],[-97.55812149626456,32.96833175114328]]]},"properties":{"prop_id":115954,"state_cd":"S85","ite_code":0,"ite_name":"Vacant/Agricultural","ite_unit":"N/A","units":1.0,"daily_trips":0.0,"am_peak_trips":0.0,"pm_peak_trips":0.0,"imprv_val":0.0,"acres":1.048,"city":"Reno","city_code":"CRE","fill_color":[80,80,80,100]}},{"type":"Feature","geometry":{"type":"Polygon","coordinates":[[[-97.56564180679668,32.953378701142825],[-97.56566035561704,32.95336919963862],[-97.56564435768773,32.95392432930527],[-97.56562035008261,32.95475744570629],[-97.56417211061624,32.954732260579995],[-97.56418740539262,32.95467036630765],[-97.56419144975922,32.95412025592259],[-97.56419619373787,32.95411783044877],[-97.56564180679668,32.953378701142825]]]},"properties":{"prop_id":51951,"state_cd":"8","ite_code":210,"ite_name":"Single-Family Detached","ite_unit":"DU","units":3,"daily_trips":28.3,"am_peak_trips":2.1,"pm_peak_trips":2.8,"imprv_val":87740.0,"acres":3.796,"city":"Reno","city_code":"CRE","fill_color":[34,139,34,180]}},{"type":"Feature","geometry":{"type":"Polygon","coordinates":[[[-97.60842461899189,32.928605093333566],[-97.6099898745122,32.928610142520654],[-97.60998303996577,32.92888671101579],[-97.60841611033027,32.92888165610832],[-97.60842461899189,32.928605093333566]]]},"properties":{"prop_id":28984,"state_cd":"S80","ite_code":0,"ite_name":"Vacant/Agricultural","ite_unit":"N/A","units":1.0,"daily_trips":0.0,"am_peak_trips":0.0,"pm_peak_trips":0.0,"imprv_val":4520.0,"acres":1.11,"city":"Reno","city_code":"CRE","fill_color":[80,80,80,100]}},{"type":"Feature","geometry":{"type":"Polygon","coordinates":[[[-97.61284255238748,32.93999836789829],[-97.61323375487687,32.94019777208104],[-97.6132767757587,32.94111094056637],[-97.61357529071036,32.94189531395261],[-97.61282398668627,32.94244112554649],[-97.61277062342853,32.942535303408114],[-97.61275526575848,32.94296521495703],[-97.61276233206442,32.94366900895184],[-97.61250596358555,32.943675841467424],[-97.61250870426679,32.943060600439516],[-97.61277904550172,32.94238052172357],[-97.61284255238748,32.93999836789829]]]},"properties":{"prop_id":48446,"state_cd":"8","ite_code":210,"ite_name":"Single-Family Detached","ite_unit":"DU","units":1,"daily_trips":9.4,"am_peak_trips":0.7,"pm_peak_trips":0.9,"imprv_val":173870.0,"acres":0.93,"city":"Reno","city_code":"CRE","fill_color":[34,139,34,180]}},{"type":"Feature","geometry":{"type":"Polygon","coordinates":[[[-97.54373003840168,32.962410753339555],[-97.54918487609376,32.962414614752156],[-97.54919228202668,32.963165115601754],[-97.5510673735173,32.963180304771996],[-97.55107218229521,32.96484568063725],[-97.55081974398736,32.9648441594504],[-97.54373685568866,32.964801284306844],[-97.54373003840168,32.962410753339555]]]},"properties":{"prop_id":53925,"state_cd":"15A+","ite_code":0,"ite_name":"Vacant/Agricultural","ite_unit":"N/A","units":1.0,"daily_trips":0.0,"am_peak_trips":0.0,"pm_peak_trips":0.0,"imprv_val":0.0,"acres":95.622,"city":"Reno","city_code":"CRE","fill_color":[80,80,80,100]}},{"type":"Feature","geometry":{"type":"Polygon","coordinates":[[[-97.57821181408512,32.9547874161976],[-97.57820751031733,32.954548296961256],[-97.5781583760858,32.95372186517424],[-97.5781233898615,32.95349397216677],[-97.57798815030878,32.95310928609146],[-97.57789956467334,32.95288646507604],[-97.57901269113819,32.95288536286569],[-97.57899887468298,32.954873285519135],[-97.57821181408512,32.9547874161976]]]},"properties":{"prop_id":62489,"state_cd":"8","ite_code":210,"ite_name":"Single-Family Detached","ite_unit":"DU","units":2,"daily_trips":18.9,"am_peak_trips":1.4,"pm_peak_trips":1.9,"imprv_val":259030.0,"acres":1.0,"city":"Reno","city_code":"CRE","fill_color":[34,139,34,180]}},{"type":"Feature","geometry":{"type":"Polygon","coordinates":[[[-97.55694933938739,32.95917134217192],[-97.55790266918859,32.959118945810445],[-97.55810012233763,32.960233633149244],[-97.55698100086512,32.96022134252181],[-97.55698135602638,32.96017502887029],[-97.55694933938739,32.95917134217192]]]},"properties":{"prop_id":49995,"state_cd":"15A+","ite_code":0,"ite_name":"Vacant/Agricultural","ite_unit":"N/A","units":1.0,"daily_trips":0.0,"am_peak_trips":0.0,"pm_peak_trips":0.0,"imprv_val":0.0,"acres":2.911,"city":"Reno","city_code":"CRE","fill_color":[80,80,80,100]}},{"type":"Feature","geometry":{"type":"Polygon","coordinates":[[[-97.55258303048188,32.94952995244957],[-97.55248430329276,32.949530636515235],[-97.54816586195312,32.94953597878513],[-97.5481661952164,32.949504370212516],[-97.54817015959071,32.94913059170698],[-97.54817761925524,32.94842717408175],[-97.54818188195522,32.94802522718009],[-97.54819155072782,32.94711332924539],[-97.5481938715712,32.946894367852366],[-97.55032336410397,32.94690650439207],[-97.55271346979633,32.94689870505323],[-97.55271576560938,32.94774245033383],[-97.55272853090902,32.94856938646222],[-97.55272038579531,32.94859599088619],[-97.55271567113245,32.948623176019495],[-97.55271528307674,32.94865035887606],[-97.55271513964817,32.94865096832765],[-97.55270793429615,32.94886803024519],[-97.552701583779,32.94897485928993],[-97.55262584271223,32.94928890014557],[-97.55259632381262,32.94952934829568],[-97.55258303048188,32.94952995244957]]]},"properties":{"prop_id":49570,"state_cd":"15A+","ite_code":210,"ite_name":"Single-Family Detached","ite_unit":"DU","units":2,"daily_trips":18.9,"am_peak_trips":1.4,"pm_peak_trips":1.9,"imprv_val":339210.0,"acres":1.0,"city":"Reno","city_code":"CRE","fill_color":[34,139,34,180]}},{"type":"Feature","geometry":{"type":"Polygon","coordinates":[[[-97.59765952765554,32.92334461491347],[-97.5976595253847,32.92334452290993],[-97.59795116643457,32.92336319658292],[-97.60004716386347,32.923497380292226],[-97.60011892355321,32.9244463971419],[-97.59998282066297,32.92444063137353],[-97.5986565135669,32.92436539922841],[-97.5978306577089,32.92431400497071],[-97.5976859249644,32.924304643504826],[-97.59765952765554,32.92334461491347]]]},"properties":{"prop_id":54155,"state_cd":"8","ite_code":210,"ite_name":"Single-Family Detached","ite_unit":"DU","units":4,"daily_trips":37.8,"am_peak_trips":2.8,"pm_peak_trips":3.8,"imprv_val":349860.0,"acres":5.05,"city":"Reno","city_code":"CRE","fill_color":[34,139,34,180]}},{"type":"Feature","geometry":{"type":"Polygon","coordinates":[[[-97.6034495603471,32.95435469960599],[-97.60346381311834,32.9527671605848],[-97.60355430166851,32.95237859516633],[-97.60361379978606,32.95237936500977],[-97.60457774192298,32.952391835921176],[-97.60458534631613,32.954400179921215],[-97.6034495603471,32.95435469960599]]]},"properties":{"prop_id":55312,"state_cd":"8","ite_code":0,"ite_name":"Vacant/Agricultural","ite_unit":"N/A","units":1.0,"daily_trips":0.0,"am_peak_trips":0.0,"pm_peak_trips":0.0,"imprv_val":0.0,"acres":5.94,"city":"Reno","city_code":"CRE","fill_color":[80,80,80,100]}},{"type":"Feature","geometry":{"type":"Polygon","coordinates":[[[-97.57400647077435,32.94911583707862],[-97.57460755792748,32.949116874143996],[-97.57460472979365,32.94939913136077],[-97.57460188260558,32.94968331293721],[-97.5745964632503,32.95022432460986],[-97.57459369300837,32.950500829424975],[-97.57403531984328,32.95049651149277],[-97.57400647077435,32.94911583707862]]]},"properties":{"prop_id":67730,"state_cd":"8","ite_code":210,"ite_name":"Single-Family Detached","ite_unit":"DU","units":2,"daily_trips":18.9,"am_peak_trips":1.4,"pm_peak_trips":1.9,"imprv_val":157640.0,"acres":2.009,"city":"Reno","city_code":"CRE","fill_color":[34,139,34,180]}},{"type":"Feature","geometry":{"type":"Polygon","coordinates":[[[-97.59784556629037,32.95407575597345],[-97.59768950613893,32.954068926390406],[-97.59764336906916,32.954070592540255],[-97.59759725348655,32.9540685748504],[-97.5975515689143,32.954062889814246],[-97.59749589292089,32.95405076186128],[-97.59744229618646,32.954033195574254],[-97.59739152180127,32.95401043442206],[-97.59734427680287,32.953982795563334],[-97.59730121727543,32.95395066252405],[-97.59726294089845,32.953914481535655],[-97.5972322247166,32.953877803389986],[-97.59720643206171,32.953838521250916],[-97.59718587264652,32.95379710271021],[-97.59717387640151,32.95377883217694],[-97.59678316251022,32.95271350769267],[-97.59668564097625,32.952366540947956],[-97.59661860565818,32.95228475037474],[-97.59673354400925,32.952283613153135],[-97.59756797906105,32.95227535190666],[-97.59818081086561,32.95226928078245],[-97.59927014178682,32.95225848247013],[-97.60049958323035,32.95224628371097],[-97.60101942912073,32.952221502429886],[-97.60101394927268,32.95426889321408],[-97.60085075853341,32.954202175191924],[-97.60024703078624,32.95415420463226],[-97.59784556629037,32.95407575597345]]]},"properties":{"prop_id":50138,"state_cd":"8","ite_code":0,"ite_name":"Vacant/Agricultural","ite_unit":"N/A","units":1.0,"daily_trips":0.0,"am_peak_trips":0.0,"pm_peak_trips":0.0,"imprv_val":0.0,"acres":20.0,"city":"Reno","city_code":"CRE","fill_color":[80,80,80,100]}},{"type":"Feature","geometry":{"type":"Polygon","coordinates":[[[-97.55369987378519,32.94063929409454],[-97.55559169615647,32.94062075866475],[-97.55559573875362,32.9409529199483],[-97.55559965545922,32.94145860149358],[-97.55369878850095,32.94147142028323],[-97.55369987378519,32.94063929409454]]]},"properties":{"prop_id":65641,"state_cd":"8","ite_code":210,"ite_name":"Single-Family Detached","ite_unit":"DU","units":3,"daily_trips":28.3,"am_peak_trips":2.1,"pm_peak_trips":2.8,"imprv_val":244060.0,"acres":4.0,"city":"Reno","city_code":"CRE","fill_color":[34,139,34,180]}},{"type":"Feature","geometry":{"type":"Polygon","coordinates":[[[-97.59263456772051,32.93480534540583],[-97.59293005631308,32.9346748403362],[-97.59343217186239,32.93532492940662],[-97.59390282391787,32.93550053514453],[-97.59381149947079,32.93578079998656],[-97.59373175780802,32.935956939505715],[-97.59367523896073,32.93604466176855],[-97.59359459491989,32.93616982573565],[-97.5933909823021,32.936355563748],[-97.59310939460518,32.93577417931754],[-97.59307531605869,32.935704646095395],[-97.59263456772051,32.93480534540583]]]},"properties":{"prop_id":94219,"state_cd":"S50","ite_code":210,"ite_name":"Single-Family Detached","ite_unit":"DU","units":1,"daily_trips":9.4,"am_peak_trips":0.7,"pm_peak_trips":0.9,"imprv_val":140580.0,"acres":0.5,"city":"Reno","city_code":"CRE","fill_color":[34,139,34,180]}},{"type":"Feature","geometry":{"type":"Polygon","coordinates":[[[-97.56737110177738,32.9368644543594],[-97.56782538299605,32.9368644103149],[-97.56782537551115,32.936864715079054],[-97.56782537042412,32.936864893604245],[-97.56788539592434,32.93686474933325],[-97.56788192608218,32.937028635466696],[-97.56787949217293,32.93714356783206],[-97.56645225342155,32.93713618237624],[-97.56646778368615,32.9368732966204],[-97.56737110177738,32.9368644543594]]]},"properties":{"prop_id":41791,"state_cd":"8","ite_code":210,"ite_name":"Single-Family Detached","ite_unit":"DU","units":2,"daily_trips":18.9,"am_peak_trips":1.4,"pm_peak_trips":1.9,"imprv_val":111080.0,"acres":1.0,"city":"Reno","city_code":"CRE","fill_color":[34,139,34,180]}},{"type":"Feature","geometry":{"type":"Polygon","coordinates":[[[-97.60285355590574,32.92429304252703],[-97.6031919922273,32.924293748137934],[-97.60318569646458,32.9250251565987],[-97.60312091418852,32.925027108881046],[-97.60284597905793,32.92502512896097],[-97.60285355590574,32.92429304252703]]]},"properties":{"prop_id":14313,"state_cd":"S70","ite_code":210,"ite_name":"Single-Family Detached","ite_unit":"DU","units":1,"daily_trips":9.4,"am_peak_trips":0.7,"pm_peak_trips":0.9,"imprv_val":100460.0,"acres":0.55,"city":"Reno","city_code":"CRE","fill_color":[34,139,34,180]}},{"type":"Feature","geometry":{"type":"Polygon","coordinates":[[[-97.56103658904537,32.93800151483966],[-97.56103662434508,32.93800151420391],[-97.56101599952181,32.93869272728976],[-97.56048259886353,32.93869241686765],[-97.56049674495391,32.93800611507442],[-97.56103658904537,32.93800151483966]]]},"properties":{"prop_id":65635,"state_cd":"8","ite_code":0,"ite_name":"Vacant/Agricultural","ite_unit":"N/A","units":1.0,"daily_trips":0.0,"am_peak_trips":0.0,"pm_peak_trips":0.0,"imprv_val":0.0,"acres":0.99,"city":"Reno","city_code":"CRE","fill_color":[80,80,80,100]}},{"type":"Feature","geometry":{"type":"Polygon","coordinates":[[[-97.57360666748681,32.95914735998294],[-97.57356350452731,32.960170795839254],[-97.5728177588564,32.96018837854861],[-97.5728374497248,32.95975380695189],[-97.57285984167919,32.957645046716834],[-97.57366515490902,32.9576513724195],[-97.57364850426828,32.958077268666116],[-97.57360666748681,32.95914735998294]]]},"properties":{"prop_id":91542,"state_cd":"8","ite_code":210,"ite_name":"Single-Family Detached","ite_unit":"DU","units":2,"daily_trips":18.9,"am_peak_trips":1.4,"pm_peak_trips":1.9,"imprv_val":930990.0,"acres":1.0,"city":"Reno","city_code":"CRE","fill_color":[34,139,34,180]}},{"type":"Feature","geometry":{"type":"Polygon","coordinates":[[[-97.57752250636773,32.94482824494588],[-97.5775113465866,32.9452097649274],[-97.57688805180248,32.94519631400632],[-97.57688845021778,32.94481684175181],[-97.57752250636773,32.94482824494588]]]},"properties":{"prop_id":67717,"state_cd":"8","ite_code":210,"ite_name":"Single-Family Detached","ite_unit":"DU","units":3,"daily_trips":28.3,"am_peak_trips":2.1,"pm_peak_trips":2.8,"imprv_val":164190.0,"acres":1.94,"city":"Reno","city_code":"CRE","fill_color":[34,139,34,180]}},{"type":"Feature","geometry":{"type":"Polygon","coordinates":[[[-97.55543515535983,32.93634653479417],[-97.55724184539635,32.93541910776861],[-97.55752923993848,32.93571178803492],[-97.55757725748205,32.93575571718228],[-97.55673723355889,32.93675512110447],[-97.55620901054871,32.93698281738801],[-97.55594282056867,32.93684949678931],[-97.55529433192709,32.9365244967234],[-97.55520204578102,32.93647824512567],[-97.55520376836989,32.936477272483195],[-97.55543515535983,32.93634653479417]]]},"properties":{"prop_id":65663,"state_cd":"8","ite_code":0,"ite_name":"Vacant/Agricultural","ite_unit":"N/A","units":1.0,"daily_trips":0.0,"am_peak_trips":0.0,"pm_peak_trips":0.0,"imprv_val":0.0,"acres":6.72,"city":"Reno","city_code":"CRE","fill_color":[80,80,80,100]}},{"type":"Feature","geometry":{"type":"Polygon","coordinates":[[[-97.56924673382542,32.9747949939869],[-97.57027567032587,32.97498248707465],[-97.57027624915429,32.97518047738519],[-97.56935984675125,32.9752761796087],[-97.56934050938902,32.97525555825673],[-97.56931757858857,32.97523774361857],[-97.56929161891244,32.97522317729586],[-97.5692632738925,32.9752122185118],[-97.56923324148072,32.97520513851714],[-97.56920226345511,32.975202110590914],[-97.56917110616301,32.97520320989701],[-97.5690447254006,32.975040011351325],[-97.5690949549173,32.974997316926505],[-97.56914059710567,32.974951107154666],[-97.56918130592022,32.97490173117014],[-97.56921677465549,32.974849561848515],[-97.56924673382542,32.9747949939869]]]},"properties":{"prop_id":106213,"state_cd":"S80","ite_code":210,"ite_name":"Single-Family Detached","ite_unit":"DU","units":2,"daily_trips":18.9,"am_peak_trips":1.4,"pm_peak_trips":1.9,"imprv_val":485510.0,"acres":1.008,"city":"Reno","city_code":"CRE","fill_color":[34,139,34,180]}},{"type":"Feature","geometry":{"type":"Polygon","coordinates":[[[-97.54901836724214,32.943428298122946],[-97.54903897142857,32.94342826420521],[-97.54903909550049,32.943428363452355],[-97.54994806802992,32.94415341899671],[-97.54993350335717,32.94416144158609],[-97.54992070855955,32.94417138144496],[-97.5499100352446,32.94418296529366],[-97.54990177560377,32.944195875209324],[-97.54989615802828,32.94420975851269],[-97.54989333421726,32.944224233081044],[-97.54989338330076,32.94423890180857],[-97.5480073442471,32.94424366234024],[-97.54800984888456,32.94342994347816],[-97.5485164472207,32.943429117590384],[-97.54901836724214,32.943428298122946]]]},"properties":{"prop_id":118586,"state_cd":"15A+","ite_code":0,"ite_name":"Vacant/Agricultural","ite_unit":"N/A","units":1.0,"daily_trips":0.0,"am_peak_trips":0.0,"pm_peak_trips":0.0,"imprv_val":0.0,"acres":3.175,"city":"Reno","city_code":"CRE","fill_color":[80,80,80,100]}},{"type":"Feature","geometry":{"type":"Polygon","coordinates":[[[-97.56456373060435,32.97352040658232],[-97.56456254911983,32.97347020181188],[-97.5653525398465,32.97345896781928],[-97.565362405009,32.97395032310336],[-97.56457424047346,32.9739670314824],[-97.56456373060435,32.97352040658232]]]},"properties":{"prop_id":106261,"state_cd":"S80","ite_code":210,"ite_name":"Single-Family Detached","ite_unit":"DU","units":2,"daily_trips":18.9,"am_peak_trips":1.4,"pm_peak_trips":1.9,"imprv_val":439520.0,"acres":1.0,"city":"Reno","city_code":"CRE","fill_color":[34,139,34,180]}},{"type":"Feature","geometry":{"type":"Polygon","coordinates":[[[-97.61487232248155,32.93893303854781],[-97.61484094792692,32.938904995043416],[-97.61480505384525,32.938881113834846],[-97.61476541156472,32.93886190722813],[-97.61472286829738,32.93884778526049],[-97.61467833542054,32.938839051107976],[-97.61463276823997,32.93883589282587],[-97.614745888664,32.93828105594011],[-97.61578074094163,32.93818359708276],[-97.61487232248155,32.93893303854781]]]},"properties":{"prop_id":111536,"state_cd":"S85","ite_code":0,"ite_name":"Vacant/Agricultural","ite_unit":"N/A","units":1.0,"daily_trips":0.0,"am_peak_trips":0.0,"pm_peak_trips":0.0,"imprv_val":0.0,"acres":1.06,"city":"Reno","city_code":"CRE","fill_color":[80,80,80,100]}},{"type":"Feature","geometry":{"type":"Polygon","coordinates":[[[-97.60106905948807,32.95736952152316],[-97.6010896500581,32.95657310791604],[-97.60112329390063,32.95457811346289],[-97.60110966542665,32.95437804238174],[-97.60101394927268,32.95426889321408],[-97.6034495603471,32.95435469960599],[-97.60458534631613,32.954400179921215],[-97.60568356310112,32.95447563212303],[-97.6069752490958,32.954564363715996],[-97.6068933744783,32.95541205070564],[-97.60746038299544,32.95540674074919],[-97.60747468925085,32.95603881935736],[-97.60747561181076,32.95607953185293],[-97.60750447738309,32.95735313917605],[-97.60751693930675,32.957547844149836],[-97.60458981738367,32.95746693343548],[-97.60106905948807,32.95736952152316]]]},"properties":{"prop_id":85479,"state_cd":"8","ite_code":0,"ite_name":"Vacant/Agricultural","ite_unit":"N/A","units":1.0,"daily_trips":0.0,"am_peak_trips":0.0,"pm_peak_trips":0.0,"imprv_val":0.0,"acres":49.0,"city":"Reno","city_code":"CRE","fill_color":[80,80,80,100]}},{"type":"Feature","geometry":{"type":"Polygon","coordinates":[[[-97.61519300634977,32.940194313285815],[-97.6156001216305,32.93983722916097],[-97.61560017037394,32.93983727459858],[-97.61590230610477,32.94011936723946],[-97.61548816524407,32.94047130080221],[-97.61519300634977,32.940194313285815]]]},"properties":{"prop_id":48472,"state_cd":"8","ite_code":210,"ite_name":"Single-Family Detached","ite_unit":"DU","units":1,"daily_trips":9.4,"am_peak_trips":0.7,"pm_peak_trips":0.9,"imprv_val":68600.0,"acres":0.554,"city":"Reno","city_code":"CRE","fill_color":[34,139,34,180]}},{"type":"Feature","geometry":{"type":"Polygon","coordinates":[[[-97.5656735448699,32.960250410388795],[-97.56570268046774,32.95526344663837],[-97.56705775083985,32.955383104812626],[-97.5673923877788,32.95541099195538],[-97.56740505163233,32.953920144187826],[-97.56564435768773,32.95392432930527],[-97.56566035561704,32.95336919963862],[-97.56565641497625,32.953000016405646],[-97.56661910009696,32.95297699310469],[-97.56998133135944,32.95296651261699],[-97.56996647942124,32.95381929752072],[-97.56998173405147,32.95494085386785],[-97.56998886194333,32.95546491058834],[-97.57001841696542,32.957637677082204],[-97.57001923211946,32.95769757475115],[-97.57002393628066,32.95896306985758],[-97.56978062553357,32.9589608578551],[-97.56851957964778,32.95904263634605],[-97.56700290016245,32.95905130580173],[-97.56700403808193,32.95941556350546],[-97.56700406518611,32.95942426188116],[-97.56699576366239,32.9602469782862],[-97.5656735448699,32.960250410388795]]]},"properties":{"prop_id":97160,"state_cd":"8","ite_code":0,"ite_name":"Vacant/Agricultural","ite_unit":"N/A","units":1.0,"daily_trips":0.0,"am_peak_trips":0.0,"pm_peak_trips":0.0,"imprv_val":7840.0,"acres":64.484,"city":"Reno","city_code":"CRE","fill_color":[80,80,80,100]}},{"type":"Feature","geometry":{"type":"Polygon","coordinates":[[[-97.55874315976743,32.96603780896925],[-97.55676605103511,32.96598870948283],[-97.55681045629647,32.964836597574916],[-97.55785878284003,32.96484655943125],[-97.55852672946041,32.964852901618166],[-97.55917995388984,32.96485910021915],[-97.55983655972787,32.964865328120766],[-97.56050903788196,32.96487170288661],[-97.56116566637102,32.964877923954795],[-97.56149720954733,32.96488106337039],[-97.56145093694086,32.965496215259456],[-97.56140731729761,32.96607609838244],[-97.56079056695701,32.96607302719403],[-97.55874315976743,32.96603780896925]]]},"properties":{"prop_id":61228,"state_cd":"8","ite_code":210,"ite_name":"Single-Family Detached","ite_unit":"DU","units":2,"daily_trips":18.9,"am_peak_trips":1.4,"pm_peak_trips":1.9,"imprv_val":97030.0,"acres":1.0,"city":"Reno","city_code":"CRE","fill_color":[34,139,34,180]}},{"type":"Feature","geometry":{"type":"Polygon","coordinates":[[[-97.57363715294598,32.96219149307055],[-97.57453349784824,32.96229838720312],[-97.57451826329998,32.963532605199646],[-97.57393782453356,32.963531282687384],[-97.57363234228296,32.96353058496584],[-97.57363715294598,32.96219149307055]]]},"properties":{"prop_id":22955,"state_cd":"8","ite_code":210,"ite_name":"Single-Family Detached","ite_unit":"DU","units":2,"daily_trips":18.9,"am_peak_trips":1.4,"pm_peak_trips":1.9,"imprv_val":229070.0,"acres":1.0,"city":"Reno","city_code":"CRE","fill_color":[34,139,34,180]}},{"type":"Feature","geometry":{"type":"Polygon","coordinates":[[[-97.56453958620736,32.97249436659535],[-97.56455095306376,32.97297742835418],[-97.56455165530936,32.973007267993914],[-97.56380216031133,32.973019093279284],[-97.56379478665558,32.97250643266595],[-97.56453958620736,32.97249436659535]]]},"properties":{"prop_id":106254,"state_cd":"S80","ite_code":210,"ite_name":"Single-Family Detached","ite_unit":"DU","units":2,"daily_trips":18.9,"am_peak_trips":1.4,"pm_peak_trips":1.9,"imprv_val":218080.0,"acres":1.0,"city":"Reno","city_code":"CRE","fill_color":[34,139,34,180]}},{"type":"Feature","geometry":{"type":"Polygon","coordinates":[[[-97.5654523675019,32.93592175061197],[-97.56545444141999,32.935689987312365],[-97.56545655096505,32.93545413625426],[-97.56627905746477,32.93545819442758],[-97.56627034255804,32.93594125120831],[-97.5654523675019,32.93592175061197]]]},"properties":{"prop_id":41785,"state_cd":"8","ite_code":210,"ite_name":"Single-Family Detached","ite_unit":"DU","units":2,"daily_trips":18.9,"am_peak_trips":1.4,"pm_peak_trips":1.9,"imprv_val":191360.0,"acres":1.0,"city":"Reno","city_code":"CRE","fill_color":[34,139,34,180]}},{"type":"Feature","geometry":{"type":"Polygon","coordinates":[[[-97.58737786922502,32.96313999653056],[-97.58740187188768,32.96219999428142],[-97.58744735825455,32.96041854107306],[-97.58779905437781,32.96042019444004],[-97.58800740316967,32.96042117204243],[-97.58871586164994,32.960424490929604],[-97.58890947853395,32.96042539896883],[-97.5889042840532,32.96127314659604],[-97.58890420165949,32.961288642146364],[-97.58889036125862,32.96388118311499],[-97.58889021470968,32.963908632851194],[-97.58888584806704,32.96472651843019],[-97.58888560878884,32.96477150717765],[-97.58888546071826,32.96479920851001],[-97.58733512279206,32.96481403683499],[-97.58737786922502,32.96313999653056]]]},"properties":{"prop_id":62477,"state_cd":"8","ite_code":0,"ite_name":"Vacant/Agricultural","ite_unit":"N/A","units":1.0,"daily_trips":0.0,"am_peak_trips":0.0,"pm_peak_trips":0.0,"imprv_val":0.0,"acres":16.362,"city":"Reno","city_code":"CRE","fill_color":[80,80,80,100]}},{"type":"Feature","geometry":{"type":"Polygon","coordinates":[[[-97.59040572362186,32.93527836114122],[-97.59015971622297,32.935292525313955],[-97.58943831623478,32.935334056022015],[-97.58847091191814,32.93538974251966],[-97.58716713528817,32.93538013726885],[-97.58716935835173,32.93516574802911],[-97.58738250892887,32.934850573119135],[-97.5904139859186,32.9346151239023],[-97.59040572362186,32.93527836114122]]]},"properties":{"prop_id":83661,"state_cd":"8","ite_code":210,"ite_name":"Single-Family Detached","ite_unit":"DU","units":4,"daily_trips":37.8,"am_peak_trips":2.8,"pm_peak_trips":3.8,"imprv_val":357260.0,"acres":5.01,"city":"Reno","city_code":"CRE","fill_color":[34,139,34,180]}},{"type":"Feature","geometry":{"type":"Polygon","coordinates":[[[-97.61612915433116,32.95024424348007],[-97.61614541415959,32.94816111736329],[-97.61708545204802,32.94816248857515],[-97.61706230451183,32.95025194809773],[-97.61612915433116,32.95024424348007]]]},"properties":{"prop_id":127086,"state_cd":"8","ite_code":0,"ite_name":"Vacant/Agricultural","ite_unit":"N/A","units":1.0,"daily_trips":0.0,"am_peak_trips":0.0,"pm_peak_trips":0.0,"imprv_val":0.0,"acres":4.0,"city":"Reno","city_code":"CRE","fill_color":[80,80,80,100]}},{"type":"Feature","geometry":{"type":"Polygon","coordinates":[[[-97.57243961819727,32.96976696131119],[-97.57387995552608,32.96975789512358],[-97.57387876553483,32.97004424904011],[-97.57243789803816,32.97005496886699],[-97.57243961819727,32.96976696131119]]]},"properties":{"prop_id":66870,"state_cd":"8","ite_code":210,"ite_name":"Single-Family Detached","ite_unit":"DU","units":2,"daily_trips":18.9,"am_peak_trips":1.4,"pm_peak_trips":1.9,"imprv_val":134990.0,"acres":1.08,"city":"Reno","city_code":"CRE","fill_color":[34,139,34,180]}},{"type":"Feature","geometry":{"type":"Polygon","coordinates":[[[-97.55351473719566,32.98549426984699],[-97.55431990804668,32.98549816356988],[-97.55431518114395,32.98598527736861],[-97.55346989061857,32.98598164715399],[-97.5534920765177,32.985912059065576],[-97.55350627828274,32.98584100349163],[-97.55351236592483,32.98576913056908],[-97.55351473719566,32.98549426984699]]]},"properties":{"prop_id":110218,"state_cd":"15A+","ite_code":210,"ite_name":"Single-Family Detached","ite_unit":"DU","units":2,"daily_trips":18.9,"am_peak_trips":1.4,"pm_peak_trips":1.9,"imprv_val":454900.0,"acres":1.007,"city":"Reno","city_code":"CRE","fill_color":[34,139,34,180]}},{"type":"Feature","geometry":{"type":"Polygon","coordinates":[[[-97.56280295454437,32.95314287348698],[-97.5642118474968,32.95313367730898],[-97.56419619373787,32.95411783044877],[-97.56418740539262,32.95467036630765],[-97.56138097638237,32.95447274161671],[-97.56138774673457,32.95313331025735],[-97.56280295454437,32.95314287348698]]]},"properties":{"prop_id":51961,"state_cd":"8","ite_code":0,"ite_name":"Vacant/Agricultural","ite_unit":"N/A","units":1.0,"daily_trips":0.0,"am_peak_trips":0.0,"pm_peak_trips":0.0,"imprv_val":0.0,"acres":9.31,"city":"Reno","city_code":"CRE","fill_color":[80,80,80,100]}},{"type":"Feature","geometry":{"type":"Polygon","coordinates":[[[-97.554561216765,32.931219897797746],[-97.55484293703289,32.93053528348884],[-97.55490729400924,32.930597657606434],[-97.55536457273155,32.93078038595081],[-97.55511643051625,32.93138340992411],[-97.554561216765,32.931219897797746]]]},"properties":{"prop_id":101654,"state_cd":"S80","ite_code":210,"ite_name":"Single-Family Detached","ite_unit":"DU","units":2,"daily_trips":18.9,"am_peak_trips":1.4,"pm_peak_trips":1.9,"imprv_val":44767.0,"acres":1.0,"city":"Reno","city_code":"CRE","fill_color":[34,139,34,180]}},{"type":"Feature","geometry":{"type":"Polygon","coordinates":[[[-97.6077365351215,32.92374014462647],[-97.60838567663541,32.92374480649188],[-97.60838248418358,32.9239220957935],[-97.6077337983602,32.923929817553365],[-97.6077338205686,32.92392824942426],[-97.6077365351215,32.92374014462647]]]},"properties":{"prop_id":72168,"state_cd":"8","ite_code":0,"ite_name":"Vacant/Agricultural","ite_unit":"N/A","units":1.0,"daily_trips":0.0,"am_peak_trips":0.0,"pm_peak_trips":0.0,"imprv_val":0.0,"acres":0.31,"city":"Reno","city_code":"CRE","fill_color":[80,80,80,100]}},{"type":"Feature","geometry":{"type":"Polygon","coordinates":[[[-97.59548193165442,32.947358194654896],[-97.59617934525406,32.9473666926546],[-97.59617453518739,32.94791260131481],[-97.59547777843946,32.94790419466438],[-97.59548193165442,32.947358194654896]]]},"properties":{"prop_id":92320,"state_cd":"S80","ite_code":210,"ite_name":"Single-Family Detached","ite_unit":"DU","units":2,"daily_trips":18.9,"am_peak_trips":1.4,"pm_peak_trips":1.9,"imprv_val":279360.0,"acres":1.0,"city":"Reno","city_code":"CRE","fill_color":[34,139,34,180]}},{"type":"Feature","geometry":{"type":"Polygon","coordinates":[[[-97.57632670316764,32.96145542913516],[-97.57689043290378,32.961459475650756],[-97.57688825222785,32.96170860392558],[-97.57688466971086,32.962009190220115],[-97.57632136857931,32.96199807472052],[-97.5763187930958,32.96199802406606],[-97.57632670316764,32.96145542913516]]]},"properties":{"prop_id":57833,"state_cd":"8","ite_code":0,"ite_name":"Vacant/Agricultural","ite_unit":"N/A","units":1.0,"daily_trips":0.0,"am_peak_trips":0.0,"pm_peak_trips":0.0,"imprv_val":6020.0,"acres":0.837,"city":"Reno","city_code":"CRE","fill_color":[80,80,80,100]}},{"type":"Feature","geometry":{"type":"Polygon","coordinates":[[[-97.55692044311596,32.958265470132105],[-97.55917927049197,32.958244367064474],[-97.55919541765735,32.959047882411625],[-97.55790266918859,32.959118945810445],[-97.55694933938739,32.95917134217192],[-97.55692044311596,32.958265470132105]]]},"properties":{"prop_id":49996,"state_cd":"15A+","ite_code":0,"ite_name":"Vacant/Agricultural","ite_unit":"N/A","units":1.0,"daily_trips":0.0,"am_peak_trips":0.0,"pm_peak_trips":0.0,"imprv_val":0.0,"acres":1.69,"city":"Reno","city_code":"CRE","fill_color":[80,80,80,100]}},{"type":"Feature","geometry":{"type":"Polygon","coordinates":[[[-97.59043567230319,32.93826969086863],[-97.59045916233596,32.93723278318185],[-97.59050498307013,32.937233902302815],[-97.59049012405585,32.93553923113761],[-97.59106417584141,32.935386208783015],[-97.59127697322437,32.93821479975933],[-97.59114087964768,32.938230815548096],[-97.59082752240158,32.93827213452068],[-97.59043567230319,32.93826969086863]]]},"properties":{"prop_id":54055,"state_cd":"8","ite_code":210,"ite_name":"Single-Family Detached","ite_unit":"DU","units":2,"daily_trips":18.9,"am_peak_trips":1.4,"pm_peak_trips":1.9,"imprv_val":231340.0,"acres":1.0,"city":"Reno","city_code":"CRE","fill_color":[34,139,34,180]}},{"type":"Feature","geometry":{"type":"Polygon","coordinates":[[[-97.6034495603471,32.95435469960599],[-97.60346381311834,32.9527671605848],[-97.60355430166851,32.95237859516633],[-97.60361379978606,32.95237936500977],[-97.60457774192298,32.952391835921176],[-97.60458534631613,32.954400179921215],[-97.6034495603471,32.95435469960599]]]},"properties":{"prop_id":55310,"state_cd":"8","ite_code":210,"ite_name":"Single-Family Detached","ite_unit":"DU","units":2,"daily_trips":18.9,"am_peak_trips":1.4,"pm_peak_trips":1.9,"imprv_val":309470.0,"acres":1.0,"city":"Reno","city_code":"CRE","fill_color":[34,139,34,180]}},{"type":"Feature","geometry":{"type":"Polygon","coordinates":[[[-97.56444929845382,32.968345047141696],[-97.56472177473385,32.96833740847594],[-97.56471783667634,32.96902782012616],[-97.56414730187946,32.96904347923677],[-97.56415401579994,32.968353323795796],[-97.56416516479881,32.96835301161401],[-97.56417638015165,32.96835269722398],[-97.56444929845382,32.968345047141696]]]},"properties":{"prop_id":116000,"state_cd":"S85","ite_code":0,"ite_name":"Vacant/Agricultural","ite_unit":"N/A","units":1.0,"daily_trips":0.0,"am_peak_trips":0.0,"pm_peak_trips":0.0,"imprv_val":0.0,"acres":1.002,"city":"Reno","city_code":"CRE","fill_color":[80,80,80,100]}},{"type":"Feature","geometry":{"type":"Polygon","coordinates":[[[-97.5943945857229,32.934930027485834],[-97.59476452097006,32.93403410170631],[-97.59544375036303,32.934135026692715],[-97.59544645714749,32.93446053865616],[-97.59545157732792,32.93507630776011],[-97.5943945857229,32.934930027485834]]]},"properties":{"prop_id":90135,"state_cd":"8","ite_code":210,"ite_name":"Single-Family Detached","ite_unit":"DU","units":3,"daily_trips":28.3,"am_peak_trips":2.1,"pm_peak_trips":2.8,"imprv_val":287200.0,"acres":1.99,"city":"Reno","city_code":"CRE","fill_color":[34,139,34,180]}},{"type":"Feature","geometry":{"type":"Polygon","coordinates":[[[-97.55158031754804,32.98575020272197],[-97.55252132419535,32.98574881518302],[-97.55252276172851,32.986180429405024],[-97.55159545529729,32.986188167306835],[-97.55159517063436,32.986188169650084],[-97.55158736831146,32.98614615894645],[-97.55158536445354,32.98610367020148],[-97.55158031754804,32.98575020272197]]]},"properties":{"prop_id":110247,"state_cd":"15A+","ite_code":210,"ite_name":"Single-Family Detached","ite_unit":"DU","units":2,"daily_trips":18.9,"am_peak_trips":1.4,"pm_peak_trips":1.9,"imprv_val":447970.0,"acres":1.034,"city":"Reno","city_code":"CRE","fill_color":[34,139,34,180]}},{"type":"Feature","geometry":{"type":"Polygon","coordinates":[[[-97.5490216303162,32.94251636879749],[-97.5497220515917,32.94251276521554],[-97.54972061338601,32.94257803542145],[-97.54972670358306,32.94264311504478],[-97.54974026250055,32.942707387675426],[-97.54976116298286,32.94277024540551],[-97.54978920821328,32.94283109332242],[-97.5498241305759,32.94288935581277],[-97.54901909066052,32.94322622753909],[-97.5490216303162,32.94251636879749]]]},"properties":{"prop_id":118592,"state_cd":"15A+","ite_code":0,"ite_name":"Vacant/Agricultural","ite_unit":"N/A","units":1.0,"daily_trips":0.0,"am_peak_trips":0.0,"pm_peak_trips":0.0,"imprv_val":0.0,"acres":1.062,"city":"Reno","city_code":"CRE","fill_color":[80,80,80,100]}},{"type":"Feature","geometry":{"type":"Polygon","coordinates":[[[-97.56420148706512,32.943411352593294],[-97.56418595054649,32.94423817382168],[-97.56349977149885,32.944230813786746],[-97.56351228812572,32.94340404384582],[-97.56420148706512,32.943411352593294]]]},"properties":{"prop_id":69059,"state_cd":"S80","ite_code":210,"ite_name":"Single-Family Detached","ite_unit":"DU","units":2,"daily_trips":18.9,"am_peak_trips":1.4,"pm_peak_trips":1.9,"imprv_val":75310.0,"acres":1.457,"city":"Reno","city_code":"CRE","fill_color":[34,139,34,180]}},{"type":"Feature","geometry":{"type":"Polygon","coordinates":[[[-97.5613811593928,32.95524265521663],[-97.56138099366629,32.9545453979499],[-97.56262761522908,32.954645510391096],[-97.56276647847257,32.95465673305265],[-97.56267505659306,32.95540044642922],[-97.5613811593928,32.95524265521663]]]},"properties":{"prop_id":51945,"state_cd":"8","ite_code":210,"ite_name":"Single-Family Detached","ite_unit":"DU","units":2,"daily_trips":18.9,"am_peak_trips":1.4,"pm_peak_trips":1.9,"imprv_val":16020.0,"acres":2.673,"city":"Reno","city_code":"CRE","fill_color":[34,139,34,180]}},{"type":"Feature","geometry":{"type":"Polygon","coordinates":[[[-97.54890285653791,32.93000840160764],[-97.54824913725074,32.92999425679429],[-97.54826279151469,32.92896495451316],[-97.54832206300472,32.924495972753334],[-97.54833744124952,32.924368119467026],[-97.54836062938318,32.92438166637179],[-97.54838307517117,32.9244012093311],[-97.54839545548421,32.924411987986026],[-97.5484141392778,32.92442825828846],[-97.548432019036,32.924443823521386],[-97.54852210744629,32.924522264556536],[-97.54853391253467,32.924532541890656],[-97.54857190639623,32.92456562292518],[-97.54858369239521,32.92457588658109],[-97.5486139525695,32.924602231324094],[-97.54862790934946,32.92461438286932],[-97.548655082361,32.9246380436014],[-97.54867378855869,32.92465432756242],[-97.54883228955991,32.9247923341618],[-97.54888649305384,32.92479896622881],[-97.54895414812665,32.92480724312091],[-97.54899087507289,32.92481173691893],[-97.54890285653791,32.93000840160764]]]},"properties":{"prop_id":50592,"state_cd":"15A+","ite_code":0,"ite_name":"Vacant/Agricultural","ite_unit":"N/A","units":1.0,"daily_trips":0.0,"am_peak_trips":0.0,"pm_peak_trips":0.0,"imprv_val":3070.0,"acres":1.0,"city":"Reno","city_code":"CRE","fill_color":[80,80,80,100]}},{"type":"Feature","geometry":{"type":"Polygon","coordinates":[[[-97.57163755107945,32.962927651304106],[-97.57163827303405,32.962328741305875],[-97.57164066458634,32.96034862610112],[-97.5722926124619,32.96033189248181],[-97.57228498865767,32.96352750043291],[-97.57163682846334,32.96352601113244],[-97.57163755107945,32.962927651304106]]]},"properties":{"prop_id":22958,"state_cd":"8","ite_code":210,"ite_name":"Single-Family Detached","ite_unit":"DU","units":4,"daily_trips":37.8,"am_peak_trips":2.8,"pm_peak_trips":3.8,"imprv_val":260460.0,"acres":5.31,"city":"Reno","city_code":"CRE","fill_color":[34,139,34,180]}},{"type":"Feature","geometry":{"type":"Polygon","coordinates":[[[-97.56721712985046,32.9688215856008],[-97.56827464053353,32.969673242295144],[-97.56825338900225,32.96970219361395],[-97.56824418239829,32.969729379917254],[-97.56823815100289,32.96975719057887],[-97.56714620047858,32.96887937971684],[-97.56721712985046,32.9688215856008]]]},"properties":{"prop_id":115935,"state_cd":"S60","ite_code":0,"ite_name":"Vacant/Agricultural","ite_unit":"N/A","units":1.0,"daily_trips":0.0,"am_peak_trips":0.0,"pm_peak_trips":0.0,"imprv_val":0.0,"acres":0.355,"city":"Reno","city_code":"CRE","fill_color":[80,80,80,100]}},{"type":"Feature","geometry":{"type":"Polygon","coordinates":[[[-97.56183916894629,32.96488081818748],[-97.56246534438664,32.964880366767595],[-97.5626801796157,32.964880210749484],[-97.56294549444495,32.965754420913925],[-97.5628672458285,32.965774025427585],[-97.56279142010803,32.965799512726754],[-97.56271863678853,32.96583067193729],[-97.56264949229221,32.96586724962693],[-97.56183916894629,32.96488081818748]]]},"properties":{"prop_id":115915,"state_cd":"S85","ite_code":0,"ite_name":"Vacant/Agricultural","ite_unit":"N/A","units":1.0,"daily_trips":0.0,"am_peak_trips":0.0,"pm_peak_trips":0.0,"imprv_val":0.0,"acres":1.43,"city":"Reno","city_code":"CRE","fill_color":[80,80,80,100]}},{"type":"Feature","geometry":{"type":"Polygon","coordinates":[[[-97.54834758375758,32.93370248858469],[-97.54852163910793,32.93291093134989],[-97.54854061132124,32.9329141578341],[-97.5485596499743,32.932915778651434],[-97.5485787826073,32.932915818361906],[-97.54859782951262,32.93291428100393],[-97.5486166086988,32.93291118412625],[-97.54863493810659,32.932906551590065],[-97.54865264502011,32.932900433481194],[-97.5486695556542,32.932892879877414],[-97.54868551187658,32.932883977049755],[-97.54870035781978,32.93287379956243],[-97.54871395553376,32.932862446466395],[-97.54872617126856,32.93285002405925],[-97.54873688924017,32.9328366586161],[-97.54908401097369,32.93284463328521],[-97.54911779895335,32.93284596889494],[-97.5491361962633,32.932847161767235],[-97.54915455688192,32.93284868442909],[-97.54917287656106,32.93285053414244],[-97.54919114564787,32.93285271353929],[-97.54920935562662,32.93285521894713],[-97.54922749802017,32.93285804308674],[-97.54924556846431,32.932861194041315],[-97.54926355309664,32.932864668097714],[-97.549281446619,32.932868460706366],[-97.54929924259619,32.9328725736219],[-97.54931692717545,32.93287700222945],[-97.54933450142627,32.9328817465372],[-97.54935195148617,32.932886802832066],[-97.54936926666193,32.93289217103246],[-97.54938644593283,32.932897846621586],[-97.54940178693487,32.93290321688738],[-97.54939630543647,32.93371701865402],[-97.54883927967445,32.93371818143935],[-97.54834364395037,32.93371921461397],[-97.54834758375758,32.93370248858469]]]},"properties":{"prop_id":3200,"state_cd":"15A+","ite_code":210,"ite_name":"Single-Family Detached","ite_unit":"DU","units":3,"daily_trips":28.3,"am_peak_trips":2.1,"pm_peak_trips":2.8,"imprv_val":107190.0,"acres":2.0,"city":"Reno","city_code":"CRE","fill_color":[34,139,34,180]}},{"type":"Feature","geometry":{"type":"Polygon","coordinates":[[[-97.58019360646567,32.958289162082046],[-97.5802085690543,32.95663650206236],[-97.58061563045331,32.95664203218943],[-97.58077279912162,32.95664133125333],[-97.58066919985727,32.958320885598255],[-97.58019360646567,32.958289162082046]]]},"properties":{"prop_id":62471,"state_cd":"8","ite_code":210,"ite_name":"Single-Family Detached","ite_unit":"DU","units":2,"daily_trips":18.9,"am_peak_trips":1.4,"pm_peak_trips":1.9,"imprv_val":219720.0,"acres":2.44,"city":"Reno","city_code":"CRE","fill_color":[34,139,34,180]}},{"type":"Feature","geometry":{"type":"Polygon","coordinates":[[[-97.56517779723873,32.96917632717102],[-97.56581703461516,32.96915297619802],[-97.56580936389915,32.96977177511069],[-97.56516695376261,32.969774086001856],[-97.56516691203159,32.96977408659067],[-97.56517779723873,32.96917632717102]]]},"properties":{"prop_id":115939,"state_cd":"S85","ite_code":210,"ite_name":"Single-Family Detached","ite_unit":"DU","units":2,"daily_trips":18.9,"am_peak_trips":1.4,"pm_peak_trips":1.9,"imprv_val":498680.0,"acres":1.003,"city":"Reno","city_code":"CRE","fill_color":[34,139,34,180]}},{"type":"Feature","geometry":{"type":"Polygon","coordinates":[[[-97.56131366670525,32.96838593843141],[-97.56156759807432,32.968386532363404],[-97.56156091612155,32.96907580696482],[-97.5609851126003,32.96907418694706],[-97.56098981376645,32.96838517969112],[-97.56104428922477,32.96838530696708],[-97.5610969823489,32.96838543071144],[-97.56131366670525,32.96838593843141]]]},"properties":{"prop_id":115962,"state_cd":"S85","ite_code":210,"ite_name":"Single-Family Detached","ite_unit":"DU","units":2,"daily_trips":18.9,"am_peak_trips":1.4,"pm_peak_trips":1.9,"imprv_val":485000.0,"acres":1.016,"city":"Reno","city_code":"CRE","fill_color":[34,139,34,180]}},{"type":"Feature","geometry":{"type":"Polygon","coordinates":[[[-97.6077338205686,32.92392824942426],[-97.60767722454561,32.923888075848154],[-97.60770130324329,32.92172946190911],[-97.60812546325428,32.92173744002854],[-97.60811278249454,32.92255101138716],[-97.60775375924132,32.9225470305434],[-97.60774966812588,32.92283042315282],[-97.60774303777114,32.92328971640693],[-97.6077365351215,32.92374014462647],[-97.6077338205686,32.92392824942426]]]},"properties":{"prop_id":36004,"state_cd":"8","ite_code":0,"ite_name":"Vacant/Agricultural","ite_unit":"N/A","units":1.0,"daily_trips":0.0,"am_peak_trips":0.0,"pm_peak_trips":0.0,"imprv_val":6540.0,"acres":1.11,"city":"Reno","city_code":"CRE","fill_color":[80,80,80,100]}},{"type":"Feature","geometry":{"type":"Polygon","coordinates":[[[-97.56029411117208,32.93575614953575],[-97.56030309193183,32.93529152934472],[-97.55930977099473,32.93530407587745],[-97.55906627571696,32.93505169527321],[-97.55891772686398,32.93489165978995],[-97.55897180576339,32.93367125220939],[-97.55940171448752,32.93372379786263],[-97.55994042149516,32.933789638187406],[-97.56043413197919,32.933855257654805],[-97.5603833593463,32.93575646559538],[-97.56029411117208,32.93575614953575]]]},"properties":{"prop_id":91049,"state_cd":"8","ite_code":0,"ite_name":"Vacant/Agricultural","ite_unit":"N/A","units":1.0,"daily_trips":0.0,"am_peak_trips":0.0,"pm_peak_trips":0.0,"imprv_val":0.0,"acres":4.67,"city":"Reno","city_code":"CRE","fill_color":[80,80,80,100]}},{"type":"Feature","geometry":{"type":"Polygon","coordinates":[[[-97.5538123609793,32.93711636602483],[-97.5544810286623,32.93610682872068],[-97.55506190033142,32.93640329566446],[-97.55440153607472,32.93739841826365],[-97.5538123609793,32.93711636602483]]]},"properties":{"prop_id":65661,"state_cd":"8","ite_code":0,"ite_name":"Vacant/Agricultural","ite_unit":"N/A","units":1.0,"daily_trips":0.0,"am_peak_trips":0.0,"pm_peak_trips":0.0,"imprv_val":0.0,"acres":2.0,"city":"Reno","city_code":"CRE","fill_color":[80,80,80,100]}},{"type":"Feature","geometry":{"type":"Polygon","coordinates":[[[-97.5557320351163,32.9710394543204],[-97.55591917685483,32.970810970841725],[-97.55632004396432,32.97043581019905],[-97.5565602243446,32.970220851723504],[-97.55660160546338,32.97022160327081],[-97.55657295174103,32.97105180297566],[-97.5557320351163,32.9710394543204]]]},"properties":{"prop_id":113638,"state_cd":"S60","ite_code":210,"ite_name":"Single-Family Detached","ite_unit":"DU","units":2,"daily_trips":18.9,"am_peak_trips":1.4,"pm_peak_trips":1.9,"imprv_val":425000.0,"acres":1.003,"city":"Reno","city_code":"CRE","fill_color":[34,139,34,180]}},{"type":"Feature","geometry":{"type":"Polygon","coordinates":[[[-97.57779446250568,32.93810485577548],[-97.57781562491436,32.93623301497541],[-97.57742426829928,32.93630296119037],[-97.57608002638503,32.936474490390864],[-97.57353005905836,32.936620290729735],[-97.57307193558255,32.93654869426239],[-97.57308608610141,32.93576910945673],[-97.57754661780271,32.9358116460802],[-97.57754743328408,32.93562693301054],[-97.57859027048558,32.93563690515533],[-97.57871679994676,32.93563811600723],[-97.57857622516113,32.936573590520304],[-97.57834866890217,32.93811318577385],[-97.57779446250568,32.93810485577548]]]},"properties":{"prop_id":52048,"state_cd":"8","ite_code":0,"ite_name":"Vacant/Agricultural","ite_unit":"N/A","units":1.0,"daily_trips":0.0,"am_peak_trips":0.0,"pm_peak_trips":0.0,"imprv_val":0.0,"acres":16.546,"city":"Reno","city_code":"CRE","fill_color":[80,80,80,100]}},{"type":"Feature","geometry":{"type":"Polygon","coordinates":[[[-97.57847656418846,32.93993481084903],[-97.57848278594055,32.93985971969111],[-97.57851214637533,32.93950539805604],[-97.57854158849752,32.93915008949609],[-97.57857109563398,32.93879190093849],[-97.57861057264678,32.938337026534164],[-97.58208786879584,32.93838310535138],[-97.58206327128109,32.939141102831165],[-97.58203478811292,32.941889687465896],[-97.58041436133385,32.94187952476829],[-97.58020702780985,32.93994281828337],[-97.57847656418846,32.93993481084903]]]},"properties":{"prop_id":51846,"state_cd":"8","ite_code":0,"ite_name":"Vacant/Agricultural","ite_unit":"N/A","units":1.0,"daily_trips":0.0,"am_peak_trips":0.0,"pm_peak_trips":0.0,"imprv_val":0.0,"acres":22.873,"city":"Reno","city_code":"CRE","fill_color":[80,80,80,100]}},{"type":"Feature","geometry":{"type":"Polygon","coordinates":[[[-97.5510673735173,32.963180304771996],[-97.55105105363955,32.957528272182834],[-97.55151476369882,32.9575357572564],[-97.55158859388465,32.95764791663019],[-97.5526157529032,32.95920829808944],[-97.55654874185863,32.95917216692797],[-97.55679136256934,32.95917383048438],[-97.55684391760843,32.960351203396044],[-97.55683041932012,32.96274727021323],[-97.55679966080403,32.96291552320366],[-97.55671398962718,32.96320925276225],[-97.55666165213187,32.9636450333447],[-97.55637703019852,32.96322316101182],[-97.5510673735173,32.963180304771996]]]},"properties":{"prop_id":49991,"state_cd":"15A+","ite_code":0,"ite_name":"Vacant/Agricultural","ite_unit":"N/A","units":1.0,"daily_trips":0.0,"am_peak_trips":0.0,"pm_peak_trips":0.0,"imprv_val":0.0,"acres":120.0,"city":"Reno","city_code":"CRE","fill_color":[80,80,80,100]}},{"type":"Feature","geometry":{"type":"Polygon","coordinates":[[[-97.55759028269733,32.97413526836487],[-97.55759629498057,32.973467523079634],[-97.55664005010222,32.9734768381604],[-97.55533555710502,32.97348953550003],[-97.55529935069677,32.97348988783193],[-97.55530851410076,32.97340729090419],[-97.55943498327575,32.97337175841507],[-97.55942129171436,32.97481904083317],[-97.55758422660901,32.97480782452767],[-97.55759028269733,32.97413526836487]]]},"properties":{"prop_id":83783,"state_cd":"8","ite_code":210,"ite_name":"Single-Family Detached","ite_unit":"DU","units":2,"daily_trips":18.9,"am_peak_trips":1.4,"pm_peak_trips":1.9,"imprv_val":344720.0,"acres":1.07,"city":"Reno","city_code":"CRE","fill_color":[34,139,34,180]}},{"type":"Feature","geometry":{"type":"Polygon","coordinates":[[[-97.56364267783695,32.94502724353954],[-97.56364715430202,32.945979906310306],[-97.56332769168888,32.94597215983227],[-97.56332325806255,32.94502305327795],[-97.56364267783695,32.94502724353954]]]},"properties":{"prop_id":18970,"state_cd":"S80","ite_code":210,"ite_name":"Single-Family Detached","ite_unit":"DU","units":1,"daily_trips":9.4,"am_peak_trips":0.7,"pm_peak_trips":0.9,"imprv_val":116290.0,"acres":0.793,"city":"Reno","city_code":"CRE","fill_color":[34,139,34,180]}},{"type":"Feature","geometry":{"type":"Polygon","coordinates":[[[-97.58625885086698,32.94487340665353],[-97.58624043766228,32.94530021537502],[-97.58623423944559,32.945402863389894],[-97.5862222061156,32.94543496334107],[-97.58620435873347,32.945465079003164],[-97.58618113922036,32.9454924659958],[-97.58615311821035,32.94551644851989],[-97.58612098952655,32.94553643645194],[-97.58608554442033,32.94555193417404],[-97.58604765852303,32.94556256122054],[-97.5860082661592,32.94556805389369],[-97.58596833989523,32.945568277739284],[-97.58562737342601,32.94557661226213],[-97.58566149617381,32.94488227934545],[-97.58625885086698,32.94487340665353]]]},"properties":{"prop_id":51855,"state_cd":"8","ite_code":210,"ite_name":"Single-Family Detached","ite_unit":"DU","units":2,"daily_trips":18.9,"am_peak_trips":1.4,"pm_peak_trips":1.9,"imprv_val":76170.0,"acres":1.0,"city":"Reno","city_code":"CRE","fill_color":[34,139,34,180]}},{"type":"Feature","geometry":{"type":"Polygon","coordinates":[[[-97.59554656576661,32.92917747158177],[-97.59776820550869,32.9291574398051],[-97.60014876105173,32.92944527780363],[-97.60013747384302,32.92973816312153],[-97.60012354339283,32.93009881382495],[-97.59935013752363,32.93009784988078],[-97.59552468773451,32.93009301113717],[-97.59554656576661,32.92917747158177]]]},"properties":{"prop_id":54129,"state_cd":"8","ite_code":210,"ite_name":"Single-Family Detached","ite_unit":"DU","units":2,"daily_trips":18.9,"am_peak_trips":1.4,"pm_peak_trips":1.9,"imprv_val":61210.0,"acres":1.0,"city":"Reno","city_code":"CRE","fill_color":[34,139,34,180]}},{"type":"Feature","geometry":{"type":"Polygon","coordinates":[[[-97.55189040333556,32.94433079897737],[-97.55188511333616,32.945166649936596],[-97.5513826969353,32.94516587378507],[-97.55139527827438,32.944321064483],[-97.55189040333556,32.94433079897737]]]},"properties":{"prop_id":118581,"state_cd":"15A+","ite_code":210,"ite_name":"Single-Family Detached","ite_unit":"DU","units":2,"daily_trips":18.9,"am_peak_trips":1.4,"pm_peak_trips":1.9,"imprv_val":86380.0,"acres":1.048,"city":"Reno","city_code":"CRE","fill_color":[34,139,34,180]}},{"type":"Feature","geometry":{"type":"Polygon","coordinates":[[[-97.56912088031906,32.96635397185615],[-97.56800539759281,32.96640561980213],[-97.56799788206585,32.96634493437149],[-97.56798412336893,32.96628503193297],[-97.5679642237049,32.96622636777181],[-97.56793833671792,32.966169388539015],[-97.56912672369039,32.965755545780574],[-97.56912088031906,32.96635397185615]]]},"properties":{"prop_id":115928,"state_cd":"S85","ite_code":210,"ite_name":"Single-Family Detached","ite_unit":"DU","units":2,"daily_trips":18.9,"am_peak_trips":1.4,"pm_peak_trips":1.9,"imprv_val":474560.0,"acres":1.242,"city":"Reno","city_code":"CRE","fill_color":[34,139,34,180]}},{"type":"Feature","geometry":{"type":"Polygon","coordinates":[[[-97.56334932808521,32.9683707053236],[-97.56358798786513,32.96836638622235],[-97.56358094674046,32.96905560220329],[-97.56300932349066,32.96906438318737],[-97.56301423166249,32.968376769957],[-97.56302797974057,32.96837652070614],[-97.56304252286424,32.96837625759088],[-97.56334932808521,32.9683707053236]]]},"properties":{"prop_id":116002,"state_cd":"S85","ite_code":210,"ite_name":"Single-Family Detached","ite_unit":"DU","units":2,"daily_trips":18.9,"am_peak_trips":1.4,"pm_peak_trips":1.9,"imprv_val":480450.0,"acres":1.002,"city":"Reno","city_code":"CRE","fill_color":[34,139,34,180]}},{"type":"Feature","geometry":{"type":"Polygon","coordinates":[[[-97.57032590612202,32.960382360098194],[-97.57099265850788,32.96036525403103],[-97.57098683601336,32.96232646390283],[-97.57098639709736,32.96247436012208],[-97.57098327881059,32.96352450623889],[-97.57032738960653,32.96352299218776],[-97.57032590612202,32.960382360098194]]]},"properties":{"prop_id":22961,"state_cd":"8","ite_code":210,"ite_name":"Single-Family Detached","ite_unit":"DU","units":2,"daily_trips":18.9,"am_peak_trips":1.4,"pm_peak_trips":1.9,"imprv_val":411630.0,"acres":1.0,"city":"Reno","city_code":"CRE","fill_color":[34,139,34,180]}},{"type":"Feature","geometry":{"type":"Polygon","coordinates":[[[-97.57887754899035,32.94399749413944],[-97.5788799092367,32.942766286374315],[-97.57899120572253,32.942766578909065],[-97.57899098001721,32.94288477242271],[-97.57898884400078,32.94399920884487],[-97.57887754899035,32.94399749413944]]]},"properties":{"prop_id":76270,"state_cd":"8","ite_code":0,"ite_name":"Vacant/Agricultural","ite_unit":"N/A","units":1.0,"daily_trips":0.0,"am_peak_trips":0.0,"pm_peak_trips":0.0,"imprv_val":0.0,"acres":0.314,"city":"Reno","city_code":"CRE","fill_color":[80,80,80,100]}},{"type":"Feature","geometry":{"type":"Polygon","coordinates":[[[-97.57722883109922,32.94161727643151],[-97.57725954064942,32.941264886929204],[-97.57836558143036,32.94127412731934],[-97.57833637989613,32.941626530021125],[-97.57722883109922,32.94161727643151]]]},"properties":{"prop_id":80348,"state_cd":"S80","ite_code":210,"ite_name":"Single-Family Detached","ite_unit":"DU","units":2,"daily_trips":18.9,"am_peak_trips":1.4,"pm_peak_trips":1.9,"imprv_val":248420.0,"acres":1.0,"city":"Reno","city_code":"CRE","fill_color":[34,139,34,180]}},{"type":"Feature","geometry":{"type":"Polygon","coordinates":[[[-97.56380935122084,32.973518991576256],[-97.56456373060435,32.97352040658232],[-97.56457424047346,32.9739670314824],[-97.56457562050443,32.97402568699168],[-97.56381693353214,32.97404613708646],[-97.56380935122084,32.973518991576256]]]},"properties":{"prop_id":106256,"state_cd":"S80","ite_code":210,"ite_name":"Single-Family Detached","ite_unit":"DU","units":2,"daily_trips":18.9,"am_peak_trips":1.4,"pm_peak_trips":1.9,"imprv_val":440930.0,"acres":1.0,"city":"Reno","city_code":"CRE","fill_color":[34,139,34,180]}},{"type":"Feature","geometry":{"type":"Polygon","coordinates":[[[-97.56104216003281,32.947699571781186],[-97.56224246875438,32.947725402095244],[-97.56224572842923,32.94802256651944],[-97.5610398406907,32.94800644214884],[-97.56104216003281,32.947699571781186]]]},"properties":{"prop_id":18921,"state_cd":"S80","ite_code":210,"ite_name":"Single-Family Detached","ite_unit":"DU","units":1,"daily_trips":9.4,"am_peak_trips":0.7,"pm_peak_trips":0.9,"imprv_val":133770.0,"acres":0.9309,"city":"Reno","city_code":"CRE","fill_color":[34,139,34,180]}},{"type":"Feature","geometry":{"type":"Polygon","coordinates":[[[-97.57819345417548,32.96039231136167],[-97.57819782592058,32.95997230220557],[-97.5783589702352,32.95994735637869],[-97.57853713127123,32.95992967688022],[-97.57866221284512,32.959941163109164],[-97.57865627326865,32.960391265608315],[-97.57819345417548,32.96039231136167]]]},"properties":{"prop_id":112186,"state_cd":"8","ite_code":0,"ite_name":"Vacant/Agricultural","ite_unit":"N/A","units":1.0,"daily_trips":0.0,"am_peak_trips":0.0,"pm_peak_trips":0.0,"imprv_val":0.0,"acres":1.0,"city":"Reno","city_code":"CRE","fill_color":[80,80,80,100]}},{"type":"Feature","geometry":{"type":"Polygon","coordinates":[[[-97.55759028269733,32.97413526836487],[-97.55759629498057,32.973467523079634],[-97.55664005010222,32.9734768381604],[-97.55533555710502,32.97348953550003],[-97.55529935069677,32.97348988783193],[-97.55530851410076,32.97340729090419],[-97.55943498327575,32.97337175841507],[-97.55942129171436,32.97481904083317],[-97.55758422660901,32.97480782452767],[-97.55759028269733,32.97413526836487]]]},"properties":{"prop_id":77015,"state_cd":"8","ite_code":0,"ite_name":"Vacant/Agricultural","ite_unit":"N/A","units":1.0,"daily_trips":0.0,"am_peak_trips":0.0,"pm_peak_trips":0.0,"imprv_val":0.0,"acres":6.0,"city":"Reno","city_code":"CRE","fill_color":[80,80,80,100]}},{"type":"Feature","geometry":{"type":"Polygon","coordinates":[[[-97.60298218680185,32.92122842922658],[-97.60407744563105,32.92121819162019],[-97.60406976864284,32.92232707910616],[-97.60275400597864,32.921642033377445],[-97.60298218680185,32.92122842922658]]]},"properties":{"prop_id":54135,"state_cd":"SF-OVR","ite_code":210,"ite_name":"Single-Family Detached","ite_unit":"DU","units":2,"daily_trips":18.9,"am_peak_trips":1.4,"pm_peak_trips":1.9,"imprv_val":151520.0,"acres":2.489,"city":"Reno","city_code":"CRE","fill_color":[34,139,34,180]}},{"type":"Feature","geometry":{"type":"Polygon","coordinates":[[[-97.54363880061506,32.94684520246608],[-97.5446146900119,32.94682340421629],[-97.54504387502595,32.9468137306332],[-97.54504382516892,32.947090480114376],[-97.5450405161784,32.94743072809008],[-97.54458299298287,32.9474350872067],[-97.54400884039225,32.94744055549154],[-97.54364158666135,32.947444052593255],[-97.54363880061506,32.94684520246608]]]},"properties":{"prop_id":98940,"state_cd":"15A+","ite_code":0,"ite_name":"Vacant/Agricultural","ite_unit":"N/A","units":1.0,"daily_trips":0.0,"am_peak_trips":0.0,"pm_peak_trips":0.0,"imprv_val":0.0,"acres":0.53,"city":"Reno","city_code":"CRE","fill_color":[80,80,80,100]}},{"type":"Feature","geometry":{"type":"Polygon","coordinates":[[[-97.56578374364811,32.94605062265736],[-97.56577066465817,32.94602741509085],[-97.56575339174445,32.9460062457837],[-97.56573235884046,32.94598765187388],[-97.56570809900424,32.945972101801274],[-97.56568122309491,32.945959988835504],[-97.56565241135958,32.94595161748515],[-97.56562239100279,32.945947200624445],[-97.56561403488693,32.94505308581558],[-97.5659396628625,32.94505735191791],[-97.56594217959972,32.94605203961781],[-97.56578374364811,32.94605062265736]]]},"properties":{"prop_id":18955,"state_cd":"S80","ite_code":0,"ite_name":"Vacant/Agricultural","ite_unit":"N/A","units":1.0,"daily_trips":0.0,"am_peak_trips":0.0,"pm_peak_trips":0.0,"imprv_val":0.0,"acres":0.864,"city":"Reno","city_code":"CRE","fill_color":[80,80,80,100]}},{"type":"Feature","geometry":{"type":"Polygon","coordinates":[[[-97.58035466572085,32.95268209527234],[-97.57919812715984,32.95254651087051],[-97.5793216924883,32.951953747798],[-97.57934656119177,32.95183444508847],[-97.57947860267969,32.95181862493767],[-97.5794795845306,32.9517742755706],[-97.57947944008919,32.9517731472131],[-97.5794172573157,32.951287492092284],[-97.57943160221488,32.951156285875406],[-97.57948937500731,32.950627859253075],[-97.58007535232551,32.950632146418094],[-97.58020372762638,32.950633085150145],[-97.58288942834396,32.95068297475099],[-97.58390165921269,32.95067543459758],[-97.58465403576996,32.95146413847915],[-97.58494673063252,32.95252208636868],[-97.5841615319999,32.95258660353351],[-97.58282614125619,32.95269627100251],[-97.58144398651986,32.95280978469012],[-97.58035466572085,32.95268209527234]]]},"properties":{"prop_id":36042,"state_cd":"8","ite_code":210,"ite_name":"Single-Family Detached","ite_unit":"DU","units":2,"daily_trips":18.9,"am_peak_trips":1.4,"pm_peak_trips":1.9,"imprv_val":191360.0,"acres":1.0,"city":"Reno","city_code":"CRE","fill_color":[34,139,34,180]}},{"type":"Feature","geometry":{"type":"Polygon","coordinates":[[[-97.5548575969636,32.98591057328358],[-97.55524566206503,32.985424903695204],[-97.55545940203338,32.98542638015102],[-97.55563644029812,32.98542824012546],[-97.5556340109262,32.985841787418316],[-97.5556326313349,32.986076660375836],[-97.5550113879575,32.98607304242447],[-97.55500907651063,32.98604498159613],[-97.55500108143224,32.986017671288394],[-97.55498763908943,32.9859919249393],[-97.55496915117342,32.9859685058351],[-97.55494616561221,32.985948110733354],[-97.55491936507043,32.985931344524474],[-97.55488954782436,32.98591870746162],[-97.5548575969636,32.98591057328358]]]},"properties":{"prop_id":110220,"state_cd":"15A+","ite_code":210,"ite_name":"Single-Family Detached","ite_unit":"DU","units":2,"daily_trips":18.9,"am_peak_trips":1.4,"pm_peak_trips":1.9,"imprv_val":410440.0,"acres":1.0,"city":"Reno","city_code":"CRE","fill_color":[34,139,34,180]}},{"type":"Feature","geometry":{"type":"Polygon","coordinates":[[[-97.5652766245228,32.96487829812126],[-97.5657366905792,32.964877954095165],[-97.5657699661509,32.964877929401986],[-97.56576255889618,32.96577506746165],[-97.56527299881573,32.965776811889846],[-97.5652766245228,32.96487829812126]]]},"properties":{"prop_id":115921,"state_cd":"S85","ite_code":0,"ite_name":"Vacant/Agricultural","ite_unit":"N/A","units":1.0,"daily_trips":0.0,"am_peak_trips":0.0,"pm_peak_trips":0.0,"imprv_val":0.0,"acres":1.123,"city":"Reno","city_code":"CRE","fill_color":[80,80,80,100]}},{"type":"Feature","geometry":{"type":"Polygon","coordinates":[[[-97.5481661952164,32.949504370212516],[-97.54816586195312,32.94953597878513],[-97.54816234785095,32.94986715803022],[-97.54605278865397,32.94986282766789],[-97.5460541801374,32.94949756715273],[-97.5481661952164,32.949504370212516]]]},"properties":{"prop_id":49559,"state_cd":"15A+","ite_code":210,"ite_name":"Single-Family Detached","ite_unit":"DU","units":3,"daily_trips":28.3,"am_peak_trips":2.1,"pm_peak_trips":2.8,"imprv_val":56740.0,"acres":2.0,"city":"Reno","city_code":"CRE","fill_color":[34,139,34,180]}},{"type":"Feature","geometry":{"type":"Polygon","coordinates":[[[-97.58821809035793,32.968192852539346],[-97.58821399719653,32.968644515692205],[-97.58821394508843,32.96959426989361],[-97.5882756993351,32.969714012987566],[-97.58828131607257,32.969720564385085],[-97.58827687497309,32.96972202803031],[-97.58828185370653,32.970709020254915],[-97.58765607418017,32.97089854506374],[-97.58748847012885,32.97000163720928],[-97.58733211736468,32.97006610940374],[-97.58641773909736,32.970084863923915],[-97.58641512516877,32.968243188601875],[-97.5865771744644,32.96823866516097],[-97.58717734935414,32.96822191118825],[-97.58777211545176,32.96820530592287],[-97.58821809035793,32.968192852539346]]]},"properties":{"prop_id":54025,"state_cd":"8","ite_code":0,"ite_name":"Vacant/Agricultural","ite_unit":"N/A","units":1.0,"daily_trips":0.0,"am_peak_trips":0.0,"pm_peak_trips":0.0,"imprv_val":0.0,"acres":1.805,"city":"Reno","city_code":"CRE","fill_color":[80,80,80,100]}},{"type":"Feature","geometry":{"type":"Polygon","coordinates":[[[-97.56635037396137,32.97522981790666],[-97.5667752194485,32.975226601307945],[-97.56678327015062,32.97614315481437],[-97.566745555263,32.976142992355385],[-97.56648030890838,32.97614184912666],[-97.56635513541815,32.97614130920878],[-97.56635037396137,32.97522981790666]]]},"properties":{"prop_id":106204,"state_cd":"S80","ite_code":210,"ite_name":"Single-Family Detached","ite_unit":"DU","units":2,"daily_trips":18.9,"am_peak_trips":1.4,"pm_peak_trips":1.9,"imprv_val":392600.0,"acres":1.0,"city":"Reno","city_code":"CRE","fill_color":[34,139,34,180]}},{"type":"Feature","geometry":{"type":"Polygon","coordinates":[[[-97.56705599371725,32.964876956470455],[-97.56706678855598,32.96036967044071],[-97.5690019112911,32.96038272009433],[-97.56900760973265,32.964875455967324],[-97.56814712849294,32.96487612103815],[-97.56724363953894,32.964876813586564],[-97.56705599371725,32.964876956470455]]]},"properties":{"prop_id":22966,"state_cd":"8","ite_code":210,"ite_name":"Single-Family Detached","ite_unit":"DU","units":2,"daily_trips":18.9,"am_peak_trips":1.4,"pm_peak_trips":1.9,"imprv_val":265080.0,"acres":1.0,"city":"Reno","city_code":"CRE","fill_color":[34,139,34,180]}},{"type":"Feature","geometry":{"type":"Polygon","coordinates":[[[-97.5549389406892,32.94524869476779],[-97.55324052139673,32.94524667254707],[-97.55327529211884,32.945195937091796],[-97.5534551605798,32.94493683663853],[-97.55345523032813,32.94494842574902],[-97.554769263934,32.94498468052332],[-97.5549387257346,32.944989356073464],[-97.5549389406892,32.94524869476779]]]},"properties":{"prop_id":65618,"state_cd":"8","ite_code":210,"ite_name":"Single-Family Detached","ite_unit":"DU","units":2,"daily_trips":18.9,"am_peak_trips":1.4,"pm_peak_trips":1.9,"imprv_val":183230.0,"acres":1.5,"city":"Reno","city_code":"CRE","fill_color":[34,139,34,180]}},{"type":"Feature","geometry":{"type":"Polygon","coordinates":[[[-97.57221755209859,32.94065591726697],[-97.57218532989229,32.94035631526177],[-97.57216296034635,32.94026755067345],[-97.57213424135087,32.940180096051016],[-97.57209927758194,32.94009427232073],[-97.57205819833922,32.940010397885956],[-97.57201115549164,32.93992878049558],[-97.57196197642014,32.93984333241396],[-97.57392403645477,32.939848911705006],[-97.57393400873106,32.93808141878892],[-97.57627140568705,32.93808195094937],[-97.57625924786574,32.938703147822174],[-97.57625170155788,32.93908804873603],[-97.57624395387197,32.939483229045024],[-97.57623598843934,32.93988953995753],[-97.5762277842434,32.940307970627636],[-97.57622186500745,32.940609845375626],[-97.57613952512769,32.94060944763542],[-97.57613179484503,32.94069782593907],[-97.57449782010373,32.94067104522052],[-97.57221755209859,32.94065591726697]]]},"properties":{"prop_id":52063,"state_cd":"8","ite_code":0,"ite_name":"Vacant/Agricultural","ite_unit":"N/A","units":1.0,"daily_trips":0.0,"am_peak_trips":0.0,"pm_peak_trips":0.0,"imprv_val":0.0,"acres":20.0,"city":"Reno","city_code":"CRE","fill_color":[80,80,80,100]}},{"type":"Feature","geometry":{"type":"Polygon","coordinates":[[[-97.5621586748182,32.93406845837379],[-97.5623943515775,32.93254637177426],[-97.5639359119631,32.93309170559697],[-97.56364129089415,32.9341070216594],[-97.56355846428677,32.934397458359776],[-97.56355706304667,32.93439728188874],[-97.56239285692297,32.934239814060646],[-97.56235340439133,32.93409218513331],[-97.5621586748182,32.93406845837379]]]},"properties":{"prop_id":54082,"state_cd":"8","ite_code":210,"ite_name":"Single-Family Detached","ite_unit":"DU","units":5,"daily_trips":47.2,"am_peak_trips":3.5,"pm_peak_trips":4.7,"imprv_val":289400.0,"acres":5.76,"city":"Reno","city_code":"CRE","fill_color":[34,139,34,180]}},{"type":"Feature","geometry":{"type":"Polygon","coordinates":[[[-97.57139962751289,32.93586820064379],[-97.57137811109344,32.934917574034166],[-97.57082741023558,32.934884885867845],[-97.57058295522661,32.93486593555605],[-97.57000851132135,32.93482905255554],[-97.57003262140957,32.93463697215137],[-97.57003343419748,32.93463442422231],[-97.57003412167202,32.9346344410782],[-97.57201768163522,32.934682331047746],[-97.572206351993,32.93409066631385],[-97.57287349854936,32.93410676550593],[-97.57288591827086,32.93416283121687],[-97.57279315448689,32.93425047823403],[-97.57259243202094,32.93435270772233],[-97.57233490063977,32.93460790153641],[-97.5725821442441,32.9348262675461],[-97.57243396243719,32.935044185687666],[-97.57234346112963,32.93536908946671],[-97.57231018674159,32.935415914750216],[-97.57209497470501,32.93534963775025],[-97.57197853436614,32.9354228966938],[-97.57192262005636,32.93561666049836],[-97.57187974705069,32.935701452645176],[-97.57185571899532,32.93574897437182],[-97.5718526055809,32.9357779848421],[-97.57184289928779,32.93586841163766],[-97.57139962751289,32.93586820064379]]]},"properties":{"prop_id":41752,"state_cd":"8","ite_code":0,"ite_name":"Vacant/Agricultural","ite_unit":"N/A","units":1.0,"daily_trips":0.0,"am_peak_trips":0.0,"pm_peak_trips":0.0,"imprv_val":0.0,"acres":4.18,"city":"Reno","city_code":"CRE","fill_color":[80,80,80,100]}},{"type":"Feature","geometry":{"type":"Polygon","coordinates":[[[-97.56757756111983,32.950535930198235],[-97.56830630467994,32.950541079495785],[-97.56828644693044,32.95168489651271],[-97.56760477745809,32.951682518159146],[-97.56757756111983,32.950535930198235]]]},"properties":{"prop_id":57848,"state_cd":"8","ite_code":0,"ite_name":"Vacant/Agricultural","ite_unit":"N/A","units":1.0,"daily_trips":0.0,"am_peak_trips":0.0,"pm_peak_trips":0.0,"imprv_val":0.0,"acres":2.0,"city":"Reno","city_code":"CRE","fill_color":[80,80,80,100]}},{"type":"Feature","geometry":{"type":"Polygon","coordinates":[[[-97.56104425269285,32.94742276053241],[-97.56223950897778,32.94745557901745],[-97.56224246875438,32.947725402095244],[-97.56104216003281,32.947699571781186],[-97.56104425269285,32.94742276053241]]]},"properties":{"prop_id":18924,"state_cd":"S80","ite_code":210,"ite_name":"Single-Family Detached","ite_unit":"DU","units":1,"daily_trips":9.4,"am_peak_trips":0.7,"pm_peak_trips":0.9,"imprv_val":136780.0,"acres":0.841,"city":"Reno","city_code":"CRE","fill_color":[34,139,34,180]}},{"type":"Feature","geometry":{"type":"Polygon","coordinates":[[[-97.58048525966309,32.943611751891375],[-97.58097461401782,32.94361536259554],[-97.58097286452983,32.9438201650079],[-97.58070510158528,32.94383515574281],[-97.58048252371479,32.94384718049268],[-97.58048525966309,32.943611751891375]]]},"properties":{"prop_id":51861,"state_cd":"8","ite_code":0,"ite_name":"Vacant/Agricultural","ite_unit":"N/A","units":1.0,"daily_trips":0.0,"am_peak_trips":0.0,"pm_peak_trips":0.0,"imprv_val":0.0,"acres":0.25,"city":"Reno","city_code":"CRE","fill_color":[80,80,80,100]}},{"type":"Feature","geometry":{"type":"Polygon","coordinates":[[[-97.5495597661497,32.931342675408665],[-97.54956083391058,32.93131023365958],[-97.54956254676257,32.93125843168812],[-97.54956580855882,32.93115943938939],[-97.54957117483293,32.93077746490473],[-97.55044847525704,32.93079076674857],[-97.5504482646352,32.930815605338786],[-97.55044529231218,32.931166146518315],[-97.55044534226576,32.93118742664171],[-97.55044550665205,32.93125809312542],[-97.55044564617563,32.93131870754541],[-97.5504456411522,32.931357288989155],[-97.5495597661497,32.931342675408665]]]},"properties":{"prop_id":55019,"state_cd":"15A+","ite_code":210,"ite_name":"Single-Family Detached","ite_unit":"DU","units":2,"daily_trips":18.9,"am_peak_trips":1.4,"pm_peak_trips":1.9,"imprv_val":96020.0,"acres":1.19,"city":"Reno","city_code":"CRE","fill_color":[34,139,34,180]}},{"type":"Feature","geometry":{"type":"Polygon","coordinates":[[[-97.60013747384302,32.92973816312153],[-97.60014876105173,32.92944527780363],[-97.6001823319882,32.928575720084616],[-97.60026645182471,32.92857632770462],[-97.60025970033043,32.92834568284403],[-97.60133904412818,32.92832147812497],[-97.60403057196301,32.92826109679039],[-97.60403404509317,32.930080245278596],[-97.60012354339283,32.93009881382495],[-97.60013747384302,32.92973816312153]]]},"properties":{"prop_id":54228,"state_cd":"8","ite_code":0,"ite_name":"Vacant/Agricultural","ite_unit":"N/A","units":1.0,"daily_trips":0.0,"am_peak_trips":0.0,"pm_peak_trips":0.0,"imprv_val":0.0,"acres":17.6,"city":"Reno","city_code":"CRE","fill_color":[80,80,80,100]}},{"type":"Feature","geometry":{"type":"Polygon","coordinates":[[[-97.56418423963255,32.96766436029736],[-97.5647510227094,32.96764844656631],[-97.56474427510605,32.96833666558493],[-97.56474427453463,32.96833671969053],[-97.56473297461726,32.96833703890799],[-97.56444929845382,32.968345047141696],[-97.56417637958938,32.96835275042781],[-97.56417638015165,32.96835269722398],[-97.56418423963255,32.96766436029736]]]},"properties":{"prop_id":115991,"state_cd":"S85","ite_code":210,"ite_name":"Single-Family Detached","ite_unit":"DU","units":2,"daily_trips":18.9,"am_peak_trips":1.4,"pm_peak_trips":1.9,"imprv_val":493710.0,"acres":1.001,"city":"Reno","city_code":"CRE","fill_color":[34,139,34,180]}},{"type":"Feature","geometry":{"type":"Polygon","coordinates":[[[-97.56361401564274,32.97293314399211],[-97.56271878487715,32.972941841291664],[-97.56271238168867,32.97251800739881],[-97.56360772638727,32.972509462540636],[-97.56361401564274,32.97293314399211]]]},"properties":{"prop_id":106253,"state_cd":"S80","ite_code":210,"ite_name":"Single-Family Detached","ite_unit":"DU","units":2,"daily_trips":18.9,"am_peak_trips":1.4,"pm_peak_trips":1.9,"imprv_val":524340.0,"acres":1.0,"city":"Reno","city_code":"CRE","fill_color":[34,139,34,180]}},{"type":"Feature","geometry":{"type":"Polygon","coordinates":[[[-97.6018188215381,32.924290946042724],[-97.60215266227316,32.92429162043774],[-97.60215104857298,32.92502012177725],[-97.60183449524547,32.925017839629646],[-97.6018188215381,32.924290946042724]]]},"properties":{"prop_id":14316,"state_cd":"S70","ite_code":210,"ite_name":"Single-Family Detached","ite_unit":"DU","units":1,"daily_trips":9.4,"am_peak_trips":0.7,"pm_peak_trips":0.9,"imprv_val":134490.0,"acres":0.6064,"city":"Reno","city_code":"CRE","fill_color":[34,139,34,180]}},{"type":"Feature","geometry":{"type":"Polygon","coordinates":[[[-97.58614191298835,32.96484732940757],[-97.5859780003245,32.96482226665669],[-97.58557710352932,32.96483117383877],[-97.58556570595482,32.964224668841155],[-97.58558352951789,32.961897423144904],[-97.58570569654215,32.96185988172371],[-97.58541650978769,32.96040896493721],[-97.58645249102342,32.96041384517381],[-97.58652494468127,32.96217732173102],[-97.58649932964104,32.963166741387354],[-97.5864550045041,32.96487875321771],[-97.5864541720594,32.96491091449666],[-97.58644271446782,32.96491205158118],[-97.58644266781859,32.964923521617514],[-97.5862626302728,32.964879744391624],[-97.58626046613614,32.96487921808753],[-97.58614191298835,32.96484732940757]]]},"properties":{"prop_id":62481,"state_cd":"8","ite_code":210,"ite_name":"Single-Family Detached","ite_unit":"DU","units":2,"daily_trips":18.9,"am_peak_trips":1.4,"pm_peak_trips":1.9,"imprv_val":308350.0,"acres":1.0,"city":"Reno","city_code":"CRE","fill_color":[34,139,34,180]}},{"type":"Feature","geometry":{"type":"Polygon","coordinates":[[[-97.54372340198704,32.958008334669245],[-97.54370265088397,32.953086890240876],[-97.54372096255405,32.95308500525843],[-97.5437400329735,32.953083087317545],[-97.5437591072518,32.95308120818225],[-97.54377819068822,32.95307937240238],[-97.54379727584435,32.95307757541169],[-97.54381636800969,32.953075822661766],[-97.54383546617319,32.95307410873391],[-97.5438545702861,32.953072438136815],[-97.54387367718843,32.95307080633703],[-97.54389279005976,32.95306921606463],[-97.54391190674143,32.95306766910658],[-97.54393102832259,32.95306616366762],[-97.54395015590197,32.953064697050586],[-97.54396928728212,32.95306327464978],[-97.54398842039194,32.95306189013633],[-97.54400756051135,32.953060549863636],[-97.54402670339113,32.953059251093606],[-97.54404585118024,32.95305799294084],[-97.54406500279946,32.95305677629893],[-97.54408415717916,32.95305560115967],[-97.54410331431934,32.95305446752308],[-97.54412247743863,32.95305337451194],[-97.5441416433185,32.953052323003476],[-97.54416080875018,32.95305131297297],[-97.544179980161,32.95305034356806],[-97.54419915429357,32.953049419272745],[-97.54421833122579,32.95304853287303],[-97.5442375119688,32.95304768978765],[-97.54425669121372,32.95304688636859],[-97.54427587640869,32.953046126280285],[-97.5442950622253,32.953045407678175],[-97.54431424977204,32.95304472696347],[-97.54433344111035,32.953044091366664],[-97.5443526341205,32.95304349906775],[-97.54437182778155,32.953042945549804],[-97.54439102314373,32.95304243262453],[-97.5444102223364,32.95304196121007],[-97.54442941998262,32.953041533970676],[-97.54444862148857,32.95304114553682],[-97.54446781931868,32.953040800359915],[-97.54448702203926,32.95304049760378],[-97.54450622540122,32.95304023453031],[-97.54452542830585,32.95304001383664],[-97.5445446339814,32.95303983374384],[-97.54456383813978,32.953039695120836],[-97.54458304292021,32.95303959798402],[-97.54460224723368,32.95303954412877],[-97.54462145432788,32.95303952997257],[-97.54464065668655,32.953039558163354],[-97.54465986289559,32.953039626061454],[-97.54467906863782,32.95303973724106],[-97.54469827392292,32.95303989080051],[-97.54471747877037,32.95304008493608],[-97.5447366788728,32.95304032232048],[-97.54475588283539,32.9530405985104],[-97.54477508314199,32.95304091615371],[-97.54479428618092,32.953041278004896],[-97.54481348560284,32.95304167770248],[-97.54483268346908,32.95304212247694],[-97.54485187875872,32.95304260781119],[-97.55245240309043,32.95304890355846],[-97.5524777989977,32.95304631452482],[-97.55249622776033,32.953045963164705],[-97.5525146132498,32.95304705711298],[-97.552532799376,32.95304958886993],[-97.55255062374691,32.95305354006603],[-97.5525679381163,32.95305886989348],[-97.5525845889091,32.95306553570035],[-97.55260043023976,32.95307347595474],[-97.55261532690879,32.9530826301081],[-97.55262914830344,32.95309290878771],[-97.55264177548929,32.953104230826504],[-97.55265309726963,32.95311649166845],[-97.55266170733877,32.95312786252417],[-97.55266409190108,32.953246342884576],[-97.55269967947267,32.95501392682126],[-97.5527055238366,32.95568192896667],[-97.55270752219279,32.95569781553321],[-97.55271048758578,32.95571359942772],[-97.55271440878067,32.95572923096384],[-97.55271928086404,32.95574466952168],[-97.55272018714885,32.95574704643089],[-97.5527247018986,32.95575938988357],[-97.55272823746223,32.9557668713204],[-97.5527318172615,32.95577481753782],[-97.5527337030687,32.95577842478018],[-97.55273904932565,32.95578973564089],[-97.55274784890621,32.95580351582168],[-97.55275734587427,32.95581760161399],[-97.55276755338268,32.95583106332702],[-97.55277857452725,32.955844063172435],[-97.55279037116863,32.955856566590526],[-97.55279836264431,32.955864191921414],[-97.55280260008631,32.955868559248145],[-97.55280813079665,32.95587302658897],[-97.55281618212207,32.95587995705976],[-97.55281673800904,32.95588039055821],[-97.55282992950039,32.95590450125662],[-97.55285053778107,32.95590465520099],[-97.5528598935302,32.955910543143986],[-97.55287564181953,32.95591943137838],[-97.55289191529823,32.95592762287779],[-97.5529086650048,32.955935094724005],[-97.55292585043834,32.955941833081496],[-97.55294342585572,32.95594781415475],[-97.55296134217006,32.9559530267485],[-97.5529795460834,32.955957453322725],[-97.55299802300642,32.95597246228345],[-97.54912134199049,32.955975762214926],[-97.54914318189851,32.95818926484022],[-97.54914442720707,32.95831548869433],[-97.54372374985351,32.95830602110881],[-97.54372361259284,32.95818845603907],[-97.54372340198704,32.958008334669245]]]},"properties":{"prop_id":53925,"state_cd":"15A+","ite_code":0,"ite_name":"Vacant/Agricultural","ite_unit":"N/A","units":1.0,"daily_trips":0.0,"am_peak_trips":0.0,"pm_peak_trips":0.0,"imprv_val":0.0,"acres":95.622,"city":"Reno","city_code":"CRE","fill_color":[80,80,80,100]}},{"type":"Feature","geometry":{"type":"Polygon","coordinates":[[[-97.56645467509935,32.97332837070402],[-97.56644551144223,32.97298819464999],[-97.56729810618107,32.9729877342306],[-97.56726894145622,32.9730530592124],[-97.5672473598941,32.973120443907135],[-97.56723356172222,32.973189265750364],[-97.56722767458312,32.97325888630195],[-97.56722975235016,32.97332866205893],[-97.56723301738434,32.97349180961645],[-97.56645961809618,32.97351185000792],[-97.56645467509935,32.97332837070402]]]},"properties":{"prop_id":106273,"state_cd":"S80","ite_code":210,"ite_name":"Single-Family Detached","ite_unit":"DU","units":2,"daily_trips":18.9,"am_peak_trips":1.4,"pm_peak_trips":1.9,"imprv_val":404200.0,"acres":1.0,"city":"Reno","city_code":"CRE","fill_color":[34,139,34,180]}},{"type":"Feature","geometry":{"type":"Polygon","coordinates":[[[-97.57344322226514,32.951640636306706],[-97.5734414047227,32.95238737003825],[-97.5751984572043,32.95233179410024],[-97.57519758532374,32.95292422485159],[-97.57174156513247,32.95278909120571],[-97.57001210743135,32.95277492247327],[-97.56979954420521,32.95277401395018],[-97.56979959080189,32.952772632690035],[-97.56971396472098,32.95149840684823],[-97.57344322226514,32.951640636306706]]]},"properties":{"prop_id":57750,"state_cd":"8","ite_code":210,"ite_name":"Single-Family Detached","ite_unit":"DU","units":2,"daily_trips":18.9,"am_peak_trips":1.4,"pm_peak_trips":1.9,"imprv_val":59550.0,"acres":1.0,"city":"Reno","city_code":"CRE","fill_color":[34,139,34,180]}},{"type":"Feature","geometry":{"type":"Polygon","coordinates":[[[-97.55758977278481,32.9472236855126],[-97.55761561968006,32.94622852262629],[-97.55824258462982,32.94622493305062],[-97.55877575418457,32.946221878113285],[-97.5593122578053,32.9462188009758],[-97.55928472331523,32.948464125414574],[-97.55812918743274,32.94847200548205],[-97.55774799741856,32.94847904617584],[-97.55757911374656,32.94848574559327],[-97.55758977278481,32.9472236855126]]]},"properties":{"prop_id":65615,"state_cd":"8","ite_code":210,"ite_name":"Single-Family Detached","ite_unit":"DU","units":8,"daily_trips":75.5,"am_peak_trips":5.7,"pm_peak_trips":7.6,"imprv_val":331140.0,"acres":9.88,"city":"Reno","city_code":"CRE","fill_color":[255,200,0,200]}},{"type":"Feature","geometry":{"type":"Polygon","coordinates":[[[-97.5892829158905,32.967227990996214],[-97.58996970186233,32.96721139390243],[-97.58996054832078,32.96815717586547],[-97.58895408297485,32.96818354433754],[-97.5885029749188,32.96818489645805],[-97.58850488860168,32.96724678751443],[-97.5892829158905,32.967227990996214]]]},"properties":{"prop_id":54021,"state_cd":"8","ite_code":0,"ite_name":"Vacant/Agricultural","ite_unit":"N/A","units":1.0,"daily_trips":0.0,"am_peak_trips":0.0,"pm_peak_trips":0.0,"imprv_val":0.0,"acres":0.495,"city":"Reno","city_code":"CRE","fill_color":[80,80,80,100]}},{"type":"Feature","geometry":{"type":"Polygon","coordinates":[[[-97.54367474997984,32.94152091291351],[-97.54502860057076,32.94151631568318],[-97.54503120100608,32.94207986592893],[-97.5450311241135,32.94210426000461],[-97.54502898596895,32.942104273375904],[-97.54366368308247,32.942112568678],[-97.54367474997984,32.94152091291351]]]},"properties":{"prop_id":65651,"state_cd":"SF-OVR","ite_code":0,"ite_name":"Vacant/Agricultural","ite_unit":"N/A","units":1.0,"daily_trips":0.0,"am_peak_trips":0.0,"pm_peak_trips":0.0,"imprv_val":0.0,"acres":0.5,"city":"Reno","city_code":"CRE","fill_color":[80,80,80,100]}},{"type":"Feature","geometry":{"type":"Polygon","coordinates":[[[-97.58916052315466,32.939818481271764],[-97.58915715156166,32.93852587288416],[-97.58949145071442,32.938527770983534],[-97.58998620419085,32.938528718335625],[-97.5899840083479,32.938754542927235],[-97.58993504960947,32.9387542962176],[-97.58992211686395,32.94008379297459],[-97.59018429284517,32.94008511088514],[-97.58972592499713,32.94012495410362],[-97.58916130843403,32.94011957115033],[-97.58916052315466,32.939818481271764]]]},"properties":{"prop_id":89310,"state_cd":"8","ite_code":210,"ite_name":"Single-Family Detached","ite_unit":"DU","units":3,"daily_trips":28.3,"am_peak_trips":2.1,"pm_peak_trips":2.8,"imprv_val":399970.0,"acres":2.0,"city":"Reno","city_code":"CRE","fill_color":[34,139,34,180]}},{"type":"Feature","geometry":{"type":"Polygon","coordinates":[[[-97.54503120100608,32.94207986592893],[-97.54502860057076,32.94151631568318],[-97.54684894788029,32.9415336782866],[-97.54769207301432,32.94153683598875],[-97.54789842156157,32.941537607781704],[-97.54820546639489,32.941538755368306],[-97.54845360078811,32.94153968313794],[-97.54894267517577,32.941541509328864],[-97.54956789824163,32.94154384024499],[-97.54973086208928,32.94154444756621],[-97.55011627776429,32.94154588247093],[-97.55040879476819,32.94154697067561],[-97.55059844549416,32.94154767565536],[-97.55109368234675,32.94154951601345],[-97.55158324666598,32.941551333765865],[-97.5520699159139,32.941553138388606],[-97.55255945353719,32.94155495210164],[-97.55304331970505,32.941556742426904],[-97.5535304788355,32.94155854326381],[-97.55353081113721,32.942250742342345],[-97.5535308631522,32.942357782478666],[-97.55353088770273,32.94240773532551],[-97.55353092890543,32.94251788941497],[-97.55353123516103,32.94334125113025],[-97.55353133674117,32.94361421758543],[-97.5535227044602,32.94416423719871],[-97.55352017736028,32.94432526591666],[-97.55351904869359,32.94439716065711],[-97.55352029968577,32.94442472392919],[-97.5535203559601,32.94443957667933],[-97.55351997266067,32.9444544278937],[-97.55351916168635,32.94446926503701],[-97.55351791777632,32.9444840799528],[-97.55351623671986,32.94449886629627],[-97.55351413041592,32.94451361153207],[-97.55351158716746,32.94452830925841],[-97.55350861989477,32.944542951456995],[-97.55350522764378,32.9445575272985],[-97.55350140841985,32.944572023240205],[-97.55349716538304,32.94458644381521],[-97.55349250413106,32.944600765618375],[-97.55348742574289,32.94461498775601],[-97.55348299778875,32.944628896486975],[-97.55313649720983,32.945167804749616],[-97.55287188813274,32.94517053983444],[-97.55277758965194,32.945171514785834],[-97.5527365413912,32.9451719385972],[-97.55157618165268,32.945166741684126],[-97.55146956013529,32.94516626367345],[-97.5513826969353,32.94516587378507],[-97.55090516482568,32.94516373221261],[-97.55041703487433,32.945161540502674],[-97.54952690988915,32.94515753883527],[-97.54821235036721,32.9451516193185],[-97.54800455328494,32.94515069274816],[-97.54568415763684,32.94514033952554],[-97.54506041357433,32.945137548830814],[-97.54498872900302,32.945137227534715],[-97.54499359981851,32.94479012124654],[-97.54499723592961,32.94453094438704],[-97.54500200220143,32.94419124675379],[-97.5450104715739,32.94358773548894],[-97.54501887148297,32.94298916841202],[-97.54502320207902,32.942680541033496],[-97.5450267894263,32.94242497828966],[-97.54502919029333,32.9422539707062],[-97.54503107603377,32.94211953313138],[-97.5450311241135,32.94210426000461],[-97.54503120100608,32.94207986592893]]]},"properties":{"prop_id":118591,"state_cd":"15A+","ite_code":0,"ite_name":"Vacant/Agricultural","ite_unit":"N/A","units":1.0,"daily_trips":0.0,"am_peak_trips":0.0,"pm_peak_trips":0.0,"imprv_val":0.0,"acres":1.116,"city":"Reno","city_code":"CRE","fill_color":[80,80,80,100]}},{"type":"Feature","geometry":{"type":"Polygon","coordinates":[[[-97.57816785052789,32.95664928278726],[-97.57961543147319,32.95663453384808],[-97.57961745489162,32.9571389531683],[-97.57962086252417,32.958265610371974],[-97.57816071529413,32.95822663738385],[-97.57816549733234,32.95711780216062],[-97.57816785052789,32.95664928278726]]]},"properties":{"prop_id":62483,"state_cd":"8","ite_code":210,"ite_name":"Single-Family Detached","ite_unit":"DU","units":4,"daily_trips":37.8,"am_peak_trips":2.8,"pm_peak_trips":3.8,"imprv_val":239190.0,"acres":5.0,"city":"Reno","city_code":"CRE","fill_color":[34,139,34,180]}},{"type":"Feature","geometry":{"type":"Polygon","coordinates":[[[-97.55559965545922,32.94145860149358],[-97.55559573875362,32.9409529199483],[-97.55559169615647,32.94062075866475],[-97.55558165450444,32.93979567175395],[-97.55558342597863,32.93899252037312],[-97.55623207977925,32.93898469393511],[-97.55623274560834,32.93979483132581],[-97.55623369354691,32.94094770156381],[-97.55623390412198,32.94120379101512],[-97.55663283436711,32.941210391793255],[-97.55663571251947,32.94213802233149],[-97.55633086123922,32.94214402492668],[-97.55560507579777,32.942158311628305],[-97.55559965545922,32.94145860149358]]]},"properties":{"prop_id":65659,"state_cd":"8","ite_code":0,"ite_name":"Vacant/Agricultural","ite_unit":"N/A","units":1.0,"daily_trips":0.0,"am_peak_trips":0.0,"pm_peak_trips":0.0,"imprv_val":0.0,"acres":2.911,"city":"Reno","city_code":"CRE","fill_color":[80,80,80,100]}},{"type":"Feature","geometry":{"type":"Polygon","coordinates":[[[-97.59712119798101,32.927871103818],[-97.59770613161939,32.92787405075695],[-97.59770609047055,32.927877251066526],[-97.5976992625015,32.92841411005905],[-97.59552759117905,32.928403161874485],[-97.59552794952599,32.928356435058454],[-97.59665517694958,32.92836212568241],[-97.59711742017855,32.9283644561086],[-97.59712119798101,32.927871103818]]]},"properties":{"prop_id":54126,"state_cd":"8","ite_code":210,"ite_name":"Single-Family Detached","ite_unit":"DU","units":2,"daily_trips":18.9,"am_peak_trips":1.4,"pm_peak_trips":1.9,"imprv_val":233980.0,"acres":1.0,"city":"Reno","city_code":"CRE","fill_color":[34,139,34,180]}},{"type":"Feature","geometry":{"type":"Polygon","coordinates":[[[-97.6084956474415,32.9335766260097],[-97.60849405878379,32.93364533064859],[-97.60919992105622,32.933649292515476],[-97.60919285102648,32.93395516326458],[-97.61034998593948,32.933961648537455],[-97.61035863918757,32.93358707306038],[-97.61274531507608,32.93358162459258],[-97.61281654934582,32.934453014723836],[-97.61056125073274,32.934476240904864],[-97.61055303391994,32.93401272536151],[-97.60887774418187,32.93400333463455],[-97.60886908679856,32.934377800883155],[-97.60833124436229,32.93437478110822],[-97.60834983920189,32.93357019581032],[-97.6084956474415,32.9335766260097]]]},"properties":{"prop_id":87909,"state_cd":"10","ite_code":210,"ite_name":"Single-Family Detached","ite_unit":"DU","units":5,"daily_trips":47.2,"am_peak_trips":3.5,"pm_peak_trips":4.7,"imprv_val":206260.0,"acres":6.755,"city":"Reno","city_code":"CRE","fill_color":[34,139,34,180]}},{"type":"Feature","geometry":{"type":"Polygon","coordinates":[[[-97.56352058333553,32.942856055961386],[-97.56352581005115,32.94251079271945],[-97.56379415340729,32.942510643279284],[-97.56499752352583,32.94250996658373],[-97.56498494929194,32.94279647700473],[-97.5649576794581,32.94279614788958],[-97.56493073238266,32.9427996918643],[-97.5649048770365,32.94280701008785],[-97.56488085147821,32.942817892562246],[-97.56485934028183,32.94283202878492],[-97.56484095734012,32.942849015735874],[-97.56482622649055,32.94286836945618],[-97.56352058333553,32.942856055961386]]]},"properties":{"prop_id":19004,"state_cd":"S80","ite_code":0,"ite_name":"Vacant/Agricultural","ite_unit":"N/A","units":1.0,"daily_trips":0.0,"am_peak_trips":0.0,"pm_peak_trips":0.0,"imprv_val":0.0,"acres":1.27,"city":"Reno","city_code":"CRE","fill_color":[80,80,80,100]}},{"type":"Feature","geometry":{"type":"Polygon","coordinates":[[[-97.56968565041456,32.9510151727397],[-97.5696969350468,32.950550909424145],[-97.5713589788146,32.95050423337263],[-97.57204612431799,32.95050088195143],[-97.5733246995842,32.95050586873393],[-97.57403531984328,32.95049651149277],[-97.57459369300837,32.950500829424975],[-97.57522501987977,32.95051361345617],[-97.57520827978975,32.95106734797168],[-97.56968565041456,32.9510151727397]]]},"properties":{"prop_id":57754,"state_cd":"8","ite_code":0,"ite_name":"Vacant/Agricultural","ite_unit":"N/A","units":1.0,"daily_trips":0.0,"am_peak_trips":0.0,"pm_peak_trips":0.0,"imprv_val":0.0,"acres":6.86,"city":"Reno","city_code":"CRE","fill_color":[80,80,80,100]}},{"type":"Feature","geometry":{"type":"Polygon","coordinates":[[[-97.55259874333026,32.92189360168389],[-97.55403766952821,32.92190206619108],[-97.55420798992304,32.92228064424793],[-97.55400903608448,32.922278920550426],[-97.55332306357586,32.922272973811516],[-97.55260288443152,32.92227232204609],[-97.55259874333026,32.92189360168389]]]},"properties":{"prop_id":55039,"state_cd":"15A+","ite_code":210,"ite_name":"Single-Family Detached","ite_unit":"DU","units":2,"daily_trips":18.9,"am_peak_trips":1.4,"pm_peak_trips":1.9,"imprv_val":122340.0,"acres":1.51,"city":"Reno","city_code":"CRE","fill_color":[34,139,34,180]}},{"type":"Feature","geometry":{"type":"Polygon","coordinates":[[[-97.56029411117208,32.93575614953575],[-97.56030309193183,32.93529152934472],[-97.55930977099473,32.93530407587745],[-97.55906627571696,32.93505169527321],[-97.55891772686398,32.93489165978995],[-97.55897180576339,32.93367125220939],[-97.55940171448752,32.93372379786263],[-97.55994042149516,32.933789638187406],[-97.56043413197919,32.933855257654805],[-97.5603833593463,32.93575646559538],[-97.56029411117208,32.93575614953575]]]},"properties":{"prop_id":91049,"state_cd":"8","ite_code":0,"ite_name":"Vacant/Agricultural","ite_unit":"N/A","units":1.0,"daily_trips":0.0,"am_peak_trips":0.0,"pm_peak_trips":0.0,"imprv_val":0.0,"acres":4.67,"city":"Reno","city_code":"CRE","fill_color":[80,80,80,100]}},{"type":"Feature","geometry":{"type":"Polygon","coordinates":[[[-97.56395586616262,32.94598739173446],[-97.56395211567195,32.94503130207379],[-97.56403573044564,32.945032398300405],[-97.56429658026892,32.94503581860352],[-97.56430344094501,32.9459958184884],[-97.56395586616262,32.94598739173446]]]},"properties":{"prop_id":18965,"state_cd":"S105","ite_code":210,"ite_name":"Single-Family Detached","ite_unit":"DU","units":1,"daily_trips":9.4,"am_peak_trips":0.7,"pm_peak_trips":0.9,"imprv_val":43490.0,"acres":0.798,"city":"Reno","city_code":"CRE","fill_color":[34,139,34,180]}},{"type":"Feature","geometry":{"type":"Polygon","coordinates":[[[-97.55983655972787,32.964865328120766],[-97.55988102028138,32.960320952653134],[-97.56052924948595,32.96032536440975],[-97.56050903788196,32.96487170288661],[-97.55983655972787,32.964865328120766]]]},"properties":{"prop_id":22986,"state_cd":"8","ite_code":210,"ite_name":"Single-Family Detached","ite_unit":"DU","units":2,"daily_trips":18.9,"am_peak_trips":1.4,"pm_peak_trips":1.9,"imprv_val":162160.0,"acres":1.0,"city":"Reno","city_code":"CRE","fill_color":[34,139,34,180]}},{"type":"Feature","geometry":{"type":"Polygon","coordinates":[[[-97.5570187007101,32.94959219103294],[-97.55702330496013,32.948556920089594],[-97.55742567870112,32.948563481005],[-97.55774816868554,32.948567211696],[-97.55810663057045,32.94856060431453],[-97.55812931861686,32.94856085789362],[-97.55891120161914,32.948569810670435],[-97.55890737765966,32.94916698540655],[-97.5591887412422,32.94916806325322],[-97.55918404580927,32.94961071381257],[-97.5570187007101,32.94959219103294]]]},"properties":{"prop_id":69819,"state_cd":"8","ite_code":210,"ite_name":"Single-Family Detached","ite_unit":"DU","units":2,"daily_trips":18.9,"am_peak_trips":1.4,"pm_peak_trips":1.9,"imprv_val":153250.0,"acres":1.0,"city":"Reno","city_code":"CRE","fill_color":[34,139,34,180]}},{"type":"Feature","geometry":{"type":"Polygon","coordinates":[[[-97.56160207730318,32.93731220393087],[-97.56179013857025,32.93730903544576],[-97.56210104465809,32.93730378937489],[-97.56206767325529,32.9386853264146],[-97.56158216782855,32.93868874422429],[-97.56160207730318,32.93731220393087]]]},"properties":{"prop_id":62217,"state_cd":"8","ite_code":210,"ite_name":"Single-Family Detached","ite_unit":"DU","units":3,"daily_trips":28.3,"am_peak_trips":2.1,"pm_peak_trips":2.8,"imprv_val":126570.0,"acres":1.96,"city":"Reno","city_code":"CRE","fill_color":[34,139,34,180]}},{"type":"Feature","geometry":{"type":"Polygon","coordinates":[[[-97.55921949440351,32.960245917419435],[-97.55919541765735,32.959047882411625],[-97.55917927049197,32.958244367064474],[-97.55914593145519,32.95755007089464],[-97.55914306877433,32.957403370625485],[-97.55912681042318,32.956551287824944],[-97.55912005735728,32.95587736173237],[-97.55912548452105,32.95571962426044],[-97.56011179242311,32.95572402957138],[-97.56015569292498,32.96025618345808],[-97.55964336878213,32.96025056698427],[-97.55921949440351,32.960245917419435]]]},"properties":{"prop_id":53938,"state_cd":"8","ite_code":0,"ite_name":"Vacant/Agricultural","ite_unit":"N/A","units":1.0,"daily_trips":0.0,"am_peak_trips":0.0,"pm_peak_trips":0.0,"imprv_val":0.0,"acres":16.02,"city":"Reno","city_code":"CRE","fill_color":[80,80,80,100]}},{"type":"Feature","geometry":{"type":"Polygon","coordinates":[[[-97.54564184959185,32.93391020022892],[-97.5462170166923,32.93391796189481],[-97.54633530531962,32.93556271935515],[-97.54567671019794,32.935564170002536],[-97.54564184959185,32.93391020022892]]]},"properties":{"prop_id":55078,"state_cd":"15A+","ite_code":0,"ite_name":"Vacant/Agricultural","ite_unit":"N/A","units":1.0,"daily_trips":0.0,"am_peak_trips":0.0,"pm_peak_trips":0.0,"imprv_val":0.0,"acres":2.602,"city":"Reno","city_code":"CRE","fill_color":[80,80,80,100]}},{"type":"Feature","geometry":{"type":"Polygon","coordinates":[[[-97.5711432202114,32.93710729388345],[-97.57068712500808,32.937780591206675],[-97.57067199408264,32.93780290876414],[-97.57004004973676,32.93790253709143],[-97.56974933172049,32.937900366600545],[-97.56967684826866,32.93802626976441],[-97.56953945166043,32.938264939567105],[-97.56945322074017,32.93841473683856],[-97.56953773608345,32.93868576785746],[-97.56957428735697,32.93880303583988],[-97.56901595660223,32.938804853800306],[-97.56930334873715,32.937776527029044],[-97.56949818297792,32.93707935002965],[-97.5711432202114,32.93710729388345]]]},"properties":{"prop_id":41750,"state_cd":"8","ite_code":0,"ite_name":"Vacant/Agricultural","ite_unit":"N/A","units":1.0,"daily_trips":0.0,"am_peak_trips":0.0,"pm_peak_trips":0.0,"imprv_val":7200.0,"acres":4.0,"city":"Reno","city_code":"CRE","fill_color":[80,80,80,100]}},{"type":"Feature","geometry":{"type":"Polygon","coordinates":[[[-97.55089089096076,32.93245649409125],[-97.55087824063946,32.93191031122684],[-97.55124478675313,32.931915600639606],[-97.55202116220656,32.931926800520586],[-97.55201641586842,32.93222713822871],[-97.55201490722203,32.932453067481234],[-97.55201473786374,32.93247838796037],[-97.55122555937689,32.932479913781286],[-97.5511995088782,32.93247996427704],[-97.55089144804094,32.93248055843652],[-97.55089089096076,32.93245649409125]]]},"properties":{"prop_id":55038,"state_cd":"15A+","ite_code":210,"ite_name":"Single-Family Detached","ite_unit":"DU","units":3,"daily_trips":28.3,"am_peak_trips":2.1,"pm_peak_trips":2.8,"imprv_val":254460.0,"acres":1.67,"city":"Reno","city_code":"CRE","fill_color":[34,139,34,180]}},{"type":"Feature","geometry":{"type":"Polygon","coordinates":[[[-97.57687625530295,32.96292838698774],[-97.5768803164372,32.96261534818288],[-97.57804217109893,32.96263938619444],[-97.57804267768346,32.9626850577675],[-97.5780448552919,32.96288301407803],[-97.57804529024786,32.96295036333485],[-97.57687625530295,32.96292838698774]]]},"properties":{"prop_id":57844,"state_cd":"8","ite_code":210,"ite_name":"Single-Family Detached","ite_unit":"DU","units":2,"daily_trips":18.9,"am_peak_trips":1.4,"pm_peak_trips":1.9,"imprv_val":78139.0,"acres":1.0,"city":"Reno","city_code":"CRE","fill_color":[34,139,34,180]}},{"type":"Feature","geometry":{"type":"Polygon","coordinates":[[[-97.55836334636437,32.930827768967006],[-97.55833677865348,32.930821493365734],[-97.55818150195229,32.930776948365306],[-97.55802270069744,32.930742358042046],[-97.55775944331998,32.93070784592114],[-97.55773901590558,32.930706319713394],[-97.5577185739625,32.93070495301738],[-97.55769811639249,32.9307037485304],[-97.55767764858041,32.93070270268575],[-97.55765716832035,32.93070182177963],[-97.55763667990861,32.930701104040786],[-97.5576161833643,32.930700547665836],[-97.55759568510314,32.93070015270319],[-97.55757518189793,32.93069992093217],[-97.55755467375815,32.93069985145094],[-97.55753416708032,32.93069994611166],[-97.55751366191232,32.93070020040546],[-97.55749316143319,32.93070061706195],[-97.5574726656428,32.93070119608105],[-97.55745217879912,32.93070193929863],[-97.5574317020097,32.93070284311587],[-97.55741123419551,32.93070390842639],[-97.55739077748551,32.93070513614804],[-97.55737033829541,32.930706526329516],[-97.5573499144865,32.93070807895457],[-97.55732950715674,32.930709791326045],[-97.55730912484135,32.930711665312195],[-97.55728876113392,32.9307136999627],[-97.5572684213425,32.93071589892508],[-97.55724810552462,32.930718256788836],[-97.55722781686886,32.930720775381694],[-97.55720755750407,32.93072345562164],[-97.55718732743985,32.930726296607],[-97.55716713527859,32.93072929389362],[-97.557146974537,32.93073245374532],[-97.55712684739206,32.93073577257132],[-97.55710676026918,32.93073924951834],[-97.55708671206044,32.93074288818544],[-97.55706670709102,32.930746684096114],[-97.55704674215295,32.93075063722618],[-97.55702682476958,32.93075474402523],[-97.55700695160823,32.930759016191885],[-97.55698712919973,32.93076344295368],[-97.5569673543073,32.93076802699153],[-97.55694763555253,32.930772762057956],[-97.5569279674928,32.930777657130136],[-97.55690835336466,32.93078270952705],[-97.55688879964158,32.9307879138867],[-97.55686930306749,32.93079327469367],[-97.55684986903688,32.9307987874797],[-97.55683049322435,32.93080445672115],[-97.55681117998392,32.9308102752364],[-97.55679193781235,32.93081624850087],[-97.55677276136308,32.93082237647403],[-97.5567536528417,32.93082865285973],[-97.55673461434851,32.93083508128136],[-97.55671565126832,32.930841658172284],[-97.5567020461362,32.93084650262302],[-97.55669902324964,32.93084757907081],[-97.55668263979388,32.9308535306779],[-97.5567686517954,32.930148810607626],[-97.55833818874893,32.93077958126323],[-97.55838089717577,32.93079679369389],[-97.55837389368764,32.930809068856384],[-97.55836334636437,32.930827768967006]]]},"properties":{"prop_id":41121,"state_cd":"15A+","ite_code":210,"ite_name":"Single-Family Detached","ite_unit":"DU","units":2,"daily_trips":18.9,"am_peak_trips":1.4,"pm_peak_trips":1.9,"imprv_val":183820.0,"acres":1.06,"city":"Reno","city_code":"CRE","fill_color":[34,139,34,180]}},{"type":"Feature","geometry":{"type":"Polygon","coordinates":[[[-97.56191869833316,32.92891547823721],[-97.56303148856165,32.92930794092285],[-97.56303349065341,32.929864239131845],[-97.56303348312139,32.929888308177176],[-97.56303328090524,32.93102279466496],[-97.5630311762676,32.93108741070844],[-97.56301566232109,32.93259477481482],[-97.56179845135038,32.9321283375714],[-97.5618461046828,32.93053528668409],[-97.56187912631106,32.92979839709629],[-97.56191869833316,32.92891547823721]]]},"properties":{"prop_id":41123,"state_cd":"15A+","ite_code":0,"ite_name":"Vacant/Agricultural","ite_unit":"N/A","units":1.0,"daily_trips":0.0,"am_peak_trips":0.0,"pm_peak_trips":0.0,"imprv_val":0.0,"acres":9.0,"city":"Reno","city_code":"CRE","fill_color":[80,80,80,100]}},{"type":"Feature","geometry":{"type":"Polygon","coordinates":[[[-97.59647802855623,32.92742793807157],[-97.5964888728425,32.927016485610125],[-97.59554241900307,32.927009617019706],[-97.5955638353267,32.92663404505959],[-97.59632653904865,32.92663323258787],[-97.59713684160432,32.9266391084704],[-97.59772131788438,32.92663849524992],[-97.59770920504283,32.92743588646504],[-97.59647800915185,32.92742868735469],[-97.59647802855623,32.92742793807157]]]},"properties":{"prop_id":54119,"state_cd":"8","ite_code":210,"ite_name":"Single-Family Detached","ite_unit":"DU","units":2,"daily_trips":18.9,"am_peak_trips":1.4,"pm_peak_trips":1.9,"imprv_val":106210.0,"acres":1.0,"city":"Reno","city_code":"CRE","fill_color":[34,139,34,180]}},{"type":"Feature","geometry":{"type":"Polygon","coordinates":[[[-97.55528454601627,32.93572677568718],[-97.55580738141397,32.93547529715134],[-97.55592752543808,32.935417648781964],[-97.55710039683439,32.93485388296955],[-97.55710545576657,32.93496195308789],[-97.55724184539635,32.93541910776861],[-97.55543515535983,32.93634653479417],[-97.55528454601627,32.93572677568718]]]},"properties":{"prop_id":65676,"state_cd":"8","ite_code":0,"ite_name":"Vacant/Agricultural","ite_unit":"N/A","units":1.0,"daily_trips":0.0,"am_peak_trips":0.0,"pm_peak_trips":0.0,"imprv_val":0.0,"acres":0.815,"city":"Reno","city_code":"CRE","fill_color":[80,80,80,100]}},{"type":"Feature","geometry":{"type":"Polygon","coordinates":[[[-97.60361379978606,32.95237936500977],[-97.60361121439496,32.952369116947686],[-97.60363963952214,32.95033326042721],[-97.60456999376163,32.95033648694929],[-97.60457774192298,32.952391835921176],[-97.60361379978606,32.95237936500977]]]},"properties":{"prop_id":55311,"state_cd":"8","ite_code":0,"ite_name":"Vacant/Agricultural","ite_unit":"N/A","units":1.0,"daily_trips":0.0,"am_peak_trips":0.0,"pm_peak_trips":0.0,"imprv_val":0.0,"acres":5.042,"city":"Reno","city_code":"CRE","fill_color":[80,80,80,100]}},{"type":"Feature","geometry":{"type":"Polygon","coordinates":[[[-97.6099621972199,32.92974514189717],[-97.60996227741767,32.9297451424702],[-97.60995552213544,32.93001848744151],[-97.60995547303388,32.9300205008827],[-97.60843238601176,32.9300175939006],[-97.60842803639211,32.92974019241547],[-97.6099621972199,32.92974514189717]]]},"properties":{"prop_id":28982,"state_cd":"10","ite_code":0,"ite_name":"Vacant/Agricultural","ite_unit":"N/A","units":1.0,"daily_trips":0.0,"am_peak_trips":0.0,"pm_peak_trips":0.0,"imprv_val":0.0,"acres":1.11,"city":"Reno","city_code":"CRE","fill_color":[80,80,80,100]}},{"type":"Feature","geometry":{"type":"Polygon","coordinates":[[[-97.56139564134985,32.967082109433676],[-97.56140129319763,32.966630228725684],[-97.5622624790083,32.96663540877409],[-97.56226745817607,32.96708870870339],[-97.56139564134985,32.967082109433676]]]},"properties":{"prop_id":115911,"state_cd":"S85","ite_code":210,"ite_name":"Single-Family Detached","ite_unit":"DU","units":2,"daily_trips":18.9,"am_peak_trips":1.4,"pm_peak_trips":1.9,"imprv_val":430000.0,"acres":1.001,"city":"Reno","city_code":"CRE","fill_color":[34,139,34,180]}},{"type":"Feature","geometry":{"type":"Polygon","coordinates":[[[-97.54503769258437,32.939423061146684],[-97.54503956314537,32.939423061055834],[-97.54503854755782,32.939990779977066],[-97.54362570108904,32.93999224851186],[-97.54362643313543,32.93942290314868],[-97.54503769258437,32.939423061146684]]]},"properties":{"prop_id":85124,"state_cd":"15A+","ite_code":0,"ite_name":"Vacant/Agricultural","ite_unit":"N/A","units":1.0,"daily_trips":0.0,"am_peak_trips":0.0,"pm_peak_trips":0.0,"imprv_val":0.0,"acres":0.425,"city":"Reno","city_code":"CRE","fill_color":[80,80,80,100]}},{"type":"Feature","geometry":{"type":"Polygon","coordinates":[[[-97.61612915433116,32.95024424348007],[-97.61502076896936,32.95025767166773],[-97.61502816903545,32.94815748218617],[-97.61614541415959,32.94816111736329],[-97.61612915433116,32.95024424348007]]]},"properties":{"prop_id":48501,"state_cd":"8","ite_code":210,"ite_name":"Single-Family Detached","ite_unit":"DU","units":2,"daily_trips":18.9,"am_peak_trips":1.4,"pm_peak_trips":1.9,"imprv_val":406390.0,"acres":1.0,"city":"Reno","city_code":"CRE","fill_color":[34,139,34,180]}},{"type":"Feature","geometry":{"type":"Polygon","coordinates":[[[-97.5737052215228,32.95436520246155],[-97.57370560527292,32.95384412832969],[-97.57425879405054,32.953847261932225],[-97.57425729178843,32.954259315134934],[-97.57520455425487,32.954256378617266],[-97.57520414011628,32.95435791554883],[-97.57422009017881,32.954362701664955],[-97.5737052215228,32.95436520246155]]]},"properties":{"prop_id":113802,"state_cd":"S60","ite_code":0,"ite_name":"Vacant/Agricultural","ite_unit":"N/A","units":1.0,"daily_trips":0.0,"am_peak_trips":0.0,"pm_peak_trips":0.0,"imprv_val":0.0,"acres":1.0,"city":"Reno","city_code":"CRE","fill_color":[80,80,80,100]}},{"type":"Feature","geometry":{"type":"Polygon","coordinates":[[[-97.56079433920219,32.966662308120725],[-97.56079131977438,32.967531440265184],[-97.56023778908997,32.96752604266848],[-97.56024745443735,32.966648941522564],[-97.56079433920219,32.966662308120725]]]},"properties":{"prop_id":115908,"state_cd":"S85","ite_code":0,"ite_name":"Vacant/Agricultural","ite_unit":"N/A","units":1.0,"daily_trips":0.0,"am_peak_trips":0.0,"pm_peak_trips":0.0,"imprv_val":0.0,"acres":1.226,"city":"Reno","city_code":"CRE","fill_color":[80,80,80,100]}},{"type":"Feature","geometry":{"type":"Polygon","coordinates":[[[-97.58828122058402,32.97139740989597],[-97.5877543334101,32.97155826620902],[-97.58765607418017,32.97089854506374],[-97.58828185370653,32.970709020254915],[-97.5889667126533,32.97050905085553],[-97.58910212266504,32.970853171365974],[-97.5894015741097,32.97157988298103],[-97.58913899374058,32.97176721840704],[-97.58883933111854,32.971227017345484],[-97.58828122058402,32.97139740989597]]]},"properties":{"prop_id":70710,"state_cd":"8","ite_code":0,"ite_name":"Vacant/Agricultural","ite_unit":"N/A","units":1.0,"daily_trips":0.0,"am_peak_trips":0.0,"pm_peak_trips":0.0,"imprv_val":0.0,"acres":2.0,"city":"Reno","city_code":"CRE","fill_color":[80,80,80,100]}},{"type":"Feature","geometry":{"type":"Polygon","coordinates":[[[-97.54505242812942,32.95176732360694],[-97.54505129527459,32.9519723948893],[-97.54449965859367,32.951982507715485],[-97.5445045316927,32.951763902414896],[-97.54505242812942,32.95176732360694]]]},"properties":{"prop_id":98916,"state_cd":"15A+","ite_code":210,"ite_name":"Single-Family Detached","ite_unit":"DU","units":5,"daily_trips":47.2,"am_peak_trips":3.5,"pm_peak_trips":4.7,"imprv_val":21300.0,"acres":5.702,"city":"Reno","city_code":"CRE","fill_color":[34,139,34,180]}},{"type":"Feature","geometry":{"type":"Polygon","coordinates":[[[-97.56256597899691,32.947074694080435],[-97.5625581845804,32.94611545452713],[-97.56303126878548,32.94612640912943],[-97.56303212800411,32.94708511758496],[-97.56256597899691,32.947074694080435]]]},"properties":{"prop_id":18935,"state_cd":"S80","ite_code":210,"ite_name":"Single-Family Detached","ite_unit":"DU","units":2,"daily_trips":18.9,"am_peak_trips":1.4,"pm_peak_trips":1.9,"imprv_val":204480.0,"acres":1.098,"city":"Reno","city_code":"CRE","fill_color":[34,139,34,180]}},{"type":"Feature","geometry":{"type":"Polygon","coordinates":[[[-97.55517964785379,32.93194267269179],[-97.55452420524523,32.931779578901384],[-97.55432444911872,32.9313066311819],[-97.55431335791141,32.9311969738409],[-97.55430768740642,32.931145231207715],[-97.554561216765,32.931219897797746],[-97.55511643051625,32.93138340992411],[-97.55569740231961,32.931554505367615],[-97.55563709734564,32.93164289352828],[-97.55551985733256,32.931896049290565],[-97.55548896134056,32.93202099533825],[-97.55517964785379,32.93194267269179]]]},"properties":{"prop_id":55090,"state_cd":"S45","ite_code":210,"ite_name":"Single-Family Detached","ite_unit":"DU","units":1,"daily_trips":9.4,"am_peak_trips":0.7,"pm_peak_trips":0.9,"imprv_val":348610.0,"acres":0.742,"city":"Reno","city_code":"CRE","fill_color":[34,139,34,180]}},{"type":"Feature","geometry":{"type":"Polygon","coordinates":[[[-97.61532768280154,32.94060071216263],[-97.61499151487821,32.94088464687353],[-97.6139153965799,32.94164825535001],[-97.61392437699168,32.940770274045526],[-97.61486090751356,32.940075422327034],[-97.61489477374808,32.940138000202],[-97.61493412198864,32.94019825601892],[-97.61497872892966,32.94025584729415],[-97.61502834327801,32.940310449381485],[-97.61532768280154,32.94060071216263]]]},"properties":{"prop_id":111527,"state_cd":"8","ite_code":0,"ite_name":"Vacant/Agricultural","ite_unit":"N/A","units":1.0,"daily_trips":0.0,"am_peak_trips":0.0,"pm_peak_trips":0.0,"imprv_val":0.0,"acres":2.6,"city":"Reno","city_code":"CRE","fill_color":[80,80,80,100]}},{"type":"Feature","geometry":{"type":"Polygon","coordinates":[[[-97.56303349065341,32.929864239131845],[-97.56303148856165,32.92930794092285],[-97.56330991133302,32.929413599000505],[-97.5637353593276,32.92957504893292],[-97.56392622615184,32.92957734642244],[-97.56463281497368,32.92958585115294],[-97.56462306040177,32.930012427463325],[-97.56462233950081,32.930043939411114],[-97.56462170963272,32.93007148847354],[-97.56452255099333,32.933166863148976],[-97.56452232820412,32.93317185854678],[-97.56452141745083,32.93317151712647],[-97.56449376664051,32.93316116382946],[-97.56301566232109,32.93259477481482],[-97.5630311762676,32.93108741070844],[-97.56303328090524,32.93102279466496],[-97.56303348312139,32.929888308177176],[-97.56303349065341,32.929864239131845]]]},"properties":{"prop_id":41124,"state_cd":"15A+","ite_code":0,"ite_name":"Vacant/Agricultural","ite_unit":"N/A","units":1.0,"daily_trips":0.0,"am_peak_trips":0.0,"pm_peak_trips":0.0,"imprv_val":0.0,"acres":7.51,"city":"Reno","city_code":"CRE","fill_color":[80,80,80,100]}},{"type":"Feature","geometry":{"type":"Polygon","coordinates":[[[-97.54367724208527,32.941231731198926],[-97.5450338823625,32.94122817804109],[-97.54502860057076,32.94151631568318],[-97.54367474997984,32.94152091291351],[-97.54367724208527,32.941231731198926]]]},"properties":{"prop_id":91347,"state_cd":"15A+","ite_code":0,"ite_name":"Vacant/Agricultural","ite_unit":"N/A","units":1.0,"daily_trips":0.0,"am_peak_trips":0.0,"pm_peak_trips":0.0,"imprv_val":9000.0,"acres":0.25,"city":"Reno","city_code":"CRE","fill_color":[80,80,80,100]}},{"type":"Feature","geometry":{"type":"Polygon","coordinates":[[[-97.56137180622815,32.97257972740094],[-97.56232589401213,32.97256528796411],[-97.56232609175512,32.97259218115309],[-97.56232440558306,32.9726566421746],[-97.56231560144067,32.972720689810814],[-97.56229975474285,32.97278376819808],[-97.56227700504684,32.972845326463215],[-97.56224754950037,32.97290483130022],[-97.5622116439596,32.972961762469474],[-97.56216960069736,32.97301562721018],[-97.56212178632104,32.97306595481377],[-97.56136689232218,32.972894822659484],[-97.56137180622815,32.97257972740094]]]},"properties":{"prop_id":106185,"state_cd":"S80","ite_code":210,"ite_name":"Single-Family Detached","ite_unit":"DU","units":2,"daily_trips":18.9,"am_peak_trips":1.4,"pm_peak_trips":1.9,"imprv_val":441060.0,"acres":1.0,"city":"Reno","city_code":"CRE","fill_color":[34,139,34,180]}},{"type":"Feature","geometry":{"type":"Polygon","coordinates":[[[-97.57735191813607,32.94020483967901],[-97.57738279429287,32.93985053041835],[-97.57848278594055,32.93985971969111],[-97.57847656418846,32.93993481084903],[-97.57845342634033,32.94021404131136],[-97.57735191813607,32.94020483967901]]]},"properties":{"prop_id":80352,"state_cd":"S80","ite_code":210,"ite_name":"Single-Family Detached","ite_unit":"DU","units":2,"daily_trips":18.9,"am_peak_trips":1.4,"pm_peak_trips":1.9,"imprv_val":220590.0,"acres":1.0,"city":"Reno","city_code":"CRE","fill_color":[34,139,34,180]}},{"type":"Feature","geometry":{"type":"Polygon","coordinates":[[[-97.55367010677239,32.938430555402654],[-97.55365942653864,32.938253589100235],[-97.55366204976943,32.93825360992883],[-97.55423921881253,32.9382581444157],[-97.55423249616616,32.93886676937369],[-97.55369339891469,32.93885936946139],[-97.55369459098668,32.93857978959014],[-97.55367010677239,32.938430555402654]]]},"properties":{"prop_id":65642,"state_cd":"8","ite_code":210,"ite_name":"Single-Family Detached","ite_unit":"DU","units":2,"daily_trips":18.9,"am_peak_trips":1.4,"pm_peak_trips":1.9,"imprv_val":142700.0,"acres":1.0,"city":"Reno","city_code":"CRE","fill_color":[34,139,34,180]}},{"type":"Feature","geometry":{"type":"Polygon","coordinates":[[[-97.59539355516029,32.94577702262131],[-97.59541219758907,32.94395158777343],[-97.59542232678241,32.94295972270339],[-97.59560344623752,32.94295949187221],[-97.59509408411846,32.942543622614394],[-97.59480696380635,32.94264600328301],[-97.59465778236466,32.94272399014648],[-97.59465711906145,32.9408723396201],[-97.5946713763278,32.93951576159592],[-97.5946818594776,32.938536068775775],[-97.59555702400851,32.938550228122914],[-97.59554074793708,32.93807107539783],[-97.5955515568162,32.936707617929876],[-97.5954590516432,32.935773961401644],[-97.59765410869035,32.93579288692099],[-97.59769133723329,32.943023531672196],[-97.5956283015788,32.943024622246924],[-97.59561882199708,32.94395308782451],[-97.5956120288969,32.94461841734353],[-97.59561936874842,32.944618470623055],[-97.59560807639998,32.94572445205093],[-97.59560745275726,32.94578553129621],[-97.59539355516029,32.94577702262131]]]},"properties":{"prop_id":39297,"state_cd":"8","ite_code":0,"ite_name":"Vacant/Agricultural","ite_unit":"N/A","units":1.0,"daily_trips":0.0,"am_peak_trips":0.0,"pm_peak_trips":0.0,"imprv_val":0.0,"acres":39.206,"city":"Reno","city_code":"CRE","fill_color":[80,80,80,100]}},{"type":"Feature","geometry":{"type":"Polygon","coordinates":[[[-97.5484499554403,32.942349061943744],[-97.54813582471523,32.942350956845665],[-97.54812071560006,32.94233471117268],[-97.5481026263091,32.94232079651915],[-97.54808205539398,32.94230959726767],[-97.54805957065436,32.94230142347798],[-97.54803579215286,32.94229649903298],[-97.54801137512375,32.94229495970509],[-97.54798699184055,32.942296848508136],[-97.54789842156157,32.941537607781704],[-97.54820546639489,32.941538755368306],[-97.54845360078811,32.94153968313794],[-97.5484499554403,32.942349061943744]]]},"properties":{"prop_id":118600,"state_cd":"15A+","ite_code":0,"ite_name":"Vacant/Agricultural","ite_unit":"N/A","units":1.0,"daily_trips":0.0,"am_peak_trips":0.0,"pm_peak_trips":0.0,"imprv_val":0.0,"acres":1.018,"city":"Reno","city_code":"CRE","fill_color":[80,80,80,100]}},{"type":"Feature","geometry":{"type":"Polygon","coordinates":[[[-97.58677230690583,32.945741422621154],[-97.58676346146132,32.946271638850945],[-97.58626903597026,32.94625771307355],[-97.58627530456754,32.94573776065203],[-97.58677230690583,32.945741422621154]]]},"properties":{"prop_id":22927,"state_cd":"S50","ite_code":210,"ite_name":"Single-Family Detached","ite_unit":"DU","units":1,"daily_trips":9.4,"am_peak_trips":0.7,"pm_peak_trips":0.9,"imprv_val":255560.0,"acres":0.685,"city":"Reno","city_code":"CRE","fill_color":[34,139,34,180]}},{"type":"Feature","geometry":{"type":"Polygon","coordinates":[[[-97.56204813664743,32.96027144875752],[-97.56138235664616,32.96026862979097],[-97.56138225248253,32.95982990814932],[-97.56169214259562,32.95983230240695],[-97.5617318330302,32.959510444080664],[-97.56203996299112,32.95951479292923],[-97.56204813664743,32.96027144875752]]]},"properties":{"prop_id":51939,"state_cd":"8","ite_code":210,"ite_name":"Single-Family Detached","ite_unit":"DU","units":2,"daily_trips":18.9,"am_peak_trips":1.4,"pm_peak_trips":1.9,"imprv_val":28490.0,"acres":1.202,"city":"Reno","city_code":"CRE","fill_color":[34,139,34,180]}},{"type":"Feature","geometry":{"type":"Polygon","coordinates":[[[-97.56273361600505,32.94918425644205],[-97.56273731019286,32.9503827861667],[-97.5624119348974,32.95037837125569],[-97.56240569731627,32.94917862561472],[-97.5625120626555,32.94918001127088],[-97.56273361600505,32.94918425644205]]]},"properties":{"prop_id":18869,"state_cd":"S80","ite_code":210,"ite_name":"Single-Family Detached","ite_unit":"DU","units":2,"daily_trips":18.9,"am_peak_trips":1.4,"pm_peak_trips":1.9,"imprv_val":34910.0,"acres":1.0036,"city":"Reno","city_code":"CRE","fill_color":[34,139,34,180]}},{"type":"Feature","geometry":{"type":"Polygon","coordinates":[[[-97.55921949440351,32.960245917419435],[-97.55919541765735,32.959047882411625],[-97.55917927049197,32.958244367064474],[-97.55914593145519,32.95755007089464],[-97.55914306877433,32.957403370625485],[-97.55912681042318,32.956551287824944],[-97.55912005735728,32.95587736173237],[-97.55912548452105,32.95571962426044],[-97.56011179242311,32.95572402957138],[-97.56015569292498,32.96025618345808],[-97.55964336878213,32.96025056698427],[-97.55921949440351,32.960245917419435]]]},"properties":{"prop_id":53939,"state_cd":"8","ite_code":0,"ite_name":"Vacant/Agricultural","ite_unit":"N/A","units":1.0,"daily_trips":0.0,"am_peak_trips":0.0,"pm_peak_trips":0.0,"imprv_val":0.0,"acres":2.8,"city":"Reno","city_code":"CRE","fill_color":[80,80,80,100]}},{"type":"Feature","geometry":{"type":"Polygon","coordinates":[[[-97.59322984536618,32.933812663440506],[-97.59343992649113,32.932970466014176],[-97.59429851257559,32.93312560398509],[-97.5941048488157,32.93391256494378],[-97.5939390886354,32.933962899203785],[-97.59322984536618,32.933812663440506]]]},"properties":{"prop_id":63536,"state_cd":"8","ite_code":210,"ite_name":"Single-Family Detached","ite_unit":"DU","units":3,"daily_trips":28.3,"am_peak_trips":2.1,"pm_peak_trips":2.8,"imprv_val":148540.0,"acres":2.0,"city":"Reno","city_code":"CRE","fill_color":[34,139,34,180]}},{"type":"Feature","geometry":{"type":"Polygon","coordinates":[[[-97.59704372323206,32.92491442010887],[-97.59703877452371,32.92539997765531],[-97.59626625741262,32.92539786800566],[-97.5962839567072,32.924880963227956],[-97.59704372323206,32.92491442010887]]]},"properties":{"prop_id":27553,"state_cd":"S85","ite_code":210,"ite_name":"Single-Family Detached","ite_unit":"DU","units":2,"daily_trips":18.9,"am_peak_trips":1.4,"pm_peak_trips":1.9,"imprv_val":90080.0,"acres":1.0,"city":"Reno","city_code":"CRE","fill_color":[34,139,34,180]}},{"type":"Feature","geometry":{"type":"Polygon","coordinates":[[[-97.56953497270365,32.93936162078002],[-97.56891043082133,32.9401403223758],[-97.56869616222251,32.9399863026777],[-97.56934420482419,32.938911894805706],[-97.56953680416937,32.93890797292711],[-97.56971505623056,32.93890435665611],[-97.56982980637208,32.938993999987716],[-97.56953497270365,32.93936162078002]]]},"properties":{"prop_id":26449,"state_cd":"S80","ite_code":210,"ite_name":"Single-Family Detached","ite_unit":"DU","units":2,"daily_trips":18.9,"am_peak_trips":1.4,"pm_peak_trips":1.9,"imprv_val":314910.0,"acres":1.39,"city":"Reno","city_code":"CRE","fill_color":[34,139,34,180]}},{"type":"Feature","geometry":{"type":"Polygon","coordinates":[[[-97.56470065735127,32.92273801124318],[-97.56478568903735,32.92273852435843],[-97.56477923215225,32.9231843926249],[-97.56477686295605,32.92328798684735],[-97.56475058890018,32.92443681774034],[-97.56470198248297,32.92443676210369],[-97.56337161697826,32.92443524190685],[-97.56207328046844,32.92443374486549],[-97.56133785712787,32.924432890065304],[-97.56135602797167,32.92271777296791],[-97.56459108467165,32.9227373498469],[-97.56470065735127,32.92273801124318]]]},"properties":{"prop_id":54089,"state_cd":"15A+","ite_code":210,"ite_name":"Single-Family Detached","ite_unit":"DU","units":2,"daily_trips":18.9,"am_peak_trips":1.4,"pm_peak_trips":1.9,"imprv_val":313660.0,"acres":1.0,"city":"Reno","city_code":"CRE","fill_color":[34,139,34,180]}},{"type":"Feature","geometry":{"type":"Polygon","coordinates":[[[-97.5759618446094,32.942706525626214],[-97.57598050317732,32.94246461728126],[-97.5759805378066,32.942464168424955],[-97.57599032214947,32.942337317828176],[-97.57697043228609,32.94233197007039],[-97.5769359141354,32.94272803590345],[-97.5759618446094,32.942706525626214]]]},"properties":{"prop_id":77970,"state_cd":"S80","ite_code":210,"ite_name":"Single-Family Detached","ite_unit":"DU","units":2,"daily_trips":18.9,"am_peak_trips":1.4,"pm_peak_trips":1.9,"imprv_val":261250.0,"acres":1.001,"city":"Reno","city_code":"CRE","fill_color":[34,139,34,180]}},{"type":"Feature","geometry":{"type":"Polygon","coordinates":[[[-97.56138190738629,32.958383486594826],[-97.56138177793885,32.957840262056024],[-97.56211956825257,32.95784380625446],[-97.56211857729265,32.95729594882445],[-97.56284983983055,32.95730283770672],[-97.56285732805577,32.95839613546165],[-97.56204322534664,32.95839094538213],[-97.56138190738629,32.958383486594826]]]},"properties":{"prop_id":51941,"state_cd":"8","ite_code":210,"ite_name":"Single-Family Detached","ite_unit":"DU","units":2,"daily_trips":18.9,"am_peak_trips":1.4,"pm_peak_trips":1.9,"imprv_val":188120.0,"acres":1.0,"city":"Reno","city_code":"CRE","fill_color":[34,139,34,180]}},{"type":"Feature","geometry":{"type":"Polygon","coordinates":[[[-97.56195560400926,32.97401612049723],[-97.56273474055824,32.973998001718755],[-97.56273815307547,32.97422386296627],[-97.56274243551707,32.974507334290536],[-97.56195735297514,32.974511738444576],[-97.56195560400926,32.97401612049723]]]},"properties":{"prop_id":106246,"state_cd":"S80","ite_code":210,"ite_name":"Single-Family Detached","ite_unit":"DU","units":2,"daily_trips":18.9,"am_peak_trips":1.4,"pm_peak_trips":1.9,"imprv_val":488260.0,"acres":1.0,"city":"Reno","city_code":"CRE","fill_color":[34,139,34,180]}},{"type":"Feature","geometry":{"type":"Polygon","coordinates":[[[-97.60403998740883,32.968230824840965],[-97.6031147664048,32.96823152225087],[-97.60230170288023,32.96823039372277],[-97.6015394541779,32.968229330447244],[-97.60090379636527,32.968228439977096],[-97.60025409810927,32.96822752696327],[-97.59953289777444,32.9682265087826],[-97.59895584315223,32.9682256918134],[-97.59845825553097,32.96822498443706],[-97.59800621058119,32.968224340475075],[-97.59764883704254,32.968223830277566],[-97.59776455066395,32.96096228011886],[-97.60437616686934,32.96097821710901],[-97.60416590341896,32.96462476782799],[-97.60441226845484,32.965077583824296],[-97.60439375176811,32.965207846182665],[-97.60458014185087,32.965878901679595],[-97.60467114919479,32.965911686811594],[-97.60472565113797,32.966103422073175],[-97.60402105637047,32.96614147647312],[-97.60403998740883,32.968230824840965]]]},"properties":{"prop_id":43088,"state_cd":"8","ite_code":0,"ite_name":"Vacant/Agricultural","ite_unit":"N/A","units":1.0,"daily_trips":0.0,"am_peak_trips":0.0,"pm_peak_trips":0.0,"imprv_val":0.0,"acres":120.0,"city":"Reno","city_code":"CRE","fill_color":[80,80,80,100]}},{"type":"Feature","geometry":{"type":"Polygon","coordinates":[[[-97.59182435381533,32.945839392213976],[-97.59071114289029,32.947575145358755],[-97.59062750230673,32.94937946025504],[-97.58972665126058,32.949366864141616],[-97.5897337212476,32.94906183150025],[-97.58975460370061,32.948380384941544],[-97.58976646297945,32.94785139022715],[-97.5897889314825,32.94691791923794],[-97.58979685730135,32.946570884510145],[-97.58980617883343,32.946357290539225],[-97.58981051462868,32.946130618744306],[-97.58981674563915,32.9458048611529],[-97.59025805432348,32.945802394641824],[-97.59182435381533,32.945839392213976]]]},"properties":{"prop_id":76153,"state_cd":"8","ite_code":0,"ite_name":"Vacant/Agricultural","ite_unit":"N/A","units":1.0,"daily_trips":0.0,"am_peak_trips":0.0,"pm_peak_trips":0.0,"imprv_val":0.0,"acres":9.73,"city":"Reno","city_code":"CRE","fill_color":[80,80,80,100]}},{"type":"Feature","geometry":{"type":"Polygon","coordinates":[[[-97.58637053160619,32.95791567502874],[-97.58642211654545,32.95666289938573],[-97.58958088779173,32.95670383695547],[-97.59213028506045,32.95671493898553],[-97.59213425135874,32.95958434029957],[-97.59213549159898,32.96044051461816],[-97.58890947853395,32.96042539896883],[-97.58871586164994,32.960424490929604],[-97.58800740316967,32.96042117204243],[-97.5885023330423,32.95913470379033],[-97.58866053108463,32.957897117814746],[-97.58637053160619,32.95791567502874]]]},"properties":{"prop_id":43255,"state_cd":"8","ite_code":0,"ite_name":"Vacant/Agricultural","ite_unit":"N/A","units":1.0,"daily_trips":0.0,"am_peak_trips":0.0,"pm_peak_trips":0.0,"imprv_val":0.0,"acres":43.48,"city":"Reno","city_code":"CRE","fill_color":[80,80,80,100]}},{"type":"Feature","geometry":{"type":"Polygon","coordinates":[[[-97.55716812701687,32.9712436093735],[-97.55708535682353,32.9702303902836],[-97.55756995760456,32.9702391899579],[-97.55755674863076,32.9714410837834],[-97.55755674621216,32.971441311026695],[-97.55717109949641,32.971445347248626],[-97.55716812701687,32.9712436093735]]]},"properties":{"prop_id":113637,"state_cd":"8","ite_code":210,"ite_name":"Single-Family Detached","ite_unit":"DU","units":2,"daily_trips":18.9,"am_peak_trips":1.4,"pm_peak_trips":1.9,"imprv_val":342100.0,"acres":1.336,"city":"Reno","city_code":"CRE","fill_color":[34,139,34,180]}},{"type":"Feature","geometry":{"type":"Polygon","coordinates":[[[-97.59704372323206,32.92491442010887],[-97.5978450184834,32.92493769382641],[-97.59783616310801,32.92540051489875],[-97.59775406276293,32.92540045954006],[-97.59703877452371,32.92539997765531],[-97.59704372323206,32.92491442010887]]]},"properties":{"prop_id":27555,"state_cd":"S85","ite_code":210,"ite_name":"Single-Family Detached","ite_unit":"DU","units":2,"daily_trips":18.9,"am_peak_trips":1.4,"pm_peak_trips":1.9,"imprv_val":72570.0,"acres":1.0,"city":"Reno","city_code":"CRE","fill_color":[34,139,34,180]}},{"type":"Feature","geometry":{"type":"Polygon","coordinates":[[[-97.56458814364393,32.974557834045015],[-97.56457562050443,32.97402568699168],[-97.56457424047346,32.9739670314824],[-97.565362405009,32.97395032310336],[-97.56537467864896,32.97456159569684],[-97.56458839428441,32.974568543361755],[-97.56458814364393,32.974557834045015]]]},"properties":{"prop_id":106260,"state_cd":"S80","ite_code":0,"ite_name":"Vacant/Agricultural","ite_unit":"N/A","units":1.0,"daily_trips":0.0,"am_peak_trips":0.0,"pm_peak_trips":0.0,"imprv_val":0.0,"acres":1.246,"city":"Reno","city_code":"CRE","fill_color":[80,80,80,100]}},{"type":"Feature","geometry":{"type":"Polygon","coordinates":[[[-97.57968776031773,32.94417732264257],[-97.5802088741031,32.94418700127952],[-97.5802082520813,32.94421765089666],[-97.58020693750802,32.944283373101186],[-97.57968539906368,32.94428085007506],[-97.57968776031773,32.94417732264257]]]},"properties":{"prop_id":51850,"state_cd":"8","ite_code":210,"ite_name":"Single-Family Detached","ite_unit":"DU","units":1,"daily_trips":9.4,"am_peak_trips":0.7,"pm_peak_trips":0.9,"imprv_val":62690.0,"acres":0.121,"city":"Reno","city_code":"CRE","fill_color":[34,139,34,180]}},{"type":"Feature","geometry":{"type":"Polygon","coordinates":[[[-97.5633406701952,32.947092016133816],[-97.56303212800411,32.94708511758496],[-97.56303126878548,32.94612640912943],[-97.56364874984148,32.94614070450888],[-97.56365715443542,32.94709909084345],[-97.5633406701952,32.947092016133816]]]},"properties":{"prop_id":18937,"state_cd":"8","ite_code":210,"ite_name":"Single-Family Detached","ite_unit":"DU","units":2,"daily_trips":18.9,"am_peak_trips":1.4,"pm_peak_trips":1.9,"imprv_val":145880.0,"acres":1.606,"city":"Reno","city_code":"CRE","fill_color":[34,139,34,180]}},{"type":"Feature","geometry":{"type":"Polygon","coordinates":[[[-97.56705599371725,32.964876956470455],[-97.56706678855598,32.96036967044071],[-97.5690019112911,32.96038272009433],[-97.56900760973265,32.964875455967324],[-97.56814712849294,32.96487612103815],[-97.56724363953894,32.964876813586564],[-97.56705599371725,32.964876956470455]]]},"properties":{"prop_id":22964,"state_cd":"8","ite_code":0,"ite_name":"Vacant/Agricultural","ite_unit":"N/A","units":1.0,"daily_trips":0.0,"am_peak_trips":0.0,"pm_peak_trips":0.0,"imprv_val":0.0,"acres":17.0,"city":"Reno","city_code":"CRE","fill_color":[80,80,80,100]}},{"type":"Feature","geometry":{"type":"Polygon","coordinates":[[[-97.56505452926451,32.94342088640447],[-97.56506344052642,32.94314923779795],[-97.56594064230552,32.94314153243839],[-97.56594049415823,32.943430244559806],[-97.56505452926451,32.94342088640447]]]},"properties":{"prop_id":19000,"state_cd":"S85","ite_code":0,"ite_name":"Vacant/Agricultural","ite_unit":"N/A","units":1.0,"daily_trips":0.0,"am_peak_trips":0.0,"pm_peak_trips":0.0,"imprv_val":0.0,"acres":0.62,"city":"Reno","city_code":"CRE","fill_color":[80,80,80,100]}},{"type":"Feature","geometry":{"type":"Polygon","coordinates":[[[-97.54712955518946,32.93130255132274],[-97.54712995796974,32.93125933746769],[-97.54712999290442,32.931255592405364],[-97.5471299970824,32.93125510454343],[-97.54713106035548,32.9311408390919],[-97.54713125311834,32.93111725031088],[-97.54713162484884,32.93107165356364],[-97.54713431963344,32.93074047899286],[-97.54787021133846,32.930751652172475],[-97.54790488624492,32.93075217873424],[-97.54790395197136,32.93129434792743],[-97.5479039156335,32.931315341514264],[-97.54712955518946,32.93130255132274]]]},"properties":{"prop_id":55021,"state_cd":"15A+","ite_code":210,"ite_name":"Single-Family Detached","ite_unit":"DU","units":2,"daily_trips":18.9,"am_peak_trips":1.4,"pm_peak_trips":1.9,"imprv_val":17130.0,"acres":1.033,"city":"Reno","city_code":"CRE","fill_color":[34,139,34,180]}},{"type":"Feature","geometry":{"type":"Polygon","coordinates":[[[-97.58723588668744,32.93473353932653],[-97.58697429175058,32.93512034511295],[-97.58697287878442,32.93525328758041],[-97.58376608069452,32.93519391712285],[-97.5841433065746,32.93449376468556],[-97.58723588668744,32.93473353932653]]]},"properties":{"prop_id":83658,"state_cd":"8","ite_code":210,"ite_name":"Single-Family Detached","ite_unit":"DU","units":4,"daily_trips":37.8,"am_peak_trips":2.8,"pm_peak_trips":3.8,"imprv_val":400700.0,"acres":5.01,"city":"Reno","city_code":"CRE","fill_color":[34,139,34,180]}},{"type":"Feature","geometry":{"type":"Polygon","coordinates":[[[-97.5525908500054,32.94333396112501],[-97.55258550627399,32.94251071163927],[-97.553059400204,32.94252028011203],[-97.55306484400008,32.94333458139196],[-97.5525908500054,32.94333396112501]]]},"properties":{"prop_id":118618,"state_cd":"15A+","ite_code":210,"ite_name":"Single-Family Detached","ite_unit":"DU","units":2,"daily_trips":18.9,"am_peak_trips":1.4,"pm_peak_trips":1.9,"imprv_val":360220.0,"acres":1.005,"city":"Reno","city_code":"CRE","fill_color":[34,139,34,180]}},{"type":"Feature","geometry":{"type":"Polygon","coordinates":[[[-97.55647100713131,32.93111126627453],[-97.55654008394573,32.931073919550535],[-97.55665127589357,32.93102089946316],[-97.55676645739153,32.93097433056115],[-97.55688510433944,32.930934424404214],[-97.55700667476015,32.93090136446165],[-97.5570618058222,32.930891183412015],[-97.55736963503455,32.931735755237504],[-97.55722379905272,32.931744264277896],[-97.55665076844477,32.93140217580795],[-97.55647100713131,32.93111126627453]]]},"properties":{"prop_id":54979,"state_cd":"8","ite_code":210,"ite_name":"Single-Family Detached","ite_unit":"DU","units":2,"daily_trips":18.9,"am_peak_trips":1.4,"pm_peak_trips":1.9,"imprv_val":58120.0,"acres":1.0,"city":"Reno","city_code":"CRE","fill_color":[34,139,34,180]}},{"type":"Feature","geometry":{"type":"Polygon","coordinates":[[[-97.57801924988524,32.94201643422435],[-97.57800926428746,32.94249757327142],[-97.57716259752716,32.942490497547425],[-97.57719450872655,32.94201111357716],[-97.57801924988524,32.94201643422435]]]},"properties":{"prop_id":77969,"state_cd":"S80","ite_code":210,"ite_name":"Single-Family Detached","ite_unit":"DU","units":2,"daily_trips":18.9,"am_peak_trips":1.4,"pm_peak_trips":1.9,"imprv_val":203120.0,"acres":1.03,"city":"Reno","city_code":"CRE","fill_color":[34,139,34,180]}},{"type":"Feature","geometry":{"type":"Polygon","coordinates":[[[-97.56644334620138,32.97290779825808],[-97.56643159521397,32.97247155872547],[-97.56663884587827,32.97246898515214],[-97.56669885665117,32.97246907744208],[-97.5667584654135,32.972474930293195],[-97.5668168951621,32.9724864675452],[-97.56687338464977,32.97250353920705],[-97.56692720120279,32.97252592335649],[-97.56697764176212,32.97255332885322],[-97.56742495396705,32.972805815660564],[-97.56738470578038,32.97285757356191],[-97.56735232371265,32.97289925373902],[-97.56732341081403,32.97294270851932],[-97.56729810618107,32.9729877342306],[-97.56644551144223,32.97298819464999],[-97.56644334620138,32.97290779825808]]]},"properties":{"prop_id":106274,"state_cd":"S80","ite_code":210,"ite_name":"Single-Family Detached","ite_unit":"DU","units":2,"daily_trips":18.9,"am_peak_trips":1.4,"pm_peak_trips":1.9,"imprv_val":465720.0,"acres":1.002,"city":"Reno","city_code":"CRE","fill_color":[34,139,34,180]}},{"type":"Feature","geometry":{"type":"Polygon","coordinates":[[[-97.6084956474415,32.9335766260097],[-97.61035863918757,32.93358707306038],[-97.61034998593948,32.933961648537455],[-97.60919285102648,32.93395516326458],[-97.60919992105622,32.933649292515476],[-97.60849405878379,32.93364533064859],[-97.6084956474415,32.9335766260097]]]},"properties":{"prop_id":128842,"state_cd":"10","ite_code":0,"ite_name":"Vacant/Agricultural","ite_unit":"N/A","units":1.0,"daily_trips":0.0,"am_peak_trips":0.0,"pm_peak_trips":0.0,"imprv_val":0.0,"acres":1.235,"city":"Reno","city_code":"CRE","fill_color":[80,80,80,100]}},{"type":"Feature","geometry":{"type":"Polygon","coordinates":[[[-97.5625581845804,32.94611545452713],[-97.56256597899691,32.947074694080435],[-97.56223525024794,32.947067298355776],[-97.56223354236344,32.9469115937547],[-97.56223063725346,32.94664671491448],[-97.56222768014682,32.946377151546734],[-97.56222472580859,32.94610773248382],[-97.5625581845804,32.94611545452713]]]},"properties":{"prop_id":18934,"state_cd":"S80","ite_code":210,"ite_name":"Single-Family Detached","ite_unit":"DU","units":1,"daily_trips":9.4,"am_peak_trips":0.7,"pm_peak_trips":0.9,"imprv_val":132430.0,"acres":0.803,"city":"Reno","city_code":"CRE","fill_color":[34,139,34,180]}},{"type":"Feature","geometry":{"type":"Polygon","coordinates":[[[-97.62157368781178,32.94300492656805],[-97.62152737318868,32.942997954421685],[-97.61805839555305,32.94300217298645],[-97.61807978102418,32.9406988109516],[-97.62154119359326,32.94065038005397],[-97.62154269766445,32.94159011780581],[-97.62154281705729,32.941676650173406],[-97.62157368781178,32.94300492656805]]]},"properties":{"prop_id":48463,"state_cd":"8","ite_code":0,"ite_name":"Vacant/Agricultural","ite_unit":"N/A","units":1.0,"daily_trips":0.0,"am_peak_trips":0.0,"pm_peak_trips":0.0,"imprv_val":0.0,"acres":19.0,"city":"Reno","city_code":"CRE","fill_color":[80,80,80,100]}},{"type":"Feature","geometry":{"type":"Polygon","coordinates":[[[-97.5656735448699,32.960250410388795],[-97.56558351838018,32.960251667068164],[-97.56557772876151,32.95980790770218],[-97.56558918944201,32.9578632360378],[-97.56560762061392,32.95546892079198],[-97.56561311884109,32.95525417518264],[-97.56561457604622,32.95519726782641],[-97.56562035008261,32.95475744570629],[-97.56564435768773,32.95392432930527],[-97.56740505163233,32.953920144187826],[-97.5673923877788,32.95541099195538],[-97.56705775083985,32.955383104812626],[-97.56570268046774,32.95526344663837],[-97.5656735448699,32.960250410388795]]]},"properties":{"prop_id":103164,"state_cd":"8","ite_code":0,"ite_name":"Vacant/Agricultural","ite_unit":"N/A","units":1.0,"daily_trips":0.0,"am_peak_trips":0.0,"pm_peak_trips":0.0,"imprv_val":7500.0,"acres":6.64,"city":"Reno","city_code":"CRE","fill_color":[80,80,80,100]}},{"type":"Feature","geometry":{"type":"Polygon","coordinates":[[[-97.56246222236041,32.96920705337336],[-97.56254040966823,32.96922223588615],[-97.56262003358145,32.96923056892329],[-97.56270025195771,32.96923196498351],[-97.56314800790173,32.96922601043399],[-97.56314282359695,32.969798446820676],[-97.56274024212296,32.96980358768044],[-97.56271459285391,32.96980391513513],[-97.56245713499942,32.969807201971506],[-97.56246222236041,32.96920705337336]]]},"properties":{"prop_id":115943,"state_cd":"S85","ite_code":210,"ite_name":"Single-Family Detached","ite_unit":"DU","units":2,"daily_trips":18.9,"am_peak_trips":1.4,"pm_peak_trips":1.9,"imprv_val":448040.0,"acres":1.017,"city":"Reno","city_code":"CRE","fill_color":[34,139,34,180]}},{"type":"Feature","geometry":{"type":"Polygon","coordinates":[[[-97.55288046067534,32.9471900109969],[-97.55287892302205,32.94712205236464],[-97.55474793579441,32.94713580964034],[-97.55617873191697,32.947146321943826],[-97.55618857172757,32.94622288262575],[-97.55713324416575,32.946230807164454],[-97.55761561968006,32.94622852262629],[-97.55758977278481,32.9472236855126],[-97.5563135676505,32.94720902246088],[-97.5535369625907,32.94719499982427],[-97.55288046067534,32.9471900109969]]]},"properties":{"prop_id":65667,"state_cd":"8","ite_code":0,"ite_name":"Vacant/Agricultural","ite_unit":"N/A","units":1.0,"daily_trips":0.0,"am_peak_trips":0.0,"pm_peak_trips":0.0,"imprv_val":0.0,"acres":4.0,"city":"Reno","city_code":"CRE","fill_color":[80,80,80,100]}},{"type":"Feature","geometry":{"type":"Polygon","coordinates":[[[-97.55837121697203,32.942592972224915],[-97.55885462604908,32.94258797362188],[-97.558850515371,32.94417918683787],[-97.5583274502688,32.94417350835176],[-97.55832764063256,32.944166970586615],[-97.55832893757587,32.944122442376695],[-97.55835789275692,32.943128005033806],[-97.55836741854627,32.9425930183684],[-97.55837121697203,32.942592972224915]]]},"properties":{"prop_id":18842,"state_cd":"8","ite_code":0,"ite_name":"Vacant/Agricultural","ite_unit":"N/A","units":1.0,"daily_trips":0.0,"am_peak_trips":0.0,"pm_peak_trips":0.0,"imprv_val":0.0,"acres":2.444,"city":"Reno","city_code":"CRE","fill_color":[80,80,80,100]}},{"type":"Feature","geometry":{"type":"Polygon","coordinates":[[[-97.56240569731627,32.94917862561472],[-97.5624119348974,32.95037837125569],[-97.56208100155627,32.950373879386404],[-97.56208419395129,32.949174435550255],[-97.56240569731627,32.94917862561472]]]},"properties":{"prop_id":18870,"state_cd":"S80","ite_code":0,"ite_name":"Vacant/Agricultural","ite_unit":"N/A","units":1.0,"daily_trips":0.0,"am_peak_trips":0.0,"pm_peak_trips":0.0,"imprv_val":100.0,"acres":1.0025,"city":"Reno","city_code":"CRE","fill_color":[80,80,80,100]}},{"type":"Feature","geometry":{"type":"Polygon","coordinates":[[[-97.58652506548498,32.938918053549465],[-97.58812873103187,32.93946320733104],[-97.58916052315466,32.939818481271764],[-97.58916130843403,32.94011957115033],[-97.58972592499713,32.94012495410362],[-97.59018429284517,32.94008511088514],[-97.59018401254556,32.940146868154265],[-97.59017553473613,32.942014702922556],[-97.58907241484184,32.94229398678649],[-97.58784286645086,32.94260526576433],[-97.58665316830314,32.9429064420075],[-97.58663768560787,32.94246706558399],[-97.58662846052212,32.9423042522969],[-97.58661126913194,32.94214189915522],[-97.58658614285774,32.941980282346755],[-97.58655312380422,32.94181967903782],[-97.58653683567208,32.94174814526868],[-97.58650906086294,32.94162351122091],[-97.5864888004853,32.94149785186809],[-97.58647610786832,32.94137148955936],[-97.58647101495129,32.9412447464858],[-97.58647353437672,32.941117949204866],[-97.58652506548498,32.938918053549465]]]},"properties":{"prop_id":89759,"state_cd":"8","ite_code":0,"ite_name":"Vacant/Agricultural","ite_unit":"N/A","units":1.0,"daily_trips":0.0,"am_peak_trips":0.0,"pm_peak_trips":0.0,"imprv_val":0.0,"acres":1.2,"city":"Reno","city_code":"CRE","fill_color":[80,80,80,100]}},{"type":"Feature","geometry":{"type":"Polygon","coordinates":[[[-97.61732022259551,32.941901974202025],[-97.61711915651075,32.94090386783723],[-97.61702851244551,32.94077023967161],[-97.61732374905198,32.94053788462826],[-97.61766852704132,32.94026653559247],[-97.61704018492722,32.93959922558693],[-97.61793157187023,32.94001265528907],[-97.61823791446706,32.93969360797305],[-97.61737287925072,32.93926657452873],[-97.61752237577247,32.939087243946204],[-97.61785262612898,32.9386586537543],[-97.61809528529109,32.938308333931985],[-97.61814749603622,32.93828473195174],[-97.61870539875238,32.93832237858511],[-97.61887767799757,32.93837242772622],[-97.61903546873053,32.939352195160865],[-97.61911150973498,32.93979820930051],[-97.62153977821238,32.939758429014645],[-97.62154016432608,32.939998168063156],[-97.62154119359326,32.94065038005397],[-97.61807978102418,32.9406988109516],[-97.61805839555305,32.94300217298645],[-97.61758950130096,32.943007506801806],[-97.61732022259551,32.941901974202025]]]},"properties":{"prop_id":88008,"state_cd":"8","ite_code":0,"ite_name":"Vacant/Agricultural","ite_unit":"N/A","units":1.0,"daily_trips":0.0,"am_peak_trips":0.0,"pm_peak_trips":0.0,"imprv_val":0.0,"acres":19.5,"city":"Reno","city_code":"CRE","fill_color":[80,80,80,100]}},{"type":"Feature","geometry":{"type":"Polygon","coordinates":[[[-97.56381792221437,32.96034769540432],[-97.56446947422988,32.96035210891954],[-97.56444800236291,32.96487891418003],[-97.56430247093114,32.964879021874125],[-97.56381371237651,32.96487938223929],[-97.56379583681539,32.96487939494707],[-97.56381792221437,32.96034769540432]]]},"properties":{"prop_id":22973,"state_cd":"8","ite_code":0,"ite_name":"Vacant/Agricultural","ite_unit":"N/A","units":1.0,"daily_trips":0.0,"am_peak_trips":0.0,"pm_peak_trips":0.0,"imprv_val":0.0,"acres":5.0,"city":"Reno","city_code":"CRE","fill_color":[80,80,80,100]}},{"type":"Feature","geometry":{"type":"Polygon","coordinates":[[[-97.54487129971186,32.92885787481522],[-97.5448784021644,32.92831404635865],[-97.54565020167296,32.9283223913843],[-97.545688419053,32.92832395306346],[-97.54568027237676,32.92886888639493],[-97.54487129971186,32.92885787481522]]]},"properties":{"prop_id":35038,"state_cd":"15A+","ite_code":210,"ite_name":"Single-Family Detached","ite_unit":"DU","units":1,"daily_trips":9.4,"am_peak_trips":0.7,"pm_peak_trips":0.9,"imprv_val":96880.0,"acres":0.866,"city":"Reno","city_code":"CRE","fill_color":[34,139,34,180]}},{"type":"Feature","geometry":{"type":"Polygon","coordinates":[[[-97.58248226071505,32.93761762310398],[-97.58247689105363,32.937627827485485],[-97.58235172276535,32.93758940731441],[-97.58222369795904,32.93749514697425],[-97.58198613483687,32.937410564986735],[-97.58173101634425,32.937418566164034],[-97.58151969337595,32.937160083990975],[-97.58121706032682,32.937224557439194],[-97.58090333770544,32.93692473010654],[-97.5805413136735,32.93682005946339],[-97.58038035950132,32.936610445871786],[-97.58030955127562,32.93633499274876],[-97.58010678512449,32.93609846779535],[-97.57980021405692,32.93584271703219],[-97.57989995489615,32.93564933395054],[-97.58165651163822,32.93234449873008],[-97.5817256208214,32.93221446044795],[-97.58209071068302,32.93152748505268],[-97.58561335964427,32.93186650723413],[-97.58485498642517,32.93317281735749],[-97.58452897773059,32.933777927130734],[-97.5841433065746,32.93449376468556],[-97.58376608069452,32.93519391712285],[-97.58344566326015,32.935786615324396],[-97.58248226071505,32.93761762310398]]]},"properties":{"prop_id":52221,"state_cd":"8","ite_code":0,"ite_name":"Vacant/Agricultural","ite_unit":"N/A","units":1.0,"daily_trips":0.0,"am_peak_trips":0.0,"pm_peak_trips":0.0,"imprv_val":0.0,"acres":25.355,"city":"Reno","city_code":"CRE","fill_color":[80,80,80,100]}},{"type":"Feature","geometry":{"type":"Polygon","coordinates":[[[-97.54681902914666,32.93244167319383],[-97.54714295215469,32.93185063615876],[-97.54774285851313,32.931867353184764],[-97.5477404257553,32.932438003490674],[-97.54774029951231,32.932467357317705],[-97.54681902914666,32.93244167319383]]]},"properties":{"prop_id":55013,"state_cd":"15A+","ite_code":210,"ite_name":"Single-Family Detached","ite_unit":"DU","units":2,"daily_trips":18.9,"am_peak_trips":1.4,"pm_peak_trips":1.9,"imprv_val":157860.0,"acres":1.169,"city":"Reno","city_code":"CRE","fill_color":[34,139,34,180]}},{"type":"Feature","geometry":{"type":"Polygon","coordinates":[[[-97.59517853020003,32.951258038478876],[-97.5931804589808,32.951243402648664],[-97.59317069501387,32.952197050620896],[-97.59251444476024,32.95219227274743],[-97.59227879071437,32.95221763188949],[-97.59223704603504,32.95227288057548],[-97.59220313992948,32.95227279858577],[-97.59219681279205,32.95217440057196],[-97.59197197940998,32.95217460473043],[-97.58966986521618,32.95213024039322],[-97.58970002954229,32.950284480050016],[-97.59518185564785,32.95030387558448],[-97.59528744983719,32.95030425817908],[-97.59530863809495,32.95125898324086],[-97.59517853020003,32.951258038478876]]]},"properties":{"prop_id":52239,"state_cd":"8","ite_code":0,"ite_name":"Vacant/Agricultural","ite_unit":"N/A","units":1.0,"daily_trips":0.0,"am_peak_trips":0.0,"pm_peak_trips":0.0,"imprv_val":0.0,"acres":15.77,"city":"Reno","city_code":"CRE","fill_color":[80,80,80,100]}},{"type":"Feature","geometry":{"type":"Polygon","coordinates":[[[-97.55008984006334,32.944107259159786],[-97.55006711684611,32.9441051063779],[-97.55004427821542,32.94410603608714],[-97.55002190626107,32.94411002476902],[-97.5500005753683,32.94411696948516],[-97.5499808307611,32.944126694026494],[-97.54996317781723,32.944138947929886],[-97.54994806802992,32.94415341899671],[-97.54903909550049,32.943428363452355],[-97.54903897142857,32.94342826420521],[-97.55018265471611,32.94343194731757],[-97.55018227898111,32.94415970852801],[-97.55016829226268,32.94414445647329],[-97.55015159977206,32.94413127965393],[-97.55013262891867,32.94412051590837],[-97.55011186553942,32.94411244039215],[-97.55008984006334,32.944107259159786]]]},"properties":{"prop_id":118587,"state_cd":"15A+","ite_code":0,"ite_name":"Vacant/Agricultural","ite_unit":"N/A","units":1.0,"daily_trips":0.0,"am_peak_trips":0.0,"pm_peak_trips":0.0,"imprv_val":0.0,"acres":1.288,"city":"Reno","city_code":"CRE","fill_color":[80,80,80,100]}},{"type":"Feature","geometry":{"type":"Polygon","coordinates":[[[-97.60116313534513,32.94962952860294],[-97.60172777387666,32.94964232583744],[-97.6020362426332,32.94964931642763],[-97.60202920155895,32.950206135395966],[-97.60170458072753,32.95020946343821],[-97.60115275586101,32.95021511803711],[-97.60116313534513,32.94962952860294]]]},"properties":{"prop_id":67913,"state_cd":"8","ite_code":210,"ite_name":"Single-Family Detached","ite_unit":"DU","units":2,"daily_trips":18.9,"am_peak_trips":1.4,"pm_peak_trips":1.9,"imprv_val":180840.0,"acres":1.185,"city":"Reno","city_code":"CRE","fill_color":[34,139,34,180]}},{"type":"Feature","geometry":{"type":"Polygon","coordinates":[[[-97.54503060410127,32.94830166456966],[-97.54503547014065,32.948011450668396],[-97.54503596999966,32.94798165605549],[-97.54606002078371,32.94796383368853],[-97.54605982215014,32.94801594381797],[-97.54605869958141,32.94831085429411],[-97.54503060410127,32.94830166456966]]]},"properties":{"prop_id":49561,"state_cd":"15A+","ite_code":210,"ite_name":"Single-Family Detached","ite_unit":"DU","units":1,"daily_trips":9.4,"am_peak_trips":0.7,"pm_peak_trips":0.9,"imprv_val":65110.0,"acres":0.8,"city":"Reno","city_code":"CRE","fill_color":[34,139,34,180]}},{"type":"Feature","geometry":{"type":"Polygon","coordinates":[[[-97.58066919985727,32.958320885598255],[-97.58077279912162,32.95664133125333],[-97.58061563045331,32.95664203218943],[-97.58061773718373,32.95643908962151],[-97.58062393000777,32.95584252585714],[-97.58066301681427,32.9551509478595],[-97.58097025052837,32.95512324640298],[-97.58122967212249,32.9551116356557],[-97.58160945547425,32.95515630295761],[-97.58196898626201,32.955237653399905],[-97.58197671997485,32.9560681025246],[-97.5819708311653,32.956636214824826],[-97.58287709564854,32.95664054272341],[-97.58287730413365,32.95664210262269],[-97.58296069650073,32.957127640150865],[-97.58307406132072,32.957947407599235],[-97.58066919985727,32.958320885598255]]]},"properties":{"prop_id":62499,"state_cd":"8","ite_code":210,"ite_name":"Single-Family Detached","ite_unit":"DU","units":2,"daily_trips":18.9,"am_peak_trips":1.4,"pm_peak_trips":1.9,"imprv_val":165710.0,"acres":1.0,"city":"Reno","city_code":"CRE","fill_color":[34,139,34,180]}},{"type":"Feature","geometry":{"type":"Polygon","coordinates":[[[-97.57943160221488,32.951156285875406],[-97.57936356765441,32.95115608350786],[-97.57893143036192,32.95115095263019],[-97.57889974843263,32.950623542354386],[-97.57948937500731,32.950627859253075],[-97.57943160221488,32.951156285875406]]]},"properties":{"prop_id":36022,"state_cd":"8","ite_code":210,"ite_name":"Single-Family Detached","ite_unit":"DU","units":1,"daily_trips":9.4,"am_peak_trips":0.7,"pm_peak_trips":0.9,"imprv_val":198940.0,"acres":0.76,"city":"Reno","city_code":"CRE","fill_color":[34,139,34,180]}},{"type":"Feature","geometry":{"type":"Polygon","coordinates":[[[-97.59175316737101,32.938448237039445],[-97.59170419216011,32.93820992414646],[-97.5931190657309,32.93690251410529],[-97.59554074793708,32.93807107539783],[-97.59555702400851,32.938550228122914],[-97.5946818594776,32.938536068775775],[-97.59175316737101,32.938448237039445]]]},"properties":{"prop_id":54072,"state_cd":"8","ite_code":210,"ite_name":"Single-Family Detached","ite_unit":"DU","units":2,"daily_trips":18.9,"am_peak_trips":1.4,"pm_peak_trips":1.9,"imprv_val":255740.0,"acres":1.0,"city":"Reno","city_code":"CRE","fill_color":[34,139,34,180]}},{"type":"Feature","geometry":{"type":"Polygon","coordinates":[[[-97.57360666748681,32.95914735998294],[-97.57454658667163,32.95912543411813],[-97.57453505134856,32.96014822763701],[-97.57356350452731,32.960170795839254],[-97.57360666748681,32.95914735998294]]]},"properties":{"prop_id":91540,"state_cd":"8","ite_code":210,"ite_name":"Single-Family Detached","ite_unit":"DU","units":2,"daily_trips":18.9,"am_peak_trips":1.4,"pm_peak_trips":1.9,"imprv_val":283500.0,"acres":2.5,"city":"Reno","city_code":"CRE","fill_color":[34,139,34,180]}},{"type":"Feature","geometry":{"type":"Polygon","coordinates":[[[-97.5479039156335,32.931315341514264],[-97.54790395197136,32.93129434792743],[-97.54790488624492,32.93075217873424],[-97.54870707960546,32.93076435512339],[-97.54870497316622,32.93115242836632],[-97.54870103168058,32.93125875821607],[-97.5486994297482,32.93130197644039],[-97.54869844810557,32.93132846040523],[-97.5479039156335,32.931315341514264]]]},"properties":{"prop_id":55016,"state_cd":"15A+","ite_code":210,"ite_name":"Single-Family Detached","ite_unit":"DU","units":2,"daily_trips":18.9,"am_peak_trips":1.4,"pm_peak_trips":1.9,"imprv_val":130900.0,"acres":1.189,"city":"Reno","city_code":"CRE","fill_color":[34,139,34,180]}},{"type":"Feature","geometry":{"type":"Polygon","coordinates":[[[-97.61470801756008,32.94428245344088],[-97.6143570836246,32.945200595712365],[-97.61430607826617,32.945320492226195],[-97.61344518014442,32.945381180462576],[-97.61308779591413,32.94530723265107],[-97.61312772949883,32.94515178430662],[-97.61317504628792,32.94499781700046],[-97.61322966889855,32.94484557817727],[-97.61433703626585,32.94506115646795],[-97.614644728132,32.94427245963531],[-97.61470801756008,32.94428245344088]]]},"properties":{"prop_id":86521,"state_cd":"S80","ite_code":210,"ite_name":"Single-Family Detached","ite_unit":"DU","units":2,"daily_trips":18.9,"am_peak_trips":1.4,"pm_peak_trips":1.9,"imprv_val":452650.0,"acres":1.356,"city":"Reno","city_code":"CRE","fill_color":[34,139,34,180]}},{"type":"Feature","geometry":{"type":"Polygon","coordinates":[[[-97.56503658225395,32.94396795683092],[-97.56505452926451,32.94342088640447],[-97.56594049415823,32.943430244559806],[-97.56594030649414,32.94379796246497],[-97.56594021443841,32.94397901581817],[-97.56503658225395,32.94396795683092]]]},"properties":{"prop_id":18997,"state_cd":"S80","ite_code":210,"ite_name":"Single-Family Detached","ite_unit":"DU","units":2,"daily_trips":18.9,"am_peak_trips":1.4,"pm_peak_trips":1.9,"imprv_val":61220.0,"acres":1.27,"city":"Reno","city_code":"CRE","fill_color":[34,139,34,180]}},{"type":"Feature","geometry":{"type":"Polygon","coordinates":[[[-97.57729973089543,32.938551204987036],[-97.57728460945991,32.938571424836674],[-97.5772735824995,32.93859344711478],[-97.57726694273273,32.93861668689655],[-97.57726486449434,32.93864052771764],[-97.57726740465365,32.93866433601016],[-97.57727449599106,32.938687480893975],[-97.57728595026495,32.938709347727006],[-97.57625924786574,32.938703147822174],[-97.57627140568705,32.93808195094937],[-97.57729973089543,32.938551204987036]]]},"properties":{"prop_id":80366,"state_cd":"S80","ite_code":210,"ite_name":"Single-Family Detached","ite_unit":"DU","units":2,"daily_trips":18.9,"am_peak_trips":1.4,"pm_peak_trips":1.9,"imprv_val":249830.0,"acres":1.016,"city":"Reno","city_code":"CRE","fill_color":[34,139,34,180]}},{"type":"Feature","geometry":{"type":"Polygon","coordinates":[[[-97.56506344052642,32.94314923779795],[-97.56506701826028,32.943040194991916],[-97.56508615028736,32.9430257026922],[-97.56510231160301,32.94300883340776],[-97.56511509126386,32.94299001513294],[-97.56512416551863,32.94296972431343],[-97.56512930539922,32.942948475983],[-97.56513037901128,32.94292680935117],[-97.56512736023251,32.942905274341044],[-97.5651203246056,32.94288441532527],[-97.5651094504837,32.94286476392023],[-97.56594078781352,32.94285753327296],[-97.56594064230552,32.94314153243839],[-97.56506344052642,32.94314923779795]]]},"properties":{"prop_id":19001,"state_cd":"S85","ite_code":210,"ite_name":"Single-Family Detached","ite_unit":"DU","units":1,"daily_trips":9.4,"am_peak_trips":0.7,"pm_peak_trips":0.9,"imprv_val":117450.0,"acres":0.62,"city":"Reno","city_code":"CRE","fill_color":[34,139,34,180]}},{"type":"Feature","geometry":{"type":"Polygon","coordinates":[[[-97.5535369625907,32.94719499982427],[-97.55354336836562,32.94777767342428],[-97.5528712861731,32.94777882405887],[-97.55288046067534,32.9471900109969],[-97.5535369625907,32.94719499982427]]]},"properties":{"prop_id":98584,"state_cd":"8","ite_code":210,"ite_name":"Single-Family Detached","ite_unit":"DU","units":2,"daily_trips":18.9,"am_peak_trips":1.4,"pm_peak_trips":1.9,"imprv_val":123360.0,"acres":1.04,"city":"Reno","city_code":"CRE","fill_color":[34,139,34,180]}},{"type":"Feature","geometry":{"type":"Polygon","coordinates":[[[-97.54957340506304,32.937357794938606],[-97.54954540038771,32.936820175248556],[-97.54961143593675,32.93681877887446],[-97.54990131967925,32.93681264984441],[-97.55013346668737,32.936807741111025],[-97.55015107095936,32.936807368504965],[-97.55021372298637,32.936806043412204],[-97.55024988265045,32.937365865171905],[-97.54957340506304,32.937357794938606]]]},"properties":{"prop_id":1186,"state_cd":"15A+","ite_code":0,"ite_name":"Vacant/Agricultural","ite_unit":"N/A","units":1.0,"daily_trips":0.0,"am_peak_trips":0.0,"pm_peak_trips":0.0,"imprv_val":0.0,"acres":1.0,"city":"Reno","city_code":"CRE","fill_color":[80,80,80,100]}},{"type":"Feature","geometry":{"type":"Polygon","coordinates":[[[-97.56105907503661,32.94546179746162],[-97.56106261581607,32.944993375260445],[-97.56137072306356,32.94499742206343],[-97.56166308419691,32.94500126203655],[-97.56166626393582,32.945472168896224],[-97.56105907503661,32.94546179746162]]]},"properties":{"prop_id":18984,"state_cd":"S105","ite_code":0,"ite_name":"Vacant/Agricultural","ite_unit":"N/A","units":1.0,"daily_trips":0.0,"am_peak_trips":0.0,"pm_peak_trips":0.0,"imprv_val":0.0,"acres":0.78,"city":"Reno","city_code":"CRE","fill_color":[80,80,80,100]}},{"type":"Feature","geometry":{"type":"Polygon","coordinates":[[[-97.58642211654545,32.95666289938573],[-97.58600375130762,32.956657471252896],[-97.5860341116502,32.95537203874161],[-97.58610793949852,32.955388532738],[-97.58669101402116,32.95552757842007],[-97.58808630324529,32.95578859054212],[-97.58958088779173,32.95670383695547],[-97.58642211654545,32.95666289938573]]]},"properties":{"prop_id":43260,"state_cd":"8","ite_code":0,"ite_name":"Vacant/Agricultural","ite_unit":"N/A","units":1.0,"daily_trips":0.0,"am_peak_trips":0.0,"pm_peak_trips":0.0,"imprv_val":0.0,"acres":5.0,"city":"Reno","city_code":"CRE","fill_color":[80,80,80,100]}},{"type":"Feature","geometry":{"type":"Polygon","coordinates":[[[-97.6139896481775,32.948159463318355],[-97.61502816903545,32.94815748218617],[-97.61502076896936,32.95025767166773],[-97.61397497647707,32.95025519035339],[-97.6139896481775,32.948159463318355]]]},"properties":{"prop_id":93547,"state_cd":"8","ite_code":210,"ite_name":"Single-Family Detached","ite_unit":"DU","units":2,"daily_trips":18.9,"am_peak_trips":1.4,"pm_peak_trips":1.9,"imprv_val":324080.0,"acres":1.0,"city":"Reno","city_code":"CRE","fill_color":[34,139,34,180]}},{"type":"Feature","geometry":{"type":"Polygon","coordinates":[[[-97.59212499632235,32.95291154191002],[-97.59212762581079,32.954817817368884],[-97.59212892370219,32.95576310706457],[-97.59213028506045,32.95671493898553],[-97.58958088779173,32.95670383695547],[-97.58808630324529,32.95578859054212],[-97.58669101402116,32.95552757842007],[-97.58672817862482,32.95533533328091],[-97.58663922442447,32.95521592361054],[-97.58636257799566,32.95505738713105],[-97.5861636615288,32.95500291068365],[-97.5857942217166,32.9550430025093],[-97.58565352691912,32.955004238440836],[-97.58562679756338,32.95477495095358],[-97.5917740954204,32.95387721766529],[-97.59197164747532,32.95365075572395],[-97.5919718288898,32.95291127802773],[-97.59197197940998,32.95217460473043],[-97.59219681279205,32.95217440057196],[-97.59220313992948,32.95227279858577],[-97.59212411189229,32.95227257991198],[-97.59212499632235,32.95291154191002]]]},"properties":{"prop_id":43250,"state_cd":"8","ite_code":0,"ite_name":"Vacant/Agricultural","ite_unit":"N/A","units":1.0,"daily_trips":0.0,"am_peak_trips":0.0,"pm_peak_trips":0.0,"imprv_val":9610.0,"acres":1.0,"city":"Reno","city_code":"CRE","fill_color":[80,80,80,100]}},{"type":"Feature","geometry":{"type":"Polygon","coordinates":[[[-97.55304330054099,32.94235399457215],[-97.55304331970505,32.941556742426904],[-97.5535304788355,32.94155854326381],[-97.55353081113721,32.942250742342345],[-97.5535308631522,32.942357782478666],[-97.55304330054099,32.94235399457215]]]},"properties":{"prop_id":118609,"state_cd":"15A+","ite_code":210,"ite_name":"Single-Family Detached","ite_unit":"DU","units":2,"daily_trips":18.9,"am_peak_trips":1.4,"pm_peak_trips":1.9,"imprv_val":301330.0,"acres":1.002,"city":"Reno","city_code":"CRE","fill_color":[34,139,34,180]}},{"type":"Feature","geometry":{"type":"Polygon","coordinates":[[[-97.59826549255193,32.95017313759396],[-97.59828066549947,32.948918330423474],[-97.59831966905053,32.94700260169314],[-97.59834876374188,32.94557354456386],[-97.59835427314192,32.94463828941261],[-97.59837071359746,32.943023164503835],[-97.59975005893699,32.94301718842845],[-97.59973489943015,32.946574179542935],[-97.59971952827787,32.95023542548239],[-97.5982648425357,32.95022689825444],[-97.59826549255193,32.95017313759396]]]},"properties":{"prop_id":67921,"state_cd":"8","ite_code":210,"ite_name":"Single-Family Detached","ite_unit":"DU","units":2,"daily_trips":18.9,"am_peak_trips":1.4,"pm_peak_trips":1.9,"imprv_val":86830.0,"acres":1.0,"city":"Reno","city_code":"CRE","fill_color":[34,139,34,180]}},{"type":"Feature","geometry":{"type":"Polygon","coordinates":[[[-97.58626200111945,32.94684125705875],[-97.58626903597026,32.94625771307355],[-97.58676346146132,32.946271638850945],[-97.58674973856007,32.94688256575185],[-97.58626200111945,32.94684125705875]]]},"properties":{"prop_id":22949,"state_cd":"S80","ite_code":210,"ite_name":"Single-Family Detached","ite_unit":"DU","units":1,"daily_trips":9.4,"am_peak_trips":0.7,"pm_peak_trips":0.9,"imprv_val":243460.0,"acres":0.749,"city":"Reno","city_code":"CRE","fill_color":[34,139,34,180]}},{"type":"Feature","geometry":{"type":"Polygon","coordinates":[[[-97.58678745462935,32.921219681568914],[-97.5909983470886,32.921249332878894],[-97.59134972643432,32.92125180113602],[-97.59137604677974,32.92273018510051],[-97.59182552937874,32.92270906944485],[-97.59436961308256,32.922899920778256],[-97.59529267731739,32.92283796124506],[-97.59529219689804,32.92286333266964],[-97.59526816679902,32.9241312977019],[-97.59384479190892,32.924223290251796],[-97.59384237550233,32.924760443065686],[-97.58680393438269,32.92497241082463],[-97.58678745462935,32.921219681568914]]]},"properties":{"prop_id":62767,"state_cd":"8","ite_code":0,"ite_name":"Vacant/Agricultural","ite_unit":"N/A","units":1.0,"daily_trips":0.0,"am_peak_trips":0.0,"pm_peak_trips":0.0,"imprv_val":0.0,"acres":62.0,"city":"Reno","city_code":"CRE","fill_color":[80,80,80,100]}},{"type":"Feature","geometry":{"type":"Polygon","coordinates":[[[-97.54508378882026,32.93484945251479],[-97.5450880468601,32.93446465602263],[-97.54508329064889,32.93390266061587],[-97.54564184959185,32.93391020022892],[-97.54567671019794,32.935564170002536],[-97.5456219238802,32.935564290495755],[-97.54509609488645,32.935571826155204],[-97.54508378882026,32.93484945251479]]]},"properties":{"prop_id":55045,"state_cd":"15A+","ite_code":0,"ite_name":"Vacant/Agricultural","ite_unit":"N/A","units":1.0,"daily_trips":0.0,"am_peak_trips":0.0,"pm_peak_trips":0.0,"imprv_val":0.0,"acres":2.238,"city":"Reno","city_code":"CRE","fill_color":[80,80,80,100]}},{"type":"Feature","geometry":{"type":"Polygon","coordinates":[[[-97.59544645714749,32.93446053865616],[-97.59849037542996,32.93446459507179],[-97.59849019405118,32.9357924532535],[-97.59765410869035,32.93579288692099],[-97.5954590516432,32.935773961401644],[-97.59545847834653,32.93572044788338],[-97.59545157732792,32.93507630776011],[-97.59544497920145,32.934460536942936],[-97.59544645714749,32.93446053865616]]]},"properties":{"prop_id":87896,"state_cd":"8","ite_code":0,"ite_name":"Vacant/Agricultural","ite_unit":"N/A","units":1.0,"daily_trips":0.0,"am_peak_trips":0.0,"pm_peak_trips":0.0,"imprv_val":0.0,"acres":9.0,"city":"Reno","city_code":"CRE","fill_color":[80,80,80,100]}},{"type":"Feature","geometry":{"type":"Polygon","coordinates":[[[-97.57679270785182,32.933694628787805],[-97.57420364225916,32.93269051342839],[-97.57309368670379,32.932768550670154],[-97.57292673177618,32.932787487751995],[-97.57243064718953,32.932843756979096],[-97.57195037104546,32.932653408058506],[-97.57163510713941,32.9323530169044],[-97.57155596947852,32.93184566339797],[-97.57090343029573,32.93156941976459],[-97.57049701139213,32.93139736499209],[-97.57028645664796,32.93134141305128],[-97.5697161435806,32.93118972954856],[-97.56956385619482,32.931149956647495],[-97.56946120798733,32.93112314850629],[-97.56870795293453,32.93043094300826],[-97.56865681743304,32.93039232558036],[-97.56832485721519,32.93056618364019],[-97.56807234667228,32.930546461010344],[-97.56775683019318,32.93052181670567],[-97.5671570891883,32.93047496952826],[-97.56678853758046,32.93044617937262],[-97.56617748525633,32.930398444606524],[-97.5661439126238,32.93039582109856],[-97.56604736946913,32.93038827130955],[-97.56524803142374,32.93003322556601],[-97.56501570414164,32.9298642825094],[-97.56463281497368,32.92958585115294],[-97.56470204113786,32.924512239946786],[-97.56470198248297,32.92443676210369],[-97.56470065735127,32.92273801124318],[-97.56469985376424,32.92170690729299],[-97.5646994445524,32.921181372330665],[-97.56471012851885,32.92118139934891],[-97.56480871038481,32.9211816453562],[-97.56965444137742,32.92119362041564],[-97.56964439458997,32.91825772528983],[-97.56964356682217,32.91801569045394],[-97.56964191514882,32.91753308717674],[-97.56964426689562,32.91753314171894],[-97.574919822313,32.91765541212672],[-97.57625577247536,32.91768634030861],[-97.57827553214858,32.91773307088796],[-97.57824471666446,32.91868780616618],[-97.57883314759029,32.91869196469749],[-97.57938052882643,32.91869583056655],[-97.57993096686887,32.91869971570858],[-97.58047920140561,32.9187035821501],[-97.58102573386627,32.91870743452177],[-97.58160876359955,32.91871154189081],[-97.5825815448452,32.918718388082624],[-97.58406634848036,32.918722594521405],[-97.58475825394626,32.91873722036048],[-97.58474850632045,32.92120185247789],[-97.58604949642088,32.921219322737144],[-97.58678710716002,32.92122922133954],[-97.58680393438269,32.92497241082463],[-97.59384237550233,32.924760443065686],[-97.59526408438042,32.92474291095071],[-97.59519181551133,32.928379746705026],[-97.59408565688592,32.928382693144705],[-97.5904456810964,32.92839232071908],[-97.59031865845184,32.92839265482791],[-97.58387912413411,32.92842942428697],[-97.5782182020094,32.9284238827746],[-97.57809525103038,32.934641664291895],[-97.57679270785182,32.933694628787805]]]},"properties":{"prop_id":59628,"state_cd":"15A+","ite_code":0,"ite_name":"Vacant/Agricultural","ite_unit":"N/A","units":1.0,"daily_trips":0.0,"am_peak_trips":0.0,"pm_peak_trips":0.0,"imprv_val":0.0,"acres":160.0,"city":"Reno","city_code":"CRE","fill_color":[80,80,80,100]}},{"type":"Feature","geometry":{"type":"Polygon","coordinates":[[[-97.61737839308937,32.94427133542833],[-97.61737719853666,32.9446913319018],[-97.61737128932357,32.94529863125076],[-97.61736974850453,32.94548921764663],[-97.61681276664343,32.94538123636306],[-97.61682370695588,32.944274562468685],[-97.61737839308937,32.94427133542833]]]},"properties":{"prop_id":86513,"state_cd":"8","ite_code":210,"ite_name":"Single-Family Detached","ite_unit":"DU","units":2,"daily_trips":18.9,"am_peak_trips":1.4,"pm_peak_trips":1.9,"imprv_val":323920.0,"acres":1.661,"city":"Reno","city_code":"CRE","fill_color":[34,139,34,180]}},{"type":"Feature","geometry":{"type":"Polygon","coordinates":[[[-97.5618546649173,32.969217112589256],[-97.56193328597897,32.96919669353812],[-97.56200920907243,32.96916998820576],[-97.56208172867728,32.96913724289828],[-97.56215016966938,32.96909876367292],[-97.56220564708764,32.96909918115324],[-97.56226507229563,32.96913354349209],[-97.56232800582343,32.96916313806255],[-97.56239391007269,32.96918771100742],[-97.56246222236041,32.96920705337336],[-97.56245713499942,32.969807201971506],[-97.56185039073827,32.969814946000014],[-97.5618546649173,32.969217112589256]]]},"properties":{"prop_id":115944,"state_cd":"S85","ite_code":0,"ite_name":"Vacant/Agricultural","ite_unit":"N/A","units":1.0,"daily_trips":0.0,"am_peak_trips":0.0,"pm_peak_trips":0.0,"imprv_val":0.0,"acres":1.013,"city":"Reno","city_code":"CRE","fill_color":[80,80,80,100]}},{"type":"Feature","geometry":{"type":"Polygon","coordinates":[[[-97.60785488104445,32.924723982515445],[-97.60829295052723,32.92491901772381],[-97.60834335363909,32.92504677420107],[-97.6083785667959,32.9250516283198],[-97.60837635308475,32.92588308639274],[-97.60783419640931,32.92588110008632],[-97.60785488104445,32.924723982515445]]]},"properties":{"prop_id":98846,"state_cd":"SF-OVR","ite_code":210,"ite_name":"Single-Family Detached","ite_unit":"DU","units":2,"daily_trips":18.9,"am_peak_trips":1.4,"pm_peak_trips":1.9,"imprv_val":1280228.0,"acres":1.322,"city":"Reno","city_code":"CRE","fill_color":[34,139,34,180]}},{"type":"Feature","geometry":{"type":"Polygon","coordinates":[[[-97.5961851095385,32.94671258912005],[-97.5961515811876,32.94671217364451],[-97.59616526937441,32.94596150258318],[-97.59684280923368,32.94562212902284],[-97.597581524188,32.94579927710114],[-97.59834876374188,32.94557354456386],[-97.59831966905053,32.94700260169314],[-97.59767464185087,32.94700361077111],[-97.59767580183969,32.94672301339789],[-97.5961851095385,32.94671258912005]]]},"properties":{"prop_id":123898,"state_cd":"8","ite_code":0,"ite_name":"Vacant/Agricultural","ite_unit":"N/A","units":1.0,"daily_trips":0.0,"am_peak_trips":0.0,"pm_peak_trips":0.0,"imprv_val":5000.0,"acres":4.937,"city":"Reno","city_code":"CRE","fill_color":[80,80,80,100]}},{"type":"Feature","geometry":{"type":"Polygon","coordinates":[[[-97.56043413197919,32.933855257654805],[-97.56071071704595,32.933892018107194],[-97.56092107254509,32.9339176523694],[-97.56134160234834,32.93396889681593],[-97.56136290417278,32.9357333138127],[-97.56072617221855,32.93573996795018],[-97.5603833593463,32.93575646559538],[-97.56043413197919,32.933855257654805]]]},"properties":{"prop_id":54093,"state_cd":"8","ite_code":0,"ite_name":"Vacant/Agricultural","ite_unit":"N/A","units":1.0,"daily_trips":0.0,"am_peak_trips":0.0,"pm_peak_trips":0.0,"imprv_val":0.0,"acres":0.59,"city":"Reno","city_code":"CRE","fill_color":[80,80,80,100]}},{"type":"Feature","geometry":{"type":"Polygon","coordinates":[[[-97.56398359752329,32.94920820422244],[-97.56398260298046,32.94920818502715],[-97.56397273746371,32.94822099066821],[-97.56431467013493,32.948226798396064],[-97.56431490487667,32.94921454895197],[-97.56398359752329,32.94920820422244]]]},"properties":{"prop_id":18892,"state_cd":"S80","ite_code":210,"ite_name":"Single-Family Detached","ite_unit":"DU","units":1,"daily_trips":9.4,"am_peak_trips":0.7,"pm_peak_trips":0.9,"imprv_val":47040.0,"acres":0.829,"city":"Reno","city_code":"CRE","fill_color":[34,139,34,180]}},{"type":"Feature","geometry":{"type":"Polygon","coordinates":[[[-97.60403404509317,32.930080245278596],[-97.60403057196301,32.92826109679039],[-97.60133904412818,32.92832147812497],[-97.60132446101092,32.927744428625964],[-97.60267621166643,32.927711319283745],[-97.60292353435275,32.92737021642756],[-97.60291076770683,32.92610089678921],[-97.60321411916165,32.92597814833605],[-97.60350779136137,32.925826220105655],[-97.60369779946228,32.92576149029757],[-97.60364838343386,32.926238911627486],[-97.60402659738752,32.926205524163166],[-97.60402882314085,32.92736088153056],[-97.60402991214819,32.92792125515507],[-97.60405635462925,32.92796477572563],[-97.6057768259565,32.92936429822133],[-97.60578124861613,32.930071935985204],[-97.60403404509317,32.930080245278596]]]},"properties":{"prop_id":54157,"state_cd":"8","ite_code":210,"ite_name":"Single-Family Detached","ite_unit":"DU","units":12,"daily_trips":113.3,"am_peak_trips":8.5,"pm_peak_trips":11.3,"imprv_val":32300.0,"acres":14.79,"city":"Reno","city_code":"CRE","fill_color":[255,200,0,200]}},{"type":"Feature","geometry":{"type":"Polygon","coordinates":[[[-97.60698835298469,32.95034477173029],[-97.60698195812935,32.952408238063846],[-97.6069752490958,32.954564363715996],[-97.60568356310112,32.95447563212303],[-97.60573281462051,32.95034046707124],[-97.60698835298469,32.95034477173029]]]},"properties":{"prop_id":55300,"state_cd":"8","ite_code":210,"ite_name":"Single-Family Detached","ite_unit":"DU","units":2,"daily_trips":18.9,"am_peak_trips":1.4,"pm_peak_trips":1.9,"imprv_val":175910.0,"acres":1.002,"city":"Reno","city_code":"CRE","fill_color":[34,139,34,180]}},{"type":"Feature","geometry":{"type":"Polygon","coordinates":[[[-97.60698835298469,32.95034477173029],[-97.60698195812935,32.952408238063846],[-97.6069752490958,32.954564363715996],[-97.60568356310112,32.95447563212303],[-97.60573281462051,32.95034046707124],[-97.60698835298469,32.95034477173029]]]},"properties":{"prop_id":55301,"state_cd":"8","ite_code":210,"ite_name":"Single-Family Detached","ite_unit":"DU","units":10,"daily_trips":94.4,"am_peak_trips":7.1,"pm_peak_trips":9.4,"imprv_val":30000.0,"acres":12.0,"city":"Reno","city_code":"CRE","fill_color":[255,200,0,200]}},{"type":"Feature","geometry":{"type":"Polygon","coordinates":[[[-97.59212762581079,32.954817817368884],[-97.59212499632235,32.95291154191002],[-97.59212411189229,32.95227257991198],[-97.59220313992948,32.95227279858577],[-97.59223704603504,32.95227288057548],[-97.59222455303656,32.95228942022868],[-97.5922008790575,32.95459916285829],[-97.59229868343877,32.95459987537533],[-97.59232211262932,32.95231376976379],[-97.59233665497968,32.95229452510666],[-97.59252022888909,32.95227365193723],[-97.59468438026329,32.952290521359934],[-97.59532527551578,32.952305017093074],[-97.59534491564806,32.95228132790414],[-97.59542962045734,32.95217900066259],[-97.59545358122311,32.95220471085867],[-97.59563324991002,32.95228210163547],[-97.5956666186202,32.95229647281299],[-97.59594342707206,32.95228292316293],[-97.59598770084258,32.952283052300984],[-97.5962855352606,32.95228576204287],[-97.59653250062243,32.95236592122714],[-97.59668922202194,32.95273698854572],[-97.5970093390884,32.95386721873222],[-97.59730624520189,32.95413102721083],[-97.59619277353232,32.95413421225176],[-97.59617510614825,32.95487387748367],[-97.59212762581079,32.954817817368884]]]},"properties":{"prop_id":50137,"state_cd":"8","ite_code":0,"ite_name":"Vacant/Agricultural","ite_unit":"N/A","units":1.0,"daily_trips":0.0,"am_peak_trips":0.0,"pm_peak_trips":0.0,"imprv_val":0.0,"acres":29.0,"city":"Reno","city_code":"CRE","fill_color":[80,80,80,100]}},{"type":"Feature","geometry":{"type":"Polygon","coordinates":[[[-97.56479133325445,32.96487865946906],[-97.56508950290686,32.964878437467014],[-97.5652766245228,32.96487829812126],[-97.56527299881573,32.965776811889846],[-97.56478604655592,32.96577393043409],[-97.56479133325445,32.96487865946906]]]},"properties":{"prop_id":115920,"state_cd":"S85","ite_code":210,"ite_name":"Single-Family Detached","ite_unit":"DU","units":2,"daily_trips":18.9,"am_peak_trips":1.4,"pm_peak_trips":1.9,"imprv_val":202170.0,"acres":1.121,"city":"Reno","city_code":"CRE","fill_color":[34,139,34,180]}},{"type":"Feature","geometry":{"type":"Polygon","coordinates":[[[-97.59171926607455,32.963915843030414],[-97.58945288968793,32.96389910438974],[-97.58944828818034,32.96476197873031],[-97.59170962126417,32.964783814650204],[-97.5917082793947,32.96490452651443],[-97.59030408261094,32.9649111102994],[-97.5901295064081,32.96512090367184],[-97.59007189966043,32.96497875417291],[-97.58984630196805,32.96486123328936],[-97.58968402522743,32.964812324046136],[-97.58888546071826,32.96479920851001],[-97.58888560878884,32.96477150717765],[-97.58888584806704,32.96472651843019],[-97.58889021470968,32.963908632851194],[-97.58889036125862,32.96388118311499],[-97.58890420165949,32.961288642146364],[-97.59174822846639,32.961309403552065],[-97.59171926607455,32.963915843030414]]]},"properties":{"prop_id":62487,"state_cd":"8","ite_code":0,"ite_name":"Vacant/Agricultural","ite_unit":"N/A","units":1.0,"daily_trips":0.0,"am_peak_trips":0.0,"pm_peak_trips":0.0,"imprv_val":0.0,"acres":21.42,"city":"Reno","city_code":"CRE","fill_color":[80,80,80,100]}},{"type":"Feature","geometry":{"type":"Polygon","coordinates":[[[-97.56138203862028,32.958933204304316],[-97.56138190738629,32.958383486594826],[-97.56204322534664,32.95839094538213],[-97.56202782204029,32.95894052899239],[-97.56138203862028,32.958933204304316]]]},"properties":{"prop_id":88130,"state_cd":"8","ite_code":210,"ite_name":"Single-Family Detached","ite_unit":"DU","units":2,"daily_trips":18.9,"am_peak_trips":1.4,"pm_peak_trips":1.9,"imprv_val":244160.0,"acres":1.0,"city":"Reno","city_code":"CRE","fill_color":[34,139,34,180]}},{"type":"Feature","geometry":{"type":"Polygon","coordinates":[[[-97.56339970887429,32.955300717372],[-97.56347065462558,32.95471364231544],[-97.56407919116094,32.954743813178396],[-97.56417731083879,32.95478688218222],[-97.56415769588465,32.9551745149682],[-97.56414758004425,32.95537442678112],[-97.56339970887429,32.955300717372]]]},"properties":{"prop_id":51953,"state_cd":"8","ite_code":0,"ite_name":"Vacant/Agricultural","ite_unit":"N/A","units":1.0,"daily_trips":0.0,"am_peak_trips":0.0,"pm_peak_trips":0.0,"imprv_val":0.0,"acres":1.085,"city":"Reno","city_code":"CRE","fill_color":[80,80,80,100]}},{"type":"Feature","geometry":{"type":"Polygon","coordinates":[[[-97.56531970645297,32.94713624210354],[-97.56531632243684,32.94617929693904],[-97.56543391891113,32.94618201703112],[-97.56545083793058,32.94620489270329],[-97.56547202835321,32.946225080480566],[-97.56549690247842,32.946242019521065],[-97.56552476899009,32.94625523748746],[-97.56555485308687,32.946264368735115],[-97.5655863178249,32.94626915898105],[-97.56561828863103,32.94626947360495],[-97.56562434804857,32.947143047113414],[-97.56531970645297,32.94713624210354]]]},"properties":{"prop_id":18950,"state_cd":"S80","ite_code":210,"ite_name":"Single-Family Detached","ite_unit":"DU","units":1,"daily_trips":9.4,"am_peak_trips":0.7,"pm_peak_trips":0.9,"imprv_val":100030.0,"acres":0.801,"city":"Reno","city_code":"CRE","fill_color":[34,139,34,180]}},{"type":"Feature","geometry":{"type":"Polygon","coordinates":[[[-97.59924573200313,32.95032421066405],[-97.6004930814329,32.950322403555084],[-97.60049958323035,32.95224628371097],[-97.59927014178682,32.95225848247013],[-97.59924392237623,32.95033071331051],[-97.59924573200313,32.95032421066405]]]},"properties":{"prop_id":55288,"state_cd":"8","ite_code":210,"ite_name":"Single-Family Detached","ite_unit":"DU","units":2,"daily_trips":18.9,"am_peak_trips":1.4,"pm_peak_trips":1.9,"imprv_val":385110.0,"acres":1.0,"city":"Reno","city_code":"CRE","fill_color":[34,139,34,180]}},{"type":"Feature","geometry":{"type":"Polygon","coordinates":[[[-97.55285674870031,32.93938783259222],[-97.55219511617337,32.939376676335385],[-97.55221145575089,32.93882753482563],[-97.55352753607572,32.93883176233551],[-97.55352940709265,32.939342811687546],[-97.55352943380437,32.93939916850514],[-97.55285674870031,32.93938783259222]]]},"properties":{"prop_id":49907,"state_cd":"15A+","ite_code":210,"ite_name":"Single-Family Detached","ite_unit":"DU","units":3,"daily_trips":28.3,"am_peak_trips":2.1,"pm_peak_trips":2.8,"imprv_val":139460.0,"acres":2.0,"city":"Reno","city_code":"CRE","fill_color":[34,139,34,180]}},{"type":"Feature","geometry":{"type":"Polygon","coordinates":[[[-97.56665237134008,32.96592669449187],[-97.56714929724816,32.96591251842855],[-97.56721912272783,32.96591339100587],[-97.56728841040974,32.96592073376751],[-97.56735632037942,32.96593445655787],[-97.56742202635554,32.96595439357153],[-97.56748473281458,32.96598030257918],[-97.5675436770821,32.96601186945219],[-97.5675981442893,32.9660487100779],[-97.56764747263594,32.96609037851511],[-97.56691229611498,32.96664096429197],[-97.56666319935805,32.96682751498573],[-97.56665237134008,32.96592669449187]]]},"properties":{"prop_id":115978,"state_cd":"S85","ite_code":0,"ite_name":"Vacant/Agricultural","ite_unit":"N/A","units":1.0,"daily_trips":0.0,"am_peak_trips":0.0,"pm_peak_trips":0.0,"imprv_val":0.0,"acres":1.331,"city":"Reno","city_code":"CRE","fill_color":[80,80,80,100]}},{"type":"Feature","geometry":{"type":"Polygon","coordinates":[[[-97.5594059049816,32.97331537742238],[-97.55529670327383,32.97335244216725],[-97.55535778391369,32.972412080166905],[-97.55945119498907,32.97237563587081],[-97.55945201514113,32.972889887913134],[-97.5594059049816,32.97331537742238]]]},"properties":{"prop_id":45953,"state_cd":"8","ite_code":210,"ite_name":"Single-Family Detached","ite_unit":"DU","units":2,"daily_trips":18.9,"am_peak_trips":1.4,"pm_peak_trips":1.9,"imprv_val":383010.0,"acres":1.0,"city":"Reno","city_code":"CRE","fill_color":[34,139,34,180]}},{"type":"Feature","geometry":{"type":"Polygon","coordinates":[[[-97.5760943916696,32.94112543172656],[-97.57612918889056,32.940727623043905],[-97.57710953470477,32.94073582251514],[-97.57707486699795,32.941133633299934],[-97.5760943916696,32.94112543172656]]]},"properties":{"prop_id":80360,"state_cd":"S80","ite_code":210,"ite_name":"Single-Family Detached","ite_unit":"DU","units":2,"daily_trips":18.9,"am_peak_trips":1.4,"pm_peak_trips":1.9,"imprv_val":263510.0,"acres":1.0,"city":"Reno","city_code":"CRE","fill_color":[34,139,34,180]}},{"type":"Feature","geometry":{"type":"Polygon","coordinates":[[[-97.58828131607257,32.969720564385085],[-97.58867059348825,32.96959231176792],[-97.58871325992706,32.96957824769964],[-97.58894261814191,32.969475305183444],[-97.58896111973337,32.969461532422656],[-97.58912759627516,32.969337376970365],[-97.58914264608858,32.96932613473856],[-97.58949831946731,32.96900237072622],[-97.58994734877011,32.968872334883464],[-97.5899756021656,32.9691175393986],[-97.59005440811968,32.969724705110664],[-97.59016231970462,32.9701951765043],[-97.58906407995693,32.97020846861819],[-97.5889667126533,32.97050905085553],[-97.58828185370653,32.970709020254915],[-97.58827687497309,32.96972202803031],[-97.58828131607257,32.969720564385085]]]},"properties":{"prop_id":54026,"state_cd":"8","ite_code":210,"ite_name":"Single-Family Detached","ite_unit":"DU","units":4,"daily_trips":37.8,"am_peak_trips":2.8,"pm_peak_trips":3.8,"imprv_val":123080.0,"acres":4.74,"city":"Reno","city_code":"CRE","fill_color":[34,139,34,180]}},{"type":"Feature","geometry":{"type":"Polygon","coordinates":[[[-97.54547367341671,32.94986164986473],[-97.54546726002187,32.94905909639958],[-97.54605586411427,32.94905509463532],[-97.54605560342797,32.949123790834534],[-97.5460541801374,32.94949756715273],[-97.54605278865397,32.94986282766789],[-97.54547367341671,32.94986164986473]]]},"properties":{"prop_id":49572,"state_cd":"A60","ite_code":0,"ite_name":"Vacant/Agricultural","ite_unit":"N/A","units":1.0,"daily_trips":0.0,"am_peak_trips":0.0,"pm_peak_trips":0.0,"imprv_val":9350.0,"acres":1.24,"city":"Reno","city_code":"CRE","fill_color":[80,80,80,100]}},{"type":"Feature","geometry":{"type":"Polygon","coordinates":[[[-97.5450444745062,32.937862015313954],[-97.5437147532273,32.93785171068751],[-97.54371481139508,32.93741111071726],[-97.54485848547513,32.937405297292415],[-97.54526824215846,32.937403212976136],[-97.54527912821514,32.937864357627355],[-97.5450444745062,32.937862015313954]]]},"properties":{"prop_id":91354,"state_cd":"15A+","ite_code":0,"ite_name":"Vacant/Agricultural","ite_unit":"N/A","units":1.0,"daily_trips":0.0,"am_peak_trips":0.0,"pm_peak_trips":0.0,"imprv_val":0.0,"acres":0.11,"city":"Reno","city_code":"CRE","fill_color":[80,80,80,100]}},{"type":"Feature","geometry":{"type":"Polygon","coordinates":[[[-97.5784992342248,32.9513180310323],[-97.57852419048434,32.95177776413216],[-97.57766793343883,32.95177211501632],[-97.57766713366819,32.95175493009024],[-97.57764098723223,32.951325892664336],[-97.5784992342248,32.9513180310323]]]},"properties":{"prop_id":105495,"state_cd":"8","ite_code":0,"ite_name":"Vacant/Agricultural","ite_unit":"N/A","units":1.0,"daily_trips":0.0,"am_peak_trips":0.0,"pm_peak_trips":0.0,"imprv_val":0.0,"acres":1.0,"city":"Reno","city_code":"CRE","fill_color":[80,80,80,100]}},{"type":"Feature","geometry":{"type":"Polygon","coordinates":[[[-97.57485723111695,32.94836389765768],[-97.57364829547753,32.94836221999934],[-97.57365652161029,32.946936374639776],[-97.57467811914147,32.94694195945127],[-97.57474210914569,32.94733886611415],[-97.57480980120948,32.947553234015004],[-97.5754552965303,32.94755360480659],[-97.57546883373307,32.948018996102824],[-97.5774275344845,32.94807485860206],[-97.5774040427312,32.94887787229942],[-97.57629561781242,32.94890198685132],[-97.57523050685484,32.94890217177006],[-97.57523175317425,32.94836441441114],[-97.57485723111695,32.94836389765768]]]},"properties":{"prop_id":67733,"state_cd":"8","ite_code":0,"ite_name":"Vacant/Agricultural","ite_unit":"N/A","units":1.0,"daily_trips":0.0,"am_peak_trips":0.0,"pm_peak_trips":0.0,"imprv_val":0.0,"acres":9.907,"city":"Reno","city_code":"CRE","fill_color":[80,80,80,100]}},{"type":"Feature","geometry":{"type":"Polygon","coordinates":[[[-97.5647510227094,32.96764844656631],[-97.56532080454699,32.9676293692851],[-97.56531758312529,32.968317606633434],[-97.56531758242095,32.9683176733637],[-97.56530431698222,32.96831811406787],[-97.56499950080612,32.968328241219226],[-97.56474427453463,32.96833671969053],[-97.56474427510605,32.96833666558493],[-97.5647510227094,32.96764844656631]]]},"properties":{"prop_id":115992,"state_cd":"S85","ite_code":210,"ite_name":"Single-Family Detached","ite_unit":"DU","units":2,"daily_trips":18.9,"am_peak_trips":1.4,"pm_peak_trips":1.9,"imprv_val":449700.0,"acres":1.001,"city":"Reno","city_code":"CRE","fill_color":[34,139,34,180]}},{"type":"Feature","geometry":{"type":"Polygon","coordinates":[[[-97.55081235467523,32.97514393609092],[-97.55081649775663,32.9710214513728],[-97.55081221450632,32.97098456898619],[-97.5508178373799,32.96966781226999],[-97.55081786183695,32.96966423308372],[-97.55434874703022,32.96968752136183],[-97.55434868848288,32.96969110028899],[-97.55433280922651,32.97055699373941],[-97.55453440735403,32.97056931914455],[-97.55453615122599,32.970569923074294],[-97.55557841230842,32.97093075042307],[-97.55547381368062,32.97109268786649],[-97.5554630807877,32.97111232958435],[-97.55545529040522,32.97112702541129],[-97.55544765879485,32.97114178106019],[-97.55544018278572,32.97115659289961],[-97.55543286983763,32.971171463691675],[-97.55542571252944,32.97118638706734],[-97.55541871726076,32.971201364878866],[-97.55541188512065,32.97121639533078],[-97.55540521184928,32.97123147658713],[-97.55539870490635,32.97124661141008],[-97.55539235261087,32.97126179159455],[-97.55538617416148,32.97127702269713],[-97.55538015463881,32.97129229919376],[-97.55537430047133,32.9713076202313],[-97.55536860525959,32.97132298395762],[-97.5553630796728,32.97133839315921],[-97.55535772053052,32.97135384510636],[-97.55535252683032,32.97136933347872],[-97.5553475017432,32.97138486190767],[-97.55534263992988,32.97140042945095],[-97.55533794357817,32.97141603161598],[-97.55533341693845,32.97143167114047],[-97.55532906328759,32.97144734173645],[-97.55532487509852,32.971463046954284],[-97.55532085240989,32.97147878318688],[-97.55531700270076,32.97149455139286],[-97.55531332174967,32.971510346129115],[-97.55530559587365,32.97153914708405],[-97.55529867927562,32.971635697970214],[-97.5552981898267,32.971637249919844],[-97.55529628087199,32.97166334888953],[-97.55515183771769,32.97347061572056],[-97.55336883915504,32.9734657477312],[-97.55312666958564,32.97358662302945],[-97.55278921060976,32.97395443198843],[-97.55277819162895,32.974242169612644],[-97.55277829006349,32.97424216945896],[-97.55406409731414,32.974235637332846],[-97.5540645574012,32.97423563541388],[-97.55485491760521,32.974231614111204],[-97.5548530015906,32.974235202397665],[-97.55479459511602,32.974344599820746],[-97.55478554141625,32.97435903350849],[-97.55477662402706,32.97437352684844],[-97.55476784296765,32.97438807803706],[-97.5547591981996,32.97440269068143],[-97.55475068980961,32.97441735666578],[-97.55474231775919,32.97443207959717],[-97.55473408524828,32.97444686040165],[-97.55472599342383,32.974461691873394],[-97.55471804008845,32.9744765794067],[-97.55471022316028,32.97449151757483],[-97.55470255009934,32.97450650913987],[-97.55469501558532,32.974521551356005],[-97.55468762393626,32.97453664064867],[-97.554680372974,32.97455178060873],[-97.55467326809588,32.97456696676799],[-97.55466629963495,32.974582202660464],[-97.55465947729681,32.974597481145096],[-97.55465279461443,32.97461280668208],[-97.5546462548165,32.97462817749221],[-97.55463986758957,32.97464358823805],[-97.55463362107871,32.974659046946144],[-97.55462751649824,32.97467454009825],[-97.55462155913014,32.974690074047295],[-97.55461574790453,32.97470564878516],[-97.55461008286002,32.97472126070485],[-97.55460456397748,32.97473691160991],[-97.55459919237488,32.974752596999686],[-97.55459396910294,32.97476831868576],[-97.55458875767721,32.97478944423531],[-97.55457465404244,32.97481628397202],[-97.55456684390914,32.9748308812901],[-97.55455895600207,32.97484544735549],[-97.55455098713095,32.97485998034026],[-97.55454294044749,32.974874485679244],[-97.55453481172049,32.97488895883121],[-97.554526606328,32.97490339713146],[-97.55451831886297,32.97491780594998],[-97.55450995363366,32.97493218261386],[-97.55450151066889,32.97494652441786],[-97.55449298992052,32.97496083587075],[-97.55448439144632,32.974975111561925],[-97.55447571091867,32.974989355967764],[-97.55446695267473,32.97500356371012],[-97.55445812095537,32.97501773842854],[-97.55444920721142,32.97503187915622],[-97.55444021896062,32.975045983244726],[-97.55443115188503,32.97506005426868],[-97.55442200815327,32.975074089538914],[-97.55441278671465,32.9750880872438],[-97.55440348968968,32.97510204920309],[-97.55439411490968,32.97511597810585],[-97.55438466244199,32.975129867639694],[-97.55437513867687,32.97514372055862],[-97.55436553401455,32.97515753408426],[-97.55435585697525,32.97517131188856],[-97.55434431641055,32.97518355867216],[-97.55433266394706,32.975196364642876],[-97.55432121025115,32.97520929296615],[-97.55430995629628,32.975222352667714],[-97.554303448496,32.97523010953982],[-97.5542989033162,32.97523552842579],[-97.55428804805314,32.97524882472486],[-97.5542774076633,32.975262238087936],[-97.55426696717848,32.97527576749964],[-97.55425673843445,32.97528940673691],[-97.5542467171038,32.975303160276205],[-97.55423690863206,32.97531701914058],[-97.55422731193981,32.9753309842237],[-97.55421792922476,32.97534505013126],[-97.55420876795645,32.97535921872378],[-97.5541998238653,32.97537348906694],[-97.55419109595861,32.975387853938706],[-97.55418258960493,32.975402311576104],[-97.55417430802353,32.97541686110188],[-97.55416624268459,32.97543149974573],[-97.55415407684406,32.975454598914325],[-97.5508293944097,32.9754584443723],[-97.55081711371757,32.97523177105782],[-97.55081235467523,32.97514393609092]]]},"properties":{"prop_id":45964,"state_cd":"15A+","ite_code":0,"ite_name":"Vacant/Agricultural","ite_unit":"N/A","units":1.0,"daily_trips":0.0,"am_peak_trips":0.0,"pm_peak_trips":0.0,"imprv_val":0.0,"acres":59.6,"city":"Reno","city_code":"CRE","fill_color":[80,80,80,100]}},{"type":"Feature","geometry":{"type":"Polygon","coordinates":[[[-97.55109368234675,32.94154951601345],[-97.55158324666598,32.941551333765865],[-97.55158310270744,32.94235481854849],[-97.55108792482238,32.942351047985966],[-97.55109368234675,32.94154951601345]]]},"properties":{"prop_id":118605,"state_cd":"15A+","ite_code":0,"ite_name":"Vacant/Agricultural","ite_unit":"N/A","units":1.0,"daily_trips":0.0,"am_peak_trips":0.0,"pm_peak_trips":0.0,"imprv_val":0.0,"acres":1.011,"city":"Reno","city_code":"CRE","fill_color":[80,80,80,100]}},{"type":"Feature","geometry":{"type":"Polygon","coordinates":[[[-97.57746115996841,32.94692538241486],[-97.5774275344845,32.94807485860206],[-97.57546883373307,32.948018996102824],[-97.5754552965303,32.94755360480659],[-97.57480980120948,32.947553234015004],[-97.57474210914569,32.94733886611415],[-97.57467811914147,32.94694195945127],[-97.5764068769246,32.94692504414147],[-97.57746115996841,32.94692538241486]]]},"properties":{"prop_id":67720,"state_cd":"8","ite_code":210,"ite_name":"Single-Family Detached","ite_unit":"DU","units":2,"daily_trips":18.9,"am_peak_trips":1.4,"pm_peak_trips":1.9,"imprv_val":769100.0,"acres":1.0,"city":"Reno","city_code":"CRE","fill_color":[34,139,34,180]}},{"type":"Feature","geometry":{"type":"Polygon","coordinates":[[[-97.5696969350468,32.950550909424145],[-97.56968565041456,32.9510151727397],[-97.56971396472098,32.95149840684823],[-97.56979959080189,32.952772632690035],[-97.57001210743135,32.95277492247327],[-97.56998133135944,32.95296651261699],[-97.56661910009696,32.95297699310469],[-97.56662512780868,32.95167908745801],[-97.56760477745809,32.951682518159146],[-97.56828644693044,32.95168489651271],[-97.56830630467994,32.950541079495785],[-97.5696969350468,32.950550909424145]]]},"properties":{"prop_id":57798,"state_cd":"8","ite_code":210,"ite_name":"Single-Family Detached","ite_unit":"DU","units":2,"daily_trips":18.9,"am_peak_trips":1.4,"pm_peak_trips":1.9,"imprv_val":120920.0,"acres":1.0,"city":"Reno","city_code":"CRE","fill_color":[34,139,34,180]}},{"type":"Feature","geometry":{"type":"Polygon","coordinates":[[[-97.55831742249532,32.944353654317126],[-97.55884365229522,32.94435874079059],[-97.55877575418457,32.946221878113285],[-97.55824258462982,32.94622493305062],[-97.55831742249532,32.944353654317126]]]},"properties":{"prop_id":18837,"state_cd":"8","ite_code":210,"ite_name":"Single-Family Detached","ite_unit":"DU","units":2,"daily_trips":18.9,"am_peak_trips":1.4,"pm_peak_trips":1.9,"imprv_val":258790.0,"acres":2.5,"city":"Reno","city_code":"CRE","fill_color":[34,139,34,180]}},{"type":"Feature","geometry":{"type":"Polygon","coordinates":[[[-97.54363082879385,32.94513087424082],[-97.54432703555305,32.94513413235015],[-97.54498872900302,32.945137227534715],[-97.54506041357433,32.945137548830814],[-97.54505382187091,32.94570670000291],[-97.54430084766865,32.945709033013294],[-97.54363352730255,32.94571097646745],[-97.54363082879385,32.94513087424082]]]},"properties":{"prop_id":53931,"state_cd":"15A+","ite_code":0,"ite_name":"Vacant/Agricultural","ite_unit":"N/A","units":1.0,"daily_trips":0.0,"am_peak_trips":0.0,"pm_peak_trips":0.0,"imprv_val":0.0,"acres":0.41,"city":"Reno","city_code":"CRE","fill_color":[80,80,80,100]}},{"type":"Feature","geometry":{"type":"Polygon","coordinates":[[[-97.56200887565048,32.945940171924754],[-97.5616693692065,32.94593193480701],[-97.56166626393582,32.945472168896224],[-97.56166308419691,32.94500126203655],[-97.5620104734153,32.94500582404991],[-97.56200887565048,32.945940171924754]]]},"properties":{"prop_id":18978,"state_cd":"S80","ite_code":210,"ite_name":"Single-Family Detached","ite_unit":"DU","units":1,"daily_trips":9.4,"am_peak_trips":0.7,"pm_peak_trips":0.9,"imprv_val":22520.0,"acres":0.782,"city":"Reno","city_code":"CRE","fill_color":[34,139,34,180]}},{"type":"Feature","geometry":{"type":"Polygon","coordinates":[[[-97.59554074793708,32.93807107539783],[-97.59471132629048,32.93687482646882],[-97.59478951546036,32.9366769805785],[-97.59432067489156,32.93654548836911],[-97.594331301961,32.93651328812498],[-97.5937121237457,32.93633503265528],[-97.59381258101665,32.93617490708633],[-97.59399824459598,32.93587896552655],[-97.5941476338144,32.93551268930046],[-97.59545847834653,32.93572044788338],[-97.5954590516432,32.935773961401644],[-97.5955515568162,32.936707617929876],[-97.59554074793708,32.93807107539783]]]},"properties":{"prop_id":90136,"state_cd":"8","ite_code":0,"ite_name":"Vacant/Agricultural","ite_unit":"N/A","units":1.0,"daily_trips":0.0,"am_peak_trips":0.0,"pm_peak_trips":0.0,"imprv_val":0.0,"acres":5.67,"city":"Reno","city_code":"CRE","fill_color":[80,80,80,100]}},{"type":"Feature","geometry":{"type":"Polygon","coordinates":[[[-97.54725824353707,32.92123789201134],[-97.54793557276528,32.921217738516994],[-97.54784802240458,32.92209986868716],[-97.54728735020588,32.92204816371989],[-97.54727853066265,32.92181010568746],[-97.54725824353707,32.92123789201134]]]},"properties":{"prop_id":126984,"state_cd":"15A+","ite_code":0,"ite_name":"Vacant/Agricultural","ite_unit":"N/A","units":1.0,"daily_trips":0.0,"am_peak_trips":0.0,"pm_peak_trips":0.0,"imprv_val":0.0,"acres":0.7,"city":"Reno","city_code":"CRE","fill_color":[80,80,80,100]}},{"type":"Feature","geometry":{"type":"Polygon","coordinates":[[[-97.59408565688592,32.928382693144705],[-97.59406706042729,32.92954517588256],[-97.59292936834574,32.929537666852],[-97.5929414661149,32.9292174470126],[-97.59045530753852,32.9291985206596],[-97.5904456810964,32.92839232071908],[-97.59408565688592,32.928382693144705]]]},"properties":{"prop_id":63523,"state_cd":"8","ite_code":210,"ite_name":"Single-Family Detached","ite_unit":"DU","units":6,"daily_trips":56.6,"am_peak_trips":4.2,"pm_peak_trips":5.7,"imprv_val":141240.0,"acres":8.0,"city":"Reno","city_code":"CRE","fill_color":[255,200,0,200]}},{"type":"Feature","geometry":{"type":"Polygon","coordinates":[[[-97.56908206937861,32.96992439927849],[-97.56908629443986,32.96992387621257],[-97.56973176454636,32.96989321168527],[-97.56991361643831,32.971440257289515],[-97.56974038909446,32.97143789571194],[-97.5690421176046,32.97118960035704],[-97.56908206937861,32.96992439927849]]]},"properties":{"prop_id":66863,"state_cd":"8","ite_code":210,"ite_name":"Single-Family Detached","ite_unit":"DU","units":2,"daily_trips":18.9,"am_peak_trips":1.4,"pm_peak_trips":1.9,"imprv_val":98720.0,"acres":2.508,"city":"Reno","city_code":"CRE","fill_color":[34,139,34,180]}},{"type":"Feature","geometry":{"type":"Polygon","coordinates":[[[-97.55286161725545,32.93995756373713],[-97.55285674870031,32.93938783259222],[-97.55352943380437,32.93939916850514],[-97.55352970774551,32.93996179790017],[-97.55286161725545,32.93995756373713]]]},"properties":{"prop_id":49904,"state_cd":"15A+","ite_code":210,"ite_name":"Single-Family Detached","ite_unit":"DU","units":2,"daily_trips":18.9,"am_peak_trips":1.4,"pm_peak_trips":1.9,"imprv_val":186730.0,"acres":1.0,"city":"Reno","city_code":"CRE","fill_color":[34,139,34,180]}},{"type":"Feature","geometry":{"type":"Polygon","coordinates":[[[-97.55063201697354,32.98785689713042],[-97.55216892158161,32.986886103402504],[-97.55264418025219,32.98715733532691],[-97.55063796751382,32.98848799621666],[-97.55063201697354,32.98785689713042]]]},"properties":{"prop_id":110231,"state_cd":"15A+","ite_code":210,"ite_name":"Single-Family Detached","ite_unit":"DU","units":2,"daily_trips":18.9,"am_peak_trips":1.4,"pm_peak_trips":1.9,"imprv_val":119120.0,"acres":2.735,"city":"Reno","city_code":"CRE","fill_color":[34,139,34,180]}},{"type":"Feature","geometry":{"type":"Polygon","coordinates":[[[-97.55735533285413,32.935087922318075],[-97.55732438634472,32.93497203310319],[-97.55727569745163,32.934761209522776],[-97.55723624984671,32.93463921905705],[-97.55718234862549,32.934515942291696],[-97.55758200243442,32.934382538414994],[-97.55772538370772,32.93476919575958],[-97.55767350008377,32.93479367864454],[-97.55773004507161,32.935024205272896],[-97.55735533285413,32.935087922318075]]]},"properties":{"prop_id":55091,"state_cd":"8","ite_code":210,"ite_name":"Single-Family Detached","ite_unit":"DU","units":1,"daily_trips":9.4,"am_peak_trips":0.7,"pm_peak_trips":0.9,"imprv_val":36000.0,"acres":0.51,"city":"Reno","city_code":"CRE","fill_color":[34,139,34,180]}},{"type":"Feature","geometry":{"type":"Polygon","coordinates":[[[-97.55911328027284,32.9542831801594],[-97.56121907169329,32.95423494846351],[-97.5612443095251,32.9553018829713],[-97.56037950130897,32.955295836241866],[-97.5603721498982,32.95572670831977],[-97.56011179242311,32.95572402957138],[-97.55912548452105,32.95571962426044],[-97.55911328027284,32.9542831801594]]]},"properties":{"prop_id":49352,"state_cd":"8","ite_code":210,"ite_name":"Single-Family Detached","ite_unit":"DU","units":2,"daily_trips":18.9,"am_peak_trips":1.4,"pm_peak_trips":1.9,"imprv_val":130490.0,"acres":1.0,"city":"Reno","city_code":"CRE","fill_color":[34,139,34,180]}},{"type":"Feature","geometry":{"type":"Polygon","coordinates":[[[-97.56084934571736,32.973265764430884],[-97.56191760029155,32.97325537268535],[-97.56187225927911,32.973315091540435],[-97.56183434619814,32.97337838253302],[-97.5618042521025,32.97344459027694],[-97.56178228703911,32.973513030818154],[-97.56176867890068,32.973582998840975],[-97.56176356913639,32.97365376853704],[-97.56084451983843,32.97367224827061],[-97.56084785199654,32.97327263594995],[-97.56084934571736,32.973265764430884]]]},"properties":{"prop_id":106187,"state_cd":"S80","ite_code":210,"ite_name":"Single-Family Detached","ite_unit":"DU","units":2,"daily_trips":18.9,"am_peak_trips":1.4,"pm_peak_trips":1.9,"imprv_val":434740.0,"acres":1.0,"city":"Reno","city_code":"CRE","fill_color":[34,139,34,180]}},{"type":"Feature","geometry":{"type":"Polygon","coordinates":[[[-97.56532080454699,32.9676293692851],[-97.5659287378992,32.96760560897641],[-97.56592322665081,32.968294428862244],[-97.56531758242095,32.9683176733637],[-97.56531758312529,32.968317606633434],[-97.56532080454699,32.9676293692851]]]},"properties":{"prop_id":115993,"state_cd":"S85","ite_code":210,"ite_name":"Single-Family Detached","ite_unit":"DU","units":2,"daily_trips":18.9,"am_peak_trips":1.4,"pm_peak_trips":1.9,"imprv_val":456850.0,"acres":1.073,"city":"Reno","city_code":"CRE","fill_color":[34,139,34,180]}},{"type":"Feature","geometry":{"type":"Polygon","coordinates":[[[-97.56297655326581,32.970757738226816],[-97.56345788314353,32.97075027997087],[-97.5634752368811,32.971533831123494],[-97.56343093854682,32.97153419715001],[-97.56299644227884,32.97153778688834],[-97.56297655326581,32.970757738226816]]]},"properties":{"prop_id":106234,"state_cd":"S80","ite_code":210,"ite_name":"Single-Family Detached","ite_unit":"DU","units":2,"daily_trips":18.9,"am_peak_trips":1.4,"pm_peak_trips":1.9,"imprv_val":458370.0,"acres":1.0,"city":"Reno","city_code":"CRE","fill_color":[34,139,34,180]}},{"type":"Feature","geometry":{"type":"Polygon","coordinates":[[[-97.58021096088274,32.944502380504055],[-97.58020693750802,32.944283373101186],[-97.5802082520813,32.94421765089666],[-97.5802088741031,32.94418700127952],[-97.5803641349637,32.94427449162402],[-97.5803270949201,32.94431973192411],[-97.58071037358265,32.9445428251803],[-97.58071051867454,32.944550692940446],[-97.58070839285072,32.945096947264766],[-97.58021529532391,32.94511044006365],[-97.58021096088274,32.944502380504055]]]},"properties":{"prop_id":51879,"state_cd":"8","ite_code":0,"ite_name":"Vacant/Agricultural","ite_unit":"N/A","units":1.0,"daily_trips":0.0,"am_peak_trips":0.0,"pm_peak_trips":0.0,"imprv_val":0.0,"acres":0.936,"city":"Reno","city_code":"CRE","fill_color":[80,80,80,100]}},{"type":"Feature","geometry":{"type":"Polygon","coordinates":[[[-97.55941864957721,32.975441452923754],[-97.55942129171436,32.97481904083317],[-97.55943498327575,32.97337175841507],[-97.55530851410076,32.97340729090419],[-97.55529670327383,32.97335244216725],[-97.5594059049816,32.97331537742238],[-97.55945201514113,32.972889887913134],[-97.56082530741757,32.97289329747153],[-97.5608537661184,32.97289337124043],[-97.5608517207873,32.9730241772588],[-97.56059071404879,32.973024251906004],[-97.56055413054901,32.97322636058703],[-97.56084785199654,32.97327263594995],[-97.56082318696517,32.97546919402179],[-97.55941864957721,32.975441452923754]]]},"properties":{"prop_id":45972,"state_cd":"8","ite_code":0,"ite_name":"Vacant/Agricultural","ite_unit":"N/A","units":1.0,"daily_trips":0.0,"am_peak_trips":0.0,"pm_peak_trips":0.0,"imprv_val":0.0,"acres":0.59,"city":"Reno","city_code":"CRE","fill_color":[80,80,80,100]}},{"type":"Feature","geometry":{"type":"Polygon","coordinates":[[[-97.58539670596957,32.93774068766309],[-97.58618614628608,32.93775536843648],[-97.58619733888972,32.93830562570621],[-97.58556901766273,32.93829429668609],[-97.58539670596957,32.93774068766309]]]},"properties":{"prop_id":75272,"state_cd":"8","ite_code":0,"ite_name":"Vacant/Agricultural","ite_unit":"N/A","units":1.0,"daily_trips":0.0,"am_peak_trips":0.0,"pm_peak_trips":0.0,"imprv_val":0.0,"acres":1.0,"city":"Reno","city_code":"CRE","fill_color":[80,80,80,100]}},{"type":"Feature","geometry":{"type":"Polygon","coordinates":[[[-97.55438804328156,32.948535382899955],[-97.55503990429531,32.9485162287847],[-97.555056572631,32.949244951791435],[-97.55505821485691,32.94941726242021],[-97.5548612434921,32.94941720053342],[-97.5548560937679,32.94974071801518],[-97.55437421216362,32.94973851274381],[-97.55437542695822,32.94988320957401],[-97.55405003824697,32.949882242966964],[-97.55405402318104,32.949282379236706],[-97.5543799871716,32.9492846587781],[-97.55438237940201,32.94905658134382],[-97.55438804328156,32.948535382899955]]]},"properties":{"prop_id":49340,"state_cd":"8","ite_code":210,"ite_name":"Single-Family Detached","ite_unit":"DU","units":2,"daily_trips":18.9,"am_peak_trips":1.4,"pm_peak_trips":1.9,"imprv_val":190060.0,"acres":2.5,"city":"Reno","city_code":"CRE","fill_color":[34,139,34,180]}},{"type":"Feature","geometry":{"type":"Polygon","coordinates":[[[-97.56034890042653,32.945216081951585],[-97.56085751707515,32.94522099727968],[-97.5608472153433,32.94570244510515],[-97.56034043821384,32.94570655926883],[-97.56034890042653,32.945216081951585]]]},"properties":{"prop_id":18826,"state_cd":"S80","ite_code":210,"ite_name":"Single-Family Detached","ite_unit":"DU","units":1,"daily_trips":9.4,"am_peak_trips":0.7,"pm_peak_trips":0.9,"imprv_val":114960.0,"acres":0.57,"city":"Reno","city_code":"CRE","fill_color":[34,139,34,180]}},{"type":"Feature","geometry":{"type":"Polygon","coordinates":[[[-97.58872332791788,32.94577212945367],[-97.58906387423359,32.94578232505472],[-97.58942246309827,32.94579305921875],[-97.58981674563915,32.9458048611529],[-97.58981051462868,32.946130618744306],[-97.58980617883343,32.946357290539225],[-97.58979685730135,32.946570884510145],[-97.5897889314825,32.94691791923794],[-97.58882622441767,32.94688328457939],[-97.58873775257042,32.946726482585476],[-97.58871127474515,32.94667639325528],[-97.5886810131195,32.94660745229912],[-97.58867011267421,32.94655789444608],[-97.58866578849505,32.946502887125206],[-97.58867037749101,32.94637372691328],[-97.58867440226369,32.94632549750629],[-97.5886771492285,32.94632557441438],[-97.58872332791788,32.94577212945367]]]},"properties":{"prop_id":22921,"state_cd":"8","ite_code":210,"ite_name":"Single-Family Detached","ite_unit":"DU","units":2,"daily_trips":18.9,"am_peak_trips":1.4,"pm_peak_trips":1.9,"imprv_val":314690.0,"acres":2.632,"city":"Reno","city_code":"CRE","fill_color":[34,139,34,180]}},{"type":"Feature","geometry":{"type":"Polygon","coordinates":[[[-97.56825223970338,32.973592513334445],[-97.56824422009682,32.97326496805037],[-97.56873626418388,32.9735407270557],[-97.56879730658619,32.97357799949044],[-97.568853899133,32.97361996514215],[-97.56890553649448,32.97366624868746],[-97.56895175545924,32.97371643724089],[-97.56899214456251,32.9737700804269],[-97.56902634077281,32.97382670027479],[-97.56905404021872,32.973885788592746],[-97.56907499485665,32.97394681866731],[-97.56908901569047,32.97400924438449],[-97.56826268164279,32.97401899398677],[-97.56825223970338,32.973592513334445]]]},"properties":{"prop_id":106281,"state_cd":"S80","ite_code":210,"ite_name":"Single-Family Detached","ite_unit":"DU","units":2,"daily_trips":18.9,"am_peak_trips":1.4,"pm_peak_trips":1.9,"imprv_val":417080.0,"acres":1.028,"city":"Reno","city_code":"CRE","fill_color":[34,139,34,180]}},{"type":"Feature","geometry":{"type":"Polygon","coordinates":[[[-97.59422544801478,32.94629977083381],[-97.59423562026484,32.94586700968799],[-97.59470261820205,32.94587813254487],[-97.59492575511884,32.94592001958277],[-97.59505951730593,32.945984520749874],[-97.59517625019123,32.946088567876274],[-97.59524477776843,32.94620210653269],[-97.59527032045703,32.94632168552102],[-97.59422544801478,32.94629977083381]]]},"properties":{"prop_id":82073,"state_cd":"S80","ite_code":210,"ite_name":"Single-Family Detached","ite_unit":"DU","units":2,"daily_trips":18.9,"am_peak_trips":1.4,"pm_peak_trips":1.9,"imprv_val":455590.0,"acres":1.0,"city":"Reno","city_code":"CRE","fill_color":[34,139,34,180]}},{"type":"Feature","geometry":{"type":"Polygon","coordinates":[[[-97.57720142550983,32.95760290951924],[-97.57720819430047,32.95714023696627],[-97.5780517892069,32.95715066055099],[-97.5780450853147,32.95761122150689],[-97.57720142550983,32.95760290951924]]]},"properties":{"prop_id":57768,"state_cd":"8","ite_code":210,"ite_name":"Single-Family Detached","ite_unit":"DU","units":2,"daily_trips":18.9,"am_peak_trips":1.4,"pm_peak_trips":1.9,"imprv_val":244650.0,"acres":1.0,"city":"Reno","city_code":"CRE","fill_color":[34,139,34,180]}},{"type":"Feature","geometry":{"type":"Polygon","coordinates":[[[-97.57094781014733,32.9489468253592],[-97.57093067055087,32.948920422643226],[-97.570908581818,32.948896776899176],[-97.57088215532846,32.94887654200337],[-97.57085211899086,32.948860275303474],[-97.57081930238236,32.948848426685466],[-97.57078461232054,32.94884132215917],[-97.57074900617262,32.94883915915002],[-97.57071346628233,32.948841997290586],[-97.57067897538077,32.94884975733465],[-97.57064648338476,32.94886222541959],[-97.57061688915836,32.94887905834044],[-97.57059100836172,32.94889978962293],[-97.57056955720935,32.94892384834067],[-97.5705531256185,32.94895056973604],[-97.57054216950463,32.94897921590528],[-97.57053699024215,32.9490089963864],[-97.57053773123742,32.94903908887615],[-97.57054437126487,32.94906866262753],[-97.57055672743826,32.94909690101797],[-97.57002538376285,32.94909788367896],[-97.57010570053865,32.948446939204665],[-97.57042245422427,32.948228470013454],[-97.57097001809777,32.94849766784894],[-97.57094781014733,32.9489468253592]]]},"properties":{"prop_id":124911,"state_cd":"8","ite_code":210,"ite_name":"Single-Family Detached","ite_unit":"DU","units":2,"daily_trips":18.9,"am_peak_trips":1.4,"pm_peak_trips":1.9,"imprv_val":773710.0,"acres":1.5,"city":"Reno","city_code":"CRE","fill_color":[34,139,34,180]}},{"type":"Feature","geometry":{"type":"Polygon","coordinates":[[[-97.5656194769262,32.966695102992254],[-97.56614188307375,32.96676037400902],[-97.56666319935805,32.96682751498573],[-97.56635618347968,32.96742070626167],[-97.56563150712127,32.967450888315945],[-97.5656194769262,32.966695102992254]]]},"properties":{"prop_id":115981,"state_cd":"S90","ite_code":210,"ite_name":"Single-Family Detached","ite_unit":"DU","units":2,"daily_trips":18.9,"am_peak_trips":1.4,"pm_peak_trips":1.9,"imprv_val":312190.0,"acres":1.548,"city":"Reno","city_code":"CRE","fill_color":[34,139,34,180]}},{"type":"Feature","geometry":{"type":"Polygon","coordinates":[[[-97.56272710006633,32.97349222453756],[-97.56272518421835,32.973365437948715],[-97.56362020069726,32.9733497885508],[-97.56362661662558,32.97378193999733],[-97.56273159134258,32.97378951802031],[-97.56272710006633,32.97349222453756]]]},"properties":{"prop_id":106251,"state_cd":"S80","ite_code":210,"ite_name":"Single-Family Detached","ite_unit":"DU","units":2,"daily_trips":18.9,"am_peak_trips":1.4,"pm_peak_trips":1.9,"imprv_val":478290.0,"acres":1.0,"city":"Reno","city_code":"CRE","fill_color":[34,139,34,180]}},{"type":"Feature","geometry":{"type":"Polygon","coordinates":[[[-97.56691229611498,32.96664096429197],[-97.56764747263594,32.96609037851511],[-97.56769303567914,32.966138713058136],[-97.56773167977305,32.966191155070646],[-97.56776289019662,32.966247005396546],[-97.56778625008388,32.96630551691211],[-97.56780144776079,32.966365909009895],[-97.56780827986044,32.96642737663982],[-97.56780665552739,32.9664890975554],[-97.56779659624767,32.966550248545005],[-97.56777823576482,32.96661001354806],[-97.5677518210364,32.966667594483965],[-97.56768461272037,32.96680178021857],[-97.5676228217306,32.966937804698816],[-97.56756651928357,32.96707551064491],[-97.56751577015982,32.9672147425319],[-97.56691229611498,32.96664096429197]]]},"properties":{"prop_id":115979,"state_cd":"S85","ite_code":0,"ite_name":"Vacant/Agricultural","ite_unit":"N/A","units":1.0,"daily_trips":0.0,"am_peak_trips":0.0,"pm_peak_trips":0.0,"imprv_val":0.0,"acres":1.317,"city":"Reno","city_code":"CRE","fill_color":[80,80,80,100]}},{"type":"Feature","geometry":{"type":"Polygon","coordinates":[[[-97.55089453568091,32.94065509691787],[-97.55188889303939,32.940651826342645],[-97.55189288369253,32.941434003427624],[-97.55041041469708,32.941402444913194],[-97.55040886093768,32.94097222225375],[-97.55040860547571,32.94091124989626],[-97.5504053214194,32.94065670245803],[-97.55089453568091,32.94065509691787]]]},"properties":{"prop_id":109233,"state_cd":"15A+","ite_code":210,"ite_name":"Single-Family Detached","ite_unit":"DU","units":2,"daily_trips":18.9,"am_peak_trips":1.4,"pm_peak_trips":1.9,"imprv_val":261310.0,"acres":1.0,"city":"Reno","city_code":"CRE","fill_color":[34,139,34,180]}},{"type":"Feature","geometry":{"type":"Polygon","coordinates":[[[-97.56405451061995,32.96674718736888],[-97.56406485427561,32.96750347521802],[-97.56354730849155,32.967514804764505],[-97.56353613195978,32.96675858182639],[-97.56405451061995,32.96674718736888]]]},"properties":{"prop_id":115985,"state_cd":"S85","ite_code":0,"ite_name":"Vacant/Agricultural","ite_unit":"N/A","units":1.0,"daily_trips":0.0,"am_peak_trips":0.0,"pm_peak_trips":0.0,"imprv_val":0.0,"acres":1.01,"city":"Reno","city_code":"CRE","fill_color":[80,80,80,100]}},{"type":"Feature","geometry":{"type":"Polygon","coordinates":[[[-97.59158282912908,32.935224546098425],[-97.59198246577009,32.937665779210434],[-97.59193884498045,32.937706574928654],[-97.59156939296169,32.93805207103496],[-97.59134878004555,32.93818773644842],[-97.59127697322437,32.93821479975933],[-97.59106417584141,32.935386208783015],[-97.59154284627711,32.93523700284883],[-97.59158282912908,32.935224546098425]]]},"properties":{"prop_id":54062,"state_cd":"8","ite_code":210,"ite_name":"Single-Family Detached","ite_unit":"DU","units":2,"daily_trips":18.9,"am_peak_trips":1.4,"pm_peak_trips":1.9,"imprv_val":96610.0,"acres":1.0,"city":"Reno","city_code":"CRE","fill_color":[34,139,34,180]}},{"type":"Feature","geometry":{"type":"Polygon","coordinates":[[[-97.5540645574012,32.97423563541388],[-97.55411920524841,32.97384316726247],[-97.55502736642843,32.97391211596403],[-97.55501252200642,32.97393992140712],[-97.55485487940221,32.97423519319055],[-97.5548530015906,32.974235202397665],[-97.55406405907917,32.97423921641191],[-97.5540645574012,32.97423563541388]]]},"properties":{"prop_id":45965,"state_cd":"15A+","ite_code":210,"ite_name":"Single-Family Detached","ite_unit":"DU","units":2,"daily_trips":18.9,"am_peak_trips":1.4,"pm_peak_trips":1.9,"imprv_val":289800.0,"acres":1.0,"city":"Reno","city_code":"CRE","fill_color":[34,139,34,180]}},{"type":"Feature","geometry":{"type":"Polygon","coordinates":[[[-97.5656194769262,32.966695102992254],[-97.56563150712127,32.967450888315945],[-97.5651074497794,32.96747154283982],[-97.56509781976585,32.96671541921687],[-97.5656194769262,32.966695102992254]]]},"properties":{"prop_id":115982,"state_cd":"S85","ite_code":0,"ite_name":"Vacant/Agricultural","ite_unit":"N/A","units":1.0,"daily_trips":0.0,"am_peak_trips":0.0,"pm_peak_trips":0.0,"imprv_val":0.0,"acres":1.011,"city":"Reno","city_code":"CRE","fill_color":[80,80,80,100]}},{"type":"Feature","geometry":{"type":"Polygon","coordinates":[[[-97.61851339557232,32.94482465357829],[-97.61930092212664,32.94485810211653],[-97.61929693209372,32.9451312824521],[-97.61929302820764,32.94575164001017],[-97.61860117753038,32.94502298014568],[-97.61860593560124,32.94499765524291],[-97.61860589553844,32.9449720150252],[-97.61860105844366,32.944946701603406],[-97.61859154529076,32.944922348917544],[-97.61857759387807,32.94489956648247],[-97.61855955576344,32.94487892493684],[-97.6185378803651,32.94486094150176],[-97.61851311081809,32.94484606642402],[-97.61851339557232,32.94482465357829]]]},"properties":{"prop_id":86508,"state_cd":"S80","ite_code":210,"ite_name":"Single-Family Detached","ite_unit":"DU","units":2,"daily_trips":18.9,"am_peak_trips":1.4,"pm_peak_trips":1.9,"imprv_val":409270.0,"acres":1.0,"city":"Reno","city_code":"CRE","fill_color":[34,139,34,180]}},{"type":"Feature","geometry":{"type":"Polygon","coordinates":[[[-97.57747566004089,32.93878275059311],[-97.57750439713838,32.93877526804007],[-97.57753117655278,32.93876372625943],[-97.57755519901616,32.9387484674422],[-97.57757574747413,32.938729949823355],[-97.5775922076489,32.938708724386274],[-97.57760408844244,32.93868542689652],[-97.57761103397225,32.93866075183815],[-97.57761283870204,32.93863543719402],[-97.57760944663474,32.93861023918835],[-97.57760096011141,32.93858590890433],[-97.57758763251209,32.93856317419323],[-97.57862698741584,32.93811736830583],[-97.57861057264678,32.938337026534164],[-97.57857109563398,32.93879190093849],[-97.57747566004089,32.93878275059311]]]},"properties":{"prop_id":80356,"state_cd":"S80","ite_code":210,"ite_name":"Single-Family Detached","ite_unit":"DU","units":2,"daily_trips":18.9,"am_peak_trips":1.4,"pm_peak_trips":1.9,"imprv_val":245500.0,"acres":1.128,"city":"Reno","city_code":"CRE","fill_color":[34,139,34,180]}},{"type":"Feature","geometry":{"type":"Polygon","coordinates":[[[-97.54817015959071,32.94913059170698],[-97.54605560342797,32.949123790834534],[-97.54606506405773,32.94839097246516],[-97.54817761925524,32.94842717408175],[-97.54817015959071,32.94913059170698]]]},"properties":{"prop_id":93253,"state_cd":"15A+","ite_code":0,"ite_name":"Vacant/Agricultural","ite_unit":"N/A","units":1.0,"daily_trips":0.0,"am_peak_trips":0.0,"pm_peak_trips":0.0,"imprv_val":0.0,"acres":4.0,"city":"Reno","city_code":"CRE","fill_color":[80,80,80,100]}},{"type":"Feature","geometry":{"type":"Polygon","coordinates":[[[-97.57883020673192,32.945318806765805],[-97.57882890935622,32.94516628547328],[-97.57922006049434,32.94517100039416],[-97.57924092500933,32.94417301289785],[-97.57968776031773,32.94417732264257],[-97.57968539906368,32.94428085007506],[-97.5796805367537,32.94449404989594],[-97.58021096088274,32.944502380504055],[-97.58021529532391,32.94511044006365],[-97.58021624843983,32.94553664434882],[-97.58071236481844,32.945613298476395],[-97.58071254101185,32.94565197217516],[-97.57883020673192,32.945318806765805]]]},"properties":{"prop_id":51871,"state_cd":"8","ite_code":210,"ite_name":"Single-Family Detached","ite_unit":"DU","units":2,"daily_trips":18.9,"am_peak_trips":1.4,"pm_peak_trips":1.9,"imprv_val":222340.0,"acres":3.07,"city":"Reno","city_code":"CRE","fill_color":[34,139,34,180]}},{"type":"Feature","geometry":{"type":"Polygon","coordinates":[[[-97.54503120100608,32.94207986592893],[-97.54502860057076,32.94151631568318],[-97.54684894788029,32.9415336782866],[-97.54769207301432,32.94153683598875],[-97.54789842156157,32.941537607781704],[-97.54820546639489,32.941538755368306],[-97.54845360078811,32.94153968313794],[-97.54894267517577,32.941541509328864],[-97.54956789824163,32.94154384024499],[-97.54973086208928,32.94154444756621],[-97.55011627776429,32.94154588247093],[-97.55040879476819,32.94154697067561],[-97.55059844549416,32.94154767565536],[-97.55109368234675,32.94154951601345],[-97.55158324666598,32.941551333765865],[-97.5520699159139,32.941553138388606],[-97.55255945353719,32.94155495210164],[-97.55304331970505,32.941556742426904],[-97.5535304788355,32.94155854326381],[-97.55353081113721,32.942250742342345],[-97.5535308631522,32.942357782478666],[-97.55353088770273,32.94240773532551],[-97.55353092890543,32.94251788941497],[-97.55353123516103,32.94334125113025],[-97.55353133674117,32.94361421758543],[-97.5535227044602,32.94416423719871],[-97.55352017736028,32.94432526591666],[-97.55351904869359,32.94439716065711],[-97.55352029968577,32.94442472392919],[-97.5535203559601,32.94443957667933],[-97.55351997266067,32.9444544278937],[-97.55351916168635,32.94446926503701],[-97.55351791777632,32.9444840799528],[-97.55351623671986,32.94449886629627],[-97.55351413041592,32.94451361153207],[-97.55351158716746,32.94452830925841],[-97.55350861989477,32.944542951456995],[-97.55350522764378,32.9445575272985],[-97.55350140841985,32.944572023240205],[-97.55349716538304,32.94458644381521],[-97.55349250413106,32.944600765618375],[-97.55348742574289,32.94461498775601],[-97.55348299778875,32.944628896486975],[-97.55313649720983,32.945167804749616],[-97.55287188813274,32.94517053983444],[-97.55277758965194,32.945171514785834],[-97.5527365413912,32.9451719385972],[-97.55157618165268,32.945166741684126],[-97.55146956013529,32.94516626367345],[-97.5513826969353,32.94516587378507],[-97.55090516482568,32.94516373221261],[-97.55041703487433,32.945161540502674],[-97.54952690988915,32.94515753883527],[-97.54821235036721,32.9451516193185],[-97.54800455328494,32.94515069274816],[-97.54568415763684,32.94514033952554],[-97.54506041357433,32.945137548830814],[-97.54498872900302,32.945137227534715],[-97.54499359981851,32.94479012124654],[-97.54499723592961,32.94453094438704],[-97.54500200220143,32.94419124675379],[-97.5450104715739,32.94358773548894],[-97.54501887148297,32.94298916841202],[-97.54502320207902,32.942680541033496],[-97.5450267894263,32.94242497828966],[-97.54502919029333,32.9422539707062],[-97.54503107603377,32.94211953313138],[-97.5450311241135,32.94210426000461],[-97.54503120100608,32.94207986592893]]]},"properties":{"prop_id":118598,"state_cd":"15A+","ite_code":0,"ite_name":"Vacant/Agricultural","ite_unit":"N/A","units":1.0,"daily_trips":0.0,"am_peak_trips":0.0,"pm_peak_trips":0.0,"imprv_val":0.0,"acres":5.473,"city":"Reno","city_code":"CRE","fill_color":[80,80,80,100]}},{"type":"Feature","geometry":{"type":"Polygon","coordinates":[[[-97.61503627901682,32.94428287726732],[-97.61502954366571,32.94519296666784],[-97.6143570836246,32.945200595712365],[-97.61470801756008,32.94428245344088],[-97.61503627901682,32.94428287726732]]]},"properties":{"prop_id":86518,"state_cd":"S80","ite_code":210,"ite_name":"Single-Family Detached","ite_unit":"DU","units":2,"daily_trips":18.9,"am_peak_trips":1.4,"pm_peak_trips":1.9,"imprv_val":521750.0,"acres":1.188,"city":"Reno","city_code":"CRE","fill_color":[34,139,34,180]}},{"type":"Feature","geometry":{"type":"Polygon","coordinates":[[[-97.59133606779739,32.93839181149485],[-97.5913289945393,32.93949204021049],[-97.5946713763278,32.93951576159592],[-97.59465711906145,32.9408723396201],[-97.5910794636434,32.94084638973312],[-97.59110376665826,32.938480120749546],[-97.59133606779739,32.93839181149485]]]},"properties":{"prop_id":95495,"state_cd":"8","ite_code":210,"ite_name":"Single-Family Detached","ite_unit":"DU","units":2,"daily_trips":18.9,"am_peak_trips":1.4,"pm_peak_trips":1.9,"imprv_val":86590.0,"acres":1.0,"city":"Reno","city_code":"CRE","fill_color":[34,139,34,180]}},{"type":"Feature","geometry":{"type":"Polygon","coordinates":[[[-97.58625388321968,32.94751463990225],[-97.58626200111945,32.94684125705875],[-97.58674973856007,32.94688256575185],[-97.58673242626926,32.94756140402244],[-97.58625388321968,32.94751463990225]]]},"properties":{"prop_id":22950,"state_cd":"S80","ite_code":210,"ite_name":"Single-Family Detached","ite_unit":"DU","units":1,"daily_trips":9.4,"am_peak_trips":0.7,"pm_peak_trips":0.9,"imprv_val":234300.0,"acres":0.84,"city":"Reno","city_code":"CRE","fill_color":[34,139,34,180]}},{"type":"Feature","geometry":{"type":"Polygon","coordinates":[[[-97.59973489943015,32.946574179542935],[-97.59975005893699,32.94301718842845],[-97.60127385624361,32.94301056809954],[-97.60124064219202,32.94525669892086],[-97.60116313534513,32.94962952860294],[-97.60115275586101,32.95021511803711],[-97.59971952827787,32.95023542548239],[-97.59973489943015,32.946574179542935]]]},"properties":{"prop_id":67919,"state_cd":"8","ite_code":210,"ite_name":"Single-Family Detached","ite_unit":"DU","units":2,"daily_trips":18.9,"am_peak_trips":1.4,"pm_peak_trips":1.9,"imprv_val":316580.0,"acres":2.17,"city":"Reno","city_code":"CRE","fill_color":[34,139,34,180]}},{"type":"Feature","geometry":{"type":"Polygon","coordinates":[[[-97.57472933212485,32.96144855404316],[-97.57472449201843,32.96089703008715],[-97.57540531055149,32.96089403372362],[-97.57542184761522,32.9602313138416],[-97.57544071300256,32.959744967062356],[-97.57550903265017,32.959745136662725],[-97.57623462320899,32.95974477307301],[-97.57687917799623,32.95974444707178],[-97.5768816269974,32.96011757004704],[-97.57688573173424,32.960743082795894],[-97.57688787153344,32.961069210801284],[-97.57688787238509,32.961069334358506],[-97.5768899131543,32.96138033339522],[-97.57689043290378,32.961459475650756],[-97.57632670316764,32.96145542913516],[-97.5762960598804,32.96145520920763],[-97.5755948560847,32.961445687924986],[-97.57472933212485,32.96144855404316]]]},"properties":{"prop_id":57830,"state_cd":"8","ite_code":210,"ite_name":"Single-Family Detached","ite_unit":"DU","units":2,"daily_trips":18.9,"am_peak_trips":1.4,"pm_peak_trips":1.9,"imprv_val":311550.0,"acres":1.0,"city":"Reno","city_code":"CRE","fill_color":[34,139,34,180]}},{"type":"Feature","geometry":{"type":"Polygon","coordinates":[[[-97.57472933212485,32.96144855404316],[-97.57472449201843,32.96089703008715],[-97.57540531055149,32.96089403372362],[-97.57542184761522,32.9602313138416],[-97.57544071300256,32.959744967062356],[-97.57550903265017,32.959745136662725],[-97.57623462320899,32.95974477307301],[-97.57687917799623,32.95974444707178],[-97.5768816269974,32.96011757004704],[-97.57688573173424,32.960743082795894],[-97.57688787153344,32.961069210801284],[-97.57688787238509,32.961069334358506],[-97.5768899131543,32.96138033339522],[-97.57689043290378,32.961459475650756],[-97.57632670316764,32.96145542913516],[-97.5762960598804,32.96145520920763],[-97.5755948560847,32.961445687924986],[-97.57472933212485,32.96144855404316]]]},"properties":{"prop_id":57831,"state_cd":"8","ite_code":0,"ite_name":"Vacant/Agricultural","ite_unit":"N/A","units":1.0,"daily_trips":0.0,"am_peak_trips":0.0,"pm_peak_trips":0.0,"imprv_val":0.0,"acres":6.46,"city":"Reno","city_code":"CRE","fill_color":[80,80,80,100]}},{"type":"Feature","geometry":{"type":"Polygon","coordinates":[[[-97.56783582974852,32.971865145306666],[-97.56783844015366,32.97186190561507],[-97.56823738654228,32.97208654538561],[-97.56823535418016,32.97208914730363],[-97.56770362106576,32.972769845111486],[-97.56729213868982,32.97253995768997],[-97.56783582974852,32.971865145306666]]]},"properties":{"prop_id":106221,"state_cd":"S80","ite_code":210,"ite_name":"Single-Family Detached","ite_unit":"DU","units":2,"daily_trips":18.9,"am_peak_trips":1.4,"pm_peak_trips":1.9,"imprv_val":393470.0,"acres":1.0,"city":"Reno","city_code":"CRE","fill_color":[34,139,34,180]}},{"type":"Feature","geometry":{"type":"Polygon","coordinates":[[[-97.57901579844403,32.952525130919774],[-97.57919812715984,32.95254651087051],[-97.58035466572085,32.95268209527234],[-97.58035158520677,32.952890898071765],[-97.57901269113819,32.95288536286569],[-97.57901579844403,32.952525130919774]]]},"properties":{"prop_id":36041,"state_cd":"8","ite_code":0,"ite_name":"Vacant/Agricultural","ite_unit":"N/A","units":1.0,"daily_trips":0.0,"am_peak_trips":0.0,"pm_peak_trips":0.0,"imprv_val":0.0,"acres":1.08,"city":"Reno","city_code":"CRE","fill_color":[80,80,80,100]}},{"type":"Feature","geometry":{"type":"Polygon","coordinates":[[[-97.55540904865684,32.95539018580559],[-97.55541543304213,32.95487642616312],[-97.55534455152595,32.95487439176541],[-97.55381016910019,32.954830350424096],[-97.55381125353799,32.9547376546442],[-97.55381352109717,32.95454372616871],[-97.55381388310408,32.954512744609666],[-97.55383130010561,32.95302349710057],[-97.5551983673812,32.95303041834525],[-97.55526291931166,32.953030744569965],[-97.5558424027699,32.9530440434426],[-97.55702192540225,32.953044968261324],[-97.55703763310065,32.953624605543325],[-97.55704481033544,32.954299384806156],[-97.55704489763784,32.954307561491134],[-97.55703686908002,32.95489314970982],[-97.55630933325837,32.954887641803296],[-97.55590837112553,32.95489046727129],[-97.55590545707801,32.95489048757839],[-97.55550051354142,32.95487886755899],[-97.55549024382806,32.95584185430584],[-97.5554034322595,32.95584216210392],[-97.55540904865684,32.95539018580559]]]},"properties":{"prop_id":49363,"state_cd":"8","ite_code":0,"ite_name":"Vacant/Agricultural","ite_unit":"N/A","units":1.0,"daily_trips":0.0,"am_peak_trips":0.0,"pm_peak_trips":0.0,"imprv_val":0.0,"acres":1.0,"city":"Reno","city_code":"CRE","fill_color":[80,80,80,100]}},{"type":"Feature","geometry":{"type":"Polygon","coordinates":[[[-97.60163420422731,32.92509885891474],[-97.60310384936027,32.925109449669165],[-97.60312648829094,32.92592215655763],[-97.60269553189478,32.926096542695454],[-97.60222313342227,32.92634957336808],[-97.60174091098563,32.92666476514376],[-97.6017294081982,32.926674137917935],[-97.60163420422731,32.92509885891474]]]},"properties":{"prop_id":54229,"state_cd":"8","ite_code":210,"ite_name":"Single-Family Detached","ite_unit":"DU","units":4,"daily_trips":37.8,"am_peak_trips":2.8,"pm_peak_trips":3.8,"imprv_val":183780.0,"acres":4.44,"city":"Reno","city_code":"CRE","fill_color":[34,139,34,180]}},{"type":"Feature","geometry":{"type":"Polygon","coordinates":[[[-97.54501724108933,32.92790565762514],[-97.54504804367521,32.92647313696253],[-97.54446812337552,32.92647263253445],[-97.54381063876647,32.92647205849653],[-97.54380422061415,32.92647205251652],[-97.54388199401562,32.92216099657503],[-97.54427612821178,32.92243173299633],[-97.54455712661343,32.92250700801631],[-97.5450717110369,32.9226448546118],[-97.54530502640462,32.92275287334766],[-97.54612078505195,32.92313054342833],[-97.54656755457451,32.923147964166674],[-97.54665984637222,32.923118052277694],[-97.54670053937244,32.927917545779344],[-97.54666569443611,32.92791732149159],[-97.54564813073169,32.927910777750334],[-97.54522179137601,32.9279073176381],[-97.54501724108933,32.92790565762514]]]},"properties":{"prop_id":124276,"state_cd":"15A+","ite_code":0,"ite_name":"Vacant/Agricultural","ite_unit":"N/A","units":1.0,"daily_trips":0.0,"am_peak_trips":0.0,"pm_peak_trips":0.0,"imprv_val":0.0,"acres":19.0,"city":"Reno","city_code":"CRE","fill_color":[80,80,80,100]}},{"type":"Feature","geometry":{"type":"Polygon","coordinates":[[[-97.57612918889056,32.940727623043905],[-97.57613179484503,32.94069782593907],[-97.57613952512769,32.94060944763542],[-97.57622186500745,32.940609845375626],[-97.5762277842434,32.940307970627636],[-97.57714615161598,32.94031565164559],[-97.57710953470477,32.94073582251514],[-97.57612918889056,32.940727623043905]]]},"properties":{"prop_id":80361,"state_cd":"S80","ite_code":210,"ite_name":"Single-Family Detached","ite_unit":"DU","units":2,"daily_trips":18.9,"am_peak_trips":1.4,"pm_peak_trips":1.9,"imprv_val":285000.0,"acres":1.0,"city":"Reno","city_code":"CRE","fill_color":[34,139,34,180]}},{"type":"Feature","geometry":{"type":"Polygon","coordinates":[[[-97.54778307918731,32.92275410483302],[-97.54784802240458,32.92209986868716],[-97.54824654346594,32.922136621571354],[-97.54808339094753,32.92263411466728],[-97.54778307918731,32.92275410483302]]]},"properties":{"prop_id":125980,"state_cd":"15A+","ite_code":0,"ite_name":"Vacant/Agricultural","ite_unit":"N/A","units":1.0,"daily_trips":0.0,"am_peak_trips":0.0,"pm_peak_trips":0.0,"imprv_val":0.0,"acres":0.516,"city":"Reno","city_code":"CRE","fill_color":[80,80,80,100]}},{"type":"Feature","geometry":{"type":"Polygon","coordinates":[[[-97.556911197446,32.95741782837463],[-97.55914306877433,32.957403370625485],[-97.55914593145519,32.95755007089464],[-97.55917927049197,32.958244367064474],[-97.55692044311596,32.958265470132105],[-97.556911197446,32.95741782837463]]]},"properties":{"prop_id":53918,"state_cd":"8","ite_code":210,"ite_name":"Single-Family Detached","ite_unit":"DU","units":4,"daily_trips":37.8,"am_peak_trips":2.8,"pm_peak_trips":3.8,"imprv_val":430310.0,"acres":5.0,"city":"Reno","city_code":"CRE","fill_color":[34,139,34,180]}},{"type":"Feature","geometry":{"type":"Polygon","coordinates":[[[-97.54503120100608,32.94207986592893],[-97.54502860057076,32.94151631568318],[-97.54684894788029,32.9415336782866],[-97.54769207301432,32.94153683598875],[-97.54789842156157,32.941537607781704],[-97.54820546639489,32.941538755368306],[-97.54845360078811,32.94153968313794],[-97.54894267517577,32.941541509328864],[-97.54956789824163,32.94154384024499],[-97.54973086208928,32.94154444756621],[-97.55011627776429,32.94154588247093],[-97.55040879476819,32.94154697067561],[-97.55059844549416,32.94154767565536],[-97.55109368234675,32.94154951601345],[-97.55158324666598,32.941551333765865],[-97.5520699159139,32.941553138388606],[-97.55255945353719,32.94155495210164],[-97.55304331970505,32.941556742426904],[-97.5535304788355,32.94155854326381],[-97.55353081113721,32.942250742342345],[-97.5535308631522,32.942357782478666],[-97.55353088770273,32.94240773532551],[-97.55353092890543,32.94251788941497],[-97.55353123516103,32.94334125113025],[-97.55353133674117,32.94361421758543],[-97.5535227044602,32.94416423719871],[-97.55352017736028,32.94432526591666],[-97.55351904869359,32.94439716065711],[-97.55352029968577,32.94442472392919],[-97.5535203559601,32.94443957667933],[-97.55351997266067,32.9444544278937],[-97.55351916168635,32.94446926503701],[-97.55351791777632,32.9444840799528],[-97.55351623671986,32.94449886629627],[-97.55351413041592,32.94451361153207],[-97.55351158716746,32.94452830925841],[-97.55350861989477,32.944542951456995],[-97.55350522764378,32.9445575272985],[-97.55350140841985,32.944572023240205],[-97.55349716538304,32.94458644381521],[-97.55349250413106,32.944600765618375],[-97.55348742574289,32.94461498775601],[-97.55348299778875,32.944628896486975],[-97.55313649720983,32.945167804749616],[-97.55287188813274,32.94517053983444],[-97.55277758965194,32.945171514785834],[-97.5527365413912,32.9451719385972],[-97.55157618165268,32.945166741684126],[-97.55146956013529,32.94516626367345],[-97.5513826969353,32.94516587378507],[-97.55090516482568,32.94516373221261],[-97.55041703487433,32.945161540502674],[-97.54952690988915,32.94515753883527],[-97.54821235036721,32.9451516193185],[-97.54800455328494,32.94515069274816],[-97.54568415763684,32.94514033952554],[-97.54506041357433,32.945137548830814],[-97.54498872900302,32.945137227534715],[-97.54499359981851,32.94479012124654],[-97.54499723592961,32.94453094438704],[-97.54500200220143,32.94419124675379],[-97.5450104715739,32.94358773548894],[-97.54501887148297,32.94298916841202],[-97.54502320207902,32.942680541033496],[-97.5450267894263,32.94242497828966],[-97.54502919029333,32.9422539707062],[-97.54503107603377,32.94211953313138],[-97.5450311241135,32.94210426000461],[-97.54503120100608,32.94207986592893]]]},"properties":{"prop_id":118581,"state_cd":"15A+","ite_code":210,"ite_name":"Single-Family Detached","ite_unit":"DU","units":2,"daily_trips":18.9,"am_peak_trips":1.4,"pm_peak_trips":1.9,"imprv_val":86380.0,"acres":1.048,"city":"Reno","city_code":"CRE","fill_color":[34,139,34,180]}},{"type":"Feature","geometry":{"type":"Polygon","coordinates":[[[-97.58821809035793,32.968192852539346],[-97.58821399719653,32.968644515692205],[-97.58821394508843,32.96959426989361],[-97.5882756993351,32.969714012987566],[-97.58828131607257,32.969720564385085],[-97.58827687497309,32.96972202803031],[-97.58828185370653,32.970709020254915],[-97.58765607418017,32.97089854506374],[-97.58748847012885,32.97000163720928],[-97.58733211736468,32.97006610940374],[-97.58641773909736,32.970084863923915],[-97.58641512516877,32.968243188601875],[-97.5865771744644,32.96823866516097],[-97.58717734935414,32.96822191118825],[-97.58777211545176,32.96820530592287],[-97.58821809035793,32.968192852539346]]]},"properties":{"prop_id":54006,"state_cd":"8","ite_code":0,"ite_name":"Vacant/Agricultural","ite_unit":"N/A","units":1.0,"daily_trips":0.0,"am_peak_trips":0.0,"pm_peak_trips":0.0,"imprv_val":0.0,"acres":7.0,"city":"Reno","city_code":"CRE","fill_color":[80,80,80,100]}},{"type":"Feature","geometry":{"type":"Polygon","coordinates":[[[-97.5594059049816,32.97331537742238],[-97.55529670327383,32.97335244216725],[-97.55535778391369,32.972412080166905],[-97.55945119498907,32.97237563587081],[-97.55945201514113,32.972889887913134],[-97.5594059049816,32.97331537742238]]]},"properties":{"prop_id":45954,"state_cd":"8","ite_code":0,"ite_name":"Vacant/Agricultural","ite_unit":"N/A","units":1.0,"daily_trips":0.0,"am_peak_trips":0.0,"pm_peak_trips":0.0,"imprv_val":0.0,"acres":9.0,"city":"Reno","city_code":"CRE","fill_color":[80,80,80,100]}},{"type":"Feature","geometry":{"type":"Polygon","coordinates":[[[-97.59149093194016,32.949391527187906],[-97.59154800793638,32.9476388996401],[-97.59179461771171,32.947456336023784],[-97.59352635472983,32.94746833401662],[-97.59350749348009,32.9478538750455],[-97.59348597285751,32.94829377715319],[-97.59346479984977,32.94872655278418],[-97.59527298005764,32.948758966063444],[-97.59525209530976,32.94945756061035],[-97.59149093194016,32.949391527187906]]]},"properties":{"prop_id":54069,"state_cd":"8","ite_code":210,"ite_name":"Single-Family Detached","ite_unit":"DU","units":2,"daily_trips":18.9,"am_peak_trips":1.4,"pm_peak_trips":1.9,"imprv_val":246790.0,"acres":1.0,"city":"Reno","city_code":"CRE","fill_color":[34,139,34,180]}},{"type":"Feature","geometry":{"type":"Polygon","coordinates":[[[-97.61612915433116,32.95024424348007],[-97.61502076896936,32.95025767166773],[-97.61502816903545,32.94815748218617],[-97.61614541415959,32.94816111736329],[-97.61612915433116,32.95024424348007]]]},"properties":{"prop_id":86124,"state_cd":"8","ite_code":0,"ite_name":"Vacant/Agricultural","ite_unit":"N/A","units":1.0,"daily_trips":0.0,"am_peak_trips":0.0,"pm_peak_trips":0.0,"imprv_val":0.0,"acres":3.71,"city":"Reno","city_code":"CRE","fill_color":[80,80,80,100]}},{"type":"Feature","geometry":{"type":"Polygon","coordinates":[[[-97.56105235152103,32.94635123414659],[-97.56105439766812,32.9460806208071],[-97.56222472580859,32.94610773248382],[-97.56222768014682,32.946377151546734],[-97.56105235152103,32.94635123414659]]]},"properties":{"prop_id":18932,"state_cd":"S80","ite_code":210,"ite_name":"Single-Family Detached","ite_unit":"DU","units":1,"daily_trips":9.4,"am_peak_trips":0.7,"pm_peak_trips":0.9,"imprv_val":22840.0,"acres":0.841,"city":"Reno","city_code":"CRE","fill_color":[34,139,34,180]}},{"type":"Feature","geometry":{"type":"Polygon","coordinates":[[[-97.60768240012524,32.950347188372504],[-97.6076618116939,32.952394032351144],[-97.60698195812935,32.952408238063846],[-97.60698835298469,32.95034477173029],[-97.60768240012524,32.950347188372504]]]},"properties":{"prop_id":55270,"state_cd":"8","ite_code":210,"ite_name":"Single-Family Detached","ite_unit":"DU","units":2,"daily_trips":18.9,"am_peak_trips":1.4,"pm_peak_trips":1.9,"imprv_val":206330.0,"acres":1.0,"city":"Reno","city_code":"CRE","fill_color":[34,139,34,180]}},{"type":"Feature","geometry":{"type":"Polygon","coordinates":[[[-97.57297754438484,32.96112500132178],[-97.5729806953308,32.96031422844856],[-97.57364395622345,32.96029719766328],[-97.57364261556265,32.96067040443081],[-97.57364121476144,32.96106040464147],[-97.573640963205,32.96113057699537],[-97.57297754438484,32.96112500132178]]]},"properties":{"prop_id":22956,"state_cd":"8","ite_code":210,"ite_name":"Single-Family Detached","ite_unit":"DU","units":2,"daily_trips":18.9,"am_peak_trips":1.4,"pm_peak_trips":1.9,"imprv_val":115480.0,"acres":1.4,"city":"Reno","city_code":"CRE","fill_color":[34,139,34,180]}},{"type":"Feature","geometry":{"type":"Polygon","coordinates":[[[-97.57770107313934,32.945368990363036],[-97.5777251505829,32.944128687964586],[-97.57844952441653,32.94413725411222],[-97.57850444896998,32.94413790746649],[-97.57847451700292,32.94530839541036],[-97.57847350686835,32.9453479170879],[-97.5784796630976,32.94539327612838],[-97.57770107313934,32.945368990363036]]]},"properties":{"prop_id":51869,"state_cd":"8","ite_code":210,"ite_name":"Single-Family Detached","ite_unit":"DU","units":2,"daily_trips":18.9,"am_peak_trips":1.4,"pm_peak_trips":1.9,"imprv_val":169540.0,"acres":2.35,"city":"Reno","city_code":"CRE","fill_color":[34,139,34,180]}},{"type":"Feature","geometry":{"type":"Polygon","coordinates":[[[-97.5652994364912,32.97151123804546],[-97.56576071416137,32.97149738070628],[-97.56576869627511,32.97231627685356],[-97.56530042908221,32.97232262369076],[-97.5652994364912,32.97151123804546]]]},"properties":{"prop_id":106226,"state_cd":"S80","ite_code":210,"ite_name":"Single-Family Detached","ite_unit":"DU","units":2,"daily_trips":18.9,"am_peak_trips":1.4,"pm_peak_trips":1.9,"imprv_val":386820.0,"acres":1.0,"city":"Reno","city_code":"CRE","fill_color":[34,139,34,180]}},{"type":"Feature","geometry":{"type":"Polygon","coordinates":[[[-97.60911623934888,32.92621896616242],[-97.60954008619427,32.9255815691355],[-97.6100051793595,32.925845777140275],[-97.60999149313727,32.92720817210792],[-97.60999133693221,32.927223721295206],[-97.60910155636758,32.92721281452572],[-97.60910886427682,32.926525958687385],[-97.60911362514318,32.92631421620117],[-97.60911574966762,32.92621970306509],[-97.60911623934888,32.92621896616242]]]},"properties":{"prop_id":54168,"state_cd":"SF-OVR","ite_code":210,"ite_name":"Single-Family Detached","ite_unit":"DU","units":3,"daily_trips":28.3,"am_peak_trips":2.1,"pm_peak_trips":2.8,"imprv_val":103290.0,"acres":3.25,"city":"Reno","city_code":"CRE","fill_color":[34,139,34,180]}},{"type":"Feature","geometry":{"type":"Polygon","coordinates":[[[-97.56081151317768,32.975850161140286],[-97.56082198912743,32.975508286577224],[-97.56192511662451,32.97499493937508],[-97.56197287930574,32.97504352787387],[-97.56202581225534,32.97508814843066],[-97.56208345202936,32.97512841246945],[-97.56080264079962,32.976139701906284],[-97.56081151317768,32.975850161140286]]]},"properties":{"prop_id":106192,"state_cd":"S80","ite_code":210,"ite_name":"Single-Family Detached","ite_unit":"DU","units":2,"daily_trips":18.9,"am_peak_trips":1.4,"pm_peak_trips":1.9,"imprv_val":434260.0,"acres":1.273,"city":"Reno","city_code":"CRE","fill_color":[34,139,34,180]}},{"type":"Feature","geometry":{"type":"Polygon","coordinates":[[[-97.54565020167296,32.9283223913843],[-97.54564813073169,32.927910777750334],[-97.54666569443611,32.92791732149159],[-97.54670053937244,32.927917545779344],[-97.54670032854122,32.928039698958244],[-97.54669724031682,32.92832848607341],[-97.545688419053,32.92832395306346],[-97.54565020167296,32.9283223913843]]]},"properties":{"prop_id":127004,"state_cd":"15A+","ite_code":0,"ite_name":"Vacant/Agricultural","ite_unit":"N/A","units":1.0,"daily_trips":0.0,"am_peak_trips":0.0,"pm_peak_trips":0.0,"imprv_val":9970.0,"acres":1.103,"city":"Reno","city_code":"CRE","fill_color":[80,80,80,100]}},{"type":"Feature","geometry":{"type":"Polygon","coordinates":[[[-97.5903854925427,32.936902231177974],[-97.59040572362186,32.93527836114122],[-97.5904139859186,32.9346151239023],[-97.59042153808592,32.93400895485936],[-97.58785263856751,32.93399005517778],[-97.58765708509289,32.933988615038366],[-97.58765821538711,32.933629334559456],[-97.58485498642517,32.93317281735749],[-97.58561335964427,32.93186650723413],[-97.58209071068302,32.93152748505268],[-97.58387912413411,32.92842942428697],[-97.59031865845184,32.92839265482791],[-97.5904456810964,32.92839232071908],[-97.59045530753852,32.9291985206596],[-97.59045843060012,32.93241620642503],[-97.59049012405585,32.93553923113761],[-97.59050498307013,32.937233902302815],[-97.59045916233596,32.93723278318185],[-97.59046744209294,32.93686728916688],[-97.5903854925427,32.936902231177974]]]},"properties":{"prop_id":52220,"state_cd":"8","ite_code":0,"ite_name":"Vacant/Agricultural","ite_unit":"N/A","units":1.0,"daily_trips":0.0,"am_peak_trips":0.0,"pm_peak_trips":0.0,"imprv_val":0.0,"acres":85.417,"city":"Reno","city_code":"CRE","fill_color":[80,80,80,100]}},{"type":"Feature","geometry":{"type":"Polygon","coordinates":[[[-97.5790871601997,32.95500454856253],[-97.57952019264827,32.95504639624247],[-97.58049545687511,32.95514008442309],[-97.58066301681427,32.9551509478595],[-97.58062393000777,32.95584252585714],[-97.5790912820696,32.95584705774752],[-97.5790871601997,32.95500454856253]]]},"properties":{"prop_id":62501,"state_cd":"8","ite_code":0,"ite_name":"Vacant/Agricultural","ite_unit":"N/A","units":1.0,"daily_trips":0.0,"am_peak_trips":0.0,"pm_peak_trips":0.0,"imprv_val":0.0,"acres":2.5,"city":"Reno","city_code":"CRE","fill_color":[80,80,80,100]}},{"type":"Feature","geometry":{"type":"Polygon","coordinates":[[[-97.5664660911792,32.97375215158851],[-97.56645961809618,32.97351185000792],[-97.56723301738434,32.97349180961645],[-97.56724336555605,32.97400889300231],[-97.56647334350114,32.97402134733682],[-97.5664660911792,32.97375215158851]]]},"properties":{"prop_id":106272,"state_cd":"S80","ite_code":210,"ite_name":"Single-Family Detached","ite_unit":"DU","units":2,"daily_trips":18.9,"am_peak_trips":1.4,"pm_peak_trips":1.9,"imprv_val":434800.0,"acres":1.0,"city":"Reno","city_code":"CRE","fill_color":[34,139,34,180]}},{"type":"Feature","geometry":{"type":"Polygon","coordinates":[[[-97.56380216031133,32.973019093279284],[-97.56455165530936,32.973007267993914],[-97.56456254911983,32.97347020181188],[-97.56456373060435,32.97352040658232],[-97.56380935122084,32.973518991576256],[-97.56380216031133,32.973019093279284]]]},"properties":{"prop_id":106255,"state_cd":"S80","ite_code":210,"ite_name":"Single-Family Detached","ite_unit":"DU","units":2,"daily_trips":18.9,"am_peak_trips":1.4,"pm_peak_trips":1.9,"imprv_val":424990.0,"acres":1.0,"city":"Reno","city_code":"CRE","fill_color":[34,139,34,180]}},{"type":"Feature","geometry":{"type":"Polygon","coordinates":[[[-97.5646196415087,32.94504005445039],[-97.56429658026892,32.94503581860352],[-97.56403573044564,32.945032398300405],[-97.56404366294012,32.94440102870225],[-97.56465746876022,32.94441026654454],[-97.5646589384379,32.945040569521254],[-97.5646196415087,32.94504005445039]]]},"properties":{"prop_id":112976,"state_cd":"S105","ite_code":0,"ite_name":"Vacant/Agricultural","ite_unit":"N/A","units":1.0,"daily_trips":0.0,"am_peak_trips":0.0,"pm_peak_trips":0.0,"imprv_val":0.0,"acres":1.0,"city":"Reno","city_code":"CRE","fill_color":[80,80,80,100]}},{"type":"Feature","geometry":{"type":"Polygon","coordinates":[[[-97.55433280922651,32.97055699373941],[-97.55434868848288,32.96969110028899],[-97.55434874703022,32.96968752136183],[-97.55437830230211,32.96807701207369],[-97.55660760775396,32.96810596719311],[-97.55661828700157,32.96962909525394],[-97.55661945283323,32.969731959808925],[-97.55659388943606,32.96980837871834],[-97.5565937070842,32.969809025755076],[-97.55658896563178,32.96982427050146],[-97.55658382184001,32.96983942111689],[-97.55657827471579,32.96985447037918],[-97.55657232650415,32.96986940838508],[-97.55656598684261,32.96988423430566],[-97.55655925267536,32.96989893368845],[-97.55655212831978,32.96991350295872],[-97.55654461813172,32.969927934934745],[-97.55653672754636,32.9699422215411],[-97.55652845665978,32.96995635376014],[-97.55651981298897,32.96997032894316],[-97.5565086925498,32.96998390389999],[-97.5563091566107,32.97017843513706],[-97.55502718059067,32.96975000504882],[-97.55453615122599,32.970569923074294],[-97.55453436913967,32.9705728982256],[-97.55433275711599,32.97056057091137],[-97.55433280922651,32.97055699373941]]]},"properties":{"prop_id":99639,"state_cd":"15A+","ite_code":0,"ite_name":"Vacant/Agricultural","ite_unit":"N/A","units":1.0,"daily_trips":0.0,"am_peak_trips":0.0,"pm_peak_trips":0.0,"imprv_val":0.0,"acres":12.0,"city":"Reno","city_code":"CRE","fill_color":[80,80,80,100]}},{"type":"Feature","geometry":{"type":"Polygon","coordinates":[[[-97.55033876759079,32.93566149504655],[-97.55035183737641,32.93526255191726],[-97.55117594424023,32.93526883141915],[-97.55117101145673,32.93539358545222],[-97.55116539415036,32.93587699636924],[-97.55097339951197,32.93582258798881],[-97.55066279475675,32.93572985650131],[-97.55033876759079,32.93566149504655]]]},"properties":{"prop_id":116280,"state_cd":"15A+","ite_code":210,"ite_name":"Single-Family Detached","ite_unit":"DU","units":2,"daily_trips":18.9,"am_peak_trips":1.4,"pm_peak_trips":1.9,"imprv_val":182130.0,"acres":1.045,"city":"Reno","city_code":"CRE","fill_color":[34,139,34,180]}},{"type":"Feature","geometry":{"type":"Polygon","coordinates":[[[-97.56436170103473,32.97152650290541],[-97.56482498291076,32.97152267079146],[-97.56483826005072,32.9723288855656],[-97.56437733113454,32.97233512978578],[-97.56436170103473,32.97152650290541]]]},"properties":{"prop_id":106228,"state_cd":"S80","ite_code":210,"ite_name":"Single-Family Detached","ite_unit":"DU","units":2,"daily_trips":18.9,"am_peak_trips":1.4,"pm_peak_trips":1.9,"imprv_val":402180.0,"acres":1.0,"city":"Reno","city_code":"CRE","fill_color":[34,139,34,180]}},{"type":"Feature","geometry":{"type":"Polygon","coordinates":[[[-97.55530839266993,32.93385997637328],[-97.5560448018327,32.93339290275057],[-97.55637222053494,32.93377328785868],[-97.55663503178108,32.93405004885749],[-97.55605644351337,32.934362135629904],[-97.55530839266993,32.93385997637328]]]},"properties":{"prop_id":55111,"state_cd":"8","ite_code":210,"ite_name":"Single-Family Detached","ite_unit":"DU","units":2,"daily_trips":18.9,"am_peak_trips":1.4,"pm_peak_trips":1.9,"imprv_val":225420.0,"acres":1.44,"city":"Reno","city_code":"CRE","fill_color":[34,139,34,180]}},{"type":"Feature","geometry":{"type":"Polygon","coordinates":[[[-97.55331584778014,32.98574763830193],[-97.55252132419535,32.98574881518302],[-97.55251965535497,32.98524792598689],[-97.55332021900907,32.985242462632186],[-97.55331584778014,32.98574763830193]]]},"properties":{"prop_id":110243,"state_cd":"15A+","ite_code":210,"ite_name":"Single-Family Detached","ite_unit":"DU","units":2,"daily_trips":18.9,"am_peak_trips":1.4,"pm_peak_trips":1.9,"imprv_val":437020.0,"acres":1.034,"city":"Reno","city_code":"CRE","fill_color":[34,139,34,180]}},{"type":"Feature","geometry":{"type":"Polygon","coordinates":[[[-97.61064640446808,32.92487238408367],[-97.61066213550708,32.92347110185385],[-97.61198920567873,32.923558836399735],[-97.61211675129321,32.92356726872717],[-97.61202426013804,32.92550151278495],[-97.61201825803705,32.925501508775945],[-97.61063935221458,32.92550056593201],[-97.61064640446808,32.92487238408367]]]},"properties":{"prop_id":36001,"state_cd":"SF-OVR","ite_code":0,"ite_name":"Vacant/Agricultural","ite_unit":"N/A","units":1.0,"daily_trips":0.0,"am_peak_trips":0.0,"pm_peak_trips":0.0,"imprv_val":0.0,"acres":6.564,"city":"Reno","city_code":"CRE","fill_color":[80,80,80,100]}},{"type":"Feature","geometry":{"type":"Polygon","coordinates":[[[-97.56456725641027,32.96593651728302],[-97.5645781562762,32.96673271897209],[-97.56405451061995,32.96674718736888],[-97.56404328028943,32.965926014102045],[-97.56456725641027,32.96593651728302]]]},"properties":{"prop_id":115973,"state_cd":"S85","ite_code":0,"ite_name":"Vacant/Agricultural","ite_unit":"N/A","units":1.0,"daily_trips":0.0,"am_peak_trips":0.0,"pm_peak_trips":0.0,"imprv_val":0.0,"acres":1.086,"city":"Reno","city_code":"CRE","fill_color":[80,80,80,100]}},{"type":"Feature","geometry":{"type":"Polygon","coordinates":[[[-97.5569983346929,32.95058742917289],[-97.55917029487017,32.950617766494645],[-97.55916840352754,32.95088533807018],[-97.55916496735234,32.95137154489296],[-97.55700532547726,32.951477184693864],[-97.5569983346929,32.95058742917289]]]},"properties":{"prop_id":72224,"state_cd":"8","ite_code":0,"ite_name":"Vacant/Agricultural","ite_unit":"N/A","units":1.0,"daily_trips":0.0,"am_peak_trips":0.0,"pm_peak_trips":0.0,"imprv_val":0.0,"acres":5.525,"city":"Reno","city_code":"CRE","fill_color":[80,80,80,100]}},{"type":"Feature","geometry":{"type":"Polygon","coordinates":[[[-97.57624395387197,32.939483229045024],[-97.57625170155788,32.93908804873603],[-97.57725240242284,32.93909641798722],[-97.5772179839016,32.93949137552439],[-97.57624395387197,32.939483229045024]]]},"properties":{"prop_id":80364,"state_cd":"S80","ite_code":210,"ite_name":"Single-Family Detached","ite_unit":"DU","units":2,"daily_trips":18.9,"am_peak_trips":1.4,"pm_peak_trips":1.9,"imprv_val":237110.0,"acres":1.0,"city":"Reno","city_code":"CRE","fill_color":[34,139,34,180]}},{"type":"Feature","geometry":{"type":"Polygon","coordinates":[[[-97.57551042059798,32.9586246147492],[-97.57709307947464,32.95863010236782],[-97.5780402900268,32.958670625374275],[-97.5780353502974,32.95976166968361],[-97.57687917799623,32.95974444707178],[-97.57623462320899,32.95974477307301],[-97.57550903265017,32.959745136662725],[-97.57550978396233,32.959147667026606],[-97.57551035702814,32.95867743366264],[-97.57551042059798,32.9586246147492]]]},"properties":{"prop_id":99816,"state_cd":"8","ite_code":0,"ite_name":"Vacant/Agricultural","ite_unit":"N/A","units":1.0,"daily_trips":0.0,"am_peak_trips":0.0,"pm_peak_trips":0.0,"imprv_val":0.0,"acres":5.72,"city":"Reno","city_code":"CRE","fill_color":[80,80,80,100]}},{"type":"Feature","geometry":{"type":"Polygon","coordinates":[[[-97.56643543661505,32.93824103858387],[-97.56712407639529,32.938231523390684],[-97.56710592481227,32.93853306021566],[-97.56716866534022,32.93853397642789],[-97.56716893162837,32.93881215114835],[-97.56645162666213,32.93881602097354],[-97.56643543661505,32.93824103858387]]]},"properties":{"prop_id":62218,"state_cd":"8","ite_code":210,"ite_name":"Single-Family Detached","ite_unit":"DU","units":2,"daily_trips":18.9,"am_peak_trips":1.4,"pm_peak_trips":1.9,"imprv_val":107160.0,"acres":1.0,"city":"Reno","city_code":"CRE","fill_color":[34,139,34,180]}},{"type":"Feature","geometry":{"type":"Polygon","coordinates":[[[-97.54370978148764,32.93277063943203],[-97.54371660634986,32.93223558218947],[-97.54461842748991,32.93225453867073],[-97.54469986578177,32.93251921663936],[-97.54503548595521,32.932778140761464],[-97.54505177788512,32.93278475527357],[-97.54505968079354,32.93279101688763],[-97.54490277177705,32.93278864878614],[-97.54370978148764,32.93277063943203]]]},"properties":{"prop_id":55029,"state_cd":"15A+","ite_code":210,"ite_name":"Single-Family Detached","ite_unit":"DU","units":2,"daily_trips":18.9,"am_peak_trips":1.4,"pm_peak_trips":1.9,"imprv_val":78640.0,"acres":1.0,"city":"Reno","city_code":"CRE","fill_color":[34,139,34,180]}},{"type":"Feature","geometry":{"type":"Polygon","coordinates":[[[-97.61638655486297,32.940787163522295],[-97.61603043481041,32.940403815684085],[-97.6163709813864,32.94013564799891],[-97.61702851244551,32.94077023967161],[-97.61711915651075,32.94090386783723],[-97.61732022259551,32.941901974202025],[-97.61626507905387,32.94191230616317],[-97.61638655486297,32.940787163522295]]]},"properties":{"prop_id":48506,"state_cd":"8","ite_code":210,"ite_name":"Single-Family Detached","ite_unit":"DU","units":3,"daily_trips":28.3,"am_peak_trips":2.1,"pm_peak_trips":2.8,"imprv_val":278100.0,"acres":3.287,"city":"Reno","city_code":"CRE","fill_color":[34,139,34,180]}},{"type":"Feature","geometry":{"type":"Polygon","coordinates":[[[-97.55945119498907,32.97237563587081],[-97.55944967151146,32.971420141226915],[-97.55945488495956,32.97036735540554],[-97.55940630326161,32.97036793567452],[-97.55940671939439,32.97005378938351],[-97.56090052620598,32.97003721612859],[-97.56082530741757,32.97289329747153],[-97.55945201514113,32.972889887913134],[-97.55945119498907,32.97237563587081]]]},"properties":{"prop_id":121297,"state_cd":"8","ite_code":0,"ite_name":"Vacant/Agricultural","ite_unit":"N/A","units":1.0,"daily_trips":0.0,"am_peak_trips":0.0,"pm_peak_trips":0.0,"imprv_val":0.0,"acres":4.083,"city":"Reno","city_code":"CRE","fill_color":[80,80,80,100]}},{"type":"Feature","geometry":{"type":"Polygon","coordinates":[[[-97.57472933212485,32.96144855404316],[-97.5755948560847,32.961445687924986],[-97.57559026420239,32.961961435589096],[-97.57473726679794,32.96193038305276],[-97.57472933212485,32.96144855404316]]]},"properties":{"prop_id":57829,"state_cd":"8","ite_code":0,"ite_name":"Vacant/Agricultural","ite_unit":"N/A","units":1.0,"daily_trips":0.0,"am_peak_trips":0.0,"pm_peak_trips":0.0,"imprv_val":0.0,"acres":1.0,"city":"Reno","city_code":"CRE","fill_color":[80,80,80,100]}},{"type":"Feature","geometry":{"type":"Polygon","coordinates":[[[-97.58628945891576,32.94421559633554],[-97.58626866188922,32.944215443811956],[-97.58568704135028,32.94421097484028],[-97.58573078871281,32.94334486818526],[-97.58632241383935,32.943335508613465],[-97.58628945891576,32.94421559633554]]]},"properties":{"prop_id":51856,"state_cd":"8","ite_code":0,"ite_name":"Vacant/Agricultural","ite_unit":"N/A","units":1.0,"daily_trips":0.0,"am_peak_trips":0.0,"pm_peak_trips":0.0,"imprv_val":0.0,"acres":1.342,"city":"Reno","city_code":"CRE","fill_color":[80,80,80,100]}},{"type":"Feature","geometry":{"type":"Polygon","coordinates":[[[-97.56534942463692,32.95299969262236],[-97.56565641497625,32.953000016405646],[-97.56566035561704,32.95336919963862],[-97.56564180679668,32.953378701142825],[-97.56419619373787,32.95411783044877],[-97.56419144975922,32.95412025592259],[-97.5642118474968,32.95313367730898],[-97.56421464125846,32.952998542339046],[-97.56534942463692,32.95299969262236]]]},"properties":{"prop_id":51954,"state_cd":"8","ite_code":210,"ite_name":"Single-Family Detached","ite_unit":"DU","units":2,"daily_trips":18.9,"am_peak_trips":1.4,"pm_peak_trips":1.9,"imprv_val":72630.0,"acres":2.75,"city":"Reno","city_code":"CRE","fill_color":[34,139,34,180]}},{"type":"Feature","geometry":{"type":"Polygon","coordinates":[[[-97.5608165449877,32.94914325072572],[-97.56080891592472,32.9485805353504],[-97.56088193055841,32.948580560844654],[-97.56092823795882,32.948580999154835],[-97.56097393519987,32.94858733445136],[-97.56101797132011,32.948599422637535],[-97.56105933314484,32.94861698552956],[-97.56109706979856,32.94863961915757],[-97.56113031399909,32.948666802944],[-97.56115830224458,32.948697912481215],[-97.56118038965296,32.948732232268256],[-97.561196069032,32.94876897298929],[-97.56120497924508,32.94880728961257],[-97.56120439523755,32.94912940949589],[-97.5608165449877,32.94914325072572]]]},"properties":{"prop_id":76616,"state_cd":"8","ite_code":0,"ite_name":"Vacant/Agricultural","ite_unit":"N/A","units":1.0,"daily_trips":0.0,"am_peak_trips":0.0,"pm_peak_trips":0.0,"imprv_val":0.0,"acres":0.41,"city":"Reno","city_code":"CRE","fill_color":[80,80,80,100]}},{"type":"Feature","geometry":{"type":"Polygon","coordinates":[[[-97.56674360835247,32.96487719395557],[-97.56705599371725,32.964876956470455],[-97.56724363953894,32.964876813586564],[-97.56723478909852,32.96574997735213],[-97.56718810765908,32.9657483437276],[-97.56714139109543,32.96574892742647],[-97.56673951792497,32.96575766934718],[-97.56674360835247,32.96487719395557]]]},"properties":{"prop_id":115924,"state_cd":"S85","ite_code":0,"ite_name":"Vacant/Agricultural","ite_unit":"N/A","units":1.0,"daily_trips":0.0,"am_peak_trips":0.0,"pm_peak_trips":0.0,"imprv_val":0.0,"acres":1.107,"city":"Reno","city_code":"CRE","fill_color":[80,80,80,100]}},{"type":"Feature","geometry":{"type":"Polygon","coordinates":[[[-97.57319200253707,32.968925318765024],[-97.57388339906338,32.968929740810104],[-97.57388109752071,32.969483392696894],[-97.57318623737123,32.96948596295916],[-97.57319200253707,32.968925318765024]]]},"properties":{"prop_id":66866,"state_cd":"8","ite_code":0,"ite_name":"Vacant/Agricultural","ite_unit":"N/A","units":1.0,"daily_trips":0.0,"am_peak_trips":0.0,"pm_peak_trips":0.0,"imprv_val":0.0,"acres":1.0,"city":"Reno","city_code":"CRE","fill_color":[80,80,80,100]}},{"type":"Feature","geometry":{"type":"Polygon","coordinates":[[[-97.57822141185963,32.94915586337703],[-97.57821642097697,32.94963542647274],[-97.57774230028986,32.94963333742821],[-97.57756758861929,32.949632567156556],[-97.57757362703325,32.94904433465767],[-97.57822239108945,32.94906177069289],[-97.57822141185963,32.94915586337703]]]},"properties":{"prop_id":36030,"state_cd":"8","ite_code":210,"ite_name":"Single-Family Detached","ite_unit":"DU","units":2,"daily_trips":18.9,"am_peak_trips":1.4,"pm_peak_trips":1.9,"imprv_val":514420.0,"acres":1.0,"city":"Reno","city_code":"CRE","fill_color":[34,139,34,180]}},{"type":"Feature","geometry":{"type":"Polygon","coordinates":[[[-97.56035571869363,32.94482087643681],[-97.5603632760826,32.94438280957265],[-97.56087557165668,32.94437722008392],[-97.56086616498446,32.94481683770362],[-97.56035571869363,32.94482087643681]]]},"properties":{"prop_id":18829,"state_cd":"S80","ite_code":210,"ite_name":"Single-Family Detached","ite_unit":"DU","units":1,"daily_trips":9.4,"am_peak_trips":0.7,"pm_peak_trips":0.9,"imprv_val":117400.0,"acres":0.57,"city":"Reno","city_code":"CRE","fill_color":[34,139,34,180]}},{"type":"Feature","geometry":{"type":"Polygon","coordinates":[[[-97.56124145345859,32.95572896967208],[-97.5603721498982,32.95572670831977],[-97.56037950130897,32.955295836241866],[-97.5612443095251,32.9553018829713],[-97.56124145345859,32.95572896967208]]]},"properties":{"prop_id":49357,"state_cd":"8","ite_code":210,"ite_name":"Single-Family Detached","ite_unit":"DU","units":2,"daily_trips":18.9,"am_peak_trips":1.4,"pm_peak_trips":1.9,"imprv_val":156980.0,"acres":1.0,"city":"Reno","city_code":"CRE","fill_color":[34,139,34,180]}},{"type":"Feature","geometry":{"type":"Polygon","coordinates":[[[-97.54503120100608,32.94207986592893],[-97.54502860057076,32.94151631568318],[-97.54684894788029,32.9415336782866],[-97.54769207301432,32.94153683598875],[-97.54789842156157,32.941537607781704],[-97.54820546639489,32.941538755368306],[-97.54845360078811,32.94153968313794],[-97.54894267517577,32.941541509328864],[-97.54956789824163,32.94154384024499],[-97.54973086208928,32.94154444756621],[-97.55011627776429,32.94154588247093],[-97.55040879476819,32.94154697067561],[-97.55059844549416,32.94154767565536],[-97.55109368234675,32.94154951601345],[-97.55158324666598,32.941551333765865],[-97.5520699159139,32.941553138388606],[-97.55255945353719,32.94155495210164],[-97.55304331970505,32.941556742426904],[-97.5535304788355,32.94155854326381],[-97.55353081113721,32.942250742342345],[-97.5535308631522,32.942357782478666],[-97.55353088770273,32.94240773532551],[-97.55353092890543,32.94251788941497],[-97.55353123516103,32.94334125113025],[-97.55353133674117,32.94361421758543],[-97.5535227044602,32.94416423719871],[-97.55352017736028,32.94432526591666],[-97.55351904869359,32.94439716065711],[-97.55352029968577,32.94442472392919],[-97.5535203559601,32.94443957667933],[-97.55351997266067,32.9444544278937],[-97.55351916168635,32.94446926503701],[-97.55351791777632,32.9444840799528],[-97.55351623671986,32.94449886629627],[-97.55351413041592,32.94451361153207],[-97.55351158716746,32.94452830925841],[-97.55350861989477,32.944542951456995],[-97.55350522764378,32.9445575272985],[-97.55350140841985,32.944572023240205],[-97.55349716538304,32.94458644381521],[-97.55349250413106,32.944600765618375],[-97.55348742574289,32.94461498775601],[-97.55348299778875,32.944628896486975],[-97.55313649720983,32.945167804749616],[-97.55287188813274,32.94517053983444],[-97.55277758965194,32.945171514785834],[-97.5527365413912,32.9451719385972],[-97.55157618165268,32.945166741684126],[-97.55146956013529,32.94516626367345],[-97.5513826969353,32.94516587378507],[-97.55090516482568,32.94516373221261],[-97.55041703487433,32.945161540502674],[-97.54952690988915,32.94515753883527],[-97.54821235036721,32.9451516193185],[-97.54800455328494,32.94515069274816],[-97.54568415763684,32.94514033952554],[-97.54506041357433,32.945137548830814],[-97.54498872900302,32.945137227534715],[-97.54499359981851,32.94479012124654],[-97.54499723592961,32.94453094438704],[-97.54500200220143,32.94419124675379],[-97.5450104715739,32.94358773548894],[-97.54501887148297,32.94298916841202],[-97.54502320207902,32.942680541033496],[-97.5450267894263,32.94242497828966],[-97.54502919029333,32.9422539707062],[-97.54503107603377,32.94211953313138],[-97.5450311241135,32.94210426000461],[-97.54503120100608,32.94207986592893]]]},"properties":{"prop_id":118586,"state_cd":"15A+","ite_code":0,"ite_name":"Vacant/Agricultural","ite_unit":"N/A","units":1.0,"daily_trips":0.0,"am_peak_trips":0.0,"pm_peak_trips":0.0,"imprv_val":0.0,"acres":3.175,"city":"Reno","city_code":"CRE","fill_color":[80,80,80,100]}},{"type":"Feature","geometry":{"type":"Polygon","coordinates":[[[-97.56665237134008,32.96592669449187],[-97.56666319935805,32.96682751498573],[-97.56614188307375,32.96676037400902],[-97.56613174633816,32.96593561817866],[-97.56665237134008,32.96592669449187]]]},"properties":{"prop_id":115977,"state_cd":"S85","ite_code":0,"ite_name":"Vacant/Agricultural","ite_unit":"N/A","units":1.0,"daily_trips":0.0,"am_peak_trips":0.0,"pm_peak_trips":0.0,"imprv_val":0.0,"acres":1.161,"city":"Reno","city_code":"CRE","fill_color":[80,80,80,100]}},{"type":"Feature","geometry":{"type":"Polygon","coordinates":[[[-97.56193478417529,32.93404117673569],[-97.56193384924664,32.93403443298313],[-97.56195789913559,32.932362404084564],[-97.5623943515775,32.93254637177426],[-97.5621586748182,32.93406845837379],[-97.56193478417529,32.93404117673569]]]},"properties":{"prop_id":126579,"state_cd":"8","ite_code":0,"ite_name":"Vacant/Agricultural","ite_unit":"N/A","units":1.0,"daily_trips":0.0,"am_peak_trips":0.0,"pm_peak_trips":0.0,"imprv_val":0.0,"acres":1.425,"city":"Reno","city_code":"CRE","fill_color":[80,80,80,100]}},{"type":"Feature","geometry":{"type":"Polygon","coordinates":[[[-97.54370480235147,32.93824712933864],[-97.5437147532273,32.93785171068751],[-97.5450444745062,32.937862015313954],[-97.54504439226947,32.93826875467211],[-97.5450411127202,32.93826870157602],[-97.54370480235147,32.93824712933864]]]},"properties":{"prop_id":91348,"state_cd":"15A+","ite_code":0,"ite_name":"Vacant/Agricultural","ite_unit":"N/A","units":1.0,"daily_trips":0.0,"am_peak_trips":0.0,"pm_peak_trips":0.0,"imprv_val":0.0,"acres":0.3,"city":"Reno","city_code":"CRE","fill_color":[80,80,80,100]}},{"type":"Feature","geometry":{"type":"Polygon","coordinates":[[[-97.61579376590673,32.94303772129958],[-97.61618516030873,32.943034771825964],[-97.61618444363648,32.94315312028277],[-97.61618078423508,32.94375698260272],[-97.61617863012081,32.94411232731393],[-97.61578582080993,32.944114788788525],[-97.61579376590673,32.94303772129958]]]},"properties":{"prop_id":86488,"state_cd":"S80","ite_code":210,"ite_name":"Single-Family Detached","ite_unit":"DU","units":2,"daily_trips":18.9,"am_peak_trips":1.4,"pm_peak_trips":1.9,"imprv_val":388560.0,"acres":1.096,"city":"Reno","city_code":"CRE","fill_color":[34,139,34,180]}},{"type":"Feature","geometry":{"type":"Polygon","coordinates":[[[-97.57308608610141,32.93576910945673],[-97.57308948650248,32.93558436056757],[-97.57754743328408,32.93562693301054],[-97.57754661780271,32.9358116460802],[-97.57308608610141,32.93576910945673]]]},"properties":{"prop_id":68104,"state_cd":"8","ite_code":0,"ite_name":"Vacant/Agricultural","ite_unit":"N/A","units":1.0,"daily_trips":0.0,"am_peak_trips":0.0,"pm_peak_trips":0.0,"imprv_val":0.0,"acres":3.565,"city":"Reno","city_code":"CRE","fill_color":[80,80,80,100]}},{"type":"Feature","geometry":{"type":"Polygon","coordinates":[[[-97.58464821740844,32.949132974364254],[-97.58380247245294,32.948345596408906],[-97.58348730474175,32.94838834300564],[-97.5831561735514,32.94696495966469],[-97.58295947840607,32.94611831002459],[-97.58296663750667,32.94581299134374],[-97.58627530456754,32.94573776065203],[-97.58626903597026,32.94625771307355],[-97.58626200111945,32.94684125705875],[-97.58625388321968,32.94751463990225],[-97.58624779169527,32.94801989183556],[-97.58624187175288,32.94851099344429],[-97.58620889804767,32.949478584305],[-97.58620492225107,32.952094633304704],[-97.58615285400155,32.95209243063482],[-97.5861534130464,32.951689088671266],[-97.5860542283976,32.951467106666186],[-97.58574745825875,32.950609661527956],[-97.58464821740844,32.949132974364254]]]},"properties":{"prop_id":36028,"state_cd":"8","ite_code":0,"ite_name":"Vacant/Agricultural","ite_unit":"N/A","units":1.0,"daily_trips":0.0,"am_peak_trips":0.0,"pm_peak_trips":0.0,"imprv_val":0.0,"acres":1.0,"city":"Reno","city_code":"CRE","fill_color":[80,80,80,100]}},{"type":"Feature","geometry":{"type":"Polygon","coordinates":[[[-97.57308608610141,32.93576910945673],[-97.57308948650248,32.93558436056757],[-97.57754743328408,32.93562693301054],[-97.57754661780271,32.9358116460802],[-97.57308608610141,32.93576910945673]]]},"properties":{"prop_id":68104,"state_cd":"8","ite_code":0,"ite_name":"Vacant/Agricultural","ite_unit":"N/A","units":1.0,"daily_trips":0.0,"am_peak_trips":0.0,"pm_peak_trips":0.0,"imprv_val":0.0,"acres":3.565,"city":"Reno","city_code":"CRE","fill_color":[80,80,80,100]}},{"type":"Feature","geometry":{"type":"Polygon","coordinates":[[[-97.54566504282774,32.929887569154864],[-97.54567210109637,32.92941539952082],[-97.54669589549007,32.92942012651817],[-97.54669643415247,32.92991784654166],[-97.54566504282774,32.929887569154864]]]},"properties":{"prop_id":55018,"state_cd":"15A+","ite_code":210,"ite_name":"Single-Family Detached","ite_unit":"DU","units":2,"daily_trips":18.9,"am_peak_trips":1.4,"pm_peak_trips":1.9,"imprv_val":145650.0,"acres":1.383,"city":"Reno","city_code":"CRE","fill_color":[34,139,34,180]}},{"type":"Feature","geometry":{"type":"Polygon","coordinates":[[[-97.54503120100608,32.94207986592893],[-97.54502860057076,32.94151631568318],[-97.54684894788029,32.9415336782866],[-97.54769207301432,32.94153683598875],[-97.54789842156157,32.941537607781704],[-97.54820546639489,32.941538755368306],[-97.54845360078811,32.94153968313794],[-97.54894267517577,32.941541509328864],[-97.54956789824163,32.94154384024499],[-97.54973086208928,32.94154444756621],[-97.55011627776429,32.94154588247093],[-97.55040879476819,32.94154697067561],[-97.55059844549416,32.94154767565536],[-97.55109368234675,32.94154951601345],[-97.55158324666598,32.941551333765865],[-97.5520699159139,32.941553138388606],[-97.55255945353719,32.94155495210164],[-97.55304331970505,32.941556742426904],[-97.5535304788355,32.94155854326381],[-97.55353081113721,32.942250742342345],[-97.5535308631522,32.942357782478666],[-97.55353088770273,32.94240773532551],[-97.55353092890543,32.94251788941497],[-97.55353123516103,32.94334125113025],[-97.55353133674117,32.94361421758543],[-97.5535227044602,32.94416423719871],[-97.55352017736028,32.94432526591666],[-97.55351904869359,32.94439716065711],[-97.55352029968577,32.94442472392919],[-97.5535203559601,32.94443957667933],[-97.55351997266067,32.9444544278937],[-97.55351916168635,32.94446926503701],[-97.55351791777632,32.9444840799528],[-97.55351623671986,32.94449886629627],[-97.55351413041592,32.94451361153207],[-97.55351158716746,32.94452830925841],[-97.55350861989477,32.944542951456995],[-97.55350522764378,32.9445575272985],[-97.55350140841985,32.944572023240205],[-97.55349716538304,32.94458644381521],[-97.55349250413106,32.944600765618375],[-97.55348742574289,32.94461498775601],[-97.55348299778875,32.944628896486975],[-97.55313649720983,32.945167804749616],[-97.55287188813274,32.94517053983444],[-97.55277758965194,32.945171514785834],[-97.5527365413912,32.9451719385972],[-97.55157618165268,32.945166741684126],[-97.55146956013529,32.94516626367345],[-97.5513826969353,32.94516587378507],[-97.55090516482568,32.94516373221261],[-97.55041703487433,32.945161540502674],[-97.54952690988915,32.94515753883527],[-97.54821235036721,32.9451516193185],[-97.54800455328494,32.94515069274816],[-97.54568415763684,32.94514033952554],[-97.54506041357433,32.945137548830814],[-97.54498872900302,32.945137227534715],[-97.54499359981851,32.94479012124654],[-97.54499723592961,32.94453094438704],[-97.54500200220143,32.94419124675379],[-97.5450104715739,32.94358773548894],[-97.54501887148297,32.94298916841202],[-97.54502320207902,32.942680541033496],[-97.5450267894263,32.94242497828966],[-97.54502919029333,32.9422539707062],[-97.54503107603377,32.94211953313138],[-97.5450311241135,32.94210426000461],[-97.54503120100608,32.94207986592893]]]},"properties":{"prop_id":118608,"state_cd":"15A+","ite_code":210,"ite_name":"Single-Family Detached","ite_unit":"DU","units":2,"daily_trips":18.9,"am_peak_trips":1.4,"pm_peak_trips":1.9,"imprv_val":325320.0,"acres":1.009,"city":"Reno","city_code":"CRE","fill_color":[34,139,34,180]}},{"type":"Feature","geometry":{"type":"Polygon","coordinates":[[[-97.5450405161784,32.94743072809008],[-97.54504382516892,32.947090480114376],[-97.54606331982093,32.94709788779447],[-97.54606111837936,32.94767571022071],[-97.54606002078371,32.94796383368853],[-97.54503596999966,32.94798165605549],[-97.54504046339706,32.94771379939311],[-97.54504047228062,32.94767120938251],[-97.5450405161784,32.94743072809008]]]},"properties":{"prop_id":49560,"state_cd":"15A+","ite_code":210,"ite_name":"Single-Family Detached","ite_unit":"DU","units":2,"daily_trips":18.9,"am_peak_trips":1.4,"pm_peak_trips":1.9,"imprv_val":142850.0,"acres":2.32,"city":"Reno","city_code":"CRE","fill_color":[34,139,34,180]}},{"type":"Feature","geometry":{"type":"Polygon","coordinates":[[[-97.55252132419535,32.98574881518302],[-97.55331584778014,32.98574763830193],[-97.55331565767868,32.98576971997276],[-97.55331448459432,32.985820084588994],[-97.55330631504302,32.9858699857345],[-97.55329126015798,32.98591873615559],[-97.55326952722699,32.98596566285544],[-97.55324141742756,32.98601011880041],[-97.55321502061321,32.98605519017291],[-97.5531940950657,32.98610225826638],[-97.55317884702114,32.98615085028745],[-97.55316943146401,32.986200483132556],[-97.55316594145589,32.986250660601605],[-97.55316567317301,32.986311467162466],[-97.55252366522207,32.986316682064256],[-97.55252276172851,32.986180429405024],[-97.55252132419535,32.98574881518302]]]},"properties":{"prop_id":110244,"state_cd":"15A+","ite_code":0,"ite_name":"Vacant/Agricultural","ite_unit":"N/A","units":1.0,"daily_trips":0.0,"am_peak_trips":0.0,"pm_peak_trips":0.0,"imprv_val":0.0,"acres":1.034,"city":"Reno","city_code":"CRE","fill_color":[80,80,80,100]}},{"type":"Feature","geometry":{"type":"Polygon","coordinates":[[[-97.55550051354142,32.95487886755899],[-97.5555005237928,32.95487790628192],[-97.55590841885163,32.95488709387295],[-97.55590837112553,32.95489046727129],[-97.55590601931131,32.95513658151302],[-97.55589924938548,32.95584040596766],[-97.55589632364666,32.95584041626602],[-97.55549024382806,32.95584185430584],[-97.55550051354142,32.95487886755899]]]},"properties":{"prop_id":49365,"state_cd":"8","ite_code":210,"ite_name":"Single-Family Detached","ite_unit":"DU","units":2,"daily_trips":18.9,"am_peak_trips":1.4,"pm_peak_trips":1.9,"imprv_val":195910.0,"acres":1.0,"city":"Reno","city_code":"CRE","fill_color":[34,139,34,180]}},{"type":"Feature","geometry":{"type":"Polygon","coordinates":[[[-97.55874315976743,32.96603780896925],[-97.55676605103511,32.96598870948283],[-97.55681045629647,32.964836597574916],[-97.55785878284003,32.96484655943125],[-97.55852672946041,32.964852901618166],[-97.55917995388984,32.96485910021915],[-97.55983655972787,32.964865328120766],[-97.56050903788196,32.96487170288661],[-97.56116566637102,32.964877923954795],[-97.56149720954733,32.96488106337039],[-97.56145093694086,32.965496215259456],[-97.56140731729761,32.96607609838244],[-97.56079056695701,32.96607302719403],[-97.55874315976743,32.96603780896925]]]},"properties":{"prop_id":68528,"state_cd":"8","ite_code":0,"ite_name":"Vacant/Agricultural","ite_unit":"N/A","units":1.0,"daily_trips":0.0,"am_peak_trips":0.0,"pm_peak_trips":0.0,"imprv_val":0.0,"acres":2.0,"city":"Reno","city_code":"CRE","fill_color":[80,80,80,100]}},{"type":"Feature","geometry":{"type":"Polygon","coordinates":[[[-97.56462799536502,32.94712078726314],[-97.56462653657836,32.9461633361174],[-97.56500137207082,32.94617200976638],[-97.5649921916841,32.94712892560857],[-97.56462799536502,32.94712078726314]]]},"properties":{"prop_id":18946,"state_cd":"S80","ite_code":210,"ite_name":"Single-Family Detached","ite_unit":"DU","units":1,"daily_trips":9.4,"am_peak_trips":0.7,"pm_peak_trips":0.9,"imprv_val":151720.0,"acres":0.803,"city":"Reno","city_code":"CRE","fill_color":[34,139,34,180]}},{"type":"Feature","geometry":{"type":"Polygon","coordinates":[[[-97.57193792930485,32.97066850466179],[-97.5717252227885,32.96949135445203],[-97.57244127997484,32.96948871382329],[-97.57243961819727,32.96976696131119],[-97.57243789803816,32.97005496886699],[-97.5724363624207,32.97031208016717],[-97.57387768404392,32.970304372208545],[-97.57387451614309,32.97106647114406],[-97.57386112261783,32.97142078463765],[-97.57213005101563,32.971450962824385],[-97.57193792930485,32.97066850466179]]]},"properties":{"prop_id":66868,"state_cd":"8","ite_code":210,"ite_name":"Single-Family Detached","ite_unit":"DU","units":2,"daily_trips":18.9,"am_peak_trips":1.4,"pm_peak_trips":1.9,"imprv_val":346040.0,"acres":1.0,"city":"Reno","city_code":"CRE","fill_color":[34,139,34,180]}},{"type":"Feature","geometry":{"type":"Polygon","coordinates":[[[-97.55545940203338,32.98542638015102],[-97.5549734086963,32.984933560073856],[-97.55500320170367,32.98491986620329],[-97.55502972503564,32.98490202346845],[-97.55505217357558,32.984880574080485],[-97.55506986519869,32.98485616669728],[-97.55508226445609,32.984829543075186],[-97.55508899572128,32.98480150930987],[-97.55508985301213,32.98477291787371],[-97.55508481212543,32.98474463343853],[-97.55507402546857,32.98471751570114],[-97.55564190923086,32.98449738371498],[-97.55563917754206,32.9849622519199],[-97.55563659542179,32.985401759062796],[-97.55563644029812,32.98542824012546],[-97.55545940203338,32.98542638015102]]]},"properties":{"prop_id":110215,"state_cd":"15A+","ite_code":0,"ite_name":"Vacant/Agricultural","ite_unit":"N/A","units":1.0,"daily_trips":0.0,"am_peak_trips":0.0,"pm_peak_trips":0.0,"imprv_val":0.0,"acres":1.0,"city":"Reno","city_code":"CRE","fill_color":[80,80,80,100]}},{"type":"Feature","geometry":{"type":"Polygon","coordinates":[[[-97.57551019954222,32.94390672512675],[-97.57560642466184,32.94286560762928],[-97.5759444725744,32.94291204008967],[-97.57585967300503,32.94391524110453],[-97.57568485026209,32.94391348518808],[-97.57551019954222,32.94390672512675]]]},"properties":{"prop_id":52070,"state_cd":"8","ite_code":210,"ite_name":"Single-Family Detached","ite_unit":"DU","units":1,"daily_trips":9.4,"am_peak_trips":0.7,"pm_peak_trips":0.9,"imprv_val":106510.0,"acres":0.9,"city":"Reno","city_code":"CRE","fill_color":[34,139,34,180]}},{"type":"Feature","geometry":{"type":"Polygon","coordinates":[[[-97.59628662013559,32.92421372901038],[-97.59628140008745,32.92472548471384],[-97.59555253966288,32.924707967455845],[-97.59556219034826,32.92416829608009],[-97.59628662013559,32.92421372901038]]]},"properties":{"prop_id":27572,"state_cd":"S85","ite_code":210,"ite_name":"Single-Family Detached","ite_unit":"DU","units":2,"daily_trips":18.9,"am_peak_trips":1.4,"pm_peak_trips":1.9,"imprv_val":97060.0,"acres":1.0,"city":"Reno","city_code":"CRE","fill_color":[34,139,34,180]}},{"type":"Feature","geometry":{"type":"Polygon","coordinates":[[[-97.54790269078553,32.93186733215906],[-97.54790301270857,32.93183857233262],[-97.5479039156335,32.931315341514264],[-97.54869844810557,32.93132846040523],[-97.54867922605486,32.931847259452624],[-97.54867781116386,32.93187853517389],[-97.54790269078553,32.93186733215906]]]},"properties":{"prop_id":55025,"state_cd":"15A+","ite_code":210,"ite_name":"Single-Family Detached","ite_unit":"DU","units":2,"daily_trips":18.9,"am_peak_trips":1.4,"pm_peak_trips":1.9,"imprv_val":45180.0,"acres":1.194,"city":"Reno","city_code":"CRE","fill_color":[34,139,34,180]}},{"type":"Feature","geometry":{"type":"Polygon","coordinates":[[[-97.55764248360998,32.935607938877034],[-97.55810308556758,32.93531309587988],[-97.5583049053005,32.93553520346086],[-97.55786136505174,32.935816868745505],[-97.55764248360998,32.935607938877034]]]},"properties":{"prop_id":55092,"state_cd":"8","ite_code":210,"ite_name":"Single-Family Detached","ite_unit":"DU","units":1,"daily_trips":9.4,"am_peak_trips":0.7,"pm_peak_trips":0.9,"imprv_val":330000.0,"acres":0.5,"city":"Reno","city_code":"CRE","fill_color":[34,139,34,180]}},{"type":"Feature","geometry":{"type":"Polygon","coordinates":[[[-97.56543595228328,32.93686999277205],[-97.56544973719662,32.936390245061226],[-97.56626883857082,32.93640902359679],[-97.5662775106954,32.93687485662804],[-97.56543595228328,32.93686999277205]]]},"properties":{"prop_id":41776,"state_cd":"8","ite_code":210,"ite_name":"Single-Family Detached","ite_unit":"DU","units":2,"daily_trips":18.9,"am_peak_trips":1.4,"pm_peak_trips":1.9,"imprv_val":192430.0,"acres":1.0,"city":"Reno","city_code":"CRE","fill_color":[34,139,34,180]}},{"type":"Feature","geometry":{"type":"Polygon","coordinates":[[[-97.60578124861613,32.930071935985204],[-97.6057768259565,32.92936429822133],[-97.60575265440872,32.92549713556418],[-97.60574195559356,32.92378324067787],[-97.60785488104445,32.924723982515445],[-97.60783419640931,32.92588110008632],[-97.60783385112293,32.925900415780745],[-97.60783186089246,32.92647651144664],[-97.6078255765319,32.927100246306566],[-97.60782428384051,32.92788719181395],[-97.60774945470797,32.927887804777235],[-97.60775110187431,32.92814684733428],[-97.60776150210046,32.92978238568257],[-97.60776739410171,32.930063157578566],[-97.60776739700755,32.930063293776136],[-97.60773508097977,32.930062581628746],[-97.60578124861613,32.930071935985204]]]},"properties":{"prop_id":54173,"state_cd":"A35","ite_code":0,"ite_name":"Vacant/Agricultural","ite_unit":"N/A","units":1.0,"daily_trips":0.0,"am_peak_trips":0.0,"pm_peak_trips":0.0,"imprv_val":9600.0,"acres":23.0,"city":"Reno","city_code":"CRE","fill_color":[80,80,80,100]}},{"type":"Feature","geometry":{"type":"Polygon","coordinates":[[[-97.56171328285471,32.93893737301767],[-97.56372915086266,32.938928447702985],[-97.56379415340729,32.942510643279284],[-97.56352581005115,32.94251079271945],[-97.56293729688372,32.942515523079464],[-97.56236953568855,32.94252633369806],[-97.56173126363755,32.942538483836735],[-97.56171328285471,32.93893737301767]]]},"properties":{"prop_id":49627,"state_cd":"8","ite_code":0,"ite_name":"Vacant/Agricultural","ite_unit":"N/A","units":1.0,"daily_trips":0.0,"am_peak_trips":0.0,"pm_peak_trips":0.0,"imprv_val":0.0,"acres":19.0,"city":"Reno","city_code":"CRE","fill_color":[80,80,80,100]}},{"type":"Feature","geometry":{"type":"Polygon","coordinates":[[[-97.60341740786555,32.92358992321842],[-97.6039439848709,32.92359326962822],[-97.60397240310684,32.923593446103645],[-97.60398212272297,32.9242953382801],[-97.60393959053062,32.924295252367116],[-97.60353616450647,32.9242944381976],[-97.60339841604109,32.924294161895624],[-97.60341740786555,32.92358992321842]]]},"properties":{"prop_id":14306,"state_cd":"S80","ite_code":210,"ite_name":"Single-Family Detached","ite_unit":"DU","units":1,"daily_trips":9.4,"am_peak_trips":0.7,"pm_peak_trips":0.9,"imprv_val":221660.0,"acres":0.949,"city":"Reno","city_code":"CRE","fill_color":[34,139,34,180]}},{"type":"Feature","geometry":{"type":"Polygon","coordinates":[[[-97.54503476989233,32.94094565490544],[-97.545037508029,32.9405735160509],[-97.54503854755782,32.939990779977066],[-97.55089460735408,32.939984513108854],[-97.55089453568091,32.94065509691787],[-97.5504053214194,32.94065670245803],[-97.55040860547571,32.94091124989626],[-97.55040886093768,32.94097222225375],[-97.54973093049631,32.94097219360591],[-97.54973086208928,32.94154444756621],[-97.54956789824163,32.94154384024499],[-97.5495679650822,32.94096943809183],[-97.54820881994573,32.94095969412208],[-97.54820546639489,32.941538755368306],[-97.54789842156157,32.941537607781704],[-97.54769207301432,32.94153683598875],[-97.54684894788029,32.9415336782866],[-97.54502860057076,32.94151631568318],[-97.5450338823625,32.94122817804109],[-97.54503476989233,32.94094565490544]]]},"properties":{"prop_id":49908,"state_cd":"15A+","ite_code":0,"ite_name":"Vacant/Agricultural","ite_unit":"N/A","units":1.0,"daily_trips":0.0,"am_peak_trips":0.0,"pm_peak_trips":0.0,"imprv_val":0.0,"acres":19.52,"city":"Reno","city_code":"CRE","fill_color":[80,80,80,100]}},{"type":"Feature","geometry":{"type":"Polygon","coordinates":[[[-97.59202325579025,32.93507186695495],[-97.59263456772051,32.93480534540583],[-97.59307531605869,32.935704646095395],[-97.59310939460518,32.93577417931754],[-97.5933909823021,32.936355563748],[-97.5930819098165,32.93663753940062],[-97.59262636652234,32.937063584041475],[-97.59223343328557,32.93576595697837],[-97.59202325579025,32.93507186695495]]]},"properties":{"prop_id":54073,"state_cd":"8","ite_code":0,"ite_name":"Vacant/Agricultural","ite_unit":"N/A","units":1.0,"daily_trips":0.0,"am_peak_trips":0.0,"pm_peak_trips":0.0,"imprv_val":0.0,"acres":8.87,"city":"Reno","city_code":"CRE","fill_color":[80,80,80,100]}},{"type":"Feature","geometry":{"type":"Polygon","coordinates":[[[-97.55474793579441,32.94713580964034],[-97.55475733710976,32.94552390536127],[-97.55493917189563,32.945526860281866],[-97.55715207194521,32.9455436262709],[-97.55717818457744,32.945544126894475],[-97.55713324416575,32.946230807164454],[-97.55618857172757,32.94622288262575],[-97.55617873191697,32.947146321943826],[-97.55574036213274,32.9471437714715],[-97.55476466573195,32.9471363730532],[-97.55474793327562,32.94713624610927],[-97.55474793579441,32.94713580964034]]]},"properties":{"prop_id":97605,"state_cd":"8","ite_code":0,"ite_name":"Vacant/Agricultural","ite_unit":"N/A","units":1.0,"daily_trips":0.0,"am_peak_trips":0.0,"pm_peak_trips":0.0,"imprv_val":0.0,"acres":15.36,"city":"Reno","city_code":"CRE","fill_color":[80,80,80,100]}},{"type":"Feature","geometry":{"type":"Polygon","coordinates":[[[-97.56951698305139,32.94375862627543],[-97.57335105675534,32.94368914567165],[-97.57401949777726,32.94389170099602],[-97.57485299492032,32.94407160151817],[-97.57529378336022,32.94413595866478],[-97.57651752383194,32.94418543390357],[-97.57649960630876,32.944491579939935],[-97.57649341355032,32.944646381528194],[-97.56951355737512,32.94459371152912],[-97.56951698305139,32.94375862627543]]]},"properties":{"prop_id":52058,"state_cd":"8","ite_code":0,"ite_name":"Vacant/Agricultural","ite_unit":"N/A","units":1.0,"daily_trips":0.0,"am_peak_trips":0.0,"pm_peak_trips":0.0,"imprv_val":0.0,"acres":2.0,"city":"Reno","city_code":"CRE","fill_color":[80,80,80,100]}},{"type":"Feature","geometry":{"type":"Polygon","coordinates":[[[-97.55116539415036,32.93587699636924],[-97.55117101145673,32.93539358545222],[-97.55162351115823,32.93550106511939],[-97.55199709175886,32.935619707952256],[-97.55197613435483,32.93621713760761],[-97.55160754079176,32.93605949041204],[-97.551191357739,32.93588435469803],[-97.55116539415036,32.93587699636924]]]},"properties":{"prop_id":116279,"state_cd":"15A+","ite_code":210,"ite_name":"Single-Family Detached","ite_unit":"DU","units":2,"daily_trips":18.9,"am_peak_trips":1.4,"pm_peak_trips":1.9,"imprv_val":365670.0,"acres":1.156,"city":"Reno","city_code":"CRE","fill_color":[34,139,34,180]}},{"type":"Feature","geometry":{"type":"Polygon","coordinates":[[[-97.55044529231218,32.931166146518315],[-97.5504482646352,32.930815605338786],[-97.55128816747133,32.93082392393242],[-97.55128336222913,32.931158095434775],[-97.55128315524314,32.93117253046186],[-97.55128245667997,32.93118623396277],[-97.55044534226576,32.93118742664171],[-97.55044529231218,32.931166146518315]]]},"properties":{"prop_id":55005,"state_cd":"15A+","ite_code":0,"ite_name":"Vacant/Agricultural","ite_unit":"N/A","units":1.0,"daily_trips":0.0,"am_peak_trips":0.0,"pm_peak_trips":0.0,"imprv_val":1500.0,"acres":0.8,"city":"Reno","city_code":"CRE","fill_color":[80,80,80,100]}},{"type":"Feature","geometry":{"type":"Polygon","coordinates":[[[-97.5436874270324,32.93485681292593],[-97.5436919948323,32.93444636064816],[-97.54505555543183,32.934464124683615],[-97.5450880468601,32.93446465602263],[-97.54508378882026,32.93484945251479],[-97.54505087294886,32.934849293086295],[-97.54485760516022,32.93484923721428],[-97.54485659773657,32.93484923760667],[-97.54407066222491,32.934849008896244],[-97.5436874270324,32.93485681292593]]]},"properties":{"prop_id":55076,"state_cd":"15A+","ite_code":210,"ite_name":"Single-Family Detached","ite_unit":"DU","units":2,"daily_trips":18.9,"am_peak_trips":1.4,"pm_peak_trips":1.9,"imprv_val":40990.0,"acres":1.36,"city":"Reno","city_code":"CRE","fill_color":[34,139,34,180]}},{"type":"Feature","geometry":{"type":"Polygon","coordinates":[[[-97.55717818457744,32.945544126894475],[-97.55717820491435,32.94554382403193],[-97.55718119885607,32.94549808488943],[-97.55721085941794,32.94504486953733],[-97.55725676679523,32.94434339644951],[-97.55810874373786,32.944351636780894],[-97.55831742249532,32.944353654317126],[-97.55824258462982,32.94622493305062],[-97.55761561968006,32.94622852262629],[-97.55713324416575,32.946230807164454],[-97.55717818457744,32.945544126894475]]]},"properties":{"prop_id":18838,"state_cd":"8","ite_code":210,"ite_name":"Single-Family Detached","ite_unit":"DU","units":4,"daily_trips":37.8,"am_peak_trips":2.8,"pm_peak_trips":3.8,"imprv_val":304300.0,"acres":5.0,"city":"Reno","city_code":"CRE","fill_color":[34,139,34,180]}},{"type":"Feature","geometry":{"type":"Polygon","coordinates":[[[-97.55477852775135,32.939001090706434],[-97.55558342597863,32.93899252037312],[-97.55558165450444,32.93979567175395],[-97.55477340224041,32.93980025672278],[-97.55477852775135,32.939001090706434]]]},"properties":{"prop_id":65619,"state_cd":"8","ite_code":210,"ite_name":"Single-Family Detached","ite_unit":"DU","units":3,"daily_trips":28.3,"am_peak_trips":2.1,"pm_peak_trips":2.8,"imprv_val":148310.0,"acres":1.7,"city":"Reno","city_code":"CRE","fill_color":[34,139,34,180]}},{"type":"Feature","geometry":{"type":"Polygon","coordinates":[[[-97.54432639956013,32.94906063999172],[-97.54454923778806,32.949061115303685],[-97.54456479717284,32.94906114894466],[-97.54490986927253,32.949061826786576],[-97.54489669231656,32.94986044965581],[-97.5445469882817,32.94985972275438],[-97.54431648193034,32.94985925537352],[-97.54432639956013,32.94906063999172]]]},"properties":{"prop_id":49558,"state_cd":"15A+","ite_code":210,"ite_name":"Single-Family Detached","ite_unit":"DU","units":1,"daily_trips":9.4,"am_peak_trips":0.7,"pm_peak_trips":0.9,"imprv_val":18600.0,"acres":0.73,"city":"Reno","city_code":"CRE","fill_color":[34,139,34,180]}},{"type":"Feature","geometry":{"type":"Polygon","coordinates":[[[-97.5961851095385,32.94671258912005],[-97.5961515811876,32.94671217364451],[-97.59616526937441,32.94596150258318],[-97.59684280923368,32.94562212902284],[-97.597581524188,32.94579927710114],[-97.59834876374188,32.94557354456386],[-97.59831966905053,32.94700260169314],[-97.59767464185087,32.94700361077111],[-97.59767580183969,32.94672301339789],[-97.5961851095385,32.94671258912005]]]},"properties":{"prop_id":96294,"state_cd":"8","ite_code":210,"ite_name":"Single-Family Detached","ite_unit":"DU","units":2,"daily_trips":18.9,"am_peak_trips":1.4,"pm_peak_trips":1.9,"imprv_val":197630.0,"acres":1.063,"city":"Reno","city_code":"CRE","fill_color":[34,139,34,180]}},{"type":"Feature","geometry":{"type":"Polygon","coordinates":[[[-97.54871069181578,32.93012939110535],[-97.54899419658493,32.930135283115305],[-97.54958011668978,32.93014084521829],[-97.54957986881435,32.93015846792839],[-97.54957614821399,32.93042323692946],[-97.54870781933789,32.93042289008912],[-97.54871053857683,32.930156309772904],[-97.54871069181578,32.93012939110535]]]},"properties":{"prop_id":55011,"state_cd":"15A+","ite_code":0,"ite_name":"Vacant/Agricultural","ite_unit":"N/A","units":1.0,"daily_trips":0.0,"am_peak_trips":0.0,"pm_peak_trips":0.0,"imprv_val":0.0,"acres":0.765,"city":"Reno","city_code":"CRE","fill_color":[80,80,80,100]}},{"type":"Feature","geometry":{"type":"Polygon","coordinates":[[[-97.55692044311596,32.958265470132105],[-97.55917927049197,32.958244367064474],[-97.55919541765735,32.959047882411625],[-97.55790266918859,32.959118945810445],[-97.55694933938739,32.95917134217192],[-97.55692044311596,32.958265470132105]]]},"properties":{"prop_id":53945,"state_cd":"8","ite_code":210,"ite_name":"Single-Family Detached","ite_unit":"DU","units":2,"daily_trips":18.9,"am_peak_trips":1.4,"pm_peak_trips":1.9,"imprv_val":136730.0,"acres":1.0,"city":"Reno","city_code":"CRE","fill_color":[34,139,34,180]}},{"type":"Feature","geometry":{"type":"Polygon","coordinates":[[[-97.5450421825362,32.93879655194762],[-97.55221145575089,32.93882753482563],[-97.55219511617337,32.939376676335385],[-97.55087939010588,32.93940420197463],[-97.55089460735408,32.939984513108854],[-97.54503854755782,32.939990779977066],[-97.54503769258437,32.939423061146684],[-97.54503674867689,32.938796529233414],[-97.5450421825362,32.93879655194762]]]},"properties":{"prop_id":49902,"state_cd":"15A+","ite_code":0,"ite_name":"Vacant/Agricultural","ite_unit":"N/A","units":1.0,"daily_trips":0.0,"am_peak_trips":0.0,"pm_peak_trips":0.0,"imprv_val":0.0,"acres":18.37,"city":"Reno","city_code":"CRE","fill_color":[80,80,80,100]}},{"type":"Feature","geometry":{"type":"Polygon","coordinates":[[[-97.58193302646822,32.960381936116676],[-97.58196896550483,32.95829676943926],[-97.58288289156336,32.9581311385801],[-97.58291098497092,32.960397788592175],[-97.58257052280317,32.9603922712518],[-97.58193302646822,32.960381936116676]]]},"properties":{"prop_id":112909,"state_cd":"9C","ite_code":210,"ite_name":"Single-Family Detached","ite_unit":"DU","units":2,"daily_trips":18.9,"am_peak_trips":1.4,"pm_peak_trips":1.9,"imprv_val":520390.0,"acres":1.0,"city":"Reno","city_code":"CRE","fill_color":[34,139,34,180]}},{"type":"Feature","geometry":{"type":"Polygon","coordinates":[[[-97.57936356765441,32.95115608350786],[-97.57943160221488,32.951156285875406],[-97.5794172573157,32.951287492092284],[-97.57947944008919,32.9517731472131],[-97.57926248745055,32.95179013367872],[-97.57924504909825,32.951693196724214],[-97.5789528353271,32.95173135160752],[-97.57893108715149,32.951320138358696],[-97.57936430289466,32.95131616598764],[-97.57936356765441,32.95115608350786]]]},"properties":{"prop_id":108079,"state_cd":"8","ite_code":210,"ite_name":"Single-Family Detached","ite_unit":"DU","units":1,"daily_trips":9.4,"am_peak_trips":0.7,"pm_peak_trips":0.9,"imprv_val":469890.0,"acres":0.576,"city":"Reno","city_code":"CRE","fill_color":[34,139,34,180]}},{"type":"Feature","geometry":{"type":"Polygon","coordinates":[[[-97.59292936834574,32.929537666852],[-97.59289615775195,32.932748063718684],[-97.59502817615746,32.93274265047555],[-97.59472861412866,32.93350567043233],[-97.59450884888571,32.934028718299125],[-97.5941048488157,32.93391256494378],[-97.59429851257559,32.93312560398509],[-97.59343992649113,32.932970466014176],[-97.59045843060012,32.93241620642503],[-97.59045530753852,32.9291985206596],[-97.5929414661149,32.9292174470126],[-97.59292936834574,32.929537666852]]]},"properties":{"prop_id":63521,"state_cd":"8","ite_code":210,"ite_name":"Single-Family Detached","ite_unit":"DU","units":2,"daily_trips":18.9,"am_peak_trips":1.4,"pm_peak_trips":1.9,"imprv_val":38760.0,"acres":1.0,"city":"Reno","city_code":"CRE","fill_color":[34,139,34,180]}},{"type":"Feature","geometry":{"type":"Polygon","coordinates":[[[-97.56254292772148,32.94819669439878],[-97.56254000398903,32.948461615890814],[-97.56143215161426,32.94844086343283],[-97.5610365761883,32.948438185954515],[-97.56103859558662,32.9481711139882],[-97.56254292772148,32.94819669439878]]]},"properties":{"prop_id":18883,"state_cd":"S80","ite_code":210,"ite_name":"Single-Family Detached","ite_unit":"DU","units":1,"daily_trips":9.4,"am_peak_trips":0.7,"pm_peak_trips":0.9,"imprv_val":140490.0,"acres":0.525,"city":"Reno","city_code":"CRE","fill_color":[34,139,34,180]}},{"type":"Feature","geometry":{"type":"Polygon","coordinates":[[[-97.56104216003281,32.947699571781186],[-97.56224246875438,32.947725402095244],[-97.56224572842923,32.94802256651944],[-97.5610398406907,32.94800644214884],[-97.56104216003281,32.947699571781186]]]},"properties":{"prop_id":18922,"state_cd":"S80","ite_code":210,"ite_name":"Single-Family Detached","ite_unit":"DU","units":1,"daily_trips":9.4,"am_peak_trips":0.7,"pm_peak_trips":0.9,"imprv_val":171710.0,"acres":0.9309,"city":"Reno","city_code":"CRE","fill_color":[34,139,34,180]}},{"type":"Feature","geometry":{"type":"Polygon","coordinates":[[[-97.56497660644818,32.94922721899432],[-97.56498087517416,32.9504132091265],[-97.56465824822376,32.950408836940575],[-97.5646479115485,32.94922092629935],[-97.56497631236432,32.94922721318002],[-97.56497660644818,32.94922721899432]]]},"properties":{"prop_id":18858,"state_cd":"S80","ite_code":0,"ite_name":"Vacant/Agricultural","ite_unit":"N/A","units":1.0,"daily_trips":0.0,"am_peak_trips":0.0,"pm_peak_trips":0.0,"imprv_val":0.0,"acres":0.9902,"city":"Reno","city_code":"CRE","fill_color":[80,80,80,100]}},{"type":"Feature","geometry":{"type":"Polygon","coordinates":[[[-97.55831960584722,32.93696050265066],[-97.55987265225399,32.93694897315407],[-97.55986457462407,32.9373414685476],[-97.55986108846703,32.93751335191287],[-97.55832272496355,32.93752465143272],[-97.55831960584722,32.93696050265066]]]},"properties":{"prop_id":65647,"state_cd":"8","ite_code":210,"ite_name":"Single-Family Detached","ite_unit":"DU","units":2,"daily_trips":18.9,"am_peak_trips":1.4,"pm_peak_trips":1.9,"imprv_val":509570.0,"acres":2.284,"city":"Reno","city_code":"CRE","fill_color":[34,139,34,180]}},{"type":"Feature","geometry":{"type":"Polygon","coordinates":[[[-97.55272803963483,32.94617303259759],[-97.55271346979633,32.94689870505323],[-97.55032336410397,32.94690650439207],[-97.55019843071175,32.94607628938866],[-97.55272803963483,32.94617303259759]]]},"properties":{"prop_id":49551,"state_cd":"15A+","ite_code":210,"ite_name":"Single-Family Detached","ite_unit":"DU","units":2,"daily_trips":18.9,"am_peak_trips":1.4,"pm_peak_trips":1.9,"imprv_val":438810.0,"acres":1.0,"city":"Reno","city_code":"CRE","fill_color":[34,139,34,180]}},{"type":"Feature","geometry":{"type":"Polygon","coordinates":[[[-97.61284740923966,32.939756146274945],[-97.61284126943411,32.93874921786158],[-97.61401209042077,32.93887681622847],[-97.61400679568052,32.93890159336156],[-97.61401149382948,32.93893646451373],[-97.61394286517987,32.93895832741077],[-97.61284744047876,32.93975612395165],[-97.61284740923966,32.939756146274945]]]},"properties":{"prop_id":111531,"state_cd":"8","ite_code":0,"ite_name":"Vacant/Agricultural","ite_unit":"N/A","units":1.0,"daily_trips":0.0,"am_peak_trips":0.0,"pm_peak_trips":0.0,"imprv_val":0.0,"acres":1.53,"city":"Reno","city_code":"CRE","fill_color":[80,80,80,100]}},{"type":"Feature","geometry":{"type":"Polygon","coordinates":[[[-97.56090052620598,32.97003721612859],[-97.56140182397041,32.97003165052711],[-97.56139568613536,32.97055267619418],[-97.56139077840943,32.97096925196365],[-97.56138588794629,32.97138439663338],[-97.56138116628782,32.971785226881785],[-97.56137647712288,32.97218318952989],[-97.56137180622815,32.97257972740094],[-97.56136689232218,32.972894822659484],[-97.5608537661184,32.97289337124043],[-97.56082530741757,32.97289329747153],[-97.56090052620598,32.97003721612859]]]},"properties":{"prop_id":98582,"state_cd":"8","ite_code":0,"ite_name":"Vacant/Agricultural","ite_unit":"N/A","units":1.0,"daily_trips":0.0,"am_peak_trips":0.0,"pm_peak_trips":0.0,"imprv_val":0.0,"acres":3.387,"city":"Reno","city_code":"CRE","fill_color":[80,80,80,100]}},{"type":"Feature","geometry":{"type":"Polygon","coordinates":[[[-97.62059253877905,32.94455816031736],[-97.62157900877045,32.94414242711405],[-97.62158339935195,32.94475544637962],[-97.6205918986291,32.94476538012056],[-97.62059192357194,32.94476286779803],[-97.62059253988845,32.94455826403564],[-97.62059253877905,32.94455816031736]]]},"properties":{"prop_id":86500,"state_cd":"S80","ite_code":210,"ite_name":"Single-Family Detached","ite_unit":"DU","units":2,"daily_trips":18.9,"am_peak_trips":1.4,"pm_peak_trips":1.9,"imprv_val":440160.0,"acres":1.057,"city":"Reno","city_code":"CRE","fill_color":[34,139,34,180]}},{"type":"Feature","geometry":{"type":"Polygon","coordinates":[[[-97.57631386002754,32.96249714029245],[-97.5763187930958,32.96199802406606],[-97.57632136857931,32.96199807472052],[-97.57688466971086,32.962009190220115],[-97.57688132607932,32.96250001596064],[-97.57688132523333,32.96250009711918],[-97.57631646265364,32.96249715417299],[-97.57631386002754,32.96249714029245]]]},"properties":{"prop_id":81021,"state_cd":"8","ite_code":0,"ite_name":"Vacant/Agricultural","ite_unit":"N/A","units":1.0,"daily_trips":0.0,"am_peak_trips":0.0,"pm_peak_trips":0.0,"imprv_val":0.0,"acres":0.76,"city":"Reno","city_code":"CRE","fill_color":[80,80,80,100]}},{"type":"Feature","geometry":{"type":"Polygon","coordinates":[[[-97.57158704280609,32.94165076174062],[-97.57154456570288,32.94150778315849],[-97.57214594164238,32.941496649957536],[-97.57216823169762,32.94181174541768],[-97.5722239499667,32.94204149223136],[-97.57146005915527,32.94204355342341],[-97.57158704280609,32.94165076174062]]]},"properties":{"prop_id":26436,"state_cd":"S80","ite_code":210,"ite_name":"Single-Family Detached","ite_unit":"DU","units":1,"daily_trips":9.4,"am_peak_trips":0.7,"pm_peak_trips":0.9,"imprv_val":295000.0,"acres":0.9,"city":"Reno","city_code":"CRE","fill_color":[34,139,34,180]}},{"type":"Feature","geometry":{"type":"Polygon","coordinates":[[[-97.55090359312318,32.944320303137026],[-97.55090516482568,32.94516373221261],[-97.55041703487433,32.945161540502674],[-97.55040833927015,32.944322494118396],[-97.55090359312318,32.944320303137026]]]},"properties":{"prop_id":118583,"state_cd":"15A+","ite_code":210,"ite_name":"Single-Family Detached","ite_unit":"DU","units":2,"daily_trips":18.9,"am_peak_trips":1.4,"pm_peak_trips":1.9,"imprv_val":399280.0,"acres":1.035,"city":"Reno","city_code":"CRE","fill_color":[34,139,34,180]}},{"type":"Feature","geometry":{"type":"Polygon","coordinates":[[[-97.55416790795773,32.934538103152406],[-97.55422063320252,32.93445329887572],[-97.55580738141397,32.93547529715134],[-97.55528454601627,32.93572677568718],[-97.55368169251051,32.93572411108018],[-97.5533047261368,32.93554646660559],[-97.55330419856347,32.93554619745656],[-97.55327370028726,32.9355306452932],[-97.55321281322951,32.935176901765665],[-97.55332049991989,32.935146531949385],[-97.55342542342045,32.93510992468769],[-97.55352707491744,32.93506725558736],[-97.55362496451133,32.93501873196445],[-97.55371861698838,32.93496458830277],[-97.55380758037533,32.93490508631872],[-97.55389142488015,32.93484051405132],[-97.55396974398093,32.934771184066285],[-97.5540421598013,32.93469743079127],[-97.55410832096224,32.93461961140095],[-97.55416790795773,32.934538103152406]]]},"properties":{"prop_id":54988,"state_cd":"8","ite_code":0,"ite_name":"Vacant/Agricultural","ite_unit":"N/A","units":1.0,"daily_trips":0.0,"am_peak_trips":0.0,"pm_peak_trips":0.0,"imprv_val":0.0,"acres":5.19,"city":"Reno","city_code":"CRE","fill_color":[80,80,80,100]}},{"type":"Feature","geometry":{"type":"Polygon","coordinates":[[[-97.55420798992304,32.92228064424793],[-97.55422827354593,32.92232169840128],[-97.55424084584034,32.922361511690305],[-97.55425062329432,32.92240189896966],[-97.55425722967632,32.922442744653665],[-97.55426467862084,32.922483494826814],[-97.55427210833602,32.92252424395148],[-97.5542778495993,32.922566198638066],[-97.55427857013744,32.922590657433055],[-97.554278837144,32.92259970308689],[-97.554279025114,32.92260603541345],[-97.55428588589221,32.92283903213055],[-97.5543074582026,32.9235603015312],[-97.55430158462465,32.923583830064814],[-97.5542938255074,32.92359597030894],[-97.55428325743705,32.9236064956789],[-97.55427033229657,32.92361494606056],[-97.5542556142776,32.92362095868901],[-97.55422434567942,32.92362484717677],[-97.55420504824644,32.923626911053425],[-97.55418571803109,32.92362874020045],[-97.55416635608346,32.92363033642943],[-97.55414697201712,32.9236317007153],[-97.55412756799001,32.92363283127067],[-97.55410814293289,32.92363372808741],[-97.55408870645942,32.92363439214038],[-97.55406926393509,32.92363482166665],[-97.55404981425237,32.923635020265124],[-97.55403035639986,32.92363498251717],[-97.55401091174306,32.92363471038864],[-97.55399146853019,32.92363420288843],[-97.55397203847483,32.923633464614774],[-97.55395262054631,32.92363249195243],[-97.55393322114091,32.92363128675375],[-97.55391384347611,32.923629848141196],[-97.55389449186745,32.923628172540326],[-97.5538751683284,32.92362627169034],[-97.55385588687454,32.92362413487556],[-97.55383663998295,32.923621765646296],[-97.55381743082283,32.923619167633944],[-97.55379827120409,32.92361633641915],[-97.55377916213826,32.92361327742044],[-97.55376010472357,32.92360998794085],[-97.55374110430635,32.923606468020864],[-97.55372216938265,32.92360272313623],[-97.55370329466434,32.9235987478357],[-97.55368449399371,32.92359454763552],[-97.55366576201507,32.92359012339678],[-97.55364710629017,32.92358546796242],[-97.5536285352189,32.92358059582552],[-97.55361004780913,32.92357549976402],[-97.55359164405145,32.92357018067961],[-97.55357333034198,32.923564640424665],[-97.55355512056148,32.92355888090837],[-97.5535511262788,32.92283229960302],[-97.55355114377919,32.922593326311166],[-97.55332318317228,32.92259132790409],[-97.5533230258731,32.9225632173327],[-97.55332306357586,32.922272973811516],[-97.55400903608448,32.922278920550426],[-97.55420798992304,32.92228064424793]]]},"properties":{"prop_id":50607,"state_cd":"15A+","ite_code":210,"ite_name":"Single-Family Detached","ite_unit":"DU","units":2,"daily_trips":18.9,"am_peak_trips":1.4,"pm_peak_trips":1.9,"imprv_val":302120.0,"acres":2.67,"city":"Reno","city_code":"CRE","fill_color":[34,139,34,180]}},{"type":"Feature","geometry":{"type":"Polygon","coordinates":[[[-97.57551168264537,32.95758624411327],[-97.57710362364321,32.95760194530757],[-97.57709307947464,32.95863010236782],[-97.57551042059798,32.9586246147492],[-97.57551168264537,32.95758624411327]]]},"properties":{"prop_id":57817,"state_cd":"8","ite_code":210,"ite_name":"Single-Family Detached","ite_unit":"DU","units":2,"daily_trips":18.9,"am_peak_trips":1.4,"pm_peak_trips":1.9,"imprv_val":11480.0,"acres":1.0,"city":"Reno","city_code":"CRE","fill_color":[34,139,34,180]}},{"type":"Feature","geometry":{"type":"Polygon","coordinates":[[[-97.55258303048188,32.94952995244957],[-97.55248430329276,32.949530636515235],[-97.54816586195312,32.94953597878513],[-97.5481661952164,32.949504370212516],[-97.54817015959071,32.94913059170698],[-97.54817761925524,32.94842717408175],[-97.54818188195522,32.94802522718009],[-97.54819155072782,32.94711332924539],[-97.5481938715712,32.946894367852366],[-97.55032336410397,32.94690650439207],[-97.55271346979633,32.94689870505323],[-97.55271576560938,32.94774245033383],[-97.55272853090902,32.94856938646222],[-97.55272038579531,32.94859599088619],[-97.55271567113245,32.948623176019495],[-97.55271528307674,32.94865035887606],[-97.55271513964817,32.94865096832765],[-97.55270793429615,32.94886803024519],[-97.552701583779,32.94897485928993],[-97.55262584271223,32.94928890014557],[-97.55259632381262,32.94952934829568],[-97.55258303048188,32.94952995244957]]]},"properties":{"prop_id":49571,"state_cd":"15A+","ite_code":0,"ite_name":"Vacant/Agricultural","ite_unit":"N/A","units":1.0,"daily_trips":0.0,"am_peak_trips":0.0,"pm_peak_trips":0.0,"imprv_val":0.0,"acres":29.921,"city":"Reno","city_code":"CRE","fill_color":[80,80,80,100]}},{"type":"Feature","geometry":{"type":"Polygon","coordinates":[[[-97.55431571428359,32.98656008260093],[-97.5543157431806,32.98615024888927],[-97.55465004439233,32.986151780092634],[-97.55466691792974,32.98617255636234],[-97.55468738293393,32.98619089787105],[-97.554710951836,32.98620636804103],[-97.55473706356571,32.986218599178216],[-97.55476509739393,32.986227298890164],[-97.55479438565678,32.98623226100466],[-97.55482423085698,32.986233367503104],[-97.55485392275459,32.986230591355834],[-97.5552390470749,32.98671957203608],[-97.55510424714758,32.98671903544713],[-97.55431535333427,32.98671589263001],[-97.55431571428359,32.98656008260093]]]},"properties":{"prop_id":110222,"state_cd":"15A+","ite_code":210,"ite_name":"Single-Family Detached","ite_unit":"DU","units":2,"daily_trips":18.9,"am_peak_trips":1.4,"pm_peak_trips":1.9,"imprv_val":419110.0,"acres":1.001,"city":"Reno","city_code":"CRE","fill_color":[34,139,34,180]}},{"type":"Feature","geometry":{"type":"Polygon","coordinates":[[[-97.54505968079354,32.93279101688763],[-97.54505177788512,32.93278475527357],[-97.54503548595521,32.932778140761464],[-97.54469986578177,32.93251921663936],[-97.54461842748991,32.93225453867073],[-97.54467057175428,32.93211931578606],[-97.54485404106738,32.93197841636648],[-97.54496391902279,32.931893991001054],[-97.5447716754857,32.93174529116429],[-97.54476283297042,32.93170200912096],[-97.54470328799786,32.931410566590245],[-97.54503246108749,32.93141688453289],[-97.54508004752718,32.9314167839788],[-97.54659626068468,32.931414109827195],[-97.54659423660577,32.93166339728767],[-97.54660997746991,32.9328238212971],[-97.54505968079354,32.93279101688763]]]},"properties":{"prop_id":55029,"state_cd":"15A+","ite_code":210,"ite_name":"Single-Family Detached","ite_unit":"DU","units":2,"daily_trips":18.9,"am_peak_trips":1.4,"pm_peak_trips":1.9,"imprv_val":78640.0,"acres":1.0,"city":"Reno","city_code":"CRE","fill_color":[34,139,34,180]}},{"type":"Feature","geometry":{"type":"Polygon","coordinates":[[[-97.54568027237676,32.92886888639493],[-97.54669448572183,32.928873173904464],[-97.54669589549007,32.92942012651817],[-97.54567210109637,32.92941539952082],[-97.54568027237676,32.92886888639493]]]},"properties":{"prop_id":35036,"state_cd":"15A+","ite_code":210,"ite_name":"Single-Family Detached","ite_unit":"DU","units":2,"daily_trips":18.9,"am_peak_trips":1.4,"pm_peak_trips":1.9,"imprv_val":163240.0,"acres":1.36,"city":"Reno","city_code":"CRE","fill_color":[34,139,34,180]}},{"type":"Feature","geometry":{"type":"Polygon","coordinates":[[[-97.55011627776429,32.94154588247093],[-97.55040879476819,32.94154697067561],[-97.55059844549416,32.94154767565536],[-97.55060403832567,32.94234974775777],[-97.5501076512107,32.94235312195308],[-97.55011627776429,32.94154588247093]]]},"properties":{"prop_id":118603,"state_cd":"15A+","ite_code":0,"ite_name":"Vacant/Agricultural","ite_unit":"N/A","units":1.0,"daily_trips":0.0,"am_peak_trips":0.0,"pm_peak_trips":0.0,"imprv_val":0.0,"acres":1.011,"city":"Reno","city_code":"CRE","fill_color":[80,80,80,100]}},{"type":"Feature","geometry":{"type":"Polygon","coordinates":[[[-97.55810012233763,32.960233633149244],[-97.55790266918859,32.959118945810445],[-97.55919541765735,32.959047882411625],[-97.55921949440351,32.960245917419435],[-97.55810012233763,32.960233633149244]]]},"properties":{"prop_id":53937,"state_cd":"8","ite_code":210,"ite_name":"Single-Family Detached","ite_unit":"DU","units":3,"daily_trips":28.3,"am_peak_trips":2.1,"pm_peak_trips":2.8,"imprv_val":303200.0,"acres":2.0,"city":"Reno","city_code":"CRE","fill_color":[34,139,34,180]}},{"type":"Feature","geometry":{"type":"Polygon","coordinates":[[[-97.5611749665166,32.96923868109276],[-97.56165664787908,32.969239497786795],[-97.56172327955716,32.96923640025592],[-97.56178942056007,32.96922892330885],[-97.5618546649173,32.969217112589256],[-97.56185039073827,32.969814946000014],[-97.56117196100931,32.969822981266375],[-97.5611749665166,32.96923868109276]]]},"properties":{"prop_id":115945,"state_cd":"S85","ite_code":0,"ite_name":"Vacant/Agricultural","ite_unit":"N/A","units":1.0,"daily_trips":0.0,"am_peak_trips":0.0,"pm_peak_trips":0.0,"imprv_val":0.0,"acres":1.017,"city":"Reno","city_code":"CRE","fill_color":[80,80,80,100]}},{"type":"Feature","geometry":{"type":"Polygon","coordinates":[[[-97.57679270785182,32.933694628787805],[-97.57420364225916,32.93269051342839],[-97.57309368670379,32.932768550670154],[-97.57292673177618,32.932787487751995],[-97.57243064718953,32.932843756979096],[-97.57195037104546,32.932653408058506],[-97.57163510713941,32.9323530169044],[-97.57155596947852,32.93184566339797],[-97.57090343029573,32.93156941976459],[-97.57049701139213,32.93139736499209],[-97.57028645664796,32.93134141305128],[-97.5697161435806,32.93118972954856],[-97.56956385619482,32.931149956647495],[-97.56946120798733,32.93112314850629],[-97.56870795293453,32.93043094300826],[-97.56865681743304,32.93039232558036],[-97.56832485721519,32.93056618364019],[-97.56807234667228,32.930546461010344],[-97.56775683019318,32.93052181670567],[-97.5671570891883,32.93047496952826],[-97.56678853758046,32.93044617937262],[-97.56617748525633,32.930398444606524],[-97.5661439126238,32.93039582109856],[-97.56604736946913,32.93038827130955],[-97.56524803142374,32.93003322556601],[-97.56501570414164,32.9298642825094],[-97.56463281497368,32.92958585115294],[-97.56470204113786,32.924512239946786],[-97.56470198248297,32.92443676210369],[-97.56470065735127,32.92273801124318],[-97.56469985376424,32.92170690729299],[-97.5646994445524,32.921181372330665],[-97.56471012851885,32.92118139934891],[-97.56480871038481,32.9211816453562],[-97.56965444137742,32.92119362041564],[-97.56964439458997,32.91825772528983],[-97.56964356682217,32.91801569045394],[-97.56964191514882,32.91753308717674],[-97.56964426689562,32.91753314171894],[-97.574919822313,32.91765541212672],[-97.57625577247536,32.91768634030861],[-97.57827553214858,32.91773307088796],[-97.57824471666446,32.91868780616618],[-97.57883314759029,32.91869196469749],[-97.57938052882643,32.91869583056655],[-97.57993096686887,32.91869971570858],[-97.58047920140561,32.9187035821501],[-97.58102573386627,32.91870743452177],[-97.58160876359955,32.91871154189081],[-97.5825815448452,32.918718388082624],[-97.58406634848036,32.918722594521405],[-97.58475825394626,32.91873722036048],[-97.58474850632045,32.92120185247789],[-97.58604949642088,32.921219322737144],[-97.58678710716002,32.92122922133954],[-97.58680393438269,32.92497241082463],[-97.59384237550233,32.924760443065686],[-97.59526408438042,32.92474291095071],[-97.59519181551133,32.928379746705026],[-97.59408565688592,32.928382693144705],[-97.5904456810964,32.92839232071908],[-97.59031865845184,32.92839265482791],[-97.58387912413411,32.92842942428697],[-97.5782182020094,32.9284238827746],[-97.57809525103038,32.934641664291895],[-97.57679270785182,32.933694628787805]]]},"properties":{"prop_id":99892,"state_cd":"15A+","ite_code":0,"ite_name":"Vacant/Agricultural","ite_unit":"N/A","units":1.0,"daily_trips":0.0,"am_peak_trips":0.0,"pm_peak_trips":0.0,"imprv_val":0.0,"acres":0.63,"city":"Reno","city_code":"CRE","fill_color":[80,80,80,100]}},{"type":"Feature","geometry":{"type":"Polygon","coordinates":[[[-97.56673389674982,32.95049335738187],[-97.56678801657625,32.95049664951051],[-97.56730334717622,32.95049512062959],[-97.56730297107227,32.95053398502818],[-97.56729647542767,32.95118179993026],[-97.56672287391413,32.95118244144341],[-97.56673389674982,32.95049335738187]]]},"properties":{"prop_id":57840,"state_cd":"8","ite_code":210,"ite_name":"Single-Family Detached","ite_unit":"DU","units":2,"daily_trips":18.9,"am_peak_trips":1.4,"pm_peak_trips":1.9,"imprv_val":152010.0,"acres":1.0,"city":"Reno","city_code":"CRE","fill_color":[34,139,34,180]}},{"type":"Feature","geometry":{"type":"Polygon","coordinates":[[[-97.61305355006373,32.96408322699533],[-97.61300749288,32.96606274220478],[-97.61290224123965,32.96610105300108],[-97.61212722779449,32.966418102304615],[-97.61214475777649,32.96626574158785],[-97.61223548861993,32.96579871430938],[-97.61234347241184,32.96541770807372],[-97.6125778835841,32.96484862488825],[-97.61282214020524,32.96442659401834],[-97.61305355006373,32.96408322699533]]]},"properties":{"prop_id":43148,"state_cd":"8","ite_code":0,"ite_name":"Vacant/Agricultural","ite_unit":"N/A","units":1.0,"daily_trips":0.0,"am_peak_trips":0.0,"pm_peak_trips":0.0,"imprv_val":0.0,"acres":1.19,"city":"Reno","city_code":"CRE","fill_color":[80,80,80,100]}},{"type":"Feature","geometry":{"type":"Polygon","coordinates":[[[-97.57520712488676,32.953804587809024],[-97.57306893221352,32.95380895050126],[-97.57306816134245,32.953841928389565],[-97.56996647942124,32.95381929752072],[-97.56998133135944,32.95296651261699],[-97.57001210743135,32.95277492247327],[-97.57174156513247,32.95278909120571],[-97.57519758532374,32.95292422485159],[-97.57520712488676,32.953804587809024]]]},"properties":{"prop_id":57794,"state_cd":"8","ite_code":210,"ite_name":"Single-Family Detached","ite_unit":"DU","units":2,"daily_trips":18.9,"am_peak_trips":1.4,"pm_peak_trips":1.9,"imprv_val":127690.0,"acres":1.0,"city":"Reno","city_code":"CRE","fill_color":[34,139,34,180]}},{"type":"Feature","geometry":{"type":"Polygon","coordinates":[[[-97.56471073108544,32.92115055293615],[-97.56480916612313,32.921150827601465],[-97.56480871038481,32.9211816453562],[-97.56478568903735,32.92273852435843],[-97.56470065735127,32.92273801124318],[-97.56459108467165,32.9227373498469],[-97.56460070937408,32.92177659893343],[-97.56469847729855,32.921777333117],[-97.56469985376424,32.92170690729299],[-97.56471012851885,32.92118139934891],[-97.56471073108544,32.92115055293615]]]},"properties":{"prop_id":99892,"state_cd":"15A+","ite_code":0,"ite_name":"Vacant/Agricultural","ite_unit":"N/A","units":1.0,"daily_trips":0.0,"am_peak_trips":0.0,"pm_peak_trips":0.0,"imprv_val":0.0,"acres":0.63,"city":"Reno","city_code":"CRE","fill_color":[80,80,80,100]}},{"type":"Feature","geometry":{"type":"Polygon","coordinates":[[[-97.5450411127202,32.93826870157602],[-97.5450444745062,32.937862015313954],[-97.54527912821514,32.937864357627355],[-97.54720342203797,32.93788357726013],[-97.54805926419148,32.93789237810182],[-97.54813684560384,32.93789317561341],[-97.54885653678082,32.93789663968689],[-97.54963241651726,32.93790857624226],[-97.55037497671745,32.937916215562886],[-97.55116855757225,32.93792437523223],[-97.55195516047178,32.9379308047397],[-97.55313241087488,32.93789418644762],[-97.55336527972672,32.93814903113954],[-97.55350445835556,32.93836483918751],[-97.5535532473248,32.93856564285866],[-97.55352753607572,32.93883176233551],[-97.5450421825362,32.93879655194762],[-97.54503674867689,32.938796529233414],[-97.5450411127202,32.93826870157602]]]},"properties":{"prop_id":49902,"state_cd":"15A+","ite_code":0,"ite_name":"Vacant/Agricultural","ite_unit":"N/A","units":1.0,"daily_trips":0.0,"am_peak_trips":0.0,"pm_peak_trips":0.0,"imprv_val":0.0,"acres":18.37,"city":"Reno","city_code":"CRE","fill_color":[80,80,80,100]}},{"type":"Feature","geometry":{"type":"Polygon","coordinates":[[[-97.56543595228328,32.93686999277205],[-97.5662775106954,32.93687485662804],[-97.56627025725496,32.93734820700631],[-97.56543269565151,32.937339554749315],[-97.56543595228328,32.93686999277205]]]},"properties":{"prop_id":41764,"state_cd":"8","ite_code":210,"ite_name":"Single-Family Detached","ite_unit":"DU","units":2,"daily_trips":18.9,"am_peak_trips":1.4,"pm_peak_trips":1.9,"imprv_val":256160.0,"acres":1.0,"city":"Reno","city_code":"CRE","fill_color":[34,139,34,180]}},{"type":"Feature","geometry":{"type":"Polygon","coordinates":[[[-97.61704018492722,32.93959922558693],[-97.61737287925072,32.93926657452873],[-97.61823791446706,32.93969360797305],[-97.61793157187023,32.94001265528907],[-97.61704018492722,32.93959922558693]]]},"properties":{"prop_id":48476,"state_cd":"8","ite_code":0,"ite_name":"Vacant/Agricultural","ite_unit":"N/A","units":1.0,"daily_trips":0.0,"am_peak_trips":0.0,"pm_peak_trips":0.0,"imprv_val":250.0,"acres":1.0,"city":"Reno","city_code":"CRE","fill_color":[80,80,80,100]}},{"type":"Feature","geometry":{"type":"Polygon","coordinates":[[[-97.56395211567195,32.94503130207379],[-97.56364267783695,32.94502724353954],[-97.56332325806255,32.94502305327795],[-97.56331475552483,32.94439005496345],[-97.56404366294012,32.94440102870225],[-97.56403573044564,32.945032398300405],[-97.56395211567195,32.94503130207379]]]},"properties":{"prop_id":18991,"state_cd":"S105","ite_code":210,"ite_name":"Single-Family Detached","ite_unit":"DU","units":2,"daily_trips":18.9,"am_peak_trips":1.4,"pm_peak_trips":1.9,"imprv_val":124080.0,"acres":1.18,"city":"Reno","city_code":"CRE","fill_color":[34,139,34,180]}},{"type":"Feature","geometry":{"type":"Polygon","coordinates":[[[-97.58821399719653,32.968644515692205],[-97.58895773696374,32.96863335404744],[-97.58900147818635,32.968629056437145],[-97.58995892911258,32.968535121695446],[-97.58994734877011,32.968872334883464],[-97.58949831946731,32.96900237072622],[-97.58914264608858,32.96932613473856],[-97.58912759627516,32.969337376970365],[-97.58896111973337,32.969461532422656],[-97.58894261814191,32.969475305183444],[-97.58871325992706,32.96957824769964],[-97.58867059348825,32.96959231176792],[-97.58828131607257,32.969720564385085],[-97.5882756993351,32.969714012987566],[-97.58821394508843,32.96959426989361],[-97.58821399719653,32.968644515692205]]]},"properties":{"prop_id":54020,"state_cd":"8","ite_code":210,"ite_name":"Single-Family Detached","ite_unit":"DU","units":2,"daily_trips":18.9,"am_peak_trips":1.4,"pm_peak_trips":1.9,"imprv_val":134590.0,"acres":2.7,"city":"Reno","city_code":"CRE","fill_color":[34,139,34,180]}},{"type":"Feature","geometry":{"type":"Polygon","coordinates":[[[-97.56138164656961,32.957288639594836],[-97.56211857729265,32.95729594882445],[-97.56211956825257,32.95784380625446],[-97.56138177793885,32.957840262056024],[-97.56138164656961,32.957288639594836]]]},"properties":{"prop_id":78816,"state_cd":"8","ite_code":210,"ite_name":"Single-Family Detached","ite_unit":"DU","units":2,"daily_trips":18.9,"am_peak_trips":1.4,"pm_peak_trips":1.9,"imprv_val":245870.0,"acres":1.0,"city":"Reno","city_code":"CRE","fill_color":[34,139,34,180]}},{"type":"Feature","geometry":{"type":"Polygon","coordinates":[[[-97.56825223970338,32.973592513334445],[-97.56742496882394,32.973604915260246],[-97.56742451008866,32.97358213519471],[-97.56741943245301,32.97333008154296],[-97.56743014297236,32.97325422845161],[-97.56744865674516,32.973179451914284],[-97.56747483083207,32.97310631901134],[-97.5675084688995,32.9730353874042],[-97.56754931167731,32.97296719714744],[-97.567597050905,32.97290226718599],[-97.56824422009682,32.97326496805037],[-97.56825223970338,32.973592513334445]]]},"properties":{"prop_id":106275,"state_cd":"S80","ite_code":210,"ite_name":"Single-Family Detached","ite_unit":"DU","units":2,"daily_trips":18.9,"am_peak_trips":1.4,"pm_peak_trips":1.9,"imprv_val":466680.0,"acres":1.1,"city":"Reno","city_code":"CRE","fill_color":[34,139,34,180]}},{"type":"Feature","geometry":{"type":"Polygon","coordinates":[[[-97.59292936834574,32.929537666852],[-97.59406706042729,32.92954517588256],[-97.59515531950728,32.92954807593568],[-97.59514165176435,32.93188759435328],[-97.59514678998345,32.93234809426722],[-97.59509175387502,32.93258071018538],[-97.59502817615746,32.93274265047555],[-97.59289615775195,32.932748063718684],[-97.59292936834574,32.929537666852]]]},"properties":{"prop_id":63526,"state_cd":"8","ite_code":210,"ite_name":"Single-Family Detached","ite_unit":"DU","units":2,"daily_trips":18.9,"am_peak_trips":1.4,"pm_peak_trips":1.9,"imprv_val":12580.0,"acres":1.0,"city":"Reno","city_code":"CRE","fill_color":[34,139,34,180]}},{"type":"Feature","geometry":{"type":"Polygon","coordinates":[[[-97.57225920963076,32.96497207389728],[-97.5705847017756,32.96491737813009],[-97.56996993967105,32.964899556362205],[-97.56996598970186,32.96352215688887],[-97.57032738960653,32.96352299218776],[-97.57098327881059,32.96352450623889],[-97.57163682846334,32.96352601113244],[-97.57228498865767,32.96352750043291],[-97.57296820294867,32.96352906677226],[-97.57363234228296,32.96353058496584],[-97.57393782453356,32.963531282687384],[-97.57392569876407,32.964103523560375],[-97.57391632734456,32.96499966849755],[-97.57225920963076,32.96497207389728]]]},"properties":{"prop_id":57793,"state_cd":"8","ite_code":0,"ite_name":"Vacant/Agricultural","ite_unit":"N/A","units":1.0,"daily_trips":0.0,"am_peak_trips":0.0,"pm_peak_trips":0.0,"imprv_val":1000.0,"acres":13.65,"city":"Reno","city_code":"CRE","fill_color":[80,80,80,100]}},{"type":"Feature","geometry":{"type":"Polygon","coordinates":[[[-97.56353613195978,32.96675858182639],[-97.56354730849155,32.967514804764505],[-97.56301984018243,32.967523265488644],[-97.56300994632025,32.96676717025429],[-97.56353613195978,32.96675858182639]]]},"properties":{"prop_id":115986,"state_cd":"S85","ite_code":0,"ite_name":"Vacant/Agricultural","ite_unit":"N/A","units":1.0,"daily_trips":0.0,"am_peak_trips":0.0,"pm_peak_trips":0.0,"imprv_val":0.0,"acres":1.01,"city":"Reno","city_code":"CRE","fill_color":[80,80,80,100]}},{"type":"Feature","geometry":{"type":"Polygon","coordinates":[[[-97.59770642084652,32.92860121391961],[-97.59770815090805,32.9278772723042],[-97.59770920504283,32.92743588646504],[-97.59772131788438,32.92663849524992],[-97.597902053841,32.9266383054359],[-97.59865216991808,32.926641618967224],[-97.59941229958785,32.926647116982814],[-97.60029797118281,32.926642938682974],[-97.60027786034406,32.92805958200288],[-97.60008495007756,32.92825379255301],[-97.60015990061859,32.928306753072064],[-97.60025009859228,32.92821595239025],[-97.60025970033043,32.92834568284403],[-97.60026645182471,32.92857632770462],[-97.6001823319882,32.928575720084616],[-97.59770642084652,32.92860121391961]]]},"properties":{"prop_id":54211,"state_cd":"8","ite_code":0,"ite_name":"Vacant/Agricultural","ite_unit":"N/A","units":1.0,"daily_trips":0.0,"am_peak_trips":0.0,"pm_peak_trips":0.0,"imprv_val":0.0,"acres":13.0,"city":"Reno","city_code":"CRE","fill_color":[80,80,80,100]}},{"type":"Feature","geometry":{"type":"Polygon","coordinates":[[[-97.54833744124952,32.924368119467026],[-97.5483398717075,32.924347920636805],[-97.54827510730742,32.92430720203943],[-97.54792952892922,32.92404757339022],[-97.54778528014326,32.92390481004946],[-97.54776079874645,32.92388058079893],[-97.54726947373364,32.92315711283647],[-97.5469485077066,32.92302449781673],[-97.54731812953052,32.922904701599926],[-97.54778307918731,32.92275410483302],[-97.54808339094753,32.92263411466728],[-97.54824654346594,32.922136621571354],[-97.54844424205848,32.92142643663258],[-97.54856852394732,32.92153159161994],[-97.54871349720798,32.92162575779169],[-97.54887176882212,32.921679946756164],[-97.54887966098757,32.92278939849192],[-97.5488929575091,32.924657386488605],[-97.54888649305384,32.92479896622881],[-97.54883228955991,32.9247923341618],[-97.54867378855869,32.92465432756242],[-97.548655082361,32.9246380436014],[-97.54862790934946,32.92461438286932],[-97.5486139525695,32.924602231324094],[-97.54858369239521,32.92457588658109],[-97.54857190639623,32.92456562292518],[-97.54853391253467,32.924532541890656],[-97.54852210744629,32.924522264556536],[-97.548432019036,32.924443823521386],[-97.5484141392778,32.92442825828846],[-97.54839545548421,32.924411987986026],[-97.54838307517117,32.9244012093311],[-97.54836062938318,32.92438166637179],[-97.54833744124952,32.924368119467026]]]},"properties":{"prop_id":50611,"state_cd":"15A+","ite_code":0,"ite_name":"Vacant/Agricultural","ite_unit":"N/A","units":1.0,"daily_trips":0.0,"am_peak_trips":0.0,"pm_peak_trips":0.0,"imprv_val":0.0,"acres":5.0,"city":"Reno","city_code":"CRE","fill_color":[80,80,80,100]}},{"type":"Feature","geometry":{"type":"Polygon","coordinates":[[[-97.62149542354429,32.950253382734566],[-97.62082127928942,32.95025578640774],[-97.6208240434367,32.94912193389084],[-97.62149819326501,32.94911809819734],[-97.62149542354429,32.950253382734566]]]},"properties":{"prop_id":73547,"state_cd":"8","ite_code":210,"ite_name":"Single-Family Detached","ite_unit":"DU","units":3,"daily_trips":28.3,"am_peak_trips":2.1,"pm_peak_trips":2.8,"imprv_val":73250.0,"acres":1.98,"city":"Reno","city_code":"CRE","fill_color":[34,139,34,180]}},{"type":"Feature","geometry":{"type":"Polygon","coordinates":[[[-97.55809938878704,32.969021851596935],[-97.5581054663938,32.968331276472775],[-97.55811355298421,32.96833151615352],[-97.55812149626456,32.96833175114328],[-97.55829765590802,32.96833696389101],[-97.55868262753559,32.96834835403769],[-97.55867782404603,32.96903825338605],[-97.55809938878704,32.969021851596935]]]},"properties":{"prop_id":115967,"state_cd":"S85","ite_code":210,"ite_name":"Single-Family Detached","ite_unit":"DU","units":2,"daily_trips":18.9,"am_peak_trips":1.4,"pm_peak_trips":1.9,"imprv_val":321480.0,"acres":1.016,"city":"Reno","city_code":"CRE","fill_color":[34,139,34,180]}},{"type":"Feature","geometry":{"type":"Polygon","coordinates":[[[-97.57679270785182,32.933694628787805],[-97.57420364225916,32.93269051342839],[-97.57309368670379,32.932768550670154],[-97.57292673177618,32.932787487751995],[-97.57243064718953,32.932843756979096],[-97.57195037104546,32.932653408058506],[-97.57163510713941,32.9323530169044],[-97.57155596947852,32.93184566339797],[-97.57090343029573,32.93156941976459],[-97.57049701139213,32.93139736499209],[-97.57028645664796,32.93134141305128],[-97.5697161435806,32.93118972954856],[-97.56956385619482,32.931149956647495],[-97.56946120798733,32.93112314850629],[-97.56870795293453,32.93043094300826],[-97.56865681743304,32.93039232558036],[-97.56832485721519,32.93056618364019],[-97.56807234667228,32.930546461010344],[-97.56775683019318,32.93052181670567],[-97.5671570891883,32.93047496952826],[-97.56678853758046,32.93044617937262],[-97.56617748525633,32.930398444606524],[-97.5661439126238,32.93039582109856],[-97.56604736946913,32.93038827130955],[-97.56524803142374,32.93003322556601],[-97.56501570414164,32.9298642825094],[-97.56463281497368,32.92958585115294],[-97.56470204113786,32.924512239946786],[-97.56470198248297,32.92443676210369],[-97.56470065735127,32.92273801124318],[-97.56469985376424,32.92170690729299],[-97.5646994445524,32.921181372330665],[-97.56471012851885,32.92118139934891],[-97.56480871038481,32.9211816453562],[-97.56965444137742,32.92119362041564],[-97.56964439458997,32.91825772528983],[-97.56964356682217,32.91801569045394],[-97.56964191514882,32.91753308717674],[-97.56964426689562,32.91753314171894],[-97.574919822313,32.91765541212672],[-97.57625577247536,32.91768634030861],[-97.57827553214858,32.91773307088796],[-97.57824471666446,32.91868780616618],[-97.57883314759029,32.91869196469749],[-97.57938052882643,32.91869583056655],[-97.57993096686887,32.91869971570858],[-97.58047920140561,32.9187035821501],[-97.58102573386627,32.91870743452177],[-97.58160876359955,32.91871154189081],[-97.5825815448452,32.918718388082624],[-97.58406634848036,32.918722594521405],[-97.58475825394626,32.91873722036048],[-97.58474850632045,32.92120185247789],[-97.58604949642088,32.921219322737144],[-97.58678710716002,32.92122922133954],[-97.58680393438269,32.92497241082463],[-97.59384237550233,32.924760443065686],[-97.59526408438042,32.92474291095071],[-97.59519181551133,32.928379746705026],[-97.59408565688592,32.928382693144705],[-97.5904456810964,32.92839232071908],[-97.59031865845184,32.92839265482791],[-97.58387912413411,32.92842942428697],[-97.5782182020094,32.9284238827746],[-97.57809525103038,32.934641664291895],[-97.57679270785182,32.933694628787805]]]},"properties":{"prop_id":64054,"state_cd":"15A+","ite_code":0,"ite_name":"Vacant/Agricultural","ite_unit":"N/A","units":1.0,"daily_trips":0.0,"am_peak_trips":0.0,"pm_peak_trips":0.0,"imprv_val":0.0,"acres":136.34,"city":"Reno","city_code":"CRE","fill_color":[80,80,80,100]}},{"type":"Feature","geometry":{"type":"Polygon","coordinates":[[[-97.55305122487951,32.945601275704476],[-97.55309784658053,32.945496928801745],[-97.55475733710976,32.94552390536127],[-97.55474793579441,32.94713580964034],[-97.55474793327562,32.94713624610927],[-97.55287892302205,32.94712205236464],[-97.55290534148622,32.946368071207345],[-97.55290641822303,32.94625656840251],[-97.55291414361818,32.94614525321534],[-97.55292849753623,32.946034405962486],[-97.55294944486914,32.94592430684553],[-97.55297693018922,32.945815235910906],[-97.55301088529384,32.94570746769575],[-97.55305122487951,32.945601275704476]]]},"properties":{"prop_id":65617,"state_cd":"8","ite_code":0,"ite_name":"Vacant/Agricultural","ite_unit":"N/A","units":1.0,"daily_trips":0.0,"am_peak_trips":0.0,"pm_peak_trips":0.0,"imprv_val":0.0,"acres":4.87,"city":"Reno","city_code":"CRE","fill_color":[80,80,80,100]}},{"type":"Feature","geometry":{"type":"Polygon","coordinates":[[[-97.56417731083879,32.95478688218222],[-97.56417211061624,32.954732260579995],[-97.56562035008261,32.95475744570629],[-97.56561457604622,32.95519726782641],[-97.56415769588465,32.9551745149682],[-97.56415410338249,32.95517445912785],[-97.56417731083879,32.95478688218222]]]},"properties":{"prop_id":51952,"state_cd":"8","ite_code":210,"ite_name":"Single-Family Detached","ite_unit":"DU","units":3,"daily_trips":28.3,"am_peak_trips":2.1,"pm_peak_trips":2.8,"imprv_val":134390.0,"acres":1.757,"city":"Reno","city_code":"CRE","fill_color":[34,139,34,180]}},{"type":"Feature","geometry":{"type":"Polygon","coordinates":[[[-97.56366547938394,32.94804833366708],[-97.56365715443542,32.94709909084345],[-97.56396403605315,32.94710594921509],[-97.56397095883682,32.948053875603264],[-97.56366547938394,32.94804833366708]]]},"properties":{"prop_id":18914,"state_cd":"S80","ite_code":0,"ite_name":"Vacant/Agricultural","ite_unit":"N/A","units":1.0,"daily_trips":0.0,"am_peak_trips":0.0,"pm_peak_trips":0.0,"imprv_val":0.0,"acres":0.802,"city":"Reno","city_code":"CRE","fill_color":[80,80,80,100]}},{"type":"Feature","geometry":{"type":"Polygon","coordinates":[[[-97.57307193558255,32.93654869426239],[-97.57304945053288,32.9377874707405],[-97.57180901839497,32.93778386419192],[-97.5722008402941,32.93641255210373],[-97.57307193558255,32.93654869426239]]]},"properties":{"prop_id":41747,"state_cd":"8","ite_code":0,"ite_name":"Vacant/Agricultural","ite_unit":"N/A","units":1.0,"daily_trips":0.0,"am_peak_trips":0.0,"pm_peak_trips":0.0,"imprv_val":0.0,"acres":3.5674,"city":"Reno","city_code":"CRE","fill_color":[80,80,80,100]}},{"type":"Feature","geometry":{"type":"Polygon","coordinates":[[[-97.5782256691316,32.95251628055228],[-97.57890740963609,32.952512414707726],[-97.57901579844403,32.952525130919774],[-97.57901269113819,32.95288536286569],[-97.57789956467334,32.95288646507604],[-97.57780085864898,32.95251866356993],[-97.5782256691316,32.95251628055228]]]},"properties":{"prop_id":36040,"state_cd":"8","ite_code":0,"ite_name":"Vacant/Agricultural","ite_unit":"N/A","units":1.0,"daily_trips":0.0,"am_peak_trips":0.0,"pm_peak_trips":0.0,"imprv_val":0.0,"acres":1.25,"city":"Reno","city_code":"CRE","fill_color":[80,80,80,100]}},{"type":"Feature","geometry":{"type":"Polygon","coordinates":[[[-97.6206620643374,32.94501259802913],[-97.62158300178704,32.94536628367917],[-97.62159509002078,32.946316035451645],[-97.62145723725136,32.94651931350208],[-97.6214560942979,32.947091014118776],[-97.62077942891592,32.94695071030426],[-97.62062744486381,32.945197992692194],[-97.62064649152971,32.9451788315693],[-97.62066180951679,32.945157424723426],[-97.62067303224521,32.94513428270993],[-97.62067989323859,32.94510996007828],[-97.62068222845076,32.94508503644996],[-97.6206799817112,32.94506010663658],[-97.62067320592826,32.945035767120864],[-97.6206620643374,32.94501259802913]]]},"properties":{"prop_id":86502,"state_cd":"8","ite_code":210,"ite_name":"Single-Family Detached","ite_unit":"DU","units":3,"daily_trips":28.3,"am_peak_trips":2.1,"pm_peak_trips":2.8,"imprv_val":316570.0,"acres":3.892,"city":"Reno","city_code":"CRE","fill_color":[34,139,34,180]}},{"type":"Feature","geometry":{"type":"Polygon","coordinates":[[[-97.60011892355321,32.9244463971419],[-97.60014799275436,32.92489807598302],[-97.60016482091642,32.92515884194508],[-97.60017042683312,32.9253929452777],[-97.59925041992797,32.92502646769231],[-97.59927248706244,32.92500495529687],[-97.59928996016009,32.92498062391301],[-97.59930234351005,32.924954165272176],[-97.59930928518285,32.92492632805857],[-97.5993105878689,32.92489790355835],[-97.5993062155775,32.92486969775088],[-97.59929629170836,32.92484251055261],[-97.59928109820177,32.924817114167084],[-97.59926106508375,32.92479422956178],[-97.59998282066297,32.92444063137353],[-97.60011892355321,32.9244463971419]]]},"properties":{"prop_id":27562,"state_cd":"S80","ite_code":210,"ite_name":"Single-Family Detached","ite_unit":"DU","units":2,"daily_trips":18.9,"am_peak_trips":1.4,"pm_peak_trips":1.9,"imprv_val":52570.0,"acres":1.3956,"city":"Reno","city_code":"CRE","fill_color":[34,139,34,180]}},{"type":"Feature","geometry":{"type":"Polygon","coordinates":[[[-97.56083959902976,32.97408677029418],[-97.56176444646076,32.974068472194865],[-97.56176533571528,32.974488916974416],[-97.5608346251674,32.97450568471326],[-97.56083959902976,32.97408677029418]]]},"properties":{"prop_id":106189,"state_cd":"S80","ite_code":210,"ite_name":"Single-Family Detached","ite_unit":"DU","units":2,"daily_trips":18.9,"am_peak_trips":1.4,"pm_peak_trips":1.9,"imprv_val":459400.0,"acres":1.0,"city":"Reno","city_code":"CRE","fill_color":[34,139,34,180]}},{"type":"Feature","geometry":{"type":"Polygon","coordinates":[[[-97.56345788314353,32.97075027997087],[-97.56374170121022,32.97074588142697],[-97.56375821947672,32.970765980179316],[-97.56377814859209,32.97078374536212],[-97.56380103173687,32.970798770423606],[-97.5638263451053,32.97081071053516],[-97.5638535063682,32.97081929167355],[-97.56388189278363,32.970824317971754],[-97.56404376334301,32.97152913246957],[-97.56389428684076,32.9715303680924],[-97.5634752368811,32.971533831123494],[-97.56345788314353,32.97075027997087]]]},"properties":{"prop_id":106235,"state_cd":"S80","ite_code":210,"ite_name":"Single-Family Detached","ite_unit":"DU","units":2,"daily_trips":18.9,"am_peak_trips":1.4,"pm_peak_trips":1.9,"imprv_val":434390.0,"acres":1.0,"city":"Reno","city_code":"CRE","fill_color":[34,139,34,180]}},{"type":"Feature","geometry":{"type":"Polygon","coordinates":[[[-97.61851339557232,32.94482465357829],[-97.6185198269217,32.94432767517945],[-97.61930493009771,32.9443605483471],[-97.61930226838909,32.94472270093144],[-97.61930092212664,32.94485810211653],[-97.61851339557232,32.94482465357829]]]},"properties":{"prop_id":86507,"state_cd":"S80","ite_code":210,"ite_name":"Single-Family Detached","ite_unit":"DU","units":2,"daily_trips":18.9,"am_peak_trips":1.4,"pm_peak_trips":1.9,"imprv_val":430510.0,"acres":1.0,"city":"Reno","city_code":"CRE","fill_color":[34,139,34,180]}},{"type":"Feature","geometry":{"type":"Polygon","coordinates":[[[-97.57725954064942,32.941264886929204],[-97.57729029010304,32.94091203145288],[-97.57839482286472,32.94092125954567],[-97.57836558143036,32.94127412731934],[-97.57725954064942,32.941264886929204]]]},"properties":{"prop_id":80349,"state_cd":"S80","ite_code":210,"ite_name":"Single-Family Detached","ite_unit":"DU","units":2,"daily_trips":18.9,"am_peak_trips":1.4,"pm_peak_trips":1.9,"imprv_val":267290.0,"acres":1.0,"city":"Reno","city_code":"CRE","fill_color":[34,139,34,180]}},{"type":"Feature","geometry":{"type":"Polygon","coordinates":[[[-97.54713431963344,32.93074047899286],[-97.54713602513452,32.93058817715064],[-97.54713696101305,32.93050464532689],[-97.5471391861228,32.93014256568755],[-97.54713677755531,32.9300905942241],[-97.54743731890177,32.93010292123296],[-97.54787028333365,32.93011192281998],[-97.54790598869688,32.930112665584005],[-97.54790488624492,32.93075217873424],[-97.54787021133846,32.930751652172475],[-97.54713431963344,32.93074047899286]]]},"properties":{"prop_id":55022,"state_cd":"15A+","ite_code":0,"ite_name":"Vacant/Agricultural","ite_unit":"N/A","units":1.0,"daily_trips":0.0,"am_peak_trips":0.0,"pm_peak_trips":0.0,"imprv_val":6800.0,"acres":1.35,"city":"Reno","city_code":"CRE","fill_color":[80,80,80,100]}},{"type":"Feature","geometry":{"type":"Polygon","coordinates":[[[-97.61930226838909,32.94472270093144],[-97.61930493009771,32.9443605483471],[-97.62024761690559,32.94441182830476],[-97.62027548806033,32.94441671552506],[-97.62030202519529,32.944425400846754],[-97.6203265087152,32.9444376474195],[-97.62034826917791,32.944453122251716],[-97.62036671716817,32.944471403636065],[-97.62038134745902,32.944491992902265],[-97.62039176450931,32.944514331731774],[-97.62039768239222,32.94453780937165],[-97.62039894057833,32.94456178889894],[-97.62039452620745,32.94477841520094],[-97.61930226838909,32.94472270093144]]]},"properties":{"prop_id":86506,"state_cd":"S80","ite_code":210,"ite_name":"Single-Family Detached","ite_unit":"DU","units":2,"daily_trips":18.9,"am_peak_trips":1.4,"pm_peak_trips":1.9,"imprv_val":399000.0,"acres":1.0,"city":"Reno","city_code":"CRE","fill_color":[34,139,34,180]}},{"type":"Feature","geometry":{"type":"Polygon","coordinates":[[[-97.56417181912985,32.97613603255348],[-97.56414926733362,32.97524646078042],[-97.56459167413665,32.97524311834998],[-97.56461407567848,32.97613669932246],[-97.56461419597746,32.97614121298499],[-97.5643411052568,32.9761404292892],[-97.56417181912985,32.97613603255348]]]},"properties":{"prop_id":106199,"state_cd":"S80","ite_code":210,"ite_name":"Single-Family Detached","ite_unit":"DU","units":2,"daily_trips":18.9,"am_peak_trips":1.4,"pm_peak_trips":1.9,"imprv_val":433860.0,"acres":1.0,"city":"Reno","city_code":"CRE","fill_color":[34,139,34,180]}},{"type":"Feature","geometry":{"type":"Polygon","coordinates":[[[-97.56974483927907,32.96024144298784],[-97.56978062553357,32.9589608578551],[-97.57002393628066,32.95896306985758],[-97.57008530104987,32.958963131911645],[-97.57004951171226,32.96024371707561],[-97.56974483927907,32.96024144298784]]]},"properties":{"prop_id":80414,"state_cd":"8","ite_code":210,"ite_name":"Single-Family Detached","ite_unit":"DU","units":2,"daily_trips":18.9,"am_peak_trips":1.4,"pm_peak_trips":1.9,"imprv_val":55390.0,"acres":1.0,"city":"Reno","city_code":"CRE","fill_color":[34,139,34,180]}},{"type":"Feature","geometry":{"type":"Polygon","coordinates":[[[-97.56423343629271,32.95049383388337],[-97.56424157806404,32.951651263083576],[-97.56422744334013,32.951651097407606],[-97.563559003976,32.95164330411291],[-97.56355548651767,32.95051451301294],[-97.56423343629271,32.95049383388337]]]},"properties":{"prop_id":57780,"state_cd":"8","ite_code":210,"ite_name":"Single-Family Detached","ite_unit":"DU","units":3,"daily_trips":28.3,"am_peak_trips":2.1,"pm_peak_trips":2.8,"imprv_val":12090.0,"acres":2.0,"city":"Reno","city_code":"CRE","fill_color":[34,139,34,180]}},{"type":"Feature","geometry":{"type":"Polygon","coordinates":[[[-97.61733552222256,32.93648909753833],[-97.61827130538738,32.93646376879913],[-97.61826998930557,32.936496174904576],[-97.61826334149386,32.9366598183286],[-97.61825471821813,32.93674525630016],[-97.61736450150386,32.93674519026052],[-97.61733552222256,32.93648909753833]]]},"properties":{"prop_id":48479,"state_cd":"8","ite_code":210,"ite_name":"Single-Family Detached","ite_unit":"DU","units":1,"daily_trips":9.4,"am_peak_trips":0.7,"pm_peak_trips":0.9,"imprv_val":156140.0,"acres":0.63,"city":"Reno","city_code":"CRE","fill_color":[34,139,34,180]}},{"type":"Feature","geometry":{"type":"Polygon","coordinates":[[[-97.54660039919776,32.93011923674456],[-97.546602913982,32.93006144281102],[-97.54707951774307,32.93008824612015],[-97.54713677755531,32.9300905942241],[-97.5471391861228,32.93014256568755],[-97.54713696101305,32.93050464532689],[-97.54713602513452,32.93058817715064],[-97.54659146093528,32.93058401042623],[-97.54659328827888,32.9304889383016],[-97.54660039919776,32.93011923674456]]]},"properties":{"prop_id":55026,"state_cd":"15A+","ite_code":210,"ite_name":"Single-Family Detached","ite_unit":"DU","units":1,"daily_trips":9.4,"am_peak_trips":0.7,"pm_peak_trips":0.9,"imprv_val":77790.0,"acres":0.8,"city":"Reno","city_code":"CRE","fill_color":[34,139,34,180]}},{"type":"Feature","geometry":{"type":"Polygon","coordinates":[[[-97.54793042167302,32.928953536946786],[-97.54792952892922,32.92404757339022],[-97.54827510730742,32.92430720203943],[-97.5483398717075,32.924347920636805],[-97.54833744124952,32.924368119467026],[-97.54832206300472,32.924495972753334],[-97.54826279151469,32.92896495451316],[-97.54793042167302,32.928953536946786]]]},"properties":{"prop_id":72130,"state_cd":"15A+","ite_code":0,"ite_name":"Vacant/Agricultural","ite_unit":"N/A","units":1.0,"daily_trips":0.0,"am_peak_trips":0.0,"pm_peak_trips":0.0,"imprv_val":0.0,"acres":4.05,"city":"Reno","city_code":"CRE","fill_color":[80,80,80,100]}},{"type":"Feature","geometry":{"type":"Polygon","coordinates":[[[-97.56116566637102,32.964877923954795],[-97.56118830067379,32.96032984620982],[-97.56183369856798,32.96033423255441],[-97.5618098270885,32.964880838980385],[-97.56149720954733,32.96488106337039],[-97.56116566637102,32.964877923954795]]]},"properties":{"prop_id":81092,"state_cd":"8","ite_code":210,"ite_name":"Single-Family Detached","ite_unit":"DU","units":3,"daily_trips":28.3,"am_peak_trips":2.1,"pm_peak_trips":2.8,"imprv_val":264200.0,"acres":2.0,"city":"Reno","city_code":"CRE","fill_color":[34,139,34,180]}},{"type":"Feature","geometry":{"type":"Polygon","coordinates":[[[-97.5952872717555,32.92176631540053],[-97.59528723614763,32.921769802535884],[-97.59530535192177,32.92199977024464],[-97.59459382456944,32.922035844673786],[-97.59459568690195,32.92176487136138],[-97.5952872717555,32.92176631540053]]]},"properties":{"prop_id":62769,"state_cd":"8","ite_code":0,"ite_name":"Vacant/Agricultural","ite_unit":"N/A","units":1.0,"daily_trips":0.0,"am_peak_trips":0.0,"pm_peak_trips":0.0,"imprv_val":0.0,"acres":0.435,"city":"Reno","city_code":"CRE","fill_color":[80,80,80,100]}},{"type":"Feature","geometry":{"type":"Polygon","coordinates":[[[-97.54503120100608,32.94207986592893],[-97.54502860057076,32.94151631568318],[-97.54684894788029,32.9415336782866],[-97.54769207301432,32.94153683598875],[-97.54789842156157,32.941537607781704],[-97.54820546639489,32.941538755368306],[-97.54845360078811,32.94153968313794],[-97.54894267517577,32.941541509328864],[-97.54956789824163,32.94154384024499],[-97.54973086208928,32.94154444756621],[-97.55011627776429,32.94154588247093],[-97.55040879476819,32.94154697067561],[-97.55059844549416,32.94154767565536],[-97.55109368234675,32.94154951601345],[-97.55158324666598,32.941551333765865],[-97.5520699159139,32.941553138388606],[-97.55255945353719,32.94155495210164],[-97.55304331970505,32.941556742426904],[-97.5535304788355,32.94155854326381],[-97.55353081113721,32.942250742342345],[-97.5535308631522,32.942357782478666],[-97.55353088770273,32.94240773532551],[-97.55353092890543,32.94251788941497],[-97.55353123516103,32.94334125113025],[-97.55353133674117,32.94361421758543],[-97.5535227044602,32.94416423719871],[-97.55352017736028,32.94432526591666],[-97.55351904869359,32.94439716065711],[-97.55352029968577,32.94442472392919],[-97.5535203559601,32.94443957667933],[-97.55351997266067,32.9444544278937],[-97.55351916168635,32.94446926503701],[-97.55351791777632,32.9444840799528],[-97.55351623671986,32.94449886629627],[-97.55351413041592,32.94451361153207],[-97.55351158716746,32.94452830925841],[-97.55350861989477,32.944542951456995],[-97.55350522764378,32.9445575272985],[-97.55350140841985,32.944572023240205],[-97.55349716538304,32.94458644381521],[-97.55349250413106,32.944600765618375],[-97.55348742574289,32.94461498775601],[-97.55348299778875,32.944628896486975],[-97.55313649720983,32.945167804749616],[-97.55287188813274,32.94517053983444],[-97.55277758965194,32.945171514785834],[-97.5527365413912,32.9451719385972],[-97.55157618165268,32.945166741684126],[-97.55146956013529,32.94516626367345],[-97.5513826969353,32.94516587378507],[-97.55090516482568,32.94516373221261],[-97.55041703487433,32.945161540502674],[-97.54952690988915,32.94515753883527],[-97.54821235036721,32.9451516193185],[-97.54800455328494,32.94515069274816],[-97.54568415763684,32.94514033952554],[-97.54506041357433,32.945137548830814],[-97.54498872900302,32.945137227534715],[-97.54499359981851,32.94479012124654],[-97.54499723592961,32.94453094438704],[-97.54500200220143,32.94419124675379],[-97.5450104715739,32.94358773548894],[-97.54501887148297,32.94298916841202],[-97.54502320207902,32.942680541033496],[-97.5450267894263,32.94242497828966],[-97.54502919029333,32.9422539707062],[-97.54503107603377,32.94211953313138],[-97.5450311241135,32.94210426000461],[-97.54503120100608,32.94207986592893]]]},"properties":{"prop_id":118587,"state_cd":"15A+","ite_code":0,"ite_name":"Vacant/Agricultural","ite_unit":"N/A","units":1.0,"daily_trips":0.0,"am_peak_trips":0.0,"pm_peak_trips":0.0,"imprv_val":0.0,"acres":1.288,"city":"Reno","city_code":"CRE","fill_color":[80,80,80,100]}},{"type":"Feature","geometry":{"type":"Polygon","coordinates":[[[-97.56971396472098,32.95149840684823],[-97.56968565041456,32.9510151727397],[-97.57520827978975,32.95106734797168],[-97.57520314336602,32.951615005447636],[-97.57363558286237,32.951647948365185],[-97.57344322226514,32.951640636306706],[-97.56971396472098,32.95149840684823]]]},"properties":{"prop_id":57810,"state_cd":"8","ite_code":0,"ite_name":"Vacant/Agricultural","ite_unit":"N/A","units":1.0,"daily_trips":0.0,"am_peak_trips":0.0,"pm_peak_trips":0.0,"imprv_val":0.0,"acres":6.74,"city":"Reno","city_code":"CRE","fill_color":[80,80,80,100]}},{"type":"Feature","geometry":{"type":"Polygon","coordinates":[[[-97.5886265884453,32.93825319407115],[-97.58863188331628,32.93777336646436],[-97.5894658376197,32.93728180050491],[-97.5901528184943,32.93584603648073],[-97.59015971622297,32.935292525313955],[-97.59040572362186,32.93527836114122],[-97.5903854925427,32.936902231177974],[-97.58986112870208,32.93712586357545],[-97.58927885578733,32.93826021775073],[-97.5886265884453,32.93825319407115]]]},"properties":{"prop_id":89191,"state_cd":"8","ite_code":0,"ite_name":"Vacant/Agricultural","ite_unit":"N/A","units":1.0,"daily_trips":0.0,"am_peak_trips":0.0,"pm_peak_trips":0.0,"imprv_val":0.0,"acres":3.58,"city":"Reno","city_code":"CRE","fill_color":[80,80,80,100]}},{"type":"Feature","geometry":{"type":"Polygon","coordinates":[[[-97.57392569876407,32.964103523560375],[-97.57393782453356,32.963531282687384],[-97.57451826329998,32.963532605199646],[-97.5745123168802,32.96412627350905],[-97.57392569876407,32.964103523560375]]]},"properties":{"prop_id":22954,"state_cd":"8","ite_code":0,"ite_name":"Vacant/Agricultural","ite_unit":"N/A","units":1.0,"daily_trips":0.0,"am_peak_trips":0.0,"pm_peak_trips":0.0,"imprv_val":0.0,"acres":0.85,"city":"Reno","city_code":"CRE","fill_color":[80,80,80,100]}},{"type":"Feature","geometry":{"type":"Polygon","coordinates":[[[-97.55304330054099,32.94235399457215],[-97.55255933850503,32.94235986013393],[-97.55255945353719,32.94155495210164],[-97.55304331970505,32.941556742426904],[-97.55304330054099,32.94235399457215]]]},"properties":{"prop_id":118608,"state_cd":"15A+","ite_code":210,"ite_name":"Single-Family Detached","ite_unit":"DU","units":2,"daily_trips":18.9,"am_peak_trips":1.4,"pm_peak_trips":1.9,"imprv_val":325320.0,"acres":1.009,"city":"Reno","city_code":"CRE","fill_color":[34,139,34,180]}},{"type":"Feature","geometry":{"type":"Polygon","coordinates":[[[-97.56008220923079,32.938942742970575],[-97.56171328285471,32.93893737301767],[-97.56173126363755,32.942538483836735],[-97.56120678616293,32.94254991543622],[-97.56054106786593,32.942564423792064],[-97.56013259985272,32.94256878945809],[-97.56013257437823,32.94256695673755],[-97.56008220923079,32.938942742970575]]]},"properties":{"prop_id":49629,"state_cd":"8","ite_code":210,"ite_name":"Single-Family Detached","ite_unit":"DU","units":2,"daily_trips":18.9,"am_peak_trips":1.4,"pm_peak_trips":1.9,"imprv_val":630960.0,"acres":1.0,"city":"Reno","city_code":"CRE","fill_color":[34,139,34,180]}},{"type":"Feature","geometry":{"type":"Polygon","coordinates":[[[-97.5664934040434,32.93495132810495],[-97.56654605839798,32.93490868708453],[-97.5679081576999,32.93490783580198],[-97.56790050574777,32.935589032871846],[-97.56789873425429,32.93574285914345],[-97.56648473678035,32.93577462512827],[-97.5664934040434,32.93495132810495]]]},"properties":{"prop_id":41796,"state_cd":"8","ite_code":210,"ite_name":"Single-Family Detached","ite_unit":"DU","units":2,"daily_trips":18.9,"am_peak_trips":1.4,"pm_peak_trips":1.9,"imprv_val":132220.0,"acres":3.0,"city":"Reno","city_code":"CRE","fill_color":[34,139,34,180]}},{"type":"Feature","geometry":{"type":"Polygon","coordinates":[[[-97.558850515371,32.94417918683787],[-97.55885462604908,32.94258797362188],[-97.55944049379454,32.942577931664445],[-97.55943624092045,32.94418554180903],[-97.558850515371,32.94417918683787]]]},"properties":{"prop_id":18844,"state_cd":"8","ite_code":210,"ite_name":"Single-Family Detached","ite_unit":"DU","units":2,"daily_trips":18.9,"am_peak_trips":1.4,"pm_peak_trips":1.9,"imprv_val":301620.0,"acres":2.556,"city":"Reno","city_code":"CRE","fill_color":[34,139,34,180]}},{"type":"Feature","geometry":{"type":"Polygon","coordinates":[[[-97.55537650616633,32.93818406932064],[-97.55560875950086,32.93828765913237],[-97.55680379545593,32.938687339865176],[-97.55775643235906,32.9388497941818],[-97.55536843523403,32.938873126898294],[-97.55537650616633,32.93818406932064]]]},"properties":{"prop_id":105211,"state_cd":"8","ite_code":0,"ite_name":"Vacant/Agricultural","ite_unit":"N/A","units":1.0,"daily_trips":0.0,"am_peak_trips":0.0,"pm_peak_trips":0.0,"imprv_val":0.0,"acres":1.752,"city":"Reno","city_code":"CRE","fill_color":[80,80,80,100]}},{"type":"Feature","geometry":{"type":"Polygon","coordinates":[[[-97.54503120100608,32.94207986592893],[-97.54502860057076,32.94151631568318],[-97.54684894788029,32.9415336782866],[-97.54769207301432,32.94153683598875],[-97.54789842156157,32.941537607781704],[-97.54820546639489,32.941538755368306],[-97.54845360078811,32.94153968313794],[-97.54894267517577,32.941541509328864],[-97.54956789824163,32.94154384024499],[-97.54973086208928,32.94154444756621],[-97.55011627776429,32.94154588247093],[-97.55040879476819,32.94154697067561],[-97.55059844549416,32.94154767565536],[-97.55109368234675,32.94154951601345],[-97.55158324666598,32.941551333765865],[-97.5520699159139,32.941553138388606],[-97.55255945353719,32.94155495210164],[-97.55304331970505,32.941556742426904],[-97.5535304788355,32.94155854326381],[-97.55353081113721,32.942250742342345],[-97.5535308631522,32.942357782478666],[-97.55353088770273,32.94240773532551],[-97.55353092890543,32.94251788941497],[-97.55353123516103,32.94334125113025],[-97.55353133674117,32.94361421758543],[-97.5535227044602,32.94416423719871],[-97.55352017736028,32.94432526591666],[-97.55351904869359,32.94439716065711],[-97.55352029968577,32.94442472392919],[-97.5535203559601,32.94443957667933],[-97.55351997266067,32.9444544278937],[-97.55351916168635,32.94446926503701],[-97.55351791777632,32.9444840799528],[-97.55351623671986,32.94449886629627],[-97.55351413041592,32.94451361153207],[-97.55351158716746,32.94452830925841],[-97.55350861989477,32.944542951456995],[-97.55350522764378,32.9445575272985],[-97.55350140841985,32.944572023240205],[-97.55349716538304,32.94458644381521],[-97.55349250413106,32.944600765618375],[-97.55348742574289,32.94461498775601],[-97.55348299778875,32.944628896486975],[-97.55313649720983,32.945167804749616],[-97.55287188813274,32.94517053983444],[-97.55277758965194,32.945171514785834],[-97.5527365413912,32.9451719385972],[-97.55157618165268,32.945166741684126],[-97.55146956013529,32.94516626367345],[-97.5513826969353,32.94516587378507],[-97.55090516482568,32.94516373221261],[-97.55041703487433,32.945161540502674],[-97.54952690988915,32.94515753883527],[-97.54821235036721,32.9451516193185],[-97.54800455328494,32.94515069274816],[-97.54568415763684,32.94514033952554],[-97.54506041357433,32.945137548830814],[-97.54498872900302,32.945137227534715],[-97.54499359981851,32.94479012124654],[-97.54499723592961,32.94453094438704],[-97.54500200220143,32.94419124675379],[-97.5450104715739,32.94358773548894],[-97.54501887148297,32.94298916841202],[-97.54502320207902,32.942680541033496],[-97.5450267894263,32.94242497828966],[-97.54502919029333,32.9422539707062],[-97.54503107603377,32.94211953313138],[-97.5450311241135,32.94210426000461],[-97.54503120100608,32.94207986592893]]]},"properties":{"prop_id":118583,"state_cd":"15A+","ite_code":210,"ite_name":"Single-Family Detached","ite_unit":"DU","units":2,"daily_trips":18.9,"am_peak_trips":1.4,"pm_peak_trips":1.9,"imprv_val":399280.0,"acres":1.035,"city":"Reno","city_code":"CRE","fill_color":[34,139,34,180]}},{"type":"Feature","geometry":{"type":"Polygon","coordinates":[[[-97.56556510404616,32.97464340192921],[-97.56648962808369,32.974625858114436],[-97.56650144287116,32.97506442200373],[-97.56557472406533,32.9750676744087],[-97.56556510404616,32.97464340192921]]]},"properties":{"prop_id":106269,"state_cd":"S80","ite_code":210,"ite_name":"Single-Family Detached","ite_unit":"DU","units":2,"daily_trips":18.9,"am_peak_trips":1.4,"pm_peak_trips":1.9,"imprv_val":472600.0,"acres":1.0,"city":"Reno","city_code":"CRE","fill_color":[34,139,34,180]}},{"type":"Feature","geometry":{"type":"Polygon","coordinates":[[[-97.55287190713803,32.94516756211954],[-97.55313649720983,32.945167804749616],[-97.55304375894679,32.945318775047376],[-97.55295666376894,32.945472115806595],[-97.55287529885837,32.94562767799696],[-97.55279974287231,32.94578530981724],[-97.55273006915124,32.94594485671971],[-97.55268123126598,32.945936734121034],[-97.5514668606913,32.945734760007745],[-97.55146956013529,32.94516626367345],[-97.55188511333616,32.945166649936596],[-97.55238735870957,32.94516711523551],[-97.55287190713803,32.94516756211954]]]},"properties":{"prop_id":49549,"state_cd":"15A+","ite_code":210,"ite_name":"Single-Family Detached","ite_unit":"DU","units":2,"daily_trips":18.9,"am_peak_trips":1.4,"pm_peak_trips":1.9,"imprv_val":335410.0,"acres":1.0,"city":"Reno","city_code":"CRE","fill_color":[34,139,34,180]}},{"type":"Feature","geometry":{"type":"Polygon","coordinates":[[[-97.59828066549947,32.948918330423474],[-97.59826549255193,32.95017313759396],[-97.59779769640636,32.95017070802014],[-97.59781075956835,32.94891376627799],[-97.59828066549947,32.948918330423474]]]},"properties":{"prop_id":92326,"state_cd":"S85","ite_code":210,"ite_name":"Single-Family Detached","ite_unit":"DU","units":2,"daily_trips":18.9,"am_peak_trips":1.4,"pm_peak_trips":1.9,"imprv_val":264430.0,"acres":1.578,"city":"Reno","city_code":"CRE","fill_color":[34,139,34,180]}},{"type":"Feature","geometry":{"type":"Polygon","coordinates":[[[-97.61875638248682,32.94372877472797],[-97.61742823032608,32.943742749622814],[-97.61745544674001,32.943727115294976],[-97.61747921004091,32.943707891565374],[-97.61749886249558,32.94368561126803],[-97.61751386211866,32.94366089102509],[-97.61752379032035,32.94363441506814],[-97.61752837453587,32.943606918263065],[-97.61752748633732,32.94357916084576],[-97.61752115015962,32.943551911348614],[-97.618691401568,32.9430203133079],[-97.6194478818807,32.943013492935236],[-97.61944753541992,32.9433037626197],[-97.61875638248682,32.94372877472797]]]},"properties":{"prop_id":86493,"state_cd":"8","ite_code":210,"ite_name":"Single-Family Detached","ite_unit":"DU","units":2,"daily_trips":18.9,"am_peak_trips":1.4,"pm_peak_trips":1.9,"imprv_val":474660.0,"acres":2.359,"city":"Reno","city_code":"CRE","fill_color":[34,139,34,180]}},{"type":"Feature","geometry":{"type":"Polygon","coordinates":[[[-97.58208786879584,32.93838310535138],[-97.58248411273479,32.93763004417193],[-97.58344566326015,32.935786615324396],[-97.5853998895764,32.93580937582564],[-97.58534744906541,32.936356973799334],[-97.58678122943176,32.936376485518785],[-97.58677492160646,32.936435942253794],[-97.58617723663856,32.93731733399154],[-97.58617276525865,32.9369036734657],[-97.58512990452708,32.93688436853329],[-97.58539670596957,32.93774068766309],[-97.58556901766273,32.93829429668609],[-97.58619733888972,32.93830562570621],[-97.58642632588526,32.938419746609505],[-97.58208786879584,32.93838310535138]]]},"properties":{"prop_id":107680,"state_cd":"8","ite_code":0,"ite_name":"Vacant/Agricultural","ite_unit":"N/A","units":1.0,"daily_trips":0.0,"am_peak_trips":0.0,"pm_peak_trips":0.0,"imprv_val":0.0,"acres":18.441,"city":"Reno","city_code":"CRE","fill_color":[80,80,80,100]}},{"type":"Feature","geometry":{"type":"Polygon","coordinates":[[[-97.56270204724883,32.960274213666956],[-97.56204813664743,32.96027144875752],[-97.56203996299112,32.95951479292923],[-97.56221218542031,32.959519630653176],[-97.56269773162929,32.95954851439226],[-97.56270204724883,32.960274213666956]]]},"properties":{"prop_id":51969,"state_cd":"8","ite_code":210,"ite_name":"Single-Family Detached","ite_unit":"DU","units":2,"daily_trips":18.9,"am_peak_trips":1.4,"pm_peak_trips":1.9,"imprv_val":24000.0,"acres":1.344,"city":"Reno","city_code":"CRE","fill_color":[34,139,34,180]}},{"type":"Feature","geometry":{"type":"Polygon","coordinates":[[[-97.58783337659361,32.947668984491166],[-97.58787387356071,32.94819902526437],[-97.58691753608221,32.94809367566164],[-97.58692767705458,32.947580483913136],[-97.58783337659361,32.947668984491166]]]},"properties":{"prop_id":22935,"state_cd":"S80","ite_code":210,"ite_name":"Single-Family Detached","ite_unit":"DU","units":2,"daily_trips":18.9,"am_peak_trips":1.4,"pm_peak_trips":1.9,"imprv_val":250890.0,"acres":1.298,"city":"Reno","city_code":"CRE","fill_color":[34,139,34,180]}},{"type":"Feature","geometry":{"type":"Polygon","coordinates":[[[-97.55431571428359,32.98656008260093],[-97.55336020705847,32.98655407872451],[-97.55336059911156,32.98625230501708],[-97.5533632309157,32.986216229255625],[-97.55337067289241,32.98618063282301],[-97.55338282921879,32.98614597041506],[-97.5543157431806,32.98615024888927],[-97.55431571428359,32.98656008260093]]]},"properties":{"prop_id":110223,"state_cd":"15A+","ite_code":210,"ite_name":"Single-Family Detached","ite_unit":"DU","units":2,"daily_trips":18.9,"am_peak_trips":1.4,"pm_peak_trips":1.9,"imprv_val":427180.0,"acres":1.004,"city":"Reno","city_code":"CRE","fill_color":[34,139,34,180]}},{"type":"Feature","geometry":{"type":"Polygon","coordinates":[[[-97.55623207977925,32.93898469393511],[-97.55720610967512,32.93898066342417],[-97.55723609307027,32.942126199582276],[-97.55704472399282,32.94212996842003],[-97.55663571251947,32.94213802233149],[-97.55663283436711,32.941210391793255],[-97.55623390412198,32.94120379101512],[-97.55623369354691,32.94094770156381],[-97.55623274560834,32.93979483132581],[-97.55623207977925,32.93898469393511]]]},"properties":{"prop_id":65657,"state_cd":"8","ite_code":0,"ite_name":"Vacant/Agricultural","ite_unit":"N/A","units":1.0,"daily_trips":0.0,"am_peak_trips":0.0,"pm_peak_trips":0.0,"imprv_val":0.0,"acres":6.059,"city":"Reno","city_code":"CRE","fill_color":[80,80,80,100]}},{"type":"Feature","geometry":{"type":"Polygon","coordinates":[[[-97.5551983673812,32.95303041834525],[-97.55512634641877,32.952075020243164],[-97.55544713123261,32.952077452434644],[-97.55573986985156,32.952079671259],[-97.5558424027699,32.9530440434426],[-97.55526291931166,32.953030744569965],[-97.5551983673812,32.95303041834525]]]},"properties":{"prop_id":49337,"state_cd":"8","ite_code":0,"ite_name":"Vacant/Agricultural","ite_unit":"N/A","units":1.0,"daily_trips":0.0,"am_peak_trips":0.0,"pm_peak_trips":0.0,"imprv_val":0.0,"acres":1.5,"city":"Reno","city_code":"CRE","fill_color":[80,80,80,100]}},{"type":"Feature","geometry":{"type":"Polygon","coordinates":[[[-97.56581703461516,32.96915297619802],[-97.5664342374705,32.96912692274278],[-97.56643073370572,32.969768676523415],[-97.56580936389915,32.96977177511069],[-97.56581703461516,32.96915297619802]]]},"properties":{"prop_id":115938,"state_cd":"S85","ite_code":0,"ite_name":"Vacant/Agricultural","ite_unit":"N/A","units":1.0,"daily_trips":0.0,"am_peak_trips":0.0,"pm_peak_trips":0.0,"imprv_val":0.0,"acres":1.006,"city":"Reno","city_code":"CRE","fill_color":[80,80,80,100]}},{"type":"Feature","geometry":{"type":"Polygon","coordinates":[[[-97.61284742835882,32.939754237234425],[-97.61394286517987,32.93895832741077],[-97.61393732349869,32.93950144198517],[-97.61393143724526,32.940078355603205],[-97.61392437699168,32.940770274045526],[-97.6139156581074,32.94162467703703],[-97.6139153965799,32.94164825535001],[-97.61357529071036,32.94189531395261],[-97.6132767757587,32.94111094056637],[-97.61323375487687,32.94019777208104],[-97.61284255238748,32.93999836789829],[-97.61284773416749,32.93980400786923],[-97.61284744047876,32.93975612395165],[-97.61284742835882,32.939754237234425]]]},"properties":{"prop_id":48466,"state_cd":"8","ite_code":210,"ite_name":"Single-Family Detached","ite_unit":"DU","units":2,"daily_trips":18.9,"am_peak_trips":1.4,"pm_peak_trips":1.9,"imprv_val":82000.0,"acres":1.0,"city":"Reno","city_code":"CRE","fill_color":[34,139,34,180]}},{"type":"Feature","geometry":{"type":"Polygon","coordinates":[[[-97.55945119498907,32.97237563587081],[-97.55944967151146,32.971420141226915],[-97.55945488495956,32.97036735540554],[-97.55940630326161,32.97036793567452],[-97.55940671939439,32.97005378938351],[-97.56090052620598,32.97003721612859],[-97.56082530741757,32.97289329747153],[-97.55945201514113,32.972889887913134],[-97.55945119498907,32.97237563587081]]]},"properties":{"prop_id":93607,"state_cd":"8","ite_code":0,"ite_name":"Vacant/Agricultural","ite_unit":"N/A","units":1.0,"daily_trips":0.0,"am_peak_trips":0.0,"pm_peak_trips":0.0,"imprv_val":0.0,"acres":5.68,"city":"Reno","city_code":"CRE","fill_color":[80,80,80,100]}},{"type":"Feature","geometry":{"type":"Polygon","coordinates":[[[-97.54709696040081,32.932925638383715],[-97.54664924360848,32.932751463507756],[-97.54681902914666,32.93244167319383],[-97.54774029951231,32.932467357317705],[-97.54773823240025,32.93294369898212],[-97.54709696040081,32.932925638383715]]]},"properties":{"prop_id":78047,"state_cd":"15A+","ite_code":0,"ite_name":"Vacant/Agricultural","ite_unit":"N/A","units":1.0,"daily_trips":0.0,"am_peak_trips":0.0,"pm_peak_trips":0.0,"imprv_val":830.0,"acres":1.17,"city":"Reno","city_code":"CRE","fill_color":[80,80,80,100]}},{"type":"Feature","geometry":{"type":"Polygon","coordinates":[[[-97.56563728492154,32.95042210228793],[-97.5656257405792,32.94923964517816],[-97.56563447867158,32.94923981261434],[-97.56595026279729,32.949245856214276],[-97.56595640170254,32.95042370765771],[-97.56563728492154,32.95042210228793]]]},"properties":{"prop_id":18852,"state_cd":"S80","ite_code":210,"ite_name":"Single-Family Detached","ite_unit":"DU","units":1,"daily_trips":9.4,"am_peak_trips":0.7,"pm_peak_trips":0.9,"imprv_val":62660.0,"acres":0.9729,"city":"Reno","city_code":"CRE","fill_color":[34,139,34,180]}},{"type":"Feature","geometry":{"type":"Polygon","coordinates":[[[-97.55214736045421,32.93345073009819],[-97.55294849747001,32.933203103272675],[-97.55316624888766,32.934087910646156],[-97.55314278253039,32.93436943889446],[-97.55212750180029,32.93436280006799],[-97.55214736045421,32.93345073009819]]]},"properties":{"prop_id":55044,"state_cd":"8","ite_code":210,"ite_name":"Single-Family Detached","ite_unit":"DU","units":2,"daily_trips":18.9,"am_peak_trips":1.4,"pm_peak_trips":1.9,"imprv_val":243540.0,"acres":2.15,"city":"Reno","city_code":"CRE","fill_color":[34,139,34,180]}},{"type":"Feature","geometry":{"type":"Polygon","coordinates":[[[-97.55440892224537,32.92238303222522],[-97.55543145571396,32.92235324992691],[-97.55662433129608,32.922327996114305],[-97.55661431849538,32.92286033708281],[-97.55660067168688,32.92358592683868],[-97.55445135131173,32.923611371957165],[-97.55443545052722,32.92284040119652],[-97.55443099800802,32.92262448193099],[-97.55443139445794,32.922608475521336],[-97.55443170411678,32.922592285379764],[-97.55443171651541,32.92257609478523],[-97.55443143375396,32.922559907360956],[-97.55443085690166,32.92254372311512],[-97.55442998589146,32.92252754836008],[-97.55442881853686,32.92251138758837],[-97.55442735801685,32.922495243529674],[-97.55442560108548,32.92247911976665],[-97.55442355304076,32.922463020848674],[-97.55442121170603,32.92244695036663],[-97.5544185770332,32.92243091282926],[-97.55441564791484,32.9224149118355],[-97.55441243181623,32.92239894924571],[-97.55440892224537,32.92238303222522]]]},"properties":{"prop_id":50609,"state_cd":"15A+","ite_code":210,"ite_name":"Single-Family Detached","ite_unit":"DU","units":5,"daily_trips":47.2,"am_peak_trips":3.5,"pm_peak_trips":4.7,"imprv_val":263480.0,"acres":6.78,"city":"Reno","city_code":"CRE","fill_color":[34,139,34,180]}},{"type":"Feature","geometry":{"type":"Polygon","coordinates":[[[-97.5628710828022,32.935726430449414],[-97.56283280743523,32.935724768118604],[-97.56279472022788,32.935728368499305],[-97.56275783173825,32.93573713728726],[-97.5626768103186,32.935735968562916],[-97.56272791013244,32.93538268654711],[-97.56234927020358,32.93534665145159],[-97.56239285692297,32.934239814060646],[-97.56350405462989,32.93439106115575],[-97.56355706304667,32.93439728188874],[-97.56355846428677,32.934397458359776],[-97.56353458925315,32.93447472851746],[-97.56340625740819,32.934450955418924],[-97.56311224552964,32.93541757740944],[-97.56324193587484,32.935429918525884],[-97.56313641645983,32.93577371090966],[-97.563120568596,32.93582534445069],[-97.56303102414101,32.9358074333161],[-97.56300622525853,32.93578279172529],[-97.56297700972405,32.93576187305322],[-97.56294415449824,32.93574523326055],[-97.56290852972614,32.93573331357464],[-97.5628710828022,32.935726430449414]]]},"properties":{"prop_id":54096,"state_cd":"8","ite_code":210,"ite_name":"Single-Family Detached","ite_unit":"DU","units":2,"daily_trips":18.9,"am_peak_trips":1.4,"pm_peak_trips":1.9,"imprv_val":195700.0,"acres":1.0,"city":"Reno","city_code":"CRE","fill_color":[34,139,34,180]}},{"type":"Feature","geometry":{"type":"Polygon","coordinates":[[[-97.5789528353271,32.95173135160752],[-97.57852419048434,32.95177776413216],[-97.5784992342248,32.9513180310323],[-97.57849931659032,32.9513180307396],[-97.57893108715149,32.951320138358696],[-97.5789528353271,32.95173135160752]]]},"properties":{"prop_id":36046,"state_cd":"8","ite_code":210,"ite_name":"Single-Family Detached","ite_unit":"DU","units":1,"daily_trips":9.4,"am_peak_trips":0.7,"pm_peak_trips":0.9,"imprv_val":140050.0,"acres":0.47,"city":"Reno","city_code":"CRE","fill_color":[34,139,34,180]}},{"type":"Feature","geometry":{"type":"Polygon","coordinates":[[[-97.58565352691912,32.955004238440836],[-97.58555769360328,32.95529588367542],[-97.58480272208882,32.9553005342228],[-97.58492360027125,32.95289904991888],[-97.58494673063252,32.95252208636868],[-97.58465403576996,32.95146413847915],[-97.58530003377611,32.952101611363474],[-97.58538638130561,32.952206967732465],[-97.58557392901578,32.95214573279312],[-97.58559105056439,32.952908724226624],[-97.58562679756338,32.95477495095358],[-97.58565352691912,32.955004238440836]]]},"properties":{"prop_id":43256,"state_cd":"8","ite_code":210,"ite_name":"Single-Family Detached","ite_unit":"DU","units":2,"daily_trips":18.9,"am_peak_trips":1.4,"pm_peak_trips":1.9,"imprv_val":293290.0,"acres":1.0,"city":"Reno","city_code":"CRE","fill_color":[34,139,34,180]}},{"type":"Feature","geometry":{"type":"Polygon","coordinates":[[[-97.56424157806404,32.951651263083576],[-97.56423343629271,32.95049383388337],[-97.56463286057307,32.95049714779176],[-97.56462587464155,32.95115864705218],[-97.5649208996305,32.95116143866565],[-97.56492297446604,32.951659230218155],[-97.56487779167445,32.951658701741785],[-97.5646191835553,32.95165568832396],[-97.56424157806404,32.951651263083576]]]},"properties":{"prop_id":57838,"state_cd":"8","ite_code":210,"ite_name":"Single-Family Detached","ite_unit":"DU","units":2,"daily_trips":18.9,"am_peak_trips":1.4,"pm_peak_trips":1.9,"imprv_val":123940.0,"acres":1.495,"city":"Reno","city_code":"CRE","fill_color":[34,139,34,180]}},{"type":"Feature","geometry":{"type":"Polygon","coordinates":[[[-97.5762277842434,32.940307970627636],[-97.57623598843934,32.93988953995753],[-97.57718259572,32.93989745718707],[-97.57714615161598,32.94031565164559],[-97.5762277842434,32.940307970627636]]]},"properties":{"prop_id":80362,"state_cd":"S80","ite_code":210,"ite_name":"Single-Family Detached","ite_unit":"DU","units":2,"daily_trips":18.9,"am_peak_trips":1.4,"pm_peak_trips":1.9,"imprv_val":246990.0,"acres":1.0,"city":"Reno","city_code":"CRE","fill_color":[34,139,34,180]}},{"type":"Feature","geometry":{"type":"Polygon","coordinates":[[[-97.54993775122763,32.93189673440468],[-97.54984652104577,32.9318954172212],[-97.54954279006279,32.9318910313521],[-97.54954284273953,32.931856916167675],[-97.5495597661497,32.931342675408665],[-97.5504456411522,32.931357288989155],[-97.5504456247772,32.93150917261647],[-97.55044562361336,32.93153512206034],[-97.55044560277179,32.93186701137268],[-97.55044523131357,32.93190406140726],[-97.54993775122763,32.93189673440468]]]},"properties":{"prop_id":55009,"state_cd":"15A+","ite_code":210,"ite_name":"Single-Family Detached","ite_unit":"DU","units":2,"daily_trips":18.9,"am_peak_trips":1.4,"pm_peak_trips":1.9,"imprv_val":27290.0,"acres":1.194,"city":"Reno","city_code":"CRE","fill_color":[34,139,34,180]}},{"type":"Feature","geometry":{"type":"Polygon","coordinates":[[[-97.55990635872098,32.96837398118112],[-97.5599116094319,32.96768629826506],[-97.56050645069793,32.967693836753654],[-97.56050274237704,32.96838138158287],[-97.56050274122721,32.9683815907992],[-97.56045794393843,32.96838103212747],[-97.56012448134778,32.968376870028834],[-97.55990635695952,32.96837414710486],[-97.55990635872098,32.96837398118112]]]},"properties":{"prop_id":115957,"state_cd":"S85","ite_code":0,"ite_name":"Vacant/Agricultural","ite_unit":"N/A","units":1.0,"daily_trips":0.0,"am_peak_trips":0.0,"pm_peak_trips":0.0,"imprv_val":0.0,"acres":1.047,"city":"Reno","city_code":"CRE","fill_color":[80,80,80,100]}},{"type":"Feature","geometry":{"type":"Polygon","coordinates":[[[-97.55238218426403,32.94432261004975],[-97.55238735870957,32.94516711523551],[-97.55188511333616,32.945166649936596],[-97.55189040333556,32.94433079897737],[-97.55238218426403,32.94432261004975]]]},"properties":{"prop_id":118578,"state_cd":"15A+","ite_code":210,"ite_name":"Single-Family Detached","ite_unit":"DU","units":2,"daily_trips":18.9,"am_peak_trips":1.4,"pm_peak_trips":1.9,"imprv_val":16290.0,"acres":1.057,"city":"Reno","city_code":"CRE","fill_color":[34,139,34,180]}},{"type":"Feature","geometry":{"type":"Polygon","coordinates":[[[-97.55370108139313,32.93982895348894],[-97.55460339286721,32.93980122040097],[-97.55477340224041,32.93980025672278],[-97.55558165450444,32.93979567175395],[-97.55559169615647,32.94062075866475],[-97.55369987378519,32.94063929409454],[-97.55370108139313,32.93982895348894]]]},"properties":{"prop_id":65639,"state_cd":"8","ite_code":210,"ite_name":"Single-Family Detached","ite_unit":"DU","units":3,"daily_trips":28.3,"am_peak_trips":2.1,"pm_peak_trips":2.8,"imprv_val":136310.0,"acres":3.99,"city":"Reno","city_code":"CRE","fill_color":[34,139,34,180]}},{"type":"Feature","geometry":{"type":"Polygon","coordinates":[[[-97.61275229460892,32.93269233270931],[-97.60837070677027,32.93266780224012],[-97.60839133099965,32.93177583742053],[-97.61275929512223,32.93180029119171],[-97.61275229460892,32.93269233270931]]]},"properties":{"prop_id":87907,"state_cd":"10","ite_code":210,"ite_name":"Single-Family Detached","ite_unit":"DU","units":2,"daily_trips":18.9,"am_peak_trips":1.4,"pm_peak_trips":1.9,"imprv_val":341880.0,"acres":1.0,"city":"Reno","city_code":"CRE","fill_color":[34,139,34,180]}},{"type":"Feature","geometry":{"type":"Polygon","coordinates":[[[-97.57631646265364,32.96249715417299],[-97.57688132523333,32.96250009711918],[-97.57687625530295,32.96292838698774],[-97.57686888872142,32.96355061933768],[-97.57686175502643,32.96415316909596],[-97.57630010666378,32.96416085549787],[-97.57631386002754,32.96249714029245],[-97.57631646265364,32.96249715417299]]]},"properties":{"prop_id":57834,"state_cd":"8","ite_code":210,"ite_name":"Single-Family Detached","ite_unit":"DU","units":2,"daily_trips":18.9,"am_peak_trips":1.4,"pm_peak_trips":1.9,"imprv_val":170040.0,"acres":2.5,"city":"Reno","city_code":"CRE","fill_color":[34,139,34,180]}},{"type":"Feature","geometry":{"type":"Polygon","coordinates":[[[-97.56700403808193,32.95941556350546],[-97.56734166077437,32.95941197471423],[-97.56732459954544,32.96024885827202],[-97.56699576366239,32.9602469782862],[-97.56700367647112,32.95941556711079],[-97.56700403808193,32.95941556350546]]]},"properties":{"prop_id":51965,"state_cd":"8","ite_code":210,"ite_name":"Single-Family Detached","ite_unit":"DU","units":1,"daily_trips":9.4,"am_peak_trips":0.7,"pm_peak_trips":0.9,"imprv_val":157310.0,"acres":0.781,"city":"Reno","city_code":"CRE","fill_color":[34,139,34,180]}},{"type":"Feature","geometry":{"type":"Polygon","coordinates":[[[-97.60220025689726,32.92278005987357],[-97.60239768328516,32.922848345607484],[-97.60254837926999,32.92285606085588],[-97.60254177066545,32.92346530028288],[-97.60220368350839,32.92345862345565],[-97.60220025689726,32.92278005987357]]]},"properties":{"prop_id":79062,"state_cd":"S70","ite_code":210,"ite_name":"Single-Family Detached","ite_unit":"DU","units":1,"daily_trips":9.4,"am_peak_trips":0.7,"pm_peak_trips":0.9,"imprv_val":234890.0,"acres":0.5551,"city":"Reno","city_code":"CRE","fill_color":[34,139,34,180]}},{"type":"Feature","geometry":{"type":"Polygon","coordinates":[[[-97.59420819137698,32.94703390148371],[-97.59528741126337,32.94705355226006],[-97.59528431827634,32.94741908996016],[-97.5941996013231,32.94739935864391],[-97.59420819137698,32.94703390148371]]]},"properties":{"prop_id":82070,"state_cd":"S80","ite_code":210,"ite_name":"Single-Family Detached","ite_unit":"DU","units":2,"daily_trips":18.9,"am_peak_trips":1.4,"pm_peak_trips":1.9,"imprv_val":221290.0,"acres":1.0,"city":"Reno","city_code":"CRE","fill_color":[34,139,34,180]}},{"type":"Feature","geometry":{"type":"Polygon","coordinates":[[[-97.55397066282679,32.932396065312204],[-97.5537851793529,32.932103859388015],[-97.55328574562553,32.932409726597335],[-97.55297497079025,32.9321025156832],[-97.55432444911872,32.9313066311819],[-97.55452420524523,32.931779578901384],[-97.55480824856252,32.9324520721486],[-97.55410782001994,32.932366200008985],[-97.55397066282679,32.932396065312204]]]},"properties":{"prop_id":55105,"state_cd":"8","ite_code":210,"ite_name":"Single-Family Detached","ite_unit":"DU","units":2,"daily_trips":18.9,"am_peak_trips":1.4,"pm_peak_trips":1.9,"imprv_val":190594.0,"acres":2.69,"city":"Reno","city_code":"CRE","fill_color":[34,139,34,180]}},{"type":"Feature","geometry":{"type":"Polygon","coordinates":[[[-97.55432261707068,32.93383490571734],[-97.55431433279747,32.93374578649684],[-97.5542986758243,32.93365737335647],[-97.55427572496083,32.93357009977302],[-97.55424559115359,32.93348439405513],[-97.55420842180126,32.9334006757686],[-97.55416439968494,32.9333193557285],[-97.55411374088685,32.93324083057256],[-97.5534285214814,32.932538727164435],[-97.55397066282679,32.932396065312204],[-97.55410782001994,32.932366200008985],[-97.55480824856252,32.9324520721486],[-97.55487792897887,32.93261763237827],[-97.55492358495789,32.93271694447764],[-97.55530839266993,32.93385997637328],[-97.55432261707068,32.93383490571734]]]},"properties":{"prop_id":54987,"state_cd":"8","ite_code":210,"ite_name":"Single-Family Detached","ite_unit":"DU","units":2,"daily_trips":18.9,"am_peak_trips":1.4,"pm_peak_trips":1.9,"imprv_val":320480.0,"acres":1.0,"city":"Reno","city_code":"CRE","fill_color":[34,139,34,180]}},{"type":"Feature","geometry":{"type":"Polygon","coordinates":[[[-97.59543951854769,32.93221410200742],[-97.59548270773975,32.931936756455805],[-97.59879671433815,32.93193682376862],[-97.59867940241433,32.932407832142175],[-97.59561868461664,32.93240620735271],[-97.5956340016884,32.93221849643421],[-97.59543951854769,32.93221410200742]]]},"properties":{"prop_id":54209,"state_cd":"8","ite_code":210,"ite_name":"Single-Family Detached","ite_unit":"DU","units":3,"daily_trips":28.3,"am_peak_trips":2.1,"pm_peak_trips":2.8,"imprv_val":247190.0,"acres":4.0,"city":"Reno","city_code":"CRE","fill_color":[34,139,34,180]}},{"type":"Feature","geometry":{"type":"Polygon","coordinates":[[[-97.61955493679926,32.938253962721404],[-97.61969409228723,32.93924235706668],[-97.61903546873053,32.939352195160865],[-97.61887767799757,32.93837242772622],[-97.61870539875238,32.93832237858511],[-97.61814749603622,32.93828473195174],[-97.61809528529109,32.938308333931985],[-97.61813656788961,32.938232431365854],[-97.61955493679926,32.938253962721404]]]},"properties":{"prop_id":48474,"state_cd":"8","ite_code":210,"ite_name":"Single-Family Detached","ite_unit":"DU","units":2,"daily_trips":18.9,"am_peak_trips":1.4,"pm_peak_trips":1.9,"imprv_val":434990.0,"acres":1.0,"city":"Reno","city_code":"CRE","fill_color":[34,139,34,180]}},{"type":"Feature","geometry":{"type":"Polygon","coordinates":[[[-97.56210104465809,32.93730378937489],[-97.56282037587846,32.937291665753186],[-97.56283648369978,32.937355916430306],[-97.56291048840355,32.93765100708328],[-97.5629742002753,32.93790530961867],[-97.56323833386787,32.93870747985559],[-97.56206767325529,32.9386853264146],[-97.56210104465809,32.93730378937489]]]},"properties":{"prop_id":62196,"state_cd":"8","ite_code":210,"ite_name":"Single-Family Detached","ite_unit":"DU","units":2,"daily_trips":18.9,"am_peak_trips":1.4,"pm_peak_trips":1.9,"imprv_val":271770.0,"acres":1.46,"city":"Reno","city_code":"CRE","fill_color":[34,139,34,180]}},{"type":"Feature","geometry":{"type":"Polygon","coordinates":[[[-97.59526816679902,32.9241312977019],[-97.59526785495748,32.924147698899915],[-97.59526408438042,32.92474291095071],[-97.59384237550233,32.924760443065686],[-97.59384479190892,32.924223290251796],[-97.59526816679902,32.9241312977019]]]},"properties":{"prop_id":62765,"state_cd":"8","ite_code":210,"ite_name":"Single-Family Detached","ite_unit":"DU","units":3,"daily_trips":28.3,"am_peak_trips":2.1,"pm_peak_trips":2.8,"imprv_val":61220.0,"acres":2.0,"city":"Reno","city_code":"CRE","fill_color":[34,139,34,180]}},{"type":"Feature","geometry":{"type":"Polygon","coordinates":[[[-97.59924573200313,32.95032421066405],[-97.6004930814329,32.950322403555084],[-97.60049958323035,32.95224628371097],[-97.59927014178682,32.95225848247013],[-97.59924392237623,32.95033071331051],[-97.59924573200313,32.95032421066405]]]},"properties":{"prop_id":55289,"state_cd":"8","ite_code":0,"ite_name":"Vacant/Agricultural","ite_unit":"N/A","units":1.0,"daily_trips":0.0,"am_peak_trips":0.0,"pm_peak_trips":0.0,"imprv_val":0.0,"acres":4.99,"city":"Reno","city_code":"CRE","fill_color":[80,80,80,100]}},{"type":"Feature","geometry":{"type":"Polygon","coordinates":[[[-97.56104627095624,32.94715569032646],[-97.56223647601021,32.94717903220567],[-97.56223950897778,32.94745557901745],[-97.56104425269285,32.94742276053241],[-97.56104627095624,32.94715569032646]]]},"properties":{"prop_id":18925,"state_cd":"8","ite_code":210,"ite_name":"Single-Family Detached","ite_unit":"DU","units":3,"daily_trips":28.3,"am_peak_trips":2.1,"pm_peak_trips":2.8,"imprv_val":87900.0,"acres":1.682,"city":"Reno","city_code":"CRE","fill_color":[34,139,34,180]}},{"type":"Feature","geometry":{"type":"Polygon","coordinates":[[[-97.54372884213866,32.97743173165247],[-97.54373042751729,32.974944496345216],[-97.5437329098206,32.97318241795834],[-97.54373795575121,32.972880030763065],[-97.54508332485601,32.97287785686785],[-97.54508318514571,32.97223195259248],[-97.54508304765056,32.971591398849725],[-97.54508292072171,32.97100155427837],[-97.54757762881474,32.97101180099839],[-97.5475458056764,32.97512303410534],[-97.54754579504795,32.97523681815614],[-97.5475456603339,32.976715191817696],[-97.54754700992152,32.9767540485324],[-97.54748587344609,32.97675408724201],[-97.54691348422298,32.97675444067218],[-97.5469033977344,32.97677044770939],[-97.54689686314788,32.97678966717764],[-97.54688057022935,32.976821840784304],[-97.54689034544259,32.97683475221121],[-97.54689033409602,32.97685399631223],[-97.54688056570693,32.976879812298534],[-97.54686424238423,32.9769056638298],[-97.54685119210143,32.97691829067754],[-97.5468283871898,32.9769312009509],[-97.54681206105448,32.976963374294336],[-97.5467892533359,32.97698260637968],[-97.54679576730422,32.976995519926504],[-97.54679575020646,32.97702135907878],[-97.54680228493802,32.9770535142659],[-97.54681205736776,32.97707274841945],[-97.54683485982804,32.97710519395341],[-97.54684789674396,32.97712442511269],[-97.54685770408194,32.97713733678708],[-97.54687073779795,32.97715656791936],[-97.54688050421896,32.97718242597502],[-97.54689353498597,32.97720193214085],[-97.54690333954801,32.97722116653224],[-97.54694895527886,32.97733715632809],[-97.54695546928684,32.97735007076772],[-97.54696200114032,32.97738250098102],[-97.54697177085474,32.97740805784175],[-97.54698482247429,32.977446805636994],[-97.54699459777173,32.977459717054636],[-97.54700762831352,32.977479250260444],[-97.54701416144239,32.9775177281631],[-97.54702392438385,32.97754988186582],[-97.54703043842814,32.97756279539943],[-97.54703698563071,32.97757571008792],[-97.54704675243768,32.97760154107632],[-97.54704675050412,32.97765321781846],[-97.5470425247954,32.97766707551997],[-97.54372884213866,32.97743173165247]]]},"properties":{"prop_id":61246,"state_cd":"15A+","ite_code":0,"ite_name":"Vacant/Agricultural","ite_unit":"N/A","units":1.0,"daily_trips":0.0,"am_peak_trips":0.0,"pm_peak_trips":0.0,"imprv_val":0.0,"acres":62.98,"city":"Reno","city_code":"CRE","fill_color":[80,80,80,100]}},{"type":"Feature","geometry":{"type":"Polygon","coordinates":[[[-97.56645225342155,32.93713618237624],[-97.56787949217293,32.93714356783206],[-97.5678783491084,32.937197619769336],[-97.56787375293588,32.93741467596244],[-97.56644716657333,32.93741722636888],[-97.56645225342155,32.93713618237624]]]},"properties":{"prop_id":41759,"state_cd":"8","ite_code":210,"ite_name":"Single-Family Detached","ite_unit":"DU","units":2,"daily_trips":18.9,"am_peak_trips":1.4,"pm_peak_trips":1.9,"imprv_val":73290.0,"acres":1.0,"city":"Reno","city_code":"CRE","fill_color":[34,139,34,180]}},{"type":"Feature","geometry":{"type":"Polygon","coordinates":[[[-97.5448784021644,32.92831404635865],[-97.54488374767286,32.92790471077677],[-97.54501724108933,32.92790565762514],[-97.54522179137601,32.9279073176381],[-97.54564813073169,32.927910777750334],[-97.54565020167296,32.9283223913843],[-97.5448784021644,32.92831404635865]]]},"properties":{"prop_id":35037,"state_cd":"15A+","ite_code":210,"ite_name":"Single-Family Detached","ite_unit":"DU","units":1,"daily_trips":9.4,"am_peak_trips":0.7,"pm_peak_trips":0.9,"imprv_val":119640.0,"acres":0.861,"city":"Reno","city_code":"CRE","fill_color":[34,139,34,180]}},{"type":"Feature","geometry":{"type":"Polygon","coordinates":[[[-97.59091570718684,32.94567871637064],[-97.59094641993663,32.94479215354126],[-97.59081018341531,32.944789844558976],[-97.590829632242,32.9428950265718],[-97.59091497687898,32.94293393754368],[-97.59107280536533,32.94291480236718],[-97.59120634425483,32.94289861195755],[-97.59145278077618,32.94257864724773],[-97.59157849009013,32.942488514917635],[-97.59169047948777,32.94246093183444],[-97.59177162174042,32.94250204632472],[-97.59180931058984,32.94261131473386],[-97.59186944229253,32.94261588525502],[-97.5918754155775,32.94282787744826],[-97.59189930429102,32.94367588851287],[-97.59150666544312,32.94367137114769],[-97.5914857577475,32.945688335977884],[-97.59091570718684,32.94567871637064]]]},"properties":{"prop_id":107361,"state_cd":"8","ite_code":0,"ite_name":"Vacant/Agricultural","ite_unit":"N/A","units":1.0,"daily_trips":0.0,"am_peak_trips":0.0,"pm_peak_trips":0.0,"imprv_val":0.0,"acres":4.968,"city":"Reno","city_code":"CRE","fill_color":[80,80,80,100]}},{"type":"Feature","geometry":{"type":"Polygon","coordinates":[[[-97.56594753426081,32.94816757727037],[-97.56582378632291,32.94816664949868],[-97.56582189525662,32.94814089067204],[-97.56581516664026,32.9481157142321],[-97.56580377234461,32.94809176086692],[-97.56578800114046,32.948069641478206],[-97.56576825674033,32.948049920031984],[-97.5657450418978,32.94803309991215],[-97.5657189478741,32.94801960851053],[-97.56569063954095,32.948009789900574],[-97.56566083944243,32.94800389479796],[-97.56563030647183,32.948002074088194],[-97.56562434804857,32.947143047113414],[-97.56594495924362,32.947150208283574],[-97.56594753426081,32.94816757727037]]]},"properties":{"prop_id":18902,"state_cd":"S80","ite_code":210,"ite_name":"Single-Family Detached","ite_unit":"DU","units":1,"daily_trips":9.4,"am_peak_trips":0.7,"pm_peak_trips":0.9,"imprv_val":134720.0,"acres":0.768,"city":"Reno","city_code":"CRE","fill_color":[34,139,34,180]}},{"type":"Feature","geometry":{"type":"Polygon","coordinates":[[[-97.58208786879584,32.93838310535138],[-97.58248411273479,32.93763004417193],[-97.58344566326015,32.935786615324396],[-97.5853998895764,32.93580937582564],[-97.58534744906541,32.936356973799334],[-97.58678122943176,32.936376485518785],[-97.58677492160646,32.936435942253794],[-97.58617723663856,32.93731733399154],[-97.58617276525865,32.9369036734657],[-97.58512990452708,32.93688436853329],[-97.58539670596957,32.93774068766309],[-97.58556901766273,32.93829429668609],[-97.58619733888972,32.93830562570621],[-97.58642632588526,32.938419746609505],[-97.58208786879584,32.93838310535138]]]},"properties":{"prop_id":85051,"state_cd":"8","ite_code":210,"ite_name":"Single-Family Detached","ite_unit":"DU","units":2,"daily_trips":18.9,"am_peak_trips":1.4,"pm_peak_trips":1.9,"imprv_val":46400.0,"acres":1.0,"city":"Reno","city_code":"CRE","fill_color":[34,139,34,180]}},{"type":"Feature","geometry":{"type":"Polygon","coordinates":[[[-97.54487129971186,32.92885787481522],[-97.54568027237676,32.92886888639493],[-97.54567210109637,32.92941539952082],[-97.54486413697394,32.92940629492995],[-97.54487129971186,32.92885787481522]]]},"properties":{"prop_id":35035,"state_cd":"15A+","ite_code":210,"ite_name":"Single-Family Detached","ite_unit":"DU","units":1,"daily_trips":9.4,"am_peak_trips":0.7,"pm_peak_trips":0.9,"imprv_val":45910.0,"acres":0.868,"city":"Reno","city_code":"CRE","fill_color":[34,139,34,180]}},{"type":"Feature","geometry":{"type":"Polygon","coordinates":[[[-97.57712411709112,32.9429713984043],[-97.57799927858125,32.942978712288216],[-97.57799139434667,32.943261752973484],[-97.57798588899672,32.943459382383054],[-97.57763091262517,32.943457504282094],[-97.57761864373659,32.943934399429466],[-97.5770671206113,32.943928143418226],[-97.57712411709112,32.9429713984043]]]},"properties":{"prop_id":77967,"state_cd":"S85","ite_code":210,"ite_name":"Single-Family Detached","ite_unit":"DU","units":3,"daily_trips":28.3,"am_peak_trips":2.1,"pm_peak_trips":2.8,"imprv_val":312530.0,"acres":1.748,"city":"Reno","city_code":"CRE","fill_color":[34,139,34,180]}},{"type":"Feature","geometry":{"type":"Polygon","coordinates":[[[-97.57854215187284,32.943992326519],[-97.57856069602242,32.94360931799739],[-97.5785826194668,32.94327558897795],[-97.57799139434667,32.943261752973484],[-97.57799927858125,32.942978712288216],[-97.5780037351671,32.94276397634306],[-97.5788799092367,32.942766286374315],[-97.57887754899035,32.94399749413944],[-97.57854215187284,32.943992326519]]]},"properties":{"prop_id":51865,"state_cd":"8","ite_code":210,"ite_name":"Single-Family Detached","ite_unit":"DU","units":3,"daily_trips":28.3,"am_peak_trips":2.1,"pm_peak_trips":2.8,"imprv_val":170290.0,"acres":1.8,"city":"Reno","city_code":"CRE","fill_color":[34,139,34,180]}},{"type":"Feature","geometry":{"type":"Polygon","coordinates":[[[-97.61548005640083,32.94427743872766],[-97.61547442960864,32.945190399302135],[-97.61502954366571,32.94519296666784],[-97.61503627901682,32.94428287726732],[-97.61548005640083,32.94427743872766]]]},"properties":{"prop_id":86517,"state_cd":"S80","ite_code":210,"ite_name":"Single-Family Detached","ite_unit":"DU","units":2,"daily_trips":18.9,"am_peak_trips":1.4,"pm_peak_trips":1.9,"imprv_val":410000.0,"acres":1.063,"city":"Reno","city_code":"CRE","fill_color":[34,139,34,180]}},{"type":"Feature","geometry":{"type":"Polygon","coordinates":[[[-97.54653745875035,32.93392228441822],[-97.5462170166923,32.93391796189481],[-97.54564184959185,32.93391020022892],[-97.54508329064889,32.93390266061587],[-97.54492774885522,32.93390056096704],[-97.54495058092216,32.93388105522382],[-97.544963631321,32.933861803656676],[-97.54495708872066,32.93384888879334],[-97.54495057820264,32.93383597417557],[-97.54495711806851,32.933803808892606],[-97.54497339282335,32.93379090392118],[-97.54499622189671,32.93377167230517],[-97.54500272941783,32.933739231711456],[-97.5449962338326,32.933707075616105],[-97.5449962300108,32.93366199546042],[-97.54498972217442,32.93364248392715],[-97.54499625427425,32.933629587231664],[-97.54499626599757,32.933610345727004],[-97.54500276096833,32.933597420789575],[-97.54502559693378,32.933571592283194],[-97.54504840450164,32.93353311889813],[-97.54505819813431,32.933513595251654],[-97.54508752313704,32.93348143868559],[-97.5450973233511,32.93344929838656],[-97.54509733979093,32.93335064385444],[-97.54509733371398,32.933333051672804],[-97.54510383583559,32.93331380490703],[-97.5451038651183,32.93326872410151],[-97.5451201485328,32.93324290036172],[-97.54515599270829,32.933210738738154],[-97.54516578008261,32.933197842635394],[-97.54517230817709,32.93318491523723],[-97.54519512251733,32.93313984493857],[-97.54521794816677,32.933120613255824],[-97.54524076276681,32.93308186573034],[-97.54525055921496,32.933056019310385],[-97.54525054757282,32.93302385790796],[-97.5452570753117,32.933010961165024],[-97.54525706952899,32.93297220286926],[-97.54525055872165,32.93295296638555],[-97.54525057656184,32.93293344986628],[-97.5452440329092,32.93292053591003],[-97.5452049410386,32.932888102935856],[-97.54518213377041,32.93287517344335],[-97.5451658374596,32.93286886373586],[-97.5451267382229,32.93285567227624],[-97.54507457768602,32.93281057649454],[-97.54506806722719,32.9327976618812],[-97.54505968079354,32.93279101688763],[-97.54660997746991,32.9328238212971],[-97.54659089391772,32.93392300542505],[-97.54653745875035,32.93392228441822]]]},"properties":{"prop_id":55031,"state_cd":"15A+","ite_code":210,"ite_name":"Single-Family Detached","ite_unit":"DU","units":3,"daily_trips":28.3,"am_peak_trips":2.1,"pm_peak_trips":2.8,"imprv_val":168020.0,"acres":4.276,"city":"Reno","city_code":"CRE","fill_color":[34,139,34,180]}},{"type":"Feature","geometry":{"type":"Polygon","coordinates":[[[-97.58539670596957,32.93774068766309],[-97.58512990452708,32.93688436853329],[-97.58617276525865,32.9369036734657],[-97.58617723663856,32.93731733399154],[-97.58618614628608,32.93775536843648],[-97.58539670596957,32.93774068766309]]]},"properties":{"prop_id":76693,"state_cd":"8","ite_code":0,"ite_name":"Vacant/Agricultural","ite_unit":"N/A","units":1.0,"daily_trips":0.0,"am_peak_trips":0.0,"pm_peak_trips":0.0,"imprv_val":0.0,"acres":2.0,"city":"Reno","city_code":"CRE","fill_color":[80,80,80,100]}},{"type":"Feature","geometry":{"type":"Polygon","coordinates":[[[-97.56562535532126,32.95166739968996],[-97.56563785272921,32.95116401516481],[-97.56626557210959,32.951176420705536],[-97.5666146703155,32.951183319151866],[-97.56662512780868,32.95167908745801],[-97.56562535532126,32.95166739968996]]]},"properties":{"prop_id":57807,"state_cd":"8","ite_code":210,"ite_name":"Single-Family Detached","ite_unit":"DU","units":2,"daily_trips":18.9,"am_peak_trips":1.4,"pm_peak_trips":1.9,"imprv_val":128600.0,"acres":1.56,"city":"Reno","city_code":"CRE","fill_color":[34,139,34,180]}},{"type":"Feature","geometry":{"type":"Polygon","coordinates":[[[-97.59769133723329,32.943023531672196],[-97.59837071359746,32.943023164503835],[-97.59835427314192,32.94463828941261],[-97.59561936874842,32.944618470623055],[-97.5956120288969,32.94461841734353],[-97.59561882199708,32.94395308782451],[-97.5956283015788,32.943024622246924],[-97.59769133723329,32.943023531672196]]]},"properties":{"prop_id":96636,"state_cd":"8","ite_code":0,"ite_name":"Vacant/Agricultural","ite_unit":"N/A","units":1.0,"daily_trips":0.0,"am_peak_trips":0.0,"pm_peak_trips":0.0,"imprv_val":0.0,"acres":11.27,"city":"Reno","city_code":"CRE","fill_color":[80,80,80,100]}},{"type":"Feature","geometry":{"type":"Polygon","coordinates":[[[-97.56978920842388,32.935545884537454],[-97.57000851132135,32.93482905255554],[-97.57058295522661,32.93486593555605],[-97.57082741023558,32.934884885867845],[-97.57085084664959,32.935876926567865],[-97.57060590164342,32.93588097396547],[-97.56968215045882,32.935895818591],[-97.56978920842388,32.935545884537454]]]},"properties":{"prop_id":41774,"state_cd":"8","ite_code":210,"ite_name":"Single-Family Detached","ite_unit":"DU","units":2,"daily_trips":18.9,"am_peak_trips":1.4,"pm_peak_trips":1.9,"imprv_val":44580.0,"acres":2.63,"city":"Reno","city_code":"CRE","fill_color":[34,139,34,180]}},{"type":"Feature","geometry":{"type":"Polygon","coordinates":[[[-97.55055939925937,32.925517633186054],[-97.55047204160698,32.925448139957524],[-97.55045967013022,32.925438295884454],[-97.5504399624681,32.92542261781206],[-97.55040398675231,32.925393997901324],[-97.55038943638506,32.9253824210135],[-97.55037690054687,32.92537244942168],[-97.55036062932014,32.92535950485103],[-97.55034811258984,32.925349546929446],[-97.55033328123626,32.92533774874612],[-97.55030592152976,32.925315980822575],[-97.55029340481171,32.92530602289545],[-97.55027885232529,32.92529444688001],[-97.55025394511955,32.925274627576144],[-97.55023567207519,32.92526009311709],[-97.55021968821863,32.92524737798179],[-97.55018716073457,32.925221497928646],[-97.55014497615387,32.92518793722622],[-97.55008030817504,32.92280044115363],[-97.5500552106275,32.92194843863466],[-97.55016957786857,32.92215389634978],[-97.55017674997116,32.92216912446403],[-97.550184545702,32.92218413187382],[-97.55019295240498,32.92219890224954],[-97.55020196491793,32.92221341841668],[-97.55021156636577,32.922227658602424],[-97.55022174937059,32.92224161283006],[-97.55023249491884,32.92225525931044],[-97.55024380529404,32.92226858453319],[-97.55025564966334,32.92228157203005],[-97.5502680239723,32.92229420102757],[-97.5502809090719,32.922306462361355],[-97.55029429443451,32.92231834061969],[-97.55030815672116,32.92232981848943],[-97.55032248322702,32.922340884149776],[-97.55033725807824,32.92235152214823],[-97.55035245998725,32.92236172330409],[-97.55036807519924,32.92237147398462],[-97.55038407926732,32.92238076047574],[-97.55040045626916,32.92238957183395],[-97.55041718809574,32.92239790160807],[-97.5504342513885,32.922405734288745],[-97.55045162270204,32.92241306248229],[-97.5504692892732,32.92241987977856],[-97.55048722553744,32.92242617696409],[-97.5505064560907,32.92243183469004],[-97.55052691918178,32.92243592990503],[-97.5505444074668,32.92243962817814],[-97.55056183936824,32.92244349917187],[-97.55057922025149,32.92244754112346],[-97.55059654262261,32.922451754877564],[-97.55061380219512,32.92245614130351],[-97.55063100113655,32.92246069771226],[-97.55064813622967,32.92246542498114],[-97.55066520431524,32.922470318576984],[-97.55068220321631,32.92247538209048],[-97.55069913082355,32.92248061280013],[-97.55071598176198,32.92248601337046],[-97.55073276250486,32.922491578439896],[-97.55074946022184,32.92249730791057],[-97.5507664073151,32.92250341534583],[-97.55079700145903,32.92251265424784],[-97.55081525982601,32.922518433479915],[-97.55083343400162,32.92252438612247],[-97.55085152932239,32.922530513117934],[-97.55086954039396,32.922536818934525],[-97.55088746524234,32.922543288225924],[-97.5509053005247,32.92254993359248],[-97.55092304523944,32.92255674871364],[-97.550940697258,32.9225637326715],[-97.55095825332451,32.922570889950435],[-97.55097571243739,32.92257821423001],[-97.55099307249698,32.92258570188687],[-97.5510103291492,32.922593360102574],[-97.55102748033295,32.92260118164685],[-97.5510445260677,32.92260916471614],[-97.55106146415704,32.92261731470477],[-97.5510782882438,32.922625626153376],[-97.55109500153566,32.9226340990864],[-97.55111159657709,32.92264273074162],[-97.55112807551633,32.922651520233565],[-97.55114443513604,32.922660468439595],[-97.5511606733269,32.92266957263821],[-97.55117678902937,32.92267883191957],[-97.55120486519957,32.92269604723299],[-97.55120590126288,32.92281078511778],[-97.55123070433174,32.92555462367975],[-97.55082990692446,32.92555583049598],[-97.55065749463942,32.92555635272222],[-97.55060824805565,32.925556500447065],[-97.55055939925937,32.925517633186054]]]},"properties":{"prop_id":50601,"state_cd":"15A+","ite_code":210,"ite_name":"Single-Family Detached","ite_unit":"DU","units":2,"daily_trips":18.9,"am_peak_trips":1.4,"pm_peak_trips":1.9,"imprv_val":106780.0,"acres":1.0,"city":"Reno","city_code":"CRE","fill_color":[34,139,34,180]}},{"type":"Feature","geometry":{"type":"Polygon","coordinates":[[[-97.55987265225399,32.93694897315407],[-97.55989264666727,32.935971100533145],[-97.5601307123732,32.935914980067466],[-97.56071762601984,32.93590247380055],[-97.5609914718947,32.93589659397531],[-97.56101014849604,32.93589673475082],[-97.56098065875666,32.93732267232665],[-97.56070466972939,32.93732732213099],[-97.5604132272305,32.937332228132846],[-97.55986457462407,32.9373414685476],[-97.55987265225399,32.93694897315407]]]},"properties":{"prop_id":65644,"state_cd":"8","ite_code":210,"ite_name":"Single-Family Detached","ite_unit":"DU","units":3,"daily_trips":28.3,"am_peak_trips":2.1,"pm_peak_trips":2.8,"imprv_val":41500.0,"acres":3.92,"city":"Reno","city_code":"CRE","fill_color":[34,139,34,180]}},{"type":"Feature","geometry":{"type":"Polygon","coordinates":[[[-97.54820881994573,32.94095969412208],[-97.5495679650822,32.94096943809183],[-97.54956789824163,32.94154384024499],[-97.54894267517577,32.941541509328864],[-97.54845360078811,32.94153968313794],[-97.54820546639489,32.941538755368306],[-97.54820881994573,32.94095969412208]]]},"properties":{"prop_id":49905,"state_cd":"15A+","ite_code":210,"ite_name":"Single-Family Detached","ite_unit":"DU","units":3,"daily_trips":28.3,"am_peak_trips":2.1,"pm_peak_trips":2.8,"imprv_val":192860.0,"acres":2.0,"city":"Reno","city_code":"CRE","fill_color":[34,139,34,180]}},{"type":"Feature","geometry":{"type":"Polygon","coordinates":[[[-97.58830072129219,32.97325975851741],[-97.58828192751163,32.972231325726575],[-97.58855748063826,32.97221754479021],[-97.58877755322102,32.973261326661905],[-97.58830072129219,32.97325975851741]]]},"properties":{"prop_id":54013,"state_cd":"8","ite_code":210,"ite_name":"Single-Family Detached","ite_unit":"DU","units":2,"daily_trips":18.9,"am_peak_trips":1.4,"pm_peak_trips":1.9,"imprv_val":53650.0,"acres":1.0,"city":"Reno","city_code":"CRE","fill_color":[34,139,34,180]}},{"type":"Feature","geometry":{"type":"Polygon","coordinates":[[[-97.58071051867454,32.944550692940446],[-97.58071037358265,32.9445428251803],[-97.58072658431733,32.94455226162857],[-97.5813817325891,32.94493557243861],[-97.58139459128958,32.94562240037355],[-97.58139464098502,32.945625034091904],[-97.58071236481844,32.945613298476395],[-97.58070839285072,32.945096947264766],[-97.58071051867454,32.944550692940446]]]},"properties":{"prop_id":51876,"state_cd":"8","ite_code":210,"ite_name":"Single-Family Detached","ite_unit":"DU","units":2,"daily_trips":18.9,"am_peak_trips":1.4,"pm_peak_trips":1.9,"imprv_val":70980.0,"acres":1.49,"city":"Reno","city_code":"CRE","fill_color":[34,139,34,180]}},{"type":"Feature","geometry":{"type":"Polygon","coordinates":[[[-97.55804176349788,32.97143572053614],[-97.55805412312625,32.970247979948205],[-97.55806166106625,32.97024811718445],[-97.5581552676774,32.970244079204804],[-97.55824837081849,32.97023496905633],[-97.55834058599807,32.9702208235156],[-97.55843152847604,32.97020170280604],[-97.55852082187025,32.97017768615393],[-97.55883587745411,32.971426935467555],[-97.5588361238649,32.97142791040458],[-97.55804175805888,32.971436231833515],[-97.55804176349788,32.97143572053614]]]},"properties":{"prop_id":113632,"state_cd":"8","ite_code":210,"ite_name":"Single-Family Detached","ite_unit":"DU","units":3,"daily_trips":28.3,"am_peak_trips":2.1,"pm_peak_trips":2.8,"imprv_val":539380.0,"acres":1.997,"city":"Reno","city_code":"CRE","fill_color":[34,139,34,180]}},{"type":"Feature","geometry":{"type":"Polygon","coordinates":[[[-97.5923440775339,32.9457103054084],[-97.59235373498011,32.944988819020736],[-97.5918892167299,32.94500003926948],[-97.5918819707637,32.94500021461824],[-97.5918992742728,32.94367881654355],[-97.59189930429102,32.94367588851287],[-97.5918754155775,32.94282787744826],[-97.59186944229253,32.94261588525502],[-97.59272596388752,32.94288361012968],[-97.59324600173474,32.942768922394734],[-97.59422096069042,32.942933271433176],[-97.59465778236466,32.94272399014648],[-97.59480696380635,32.94264600328301],[-97.59478454294957,32.94575845228786],[-97.5923440775339,32.9457103054084]]]},"properties":{"prop_id":42917,"state_cd":"8","ite_code":0,"ite_name":"Vacant/Agricultural","ite_unit":"N/A","units":1.0,"daily_trips":0.0,"am_peak_trips":0.0,"pm_peak_trips":0.0,"imprv_val":0.0,"acres":17.102,"city":"Reno","city_code":"CRE","fill_color":[80,80,80,100]}},{"type":"Feature","geometry":{"type":"Polygon","coordinates":[[[-97.55752819459006,32.968311044395435],[-97.55752461178473,32.96900261417667],[-97.55683752951306,32.9689757712996],[-97.55680787906415,32.9689426615964],[-97.55680706018276,32.96885612011273],[-97.55679040350424,32.96828059276269],[-97.55752819459006,32.968311044395435]]]},"properties":{"prop_id":115969,"state_cd":"S85","ite_code":210,"ite_name":"Single-Family Detached","ite_unit":"DU","units":2,"daily_trips":18.9,"am_peak_trips":1.4,"pm_peak_trips":1.9,"imprv_val":170870.0,"acres":1.284,"city":"Reno","city_code":"CRE","fill_color":[34,139,34,180]}},{"type":"Feature","geometry":{"type":"Polygon","coordinates":[[[-97.56648123468408,32.93632240778323],[-97.5678928697589,32.936300209702544],[-97.5678935311703,32.936480471614466],[-97.56789111776767,32.936594474349405],[-97.56738878361641,32.93658974261322],[-97.56647605972529,32.93659893746018],[-97.56648123468408,32.93632240778323]]]},"properties":{"prop_id":41789,"state_cd":"8","ite_code":210,"ite_name":"Single-Family Detached","ite_unit":"DU","units":2,"daily_trips":18.9,"am_peak_trips":1.4,"pm_peak_trips":1.9,"imprv_val":222910.0,"acres":1.0,"city":"Reno","city_code":"CRE","fill_color":[34,139,34,180]}},{"type":"Feature","geometry":{"type":"Polygon","coordinates":[[[-97.56101014849604,32.93589673475082],[-97.56171793986583,32.93590206768807],[-97.56179013857025,32.93730903544576],[-97.56160207730318,32.93731220393087],[-97.56105684791139,32.93732138880381],[-97.56098065875666,32.93732267232665],[-97.56101014849604,32.93589673475082]]]},"properties":{"prop_id":62193,"state_cd":"8","ite_code":210,"ite_name":"Single-Family Detached","ite_unit":"DU","units":2,"daily_trips":18.9,"am_peak_trips":1.4,"pm_peak_trips":1.9,"imprv_val":101330.0,"acres":2.71,"city":"Reno","city_code":"CRE","fill_color":[34,139,34,180]}},{"type":"Feature","geometry":{"type":"Polygon","coordinates":[[[-97.56742496882394,32.973604915260246],[-97.56825223970338,32.973592513334445],[-97.56826268164279,32.97401899398677],[-97.56826433774665,32.97408662290964],[-97.5674347970213,32.974092746555854],[-97.56742497541323,32.97360520389535],[-97.56742496882394,32.973604915260246]]]},"properties":{"prop_id":106276,"state_cd":"S80","ite_code":210,"ite_name":"Single-Family Detached","ite_unit":"DU","units":2,"daily_trips":18.9,"am_peak_trips":1.4,"pm_peak_trips":1.9,"imprv_val":499300.0,"acres":1.0,"city":"Reno","city_code":"CRE","fill_color":[34,139,34,180]}},{"type":"Feature","geometry":{"type":"Polygon","coordinates":[[[-97.56594049415823,32.943430244559806],[-97.56594064230552,32.94314153243839],[-97.56594078781352,32.94285753327296],[-97.5659409654504,32.94250942834281],[-97.56590455577656,32.939057957047716],[-97.56605849458676,32.93908313334285],[-97.56676382559571,32.93928228998624],[-97.56725362901106,32.93945895075843],[-97.56821711240525,32.939922998476526],[-97.56901969811257,32.94055206791699],[-97.56947957143768,32.94095255148276],[-97.56979807351391,32.9412285149287],[-97.56952456394896,32.94190118336131],[-97.56878931318167,32.94370945600913],[-97.56876351143767,32.943772925423204],[-97.56675619921249,32.943801727430056],[-97.56594030649414,32.94379796246497],[-97.56594049415823,32.943430244559806]]]},"properties":{"prop_id":62198,"state_cd":"8","ite_code":0,"ite_name":"Vacant/Agricultural","ite_unit":"N/A","units":1.0,"daily_trips":0.0,"am_peak_trips":0.0,"pm_peak_trips":0.0,"imprv_val":0.0,"acres":29.57,"city":"Reno","city_code":"CRE","fill_color":[80,80,80,100]}},{"type":"Feature","geometry":{"type":"Polygon","coordinates":[[[-97.56531395005481,32.94504915388418],[-97.56531940201923,32.94602044304084],[-97.56499411459929,32.946012559741874],[-97.56500433563977,32.945045096506085],[-97.56513044920918,32.94504674991353],[-97.56531395005481,32.94504915388418]]]},"properties":{"prop_id":18959,"state_cd":"S80","ite_code":210,"ite_name":"Single-Family Detached","ite_unit":"DU","units":1,"daily_trips":9.4,"am_peak_trips":0.7,"pm_peak_trips":0.9,"imprv_val":170000.0,"acres":0.806,"city":"Reno","city_code":"CRE","fill_color":[34,139,34,180]}},{"type":"Feature","geometry":{"type":"Polygon","coordinates":[[[-97.55445626151972,32.98486100798443],[-97.55445204318875,32.98541750166955],[-97.55432092850229,32.985415851358816],[-97.55431990804668,32.98549816356988],[-97.55351473719566,32.98549426984699],[-97.55351745490047,32.98524005193245],[-97.55360068866798,32.98524039714373],[-97.55366585034855,32.98523683093574],[-97.5537301436246,32.98522721223166],[-97.55379278071713,32.985211660407145],[-97.55385299342625,32.98519036533084],[-97.55391004167242,32.98516358923246],[-97.55396322534388,32.98513165957797],[-97.55401189393605,32.98509496824067],[-97.55405544875008,32.98505396610652],[-97.55409335687916,32.985009155965194],[-97.55412515126635,32.98496108709951],[-97.55415044360187,32.9849103499716],[-97.55416892228855,32.98485756628736],[-97.55445626151972,32.98486100798443]]]},"properties":{"prop_id":110217,"state_cd":"15A+","ite_code":0,"ite_name":"Vacant/Agricultural","ite_unit":"N/A","units":1.0,"daily_trips":0.0,"am_peak_trips":0.0,"pm_peak_trips":0.0,"imprv_val":0.0,"acres":1.003,"city":"Reno","city_code":"CRE","fill_color":[80,80,80,100]}},{"type":"Feature","geometry":{"type":"Polygon","coordinates":[[[-97.57679270785182,32.933694628787805],[-97.57420364225916,32.93269051342839],[-97.57309368670379,32.932768550670154],[-97.57292673177618,32.932787487751995],[-97.57243064718953,32.932843756979096],[-97.57195037104546,32.932653408058506],[-97.57163510713941,32.9323530169044],[-97.57155596947852,32.93184566339797],[-97.57090343029573,32.93156941976459],[-97.57049701139213,32.93139736499209],[-97.57028645664796,32.93134141305128],[-97.5697161435806,32.93118972954856],[-97.56956385619482,32.931149956647495],[-97.56946120798733,32.93112314850629],[-97.56870795293453,32.93043094300826],[-97.56865681743304,32.93039232558036],[-97.56832485721519,32.93056618364019],[-97.56807234667228,32.930546461010344],[-97.56775683019318,32.93052181670567],[-97.5671570891883,32.93047496952826],[-97.56678853758046,32.93044617937262],[-97.56617748525633,32.930398444606524],[-97.5661439126238,32.93039582109856],[-97.56604736946913,32.93038827130955],[-97.56524803142374,32.93003322556601],[-97.56501570414164,32.9298642825094],[-97.56463281497368,32.92958585115294],[-97.56470204113786,32.924512239946786],[-97.56470198248297,32.92443676210369],[-97.56470065735127,32.92273801124318],[-97.56469985376424,32.92170690729299],[-97.5646994445524,32.921181372330665],[-97.56471012851885,32.92118139934891],[-97.56480871038481,32.9211816453562],[-97.56965444137742,32.92119362041564],[-97.56964439458997,32.91825772528983],[-97.56964356682217,32.91801569045394],[-97.56964191514882,32.91753308717674],[-97.56964426689562,32.91753314171894],[-97.574919822313,32.91765541212672],[-97.57625577247536,32.91768634030861],[-97.57827553214858,32.91773307088796],[-97.57824471666446,32.91868780616618],[-97.57883314759029,32.91869196469749],[-97.57938052882643,32.91869583056655],[-97.57993096686887,32.91869971570858],[-97.58047920140561,32.9187035821501],[-97.58102573386627,32.91870743452177],[-97.58160876359955,32.91871154189081],[-97.5825815448452,32.918718388082624],[-97.58406634848036,32.918722594521405],[-97.58475825394626,32.91873722036048],[-97.58474850632045,32.92120185247789],[-97.58604949642088,32.921219322737144],[-97.58678710716002,32.92122922133954],[-97.58680393438269,32.92497241082463],[-97.59384237550233,32.924760443065686],[-97.59526408438042,32.92474291095071],[-97.59519181551133,32.928379746705026],[-97.59408565688592,32.928382693144705],[-97.5904456810964,32.92839232071908],[-97.59031865845184,32.92839265482791],[-97.58387912413411,32.92842942428697],[-97.5782182020094,32.9284238827746],[-97.57809525103038,32.934641664291895],[-97.57679270785182,32.933694628787805]]]},"properties":{"prop_id":54086,"state_cd":"15A+","ite_code":0,"ite_name":"Vacant/Agricultural","ite_unit":"N/A","units":1.0,"daily_trips":0.0,"am_peak_trips":0.0,"pm_peak_trips":0.0,"imprv_val":0.0,"acres":101.19,"city":"Reno","city_code":"CRE","fill_color":[80,80,80,100]}},{"type":"Feature","geometry":{"type":"Polygon","coordinates":[[[-97.6138516869404,32.94325867137906],[-97.61393535429406,32.94304384523781],[-97.6150746779827,32.943040489668284],[-97.61507721683638,32.94350022128491],[-97.61483706571188,32.94411902796719],[-97.61476830117184,32.94411889742407],[-97.61501012285692,32.94349864718283],[-97.6138516869404,32.94325867137906]]]},"properties":{"prop_id":86485,"state_cd":"S80","ite_code":210,"ite_name":"Single-Family Detached","ite_unit":"DU","units":2,"daily_trips":18.9,"am_peak_trips":1.4,"pm_peak_trips":1.9,"imprv_val":558970.0,"acres":1.165,"city":"Reno","city_code":"CRE","fill_color":[34,139,34,180]}},{"type":"Feature","geometry":{"type":"Polygon","coordinates":[[[-97.54501887148297,32.94298916841202],[-97.5450104715739,32.94358773548894],[-97.54362369353316,32.943596946312454],[-97.54362090772884,32.94299809588984],[-97.54501887148297,32.94298916841202]]]},"properties":{"prop_id":65680,"state_cd":"15A+","ite_code":0,"ite_name":"Vacant/Agricultural","ite_unit":"N/A","units":1.0,"daily_trips":0.0,"am_peak_trips":0.0,"pm_peak_trips":0.0,"imprv_val":0.0,"acres":0.5,"city":"Reno","city_code":"CRE","fill_color":[80,80,80,100]}},{"type":"Feature","geometry":{"type":"Polygon","coordinates":[[[-97.5629636719332,32.971538057251024],[-97.56297703368313,32.972354087612686],[-97.56251256798775,32.97236037229694],[-97.56250190712608,32.97154187041167],[-97.5629636719332,32.971538057251024]]]},"properties":{"prop_id":106232,"state_cd":"S80","ite_code":210,"ite_name":"Single-Family Detached","ite_unit":"DU","units":2,"daily_trips":18.9,"am_peak_trips":1.4,"pm_peak_trips":1.9,"imprv_val":494170.0,"acres":1.0,"city":"Reno","city_code":"CRE","fill_color":[34,139,34,180]}},{"type":"Feature","geometry":{"type":"Polygon","coordinates":[[[-97.61110333514402,32.95852191710247],[-97.60924856089667,32.95847252606586],[-97.60857704217918,32.95845146219978],[-97.6075977435146,32.95842536816039],[-97.60754118334629,32.95792649579398],[-97.60751693930675,32.957547844149836],[-97.60750447738309,32.95735313917605],[-97.60747561181076,32.95607953185293],[-97.60747468925085,32.95603881935736],[-97.60762446245374,32.95610416095803],[-97.60835655037683,32.956402913906025],[-97.6090621249303,32.956705627666096],[-97.60906427276929,32.956942343506704],[-97.61081114652607,32.956996742012535],[-97.61243959011904,32.957047429939934],[-97.61289926883954,32.957055973620285],[-97.61289479727587,32.957502393217815],[-97.6128934903059,32.95858558795281],[-97.61110333514402,32.95852191710247]]]},"properties":{"prop_id":55278,"state_cd":"8","ite_code":210,"ite_name":"Single-Family Detached","ite_unit":"DU","units":3,"daily_trips":28.3,"am_peak_trips":2.1,"pm_peak_trips":2.8,"imprv_val":1129320.0,"acres":2.0,"city":"Reno","city_code":"CRE","fill_color":[34,139,34,180]}},{"type":"Feature","geometry":{"type":"Polygon","coordinates":[[[-97.55753176157492,32.967622564106975],[-97.55752819459006,32.968311044395435],[-97.55679040350424,32.96828059276269],[-97.55678408182143,32.96807689139869],[-97.55678974106192,32.967623619311304],[-97.55682163582168,32.96759312536526],[-97.55753176157492,32.967622564106975]]]},"properties":{"prop_id":115952,"state_cd":"S85","ite_code":0,"ite_name":"Vacant/Agricultural","ite_unit":"N/A","units":1.0,"daily_trips":0.0,"am_peak_trips":0.0,"pm_peak_trips":0.0,"imprv_val":0.0,"acres":1.311,"city":"Reno","city_code":"CRE","fill_color":[80,80,80,100]}},{"type":"Feature","geometry":{"type":"Polygon","coordinates":[[[-97.59343217186239,32.93532492940662],[-97.59293005631308,32.9346748403362],[-97.59309489231006,32.934602043229944],[-97.59364981478518,32.93435695852196],[-97.59405604474938,32.934036957920256],[-97.59446406448754,32.934135303288926],[-97.59390282391787,32.93550053514453],[-97.59343217186239,32.93532492940662]]]},"properties":{"prop_id":63531,"state_cd":"8","ite_code":210,"ite_name":"Single-Family Detached","ite_unit":"DU","units":2,"daily_trips":18.9,"am_peak_trips":1.4,"pm_peak_trips":1.9,"imprv_val":113940.0,"acres":2.8,"city":"Reno","city_code":"CRE","fill_color":[34,139,34,180]}},{"type":"Feature","geometry":{"type":"Polygon","coordinates":[[[-97.56392877957623,32.96027939192688],[-97.5631661622722,32.9602761742669],[-97.56318107390172,32.95950352679221],[-97.56396012871956,32.95956969134563],[-97.56392877957623,32.96027939192688]]]},"properties":{"prop_id":51955,"state_cd":"8","ite_code":210,"ite_name":"Single-Family Detached","ite_unit":"DU","units":2,"daily_trips":18.9,"am_peak_trips":1.4,"pm_peak_trips":1.9,"imprv_val":107030.0,"acres":1.62,"city":"Reno","city_code":"CRE","fill_color":[34,139,34,180]}},{"type":"Feature","geometry":{"type":"Polygon","coordinates":[[[-97.56396403605315,32.94710594921509],[-97.56395703811364,32.94614784133989],[-97.56430423688094,32.946155877473025],[-97.56430946531374,32.94711366989615],[-97.56396403605315,32.94710594921509]]]},"properties":{"prop_id":18942,"state_cd":"S80","ite_code":210,"ite_name":"Single-Family Detached","ite_unit":"DU","units":1,"daily_trips":9.4,"am_peak_trips":0.7,"pm_peak_trips":0.9,"imprv_val":106510.0,"acres":0.803,"city":"Reno","city_code":"CRE","fill_color":[34,139,34,180]}},{"type":"Feature","geometry":{"type":"Polygon","coordinates":[[[-97.57623598843934,32.93988953995753],[-97.57624395387197,32.939483229045024],[-97.5772179839016,32.93949137552439],[-97.57718259572,32.93989745718707],[-97.57623598843934,32.93988953995753]]]},"properties":{"prop_id":80363,"state_cd":"S80","ite_code":210,"ite_name":"Single-Family Detached","ite_unit":"DU","units":2,"daily_trips":18.9,"am_peak_trips":1.4,"pm_peak_trips":1.9,"imprv_val":261600.0,"acres":1.0,"city":"Reno","city_code":"CRE","fill_color":[34,139,34,180]}},{"type":"Feature","geometry":{"type":"Polygon","coordinates":[[[-97.59554656576661,32.92917747158177],[-97.59552175795338,32.92894090100675],[-97.5967514569503,32.92894573575703],[-97.59673940635021,32.92858313380443],[-97.59770642084652,32.92860121391961],[-97.6001823319882,32.928575720084616],[-97.60014876105173,32.92944527780363],[-97.59776820550869,32.9291574398051],[-97.59554656576661,32.92917747158177]]]},"properties":{"prop_id":54125,"state_cd":"8","ite_code":210,"ite_name":"Single-Family Detached","ite_unit":"DU","units":5,"daily_trips":47.2,"am_peak_trips":3.5,"pm_peak_trips":4.7,"imprv_val":25000.0,"acres":6.67,"city":"Reno","city_code":"CRE","fill_color":[34,139,34,180]}},{"type":"Feature","geometry":{"type":"Polygon","coordinates":[[[-97.57474077357625,32.962142325948236],[-97.57544998983275,32.96216437475213],[-97.57541669870695,32.96289472654987],[-97.57541341032032,32.96330180951854],[-97.57472871230328,32.96329672751161],[-97.57474077357625,32.962142325948236]]]},"properties":{"prop_id":57755,"state_cd":"8","ite_code":210,"ite_name":"Single-Family Detached","ite_unit":"DU","units":3,"daily_trips":28.3,"am_peak_trips":2.1,"pm_peak_trips":2.8,"imprv_val":74530.0,"acres":2.0,"city":"Reno","city_code":"CRE","fill_color":[34,139,34,180]}},{"type":"Feature","geometry":{"type":"Polygon","coordinates":[[[-97.58144398651986,32.95280978469012],[-97.58282614125619,32.95269627100251],[-97.58282584048936,32.95289533645998],[-97.58144172255918,32.95289286460547],[-97.58144398651986,32.95280978469012]]]},"properties":{"prop_id":36048,"state_cd":"8","ite_code":0,"ite_name":"Vacant/Agricultural","ite_unit":"N/A","units":1.0,"daily_trips":0.0,"am_peak_trips":0.0,"pm_peak_trips":0.0,"imprv_val":0.0,"acres":1.43,"city":"Reno","city_code":"CRE","fill_color":[80,80,80,100]}},{"type":"Feature","geometry":{"type":"Polygon","coordinates":[[[-97.59546530421022,32.94954411616038],[-97.59616009871958,32.94955069677173],[-97.59615940703274,32.949629170015555],[-97.59619977402421,32.94962963959641],[-97.59619362483917,32.9501700922254],[-97.59603100806083,32.950170111958954],[-97.59596193829414,32.95016032918159],[-97.5958945568091,32.95014422054633],[-97.59582967669087,32.95012198043894],[-97.59576808032915,32.950093876072174],[-97.59571051087048,32.950060246522014],[-97.59565766049877,32.95002149813272],[-97.5956101683694,32.94997809728728],[-97.59556860672348,32.9499305685021],[-97.59553347672018,32.94987948357485],[-97.59550520204749,32.94982545883197],[-97.5954841236576,32.949769146973686],[-97.5954704945397,32.94971122531195],[-97.59546448082703,32.94965239217104],[-97.59546530421022,32.94954411616038]]]},"properties":{"prop_id":92324,"state_cd":"S80","ite_code":210,"ite_name":"Single-Family Detached","ite_unit":"DU","units":2,"daily_trips":18.9,"am_peak_trips":1.4,"pm_peak_trips":1.9,"imprv_val":303790.0,"acres":1.0,"city":"Reno","city_code":"CRE","fill_color":[34,139,34,180]}},{"type":"Feature","geometry":{"type":"Polygon","coordinates":[[[-97.58897994927308,32.949997585861304],[-97.58971116724636,32.95005096987362],[-97.58970002954229,32.950284480050016],[-97.58966986521618,32.95213024039322],[-97.5878003877956,32.95210640154952],[-97.58776353598,32.949953030986],[-97.58823153900657,32.95016157013337],[-97.58842197061692,32.950219633726356],[-97.58847683759127,32.950233526536266],[-97.58853340776592,32.95024115052296],[-97.588590678122,32.95024237209075],[-97.58864763272437,32.950237169378624],[-97.58870326302525,32.95022563421201],[-97.58875658285785,32.95020797040905],[-97.58880664770747,32.95018449211756],[-97.58885257085775,32.95015561401249],[-97.5888935362444,32.95012184958608],[-97.58892881999485,32.95008379687559],[-97.58895779479917,32.95004212947639],[-97.58897994927308,32.949997585861304]]]},"properties":{"prop_id":123735,"state_cd":"8","ite_code":0,"ite_name":"Vacant/Agricultural","ite_unit":"N/A","units":1.0,"daily_trips":0.0,"am_peak_trips":0.0,"pm_peak_trips":0.0,"imprv_val":0.0,"acres":8.531,"city":"Reno","city_code":"CRE","fill_color":[80,80,80,100]}},{"type":"Feature","geometry":{"type":"Polygon","coordinates":[[[-97.5853998895764,32.93580937582564],[-97.58344566326015,32.935786615324396],[-97.58376608069452,32.93519391712285],[-97.58697287878442,32.93525328758041],[-97.58696903090906,32.93574844267957],[-97.586836982231,32.935850938572294],[-97.5853998895764,32.93580937582564]]]},"properties":{"prop_id":100546,"state_cd":"8","ite_code":210,"ite_name":"Single-Family Detached","ite_unit":"DU","units":2,"daily_trips":18.9,"am_peak_trips":1.4,"pm_peak_trips":1.9,"imprv_val":218230.0,"acres":1.0,"city":"Reno","city_code":"CRE","fill_color":[34,139,34,180]}},{"type":"Feature","geometry":{"type":"Polygon","coordinates":[[[-97.54790488624492,32.93075217873424],[-97.54790598869688,32.930112665584005],[-97.54871069181578,32.93012939110535],[-97.54871053857683,32.930156309772904],[-97.54870781933789,32.93042289008912],[-97.54870707960546,32.93076435512339],[-97.54790488624492,32.93075217873424]]]},"properties":{"prop_id":55015,"state_cd":"15A+","ite_code":210,"ite_name":"Single-Family Detached","ite_unit":"DU","units":2,"daily_trips":18.9,"am_peak_trips":1.4,"pm_peak_trips":1.9,"imprv_val":167550.0,"acres":1.54,"city":"Reno","city_code":"CRE","fill_color":[34,139,34,180]}},{"type":"Feature","geometry":{"type":"Polygon","coordinates":[[[-97.55503029641906,32.943526469796204],[-97.55367954487348,32.94351057721257],[-97.55368400698214,32.943123746334805],[-97.55529548627777,32.943109290832005],[-97.55527421762402,32.94352933782326],[-97.55503029641906,32.943526469796204]]]},"properties":{"prop_id":65622,"state_cd":"8","ite_code":210,"ite_name":"Single-Family Detached","ite_unit":"DU","units":2,"daily_trips":18.9,"am_peak_trips":1.4,"pm_peak_trips":1.9,"imprv_val":24080.0,"acres":1.33,"city":"Reno","city_code":"CRE","fill_color":[34,139,34,180]}},{"type":"Feature","geometry":{"type":"Polygon","coordinates":[[[-97.5813836112342,32.9550108564317],[-97.58143358298089,32.95318953708542],[-97.58144172255918,32.95289286460547],[-97.58282584048936,32.95289533645998],[-97.58282235601271,32.95526442375652],[-97.58254464328685,32.95525768163724],[-97.58160181924538,32.9550192845871],[-97.5813836112342,32.9550108564317]]]},"properties":{"prop_id":62506,"state_cd":"8","ite_code":0,"ite_name":"Vacant/Agricultural","ite_unit":"N/A","units":1.0,"daily_trips":0.0,"am_peak_trips":0.0,"pm_peak_trips":0.0,"imprv_val":0.0,"acres":7.5,"city":"Reno","city_code":"CRE","fill_color":[80,80,80,100]}},{"type":"Feature","geometry":{"type":"Polygon","coordinates":[[[-97.5508178373799,32.96966781226999],[-97.55081946908945,32.968030705736616],[-97.55437830230211,32.96807701207369],[-97.55434874703022,32.96968752136183],[-97.55434868848288,32.96969110028899],[-97.5508178373799,32.96966781226999]]]},"properties":{"prop_id":45969,"state_cd":"15A+","ite_code":0,"ite_name":"Vacant/Agricultural","ite_unit":"N/A","units":1.0,"daily_trips":0.0,"am_peak_trips":0.0,"pm_peak_trips":0.0,"imprv_val":0.0,"acres":12.0,"city":"Reno","city_code":"CRE","fill_color":[80,80,80,100]}},{"type":"Feature","geometry":{"type":"Polygon","coordinates":[[[-97.58850488860168,32.96724678751443],[-97.58850709120598,32.966166585543405],[-97.58928152968217,32.96665946198577],[-97.5892829158905,32.967227990996214],[-97.58928292575327,32.96723223327522],[-97.58850488860168,32.96724678751443]]]},"properties":{"prop_id":54017,"state_cd":"8","ite_code":0,"ite_name":"Vacant/Agricultural","ite_unit":"N/A","units":1.0,"daily_trips":0.0,"am_peak_trips":0.0,"pm_peak_trips":0.0,"imprv_val":0.0,"acres":1.45,"city":"Reno","city_code":"CRE","fill_color":[80,80,80,100]}},{"type":"Feature","geometry":{"type":"Polygon","coordinates":[[[-97.5450444745062,32.937862015313954],[-97.5437147532273,32.93785171068751],[-97.54371481139508,32.93741111071726],[-97.54485848547513,32.937405297292415],[-97.54526824215846,32.937403212976136],[-97.54527912821514,32.937864357627355],[-97.5450444745062,32.937862015313954]]]},"properties":{"prop_id":65632,"state_cd":"15A+","ite_code":0,"ite_name":"Vacant/Agricultural","ite_unit":"N/A","units":1.0,"daily_trips":0.0,"am_peak_trips":0.0,"pm_peak_trips":0.0,"imprv_val":0.0,"acres":0.78,"city":"Reno","city_code":"CRE","fill_color":[80,80,80,100]}},{"type":"Feature","geometry":{"type":"Polygon","coordinates":[[[-97.56502195734149,32.94441377706657],[-97.56513044920918,32.94504674991353],[-97.56500433563977,32.945045096506085],[-97.5646589384379,32.945040569521254],[-97.56465746876022,32.94441026654454],[-97.56502195734149,32.94441377706657]]]},"properties":{"prop_id":18993,"state_cd":"S80","ite_code":210,"ite_name":"Single-Family Detached","ite_unit":"DU","units":1,"daily_trips":9.4,"am_peak_trips":0.7,"pm_peak_trips":0.9,"imprv_val":13150.0,"acres":0.68,"city":"Reno","city_code":"CRE","fill_color":[34,139,34,180]}},{"type":"Feature","geometry":{"type":"Polygon","coordinates":[[[-97.56721712985046,32.9688215856008],[-97.5672764233009,32.96876481541393],[-97.56733038669373,32.96870438535902],[-97.56737870176958,32.96864064928452],[-97.56742108428642,32.9685739820352],[-97.56745728727574,32.968504774967414],[-97.56840434784793,32.9688221619932],[-97.56843864931906,32.969673601699576],[-97.56827464053353,32.969673242295144],[-97.56721712985046,32.9688215856008]]]},"properties":{"prop_id":115934,"state_cd":"S120","ite_code":0,"ite_name":"Vacant/Agricultural","ite_unit":"N/A","units":1.0,"daily_trips":0.0,"am_peak_trips":0.0,"pm_peak_trips":0.0,"imprv_val":0.0,"acres":1.962,"city":"Reno","city_code":"CRE","fill_color":[80,80,80,100]}},{"type":"Feature","geometry":{"type":"Polygon","coordinates":[[[-97.57295917916491,32.96782061644755],[-97.5736397079211,32.96782567511917],[-97.57363370470837,32.96839933014201],[-97.57295317370256,32.96839426965036],[-97.57295917916491,32.96782061644755]]]},"properties":{"prop_id":66860,"state_cd":"8","ite_code":210,"ite_name":"Single-Family Detached","ite_unit":"DU","units":2,"daily_trips":18.9,"am_peak_trips":1.4,"pm_peak_trips":1.9,"imprv_val":159390.0,"acres":1.0,"city":"Reno","city_code":"CRE","fill_color":[34,139,34,180]}},{"type":"Feature","geometry":{"type":"Polygon","coordinates":[[[-97.56388228991989,32.96835959517203],[-97.56415401579994,32.968353323795796],[-97.56414730187946,32.96904347923677],[-97.56358094674046,32.96905560220329],[-97.56358798786513,32.96836638622235],[-97.56359902714131,32.96836613098394],[-97.56361017449231,32.96836587385107],[-97.56388228991989,32.96835959517203]]]},"properties":{"prop_id":116001,"state_cd":"S85","ite_code":0,"ite_name":"Vacant/Agricultural","ite_unit":"N/A","units":1.0,"daily_trips":0.0,"am_peak_trips":0.0,"pm_peak_trips":0.0,"imprv_val":0.0,"acres":1.002,"city":"Reno","city_code":"CRE","fill_color":[80,80,80,100]}},{"type":"Feature","geometry":{"type":"Polygon","coordinates":[[[-97.56119889471631,32.93189309218273],[-97.56139724970143,32.930524531141074],[-97.5618461046828,32.93053528668409],[-97.56179845135038,32.9321283375714],[-97.56119889471631,32.93189309218273]]]},"properties":{"prop_id":109306,"state_cd":"8","ite_code":0,"ite_name":"Vacant/Agricultural","ite_unit":"N/A","units":1.0,"daily_trips":0.0,"am_peak_trips":0.0,"pm_peak_trips":0.0,"imprv_val":0.0,"acres":1.978,"city":"Reno","city_code":"CRE","fill_color":[80,80,80,100]}},{"type":"Feature","geometry":{"type":"Polygon","coordinates":[[[-97.5526157529032,32.95920829808944],[-97.55158859388465,32.95764791663019],[-97.55151476369882,32.9575357572564],[-97.55387961825167,32.957514759275035],[-97.55387993750139,32.957520122197735],[-97.55391322933536,32.95807888678669],[-97.55452396862634,32.95807737994428],[-97.55610411890582,32.95807346827554],[-97.55677479007547,32.958071801942495],[-97.55679136256934,32.95917383048438],[-97.55654874185863,32.95917216692797],[-97.5526157529032,32.95920829808944]]]},"properties":{"prop_id":49992,"state_cd":"15A+","ite_code":210,"ite_name":"Single-Family Detached","ite_unit":"DU","units":2,"daily_trips":18.9,"am_peak_trips":1.4,"pm_peak_trips":1.9,"imprv_val":161670.0,"acres":1.0,"city":"Reno","city_code":"CRE","fill_color":[34,139,34,180]}},{"type":"Feature","geometry":{"type":"Polygon","coordinates":[[[-97.56015569292498,32.96025618345808],[-97.56011179242311,32.95572402957138],[-97.5603721498982,32.95572670831977],[-97.56124145345859,32.95572896967208],[-97.56122065273404,32.95712155804418],[-97.56122385943195,32.95944892975145],[-97.56123224553875,32.96019578437175],[-97.56123427741495,32.96026800220633],[-97.56015569292498,32.96025618345808]]]},"properties":{"prop_id":57816,"state_cd":"8","ite_code":0,"ite_name":"Vacant/Agricultural","ite_unit":"N/A","units":1.0,"daily_trips":0.0,"am_peak_trips":0.0,"pm_peak_trips":0.0,"imprv_val":0.0,"acres":5.4,"city":"Reno","city_code":"CRE","fill_color":[80,80,80,100]}},{"type":"Feature","geometry":{"type":"Polygon","coordinates":[[[-97.55437830230211,32.96807701207369],[-97.55081946908945,32.968030705736616],[-97.55081974398736,32.9648441594504],[-97.55107218229521,32.96484568063725],[-97.55663719025354,32.96487846309396],[-97.55664360138748,32.966668088815844],[-97.55660760775396,32.96810596719311],[-97.55437830230211,32.96807701207369]]]},"properties":{"prop_id":61240,"state_cd":"15A+","ite_code":0,"ite_name":"Vacant/Agricultural","ite_unit":"N/A","units":1.0,"daily_trips":0.0,"am_peak_trips":0.0,"pm_peak_trips":0.0,"imprv_val":0.0,"acres":148.5,"city":"Reno","city_code":"CRE","fill_color":[80,80,80,100]}},{"type":"Feature","geometry":{"type":"Polygon","coordinates":[[[-97.62157368781178,32.94300492656805],[-97.62152737318868,32.942997954421685],[-97.61805839555305,32.94300217298645],[-97.61807978102418,32.9406988109516],[-97.62154119359326,32.94065038005397],[-97.62154269766445,32.94159011780581],[-97.62154281705729,32.941676650173406],[-97.62157368781178,32.94300492656805]]]},"properties":{"prop_id":48462,"state_cd":"8","ite_code":210,"ite_name":"Single-Family Detached","ite_unit":"DU","units":2,"daily_trips":18.9,"am_peak_trips":1.4,"pm_peak_trips":1.9,"imprv_val":316250.0,"acres":1.0,"city":"Reno","city_code":"CRE","fill_color":[34,139,34,180]}},{"type":"Feature","geometry":{"type":"Polygon","coordinates":[[[-97.60402991214819,32.92792125515507],[-97.60402882314085,32.92736088153056],[-97.60402659738752,32.926205524163166],[-97.60402552725748,32.925649843697606],[-97.60409836335785,32.92562502426261],[-97.60409660545203,32.92549590063476],[-97.6051880786316,32.9254967091935],[-97.60575265440872,32.92549713556418],[-97.6057768259565,32.92936429822133],[-97.60405635462925,32.92796477572563],[-97.60402991214819,32.92792125515507]]]},"properties":{"prop_id":100492,"state_cd":"8","ite_code":210,"ite_name":"Single-Family Detached","ite_unit":"DU","units":12,"daily_trips":113.3,"am_peak_trips":8.5,"pm_peak_trips":11.3,"imprv_val":17120.0,"acres":15.26,"city":"Reno","city_code":"CRE","fill_color":[255,200,0,200]}},{"type":"Feature","geometry":{"type":"Polygon","coordinates":[[[-97.60554815362671,32.92277950711856],[-97.60554682561217,32.9230833803409],[-97.60406976864284,32.92232707910616],[-97.60407744563105,32.92121819162019],[-97.60409120576628,32.91991332779973],[-97.60411785689917,32.91811709743051],[-97.60475386150281,32.91812162000045],[-97.60518837021553,32.91812474238694],[-97.60553859019032,32.91812251792949],[-97.60556901178748,32.91812255963776],[-97.60556685884033,32.918661008583804],[-97.60556572447928,32.91866099773225],[-97.60554815362671,32.92277950711856]]]},"properties":{"prop_id":35956,"state_cd":"A85","ite_code":0,"ite_name":"Vacant/Agricultural","ite_unit":"N/A","units":1.0,"daily_trips":0.0,"am_peak_trips":0.0,"pm_peak_trips":0.0,"imprv_val":0.0,"acres":16.164,"city":"Reno","city_code":"CRE","fill_color":[80,80,80,100]}},{"type":"Feature","geometry":{"type":"Polygon","coordinates":[[[-97.56744454885889,32.97457676520855],[-97.56827610655765,32.974567294518856],[-97.56828807670138,32.97505619680113],[-97.56745419790333,32.97505572198631],[-97.56744454885889,32.97457676520855]]]},"properties":{"prop_id":106278,"state_cd":"S80","ite_code":210,"ite_name":"Single-Family Detached","ite_unit":"DU","units":2,"daily_trips":18.9,"am_peak_trips":1.4,"pm_peak_trips":1.9,"imprv_val":478060.0,"acres":1.0,"city":"Reno","city_code":"CRE","fill_color":[34,139,34,180]}},{"type":"Feature","geometry":{"type":"Polygon","coordinates":[[[-97.58912457409691,32.94779400964259],[-97.58976646297945,32.94785139022715],[-97.58975460370061,32.948380384941544],[-97.58911299273595,32.94832088164345],[-97.58912457409691,32.94779400964259]]]},"properties":{"prop_id":22945,"state_cd":"S80","ite_code":210,"ite_name":"Single-Family Detached","ite_unit":"DU","units":1,"daily_trips":9.4,"am_peak_trips":0.7,"pm_peak_trips":0.9,"imprv_val":341580.0,"acres":0.92,"city":"Reno","city_code":"CRE","fill_color":[34,139,34,180]}},{"type":"Feature","geometry":{"type":"Polygon","coordinates":[[[-97.54372680337232,32.96091509027486],[-97.54917005913634,32.96091292648955],[-97.5491845658856,32.96238322587949],[-97.54918487609376,32.962414614752156],[-97.54373003840168,32.962410753339555],[-97.54372752085929,32.961528068680394],[-97.54372680337232,32.96091509027486]]]},"properties":{"prop_id":53930,"state_cd":"15A+","ite_code":0,"ite_name":"Vacant/Agricultural","ite_unit":"N/A","units":1.0,"daily_trips":0.0,"am_peak_trips":0.0,"pm_peak_trips":0.0,"imprv_val":0.0,"acres":60.771,"city":"Reno","city_code":"CRE","fill_color":[80,80,80,100]}},{"type":"Feature","geometry":{"type":"Polygon","coordinates":[[[-97.57507194172044,32.943268042187],[-97.57498085982259,32.94358701006177],[-97.5750758383094,32.94360654549301],[-97.57501240869381,32.94385972428857],[-97.57488085088848,32.94384032392638],[-97.57474993490706,32.94381805314589],[-97.57472902539456,32.94326348573367],[-97.57507194172044,32.943268042187]]]},"properties":{"prop_id":52065,"state_cd":"8","ite_code":210,"ite_name":"Single-Family Detached","ite_unit":"DU","units":1,"daily_trips":9.4,"am_peak_trips":0.7,"pm_peak_trips":0.9,"imprv_val":169330.0,"acres":0.427,"city":"Reno","city_code":"CRE","fill_color":[34,139,34,180]}},{"type":"Feature","geometry":{"type":"Polygon","coordinates":[[[-97.60556685884033,32.918661008583804],[-97.60698603138,32.91866385722731],[-97.60695850920725,32.92358767738998],[-97.60692400781255,32.92357762348667],[-97.60660370765612,32.923452098227635],[-97.60571185020308,32.923133746765785],[-97.60571414430129,32.92286875221817],[-97.60554815362671,32.92277950711856],[-97.60556572447928,32.91866099773225],[-97.60556685884033,32.918661008583804]]]},"properties":{"prop_id":35959,"state_cd":"A85","ite_code":210,"ite_name":"Single-Family Detached","ite_unit":"DU","units":6,"daily_trips":56.6,"am_peak_trips":4.2,"pm_peak_trips":5.7,"imprv_val":29870.0,"acres":7.0,"city":"Reno","city_code":"CRE","fill_color":[255,200,0,200]}},{"type":"Feature","geometry":{"type":"Polygon","coordinates":[[[-97.57454396636513,32.96145018604481],[-97.57453897550415,32.961854580720576],[-97.57363837371118,32.96185153601556],[-97.57363980087459,32.961454211365705],[-97.57454396636513,32.96145018604481]]]},"properties":{"prop_id":87993,"state_cd":"8","ite_code":210,"ite_name":"Single-Family Detached","ite_unit":"DU","units":2,"daily_trips":18.9,"am_peak_trips":1.4,"pm_peak_trips":1.9,"imprv_val":274760.0,"acres":1.003,"city":"Reno","city_code":"CRE","fill_color":[34,139,34,180]}},{"type":"Feature","geometry":{"type":"Polygon","coordinates":[[[-97.54912519665388,32.93631106098044],[-97.54908644326608,32.93579311467859],[-97.54909596148774,32.93579350928819],[-97.54912524841774,32.93580279268405],[-97.54914696756198,32.93579586371433],[-97.54916396369033,32.93579673294542],[-97.54918095619469,32.9357976409255],[-97.54919794612515,32.93579858946621],[-97.54921493454135,32.935799579477575],[-97.54923191610624,32.935800610016976],[-97.549248898286,32.93580168294501],[-97.549265872545,32.93580279639292],[-97.5492828463593,32.93580395131963],[-97.54929981334165,32.93580514497083],[-97.54931677985995,32.93580638190434],[-97.54933373954636,32.93580765756238],[-97.54935069557999,32.93580897467465],[-97.54936764476241,32.935810332315],[-97.5493845934906,32.935811732335935],[-97.54940153430792,32.93581317197491],[-97.54941846932415,32.93581465395368],[-97.54943540393454,32.93581617380416],[-97.54945232737762,32.935817737757084],[-97.54946925040528,32.93581934048353],[-97.5494861644335,32.9358209846235],[-97.54950307374945,32.93582266930783],[-97.54952284241531,32.93582468874305],[-97.54951623792395,32.93680653252669],[-97.5495162367951,32.936820791451794],[-97.5494893773598,32.936821359394635],[-97.54916389348985,32.936828240240644],[-97.54912519665388,32.93631106098044]]]},"properties":{"prop_id":65640,"state_cd":"15A+","ite_code":210,"ite_name":"Single-Family Detached","ite_unit":"DU","units":1,"daily_trips":9.4,"am_peak_trips":0.7,"pm_peak_trips":0.9,"imprv_val":139100.0,"acres":0.996,"city":"Reno","city_code":"CRE","fill_color":[34,139,34,180]}},{"type":"Feature","geometry":{"type":"Polygon","coordinates":[[[-97.56910634306887,32.968899108610835],[-97.56910803853556,32.96856399995823],[-97.56911344116149,32.96749642466871],[-97.56911520196189,32.96714837877012],[-97.56911705642457,32.96678175312504],[-97.56911831536858,32.966533044672865],[-97.5705648245415,32.96697782775755],[-97.57102276153951,32.96711863262141],[-97.57102490058978,32.96885645343148],[-97.57388401997699,32.968874769827316],[-97.57388339906338,32.968929740810104],[-97.57319200253707,32.968925318765024],[-97.56910634306887,32.968899108610835]]]},"properties":{"prop_id":66861,"state_cd":"8","ite_code":0,"ite_name":"Vacant/Agricultural","ite_unit":"N/A","units":1.0,"daily_trips":0.0,"am_peak_trips":0.0,"pm_peak_trips":0.0,"imprv_val":0.0,"acres":10.59,"city":"Reno","city_code":"CRE","fill_color":[80,80,80,100]}},{"type":"Feature","geometry":{"type":"Polygon","coordinates":[[[-97.54851794979007,32.94251040471262],[-97.5490216303162,32.94251636879749],[-97.54901909066052,32.94322622753909],[-97.54901836724214,32.943428298122946],[-97.5485164472207,32.943429117590384],[-97.54851794979007,32.94251040471262]]]},"properties":{"prop_id":118593,"state_cd":"15A+","ite_code":210,"ite_name":"Single-Family Detached","ite_unit":"DU","units":2,"daily_trips":18.9,"am_peak_trips":1.4,"pm_peak_trips":1.9,"imprv_val":436640.0,"acres":1.204,"city":"Reno","city_code":"CRE","fill_color":[34,139,34,180]}},{"type":"Feature","geometry":{"type":"Polygon","coordinates":[[[-97.59559732131432,32.922242968947266],[-97.59561473893035,32.92148182717932],[-97.59851304498689,32.92179292347136],[-97.59849122721948,32.921222193040556],[-97.59943356892752,32.921225683980346],[-97.59943869988744,32.92122573370385],[-97.59990451407859,32.92123022714441],[-97.59990610761503,32.92125977282883],[-97.59996395065276,32.922155606624166],[-97.59998794994766,32.92252727616346],[-97.59559732131432,32.922242968947266]]]},"properties":{"prop_id":54160,"state_cd":"8","ite_code":0,"ite_name":"Vacant/Agricultural","ite_unit":"N/A","units":1.0,"daily_trips":0.0,"am_peak_trips":0.0,"pm_peak_trips":0.0,"imprv_val":0.0,"acres":9.0,"city":"Reno","city_code":"CRE","fill_color":[80,80,80,100]}},{"type":"Feature","geometry":{"type":"Polygon","coordinates":[[[-97.55118867259347,32.934230718062395],[-97.55119205690717,32.93391533464663],[-97.55200314297478,32.93392407983344],[-97.55200522625944,32.93426345943529],[-97.55118867259347,32.934230718062395]]]},"properties":{"prop_id":109321,"state_cd":"15A+","ite_code":0,"ite_name":"Vacant/Agricultural","ite_unit":"N/A","units":1.0,"daily_trips":0.0,"am_peak_trips":0.0,"pm_peak_trips":0.0,"imprv_val":0.0,"acres":0.69,"city":"Reno","city_code":"CRE","fill_color":[80,80,80,100]}},{"type":"Feature","geometry":{"type":"Polygon","coordinates":[[[-97.55313241087488,32.93789418644762],[-97.55195516047178,32.9379308047397],[-97.55198005963005,32.93668539178961],[-97.5520714762146,32.936781287950765],[-97.55313241087488,32.93789418644762]]]},"properties":{"prop_id":65631,"state_cd":"15A+","ite_code":0,"ite_name":"Vacant/Agricultural","ite_unit":"N/A","units":1.0,"daily_trips":0.0,"am_peak_trips":0.0,"pm_peak_trips":0.0,"imprv_val":0.0,"acres":1.66,"city":"Reno","city_code":"CRE","fill_color":[80,80,80,100]}},{"type":"Feature","geometry":{"type":"Polygon","coordinates":[[[-97.57102490058978,32.96885645343148],[-97.57102276153951,32.96711863262141],[-97.57298402211829,32.967720349012886],[-97.57298582145204,32.96772036239743],[-97.57389344394159,32.967727032992066],[-97.57389343787224,32.96772771563288],[-97.57388401997699,32.968874769827316],[-97.57102490058978,32.96885645343148]]]},"properties":{"prop_id":126629,"state_cd":"8","ite_code":0,"ite_name":"Vacant/Agricultural","ite_unit":"N/A","units":1.0,"daily_trips":0.0,"am_peak_trips":0.0,"pm_peak_trips":0.0,"imprv_val":0.0,"acres":9.0,"city":"Reno","city_code":"CRE","fill_color":[80,80,80,100]}},{"type":"Feature","geometry":{"type":"Polygon","coordinates":[[[-97.58721116094412,32.964943282842654],[-97.58780613603925,32.96490435339387],[-97.58777211545176,32.96820530592287],[-97.58717734935414,32.96822191118825],[-97.58721116094412,32.964943282842654]]]},"properties":{"prop_id":129574,"state_cd":"S80","ite_code":0,"ite_name":"Vacant/Agricultural","ite_unit":"N/A","units":1.0,"daily_trips":0.0,"am_peak_trips":0.0,"pm_peak_trips":0.0,"imprv_val":0.0,"acres":1.0,"city":"Reno","city_code":"CRE","fill_color":[80,80,80,100]}},{"type":"Feature","geometry":{"type":"Polygon","coordinates":[[[-97.56105235152103,32.94635123414659],[-97.56222768014682,32.946377151546734],[-97.56223063725346,32.94664671491448],[-97.56105037381509,32.94661286752668],[-97.56105235152103,32.94635123414659]]]},"properties":{"prop_id":18930,"state_cd":"S80","ite_code":210,"ite_name":"Single-Family Detached","ite_unit":"DU","units":1,"daily_trips":9.4,"am_peak_trips":0.7,"pm_peak_trips":0.9,"imprv_val":177960.0,"acres":0.841,"city":"Reno","city_code":"CRE","fill_color":[34,139,34,180]}},{"type":"Feature","geometry":{"type":"Polygon","coordinates":[[[-97.556696101088,32.93841202286027],[-97.55672279699085,32.937337025903574],[-97.55673493890762,32.936847683481965],[-97.55673723355889,32.93675512110447],[-97.55758008703802,32.93575573858792],[-97.5578641295475,32.93602160817299],[-97.55801948938925,32.93626284627378],[-97.55811148512294,32.93651707402352],[-97.55815503687981,32.93678776821368],[-97.55814008231275,32.93733095248499],[-97.55813725342101,32.93733096446543],[-97.55815709791811,32.9386602062859],[-97.55772567084296,32.93861740743037],[-97.55751679193244,32.938587725285394],[-97.55730917526196,32.93855230494266],[-97.55710304078384,32.93851118414633],[-97.55689861052035,32.93846440697034],[-97.556696101088,32.93841202286027]]]},"properties":{"prop_id":65652,"state_cd":"8","ite_code":210,"ite_name":"Single-Family Detached","ite_unit":"DU","units":7,"daily_trips":66.1,"am_peak_trips":5.0,"pm_peak_trips":6.6,"imprv_val":486640.0,"acres":8.475,"city":"Reno","city_code":"CRE","fill_color":[255,200,0,200]}},{"type":"Feature","geometry":{"type":"Polygon","coordinates":[[[-97.57279457781482,32.957647113289696],[-97.57276580400246,32.955555781122825],[-97.57519935113893,32.955531183583965],[-97.57519061654037,32.95611781196286],[-97.57518225036961,32.956809079895244],[-97.57370276841735,32.9568655827313],[-97.57372816033791,32.95764462342561],[-97.57366515490902,32.9576513724195],[-97.57285984167919,32.957645046716834],[-97.57279457781482,32.957647113289696]]]},"properties":{"prop_id":57804,"state_cd":"8","ite_code":0,"ite_name":"Vacant/Agricultural","ite_unit":"N/A","units":1.0,"daily_trips":0.0,"am_peak_trips":0.0,"pm_peak_trips":0.0,"imprv_val":0.0,"acres":9.0,"city":"Reno","city_code":"CRE","fill_color":[80,80,80,100]}},{"type":"Feature","geometry":{"type":"Polygon","coordinates":[[[-97.55750905539632,32.966581978420145],[-97.55750116043374,32.96745745522849],[-97.5568252276361,32.967429766720244],[-97.55679042857369,32.9673995697321],[-97.55679935887855,32.96646280230459],[-97.55691839063394,32.96656752659093],[-97.55750905539632,32.966581978420145]]]},"properties":{"prop_id":115902,"state_cd":"S90","ite_code":210,"ite_name":"Single-Family Detached","ite_unit":"DU","units":2,"daily_trips":18.9,"am_peak_trips":1.4,"pm_peak_trips":1.9,"imprv_val":346828.0,"acres":1.598,"city":"Reno","city_code":"CRE","fill_color":[34,139,34,180]}},{"type":"Feature","geometry":{"type":"Polygon","coordinates":[[[-97.60825001932393,32.93579575489027],[-97.6082516981585,32.93562898029333],[-97.60830221397018,32.93562969540584],[-97.60830414123315,32.935546388039235],[-97.60830999292429,32.93554642180805],[-97.6084651564534,32.93560091357842],[-97.61131034270319,32.935571653732005],[-97.6128218904534,32.935556082274815],[-97.61284136094567,32.93584557723277],[-97.61284556801931,32.93648525922525],[-97.61284306558666,32.93648524861929],[-97.6082433436469,32.9364589071109],[-97.60824996443142,32.935801207875414],[-97.60825001932393,32.93579575489027]]]},"properties":{"prop_id":87911,"state_cd":"10","ite_code":210,"ite_name":"Single-Family Detached","ite_unit":"DU","units":8,"daily_trips":75.5,"am_peak_trips":5.7,"pm_peak_trips":7.6,"imprv_val":462530.0,"acres":10.463,"city":"Reno","city_code":"CRE","fill_color":[255,200,0,200]}},{"type":"Feature","geometry":{"type":"Polygon","coordinates":[[[-97.55653812220594,32.97145190929524],[-97.556550509606,32.971328274469954],[-97.55716812701687,32.9712436093735],[-97.55717109949641,32.971445347248626],[-97.55755674863076,32.9714410837834],[-97.55804176349788,32.97143572053614],[-97.55883587745411,32.971426935467555],[-97.55929001585852,32.97142190865225],[-97.55944967151146,32.971420141226915],[-97.55945119498907,32.97237563587081],[-97.55535778391369,32.972412080166905],[-97.55543121813923,32.9718908802353],[-97.55553674119598,32.971462012159655],[-97.55653812220594,32.97145190929524]]]},"properties":{"prop_id":45959,"state_cd":"8","ite_code":0,"ite_name":"Vacant/Agricultural","ite_unit":"N/A","units":1.0,"daily_trips":0.0,"am_peak_trips":0.0,"pm_peak_trips":0.0,"imprv_val":0.0,"acres":9.76,"city":"Reno","city_code":"CRE","fill_color":[80,80,80,100]}},{"type":"Feature","geometry":{"type":"Polygon","coordinates":[[[-97.5525784133555,32.944166022422245],[-97.55212213269748,32.94416255183345],[-97.55211668697805,32.94408964571984],[-97.55210370429316,32.944017420865386],[-97.55208328464201,32.9439464290499],[-97.55205558373147,32.94387721345729],[-97.5520208130138,32.94381030506899],[-97.55197923870361,32.94374621453973],[-97.55193118068854,32.94368543399361],[-97.55187700512953,32.94362842885109],[-97.5518171277073,32.943575634247054],[-97.55210611716484,32.943345186828985],[-97.5525908500054,32.94333396112501],[-97.5525784133555,32.944166022422245]]]},"properties":{"prop_id":118612,"state_cd":"15A+","ite_code":210,"ite_name":"Single-Family Detached","ite_unit":"DU","units":2,"daily_trips":18.9,"am_peak_trips":1.4,"pm_peak_trips":1.9,"imprv_val":451610.0,"acres":1.23,"city":"Reno","city_code":"CRE","fill_color":[34,139,34,180]}},{"type":"Feature","geometry":{"type":"Polygon","coordinates":[[[-97.55910947858119,32.938944348274674],[-97.56008220923079,32.938942742970575],[-97.56013257437823,32.94256695673755],[-97.56013259985272,32.94256878945809],[-97.55944049379454,32.942577931664445],[-97.55723798020479,32.94260700107729],[-97.55723619175838,32.94213652273355],[-97.55723609307027,32.942126199582276],[-97.55720610967512,32.93898066342417],[-97.55751043848245,32.938968053379725],[-97.55823922199349,32.93895566868341],[-97.55839838011497,32.93895687172779],[-97.55880167691555,32.93895097124676],[-97.55910947858119,32.938944348274674]]]},"properties":{"prop_id":49632,"state_cd":"8","ite_code":0,"ite_name":"Vacant/Agricultural","ite_unit":"N/A","units":1.0,"daily_trips":0.0,"am_peak_trips":0.0,"pm_peak_trips":0.0,"imprv_val":0.0,"acres":15.099,"city":"Reno","city_code":"CRE","fill_color":[80,80,80,100]}},{"type":"Feature","geometry":{"type":"Polygon","coordinates":[[[-97.54669724031682,32.92832848607341],[-97.54670032854122,32.928039698958244],[-97.54692707591354,32.9280835092814],[-97.54718595774148,32.92820240938589],[-97.54731586949553,32.92834304984709],[-97.54731531394411,32.92836189580395],[-97.54741260483082,32.92836550318563],[-97.54741102033785,32.92872340868479],[-97.54727886245165,32.92872573927734],[-97.54669524208308,32.9287236784967],[-97.54669406261299,32.928723673979384],[-97.54669384235743,32.928646055655314],[-97.54669724031682,32.92832848607341]]]},"properties":{"prop_id":108174,"state_cd":"15A+","ite_code":210,"ite_name":"Single-Family Detached","ite_unit":"DU","units":2,"daily_trips":18.9,"am_peak_trips":1.4,"pm_peak_trips":1.9,"imprv_val":92750.0,"acres":1.008,"city":"Reno","city_code":"CRE","fill_color":[34,139,34,180]}},{"type":"Feature","geometry":{"type":"Polygon","coordinates":[[[-97.54512036631968,32.93089947091364],[-97.54514258810286,32.930614351327925],[-97.54584187820602,32.930626648368936],[-97.54575608878402,32.93001381322306],[-97.546602913982,32.93006144281102],[-97.54660039919776,32.93011923674456],[-97.54659328827888,32.9304889383016],[-97.54659146093528,32.93058401042623],[-97.54659226024617,32.931121847898986],[-97.54659626068468,32.931414109827195],[-97.54508004752718,32.9314167839788],[-97.54512036631968,32.93089947091364]]]},"properties":{"prop_id":55029,"state_cd":"15A+","ite_code":210,"ite_name":"Single-Family Detached","ite_unit":"DU","units":2,"daily_trips":18.9,"am_peak_trips":1.4,"pm_peak_trips":1.9,"imprv_val":78640.0,"acres":1.0,"city":"Reno","city_code":"CRE","fill_color":[34,139,34,180]}},{"type":"Feature","geometry":{"type":"Polygon","coordinates":[[[-97.59770642084652,32.92860121391961],[-97.59770815090805,32.9278772723042],[-97.59770920504283,32.92743588646504],[-97.59772131788438,32.92663849524992],[-97.597902053841,32.9266383054359],[-97.59865216991808,32.926641618967224],[-97.59941229958785,32.926647116982814],[-97.60029797118281,32.926642938682974],[-97.60027786034406,32.92805958200288],[-97.60008495007756,32.92825379255301],[-97.60015990061859,32.928306753072064],[-97.60025009859228,32.92821595239025],[-97.60025970033043,32.92834568284403],[-97.60026645182471,32.92857632770462],[-97.6001823319882,32.928575720084616],[-97.59770642084652,32.92860121391961]]]},"properties":{"prop_id":54210,"state_cd":"8","ite_code":210,"ite_name":"Single-Family Detached","ite_unit":"DU","units":2,"daily_trips":18.9,"am_peak_trips":1.4,"pm_peak_trips":1.9,"imprv_val":201840.0,"acres":1.0,"city":"Reno","city_code":"CRE","fill_color":[34,139,34,180]}},{"type":"Feature","geometry":{"type":"Polygon","coordinates":[[[-97.61300582796926,32.963583009272],[-97.61287478626446,32.96375559817856],[-97.61275044133248,32.96393167239676],[-97.61263292342616,32.9641110470972],[-97.61252235639276,32.964293536502225],[-97.6124188545366,32.964478946649095],[-97.61232252787758,32.96466708444553],[-97.61223347577739,32.964857753115155],[-97.61215179336702,32.965050751341394],[-97.61207756615276,32.96524587773784],[-97.61201087111246,32.96544292815094],[-97.61195177884419,32.96564169477299],[-97.61190035138111,32.96584197063599],[-97.61172695121579,32.96570354957057],[-97.61153945570378,32.96554465907328],[-97.61094224488197,32.96460831245433],[-97.6105199997802,32.96435983062844],[-97.6094284279687,32.964721334234575],[-97.60824727018831,32.965031089685034],[-97.60724949513221,32.9653637682889],[-97.60636940621366,32.96572822916269],[-97.60611938899025,32.965773422240034],[-97.60609403852395,32.96574280548809],[-97.60561362034976,32.965777293898334],[-97.60541881651685,32.9658710241457],[-97.60523928003441,32.96589673957088],[-97.60507231481402,32.965884773724895],[-97.60467114919479,32.965911686811594],[-97.60458014185087,32.965878901679595],[-97.60439375176811,32.965207846182665],[-97.60441226845484,32.965077583824296],[-97.60416590341896,32.96462476782799],[-97.60437616686934,32.96097821710901],[-97.61241761176518,32.96106236215406],[-97.61301098373694,32.961065377819835],[-97.61300582796926,32.963583009272]]]},"properties":{"prop_id":43142,"state_cd":"8","ite_code":210,"ite_name":"Single-Family Detached","ite_unit":"DU","units":2,"daily_trips":18.9,"am_peak_trips":1.4,"pm_peak_trips":1.9,"imprv_val":689680.0,"acres":1.0,"city":"Reno","city_code":"CRE","fill_color":[34,139,34,180]}},{"type":"Feature","geometry":{"type":"Polygon","coordinates":[[[-97.5683175036261,32.93974526631814],[-97.56883886779802,32.93892114756607],[-97.56893086959185,32.93892026869952],[-97.56934420482419,32.938911894805706],[-97.56869616222251,32.9399863026777],[-97.5683175036261,32.93974526631814]]]},"properties":{"prop_id":26450,"state_cd":"S80","ite_code":0,"ite_name":"Vacant/Agricultural","ite_unit":"N/A","units":1.0,"daily_trips":0.0,"am_peak_trips":0.0,"pm_peak_trips":0.0,"imprv_val":0.0,"acres":1.22,"city":"Reno","city_code":"CRE","fill_color":[80,80,80,100]}},{"type":"Feature","geometry":{"type":"Polygon","coordinates":[[[-97.54503120100608,32.94207986592893],[-97.54502860057076,32.94151631568318],[-97.54684894788029,32.9415336782866],[-97.54769207301432,32.94153683598875],[-97.54789842156157,32.941537607781704],[-97.54820546639489,32.941538755368306],[-97.54845360078811,32.94153968313794],[-97.54894267517577,32.941541509328864],[-97.54956789824163,32.94154384024499],[-97.54973086208928,32.94154444756621],[-97.55011627776429,32.94154588247093],[-97.55040879476819,32.94154697067561],[-97.55059844549416,32.94154767565536],[-97.55109368234675,32.94154951601345],[-97.55158324666598,32.941551333765865],[-97.5520699159139,32.941553138388606],[-97.55255945353719,32.94155495210164],[-97.55304331970505,32.941556742426904],[-97.5535304788355,32.94155854326381],[-97.55353081113721,32.942250742342345],[-97.5535308631522,32.942357782478666],[-97.55353088770273,32.94240773532551],[-97.55353092890543,32.94251788941497],[-97.55353123516103,32.94334125113025],[-97.55353133674117,32.94361421758543],[-97.5535227044602,32.94416423719871],[-97.55352017736028,32.94432526591666],[-97.55351904869359,32.94439716065711],[-97.55352029968577,32.94442472392919],[-97.5535203559601,32.94443957667933],[-97.55351997266067,32.9444544278937],[-97.55351916168635,32.94446926503701],[-97.55351791777632,32.9444840799528],[-97.55351623671986,32.94449886629627],[-97.55351413041592,32.94451361153207],[-97.55351158716746,32.94452830925841],[-97.55350861989477,32.944542951456995],[-97.55350522764378,32.9445575272985],[-97.55350140841985,32.944572023240205],[-97.55349716538304,32.94458644381521],[-97.55349250413106,32.944600765618375],[-97.55348742574289,32.94461498775601],[-97.55348299778875,32.944628896486975],[-97.55313649720983,32.945167804749616],[-97.55287188813274,32.94517053983444],[-97.55277758965194,32.945171514785834],[-97.5527365413912,32.9451719385972],[-97.55157618165268,32.945166741684126],[-97.55146956013529,32.94516626367345],[-97.5513826969353,32.94516587378507],[-97.55090516482568,32.94516373221261],[-97.55041703487433,32.945161540502674],[-97.54952690988915,32.94515753883527],[-97.54821235036721,32.9451516193185],[-97.54800455328494,32.94515069274816],[-97.54568415763684,32.94514033952554],[-97.54506041357433,32.945137548830814],[-97.54498872900302,32.945137227534715],[-97.54499359981851,32.94479012124654],[-97.54499723592961,32.94453094438704],[-97.54500200220143,32.94419124675379],[-97.5450104715739,32.94358773548894],[-97.54501887148297,32.94298916841202],[-97.54502320207902,32.942680541033496],[-97.5450267894263,32.94242497828966],[-97.54502919029333,32.9422539707062],[-97.54503107603377,32.94211953313138],[-97.5450311241135,32.94210426000461],[-97.54503120100608,32.94207986592893]]]},"properties":{"prop_id":118609,"state_cd":"15A+","ite_code":210,"ite_name":"Single-Family Detached","ite_unit":"DU","units":2,"daily_trips":18.9,"am_peak_trips":1.4,"pm_peak_trips":1.9,"imprv_val":301330.0,"acres":1.002,"city":"Reno","city_code":"CRE","fill_color":[34,139,34,180]}},{"type":"Feature","geometry":{"type":"Polygon","coordinates":[[[-97.58783337659361,32.947668984491166],[-97.58777239498876,32.946969171670666],[-97.58870118768371,32.947047821121636],[-97.58876050310707,32.94715551075226],[-97.58887645127656,32.947367513684306],[-97.58889440560871,32.94741086257705],[-97.58891329258057,32.94746264049661],[-97.58892638266433,32.947501598866936],[-97.58893087529073,32.947550024929654],[-97.58893299215438,32.947568521653494],[-97.58892932782067,32.94777606683784],[-97.58783337659361,32.947668984491166]]]},"properties":{"prop_id":22931,"state_cd":"8","ite_code":210,"ite_name":"Single-Family Detached","ite_unit":"DU","units":3,"daily_trips":28.3,"am_peak_trips":2.1,"pm_peak_trips":2.8,"imprv_val":270890.0,"acres":1.867,"city":"Reno","city_code":"CRE","fill_color":[34,139,34,180]}},{"type":"Feature","geometry":{"type":"Polygon","coordinates":[[[-97.56086546100873,32.92272293392456],[-97.56089873571892,32.921139865523436],[-97.56302835166329,32.92114585103845],[-97.56302070662683,32.92172104015788],[-97.56370084392574,32.92172882680023],[-97.56371359891367,32.9211477690526],[-97.56471073108544,32.92115055293615],[-97.56471012851885,32.92118139934891],[-97.56469985376424,32.92170690729299],[-97.56469847729855,32.921777333117],[-97.56460070937408,32.92177659893343],[-97.56459108467165,32.9227373498469],[-97.56135602797167,32.92271777296791],[-97.56086546100873,32.92272293392456]]]},"properties":{"prop_id":54088,"state_cd":"15A+","ite_code":0,"ite_name":"Vacant/Agricultural","ite_unit":"N/A","units":1.0,"daily_trips":0.0,"am_peak_trips":0.0,"pm_peak_trips":0.0,"imprv_val":0.0,"acres":13.67,"city":"Reno","city_code":"CRE","fill_color":[80,80,80,100]}},{"type":"Feature","geometry":{"type":"Polygon","coordinates":[[[-97.55369878850095,32.94147142028323],[-97.55559965545922,32.94145860149358],[-97.55560507579777,32.942158311628305],[-97.55539766442469,32.94216149549287],[-97.55454290017848,32.942164962613035],[-97.55455001196896,32.94171540207165],[-97.55370230218237,32.94170896607532],[-97.55369878850095,32.94147142028323]]]},"properties":{"prop_id":99617,"state_cd":"8","ite_code":0,"ite_name":"Vacant/Agricultural","ite_unit":"N/A","units":1.0,"daily_trips":0.0,"am_peak_trips":0.0,"pm_peak_trips":0.0,"imprv_val":0.0,"acres":2.32,"city":"Reno","city_code":"CRE","fill_color":[80,80,80,100]}},{"type":"Feature","geometry":{"type":"Polygon","coordinates":[[[-97.59584392339448,32.94612246025284],[-97.59616526937441,32.94596150258318],[-97.5961515811876,32.94671217364451],[-97.59615157594756,32.94671247752375],[-97.59548690789077,32.946703943805815],[-97.5954900987941,32.946316583358254],[-97.59584392339448,32.94612246025284]]]},"properties":{"prop_id":96107,"state_cd":"8","ite_code":0,"ite_name":"Vacant/Agricultural","ite_unit":"N/A","units":1.0,"daily_trips":0.0,"am_peak_trips":0.0,"pm_peak_trips":0.0,"imprv_val":0.0,"acres":1.0,"city":"Reno","city_code":"CRE","fill_color":[80,80,80,100]}},{"type":"Feature","geometry":{"type":"Polygon","coordinates":[[[-97.54793064844559,32.92997179770601],[-97.54793042167302,32.928953536946786],[-97.54826279151469,32.92896495451316],[-97.54824913725074,32.92999425679429],[-97.54793064844559,32.92997179770601]]]},"properties":{"prop_id":50589,"state_cd":"15A+","ite_code":210,"ite_name":"Single-Family Detached","ite_unit":"DU","units":1,"daily_trips":9.4,"am_peak_trips":0.7,"pm_peak_trips":0.9,"imprv_val":89340.0,"acres":0.95,"city":"Reno","city_code":"CRE","fill_color":[34,139,34,180]}},{"type":"Feature","geometry":{"type":"Polygon","coordinates":[[[-97.56141562378752,32.95131356502275],[-97.56143295982667,32.95049723935684],[-97.56190035197899,32.950500951346356],[-97.56190027143066,32.951321421925556],[-97.56141562378752,32.95131356502275]]]},"properties":{"prop_id":126311,"state_cd":"8","ite_code":0,"ite_name":"Vacant/Agricultural","ite_unit":"N/A","units":1.0,"daily_trips":0.0,"am_peak_trips":0.0,"pm_peak_trips":0.0,"imprv_val":0.0,"acres":1.18,"city":"Reno","city_code":"CRE","fill_color":[80,80,80,100]}},{"type":"Feature","geometry":{"type":"Polygon","coordinates":[[[-97.58568704135028,32.94421097484028],[-97.58626866188922,32.944215443811956],[-97.58628945891576,32.94421559633554],[-97.58625885086698,32.94487340665353],[-97.58566149617381,32.94488227934545],[-97.58568704135028,32.94421097484028]]]},"properties":{"prop_id":109275,"state_cd":"8","ite_code":210,"ite_name":"Single-Family Detached","ite_unit":"DU","units":2,"daily_trips":18.9,"am_peak_trips":1.4,"pm_peak_trips":1.9,"imprv_val":293650.0,"acres":1.0,"city":"Reno","city_code":"CRE","fill_color":[34,139,34,180]}},{"type":"Feature","geometry":{"type":"Polygon","coordinates":[[[-97.587772623746,32.94630005438797],[-97.5878027848827,32.94574410619862],[-97.58815124248848,32.94575670788432],[-97.58812936383548,32.94631009783902],[-97.587772623746,32.94630005438797]]]},"properties":{"prop_id":22924,"state_cd":"S30","ite_code":0,"ite_name":"Vacant/Agricultural","ite_unit":"N/A","units":1.0,"daily_trips":0.0,"am_peak_trips":0.0,"pm_peak_trips":0.0,"imprv_val":0.0,"acres":0.5,"city":"Reno","city_code":"CRE","fill_color":[80,80,80,100]}},{"type":"Feature","geometry":{"type":"Polygon","coordinates":[[[-97.60837674579439,32.93737144442944],[-97.61284546460962,32.93739699122823],[-97.61285733951361,32.93827507361925],[-97.60839692336062,32.938311615873126],[-97.60837674579439,32.93737144442944]]]},"properties":{"prop_id":87913,"state_cd":"10","ite_code":0,"ite_name":"Vacant/Agricultural","ite_unit":"N/A","units":1.0,"daily_trips":0.0,"am_peak_trips":0.0,"pm_peak_trips":0.0,"imprv_val":0.0,"acres":10.467,"city":"Reno","city_code":"CRE","fill_color":[80,80,80,100]}},{"type":"Feature","geometry":{"type":"Polygon","coordinates":[[[-97.59704099387208,32.925950759966675],[-97.59673485116345,32.925957004060976],[-97.5962985170437,32.925936911796946],[-97.59628142130865,32.92539936053501],[-97.59703877452371,32.92539997765531],[-97.59704099387208,32.925950759966675]]]},"properties":{"prop_id":27595,"state_cd":"S85","ite_code":210,"ite_name":"Single-Family Detached","ite_unit":"DU","units":2,"daily_trips":18.9,"am_peak_trips":1.4,"pm_peak_trips":1.9,"imprv_val":180630.0,"acres":1.0,"city":"Reno","city_code":"CRE","fill_color":[34,139,34,180]}},{"type":"Feature","geometry":{"type":"Polygon","coordinates":[[[-97.58071254101185,32.94565197217516],[-97.58071236481844,32.945613298476395],[-97.58139464098502,32.945625034091904],[-97.58185234524403,32.94562840790519],[-97.58230505956068,32.945624387032446],[-97.58228180935642,32.946018716208364],[-97.5807019348177,32.94599630750415],[-97.58070757822563,32.945662376978675],[-97.58071254101185,32.94565197217516]]]},"properties":{"prop_id":36035,"state_cd":"8","ite_code":0,"ite_name":"Vacant/Agricultural","ite_unit":"N/A","units":1.0,"daily_trips":0.0,"am_peak_trips":0.0,"pm_peak_trips":0.0,"imprv_val":0.0,"acres":1.58,"city":"Reno","city_code":"CRE","fill_color":[80,80,80,100]}},{"type":"Feature","geometry":{"type":"Polygon","coordinates":[[[-97.56024745443735,32.966648941522564],[-97.55970280840046,32.9666356281939],[-97.55915200191345,32.96662216136169],[-97.55875129539268,32.96661236363594],[-97.55874315976743,32.96603780896925],[-97.56079056695701,32.96607302719403],[-97.56079433920219,32.966662308120725],[-97.56024745443735,32.966648941522564]]]},"properties":{"prop_id":61238,"state_cd":"8","ite_code":210,"ite_name":"Single-Family Detached","ite_unit":"DU","units":3,"daily_trips":28.3,"am_peak_trips":2.1,"pm_peak_trips":2.8,"imprv_val":51630.0,"acres":3.27,"city":"Reno","city_code":"CRE","fill_color":[34,139,34,180]}},{"type":"Feature","geometry":{"type":"Polygon","coordinates":[[[-97.58637087845263,32.937360080780635],[-97.58696457793664,32.93648855473965],[-97.5870237304666,32.935930955324075],[-97.58716254183648,32.93582320961525],[-97.58716713528817,32.93538013726885],[-97.58847091191814,32.93538974251966],[-97.5884544563127,32.93697916752583],[-97.58752004482623,32.93751970185105],[-97.5872293400569,32.9382381379567],[-97.58680135062625,32.938253588218785],[-97.58662957347345,32.938329695411674],[-97.58639072632421,32.93821044328661],[-97.58637087845263,32.937360080780635]]]},"properties":{"prop_id":81808,"state_cd":"8","ite_code":0,"ite_name":"Vacant/Agricultural","ite_unit":"N/A","units":1.0,"daily_trips":0.0,"am_peak_trips":0.0,"pm_peak_trips":0.0,"imprv_val":0.0,"acres":9.0,"city":"Reno","city_code":"CRE","fill_color":[80,80,80,100]}},{"type":"Feature","geometry":{"type":"Polygon","coordinates":[[[-97.56778766701828,32.93943681370966],[-97.568139401176,32.938927874965906],[-97.56883886779802,32.93892114756607],[-97.5683175036261,32.93974526631814],[-97.56778766701828,32.93943681370966]]]},"properties":{"prop_id":26451,"state_cd":"S80","ite_code":210,"ite_name":"Single-Family Detached","ite_unit":"DU","units":2,"daily_trips":18.9,"am_peak_trips":1.4,"pm_peak_trips":1.9,"imprv_val":272610.0,"acres":1.0,"city":"Reno","city_code":"CRE","fill_color":[34,139,34,180]}},{"type":"Feature","geometry":{"type":"Polygon","coordinates":[[[-97.54503120100608,32.94207986592893],[-97.54502860057076,32.94151631568318],[-97.54684894788029,32.9415336782866],[-97.54769207301432,32.94153683598875],[-97.54789842156157,32.941537607781704],[-97.54820546639489,32.941538755368306],[-97.54845360078811,32.94153968313794],[-97.54894267517577,32.941541509328864],[-97.54956789824163,32.94154384024499],[-97.54973086208928,32.94154444756621],[-97.55011627776429,32.94154588247093],[-97.55040879476819,32.94154697067561],[-97.55059844549416,32.94154767565536],[-97.55109368234675,32.94154951601345],[-97.55158324666598,32.941551333765865],[-97.5520699159139,32.941553138388606],[-97.55255945353719,32.94155495210164],[-97.55304331970505,32.941556742426904],[-97.5535304788355,32.94155854326381],[-97.55353081113721,32.942250742342345],[-97.5535308631522,32.942357782478666],[-97.55353088770273,32.94240773532551],[-97.55353092890543,32.94251788941497],[-97.55353123516103,32.94334125113025],[-97.55353133674117,32.94361421758543],[-97.5535227044602,32.94416423719871],[-97.55352017736028,32.94432526591666],[-97.55351904869359,32.94439716065711],[-97.55352029968577,32.94442472392919],[-97.5535203559601,32.94443957667933],[-97.55351997266067,32.9444544278937],[-97.55351916168635,32.94446926503701],[-97.55351791777632,32.9444840799528],[-97.55351623671986,32.94449886629627],[-97.55351413041592,32.94451361153207],[-97.55351158716746,32.94452830925841],[-97.55350861989477,32.944542951456995],[-97.55350522764378,32.9445575272985],[-97.55350140841985,32.944572023240205],[-97.55349716538304,32.94458644381521],[-97.55349250413106,32.944600765618375],[-97.55348742574289,32.94461498775601],[-97.55348299778875,32.944628896486975],[-97.55313649720983,32.945167804749616],[-97.55287188813274,32.94517053983444],[-97.55277758965194,32.945171514785834],[-97.5527365413912,32.9451719385972],[-97.55157618165268,32.945166741684126],[-97.55146956013529,32.94516626367345],[-97.5513826969353,32.94516587378507],[-97.55090516482568,32.94516373221261],[-97.55041703487433,32.945161540502674],[-97.54952690988915,32.94515753883527],[-97.54821235036721,32.9451516193185],[-97.54800455328494,32.94515069274816],[-97.54568415763684,32.94514033952554],[-97.54506041357433,32.945137548830814],[-97.54498872900302,32.945137227534715],[-97.54499359981851,32.94479012124654],[-97.54499723592961,32.94453094438704],[-97.54500200220143,32.94419124675379],[-97.5450104715739,32.94358773548894],[-97.54501887148297,32.94298916841202],[-97.54502320207902,32.942680541033496],[-97.5450267894263,32.94242497828966],[-97.54502919029333,32.9422539707062],[-97.54503107603377,32.94211953313138],[-97.5450311241135,32.94210426000461],[-97.54503120100608,32.94207986592893]]]},"properties":{"prop_id":118580,"state_cd":"15A+","ite_code":0,"ite_name":"Vacant/Agricultural","ite_unit":"N/A","units":1.0,"daily_trips":0.0,"am_peak_trips":0.0,"pm_peak_trips":0.0,"imprv_val":0.0,"acres":1.067,"city":"Reno","city_code":"CRE","fill_color":[80,80,80,100]}},{"type":"Feature","geometry":{"type":"Polygon","coordinates":[[[-97.55444815080158,32.92611923530825],[-97.5547826483172,32.92602761321321],[-97.5553389986911,32.92614940802651],[-97.55578961261368,32.92638209951041],[-97.55606434744537,32.9267662990786],[-97.55618827656295,32.9268913570565],[-97.55653479083632,32.9272410161277],[-97.55653292169768,32.92734302947582],[-97.55648967988431,32.930034567173664],[-97.55648967008466,32.93003478444206],[-97.55648744998392,32.930085295722876],[-97.55609794512365,32.93010780645104],[-97.55540285735886,32.93009946229591],[-97.55491757531792,32.93010294115072],[-97.55442703144226,32.93010645573185],[-97.55444815080158,32.92611923530825]]]},"properties":{"prop_id":50599,"state_cd":"15A+","ite_code":0,"ite_name":"Vacant/Agricultural","ite_unit":"N/A","units":1.0,"daily_trips":0.0,"am_peak_trips":0.0,"pm_peak_trips":0.0,"imprv_val":0.0,"acres":1.0,"city":"Reno","city_code":"CRE","fill_color":[80,80,80,100]}},{"type":"Feature","geometry":{"type":"MultiPolygon","coordinates":[[[[-97.57457202262525,32.94232911203089],[-97.57457268778617,32.94193693110737],[-97.57557970924051,32.942032759011894],[-97.57555510083823,32.942422658264924],[-97.57457202262525,32.94232911203089]]],[[[-97.57599032214947,32.942337317828176],[-97.57601181649716,32.942074742435935],[-97.5759805378066,32.942464168424955],[-97.57599032214947,32.942337317828176]]]]},"properties":{"prop_id":111873,"state_cd":"8","ite_code":210,"ite_name":"Single-Family Detached","ite_unit":"DU","units":2,"daily_trips":18.9,"am_peak_trips":1.4,"pm_peak_trips":1.9,"imprv_val":383200.0,"acres":1.0,"city":"Reno","city_code":"CRE","fill_color":[34,139,34,180]}},{"type":"Feature","geometry":{"type":"Polygon","coordinates":[[[-97.55480824856252,32.9324520721486],[-97.55452420524523,32.931779578901384],[-97.55517964785379,32.93194267269179],[-97.55487792897887,32.93261763237827],[-97.55480824856252,32.9324520721486]]]},"properties":{"prop_id":55089,"state_cd":"S45","ite_code":210,"ite_name":"Single-Family Detached","ite_unit":"DU","units":1,"daily_trips":9.4,"am_peak_trips":0.7,"pm_peak_trips":0.9,"imprv_val":185000.0,"acres":0.737,"city":"Reno","city_code":"CRE","fill_color":[34,139,34,180]}},{"type":"Feature","geometry":{"type":"Polygon","coordinates":[[[-97.61300582796926,32.963583009272],[-97.61287478626446,32.96375559817856],[-97.61275044133248,32.96393167239676],[-97.61263292342616,32.9641110470972],[-97.61252235639276,32.964293536502225],[-97.6124188545366,32.964478946649095],[-97.61232252787758,32.96466708444553],[-97.61223347577739,32.964857753115155],[-97.61215179336702,32.965050751341394],[-97.61207756615276,32.96524587773784],[-97.61201087111246,32.96544292815094],[-97.61195177884419,32.96564169477299],[-97.61190035138111,32.96584197063599],[-97.61172695121579,32.96570354957057],[-97.61153945570378,32.96554465907328],[-97.61094224488197,32.96460831245433],[-97.6105199997802,32.96435983062844],[-97.6094284279687,32.964721334234575],[-97.60824727018831,32.965031089685034],[-97.60724949513221,32.9653637682889],[-97.60636940621366,32.96572822916269],[-97.60611938899025,32.965773422240034],[-97.60609403852395,32.96574280548809],[-97.60561362034976,32.965777293898334],[-97.60541881651685,32.9658710241457],[-97.60523928003441,32.96589673957088],[-97.60507231481402,32.965884773724895],[-97.60467114919479,32.965911686811594],[-97.60458014185087,32.965878901679595],[-97.60439375176811,32.965207846182665],[-97.60441226845484,32.965077583824296],[-97.60416590341896,32.96462476782799],[-97.60437616686934,32.96097821710901],[-97.61241761176518,32.96106236215406],[-97.61301098373694,32.961065377819835],[-97.61300582796926,32.963583009272]]]},"properties":{"prop_id":43143,"state_cd":"8","ite_code":0,"ite_name":"Vacant/Agricultural","ite_unit":"N/A","units":1.0,"daily_trips":0.0,"am_peak_trips":0.0,"pm_peak_trips":0.0,"imprv_val":0.0,"acres":92.798,"city":"Reno","city_code":"CRE","fill_color":[80,80,80,100]}},{"type":"Feature","geometry":{"type":"Polygon","coordinates":[[[-97.60000906439171,32.92288232207099],[-97.60003439392295,32.92329729281606],[-97.598144685666,32.92313473479835],[-97.59814895171058,32.922715319910566],[-97.60000906439171,32.92288232207099]]]},"properties":{"prop_id":93340,"state_cd":"8","ite_code":210,"ite_name":"Single-Family Detached","ite_unit":"DU","units":3,"daily_trips":28.3,"am_peak_trips":2.1,"pm_peak_trips":2.8,"imprv_val":111630.0,"acres":2.0,"city":"Reno","city_code":"CRE","fill_color":[34,139,34,180]}},{"type":"Feature","geometry":{"type":"Polygon","coordinates":[[[-97.58601280830949,32.964940769935055],[-97.58653095485546,32.96501746945223],[-97.58661051544101,32.96500864923462],[-97.5865771744644,32.96823866516097],[-97.58641512516877,32.968243188601875],[-97.58597856284364,32.96825537269886],[-97.58601280830949,32.964940769935055]]]},"properties":{"prop_id":129576,"state_cd":"S80","ite_code":0,"ite_name":"Vacant/Agricultural","ite_unit":"N/A","units":1.0,"daily_trips":0.0,"am_peak_trips":0.0,"pm_peak_trips":0.0,"imprv_val":0.0,"acres":1.0,"city":"Reno","city_code":"CRE","fill_color":[80,80,80,100]}},{"type":"Feature","geometry":{"type":"Polygon","coordinates":[[[-97.56482498291076,32.97152267079146],[-97.56495451920243,32.97152159918697],[-97.5652994364912,32.97151123804546],[-97.56530042908221,32.97232262369076],[-97.56483826005072,32.9723288855656],[-97.56482498291076,32.97152267079146]]]},"properties":{"prop_id":106227,"state_cd":"S80","ite_code":210,"ite_name":"Single-Family Detached","ite_unit":"DU","units":2,"daily_trips":18.9,"am_peak_trips":1.4,"pm_peak_trips":1.9,"imprv_val":419420.0,"acres":1.0,"city":"Reno","city_code":"CRE","fill_color":[34,139,34,180]}},{"type":"Feature","geometry":{"type":"Polygon","coordinates":[[[-97.58614191298835,32.96484732940757],[-97.5859780003245,32.96482226665669],[-97.58557710352932,32.96483117383877],[-97.58556570595482,32.964224668841155],[-97.58558352951789,32.961897423144904],[-97.58570569654215,32.96185988172371],[-97.58541650978769,32.96040896493721],[-97.58645249102342,32.96041384517381],[-97.58652494468127,32.96217732173102],[-97.58649932964104,32.963166741387354],[-97.5864550045041,32.96487875321771],[-97.5864541720594,32.96491091449666],[-97.58644271446782,32.96491205158118],[-97.58644266781859,32.964923521617514],[-97.5862626302728,32.964879744391624],[-97.58626046613614,32.96487921808753],[-97.58614191298835,32.96484732940757]]]},"properties":{"prop_id":62482,"state_cd":"8","ite_code":0,"ite_name":"Vacant/Agricultural","ite_unit":"N/A","units":1.0,"daily_trips":0.0,"am_peak_trips":0.0,"pm_peak_trips":0.0,"imprv_val":0.0,"acres":8.97,"city":"Reno","city_code":"CRE","fill_color":[80,80,80,100]}},{"type":"Feature","geometry":{"type":"Polygon","coordinates":[[[-97.56470065735127,32.92273801124318],[-97.56478568903735,32.92273852435843],[-97.56477923215225,32.9231843926249],[-97.56477686295605,32.92328798684735],[-97.56475058890018,32.92443681774034],[-97.56470198248297,32.92443676210369],[-97.56337161697826,32.92443524190685],[-97.56207328046844,32.92443374486549],[-97.56133785712787,32.924432890065304],[-97.56135602797167,32.92271777296791],[-97.56459108467165,32.9227373498469],[-97.56470065735127,32.92273801124318]]]},"properties":{"prop_id":54089,"state_cd":"15A+","ite_code":210,"ite_name":"Single-Family Detached","ite_unit":"DU","units":2,"daily_trips":18.9,"am_peak_trips":1.4,"pm_peak_trips":1.9,"imprv_val":313660.0,"acres":1.0,"city":"Reno","city_code":"CRE","fill_color":[34,139,34,180]}},{"type":"Feature","geometry":{"type":"Polygon","coordinates":[[[-97.56974483927907,32.96024144298784],[-97.56852995032456,32.960249547499245],[-97.56853016942536,32.95979035334705],[-97.56851957964778,32.95904263634605],[-97.56978062553357,32.9589608578551],[-97.56974483927907,32.96024144298784]]]},"properties":{"prop_id":51940,"state_cd":"8","ite_code":210,"ite_name":"Single-Family Detached","ite_unit":"DU","units":3,"daily_trips":28.3,"am_peak_trips":2.1,"pm_peak_trips":2.8,"imprv_val":37220.0,"acres":4.0,"city":"Reno","city_code":"CRE","fill_color":[34,139,34,180]}},{"type":"Feature","geometry":{"type":"Polygon","coordinates":[[[-97.54504715228515,32.946555093994505],[-97.54505375411641,32.94599691830069],[-97.54606746669681,32.946008710640776],[-97.54606483019312,32.94670032702007],[-97.5450471526256,32.946700202940335],[-97.54504715228515,32.946555093994505]]]},"properties":{"prop_id":49568,"state_cd":"15A+","ite_code":210,"ite_name":"Single-Family Detached","ite_unit":"DU","units":3,"daily_trips":28.3,"am_peak_trips":2.1,"pm_peak_trips":2.8,"imprv_val":201110.0,"acres":1.9,"city":"Reno","city_code":"CRE","fill_color":[34,139,34,180]}},{"type":"Feature","geometry":{"type":"Polygon","coordinates":[[[-97.56388247519277,32.97082438186736],[-97.56391035858606,32.97082568071974],[-97.56393816805283,32.97082354844479],[-97.56396531466869,32.97081803112188],[-97.56399122161328,32.97080924436282],[-97.5640153369792,32.97079737611337],[-97.5640371488451,32.97078267774815],[-97.56405044134561,32.970771209787856],[-97.56406231883446,32.97075868778071],[-97.56408636788088,32.97072080119001],[-97.56409327458204,32.97070171078894],[-97.5640963399495,32.970688434504446],[-97.56409835110207,32.970670639343474],[-97.5640972959294,32.97064616834662],[-97.56409186270784,32.97062211268185],[-97.56408217611296,32.970599026107394],[-97.56406845947903,32.97057744057619],[-97.56405102746257,32.97055785175159],[-97.56505997702386,32.96999839770824],[-97.56498737500488,32.97104704787945],[-97.56495777628648,32.9714745543576],[-97.56495451920243,32.97152159918697],[-97.56482498291076,32.97152267079146],[-97.56436170103473,32.97152650290541],[-97.56404376334301,32.97152913246957],[-97.56388247519277,32.97082438186736]]]},"properties":{"prop_id":106236,"state_cd":"8","ite_code":210,"ite_name":"Single-Family Detached","ite_unit":"DU","units":2,"daily_trips":18.9,"am_peak_trips":1.4,"pm_peak_trips":1.9,"imprv_val":440980.0,"acres":3.11,"city":"Reno","city_code":"CRE","fill_color":[34,139,34,180]}},{"type":"Feature","geometry":{"type":"Polygon","coordinates":[[[-97.6077337983602,32.923929817553365],[-97.60838248418358,32.9239220957935],[-97.6083773945124,32.92420470744155],[-97.6082311558183,32.92419115753768],[-97.60773343934075,32.92395474255726],[-97.6077337983602,32.923929817553365]]]},"properties":{"prop_id":36003,"state_cd":"8","ite_code":210,"ite_name":"Single-Family Detached","ite_unit":"DU","units":1,"daily_trips":9.4,"am_peak_trips":0.7,"pm_peak_trips":0.9,"imprv_val":177430.0,"acres":0.269,"city":"Reno","city_code":"CRE","fill_color":[34,139,34,180]}},{"type":"Feature","geometry":{"type":"Polygon","coordinates":[[[-97.61929665291089,32.94419692218322],[-97.61951735247291,32.94370548305572],[-97.62036399321569,32.94370346969973],[-97.62003614066697,32.944235194912984],[-97.61929665291089,32.94419692218322]]]},"properties":{"prop_id":86497,"state_cd":"S80","ite_code":210,"ite_name":"Single-Family Detached","ite_unit":"DU","units":2,"daily_trips":18.9,"am_peak_trips":1.4,"pm_peak_trips":1.9,"imprv_val":393110.0,"acres":1.084,"city":"Reno","city_code":"CRE","fill_color":[34,139,34,180]}},{"type":"Feature","geometry":{"type":"Polygon","coordinates":[[[-97.56648962808369,32.974625858114436],[-97.56648708904623,32.97453158788672],[-97.56725393442719,32.97453703083582],[-97.56726443470436,32.97506173845482],[-97.56650144287116,32.97506442200373],[-97.56648962808369,32.974625858114436]]]},"properties":{"prop_id":106270,"state_cd":"S80","ite_code":210,"ite_name":"Single-Family Detached","ite_unit":"DU","units":2,"daily_trips":18.9,"am_peak_trips":1.4,"pm_peak_trips":1.9,"imprv_val":462000.0,"acres":1.0,"city":"Reno","city_code":"CRE","fill_color":[34,139,34,180]}},{"type":"Feature","geometry":{"type":"Polygon","coordinates":[[[-97.60025009859228,32.92821595239025],[-97.60081219271396,32.92765007680781],[-97.60128389617097,32.927151770278506],[-97.6018050087278,32.92672718511592],[-97.60227942220652,32.92641713227782],[-97.60274307137233,32.92616876578042],[-97.60291076770683,32.92610089678921],[-97.60292353435275,32.92737021642756],[-97.60267621166643,32.927711319283745],[-97.60132446101092,32.927744428625964],[-97.60133904412818,32.92832147812497],[-97.60025970033043,32.92834568284403],[-97.60025009859228,32.92821595239025]]]},"properties":{"prop_id":54216,"state_cd":"8","ite_code":0,"ite_name":"Vacant/Agricultural","ite_unit":"N/A","units":1.0,"daily_trips":0.0,"am_peak_trips":0.0,"pm_peak_trips":0.0,"imprv_val":0.0,"acres":6.62,"city":"Reno","city_code":"CRE","fill_color":[80,80,80,100]}},{"type":"Feature","geometry":{"type":"Polygon","coordinates":[[[-97.56625850109818,32.96487756149285],[-97.56639015914278,32.96487746211142],[-97.56674360835247,32.96487719395557],[-97.56673951792497,32.96575766934718],[-97.56625236919709,32.965768663221326],[-97.56625850109818,32.96487756149285]]]},"properties":{"prop_id":115923,"state_cd":"S85","ite_code":0,"ite_name":"Vacant/Agricultural","ite_unit":"N/A","units":1.0,"daily_trips":0.0,"am_peak_trips":0.0,"pm_peak_trips":0.0,"imprv_val":0.0,"acres":1.108,"city":"Reno","city_code":"CRE","fill_color":[80,80,80,100]}},{"type":"Feature","geometry":{"type":"Polygon","coordinates":[[[-97.54813526017558,32.95242171368806],[-97.54814199520754,32.951786570532825],[-97.54814489303398,32.95151354598258],[-97.5512818088824,32.95153747056204],[-97.55127497042717,32.952175884803374],[-97.55172258632358,32.95218286259553],[-97.55202319615532,32.952185150054135],[-97.55201519556408,32.95293263495871],[-97.54812991243377,32.95292716825083],[-97.54813526017558,32.95242171368806]]]},"properties":{"prop_id":53914,"state_cd":"15A+","ite_code":0,"ite_name":"Vacant/Agricultural","ite_unit":"N/A","units":1.0,"daily_trips":0.0,"am_peak_trips":0.0,"pm_peak_trips":0.0,"imprv_val":0.0,"acres":11.67,"city":"Reno","city_code":"CRE","fill_color":[80,80,80,100]}},{"type":"Feature","geometry":{"type":"Polygon","coordinates":[[[-97.55189114177273,32.94087889591641],[-97.55188889303939,32.940651826342645],[-97.55089453582937,32.94065528269718],[-97.55089453568091,32.94065509691787],[-97.55089460735408,32.939984513108854],[-97.55087939010588,32.93940420197463],[-97.55219511617337,32.939376676335385],[-97.55285674870031,32.93938783259222],[-97.55286161725545,32.93995756373713],[-97.55352970774551,32.93996179790017],[-97.55353015453923,32.940887116162905],[-97.5521754562617,32.940878911118055],[-97.55189114177273,32.94087889591641]]]},"properties":{"prop_id":49910,"state_cd":"15A+","ite_code":0,"ite_name":"Vacant/Agricultural","ite_unit":"N/A","units":1.0,"daily_trips":0.0,"am_peak_trips":0.0,"pm_peak_trips":0.0,"imprv_val":0.0,"acres":8.42,"city":"Reno","city_code":"CRE","fill_color":[80,80,80,100]}},{"type":"Feature","geometry":{"type":"Polygon","coordinates":[[[-97.57757264435571,32.95061282359877],[-97.57758007639501,32.95010553646066],[-97.57757959950877,32.949709587815384],[-97.57838263297344,32.94971313143265],[-97.57837763998594,32.95019297765391],[-97.57814542549312,32.950191954196946],[-97.5781409913233,32.95061798406021],[-97.57757264435571,32.95061282359877]]]},"properties":{"prop_id":36021,"state_cd":"8","ite_code":210,"ite_name":"Single-Family Detached","ite_unit":"DU","units":2,"daily_trips":18.9,"am_peak_trips":1.4,"pm_peak_trips":1.9,"imprv_val":35190.0,"acres":1.58,"city":"Reno","city_code":"CRE","fill_color":[34,139,34,180]}},{"type":"Feature","geometry":{"type":"Polygon","coordinates":[[[-97.57364829547753,32.94836221999934],[-97.57485723111695,32.94836389765768],[-97.57485278079439,32.9489534045682],[-97.57364489363961,32.94894725080805],[-97.57364813879249,32.948389269318874],[-97.57364829547753,32.94836221999934]]]},"properties":{"prop_id":67725,"state_cd":"8","ite_code":210,"ite_name":"Single-Family Detached","ite_unit":"DU","units":3,"daily_trips":28.3,"am_peak_trips":2.1,"pm_peak_trips":2.8,"imprv_val":179960.0,"acres":1.843,"city":"Reno","city_code":"CRE","fill_color":[34,139,34,180]}},{"type":"Feature","geometry":{"type":"Polygon","coordinates":[[[-97.55397066282679,32.932396065312204],[-97.5534285214814,32.932538727164435],[-97.55328574562553,32.932409726597335],[-97.5537851793529,32.932103859388015],[-97.55397066282679,32.932396065312204]]]},"properties":{"prop_id":116200,"state_cd":"8","ite_code":210,"ite_name":"Single-Family Detached","ite_unit":"DU","units":1,"daily_trips":9.4,"am_peak_trips":0.7,"pm_peak_trips":0.9,"imprv_val":22836.0,"acres":0.36,"city":"Reno","city_code":"CRE","fill_color":[34,139,34,180]}},{"type":"Feature","geometry":{"type":"Polygon","coordinates":[[[-97.56912615335432,32.93777597780123],[-97.56932142957832,32.93707208570152],[-97.56949958147341,32.936429910477564],[-97.57092198271673,32.936416346653715],[-97.57092251215451,32.93641634158382],[-97.57109610343743,32.93587302620895],[-97.57139962751289,32.93586820064379],[-97.57184292714314,32.93587034628064],[-97.57184908988575,32.935870295699644],[-97.57177176315534,32.93592670108012],[-97.57173425873499,32.936276115236694],[-97.5716066635321,32.936246606017995],[-97.5715668107609,32.93629888417179],[-97.57129767924592,32.936436926742765],[-97.5711432202114,32.93710729388345],[-97.56949818297792,32.93707935002965],[-97.56930334873715,32.937776527029044],[-97.56901595660223,32.938804853800306],[-97.56884055376499,32.93880542412832],[-97.56899369279071,32.93825343741021],[-97.56912615335432,32.93777597780123]]]},"properties":{"prop_id":41751,"state_cd":"8","ite_code":210,"ite_name":"Single-Family Detached","ite_unit":"DU","units":2,"daily_trips":18.9,"am_peak_trips":1.4,"pm_peak_trips":1.9,"imprv_val":169440.0,"acres":2.733,"city":"Reno","city_code":"CRE","fill_color":[34,139,34,180]}},{"type":"Feature","geometry":{"type":"Polygon","coordinates":[[[-97.54659089391772,32.93392300542505],[-97.54660997746991,32.9328238212971],[-97.54664924360848,32.932751463507756],[-97.54709696040081,32.932925638383715],[-97.54773152810924,32.933950218468475],[-97.54751720708929,32.93394510609088],[-97.54659089391772,32.93392300542505]]]},"properties":{"prop_id":55020,"state_cd":"15A+","ite_code":210,"ite_name":"Single-Family Detached","ite_unit":"DU","units":2,"daily_trips":18.9,"am_peak_trips":1.4,"pm_peak_trips":1.9,"imprv_val":107920.0,"acres":2.21,"city":"Reno","city_code":"CRE","fill_color":[34,139,34,180]}},{"type":"Feature","geometry":{"type":"Polygon","coordinates":[[[-97.61577861551841,32.93947878100731],[-97.61578197209857,32.93890658400291],[-97.6173274237784,32.93892653185532],[-97.61715509526303,32.93913283199666],[-97.61646813557287,32.93968214883644],[-97.61646811497499,32.939682176647146],[-97.6157774249437,32.93968183965145],[-97.61577861551841,32.93947878100731]]]},"properties":{"prop_id":48458,"state_cd":"8","ite_code":210,"ite_name":"Single-Family Detached","ite_unit":"DU","units":2,"daily_trips":18.9,"am_peak_trips":1.4,"pm_peak_trips":1.9,"imprv_val":154000.0,"acres":2.17,"city":"Reno","city_code":"CRE","fill_color":[34,139,34,180]}},{"type":"Feature","geometry":{"type":"Polygon","coordinates":[[[-97.561800640099,32.97479063324091],[-97.56082859141823,32.97501393009877],[-97.5608346251674,32.97450568471326],[-97.56176533571528,32.974488916974416],[-97.56176413487016,32.97460224733501],[-97.56176923566146,32.97466591982264],[-97.56178144060578,32.97472890177874],[-97.561800640099,32.97479063324091]]]},"properties":{"prop_id":106190,"state_cd":"S80","ite_code":210,"ite_name":"Single-Family Detached","ite_unit":"DU","units":2,"daily_trips":18.9,"am_peak_trips":1.4,"pm_peak_trips":1.9,"imprv_val":451580.0,"acres":1.007,"city":"Reno","city_code":"CRE","fill_color":[34,139,34,180]}},{"type":"Feature","geometry":{"type":"Polygon","coordinates":[[[-97.58426678244793,32.964928879782384],[-97.58484658010471,32.96492570067989],[-97.58481184372499,32.968287928188424],[-97.58423190567214,32.96830410613674],[-97.58426678244793,32.964928879782384]]]},"properties":{"prop_id":129579,"state_cd":"S80","ite_code":0,"ite_name":"Vacant/Agricultural","ite_unit":"N/A","units":1.0,"daily_trips":0.0,"am_peak_trips":0.0,"pm_peak_trips":0.0,"imprv_val":0.0,"acres":1.0,"city":"Reno","city_code":"CRE","fill_color":[80,80,80,100]}},{"type":"Feature","geometry":{"type":"Polygon","coordinates":[[[-97.54714819320236,32.931674166896435],[-97.54712955518946,32.93130255132274],[-97.5479039156335,32.931315341514264],[-97.54790301270857,32.93183857233262],[-97.54790269078553,32.93186733215906],[-97.54774285851313,32.931867353184764],[-97.54714295215469,32.93185063615876],[-97.54714819320236,32.931674166896435]]]},"properties":{"prop_id":55012,"state_cd":"15A+","ite_code":210,"ite_name":"Single-Family Detached","ite_unit":"DU","units":2,"daily_trips":18.9,"am_peak_trips":1.4,"pm_peak_trips":1.9,"imprv_val":183690.0,"acres":1.033,"city":"Reno","city_code":"CRE","fill_color":[34,139,34,180]}},{"type":"Feature","geometry":{"type":"Polygon","coordinates":[[[-97.57183337473744,32.94692693118539],[-97.57365652161029,32.946936374639776],[-97.57364829547753,32.94836221999934],[-97.57364813879249,32.948389269318874],[-97.57364489363961,32.94894725080805],[-97.57182861653175,32.94893797590877],[-97.57183337473744,32.94692693118539]]]},"properties":{"prop_id":67740,"state_cd":"8","ite_code":0,"ite_name":"Vacant/Agricultural","ite_unit":"N/A","units":1.0,"daily_trips":0.0,"am_peak_trips":0.0,"pm_peak_trips":0.0,"imprv_val":0.0,"acres":9.0,"city":"Reno","city_code":"CRE","fill_color":[80,80,80,100]}},{"type":"Feature","geometry":{"type":"Polygon","coordinates":[[[-97.58257541481558,32.9611378437314],[-97.58257052280317,32.9603922712518],[-97.58291098497092,32.960397788592175],[-97.5835101245774,32.960399943798826],[-97.58359655948072,32.96040035943172],[-97.58366158867547,32.96040066810085],[-97.58360561245196,32.96481302134525],[-97.5825768101503,32.9643816868996],[-97.58257541481558,32.9611378437314]]]},"properties":{"prop_id":75034,"state_cd":"8","ite_code":210,"ite_name":"Single-Family Detached","ite_unit":"DU","units":2,"daily_trips":18.9,"am_peak_trips":1.4,"pm_peak_trips":1.9,"imprv_val":380810.0,"acres":1.0,"city":"Reno","city_code":"CRE","fill_color":[34,139,34,180]}},{"type":"Feature","geometry":{"type":"Polygon","coordinates":[[[-97.55559965545922,32.94145860149358],[-97.55559573875362,32.9409529199483],[-97.55559169615647,32.94062075866475],[-97.55558165450444,32.93979567175395],[-97.55558342597863,32.93899252037312],[-97.55623207977925,32.93898469393511],[-97.55623274560834,32.93979483132581],[-97.55623369354691,32.94094770156381],[-97.55623390412198,32.94120379101512],[-97.55663283436711,32.941210391793255],[-97.55663571251947,32.94213802233149],[-97.55633086123922,32.94214402492668],[-97.55560507579777,32.942158311628305],[-97.55559965545922,32.94145860149358]]]},"properties":{"prop_id":65658,"state_cd":"8","ite_code":210,"ite_name":"Single-Family Detached","ite_unit":"DU","units":3,"daily_trips":28.3,"am_peak_trips":2.1,"pm_peak_trips":2.8,"imprv_val":745310.0,"acres":3.35,"city":"Reno","city_code":"CRE","fill_color":[34,139,34,180]}},{"type":"Feature","geometry":{"type":"Polygon","coordinates":[[[-97.55660160546338,32.97022160327081],[-97.55708535682353,32.9702303902836],[-97.55716812701687,32.9712436093735],[-97.556550509606,32.971328274469954],[-97.55657295174103,32.97105180297566],[-97.55660160546338,32.97022160327081]]]},"properties":{"prop_id":113633,"state_cd":"8","ite_code":210,"ite_name":"Single-Family Detached","ite_unit":"DU","units":2,"daily_trips":18.9,"am_peak_trips":1.4,"pm_peak_trips":1.9,"imprv_val":474640.0,"acres":1.512,"city":"Reno","city_code":"CRE","fill_color":[34,139,34,180]}},{"type":"Feature","geometry":{"type":"Polygon","coordinates":[[[-97.61529861379594,32.94281284642183],[-97.61403123661191,32.942806652119195],[-97.6141849640645,32.94243225354399],[-97.61448916660109,32.941894681149975],[-97.61495142656851,32.941341050162755],[-97.61537336108678,32.94091454901651],[-97.61603043481041,32.940403815684085],[-97.61638655486297,32.940787163522295],[-97.61626507905387,32.94191230616317],[-97.61732022259551,32.941901974202025],[-97.61758950130096,32.943007506801806],[-97.61530040111862,32.94303246570416],[-97.61529861379594,32.94281284642183]]]},"properties":{"prop_id":48505,"state_cd":"8","ite_code":210,"ite_name":"Single-Family Detached","ite_unit":"DU","units":10,"daily_trips":94.4,"am_peak_trips":7.1,"pm_peak_trips":9.4,"imprv_val":157510.0,"acres":13.0,"city":"Reno","city_code":"CRE","fill_color":[255,200,0,200]}},{"type":"Feature","geometry":{"type":"Polygon","coordinates":[[[-97.56303349065341,32.929864239131845],[-97.56303148856165,32.92930794092285],[-97.56330991133302,32.929413599000505],[-97.5637353593276,32.92957504893292],[-97.56392622615184,32.92957734642244],[-97.56463281497368,32.92958585115294],[-97.56462306040177,32.930012427463325],[-97.56462233950081,32.930043939411114],[-97.56462170963272,32.93007148847354],[-97.56452255099333,32.933166863148976],[-97.56452232820412,32.93317185854678],[-97.56452141745083,32.93317151712647],[-97.56449376664051,32.93316116382946],[-97.56301566232109,32.93259477481482],[-97.5630311762676,32.93108741070844],[-97.56303328090524,32.93102279466496],[-97.56303348312139,32.929888308177176],[-97.56303349065341,32.929864239131845]]]},"properties":{"prop_id":54102,"state_cd":"8","ite_code":210,"ite_name":"Single-Family Detached","ite_unit":"DU","units":2,"daily_trips":18.9,"am_peak_trips":1.4,"pm_peak_trips":1.9,"imprv_val":156520.0,"acres":1.0,"city":"Reno","city_code":"CRE","fill_color":[34,139,34,180]}},{"type":"Feature","geometry":{"type":"Polygon","coordinates":[[[-97.5853998895764,32.93580937582564],[-97.586836982231,32.935850938572294],[-97.58678122943176,32.936376485518785],[-97.58534744906541,32.936356973799334],[-97.5853998895764,32.93580937582564]]]},"properties":{"prop_id":85050,"state_cd":"8","ite_code":210,"ite_name":"Single-Family Detached","ite_unit":"DU","units":3,"daily_trips":28.3,"am_peak_trips":2.1,"pm_peak_trips":2.8,"imprv_val":291710.0,"acres":2.0,"city":"Reno","city_code":"CRE","fill_color":[34,139,34,180]}},{"type":"Feature","geometry":{"type":"Polygon","coordinates":[[[-97.55387961825167,32.957514759275035],[-97.55675830187458,32.9575009537291],[-97.55677479007547,32.958071801942495],[-97.55610411890582,32.95807346827554],[-97.55452396862634,32.95807737994428],[-97.55391322933536,32.95807888678669],[-97.55387993750139,32.957520122197735],[-97.55387961825167,32.957514759275035]]]},"properties":{"prop_id":96564,"state_cd":"15A+","ite_code":0,"ite_name":"Vacant/Agricultural","ite_unit":"N/A","units":1.0,"daily_trips":0.0,"am_peak_trips":0.0,"pm_peak_trips":0.0,"imprv_val":3590.0,"acres":5.0,"city":"Reno","city_code":"CRE","fill_color":[80,80,80,100]}},{"type":"Feature","geometry":{"type":"Polygon","coordinates":[[[-97.5892829158905,32.967227990996214],[-97.58928152968217,32.96665946198577],[-97.5893988296652,32.96673272345615],[-97.58999441736711,32.966734355872724],[-97.58997771573013,32.96698238768588],[-97.58996970186233,32.96721139390243],[-97.58928292575327,32.96723223327522],[-97.5892829158905,32.967227990996214]]]},"properties":{"prop_id":54016,"state_cd":"8","ite_code":210,"ite_name":"Single-Family Detached","ite_unit":"DU","units":2,"daily_trips":18.9,"am_peak_trips":1.4,"pm_peak_trips":1.9,"imprv_val":276940.0,"acres":1.0,"city":"Reno","city_code":"CRE","fill_color":[34,139,34,180]}},{"type":"Feature","geometry":{"type":"Polygon","coordinates":[[[-97.56458839428441,32.974568543361755],[-97.56537467864896,32.97456159569684],[-97.56538496071306,32.97507368801561],[-97.564600453115,32.975080951227376],[-97.56458839428441,32.974568543361755]]]},"properties":{"prop_id":106259,"state_cd":"S80","ite_code":210,"ite_name":"Single-Family Detached","ite_unit":"DU","units":2,"daily_trips":18.9,"am_peak_trips":1.4,"pm_peak_trips":1.9,"imprv_val":440990.0,"acres":1.0,"city":"Reno","city_code":"CRE","fill_color":[34,139,34,180]}},{"type":"Feature","geometry":{"type":"Polygon","coordinates":[[[-97.55117101145673,32.93539358545222],[-97.55117594424023,32.93526883141915],[-97.55117812697264,32.93521361688032],[-97.55201110007877,32.935220407503984],[-97.55199709175886,32.935619707952256],[-97.55162351115823,32.93550106511939],[-97.55117101145673,32.93539358545222]]]},"properties":{"prop_id":104027,"state_cd":"15A+","ite_code":210,"ite_name":"Single-Family Detached","ite_unit":"DU","units":1,"daily_trips":9.4,"am_peak_trips":0.7,"pm_peak_trips":0.9,"imprv_val":259520.0,"acres":0.58,"city":"Reno","city_code":"CRE","fill_color":[34,139,34,180]}},{"type":"Feature","geometry":{"type":"Polygon","coordinates":[[[-97.55322362819626,32.9301162816456],[-97.55435125790639,32.93010613845186],[-97.55434801143781,32.93018356173648],[-97.55430768740642,32.931145231207715],[-97.55432444911872,32.9313066311819],[-97.55297497079025,32.9321025156832],[-97.55274157965044,32.93197231692149],[-97.5525747061647,32.93194574684824],[-97.55322362819626,32.9301162816456]]]},"properties":{"prop_id":55087,"state_cd":"8","ite_code":210,"ite_name":"Single-Family Detached","ite_unit":"DU","units":5,"daily_trips":47.2,"am_peak_trips":3.5,"pm_peak_trips":4.7,"imprv_val":224710.0,"acres":5.78,"city":"Reno","city_code":"CRE","fill_color":[34,139,34,180]}},{"type":"Feature","geometry":{"type":"Polygon","coordinates":[[[-97.58765616917994,32.93428720366467],[-97.58730717844688,32.93462812236037],[-97.58723588668744,32.93473353932653],[-97.5841433065746,32.93449376468556],[-97.58452897773059,32.933777927130734],[-97.58765616917994,32.93428720366467]]]},"properties":{"prop_id":85049,"state_cd":"8","ite_code":210,"ite_name":"Single-Family Detached","ite_unit":"DU","units":4,"daily_trips":37.8,"am_peak_trips":2.8,"pm_peak_trips":3.8,"imprv_val":163780.0,"acres":5.001,"city":"Reno","city_code":"CRE","fill_color":[34,139,34,180]}},{"type":"Feature","geometry":{"type":"Polygon","coordinates":[[[-97.5891021764791,32.948893782389646],[-97.58911299273595,32.94832088164345],[-97.58975460370061,32.948380384941544],[-97.5897337212476,32.94906183150025],[-97.5891021764791,32.948893782389646]]]},"properties":{"prop_id":22946,"state_cd":"S80","ite_code":210,"ite_name":"Single-Family Detached","ite_unit":"DU","units":2,"daily_trips":18.9,"am_peak_trips":1.4,"pm_peak_trips":1.9,"imprv_val":330670.0,"acres":1.061,"city":"Reno","city_code":"CRE","fill_color":[34,139,34,180]}},{"type":"Feature","geometry":{"type":"Polygon","coordinates":[[[-97.61284126943411,32.93874921786158],[-97.61284243809186,32.93846380107308],[-97.61366138070544,32.93838518091765],[-97.61407312483684,32.93877226178826],[-97.61405603366855,32.93878238775571],[-97.61404117443323,32.938794767938354],[-97.6140289633875,32.938809058994124],[-97.61401973713288,32.93882486200265],[-97.61401375566172,32.93884173871992],[-97.61401118196594,32.9388592186478],[-97.61401209042077,32.93887681622847],[-97.61284126943411,32.93874921786158]]]},"properties":{"prop_id":111534,"state_cd":"S85","ite_code":0,"ite_name":"Vacant/Agricultural","ite_unit":"N/A","units":1.0,"daily_trips":0.0,"am_peak_trips":0.0,"pm_peak_trips":0.0,"imprv_val":0.0,"acres":1.03,"city":"Reno","city_code":"CRE","fill_color":[80,80,80,100]}},{"type":"Feature","geometry":{"type":"Polygon","coordinates":[[[-97.5759444725744,32.94291204008967],[-97.5759618446094,32.942706525626214],[-97.5769359141354,32.94272803590345],[-97.5768375986683,32.94392249110171],[-97.57585967300503,32.94391524110453],[-97.5759444725744,32.94291204008967]]]},"properties":{"prop_id":52059,"state_cd":"8","ite_code":210,"ite_name":"Single-Family Detached","ite_unit":"DU","units":2,"daily_trips":18.9,"am_peak_trips":1.4,"pm_peak_trips":1.9,"imprv_val":125660.0,"acres":3.0,"city":"Reno","city_code":"CRE","fill_color":[34,139,34,180]}},{"type":"Feature","geometry":{"type":"Polygon","coordinates":[[[-97.55021372298637,32.936806043412204],[-97.5506048314422,32.93679777151589],[-97.55106355634965,32.936788069101844],[-97.55106442499537,32.936165665335764],[-97.55110458410503,32.936177073738364],[-97.55110376769407,32.93735693077921],[-97.55024988265045,32.937365865171905],[-97.55021372298637,32.936806043412204]]]},"properties":{"prop_id":1185,"state_cd":"15A+","ite_code":210,"ite_name":"Single-Family Detached","ite_unit":"DU","units":2,"daily_trips":18.9,"am_peak_trips":1.4,"pm_peak_trips":1.9,"imprv_val":353390.0,"acres":1.37,"city":"Reno","city_code":"CRE","fill_color":[34,139,34,180]}},{"type":"Feature","geometry":{"type":"Polygon","coordinates":[[[-97.59015971622297,32.935292525313955],[-97.5901528184943,32.93584603648073],[-97.5894658376197,32.93728180050491],[-97.58863188331628,32.93777336646436],[-97.5886265884453,32.93825319407115],[-97.5872293400569,32.9382381379567],[-97.58752004482623,32.93751970185105],[-97.5884544563127,32.93697916752583],[-97.58847091191814,32.93538974251966],[-97.58943831623478,32.935334056022015],[-97.59015971622297,32.935292525313955]]]},"properties":{"prop_id":90363,"state_cd":"8","ite_code":0,"ite_name":"Vacant/Agricultural","ite_unit":"N/A","units":1.0,"daily_trips":0.0,"am_peak_trips":0.0,"pm_peak_trips":0.0,"imprv_val":0.0,"acres":10.025,"city":"Reno","city_code":"CRE","fill_color":[80,80,80,100]}},{"type":"Feature","geometry":{"type":"Polygon","coordinates":[[[-97.54368135534034,32.93917890092044],[-97.54370480235147,32.93824712933864],[-97.5450411127202,32.93826870157602],[-97.54504439226947,32.93826875467211],[-97.5450421825362,32.93879655194762],[-97.54504205482678,32.93882695007082],[-97.54503956314537,32.939423061055834],[-97.54503769258437,32.939423061146684],[-97.54362643313543,32.93942290314868],[-97.54362772209066,32.93931887087568],[-97.54368135534034,32.93917890092044]]]},"properties":{"prop_id":91343,"state_cd":"15A+","ite_code":0,"ite_name":"Vacant/Agricultural","ite_unit":"N/A","units":1.0,"daily_trips":0.0,"am_peak_trips":0.0,"pm_peak_trips":0.0,"imprv_val":0.0,"acres":0.39,"city":"Reno","city_code":"CRE","fill_color":[80,80,80,100]}},{"type":"Feature","geometry":{"type":"Polygon","coordinates":[[[-97.57796042454419,32.94398336020667],[-97.5779774130244,32.94359499417164],[-97.57798588899672,32.943459382383054],[-97.57799139434667,32.943261752973484],[-97.5785826194668,32.94327558897795],[-97.57856069602242,32.94360931799739],[-97.57854215187284,32.943992326519],[-97.57853092762842,32.943992153320245],[-97.57796042454419,32.94398336020667]]]},"properties":{"prop_id":51868,"state_cd":"8","ite_code":210,"ite_name":"Single-Family Detached","ite_unit":"DU","units":2,"daily_trips":18.9,"am_peak_trips":1.4,"pm_peak_trips":1.9,"imprv_val":325330.0,"acres":1.08,"city":"Reno","city_code":"CRE","fill_color":[34,139,34,180]}},{"type":"Feature","geometry":{"type":"Polygon","coordinates":[[[-97.55115847708637,32.944170129276316],[-97.55115530958072,32.94347515081439],[-97.55123945526724,32.94348944542005],[-97.55132158536854,32.94351048477895],[-97.55140094155031,32.94353807283376],[-97.5514767917608,32.9435719560115],[-97.5515484345366,32.943611820550686],[-97.55161520961994,32.94365729979635],[-97.55167649904669,32.94370797240456],[-97.55173173775437,32.943763370539095],[-97.55178041674182,32.94382298440435],[-97.5518220841488,32.94388626135134],[-97.55185635688515,32.94395261859163],[-97.55188291849232,32.94402144318055],[-97.55190152226581,32.94409210015735],[-97.55191199871281,32.94416393530714],[-97.55115847708637,32.944170129276316]]]},"properties":{"prop_id":118590,"state_cd":"15A+","ite_code":210,"ite_name":"Single-Family Detached","ite_unit":"DU","units":2,"daily_trips":18.9,"am_peak_trips":1.4,"pm_peak_trips":1.9,"imprv_val":422420.0,"acres":1.001,"city":"Reno","city_code":"CRE","fill_color":[34,139,34,180]}},{"type":"Feature","geometry":{"type":"Polygon","coordinates":[[[-97.56991361643831,32.971440257289515],[-97.56973176454636,32.96989321168527],[-97.56908206937861,32.96992439927849],[-97.569098789768,32.96975358302792],[-97.56910634306887,32.968899108610835],[-97.57319200253707,32.968925318765024],[-97.57318623737123,32.96948596295916],[-97.57244127997484,32.96948871382329],[-97.5717252227885,32.96949135445203],[-97.57194518294332,32.970686891991804],[-97.57213005101563,32.971450962824385],[-97.56991361643831,32.971440257289515]]]},"properties":{"prop_id":122378,"state_cd":"8","ite_code":0,"ite_name":"Vacant/Agricultural","ite_unit":"N/A","units":1.0,"daily_trips":0.0,"am_peak_trips":0.0,"pm_peak_trips":0.0,"imprv_val":0.0,"acres":17.44,"city":"Reno","city_code":"CRE","fill_color":[80,80,80,100]}},{"type":"Feature","geometry":{"type":"Polygon","coordinates":[[[-97.58691117035995,32.949016218585484],[-97.58790823600862,32.9491070185444],[-97.58827381204674,32.94914030866978],[-97.58889844211834,32.94919718588165],[-97.58889065515396,32.94948314942501],[-97.58885977669918,32.949769464454846],[-97.58883969131169,32.949853580229785],[-97.58881425512917,32.94990831937965],[-97.58879126766466,32.9499425399186],[-97.58875504033956,32.949978009156524],[-97.58871885540417,32.950009355518986],[-97.58868604353204,32.95002973231054],[-97.58865982231193,32.9500432844396],[-97.58863528763632,32.950051351332775],[-97.58858956309952,32.95005926322168],[-97.58854714095952,32.95006307607666],[-97.58850311711272,32.95006412841644],[-97.58845098575085,32.950060998251395],[-97.58841355258161,32.95005522681825],[-97.58836643850016,32.95003976380025],[-97.58825093749242,32.94998983826971],[-97.58817552735141,32.94995018930937],[-97.5881215094993,32.94992178849716],[-97.58787396529587,32.94978361958173],[-97.58740469162292,32.949487523514755],[-97.58723906487964,32.94935604876888],[-97.58701166254767,32.949168676511924],[-97.58697935255611,32.949140565026106],[-97.58696806756123,32.94912920401911],[-97.58695217244424,32.949108201109176],[-97.58693563537122,32.949085038114085],[-97.58692637296005,32.949065175925085],[-97.5869204558273,32.94905023700244],[-97.58691416640407,32.94902876789078],[-97.58691117035995,32.949016218585484]]]},"properties":{"prop_id":22940,"state_cd":"8","ite_code":210,"ite_name":"Single-Family Detached","ite_unit":"DU","units":2,"daily_trips":18.9,"am_peak_trips":1.4,"pm_peak_trips":1.9,"imprv_val":304460.0,"acres":1.419,"city":"Reno","city_code":"CRE","fill_color":[34,139,34,180]}},{"type":"Feature","geometry":{"type":"Polygon","coordinates":[[[-97.56305548355878,32.94919042438874],[-97.5630275475713,32.94918988874782],[-97.56303218918711,32.94820501011554],[-97.56335323712842,32.94821046592265],[-97.56336367778476,32.9491963290916],[-97.56305548355878,32.94919042438874]]]},"properties":{"prop_id":18888,"state_cd":"S80","ite_code":210,"ite_name":"Single-Family Detached","ite_unit":"DU","units":1,"daily_trips":9.4,"am_peak_trips":0.7,"pm_peak_trips":0.9,"imprv_val":40350.0,"acres":0.829,"city":"Reno","city_code":"CRE","fill_color":[34,139,34,180]}},{"type":"Feature","geometry":{"type":"Polygon","coordinates":[[[-97.5923440775339,32.9457103054084],[-97.59235373498011,32.944988819020736],[-97.5918892167299,32.94500003926948],[-97.5918819707637,32.94500021461824],[-97.5918992742728,32.94367881654355],[-97.59189930429102,32.94367588851287],[-97.5918754155775,32.94282787744826],[-97.59186944229253,32.94261588525502],[-97.59272596388752,32.94288361012968],[-97.59324600173474,32.942768922394734],[-97.59422096069042,32.942933271433176],[-97.59465778236466,32.94272399014648],[-97.59480696380635,32.94264600328301],[-97.59478454294957,32.94575845228786],[-97.5923440775339,32.9457103054084]]]},"properties":{"prop_id":42916,"state_cd":"8","ite_code":210,"ite_name":"Single-Family Detached","ite_unit":"DU","units":2,"daily_trips":18.9,"am_peak_trips":1.4,"pm_peak_trips":1.9,"imprv_val":187190.0,"acres":1.0,"city":"Reno","city_code":"CRE","fill_color":[34,139,34,180]}},{"type":"Feature","geometry":{"type":"Polygon","coordinates":[[[-97.55794135354378,32.956561330866954],[-97.55793720435341,32.9559847736412],[-97.55689096119795,32.95600167499182],[-97.55678549803642,32.955848821273676],[-97.55678696163658,32.95571139292078],[-97.55702707348395,32.95571321025155],[-97.55703180876083,32.955268463579806],[-97.55703686908002,32.95489314970982],[-97.55704489763784,32.954307561491134],[-97.5570444754946,32.9542993876832],[-97.55704481033544,32.954299384806156],[-97.55911328027284,32.9542831801594],[-97.55912548452105,32.95571962426044],[-97.55912005735728,32.95587736173237],[-97.55912681042318,32.956551287824944],[-97.55794135354378,32.956561330866954]]]},"properties":{"prop_id":49348,"state_cd":"8","ite_code":0,"ite_name":"Vacant/Agricultural","ite_unit":"N/A","units":1.0,"daily_trips":0.0,"am_peak_trips":0.0,"pm_peak_trips":0.0,"imprv_val":1400.0,"acres":1.0,"city":"Reno","city_code":"CRE","fill_color":[80,80,80,100]}},{"type":"Feature","geometry":{"type":"Polygon","coordinates":[[[-97.55540904865684,32.95539018580559],[-97.55541543304213,32.95487642616312],[-97.55534455152595,32.95487439176541],[-97.55381016910019,32.954830350424096],[-97.55381125353799,32.9547376546442],[-97.55381352109717,32.95454372616871],[-97.55381388310408,32.954512744609666],[-97.55383130010561,32.95302349710057],[-97.5551983673812,32.95303041834525],[-97.55526291931166,32.953030744569965],[-97.5558424027699,32.9530440434426],[-97.55702192540225,32.953044968261324],[-97.55703763310065,32.953624605543325],[-97.55704481033544,32.954299384806156],[-97.55704489763784,32.954307561491134],[-97.55703686908002,32.95489314970982],[-97.55630933325837,32.954887641803296],[-97.55590837112553,32.95489046727129],[-97.55590545707801,32.95489048757839],[-97.55550051354142,32.95487886755899],[-97.55549024382806,32.95584185430584],[-97.5554034322595,32.95584216210392],[-97.55540904865684,32.95539018580559]]]},"properties":{"prop_id":49364,"state_cd":"8","ite_code":0,"ite_name":"Vacant/Agricultural","ite_unit":"N/A","units":1.0,"daily_trips":0.0,"am_peak_trips":0.0,"pm_peak_trips":0.0,"imprv_val":2000.0,"acres":14.19,"city":"Reno","city_code":"CRE","fill_color":[80,80,80,100]}},{"type":"Feature","geometry":{"type":"Polygon","coordinates":[[[-97.55369501505791,32.94216933015912],[-97.5546461348903,32.942164962306336],[-97.55539766442469,32.94216149549287],[-97.55539295932094,32.942602709750915],[-97.55467532011029,32.942601033530025],[-97.55447249286661,32.94260030060693],[-97.55369007737507,32.94259748227112],[-97.55369501505791,32.94216933015912]]]},"properties":{"prop_id":65625,"state_cd":"8","ite_code":210,"ite_name":"Single-Family Detached","ite_unit":"DU","units":3,"daily_trips":28.3,"am_peak_trips":2.1,"pm_peak_trips":2.8,"imprv_val":191140.0,"acres":1.883,"city":"Reno","city_code":"CRE","fill_color":[34,139,34,180]}},{"type":"Feature","geometry":{"type":"Polygon","coordinates":[[[-97.57183337473744,32.94692693118539],[-97.57365652161029,32.946936374639776],[-97.57364829547753,32.94836221999934],[-97.57364813879249,32.948389269318874],[-97.57364489363961,32.94894725080805],[-97.57182861653175,32.94893797590877],[-97.57183337473744,32.94692693118539]]]},"properties":{"prop_id":67739,"state_cd":"8","ite_code":210,"ite_name":"Single-Family Detached","ite_unit":"DU","units":2,"daily_trips":18.9,"am_peak_trips":1.4,"pm_peak_trips":1.9,"imprv_val":166780.0,"acres":1.0,"city":"Reno","city_code":"CRE","fill_color":[34,139,34,180]}},{"type":"Feature","geometry":{"type":"Polygon","coordinates":[[[-97.55317886786628,32.93573042529113],[-97.55317957581842,32.935730427966334],[-97.5526239241616,32.936547250538396],[-97.55262383723209,32.936547378839904],[-97.55209068521819,32.936292134803175],[-97.5521014788285,32.93572648697242],[-97.55317886786628,32.93573042529113]]]},"properties":{"prop_id":65607,"state_cd":"8","ite_code":210,"ite_name":"Single-Family Detached","ite_unit":"DU","units":3,"daily_trips":28.3,"am_peak_trips":2.1,"pm_peak_trips":2.8,"imprv_val":334670.0,"acres":1.76,"city":"Reno","city_code":"CRE","fill_color":[34,139,34,180]}},{"type":"Feature","geometry":{"type":"Polygon","coordinates":[[[-97.59043567230319,32.93826969086863],[-97.59045916233596,32.93723278318185],[-97.59050498307013,32.937233902302815],[-97.59049012405585,32.93553923113761],[-97.59106417584141,32.935386208783015],[-97.59127697322437,32.93821479975933],[-97.59114087964768,32.938230815548096],[-97.59082752240158,32.93827213452068],[-97.59043567230319,32.93826969086863]]]},"properties":{"prop_id":54056,"state_cd":"8","ite_code":0,"ite_name":"Vacant/Agricultural","ite_unit":"N/A","units":1.0,"daily_trips":0.0,"am_peak_trips":0.0,"pm_peak_trips":0.0,"imprv_val":0.0,"acres":3.95,"city":"Reno","city_code":"CRE","fill_color":[80,80,80,100]}},{"type":"Feature","geometry":{"type":"Polygon","coordinates":[[[-97.55360781680018,32.94852229744085],[-97.5537526669804,32.94852548625677],[-97.55365355366094,32.94901611340583],[-97.55397144776998,32.94904029691004],[-97.55405402318104,32.949282379236706],[-97.55405003824697,32.949882242966964],[-97.55404828575561,32.94996641139785],[-97.55370518073656,32.949964418374385],[-97.55370925214591,32.949553807078786],[-97.55382724334746,32.949431159941],[-97.55377030208356,32.949202472296555],[-97.55347893245815,32.9491345938906],[-97.55351647414057,32.94883519132873],[-97.55360781680018,32.94852229744085]]]},"properties":{"prop_id":119173,"state_cd":"8","ite_code":210,"ite_name":"Single-Family Detached","ite_unit":"DU","units":2,"daily_trips":18.9,"am_peak_trips":1.4,"pm_peak_trips":1.9,"imprv_val":257140.0,"acres":1.01,"city":"Reno","city_code":"CRE","fill_color":[34,139,34,180]}},{"type":"Feature","geometry":{"type":"Polygon","coordinates":[[[-97.55024988265045,32.937365865171905],[-97.55110376769407,32.93735693077921],[-97.55110458410503,32.936177073738364],[-97.55116301809853,32.936200773562966],[-97.55116855757225,32.93792437523223],[-97.55037497671745,32.937916215562886],[-97.55024988265045,32.937365865171905]]]},"properties":{"prop_id":1181,"state_cd":"15A+","ite_code":210,"ite_name":"Single-Family Detached","ite_unit":"DU","units":4,"daily_trips":37.8,"am_peak_trips":2.8,"pm_peak_trips":3.8,"imprv_val":134460.0,"acres":4.46,"city":"Reno","city_code":"CRE","fill_color":[34,139,34,180]}},{"type":"Feature","geometry":{"type":"Polygon","coordinates":[[[-97.55154842906511,32.98648732894484],[-97.55062676307342,32.9872996487533],[-97.55061860093663,32.98643383770636],[-97.55139741247423,32.98619048226488],[-97.55141416870937,32.98625409592528],[-97.55143788356894,32.986316116697374],[-97.5514683520283,32.98637600642786],[-97.55150530682766,32.98643324272206],[-97.55154842906511,32.98648732894484]]]},"properties":{"prop_id":110233,"state_cd":"15A+","ite_code":210,"ite_name":"Single-Family Detached","ite_unit":"DU","units":2,"daily_trips":18.9,"am_peak_trips":1.4,"pm_peak_trips":1.9,"imprv_val":479890.0,"acres":1.353,"city":"Reno","city_code":"CRE","fill_color":[34,139,34,180]}},{"type":"Feature","geometry":{"type":"Polygon","coordinates":[[[-97.55436903811867,32.95060854705983],[-97.5527864914588,32.950601114810475],[-97.55277620853815,32.95028260790069],[-97.55277619833731,32.95028226151867],[-97.55437184202538,32.95029022081249],[-97.55436903811867,32.95060854705983]]]},"properties":{"prop_id":119178,"state_cd":"8","ite_code":210,"ite_name":"Single-Family Detached","ite_unit":"DU","units":2,"daily_trips":18.9,"am_peak_trips":1.4,"pm_peak_trips":1.9,"imprv_val":323230.0,"acres":1.29,"city":"Reno","city_code":"CRE","fill_color":[34,139,34,180]}},{"type":"Feature","geometry":{"type":"Polygon","coordinates":[[[-97.58777239498876,32.946969171670666],[-97.58783337659361,32.947668984491166],[-97.58692767705458,32.947580483913136],[-97.58694495955885,32.946899098635356],[-97.58777239498876,32.946969171670666]]]},"properties":{"prop_id":22932,"state_cd":"S40","ite_code":210,"ite_name":"Single-Family Detached","ite_unit":"DU","units":1,"daily_trips":9.4,"am_peak_trips":0.7,"pm_peak_trips":0.9,"imprv_val":187730.0,"acres":0.755,"city":"Reno","city_code":"CRE","fill_color":[34,139,34,180]}},{"type":"Feature","geometry":{"type":"Polygon","coordinates":[[[-97.56536358107095,32.95166438030746],[-97.56554382072105,32.951666446435624],[-97.56562535532126,32.95166739968996],[-97.56662512780868,32.95167908745801],[-97.56661910009696,32.95297699310469],[-97.56565641497625,32.953000016405646],[-97.56534942463692,32.95299969262236],[-97.56536358107095,32.95166438030746]]]},"properties":{"prop_id":57808,"state_cd":"8","ite_code":210,"ite_name":"Single-Family Detached","ite_unit":"DU","units":2,"daily_trips":18.9,"am_peak_trips":1.4,"pm_peak_trips":1.9,"imprv_val":288630.0,"acres":1.0,"city":"Reno","city_code":"CRE","fill_color":[34,139,34,180]}},{"type":"Feature","geometry":{"type":"Polygon","coordinates":[[[-97.56240569731627,32.94917862561472],[-97.56208419395129,32.949174435550255],[-97.56176036023712,32.9491702144821],[-97.5614087416924,32.94916563085881],[-97.56140865731074,32.949162086917504],[-97.56141687836929,32.948812138961785],[-97.56252609932253,32.94881913081316],[-97.5625120626555,32.94918001127088],[-97.56240569731627,32.94917862561472]]]},"properties":{"prop_id":18878,"state_cd":"S80","ite_code":210,"ite_name":"Single-Family Detached","ite_unit":"DU","units":2,"daily_trips":18.9,"am_peak_trips":1.4,"pm_peak_trips":1.9,"imprv_val":126190.0,"acres":1.028,"city":"Reno","city_code":"CRE","fill_color":[34,139,34,180]}},{"type":"Feature","geometry":{"type":"Polygon","coordinates":[[[-97.56079433920219,32.966662308120725],[-97.56079056695701,32.96607302719403],[-97.56140731729761,32.96607609838244],[-97.56140131126934,32.966628826513244],[-97.56140129319763,32.966630228725684],[-97.56139564134985,32.967082109433676],[-97.56139335533312,32.967534074985544],[-97.56079131977438,32.967531440265184],[-97.56079433920219,32.966662308120725]]]},"properties":{"prop_id":115909,"state_cd":"S120","ite_code":0,"ite_name":"Vacant/Agricultural","ite_unit":"N/A","units":1.0,"daily_trips":0.0,"am_peak_trips":0.0,"pm_peak_trips":0.0,"imprv_val":0.0,"acres":2.275,"city":"Reno","city_code":"CRE","fill_color":[80,80,80,100]}},{"type":"Feature","geometry":{"type":"Polygon","coordinates":[[[-97.57422009031576,32.954362586231426],[-97.57520414011628,32.95435791554883],[-97.57520217381105,32.95483982569412],[-97.57421782629599,32.95484278882374],[-97.57422009017881,32.954362701664955],[-97.57422009031576,32.954362586231426]]]},"properties":{"prop_id":113803,"state_cd":"S85","ite_code":210,"ite_name":"Single-Family Detached","ite_unit":"DU","units":2,"daily_trips":18.9,"am_peak_trips":1.4,"pm_peak_trips":1.9,"imprv_val":376950.0,"acres":1.21,"city":"Reno","city_code":"CRE","fill_color":[34,139,34,180]}},{"type":"Feature","geometry":{"type":"Polygon","coordinates":[[[-97.55314278253039,32.93436943889446],[-97.55316624888766,32.934087910646156],[-97.55411159325637,32.93366361948347],[-97.55414491715612,32.93398009418508],[-97.55411797133719,32.9342996302195],[-97.55406629460869,32.934416639772884],[-97.55392394753252,32.93457817791061],[-97.55375590562728,32.93475271458004],[-97.55356980838464,32.93490545355218],[-97.55337590018767,32.93501126627079],[-97.55314278253039,32.93436943889446]]]},"properties":{"prop_id":54991,"state_cd":"8","ite_code":210,"ite_name":"Single-Family Detached","ite_unit":"DU","units":2,"daily_trips":18.9,"am_peak_trips":1.4,"pm_peak_trips":1.9,"imprv_val":331780.0,"acres":2.5,"city":"Reno","city_code":"CRE","fill_color":[34,139,34,180]}},{"type":"Feature","geometry":{"type":"Polygon","coordinates":[[[-97.5760595989782,32.94152318630535],[-97.57704020276124,32.94153138907115],[-97.57700511661903,32.941933988143084],[-97.57602540338586,32.94191411479665],[-97.5760595989782,32.94152318630535]]]},"properties":{"prop_id":80358,"state_cd":"S80","ite_code":210,"ite_name":"Single-Family Detached","ite_unit":"DU","units":2,"daily_trips":18.9,"am_peak_trips":1.4,"pm_peak_trips":1.9,"imprv_val":227980.0,"acres":1.0,"city":"Reno","city_code":"CRE","fill_color":[34,139,34,180]}},{"type":"Feature","geometry":{"type":"Polygon","coordinates":[[[-97.5768803164372,32.96261534818288],[-97.57688132523333,32.96250009711918],[-97.57688132607932,32.96250001596064],[-97.5768831831104,32.96228779005221],[-97.57791223554955,32.962310615497884],[-97.57803855760768,32.96231341875355],[-97.57804217109893,32.96263938619444],[-97.5768803164372,32.96261534818288]]]},"properties":{"prop_id":57843,"state_cd":"8","ite_code":0,"ite_name":"Vacant/Agricultural","ite_unit":"N/A","units":1.0,"daily_trips":0.0,"am_peak_trips":0.0,"pm_peak_trips":0.0,"imprv_val":0.0,"acres":1.01,"city":"Reno","city_code":"CRE","fill_color":[80,80,80,100]}},{"type":"Feature","geometry":{"type":"Polygon","coordinates":[[[-97.60014799275436,32.92489807598302],[-97.60077033825466,32.92460835521461],[-97.60139301675768,32.92492692873262],[-97.60139231980743,32.92499564343284],[-97.6014368536552,32.92499503671342],[-97.60143697606598,32.9250225047453],[-97.60111257159204,32.92503594260867],[-97.60111737452665,32.92511830296255],[-97.60016482091642,32.92515884194508],[-97.60014799275436,32.92489807598302]]]},"properties":{"prop_id":54146,"state_cd":"8","ite_code":210,"ite_name":"Single-Family Detached","ite_unit":"DU","units":2,"daily_trips":18.9,"am_peak_trips":1.4,"pm_peak_trips":1.9,"imprv_val":144390.0,"acres":1.26,"city":"Reno","city_code":"CRE","fill_color":[34,139,34,180]}},{"type":"Feature","geometry":{"type":"Polygon","coordinates":[[[-97.59047533111446,32.94567125292235],[-97.59050637232261,32.94478469256625],[-97.59081018341531,32.944789844558976],[-97.59094641993663,32.94479215354126],[-97.59091570718684,32.94567871637064],[-97.59047533111446,32.94567125292235]]]},"properties":{"prop_id":100649,"state_cd":"8","ite_code":210,"ite_name":"Single-Family Detached","ite_unit":"DU","units":2,"daily_trips":18.9,"am_peak_trips":1.4,"pm_peak_trips":1.9,"imprv_val":414750.0,"acres":1.0,"city":"Reno","city_code":"CRE","fill_color":[34,139,34,180]}},{"type":"Feature","geometry":{"type":"Polygon","coordinates":[[[-97.54452136536399,32.95100880149768],[-97.54815010066937,32.9510223067805],[-97.54814489303398,32.95151354598258],[-97.54814199520754,32.951786570532825],[-97.54505242812942,32.95176732360694],[-97.5445045316927,32.951763902414896],[-97.54452136536399,32.95100880149768]]]},"properties":{"prop_id":53935,"state_cd":"15A+","ite_code":0,"ite_name":"Vacant/Agricultural","ite_unit":"N/A","units":1.0,"daily_trips":0.0,"am_peak_trips":0.0,"pm_peak_trips":0.0,"imprv_val":0.0,"acres":6.81,"city":"Reno","city_code":"CRE","fill_color":[80,80,80,100]}},{"type":"Feature","geometry":{"type":"Polygon","coordinates":[[[-97.60324254859913,32.92263434756311],[-97.60378855225277,32.922939809961434],[-97.60323602888948,32.92293535168722],[-97.60323747497019,32.922811391515474],[-97.60288747140892,32.9228718209601],[-97.60249374826219,32.92285327014878],[-97.60286748587255,32.92280015347651],[-97.60320092548655,32.92275918995754],[-97.60324254859913,32.92263434756311]]]},"properties":{"prop_id":54215,"state_cd":"SF-OVR","ite_code":0,"ite_name":"Vacant/Agricultural","ite_unit":"N/A","units":1.0,"daily_trips":0.0,"am_peak_trips":0.0,"pm_peak_trips":0.0,"imprv_val":6420.0,"acres":0.107,"city":"Reno","city_code":"CRE","fill_color":[80,80,80,100]}},{"type":"Feature","geometry":{"type":"Polygon","coordinates":[[[-97.61857000790708,32.93628082231372],[-97.62153421479738,32.93628536910302],[-97.62153471337409,32.93726717159496],[-97.62153471494882,32.937267767716264],[-97.62095109655183,32.93726088776378],[-97.6209511024668,32.93726029169521],[-97.62095598422444,32.93676833948839],[-97.6185834048056,32.93675033374949],[-97.61858339060814,32.9367498259181],[-97.61857000790708,32.93628082231372]]]},"properties":{"prop_id":71514,"state_cd":"8","ite_code":0,"ite_name":"Vacant/Agricultural","ite_unit":"N/A","units":1.0,"daily_trips":0.0,"am_peak_trips":0.0,"pm_peak_trips":0.0,"imprv_val":990.0,"acres":4.45,"city":"Reno","city_code":"CRE","fill_color":[80,80,80,100]}},{"type":"Feature","geometry":{"type":"Polygon","coordinates":[[[-97.5831275132198,32.96475638233364],[-97.58309047416401,32.96833593942956],[-97.58252353896704,32.968351746970505],[-97.58252639918018,32.96820589520768],[-97.58257038915184,32.968201866822845],[-97.58259548783161,32.9645509392725],[-97.5831275132198,32.96475638233364]]]},"properties":{"prop_id":129582,"state_cd":"S80","ite_code":0,"ite_name":"Vacant/Agricultural","ite_unit":"N/A","units":1.0,"daily_trips":0.0,"am_peak_trips":0.0,"pm_peak_trips":0.0,"imprv_val":0.0,"acres":1.0,"city":"Reno","city_code":"CRE","fill_color":[80,80,80,100]}},{"type":"Feature","geometry":{"type":"Polygon","coordinates":[[[-97.56487946992854,32.97614197350707],[-97.56461407567848,32.97613669932246],[-97.56459167413665,32.97524311834998],[-97.56502687967294,32.97523982944834],[-97.56504605819782,32.9761433838246],[-97.56487946992854,32.97614197350707]]]},"properties":{"prop_id":106200,"state_cd":"S80","ite_code":210,"ite_name":"Single-Family Detached","ite_unit":"DU","units":2,"daily_trips":18.9,"am_peak_trips":1.4,"pm_peak_trips":1.9,"imprv_val":400440.0,"acres":1.0,"city":"Reno","city_code":"CRE","fill_color":[34,139,34,180]}},{"type":"Feature","geometry":{"type":"Polygon","coordinates":[[[-97.545688419053,32.92832395306346],[-97.54669724031682,32.92832848607341],[-97.54669524208308,32.9287236784967],[-97.54669448572183,32.928873173904464],[-97.54568027237676,32.92886888639493],[-97.545688419053,32.92832395306346]]]},"properties":{"prop_id":35034,"state_cd":"15A+","ite_code":210,"ite_name":"Single-Family Detached","ite_unit":"DU","units":2,"daily_trips":18.9,"am_peak_trips":1.4,"pm_peak_trips":1.9,"imprv_val":67020.0,"acres":1.365,"city":"Reno","city_code":"CRE","fill_color":[34,139,34,180]}},{"type":"Feature","geometry":{"type":"Polygon","coordinates":[[[-97.55044562361336,32.93153512206034],[-97.5504456247772,32.93150917261647],[-97.5504456411522,32.931357288989155],[-97.55044564617563,32.93131870754541],[-97.55044550665205,32.93125809312542],[-97.55044534226576,32.93118742664171],[-97.55128245667997,32.93118623396277],[-97.55127880753672,32.93125776511683],[-97.55126574971725,32.931513738612914],[-97.55126401405671,32.93154779137574],[-97.55044562361336,32.93153512206034]]]},"properties":{"prop_id":55008,"state_cd":"15A+","ite_code":0,"ite_name":"Vacant/Agricultural","ite_unit":"N/A","units":1.0,"daily_trips":0.0,"am_peak_trips":0.0,"pm_peak_trips":0.0,"imprv_val":6410.0,"acres":0.78,"city":"Reno","city_code":"CRE","fill_color":[80,80,80,100]}},{"type":"Feature","geometry":{"type":"Polygon","coordinates":[[[-97.57360666748681,32.95914735998294],[-97.57356350452731,32.960170795839254],[-97.5728177588564,32.96018837854861],[-97.5728374497248,32.95975380695189],[-97.57285984167919,32.957645046716834],[-97.57366515490902,32.9576513724195],[-97.57364850426828,32.958077268666116],[-97.57360666748681,32.95914735998294]]]},"properties":{"prop_id":111688,"state_cd":"8","ite_code":0,"ite_name":"Vacant/Agricultural","ite_unit":"N/A","units":1.0,"daily_trips":0.0,"am_peak_trips":0.0,"pm_peak_trips":0.0,"imprv_val":0.0,"acres":3.99,"city":"Reno","city_code":"CRE","fill_color":[80,80,80,100]}},{"type":"Feature","geometry":{"type":"Polygon","coordinates":[[[-97.55852672946041,32.964852901618166],[-97.55854803798469,32.960311869238815],[-97.55921507944774,32.96031641643243],[-97.55917995388984,32.96485910021915],[-97.55852672946041,32.964852901618166]]]},"properties":{"prop_id":22988,"state_cd":"8","ite_code":0,"ite_name":"Vacant/Agricultural","ite_unit":"N/A","units":1.0,"daily_trips":0.0,"am_peak_trips":0.0,"pm_peak_trips":0.0,"imprv_val":0.0,"acres":7.48,"city":"Reno","city_code":"CRE","fill_color":[80,80,80,100]}},{"type":"Feature","geometry":{"type":"Polygon","coordinates":[[[-97.56647820720382,32.97420190229338],[-97.56647334350114,32.97402134733682],[-97.56724336555605,32.97400889300231],[-97.56725393442719,32.97453703083582],[-97.56648708904623,32.97453158788672],[-97.56647820720382,32.97420190229338]]]},"properties":{"prop_id":106271,"state_cd":"S80","ite_code":210,"ite_name":"Single-Family Detached","ite_unit":"DU","units":2,"daily_trips":18.9,"am_peak_trips":1.4,"pm_peak_trips":1.9,"imprv_val":408950.0,"acres":1.0,"city":"Reno","city_code":"CRE","fill_color":[34,139,34,180]}},{"type":"Feature","geometry":{"type":"Polygon","coordinates":[[[-97.57228428456771,32.94133888887339],[-97.57221755209859,32.94065591726697],[-97.57449782010373,32.94067104522052],[-97.57447992575878,32.941627547018236],[-97.57341128267767,32.94162099788832],[-97.57297528838465,32.941619125239676],[-97.57293950779227,32.94134398360651],[-97.57228428456771,32.94133888887339]]]},"properties":{"prop_id":52057,"state_cd":"8","ite_code":210,"ite_name":"Single-Family Detached","ite_unit":"DU","units":2,"daily_trips":18.9,"am_peak_trips":1.4,"pm_peak_trips":1.9,"imprv_val":250410.0,"acres":1.0,"city":"Reno","city_code":"CRE","fill_color":[34,139,34,180]}},{"type":"Feature","geometry":{"type":"Polygon","coordinates":[[[-97.56299873200284,32.96591021315729],[-97.56300994632025,32.96676717025429],[-97.56245988285865,32.96677294167426],[-97.56245532077013,32.966501150258566],[-97.56245688994669,32.9664388274481],[-97.56246630000213,32.966376998308384],[-97.56248344404503,32.96631636005147],[-97.56250812758128,32.9662575984071],[-97.56254007181946,32.96620137862926],[-97.56257891699543,32.96614833469952],[-97.56262422132228,32.96609906751581],[-97.56267547610061,32.96605413238083],[-97.56273209930042,32.966014038954],[-97.56279345173141,32.965979239649734],[-97.56285884028043,32.96595012695664],[-97.5629275254186,32.965927031690896],[-97.56299873200284,32.96591021315729]]]},"properties":{"prop_id":115970,"state_cd":"S85","ite_code":0,"ite_name":"Vacant/Agricultural","ite_unit":"N/A","units":1.0,"daily_trips":0.0,"am_peak_trips":0.0,"pm_peak_trips":0.0,"imprv_val":0.0,"acres":1.005,"city":"Reno","city_code":"CRE","fill_color":[80,80,80,100]}},{"type":"Feature","geometry":{"type":"Polygon","coordinates":[[[-97.55124729761717,32.93187586860394],[-97.55126401405671,32.93154779137574],[-97.55202696515559,32.93155959784759],[-97.55202182903085,32.931884572584345],[-97.55202116220656,32.931926800520586],[-97.55124478675313,32.931915600639606],[-97.55124729761717,32.93187586860394]]]},"properties":{"prop_id":55004,"state_cd":"15A+","ite_code":210,"ite_name":"Single-Family Detached","ite_unit":"DU","units":1,"daily_trips":9.4,"am_peak_trips":0.7,"pm_peak_trips":0.9,"imprv_val":171640.0,"acres":0.804,"city":"Reno","city_code":"CRE","fill_color":[34,139,34,180]}},{"type":"Feature","geometry":{"type":"Polygon","coordinates":[[[-97.55035846093597,32.935060391744635],[-97.5496742772116,32.935057721092576],[-97.54883216410519,32.93507601981214],[-97.54883927967445,32.93371818143935],[-97.54939630543647,32.93371701865402],[-97.55040179489602,32.93373769275022],[-97.55035846093597,32.935060391744635]]]},"properties":{"prop_id":55046,"state_cd":"15A+","ite_code":0,"ite_name":"Vacant/Agricultural","ite_unit":"N/A","units":1.0,"daily_trips":0.0,"am_peak_trips":0.0,"pm_peak_trips":0.0,"imprv_val":4520.0,"acres":1.0,"city":"Reno","city_code":"CRE","fill_color":[80,80,80,100]}},{"type":"Feature","geometry":{"type":"Polygon","coordinates":[[[-97.55278755207394,32.949113388966474],[-97.55347893245815,32.9491345938906],[-97.55377030208356,32.949202472296555],[-97.55382724334746,32.949431159941],[-97.55370925214591,32.949553807078786],[-97.55277862077902,32.94952115683195],[-97.55278918849511,32.94920441455782],[-97.55278755207394,32.949113388966474]]]},"properties":{"prop_id":119175,"state_cd":"8","ite_code":210,"ite_name":"Single-Family Detached","ite_unit":"DU","units":2,"daily_trips":18.9,"am_peak_trips":1.4,"pm_peak_trips":1.9,"imprv_val":329050.0,"acres":1.02,"city":"Reno","city_code":"CRE","fill_color":[34,139,34,180]}},{"type":"Feature","geometry":{"type":"Polygon","coordinates":[[[-97.60578124861613,32.930071935985204],[-97.60773508097977,32.930062581628746],[-97.60776739410171,32.930063157578566],[-97.60831201920264,32.93007286421353],[-97.60827792028094,32.931383414810384],[-97.60829271487913,32.93288958263091],[-97.59855376106269,32.93291242660113],[-97.59867940241433,32.932407832142175],[-97.59879671433815,32.93193682376862],[-97.59898341990711,32.931187038413235],[-97.59896613851022,32.930973692991074],[-97.59916216325843,32.930530706241946],[-97.59935013752363,32.93009784988078],[-97.60012354339283,32.93009881382495],[-97.60403404509317,32.930080245278596],[-97.60578124861613,32.930071935985204]]]},"properties":{"prop_id":54165,"state_cd":"8","ite_code":0,"ite_name":"Vacant/Agricultural","ite_unit":"N/A","units":1.0,"daily_trips":0.0,"am_peak_trips":0.0,"pm_peak_trips":0.0,"imprv_val":0.0,"acres":68.4,"city":"Reno","city_code":"CRE","fill_color":[80,80,80,100]}},{"type":"Feature","geometry":{"type":"Polygon","coordinates":[[[-97.55423816524291,32.92109011855004],[-97.55664079105584,32.92110036742074],[-97.5566467330304,32.921136522898976],[-97.55664045145032,32.92147060159761],[-97.55409262155618,32.92150693663617],[-97.55409250691343,32.92149013182468],[-97.55409312799972,32.92147592538363],[-97.55409440745194,32.92146174829204],[-97.5540963407524,32.92144762306142],[-97.55409892552163,32.92143357221959],[-97.55410216047842,32.921419615597344],[-97.55410603678,32.921405780182454],[-97.55411055105486,32.92139208128053],[-97.55411569771604,32.921378541395086],[-97.55422744894199,32.92111535897792],[-97.55423816524291,32.92109011855004]]]},"properties":{"prop_id":55103,"state_cd":"15A+","ite_code":210,"ite_name":"Single-Family Detached","ite_unit":"DU","units":2,"daily_trips":18.9,"am_peak_trips":1.4,"pm_peak_trips":1.9,"imprv_val":11200.0,"acres":2.43,"city":"Reno","city_code":"CRE","fill_color":[34,139,34,180]}},{"type":"Feature","geometry":{"type":"Polygon","coordinates":[[[-97.56043413197919,32.933855257654805],[-97.56071071704595,32.933892018107194],[-97.56092107254509,32.9339176523694],[-97.56134160234834,32.93396889681593],[-97.56136290417278,32.9357333138127],[-97.56072617221855,32.93573996795018],[-97.5603833593463,32.93575646559538],[-97.56043413197919,32.933855257654805]]]},"properties":{"prop_id":55098,"state_cd":"8","ite_code":210,"ite_name":"Single-Family Detached","ite_unit":"DU","units":3,"daily_trips":28.3,"am_peak_trips":2.1,"pm_peak_trips":2.8,"imprv_val":116660.0,"acres":4.04,"city":"Reno","city_code":"CRE","fill_color":[34,139,34,180]}},{"type":"Feature","geometry":{"type":"Polygon","coordinates":[[[-97.59422544801478,32.94629977083381],[-97.59527032045703,32.94632168552102],[-97.5952927161887,32.946426530069566],[-97.59529052129837,32.9466860288333],[-97.59421686801552,32.94666478169504],[-97.59422544801478,32.94629977083381]]]},"properties":{"prop_id":82072,"state_cd":"S80","ite_code":210,"ite_name":"Single-Family Detached","ite_unit":"DU","units":2,"daily_trips":18.9,"am_peak_trips":1.4,"pm_peak_trips":1.9,"imprv_val":319530.0,"acres":1.0,"city":"Reno","city_code":"CRE","fill_color":[34,139,34,180]}},{"type":"Feature","geometry":{"type":"Polygon","coordinates":[[[-97.59547360703925,32.948452598786425],[-97.59616973171937,32.94845764783393],[-97.59616490321507,32.94900545644277],[-97.59546945253364,32.94899871504629],[-97.59547360703925,32.948452598786425]]]},"properties":{"prop_id":92322,"state_cd":"S80","ite_code":210,"ite_name":"Single-Family Detached","ite_unit":"DU","units":2,"daily_trips":18.9,"am_peak_trips":1.4,"pm_peak_trips":1.9,"imprv_val":276210.0,"acres":1.0,"city":"Reno","city_code":"CRE","fill_color":[34,139,34,180]}},{"type":"Feature","geometry":{"type":"Polygon","coordinates":[[[-97.590181257764,32.945665774439355],[-97.59016679836468,32.9424193851981],[-97.59026800140722,32.94245256044015],[-97.59039364190369,32.942738974541854],[-97.590829632242,32.9428950265718],[-97.59081018341531,32.944789844558976],[-97.59050637232261,32.94478469256625],[-97.59047533111446,32.94567125292235],[-97.590181257764,32.945665774439355]]]},"properties":{"prop_id":107362,"state_cd":"8","ite_code":0,"ite_name":"Vacant/Agricultural","ite_unit":"N/A","units":1.0,"daily_trips":0.0,"am_peak_trips":0.0,"pm_peak_trips":0.0,"imprv_val":0.0,"acres":4.0,"city":"Reno","city_code":"CRE","fill_color":[80,80,80,100]}},{"type":"Feature","geometry":{"type":"Polygon","coordinates":[[[-97.56116566637102,32.964877923954795],[-97.56118830067379,32.96032984620982],[-97.56183369856798,32.96033423255441],[-97.5618098270885,32.964880838980385],[-97.56149720954733,32.96488106337039],[-97.56116566637102,32.964877923954795]]]},"properties":{"prop_id":22984,"state_cd":"8","ite_code":0,"ite_name":"Vacant/Agricultural","ite_unit":"N/A","units":1.0,"daily_trips":0.0,"am_peak_trips":0.0,"pm_peak_trips":0.0,"imprv_val":0.0,"acres":11.788,"city":"Reno","city_code":"CRE","fill_color":[80,80,80,100]}},{"type":"Feature","geometry":{"type":"Polygon","coordinates":[[[-97.55444815080158,32.92611923530825],[-97.55440351003219,32.92613146353318],[-97.55437192560915,32.92614011316951],[-97.55400032438675,32.926200076569984],[-97.55355831018555,32.92627139911148],[-97.55352527469043,32.92627673047172],[-97.55292464993407,32.92571508144463],[-97.55292299119496,32.925660082010296],[-97.55291965302628,32.925549518432916],[-97.55444715145097,32.925544878307214],[-97.5555379606074,32.925536291356906],[-97.556566201861,32.92552818774995],[-97.5565435563869,32.92676312882669],[-97.55654231484095,32.92683071209702],[-97.55653479083632,32.9272410161277],[-97.55618827656295,32.9268913570565],[-97.55606434744537,32.9267662990786],[-97.55578961261368,32.92638209951041],[-97.5553389986911,32.92614940802651],[-97.5547826483172,32.92602761321321],[-97.55444815080158,32.92611923530825]]]},"properties":{"prop_id":50584,"state_cd":"15A+","ite_code":0,"ite_name":"Vacant/Agricultural","ite_unit":"N/A","units":1.0,"daily_trips":0.0,"am_peak_trips":0.0,"pm_peak_trips":0.0,"imprv_val":0.0,"acres":12.837,"city":"Reno","city_code":"CRE","fill_color":[80,80,80,100]}},{"type":"Feature","geometry":{"type":"Polygon","coordinates":[[[-97.61612915433116,32.95024424348007],[-97.61502076896936,32.95025767166773],[-97.61502816903545,32.94815748218617],[-97.61614541415959,32.94816111736329],[-97.61612915433116,32.95024424348007]]]},"properties":{"prop_id":48500,"state_cd":"8","ite_code":0,"ite_name":"Vacant/Agricultural","ite_unit":"N/A","units":1.0,"daily_trips":0.0,"am_peak_trips":0.0,"pm_peak_trips":0.0,"imprv_val":0.0,"acres":1.29,"city":"Reno","city_code":"CRE","fill_color":[80,80,80,100]}},{"type":"Feature","geometry":{"type":"Polygon","coordinates":[[[-97.55111095402633,32.98436024125353],[-97.55167994406865,32.984358730354835],[-97.55216538225658,32.98508292472623],[-97.55208473265151,32.985087591641985],[-97.55200506334093,32.98509914151558],[-97.55192719845343,32.98511745526305],[-97.55185194576266,32.98514234243331],[-97.55178008272098,32.985173546512755],[-97.55111095402633,32.98436024125353]]]},"properties":{"prop_id":110238,"state_cd":"15A+","ite_code":210,"ite_name":"Single-Family Detached","ite_unit":"DU","units":2,"daily_trips":18.9,"am_peak_trips":1.4,"pm_peak_trips":1.9,"imprv_val":403100.0,"acres":1.0,"city":"Reno","city_code":"CRE","fill_color":[34,139,34,180]}},{"type":"Feature","geometry":{"type":"Polygon","coordinates":[[[-97.55945119498907,32.97237563587081],[-97.55944967151146,32.971420141226915],[-97.55945488495956,32.97036735540554],[-97.55940630326161,32.97036793567452],[-97.55940671939439,32.97005378938351],[-97.56090052620598,32.97003721612859],[-97.56082530741757,32.97289329747153],[-97.55945201514113,32.972889887913134],[-97.55945119498907,32.97237563587081]]]},"properties":{"prop_id":93610,"state_cd":"8","ite_code":210,"ite_name":"Single-Family Detached","ite_unit":"DU","units":2,"daily_trips":18.9,"am_peak_trips":1.4,"pm_peak_trips":1.9,"imprv_val":634270.0,"acres":1.0,"city":"Reno","city_code":"CRE","fill_color":[34,139,34,180]}},{"type":"Feature","geometry":{"type":"Polygon","coordinates":[[[-97.56269590382306,32.94438555857838],[-97.56331475552483,32.94439005496345],[-97.56332325806255,32.94502305327795],[-97.56303555838699,32.94501927841095],[-97.56270458484462,32.94501420966624],[-97.5626953070556,32.94438555408878],[-97.56269590382306,32.94438555857838]]]},"properties":{"prop_id":104028,"state_cd":"S105","ite_code":210,"ite_name":"Single-Family Detached","ite_unit":"DU","units":2,"daily_trips":18.9,"am_peak_trips":1.4,"pm_peak_trips":1.9,"imprv_val":130650.0,"acres":1.0,"city":"Reno","city_code":"CRE","fill_color":[34,139,34,180]}},{"type":"Feature","geometry":{"type":"Polygon","coordinates":[[[-97.56562434804857,32.947143047113414],[-97.56561828863103,32.94626947360495],[-97.56565033445024,32.94626521197571],[-97.56568106929724,32.946256456588706],[-97.56570961453762,32.9462434578788],[-97.56573515228517,32.946226588484755],[-97.56575695120353,32.94620633081665],[-97.56577439015886,32.94618326550925],[-97.56578696699457,32.94615805074523],[-97.56579432433195,32.94613140982257],[-97.5657962498458,32.9461041050036],[-97.56579268932585,32.9460769159684],[-97.56578374364811,32.94605062265736],[-97.56594217959972,32.94605203961781],[-97.56594495924362,32.947150208283574],[-97.56562434804857,32.947143047113414]]]},"properties":{"prop_id":18952,"state_cd":"S80","ite_code":0,"ite_name":"Vacant/Agricultural","ite_unit":"N/A","units":1.0,"daily_trips":0.0,"am_peak_trips":0.0,"pm_peak_trips":0.0,"imprv_val":9180.0,"acres":0.856,"city":"Reno","city_code":"CRE","fill_color":[80,80,80,100]}},{"type":"Feature","geometry":{"type":"Polygon","coordinates":[[[-97.57898884400078,32.94399920884487],[-97.57899098001721,32.94288477242271],[-97.58004751076899,32.94289337739776],[-97.5799829852007,32.9440106654737],[-97.57991089434519,32.94401341216557],[-97.57898884400078,32.94399920884487]]]},"properties":{"prop_id":51854,"state_cd":"8","ite_code":210,"ite_name":"Single-Family Detached","ite_unit":"DU","units":2,"daily_trips":18.9,"am_peak_trips":1.4,"pm_peak_trips":1.9,"imprv_val":368660.0,"acres":2.728,"city":"Reno","city_code":"CRE","fill_color":[34,139,34,180]}},{"type":"Feature","geometry":{"type":"Polygon","coordinates":[[[-97.61930226838909,32.94472270093144],[-97.62039452620745,32.94477841520094],[-97.62039286767077,32.94494543053903],[-97.62036595521734,32.944961597927254],[-97.62034273069219,32.94498141850867],[-97.62032388444246,32.94500430555895],[-97.62030997405364,32.94502957852812],[-97.62030141338599,32.94505649001725],[-97.62029845530975,32.94508424098777],[-97.61929693209372,32.9451312824521],[-97.61930092212664,32.94485810211653],[-97.61930226838909,32.94472270093144]]]},"properties":{"prop_id":86505,"state_cd":"S80","ite_code":210,"ite_name":"Single-Family Detached","ite_unit":"DU","units":2,"daily_trips":18.9,"am_peak_trips":1.4,"pm_peak_trips":1.9,"imprv_val":396930.0,"acres":1.0,"city":"Reno","city_code":"CRE","fill_color":[34,139,34,180]}},{"type":"Feature","geometry":{"type":"Polygon","coordinates":[[[-97.57298582145204,32.96772036239743],[-97.57299078430232,32.967247508049],[-97.57390018850337,32.96725428747853],[-97.57389523720629,32.96772772900432],[-97.57389343787224,32.96772771563288],[-97.57298581530658,32.967720949443574],[-97.57298582145204,32.96772036239743]]]},"properties":{"prop_id":106489,"state_cd":"8","ite_code":0,"ite_name":"Vacant/Agricultural","ite_unit":"N/A","units":1.0,"daily_trips":0.0,"am_peak_trips":0.0,"pm_peak_trips":0.0,"imprv_val":0.0,"acres":1.0,"city":"Reno","city_code":"CRE","fill_color":[80,80,80,100]}},{"type":"Feature","geometry":{"type":"Polygon","coordinates":[[[-97.57387995552608,32.96975789512358],[-97.57243961819727,32.96976696131119],[-97.57244127997484,32.96948871382329],[-97.57318623737123,32.96948596295916],[-97.57388109752071,32.969483392696894],[-97.57387995552608,32.96975789512358]]]},"properties":{"prop_id":75947,"state_cd":"8","ite_code":210,"ite_name":"Single-Family Detached","ite_unit":"DU","units":2,"daily_trips":18.9,"am_peak_trips":1.4,"pm_peak_trips":1.9,"imprv_val":133380.0,"acres":1.05,"city":"Reno","city_code":"CRE","fill_color":[34,139,34,180]}},{"type":"Feature","geometry":{"type":"Polygon","coordinates":[[[-97.57712411709112,32.9429713984043],[-97.57716259752716,32.942490497547425],[-97.57800926428746,32.94249757327142],[-97.5780037351671,32.94276397634306],[-97.57799927858125,32.942978712288216],[-97.57712411709112,32.9429713984043]]]},"properties":{"prop_id":77968,"state_cd":"S80","ite_code":210,"ite_name":"Single-Family Detached","ite_unit":"DU","units":2,"daily_trips":18.9,"am_peak_trips":1.4,"pm_peak_trips":1.9,"imprv_val":257340.0,"acres":1.057,"city":"Reno","city_code":"CRE","fill_color":[34,139,34,180]}},{"type":"Feature","geometry":{"type":"Polygon","coordinates":[[[-97.56933686640232,32.93474561583763],[-97.56956385619482,32.931149956647495],[-97.5697161435806,32.93118972954856],[-97.57028645664796,32.93134141305128],[-97.57049701139213,32.93139736499209],[-97.57090343029573,32.93156941976459],[-97.57155596947852,32.93184566339797],[-97.57163510713941,32.9323530169044],[-97.57195037104546,32.932653408058506],[-97.57243064718953,32.932843756979096],[-97.57292673177618,32.932787487751995],[-97.57287349854936,32.93410676550593],[-97.572206351993,32.93409066631385],[-97.57137008375655,32.934070307959296],[-97.57137669984076,32.933439156672165],[-97.57075324857281,32.933434507626046],[-97.57074673743318,32.934055128969376],[-97.57022211771486,32.93404276158823],[-97.57003412167202,32.9346344410782],[-97.57003335410997,32.93463685767703],[-97.57003262140957,32.93463697215137],[-97.56933686640232,32.93474561583763]]]},"properties":{"prop_id":41771,"state_cd":"8","ite_code":210,"ite_name":"Single-Family Detached","ite_unit":"DU","units":4,"daily_trips":37.8,"am_peak_trips":2.8,"pm_peak_trips":3.8,"imprv_val":166700.0,"acres":5.05,"city":"Reno","city_code":"CRE","fill_color":[34,139,34,180]}},{"type":"Feature","geometry":{"type":"Polygon","coordinates":[[[-97.5612033003887,32.95028615294858],[-97.56040329187095,32.950280963088765],[-97.55974277955266,32.95027667386416],[-97.55917273268653,32.95027296957972],[-97.55918404580927,32.94961071381257],[-97.5591887412422,32.94916806325322],[-97.55949138081928,32.949169222608745],[-97.56011476318197,32.94915824466256],[-97.5608165449877,32.94914325072572],[-97.56120439523755,32.94912940949589],[-97.5612033003887,32.95028615294858]]]},"properties":{"prop_id":49344,"state_cd":"8","ite_code":210,"ite_name":"Single-Family Detached","ite_unit":"DU","units":5,"daily_trips":47.2,"am_peak_trips":3.5,"pm_peak_trips":4.7,"imprv_val":86100.0,"acres":6.158,"city":"Reno","city_code":"CRE","fill_color":[34,139,34,180]}},{"type":"Feature","geometry":{"type":"Polygon","coordinates":[[[-97.57094781014733,32.9489468253592],[-97.57097001809777,32.94849766784894],[-97.57042245422427,32.948228470013454],[-97.57010570053865,32.948446939204665],[-97.57002538376285,32.94909788367896],[-97.56963204261852,32.949098609519496],[-97.5696855736732,32.948592192404895],[-97.57008515316578,32.94751334134515],[-97.57080599144376,32.9469291384741],[-97.57183337473744,32.94692693118539],[-97.57182861653175,32.94893797590877],[-97.57094781014733,32.9489468253592]]]},"properties":{"prop_id":124910,"state_cd":"8","ite_code":0,"ite_name":"Vacant/Agricultural","ite_unit":"N/A","units":1.0,"daily_trips":0.0,"am_peak_trips":0.0,"pm_peak_trips":0.0,"imprv_val":0.0,"acres":7.2,"city":"Reno","city_code":"CRE","fill_color":[80,80,80,100]}},{"type":"Feature","geometry":{"type":"Polygon","coordinates":[[[-97.56560992738015,32.965941288654385],[-97.5656194769262,32.966695102992254],[-97.56509781976585,32.96671541921687],[-97.56508796609647,32.965941583666435],[-97.56560992738015,32.965941288654385]]]},"properties":{"prop_id":115975,"state_cd":"S85","ite_code":210,"ite_name":"Single-Family Detached","ite_unit":"DU","units":2,"daily_trips":18.9,"am_peak_trips":1.4,"pm_peak_trips":1.9,"imprv_val":456700.0,"acres":1.027,"city":"Reno","city_code":"CRE","fill_color":[34,139,34,180]}},{"type":"Feature","geometry":{"type":"Polygon","coordinates":[[[-97.56971396472098,32.95149840684823],[-97.56968565041456,32.9510151727397],[-97.57520827978975,32.95106734797168],[-97.57520314336602,32.951615005447636],[-97.57363558286237,32.951647948365185],[-97.57344322226514,32.951640636306706],[-97.56971396472098,32.95149840684823]]]},"properties":{"prop_id":57809,"state_cd":"8","ite_code":210,"ite_name":"Single-Family Detached","ite_unit":"DU","units":2,"daily_trips":18.9,"am_peak_trips":1.4,"pm_peak_trips":1.9,"imprv_val":193940.0,"acres":1.0,"city":"Reno","city_code":"CRE","fill_color":[34,139,34,180]}},{"type":"Feature","geometry":{"type":"Polygon","coordinates":[[[-97.58737786922502,32.96313999653056],[-97.58740187188768,32.96219999428142],[-97.58744735825455,32.96041854107306],[-97.58779905437781,32.96042019444004],[-97.58800740316967,32.96042117204243],[-97.58871586164994,32.960424490929604],[-97.58890947853395,32.96042539896883],[-97.5889042840532,32.96127314659604],[-97.58890420165949,32.961288642146364],[-97.58889036125862,32.96388118311499],[-97.58889021470968,32.963908632851194],[-97.58888584806704,32.96472651843019],[-97.58888560878884,32.96477150717765],[-97.58888546071826,32.96479920851001],[-97.58733512279206,32.96481403683499],[-97.58737786922502,32.96313999653056]]]},"properties":{"prop_id":62478,"state_cd":"8","ite_code":210,"ite_name":"Single-Family Detached","ite_unit":"DU","units":2,"daily_trips":18.9,"am_peak_trips":1.4,"pm_peak_trips":1.9,"imprv_val":291900.0,"acres":1.0,"city":"Reno","city_code":"CRE","fill_color":[34,139,34,180]}},{"type":"Feature","geometry":{"type":"Polygon","coordinates":[[[-97.6182799936067,32.936249956512604],[-97.6182786695878,32.93628240855615],[-97.61827130538738,32.93646376879913],[-97.61733552222256,32.93648909753833],[-97.61730427451432,32.93627521246787],[-97.6182799936067,32.936249956512604]]]},"properties":{"prop_id":48464,"state_cd":"8","ite_code":210,"ite_name":"Single-Family Detached","ite_unit":"DU","units":1,"daily_trips":9.4,"am_peak_trips":0.7,"pm_peak_trips":0.9,"imprv_val":142110.0,"acres":0.51,"city":"Reno","city_code":"CRE","fill_color":[34,139,34,180]}},{"type":"Feature","geometry":{"type":"Polygon","coordinates":[[[-97.59631426574899,32.92611475858782],[-97.59632653904865,32.92663323258787],[-97.5955638353267,32.92663404505959],[-97.59555104812418,32.92616634768965],[-97.59563197384232,32.92610345877599],[-97.59631426574899,32.92611475858782]]]},"properties":{"prop_id":27585,"state_cd":"S85","ite_code":0,"ite_name":"Vacant/Agricultural","ite_unit":"N/A","units":1.0,"daily_trips":0.0,"am_peak_trips":0.0,"pm_peak_trips":0.0,"imprv_val":0.0,"acres":1.0,"city":"Reno","city_code":"CRE","fill_color":[80,80,80,100]}},{"type":"Feature","geometry":{"type":"Polygon","coordinates":[[[-97.59846430054805,32.92539852262804],[-97.59848377455057,32.925931588752725],[-97.59777116448687,32.92594124004546],[-97.59775406276293,32.92540045954006],[-97.59783616310801,32.92540051489875],[-97.59846430054805,32.92539852262804]]]},"properties":{"prop_id":27593,"state_cd":"S85","ite_code":210,"ite_name":"Single-Family Detached","ite_unit":"DU","units":2,"daily_trips":18.9,"am_peak_trips":1.4,"pm_peak_trips":1.9,"imprv_val":163570.0,"acres":1.0,"city":"Reno","city_code":"CRE","fill_color":[34,139,34,180]}},{"type":"Feature","geometry":{"type":"Polygon","coordinates":[[[-97.55108792482238,32.942351047985966],[-97.55060403832567,32.94234974775777],[-97.55059844549416,32.94154767565536],[-97.55109368234675,32.94154951601345],[-97.55108792482238,32.942351047985966]]]},"properties":{"prop_id":118604,"state_cd":"15A+","ite_code":0,"ite_name":"Vacant/Agricultural","ite_unit":"N/A","units":1.0,"daily_trips":0.0,"am_peak_trips":0.0,"pm_peak_trips":0.0,"imprv_val":0.0,"acres":1.011,"city":"Reno","city_code":"CRE","fill_color":[80,80,80,100]}},{"type":"Feature","geometry":{"type":"Polygon","coordinates":[[[-97.56250548973354,32.960338794284326],[-97.56315237033769,32.96034318314958],[-97.56313913095454,32.96487987604469],[-97.5626801796157,32.964880210749484],[-97.56246534438664,32.964880366767595],[-97.56250548973354,32.960338794284326]]]},"properties":{"prop_id":22979,"state_cd":"8","ite_code":210,"ite_name":"Single-Family Detached","ite_unit":"DU","units":2,"daily_trips":18.9,"am_peak_trips":1.4,"pm_peak_trips":1.9,"imprv_val":249300.0,"acres":1.0,"city":"Reno","city_code":"CRE","fill_color":[34,139,34,180]}},{"type":"Feature","geometry":{"type":"Polygon","coordinates":[[[-97.54503120100608,32.94207986592893],[-97.54502860057076,32.94151631568318],[-97.54684894788029,32.9415336782866],[-97.54769207301432,32.94153683598875],[-97.54789842156157,32.941537607781704],[-97.54820546639489,32.941538755368306],[-97.54845360078811,32.94153968313794],[-97.54894267517577,32.941541509328864],[-97.54956789824163,32.94154384024499],[-97.54973086208928,32.94154444756621],[-97.55011627776429,32.94154588247093],[-97.55040879476819,32.94154697067561],[-97.55059844549416,32.94154767565536],[-97.55109368234675,32.94154951601345],[-97.55158324666598,32.941551333765865],[-97.5520699159139,32.941553138388606],[-97.55255945353719,32.94155495210164],[-97.55304331970505,32.941556742426904],[-97.5535304788355,32.94155854326381],[-97.55353081113721,32.942250742342345],[-97.5535308631522,32.942357782478666],[-97.55353088770273,32.94240773532551],[-97.55353092890543,32.94251788941497],[-97.55353123516103,32.94334125113025],[-97.55353133674117,32.94361421758543],[-97.5535227044602,32.94416423719871],[-97.55352017736028,32.94432526591666],[-97.55351904869359,32.94439716065711],[-97.55352029968577,32.94442472392919],[-97.5535203559601,32.94443957667933],[-97.55351997266067,32.9444544278937],[-97.55351916168635,32.94446926503701],[-97.55351791777632,32.9444840799528],[-97.55351623671986,32.94449886629627],[-97.55351413041592,32.94451361153207],[-97.55351158716746,32.94452830925841],[-97.55350861989477,32.944542951456995],[-97.55350522764378,32.9445575272985],[-97.55350140841985,32.944572023240205],[-97.55349716538304,32.94458644381521],[-97.55349250413106,32.944600765618375],[-97.55348742574289,32.94461498775601],[-97.55348299778875,32.944628896486975],[-97.55313649720983,32.945167804749616],[-97.55287188813274,32.94517053983444],[-97.55277758965194,32.945171514785834],[-97.5527365413912,32.9451719385972],[-97.55157618165268,32.945166741684126],[-97.55146956013529,32.94516626367345],[-97.5513826969353,32.94516587378507],[-97.55090516482568,32.94516373221261],[-97.55041703487433,32.945161540502674],[-97.54952690988915,32.94515753883527],[-97.54821235036721,32.9451516193185],[-97.54800455328494,32.94515069274816],[-97.54568415763684,32.94514033952554],[-97.54506041357433,32.945137548830814],[-97.54498872900302,32.945137227534715],[-97.54499359981851,32.94479012124654],[-97.54499723592961,32.94453094438704],[-97.54500200220143,32.94419124675379],[-97.5450104715739,32.94358773548894],[-97.54501887148297,32.94298916841202],[-97.54502320207902,32.942680541033496],[-97.5450267894263,32.94242497828966],[-97.54502919029333,32.9422539707062],[-97.54503107603377,32.94211953313138],[-97.5450311241135,32.94210426000461],[-97.54503120100608,32.94207986592893]]]},"properties":{"prop_id":118600,"state_cd":"15A+","ite_code":0,"ite_name":"Vacant/Agricultural","ite_unit":"N/A","units":1.0,"daily_trips":0.0,"am_peak_trips":0.0,"pm_peak_trips":0.0,"imprv_val":0.0,"acres":1.018,"city":"Reno","city_code":"CRE","fill_color":[80,80,80,100]}},{"type":"Feature","geometry":{"type":"Polygon","coordinates":[[[-97.58291098497092,32.960397788592175],[-97.58257052280317,32.9603922712518],[-97.58193302646822,32.960381936116676],[-97.58196896550483,32.95829676943926],[-97.58288289156336,32.9581311385801],[-97.58291098497092,32.960397788592175]]]},"properties":{"prop_id":112909,"state_cd":"9C","ite_code":210,"ite_name":"Single-Family Detached","ite_unit":"DU","units":2,"daily_trips":18.9,"am_peak_trips":1.4,"pm_peak_trips":1.9,"imprv_val":520390.0,"acres":1.0,"city":"Reno","city_code":"CRE","fill_color":[34,139,34,180]}},{"type":"Feature","geometry":{"type":"Polygon","coordinates":[[[-97.55326618210339,32.98689720715397],[-97.55330048194402,32.98684180040302],[-97.55332730891236,32.986783538509926],[-97.55334633542924,32.98672313594632],[-97.55335732675623,32.98666133133546],[-97.5533601496126,32.98659888210597],[-97.55336020705847,32.98655407872451],[-97.55431571428359,32.98656008260093],[-97.55431535333427,32.98671589263001],[-97.55417255603243,32.98671532321732],[-97.55417114057026,32.987086006962606],[-97.55326618210339,32.98689720715397]]]},"properties":{"prop_id":110224,"state_cd":"15A+","ite_code":210,"ite_name":"Single-Family Detached","ite_unit":"DU","units":2,"daily_trips":18.9,"am_peak_trips":1.4,"pm_peak_trips":1.9,"imprv_val":404310.0,"acres":1.0,"city":"Reno","city_code":"CRE","fill_color":[34,139,34,180]}},{"type":"Feature","geometry":{"type":"Polygon","coordinates":[[[-97.60783186089246,32.92647651144664],[-97.60837505856725,32.92648040084146],[-97.60836885035776,32.92709726788635],[-97.60829909399708,32.927097650543345],[-97.6078255765319,32.927100246306566],[-97.60783186089246,32.92647651144664]]]},"properties":{"prop_id":54130,"state_cd":"8","ite_code":210,"ite_name":"Single-Family Detached","ite_unit":"DU","units":1,"daily_trips":9.4,"am_peak_trips":0.7,"pm_peak_trips":0.9,"imprv_val":173810.0,"acres":0.86,"city":"Reno","city_code":"CRE","fill_color":[34,139,34,180]}},{"type":"Feature","geometry":{"type":"Polygon","coordinates":[[[-97.57541669870695,32.96289472654987],[-97.5761808050357,32.96290603175847],[-97.57617623341747,32.96415851686371],[-97.5755933617213,32.96413786683473],[-97.57558067909801,32.96331288673204],[-97.57541341032032,32.96330180951854],[-97.57541669870695,32.96289472654987]]]},"properties":{"prop_id":57835,"state_cd":"8","ite_code":0,"ite_name":"Vacant/Agricultural","ite_unit":"N/A","units":1.0,"daily_trips":0.0,"am_peak_trips":0.0,"pm_peak_trips":0.0,"imprv_val":3970.0,"acres":2.0,"city":"Reno","city_code":"CRE","fill_color":[80,80,80,100]}},{"type":"Feature","geometry":{"type":"Polygon","coordinates":[[[-97.54871597164298,32.932641831091566],[-97.54891289543464,32.931881931907824],[-97.54954279006279,32.9318910313521],[-97.54984652104577,32.9318954172212],[-97.54993775122763,32.93189673440468],[-97.54948993561923,32.93277191381866],[-97.54948528052203,32.932769712087314],[-97.54946899905758,32.9327623911973],[-97.54945253802073,32.93275536113001],[-97.54943590481928,32.9327486291566],[-97.54941910587877,32.93274219442418],[-97.54940214970536,32.93273606150682],[-97.54938504054724,32.93273023314228],[-97.54936779121691,32.932724711232126],[-97.54935040810116,32.93271949853042],[-97.54933289543848,32.93271459867679],[-97.54931526713973,32.932710010875624],[-97.54929752206768,32.93270574143094],[-97.54927967950879,32.93270178688255],[-97.54926173832591,32.932698153534666],[-97.5492437092121,32.93269484146883],[-97.54922560818781,32.93269185261088],[-97.54920742564833,32.93268918508387],[-97.54918918397193,32.93268684627325],[-97.54917088961314,32.93268483262098],[-97.54915254683948,32.93268314506135],[-97.54913416738432,32.93268178638945],[-97.5491157576441,32.932680758457764],[-97.5490911766561,32.932679894445556],[-97.54874123401383,32.93267185947126],[-97.54873124472843,32.932658099620184],[-97.54871969733998,32.932645232412305],[-97.54871597164298,32.932641831091566]]]},"properties":{"prop_id":3203,"state_cd":"15A+","ite_code":210,"ite_name":"Single-Family Detached","ite_unit":"DU","units":3,"daily_trips":28.3,"am_peak_trips":2.1,"pm_peak_trips":2.8,"imprv_val":153050.0,"acres":2.0,"city":"Reno","city_code":"CRE","fill_color":[34,139,34,180]}},{"type":"Feature","geometry":{"type":"Polygon","coordinates":[[[-97.56364129089415,32.9341070216594],[-97.5639359119631,32.93309170559697],[-97.56439241558769,32.93327320877034],[-97.56408519815507,32.933848174975424],[-97.56400513169245,32.93454870811292],[-97.56353458925315,32.93447472851746],[-97.56355706304667,32.93439728188874],[-97.56364129089415,32.9341070216594]]]},"properties":{"prop_id":87279,"state_cd":"8","ite_code":210,"ite_name":"Single-Family Detached","ite_unit":"DU","units":3,"daily_trips":28.3,"am_peak_trips":2.1,"pm_peak_trips":2.8,"imprv_val":140030.0,"acres":1.672,"city":"Reno","city_code":"CRE","fill_color":[34,139,34,180]}},{"type":"Feature","geometry":{"type":"Polygon","coordinates":[[[-97.60215266227316,32.92429162043774],[-97.60250459183938,32.92429237016502],[-97.60251010015043,32.92502270933631],[-97.60215104857298,32.92502012177725],[-97.60215266227316,32.92429162043774]]]},"properties":{"prop_id":14315,"state_cd":"S70","ite_code":210,"ite_name":"Single-Family Detached","ite_unit":"DU","units":1,"daily_trips":9.4,"am_peak_trips":0.7,"pm_peak_trips":0.9,"imprv_val":214230.0,"acres":0.55,"city":"Reno","city_code":"CRE","fill_color":[34,139,34,180]}},{"type":"Feature","geometry":{"type":"Polygon","coordinates":[[[-97.56192511662451,32.97499493937508],[-97.56082198912743,32.975508286577224],[-97.56082318696517,32.97546919402179],[-97.56082859141823,32.97501393009877],[-97.561800640099,32.97479063324091],[-97.56182386900323,32.97484488909307],[-97.56185250374827,32.974897277357904],[-97.5618863354745,32.97494741588706],[-97.56192511662451,32.97499493937508]]]},"properties":{"prop_id":106191,"state_cd":"S70","ite_code":210,"ite_name":"Single-Family Detached","ite_unit":"DU","units":2,"daily_trips":18.9,"am_peak_trips":1.4,"pm_peak_trips":1.9,"imprv_val":220870.0,"acres":1.0,"city":"Reno","city_code":"CRE","fill_color":[34,139,34,180]}},{"type":"Feature","geometry":{"type":"Polygon","coordinates":[[[-97.56029411117208,32.93575614953575],[-97.56030309193183,32.93529152934472],[-97.55930977099473,32.93530407587745],[-97.55906627571696,32.93505169527321],[-97.55891772686398,32.93489165978995],[-97.55897180576339,32.93367125220939],[-97.55940171448752,32.93372379786263],[-97.55994042149516,32.933789638187406],[-97.56043413197919,32.933855257654805],[-97.5603833593463,32.93575646559538],[-97.56029411117208,32.93575614953575]]]},"properties":{"prop_id":55079,"state_cd":"8","ite_code":210,"ite_name":"Single-Family Detached","ite_unit":"DU","units":2,"daily_trips":18.9,"am_peak_trips":1.4,"pm_peak_trips":1.9,"imprv_val":148290.0,"acres":1.0,"city":"Reno","city_code":"CRE","fill_color":[34,139,34,180]}},{"type":"Feature","geometry":{"type":"Polygon","coordinates":[[[-97.57520712488676,32.953804587809024],[-97.57306893221352,32.95380895050126],[-97.57306816134245,32.953841928389565],[-97.56996647942124,32.95381929752072],[-97.56998133135944,32.95296651261699],[-97.57001210743135,32.95277492247327],[-97.57174156513247,32.95278909120571],[-97.57519758532374,32.95292422485159],[-97.57520712488676,32.953804587809024]]]},"properties":{"prop_id":96398,"state_cd":"8","ite_code":210,"ite_name":"Single-Family Detached","ite_unit":"DU","units":1,"daily_trips":9.4,"am_peak_trips":0.7,"pm_peak_trips":0.9,"imprv_val":166720.0,"acres":0.25,"city":"Reno","city_code":"CRE","fill_color":[34,139,34,180]}},{"type":"Feature","geometry":{"type":"Polygon","coordinates":[[[-97.55277861939126,32.949521186581904],[-97.55277862077902,32.94952115683195],[-97.55370925214591,32.949553807078786],[-97.55370518073656,32.949964418374385],[-97.55276620102636,32.94995895900597],[-97.55277861939126,32.949521186581904]]]},"properties":{"prop_id":119176,"state_cd":"8","ite_code":210,"ite_name":"Single-Family Detached","ite_unit":"DU","units":2,"daily_trips":18.9,"am_peak_trips":1.4,"pm_peak_trips":1.9,"imprv_val":334290.0,"acres":1.01,"city":"Reno","city_code":"CRE","fill_color":[34,139,34,180]}},{"type":"Feature","geometry":{"type":"Polygon","coordinates":[[[-97.54502898596895,32.942104273375904],[-97.54502860057076,32.94151631568318],[-97.54684894788029,32.9415336782866],[-97.54789128614892,32.94233906707155],[-97.5478778470726,32.94234964570976],[-97.54786653689283,32.94236186752825],[-97.54785763371548,32.9423754316361],[-97.54785135826494,32.942390002434216],[-97.54784786412323,32.942405222165995],[-97.54784723768147,32.9424207154265],[-97.5478494937359,32.94243610085222],[-97.5450267894263,32.94242497828966],[-97.54502898596895,32.942104273375904]]]},"properties":{"prop_id":118598,"state_cd":"15A+","ite_code":0,"ite_name":"Vacant/Agricultural","ite_unit":"N/A","units":1.0,"daily_trips":0.0,"am_peak_trips":0.0,"pm_peak_trips":0.0,"imprv_val":0.0,"acres":5.473,"city":"Reno","city_code":"CRE","fill_color":[80,80,80,100]}},{"type":"Feature","geometry":{"type":"Polygon","coordinates":[[[-97.55305594853752,32.94416667051965],[-97.5525784133555,32.944166022422245],[-97.5525908500054,32.94333396112501],[-97.55306484400008,32.94333458139196],[-97.55305594853752,32.94416667051965]]]},"properties":{"prop_id":118611,"state_cd":"15A+","ite_code":210,"ite_name":"Single-Family Detached","ite_unit":"DU","units":2,"daily_trips":18.9,"am_peak_trips":1.4,"pm_peak_trips":1.9,"imprv_val":421010.0,"acres":1.005,"city":"Reno","city_code":"CRE","fill_color":[34,139,34,180]}},{"type":"Feature","geometry":{"type":"Polygon","coordinates":[[[-97.56546928747001,32.97523648481253],[-97.5654884916188,32.97614371604193],[-97.56507585332878,32.976142535957905],[-97.56504605819782,32.9761433838246],[-97.56502687967294,32.97523982944834],[-97.56546928747001,32.97523648481253]]]},"properties":{"prop_id":106201,"state_cd":"S80","ite_code":210,"ite_name":"Single-Family Detached","ite_unit":"DU","units":2,"daily_trips":18.9,"am_peak_trips":1.4,"pm_peak_trips":1.9,"imprv_val":408690.0,"acres":1.0,"city":"Reno","city_code":"CRE","fill_color":[34,139,34,180]}},{"type":"Feature","geometry":{"type":"Polygon","coordinates":[[[-97.55894998139645,32.970071036601574],[-97.55940671939439,32.97005378938351],[-97.55940630326161,32.97036793567452],[-97.55945488495956,32.97036735540554],[-97.55944967151146,32.971420141226915],[-97.55929001585852,32.97142190865225],[-97.55894998139645,32.970071036601574]]]},"properties":{"prop_id":113634,"state_cd":"8","ite_code":0,"ite_name":"Vacant/Agricultural","ite_unit":"N/A","units":1.0,"daily_trips":0.0,"am_peak_trips":0.0,"pm_peak_trips":0.0,"imprv_val":0.0,"acres":1.173,"city":"Reno","city_code":"CRE","fill_color":[80,80,80,100]}},{"type":"Feature","geometry":{"type":"Polygon","coordinates":[[[-97.57139241127035,32.94225290238969],[-97.57146005915527,32.94204355342341],[-97.5722239499667,32.94204149223136],[-97.57226532446762,32.94221206117559],[-97.5722787528026,32.94229954527077],[-97.57242402759063,32.942463382737245],[-97.57253132936248,32.94257385901185],[-97.57181488225127,32.94257823527961],[-97.57170002762078,32.9424981335895],[-97.57139241127035,32.94225290238969]]]},"properties":{"prop_id":26435,"state_cd":"S80","ite_code":210,"ite_name":"Single-Family Detached","ite_unit":"DU","units":2,"daily_trips":18.9,"am_peak_trips":1.4,"pm_peak_trips":1.9,"imprv_val":412330.0,"acres":1.1,"city":"Reno","city_code":"CRE","fill_color":[34,139,34,180]}},{"type":"Feature","geometry":{"type":"Polygon","coordinates":[[[-97.60029797118281,32.926642938682974],[-97.60023914803139,32.9260119877932],[-97.60018494763487,32.925452393540276],[-97.60016482091642,32.92515884194508],[-97.60111737452665,32.92511830296255],[-97.60159375998246,32.92509856721482],[-97.60163420422731,32.92509885891474],[-97.6017294081982,32.926674137917935],[-97.60121141733929,32.92709616153897],[-97.60073648497715,32.927597879571465],[-97.60027786034406,32.92805958200288],[-97.60029797118281,32.926642938682974]]]},"properties":{"prop_id":54161,"state_cd":"8","ite_code":210,"ite_name":"Single-Family Detached","ite_unit":"DU","units":2,"daily_trips":18.9,"am_peak_trips":1.4,"pm_peak_trips":1.9,"imprv_val":222460.0,"acres":1.0,"city":"Reno","city_code":"CRE","fill_color":[34,139,34,180]}},{"type":"Feature","geometry":{"type":"Polygon","coordinates":[[[-97.56646778368615,32.9368732966204],[-97.56647605972529,32.93659893746018],[-97.56738878361641,32.93658974261322],[-97.56737110177738,32.9368644543594],[-97.56646778368615,32.9368732966204]]]},"properties":{"prop_id":104110,"state_cd":"8","ite_code":210,"ite_name":"Single-Family Detached","ite_unit":"DU","units":1,"daily_trips":9.4,"am_peak_trips":0.7,"pm_peak_trips":0.9,"imprv_val":95100.0,"acres":0.64,"city":"Reno","city_code":"CRE","fill_color":[34,139,34,180]}},{"type":"Feature","geometry":{"type":"Polygon","coordinates":[[[-97.60887774418187,32.93400333463455],[-97.61055303391994,32.93401272536151],[-97.61056125073274,32.934476240904864],[-97.60846601522479,32.93449778161002],[-97.60832964594766,32.9344434847675],[-97.60833124436229,32.93437478110822],[-97.60886908679856,32.934377800883155],[-97.60887774418187,32.93400333463455]]]},"properties":{"prop_id":107366,"state_cd":"10","ite_code":210,"ite_name":"Single-Family Detached","ite_unit":"DU","units":2,"daily_trips":18.9,"am_peak_trips":1.4,"pm_peak_trips":1.9,"imprv_val":338540.0,"acres":2.01,"city":"Reno","city_code":"CRE","fill_color":[34,139,34,180]}},{"type":"Feature","geometry":{"type":"Polygon","coordinates":[[[-97.56534260726112,32.97296427973013],[-97.56455095306376,32.97297742835418],[-97.56453958620736,32.97249436659535],[-97.56533291382642,32.97248150929077],[-97.56534260726112,32.97296427973013]]]},"properties":{"prop_id":106263,"state_cd":"S80","ite_code":210,"ite_name":"Single-Family Detached","ite_unit":"DU","units":2,"daily_trips":18.9,"am_peak_trips":1.4,"pm_peak_trips":1.9,"imprv_val":434970.0,"acres":1.0,"city":"Reno","city_code":"CRE","fill_color":[34,139,34,180]}},{"type":"Feature","geometry":{"type":"Polygon","coordinates":[[[-97.54890285653791,32.93000840160764],[-97.54824913725074,32.92999425679429],[-97.54826279151469,32.92896495451316],[-97.54832206300472,32.924495972753334],[-97.54833744124952,32.924368119467026],[-97.54836062938318,32.92438166637179],[-97.54838307517117,32.9244012093311],[-97.54839545548421,32.924411987986026],[-97.5484141392778,32.92442825828846],[-97.548432019036,32.924443823521386],[-97.54852210744629,32.924522264556536],[-97.54853391253467,32.924532541890656],[-97.54857190639623,32.92456562292518],[-97.54858369239521,32.92457588658109],[-97.5486139525695,32.924602231324094],[-97.54862790934946,32.92461438286932],[-97.548655082361,32.9246380436014],[-97.54867378855869,32.92465432756242],[-97.54883228955991,32.9247923341618],[-97.54888649305384,32.92479896622881],[-97.54895414812665,32.92480724312091],[-97.54899087507289,32.92481173691893],[-97.54890285653791,32.93000840160764]]]},"properties":{"prop_id":50590,"state_cd":"15A+","ite_code":0,"ite_name":"Vacant/Agricultural","ite_unit":"N/A","units":1.0,"daily_trips":0.0,"am_peak_trips":0.0,"pm_peak_trips":0.0,"imprv_val":0.0,"acres":8.0,"city":"Reno","city_code":"CRE","fill_color":[80,80,80,100]}},{"type":"Feature","geometry":{"type":"Polygon","coordinates":[[[-97.56303555838699,32.94501927841095],[-97.56303074121915,32.94596495880312],[-97.5626811906058,32.94595648026463],[-97.56268061788018,32.94501462096199],[-97.56270458484462,32.94501420966624],[-97.56303555838699,32.94501927841095]]]},"properties":{"prop_id":18973,"state_cd":"S80","ite_code":210,"ite_name":"Single-Family Detached","ite_unit":"DU","units":1,"daily_trips":9.4,"am_peak_trips":0.7,"pm_peak_trips":0.9,"imprv_val":106250.0,"acres":0.789,"city":"Reno","city_code":"CRE","fill_color":[34,139,34,180]}},{"type":"Feature","geometry":{"type":"Polygon","coordinates":[[[-97.57813020182932,32.97213995534166],[-97.5781450926881,32.97160760613309],[-97.57814835757178,32.971490900111625],[-97.58252351935387,32.971515338997754],[-97.58252826994946,32.97085537619636],[-97.58252353896704,32.968351746970505],[-97.58309047416401,32.96833593942956],[-97.58365418262692,32.96832022011738],[-97.58423190567214,32.96830410613674],[-97.58481184372499,32.968287928188424],[-97.58539393150866,32.96827168756613],[-97.58597856284364,32.96825537269886],[-97.58641512516877,32.968243188601875],[-97.58641773909736,32.970084863923915],[-97.58733211736468,32.97006610940374],[-97.58748847012885,32.97000163720928],[-97.58765607418017,32.97089854506374],[-97.5877543334101,32.97155826620902],[-97.58776076473407,32.97160144597599],[-97.58789732623559,32.97212556146754],[-97.5878404971628,32.972134447914236],[-97.58778475463814,32.97214732476592],[-97.58773049119098,32.97216409930341],[-97.58767808996494,32.972184655292004],[-97.58533566599831,32.97218290630596],[-97.58262967335078,32.97218083561287],[-97.58250122067159,32.9721807359413],[-97.5809904361506,32.97217958781536],[-97.57813020182932,32.97213995534166]]]},"properties":{"prop_id":54028,"state_cd":"8","ite_code":210,"ite_name":"Single-Family Detached","ite_unit":"DU","units":2,"daily_trips":18.9,"am_peak_trips":1.4,"pm_peak_trips":1.9,"imprv_val":252630.0,"acres":1.0,"city":"Reno","city_code":"CRE","fill_color":[34,139,34,180]}},{"type":"Feature","geometry":{"type":"Polygon","coordinates":[[[-97.59045843060012,32.93241620642503],[-97.59343992649113,32.932970466014176],[-97.59322984536618,32.933812663440506],[-97.5939390886354,32.933962899203785],[-97.5941048488157,32.93391256494378],[-97.59450884888571,32.934028718299125],[-97.59446406448754,32.934135303288926],[-97.59405604474938,32.934036957920256],[-97.59364981478518,32.93435695852196],[-97.59309489231006,32.934602043229944],[-97.59293005631308,32.9346748403362],[-97.59263456772051,32.93480534540583],[-97.59202325579025,32.93507186695495],[-97.59189906096192,32.935126020415886],[-97.59158282912908,32.935224546098425],[-97.59154284627711,32.93523700284883],[-97.59106417584141,32.935386208783015],[-97.59049012405585,32.93553923113761],[-97.59045843060012,32.93241620642503]]]},"properties":{"prop_id":63535,"state_cd":"8","ite_code":210,"ite_name":"Single-Family Detached","ite_unit":"DU","units":2,"daily_trips":18.9,"am_peak_trips":1.4,"pm_peak_trips":1.9,"imprv_val":533220.0,"acres":1.0,"city":"Reno","city_code":"CRE","fill_color":[34,139,34,180]}},{"type":"Feature","geometry":{"type":"Polygon","coordinates":[[[-97.58433712694655,32.957304680486175],[-97.58501757447605,32.9573096770269],[-97.58501164567252,32.957883333399394],[-97.58433119589388,32.957878335038856],[-97.58433712694655,32.957304680486175]]]},"properties":{"prop_id":128520,"state_cd":"8","ite_code":210,"ite_name":"Single-Family Detached","ite_unit":"DU","units":2,"daily_trips":18.9,"am_peak_trips":1.4,"pm_peak_trips":1.9,"imprv_val":320410.0,"acres":1.0,"city":"Reno","city_code":"CRE","fill_color":[34,139,34,180]}},{"type":"Feature","geometry":{"type":"Polygon","coordinates":[[[-97.57180901839497,32.93778386419192],[-97.57154983579616,32.93869093508193],[-97.57110206086948,32.939226003142785],[-97.57100322420405,32.93915962344052],[-97.57074238888241,32.93899160532147],[-97.5704494441252,32.93886343360891],[-97.57035525347307,32.93884430900356],[-97.57053698874604,32.93829231470394],[-97.56988289686755,32.9381413889598],[-97.56967684826866,32.93802626976441],[-97.56974933172049,32.937900366600545],[-97.57004004973676,32.93790253709143],[-97.57067199408264,32.93780290876414],[-97.57068712500808,32.937780591206675],[-97.57180901839497,32.93778386419192]]]},"properties":{"prop_id":52048,"state_cd":"8","ite_code":0,"ite_name":"Vacant/Agricultural","ite_unit":"N/A","units":1.0,"daily_trips":0.0,"am_peak_trips":0.0,"pm_peak_trips":0.0,"imprv_val":0.0,"acres":16.546,"city":"Reno","city_code":"CRE","fill_color":[80,80,80,100]}},{"type":"Feature","geometry":{"type":"Polygon","coordinates":[[[-97.54503120100608,32.94207986592893],[-97.54502860057076,32.94151631568318],[-97.54684894788029,32.9415336782866],[-97.54769207301432,32.94153683598875],[-97.54789842156157,32.941537607781704],[-97.54820546639489,32.941538755368306],[-97.54845360078811,32.94153968313794],[-97.54894267517577,32.941541509328864],[-97.54956789824163,32.94154384024499],[-97.54973086208928,32.94154444756621],[-97.55011627776429,32.94154588247093],[-97.55040879476819,32.94154697067561],[-97.55059844549416,32.94154767565536],[-97.55109368234675,32.94154951601345],[-97.55158324666598,32.941551333765865],[-97.5520699159139,32.941553138388606],[-97.55255945353719,32.94155495210164],[-97.55304331970505,32.941556742426904],[-97.5535304788355,32.94155854326381],[-97.55353081113721,32.942250742342345],[-97.5535308631522,32.942357782478666],[-97.55353088770273,32.94240773532551],[-97.55353092890543,32.94251788941497],[-97.55353123516103,32.94334125113025],[-97.55353133674117,32.94361421758543],[-97.5535227044602,32.94416423719871],[-97.55352017736028,32.94432526591666],[-97.55351904869359,32.94439716065711],[-97.55352029968577,32.94442472392919],[-97.5535203559601,32.94443957667933],[-97.55351997266067,32.9444544278937],[-97.55351916168635,32.94446926503701],[-97.55351791777632,32.9444840799528],[-97.55351623671986,32.94449886629627],[-97.55351413041592,32.94451361153207],[-97.55351158716746,32.94452830925841],[-97.55350861989477,32.944542951456995],[-97.55350522764378,32.9445575272985],[-97.55350140841985,32.944572023240205],[-97.55349716538304,32.94458644381521],[-97.55349250413106,32.944600765618375],[-97.55348742574289,32.94461498775601],[-97.55348299778875,32.944628896486975],[-97.55313649720983,32.945167804749616],[-97.55287188813274,32.94517053983444],[-97.55277758965194,32.945171514785834],[-97.5527365413912,32.9451719385972],[-97.55157618165268,32.945166741684126],[-97.55146956013529,32.94516626367345],[-97.5513826969353,32.94516587378507],[-97.55090516482568,32.94516373221261],[-97.55041703487433,32.945161540502674],[-97.54952690988915,32.94515753883527],[-97.54821235036721,32.9451516193185],[-97.54800455328494,32.94515069274816],[-97.54568415763684,32.94514033952554],[-97.54506041357433,32.945137548830814],[-97.54498872900302,32.945137227534715],[-97.54499359981851,32.94479012124654],[-97.54499723592961,32.94453094438704],[-97.54500200220143,32.94419124675379],[-97.5450104715739,32.94358773548894],[-97.54501887148297,32.94298916841202],[-97.54502320207902,32.942680541033496],[-97.5450267894263,32.94242497828966],[-97.54502919029333,32.9422539707062],[-97.54503107603377,32.94211953313138],[-97.5450311241135,32.94210426000461],[-97.54503120100608,32.94207986592893]]]},"properties":{"prop_id":118597,"state_cd":"15A+","ite_code":0,"ite_name":"Vacant/Agricultural","ite_unit":"N/A","units":1.0,"daily_trips":0.0,"am_peak_trips":0.0,"pm_peak_trips":0.0,"imprv_val":0.0,"acres":9.952,"city":"Reno","city_code":"CRE","fill_color":[80,80,80,100]}},{"type":"Feature","geometry":{"type":"Polygon","coordinates":[[[-97.54665657792782,32.952415568105735],[-97.54667606838288,32.95241564959275],[-97.54672601309288,32.95292516519286],[-97.54665649340026,32.9529250652822],[-97.54591001215007,32.95292399151068],[-97.54591006194042,32.95241245769282],[-97.54665657792782,32.952415568105735]]]},"properties":{"prop_id":53923,"state_cd":"15A+","ite_code":210,"ite_name":"Single-Family Detached","ite_unit":"DU","units":2,"daily_trips":18.9,"am_peak_trips":1.4,"pm_peak_trips":1.9,"imprv_val":161260.0,"acres":1.0,"city":"Reno","city_code":"CRE","fill_color":[34,139,34,180]}},{"type":"Feature","geometry":{"type":"Polygon","coordinates":[[[-97.56401213177963,32.9353525233063],[-97.56427634862031,32.93512550604841],[-97.56432250728031,32.93464079969204],[-97.56444177574625,32.9346596446874],[-97.5644338806277,32.935191120845445],[-97.56443343269174,32.93546198462135],[-97.56397926224379,32.93548935891932],[-97.56401213177963,32.9353525233063]]]},"properties":{"prop_id":54100,"state_cd":"8","ite_code":210,"ite_name":"Single-Family Detached","ite_unit":"DU","units":1,"daily_trips":9.4,"am_peak_trips":0.7,"pm_peak_trips":0.9,"imprv_val":70620.0,"acres":0.61,"city":"Reno","city_code":"CRE","fill_color":[34,139,34,180]}},{"type":"Feature","geometry":{"type":"Polygon","coordinates":[[[-97.57228428456771,32.94133888887339],[-97.57293950779227,32.94134398360651],[-97.57297528838465,32.941619125239676],[-97.57231126070054,32.94161497069507],[-97.57228428456771,32.94133888887339]]]},"properties":{"prop_id":52052,"state_cd":"8","ite_code":210,"ite_name":"Single-Family Detached","ite_unit":"DU","units":1,"daily_trips":9.4,"am_peak_trips":0.7,"pm_peak_trips":0.9,"imprv_val":258680.0,"acres":0.5,"city":"Reno","city_code":"CRE","fill_color":[34,139,34,180]}},{"type":"Feature","geometry":{"type":"Polygon","coordinates":[[[-97.54505968079354,32.93279101688763],[-97.54505177788512,32.93278475527357],[-97.54503548595521,32.932778140761464],[-97.54469986578177,32.93251921663936],[-97.54461842748991,32.93225453867073],[-97.54467057175428,32.93211931578606],[-97.54485404106738,32.93197841636648],[-97.54496391902279,32.931893991001054],[-97.5447716754857,32.93174529116429],[-97.54476283297042,32.93170200912096],[-97.54470328799786,32.931410566590245],[-97.54503246108749,32.93141688453289],[-97.54508004752718,32.9314167839788],[-97.54659626068468,32.931414109827195],[-97.54659423660577,32.93166339728767],[-97.54660997746991,32.9328238212971],[-97.54505968079354,32.93279101688763]]]},"properties":{"prop_id":93020,"state_cd":"15A+","ite_code":0,"ite_name":"Vacant/Agricultural","ite_unit":"N/A","units":1.0,"daily_trips":0.0,"am_peak_trips":0.0,"pm_peak_trips":0.0,"imprv_val":0.0,"acres":10.2,"city":"Reno","city_code":"CRE","fill_color":[80,80,80,100]}},{"type":"Feature","geometry":{"type":"Polygon","coordinates":[[[-97.55368169251051,32.93572411108018],[-97.55528454601627,32.93572677568718],[-97.55543515535983,32.93634653479417],[-97.55520376836989,32.936477272483195],[-97.55520204578102,32.93647824512567],[-97.55506190033142,32.93640329566446],[-97.5544810286623,32.93610682872068],[-97.55389324806893,32.935821758974015],[-97.55368169251051,32.93572411108018]]]},"properties":{"prop_id":65608,"state_cd":"8","ite_code":210,"ite_name":"Single-Family Detached","ite_unit":"DU","units":3,"daily_trips":28.3,"am_peak_trips":2.1,"pm_peak_trips":2.8,"imprv_val":418970.0,"acres":1.964,"city":"Reno","city_code":"CRE","fill_color":[34,139,34,180]}},{"type":"Feature","geometry":{"type":"Polygon","coordinates":[[[-97.54901909066052,32.94322622753909],[-97.5498241305759,32.94288935581277],[-97.54986099358649,32.94294558231857],[-97.54990352877712,32.942998885931694],[-97.54995141217273,32.94304885925166],[-97.55000427990625,32.94309512433426],[-97.55006172935586,32.943137326387394],[-97.5501233222178,32.943175146420685],[-97.55018858992149,32.94320829497398],[-97.55018265471611,32.94343194731757],[-97.54903909550049,32.943428363452355],[-97.54901836724214,32.943428298122946],[-97.54901909066052,32.94322622753909]]]},"properties":{"prop_id":118591,"state_cd":"15A+","ite_code":0,"ite_name":"Vacant/Agricultural","ite_unit":"N/A","units":1.0,"daily_trips":0.0,"am_peak_trips":0.0,"pm_peak_trips":0.0,"imprv_val":0.0,"acres":1.116,"city":"Reno","city_code":"CRE","fill_color":[80,80,80,100]}},{"type":"Feature","geometry":{"type":"Polygon","coordinates":[[[-97.56300994632025,32.96676717025429],[-97.56301984018243,32.967523265488644],[-97.56250229506348,32.967528542117066],[-97.56246660932645,32.967503696939254],[-97.56245988285865,32.96677294167426],[-97.56300994632025,32.96676717025429]]]},"properties":{"prop_id":115987,"state_cd":"S85","ite_code":210,"ite_name":"Single-Family Detached","ite_unit":"DU","units":2,"daily_trips":18.9,"am_peak_trips":1.4,"pm_peak_trips":1.9,"imprv_val":284130.0,"acres":1.072,"city":"Reno","city_code":"CRE","fill_color":[34,139,34,180]}},{"type":"Feature","geometry":{"type":"Polygon","coordinates":[[[-97.60776150210046,32.92978238568257],[-97.60830907719475,32.929777620120106],[-97.60831201920264,32.93007286421353],[-97.60776739700755,32.930063293776136],[-97.60776739410171,32.930063157578566],[-97.60776150210046,32.92978238568257]]]},"properties":{"prop_id":54172,"state_cd":"8","ite_code":210,"ite_name":"Single-Family Detached","ite_unit":"DU","units":1,"daily_trips":9.4,"am_peak_trips":0.7,"pm_peak_trips":0.9,"imprv_val":42950.0,"acres":0.375,"city":"Reno","city_code":"CRE","fill_color":[34,139,34,180]}},{"type":"Feature","geometry":{"type":"Polygon","coordinates":[[[-97.55261584489408,32.92326366823251],[-97.55261060308126,32.92282367591221],[-97.55260647702929,32.922585041740106],[-97.55332318317228,32.92259132790409],[-97.55355114377919,32.922593326311166],[-97.5535511262788,32.92283229960302],[-97.55355512056148,32.92355888090837],[-97.55353700826586,32.92355290478733],[-97.55261584489408,32.92326366823251]]]},"properties":{"prop_id":50586,"state_cd":"15A+","ite_code":0,"ite_name":"Vacant/Agricultural","ite_unit":"N/A","units":1.0,"daily_trips":0.0,"am_peak_trips":0.0,"pm_peak_trips":0.0,"imprv_val":6190.0,"acres":1.98,"city":"Reno","city_code":"CRE","fill_color":[80,80,80,100]}},{"type":"Feature","geometry":{"type":"Polygon","coordinates":[[[-97.56050723744788,32.969234123486174],[-97.5611749665166,32.96923868109276],[-97.56117196100931,32.969822981266375],[-97.56050126279642,32.969830335231194],[-97.56050723744788,32.969234123486174]]]},"properties":{"prop_id":115946,"state_cd":"S85","ite_code":0,"ite_name":"Vacant/Agricultural","ite_unit":"N/A","units":1.0,"daily_trips":0.0,"am_peak_trips":0.0,"pm_peak_trips":0.0,"imprv_val":0.0,"acres":1.016,"city":"Reno","city_code":"CRE","fill_color":[80,80,80,100]}},{"type":"Feature","geometry":{"type":"Polygon","coordinates":[[[-97.57540803233236,32.94976170049564],[-97.57582133758895,32.949756149813446],[-97.57582137912955,32.94975995946328],[-97.5758289548639,32.95045041552569],[-97.5754092385839,32.95046361402179],[-97.57540803233236,32.94976170049564]]]},"properties":{"prop_id":67737,"state_cd":"8","ite_code":210,"ite_name":"Single-Family Detached","ite_unit":"DU","units":1,"daily_trips":9.4,"am_peak_trips":0.7,"pm_peak_trips":0.9,"imprv_val":173850.0,"acres":0.71,"city":"Reno","city_code":"CRE","fill_color":[34,139,34,180]}},{"type":"Feature","geometry":{"type":"Polygon","coordinates":[[[-97.54486413697394,32.92940629492995],[-97.54567210109637,32.92941539952082],[-97.54566504282774,32.929887569154864],[-97.54487090887442,32.92987094375673],[-97.54486413697394,32.92940629492995]]]},"properties":{"prop_id":55014,"state_cd":"15A+","ite_code":210,"ite_name":"Single-Family Detached","ite_unit":"DU","units":2,"daily_trips":18.9,"am_peak_trips":1.4,"pm_peak_trips":1.9,"imprv_val":237850.0,"acres":1.08,"city":"Reno","city_code":"CRE","fill_color":[34,139,34,180]}},{"type":"Feature","geometry":{"type":"Polygon","coordinates":[[[-97.57318969467858,32.942989953139694],[-97.57447072773785,32.94235677815217],[-97.57446552863486,32.942809528600826],[-97.57446344609176,32.942990823186825],[-97.5747201586003,32.94301869830375],[-97.57472902539456,32.94326348573367],[-97.57416318743135,32.94333448694892],[-97.57354121541772,32.94332981918284],[-97.5731899985037,32.94299331923983],[-97.57318969467858,32.942989953139694]]]},"properties":{"prop_id":109296,"state_cd":"8","ite_code":0,"ite_name":"Vacant/Agricultural","ite_unit":"N/A","units":1.0,"daily_trips":0.0,"am_peak_trips":0.0,"pm_peak_trips":0.0,"imprv_val":0.0,"acres":2.27,"city":"Reno","city_code":"CRE","fill_color":[80,80,80,100]}},{"type":"Feature","geometry":{"type":"Polygon","coordinates":[[[-97.61294678817211,32.948142931811546],[-97.61297151322538,32.94729521422],[-97.61500714626128,32.94724014816243],[-97.61495523871696,32.94656591205518],[-97.61442484644178,32.94658293766389],[-97.61374494883351,32.94660475863149],[-97.6129743445971,32.946629486061205],[-97.61297744337075,32.945987463462025],[-97.61300854008881,32.94576008086937],[-97.6130453303283,32.945533303341456],[-97.61308779591413,32.94530723265107],[-97.61344518014442,32.945381180462576],[-97.61430607826617,32.945320492226195],[-97.6143570836246,32.945200595712365],[-97.61502954366571,32.94519296666784],[-97.61547442960864,32.945190399302135],[-97.61591813638329,32.94519259356524],[-97.61636884136952,32.94528741778302],[-97.61681276664343,32.94538123636306],[-97.61736974850453,32.94548921764663],[-97.61736541248906,32.9462651459668],[-97.61612397259738,32.94598240067868],[-97.61614541415959,32.94816111736329],[-97.61502816903545,32.94815748218617],[-97.6139896481775,32.948159463318355],[-97.61294678817211,32.948142931811546]]]},"properties":{"prop_id":48499,"state_cd":"8","ite_code":0,"ite_name":"Vacant/Agricultural","ite_unit":"N/A","units":1.0,"daily_trips":0.0,"am_peak_trips":0.0,"pm_peak_trips":0.0,"imprv_val":3000.0,"acres":22.312,"city":"Reno","city_code":"CRE","fill_color":[80,80,80,100]}},{"type":"Feature","geometry":{"type":"Polygon","coordinates":[[[-97.59554656576661,32.92917747158177],[-97.59776820550869,32.9291574398051],[-97.60014876105173,32.92944527780363],[-97.60013747384302,32.92973816312153],[-97.60012354339283,32.93009881382495],[-97.59935013752363,32.93009784988078],[-97.59552468773451,32.93009301113717],[-97.59554656576661,32.92917747158177]]]},"properties":{"prop_id":54128,"state_cd":"8","ite_code":0,"ite_name":"Vacant/Agricultural","ite_unit":"N/A","units":1.0,"daily_trips":0.0,"am_peak_trips":0.0,"pm_peak_trips":0.0,"imprv_val":0.0,"acres":10.027,"city":"Reno","city_code":"CRE","fill_color":[80,80,80,100]}},{"type":"Feature","geometry":{"type":"Polygon","coordinates":[[[-97.5654523675019,32.93592175061197],[-97.56627034255804,32.93594125120831],[-97.56626883857082,32.93640902359679],[-97.56544973719662,32.936390245061226],[-97.5654523675019,32.93592175061197]]]},"properties":{"prop_id":41792,"state_cd":"8","ite_code":210,"ite_name":"Single-Family Detached","ite_unit":"DU","units":2,"daily_trips":18.9,"am_peak_trips":1.4,"pm_peak_trips":1.9,"imprv_val":147240.0,"acres":1.0,"city":"Reno","city_code":"CRE","fill_color":[34,139,34,180]}},{"type":"Feature","geometry":{"type":"Polygon","coordinates":[[[-97.59765410869035,32.93579288692099],[-97.59849019405118,32.9357924532535],[-97.60101781169277,32.93579120239104],[-97.60387909524667,32.93578971711347],[-97.60416387849149,32.942997962122064],[-97.60127385624361,32.94301056809954],[-97.59975005893699,32.94301718842845],[-97.59837071359746,32.943023164503835],[-97.59769133723329,32.943023531672196],[-97.59765410869035,32.93579288692099]]]},"properties":{"prop_id":39296,"state_cd":"8","ite_code":0,"ite_name":"Vacant/Agricultural","ite_unit":"N/A","units":1.0,"daily_trips":0.0,"am_peak_trips":0.0,"pm_peak_trips":0.0,"imprv_val":0.0,"acres":121.0,"city":"Reno","city_code":"CRE","fill_color":[80,80,80,100]}},{"type":"Feature","geometry":{"type":"Polygon","coordinates":[[[-97.59934780698454,32.925834161641426],[-97.59933472847176,32.92539569108555],[-97.60017042683312,32.9253929452777],[-97.60023914803139,32.9260119877932],[-97.59954169695678,32.92601118020623],[-97.59953623789812,32.925978890266926],[-97.59952428361099,32.92594787185359],[-97.59950618938743,32.92591904559968],[-97.59948249402017,32.925893268532306],[-97.59945390083024,32.92587130688075],[-97.59942125971877,32.92585381340119],[-97.59938554170643,32.9258413073528],[-97.59934780698454,32.925834161641426]]]},"properties":{"prop_id":27591,"state_cd":"S85","ite_code":210,"ite_name":"Single-Family Detached","ite_unit":"DU","units":2,"daily_trips":18.9,"am_peak_trips":1.4,"pm_peak_trips":1.9,"imprv_val":120830.0,"acres":1.0,"city":"Reno","city_code":"CRE","fill_color":[34,139,34,180]}},{"type":"Feature","geometry":{"type":"Polygon","coordinates":[[[-97.57460755792748,32.949116874143996],[-97.57522140222557,32.94911239449794],[-97.57522223329265,32.94939166043915],[-97.57460472979365,32.94939913136077],[-97.57460755792748,32.949116874143996]]]},"properties":{"prop_id":67748,"state_cd":"8","ite_code":210,"ite_name":"Single-Family Detached","ite_unit":"DU","units":1,"daily_trips":9.4,"am_peak_trips":0.7,"pm_peak_trips":0.9,"imprv_val":153610.0,"acres":0.45,"city":"Reno","city_code":"CRE","fill_color":[34,139,34,180]}},{"type":"Feature","geometry":{"type":"Polygon","coordinates":[[[-97.60843114507404,32.92943395048451],[-97.60996939617912,32.92943891295802],[-97.60996385596096,32.929677217800936],[-97.60996227741767,32.9297451424702],[-97.6099621972199,32.92974514189717],[-97.60842803639211,32.92974019241547],[-97.60843114507404,32.92943395048451]]]},"properties":{"prop_id":28983,"state_cd":"S80","ite_code":210,"ite_name":"Single-Family Detached","ite_unit":"DU","units":2,"daily_trips":18.9,"am_peak_trips":1.4,"pm_peak_trips":1.9,"imprv_val":25670.0,"acres":1.11,"city":"Reno","city_code":"CRE","fill_color":[34,139,34,180]}},{"type":"Feature","geometry":{"type":"Polygon","coordinates":[[[-97.58681216059213,32.94918665346747],[-97.58687993545024,32.94928307174581],[-97.58727047653045,32.94962943386303],[-97.58769547248043,32.94991523106881],[-97.58776353598,32.949953030986],[-97.5878003877956,32.95210640154952],[-97.58620492225107,32.952094633304704],[-97.58620889804767,32.949478584305],[-97.58681216059213,32.94918665346747]]]},"properties":{"prop_id":118658,"state_cd":"8","ite_code":0,"ite_name":"Vacant/Agricultural","ite_unit":"N/A","units":1.0,"daily_trips":0.0,"am_peak_trips":0.0,"pm_peak_trips":0.0,"imprv_val":0.0,"acres":2.99,"city":"Reno","city_code":"CRE","fill_color":[80,80,80,100]}},{"type":"Feature","geometry":{"type":"Polygon","coordinates":[[[-97.58354482398896,32.95289661360103],[-97.58354455970976,32.95298955444701],[-97.58353393474192,32.95527627890796],[-97.58282235601271,32.95526442375652],[-97.58282584048936,32.95289533645998],[-97.58354482398896,32.95289661360103]]]},"properties":{"prop_id":99063,"state_cd":"8","ite_code":0,"ite_name":"Vacant/Agricultural","ite_unit":"N/A","units":1.0,"daily_trips":0.0,"am_peak_trips":0.0,"pm_peak_trips":0.0,"imprv_val":0.0,"acres":4.377,"city":"Reno","city_code":"CRE","fill_color":[80,80,80,100]}},{"type":"Feature","geometry":{"type":"Polygon","coordinates":[[[-97.55323368837185,32.93683933825079],[-97.55389324806893,32.935821758974015],[-97.5544810286623,32.93610682872068],[-97.5538123609793,32.93711636602483],[-97.55323368837185,32.93683933825079]]]},"properties":{"prop_id":65638,"state_cd":"8","ite_code":210,"ite_name":"Single-Family Detached","ite_unit":"DU","units":3,"daily_trips":28.3,"am_peak_trips":2.1,"pm_peak_trips":2.8,"imprv_val":224480.0,"acres":2.0,"city":"Reno","city_code":"CRE","fill_color":[34,139,34,180]}},{"type":"Feature","geometry":{"type":"Polygon","coordinates":[[[-97.5462170166923,32.93391796189481],[-97.54653745875035,32.93392228441822],[-97.54666110799889,32.93555423137855],[-97.54633530531962,32.93556271935515],[-97.5462170166923,32.93391796189481]]]},"properties":{"prop_id":55076,"state_cd":"15A+","ite_code":210,"ite_name":"Single-Family Detached","ite_unit":"DU","units":2,"daily_trips":18.9,"am_peak_trips":1.4,"pm_peak_trips":1.9,"imprv_val":40990.0,"acres":1.36,"city":"Reno","city_code":"CRE","fill_color":[34,139,34,180]}},{"type":"Feature","geometry":{"type":"Polygon","coordinates":[[[-97.58097803101558,32.94321551227946],[-97.58048997816864,32.94320584184054],[-97.58039421582862,32.94320394461312],[-97.58041486055663,32.941884184618836],[-97.58041436133385,32.94187952476829],[-97.58203478811292,32.941889687465896],[-97.58199760941297,32.94323570704589],[-97.58097803101558,32.94321551227946]]]},"properties":{"prop_id":51847,"state_cd":"8","ite_code":210,"ite_name":"Single-Family Detached","ite_unit":"DU","units":2,"daily_trips":18.9,"am_peak_trips":1.4,"pm_peak_trips":1.9,"imprv_val":290870.0,"acres":1.0,"city":"Reno","city_code":"CRE","fill_color":[34,139,34,180]}},{"type":"Feature","geometry":{"type":"Polygon","coordinates":[[[-97.587772623746,32.94630005438797],[-97.58771542305375,32.946298444245144],[-97.58741393444602,32.94628995595701],[-97.5874394572728,32.94573096535141],[-97.5878027848827,32.94574410619862],[-97.587772623746,32.94630005438797]]]},"properties":{"prop_id":22925,"state_cd":"S50","ite_code":210,"ite_name":"Single-Family Detached","ite_unit":"DU","units":1,"daily_trips":9.4,"am_peak_trips":0.7,"pm_peak_trips":0.9,"imprv_val":254500.0,"acres":0.5,"city":"Reno","city_code":"CRE","fill_color":[34,139,34,180]}},{"type":"Feature","geometry":{"type":"Polygon","coordinates":[[[-97.60437616686934,32.96097821710901],[-97.60441005155532,32.9601566956625],[-97.60562725302366,32.960071013591374],[-97.60709956594623,32.95993970898436],[-97.60758228824734,32.959897354072865],[-97.60923633013851,32.959810329326466],[-97.61109250055162,32.9597103026414],[-97.61242537596969,32.95964264757788],[-97.61241761176518,32.96106236215406],[-97.60437616686934,32.96097821710901]]]},"properties":{"prop_id":55306,"state_cd":"8","ite_code":0,"ite_name":"Vacant/Agricultural","ite_unit":"N/A","units":1.0,"daily_trips":0.0,"am_peak_trips":0.0,"pm_peak_trips":0.0,"imprv_val":0.0,"acres":22.327,"city":"Reno","city_code":"CRE","fill_color":[80,80,80,100]}},{"type":"Feature","geometry":{"type":"Polygon","coordinates":[[[-97.59158282912908,32.935224546098425],[-97.59189906096192,32.935126020415886],[-97.59202325579025,32.93507186695495],[-97.59223343328557,32.93576595697837],[-97.59262636652234,32.937063584041475],[-97.59198246577009,32.937665779210434],[-97.59158282912908,32.935224546098425]]]},"properties":{"prop_id":63520,"state_cd":"8","ite_code":210,"ite_name":"Single-Family Detached","ite_unit":"DU","units":3,"daily_trips":28.3,"am_peak_trips":2.1,"pm_peak_trips":2.8,"imprv_val":226620.0,"acres":3.53,"city":"Reno","city_code":"CRE","fill_color":[34,139,34,180]}},{"type":"Feature","geometry":{"type":"Polygon","coordinates":[[[-97.54833744124952,32.924368119467026],[-97.5483398717075,32.924347920636805],[-97.54827510730742,32.92430720203943],[-97.54792952892922,32.92404757339022],[-97.54778528014326,32.92390481004946],[-97.54776079874645,32.92388058079893],[-97.54726947373364,32.92315711283647],[-97.5469485077066,32.92302449781673],[-97.54731812953052,32.922904701599926],[-97.54778307918731,32.92275410483302],[-97.54808339094753,32.92263411466728],[-97.54824654346594,32.922136621571354],[-97.54844424205848,32.92142643663258],[-97.54856852394732,32.92153159161994],[-97.54871349720798,32.92162575779169],[-97.54887176882212,32.921679946756164],[-97.54887966098757,32.92278939849192],[-97.5488929575091,32.924657386488605],[-97.54888649305384,32.92479896622881],[-97.54883228955991,32.9247923341618],[-97.54867378855869,32.92465432756242],[-97.548655082361,32.9246380436014],[-97.54862790934946,32.92461438286932],[-97.5486139525695,32.924602231324094],[-97.54858369239521,32.92457588658109],[-97.54857190639623,32.92456562292518],[-97.54853391253467,32.924532541890656],[-97.54852210744629,32.924522264556536],[-97.548432019036,32.924443823521386],[-97.5484141392778,32.92442825828846],[-97.54839545548421,32.924411987986026],[-97.54838307517117,32.9244012093311],[-97.54836062938318,32.92438166637179],[-97.54833744124952,32.924368119467026]]]},"properties":{"prop_id":55109,"state_cd":"15A+","ite_code":210,"ite_name":"Single-Family Detached","ite_unit":"DU","units":2,"daily_trips":18.9,"am_peak_trips":1.4,"pm_peak_trips":1.9,"imprv_val":403390.0,"acres":1.0,"city":"Reno","city_code":"CRE","fill_color":[34,139,34,180]}},{"type":"Feature","geometry":{"type":"Polygon","coordinates":[[[-97.55772755176824,32.92729432202453],[-97.5577061370424,32.92675158797878],[-97.5565435563869,32.92676312882669],[-97.556566201861,32.92552818774995],[-97.55658495811522,32.92442113361113],[-97.55893233786162,32.92443006691028],[-97.55897013893821,32.92443011080416],[-97.56082952996731,32.92443229957063],[-97.56084895927184,32.924432322512374],[-97.56133785712787,32.924432890065304],[-97.56207328046844,32.92443374486549],[-97.56337161697826,32.92443524190685],[-97.56470198248297,32.92443676210369],[-97.56475058890018,32.92443681774034],[-97.5647500543126,32.92446000805948],[-97.56474651073376,32.924615080195125],[-97.56463653026594,32.92942356751735],[-97.56463281497368,32.92958585115294],[-97.56392622615184,32.92957734642244],[-97.5637353593276,32.92957504893292],[-97.56330991133302,32.929413599000505],[-97.56303148856165,32.92930794092285],[-97.56191869833316,32.92891547823721],[-97.5589722835197,32.927775811543164],[-97.55772755176824,32.92729432202453]]]},"properties":{"prop_id":41122,"state_cd":"15A+","ite_code":210,"ite_name":"Single-Family Detached","ite_unit":"DU","units":65,"daily_trips":613.6,"am_peak_trips":46.0,"pm_peak_trips":61.4,"imprv_val":41040.0,"acres":81.015,"city":"Reno","city_code":"CRE","fill_color":[255,120,0,200]}},{"type":"Feature","geometry":{"type":"Polygon","coordinates":[[[-97.56431463088738,32.94806010944339],[-97.56430946531374,32.94711366989615],[-97.56462799536502,32.94712078726314],[-97.56462943559146,32.948065818997506],[-97.56431463088738,32.94806010944339]]]},"properties":{"prop_id":18911,"state_cd":"S80","ite_code":210,"ite_name":"Single-Family Detached","ite_unit":"DU","units":1,"daily_trips":9.4,"am_peak_trips":0.7,"pm_peak_trips":0.9,"imprv_val":26740.0,"acres":0.802,"city":"Reno","city_code":"CRE","fill_color":[34,139,34,180]}},{"type":"Feature","geometry":{"type":"Polygon","coordinates":[[[-97.5528383854522,32.92348155457],[-97.55267886820214,32.923741854518994],[-97.55263797874589,32.924042763568984],[-97.5521476925992,32.92394804454325],[-97.55213386549777,32.92325827347209],[-97.5528383854522,32.92348155457]]]},"properties":{"prop_id":50604,"state_cd":"15A+","ite_code":210,"ite_name":"Single-Family Detached","ite_unit":"DU","units":1,"daily_trips":9.4,"am_peak_trips":0.7,"pm_peak_trips":0.9,"imprv_val":41330.0,"acres":0.94,"city":"Reno","city_code":"CRE","fill_color":[34,139,34,180]}},{"type":"Feature","geometry":{"type":"Polygon","coordinates":[[[-97.56365715443542,32.94709909084345],[-97.56364874984148,32.94614070450888],[-97.56395703811364,32.94614784133989],[-97.56396403605315,32.94710594921509],[-97.56365715443542,32.94709909084345]]]},"properties":{"prop_id":18940,"state_cd":"S80","ite_code":210,"ite_name":"Single-Family Detached","ite_unit":"DU","units":1,"daily_trips":9.4,"am_peak_trips":0.7,"pm_peak_trips":0.9,"imprv_val":58950.0,"acres":0.803,"city":"Reno","city_code":"CRE","fill_color":[34,139,34,180]}},{"type":"Feature","geometry":{"type":"Polygon","coordinates":[[[-97.55805857961035,32.96918332367197],[-97.55805844203907,32.969455444971686],[-97.55681767149312,32.969429718636626],[-97.55681062501007,32.96916457903041],[-97.55683993389458,32.96913805611747],[-97.55744916941478,32.96916234874288],[-97.55805857961035,32.96918332367197]]]},"properties":{"prop_id":115951,"state_cd":"S60","ite_code":0,"ite_name":"Vacant/Agricultural","ite_unit":"N/A","units":1.0,"daily_trips":0.0,"am_peak_trips":0.0,"pm_peak_trips":0.0,"imprv_val":0.0,"acres":0.903,"city":"Reno","city_code":"CRE","fill_color":[80,80,80,100]}},{"type":"Feature","geometry":{"type":"Polygon","coordinates":[[[-97.5671570891883,32.93047496952826],[-97.56775683019318,32.93052181670567],[-97.56807234667228,32.930546461010344],[-97.56782736891437,32.93477435762018],[-97.56689944609695,32.93478096796488],[-97.5671570891883,32.93047496952826]]]},"properties":{"prop_id":41780,"state_cd":"8","ite_code":210,"ite_name":"Single-Family Detached","ite_unit":"DU","units":2,"daily_trips":18.9,"am_peak_trips":1.4,"pm_peak_trips":1.9,"imprv_val":98670.0,"acres":1.0,"city":"Reno","city_code":"CRE","fill_color":[34,139,34,180]}},{"type":"Feature","geometry":{"type":"Polygon","coordinates":[[[-97.57139696098322,32.94049353191921],[-97.571464256659,32.94029337088125],[-97.57134580765586,32.93989710132346],[-97.57152323858048,32.939726404317305],[-97.57166736606074,32.93983743001161],[-97.57192876780924,32.940139820955885],[-97.57201468402285,32.94031547720951],[-97.57203055173075,32.94053401422603],[-97.57139696098322,32.94049353191921]]]},"properties":{"prop_id":26440,"state_cd":"S20","ite_code":0,"ite_name":"Vacant/Agricultural","ite_unit":"N/A","units":1.0,"daily_trips":0.0,"am_peak_trips":0.0,"pm_peak_trips":0.0,"imprv_val":0.0,"acres":0.83,"city":"Reno","city_code":"CRE","fill_color":[80,80,80,100]}},{"type":"Feature","geometry":{"type":"Polygon","coordinates":[[[-97.57129767924592,32.936436926742765],[-97.5715668107609,32.93629888417179],[-97.5716066635321,32.936246606017995],[-97.57173425873499,32.936276115236694],[-97.57177176315534,32.93592670108012],[-97.57184908988575,32.935870295699644],[-97.57184292714314,32.93587034628064],[-97.5718526055809,32.9357779848421],[-97.57187974705069,32.935701452645176],[-97.57197853436614,32.9354228966938],[-97.57209497470501,32.93534963775025],[-97.57231018674159,32.935415914750216],[-97.57234346112963,32.93536908946671],[-97.57243396243719,32.935044185687666],[-97.5725821442441,32.9348262675461],[-97.57233490063977,32.93460790153641],[-97.57259243202094,32.93435270772233],[-97.57279315448689,32.93425047823403],[-97.57288591827086,32.93416283121687],[-97.57287349854936,32.93410676550593],[-97.57292673177618,32.932787487751995],[-97.57309368670379,32.932768550670154],[-97.57308948650248,32.93558436056757],[-97.57308608610141,32.93576910945673],[-97.57307193558255,32.93654869426239],[-97.5722008402941,32.93641255210373],[-97.57180901839497,32.93778386419192],[-97.57068712500808,32.937780591206675],[-97.5711432202114,32.93710729388345],[-97.57129767924592,32.936436926742765]]]},"properties":{"prop_id":41747,"state_cd":"8","ite_code":0,"ite_name":"Vacant/Agricultural","ite_unit":"N/A","units":1.0,"daily_trips":0.0,"am_peak_trips":0.0,"pm_peak_trips":0.0,"imprv_val":0.0,"acres":10.008,"city":"Reno","city_code":"CRE","fill_color":[80,80,80,100]}},{"type":"Feature","geometry":{"type":"Polygon","coordinates":[[[-97.58777239498876,32.946969171670666],[-97.58694495955885,32.946899098635356],[-97.58695897233699,32.94627714443856],[-97.58741393444602,32.94628995595701],[-97.58771542305375,32.946298444245144],[-97.58777239498876,32.946969171670666]]]},"properties":{"prop_id":22929,"state_cd":"S50","ite_code":0,"ite_name":"Vacant/Agricultural","ite_unit":"N/A","units":1.0,"daily_trips":0.0,"am_peak_trips":0.0,"pm_peak_trips":0.0,"imprv_val":0.0,"acres":0.669,"city":"Reno","city_code":"CRE","fill_color":[80,80,80,100]}},{"type":"Feature","geometry":{"type":"Polygon","coordinates":[[[-97.55238218426403,32.94432261004975],[-97.5528774051124,32.94432339334077],[-97.55287190713803,32.94516756211954],[-97.55287188813274,32.94517053983444],[-97.55277758965194,32.945171514785834],[-97.5527365413912,32.9451719385972],[-97.55238735870957,32.94516711523551],[-97.55238218426403,32.94432261004975]]]},"properties":{"prop_id":118580,"state_cd":"15A+","ite_code":0,"ite_name":"Vacant/Agricultural","ite_unit":"N/A","units":1.0,"daily_trips":0.0,"am_peak_trips":0.0,"pm_peak_trips":0.0,"imprv_val":0.0,"acres":1.067,"city":"Reno","city_code":"CRE","fill_color":[80,80,80,100]}},{"type":"Feature","geometry":{"type":"Polygon","coordinates":[[[-97.56169710342299,32.96769885168095],[-97.56223995168928,32.96769667900459],[-97.56227794214166,32.96772311618662],[-97.56228661046919,32.968383815478084],[-97.56169334643549,32.96838640963659],[-97.56169334802243,32.96838605793418],[-97.56169710342299,32.96769885168095]]]},"properties":{"prop_id":115960,"state_cd":"S85","ite_code":0,"ite_name":"Vacant/Agricultural","ite_unit":"N/A","units":1.0,"daily_trips":0.0,"am_peak_trips":0.0,"pm_peak_trips":0.0,"imprv_val":0.0,"acres":1.033,"city":"Reno","city_code":"CRE","fill_color":[80,80,80,100]}},{"type":"Feature","geometry":{"type":"Polygon","coordinates":[[[-97.54503120100608,32.94207986592893],[-97.54502860057076,32.94151631568318],[-97.54684894788029,32.9415336782866],[-97.54769207301432,32.94153683598875],[-97.54789842156157,32.941537607781704],[-97.54820546639489,32.941538755368306],[-97.54845360078811,32.94153968313794],[-97.54894267517577,32.941541509328864],[-97.54956789824163,32.94154384024499],[-97.54973086208928,32.94154444756621],[-97.55011627776429,32.94154588247093],[-97.55040879476819,32.94154697067561],[-97.55059844549416,32.94154767565536],[-97.55109368234675,32.94154951601345],[-97.55158324666598,32.941551333765865],[-97.5520699159139,32.941553138388606],[-97.55255945353719,32.94155495210164],[-97.55304331970505,32.941556742426904],[-97.5535304788355,32.94155854326381],[-97.55353081113721,32.942250742342345],[-97.5535308631522,32.942357782478666],[-97.55353088770273,32.94240773532551],[-97.55353092890543,32.94251788941497],[-97.55353123516103,32.94334125113025],[-97.55353133674117,32.94361421758543],[-97.5535227044602,32.94416423719871],[-97.55352017736028,32.94432526591666],[-97.55351904869359,32.94439716065711],[-97.55352029968577,32.94442472392919],[-97.5535203559601,32.94443957667933],[-97.55351997266067,32.9444544278937],[-97.55351916168635,32.94446926503701],[-97.55351791777632,32.9444840799528],[-97.55351623671986,32.94449886629627],[-97.55351413041592,32.94451361153207],[-97.55351158716746,32.94452830925841],[-97.55350861989477,32.944542951456995],[-97.55350522764378,32.9445575272985],[-97.55350140841985,32.944572023240205],[-97.55349716538304,32.94458644381521],[-97.55349250413106,32.944600765618375],[-97.55348742574289,32.94461498775601],[-97.55348299778875,32.944628896486975],[-97.55313649720983,32.945167804749616],[-97.55287188813274,32.94517053983444],[-97.55277758965194,32.945171514785834],[-97.5527365413912,32.9451719385972],[-97.55157618165268,32.945166741684126],[-97.55146956013529,32.94516626367345],[-97.5513826969353,32.94516587378507],[-97.55090516482568,32.94516373221261],[-97.55041703487433,32.945161540502674],[-97.54952690988915,32.94515753883527],[-97.54821235036721,32.9451516193185],[-97.54800455328494,32.94515069274816],[-97.54568415763684,32.94514033952554],[-97.54506041357433,32.945137548830814],[-97.54498872900302,32.945137227534715],[-97.54499359981851,32.94479012124654],[-97.54499723592961,32.94453094438704],[-97.54500200220143,32.94419124675379],[-97.5450104715739,32.94358773548894],[-97.54501887148297,32.94298916841202],[-97.54502320207902,32.942680541033496],[-97.5450267894263,32.94242497828966],[-97.54502919029333,32.9422539707062],[-97.54503107603377,32.94211953313138],[-97.5450311241135,32.94210426000461],[-97.54503120100608,32.94207986592893]]]},"properties":{"prop_id":118604,"state_cd":"15A+","ite_code":0,"ite_name":"Vacant/Agricultural","ite_unit":"N/A","units":1.0,"daily_trips":0.0,"am_peak_trips":0.0,"pm_peak_trips":0.0,"imprv_val":0.0,"acres":1.011,"city":"Reno","city_code":"CRE","fill_color":[80,80,80,100]}},{"type":"Feature","geometry":{"type":"Polygon","coordinates":[[[-97.58821809035793,32.968192852539346],[-97.58821399719653,32.968644515692205],[-97.58821394508843,32.96959426989361],[-97.5882756993351,32.969714012987566],[-97.58828131607257,32.969720564385085],[-97.58827687497309,32.96972202803031],[-97.58828185370653,32.970709020254915],[-97.58765607418017,32.97089854506374],[-97.58748847012885,32.97000163720928],[-97.58733211736468,32.97006610940374],[-97.58641773909736,32.970084863923915],[-97.58641512516877,32.968243188601875],[-97.5865771744644,32.96823866516097],[-97.58717734935414,32.96822191118825],[-97.58777211545176,32.96820530592287],[-97.58821809035793,32.968192852539346]]]},"properties":{"prop_id":54004,"state_cd":"8","ite_code":210,"ite_name":"Single-Family Detached","ite_unit":"DU","units":2,"daily_trips":18.9,"am_peak_trips":1.4,"pm_peak_trips":1.9,"imprv_val":155900.0,"acres":1.0,"city":"Reno","city_code":"CRE","fill_color":[34,139,34,180]}},{"type":"Feature","geometry":{"type":"Polygon","coordinates":[[[-97.57820769137436,32.96219810018895],[-97.57820377940918,32.96110670668492],[-97.58134078160275,32.961131872818655],[-97.58129277040995,32.96222684218407],[-97.58129106524623,32.9623906958946],[-97.58024364873744,32.962387014208716],[-97.57917532536125,32.9623832503959],[-97.57916283595378,32.96420476461908],[-97.57821745918334,32.96419776088634],[-97.57820769137436,32.96219810018895]]]},"properties":{"prop_id":85190,"state_cd":"8","ite_code":0,"ite_name":"Vacant/Agricultural","ite_unit":"N/A","units":1.0,"daily_trips":0.0,"am_peak_trips":0.0,"pm_peak_trips":0.0,"imprv_val":0.0,"acres":8.22,"city":"Reno","city_code":"CRE","fill_color":[80,80,80,100]}},{"type":"Feature","geometry":{"type":"Polygon","coordinates":[[[-97.56034890042653,32.945216081951585],[-97.56035571869363,32.94482087643681],[-97.56086616498446,32.94481683770362],[-97.56085751707515,32.94522099727968],[-97.56034890042653,32.945216081951585]]]},"properties":{"prop_id":18828,"state_cd":"S80","ite_code":210,"ite_name":"Single-Family Detached","ite_unit":"DU","units":1,"daily_trips":9.4,"am_peak_trips":0.7,"pm_peak_trips":0.9,"imprv_val":80180.0,"acres":0.57,"city":"Reno","city_code":"CRE","fill_color":[34,139,34,180]}},{"type":"Feature","geometry":{"type":"Polygon","coordinates":[[[-97.56191869833316,32.92891547823721],[-97.56303148856165,32.92930794092285],[-97.56303349065341,32.929864239131845],[-97.56303348312139,32.929888308177176],[-97.56303328090524,32.93102279466496],[-97.5630311762676,32.93108741070844],[-97.56301566232109,32.93259477481482],[-97.56179845135038,32.9321283375714],[-97.5618461046828,32.93053528668409],[-97.56187912631106,32.92979839709629],[-97.56191869833316,32.92891547823721]]]},"properties":{"prop_id":54101,"state_cd":"","ite_code":210,"ite_name":"Single-Family Detached","ite_unit":"DU","units":2,"daily_trips":18.9,"am_peak_trips":1.4,"pm_peak_trips":1.9,"imprv_val":166340.0,"acres":1.0,"city":"Reno","city_code":"CRE","fill_color":[34,139,34,180]}},{"type":"Feature","geometry":{"type":"Polygon","coordinates":[[[-97.56930597822937,32.97449528023208],[-97.57027422111723,32.97448710453332],[-97.57027567032587,32.97498248707465],[-97.56924673382542,32.9747949939869],[-97.56927299117527,32.97473287811076],[-97.56929211199966,32.974668937741114],[-97.56930392437405,32.97460375327777],[-97.56930831938226,32.97453791641189],[-97.56930597822937,32.97449528023208]]]},"properties":{"prop_id":106214,"state_cd":"S80","ite_code":210,"ite_name":"Single-Family Detached","ite_unit":"DU","units":2,"daily_trips":18.9,"am_peak_trips":1.4,"pm_peak_trips":1.9,"imprv_val":471050.0,"acres":1.0,"city":"Reno","city_code":"CRE","fill_color":[34,139,34,180]}},{"type":"Feature","geometry":{"type":"Polygon","coordinates":[[[-97.55911328027284,32.9542831801594],[-97.56121907169329,32.95423494846351],[-97.5612443095251,32.9553018829713],[-97.56037950130897,32.955295836241866],[-97.5603721498982,32.95572670831977],[-97.56011179242311,32.95572402957138],[-97.55912548452105,32.95571962426044],[-97.55911328027284,32.9542831801594]]]},"properties":{"prop_id":49353,"state_cd":"8","ite_code":0,"ite_name":"Vacant/Agricultural","ite_unit":"N/A","units":1.0,"daily_trips":0.0,"am_peak_trips":0.0,"pm_peak_trips":0.0,"imprv_val":0.0,"acres":6.2,"city":"Reno","city_code":"CRE","fill_color":[80,80,80,100]}},{"type":"Feature","geometry":{"type":"Polygon","coordinates":[[[-97.56011476318197,32.94915824466256],[-97.56012704487563,32.94858385997118],[-97.56080891592472,32.9485805353504],[-97.5608165449877,32.94914325072572],[-97.56011476318197,32.94915824466256]]]},"properties":{"prop_id":49339,"state_cd":"8","ite_code":210,"ite_name":"Single-Family Detached","ite_unit":"DU","units":2,"daily_trips":18.9,"am_peak_trips":1.4,"pm_peak_trips":1.9,"imprv_val":152420.0,"acres":1.0,"city":"Reno","city_code":"CRE","fill_color":[34,139,34,180]}},{"type":"Feature","geometry":{"type":"Polygon","coordinates":[[[-97.56040082058729,32.95350217095726],[-97.561239079359,32.953472171571896],[-97.56123278661799,32.953918922211436],[-97.56042592322692,32.95395020174971],[-97.56040082058729,32.95350217095726]]]},"properties":{"prop_id":49351,"state_cd":"8","ite_code":210,"ite_name":"Single-Family Detached","ite_unit":"DU","units":2,"daily_trips":18.9,"am_peak_trips":1.4,"pm_peak_trips":1.9,"imprv_val":162700.0,"acres":1.0,"city":"Reno","city_code":"CRE","fill_color":[34,139,34,180]}},{"type":"Feature","geometry":{"type":"Polygon","coordinates":[[[-97.55272803963483,32.94617303259759],[-97.55271346979633,32.94689870505323],[-97.55032336410397,32.94690650439207],[-97.55019843071175,32.94607628938866],[-97.55272803963483,32.94617303259759]]]},"properties":{"prop_id":96484,"state_cd":"","ite_code":0,"ite_name":"Vacant/Agricultural","ite_unit":"N/A","units":1.0,"daily_trips":0.0,"am_peak_trips":0.0,"pm_peak_trips":0.0,"imprv_val":0.0,"acres":4.01,"city":"Reno","city_code":"CRE","fill_color":[80,80,80,100]}},{"type":"Feature","geometry":{"type":"Polygon","coordinates":[[[-97.55681045629647,32.964836597574916],[-97.55685365577331,32.96359739990966],[-97.55700294377733,32.96286838164502],[-97.55699621623805,32.96031042800015],[-97.55790445672173,32.9603074787073],[-97.55785878284003,32.96484655943125],[-97.55681045629647,32.964836597574916]]]},"properties":{"prop_id":49997,"state_cd":"","ite_code":210,"ite_name":"Single-Family Detached","ite_unit":"DU","units":9,"daily_trips":85.0,"am_peak_trips":6.4,"pm_peak_trips":8.5,"imprv_val":355130.0,"acres":11.26,"city":"Reno","city_code":"CRE","fill_color":[255,200,0,200]}},{"type":"Feature","geometry":{"type":"Polygon","coordinates":[[[-97.56418595054649,32.94423817382168],[-97.56420148706512,32.943411352593294],[-97.56485832304728,32.94341831451426],[-97.56482734377937,32.94424505052627],[-97.56418595054649,32.94423817382168]]]},"properties":{"prop_id":19008,"state_cd":"S80","ite_code":210,"ite_name":"Single-Family Detached","ite_unit":"DU","units":2,"daily_trips":18.9,"am_peak_trips":1.4,"pm_peak_trips":1.9,"imprv_val":161350.0,"acres":1.3754,"city":"Reno","city_code":"CRE","fill_color":[34,139,34,180]}},{"type":"Feature","geometry":{"type":"Polygon","coordinates":[[[-97.56458389311949,32.93733746439202],[-97.56543269565151,32.937339554749315],[-97.5654225025824,32.93782308188371],[-97.56537186382016,32.93782246300163],[-97.5645747525189,32.93781841653904],[-97.56458389311949,32.93733746439202]]]},"properties":{"prop_id":41773,"state_cd":"8","ite_code":210,"ite_name":"Single-Family Detached","ite_unit":"DU","units":2,"daily_trips":18.9,"am_peak_trips":1.4,"pm_peak_trips":1.9,"imprv_val":205450.0,"acres":1.0,"city":"Reno","city_code":"CRE","fill_color":[34,139,34,180]}},{"type":"Feature","geometry":{"type":"Polygon","coordinates":[[[-97.5889841068241,32.964919587211696],[-97.58948001339127,32.96492521540209],[-97.58977000713686,32.96500325535729],[-97.58995740038587,32.96516551042343],[-97.58996633287266,32.9654005140646],[-97.58997381392044,32.96575583825399],[-97.58997350342817,32.96575586213973],[-97.58898363482243,32.965748629729774],[-97.5889841068241,32.964919587211696]]]},"properties":{"prop_id":54010,"state_cd":"8","ite_code":0,"ite_name":"Vacant/Agricultural","ite_unit":"N/A","units":1.0,"daily_trips":0.0,"am_peak_trips":0.0,"pm_peak_trips":0.0,"imprv_val":500.0,"acres":2.0,"city":"Reno","city_code":"CRE","fill_color":[80,80,80,100]}},{"type":"Feature","geometry":{"type":"Polygon","coordinates":[[[-97.59347401587596,32.940863836562876],[-97.59465711906145,32.9408723396201],[-97.59465778236466,32.94272399014648],[-97.59422096069042,32.942933271433176],[-97.59324600173474,32.942768922394734],[-97.59272596388752,32.94288361012968],[-97.59186944229253,32.94261588525502],[-97.59180931058984,32.94261131473386],[-97.59177162174042,32.94250204632472],[-97.59169047948777,32.94246093183444],[-97.59157849009013,32.942488514917635],[-97.59145278077618,32.94257864724773],[-97.59120634425483,32.94289861195755],[-97.59107280536533,32.94291480236718],[-97.59091497687898,32.94293393754368],[-97.590829632242,32.9428950265718],[-97.59064911290223,32.94283451371917],[-97.59039364190369,32.942738974541854],[-97.59026800140722,32.94245256044015],[-97.59016679836468,32.9424193851981],[-97.59017553473613,32.942014702922556],[-97.59018401254556,32.940146868154265],[-97.59058838729658,32.940148487700895],[-97.59059645715728,32.939389937446045],[-97.59060502878553,32.93852749150614],[-97.59110376665826,32.938480120749546],[-97.5910794636434,32.94084638973312],[-97.59347401587596,32.940863836562876]]]},"properties":{"prop_id":42930,"state_cd":"8","ite_code":210,"ite_name":"Single-Family Detached","ite_unit":"DU","units":2,"daily_trips":18.9,"am_peak_trips":1.4,"pm_peak_trips":1.9,"imprv_val":184710.0,"acres":1.0,"city":"Reno","city_code":"CRE","fill_color":[34,139,34,180]}},{"type":"Feature","geometry":{"type":"Polygon","coordinates":[[[-97.56823535418016,32.97208914730363],[-97.56823738654228,32.97208654538561],[-97.56862827181932,32.97230664332047],[-97.56862677687288,32.972308604452046],[-97.56810459456456,32.97299385921359],[-97.56770362106576,32.972769845111486],[-97.56823535418016,32.97208914730363]]]},"properties":{"prop_id":106220,"state_cd":"S80","ite_code":210,"ite_name":"Single-Family Detached","ite_unit":"DU","units":2,"daily_trips":18.9,"am_peak_trips":1.4,"pm_peak_trips":1.9,"imprv_val":405550.0,"acres":1.0,"city":"Reno","city_code":"CRE","fill_color":[34,139,34,180]}},{"type":"Feature","geometry":{"type":"Polygon","coordinates":[[[-97.55444815080158,32.92611923530825],[-97.5547826483172,32.92602761321321],[-97.5553389986911,32.92614940802651],[-97.55578961261368,32.92638209951041],[-97.55606434744537,32.9267662990786],[-97.55618827656295,32.9268913570565],[-97.55653479083632,32.9272410161277],[-97.55653292169768,32.92734302947582],[-97.55648967988431,32.930034567173664],[-97.55648967008466,32.93003478444206],[-97.55648744998392,32.930085295722876],[-97.55609794512365,32.93010780645104],[-97.55540285735886,32.93009946229591],[-97.55491757531792,32.93010294115072],[-97.55442703144226,32.93010645573185],[-97.55444815080158,32.92611923530825]]]},"properties":{"prop_id":50600,"state_cd":"15A+","ite_code":0,"ite_name":"Vacant/Agricultural","ite_unit":"N/A","units":1.0,"daily_trips":0.0,"am_peak_trips":0.0,"pm_peak_trips":0.0,"imprv_val":0.0,"acres":19.5,"city":"Reno","city_code":"CRE","fill_color":[80,80,80,100]}},{"type":"Feature","geometry":{"type":"Polygon","coordinates":[[[-97.60839692336062,32.938311615873126],[-97.61285733951361,32.93827507361925],[-97.61284243809186,32.93846380107308],[-97.61283972996522,32.93849809917662],[-97.61284126943411,32.93874921786158],[-97.61284742835882,32.939754237234425],[-97.61284744047876,32.93975612395165],[-97.61284773416749,32.93980400786923],[-97.61284255238748,32.93999836789829],[-97.61277904550172,32.94238052172357],[-97.61250870426679,32.943060600439516],[-97.60848897271553,32.94306037827888],[-97.6084883825751,32.94303049278265],[-97.60839692336062,32.938311615873126]]]},"properties":{"prop_id":66110,"state_cd":"8","ite_code":0,"ite_name":"Vacant/Agricultural","ite_unit":"N/A","units":1.0,"daily_trips":0.0,"am_peak_trips":0.0,"pm_peak_trips":0.0,"imprv_val":0.0,"acres":51.0,"city":"Reno","city_code":"CRE","fill_color":[80,80,80,100]}},{"type":"Feature","geometry":{"type":"Polygon","coordinates":[[[-97.57551168264537,32.95758624411327],[-97.57710362364321,32.95760194530757],[-97.57709307947464,32.95863010236782],[-97.57551042059798,32.9586246147492],[-97.57551168264537,32.95758624411327]]]},"properties":{"prop_id":57818,"state_cd":"8","ite_code":210,"ite_name":"Single-Family Detached","ite_unit":"DU","units":4,"daily_trips":37.8,"am_peak_trips":2.8,"pm_peak_trips":3.8,"imprv_val":98570.0,"acres":4.59,"city":"Reno","city_code":"CRE","fill_color":[34,139,34,180]}},{"type":"Feature","geometry":{"type":"Polygon","coordinates":[[[-97.5672032225315,32.975223359096965],[-97.56761678033858,32.97522022469236],[-97.56763420532226,32.976145483232514],[-97.56763423085387,32.976146818132285],[-97.5672078400143,32.976144983090784],[-97.56720782788967,32.97614247771554],[-97.5672032225315,32.975223359096965]]]},"properties":{"prop_id":106206,"state_cd":"S80","ite_code":210,"ite_name":"Single-Family Detached","ite_unit":"DU","units":2,"daily_trips":18.9,"am_peak_trips":1.4,"pm_peak_trips":1.9,"imprv_val":436350.0,"acres":1.0,"city":"Reno","city_code":"CRE","fill_color":[34,139,34,180]}},{"type":"Feature","geometry":{"type":"Polygon","coordinates":[[[-97.59552705995104,32.928577013526734],[-97.59673940635021,32.92858313380443],[-97.5967514569503,32.92894573575703],[-97.59552175795338,32.92894090100675],[-97.59552705995104,32.928577013526734]]]},"properties":{"prop_id":54124,"state_cd":"","ite_code":210,"ite_name":"Single-Family Detached","ite_unit":"DU","units":2,"daily_trips":18.9,"am_peak_trips":1.4,"pm_peak_trips":1.9,"imprv_val":204230.0,"acres":1.14,"city":"Reno","city_code":"CRE","fill_color":[34,139,34,180]}},{"type":"Feature","geometry":{"type":"Polygon","coordinates":[[[-97.55172192129763,32.922903921806466],[-97.55171630357042,32.922815469184265],[-97.55171339065943,32.921093316519126],[-97.55221084809452,32.92109769085406],[-97.55221101342106,32.921048650170405],[-97.55258875365303,32.921049857371706],[-97.55259008221388,32.92110100799379],[-97.55259468687758,32.921522368103034],[-97.55259874333026,32.92189360168389],[-97.55260288443152,32.92227232204609],[-97.55260613620982,32.922565315056694],[-97.55260647702929,32.922585041740106],[-97.55261060308126,32.92282367591221],[-97.55261584489408,32.92326366823251],[-97.55215311743184,32.92311852872742],[-97.55212369560725,32.92310942353667],[-97.55210553327073,32.92310374443128],[-97.55208747273754,32.923097845147815],[-97.55206951402705,32.92309172388264],[-97.55205166241801,32.923085386988966],[-97.55203392115675,32.92307883088414],[-97.55201629235283,32.923072058289755],[-97.55199878345228,32.92306507286991],[-97.55198139765325,32.92305787555084],[-97.55196413389625,32.923050465422655],[-97.55194700392339,32.92304284437847],[-97.55193000232124,32.923035018690044],[-97.55191313450345,32.9230269820857],[-97.5518964110754,32.92301874276283],[-97.55187982988916,32.92301030160689],[-97.55186339523125,32.9230016577488],[-97.55184711243824,32.922992812131085],[-97.5518309781963,32.92298377464874],[-97.55181500223468,32.92297453545563],[-97.55179918447618,32.922965101766074],[-97.55178353233782,32.92295547994931],[-97.55176804905624,32.92294566732459],[-97.5517527324738,32.92293566567921],[-97.55173759217485,32.922925478693614],[-97.55172192129763,32.922903921806466]]]},"properties":{"prop_id":54984,"state_cd":"15A+","ite_code":210,"ite_name":"Single-Family Detached","ite_unit":"DU","units":4,"daily_trips":37.8,"am_peak_trips":2.8,"pm_peak_trips":3.8,"imprv_val":196440.0,"acres":4.98,"city":"Reno","city_code":"CRE","fill_color":[34,139,34,180]}},{"type":"Feature","geometry":{"type":"Polygon","coordinates":[[[-97.54952284241531,32.93582468874305],[-97.5495425078806,32.93582675789058],[-97.5495594007569,32.93582857952097],[-97.54957628144516,32.935830440736865],[-97.54959315955998,32.935832342513486],[-97.54961003082396,32.935834284818164],[-97.54962689521773,32.935836269454434],[-97.54964375172034,32.93583829190539],[-97.54966060243187,32.93584035579434],[-97.54967744201514,32.93584246017873],[-97.5496942854317,32.935844606074554],[-97.54971111129422,32.935846793318696],[-97.54972793353342,32.93584901931184],[-97.54974475213011,32.93585128585763],[-97.54976155424208,32.935853593759816],[-97.5497783484244,32.935855943083716],[-97.5497951432707,32.93585833028752],[-97.54981192483083,32.93586075977409],[-97.54982869847109,32.9358632297806],[-97.54984546205266,32.93586574029075],[-97.54986221880304,32.93586828952553],[-97.54987470648305,32.9358702209067],[-97.54990131967925,32.93681264984441],[-97.54961143593675,32.93681877887446],[-97.54954540038771,32.936820175248556],[-97.5495162367951,32.936820791451794],[-97.54951623792395,32.93680653252669],[-97.54952284241531,32.93582468874305]]]},"properties":{"prop_id":65671,"state_cd":"SF-OVR","ite_code":0,"ite_name":"Vacant/Agricultural","ite_unit":"N/A","units":1.0,"daily_trips":0.0,"am_peak_trips":0.0,"pm_peak_trips":0.0,"imprv_val":0.0,"acres":1.66,"city":"Reno","city_code":"CRE","fill_color":[80,80,80,100]}},{"type":"Feature","geometry":{"type":"Polygon","coordinates":[[[-97.54503120100608,32.94207986592893],[-97.54502860057076,32.94151631568318],[-97.54684894788029,32.9415336782866],[-97.54769207301432,32.94153683598875],[-97.54789842156157,32.941537607781704],[-97.54820546639489,32.941538755368306],[-97.54845360078811,32.94153968313794],[-97.54894267517577,32.941541509328864],[-97.54956789824163,32.94154384024499],[-97.54973086208928,32.94154444756621],[-97.55011627776429,32.94154588247093],[-97.55040879476819,32.94154697067561],[-97.55059844549416,32.94154767565536],[-97.55109368234675,32.94154951601345],[-97.55158324666598,32.941551333765865],[-97.5520699159139,32.941553138388606],[-97.55255945353719,32.94155495210164],[-97.55304331970505,32.941556742426904],[-97.5535304788355,32.94155854326381],[-97.55353081113721,32.942250742342345],[-97.5535308631522,32.942357782478666],[-97.55353088770273,32.94240773532551],[-97.55353092890543,32.94251788941497],[-97.55353123516103,32.94334125113025],[-97.55353133674117,32.94361421758543],[-97.5535227044602,32.94416423719871],[-97.55352017736028,32.94432526591666],[-97.55351904869359,32.94439716065711],[-97.55352029968577,32.94442472392919],[-97.5535203559601,32.94443957667933],[-97.55351997266067,32.9444544278937],[-97.55351916168635,32.94446926503701],[-97.55351791777632,32.9444840799528],[-97.55351623671986,32.94449886629627],[-97.55351413041592,32.94451361153207],[-97.55351158716746,32.94452830925841],[-97.55350861989477,32.944542951456995],[-97.55350522764378,32.9445575272985],[-97.55350140841985,32.944572023240205],[-97.55349716538304,32.94458644381521],[-97.55349250413106,32.944600765618375],[-97.55348742574289,32.94461498775601],[-97.55348299778875,32.944628896486975],[-97.55313649720983,32.945167804749616],[-97.55287188813274,32.94517053983444],[-97.55277758965194,32.945171514785834],[-97.5527365413912,32.9451719385972],[-97.55157618165268,32.945166741684126],[-97.55146956013529,32.94516626367345],[-97.5513826969353,32.94516587378507],[-97.55090516482568,32.94516373221261],[-97.55041703487433,32.945161540502674],[-97.54952690988915,32.94515753883527],[-97.54821235036721,32.9451516193185],[-97.54800455328494,32.94515069274816],[-97.54568415763684,32.94514033952554],[-97.54506041357433,32.945137548830814],[-97.54498872900302,32.945137227534715],[-97.54499359981851,32.94479012124654],[-97.54499723592961,32.94453094438704],[-97.54500200220143,32.94419124675379],[-97.5450104715739,32.94358773548894],[-97.54501887148297,32.94298916841202],[-97.54502320207902,32.942680541033496],[-97.5450267894263,32.94242497828966],[-97.54502919029333,32.9422539707062],[-97.54503107603377,32.94211953313138],[-97.5450311241135,32.94210426000461],[-97.54503120100608,32.94207986592893]]]},"properties":{"prop_id":118618,"state_cd":"15A+","ite_code":210,"ite_name":"Single-Family Detached","ite_unit":"DU","units":2,"daily_trips":18.9,"am_peak_trips":1.4,"pm_peak_trips":1.9,"imprv_val":360220.0,"acres":1.005,"city":"Reno","city_code":"CRE","fill_color":[34,139,34,180]}},{"type":"Feature","geometry":{"type":"Polygon","coordinates":[[[-97.57373537696735,32.94911536865605],[-97.57400647077435,32.94911583707862],[-97.57403531984328,32.95049651149277],[-97.5733246995842,32.95050586873393],[-97.57334348489866,32.94999975821914],[-97.5733436956461,32.94999975527733],[-97.57375377587888,32.9499935210044],[-97.57373537696735,32.94911536865605]]]},"properties":{"prop_id":67732,"state_cd":"8","ite_code":210,"ite_name":"Single-Family Detached","ite_unit":"DU","units":2,"daily_trips":18.9,"am_peak_trips":1.4,"pm_peak_trips":1.9,"imprv_val":184590.0,"acres":1.54,"city":"Reno","city_code":"CRE","fill_color":[34,139,34,180]}},{"type":"Feature","geometry":{"type":"Polygon","coordinates":[[[-97.56195735297514,32.974511738444576],[-97.56274243551707,32.974507334290536],[-97.56274473711193,32.9746596446697],[-97.5627512498688,32.97509074440685],[-97.56255249562781,32.97509331865411],[-97.56248277614621,32.97508801812921],[-97.56241421819293,32.97507608882874],[-97.56234770820835,32.97505768352007],[-97.56228410390753,32.97503304043013],[-97.56222422364796,32.97500247685246],[-97.562168842178,32.97496638640943],[-97.56211867353822,32.974925237119386],[-97.56207436372483,32.974879556911915],[-97.56203648530231,32.974829937194094],[-97.5620055258072,32.97477701652995],[-97.56198188563756,32.97472147791864],[-97.56196586959993,32.97466403881022],[-97.56195768382463,32.97460543935872],[-97.56195735297514,32.974511738444576]]]},"properties":{"prop_id":106247,"state_cd":"S80","ite_code":210,"ite_name":"Single-Family Detached","ite_unit":"DU","units":2,"daily_trips":18.9,"am_peak_trips":1.4,"pm_peak_trips":1.9,"imprv_val":493450.0,"acres":1.001,"city":"Reno","city_code":"CRE","fill_color":[34,139,34,180]}},{"type":"Feature","geometry":{"type":"Polygon","coordinates":[[[-97.5528242175881,32.95453697460765],[-97.55381352109717,32.95454372616871],[-97.55381125353799,32.9547376546442],[-97.55381016910019,32.954830350424096],[-97.55381041800413,32.95530387821705],[-97.55282984640704,32.95530593454795],[-97.55283125072938,32.955219432295976],[-97.55283156562075,32.9552000903521],[-97.5528242175881,32.95453697460765]]]},"properties":{"prop_id":49360,"state_cd":"8","ite_code":210,"ite_name":"Single-Family Detached","ite_unit":"DU","units":2,"daily_trips":18.9,"am_peak_trips":1.4,"pm_peak_trips":1.9,"imprv_val":144720.0,"acres":2.07,"city":"Reno","city_code":"CRE","fill_color":[34,139,34,180]}},{"type":"Feature","geometry":{"type":"Polygon","coordinates":[[[-97.57131536378671,32.940736301686684],[-97.57139696098322,32.94049353191921],[-97.57203055173075,32.94053401422603],[-97.57205104790485,32.940814874489504],[-97.57207037436137,32.9409305226464],[-97.57137619874574,32.940941073801554],[-97.57131536378671,32.940736301686684]]]},"properties":{"prop_id":26439,"state_cd":"S20","ite_code":0,"ite_name":"Vacant/Agricultural","ite_unit":"N/A","units":1.0,"daily_trips":0.0,"am_peak_trips":0.0,"pm_peak_trips":0.0,"imprv_val":0.0,"acres":0.77,"city":"Reno","city_code":"CRE","fill_color":[80,80,80,100]}},{"type":"Feature","geometry":{"type":"Polygon","coordinates":[[[-97.56574307045369,32.93880636523496],[-97.56553458550697,32.93878690647817],[-97.56535701008015,32.93875872855763],[-97.56536234027887,32.93833919798346],[-97.56537024407551,32.93791049970248],[-97.56537186382016,32.93782246300163],[-97.5654225025824,32.93782308188371],[-97.5662312460377,32.937832970129],[-97.56623210910192,32.93795066244399],[-97.56625012584806,32.9386381345187],[-97.5662358742801,32.938743911222204],[-97.56617174948141,32.93885877073415],[-97.5661384060398,32.93888614579813],[-97.56574307045369,32.93880636523496]]]},"properties":{"prop_id":62192,"state_cd":"8","ite_code":210,"ite_name":"Single-Family Detached","ite_unit":"DU","units":3,"daily_trips":28.3,"am_peak_trips":2.1,"pm_peak_trips":2.8,"imprv_val":285190.0,"acres":2.0,"city":"Reno","city_code":"CRE","fill_color":[34,139,34,180]}},{"type":"Feature","geometry":{"type":"Polygon","coordinates":[[[-97.56138137618002,32.9561519004117],[-97.56138124109029,32.95558387435563],[-97.56333843221556,32.95580799419111],[-97.56344669814756,32.95582340956398],[-97.56335945112681,32.95638783150339],[-97.56138137618002,32.9561519004117]]]},"properties":{"prop_id":51944,"state_cd":"8","ite_code":210,"ite_name":"Single-Family Detached","ite_unit":"DU","units":2,"daily_trips":18.9,"am_peak_trips":1.4,"pm_peak_trips":1.9,"imprv_val":92810.0,"acres":3.0,"city":"Reno","city_code":"CRE","fill_color":[34,139,34,180]}},{"type":"Feature","geometry":{"type":"Polygon","coordinates":[[[-97.56381792221437,32.96034769540432],[-97.56446947422988,32.96035210891954],[-97.56444800236291,32.96487891418003],[-97.56430247093114,32.964879021874125],[-97.56381371237651,32.96487938223929],[-97.56379583681539,32.96487939494707],[-97.56381792221437,32.96034769540432]]]},"properties":{"prop_id":22972,"state_cd":"8","ite_code":210,"ite_name":"Single-Family Detached","ite_unit":"DU","units":2,"daily_trips":18.9,"am_peak_trips":1.4,"pm_peak_trips":1.9,"imprv_val":377800.0,"acres":1.0,"city":"Reno","city_code":"CRE","fill_color":[34,139,34,180]}},{"type":"Feature","geometry":{"type":"Polygon","coordinates":[[[-97.56296599077066,32.93630220869331],[-97.56440817212136,32.936279672013875],[-97.564405715443,32.936385703071366],[-97.56441420785212,32.93656616996195],[-97.56287393222883,32.936586203984426],[-97.56286988908866,32.936586256538924],[-97.56295907982987,32.936302316335755],[-97.56296599077066,32.93630220869331]]]},"properties":{"prop_id":62214,"state_cd":"8","ite_code":210,"ite_name":"Single-Family Detached","ite_unit":"DU","units":2,"daily_trips":18.9,"am_peak_trips":1.4,"pm_peak_trips":1.9,"imprv_val":57010.0,"acres":1.08,"city":"Reno","city_code":"CRE","fill_color":[34,139,34,180]}},{"type":"Feature","geometry":{"type":"Polygon","coordinates":[[[-97.59352635472983,32.94746833401662],[-97.59179461771171,32.947456336023784],[-97.59391094706969,32.945861069548876],[-97.59423562026484,32.94586700968799],[-97.59422544801478,32.94629977083381],[-97.59421686801552,32.94666478169504],[-97.59420819137698,32.94703390148371],[-97.5941996013231,32.94739935864391],[-97.59419741657418,32.947492297258705],[-97.59352635472983,32.94746833401662]]]},"properties":{"prop_id":54067,"state_cd":"8","ite_code":0,"ite_name":"Vacant/Agricultural","ite_unit":"N/A","units":1.0,"daily_trips":0.0,"am_peak_trips":0.0,"pm_peak_trips":0.0,"imprv_val":1000.0,"acres":5.58,"city":"Reno","city_code":"CRE","fill_color":[80,80,80,100]}},{"type":"Feature","geometry":{"type":"Polygon","coordinates":[[[-97.56169334802243,32.96838605793418],[-97.56228661046919,32.968383815478084],[-97.5622885490687,32.96853162132507],[-97.56228528852331,32.968591902269466],[-97.56227404770688,32.968651497294886],[-97.56225496826043,32.968709658043124],[-97.56222829112401,32.96876565493834],[-97.5621943489828,32.96881878344342],[-97.56215356932393,32.96886837851236],[-97.5621064637111,32.96891381721556],[-97.56205362340056,32.968954528627336],[-97.56199571177648,32.96899000098421],[-97.56193345570671,32.96901978973631],[-97.56186763801594,32.969043521099096],[-97.56179908353023,32.96906089645731],[-97.56172865366071,32.96907169863755],[-97.5616572314258,32.96907579179578],[-97.56156091612155,32.96907580696482],[-97.56156759807432,32.968386532363404],[-97.56162319188982,32.968386322406296],[-97.56169334802243,32.96838605793418]]]},"properties":{"prop_id":115961,"state_cd":"S85","ite_code":0,"ite_name":"Vacant/Agricultural","ite_unit":"N/A","units":1.0,"daily_trips":0.0,"am_peak_trips":0.0,"pm_peak_trips":0.0,"imprv_val":0.0,"acres":1.091,"city":"Reno","city_code":"CRE","fill_color":[80,80,80,100]}},{"type":"Feature","geometry":{"type":"Polygon","coordinates":[[[-97.59863512327695,32.926097720526336],[-97.59865216991808,32.926641618967224],[-97.597902053841,32.9266383054359],[-97.59789234443359,32.92611350221814],[-97.59863512327695,32.926097720526336]]]},"properties":{"prop_id":27588,"state_cd":"S85","ite_code":0,"ite_name":"Vacant/Agricultural","ite_unit":"N/A","units":1.0,"daily_trips":0.0,"am_peak_trips":0.0,"pm_peak_trips":0.0,"imprv_val":0.0,"acres":1.0,"city":"Reno","city_code":"CRE","fill_color":[80,80,80,100]}},{"type":"Feature","geometry":{"type":"Polygon","coordinates":[[[-97.58294115016245,32.945387820474785],[-97.58299347494894,32.944426984388215],[-97.58213974128347,32.943983923814905],[-97.58210149835358,32.943782035495154],[-97.58220454755029,32.943404957287754],[-97.58239204022571,32.94320611066718],[-97.58225555554557,32.94241620338815],[-97.58219391547347,32.94214086424269],[-97.58203478811292,32.941889687465896],[-97.58206327128109,32.939141102831165],[-97.58208786879584,32.93838310535138],[-97.58642632588526,32.938419746609505],[-97.58636595368417,32.93848120571071],[-97.58631187757689,32.93854669886616],[-97.58626447339869,32.93861576890548],[-97.58622407231505,32.938687934882495],[-97.58619095546538,32.93876269293763],[-97.58616535605468,32.93883952082187],[-97.58614745075106,32.9389178823431],[-97.5861141878191,32.94112902520695],[-97.58618959781234,32.941797070032294],[-97.58620617707443,32.94186855638296],[-97.5862884380622,32.94247663615286],[-97.58632198172478,32.94332451931786],[-97.58632241383935,32.943335508613465],[-97.58573078871281,32.94334486818526],[-97.58568704135028,32.94421097484028],[-97.58566149617381,32.94488227934545],[-97.58562737342601,32.94557661226213],[-97.58405498426335,32.94558063266745],[-97.58336454223625,32.94549797741075],[-97.58294115016245,32.945387820474785]]]},"properties":{"prop_id":119679,"state_cd":"8","ite_code":0,"ite_name":"Vacant/Agricultural","ite_unit":"N/A","units":1.0,"daily_trips":0.0,"am_peak_trips":0.0,"pm_peak_trips":0.0,"imprv_val":0.0,"acres":68.923,"city":"Reno","city_code":"CRE","fill_color":[80,80,80,100]}},{"type":"Feature","geometry":{"type":"Polygon","coordinates":[[[-97.60254837926999,32.92285606085588],[-97.60288747140892,32.9228718209601],[-97.60288798360253,32.92346858880993],[-97.60254177066545,32.92346530028288],[-97.60254837926999,32.92285606085588]]]},"properties":{"prop_id":79061,"state_cd":"S70","ite_code":210,"ite_name":"Single-Family Detached","ite_unit":"DU","units":1,"daily_trips":9.4,"am_peak_trips":0.7,"pm_peak_trips":0.9,"imprv_val":212880.0,"acres":0.5296,"city":"Reno","city_code":"CRE","fill_color":[34,139,34,180]}},{"type":"Feature","geometry":{"type":"Polygon","coordinates":[[[-97.55035846093597,32.935060391744635],[-97.55040179489602,32.93373769275022],[-97.55064182704014,32.93373969358643],[-97.55200611315423,32.93375555461615],[-97.55200314297478,32.93392407983344],[-97.55119205690717,32.93391533464663],[-97.55118867259347,32.934230718062395],[-97.55117812697264,32.93521361688032],[-97.55117594424023,32.93526883141915],[-97.55035183737641,32.93526255191726],[-97.55035846093597,32.935060391744635]]]},"properties":{"prop_id":93614,"state_cd":"15A+","ite_code":210,"ite_name":"Single-Family Detached","ite_unit":"DU","units":3,"daily_trips":28.3,"am_peak_trips":2.1,"pm_peak_trips":2.8,"imprv_val":221730.0,"acres":3.476,"city":"Reno","city_code":"CRE","fill_color":[34,139,34,180]}},{"type":"Feature","geometry":{"type":"Polygon","coordinates":[[[-97.5629742002753,32.93790530961867],[-97.56443071658059,32.93788274863856],[-97.56440334317776,32.938394314589864],[-97.56408983572125,32.93840158052844],[-97.56406419454254,32.93871569452175],[-97.56323833386787,32.93870747985559],[-97.5629742002753,32.93790530961867]]]},"properties":{"prop_id":62200,"state_cd":"S70","ite_code":210,"ite_name":"Single-Family Detached","ite_unit":"DU","units":3,"daily_trips":28.3,"am_peak_trips":2.1,"pm_peak_trips":2.8,"imprv_val":408070.0,"acres":1.84,"city":"Reno","city_code":"CRE","fill_color":[34,139,34,180]}},{"type":"Feature","geometry":{"type":"Polygon","coordinates":[[[-97.55983170350213,32.96906211624311],[-97.55983669341532,32.968373057932126],[-97.55987205449848,32.96837352670428],[-97.55990635872098,32.96837398118112],[-97.56012448134778,32.968376870028834],[-97.5604112926762,32.96838066778482],[-97.56040653319694,32.969069604270814],[-97.55983170350213,32.96906211624311]]]},"properties":{"prop_id":115964,"state_cd":"S85","ite_code":210,"ite_name":"Single-Family Detached","ite_unit":"DU","units":2,"daily_trips":18.9,"am_peak_trips":1.4,"pm_peak_trips":1.9,"imprv_val":292040.0,"acres":1.016,"city":"Reno","city_code":"CRE","fill_color":[34,139,34,180]}},{"type":"Feature","geometry":{"type":"Polygon","coordinates":[[[-97.5768831831104,32.96228779005221],[-97.57688545774974,32.96202790544917],[-97.57713530266398,32.962029903000136],[-97.57791186613538,32.96203611880401],[-97.57803549979211,32.962037143601904],[-97.57803855760768,32.96231341875355],[-97.57791223554955,32.962310615497884],[-97.5768831831104,32.96228779005221]]]},"properties":{"prop_id":57785,"state_cd":"8","ite_code":0,"ite_name":"Vacant/Agricultural","ite_unit":"N/A","units":1.0,"daily_trips":0.0,"am_peak_trips":0.0,"pm_peak_trips":0.0,"imprv_val":0.0,"acres":1.0,"city":"Reno","city_code":"CRE","fill_color":[80,80,80,100]}},{"type":"Feature","geometry":{"type":"Polygon","coordinates":[[[-97.56555525800651,32.974209126427105],[-97.56647820720382,32.97420190229338],[-97.56648708904623,32.97453158788672],[-97.56648962808369,32.974625858114436],[-97.56556510404616,32.97464340192921],[-97.56555525800651,32.974209126427105]]]},"properties":{"prop_id":106268,"state_cd":"S80","ite_code":210,"ite_name":"Single-Family Detached","ite_unit":"DU","units":2,"daily_trips":18.9,"am_peak_trips":1.4,"pm_peak_trips":1.9,"imprv_val":401900.0,"acres":1.0,"city":"Reno","city_code":"CRE","fill_color":[34,139,34,180]}},{"type":"Feature","geometry":{"type":"Polygon","coordinates":[[[-97.55860607060404,32.966608811889955],[-97.55859933751208,32.96749335726382],[-97.55805055904571,32.9674768220693],[-97.55805743992535,32.966595392727],[-97.55860607060404,32.966608811889955]]]},"properties":{"prop_id":115904,"state_cd":"S85","ite_code":0,"ite_name":"Vacant/Agricultural","ite_unit":"N/A","units":1.0,"daily_trips":0.0,"am_peak_trips":0.0,"pm_peak_trips":0.0,"imprv_val":0.0,"acres":1.239,"city":"Reno","city_code":"CRE","fill_color":[80,80,80,100]}},{"type":"Feature","geometry":{"type":"Polygon","coordinates":[[[-97.56331260580743,32.96573714571857],[-97.56331924206928,32.96487974465096],[-97.56379583681539,32.96487939494707],[-97.56381371237651,32.96487938223929],[-97.56380707439058,32.96575419765659],[-97.56331260580743,32.96573714571857]]]},"properties":{"prop_id":115917,"state_cd":"S85","ite_code":210,"ite_name":"Single-Family Detached","ite_unit":"DU","units":2,"daily_trips":18.9,"am_peak_trips":1.4,"pm_peak_trips":1.9,"imprv_val":485710.0,"acres":1.089,"city":"Reno","city_code":"CRE","fill_color":[34,139,34,180]}},{"type":"Feature","geometry":{"type":"Polygon","coordinates":[[[-97.61618444363648,32.94315312028277],[-97.61618516030873,32.943034771825964],[-97.61733554812649,32.94302861075929],[-97.61733542149375,32.94343071984425],[-97.61730285689151,32.943432347802336],[-97.61727105291692,32.94343846504226],[-97.61724087221361,32.94344890452529],[-97.6172131357976,32.943463383484456],[-97.61718859734613,32.943481507750874],[-97.61716792488154,32.94350278515142],[-97.6171516781871,32.94352663797411],[-97.61714030011628,32.943552416433626],[-97.61618444363648,32.94315312028277]]]},"properties":{"prop_id":86491,"state_cd":"S80","ite_code":210,"ite_name":"Single-Family Detached","ite_unit":"DU","units":2,"daily_trips":18.9,"am_peak_trips":1.4,"pm_peak_trips":1.9,"imprv_val":446530.0,"acres":1.0,"city":"Reno","city_code":"CRE","fill_color":[34,139,34,180]}},{"type":"Feature","geometry":{"type":"Polygon","coordinates":[[[-97.56430946531374,32.94711366989615],[-97.56430423688094,32.946155877473025],[-97.56462653657836,32.9461633361174],[-97.56462799536502,32.94712078726314],[-97.56430946531374,32.94711366989615]]]},"properties":{"prop_id":18945,"state_cd":"","ite_code":0,"ite_name":"Vacant/Agricultural","ite_unit":"N/A","units":1.0,"daily_trips":0.0,"am_peak_trips":0.0,"pm_peak_trips":0.0,"imprv_val":5150.0,"acres":0.803,"city":"Reno","city_code":"CRE","fill_color":[80,80,80,100]}},{"type":"Feature","geometry":{"type":"Polygon","coordinates":[[[-97.57094781014733,32.9489468253592],[-97.57097001809777,32.94849766784894],[-97.57042245422427,32.948228470013454],[-97.57010570053865,32.948446939204665],[-97.57002538376285,32.94909788367896],[-97.56963204261852,32.949098609519496],[-97.5696855736732,32.948592192404895],[-97.57008515316578,32.94751334134515],[-97.57080599144376,32.9469291384741],[-97.57183337473744,32.94692693118539],[-97.57182861653175,32.94893797590877],[-97.57094781014733,32.9489468253592]]]},"properties":{"prop_id":124909,"state_cd":"8","ite_code":210,"ite_name":"Single-Family Detached","ite_unit":"DU","units":2,"daily_trips":18.9,"am_peak_trips":1.4,"pm_peak_trips":1.9,"imprv_val":241670.0,"acres":1.0,"city":"Reno","city_code":"CRE","fill_color":[34,139,34,180]}},{"type":"Feature","geometry":{"type":"Polygon","coordinates":[[[-97.61294678817211,32.948142931811546],[-97.6139896481775,32.948159463318355],[-97.61397497647707,32.95025519035339],[-97.61314376455164,32.95023770084815],[-97.61291993979397,32.95002911858479],[-97.61294678817211,32.948142931811546]]]},"properties":{"prop_id":93542,"state_cd":"8","ite_code":210,"ite_name":"Single-Family Detached","ite_unit":"DU","units":2,"daily_trips":18.9,"am_peak_trips":1.4,"pm_peak_trips":1.9,"imprv_val":152500.0,"acres":1.0,"city":"Reno","city_code":"CRE","fill_color":[34,139,34,180]}},{"type":"Feature","geometry":{"type":"Polygon","coordinates":[[[-97.56513044920918,32.94504674991353],[-97.56502195734149,32.94441377706657],[-97.56503658225395,32.94396795683092],[-97.56594021443841,32.94397901581817],[-97.5659396628625,32.94505735191791],[-97.56561403488693,32.94505308581558],[-97.56531395005481,32.94504915388418],[-97.56513044920918,32.94504674991353]]]},"properties":{"prop_id":18995,"state_cd":"8","ite_code":210,"ite_name":"Single-Family Detached","ite_unit":"DU","units":2,"daily_trips":18.9,"am_peak_trips":1.4,"pm_peak_trips":1.9,"imprv_val":92440.0,"acres":2.48,"city":"Reno","city_code":"CRE","fill_color":[34,139,34,180]}},{"type":"Feature","geometry":{"type":"Polygon","coordinates":[[[-97.56397926224379,32.93548935891932],[-97.56443343269174,32.93546198462135],[-97.56442019444333,32.935770987442254],[-97.5639120583751,32.93576903976023],[-97.56397926224379,32.93548935891932]]]},"properties":{"prop_id":54099,"state_cd":"8","ite_code":210,"ite_name":"Single-Family Detached","ite_unit":"DU","units":1,"daily_trips":9.4,"am_peak_trips":0.7,"pm_peak_trips":0.9,"imprv_val":88120.0,"acres":0.41,"city":"Reno","city_code":"CRE","fill_color":[34,139,34,180]}},{"type":"Feature","geometry":{"type":"Polygon","coordinates":[[[-97.56673389674982,32.95049335738187],[-97.56672287391413,32.95118244144341],[-97.56626557210959,32.951176420705536],[-97.56606203789408,32.95072891519789],[-97.56592105885653,32.9504952133176],[-97.56673389674982,32.95049335738187]]]},"properties":{"prop_id":57796,"state_cd":"","ite_code":210,"ite_name":"Single-Family Detached","ite_unit":"DU","units":2,"daily_trips":18.9,"am_peak_trips":1.4,"pm_peak_trips":1.9,"imprv_val":25000.0,"acres":1.01,"city":"Reno","city_code":"CRE","fill_color":[34,139,34,180]}},{"type":"Feature","geometry":{"type":"Polygon","coordinates":[[[-97.56138225248253,32.95982990814932],[-97.56138217544546,32.95950550841715],[-97.5617318330302,32.959510444080664],[-97.56169214259562,32.95983230240695],[-97.56138225248253,32.95982990814932]]]},"properties":{"prop_id":51959,"state_cd":"8","ite_code":210,"ite_name":"Single-Family Detached","ite_unit":"DU","units":1,"daily_trips":9.4,"am_peak_trips":0.7,"pm_peak_trips":0.9,"imprv_val":48090.0,"acres":0.328,"city":"Reno","city_code":"CRE","fill_color":[34,139,34,180]}},{"type":"Feature","geometry":{"type":"Polygon","coordinates":[[[-97.55061275856465,32.98581423128237],[-97.5513857224833,32.98580943314543],[-97.55138964274299,32.986106189485405],[-97.55139133724934,32.98614847928092],[-97.55139741247423,32.98619048226488],[-97.55061860093663,32.98643383770636],[-97.55061275856465,32.98581423128237]]]},"properties":{"prop_id":110234,"state_cd":"15A+","ite_code":210,"ite_name":"Single-Family Detached","ite_unit":"DU","units":2,"daily_trips":18.9,"am_peak_trips":1.4,"pm_peak_trips":1.9,"imprv_val":378950.0,"acres":1.002,"city":"Reno","city_code":"CRE","fill_color":[34,139,34,180]}},{"type":"Feature","geometry":{"type":"Polygon","coordinates":[[[-97.55755674863076,32.9714410837834],[-97.55756995760456,32.9702391899579],[-97.55805412312625,32.970247979948205],[-97.55804176349788,32.97143572053614],[-97.55804175805888,32.971436231833515],[-97.55755674621216,32.971441311026695],[-97.55755674863076,32.9714410837834]]]},"properties":{"prop_id":113636,"state_cd":"8","ite_code":0,"ite_name":"Vacant/Agricultural","ite_unit":"N/A","units":1.0,"daily_trips":0.0,"am_peak_trips":0.0,"pm_peak_trips":0.0,"imprv_val":0.0,"acres":1.498,"city":"Reno","city_code":"CRE","fill_color":[80,80,80,100]}},{"type":"Feature","geometry":{"type":"Polygon","coordinates":[[[-97.54503120100608,32.94207986592893],[-97.54502860057076,32.94151631568318],[-97.54684894788029,32.9415336782866],[-97.54769207301432,32.94153683598875],[-97.54789842156157,32.941537607781704],[-97.54820546639489,32.941538755368306],[-97.54845360078811,32.94153968313794],[-97.54894267517577,32.941541509328864],[-97.54956789824163,32.94154384024499],[-97.54973086208928,32.94154444756621],[-97.55011627776429,32.94154588247093],[-97.55040879476819,32.94154697067561],[-97.55059844549416,32.94154767565536],[-97.55109368234675,32.94154951601345],[-97.55158324666598,32.941551333765865],[-97.5520699159139,32.941553138388606],[-97.55255945353719,32.94155495210164],[-97.55304331970505,32.941556742426904],[-97.5535304788355,32.94155854326381],[-97.55353081113721,32.942250742342345],[-97.5535308631522,32.942357782478666],[-97.55353088770273,32.94240773532551],[-97.55353092890543,32.94251788941497],[-97.55353123516103,32.94334125113025],[-97.55353133674117,32.94361421758543],[-97.5535227044602,32.94416423719871],[-97.55352017736028,32.94432526591666],[-97.55351904869359,32.94439716065711],[-97.55352029968577,32.94442472392919],[-97.5535203559601,32.94443957667933],[-97.55351997266067,32.9444544278937],[-97.55351916168635,32.94446926503701],[-97.55351791777632,32.9444840799528],[-97.55351623671986,32.94449886629627],[-97.55351413041592,32.94451361153207],[-97.55351158716746,32.94452830925841],[-97.55350861989477,32.944542951456995],[-97.55350522764378,32.9445575272985],[-97.55350140841985,32.944572023240205],[-97.55349716538304,32.94458644381521],[-97.55349250413106,32.944600765618375],[-97.55348742574289,32.94461498775601],[-97.55348299778875,32.944628896486975],[-97.55313649720983,32.945167804749616],[-97.55287188813274,32.94517053983444],[-97.55277758965194,32.945171514785834],[-97.5527365413912,32.9451719385972],[-97.55157618165268,32.945166741684126],[-97.55146956013529,32.94516626367345],[-97.5513826969353,32.94516587378507],[-97.55090516482568,32.94516373221261],[-97.55041703487433,32.945161540502674],[-97.54952690988915,32.94515753883527],[-97.54821235036721,32.9451516193185],[-97.54800455328494,32.94515069274816],[-97.54568415763684,32.94514033952554],[-97.54506041357433,32.945137548830814],[-97.54498872900302,32.945137227534715],[-97.54499359981851,32.94479012124654],[-97.54499723592961,32.94453094438704],[-97.54500200220143,32.94419124675379],[-97.5450104715739,32.94358773548894],[-97.54501887148297,32.94298916841202],[-97.54502320207902,32.942680541033496],[-97.5450267894263,32.94242497828966],[-97.54502919029333,32.9422539707062],[-97.54503107603377,32.94211953313138],[-97.5450311241135,32.94210426000461],[-97.54503120100608,32.94207986592893]]]},"properties":{"prop_id":118578,"state_cd":"15A+","ite_code":210,"ite_name":"Single-Family Detached","ite_unit":"DU","units":2,"daily_trips":18.9,"am_peak_trips":1.4,"pm_peak_trips":1.9,"imprv_val":16290.0,"acres":1.057,"city":"Reno","city_code":"CRE","fill_color":[34,139,34,180]}},{"type":"Feature","geometry":{"type":"Polygon","coordinates":[[[-97.55805844203907,32.969455444971686],[-97.55805857961035,32.96918332367197],[-97.55856813726257,32.96919831072974],[-97.55856145501487,32.96990704679711],[-97.55849931090489,32.96992754311732],[-97.55843863673147,32.96995096072326],[-97.5583528140698,32.96997861176875],[-97.55826448879552,32.96999993733512],[-97.55817431414157,32.97001478092579],[-97.55808295997977,32.97002303126324],[-97.55801225852098,32.970024851563494],[-97.55805844203907,32.969455444971686]]]},"properties":{"prop_id":115950,"state_cd":"S85","ite_code":0,"ite_name":"Vacant/Agricultural","ite_unit":"N/A","units":1.0,"daily_trips":0.0,"am_peak_trips":0.0,"pm_peak_trips":0.0,"imprv_val":0.0,"acres":1.059,"city":"Reno","city_code":"CRE","fill_color":[80,80,80,100]}},{"type":"Feature","geometry":{"type":"Polygon","coordinates":[[[-97.56853016942536,32.95979035334705],[-97.56852995032456,32.960249547499245],[-97.56778268367313,32.9602514752992],[-97.56778179001182,32.95979632923616],[-97.56853016942536,32.95979035334705]]]},"properties":{"prop_id":51966,"state_cd":"8","ite_code":210,"ite_name":"Single-Family Detached","ite_unit":"DU","units":2,"daily_trips":18.9,"am_peak_trips":1.4,"pm_peak_trips":1.9,"imprv_val":36820.0,"acres":1.03,"city":"Reno","city_code":"CRE","fill_color":[34,139,34,180]}},{"type":"Feature","geometry":{"type":"Polygon","coordinates":[[[-97.55252132419535,32.98574881518302],[-97.55158031754804,32.98575020272197],[-97.55158178760149,32.985694083990914],[-97.55159098001387,32.985638489361605],[-97.55160777007791,32.985584170911814],[-97.55163193162409,32.98553186281142],[-97.55166313710825,32.98548227320643],[-97.55170096415786,32.98543607254562],[-97.5517449009898,32.985393887309],[-97.55179435403609,32.98535628744077],[-97.55184865228159,32.98532378097177],[-97.5519070622918,32.98529680962466],[-97.55196879262775,32.98527573622288],[-97.5520330098658,32.98526084751805],[-97.55209884405319,32.98525234431132],[-97.5521654036868,32.98525034156812],[-97.55251965535497,32.98524792598689],[-97.55252132419535,32.98574881518302]]]},"properties":{"prop_id":110248,"state_cd":"15A+","ite_code":210,"ite_name":"Single-Family Detached","ite_unit":"DU","units":2,"daily_trips":18.9,"am_peak_trips":1.4,"pm_peak_trips":1.9,"imprv_val":417370.0,"acres":1.034,"city":"Reno","city_code":"CRE","fill_color":[34,139,34,180]}},{"type":"Feature","geometry":{"type":"Polygon","coordinates":[[[-97.61270265479757,32.956373740445265],[-97.61292056948757,32.95637529198778],[-97.61305572964773,32.95672701069423],[-97.61319693620176,32.95705711032464],[-97.61081114652607,32.956996742012535],[-97.60906427276929,32.956942343506704],[-97.60906040818473,32.95625464741257],[-97.6108665073003,32.956321088767346],[-97.61270265479757,32.956373740445265]]]},"properties":{"prop_id":55278,"state_cd":"8","ite_code":210,"ite_name":"Single-Family Detached","ite_unit":"DU","units":3,"daily_trips":28.3,"am_peak_trips":2.1,"pm_peak_trips":2.8,"imprv_val":1129320.0,"acres":2.0,"city":"Reno","city_code":"CRE","fill_color":[34,139,34,180]}},{"type":"Feature","geometry":{"type":"Polygon","coordinates":[[[-97.57285984167919,32.957645046716834],[-97.5728374497248,32.95975380695189],[-97.5728177588564,32.96018837854861],[-97.57203298086371,32.9602068772936],[-97.57211665842503,32.95763243817876],[-97.57279421887831,32.957624076925214],[-97.57279457781482,32.957647113289696],[-97.57285984167919,32.957645046716834]]]},"properties":{"prop_id":111814,"state_cd":"8","ite_code":0,"ite_name":"Vacant/Agricultural","ite_unit":"N/A","units":1.0,"daily_trips":0.0,"am_peak_trips":0.0,"pm_peak_trips":0.0,"imprv_val":1500.0,"acres":3.99,"city":"Reno","city_code":"CRE","fill_color":[80,80,80,100]}},{"type":"Feature","geometry":{"type":"Polygon","coordinates":[[[-97.58620466048028,32.952901304506774],[-97.58559105056439,32.952908724226624],[-97.58557392901578,32.95214573279312],[-97.58565861449078,32.95212200390342],[-97.58615285400155,32.95209243063482],[-97.58620492225107,32.952094633304704],[-97.5878003877956,32.95210640154952],[-97.58966986521618,32.95213024039322],[-97.59197197940998,32.95217460473043],[-97.5919718288898,32.95291127802773],[-97.58620466048028,32.952901304506774]]]},"properties":{"prop_id":52241,"state_cd":"8","ite_code":0,"ite_name":"Vacant/Agricultural","ite_unit":"N/A","units":1.0,"daily_trips":0.0,"am_peak_trips":0.0,"pm_peak_trips":0.0,"imprv_val":0.0,"acres":18.29,"city":"Reno","city_code":"CRE","fill_color":[80,80,80,100]}},{"type":"Feature","geometry":{"type":"Polygon","coordinates":[[[-97.55117812697264,32.93521361688032],[-97.55118867259347,32.934230718062395],[-97.55200522625944,32.93426345943529],[-97.55201110007877,32.935220407503984],[-97.55117812697264,32.93521361688032]]]},"properties":{"prop_id":55095,"state_cd":"15A+","ite_code":210,"ite_name":"Single-Family Detached","ite_unit":"DU","units":3,"daily_trips":28.3,"am_peak_trips":2.1,"pm_peak_trips":2.8,"imprv_val":129050.0,"acres":1.97,"city":"Reno","city_code":"CRE","fill_color":[34,139,34,180]}},{"type":"Feature","geometry":{"type":"Polygon","coordinates":[[[-97.54933020476975,32.93001764653563],[-97.54891999164875,32.93000877232449],[-97.54890285653791,32.93000840160764],[-97.54899087507289,32.92481173691893],[-97.54931459164969,32.92485133940696],[-97.54933020476975,32.93001764653563]]]},"properties":{"prop_id":50593,"state_cd":"15A+","ite_code":0,"ite_name":"Vacant/Agricultural","ite_unit":"N/A","units":1.0,"daily_trips":0.0,"am_peak_trips":0.0,"pm_peak_trips":0.0,"imprv_val":0.0,"acres":4.24,"city":"Reno","city_code":"CRE","fill_color":[80,80,80,100]}},{"type":"Feature","geometry":{"type":"Polygon","coordinates":[[[-97.55041041469708,32.941402444913194],[-97.55189288369253,32.941434003427624],[-97.55189114177273,32.94087889591641],[-97.5521754562617,32.940878911118055],[-97.55217540165604,32.94146594435237],[-97.55353043813273,32.94147687003036],[-97.5535304788355,32.94155854326381],[-97.55304331970505,32.941556742426904],[-97.55255945353719,32.94155495210164],[-97.5520699159139,32.941553138388606],[-97.55158324666598,32.941551333765865],[-97.55109368234675,32.94154951601345],[-97.55059844549416,32.94154767565536],[-97.55040879476819,32.94154697067561],[-97.55041041469708,32.941402444913194]]]},"properties":{"prop_id":49908,"state_cd":"15A+","ite_code":0,"ite_name":"Vacant/Agricultural","ite_unit":"N/A","units":1.0,"daily_trips":0.0,"am_peak_trips":0.0,"pm_peak_trips":0.0,"imprv_val":0.0,"acres":19.52,"city":"Reno","city_code":"CRE","fill_color":[80,80,80,100]}},{"type":"Feature","geometry":{"type":"Polygon","coordinates":[[[-97.54503120100608,32.94207986592893],[-97.54502860057076,32.94151631568318],[-97.54684894788029,32.9415336782866],[-97.54769207301432,32.94153683598875],[-97.54789842156157,32.941537607781704],[-97.54820546639489,32.941538755368306],[-97.54845360078811,32.94153968313794],[-97.54894267517577,32.941541509328864],[-97.54956789824163,32.94154384024499],[-97.54973086208928,32.94154444756621],[-97.55011627776429,32.94154588247093],[-97.55040879476819,32.94154697067561],[-97.55059844549416,32.94154767565536],[-97.55109368234675,32.94154951601345],[-97.55158324666598,32.941551333765865],[-97.5520699159139,32.941553138388606],[-97.55255945353719,32.94155495210164],[-97.55304331970505,32.941556742426904],[-97.5535304788355,32.94155854326381],[-97.55353081113721,32.942250742342345],[-97.5535308631522,32.942357782478666],[-97.55353088770273,32.94240773532551],[-97.55353092890543,32.94251788941497],[-97.55353123516103,32.94334125113025],[-97.55353133674117,32.94361421758543],[-97.5535227044602,32.94416423719871],[-97.55352017736028,32.94432526591666],[-97.55351904869359,32.94439716065711],[-97.55352029968577,32.94442472392919],[-97.5535203559601,32.94443957667933],[-97.55351997266067,32.9444544278937],[-97.55351916168635,32.94446926503701],[-97.55351791777632,32.9444840799528],[-97.55351623671986,32.94449886629627],[-97.55351413041592,32.94451361153207],[-97.55351158716746,32.94452830925841],[-97.55350861989477,32.944542951456995],[-97.55350522764378,32.9445575272985],[-97.55350140841985,32.944572023240205],[-97.55349716538304,32.94458644381521],[-97.55349250413106,32.944600765618375],[-97.55348742574289,32.94461498775601],[-97.55348299778875,32.944628896486975],[-97.55313649720983,32.945167804749616],[-97.55287188813274,32.94517053983444],[-97.55277758965194,32.945171514785834],[-97.5527365413912,32.9451719385972],[-97.55157618165268,32.945166741684126],[-97.55146956013529,32.94516626367345],[-97.5513826969353,32.94516587378507],[-97.55090516482568,32.94516373221261],[-97.55041703487433,32.945161540502674],[-97.54952690988915,32.94515753883527],[-97.54821235036721,32.9451516193185],[-97.54800455328494,32.94515069274816],[-97.54568415763684,32.94514033952554],[-97.54506041357433,32.945137548830814],[-97.54498872900302,32.945137227534715],[-97.54499359981851,32.94479012124654],[-97.54499723592961,32.94453094438704],[-97.54500200220143,32.94419124675379],[-97.5450104715739,32.94358773548894],[-97.54501887148297,32.94298916841202],[-97.54502320207902,32.942680541033496],[-97.5450267894263,32.94242497828966],[-97.54502919029333,32.9422539707062],[-97.54503107603377,32.94211953313138],[-97.5450311241135,32.94210426000461],[-97.54503120100608,32.94207986592893]]]},"properties":{"prop_id":118605,"state_cd":"15A+","ite_code":0,"ite_name":"Vacant/Agricultural","ite_unit":"N/A","units":1.0,"daily_trips":0.0,"am_peak_trips":0.0,"pm_peak_trips":0.0,"imprv_val":0.0,"acres":1.011,"city":"Reno","city_code":"CRE","fill_color":[80,80,80,100]}},{"type":"Feature","geometry":{"type":"Polygon","coordinates":[[[-97.5720433419798,32.94911243148879],[-97.57334498451732,32.94911469332284],[-97.5733436956461,32.94999975527733],[-97.57334361690624,32.95005400355123],[-97.5733246995842,32.95050586873393],[-97.57204612431799,32.95050088195143],[-97.5720433419798,32.94911243148879]]]},"properties":{"prop_id":67751,"state_cd":"8","ite_code":210,"ite_name":"Single-Family Detached","ite_unit":"DU","units":2,"daily_trips":18.9,"am_peak_trips":1.4,"pm_peak_trips":1.9,"imprv_val":307270.0,"acres":1.0,"city":"Reno","city_code":"CRE","fill_color":[34,139,34,180]}},{"type":"Feature","geometry":{"type":"Polygon","coordinates":[[[-97.54703991607155,32.929932863234434],[-97.54716286343441,32.92909350691003],[-97.54717333908829,32.9290602948125],[-97.54757239926226,32.92907585061154],[-97.54752439274013,32.92995174832446],[-97.54703991607155,32.929932863234434]]]},"properties":{"prop_id":120150,"state_cd":"15A+","ite_code":210,"ite_name":"Single-Family Detached","ite_unit":"DU","units":2,"daily_trips":18.9,"am_peak_trips":1.4,"pm_peak_trips":1.9,"imprv_val":239910.0,"acres":1.005,"city":"Reno","city_code":"CRE","fill_color":[34,139,34,180]}},{"type":"Feature","geometry":{"type":"Polygon","coordinates":[[[-97.56281283435405,32.95182182128878],[-97.56281313691,32.95050819737872],[-97.56355548651767,32.95051451301294],[-97.563559003976,32.95164330411291],[-97.56422744334013,32.951651097407606],[-97.56421464125846,32.952998542339046],[-97.5642118474968,32.95313367730898],[-97.56280295454437,32.95314287348698],[-97.56281283435405,32.95182182128878]]]},"properties":{"prop_id":57777,"state_cd":"8","ite_code":0,"ite_name":"Vacant/Agricultural","ite_unit":"N/A","units":1.0,"daily_trips":0.0,"am_peak_trips":0.0,"pm_peak_trips":0.0,"imprv_val":0.0,"acres":7.0,"city":"Reno","city_code":"CRE","fill_color":[80,80,80,100]}},{"type":"Feature","geometry":{"type":"Polygon","coordinates":[[[-97.60844597895915,32.92548869729171],[-97.60844657311453,32.92540872066931],[-97.60865649360655,32.92549920146433],[-97.60912421693517,32.92569923461798],[-97.6091234512596,32.92584567239956],[-97.60912274455389,32.92584566013053],[-97.60844572895657,32.92583424007316],[-97.60844597895915,32.92548869729171]]]},"properties":{"prop_id":54148,"state_cd":"8","ite_code":0,"ite_name":"Vacant/Agricultural","ite_unit":"N/A","units":1.0,"daily_trips":0.0,"am_peak_trips":0.0,"pm_peak_trips":0.0,"imprv_val":0.0,"acres":0.56,"city":"Reno","city_code":"CRE","fill_color":[80,80,80,100]}},{"type":"Feature","geometry":{"type":"Polygon","coordinates":[[[-97.56675619921249,32.943801727430056],[-97.566734131277,32.95042785537099],[-97.56595640170254,32.95042370765771],[-97.56595026279729,32.949245856214276],[-97.56594753426081,32.94816757727037],[-97.56594495924362,32.947150208283574],[-97.56594217959972,32.94605203961781],[-97.5659396628625,32.94505735191791],[-97.56594021443841,32.94397901581817],[-97.56594030649414,32.94379796246497],[-97.56675619921249,32.943801727430056]]]},"properties":{"prop_id":62190,"state_cd":"8","ite_code":0,"ite_name":"Vacant/Agricultural","ite_unit":"N/A","units":1.0,"daily_trips":0.0,"am_peak_trips":0.0,"pm_peak_trips":0.0,"imprv_val":0.0,"acres":24.0,"city":"Reno","city_code":"CRE","fill_color":[80,80,80,100]}},{"type":"Feature","geometry":{"type":"Polygon","coordinates":[[[-97.58897994927308,32.949997585861304],[-97.58971116724636,32.95005096987362],[-97.58970002954229,32.950284480050016],[-97.58966986521618,32.95213024039322],[-97.5878003877956,32.95210640154952],[-97.58776353598,32.949953030986],[-97.58823153900657,32.95016157013337],[-97.58842197061692,32.950219633726356],[-97.58847683759127,32.950233526536266],[-97.58853340776592,32.95024115052296],[-97.588590678122,32.95024237209075],[-97.58864763272437,32.950237169378624],[-97.58870326302525,32.95022563421201],[-97.58875658285785,32.95020797040905],[-97.58880664770747,32.95018449211756],[-97.58885257085775,32.95015561401249],[-97.5888935362444,32.95012184958608],[-97.58892881999485,32.95008379687559],[-97.58895779479917,32.95004212947639],[-97.58897994927308,32.949997585861304]]]},"properties":{"prop_id":52242,"state_cd":"8","ite_code":210,"ite_name":"Single-Family Detached","ite_unit":"DU","units":2,"daily_trips":18.9,"am_peak_trips":1.4,"pm_peak_trips":1.9,"imprv_val":179460.0,"acres":1.0,"city":"Reno","city_code":"CRE","fill_color":[34,139,34,180]}},{"type":"Feature","geometry":{"type":"Polygon","coordinates":[[[-97.54503120100608,32.94207986592893],[-97.54502860057076,32.94151631568318],[-97.54684894788029,32.9415336782866],[-97.54769207301432,32.94153683598875],[-97.54789842156157,32.941537607781704],[-97.54820546639489,32.941538755368306],[-97.54845360078811,32.94153968313794],[-97.54894267517577,32.941541509328864],[-97.54956789824163,32.94154384024499],[-97.54973086208928,32.94154444756621],[-97.55011627776429,32.94154588247093],[-97.55040879476819,32.94154697067561],[-97.55059844549416,32.94154767565536],[-97.55109368234675,32.94154951601345],[-97.55158324666598,32.941551333765865],[-97.5520699159139,32.941553138388606],[-97.55255945353719,32.94155495210164],[-97.55304331970505,32.941556742426904],[-97.5535304788355,32.94155854326381],[-97.55353081113721,32.942250742342345],[-97.5535308631522,32.942357782478666],[-97.55353088770273,32.94240773532551],[-97.55353092890543,32.94251788941497],[-97.55353123516103,32.94334125113025],[-97.55353133674117,32.94361421758543],[-97.5535227044602,32.94416423719871],[-97.55352017736028,32.94432526591666],[-97.55351904869359,32.94439716065711],[-97.55352029968577,32.94442472392919],[-97.5535203559601,32.94443957667933],[-97.55351997266067,32.9444544278937],[-97.55351916168635,32.94446926503701],[-97.55351791777632,32.9444840799528],[-97.55351623671986,32.94449886629627],[-97.55351413041592,32.94451361153207],[-97.55351158716746,32.94452830925841],[-97.55350861989477,32.944542951456995],[-97.55350522764378,32.9445575272985],[-97.55350140841985,32.944572023240205],[-97.55349716538304,32.94458644381521],[-97.55349250413106,32.944600765618375],[-97.55348742574289,32.94461498775601],[-97.55348299778875,32.944628896486975],[-97.55313649720983,32.945167804749616],[-97.55287188813274,32.94517053983444],[-97.55277758965194,32.945171514785834],[-97.5527365413912,32.9451719385972],[-97.55157618165268,32.945166741684126],[-97.55146956013529,32.94516626367345],[-97.5513826969353,32.94516587378507],[-97.55090516482568,32.94516373221261],[-97.55041703487433,32.945161540502674],[-97.54952690988915,32.94515753883527],[-97.54821235036721,32.9451516193185],[-97.54800455328494,32.94515069274816],[-97.54568415763684,32.94514033952554],[-97.54506041357433,32.945137548830814],[-97.54498872900302,32.945137227534715],[-97.54499359981851,32.94479012124654],[-97.54499723592961,32.94453094438704],[-97.54500200220143,32.94419124675379],[-97.5450104715739,32.94358773548894],[-97.54501887148297,32.94298916841202],[-97.54502320207902,32.942680541033496],[-97.5450267894263,32.94242497828966],[-97.54502919029333,32.9422539707062],[-97.54503107603377,32.94211953313138],[-97.5450311241135,32.94210426000461],[-97.54503120100608,32.94207986592893]]]},"properties":{"prop_id":118592,"state_cd":"15A+","ite_code":0,"ite_name":"Vacant/Agricultural","ite_unit":"N/A","units":1.0,"daily_trips":0.0,"am_peak_trips":0.0,"pm_peak_trips":0.0,"imprv_val":0.0,"acres":1.062,"city":"Reno","city_code":"CRE","fill_color":[80,80,80,100]}},{"type":"Feature","geometry":{"type":"Polygon","coordinates":[[[-97.54503120100608,32.94207986592893],[-97.54502860057076,32.94151631568318],[-97.54684894788029,32.9415336782866],[-97.54769207301432,32.94153683598875],[-97.54789842156157,32.941537607781704],[-97.54820546639489,32.941538755368306],[-97.54845360078811,32.94153968313794],[-97.54894267517577,32.941541509328864],[-97.54956789824163,32.94154384024499],[-97.54973086208928,32.94154444756621],[-97.55011627776429,32.94154588247093],[-97.55040879476819,32.94154697067561],[-97.55059844549416,32.94154767565536],[-97.55109368234675,32.94154951601345],[-97.55158324666598,32.941551333765865],[-97.5520699159139,32.941553138388606],[-97.55255945353719,32.94155495210164],[-97.55304331970505,32.941556742426904],[-97.5535304788355,32.94155854326381],[-97.55353081113721,32.942250742342345],[-97.5535308631522,32.942357782478666],[-97.55353088770273,32.94240773532551],[-97.55353092890543,32.94251788941497],[-97.55353123516103,32.94334125113025],[-97.55353133674117,32.94361421758543],[-97.5535227044602,32.94416423719871],[-97.55352017736028,32.94432526591666],[-97.55351904869359,32.94439716065711],[-97.55352029968577,32.94442472392919],[-97.5535203559601,32.94443957667933],[-97.55351997266067,32.9444544278937],[-97.55351916168635,32.94446926503701],[-97.55351791777632,32.9444840799528],[-97.55351623671986,32.94449886629627],[-97.55351413041592,32.94451361153207],[-97.55351158716746,32.94452830925841],[-97.55350861989477,32.944542951456995],[-97.55350522764378,32.9445575272985],[-97.55350140841985,32.944572023240205],[-97.55349716538304,32.94458644381521],[-97.55349250413106,32.944600765618375],[-97.55348742574289,32.94461498775601],[-97.55348299778875,32.944628896486975],[-97.55313649720983,32.945167804749616],[-97.55287188813274,32.94517053983444],[-97.55277758965194,32.945171514785834],[-97.5527365413912,32.9451719385972],[-97.55157618165268,32.945166741684126],[-97.55146956013529,32.94516626367345],[-97.5513826969353,32.94516587378507],[-97.55090516482568,32.94516373221261],[-97.55041703487433,32.945161540502674],[-97.54952690988915,32.94515753883527],[-97.54821235036721,32.9451516193185],[-97.54800455328494,32.94515069274816],[-97.54568415763684,32.94514033952554],[-97.54506041357433,32.945137548830814],[-97.54498872900302,32.945137227534715],[-97.54499359981851,32.94479012124654],[-97.54499723592961,32.94453094438704],[-97.54500200220143,32.94419124675379],[-97.5450104715739,32.94358773548894],[-97.54501887148297,32.94298916841202],[-97.54502320207902,32.942680541033496],[-97.5450267894263,32.94242497828966],[-97.54502919029333,32.9422539707062],[-97.54503107603377,32.94211953313138],[-97.5450311241135,32.94210426000461],[-97.54503120100608,32.94207986592893]]]},"properties":{"prop_id":118612,"state_cd":"15A+","ite_code":210,"ite_name":"Single-Family Detached","ite_unit":"DU","units":2,"daily_trips":18.9,"am_peak_trips":1.4,"pm_peak_trips":1.9,"imprv_val":451610.0,"acres":1.23,"city":"Reno","city_code":"CRE","fill_color":[34,139,34,180]}},{"type":"Feature","geometry":{"type":"Polygon","coordinates":[[[-97.57082741023558,32.934884885867845],[-97.5708273391209,32.93488187771807],[-97.57137150319701,32.93491714600602],[-97.57137811109344,32.934917574034166],[-97.57139962751289,32.93586820064379],[-97.57109610343743,32.93587302620895],[-97.57085084664959,32.935876926567865],[-97.57082741023558,32.934884885867845]]]},"properties":{"prop_id":41774,"state_cd":"8","ite_code":0,"ite_name":"Vacant/Agricultural","ite_unit":"N/A","units":1.0,"daily_trips":0.0,"am_peak_trips":0.0,"pm_peak_trips":0.0,"imprv_val":0.0,"acres":1.37,"city":"Reno","city_code":"CRE","fill_color":[80,80,80,100]}},{"type":"Feature","geometry":{"type":"Polygon","coordinates":[[[-97.54503120100608,32.94207986592893],[-97.54502860057076,32.94151631568318],[-97.54684894788029,32.9415336782866],[-97.54769207301432,32.94153683598875],[-97.54789842156157,32.941537607781704],[-97.54820546639489,32.941538755368306],[-97.54845360078811,32.94153968313794],[-97.54894267517577,32.941541509328864],[-97.54956789824163,32.94154384024499],[-97.54973086208928,32.94154444756621],[-97.55011627776429,32.94154588247093],[-97.55040879476819,32.94154697067561],[-97.55059844549416,32.94154767565536],[-97.55109368234675,32.94154951601345],[-97.55158324666598,32.941551333765865],[-97.5520699159139,32.941553138388606],[-97.55255945353719,32.94155495210164],[-97.55304331970505,32.941556742426904],[-97.5535304788355,32.94155854326381],[-97.55353081113721,32.942250742342345],[-97.5535308631522,32.942357782478666],[-97.55353088770273,32.94240773532551],[-97.55353092890543,32.94251788941497],[-97.55353123516103,32.94334125113025],[-97.55353133674117,32.94361421758543],[-97.5535227044602,32.94416423719871],[-97.55352017736028,32.94432526591666],[-97.55351904869359,32.94439716065711],[-97.55352029968577,32.94442472392919],[-97.5535203559601,32.94443957667933],[-97.55351997266067,32.9444544278937],[-97.55351916168635,32.94446926503701],[-97.55351791777632,32.9444840799528],[-97.55351623671986,32.94449886629627],[-97.55351413041592,32.94451361153207],[-97.55351158716746,32.94452830925841],[-97.55350861989477,32.944542951456995],[-97.55350522764378,32.9445575272985],[-97.55350140841985,32.944572023240205],[-97.55349716538304,32.94458644381521],[-97.55349250413106,32.944600765618375],[-97.55348742574289,32.94461498775601],[-97.55348299778875,32.944628896486975],[-97.55313649720983,32.945167804749616],[-97.55287188813274,32.94517053983444],[-97.55277758965194,32.945171514785834],[-97.5527365413912,32.9451719385972],[-97.55157618165268,32.945166741684126],[-97.55146956013529,32.94516626367345],[-97.5513826969353,32.94516587378507],[-97.55090516482568,32.94516373221261],[-97.55041703487433,32.945161540502674],[-97.54952690988915,32.94515753883527],[-97.54821235036721,32.9451516193185],[-97.54800455328494,32.94515069274816],[-97.54568415763684,32.94514033952554],[-97.54506041357433,32.945137548830814],[-97.54498872900302,32.945137227534715],[-97.54499359981851,32.94479012124654],[-97.54499723592961,32.94453094438704],[-97.54500200220143,32.94419124675379],[-97.5450104715739,32.94358773548894],[-97.54501887148297,32.94298916841202],[-97.54502320207902,32.942680541033496],[-97.5450267894263,32.94242497828966],[-97.54502919029333,32.9422539707062],[-97.54503107603377,32.94211953313138],[-97.5450311241135,32.94210426000461],[-97.54503120100608,32.94207986592893]]]},"properties":{"prop_id":118613,"state_cd":"15A+","ite_code":210,"ite_name":"Single-Family Detached","ite_unit":"DU","units":2,"daily_trips":18.9,"am_peak_trips":1.4,"pm_peak_trips":1.9,"imprv_val":423660.0,"acres":1.172,"city":"Reno","city_code":"CRE","fill_color":[34,139,34,180]}},{"type":"Feature","geometry":{"type":"Polygon","coordinates":[[[-97.54503120100608,32.94207986592893],[-97.54502860057076,32.94151631568318],[-97.54684894788029,32.9415336782866],[-97.54769207301432,32.94153683598875],[-97.54789842156157,32.941537607781704],[-97.54820546639489,32.941538755368306],[-97.54845360078811,32.94153968313794],[-97.54894267517577,32.941541509328864],[-97.54956789824163,32.94154384024499],[-97.54973086208928,32.94154444756621],[-97.55011627776429,32.94154588247093],[-97.55040879476819,32.94154697067561],[-97.55059844549416,32.94154767565536],[-97.55109368234675,32.94154951601345],[-97.55158324666598,32.941551333765865],[-97.5520699159139,32.941553138388606],[-97.55255945353719,32.94155495210164],[-97.55304331970505,32.941556742426904],[-97.5535304788355,32.94155854326381],[-97.55353081113721,32.942250742342345],[-97.5535308631522,32.942357782478666],[-97.55353088770273,32.94240773532551],[-97.55353092890543,32.94251788941497],[-97.55353123516103,32.94334125113025],[-97.55353133674117,32.94361421758543],[-97.5535227044602,32.94416423719871],[-97.55352017736028,32.94432526591666],[-97.55351904869359,32.94439716065711],[-97.55352029968577,32.94442472392919],[-97.5535203559601,32.94443957667933],[-97.55351997266067,32.9444544278937],[-97.55351916168635,32.94446926503701],[-97.55351791777632,32.9444840799528],[-97.55351623671986,32.94449886629627],[-97.55351413041592,32.94451361153207],[-97.55351158716746,32.94452830925841],[-97.55350861989477,32.944542951456995],[-97.55350522764378,32.9445575272985],[-97.55350140841985,32.944572023240205],[-97.55349716538304,32.94458644381521],[-97.55349250413106,32.944600765618375],[-97.55348742574289,32.94461498775601],[-97.55348299778875,32.944628896486975],[-97.55313649720983,32.945167804749616],[-97.55287188813274,32.94517053983444],[-97.55277758965194,32.945171514785834],[-97.5527365413912,32.9451719385972],[-97.55157618165268,32.945166741684126],[-97.55146956013529,32.94516626367345],[-97.5513826969353,32.94516587378507],[-97.55090516482568,32.94516373221261],[-97.55041703487433,32.945161540502674],[-97.54952690988915,32.94515753883527],[-97.54821235036721,32.9451516193185],[-97.54800455328494,32.94515069274816],[-97.54568415763684,32.94514033952554],[-97.54506041357433,32.945137548830814],[-97.54498872900302,32.945137227534715],[-97.54499359981851,32.94479012124654],[-97.54499723592961,32.94453094438704],[-97.54500200220143,32.94419124675379],[-97.5450104715739,32.94358773548894],[-97.54501887148297,32.94298916841202],[-97.54502320207902,32.942680541033496],[-97.5450267894263,32.94242497828966],[-97.54502919029333,32.9422539707062],[-97.54503107603377,32.94211953313138],[-97.5450311241135,32.94210426000461],[-97.54503120100608,32.94207986592893]]]},"properties":{"prop_id":118611,"state_cd":"15A+","ite_code":210,"ite_name":"Single-Family Detached","ite_unit":"DU","units":2,"daily_trips":18.9,"am_peak_trips":1.4,"pm_peak_trips":1.9,"imprv_val":421010.0,"acres":1.005,"city":"Reno","city_code":"CRE","fill_color":[34,139,34,180]}},{"type":"Feature","geometry":{"type":"Polygon","coordinates":[[[-97.61407312483684,32.93877226178826],[-97.61366138070544,32.93838518091765],[-97.61369619269642,32.93838183839556],[-97.614745888664,32.93828105594011],[-97.61463276823997,32.93883589282587],[-97.61437259798392,32.938819727015975],[-97.61435638209608,32.93879622274617],[-97.61433564435573,32.93877539903594],[-97.61431099466884,32.938757868053415],[-97.61428315514998,32.93874414356289],[-97.61425294631917,32.938734630907355],[-97.61422125307074,32.93872960782797],[-97.61418900971985,32.93872922255443],[-97.61415716050729,32.93873348630959],[-97.61412664355865,32.93874227319549],[-97.61409835446241,32.93875532624693],[-97.61407312483684,32.93877226178826]]]},"properties":{"prop_id":111535,"state_cd":"S85","ite_code":0,"ite_name":"Vacant/Agricultural","ite_unit":"N/A","units":1.0,"daily_trips":0.0,"am_peak_trips":0.0,"pm_peak_trips":0.0,"imprv_val":0.0,"acres":1.0,"city":"Reno","city_code":"CRE","fill_color":[80,80,80,100]}},{"type":"Feature","geometry":{"type":"Polygon","coordinates":[[[-97.59529100051112,32.92140115090718],[-97.59435213064096,32.921396322775635],[-97.59434320520896,32.92121337844257],[-97.59529289415862,32.921197166078386],[-97.59529287746938,32.92121733548718],[-97.59529100051112,32.92140115090718]]]},"properties":{"prop_id":62770,"state_cd":"8","ite_code":0,"ite_name":"Vacant/Agricultural","ite_unit":"N/A","units":1.0,"daily_trips":0.0,"am_peak_trips":0.0,"pm_peak_trips":0.0,"imprv_val":0.0,"acres":0.435,"city":"Reno","city_code":"CRE","fill_color":[80,80,80,100]}},{"type":"Feature","geometry":{"type":"Polygon","coordinates":[[[-97.55063796751382,32.98848799621666],[-97.55264418025219,32.98715733532691],[-97.55284962336125,32.987274581506455],[-97.55287972211607,32.98729642977844],[-97.55290575848875,32.98732171381127],[-97.55292718705586,32.9873499036965],[-97.55290122705675,32.98736829407037],[-97.55287944447868,32.987390200850996],[-97.55286249918667,32.987414958994805],[-97.55285090749585,32.98744181849721],[-97.55284501733917,32.98746996494527],[-97.55284501011741,32.98749854658717],[-97.55063937735486,32.98883212723646],[-97.55063852197027,32.98854685927591],[-97.55063796751382,32.98848799621666]]]},"properties":{"prop_id":110230,"state_cd":"15A+","ite_code":210,"ite_name":"Single-Family Detached","ite_unit":"DU","units":2,"daily_trips":18.9,"am_peak_trips":1.4,"pm_peak_trips":1.9,"imprv_val":401880.0,"acres":2.299,"city":"Reno","city_code":"CRE","fill_color":[34,139,34,180]}},{"type":"Feature","geometry":{"type":"Polygon","coordinates":[[[-97.57821714593362,32.95492775815755],[-97.57845981968481,32.954939035015244],[-97.5790871601997,32.95500454856253],[-97.5790912820696,32.95584705774752],[-97.5781708151972,32.95584977035588],[-97.57821714593362,32.95492775815755]]]},"properties":{"prop_id":62500,"state_cd":"8","ite_code":210,"ite_name":"Single-Family Detached","ite_unit":"DU","units":2,"daily_trips":18.9,"am_peak_trips":1.4,"pm_peak_trips":1.9,"imprv_val":42210.0,"acres":2.5,"city":"Reno","city_code":"CRE","fill_color":[34,139,34,180]}},{"type":"Feature","geometry":{"type":"Polygon","coordinates":[[[-97.54883216410519,32.93507601981214],[-97.5496742772116,32.935057721092576],[-97.54966888295081,32.93556055387176],[-97.54962068420558,32.935554123130444],[-97.54960177429514,32.93555201105973],[-97.54958219685875,32.9355501157452],[-97.54956261354427,32.935548269983705],[-97.54954302538229,32.93554647739058],[-97.54952342386618,32.9355447333916],[-97.54950381858156,32.93554304166726],[-97.54948420955748,32.93554139951233],[-97.54946459355664,32.93553980960763],[-97.54944497275653,32.935538268362336],[-97.5494253460684,32.93553677757186],[-97.54940571558252,32.93553534176134],[-97.54938607708921,32.93553395458574],[-97.5493664359255,32.93553261698771],[-97.5493467867059,32.93553133253348],[-97.54932713485455,32.93553009404969],[-97.54930747810691,32.93552891324298],[-97.54928782083724,32.93552778112835],[-97.5492681544711,32.93552669944405],[-97.54924848650383,32.93552566734535],[-97.54922881477718,32.9355246866196],[-97.54920913928157,32.93552375816849],[-97.54918946003625,32.935522880188465],[-97.54916978023954,32.93552205360583],[-97.54915009346567,32.9355212792733],[-97.54913040615973,32.93552055453459],[-97.5491107183508,32.93551987668447],[-97.54909102668555,32.93551925922486],[-97.54907133134779,32.9355186850222],[-97.54905163541012,32.93551816672571],[-97.54903193467247,32.93551769708867],[-97.54901223446232,32.935517277955384],[-97.54899253370051,32.935516910219455],[-97.54897283237737,32.935516594782605],[-97.54895312731377,32.93551632891509],[-97.54893342382753,32.93551611536305],[-97.5489137176702,32.93551595138848],[-97.54889401416915,32.93551583883576],[-97.54887430688878,32.93551577945941],[-97.54885459801623,32.93551576876695],[-97.54883489602899,32.93551581403783],[-97.54882688416818,32.93551586739844],[-97.54883216410519,32.93507601981214]]]},"properties":{"prop_id":55047,"state_cd":"15A+","ite_code":210,"ite_name":"Single-Family Detached","ite_unit":"DU","units":2,"daily_trips":18.9,"am_peak_trips":1.4,"pm_peak_trips":1.9,"imprv_val":103240.0,"acres":1.0,"city":"Reno","city_code":"CRE","fill_color":[34,139,34,180]}},{"type":"Feature","geometry":{"type":"Polygon","coordinates":[[[-97.60844657311453,32.92540872066931],[-97.60845775559687,32.92510719884233],[-97.60847322545048,32.925009759173406],[-97.60884683150586,32.92521136259822],[-97.60865649360655,32.92549920146433],[-97.60844657311453,32.92540872066931]]]},"properties":{"prop_id":54149,"state_cd":"SF-OVR","ite_code":210,"ite_name":"Single-Family Detached","ite_unit":"DU","units":1,"daily_trips":9.4,"am_peak_trips":0.7,"pm_peak_trips":0.9,"imprv_val":176670.0,"acres":0.381,"city":"Reno","city_code":"CRE","fill_color":[34,139,34,180]}},{"type":"Feature","geometry":{"type":"Polygon","coordinates":[[[-97.6021542158655,32.92358192093345],[-97.60249928345618,32.92358410475007],[-97.60250459183938,32.92429237016502],[-97.60215266227316,32.92429162043774],[-97.6021542158655,32.92358192093345]]]},"properties":{"prop_id":14309,"state_cd":"S70","ite_code":210,"ite_name":"Single-Family Detached","ite_unit":"DU","units":1,"daily_trips":9.4,"am_peak_trips":0.7,"pm_peak_trips":0.9,"imprv_val":132100.0,"acres":0.516,"city":"Reno","city_code":"CRE","fill_color":[34,139,34,180]}},{"type":"Feature","geometry":{"type":"Polygon","coordinates":[[[-97.56998886194333,32.95546491058834],[-97.56998173405147,32.95494085386785],[-97.56996647942124,32.95381929752072],[-97.57306816134245,32.953841928389565],[-97.57306893221352,32.95380895050126],[-97.57520712488676,32.953804587809024],[-97.57520696382356,32.95384408687129],[-97.57425879405054,32.953847261932225],[-97.57370560527292,32.95384412832969],[-97.5737052215228,32.95436520246155],[-97.57422009017881,32.954362701664955],[-97.57421782629599,32.95484278882374],[-97.57421574881452,32.955432548256546],[-97.5737459792463,32.955405737501366],[-97.57367083150562,32.955393228683405],[-97.57359751021521,32.955374539614816],[-97.57352672909941,32.95534985326657],[-97.57345917669437,32.95531940833716],[-97.57339550990143,32.955283501910415],[-97.57333634870479,32.955242483102865],[-97.57328226657295,32.955196750286596],[-97.5732361825992,32.95515745469257],[-97.57318494674662,32.95512299155758],[-97.57312926645375,32.95509383599228],[-97.573069912998,32.955070393240206],[-97.57300770452444,32.95505298502411],[-97.57294350279014,32.95504185403143],[-97.57287819616451,32.95503715296601],[-97.57229644834518,32.95503396840522],[-97.57233029267702,32.9555425075562],[-97.57142198675959,32.95551467968804],[-97.56998886194333,32.95546491058834]]]},"properties":{"prop_id":113799,"state_cd":"8","ite_code":210,"ite_name":"Single-Family Detached","ite_unit":"DU","units":2,"daily_trips":18.9,"am_peak_trips":1.4,"pm_peak_trips":1.9,"imprv_val":420360.0,"acres":1.0,"city":"Reno","city_code":"CRE","fill_color":[34,139,34,180]}},{"type":"Feature","geometry":{"type":"Polygon","coordinates":[[[-97.54503120100608,32.94207986592893],[-97.54502860057076,32.94151631568318],[-97.54684894788029,32.9415336782866],[-97.54769207301432,32.94153683598875],[-97.54789842156157,32.941537607781704],[-97.54820546639489,32.941538755368306],[-97.54845360078811,32.94153968313794],[-97.54894267517577,32.941541509328864],[-97.54956789824163,32.94154384024499],[-97.54973086208928,32.94154444756621],[-97.55011627776429,32.94154588247093],[-97.55040879476819,32.94154697067561],[-97.55059844549416,32.94154767565536],[-97.55109368234675,32.94154951601345],[-97.55158324666598,32.941551333765865],[-97.5520699159139,32.941553138388606],[-97.55255945353719,32.94155495210164],[-97.55304331970505,32.941556742426904],[-97.5535304788355,32.94155854326381],[-97.55353081113721,32.942250742342345],[-97.5535308631522,32.942357782478666],[-97.55353088770273,32.94240773532551],[-97.55353092890543,32.94251788941497],[-97.55353123516103,32.94334125113025],[-97.55353133674117,32.94361421758543],[-97.5535227044602,32.94416423719871],[-97.55352017736028,32.94432526591666],[-97.55351904869359,32.94439716065711],[-97.55352029968577,32.94442472392919],[-97.5535203559601,32.94443957667933],[-97.55351997266067,32.9444544278937],[-97.55351916168635,32.94446926503701],[-97.55351791777632,32.9444840799528],[-97.55351623671986,32.94449886629627],[-97.55351413041592,32.94451361153207],[-97.55351158716746,32.94452830925841],[-97.55350861989477,32.944542951456995],[-97.55350522764378,32.9445575272985],[-97.55350140841985,32.944572023240205],[-97.55349716538304,32.94458644381521],[-97.55349250413106,32.944600765618375],[-97.55348742574289,32.94461498775601],[-97.55348299778875,32.944628896486975],[-97.55313649720983,32.945167804749616],[-97.55287188813274,32.94517053983444],[-97.55277758965194,32.945171514785834],[-97.5527365413912,32.9451719385972],[-97.55157618165268,32.945166741684126],[-97.55146956013529,32.94516626367345],[-97.5513826969353,32.94516587378507],[-97.55090516482568,32.94516373221261],[-97.55041703487433,32.945161540502674],[-97.54952690988915,32.94515753883527],[-97.54821235036721,32.9451516193185],[-97.54800455328494,32.94515069274816],[-97.54568415763684,32.94514033952554],[-97.54506041357433,32.945137548830814],[-97.54498872900302,32.945137227534715],[-97.54499359981851,32.94479012124654],[-97.54499723592961,32.94453094438704],[-97.54500200220143,32.94419124675379],[-97.5450104715739,32.94358773548894],[-97.54501887148297,32.94298916841202],[-97.54502320207902,32.942680541033496],[-97.5450267894263,32.94242497828966],[-97.54502919029333,32.9422539707062],[-97.54503107603377,32.94211953313138],[-97.5450311241135,32.94210426000461],[-97.54503120100608,32.94207986592893]]]},"properties":{"prop_id":118590,"state_cd":"15A+","ite_code":210,"ite_name":"Single-Family Detached","ite_unit":"DU","units":2,"daily_trips":18.9,"am_peak_trips":1.4,"pm_peak_trips":1.9,"imprv_val":422420.0,"acres":1.001,"city":"Reno","city_code":"CRE","fill_color":[34,139,34,180]}},{"type":"Feature","geometry":{"type":"Polygon","coordinates":[[[-97.60129544843294,32.92246798897844],[-97.6017146497514,32.92181209328952],[-97.60226101798018,32.922105889073656],[-97.60190166190154,32.92266395154553],[-97.60178232850716,32.92263062684257],[-97.60147844222287,32.922533009315785],[-97.60147625302307,32.92253230632608],[-97.60129544843294,32.92246798897844]]]},"properties":{"prop_id":54162,"state_cd":"SF-OVR","ite_code":210,"ite_name":"Single-Family Detached","ite_unit":"DU","units":2,"daily_trips":18.9,"am_peak_trips":1.4,"pm_peak_trips":1.9,"imprv_val":180960.0,"acres":1.15,"city":"Reno","city_code":"CRE","fill_color":[34,139,34,180]}},{"type":"Feature","geometry":{"type":"Polygon","coordinates":[[[-97.56185039073827,32.969814946000014],[-97.56245713499942,32.969807201971506],[-97.56271459285391,32.96980391513513],[-97.56272718959681,32.97059716783958],[-97.5624835204867,32.97059941312181],[-97.56247298732194,32.97052415091196],[-97.56245405388016,32.970450066426125],[-97.56242689073959,32.97037782469151],[-97.56239174249214,32.97030807235217],[-97.56234892241265,32.97024143582568],[-97.56229881683291,32.97017851231782],[-97.56224187339274,32.970119867930904],[-97.56217860330297,32.97006602595747],[-97.56210957486954,32.97001747224287],[-97.5620354061671,32.96997463979944],[-97.56195676390281,32.96993791511105],[-97.56187435178256,32.96990762542046],[-97.5617889104542,32.96988404414016],[-97.56170120583623,32.969867381746425],[-97.56161202481069,32.96985778845271],[-97.5615221667135,32.96985534963654],[-97.56139594961851,32.96985710459849],[-97.56139631045978,32.96982074005921],[-97.56185039073827,32.969814946000014]]]},"properties":{"prop_id":106243,"state_cd":"S80","ite_code":210,"ite_name":"Single-Family Detached","ite_unit":"DU","units":2,"daily_trips":18.9,"am_peak_trips":1.4,"pm_peak_trips":1.9,"imprv_val":470590.0,"acres":1.0,"city":"Reno","city_code":"CRE","fill_color":[34,139,34,180]}},{"type":"Feature","geometry":{"type":"Polygon","coordinates":[[[-97.57821181408512,32.9547874161976],[-97.57820751031733,32.954548296961256],[-97.5781583760858,32.95372186517424],[-97.5781233898615,32.95349397216677],[-97.57798815030878,32.95310928609146],[-97.57789956467334,32.95288646507604],[-97.57901269113819,32.95288536286569],[-97.57899887468298,32.954873285519135],[-97.57821181408512,32.9547874161976]]]},"properties":{"prop_id":36040,"state_cd":"8","ite_code":0,"ite_name":"Vacant/Agricultural","ite_unit":"N/A","units":1.0,"daily_trips":0.0,"am_peak_trips":0.0,"pm_peak_trips":0.0,"imprv_val":0.0,"acres":1.25,"city":"Reno","city_code":"CRE","fill_color":[80,80,80,100]}},{"type":"Feature","geometry":{"type":"Polygon","coordinates":[[[-97.54503120100608,32.94207986592893],[-97.54502860057076,32.94151631568318],[-97.54684894788029,32.9415336782866],[-97.54769207301432,32.94153683598875],[-97.54789842156157,32.941537607781704],[-97.54820546639489,32.941538755368306],[-97.54845360078811,32.94153968313794],[-97.54894267517577,32.941541509328864],[-97.54956789824163,32.94154384024499],[-97.54973086208928,32.94154444756621],[-97.55011627776429,32.94154588247093],[-97.55040879476819,32.94154697067561],[-97.55059844549416,32.94154767565536],[-97.55109368234675,32.94154951601345],[-97.55158324666598,32.941551333765865],[-97.5520699159139,32.941553138388606],[-97.55255945353719,32.94155495210164],[-97.55304331970505,32.941556742426904],[-97.5535304788355,32.94155854326381],[-97.55353081113721,32.942250742342345],[-97.5535308631522,32.942357782478666],[-97.55353088770273,32.94240773532551],[-97.55353092890543,32.94251788941497],[-97.55353123516103,32.94334125113025],[-97.55353133674117,32.94361421758543],[-97.5535227044602,32.94416423719871],[-97.55352017736028,32.94432526591666],[-97.55351904869359,32.94439716065711],[-97.55352029968577,32.94442472392919],[-97.5535203559601,32.94443957667933],[-97.55351997266067,32.9444544278937],[-97.55351916168635,32.94446926503701],[-97.55351791777632,32.9444840799528],[-97.55351623671986,32.94449886629627],[-97.55351413041592,32.94451361153207],[-97.55351158716746,32.94452830925841],[-97.55350861989477,32.944542951456995],[-97.55350522764378,32.9445575272985],[-97.55350140841985,32.944572023240205],[-97.55349716538304,32.94458644381521],[-97.55349250413106,32.944600765618375],[-97.55348742574289,32.94461498775601],[-97.55348299778875,32.944628896486975],[-97.55313649720983,32.945167804749616],[-97.55287188813274,32.94517053983444],[-97.55277758965194,32.945171514785834],[-97.5527365413912,32.9451719385972],[-97.55157618165268,32.945166741684126],[-97.55146956013529,32.94516626367345],[-97.5513826969353,32.94516587378507],[-97.55090516482568,32.94516373221261],[-97.55041703487433,32.945161540502674],[-97.54952690988915,32.94515753883527],[-97.54821235036721,32.9451516193185],[-97.54800455328494,32.94515069274816],[-97.54568415763684,32.94514033952554],[-97.54506041357433,32.945137548830814],[-97.54498872900302,32.945137227534715],[-97.54499359981851,32.94479012124654],[-97.54499723592961,32.94453094438704],[-97.54500200220143,32.94419124675379],[-97.5450104715739,32.94358773548894],[-97.54501887148297,32.94298916841202],[-97.54502320207902,32.942680541033496],[-97.5450267894263,32.94242497828966],[-97.54502919029333,32.9422539707062],[-97.54503107603377,32.94211953313138],[-97.5450311241135,32.94210426000461],[-97.54503120100608,32.94207986592893]]]},"properties":{"prop_id":118603,"state_cd":"15A+","ite_code":0,"ite_name":"Vacant/Agricultural","ite_unit":"N/A","units":1.0,"daily_trips":0.0,"am_peak_trips":0.0,"pm_peak_trips":0.0,"imprv_val":0.0,"acres":1.011,"city":"Reno","city_code":"CRE","fill_color":[80,80,80,100]}},{"type":"Feature","geometry":{"type":"Polygon","coordinates":[[[-97.60768240012524,32.950347188372504],[-97.6076618116939,32.952394032351144],[-97.60698195812935,32.952408238063846],[-97.60698835298469,32.95034477173029],[-97.60768240012524,32.950347188372504]]]},"properties":{"prop_id":55270,"state_cd":"8","ite_code":0,"ite_name":"Vacant/Agricultural","ite_unit":"N/A","units":1.0,"daily_trips":0.0,"am_peak_trips":0.0,"pm_peak_trips":0.0,"imprv_val":0.0,"acres":2.5,"city":"Reno","city_code":"CRE","fill_color":[80,80,80,100]}},{"type":"Feature","geometry":{"type":"Polygon","coordinates":[[[-97.54503120100608,32.94207986592893],[-97.54502860057076,32.94151631568318],[-97.54684894788029,32.9415336782866],[-97.54769207301432,32.94153683598875],[-97.54789842156157,32.941537607781704],[-97.54820546639489,32.941538755368306],[-97.54845360078811,32.94153968313794],[-97.54894267517577,32.941541509328864],[-97.54956789824163,32.94154384024499],[-97.54973086208928,32.94154444756621],[-97.55011627776429,32.94154588247093],[-97.55040879476819,32.94154697067561],[-97.55059844549416,32.94154767565536],[-97.55109368234675,32.94154951601345],[-97.55158324666598,32.941551333765865],[-97.5520699159139,32.941553138388606],[-97.55255945353719,32.94155495210164],[-97.55304331970505,32.941556742426904],[-97.5535304788355,32.94155854326381],[-97.55353081113721,32.942250742342345],[-97.5535308631522,32.942357782478666],[-97.55353088770273,32.94240773532551],[-97.55353092890543,32.94251788941497],[-97.55353123516103,32.94334125113025],[-97.55353133674117,32.94361421758543],[-97.5535227044602,32.94416423719871],[-97.55352017736028,32.94432526591666],[-97.55351904869359,32.94439716065711],[-97.55352029968577,32.94442472392919],[-97.5535203559601,32.94443957667933],[-97.55351997266067,32.9444544278937],[-97.55351916168635,32.94446926503701],[-97.55351791777632,32.9444840799528],[-97.55351623671986,32.94449886629627],[-97.55351413041592,32.94451361153207],[-97.55351158716746,32.94452830925841],[-97.55350861989477,32.944542951456995],[-97.55350522764378,32.9445575272985],[-97.55350140841985,32.944572023240205],[-97.55349716538304,32.94458644381521],[-97.55349250413106,32.944600765618375],[-97.55348742574289,32.94461498775601],[-97.55348299778875,32.944628896486975],[-97.55313649720983,32.945167804749616],[-97.55287188813274,32.94517053983444],[-97.55277758965194,32.945171514785834],[-97.5527365413912,32.9451719385972],[-97.55157618165268,32.945166741684126],[-97.55146956013529,32.94516626367345],[-97.5513826969353,32.94516587378507],[-97.55090516482568,32.94516373221261],[-97.55041703487433,32.945161540502674],[-97.54952690988915,32.94515753883527],[-97.54821235036721,32.9451516193185],[-97.54800455328494,32.94515069274816],[-97.54568415763684,32.94514033952554],[-97.54506041357433,32.945137548830814],[-97.54498872900302,32.945137227534715],[-97.54499359981851,32.94479012124654],[-97.54499723592961,32.94453094438704],[-97.54500200220143,32.94419124675379],[-97.5450104715739,32.94358773548894],[-97.54501887148297,32.94298916841202],[-97.54502320207902,32.942680541033496],[-97.5450267894263,32.94242497828966],[-97.54502919029333,32.9422539707062],[-97.54503107603377,32.94211953313138],[-97.5450311241135,32.94210426000461],[-97.54503120100608,32.94207986592893]]]},"properties":{"prop_id":118593,"state_cd":"15A+","ite_code":210,"ite_name":"Single-Family Detached","ite_unit":"DU","units":2,"daily_trips":18.9,"am_peak_trips":1.4,"pm_peak_trips":1.9,"imprv_val":436640.0,"acres":1.204,"city":"Reno","city_code":"CRE","fill_color":[34,139,34,180]}},{"type":"Feature","geometry":{"type":"Polygon","coordinates":[[[-97.57110206086948,32.939226003142785],[-97.57154983579616,32.93869093508193],[-97.57180901839497,32.93778386419192],[-97.57304945053288,32.9377874707405],[-97.57307193558255,32.93654869426239],[-97.57353005905836,32.936620290729735],[-97.57608002638503,32.936474490390864],[-97.57742426829928,32.93630296119037],[-97.57781562491436,32.93623301497541],[-97.57779446250568,32.93810485577548],[-97.57753507202948,32.93810095673463],[-97.57733922355652,32.93809801205876],[-97.57627140568705,32.93808195094937],[-97.57393400873106,32.93808141878892],[-97.57392403645477,32.939848911705006],[-97.57196197642014,32.93984333241396],[-97.57166927467296,32.93964143055563],[-97.57110206086948,32.939226003142785]],[[-97.5722402467348,32.93781715704719],[-97.57223423865078,32.93839081246078],[-97.57291453910399,32.938395878702266],[-97.57292054173242,32.937822221444776],[-97.5722402467348,32.93781715704719]]]},"properties":{"prop_id":52048,"state_cd":"8","ite_code":0,"ite_name":"Vacant/Agricultural","ite_unit":"N/A","units":1.0,"daily_trips":0.0,"am_peak_trips":0.0,"pm_peak_trips":0.0,"imprv_val":0.0,"acres":30.4149,"city":"Reno","city_code":"CRE","fill_color":[80,80,80,100]}},{"type":"Feature","geometry":{"type":"Polygon","coordinates":[[[-97.58248226071505,32.93761762310398],[-97.58247689105363,32.937627827485485],[-97.58235172276535,32.93758940731441],[-97.58222369795904,32.93749514697425],[-97.58198613483687,32.937410564986735],[-97.58173101634425,32.937418566164034],[-97.58151969337595,32.937160083990975],[-97.58121706032682,32.937224557439194],[-97.58090333770544,32.93692473010654],[-97.5805413136735,32.93682005946339],[-97.58038035950132,32.936610445871786],[-97.58030955127562,32.93633499274876],[-97.58010678512449,32.93609846779535],[-97.57980021405692,32.93584271703219],[-97.57989995489615,32.93564933395054],[-97.58165651163822,32.93234449873008],[-97.5817256208214,32.93221446044795],[-97.58209071068302,32.93152748505268],[-97.58561335964427,32.93186650723413],[-97.58485498642517,32.93317281735749],[-97.58452897773059,32.933777927130734],[-97.5841433065746,32.93449376468556],[-97.58376608069452,32.93519391712285],[-97.58344566326015,32.935786615324396],[-97.58248226071505,32.93761762310398]]]},"properties":{"prop_id":52221,"state_cd":"8","ite_code":0,"ite_name":"Vacant/Agricultural","ite_unit":"N/A","units":1.0,"daily_trips":0.0,"am_peak_trips":0.0,"pm_peak_trips":0.0,"imprv_val":0.0,"acres":9.55,"city":"Reno","city_code":"CRE","fill_color":[80,80,80,100]}}]}