{"type":"FeatureCollection","metadata":{"city":"Springtown","city_code":"CSP","total_parcels":1197,"total_daily_trips":9582.0,"parcels_with_trips":894,"generated":"2026-03-21","pipeline":"MUENY build_city_parcels.py","ite_source":"ITE Trip Generation Manual 11th Edition","cad_mapping":"Parker County CAD state_cd \u2192 ITE canonical table"},"features":[{"type":"Feature","geometry":{"type":"Polygon","coordinates":[[[-97.69506839240444,32.973867756353265],[-97.69550887738647,32.973870999954734],[-97.69550538821733,32.974062618996776],[-97.69506500386353,32.97405832271166],[-97.69506839240444,32.973867756353265]]]},"properties":{"prop_id":117516,"state_cd":"S55","ite_code":210,"ite_name":"Single-Family Detached","ite_unit":"DU","units":1,"daily_trips":9.4,"am_peak_trips":0.7,"pm_peak_trips":0.9,"imprv_val":201260.0,"acres":0.217,"city":"Springtown","city_code":"CSP","fill_color":[34,139,34,180]}},{"type":"Feature","geometry":{"type":"Polygon","coordinates":[[[-97.67890876160074,32.95619174290465],[-97.67890944988217,32.95610700297355],[-97.67973161270687,32.95612671182161],[-97.67970007275207,32.95613018363786],[-97.67966895693596,32.956135675620146],[-97.6796384516807,32.95614315562865],[-97.67960874355073,32.9561525761935],[-97.67958001276808,32.956163881687154],[-97.67955243325436,32.95617700381468],[-97.67952617263049,32.9561918616147],[-97.67950139003618,32.95620836595335],[-97.67947823509316,32.95622641591063],[-97.67945685000325,32.95624590330304],[-97.67943736317201,32.95626670813264],[-97.67941989342046,32.95628870582904],[-97.67940454575675,32.95631176181099],[-97.67939141561294,32.956335736023064],[-97.67938058027104,32.95636048468295],[-97.67937209644803,32.95638589002572],[-97.67935138353339,32.956460739430035],[-97.67934604723484,32.95647454729349],[-97.67933804227789,32.956487405996036],[-97.67932759559055,32.95649895269459],[-97.67931500224027,32.95650885926411],[-97.67930061781281,32.956516846676664],[-97.67928484982183,32.95652268855227],[-97.67926814265864,32.956526219176226],[-97.6792509315311,32.95652734041031],[-97.6789060291679,32.956525123167026],[-97.67890876160074,32.95619174290465]]]},"properties":{"prop_id":1868,"state_cd":"S48","ite_code":210,"ite_name":"Single-Family Detached","ite_unit":"DU","units":1,"daily_trips":9.4,"am_peak_trips":0.7,"pm_peak_trips":0.9,"imprv_val":256600.0,"acres":0.5532,"city":"Springtown","city_code":"CSP","fill_color":[34,139,34,180]}},{"type":"Feature","geometry":{"type":"Polygon","coordinates":[[[-97.67105202678734,32.9701851690945],[-97.67126491673633,32.97018276752874],[-97.67126691556855,32.97050156099878],[-97.67105632535419,32.97050016045066],[-97.67105202678734,32.9701851690945]]]},"properties":{"prop_id":109498,"state_cd":"S50","ite_code":210,"ite_name":"Single-Family Detached","ite_unit":"DU","units":1,"daily_trips":9.4,"am_peak_trips":0.7,"pm_peak_trips":0.9,"imprv_val":239910.0,"acres":0.173,"city":"Springtown","city_code":"CSP","fill_color":[34,139,34,180]}},{"type":"Feature","geometry":{"type":"Polygon","coordinates":[[[-97.68694930463721,32.97337862966919],[-97.68696548461661,32.97124358096679],[-97.68697348148416,32.97085198972118],[-97.68697514688161,32.970770115112764],[-97.68728349475508,32.9707781739127],[-97.68731771851357,32.97077960372623],[-97.68731249086485,32.97121095455182],[-97.6877096628138,32.9712138297282],[-97.68812359647085,32.97121682455635],[-97.68855516159529,32.97121994453232],[-97.68855413857347,32.97126842073642],[-97.6885538017094,32.971284399734806],[-97.68854334493105,32.97178080190456],[-97.68781905406966,32.97177608393184],[-97.68781645365442,32.97229429008471],[-97.68781387718707,32.97280276659868],[-97.68780956346495,32.973660328858095],[-97.68694930463721,32.97337862966919]]]},"properties":{"prop_id":38113,"state_cd":"8","ite_code":0,"ite_name":"Vacant/Agricultural","ite_unit":"N/A","units":1.0,"daily_trips":0.0,"am_peak_trips":0.0,"pm_peak_trips":0.0,"imprv_val":0.0,"acres":6.36,"city":"Springtown","city_code":"CSP","fill_color":[80,80,80,100]}},{"type":"Feature","geometry":{"type":"Polygon","coordinates":[[[-97.6861580112781,32.97265483177651],[-97.68692130117626,32.97265865675199],[-97.68692129777477,32.972659143713756],[-97.68691974552912,32.97286291382989],[-97.68691973240159,32.97286469303933],[-97.68615757842868,32.97286070774469],[-97.68615462673418,32.97286069207713],[-97.68615721103873,32.9726548274527],[-97.6861580112781,32.97265483177651]]]},"properties":{"prop_id":33895,"state_cd":"S90","ite_code":210,"ite_name":"Single-Family Detached","ite_unit":"DU","units":1,"daily_trips":9.4,"am_peak_trips":0.7,"pm_peak_trips":0.9,"imprv_val":218380.0,"acres":0.4033,"city":"Springtown","city_code":"CSP","fill_color":[34,139,34,180]}},{"type":"Feature","geometry":{"type":"Polygon","coordinates":[[[-97.67091675563105,32.97297408872764],[-97.67092190266591,32.972424367014575],[-97.67092989768356,32.972424510382375],[-97.67112721055274,32.97242800071338],[-97.67118624990748,32.97242861520175],[-97.67124792343964,32.97243013276934],[-97.67124277844525,32.97297985269185],[-97.67091675563105,32.97297408872764]]]},"properties":{"prop_id":37907,"state_cd":"S90","ite_code":210,"ite_name":"Single-Family Detached","ite_unit":"DU","units":1,"daily_trips":9.4,"am_peak_trips":0.7,"pm_peak_trips":0.9,"imprv_val":227000.0,"acres":0.459,"city":"Springtown","city_code":"CSP","fill_color":[34,139,34,180]}},{"type":"Feature","geometry":{"type":"Polygon","coordinates":[[[-97.66638652003228,32.96034097448978],[-97.66656100316959,32.96011132760009],[-97.66703876450184,32.960365566728484],[-97.66686423785538,32.960596506298735],[-97.66638652003228,32.96034097448978]]]},"properties":{"prop_id":26269,"state_cd":"S50","ite_code":0,"ite_name":"Vacant/Agricultural","ite_unit":"N/A","units":1.0,"daily_trips":0.0,"am_peak_trips":0.0,"pm_peak_trips":0.0,"imprv_val":0.0,"acres":0.3958,"city":"Springtown","city_code":"CSP","fill_color":[80,80,80,100]}},{"type":"Feature","geometry":{"type":"Polygon","coordinates":[[[-97.66963774777852,32.96554002016538],[-97.66830113221769,32.96537524728447],[-97.66849971079614,32.96430319672618],[-97.66865638509793,32.964410544575806],[-97.66880145852068,32.96477541015387],[-97.66964257230684,32.965025379422435],[-97.66963774777852,32.96554002016538]]]},"properties":{"prop_id":100644,"state_cd":"S150","ite_code":0,"ite_name":"Vacant/Agricultural","ite_unit":"N/A","units":1.0,"daily_trips":0.0,"am_peak_trips":0.0,"pm_peak_trips":0.0,"imprv_val":0.0,"acres":2.28,"city":"Springtown","city_code":"CSP","fill_color":[80,80,80,100]}},{"type":"Feature","geometry":{"type":"Polygon","coordinates":[[[-97.6482280157487,32.96792944064832],[-97.64823875812137,32.96759875247115],[-97.64841645961977,32.967603428997805],[-97.64840759779527,32.967934098472156],[-97.6482280157487,32.96792944064832]]]},"properties":{"prop_id":127255,"state_cd":"S60","ite_code":0,"ite_name":"Vacant/Agricultural","ite_unit":"N/A","units":1.0,"daily_trips":0.0,"am_peak_trips":0.0,"pm_peak_trips":0.0,"imprv_val":0.0,"acres":0.152,"city":"Springtown","city_code":"CSP","fill_color":[80,80,80,100]}},{"type":"Feature","geometry":{"type":"Polygon","coordinates":[[[-97.64995276208941,32.96491628257692],[-97.64995299782787,32.96489194661684],[-97.6499551228473,32.964671122049594],[-97.65054990730152,32.96449310820315],[-97.65057809831421,32.96455481208487],[-97.6506111060571,32.964614794739255],[-97.65064878332736,32.964672789120705],[-97.65002258519294,32.96498322969568],[-97.64995276208941,32.96491628257692]]]},"properties":{"prop_id":123463,"state_cd":"S60","ite_code":0,"ite_name":"Vacant/Agricultural","ite_unit":"N/A","units":1.0,"daily_trips":0.0,"am_peak_trips":0.0,"pm_peak_trips":0.0,"imprv_val":0.0,"acres":0.452,"city":"Springtown","city_code":"CSP","fill_color":[80,80,80,100]}},{"type":"Feature","geometry":{"type":"Polygon","coordinates":[[[-97.68323424712379,32.96351352399058],[-97.68334579276025,32.96407250090812],[-97.68276887867735,32.96416033513092],[-97.68264111890035,32.96350721548507],[-97.68262361888613,32.963417794014795],[-97.68267904474081,32.963418432604726],[-97.68321638917756,32.96342398933732],[-97.68323424712379,32.96351352399058]]]},"properties":{"prop_id":59577,"state_cd":"SF-OVR","ite_code":0,"ite_name":"Vacant/Agricultural","ite_unit":"N/A","units":1.0,"daily_trips":0.0,"am_peak_trips":0.0,"pm_peak_trips":0.0,"imprv_val":0.0,"acres":1.01,"city":"Springtown","city_code":"CSP","fill_color":[80,80,80,100]}},{"type":"Feature","geometry":{"type":"Polygon","coordinates":[[[-97.67311838397735,32.96079229069047],[-97.67305975703184,32.96078408373373],[-97.67362598828093,32.960051857393104],[-97.67389912309203,32.96020196534728],[-97.67341095476496,32.96083324736919],[-97.67311838397735,32.96079229069047]]]},"properties":{"prop_id":26162,"state_cd":"S50","ite_code":0,"ite_name":"Vacant/Agricultural","ite_unit":"N/A","units":1.0,"daily_trips":0.0,"am_peak_trips":0.0,"pm_peak_trips":0.0,"imprv_val":0.0,"acres":0.52,"city":"Springtown","city_code":"CSP","fill_color":[80,80,80,100]}},{"type":"Feature","geometry":{"type":"Polygon","coordinates":[[[-97.6526012366692,32.96560184055917],[-97.65261275397134,32.96501927834885],[-97.65283948044912,32.96502229072644],[-97.6528296433161,32.965592312764166],[-97.65282960797197,32.96559432990722],[-97.6526011892585,32.96560422376121],[-97.6526012366692,32.96560184055917]]]},"properties":{"prop_id":123485,"state_cd":"S60","ite_code":210,"ite_name":"Single-Family Detached","ite_unit":"DU","units":1,"daily_trips":9.4,"am_peak_trips":0.7,"pm_peak_trips":0.9,"imprv_val":256400.0,"acres":0.337,"city":"Springtown","city_code":"CSP","fill_color":[34,139,34,180]}},{"type":"Feature","geometry":{"type":"Polygon","coordinates":[[[-97.68303476489133,32.96589506375179],[-97.68311387259826,32.96627319374935],[-97.68288166787372,32.966308821137986],[-97.68284175865129,32.96612480485426],[-97.68279968991195,32.965930905739015],[-97.68303476489133,32.96589506375179]]]},"properties":{"prop_id":26695,"state_cd":"S25","ite_code":210,"ite_name":"Single-Family Detached","ite_unit":"DU","units":1,"daily_trips":9.4,"am_peak_trips":0.7,"pm_peak_trips":0.9,"imprv_val":169600.0,"acres":0.2336,"city":"Springtown","city_code":"CSP","fill_color":[34,139,34,180]}},{"type":"Feature","geometry":{"type":"Polygon","coordinates":[[[-97.69036075430284,32.96037627372],[-97.69041937378772,32.96037501956739],[-97.69052323142223,32.9603719165288],[-97.69052344221505,32.96037191068353],[-97.69052614600649,32.96073513130732],[-97.69036312640606,32.960735918270316],[-97.69036075430284,32.96037627372]]]},"properties":{"prop_id":121565,"state_cd":"S50","ite_code":0,"ite_name":"Vacant/Agricultural","ite_unit":"N/A","units":1.0,"daily_trips":0.0,"am_peak_trips":0.0,"pm_peak_trips":0.0,"imprv_val":0.0,"acres":0.151,"city":"Springtown","city_code":"CSP","fill_color":[80,80,80,100]}},{"type":"Feature","geometry":{"type":"Polygon","coordinates":[[[-97.66968589423279,32.97087815527403],[-97.66997570497111,32.970883903190426],[-97.66997728135918,32.97119887644925],[-97.66976216100656,32.971197443554416],[-97.669679039023,32.971126261676204],[-97.66968589423279,32.97087815527403]]]},"properties":{"prop_id":109466,"state_cd":"S50","ite_code":210,"ite_name":"Single-Family Detached","ite_unit":"DU","units":1,"daily_trips":9.4,"am_peak_trips":0.7,"pm_peak_trips":0.9,"imprv_val":236160.0,"acres":0.229,"city":"Springtown","city_code":"CSP","fill_color":[34,139,34,180]}},{"type":"Feature","geometry":{"type":"Polygon","coordinates":[[[-97.68888580545133,32.98314782195544],[-97.68891264176965,32.982346524112636],[-97.6890430478054,32.982350986227004],[-97.68926353103367,32.98235853488897],[-97.68940146650895,32.98236325753065],[-97.68937486450115,32.98315767788361],[-97.68888580545133,32.98314782195544]]]},"properties":{"prop_id":122134,"state_cd":"S85","ite_code":0,"ite_name":"Vacant/Agricultural","ite_unit":"N/A","units":1.0,"daily_trips":0.0,"am_peak_trips":0.0,"pm_peak_trips":0.0,"imprv_val":0.0,"acres":1.002,"city":"Springtown","city_code":"CSP","fill_color":[80,80,80,100]}},{"type":"Feature","geometry":{"type":"Polygon","coordinates":[[[-97.68290838477984,32.96056102547835],[-97.68376097337455,32.96055882218854],[-97.68375795499347,32.96065000205868],[-97.68361961108072,32.96064918417397],[-97.6836032239342,32.96081869093986],[-97.68291814167466,32.9608102228122],[-97.68290838477984,32.96056102547835]]]},"properties":{"prop_id":46162,"state_cd":"S60","ite_code":210,"ite_name":"Single-Family Detached","ite_unit":"DU","units":1,"daily_trips":9.4,"am_peak_trips":0.7,"pm_peak_trips":0.9,"imprv_val":158430.0,"acres":0.476,"city":"Springtown","city_code":"CSP","fill_color":[34,139,34,180]}},{"type":"Feature","geometry":{"type":"Polygon","coordinates":[[[-97.69032993902262,32.95787116020857],[-97.69049338873313,32.957873298025916],[-97.69048681971478,32.958226955114135],[-97.69044858202427,32.95822807927562],[-97.69042302180242,32.95822882495883],[-97.69032327921465,32.958229762303645],[-97.69032993902262,32.95787116020857]]]},"properties":{"prop_id":121597,"state_cd":"S50","ite_code":0,"ite_name":"Vacant/Agricultural","ite_unit":"N/A","units":1.0,"daily_trips":0.0,"am_peak_trips":0.0,"pm_peak_trips":0.0,"imprv_val":0.0,"acres":0.149,"city":"Springtown","city_code":"CSP","fill_color":[80,80,80,100]}},{"type":"Feature","geometry":{"type":"Polygon","coordinates":[[[-97.64578991934935,32.966115773255616],[-97.6457948271209,32.9659755315039],[-97.64584516941724,32.96593559831956],[-97.64650307622058,32.965956674277365],[-97.64649650951559,32.96613418075207],[-97.64649644893326,32.96613580452526],[-97.64578991934935,32.966115773255616]]]},"properties":{"prop_id":123404,"state_cd":"S60","ite_code":210,"ite_name":"Single-Family Detached","ite_unit":"DU","units":1,"daily_trips":9.4,"am_peak_trips":0.7,"pm_peak_trips":0.9,"imprv_val":270760.0,"acres":0.321,"city":"Springtown","city_code":"CSP","fill_color":[34,139,34,180]}},{"type":"Feature","geometry":{"type":"Polygon","coordinates":[[[-97.65950687088389,32.96549266056173],[-97.65909803219468,32.96549040660182],[-97.65910092439069,32.96530919177203],[-97.65950874844955,32.965311405517454],[-97.65950687088389,32.96549266056173]]]},"properties":{"prop_id":123017,"state_cd":"S60","ite_code":210,"ite_name":"Single-Family Detached","ite_unit":"DU","units":1,"daily_trips":9.4,"am_peak_trips":0.7,"pm_peak_trips":0.9,"imprv_val":85375.0,"acres":0.189,"city":"Springtown","city_code":"CSP","fill_color":[34,139,34,180]}},{"type":"Feature","geometry":{"type":"Polygon","coordinates":[[[-97.68245664366836,32.968692078036845],[-97.68274983237951,32.96864767619475],[-97.6828910468844,32.968626290161254],[-97.68295208336454,32.96889346668924],[-97.68296862071986,32.968965858016574],[-97.68253522861437,32.96903146071417],[-97.68245664366836,32.968692078036845]]]},"properties":{"prop_id":16809,"state_cd":"S55","ite_code":210,"ite_name":"Single-Family Detached","ite_unit":"DU","units":1,"daily_trips":9.4,"am_peak_trips":0.7,"pm_peak_trips":0.9,"imprv_val":149710.0,"acres":0.3904,"city":"Springtown","city_code":"CSP","fill_color":[34,139,34,180]}},{"type":"Feature","geometry":{"type":"Polygon","coordinates":[[[-97.6800331232364,32.96078032337715],[-97.68007984850995,32.96057942124969],[-97.68019236008456,32.96060184856444],[-97.68030122535474,32.960623538449056],[-97.68025259304369,32.9608227236626],[-97.6800331232364,32.96078032337715]]]},"properties":{"prop_id":46175,"state_cd":"S60","ite_code":210,"ite_name":"Single-Family Detached","ite_unit":"DU","units":1,"daily_trips":9.4,"am_peak_trips":0.7,"pm_peak_trips":0.9,"imprv_val":229120.0,"acres":0.116,"city":"Springtown","city_code":"CSP","fill_color":[34,139,34,180]}},{"type":"Feature","geometry":{"type":"Polygon","coordinates":[[[-97.68453374412596,32.96725543101293],[-97.68460417091983,32.96759607839149],[-97.6842155424277,32.96765491218335],[-97.68414714284506,32.967313969426336],[-97.68453374412596,32.96725543101293]]]},"properties":{"prop_id":26712,"state_cd":"S25","ite_code":0,"ite_name":"Vacant/Agricultural","ite_unit":"N/A","units":1.0,"daily_trips":0.0,"am_peak_trips":0.0,"pm_peak_trips":0.0,"imprv_val":0.0,"acres":0.3488,"city":"Springtown","city_code":"CSP","fill_color":[80,80,80,100]}},{"type":"Feature","geometry":{"type":"Polygon","coordinates":[[[-97.67768838983696,32.96864551994873],[-97.67817749367171,32.96864874626821],[-97.67817535094328,32.96887962864452],[-97.6776862458334,32.9688764023167],[-97.67768838983696,32.96864551994873]]]},"properties":{"prop_id":89761,"state_cd":"S50","ite_code":210,"ite_name":"Single-Family Detached","ite_unit":"DU","units":1,"daily_trips":9.4,"am_peak_trips":0.7,"pm_peak_trips":0.9,"imprv_val":252770.0,"acres":0.2893,"city":"Springtown","city_code":"CSP","fill_color":[34,139,34,180]}},{"type":"Feature","geometry":{"type":"Polygon","coordinates":[[[-97.68968838591076,32.97672038210148],[-97.68969321038617,32.97643182156988],[-97.69026333819455,32.976438138593416],[-97.69025851343703,32.97672669913284],[-97.68968838591076,32.97672038210148]]]},"properties":{"prop_id":19203,"state_cd":"S55","ite_code":210,"ite_name":"Single-Family Detached","ite_unit":"DU","units":1,"daily_trips":9.4,"am_peak_trips":0.7,"pm_peak_trips":0.9,"imprv_val":232220.0,"acres":0.42,"city":"Springtown","city_code":"CSP","fill_color":[34,139,34,180]}},{"type":"Feature","geometry":{"type":"Polygon","coordinates":[[[-97.68054794039571,32.97077381493731],[-97.68065556120737,32.97078867753507],[-97.68076402076414,32.97079845927251],[-97.68087298767497,32.970803129111076],[-97.68098216463224,32.97080267247034],[-97.68105006557467,32.97110858859716],[-97.68061954488547,32.97116562722613],[-97.68054794039571,32.97077381493731]]]},"properties":{"prop_id":4716,"state_cd":"S55","ite_code":210,"ite_name":"Single-Family Detached","ite_unit":"DU","units":1,"daily_trips":9.4,"am_peak_trips":0.7,"pm_peak_trips":0.9,"imprv_val":206480.0,"acres":0.3817,"city":"Springtown","city_code":"CSP","fill_color":[34,139,34,180]}},{"type":"Feature","geometry":{"type":"Polygon","coordinates":[[[-97.66977091854221,32.967382894832646],[-97.67033651124922,32.96734149186233],[-97.67034192978659,32.967577536156185],[-97.66973850660897,32.96761947712821],[-97.66977091854221,32.967382894832646]]]},"properties":{"prop_id":26423,"state_cd":"S50","ite_code":210,"ite_name":"Single-Family Detached","ite_unit":"DU","units":1,"daily_trips":9.4,"am_peak_trips":0.7,"pm_peak_trips":0.9,"imprv_val":161210.0,"acres":0.3524,"city":"Springtown","city_code":"CSP","fill_color":[34,139,34,180]}},{"type":"Feature","geometry":{"type":"Polygon","coordinates":[[[-97.68970369568005,32.9602061449315],[-97.68953618417326,32.96020248446595],[-97.6894307043401,32.96020320162759],[-97.68914509978258,32.96020947886291],[-97.68914468163746,32.96005909616524],[-97.68914465977012,32.96005108602624],[-97.68914428686925,32.95991690938926],[-97.6891442808428,32.95991464667473],[-97.68914389559485,32.95977644421459],[-97.68914388769878,32.95977345101073],[-97.6891435132663,32.95963885771633],[-97.68914348899652,32.95963005846555],[-97.68914313179033,32.959501411905634],[-97.68914309415415,32.95948799703448],[-97.68914274906417,32.959363985924384],[-97.68914269840296,32.95934556765074],[-97.68914236778043,32.959226519368],[-97.68914230158158,32.9592026711127],[-97.68914198535028,32.95908917815511],[-97.68914190491557,32.95906010824769],[-97.68914157470796,32.95894101487196],[-97.6891415095315,32.95891763917798],[-97.68914116212594,32.95879282992952],[-97.68914111441842,32.95877549115661],[-97.6891407472784,32.9586437242074],[-97.68914071467935,32.95863186230795],[-97.68914033518625,32.95849548605472],[-97.6891403161112,32.95848845621459],[-97.68913989778787,32.95833797788813],[-97.6894713634377,32.958329742654406],[-97.68951429479574,32.958329003737894],[-97.68953139266362,32.95832870912441],[-97.68965127008924,32.9583293570935],[-97.68977104275935,32.95833362148098],[-97.68989055778569,32.95834149498038],[-97.68989107879077,32.95849293260216],[-97.68989159239648,32.958642021823906],[-97.68989206326168,32.958778709787865],[-97.68989210479938,32.95879089189174],[-97.68989255515163,32.95892151946481],[-97.68989261584518,32.958939091892894],[-97.68989304753276,32.959064509507],[-97.68989312792986,32.959087997123895],[-97.68989354092764,32.95920785667521],[-97.6898935956095,32.95922386439957],[-97.68989403479162,32.95935126967687],[-97.68989407198426,32.95936205572869],[-97.6898945252056,32.95949377361518],[-97.6898945495461,32.959500936056166],[-97.68989501553304,32.95963617023327],[-97.68989549371652,32.95977498292295],[-97.68989550791652,32.95977904392663],[-97.68989597132408,32.95991385873399],[-97.68989600352516,32.95992308549971],[-97.68989643699898,32.96004889359861],[-97.68989649375287,32.96006537659565],[-97.68989701774588,32.960217659210684],[-97.6898708816692,32.960215688355554],[-97.68970369568005,32.9602061449315]]]},"properties":{"prop_id":121635,"state_cd":"S50","ite_code":210,"ite_name":"Single-Family Detached","ite_unit":"DU","units":1,"daily_trips":9.4,"am_peak_trips":0.7,"pm_peak_trips":0.9,"imprv_val":162520.0,"acres":0.132,"city":"Springtown","city_code":"CSP","fill_color":[34,139,34,180]}},{"type":"Feature","geometry":{"type":"Polygon","coordinates":[[[-97.68140376410038,32.96983710654639],[-97.6813824771521,32.96966779286434],[-97.68177261517081,32.969647993326774],[-97.68182475675525,32.969978807734876],[-97.68142295349955,32.96998994637244],[-97.68140376410038,32.96983710654639]]]},"properties":{"prop_id":29548,"state_cd":"S50","ite_code":210,"ite_name":"Single-Family Detached","ite_unit":"DU","units":1,"daily_trips":9.4,"am_peak_trips":0.7,"pm_peak_trips":0.9,"imprv_val":149480.0,"acres":0.3329,"city":"Springtown","city_code":"CSP","fill_color":[34,139,34,180]}},{"type":"Feature","geometry":{"type":"Polygon","coordinates":[[[-97.67526250226493,32.98251274244564],[-97.67535009058018,32.97765387295582],[-97.67698953469144,32.97768955825602],[-97.67686992512107,32.98256800819626],[-97.67526250226493,32.98251274244564]]]},"properties":{"prop_id":37858,"state_cd":"A40","ite_code":0,"ite_name":"Vacant/Agricultural","ite_unit":"N/A","units":1.0,"daily_trips":0.0,"am_peak_trips":0.0,"pm_peak_trips":0.0,"imprv_val":0.0,"acres":19.84,"city":"Springtown","city_code":"CSP","fill_color":[80,80,80,100]}},{"type":"Feature","geometry":{"type":"Polygon","coordinates":[[[-97.68327444771982,32.97812134453367],[-97.68326089933872,32.9785635794596],[-97.68306183524048,32.978551700093746],[-97.68307628619742,32.978118205241685],[-97.68327444771982,32.97812134453367]]]},"properties":{"prop_id":106807,"state_cd":"S50","ite_code":210,"ite_name":"Single-Family Detached","ite_unit":"DU","units":1,"daily_trips":9.4,"am_peak_trips":0.7,"pm_peak_trips":0.9,"imprv_val":298820.0,"acres":0.219,"city":"Springtown","city_code":"CSP","fill_color":[34,139,34,180]}},{"type":"Feature","geometry":{"type":"Polygon","coordinates":[[[-97.6883811091281,32.98169628722055],[-97.68840891763085,32.981123345730964],[-97.68772961951045,32.981100088872445],[-97.68775452212115,32.980583434621806],[-97.69038022348046,32.98060586202919],[-97.69035453569738,32.98114019991772],[-97.69043770136159,32.98119668096707],[-97.69040807466787,32.98177143539206],[-97.68839901262271,32.981696844789745],[-97.6883811091281,32.98169628722055]]]},"properties":{"prop_id":34966,"state_cd":"A50","ite_code":0,"ite_name":"Vacant/Agricultural","ite_unit":"N/A","units":1.0,"daily_trips":0.0,"am_peak_trips":0.0,"pm_peak_trips":0.0,"imprv_val":0.0,"acres":6.646,"city":"Springtown","city_code":"CSP","fill_color":[80,80,80,100]}},{"type":"Feature","geometry":{"type":"Polygon","coordinates":[[[-97.64837505239124,32.96807547527972],[-97.6487652693077,32.968142207835584],[-97.64875733162684,32.96816296413807],[-97.64875336611198,32.96818451502556],[-97.6487534710025,32.96820632368161],[-97.64875764510985,32.96822784629742],[-97.64876578446061,32.968248547379964],[-97.6482899871275,32.968445008474326],[-97.64837505239124,32.96807547527972]]]},"properties":{"prop_id":127259,"state_cd":"S60","ite_code":0,"ite_name":"Vacant/Agricultural","ite_unit":"N/A","units":1.0,"daily_trips":0.0,"am_peak_trips":0.0,"pm_peak_trips":0.0,"imprv_val":0.0,"acres":0.254,"city":"Springtown","city_code":"CSP","fill_color":[80,80,80,100]}},{"type":"Feature","geometry":{"type":"Polygon","coordinates":[[[-97.66656908707377,32.95716188829231],[-97.66685049045438,32.95675502768004],[-97.6671242372555,32.956900901776784],[-97.66683947155688,32.95730639318569],[-97.66656908707377,32.95716188829231]]]},"properties":{"prop_id":26199,"state_cd":"S50","ite_code":210,"ite_name":"Single-Family Detached","ite_unit":"DU","units":1,"daily_trips":9.4,"am_peak_trips":0.7,"pm_peak_trips":0.9,"imprv_val":189090.0,"acres":0.3884,"city":"Springtown","city_code":"CSP","fill_color":[34,139,34,180]}},{"type":"Feature","geometry":{"type":"Polygon","coordinates":[[[-97.68425008787696,32.978136797214255],[-97.68422400673647,32.97862104992327],[-97.68404193048349,32.978610186034985],[-97.68405445422808,32.978133699470135],[-97.68425008787696,32.978136797214255]]]},"properties":{"prop_id":106802,"state_cd":"S50","ite_code":210,"ite_name":"Single-Family Detached","ite_unit":"DU","units":1,"daily_trips":9.4,"am_peak_trips":0.7,"pm_peak_trips":0.9,"imprv_val":289250.0,"acres":0.236,"city":"Springtown","city_code":"CSP","fill_color":[34,139,34,180]}},{"type":"Feature","geometry":{"type":"Polygon","coordinates":[[[-97.67049332275931,32.96616510170065],[-97.67089934556901,32.96613855748609],[-97.67089902828097,32.96643011598263],[-97.67089885283622,32.96655786449698],[-97.67031927496703,32.966588578645364],[-97.67031647407308,32.966466068847325],[-97.67030985559234,32.966177129956485],[-97.67049332275931,32.96616510170065]]]},"properties":{"prop_id":26417,"state_cd":"S50","ite_code":210,"ite_name":"Single-Family Detached","ite_unit":"DU","units":1,"daily_trips":9.4,"am_peak_trips":0.7,"pm_peak_trips":0.9,"imprv_val":175560.0,"acres":0.6223,"city":"Springtown","city_code":"CSP","fill_color":[34,139,34,180]}},{"type":"Feature","geometry":{"type":"Polygon","coordinates":[[[-97.65086933015094,32.96733515146331],[-97.65056431325013,32.96755717548626],[-97.65043685777314,32.967452447062996],[-97.65075072680158,32.96722022991986],[-97.65086933015094,32.96733515146331]]]},"properties":{"prop_id":127358,"state_cd":"S60","ite_code":0,"ite_name":"Vacant/Agricultural","ite_unit":"N/A","units":1.0,"daily_trips":0.0,"am_peak_trips":0.0,"pm_peak_trips":0.0,"imprv_val":0.0,"acres":0.159,"city":"Springtown","city_code":"CSP","fill_color":[80,80,80,100]}},{"type":"Feature","geometry":{"type":"Polygon","coordinates":[[[-97.681261229748,32.956773496817505],[-97.68119620106653,32.956218874020095],[-97.68127081680429,32.95621976471802],[-97.68279439069292,32.95618131919263],[-97.68358938691819,32.956186506141336],[-97.68331744026214,32.95646881948965],[-97.68302638268983,32.95703420233337],[-97.68285113363866,32.957606650433874],[-97.68240035459132,32.95757396308032],[-97.68239375856018,32.957573521194774],[-97.68129310721751,32.95749980658939],[-97.681261229748,32.956773496817505]]]},"properties":{"prop_id":46141,"state_cd":"8","ite_code":0,"ite_name":"Vacant/Agricultural","ite_unit":"N/A","units":1.0,"daily_trips":0.0,"am_peak_trips":0.0,"pm_peak_trips":0.0,"imprv_val":0.0,"acres":7.008,"city":"Springtown","city_code":"CSP","fill_color":[80,80,80,100]}},{"type":"Feature","geometry":{"type":"Polygon","coordinates":[[[-97.68361898197861,32.971948484973744],[-97.68398076917428,32.971894999967546],[-97.68404529476469,32.97214533817848],[-97.6836682474317,32.97220026283306],[-97.68365471216812,32.97213424373978],[-97.683638293754,32.97205416438294],[-97.68361669680412,32.97194882261724],[-97.68361898197861,32.971948484973744]]]},"properties":{"prop_id":29495,"state_cd":"S50","ite_code":210,"ite_name":"Single-Family Detached","ite_unit":"DU","units":1,"daily_trips":9.4,"am_peak_trips":0.7,"pm_peak_trips":0.9,"imprv_val":184480.0,"acres":0.26,"city":"Springtown","city_code":"CSP","fill_color":[34,139,34,180]}},{"type":"Feature","geometry":{"type":"Polygon","coordinates":[[[-97.67362724793692,32.961168763689614],[-97.6735733560749,32.961126555326],[-97.67345437991983,32.9609116767015],[-97.67341095476496,32.96083324736919],[-97.67389912309203,32.96020196534728],[-97.67443177387759,32.960519794726736],[-97.67381576047556,32.96131640682902],[-97.67362724793692,32.961168763689614]]]},"properties":{"prop_id":26161,"state_cd":"S150","ite_code":0,"ite_name":"Vacant/Agricultural","ite_unit":"N/A","units":1.0,"daily_trips":0.0,"am_peak_trips":0.0,"pm_peak_trips":0.0,"imprv_val":0.0,"acres":1.1,"city":"Springtown","city_code":"CSP","fill_color":[80,80,80,100]}},{"type":"Feature","geometry":{"type":"Polygon","coordinates":[[[-97.68297892266061,32.97996983473714],[-97.68565035785288,32.98013442980722],[-97.6860731872652,32.98016047581371],[-97.68616405649401,32.981196991211924],[-97.68616861927806,32.98127343681928],[-97.68459111790513,32.981243784498275],[-97.68457794811366,32.981741307961194],[-97.68610368133295,32.981769987479595],[-97.68604627336937,32.982039458208796],[-97.68586286923896,32.98256355581587],[-97.68282380291654,32.98251390924282],[-97.68297892266061,32.97996983473714]]]},"properties":{"prop_id":44179,"state_cd":"S90","ite_code":210,"ite_name":"Single-Family Detached","ite_unit":"DU","units":2,"daily_trips":18.9,"am_peak_trips":1.4,"pm_peak_trips":1.9,"imprv_val":187090.0,"acres":1.0,"city":"Springtown","city_code":"CSP","fill_color":[34,139,34,180]}},{"type":"Feature","geometry":{"type":"Polygon","coordinates":[[[-97.67617797593854,32.961591362742205],[-97.67637533496394,32.96168220494421],[-97.67661843125991,32.96178728222885],[-97.67683275068295,32.96187391963164],[-97.6770521890857,32.96195701563685],[-97.67726273289712,32.962031580792264],[-97.67740877922262,32.9620804155699],[-97.67739036200769,32.96333852066205],[-97.67596021222988,32.96334891105696],[-97.67595881542039,32.962751735565796],[-97.67560475945918,32.96274157949925],[-97.67562461433413,32.962172848282535],[-97.67607675436923,32.96218581903843],[-97.67609257784851,32.96173248284816],[-97.67617797593854,32.961591362742205]]]},"properties":{"prop_id":2988,"state_cd":"SF-OVR","ite_code":210,"ite_name":"Single-Family Detached","ite_unit":"DU","units":5,"daily_trips":47.2,"am_peak_trips":3.5,"pm_peak_trips":4.7,"imprv_val":5284180.0,"acres":5.83,"city":"Springtown","city_code":"CSP","fill_color":[34,139,34,180]}},{"type":"Feature","geometry":{"type":"Polygon","coordinates":[[[-97.65851671551113,32.966072511035314],[-97.65892628410256,32.96607715803888],[-97.65892077718111,32.966439465074615],[-97.65850951862454,32.966435618295485],[-97.65851671551113,32.966072511035314]]]},"properties":{"prop_id":122952,"state_cd":"S60","ite_code":210,"ite_name":"Single-Family Detached","ite_unit":"DU","units":1,"daily_trips":9.4,"am_peak_trips":0.7,"pm_peak_trips":0.9,"imprv_val":158150.0,"acres":0.191,"city":"Springtown","city_code":"CSP","fill_color":[34,139,34,180]}},{"type":"Feature","geometry":{"type":"Polygon","coordinates":[[[-97.66627734590024,32.957718138616116],[-97.66655919872574,32.95729374478116],[-97.66687876957975,32.957469328999096],[-97.66658411752287,32.95788190067977],[-97.66627734590024,32.957718138616116]]]},"properties":{"prop_id":26216,"state_cd":"S50","ite_code":210,"ite_name":"Single-Family Detached","ite_unit":"DU","units":1,"daily_trips":9.4,"am_peak_trips":0.7,"pm_peak_trips":0.9,"imprv_val":168460.0,"acres":0.461,"city":"Springtown","city_code":"CSP","fill_color":[34,139,34,180]}},{"type":"Feature","geometry":{"type":"Polygon","coordinates":[[[-97.68747497237335,32.969587378206235],[-97.68747881725307,32.96933484787682],[-97.6876907083963,32.969339913116386],[-97.68768265683138,32.969868799366196],[-97.68747070922626,32.96986741769821],[-97.68747497237335,32.969587378206235]]]},"properties":{"prop_id":84194,"state_cd":"S50","ite_code":210,"ite_name":"Single-Family Detached","ite_unit":"DU","units":1,"daily_trips":9.4,"am_peak_trips":0.7,"pm_peak_trips":0.9,"imprv_val":205990.0,"acres":0.29,"city":"Springtown","city_code":"CSP","fill_color":[34,139,34,180]}},{"type":"Feature","geometry":{"type":"Polygon","coordinates":[[[-97.67931533485307,32.97217686297751],[-97.67932146113804,32.97181137291276],[-97.67953306690599,32.97181851167189],[-97.67952690832942,32.97218400152831],[-97.67931533485307,32.97217686297751]]]},"properties":{"prop_id":70342,"state_cd":"S50","ite_code":210,"ite_name":"Single-Family Detached","ite_unit":"DU","units":1,"daily_trips":9.4,"am_peak_trips":0.7,"pm_peak_trips":0.9,"imprv_val":198330.0,"acres":0.198,"city":"Springtown","city_code":"CSP","fill_color":[34,139,34,180]}},{"type":"Feature","geometry":{"type":"Polygon","coordinates":[[[-97.66935313328567,32.960287961604045],[-97.66951869230267,32.960062078480696],[-97.6699813917483,32.96030336120193],[-97.66981330296528,32.96053055826582],[-97.66935313328567,32.960287961604045]]]},"properties":{"prop_id":111524,"state_cd":"S50","ite_code":0,"ite_name":"Vacant/Agricultural","ite_unit":"N/A","units":1.0,"daily_trips":0.0,"am_peak_trips":0.0,"pm_peak_trips":0.0,"imprv_val":0.0,"acres":0.3712,"city":"Springtown","city_code":"CSP","fill_color":[80,80,80,100]}},{"type":"Feature","geometry":{"type":"Polygon","coordinates":[[[-97.68956773684252,32.9697163813816],[-97.6898776651233,32.96971958955444],[-97.68986869754659,32.9699221364665],[-97.68956868854414,32.96992018589169],[-97.68956773684252,32.9697163813816]]]},"properties":{"prop_id":17224,"state_cd":"S50","ite_code":210,"ite_name":"Single-Family Detached","ite_unit":"DU","units":1,"daily_trips":9.4,"am_peak_trips":0.7,"pm_peak_trips":0.9,"imprv_val":127180.0,"acres":0.2,"city":"Springtown","city_code":"CSP","fill_color":[34,139,34,180]}},{"type":"Feature","geometry":{"type":"Polygon","coordinates":[[[-97.68101513281779,32.97312128756727],[-97.68097799002074,32.97295763595016],[-97.68123235358975,32.97296398953661],[-97.68146236557203,32.972969733563446],[-97.68149845064663,32.97313112352734],[-97.68148979332979,32.973130975586464],[-97.68101513281779,32.97312128756727]]]},"properties":{"prop_id":86213,"state_cd":"S50","ite_code":210,"ite_name":"Single-Family Detached","ite_unit":"DU","units":1,"daily_trips":9.4,"am_peak_trips":0.7,"pm_peak_trips":0.9,"imprv_val":218260.0,"acres":0.202,"city":"Springtown","city_code":"CSP","fill_color":[34,139,34,180]}},{"type":"Feature","geometry":{"type":"Polygon","coordinates":[[[-97.67352816663075,32.967278233551085],[-97.67438195963585,32.9672250163843],[-97.67438700498775,32.967503505898875],[-97.67353161979815,32.9675514215574],[-97.67352816663075,32.967278233551085]]]},"properties":{"prop_id":26363,"state_cd":"S65","ite_code":210,"ite_name":"Single-Family Detached","ite_unit":"DU","units":1,"daily_trips":9.4,"am_peak_trips":0.7,"pm_peak_trips":0.9,"imprv_val":209990.0,"acres":0.6043,"city":"Springtown","city_code":"CSP","fill_color":[34,139,34,180]}},{"type":"Feature","geometry":{"type":"Polygon","coordinates":[[[-97.68971988320202,32.97743191386298],[-97.68972395206053,32.978035122624775],[-97.68943871707545,32.978033435702905],[-97.68943862856243,32.97742878824695],[-97.68971988320202,32.97743191386298]]]},"properties":{"prop_id":83455,"state_cd":"S55","ite_code":210,"ite_name":"Single-Family Detached","ite_unit":"DU","units":1,"daily_trips":9.4,"am_peak_trips":0.7,"pm_peak_trips":0.9,"imprv_val":231950.0,"acres":0.52,"city":"Springtown","city_code":"CSP","fill_color":[34,139,34,180]}},{"type":"Feature","geometry":{"type":"Polygon","coordinates":[[[-97.67571090793945,32.96616379079735],[-97.67568315021944,32.96616210114777],[-97.67565545871801,32.966164445787534],[-97.67562205135394,32.966128849861086],[-97.67561269454693,32.966117036299394],[-97.67560576824037,32.96610408628464],[-97.67560146385343,32.966090352794815],[-97.67559989665142,32.96607620994769],[-97.67560165925511,32.96600845676904],[-97.67559871899849,32.96598735628665],[-97.67559188178078,32.96596690639212],[-97.67558131830805,32.96594761684269],[-97.67556729158596,32.96592996554026],[-97.6755336648017,32.965893475331136],[-97.67550907674642,32.96585895227078],[-97.67548447199715,32.9658263391576],[-97.67548063331297,32.96582142046411],[-97.67547778740526,32.96581604299791],[-97.67547600997726,32.965810348846354],[-97.6754753467121,32.965804487112585],[-97.67547581649069,32.965798613035275],[-97.67547740612652,32.96579287893544],[-97.6754800735419,32.96578743784457],[-97.67548374895476,32.96578243088728],[-97.67550662218041,32.965757766735685],[-97.67551315731554,32.9657449328308],[-97.67551316717834,32.96574490764504],[-97.67551714337263,32.96573137954026],[-97.67551715459061,32.96573132370134],[-97.67551847651417,32.96571745879022],[-97.67551848050421,32.96571737494704],[-97.67623531370624,32.965934475088225],[-97.67623531603469,32.96593456979511],[-97.6762562056486,32.966746596263924],[-97.676201668219,32.966746950004485],[-97.67581885558262,32.96674943119774],[-97.6758137891125,32.96638146355991],[-97.67582876443886,32.96636168911095],[-97.67583949716614,32.96634004327484],[-97.67584567000718,32.966317167856424],[-97.67584710123194,32.96629373802219],[-97.67584374800204,32.9662704487951],[-97.67583570876168,32.96624798801546],[-97.67582322230122,32.966227021905574],[-97.67580665836444,32.96620816975701],[-97.67578650601496,32.966191989424146],[-97.67576336202828,32.96617896011347],[-97.67573791177927,32.96616946692619],[-97.67571090793945,32.96616379079735]]]},"properties":{"prop_id":89607,"state_cd":"S85","ite_code":210,"ite_name":"Single-Family Detached","ite_unit":"DU","units":2,"daily_trips":18.9,"am_peak_trips":1.4,"pm_peak_trips":1.9,"imprv_val":233940.0,"acres":1.23,"city":"Springtown","city_code":"CSP","fill_color":[34,139,34,180]}},{"type":"Feature","geometry":{"type":"Polygon","coordinates":[[[-97.6743797456135,32.96695725477295],[-97.67437941559601,32.96692552462501],[-97.67479660666024,32.96692707487927],[-97.67479886154521,32.96705947842696],[-97.67438079141684,32.96705794039707],[-97.6743797456135,32.96695725477295]]]},"properties":{"prop_id":89567,"state_cd":"S50","ite_code":210,"ite_name":"Single-Family Detached","ite_unit":"DU","units":1,"daily_trips":9.4,"am_peak_trips":0.7,"pm_peak_trips":0.9,"imprv_val":172500.0,"acres":0.146,"city":"Springtown","city_code":"CSP","fill_color":[34,139,34,180]}},{"type":"Feature","geometry":{"type":"Polygon","coordinates":[[[-97.66672712173818,32.9579582559585],[-97.66658411752287,32.95788190067977],[-97.66687876957975,32.957469328999096],[-97.66719603806278,32.95764360558344],[-97.66689390666944,32.95804727657875],[-97.66672712173818,32.9579582559585]]]},"properties":{"prop_id":26215,"state_cd":"S50","ite_code":210,"ite_name":"Single-Family Detached","ite_unit":"DU","units":1,"daily_trips":9.4,"am_peak_trips":0.7,"pm_peak_trips":0.9,"imprv_val":217100.0,"acres":0.4576,"city":"Springtown","city_code":"CSP","fill_color":[34,139,34,180]}},{"type":"Feature","geometry":{"type":"Polygon","coordinates":[[[-97.669183341356,32.95673194436915],[-97.66930815549364,32.956557754763935],[-97.66943224409737,32.95662182243919],[-97.66943019884539,32.95686614573617],[-97.669183341356,32.95673194436915]]]},"properties":{"prop_id":35911,"state_cd":"SF-OVR","ite_code":210,"ite_name":"Single-Family Detached","ite_unit":"DU","units":1,"daily_trips":9.4,"am_peak_trips":0.7,"pm_peak_trips":0.9,"imprv_val":93730.0,"acres":0.113,"city":"Springtown","city_code":"CSP","fill_color":[34,139,34,180]}},{"type":"Feature","geometry":{"type":"Polygon","coordinates":[[[-97.66531029966997,32.95627746893257],[-97.66600239576167,32.956287600631896],[-97.66593580986373,32.95637500628599],[-97.66589712510786,32.95648395570738],[-97.66589654310351,32.95650418246367],[-97.66530646308328,32.9565047664082],[-97.66531029966997,32.95627746893257]]]},"properties":{"prop_id":26280,"state_cd":"S50","ite_code":0,"ite_name":"Vacant/Agricultural","ite_unit":"N/A","units":1.0,"daily_trips":0.0,"am_peak_trips":0.0,"pm_peak_trips":0.0,"imprv_val":0.0,"acres":0.3576,"city":"Springtown","city_code":"CSP","fill_color":[80,80,80,100]}},{"type":"Feature","geometry":{"type":"Polygon","coordinates":[[[-97.67225368880374,32.96672569285401],[-97.67284581765573,32.96669420890734],[-97.67284744350472,32.96681598936329],[-97.67285158954604,32.96712277856171],[-97.67225719416754,32.96717267987575],[-97.67225468796829,32.96685468645641],[-97.67225368880374,32.96672569285401]]]},"properties":{"prop_id":116263,"state_cd":"S45","ite_code":210,"ite_name":"Single-Family Detached","ite_unit":"DU","units":1,"daily_trips":9.4,"am_peak_trips":0.7,"pm_peak_trips":0.9,"imprv_val":77550.0,"acres":0.6657,"city":"Springtown","city_code":"CSP","fill_color":[34,139,34,180]}},{"type":"Feature","geometry":{"type":"Polygon","coordinates":[[[-97.67214527913717,32.968786071995545],[-97.67238462959372,32.96876682148622],[-97.67237822356866,32.96937280258689],[-97.67237821807416,32.96937327600777],[-97.67235078534858,32.969373685422745],[-97.6721581624295,32.969376558036046],[-97.67195881238979,32.969379530848606],[-97.67176392639882,32.96938243561286],[-97.67175465161299,32.96938257417864],[-97.6717548679443,32.96936665121548],[-97.67176161988156,32.96885900185724],[-97.67176215566711,32.96881876063578],[-97.671960308704,32.968801335683374],[-97.67214527913717,32.968786071995545]]]},"properties":{"prop_id":41158,"state_cd":"S90","ite_code":210,"ite_name":"Single-Family Detached","ite_unit":"DU","units":1,"daily_trips":9.4,"am_peak_trips":0.7,"pm_peak_trips":0.9,"imprv_val":127720.0,"acres":0.96,"city":"Springtown","city_code":"CSP","fill_color":[34,139,34,180]}},{"type":"Feature","geometry":{"type":"Polygon","coordinates":[[[-97.68394642758095,32.97173264005299],[-97.68355626103019,32.97179022089897],[-97.68354499498543,32.971735008764696],[-97.68351182334135,32.97157244806472],[-97.68390062120136,32.971516077663736],[-97.68394642758095,32.97173264005299]]]},"properties":{"prop_id":70704,"state_cd":"S50","ite_code":210,"ite_name":"Single-Family Detached","ite_unit":"DU","units":1,"daily_trips":9.4,"am_peak_trips":0.7,"pm_peak_trips":0.9,"imprv_val":173860.0,"acres":0.216,"city":"Springtown","city_code":"CSP","fill_color":[34,139,34,180]}},{"type":"Feature","geometry":{"type":"Polygon","coordinates":[[[-97.67762516254705,32.959344882039645],[-97.67759631861225,32.9593145518055],[-97.67757295779785,32.95928103282907],[-97.6775555667339,32.95924502633721],[-97.67754450857608,32.959207282341765],[-97.67754001455782,32.95916858785974],[-97.67754217663739,32.9591297524354],[-97.67755095093408,32.959091583813525],[-97.67756616658757,32.959054855532145],[-97.67765512847971,32.958884689410105],[-97.6780291039608,32.959022506262166],[-97.67820818041761,32.959088475349745],[-97.67818455794354,32.959139391678505],[-97.67817163884447,32.95915068659721],[-97.67802633770167,32.95927836986572],[-97.67778415897195,32.9594910934063],[-97.67762516254705,32.959344882039645]]]},"properties":{"prop_id":1906,"state_cd":"S48","ite_code":210,"ite_name":"Single-Family Detached","ite_unit":"DU","units":1,"daily_trips":9.4,"am_peak_trips":0.7,"pm_peak_trips":0.9,"imprv_val":246020.0,"acres":0.5826,"city":"Springtown","city_code":"CSP","fill_color":[34,139,34,180]}},{"type":"Feature","geometry":{"type":"Polygon","coordinates":[[[-97.6702074925931,32.97017000482423],[-97.67020595117431,32.96985121434306],[-97.6704210514491,32.969854555520804],[-97.67042031100716,32.970175239063394],[-97.6702074925931,32.97017000482423]]]},"properties":{"prop_id":109469,"state_cd":"S50","ite_code":210,"ite_name":"Single-Family Detached","ite_unit":"DU","units":1,"daily_trips":9.4,"am_peak_trips":0.7,"pm_peak_trips":0.9,"imprv_val":241370.0,"acres":0.173,"city":"Springtown","city_code":"CSP","fill_color":[34,139,34,180]}},{"type":"Feature","geometry":{"type":"Polygon","coordinates":[[[-97.68394997163671,32.969136268091425],[-97.6835481812779,32.96921074234331],[-97.68350921760069,32.96902796444755],[-97.68391501907834,32.968967190028536],[-97.68394997163671,32.969136268091425]]]},"properties":{"prop_id":20865,"state_cd":"S50","ite_code":210,"ite_name":"Single-Family Detached","ite_unit":"DU","units":1,"daily_trips":9.4,"am_peak_trips":0.7,"pm_peak_trips":0.9,"imprv_val":77700.0,"acres":0.1884,"city":"Springtown","city_code":"CSP","fill_color":[34,139,34,180]}},{"type":"Feature","geometry":{"type":"Polygon","coordinates":[[[-97.67168472023945,32.97018746758301],[-97.67168809708708,32.97050436103459],[-97.67147752365146,32.970501052149494],[-97.67147369503353,32.97018415568365],[-97.67168472023945,32.97018746758301]]]},"properties":{"prop_id":109496,"state_cd":"S50","ite_code":210,"ite_name":"Single-Family Detached","ite_unit":"DU","units":1,"daily_trips":9.4,"am_peak_trips":0.7,"pm_peak_trips":0.9,"imprv_val":246620.0,"acres":0.173,"city":"Springtown","city_code":"CSP","fill_color":[34,139,34,180]}},{"type":"Feature","geometry":{"type":"Polygon","coordinates":[[[-97.64938229216476,32.96805834861645],[-97.64976711029597,32.96812262519135],[-97.64973559052467,32.968259243187305],[-97.64967838696174,32.96829135106623],[-97.64934139989722,32.968235183472444],[-97.64938229216476,32.96805834861645]]]},"properties":{"prop_id":127315,"state_cd":"S60","ite_code":0,"ite_name":"Vacant/Agricultural","ite_unit":"N/A","units":1.0,"daily_trips":0.0,"am_peak_trips":0.0,"pm_peak_trips":0.0,"imprv_val":0.0,"acres":0.177,"city":"Springtown","city_code":"CSP","fill_color":[80,80,80,100]}},{"type":"Feature","geometry":{"type":"Polygon","coordinates":[[[-97.67162438738053,32.96744544057112],[-97.67216119041886,32.96741033288692],[-97.672163951321,32.96776375973194],[-97.67163735582909,32.967802042073245],[-97.67162438738053,32.96744544057112]]]},"properties":{"prop_id":26395,"state_cd":"S50","ite_code":210,"ite_name":"Single-Family Detached","ite_unit":"DU","units":1,"daily_trips":9.4,"am_peak_trips":0.7,"pm_peak_trips":0.9,"imprv_val":211630.0,"acres":0.4842,"city":"Springtown","city_code":"CSP","fill_color":[34,139,34,180]}},{"type":"Feature","geometry":{"type":"Polygon","coordinates":[[[-97.68290703542534,32.95929135488528],[-97.68292360594182,32.95909501379316],[-97.68361130148706,32.95909926413511],[-97.68359864062043,32.95929753467362],[-97.68290703542534,32.95929135488528]]]},"properties":{"prop_id":46119,"state_cd":"S60","ite_code":210,"ite_name":"Single-Family Detached","ite_unit":"DU","units":1,"daily_trips":9.4,"am_peak_trips":0.7,"pm_peak_trips":0.9,"imprv_val":157090.0,"acres":0.352,"city":"Springtown","city_code":"CSP","fill_color":[34,139,34,180]}},{"type":"Feature","geometry":{"type":"Polygon","coordinates":[[[-97.65987240766934,32.97108420363801],[-97.65988638926882,32.97067277656331],[-97.66001822756138,32.970675333596546],[-97.66003349867809,32.9706750171745],[-97.6600486698519,32.97067350696357],[-97.66021219706333,32.97109026246176],[-97.65987240766934,32.97108420363801]]]},"properties":{"prop_id":122983,"state_cd":"S60","ite_code":210,"ite_name":"Single-Family Detached","ite_unit":"DU","units":1,"daily_trips":9.4,"am_peak_trips":0.7,"pm_peak_trips":0.9,"imprv_val":146960.0,"acres":0.266,"city":"Springtown","city_code":"CSP","fill_color":[34,139,34,180]}},{"type":"Feature","geometry":{"type":"Polygon","coordinates":[[[-97.68739124631415,32.9703991903714],[-97.6873907393812,32.970254838663834],[-97.68771853915116,32.97025411232438],[-97.68790196650146,32.97025791218537],[-97.68789654956677,32.97065970368461],[-97.68739214993907,32.9706564212618],[-97.68739124631415,32.9703991903714]]]},"properties":{"prop_id":17195,"state_cd":"S55","ite_code":210,"ite_name":"Single-Family Detached","ite_unit":"DU","units":1,"daily_trips":9.4,"am_peak_trips":0.7,"pm_peak_trips":0.9,"imprv_val":223510.0,"acres":0.5242,"city":"Springtown","city_code":"CSP","fill_color":[34,139,34,180]}},{"type":"Feature","geometry":{"type":"Polygon","coordinates":[[[-97.67851320608767,32.957632953391716],[-97.67874726123266,32.95742712885642],[-97.67918374725062,32.957802930013905],[-97.67896206708664,32.95802439517297],[-97.67851320608767,32.957632953391716]]]},"properties":{"prop_id":1900,"state_cd":"S45","ite_code":210,"ite_name":"Single-Family Detached","ite_unit":"DU","units":1,"daily_trips":9.4,"am_peak_trips":0.7,"pm_peak_trips":0.9,"imprv_val":261210.0,"acres":0.4662,"city":"Springtown","city_code":"CSP","fill_color":[34,139,34,180]}},{"type":"Feature","geometry":{"type":"Polygon","coordinates":[[[-97.68731249086485,32.97121095455182],[-97.68731771851357,32.97077960372623],[-97.6877083663063,32.9707959240308],[-97.6877085370869,32.97085906443134],[-97.6877096628138,32.9712138297282],[-97.68731249086485,32.97121095455182]]]},"properties":{"prop_id":38112,"state_cd":"S60","ite_code":210,"ite_name":"Single-Family Detached","ite_unit":"DU","units":1,"daily_trips":9.4,"am_peak_trips":0.7,"pm_peak_trips":0.9,"imprv_val":231080.0,"acres":0.44,"city":"Springtown","city_code":"CSP","fill_color":[34,139,34,180]}},{"type":"Feature","geometry":{"type":"Polygon","coordinates":[[[-97.68420372446352,32.97228481679198],[-97.68448077868402,32.97224829355571],[-97.68451081289935,32.97238034463002],[-97.68451912742471,32.972379021049825],[-97.68454319059983,32.97252269901696],[-97.68453571584584,32.972523682695595],[-97.68453672286545,32.972529115549676],[-97.68425843286809,32.972565203362095],[-97.68420372446352,32.97228481679198]]]},"properties":{"prop_id":26913,"state_cd":"S50","ite_code":210,"ite_name":"Single-Family Detached","ite_unit":"DU","units":1,"daily_trips":9.4,"am_peak_trips":0.7,"pm_peak_trips":0.9,"imprv_val":159320.0,"acres":0.209,"city":"Springtown","city_code":"CSP","fill_color":[34,139,34,180]}},{"type":"Feature","geometry":{"type":"Polygon","coordinates":[[[-97.68366359251398,32.96975212129407],[-97.68406487071817,32.969692150929134],[-97.68407832151685,32.969757227944314],[-97.6840864587599,32.96979659978677],[-97.68409500775454,32.969837961941394],[-97.6841161113903,32.96994007009563],[-97.68372090011248,32.97001747472458],[-97.68369480501035,32.96989853194824],[-97.68366359251398,32.96975212129407]]]},"properties":{"prop_id":20868,"state_cd":"S50","ite_code":210,"ite_name":"Single-Family Detached","ite_unit":"DU","units":1,"daily_trips":9.4,"am_peak_trips":0.7,"pm_peak_trips":0.9,"imprv_val":56940.0,"acres":0.2715,"city":"Springtown","city_code":"CSP","fill_color":[34,139,34,180]}},{"type":"Feature","geometry":{"type":"Polygon","coordinates":[[[-97.68328892780559,32.97227054753182],[-97.68330985557,32.972266636391645],[-97.68367059513919,32.97221681763426],[-97.68373487359389,32.972525232644706],[-97.68335168684594,32.972587541745874],[-97.68328892780559,32.97227054753182]]]},"properties":{"prop_id":29497,"state_cd":"S50","ite_code":210,"ite_name":"Single-Family Detached","ite_unit":"DU","units":1,"daily_trips":9.4,"am_peak_trips":0.7,"pm_peak_trips":0.9,"imprv_val":217060.0,"acres":0.3162,"city":"Springtown","city_code":"CSP","fill_color":[34,139,34,180]}},{"type":"Feature","geometry":{"type":"Polygon","coordinates":[[[-97.69400717341561,32.97446518780311],[-97.69428062238728,32.97407181379021],[-97.69446269196409,32.97407357057324],[-97.69445872333517,32.974265660854556],[-97.6944547377181,32.97445855815112],[-97.69445060790449,32.97465848330682],[-97.6943696303811,32.9746395401877],[-97.69429078346798,32.97461502941654],[-97.6942146059761,32.97458511680873],[-97.69414161709597,32.97455000773398],[-97.69407231539266,32.97450993989537],[-97.69400717341561,32.97446518780311]]]},"properties":{"prop_id":117477,"state_cd":"S55","ite_code":210,"ite_name":"Single-Family Detached","ite_unit":"DU","units":1,"daily_trips":9.4,"am_peak_trips":0.7,"pm_peak_trips":0.9,"imprv_val":350040.0,"acres":0.451,"city":"Springtown","city_code":"CSP","fill_color":[34,139,34,180]}},{"type":"Feature","geometry":{"type":"Polygon","coordinates":[[[-97.65846632701616,32.968614538273606],[-97.65888768619509,32.968616949955994],[-97.65888491280612,32.96879945331108],[-97.65846275776478,32.968794575171856],[-97.65846632701616,32.968614538273606]]]},"properties":{"prop_id":122966,"state_cd":"S60","ite_code":0,"ite_name":"Vacant/Agricultural","ite_unit":"N/A","units":1.0,"daily_trips":0.0,"am_peak_trips":0.0,"pm_peak_trips":0.0,"imprv_val":0.0,"acres":0.197,"city":"Springtown","city_code":"CSP","fill_color":[80,80,80,100]}},{"type":"Feature","geometry":{"type":"Polygon","coordinates":[[[-97.68305772979473,32.96926883420592],[-97.68304680514336,32.96919732740083],[-97.68304120213085,32.96919862536906],[-97.68303529677308,32.96919999350082],[-97.68301066851896,32.96908221090215],[-97.68301368143622,32.969081722927385],[-97.68340488346429,32.969018378051636],[-97.68344828346316,32.96921625270467],[-97.68305772979473,32.96926883420592]]]},"properties":{"prop_id":45,"state_cd":"S50","ite_code":210,"ite_name":"Single-Family Detached","ite_unit":"DU","units":1,"daily_trips":9.4,"am_peak_trips":0.7,"pm_peak_trips":0.9,"imprv_val":168670.0,"acres":0.22,"city":"Springtown","city_code":"CSP","fill_color":[34,139,34,180]}},{"type":"Feature","geometry":{"type":"Polygon","coordinates":[[[-97.69124552924649,32.97329392635107],[-97.69125305942912,32.97296157090712],[-97.69131419769542,32.973017080667276],[-97.6915404020657,32.97322607185767],[-97.69180912948377,32.97347434938548],[-97.69166542112677,32.97360963035917],[-97.69124552924649,32.97329392635107]]]},"properties":{"prop_id":117441,"state_cd":"S55","ite_code":210,"ite_name":"Single-Family Detached","ite_unit":"DU","units":1,"daily_trips":9.4,"am_peak_trips":0.7,"pm_peak_trips":0.9,"imprv_val":297370.0,"acres":0.371,"city":"Springtown","city_code":"CSP","fill_color":[34,139,34,180]}},{"type":"Feature","geometry":{"type":"Polygon","coordinates":[[[-97.69443422623188,32.975559115703824],[-97.69443755542622,32.975366760697376],[-97.69487816566645,32.975369756582516],[-97.6948747217998,32.97556353212405],[-97.69443422623188,32.975559115703824]]]},"properties":{"prop_id":117423,"state_cd":"S55","ite_code":210,"ite_name":"Single-Family Detached","ite_unit":"DU","units":1,"daily_trips":9.4,"am_peak_trips":0.7,"pm_peak_trips":0.9,"imprv_val":277420.0,"acres":0.217,"city":"Springtown","city_code":"CSP","fill_color":[34,139,34,180]}},{"type":"Feature","geometry":{"type":"Polygon","coordinates":[[[-97.68093991980611,32.96247710663436],[-97.68049326019785,32.962386924018155],[-97.68049918079672,32.9619515037708],[-97.68083547250873,32.96203026799499],[-97.6810293583339,32.96207530247151],[-97.68103974766807,32.9624996427843],[-97.68093991980611,32.96247710663436]]]},"properties":{"prop_id":46171,"state_cd":"SF-OVR","ite_code":210,"ite_name":"Single-Family Detached","ite_unit":"DU","units":1,"daily_trips":9.4,"am_peak_trips":0.7,"pm_peak_trips":0.9,"imprv_val":360230.0,"acres":0.52,"city":"Springtown","city_code":"CSP","fill_color":[34,139,34,180]}},{"type":"Feature","geometry":{"type":"Polygon","coordinates":[[[-97.68294894940466,32.961170131684625],[-97.68301085983337,32.9611621821996],[-97.68359660551096,32.96108696992252],[-97.68359713774429,32.961086908478165],[-97.68359526581082,32.96116940046519],[-97.68361009238227,32.96146440930271],[-97.68300376237694,32.961470941781556],[-97.68294894940466,32.961170131684625]]]},"properties":{"prop_id":102208,"state_cd":"S60","ite_code":0,"ite_name":"Vacant/Agricultural","ite_unit":"N/A","units":1.0,"daily_trips":0.0,"am_peak_trips":0.0,"pm_peak_trips":0.0,"imprv_val":0.0,"acres":0.468,"city":"Springtown","city_code":"CSP","fill_color":[80,80,80,100]}},{"type":"Feature","geometry":{"type":"Polygon","coordinates":[[[-97.69445872333517,32.974265660854556],[-97.6948978675889,32.974270312894895],[-97.6948943707708,32.974463920384764],[-97.6944547377181,32.97445855815112],[-97.69445872333517,32.974265660854556]]]},"properties":{"prop_id":117452,"state_cd":"S55","ite_code":210,"ite_name":"Single-Family Detached","ite_unit":"DU","units":1,"daily_trips":9.4,"am_peak_trips":0.7,"pm_peak_trips":0.9,"imprv_val":218110.0,"acres":0.217,"city":"Springtown","city_code":"CSP","fill_color":[34,139,34,180]}},{"type":"Feature","geometry":{"type":"Polygon","coordinates":[[[-97.67264586479686,32.9616674773015],[-97.67284783225165,32.961380802391055],[-97.67333313778812,32.961741142547545],[-97.67309836322724,32.96200047004766],[-97.67264586479686,32.9616674773015]]]},"properties":{"prop_id":26346,"state_cd":"S50","ite_code":210,"ite_name":"Single-Family Detached","ite_unit":"DU","units":1,"daily_trips":9.4,"am_peak_trips":0.7,"pm_peak_trips":0.9,"imprv_val":172620.0,"acres":0.5218,"city":"Springtown","city_code":"CSP","fill_color":[34,139,34,180]}},{"type":"Feature","geometry":{"type":"Polygon","coordinates":[[[-97.66999465631889,32.9701666783613],[-97.66999799133025,32.97048738994218],[-97.66978017224197,32.97048402993284],[-97.66970157937384,32.970412878229816],[-97.66970256526805,32.970162824441196],[-97.66999465631889,32.9701666783613]]]},"properties":{"prop_id":109504,"state_cd":"S50","ite_code":210,"ite_name":"Single-Family Detached","ite_unit":"DU","units":1,"daily_trips":9.4,"am_peak_trips":0.7,"pm_peak_trips":0.9,"imprv_val":259920.0,"acres":0.233,"city":"Springtown","city_code":"CSP","fill_color":[34,139,34,180]}},{"type":"Feature","geometry":{"type":"Polygon","coordinates":[[[-97.67934119923262,32.965473324660195],[-97.67934252849552,32.96456277745191],[-97.6803396744997,32.96453687710945],[-97.68034264625592,32.96472656187913],[-97.68080997629794,32.96483942008656],[-97.68092483892107,32.96473514511817],[-97.68096938915406,32.96469192493904],[-97.68096764173477,32.96488086261716],[-97.6806641491173,32.964907043269285],[-97.68032680186766,32.96481436291635],[-97.68023464065888,32.964849179422735],[-97.68001963693888,32.964930400796376],[-97.67995739804445,32.965130624450396],[-97.67981672468086,32.96539511887865],[-97.6797180556144,32.96543830438368],[-97.67967918175913,32.965455318418606],[-97.6794081721773,32.96546975617349],[-97.67934119923262,32.965473324660195]]]},"properties":{"prop_id":83531,"state_cd":"SF-OVR","ite_code":0,"ite_name":"Vacant/Agricultural","ite_unit":"N/A","units":1.0,"daily_trips":0.0,"am_peak_trips":0.0,"pm_peak_trips":0.0,"imprv_val":0.0,"acres":1.85,"city":"Springtown","city_code":"CSP","fill_color":[80,80,80,100]}},{"type":"Feature","geometry":{"type":"Polygon","coordinates":[[[-97.67553415802651,32.9681162537703],[-97.6755379432421,32.968414197997525],[-97.67542355475808,32.96842281113929],[-97.67542061612845,32.96811636921422],[-97.67553415802651,32.9681162537703]]]},"properties":{"prop_id":89529,"state_cd":"S25","ite_code":210,"ite_name":"Single-Family Detached","ite_unit":"DU","units":1,"daily_trips":9.4,"am_peak_trips":0.7,"pm_peak_trips":0.9,"imprv_val":211820.0,"acres":0.087,"city":"Springtown","city_code":"CSP","fill_color":[34,139,34,180]}},{"type":"Feature","geometry":{"type":"Polygon","coordinates":[[[-97.66978142747053,32.96688103125194],[-97.6703253079207,32.96685221024363],[-97.67032899126308,32.96701299210463],[-97.67033651124922,32.96734149186233],[-97.66977091854221,32.967382894832646],[-97.66978142747053,32.96688103125194]]]},"properties":{"prop_id":26422,"state_cd":"S65","ite_code":210,"ite_name":"Single-Family Detached","ite_unit":"DU","units":1,"daily_trips":9.4,"am_peak_trips":0.7,"pm_peak_trips":0.9,"imprv_val":223690.0,"acres":0.7042,"city":"Springtown","city_code":"CSP","fill_color":[34,139,34,180]}},{"type":"Feature","geometry":{"type":"Polygon","coordinates":[[[-97.69190839679317,32.972705191676646],[-97.69189042022077,32.972645077811435],[-97.69187747298866,32.97258405234684],[-97.69186962084811,32.972522412410214],[-97.6918669006152,32.97246046035164],[-97.69186972416053,32.972331377448654],[-97.69213001605831,32.9723355945931],[-97.69213949252108,32.97233589500381],[-97.6921331450462,32.972707032905134],[-97.69190839679317,32.972705191676646]]]},"properties":{"prop_id":117466,"state_cd":"S55","ite_code":210,"ite_name":"Single-Family Detached","ite_unit":"DU","units":1,"daily_trips":9.4,"am_peak_trips":0.7,"pm_peak_trips":0.9,"imprv_val":330190.0,"acres":0.249,"city":"Springtown","city_code":"CSP","fill_color":[34,139,34,180]}},{"type":"Feature","geometry":{"type":"Polygon","coordinates":[[[-97.65404547427762,32.964673964661884],[-97.65406595100052,32.96369383926615],[-97.65431072006075,32.963697552242955],[-97.65428660467477,32.96488041306297],[-97.65404547427762,32.964673964661884]]]},"properties":{"prop_id":123505,"state_cd":"S90","ite_code":210,"ite_name":"Single-Family Detached","ite_unit":"DU","units":1,"daily_trips":9.4,"am_peak_trips":0.7,"pm_peak_trips":0.9,"imprv_val":246690.0,"acres":0.682,"city":"Springtown","city_code":"CSP","fill_color":[34,139,34,180]}},{"type":"Feature","geometry":{"type":"Polygon","coordinates":[[[-97.66689390666944,32.95804727657875],[-97.66719603806278,32.95764360558344],[-97.66750289640876,32.95781217629283],[-97.66719659245945,32.958208838200036],[-97.66689390666944,32.95804727657875]]]},"properties":{"prop_id":26214,"state_cd":"S50","ite_code":210,"ite_name":"Single-Family Detached","ite_unit":"DU","units":1,"daily_trips":9.4,"am_peak_trips":0.7,"pm_peak_trips":0.9,"imprv_val":231600.0,"acres":0.4411,"city":"Springtown","city_code":"CSP","fill_color":[34,139,34,180]}},{"type":"Feature","geometry":{"type":"Polygon","coordinates":[[[-97.68420370508812,32.96205814004895],[-97.68506461829595,32.962098442803025],[-97.68474561090187,32.96251938991034],[-97.68463497923713,32.96265165620326],[-97.68422307350245,32.96263586051033],[-97.68420370508812,32.96205814004895]]]},"properties":{"prop_id":114087,"state_cd":"SF-OVR","ite_code":0,"ite_name":"Vacant/Agricultural","ite_unit":"N/A","units":1.0,"daily_trips":0.0,"am_peak_trips":0.0,"pm_peak_trips":0.0,"imprv_val":0.0,"acres":0.93,"city":"Springtown","city_code":"CSP","fill_color":[80,80,80,100]}},{"type":"Feature","geometry":{"type":"Polygon","coordinates":[[[-97.67025457472067,32.96091645718196],[-97.67049697279653,32.96075108911402],[-97.67054688422017,32.96071703837839],[-97.67076334316602,32.96056936588954],[-97.67102971245077,32.960387641189556],[-97.6710318006692,32.960060666055796],[-97.67102908586939,32.95973104997695],[-97.67139237030928,32.95993071510102],[-97.67127662855845,32.96008038241212],[-97.67154975946703,32.96023049641688],[-97.67182289024029,32.9603806089111],[-97.671820744094,32.96064991556192],[-97.67170524681008,32.960682606504406],[-97.67164130281185,32.960709917972935],[-97.67158262784632,32.960741972863694],[-97.67151935537643,32.96078588591501],[-97.67133515536119,32.96097393338416],[-97.67121759416409,32.961230302338684],[-97.67025457472067,32.96091645718196]]]},"properties":{"prop_id":26175,"state_cd":"S30","ite_code":0,"ite_name":"Vacant/Agricultural","ite_unit":"N/A","units":1.0,"daily_trips":0.0,"am_peak_trips":0.0,"pm_peak_trips":0.0,"imprv_val":0.0,"acres":2.4817,"city":"Springtown","city_code":"CSP","fill_color":[80,80,80,100]}},{"type":"Feature","geometry":{"type":"Polygon","coordinates":[[[-97.67139572825434,32.962529073552545],[-97.67154565066478,32.962302829521946],[-97.67191541689353,32.962542752925856],[-97.67176129334366,32.96276152039884],[-97.67139572825434,32.962529073552545]]]},"properties":{"prop_id":26314,"state_cd":"S50","ite_code":210,"ite_name":"Single-Family Detached","ite_unit":"DU","units":1,"daily_trips":9.4,"am_peak_trips":0.7,"pm_peak_trips":0.9,"imprv_val":189910.0,"acres":0.3015,"city":"Springtown","city_code":"CSP","fill_color":[34,139,34,180]}},{"type":"Feature","geometry":{"type":"Polygon","coordinates":[[[-97.67397541198103,32.962889161926604],[-97.67399044466917,32.96287744045923],[-97.67413406533989,32.96276545781563],[-97.67415869624448,32.96274625257116],[-97.67452145535786,32.96307688311981],[-97.67433816992583,32.96321979299543],[-97.67397541198103,32.962889161926604]]]},"properties":{"prop_id":86709,"state_cd":"S40","ite_code":210,"ite_name":"Single-Family Detached","ite_unit":"DU","units":1,"daily_trips":9.4,"am_peak_trips":0.7,"pm_peak_trips":0.9,"imprv_val":353980.0,"acres":0.31,"city":"Springtown","city_code":"CSP","fill_color":[34,139,34,180]}},{"type":"Feature","geometry":{"type":"Polygon","coordinates":[[[-97.67126457270413,32.97058248137077],[-97.67147719323245,32.97058484919257],[-97.67147541403958,32.97089598268315],[-97.67126393462546,32.970892667420536],[-97.67126457270413,32.97058248137077]]]},"properties":{"prop_id":109436,"state_cd":"S50","ite_code":210,"ite_name":"Single-Family Detached","ite_unit":"DU","units":1,"daily_trips":9.4,"am_peak_trips":0.7,"pm_peak_trips":0.9,"imprv_val":252230.0,"acres":0.174,"city":"Springtown","city_code":"CSP","fill_color":[34,139,34,180]}},{"type":"Feature","geometry":{"type":"Polygon","coordinates":[[[-97.67438361936156,32.95899294461373],[-97.67435988929758,32.95898655036618],[-97.67433526495381,32.95898336789893],[-97.67431035320611,32.95898347518252],[-97.67428576915749,32.95898687088165],[-97.67426211800489,32.958993468824445],[-97.67423998532001,32.959003107858045],[-97.6742199156647,32.95901555080481],[-97.67420240506148,32.95903048892152],[-97.67407395821044,32.959210608590716],[-97.67364230094054,32.9589792171948],[-97.67372879026121,32.95883707425653],[-97.67388261959361,32.9587356333682],[-97.67438361936156,32.95899294461373]]]},"properties":{"prop_id":35543,"state_cd":"SF-OVR","ite_code":210,"ite_name":"Single-Family Detached","ite_unit":"DU","units":1,"daily_trips":9.4,"am_peak_trips":0.7,"pm_peak_trips":0.9,"imprv_val":42360.0,"acres":0.418,"city":"Springtown","city_code":"CSP","fill_color":[34,139,34,180]}},{"type":"Feature","geometry":{"type":"Polygon","coordinates":[[[-97.66725730840602,32.96120239142075],[-97.66742811051833,32.96096881564977],[-97.66795211164263,32.96126165071151],[-97.66785489320331,32.96150654950124],[-97.66715828479592,32.96150470311931],[-97.66703649581304,32.961504379688535],[-97.66719266507874,32.96129079908756],[-97.66725730840602,32.96120239142075]]]},"properties":{"prop_id":88748,"state_cd":"S70","ite_code":210,"ite_name":"Single-Family Detached","ite_unit":"DU","units":1,"daily_trips":9.4,"am_peak_trips":0.7,"pm_peak_trips":0.9,"imprv_val":253740.0,"acres":0.777,"city":"Springtown","city_code":"CSP","fill_color":[34,139,34,180]}},{"type":"Feature","geometry":{"type":"Polygon","coordinates":[[[-97.67443998186064,32.967478266708255],[-97.67479310713051,32.967476316415734],[-97.67479366073361,32.967568910311144],[-97.67478229952172,32.96758287376851],[-97.67477311377006,32.96759793201501],[-97.67476624801039,32.96761384431955],[-97.67446181447511,32.967614996132006],[-97.67444073169338,32.96759934690854],[-97.67443998186064,32.967478266708255]]]},"properties":{"prop_id":89563,"state_cd":"S50","ite_code":210,"ite_name":"Single-Family Detached","ite_unit":"DU","units":1,"daily_trips":9.4,"am_peak_trips":0.7,"pm_peak_trips":0.9,"imprv_val":237460.0,"acres":0.124,"city":"Springtown","city_code":"CSP","fill_color":[34,139,34,180]}},{"type":"Feature","geometry":{"type":"Polygon","coordinates":[[[-97.67792980312802,32.98511282392241],[-97.6779320185538,32.985051352362944],[-97.67793212680134,32.98504833738671],[-97.67793691691462,32.98491539633972],[-97.67799326111502,32.982563326267],[-97.67799368734075,32.98254254209165],[-97.6788129977398,32.98253191636207],[-97.68137562808157,32.982498647413514],[-97.68124075951395,32.98391886498489],[-97.68007715235257,32.983892690053956],[-97.67912954610243,32.98425058053264],[-97.67911466472228,32.9851242742117],[-97.67792980312802,32.98511282392241]]]},"properties":{"prop_id":44174,"state_cd":"8","ite_code":0,"ite_name":"Vacant/Agricultural","ite_unit":"N/A","units":1.0,"daily_trips":0.0,"am_peak_trips":0.0,"pm_peak_trips":0.0,"imprv_val":0.0,"acres":22.15,"city":"Springtown","city_code":"CSP","fill_color":[80,80,80,100]}},{"type":"Feature","geometry":{"type":"Polygon","coordinates":[[[-97.6705575159637,32.96883027609473],[-97.67018376685385,32.968858157841616],[-97.67017864885428,32.968486758142085],[-97.6703624035167,32.96847253331865],[-97.67055601205578,32.96845754954162],[-97.6705575159637,32.96883027609473]]]},"properties":{"prop_id":26410,"state_cd":"S50","ite_code":210,"ite_name":"Single-Family Detached","ite_unit":"DU","units":1,"daily_trips":9.4,"am_peak_trips":0.7,"pm_peak_trips":0.9,"imprv_val":189790.0,"acres":0.3581,"city":"Springtown","city_code":"CSP","fill_color":[34,139,34,180]}},{"type":"Feature","geometry":{"type":"Polygon","coordinates":[[[-97.68033914265257,32.95984184593494],[-97.68034342091143,32.9593761233675],[-97.68034729341636,32.95936097384368],[-97.6803581311594,32.95934845927204],[-97.68037406244969,32.9593407389324],[-97.68039234500692,32.95933914481675],[-97.68066890198159,32.95936407998248],[-97.68065982708403,32.959872762772235],[-97.68033914265257,32.95984184593494]]]},"properties":{"prop_id":1950,"state_cd":"S48","ite_code":210,"ite_name":"Single-Family Detached","ite_unit":"DU","units":1,"daily_trips":9.4,"am_peak_trips":0.7,"pm_peak_trips":0.9,"imprv_val":351780.0,"acres":0.4194,"city":"Springtown","city_code":"CSP","fill_color":[34,139,34,180]}},{"type":"Feature","geometry":{"type":"Polygon","coordinates":[[[-97.6848082497013,32.97313106633779],[-97.68508919623038,32.97309096351502],[-97.6851765360585,32.97356337696058],[-97.68486249335318,32.9736091091403],[-97.6848375464247,32.973612362077056],[-97.68483752899287,32.973612279897225],[-97.68481502668432,32.97350641751128],[-97.6847795215238,32.973343422597154],[-97.68473552626197,32.973141446777284],[-97.68480614244187,32.9731313672904],[-97.6848082497013,32.97313106633779]]]},"properties":{"prop_id":26922,"state_cd":"S65","ite_code":210,"ite_name":"Single-Family Detached","ite_unit":"DU","units":1,"daily_trips":9.4,"am_peak_trips":0.7,"pm_peak_trips":0.9,"imprv_val":168930.0,"acres":0.4303,"city":"Springtown","city_code":"CSP","fill_color":[34,139,34,180]}},{"type":"Feature","geometry":{"type":"Polygon","coordinates":[[[-97.6532510816422,32.96427019350826],[-97.65302319212205,32.964267623972326],[-97.65272360212214,32.964264244595405],[-97.65273754944465,32.963713168001135],[-97.6533882186224,32.96427174029451],[-97.6532510816422,32.96427019350826]]]},"properties":{"prop_id":123476,"state_cd":"S60","ite_code":0,"ite_name":"Vacant/Agricultural","ite_unit":"N/A","units":1.0,"daily_trips":0.0,"am_peak_trips":0.0,"pm_peak_trips":0.0,"imprv_val":0.0,"acres":0.475,"city":"Springtown","city_code":"CSP","fill_color":[80,80,80,100]}},{"type":"Feature","geometry":{"type":"Polygon","coordinates":[[[-97.68249643218954,32.97297919556278],[-97.68288342080406,32.972929254543565],[-97.68292662195698,32.9731418033199],[-97.68252984423088,32.97318881517999],[-97.68249653839437,32.97297986000074],[-97.68249643218954,32.97297919556278]]]},"properties":{"prop_id":29534,"state_cd":"S50","ite_code":210,"ite_name":"Single-Family Detached","ite_unit":"DU","units":1,"daily_trips":9.4,"am_peak_trips":0.7,"pm_peak_trips":0.9,"imprv_val":171720.0,"acres":0.22,"city":"Springtown","city_code":"CSP","fill_color":[34,139,34,180]}},{"type":"Feature","geometry":{"type":"Polygon","coordinates":[[[-97.68606429989947,32.967187609529454],[-97.68648795993923,32.96713329045096],[-97.68649099538933,32.967361388480825],[-97.68610459536215,32.96741093047453],[-97.68607133307985,32.967226586256984],[-97.68606429989947,32.967187609529454]]]},"properties":{"prop_id":93858,"state_cd":"S50","ite_code":210,"ite_name":"Single-Family Detached","ite_unit":"DU","units":1,"daily_trips":9.4,"am_peak_trips":0.7,"pm_peak_trips":0.9,"imprv_val":245010.0,"acres":0.236,"city":"Springtown","city_code":"CSP","fill_color":[34,139,34,180]}},{"type":"Feature","geometry":{"type":"Polygon","coordinates":[[[-97.67983814874589,32.97265127790789],[-97.68035134275166,32.97266493395429],[-97.68034378735817,32.972748364179004],[-97.68032018581515,32.97276162266493],[-97.68030543065638,32.97277378589867],[-97.68029304091296,32.972787695285916],[-97.68028324642775,32.972803024075624],[-97.68027634364881,32.97281941619471],[-97.6802724728665,32.97283604830052],[-97.67983797632458,32.97293753240805],[-97.67983814874589,32.97265127790789]]]},"properties":{"prop_id":70320,"state_cd":"S50","ite_code":210,"ite_name":"Single-Family Detached","ite_unit":"DU","units":1,"daily_trips":9.4,"am_peak_trips":0.7,"pm_peak_trips":0.9,"imprv_val":178220.0,"acres":0.197,"city":"Springtown","city_code":"CSP","fill_color":[34,139,34,180]}},{"type":"Feature","geometry":{"type":"Polygon","coordinates":[[[-97.6908161111884,32.964210896842204],[-97.69030123336944,32.964144194027504],[-97.69030913279626,32.96359402509735],[-97.69030977803793,32.96355059839362],[-97.69095900175408,32.96356054518486],[-97.69095836401193,32.96360189774565],[-97.69094856765452,32.9642280573059],[-97.6908161111884,32.964210896842204]]]},"properties":{"prop_id":34076,"state_cd":"SF-OVR","ite_code":210,"ite_name":"Single-Family Detached","ite_unit":"DU","units":2,"daily_trips":18.9,"am_peak_trips":1.4,"pm_peak_trips":1.9,"imprv_val":89870.0,"acres":1.0,"city":"Springtown","city_code":"CSP","fill_color":[34,139,34,180]}},{"type":"Feature","geometry":{"type":"Polygon","coordinates":[[[-97.68483752899287,32.973612279897225],[-97.68486249335318,32.9736091091403],[-97.68492022888618,32.97394056459495],[-97.68455376171649,32.97396534470111],[-97.68449331070454,32.9736559993121],[-97.68483752899287,32.973612279897225]]]},"properties":{"prop_id":26923,"state_cd":"S55","ite_code":210,"ite_name":"Single-Family Detached","ite_unit":"DU","units":1,"daily_trips":9.4,"am_peak_trips":0.7,"pm_peak_trips":0.9,"imprv_val":121300.0,"acres":0.322,"city":"Springtown","city_code":"CSP","fill_color":[34,139,34,180]}},{"type":"Feature","geometry":{"type":"Polygon","coordinates":[[[-97.67190799981248,32.971626317186505],[-97.67190671236253,32.97130991474238],[-97.67212135479512,32.9713142040478],[-97.67212097760944,32.97162701608999],[-97.67190799981248,32.971626317186505]]]},"properties":{"prop_id":109401,"state_cd":"S50","ite_code":210,"ite_name":"Single-Family Detached","ite_unit":"DU","units":1,"daily_trips":9.4,"am_peak_trips":0.7,"pm_peak_trips":0.9,"imprv_val":250080.0,"acres":0.174,"city":"Springtown","city_code":"CSP","fill_color":[34,139,34,180]}},{"type":"Feature","geometry":{"type":"Polygon","coordinates":[[[-97.67028946327002,32.972967695687856],[-97.67029598753034,32.9724068275887],[-97.67061029710496,32.972414430714636],[-97.6705992297518,32.97297383107639],[-97.67028946327002,32.972967695687856]]]},"properties":{"prop_id":37896,"state_cd":"S60","ite_code":0,"ite_name":"Vacant/Agricultural","ite_unit":"N/A","units":1.0,"daily_trips":0.0,"am_peak_trips":0.0,"pm_peak_trips":0.0,"imprv_val":0.0,"acres":0.459,"city":"Springtown","city_code":"CSP","fill_color":[80,80,80,100]}},{"type":"Feature","geometry":{"type":"Polygon","coordinates":[[[-97.67953220167765,32.95865049855776],[-97.67952171441564,32.958251528233326],[-97.6797772285068,32.95821409555488],[-97.68000729702764,32.95845983730409],[-97.67996206141645,32.958700634242135],[-97.67966078270108,32.958761102541715],[-97.67965920983646,32.95873989300245],[-97.6796525216834,32.95871936222876],[-97.67964098344866,32.95870032811687],[-97.6796250555838,32.95868354852371],[-97.67960537584283,32.958669694996445],[-97.67958272643985,32.958659318287076],[-97.67955801172016,32.95865283377664],[-97.67953220167765,32.95865049855776]]]},"properties":{"prop_id":1938,"state_cd":"S48","ite_code":0,"ite_name":"Vacant/Agricultural","ite_unit":"N/A","units":1.0,"daily_trips":0.0,"am_peak_trips":0.0,"pm_peak_trips":0.0,"imprv_val":0.0,"acres":0.5145,"city":"Springtown","city_code":"CSP","fill_color":[80,80,80,100]}},{"type":"Feature","geometry":{"type":"Polygon","coordinates":[[[-97.67415621488941,32.97427978256726],[-97.67415622187005,32.974279034100576],[-97.67422473419171,32.974280244692146],[-97.67422574081618,32.97428026218364],[-97.67454397453542,32.974285882000046],[-97.67487425566291,32.974291714233914],[-97.6751930136389,32.974297341274344],[-97.6752015052078,32.97429749126041],[-97.67552026321698,32.97430311836563],[-97.67552450793214,32.9743031933405],[-97.67584326598238,32.97430881961964],[-97.67615777828703,32.9743143701233],[-97.67616202407312,32.97431444508354],[-97.67647653642612,32.97431999388106],[-97.67648078221274,32.97432006883044],[-97.67679954038447,32.974325692663854],[-97.67695272677327,32.9743283952918],[-97.67741650719428,32.97433657499747],[-97.6774154858424,32.97444651846633],[-97.67415519647083,32.974388977543526],[-97.67415621488941,32.97427978256726]]]},"properties":{"prop_id":117275,"state_cd":"S90","ite_code":0,"ite_name":"Vacant/Agricultural","ite_unit":"N/A","units":1.0,"daily_trips":0.0,"am_peak_trips":0.0,"pm_peak_trips":0.0,"imprv_val":0.0,"acres":0.92,"city":"Springtown","city_code":"CSP","fill_color":[80,80,80,100]}},{"type":"Feature","geometry":{"type":"Polygon","coordinates":[[[-97.64937075351307,32.966486796752676],[-97.64950997855343,32.96617804929853],[-97.64954790239518,32.96619020048294],[-97.64961472555945,32.966214012868484],[-97.64967911038312,32.966242197764984],[-97.64974065416246,32.96627458017991],[-97.64951909220285,32.96654777607173],[-97.64948552763529,32.96653062244543],[-97.64946787770592,32.966521602772765],[-97.6494669983532,32.9665211530731],[-97.64941161270282,32.9664997643251],[-97.64937075351307,32.966486796752676]]]},"properties":{"prop_id":127303,"state_cd":"S60","ite_code":0,"ite_name":"Vacant/Agricultural","ite_unit":"N/A","units":1.0,"daily_trips":0.0,"am_peak_trips":0.0,"pm_peak_trips":0.0,"imprv_val":0.0,"acres":0.178,"city":"Springtown","city_code":"CSP","fill_color":[80,80,80,100]}},{"type":"Feature","geometry":{"type":"Polygon","coordinates":[[[-97.67105115436873,32.97193300621421],[-97.6708356409392,32.97193085742399],[-97.67083725413376,32.97161347142717],[-97.67104953915391,32.97161559964823],[-97.67105115436873,32.97193300621421]]]},"properties":{"prop_id":109423,"state_cd":"S50","ite_code":210,"ite_name":"Single-Family Detached","ite_unit":"DU","units":1,"daily_trips":9.4,"am_peak_trips":0.7,"pm_peak_trips":0.9,"imprv_val":242400.0,"acres":0.174,"city":"Springtown","city_code":"CSP","fill_color":[34,139,34,180]}},{"type":"Feature","geometry":{"type":"Polygon","coordinates":[[[-97.68858688099044,32.958511250047586],[-97.68897843835377,32.958509617360825],[-97.68897877974452,32.958637160906356],[-97.68897881064402,32.958648505148126],[-97.68858733006529,32.95864869542196],[-97.68858688099044,32.958511250047586]]]},"properties":{"prop_id":121583,"state_cd":"S50","ite_code":210,"ite_name":"Single-Family Detached","ite_unit":"DU","units":1,"daily_trips":9.4,"am_peak_trips":0.7,"pm_peak_trips":0.9,"imprv_val":253710.0,"acres":0.138,"city":"Springtown","city_code":"CSP","fill_color":[34,139,34,180]}},{"type":"Feature","geometry":{"type":"Polygon","coordinates":[[[-97.659663319761,32.96887161900028],[-97.6592538906946,32.96905734879528],[-97.65915101457455,32.968897959767084],[-97.65959494664958,32.968725541245476],[-97.65962722657457,32.96879921433026],[-97.659663319761,32.96887161900028]]]},"properties":{"prop_id":122995,"state_cd":"S60","ite_code":0,"ite_name":"Vacant/Agricultural","ite_unit":"N/A","units":1.0,"daily_trips":0.0,"am_peak_trips":0.0,"pm_peak_trips":0.0,"imprv_val":0.0,"acres":0.204,"city":"Springtown","city_code":"CSP","fill_color":[80,80,80,100]}},{"type":"Feature","geometry":{"type":"Polygon","coordinates":[[[-97.67160418103661,32.966890028953074],[-97.67215683858484,32.96685378939373],[-97.67215934365716,32.96717186577774],[-97.67161588077009,32.9672114924052],[-97.67160418103661,32.966890028953074]]]},"properties":{"prop_id":26397,"state_cd":"S50","ite_code":0,"ite_name":"Vacant/Agricultural","ite_unit":"N/A","units":1.0,"daily_trips":0.0,"am_peak_trips":0.0,"pm_peak_trips":0.0,"imprv_val":0.0,"acres":0.4496,"city":"Springtown","city_code":"CSP","fill_color":[80,80,80,100]}},{"type":"Feature","geometry":{"type":"Polygon","coordinates":[[[-97.69504101963587,32.97540697243489],[-97.69504444728594,32.97521423387678],[-97.69548430237091,32.97522065598028],[-97.69548083085542,32.975411262355564],[-97.69504101963587,32.97540697243489]]]},"properties":{"prop_id":117509,"state_cd":"S55","ite_code":210,"ite_name":"Single-Family Detached","ite_unit":"DU","units":1,"daily_trips":9.4,"am_peak_trips":0.7,"pm_peak_trips":0.9,"imprv_val":292380.0,"acres":0.217,"city":"Springtown","city_code":"CSP","fill_color":[34,139,34,180]}},{"type":"Feature","geometry":{"type":"Polygon","coordinates":[[[-97.65843399061919,32.970245759191414],[-97.65886289402614,32.97024824800156],[-97.65886086899503,32.97038146625623],[-97.65883532993422,32.97040694898176],[-97.6588153782083,32.97043575746631],[-97.65880160933831,32.97046703268631],[-97.65879443449184,32.97049983861987],[-97.65879406839784,32.9705331955326],[-97.65880052266095,32.970566107888786],[-97.65842480556054,32.97070913388373],[-97.65843399061919,32.970245759191414]]]},"properties":{"prop_id":122976,"state_cd":"S60","ite_code":0,"ite_name":"Vacant/Agricultural","ite_unit":"N/A","units":1.0,"daily_trips":0.0,"am_peak_trips":0.0,"pm_peak_trips":0.0,"imprv_val":0.0,"acres":0.2,"city":"Springtown","city_code":"CSP","fill_color":[80,80,80,100]}},{"type":"Feature","geometry":{"type":"Polygon","coordinates":[[[-97.66883260374382,32.96099814891734],[-97.66900610621627,32.96076143082846],[-97.66946683726624,32.96099885511198],[-97.66929248000285,32.96123452111294],[-97.66883260374382,32.96099814891734]]]},"properties":{"prop_id":111521,"state_cd":"S50","ite_code":0,"ite_name":"Vacant/Agricultural","ite_unit":"N/A","units":1.0,"daily_trips":0.0,"am_peak_trips":0.0,"pm_peak_trips":0.0,"imprv_val":0.0,"acres":0.384,"city":"Springtown","city_code":"CSP","fill_color":[80,80,80,100]}},{"type":"Feature","geometry":{"type":"Polygon","coordinates":[[[-97.65854551432524,32.964619621962825],[-97.65894839121415,32.964622335333985],[-97.65894560899959,32.9648054564774],[-97.65854190842961,32.964801522782864],[-97.65854551432524,32.964619621962825]]]},"properties":{"prop_id":122944,"state_cd":"S60","ite_code":210,"ite_name":"Single-Family Detached","ite_unit":"DU","units":1,"daily_trips":9.4,"am_peak_trips":0.7,"pm_peak_trips":0.9,"imprv_val":133140.0,"acres":0.188,"city":"Springtown","city_code":"CSP","fill_color":[34,139,34,180]}},{"type":"Feature","geometry":{"type":"Polygon","coordinates":[[[-97.69408741052492,32.97334478217647],[-97.6943817681582,32.97306767609099],[-97.69445666694108,32.97312405061403],[-97.69455299785778,32.97319655560442],[-97.69426556215384,32.973466655496004],[-97.69420300391494,32.9734290391788],[-97.69414409388018,32.97338744864368],[-97.69408741052492,32.97334478217647]]]},"properties":{"prop_id":117480,"state_cd":"S55","ite_code":210,"ite_name":"Single-Family Detached","ite_unit":"DU","units":1,"daily_trips":9.4,"am_peak_trips":0.7,"pm_peak_trips":0.9,"imprv_val":198790.0,"acres":0.216,"city":"Springtown","city_code":"CSP","fill_color":[34,139,34,180]}},{"type":"Feature","geometry":{"type":"Polygon","coordinates":[[[-97.68382686499689,32.96576173122055],[-97.6842497305341,32.96569726545453],[-97.68428365766222,32.96586551973851],[-97.68386052677943,32.965930368963996],[-97.68382686499689,32.96576173122055]]]},"properties":{"prop_id":26689,"state_cd":"S60","ite_code":210,"ite_name":"Single-Family Detached","ite_unit":"DU","units":1,"daily_trips":9.4,"am_peak_trips":0.7,"pm_peak_trips":0.9,"imprv_val":180550.0,"acres":0.1881,"city":"Springtown","city_code":"CSP","fill_color":[34,139,34,180]}},{"type":"Feature","geometry":{"type":"Polygon","coordinates":[[[-97.68453672286545,32.972529115549676],[-97.68453571584584,32.972523682695595],[-97.68454319059983,32.97252269901696],[-97.68451912742471,32.972379021049825],[-97.68492550180063,32.97231896757701],[-97.68498852911435,32.97264499984187],[-97.68472011720871,32.97268632252836],[-97.68457015819364,32.97270940929661],[-97.68453672286545,32.972529115549676]]]},"properties":{"prop_id":26915,"state_cd":"S60","ite_code":210,"ite_name":"Single-Family Detached","ite_unit":"DU","units":1,"daily_trips":9.4,"am_peak_trips":0.7,"pm_peak_trips":0.9,"imprv_val":357190.0,"acres":0.357,"city":"Springtown","city_code":"CSP","fill_color":[34,139,34,180]}},{"type":"Feature","geometry":{"type":"Polygon","coordinates":[[[-97.67319238959915,32.97164128733376],[-97.67319533027543,32.97132634417781],[-97.67340743120504,32.97132989835915],[-97.67340366857697,32.9716419727747],[-97.67319238959915,32.97164128733376]]]},"properties":{"prop_id":109407,"state_cd":"S50","ite_code":210,"ite_name":"Single-Family Detached","ite_unit":"DU","units":1,"daily_trips":9.4,"am_peak_trips":0.7,"pm_peak_trips":0.9,"imprv_val":248930.0,"acres":0.174,"city":"Springtown","city_code":"CSP","fill_color":[34,139,34,180]}},{"type":"Feature","geometry":{"type":"Polygon","coordinates":[[[-97.65911761034981,32.96426364007419],[-97.65911870515382,32.964194984304264],[-97.65913686117368,32.96418500817724],[-97.65915328758511,32.96417309047151],[-97.65916769460316,32.96415944296509],[-97.6591798274873,32.964144304727036],[-97.65952221268161,32.96401167702642],[-97.65951956578456,32.96426723549335],[-97.65911761034981,32.96426364007419]]]},"properties":{"prop_id":122936,"state_cd":"S60","ite_code":0,"ite_name":"Vacant/Agricultural","ite_unit":"N/A","units":1.0,"daily_trips":0.0,"am_peak_trips":0.0,"pm_peak_trips":0.0,"imprv_val":0.0,"acres":0.177,"city":"Springtown","city_code":"CSP","fill_color":[80,80,80,100]}},{"type":"Feature","geometry":{"type":"Polygon","coordinates":[[[-97.68039100124142,32.97258347431016],[-97.68038615123493,32.97241334874813],[-97.68040723996448,32.972213707566475],[-97.68043591154068,32.97194163134185],[-97.68025728187882,32.971803265853794],[-97.68026177034575,32.97178358513931],[-97.68026273780742,32.97176356021653],[-97.68026016304168,32.97174363464265],[-97.68025410084216,32.97172424616195],[-97.68042135210358,32.97166841859127],[-97.68041894184283,32.97145674855238],[-97.68025879639657,32.97117114315578],[-97.68004717454845,32.97116590294781],[-97.68006137147826,32.97077020254405],[-97.68006535762365,32.97065675961326],[-97.68015642851022,32.97067866160658],[-97.68029707165663,32.970717685141366],[-97.68042144665962,32.97074906139328],[-97.68054794039571,32.97077381493731],[-97.68061954488547,32.97116562722613],[-97.68067479437035,32.9714642854679],[-97.68073004421954,32.971762944574834],[-97.68078541962855,32.97206218073265],[-97.6805919693412,32.97206299850974],[-97.68066727317563,32.97259084339187],[-97.68039100124142,32.97258347431016]]]},"properties":{"prop_id":70369,"state_cd":"S50","ite_code":0,"ite_name":"Vacant/Agricultural","ite_unit":"N/A","units":1.0,"daily_trips":0.0,"am_peak_trips":0.0,"pm_peak_trips":0.0,"imprv_val":0.0,"acres":1.689,"city":"Springtown","city_code":"CSP","fill_color":[80,80,80,100]}},{"type":"Feature","geometry":{"type":"Polygon","coordinates":[[[-97.68761482932831,32.97740860821115],[-97.6876080323904,32.97781508159645],[-97.68721658666679,32.97784909566792],[-97.68722222723889,32.9772410251675],[-97.68725860637134,32.97727566057838],[-97.68728218307959,32.977295548879276],[-97.6873072864141,32.97731406012835],[-97.68733380478986,32.97733111153147],[-97.68736161909115,32.97734662475444],[-97.68739060262155,32.977360531333694],[-97.68742062648683,32.97737276910425],[-97.6874515563849,32.97738328217874],[-97.68748325044169,32.97739202363866],[-97.68751556885638,32.977398953793845],[-97.68761482932831,32.97740860821115]]]},"properties":{"prop_id":19173,"state_cd":"S55","ite_code":210,"ite_name":"Single-Family Detached","ite_unit":"DU","units":1,"daily_trips":9.4,"am_peak_trips":0.7,"pm_peak_trips":0.9,"imprv_val":268910.0,"acres":0.48,"city":"Springtown","city_code":"CSP","fill_color":[34,139,34,180]}},{"type":"Feature","geometry":{"type":"Polygon","coordinates":[[[-97.69446269196409,32.97407357057324],[-97.69451697223018,32.973709011944386],[-97.69458200968194,32.97372158340369],[-97.6946477982389,32.97373097715438],[-97.69471411884722,32.973737162019724],[-97.69490724232409,32.97375135535698],[-97.6949013458464,32.97407780369848],[-97.69446269196409,32.97407357057324]]]},"properties":{"prop_id":117454,"state_cd":"S55","ite_code":210,"ite_name":"Single-Family Detached","ite_unit":"DU","units":1,"daily_trips":9.4,"am_peak_trips":0.7,"pm_peak_trips":0.9,"imprv_val":314860.0,"acres":0.364,"city":"Springtown","city_code":"CSP","fill_color":[34,139,34,180]}},{"type":"Feature","geometry":{"type":"Polygon","coordinates":[[[-97.69005460376597,32.95850603133994],[-97.69005411927834,32.95835454706348],[-97.69018386946463,32.958362767275325],[-97.69031391545239,32.95836636562404],[-97.6904440262251,32.958365335197],[-97.69083517974,32.958353498038605],[-97.69083581968803,32.95854805891799],[-97.69083627129072,32.95868549255363],[-97.69083672122544,32.95882217225141],[-97.69083717592285,32.95896043828529],[-97.6908376278016,32.95909784215505],[-97.69083807979572,32.95923535063458],[-97.69083852959595,32.95937204565249],[-97.69083897939616,32.959508857905014],[-97.69083943423387,32.95964699226098],[-97.69083988592192,32.9597844177607],[-97.69084033826086,32.959921889255114],[-97.69084078779615,32.960058614019005],[-97.69084133613985,32.96022515190054],[-97.6904502823449,32.96023664437847],[-97.69041379007778,32.960237716746185],[-97.69023685702581,32.960237710623105],[-97.69006012492595,32.96023058656045],[-97.69005964332266,32.960079954560634],[-97.69005958565151,32.96006181400643],[-97.690059182197,32.959936207211555],[-97.69005914063067,32.95992308991857],[-97.69005872516698,32.959793415819256],[-97.69005870555382,32.95978737257238],[-97.6900582694729,32.959650946383924],[-97.69005826353703,32.95964913909095],[-97.69005782501698,32.95951216096817],[-97.6900578092045,32.95950733971666],[-97.69005738574937,32.95937479685747],[-97.69005735267373,32.95936449421],[-97.69005694359154,32.959236813172716],[-97.69005689167928,32.95922073332074],[-97.6900565062039,32.95910017954636],[-97.69005643413371,32.95907776515408],[-97.6900560631481,32.958961592530734],[-97.69005597960246,32.958935520266834],[-97.69005561769544,32.95882279988112],[-97.69005552337866,32.958793226667424],[-97.69005518030846,32.95868593267493],[-97.69005506467053,32.95864980126053],[-97.69005474767106,32.958551002614335],[-97.69005460376597,32.95850603133994]]]},"properties":{"prop_id":121617,"state_cd":"S50","ite_code":210,"ite_name":"Single-Family Detached","ite_unit":"DU","units":1,"daily_trips":9.4,"am_peak_trips":0.7,"pm_peak_trips":0.9,"imprv_val":55830.0,"acres":0.138,"city":"Springtown","city_code":"CSP","fill_color":[34,139,34,180]}},{"type":"Feature","geometry":{"type":"Polygon","coordinates":[[[-97.68774378527725,32.968614390198084],[-97.68802909533125,32.96861624942697],[-97.68803143414075,32.96891691066594],[-97.68774443743845,32.968913608361625],[-97.68774378527725,32.968614390198084]]]},"properties":{"prop_id":17241,"state_cd":"S50","ite_code":210,"ite_name":"Single-Family Detached","ite_unit":"DU","units":1,"daily_trips":9.4,"am_peak_trips":0.7,"pm_peak_trips":0.9,"imprv_val":153840.0,"acres":0.211,"city":"Springtown","city_code":"CSP","fill_color":[34,139,34,180]}},{"type":"Feature","geometry":{"type":"Polygon","coordinates":[[[-97.67434198097769,32.96260334385228],[-97.67442130773112,32.96254149204102],[-97.6745252640496,32.96246043485398],[-97.67488802336084,32.96279106434818],[-97.67470473912026,32.96293397386658],[-97.67434198097769,32.96260334385228]]]},"properties":{"prop_id":86707,"state_cd":"S40","ite_code":210,"ite_name":"Single-Family Detached","ite_unit":"DU","units":1,"daily_trips":9.4,"am_peak_trips":0.7,"pm_peak_trips":0.9,"imprv_val":359330.0,"acres":0.31,"city":"Springtown","city_code":"CSP","fill_color":[34,139,34,180]}},{"type":"Feature","geometry":{"type":"Polygon","coordinates":[[[-97.69028886913605,32.96647845866247],[-97.69031356453158,32.96499216535923],[-97.6909515310682,32.965152417030936],[-97.69095084703382,32.96698574600082],[-97.69028051220714,32.9669813923496],[-97.69028886913605,32.96647845866247]]]},"properties":{"prop_id":36574,"state_cd":"S150","ite_code":210,"ite_name":"Single-Family Detached","ite_unit":"DU","units":2,"daily_trips":18.9,"am_peak_trips":1.4,"pm_peak_trips":1.9,"imprv_val":276640.0,"acres":2.88,"city":"Springtown","city_code":"CSP","fill_color":[34,139,34,180]}},{"type":"Feature","geometry":{"type":"Polygon","coordinates":[[[-97.68321167271488,32.96225677772851],[-97.68315961800397,32.961940136290735],[-97.68382818084108,32.961949221707734],[-97.68383030154214,32.96226908088386],[-97.68321167271488,32.96225677772851]]]},"properties":{"prop_id":46188,"state_cd":"SF-OVR","ite_code":210,"ite_name":"Single-Family Detached","ite_unit":"DU","units":1,"daily_trips":9.4,"am_peak_trips":0.7,"pm_peak_trips":0.9,"imprv_val":109970.0,"acres":0.54,"city":"Springtown","city_code":"CSP","fill_color":[34,139,34,180]}},{"type":"Feature","geometry":{"type":"Polygon","coordinates":[[[-97.679328146258,32.97167406210932],[-97.67934703904936,32.971148595155725],[-97.67955869290061,32.97115383766562],[-97.67953975170673,32.9716811999555],[-97.679328146258,32.97167406210932]]]},"properties":{"prop_id":70351,"state_cd":"S50","ite_code":210,"ite_name":"Single-Family Detached","ite_unit":"DU","units":1,"daily_trips":9.4,"am_peak_trips":0.7,"pm_peak_trips":0.9,"imprv_val":224360.0,"acres":0.286,"city":"Springtown","city_code":"CSP","fill_color":[34,139,34,180]}},{"type":"Feature","geometry":{"type":"Polygon","coordinates":[[[-97.68200881018947,32.97293515704887],[-97.68234040695461,32.97287910502763],[-97.6823404559166,32.97287936417189],[-97.68237502889306,32.97306135239927],[-97.68204270523294,32.97311761167315],[-97.68204269913048,32.97311757736386],[-97.68200881018947,32.97293515704887]]]},"properties":{"prop_id":74316,"state_cd":"S50","ite_code":210,"ite_name":"Single-Family Detached","ite_unit":"DU","units":1,"daily_trips":9.4,"am_peak_trips":0.7,"pm_peak_trips":0.9,"imprv_val":219150.0,"acres":0.174,"city":"Springtown","city_code":"CSP","fill_color":[34,139,34,180]}},{"type":"Feature","geometry":{"type":"Polygon","coordinates":[[[-97.67867110637982,32.96977827828372],[-97.67903606032802,32.969767565918694],[-97.6790478464806,32.96999114596832],[-97.67904625983262,32.9699911508475],[-97.67892425812003,32.96999151858736],[-97.67876590358121,32.97040441917151],[-97.67867923508318,32.970289047768695],[-97.67863513304916,32.97024349912835],[-97.67865458528222,32.969991934834546],[-97.67867110637982,32.96977827828372]]]},"properties":{"prop_id":94738,"state_cd":"S50","ite_code":210,"ite_name":"Single-Family Detached","ite_unit":"DU","units":1,"daily_trips":9.4,"am_peak_trips":0.7,"pm_peak_trips":0.9,"imprv_val":238910.0,"acres":0.337,"city":"Springtown","city_code":"CSP","fill_color":[34,139,34,180]}},{"type":"Feature","geometry":{"type":"Polygon","coordinates":[[[-97.68518566670132,32.96755818233476],[-97.68553168123132,32.96750102939429],[-97.68558667748042,32.96776200209215],[-97.68524056536229,32.9678122132211],[-97.68518566670132,32.96755818233476]]]},"properties":{"prop_id":27660,"state_cd":"S50","ite_code":210,"ite_name":"Single-Family Detached","ite_unit":"DU","units":1,"daily_trips":9.4,"am_peak_trips":0.7,"pm_peak_trips":0.9,"imprv_val":171290.0,"acres":0.2358,"city":"Springtown","city_code":"CSP","fill_color":[34,139,34,180]}},{"type":"Feature","geometry":{"type":"Polygon","coordinates":[[[-97.65907489021932,32.966940431672334],[-97.6590777846502,32.966759104164765],[-97.65949370489965,32.96676351077193],[-97.65949183163751,32.966944305879416],[-97.65907489021932,32.966940431672334]]]},"properties":{"prop_id":123009,"state_cd":"S60","ite_code":0,"ite_name":"Vacant/Agricultural","ite_unit":"N/A","units":1.0,"daily_trips":0.0,"am_peak_trips":0.0,"pm_peak_trips":0.0,"imprv_val":0.0,"acres":0.192,"city":"Springtown","city_code":"CSP","fill_color":[80,80,80,100]}},{"type":"Feature","geometry":{"type":"Polygon","coordinates":[[[-97.6522520154077,32.964848871589176],[-97.65226474001501,32.96425765010503],[-97.65252700341017,32.96426163258006],[-97.65251402477392,32.96481228553678],[-97.65246320444341,32.96485202605621],[-97.6522520154077,32.964848871589176]]]},"properties":{"prop_id":123474,"state_cd":"S60","ite_code":0,"ite_name":"Vacant/Agricultural","ite_unit":"N/A","units":1.0,"daily_trips":0.0,"am_peak_trips":0.0,"pm_peak_trips":0.0,"imprv_val":0.0,"acres":0.392,"city":"Springtown","city_code":"CSP","fill_color":[80,80,80,100]}},{"type":"Feature","geometry":{"type":"Polygon","coordinates":[[[-97.67767038243734,32.95959105837173],[-97.67731623357933,32.95990213450668],[-97.6772007523948,32.960002966167735],[-97.67690476375184,32.960156647374134],[-97.67674792296418,32.95959271866247],[-97.67681599585859,32.95956874606575],[-97.6768859500194,32.959539287435135],[-97.67702126904284,32.959475420295014],[-97.67719370723268,32.95939604774923],[-97.6772322074605,32.95938170954004],[-97.67727297865288,32.959372905478325],[-97.67731490928568,32.95936987442145],[-97.6773568614823,32.959372698136995],[-97.67739769241393,32.95938130054194],[-97.67743629173721,32.959395447949895],[-97.67747160935373,32.95941475466522],[-97.6775027053995,32.959438713974386],[-97.6775289958224,32.959462600975],[-97.67767038243734,32.95959105837173]]]},"properties":{"prop_id":1890,"state_cd":"S85","ite_code":210,"ite_name":"Single-Family Detached","ite_unit":"DU","units":2,"daily_trips":18.9,"am_peak_trips":1.4,"pm_peak_trips":1.9,"imprv_val":218780.0,"acres":1.0332,"city":"Springtown","city_code":"CSP","fill_color":[34,139,34,180]}},{"type":"Feature","geometry":{"type":"Polygon","coordinates":[[[-97.69296844138694,32.97318638439829],[-97.69313862366442,32.97331447720266],[-97.69284529060101,32.97359122447636],[-97.69267440722143,32.97346268484278],[-97.69296844138694,32.97318638439829]]]},"properties":{"prop_id":117470,"state_cd":"S55","ite_code":210,"ite_name":"Single-Family Detached","ite_unit":"DU","units":1,"daily_trips":9.4,"am_peak_trips":0.7,"pm_peak_trips":0.9,"imprv_val":289560.0,"acres":0.217,"city":"Springtown","city_code":"CSP","fill_color":[34,139,34,180]}},{"type":"Feature","geometry":{"type":"Polygon","coordinates":[[[-97.66959115320616,32.969827155644595],[-97.66953874458216,32.9706448109575],[-97.6695353441944,32.97069789398365],[-97.66953092010597,32.9709123785682],[-97.6687040329992,32.970849701854654],[-97.66765582792549,32.970846240774854],[-97.66708198256863,32.96981431427459],[-97.66942940004651,32.96982819341813],[-97.66959115320616,32.969827155644595]]]},"properties":{"prop_id":80468,"state_cd":"S150","ite_code":0,"ite_name":"Vacant/Agricultural","ite_unit":"N/A","units":1.0,"daily_trips":0.0,"am_peak_trips":0.0,"pm_peak_trips":0.0,"imprv_val":0.0,"acres":2.791,"city":"Springtown","city_code":"CSP","fill_color":[80,80,80,100]}},{"type":"Feature","geometry":{"type":"Polygon","coordinates":[[[-97.6750250494246,32.97497094448241],[-97.67502515346794,32.97496747135015],[-97.67510799446435,32.97497089016904],[-97.67511738357985,32.97497105962818],[-97.67582769993064,32.974983903196005],[-97.67593378184752,32.97498582120848],[-97.67625848780122,32.9749916904496],[-97.67640275521742,32.9749942978221],[-97.6765294788874,32.97499658800784],[-97.67652945191577,32.97499764747113],[-97.67647956757219,32.976948876990114],[-97.67576049902605,32.976949051281466],[-97.67574130976053,32.97753808221145],[-97.6757221610206,32.97753771749242],[-97.67494840363564,32.97752294837916],[-97.6750250494246,32.97497094448241]]]},"properties":{"prop_id":37923,"state_cd":"9C","ite_code":0,"ite_name":"Vacant/Agricultural","ite_unit":"N/A","units":1.0,"daily_trips":0.0,"am_peak_trips":0.0,"pm_peak_trips":0.0,"imprv_val":0.0,"acres":4.0,"city":"Springtown","city_code":"CSP","fill_color":[80,80,80,100]}},{"type":"Feature","geometry":{"type":"Polygon","coordinates":[[[-97.64971039986798,32.96557396555808],[-97.64952255635245,32.965568840160735],[-97.64930240453245,32.965562832897575],[-97.64907830618556,32.96555671713348],[-97.64886472347021,32.96555088832351],[-97.6486756950161,32.96554572920673],[-97.64849403242611,32.9655407707381],[-97.64831458698228,32.96553587315035],[-97.64813616723804,32.96553100305744],[-97.64795557102944,32.96552607273678],[-97.6477770946459,32.96552119993862],[-97.64759443108119,32.965516212570705],[-97.64741618040871,32.9655113453084],[-97.64723771691271,32.96550647272733],[-97.64705743844691,32.96550155049339],[-97.64687669262123,32.965496614878894],[-97.64669868159683,32.96549175364135],[-97.64652046096681,32.96548688620469],[-97.64652186688544,32.96544890371633],[-97.64652770868089,32.965290990738595],[-97.64653201236828,32.965174673860076],[-97.64942433893911,32.96517514701382],[-97.64981274310682,32.96557675785318],[-97.64971039986798,32.96557396555808]]]},"properties":{"prop_id":123512,"state_cd":"S150","ite_code":0,"ite_name":"Vacant/Agricultural","ite_unit":"N/A","units":1.0,"daily_trips":0.0,"am_peak_trips":0.0,"pm_peak_trips":0.0,"imprv_val":0.0,"acres":2.695,"city":"Springtown","city_code":"CSP","fill_color":[80,80,80,100]}},{"type":"Feature","geometry":{"type":"Polygon","coordinates":[[[-97.67082799769713,32.9625082816172],[-97.67098046859145,32.962265016141714],[-97.67139572825434,32.962529073552545],[-97.67125099775058,32.9627475448357],[-97.67082799769713,32.9625082816172]]]},"properties":{"prop_id":26326,"state_cd":"S50","ite_code":210,"ite_name":"Single-Family Detached","ite_unit":"DU","units":1,"daily_trips":9.4,"am_peak_trips":0.7,"pm_peak_trips":0.9,"imprv_val":225040.0,"acres":0.3437,"city":"Springtown","city_code":"CSP","fill_color":[34,139,34,180]}},{"type":"Feature","geometry":{"type":"Polygon","coordinates":[[[-97.68048709694376,32.9736306965426],[-97.68114087238213,32.97363834761843],[-97.68123486096192,32.97403283514506],[-97.68058125019088,32.974141073451904],[-97.68048709694376,32.9736306965426]]]},"properties":{"prop_id":79748,"state_cd":"S65","ite_code":210,"ite_name":"Single-Family Detached","ite_unit":"DU","units":1,"daily_trips":9.4,"am_peak_trips":0.7,"pm_peak_trips":0.9,"imprv_val":913100.0,"acres":0.68,"city":"Springtown","city_code":"CSP","fill_color":[34,139,34,180]}},{"type":"Feature","geometry":{"type":"Polygon","coordinates":[[[-97.69387092238473,32.97268317648417],[-97.69377726929481,32.972612685812216],[-97.69407056429351,32.97233673872313],[-97.69424009398975,32.972464585032185],[-97.69394614673838,32.97273979691888],[-97.69387092238473,32.97268317648417]]]},"properties":{"prop_id":117502,"state_cd":"S55","ite_code":210,"ite_name":"Single-Family Detached","ite_unit":"DU","units":1,"daily_trips":9.4,"am_peak_trips":0.7,"pm_peak_trips":0.9,"imprv_val":244620.0,"acres":0.217,"city":"Springtown","city_code":"CSP","fill_color":[34,139,34,180]}},{"type":"Feature","geometry":{"type":"Polygon","coordinates":[[[-97.69049338873313,32.957873298025916],[-97.69065531001304,32.957875415781565],[-97.69065018587109,32.958222154449246],[-97.6906031185099,32.95822353784815],[-97.69048681971478,32.958226955114135],[-97.69049338873313,32.957873298025916]]]},"properties":{"prop_id":121598,"state_cd":"S50","ite_code":0,"ite_name":"Vacant/Agricultural","ite_unit":"N/A","units":1.0,"daily_trips":0.0,"am_peak_trips":0.0,"pm_peak_trips":0.0,"imprv_val":0.0,"acres":0.146,"city":"Springtown","city_code":"CSP","fill_color":[80,80,80,100]}},{"type":"Feature","geometry":{"type":"Polygon","coordinates":[[[-97.67993365941474,32.96185004286866],[-97.68003196978526,32.96158600175894],[-97.68003268714142,32.961586166102045],[-97.68003388380473,32.96158644001426],[-97.68055339675327,32.96170532599249],[-97.6808351101127,32.961769792723416],[-97.68102261356267,32.96181154590894],[-97.6810293583339,32.96207530247151],[-97.68083547250873,32.96203026799499],[-97.68049918079672,32.9619515037708],[-97.67999699550491,32.9618593101578],[-97.67999603862634,32.96185913431833],[-97.67993274575285,32.9618524780934],[-97.67993365941474,32.96185004286866]]]},"properties":{"prop_id":46187,"state_cd":"SF-OVR","ite_code":210,"ite_name":"Single-Family Detached","ite_unit":"DU","units":1,"daily_trips":9.4,"am_peak_trips":0.7,"pm_peak_trips":0.9,"imprv_val":587700.0,"acres":0.687,"city":"Springtown","city_code":"CSP","fill_color":[34,139,34,180]}},{"type":"Feature","geometry":{"type":"Polygon","coordinates":[[[-97.69340739636247,32.97283290456046],[-97.69370045867845,32.97255487182069],[-97.69377726929481,32.972612685812216],[-97.69387092238473,32.97268317648417],[-97.69357708330605,32.972960636445514],[-97.69340739636247,32.97283290456046]]]},"properties":{"prop_id":117484,"state_cd":"S55","ite_code":210,"ite_name":"Single-Family Detached","ite_unit":"DU","units":1,"daily_trips":9.4,"am_peak_trips":0.7,"pm_peak_trips":0.9,"imprv_val":360500.0,"acres":0.217,"city":"Springtown","city_code":"CSP","fill_color":[34,139,34,180]}},{"type":"Feature","geometry":{"type":"Polygon","coordinates":[[[-97.68212744820073,32.96518913964978],[-97.6825243118634,32.965129539461174],[-97.68255088202554,32.96524571890075],[-97.68256593428394,32.96531153350451],[-97.68260584414419,32.96549549489584],[-97.68220171837822,32.965557384319446],[-97.68216454738098,32.96537302953773],[-97.68215079876039,32.96530486246611],[-97.68212744820073,32.96518913964978]]]},"properties":{"prop_id":26669,"state_cd":"S60","ite_code":210,"ite_name":"Single-Family Detached","ite_unit":"DU","units":1,"daily_trips":9.4,"am_peak_trips":0.7,"pm_peak_trips":0.9,"imprv_val":170270.0,"acres":0.3892,"city":"Springtown","city_code":"CSP","fill_color":[34,139,34,180]}},{"type":"Feature","geometry":{"type":"Polygon","coordinates":[[[-97.6785777851378,32.96144352461558],[-97.67852882280495,32.96142940665504],[-97.6787436238017,32.96080979662598],[-97.67882840675202,32.96082514437114],[-97.67860293888873,32.96145199982756],[-97.6785910606165,32.961447352889905],[-97.6785777851378,32.96144352461558]]]},"properties":{"prop_id":46191,"state_cd":"SF-OVR","ite_code":210,"ite_name":"Single-Family Detached","ite_unit":"DU","units":1,"daily_trips":9.4,"am_peak_trips":0.7,"pm_peak_trips":0.9,"imprv_val":234970.0,"acres":0.22,"city":"Springtown","city_code":"CSP","fill_color":[34,139,34,180]}},{"type":"Feature","geometry":{"type":"Polygon","coordinates":[[[-97.67801060733224,32.98171675825445],[-97.67882822007405,32.98169949288971],[-97.6788129977398,32.98253191636207],[-97.67799368734075,32.98254254209165],[-97.67801060733224,32.98171675825445]]]},"properties":{"prop_id":44178,"state_cd":"S110","ite_code":0,"ite_name":"Vacant/Agricultural","ite_unit":"N/A","units":1.0,"daily_trips":0.0,"am_peak_trips":0.0,"pm_peak_trips":0.0,"imprv_val":0.0,"acres":1.722,"city":"Springtown","city_code":"CSP","fill_color":[80,80,80,100]}},{"type":"Feature","geometry":{"type":"Polygon","coordinates":[[[-97.68386052677943,32.965930368963996],[-97.68428365766222,32.96586551973851],[-97.68432076291516,32.966049847262425],[-97.68389737021613,32.966114804925844],[-97.68386052677943,32.965930368963996]]]},"properties":{"prop_id":26688,"state_cd":"S60","ite_code":0,"ite_name":"Vacant/Agricultural","ite_unit":"N/A","units":1.0,"daily_trips":0.0,"am_peak_trips":0.0,"pm_peak_trips":0.0,"imprv_val":0.0,"acres":0.206,"city":"Springtown","city_code":"CSP","fill_color":[80,80,80,100]}},{"type":"Feature","geometry":{"type":"Polygon","coordinates":[[[-97.67437127671565,32.96614188596391],[-97.67437101118209,32.966116321107194],[-97.67478279116051,32.96611585157133],[-97.67478508467514,32.96625053429847],[-97.67437242325161,32.96625230474904],[-97.67437127671565,32.96614188596391]]]},"properties":{"prop_id":89573,"state_cd":"S50","ite_code":210,"ite_name":"Single-Family Detached","ite_unit":"DU","units":1,"daily_trips":9.4,"am_peak_trips":0.7,"pm_peak_trips":0.9,"imprv_val":193740.0,"acres":0.146,"city":"Springtown","city_code":"CSP","fill_color":[34,139,34,180]}},{"type":"Feature","geometry":{"type":"Polygon","coordinates":[[[-97.6495892860039,32.9671632017263],[-97.64997368540544,32.967227243971955],[-97.64993916461759,32.967376871134284],[-97.64955453800292,32.96731347474782],[-97.6495892860039,32.9671632017263]]]},"properties":{"prop_id":127309,"state_cd":"S60","ite_code":0,"ite_name":"Vacant/Agricultural","ite_unit":"N/A","units":1.0,"daily_trips":0.0,"am_peak_trips":0.0,"pm_peak_trips":0.0,"imprv_val":0.0,"acres":0.152,"city":"Springtown","city_code":"CSP","fill_color":[80,80,80,100]}},{"type":"Feature","geometry":{"type":"Polygon","coordinates":[[[-97.67602027474325,32.96802053066451],[-97.67601622355865,32.96776686422188],[-97.67624741187139,32.96776577729872],[-97.6762475135622,32.96806697618473],[-97.67621639923973,32.96806711771854],[-97.6762157696494,32.96802048297185],[-97.67602027474325,32.96802053066451]]]},"properties":{"prop_id":89536,"state_cd":"S25","ite_code":210,"ite_name":"Single-Family Detached","ite_unit":"DU","units":1,"daily_trips":9.4,"am_peak_trips":0.7,"pm_peak_trips":0.9,"imprv_val":211820.0,"acres":0.152,"city":"Springtown","city_code":"CSP","fill_color":[34,139,34,180]}},{"type":"Feature","geometry":{"type":"Polygon","coordinates":[[[-97.68919980489481,32.96971040886328],[-97.68956773684252,32.9697163813816],[-97.68956868854414,32.96992018589169],[-97.68919698404542,32.96991776817097],[-97.68919980489481,32.96971040886328]]]},"properties":{"prop_id":17222,"state_cd":"S50","ite_code":210,"ite_name":"Single-Family Detached","ite_unit":"DU","units":1,"daily_trips":9.4,"am_peak_trips":0.7,"pm_peak_trips":0.9,"imprv_val":129250.0,"acres":0.1947,"city":"Springtown","city_code":"CSP","fill_color":[34,139,34,180]}},{"type":"Feature","geometry":{"type":"Polygon","coordinates":[[[-97.66777397939985,32.9638663214803],[-97.66789816588998,32.963862651567375],[-97.66793123486751,32.96391334839348],[-97.66849971079614,32.96430319672618],[-97.66830113221769,32.96537524728447],[-97.6683008822385,32.96537634854729],[-97.66748744540891,32.9652850417472],[-97.66777397939985,32.9638663214803]]]},"properties":{"prop_id":41608,"state_cd":"S150","ite_code":210,"ite_name":"Single-Family Detached","ite_unit":"DU","units":2,"daily_trips":18.9,"am_peak_trips":1.4,"pm_peak_trips":1.9,"imprv_val":163470.0,"acres":2.07,"city":"Springtown","city_code":"CSP","fill_color":[34,139,34,180]}},{"type":"Feature","geometry":{"type":"Polygon","coordinates":[[[-97.68007984850995,32.96057942124969],[-97.67987149027633,32.96053789009547],[-97.6798375786081,32.9597951157164],[-97.68017569795961,32.95982699987544],[-97.68017499596309,32.95990283325849],[-97.68015347938906,32.95992072908304],[-97.68013742412641,32.95994228977628],[-97.68012768483565,32.9599663666286],[-97.68012478258234,32.959991677970315],[-97.68012886894397,32.96001687296475],[-97.68013972955232,32.960040610991946],[-97.68015678242153,32.96006162656911],[-97.68017913818349,32.96007880910795],[-97.68019236008456,32.96060184856444],[-97.68007984850995,32.96057942124969]]]},"properties":{"prop_id":1953,"state_cd":"S48","ite_code":210,"ite_name":"Single-Family Detached","ite_unit":"DU","units":1,"daily_trips":9.4,"am_peak_trips":0.7,"pm_peak_trips":0.9,"imprv_val":390170.0,"acres":0.6187,"city":"Springtown","city_code":"CSP","fill_color":[34,139,34,180]}},{"type":"Feature","geometry":{"type":"Polygon","coordinates":[[[-97.64804825189528,32.96792477771541],[-97.6480599132815,32.96759404532926],[-97.64823875812137,32.96759875247115],[-97.6482280157487,32.96792944064832],[-97.64804825189528,32.96792477771541]]]},"properties":{"prop_id":127254,"state_cd":"S60","ite_code":0,"ite_name":"Vacant/Agricultural","ite_unit":"N/A","units":1.0,"daily_trips":0.0,"am_peak_trips":0.0,"pm_peak_trips":0.0,"imprv_val":0.0,"acres":0.152,"city":"Springtown","city_code":"CSP","fill_color":[80,80,80,100]}},{"type":"Feature","geometry":{"type":"Polygon","coordinates":[[[-97.65948478792504,32.96762419540091],[-97.65906591625667,32.96762192784429],[-97.65906862954108,32.96744120425531],[-97.65948666093345,32.967443430068435],[-97.65948478792504,32.96762419540091]]]},"properties":{"prop_id":123003,"state_cd":"S60","ite_code":0,"ite_name":"Vacant/Agricultural","ite_unit":"N/A","units":1.0,"daily_trips":0.0,"am_peak_trips":0.0,"pm_peak_trips":0.0,"imprv_val":0.0,"acres":0.194,"city":"Springtown","city_code":"CSP","fill_color":[80,80,80,100]}},{"type":"Feature","geometry":{"type":"Polygon","coordinates":[[[-97.68387179745146,32.968758103440265],[-97.68346580958085,32.968824341539474],[-97.68344991845636,32.96860362809622],[-97.68382413782214,32.968541177978665],[-97.68387179745146,32.968758103440265]]]},"properties":{"prop_id":20863,"state_cd":"S50","ite_code":210,"ite_name":"Single-Family Detached","ite_unit":"DU","units":1,"daily_trips":9.4,"am_peak_trips":0.7,"pm_peak_trips":0.9,"imprv_val":101510.0,"acres":0.2239,"city":"Springtown","city_code":"CSP","fill_color":[34,139,34,180]}},{"type":"Feature","geometry":{"type":"Polygon","coordinates":[[[-97.68842141033414,32.9686173727949],[-97.68842378983183,32.96891373980393],[-97.68803143414075,32.96891691066594],[-97.68802909533125,32.96861624942697],[-97.68842141033414,32.9686173727949]]]},"properties":{"prop_id":17242,"state_cd":"S50","ite_code":210,"ite_name":"Single-Family Detached","ite_unit":"DU","units":1,"daily_trips":9.4,"am_peak_trips":0.7,"pm_peak_trips":0.9,"imprv_val":83470.0,"acres":0.3,"city":"Springtown","city_code":"CSP","fill_color":[34,139,34,180]}},{"type":"Feature","geometry":{"type":"Polygon","coordinates":[[[-97.66999465631889,32.9701666783613],[-97.6702074925931,32.97017000482423],[-97.67020859938668,32.9704868832372],[-97.66999799133025,32.97048738994218],[-97.66999465631889,32.9701666783613]]]},"properties":{"prop_id":109503,"state_cd":"S50","ite_code":210,"ite_name":"Single-Family Detached","ite_unit":"DU","units":1,"daily_trips":9.4,"am_peak_trips":0.7,"pm_peak_trips":0.9,"imprv_val":212010.0,"acres":0.173,"city":"Springtown","city_code":"CSP","fill_color":[34,139,34,180]}},{"type":"Feature","geometry":{"type":"Polygon","coordinates":[[[-97.67684614763127,32.95730015395168],[-97.67730041586192,32.95730510555312],[-97.67728970583022,32.95758068115312],[-97.67683646070122,32.95757771488417],[-97.67684614763127,32.95730015395168]]]},"properties":{"prop_id":1929,"state_cd":"S45","ite_code":210,"ite_name":"Single-Family Detached","ite_unit":"DU","units":1,"daily_trips":9.4,"am_peak_trips":0.7,"pm_peak_trips":0.9,"imprv_val":207550.0,"acres":0.3216,"city":"Springtown","city_code":"CSP","fill_color":[34,139,34,180]}},{"type":"Feature","geometry":{"type":"Polygon","coordinates":[[[-97.69138555267651,32.95785691303708],[-97.69099748328689,32.957857508154554],[-97.69099704006625,32.95768692622658],[-97.69138501186191,32.957692251856265],[-97.69138555267651,32.95785691303708]]]},"properties":{"prop_id":121543,"state_cd":"S50","ite_code":210,"ite_name":"Single-Family Detached","ite_unit":"DU","units":1,"daily_trips":9.4,"am_peak_trips":0.7,"pm_peak_trips":0.9,"imprv_val":160460.0,"acres":0.166,"city":"Springtown","city_code":"CSP","fill_color":[34,139,34,180]}},{"type":"Feature","geometry":{"type":"Polygon","coordinates":[[[-97.6725268820091,32.961860599374894],[-97.67264586479686,32.9616674773015],[-97.67309836322724,32.96200047004766],[-97.67294192546191,32.962170086811646],[-97.6725268820091,32.961860599374894]]]},"properties":{"prop_id":26345,"state_cd":"S50","ite_code":210,"ite_name":"Single-Family Detached","ite_unit":"DU","units":1,"daily_trips":9.4,"am_peak_trips":0.7,"pm_peak_trips":0.9,"imprv_val":167590.0,"acres":0.3148,"city":"Springtown","city_code":"CSP","fill_color":[34,139,34,180]}},{"type":"Feature","geometry":{"type":"Polygon","coordinates":[[[-97.69506872753652,32.972904734861245],[-97.69333438706445,32.97159690280159],[-97.69326350179708,32.971547044873496],[-97.69318804311963,32.97150221020528],[-97.69310851009833,32.971462695111825],[-97.69302542886166,32.9714287609135],[-97.69293934939978,32.97140063301303],[-97.6928508423962,32.971378496366675],[-97.69276049385479,32.971362498154676],[-97.69266890084562,32.97135274504877],[-97.69257667046051,32.971349300499675],[-97.69242852365423,32.9713475479141],[-97.69243745538827,32.9707949575476],[-97.6933650275837,32.97080292427392],[-97.69406757841196,32.97080068778004],[-97.69475196337142,32.97079850580811],[-97.69473689751938,32.97245522280404],[-97.69553456297132,32.97246037417987],[-97.69552641229377,32.97290802278207],[-97.69506872753652,32.972904734861245]]]},"properties":{"prop_id":117522,"state_cd":"S55","ite_code":0,"ite_name":"Vacant/Agricultural","ite_unit":"N/A","units":1.0,"daily_trips":0.0,"am_peak_trips":0.0,"pm_peak_trips":0.0,"imprv_val":0.0,"acres":6.685,"city":"Springtown","city_code":"CSP","fill_color":[80,80,80,100]}},{"type":"Feature","geometry":{"type":"Polygon","coordinates":[[[-97.67767106328661,32.97039486410986],[-97.67816000026592,32.970398089332534],[-97.67815744929437,32.97067294906623],[-97.67766834818748,32.97066972276068],[-97.67767088676963,32.97039486294512],[-97.67767106328661,32.97039486410986]]]},"properties":{"prop_id":7214,"state_cd":"S50","ite_code":210,"ite_name":"Single-Family Detached","ite_unit":"DU","units":1,"daily_trips":9.4,"am_peak_trips":0.7,"pm_peak_trips":0.9,"imprv_val":152240.0,"acres":0.35,"city":"Springtown","city_code":"CSP","fill_color":[34,139,34,180]}},{"type":"Feature","geometry":{"type":"Polygon","coordinates":[[[-97.67479207897902,32.9666612071132],[-97.6743766638974,32.9666605857562],[-97.67437525141764,32.96652452997332],[-97.67478974035417,32.96652390068984],[-97.67479207897902,32.9666612071132]]]},"properties":{"prop_id":89570,"state_cd":"S50","ite_code":210,"ite_name":"Single-Family Detached","ite_unit":"DU","units":1,"daily_trips":9.4,"am_peak_trips":0.7,"pm_peak_trips":0.9,"imprv_val":190850.0,"acres":0.146,"city":"Springtown","city_code":"CSP","fill_color":[34,139,34,180]}},{"type":"Feature","geometry":{"type":"Polygon","coordinates":[[[-97.67822399423552,32.97286713239444],[-97.67822750045977,32.97260841445386],[-97.67874150479693,32.972622093297396],[-97.67873800726947,32.97287957399863],[-97.67822399423552,32.97286713239444]]]},"properties":{"prop_id":70313,"state_cd":"S50","ite_code":210,"ite_name":"Single-Family Detached","ite_unit":"DU","units":1,"daily_trips":9.4,"am_peak_trips":0.7,"pm_peak_trips":0.9,"imprv_val":249180.0,"acres":0.269,"city":"Springtown","city_code":"CSP","fill_color":[34,139,34,180]}},{"type":"Feature","geometry":{"type":"Polygon","coordinates":[[[-97.64955453800292,32.96731347474782],[-97.64993916461759,32.967376871134284],[-97.64990481449401,32.9675257590505],[-97.64952012257342,32.96746230259733],[-97.64955453800292,32.96731347474782]]]},"properties":{"prop_id":127310,"state_cd":"S60","ite_code":0,"ite_name":"Vacant/Agricultural","ite_unit":"N/A","units":1.0,"daily_trips":0.0,"am_peak_trips":0.0,"pm_peak_trips":0.0,"imprv_val":0.0,"acres":0.152,"city":"Springtown","city_code":"CSP","fill_color":[80,80,80,100]}},{"type":"Feature","geometry":{"type":"Polygon","coordinates":[[[-97.69271241671123,32.97233349309631],[-97.69302028874851,32.9720429161247],[-97.69309451105472,32.972098782986805],[-97.69326545330344,32.97222744961931],[-97.69297107972795,32.972504464622745],[-97.69289755639514,32.97244911896243],[-97.69283898329901,32.97240708808601],[-97.6927771757514,32.97236848660225],[-97.69271241671123,32.97233349309631]]]},"properties":{"prop_id":117487,"state_cd":"S55","ite_code":210,"ite_name":"Single-Family Detached","ite_unit":"DU","units":1,"daily_trips":9.4,"am_peak_trips":0.7,"pm_peak_trips":0.9,"imprv_val":290150.0,"acres":0.317,"city":"Springtown","city_code":"CSP","fill_color":[34,139,34,180]}},{"type":"Feature","geometry":{"type":"Polygon","coordinates":[[[-97.67401465843788,32.96217085571113],[-97.67409243903892,32.962120150326776],[-97.67417171657338,32.962071120483905],[-97.67456492731222,32.962429508895816],[-97.6745252640496,32.96246043485398],[-97.67442130773112,32.96254149204102],[-97.67401465843788,32.96217085571113]]]},"properties":{"prop_id":87323,"state_cd":"S50","ite_code":210,"ite_name":"Single-Family Detached","ite_unit":"DU","units":1,"daily_trips":9.4,"am_peak_trips":0.7,"pm_peak_trips":0.9,"imprv_val":214710.0,"acres":0.23,"city":"Springtown","city_code":"CSP","fill_color":[34,139,34,180]}},{"type":"Feature","geometry":{"type":"Polygon","coordinates":[[[-97.66641950750133,32.96159514850538],[-97.66695439259246,32.9615981220528],[-97.66689407703714,32.963868965287965],[-97.66676951925922,32.963866382975425],[-97.6663417883913,32.96385751613726],[-97.66641950750133,32.96159514850538]]]},"properties":{"prop_id":26301,"state_cd":"S125","ite_code":210,"ite_name":"Single-Family Detached","ite_unit":"DU","units":3,"daily_trips":28.3,"am_peak_trips":2.1,"pm_peak_trips":2.8,"imprv_val":273330.0,"acres":3.1573,"city":"Springtown","city_code":"CSP","fill_color":[34,139,34,180]}},{"type":"Feature","geometry":{"type":"Polygon","coordinates":[[[-97.68919754411927,32.96134751549197],[-97.68973426663953,32.96157367574347],[-97.69163534229799,32.96171281608096],[-97.69158667411588,32.96342466920561],[-97.68984929295004,32.963396914532424],[-97.68983882102046,32.96272334148337],[-97.68928821649905,32.96271288602789],[-97.68924036785043,32.96338535195746],[-97.68752816102032,32.963357464462824],[-97.68751625253005,32.96240886889772],[-97.68713562032187,32.96240003326613],[-97.68717681393362,32.96175991173341],[-97.68712742254846,32.96135264080031],[-97.68919754411927,32.96134751549197]]]},"properties":{"prop_id":46046,"state_cd":"S90","ite_code":210,"ite_name":"Single-Family Detached","ite_unit":"DU","units":2,"daily_trips":18.9,"am_peak_trips":1.4,"pm_peak_trips":1.9,"imprv_val":203850.0,"acres":1.0,"city":"Springtown","city_code":"CSP","fill_color":[34,139,34,180]}},{"type":"Feature","geometry":{"type":"Polygon","coordinates":[[[-97.68523727104957,32.973909203470306],[-97.68492022888618,32.97394056459495],[-97.68486249335318,32.9736091091403],[-97.6851765360585,32.97356337696058],[-97.68523727104957,32.973909203470306]]]},"properties":{"prop_id":26924,"state_cd":"S60","ite_code":210,"ite_name":"Single-Family Detached","ite_unit":"DU","units":1,"daily_trips":9.4,"am_peak_trips":0.7,"pm_peak_trips":0.9,"imprv_val":118940.0,"acres":0.28,"city":"Springtown","city_code":"CSP","fill_color":[34,139,34,180]}},{"type":"Feature","geometry":{"type":"Polygon","coordinates":[[[-97.67386889712564,32.97020960021563],[-97.67387086130567,32.970484489886815],[-97.6738251994666,32.97052427323914],[-97.67363045932788,32.97052298211375],[-97.6736356453542,32.97020996295859],[-97.67386889712564,32.97020960021563]]]},"properties":{"prop_id":109486,"state_cd":"S50","ite_code":210,"ite_name":"Single-Family Detached","ite_unit":"DU","units":1,"daily_trips":9.4,"am_peak_trips":0.7,"pm_peak_trips":0.9,"imprv_val":273850.0,"acres":0.193,"city":"Springtown","city_code":"CSP","fill_color":[34,139,34,180]}},{"type":"Feature","geometry":{"type":"Polygon","coordinates":[[[-97.68953139266362,32.95832870912441],[-97.68965127008924,32.9583293570935],[-97.68977104275935,32.95833362148098],[-97.68989055778569,32.95834149498038],[-97.68989107879077,32.95849293260216],[-97.68989159239648,32.958642021823906],[-97.68989206326168,32.958778709787865],[-97.68989210479938,32.95879089189174],[-97.68989255515163,32.95892151946481],[-97.68989261584518,32.958939091892894],[-97.68989304753276,32.959064509507],[-97.68989312792986,32.959087997123895],[-97.68989354092764,32.95920785667521],[-97.6898935956095,32.95922386439957],[-97.68989403479162,32.95935126967687],[-97.68989407198426,32.95936205572869],[-97.6898945252056,32.95949377361518],[-97.6898945495461,32.959500936056166],[-97.68989501553304,32.95963617023327],[-97.68989549371652,32.95977498292295],[-97.68989550791652,32.95977904392663],[-97.68989597132408,32.95991385873399],[-97.68951891298812,32.95991425485024],[-97.6891442808428,32.95991464667473],[-97.68914389559485,32.95977644421459],[-97.68914388769878,32.95977345101073],[-97.6891435132663,32.95963885771633],[-97.68914348899652,32.95963005846555],[-97.68914313179033,32.959501411905634],[-97.68914309415415,32.95948799703448],[-97.68914274906417,32.959363985924384],[-97.68914269840296,32.95934556765074],[-97.68914236778043,32.959226519368],[-97.68914230158158,32.9592026711127],[-97.68914198535028,32.95908917815511],[-97.68914190491557,32.95906010824769],[-97.68914157470796,32.95894101487196],[-97.6891415095315,32.95891763917798],[-97.68914116212594,32.95879282992952],[-97.68914111441842,32.95877549115661],[-97.6891407472784,32.9586437242074],[-97.68914071467935,32.95863186230795],[-97.68914033518625,32.95849548605472],[-97.6891403161112,32.95848845621459],[-97.68913989778787,32.95833797788813],[-97.6894713634377,32.958329742654406],[-97.68951429479574,32.958329003737894],[-97.68953139266362,32.95832870912441]]]},"properties":{"prop_id":121631,"state_cd":"S50","ite_code":210,"ite_name":"Single-Family Detached","ite_unit":"DU","units":1,"daily_trips":9.4,"am_peak_trips":0.7,"pm_peak_trips":0.9,"imprv_val":158570.0,"acres":0.142,"city":"Springtown","city_code":"CSP","fill_color":[34,139,34,180]}},{"type":"Feature","geometry":{"type":"Polygon","coordinates":[[[-97.68338901237219,32.9635550635053],[-97.68343468823983,32.96355536281041],[-97.68417153430164,32.96356018890579],[-97.68431119297689,32.964007960244466],[-97.68349455806094,32.96414461335882],[-97.68338901237219,32.9635550635053]]]},"properties":{"prop_id":59544,"state_cd":"S80","ite_code":0,"ite_name":"Vacant/Agricultural","ite_unit":"N/A","units":1.0,"daily_trips":0.0,"am_peak_trips":0.0,"pm_peak_trips":0.0,"imprv_val":0.0,"acres":0.863,"city":"Springtown","city_code":"CSP","fill_color":[80,80,80,100]}},{"type":"Feature","geometry":{"type":"Polygon","coordinates":[[[-97.6817443039317,32.965292071995144],[-97.6817354166987,32.965248001050895],[-97.68212744820073,32.96518913964978],[-97.68215079876039,32.96530486246611],[-97.68216454738098,32.96537302953773],[-97.68177273845602,32.965433073007546],[-97.6817443039317,32.965292071995144]]]},"properties":{"prop_id":97604,"state_cd":"S50","ite_code":210,"ite_name":"Single-Family Detached","ite_unit":"DU","units":1,"daily_trips":9.4,"am_peak_trips":0.7,"pm_peak_trips":0.9,"imprv_val":161190.0,"acres":0.1909,"city":"Springtown","city_code":"CSP","fill_color":[34,139,34,180]}},{"type":"Feature","geometry":{"type":"Polygon","coordinates":[[[-97.65856478271358,32.963647483581],[-97.65889959614202,32.96400357404682],[-97.65888712447335,32.96402475580696],[-97.65887914354623,32.96404742612798],[-97.65887588760384,32.96407091383025],[-97.65887745524965,32.96409452427254],[-97.65888379749128,32.96411755911131],[-97.65889472930978,32.964139337120876],[-97.65855746740388,32.96401656565307],[-97.65856478271358,32.963647483581]]]},"properties":{"prop_id":122940,"state_cd":"S60","ite_code":0,"ite_name":"Vacant/Agricultural","ite_unit":"N/A","units":1.0,"daily_trips":0.0,"am_peak_trips":0.0,"pm_peak_trips":0.0,"imprv_val":0.0,"acres":0.216,"city":"Springtown","city_code":"CSP","fill_color":[80,80,80,100]}},{"type":"Feature","geometry":{"type":"Polygon","coordinates":[[[-97.68417508012963,32.97022536355449],[-97.68457788544679,32.970167516300606],[-97.68461512644254,32.97035177145458],[-97.68421311856919,32.97040937154234],[-97.68417508012963,32.97022536355449]]]},"properties":{"prop_id":17253,"state_cd":"S60","ite_code":210,"ite_name":"Single-Family Detached","ite_unit":"DU","units":1,"daily_trips":9.4,"am_peak_trips":0.7,"pm_peak_trips":0.9,"imprv_val":69350.0,"acres":0.1953,"city":"Springtown","city_code":"CSP","fill_color":[34,139,34,180]}},{"type":"Feature","geometry":{"type":"Polygon","coordinates":[[[-97.6721214233597,32.97121703935227],[-97.67190631301541,32.97121441711314],[-97.67190359072815,32.970901691771274],[-97.67211892827578,32.970904076546375],[-97.6721214233597,32.97121703935227]]]},"properties":{"prop_id":109456,"state_cd":"S50","ite_code":210,"ite_name":"Single-Family Detached","ite_unit":"DU","units":1,"daily_trips":9.4,"am_peak_trips":0.7,"pm_peak_trips":0.9,"imprv_val":254960.0,"acres":0.174,"city":"Springtown","city_code":"CSP","fill_color":[34,139,34,180]}},{"type":"Feature","geometry":{"type":"Polygon","coordinates":[[[-97.67769579560878,32.963416210347006],[-97.67844867597562,32.96341878986849],[-97.67830076708697,32.9645082035153],[-97.67830048461165,32.96450820886731],[-97.67796981257693,32.9645195923902],[-97.67796953117131,32.96451959774856],[-97.67768087002408,32.96452082622347],[-97.67769579560878,32.963416210347006]]]},"properties":{"prop_id":93943,"state_cd":"SF-OVR","ite_code":0,"ite_name":"Vacant/Agricultural","ite_unit":"N/A","units":1.0,"daily_trips":0.0,"am_peak_trips":0.0,"pm_peak_trips":0.0,"imprv_val":0.0,"acres":1.68,"city":"Springtown","city_code":"CSP","fill_color":[80,80,80,100]}},{"type":"Feature","geometry":{"type":"Polygon","coordinates":[[[-97.67436815907705,32.96584161749713],[-97.67436383455022,32.96542524472452],[-97.67436211817542,32.96525994075593],[-97.67439750871384,32.965258983012646],[-97.67448604968308,32.96526107471062],[-97.67448618973461,32.965261084656596],[-97.67457431688227,32.96526969824646],[-97.67509717725356,32.96535281395744],[-97.67509717691756,32.96535285002819],[-97.6750994805796,32.96566921515639],[-97.67509134666071,32.96564637853984],[-97.67507867006374,32.96562506479306],[-97.675061826792,32.96560590948392],[-97.67504132181283,32.96558948500439],[-97.67501776888358,32.96557628420424],[-97.6749918704197,32.96556669951621],[-97.67496440042959,32.96556101743218],[-97.6749361799949,32.96555940932278],[-97.6749080527593,32.96556192135535],[-97.67488085919672,32.96556848063614],[-97.67485541099678,32.96557888872811],[-97.67483247060568,32.96559283594433],[-97.67481272230168,32.96560990566542],[-97.67479675709293,32.96562958776686],[-97.67478505011813,32.965651292898166],[-97.67477795402652,32.96567437408256],[-97.67477567852633,32.96569814010871],[-97.67477809990591,32.96584033768639],[-97.67436815907705,32.96584161749713]]]},"properties":{"prop_id":89576,"state_cd":"S75","ite_code":210,"ite_name":"Single-Family Detached","ite_unit":"DU","units":1,"daily_trips":9.4,"am_peak_trips":0.7,"pm_peak_trips":0.9,"imprv_val":228120.0,"acres":0.81,"city":"Springtown","city_code":"CSP","fill_color":[34,139,34,180]}},{"type":"Feature","geometry":{"type":"Polygon","coordinates":[[[-97.69347934459978,32.97357093044167],[-97.69377276350103,32.97329357712117],[-97.69394239776062,32.97342125674704],[-97.6936480863699,32.97369793824088],[-97.69347934459978,32.97357093044167]]]},"properties":{"prop_id":117458,"state_cd":"S55","ite_code":210,"ite_name":"Single-Family Detached","ite_unit":"DU","units":1,"daily_trips":9.4,"am_peak_trips":0.7,"pm_peak_trips":0.9,"imprv_val":350260.0,"acres":0.217,"city":"Springtown","city_code":"CSP","fill_color":[34,139,34,180]}},{"type":"Feature","geometry":{"type":"Polygon","coordinates":[[[-97.64581895207473,32.965278501633776],[-97.64582424969306,32.96512334273047],[-97.64650707348531,32.96514166487612],[-97.64650524227304,32.965174490518514],[-97.64653201236828,32.965174673860076],[-97.64652770868089,32.965290990738595],[-97.64581895207473,32.965278501633776]]]},"properties":{"prop_id":123425,"state_cd":"S60","ite_code":210,"ite_name":"Single-Family Detached","ite_unit":"DU","units":1,"daily_trips":9.4,"am_peak_trips":0.7,"pm_peak_trips":0.9,"imprv_val":275440.0,"acres":0.273,"city":"Springtown","city_code":"CSP","fill_color":[34,139,34,180]}},{"type":"Feature","geometry":{"type":"Polygon","coordinates":[[[-97.66904006901221,32.95796882258832],[-97.66936834916929,32.95753285776104],[-97.66951300224484,32.95761084230681],[-97.66963721936112,32.95767780547343],[-97.66951136618646,32.95784794017078],[-97.66931345556037,32.95811545054131],[-97.66904006901221,32.95796882258832]]]},"properties":{"prop_id":26187,"state_cd":"S90","ite_code":210,"ite_name":"Single-Family Detached","ite_unit":"DU","units":1,"daily_trips":9.4,"am_peak_trips":0.7,"pm_peak_trips":0.9,"imprv_val":356630.0,"acres":0.4251,"city":"Springtown","city_code":"CSP","fill_color":[34,139,34,180]}},{"type":"Feature","geometry":{"type":"Polygon","coordinates":[[[-97.64582424969306,32.96512334273047],[-97.64582936375415,32.96497357007367],[-97.64651556032013,32.96498958498099],[-97.64650707348531,32.96514166487612],[-97.64582424969306,32.96512334273047]]]},"properties":{"prop_id":123424,"state_cd":"S60","ite_code":0,"ite_name":"Vacant/Agricultural","ite_unit":"N/A","units":1.0,"daily_trips":0.0,"am_peak_trips":0.0,"pm_peak_trips":0.0,"imprv_val":0.0,"acres":0.266,"city":"Springtown","city_code":"CSP","fill_color":[80,80,80,100]}},{"type":"Feature","geometry":{"type":"Polygon","coordinates":[[[-97.67165469755498,32.95667695415919],[-97.67167095508962,32.95683830856272],[-97.67177101553959,32.957831352768345],[-97.67191458586142,32.95790528713339],[-97.67175741282601,32.95811516496891],[-97.67070231254064,32.957541176423604],[-97.67104571597869,32.956842928158814],[-97.67111651172672,32.95679461758565],[-97.67119096504254,32.956750385906304],[-97.67126874462727,32.956710429312395],[-97.6713495054563,32.95667492496651],[-97.67165469755498,32.95667695415919]]]},"properties":{"prop_id":35524,"state_cd":"SF-OVR","ite_code":210,"ite_name":"Single-Family Detached","ite_unit":"DU","units":2,"daily_trips":18.9,"am_peak_trips":1.4,"pm_peak_trips":1.9,"imprv_val":577270.0,"acres":2.534,"city":"Springtown","city_code":"CSP","fill_color":[34,139,34,180]}},{"type":"Feature","geometry":{"type":"Polygon","coordinates":[[[-97.68696258202206,32.96641975335539],[-97.68695921225766,32.966739824393045],[-97.68662708771602,32.96678593622566],[-97.68656843955205,32.9664935512825],[-97.68687645333404,32.966431976557324],[-97.68691895582997,32.96642594471665],[-97.68696258202206,32.96641975335539]]]},"properties":{"prop_id":93865,"state_cd":"S50","ite_code":210,"ite_name":"Single-Family Detached","ite_unit":"DU","units":1,"daily_trips":9.4,"am_peak_trips":0.7,"pm_peak_trips":0.9,"imprv_val":251860.0,"acres":0.172,"city":"Springtown","city_code":"CSP","fill_color":[34,139,34,180]}},{"type":"Feature","geometry":{"type":"Polygon","coordinates":[[[-97.67357628235654,32.962499954961984],[-97.67371990400846,32.96238797279712],[-97.67413406533989,32.96276545781563],[-97.67399044466917,32.96287744045923],[-97.67357628235654,32.962499954961984]]]},"properties":{"prop_id":87320,"state_cd":"S45","ite_code":210,"ite_name":"Single-Family Detached","ite_unit":"DU","units":1,"daily_trips":9.4,"am_peak_trips":0.7,"pm_peak_trips":0.9,"imprv_val":214710.0,"acres":0.24,"city":"Springtown","city_code":"CSP","fill_color":[34,139,34,180]}},{"type":"Feature","geometry":{"type":"Polygon","coordinates":[[[-97.68403882413325,32.97356460995622],[-97.68409028174476,32.97380930819801],[-97.68388523830846,32.973841024692284],[-97.68360073692729,32.97388365999977],[-97.6835587653719,32.973639072390455],[-97.68403882413325,32.97356460995622]]]},"properties":{"prop_id":29506,"state_cd":"S50","ite_code":210,"ite_name":"Single-Family Detached","ite_unit":"DU","units":1,"daily_trips":9.4,"am_peak_trips":0.7,"pm_peak_trips":0.9,"imprv_val":186590.0,"acres":0.312,"city":"Springtown","city_code":"CSP","fill_color":[34,139,34,180]}},{"type":"Feature","geometry":{"type":"Polygon","coordinates":[[[-97.67511067177284,32.9677445469572],[-97.67510995077292,32.96802212978347],[-97.67501372969325,32.96802292945525],[-97.67501036388084,32.96775606389925],[-97.67502979327449,32.96774490890215],[-97.67511067177284,32.9677445469572]]]},"properties":{"prop_id":89552,"state_cd":"S25","ite_code":210,"ite_name":"Single-Family Detached","ite_unit":"DU","units":1,"daily_trips":9.4,"am_peak_trips":0.7,"pm_peak_trips":0.9,"imprv_val":155000.0,"acres":0.07,"city":"Springtown","city_code":"CSP","fill_color":[34,139,34,180]}},{"type":"Feature","geometry":{"type":"Polygon","coordinates":[[[-97.67948872131645,32.959940482923855],[-97.67950253816528,32.959923960495466],[-97.67951255819922,32.95990550841323],[-97.67951842884759,32.9598857718664],[-97.67951994798,32.95986543851832],[-97.67951706090588,32.95984521594103],[-97.67950987018493,32.959825811839714],[-97.67949862416903,32.95980790060969],[-97.67948370546132,32.95979209891156],[-97.6794875040897,32.95976207964997],[-97.6798375786081,32.9597951157164],[-97.67987149027633,32.96053789009547],[-97.6798161264489,32.96073843318027],[-97.67950182811234,32.95997242796925],[-97.67948872131645,32.959940482923855]]]},"properties":{"prop_id":1956,"state_cd":"S48","ite_code":0,"ite_name":"Vacant/Agricultural","ite_unit":"N/A","units":1.0,"daily_trips":0.0,"am_peak_trips":0.0,"pm_peak_trips":0.0,"imprv_val":0.0,"acres":0.5511,"city":"Springtown","city_code":"CSP","fill_color":[80,80,80,100]}},{"type":"Feature","geometry":{"type":"Polygon","coordinates":[[[-97.68859182050981,32.96002365765457],[-97.68898249025005,32.96002237625425],[-97.68898276274088,32.9601240360881],[-97.6889640320536,32.960141273382234],[-97.68894840494141,32.96016058432582],[-97.68859226754002,32.96016074406225],[-97.68859182050981,32.96002365765457]]]},"properties":{"prop_id":121572,"state_cd":"S50","ite_code":210,"ite_name":"Single-Family Detached","ite_unit":"DU","units":1,"daily_trips":9.4,"am_peak_trips":0.7,"pm_peak_trips":0.9,"imprv_val":134150.0,"acres":0.136,"city":"Springtown","city_code":"CSP","fill_color":[34,139,34,180]}},{"type":"Feature","geometry":{"type":"Polygon","coordinates":[[[-97.67767916355167,32.96957028779913],[-97.67816765308552,32.96957351006978],[-97.67816510216149,32.96984836983433],[-97.67767646348004,32.96984514657967],[-97.67767599170134,32.96984514346669],[-97.67767854414342,32.96957028371206],[-97.67767916355167,32.96957028779913]]]},"properties":{"prop_id":7216,"state_cd":"S50","ite_code":210,"ite_name":"Single-Family Detached","ite_unit":"DU","units":1,"daily_trips":9.4,"am_peak_trips":0.7,"pm_peak_trips":0.9,"imprv_val":186490.0,"acres":0.3444,"city":"Springtown","city_code":"CSP","fill_color":[34,139,34,180]}},{"type":"Feature","geometry":{"type":"Polygon","coordinates":[[[-97.67525021412953,32.96734253845781],[-97.67534803091465,32.96734171038901],[-97.67535113253219,32.96761786838957],[-97.675253316053,32.96761886059664],[-97.67525021412953,32.96734253845781]]]},"properties":{"prop_id":89559,"state_cd":"S25","ite_code":210,"ite_name":"Single-Family Detached","ite_unit":"DU","units":1,"daily_trips":9.4,"am_peak_trips":0.7,"pm_peak_trips":0.9,"imprv_val":196230.0,"acres":0.069,"city":"Springtown","city_code":"CSP","fill_color":[34,139,34,180]}},{"type":"Feature","geometry":{"type":"Polygon","coordinates":[[[-97.68987052183506,32.9603532555795],[-97.68987124868909,32.96035331802164],[-97.69000402994807,32.960364727112875],[-97.69003462401257,32.96036701369614],[-97.69003598385315,32.96036710911004],[-97.69003786922615,32.96073748671949],[-97.68987146586014,32.96073828892193],[-97.68987052183506,32.9603532555795]]]},"properties":{"prop_id":121568,"state_cd":"S50","ite_code":0,"ite_name":"Vacant/Agricultural","ite_unit":"N/A","units":1.0,"daily_trips":0.0,"am_peak_trips":0.0,"pm_peak_trips":0.0,"imprv_val":0.0,"acres":0.158,"city":"Springtown","city_code":"CSP","fill_color":[80,80,80,100]}},{"type":"Feature","geometry":{"type":"Polygon","coordinates":[[[-97.67810621836662,32.97718202534823],[-97.67874390622119,32.97720320656126],[-97.67874719918059,32.97742369130595],[-97.6781271203453,32.97740247743842],[-97.67810621836662,32.97718202534823]]]},"properties":{"prop_id":44206,"state_cd":"S60","ite_code":210,"ite_name":"Single-Family Detached","ite_unit":"DU","units":1,"daily_trips":9.4,"am_peak_trips":0.7,"pm_peak_trips":0.9,"imprv_val":233970.0,"acres":0.34,"city":"Springtown","city_code":"CSP","fill_color":[34,139,34,180]}},{"type":"Feature","geometry":{"type":"Polygon","coordinates":[[[-97.67461745663016,32.96779453402111],[-97.67462136985162,32.96802618700985],[-97.67452030737775,32.968027026381925],[-97.67452068827352,32.967794849013956],[-97.67461745663016,32.96779453402111]]]},"properties":{"prop_id":89547,"state_cd":"S25","ite_code":210,"ite_name":"Single-Family Detached","ite_unit":"DU","units":1,"daily_trips":9.4,"am_peak_trips":0.7,"pm_peak_trips":0.9,"imprv_val":155000.0,"acres":0.059,"city":"Springtown","city_code":"CSP","fill_color":[34,139,34,180]}},{"type":"Feature","geometry":{"type":"Polygon","coordinates":[[[-97.68389260943293,32.973480522623056],[-97.68353650008557,32.9735320362424],[-97.68349040925303,32.97330722833381],[-97.68384818482838,32.97325511252259],[-97.68389260943293,32.973480522623056]]]},"properties":{"prop_id":107085,"state_cd":"S50","ite_code":210,"ite_name":"Single-Family Detached","ite_unit":"DU","units":1,"daily_trips":9.4,"am_peak_trips":0.7,"pm_peak_trips":0.9,"imprv_val":245830.0,"acres":0.2,"city":"Springtown","city_code":"CSP","fill_color":[34,139,34,180]}},{"type":"Feature","geometry":{"type":"Polygon","coordinates":[[[-97.68860209853119,32.98233589325507],[-97.68862179510265,32.98184831403593],[-97.68885589179052,32.98185632720328],[-97.6888225785075,32.98234343906908],[-97.68860209853119,32.98233589325507]]]},"properties":{"prop_id":105661,"state_cd":"S45","ite_code":210,"ite_name":"Single-Family Detached","ite_unit":"DU","units":1,"daily_trips":9.4,"am_peak_trips":0.7,"pm_peak_trips":0.9,"imprv_val":375650.0,"acres":0.28,"city":"Springtown","city_code":"CSP","fill_color":[34,139,34,180]}},{"type":"Feature","geometry":{"type":"Polygon","coordinates":[[[-97.67620503228538,32.9581248626478],[-97.67619447910991,32.95839711325491],[-97.67618379652505,32.95867268892526],[-97.67569288883647,32.95866955250211],[-97.67571226960263,32.95812160399468],[-97.67620503228538,32.9581248626478]]]},"properties":{"prop_id":1881,"state_cd":"S48","ite_code":210,"ite_name":"Single-Family Detached","ite_unit":"DU","units":1,"daily_trips":9.4,"am_peak_trips":0.7,"pm_peak_trips":0.9,"imprv_val":330330.0,"acres":0.6904,"city":"Springtown","city_code":"CSP","fill_color":[34,139,34,180]}},{"type":"Feature","geometry":{"type":"Polygon","coordinates":[[[-97.67231918921986,32.97019359116801],[-97.6723221864673,32.96987292264884],[-97.67253775723589,32.96987435413685],[-97.67253476076904,32.970195022661116],[-97.67231918921986,32.97019359116801]]]},"properties":{"prop_id":109479,"state_cd":"S50","ite_code":210,"ite_name":"Single-Family Detached","ite_unit":"DU","units":1,"daily_trips":9.4,"am_peak_trips":0.7,"pm_peak_trips":0.9,"imprv_val":242230.0,"acres":0.173,"city":"Springtown","city_code":"CSP","fill_color":[34,139,34,180]}},{"type":"Feature","geometry":{"type":"Polygon","coordinates":[[[-97.67276313086899,32.970911217526115],[-97.67276309554596,32.97122249333098],[-97.67254908465264,32.971223458835915],[-97.67254666036264,32.970908826342125],[-97.67276313086899,32.970911217526115]]]},"properties":{"prop_id":109453,"state_cd":"S50","ite_code":210,"ite_name":"Single-Family Detached","ite_unit":"DU","units":1,"daily_trips":9.4,"am_peak_trips":0.7,"pm_peak_trips":0.9,"imprv_val":244100.0,"acres":0.174,"city":"Springtown","city_code":"CSP","fill_color":[34,139,34,180]}},{"type":"Feature","geometry":{"type":"Polygon","coordinates":[[[-97.64837505239124,32.96807547527972],[-97.64840759779527,32.967934098472156],[-97.6484772613728,32.96793698957799],[-97.64859106571379,32.967955982198085],[-97.64883057451625,32.967995953960205],[-97.64880833218338,32.968091267468715],[-97.64879095653066,32.96810633282215],[-97.64877649041557,32.968123445349875],[-97.6487652693077,32.968142207835584],[-97.64837505239124,32.96807547527972]]]},"properties":{"prop_id":127258,"state_cd":"S60","ite_code":0,"ite_name":"Vacant/Agricultural","ite_unit":"N/A","units":1.0,"daily_trips":0.0,"am_peak_trips":0.0,"pm_peak_trips":0.0,"imprv_val":0.0,"acres":0.163,"city":"Springtown","city_code":"CSP","fill_color":[80,80,80,100]}},{"type":"Feature","geometry":{"type":"Polygon","coordinates":[[[-97.68951607527107,32.95894005678309],[-97.68989261584518,32.958939091892894],[-97.68989304753276,32.959064509507],[-97.68989312792986,32.959087997123895],[-97.68951650775855,32.95908858995069],[-97.68951607527107,32.95894005678309]]]},"properties":{"prop_id":121631,"state_cd":"S50","ite_code":210,"ite_name":"Single-Family Detached","ite_unit":"DU","units":1,"daily_trips":9.4,"am_peak_trips":0.7,"pm_peak_trips":0.9,"imprv_val":158570.0,"acres":0.142,"city":"Springtown","city_code":"CSP","fill_color":[34,139,34,180]}},{"type":"Feature","geometry":{"type":"Polygon","coordinates":[[[-97.66622521429527,32.95864250344295],[-97.66640386816158,32.958398919883635],[-97.66686483699992,32.95863848028133],[-97.66674346901914,32.958795639678264],[-97.66667808910144,32.95888981565741],[-97.66622521429527,32.95864250344295]]]},"properties":{"prop_id":26224,"state_cd":"S50","ite_code":210,"ite_name":"Single-Family Detached","ite_unit":"DU","units":1,"daily_trips":9.4,"am_peak_trips":0.7,"pm_peak_trips":0.9,"imprv_val":225340.0,"acres":0.76,"city":"Springtown","city_code":"CSP","fill_color":[34,139,34,180]}},{"type":"Feature","geometry":{"type":"Polygon","coordinates":[[[-97.6676242693782,32.95973032238632],[-97.66778347370989,32.95951964804058],[-97.66827623111276,32.95980894724923],[-97.66812234390092,32.96001940970623],[-97.6676242693782,32.95973032238632]]]},"properties":{"prop_id":26241,"state_cd":"S50","ite_code":210,"ite_name":"Single-Family Detached","ite_unit":"DU","units":1,"daily_trips":9.4,"am_peak_trips":0.7,"pm_peak_trips":0.9,"imprv_val":166530.0,"acres":0.3832,"city":"Springtown","city_code":"CSP","fill_color":[34,139,34,180]}},{"type":"Feature","geometry":{"type":"Polygon","coordinates":[[[-97.6832864313594,32.95740475767929],[-97.68355154212082,32.956791534722],[-97.68426719452343,32.95679741757693],[-97.6841942410898,32.95743459733477],[-97.68419417266456,32.957435174054304],[-97.6832864313594,32.95740475767929]]]},"properties":{"prop_id":46168,"state_cd":"S90","ite_code":210,"ite_name":"Single-Family Detached","ite_unit":"DU","units":2,"daily_trips":18.9,"am_peak_trips":1.4,"pm_peak_trips":1.9,"imprv_val":202260.0,"acres":1.17,"city":"Springtown","city_code":"CSP","fill_color":[34,139,34,180]}},{"type":"Feature","geometry":{"type":"Polygon","coordinates":[[[-97.67808389000491,32.961853298925874],[-97.67816883663514,32.96159957094108],[-97.6782205065512,32.96145310014243],[-97.67825153380488,32.96136513340822],[-97.67846797324086,32.96140907339445],[-97.67846709393119,32.96141160713413],[-97.67852882280495,32.96142940665504],[-97.6785777851378,32.96144352461558],[-97.67841944997872,32.961933875723844],[-97.67808389000491,32.961853298925874]]]},"properties":{"prop_id":75301,"state_cd":"SF-OVR","ite_code":210,"ite_name":"Single-Family Detached","ite_unit":"DU","units":1,"daily_trips":9.4,"am_peak_trips":0.7,"pm_peak_trips":0.9,"imprv_val":551940.0,"acres":0.253,"city":"Springtown","city_code":"CSP","fill_color":[34,139,34,180]}},{"type":"Feature","geometry":{"type":"Polygon","coordinates":[[[-97.65944160129581,32.97107651910403],[-97.65945404879017,32.97066439182136],[-97.65966986496203,32.97066857703243],[-97.65965742058518,32.971080368872066],[-97.65944160129581,32.97107651910403]]]},"properties":{"prop_id":122981,"state_cd":"S60","ite_code":210,"ite_name":"Single-Family Detached","ite_unit":"DU","units":1,"daily_trips":9.4,"am_peak_trips":0.7,"pm_peak_trips":0.9,"imprv_val":162010.0,"acres":0.227,"city":"Springtown","city_code":"CSP","fill_color":[34,139,34,180]}},{"type":"Feature","geometry":{"type":"Polygon","coordinates":[[[-97.68238106119786,32.968713294475855],[-97.68208651598343,32.9687517381256],[-97.68178754242429,32.96879075983534],[-97.68173504106618,32.96843042993036],[-97.68229736198572,32.96835203957871],[-97.68238106119786,32.968713294475855]]]},"properties":{"prop_id":16815,"state_cd":"S65","ite_code":210,"ite_name":"Single-Family Detached","ite_unit":"DU","units":1,"daily_trips":9.4,"am_peak_trips":0.7,"pm_peak_trips":0.9,"imprv_val":337460.0,"acres":0.5477,"city":"Springtown","city_code":"CSP","fill_color":[34,139,34,180]}},{"type":"Feature","geometry":{"type":"Polygon","coordinates":[[[-97.68903123729037,32.970212621828104],[-97.68872439909684,32.97021082589446],[-97.68872678689459,32.969952530655334],[-97.68903359415064,32.96995527059568],[-97.68903123729037,32.970212621828104]]]},"properties":{"prop_id":101799,"state_cd":"S50","ite_code":210,"ite_name":"Single-Family Detached","ite_unit":"DU","units":1,"daily_trips":9.4,"am_peak_trips":0.7,"pm_peak_trips":0.9,"imprv_val":226870.0,"acres":0.199,"city":"Springtown","city_code":"CSP","fill_color":[34,139,34,180]}},{"type":"Feature","geometry":{"type":"Polygon","coordinates":[[[-97.64650707348531,32.96514166487612],[-97.64651556032013,32.96498958498099],[-97.646523955288,32.96483915299087],[-97.64653256874685,32.96468480676572],[-97.64654089904654,32.964535528663],[-97.6465493119723,32.96438477844107],[-97.64655772246921,32.96423405525383],[-97.6465661446159,32.964083119312086],[-97.64657455379464,32.963932415949174],[-97.64659137457932,32.963630970451256],[-97.64996515403543,32.96362919128363],[-97.64996283610635,32.963870007140585],[-97.64996057694636,32.964104699092296],[-97.64995802495845,32.96436978507411],[-97.6499551228473,32.964671122049594],[-97.64995299782787,32.96489194661684],[-97.64995276208941,32.96491628257692],[-97.64995026901964,32.96517522569606],[-97.64942433893911,32.96517514701382],[-97.64653201236828,32.965174673860076],[-97.64650524227304,32.965174490518514],[-97.64650707348531,32.96514166487612]]]},"properties":{"prop_id":118564,"state_cd":"S90","ite_code":210,"ite_name":"Single-Family Detached","ite_unit":"DU","units":2,"daily_trips":18.9,"am_peak_trips":1.4,"pm_peak_trips":1.9,"imprv_val":890370.0,"acres":1.0,"city":"Springtown","city_code":"CSP","fill_color":[34,139,34,180]}},{"type":"Feature","geometry":{"type":"Polygon","coordinates":[[[-97.6744382697874,32.96720174270746],[-97.6747914575261,32.96720020317042],[-97.67479228405695,32.967338590775086],[-97.67443912668017,32.96734014224293],[-97.6744382697874,32.96720174270746]]]},"properties":{"prop_id":89565,"state_cd":"S50","ite_code":210,"ite_name":"Single-Family Detached","ite_unit":"DU","units":1,"daily_trips":9.4,"am_peak_trips":0.7,"pm_peak_trips":0.9,"imprv_val":239920.0,"acres":0.126,"city":"Springtown","city_code":"CSP","fill_color":[34,139,34,180]}},{"type":"Feature","geometry":{"type":"Polygon","coordinates":[[[-97.67342556645654,32.963317875805416],[-97.67348776678291,32.96326937882838],[-97.6736088406267,32.96317497801003],[-97.67397159944345,32.96350561014039],[-97.67387446167554,32.9635813471165],[-97.67371515054211,32.963581814969736],[-97.67342556645654,32.963317875805416]]]},"properties":{"prop_id":86713,"state_cd":"S40","ite_code":210,"ite_name":"Single-Family Detached","ite_unit":"DU","units":1,"daily_trips":9.4,"am_peak_trips":0.7,"pm_peak_trips":0.9,"imprv_val":353070.0,"acres":0.29,"city":"Springtown","city_code":"CSP","fill_color":[34,139,34,180]}},{"type":"Feature","geometry":{"type":"Polygon","coordinates":[[[-97.65128729736823,32.96427064419047],[-97.65128800163917,32.96424281323764],[-97.65153129278522,32.96424650987469],[-97.65151956186617,32.964849072226954],[-97.65145313565638,32.964863045538294],[-97.65138894258106,32.964883108718055],[-97.65132776486497,32.96490901638936],[-97.65127034904762,32.9649404516893],[-97.65128729736823,32.96427064419047]]]},"properties":{"prop_id":123470,"state_cd":"S60","ite_code":0,"ite_name":"Vacant/Agricultural","ite_unit":"N/A","units":1.0,"daily_trips":0.0,"am_peak_trips":0.0,"pm_peak_trips":0.0,"imprv_val":0.0,"acres":0.401,"city":"Springtown","city_code":"CSP","fill_color":[80,80,80,100]}},{"type":"Feature","geometry":{"type":"Polygon","coordinates":[[[-97.67639002949105,32.95757476494916],[-97.67683646070122,32.95757771488417],[-97.67682646534755,32.95786382306613],[-97.67637892454002,32.9578608657709],[-97.67639002949105,32.95757476494916]]]},"properties":{"prop_id":1923,"state_cd":"S45","ite_code":210,"ite_name":"Single-Family Detached","ite_unit":"DU","units":1,"daily_trips":9.4,"am_peak_trips":0.7,"pm_peak_trips":0.9,"imprv_val":198620.0,"acres":0.3277,"city":"Springtown","city_code":"CSP","fill_color":[34,139,34,180]}},{"type":"Feature","geometry":{"type":"Polygon","coordinates":[[[-97.65078650041872,32.96483088791751],[-97.65026562378065,32.965216258606226],[-97.65002258519294,32.96498322969568],[-97.65064878332736,32.964672789120705],[-97.65068810683138,32.96472500769469],[-97.65073121686214,32.964775058820976],[-97.65077794521224,32.9648227456531],[-97.65078650041872,32.96483088791751]]]},"properties":{"prop_id":123464,"state_cd":"S60","ite_code":0,"ite_name":"Vacant/Agricultural","ite_unit":"N/A","units":1.0,"daily_trips":0.0,"am_peak_trips":0.0,"pm_peak_trips":0.0,"imprv_val":0.0,"acres":0.457,"city":"Springtown","city_code":"CSP","fill_color":[80,80,80,100]}},{"type":"Feature","geometry":{"type":"Polygon","coordinates":[[[-97.65854910225863,32.96443859668921],[-97.65895112070143,32.96444273726072],[-97.65894839121415,32.964622335333985],[-97.65854551432524,32.964619621962825],[-97.65854910225863,32.96443859668921]]]},"properties":{"prop_id":122943,"state_cd":"S60","ite_code":210,"ite_name":"Single-Family Detached","ite_unit":"DU","units":1,"daily_trips":9.4,"am_peak_trips":0.7,"pm_peak_trips":0.9,"imprv_val":84310.0,"acres":0.187,"city":"Springtown","city_code":"CSP","fill_color":[34,139,34,180]}},{"type":"Feature","geometry":{"type":"Polygon","coordinates":[[[-97.68553168123132,32.96750102939429],[-97.68581156065972,32.96745481001102],[-97.68586714005514,32.96772516895618],[-97.68558667748042,32.96776200209215],[-97.68553168123132,32.96750102939429]]]},"properties":{"prop_id":101821,"state_cd":"S085","ite_code":210,"ite_name":"Single-Family Detached","ite_unit":"DU","units":1,"daily_trips":9.4,"am_peak_trips":0.7,"pm_peak_trips":0.9,"imprv_val":105590.0,"acres":0.21,"city":"Springtown","city_code":"CSP","fill_color":[34,139,34,180]}},{"type":"Feature","geometry":{"type":"Polygon","coordinates":[[[-97.68955454083284,32.96450976307226],[-97.68955554207037,32.964047565449626],[-97.69030123336944,32.964144194027504],[-97.69029325319052,32.96469955689251],[-97.68955454083284,32.96450976307226]]]},"properties":{"prop_id":34071,"state_cd":"SF-OVR","ite_code":210,"ite_name":"Single-Family Detached","ite_unit":"DU","units":2,"daily_trips":18.9,"am_peak_trips":1.4,"pm_peak_trips":1.9,"imprv_val":146530.0,"acres":1.0,"city":"Springtown","city_code":"CSP","fill_color":[34,139,34,180]}},{"type":"Feature","geometry":{"type":"Polygon","coordinates":[[[-97.68873541843834,32.96947538481162],[-97.68903799299463,32.96947494623113],[-97.68903612795114,32.969678597157376],[-97.68873564110064,32.96967482699555],[-97.68873541843834,32.96947538481162]]]},"properties":{"prop_id":17213,"state_cd":"S50","ite_code":210,"ite_name":"Single-Family Detached","ite_unit":"DU","units":1,"daily_trips":9.4,"am_peak_trips":0.7,"pm_peak_trips":0.9,"imprv_val":120510.0,"acres":0.15,"city":"Springtown","city_code":"CSP","fill_color":[34,139,34,180]}},{"type":"Feature","geometry":{"type":"Polygon","coordinates":[[[-97.65852030972768,32.96589117470989],[-97.65892904866465,32.96589522811815],[-97.65892628410256,32.96607715803888],[-97.65851671551113,32.966072511035314],[-97.65852030972768,32.96589117470989]]]},"properties":{"prop_id":122951,"state_cd":"S60","ite_code":210,"ite_name":"Single-Family Detached","ite_unit":"DU","units":1,"daily_trips":9.4,"am_peak_trips":0.7,"pm_peak_trips":0.9,"imprv_val":164840.0,"acres":0.191,"city":"Springtown","city_code":"CSP","fill_color":[34,139,34,180]}},{"type":"Feature","geometry":{"type":"Polygon","coordinates":[[[-97.66728139328501,32.96018399701294],[-97.66745344281867,32.95995633918449],[-97.66795303108182,32.960250962762665],[-97.66778599742938,32.96047939696746],[-97.66728139328501,32.96018399701294]]]},"properties":{"prop_id":26243,"state_cd":"S50","ite_code":210,"ite_name":"Single-Family Detached","ite_unit":"DU","units":1,"daily_trips":9.4,"am_peak_trips":0.7,"pm_peak_trips":0.9,"imprv_val":151160.0,"acres":0.4214,"city":"Springtown","city_code":"CSP","fill_color":[34,139,34,180]}},{"type":"Feature","geometry":{"type":"Polygon","coordinates":[[[-97.68191119157859,32.97235141951848],[-97.68223027437432,32.972299369107326],[-97.68227119820543,32.97251479173592],[-97.68195238712794,32.97256792261848],[-97.6819521181683,32.97256796774786],[-97.68191119157859,32.97235141951848]]]},"properties":{"prop_id":74320,"state_cd":"S50","ite_code":210,"ite_name":"Single-Family Detached","ite_unit":"DU","units":1,"daily_trips":9.4,"am_peak_trips":0.7,"pm_peak_trips":0.9,"imprv_val":116660.0,"acres":0.178,"city":"Springtown","city_code":"CSP","fill_color":[34,139,34,180]}},{"type":"Feature","geometry":{"type":"Polygon","coordinates":[[[-97.68919698404542,32.96991776817097],[-97.68956868854414,32.96992018589169],[-97.68957241181063,32.97016436947625],[-97.689550672449,32.97016422810599],[-97.68921036870032,32.97016201462864],[-97.68919698404542,32.96991776817097]]]},"properties":{"prop_id":17220,"state_cd":"S50","ite_code":210,"ite_name":"Single-Family Detached","ite_unit":"DU","units":1,"daily_trips":9.4,"am_peak_trips":0.7,"pm_peak_trips":0.9,"imprv_val":141580.0,"acres":0.2294,"city":"Springtown","city_code":"CSP","fill_color":[34,139,34,180]}},{"type":"Feature","geometry":{"type":"Polygon","coordinates":[[[-97.68571504879182,32.971431405761365],[-97.68572111483833,32.970771743344194],[-97.68571896400121,32.97076317730859],[-97.68607333254272,32.97076770523359],[-97.68606305934335,32.971436775040225],[-97.68571504879182,32.971431405761365]]]},"properties":{"prop_id":33847,"state_cd":"S65","ite_code":210,"ite_name":"Single-Family Detached","ite_unit":"DU","units":1,"daily_trips":9.4,"am_peak_trips":0.7,"pm_peak_trips":0.9,"imprv_val":191600.0,"acres":0.5996,"city":"Springtown","city_code":"CSP","fill_color":[34,139,34,180]}},{"type":"Feature","geometry":{"type":"Polygon","coordinates":[[[-97.66844405960927,32.9661864964888],[-97.66787316289106,32.966182685746745],[-97.66787478421803,32.96601777095449],[-97.66844560820017,32.966021581210924],[-97.66844405960927,32.9661864964888]]]},"properties":{"prop_id":87682,"state_cd":"S50","ite_code":210,"ite_name":"Single-Family Detached","ite_unit":"DU","units":1,"daily_trips":9.4,"am_peak_trips":0.7,"pm_peak_trips":0.9,"imprv_val":218650.0,"acres":0.241,"city":"Springtown","city_code":"CSP","fill_color":[34,139,34,180]}},{"type":"Feature","geometry":{"type":"Polygon","coordinates":[[[-97.67231918921986,32.97019359116801],[-97.67253476076904,32.970195022661116],[-97.67252997093861,32.970513771006004],[-97.6723148868184,32.97050852532854],[-97.67231918921986,32.97019359116801]]]},"properties":{"prop_id":109492,"state_cd":"S50","ite_code":210,"ite_name":"Single-Family Detached","ite_unit":"DU","units":1,"daily_trips":9.4,"am_peak_trips":0.7,"pm_peak_trips":0.9,"imprv_val":249750.0,"acres":0.173,"city":"Springtown","city_code":"CSP","fill_color":[34,139,34,180]}},{"type":"Feature","geometry":{"type":"Polygon","coordinates":[[[-97.67274992956585,32.964388210014924],[-97.67278025893492,32.96437725127324],[-97.67293737511432,32.96437920135608],[-97.67305262879401,32.96438062545182],[-97.67325170591718,32.964383100678546],[-97.6733877612947,32.96438480044586],[-97.67358687052842,32.96438727535008],[-97.67371262333673,32.96438879641725],[-97.67391173339743,32.96439129876429],[-97.67401642299907,32.964392596927745],[-97.67432559197228,32.964395249981465],[-97.67432587544147,32.96439525276143],[-97.6743257374545,32.96439869320761],[-97.67432502532571,32.96441643999323],[-97.67436211817542,32.96525994075593],[-97.67268186140231,32.96537351858166],[-97.67266122213228,32.964420293302815],[-97.67274992956585,32.964388210014924]]]},"properties":{"prop_id":26358,"state_cd":"S40","ite_code":0,"ite_name":"Vacant/Agricultural","ite_unit":"N/A","units":1.0,"daily_trips":0.0,"am_peak_trips":0.0,"pm_peak_trips":0.0,"imprv_val":0.0,"acres":3.9831,"city":"Springtown","city_code":"CSP","fill_color":[80,80,80,100]}},{"type":"Feature","geometry":{"type":"Polygon","coordinates":[[[-97.68457794811366,32.981741307961194],[-97.68459111790513,32.981243784498275],[-97.68616861927806,32.98127343681928],[-97.6861036901032,32.98176903341018],[-97.68457794811366,32.981741307961194]]]},"properties":{"prop_id":10705,"state_cd":"SF-OVR","ite_code":210,"ite_name":"Single-Family Detached","ite_unit":"DU","units":2,"daily_trips":18.9,"am_peak_trips":1.4,"pm_peak_trips":1.9,"imprv_val":301320.0,"acres":1.454,"city":"Springtown","city_code":"CSP","fill_color":[34,139,34,180]}},{"type":"Feature","geometry":{"type":"Polygon","coordinates":[[[-97.67567328226106,32.95922415133255],[-97.6761623978371,32.95922408711264],[-97.67615292207748,32.95946811498969],[-97.67566435669569,32.959475466857654],[-97.67567328226106,32.95922415133255]]]},"properties":{"prop_id":1884,"state_cd":"S45","ite_code":0,"ite_name":"Vacant/Agricultural","ite_unit":"N/A","units":1.0,"daily_trips":0.0,"am_peak_trips":0.0,"pm_peak_trips":0.0,"imprv_val":0.0,"acres":0.31,"city":"Springtown","city_code":"CSP","fill_color":[80,80,80,100]}},{"type":"Feature","geometry":{"type":"Polygon","coordinates":[[[-97.66710521328908,32.95939503659621],[-97.66727246302274,32.95917487806071],[-97.667746537923,32.95942903578254],[-97.66757125532276,32.95966101470969],[-97.66710521328908,32.95939503659621]]]},"properties":{"prop_id":26272,"state_cd":"S50","ite_code":210,"ite_name":"Single-Family Detached","ite_unit":"DU","units":1,"daily_trips":9.4,"am_peak_trips":0.7,"pm_peak_trips":0.9,"imprv_val":183902.0,"acres":0.3863,"city":"Springtown","city_code":"CSP","fill_color":[34,139,34,180]}},{"type":"Feature","geometry":{"type":"Polygon","coordinates":[[[-97.69100176798004,32.959507349179134],[-97.69139097049063,32.95950552405264],[-97.69139142451033,32.95964372513069],[-97.69100212600942,32.959644866958946],[-97.69100176798004,32.959507349179134]]]},"properties":{"prop_id":121556,"state_cd":"S50","ite_code":0,"ite_name":"Vacant/Agricultural","ite_unit":"N/A","units":1.0,"daily_trips":0.0,"am_peak_trips":0.0,"pm_peak_trips":0.0,"imprv_val":0.0,"acres":0.137,"city":"Springtown","city_code":"CSP","fill_color":[80,80,80,100]}},{"type":"Feature","geometry":{"type":"Polygon","coordinates":[[[-97.65852751394088,32.9655277374047],[-97.65893456570774,32.96553218613706],[-97.65892904866465,32.96589522811815],[-97.65852030972768,32.96589117470989],[-97.65852751394088,32.9655277374047]]]},"properties":{"prop_id":122950,"state_cd":"S60","ite_code":210,"ite_name":"Single-Family Detached","ite_unit":"DU","units":1,"daily_trips":9.4,"am_peak_trips":0.7,"pm_peak_trips":0.9,"imprv_val":44303.0,"acres":0.19,"city":"Springtown","city_code":"CSP","fill_color":[34,139,34,180]}},{"type":"Feature","geometry":{"type":"Polygon","coordinates":[[[-97.68604444647337,32.96668894312977],[-97.68609804393719,32.96695962723713],[-97.68602501858798,32.96696990182038],[-97.68590436195417,32.966986874184215],[-97.68585076609419,32.96671619451038],[-97.68604444647337,32.96668894312977]]]},"properties":{"prop_id":93854,"state_cd":"S40","ite_code":210,"ite_name":"Single-Family Detached","ite_unit":"DU","units":1,"daily_trips":9.4,"am_peak_trips":0.7,"pm_peak_trips":0.9,"imprv_val":239070.0,"acres":0.138,"city":"Springtown","city_code":"CSP","fill_color":[34,139,34,180]}},{"type":"Feature","geometry":{"type":"Polygon","coordinates":[[[-97.67553129856154,32.96778816949864],[-97.6756265666077,32.96778663174582],[-97.67562913408423,32.96802062503387],[-97.67553285391391,32.968020648245464],[-97.67553129856154,32.96778816949864]]]},"properties":{"prop_id":89531,"state_cd":"S25","ite_code":210,"ite_name":"Single-Family Detached","ite_unit":"DU","units":1,"daily_trips":9.4,"am_peak_trips":0.7,"pm_peak_trips":0.9,"imprv_val":198900.0,"acres":0.059,"city":"Springtown","city_code":"CSP","fill_color":[34,139,34,180]}},{"type":"Feature","geometry":{"type":"Polygon","coordinates":[[[-97.69038595849409,32.977241670775356],[-97.69114156542932,32.97724849404574],[-97.69111832234476,32.97804335095742],[-97.6910855159643,32.97804316509801],[-97.69030900501562,32.97737396858075],[-97.69032639147429,32.97735819504442],[-97.6903418655237,32.97734106176123],[-97.690355278003,32.977322733698095],[-97.69036650105043,32.97730338678198],[-97.69037542598006,32.977283206082724],[-97.69038196756122,32.977262385840554],[-97.69038595849409,32.977241670775356]]]},"properties":{"prop_id":83454,"state_cd":"S85","ite_code":210,"ite_name":"Single-Family Detached","ite_unit":"DU","units":2,"daily_trips":18.9,"am_peak_trips":1.4,"pm_peak_trips":1.9,"imprv_val":260700.0,"acres":1.03,"city":"Springtown","city_code":"CSP","fill_color":[34,139,34,180]}},{"type":"Feature","geometry":{"type":"Polygon","coordinates":[[[-97.67284010433795,32.96626819358166],[-97.67341699924026,32.966230487852414],[-97.67342058711394,32.96651338673352],[-97.67284381693649,32.96654441441051],[-97.67284010433795,32.96626819358166]]]},"properties":{"prop_id":26380,"state_cd":"S50","ite_code":210,"ite_name":"Single-Family Detached","ite_unit":"DU","units":1,"daily_trips":9.4,"am_peak_trips":0.7,"pm_peak_trips":0.9,"imprv_val":163000.0,"acres":0.4134,"city":"Springtown","city_code":"CSP","fill_color":[34,139,34,180]}},{"type":"Feature","geometry":{"type":"Polygon","coordinates":[[[-97.67685557341309,32.95702973734283],[-97.6764114287076,32.95702322954074],[-97.67642005625798,32.9568001408462],[-97.67642451119764,32.956770156659985],[-97.67643572860027,32.956741457177976],[-97.6764532898474,32.95671511641046],[-97.6764765364768,32.95669211840299],[-97.67650459935689,32.956673325865836],[-97.67653642794424,32.95665943978582],[-97.67657083109731,32.9566509816598],[-97.67660666236526,32.95664826856682],[-97.67690872500405,32.956650236255356],[-97.67689273732294,32.95703028495002],[-97.67685557341309,32.95702973734283]]]},"properties":{"prop_id":1926,"state_cd":"S45","ite_code":210,"ite_name":"Single-Family Detached","ite_unit":"DU","units":1,"daily_trips":9.4,"am_peak_trips":0.7,"pm_peak_trips":0.9,"imprv_val":253210.0,"acres":0.4517,"city":"Springtown","city_code":"CSP","fill_color":[34,139,34,180]}},{"type":"Feature","geometry":{"type":"Polygon","coordinates":[[[-97.6482899871275,32.968445008474326],[-97.64876578446061,32.968248547379964],[-97.64877846806438,32.96826896025472],[-97.64879499829739,32.96828731347959],[-97.64881491790798,32.96830309530061],[-97.6488376705048,32.96831586813801],[-97.64886262402229,32.968325275961725],[-97.6487275414942,32.968645226356834],[-97.64844567375843,32.968592003045174],[-97.64826927951961,32.96853496290649],[-97.6482899871275,32.968445008474326]]]},"properties":{"prop_id":127260,"state_cd":"S60","ite_code":0,"ite_name":"Vacant/Agricultural","ite_unit":"N/A","units":1.0,"daily_trips":0.0,"am_peak_trips":0.0,"pm_peak_trips":0.0,"imprv_val":0.0,"acres":0.346,"city":"Springtown","city_code":"CSP","fill_color":[80,80,80,100]}},{"type":"Feature","geometry":{"type":"Polygon","coordinates":[[[-97.68464379923681,32.978074064406954],[-97.68513313812508,32.978078568654034],[-97.68511815474602,32.978273851245284],[-97.68463641580986,32.97826028014999],[-97.68464379923681,32.978074064406954]]]},"properties":{"prop_id":106797,"state_cd":"S50","ite_code":210,"ite_name":"Single-Family Detached","ite_unit":"DU","units":1,"daily_trips":9.4,"am_peak_trips":0.7,"pm_peak_trips":0.9,"imprv_val":293940.0,"acres":0.251,"city":"Springtown","city_code":"CSP","fill_color":[34,139,34,180]}},{"type":"Feature","geometry":{"type":"Polygon","coordinates":[[[-97.6940918502331,32.974031103409],[-97.69430370971357,32.973642888984664],[-97.69437303227538,32.973668841527086],[-97.69444422184462,32.97369091473806],[-97.69451697223018,32.973709011944386],[-97.69446269196409,32.97407357057324],[-97.69428062238728,32.97407181379021],[-97.6940918502331,32.974031103409]]]},"properties":{"prop_id":117455,"state_cd":"S55","ite_code":210,"ite_name":"Single-Family Detached","ite_unit":"DU","units":1,"daily_trips":9.4,"am_peak_trips":0.7,"pm_peak_trips":0.9,"imprv_val":350410.0,"acres":0.307,"city":"Springtown","city_code":"CSP","fill_color":[34,139,34,180]}},{"type":"Feature","geometry":{"type":"Polygon","coordinates":[[[-97.67909734101569,32.97254906687467],[-97.67910372716817,32.97216972474372],[-97.67931533485307,32.97217686297751],[-97.67930896254441,32.97255469374925],[-97.67909734101569,32.97254906687467]]]},"properties":{"prop_id":70331,"state_cd":"S50","ite_code":210,"ite_name":"Single-Family Detached","ite_unit":"DU","units":1,"daily_trips":9.4,"am_peak_trips":0.7,"pm_peak_trips":0.9,"imprv_val":180740.0,"acres":0.198,"city":"Springtown","city_code":"CSP","fill_color":[34,139,34,180]}},{"type":"Feature","geometry":{"type":"Polygon","coordinates":[[[-97.67568311738485,32.95894521622344],[-97.67617295222472,32.958951727423994],[-97.6761623978371,32.95922408711264],[-97.67567328226106,32.95922415133255],[-97.67568311738485,32.95894521622344]]]},"properties":{"prop_id":1885,"state_cd":"S45","ite_code":210,"ite_name":"Single-Family Detached","ite_unit":"DU","units":1,"daily_trips":9.4,"am_peak_trips":0.7,"pm_peak_trips":0.9,"imprv_val":319620.0,"acres":0.3457,"city":"Springtown","city_code":"CSP","fill_color":[34,139,34,180]}},{"type":"Feature","geometry":{"type":"Polygon","coordinates":[[[-97.6898930139399,32.97226563793486],[-97.6903538261909,32.97225005129041],[-97.69046252997848,32.97250562765037],[-97.69005464560338,32.972622904536365],[-97.6898930139399,32.97226563793486]]]},"properties":{"prop_id":38098,"state_cd":"S60","ite_code":210,"ite_name":"Single-Family Detached","ite_unit":"DU","units":1,"daily_trips":9.4,"am_peak_trips":0.7,"pm_peak_trips":0.9,"imprv_val":227330.0,"acres":0.358,"city":"Springtown","city_code":"CSP","fill_color":[34,139,34,180]}},{"type":"Feature","geometry":{"type":"Polygon","coordinates":[[[-97.67083668514006,32.97120372598397],[-97.67062300139746,32.97119991790832],[-97.67062514901744,32.97088746389953],[-97.67083800492343,32.97088888024407],[-97.67083668514006,32.97120372598397]]]},"properties":{"prop_id":109462,"state_cd":"S50","ite_code":210,"ite_name":"Single-Family Detached","ite_unit":"DU","units":1,"daily_trips":9.4,"am_peak_trips":0.7,"pm_peak_trips":0.9,"imprv_val":236600.0,"acres":0.174,"city":"Springtown","city_code":"CSP","fill_color":[34,139,34,180]}},{"type":"Feature","geometry":{"type":"Polygon","coordinates":[[[-97.6817904813556,32.959033052585006],[-97.68265263685156,32.95902946244376],[-97.68261770010048,32.959329942012786],[-97.6817750409153,32.95930885076905],[-97.68179018867882,32.95903427984955],[-97.6817904813556,32.959033052585006]]]},"properties":{"prop_id":46133,"state_cd":"S60","ite_code":210,"ite_name":"Single-Family Detached","ite_unit":"DU","units":1,"daily_trips":9.4,"am_peak_trips":0.7,"pm_peak_trips":0.9,"imprv_val":30940.0,"acres":0.545,"city":"Springtown","city_code":"CSP","fill_color":[34,139,34,180]}},{"type":"Feature","geometry":{"type":"Polygon","coordinates":[[[-97.66770703966077,32.96660773882863],[-97.66707940162809,32.966603545502885],[-97.66708471693312,32.96643868607158],[-97.66770872841104,32.966442855158164],[-97.66770703966077,32.96660773882863]]]},"properties":{"prop_id":87694,"state_cd":"S50","ite_code":210,"ite_name":"Single-Family Detached","ite_unit":"DU","units":1,"daily_trips":9.4,"am_peak_trips":0.7,"pm_peak_trips":0.9,"imprv_val":223640.0,"acres":0.264,"city":"Springtown","city_code":"CSP","fill_color":[34,139,34,180]}},{"type":"Feature","geometry":{"type":"Polygon","coordinates":[[[-97.69506500386353,32.97405832271166],[-97.69550538821733,32.974062618996776],[-97.69550187291394,32.974255699717595],[-97.69506156363737,32.97425174840705],[-97.69506500386353,32.97405832271166]]]},"properties":{"prop_id":117515,"state_cd":"S55","ite_code":210,"ite_name":"Single-Family Detached","ite_unit":"DU","units":1,"daily_trips":9.4,"am_peak_trips":0.7,"pm_peak_trips":0.9,"imprv_val":273580.0,"acres":0.217,"city":"Springtown","city_code":"CSP","fill_color":[34,139,34,180]}},{"type":"Feature","geometry":{"type":"Polygon","coordinates":[[[-97.67806467351369,32.96224615012343],[-97.6780535723536,32.963035358657486],[-97.67773835766036,32.96303775219843],[-97.6777528317585,32.96216013216178],[-97.67806467351369,32.96224615012343]]]},"properties":{"prop_id":2913,"state_cd":"SF-OVR","ite_code":210,"ite_name":"Single-Family Detached","ite_unit":"DU","units":1,"daily_trips":9.4,"am_peak_trips":0.7,"pm_peak_trips":0.9,"imprv_val":199840.0,"acres":0.662,"city":"Springtown","city_code":"CSP","fill_color":[34,139,34,180]}},{"type":"Feature","geometry":{"type":"Polygon","coordinates":[[[-97.64986418033915,32.968436187392726],[-97.64988261236864,32.96841961493264],[-97.64989757257786,32.9684007200349],[-97.64990865594709,32.968380013076406],[-97.64991556074936,32.968358054739056],[-97.64991810262224,32.968335438970485],[-97.64991621149602,32.96831277853413],[-97.6499099382028,32.96829068521405],[-97.64989945351851,32.96826975808455],[-97.6499053496065,32.96824410620514],[-97.64997677016696,32.96830183041037],[-97.65002805925828,32.96837118067975],[-97.65012648917013,32.96850427146644],[-97.65022428147994,32.96863649838394],[-97.64997775521934,32.968765727886144],[-97.64989957656648,32.968504567152536],[-97.64986418033915,32.968436187392726]]]},"properties":{"prop_id":127267,"state_cd":"S60","ite_code":0,"ite_name":"Vacant/Agricultural","ite_unit":"N/A","units":1.0,"daily_trips":0.0,"am_peak_trips":0.0,"pm_peak_trips":0.0,"imprv_val":0.0,"acres":0.218,"city":"Springtown","city_code":"CSP","fill_color":[80,80,80,100]}},{"type":"Feature","geometry":{"type":"Polygon","coordinates":[[[-97.69099891221944,32.95840792295324],[-97.69138735785712,32.95840598383463],[-97.69138780991011,32.958543696131684],[-97.69099926532871,32.958543753409224],[-97.69099891221944,32.95840792295324]]]},"properties":{"prop_id":121548,"state_cd":"S50","ite_code":0,"ite_name":"Vacant/Agricultural","ite_unit":"N/A","units":1.0,"daily_trips":0.0,"am_peak_trips":0.0,"pm_peak_trips":0.0,"imprv_val":0.0,"acres":0.137,"city":"Springtown","city_code":"CSP","fill_color":[80,80,80,100]}},{"type":"Feature","geometry":{"type":"Polygon","coordinates":[[[-97.64906726762034,32.967695586916705],[-97.6494512477842,32.96776015185392],[-97.64941660092512,32.9679099818203],[-97.6490325633473,32.96784676191328],[-97.64906726762034,32.967695586916705]]]},"properties":{"prop_id":127318,"state_cd":"S60","ite_code":0,"ite_name":"Vacant/Agricultural","ite_unit":"N/A","units":1.0,"daily_trips":0.0,"am_peak_trips":0.0,"pm_peak_trips":0.0,"imprv_val":0.0,"acres":0.152,"city":"Springtown","city_code":"CSP","fill_color":[80,80,80,100]}},{"type":"Feature","geometry":{"type":"Polygon","coordinates":[[[-97.69297107972795,32.972504464622745],[-97.69326545330344,32.97222744961931],[-97.69343577230023,32.97235564663838],[-97.69353063302506,32.97242704720927],[-97.69323656442171,32.97270431010009],[-97.69297107972795,32.972504464622745]]]},"properties":{"prop_id":117486,"state_cd":"S55","ite_code":210,"ite_name":"Single-Family Detached","ite_unit":"DU","units":1,"daily_trips":9.4,"am_peak_trips":0.7,"pm_peak_trips":0.9,"imprv_val":290340.0,"acres":0.337,"city":"Springtown","city_code":"CSP","fill_color":[34,139,34,180]}},{"type":"Feature","geometry":{"type":"Polygon","coordinates":[[[-97.68611324374292,32.97700825624972],[-97.6868419381437,32.97701301258351],[-97.68683879298156,32.97735548677717],[-97.68613274200523,32.97735087830586],[-97.68611324374292,32.97700825624972]]]},"properties":{"prop_id":33920,"state_cd":"S75","ite_code":210,"ite_name":"Single-Family Detached","ite_unit":"DU","units":1,"daily_trips":9.4,"am_peak_trips":0.7,"pm_peak_trips":0.9,"imprv_val":175180.0,"acres":0.6292,"city":"Springtown","city_code":"CSP","fill_color":[34,139,34,180]}},{"type":"Feature","geometry":{"type":"Polygon","coordinates":[[[-97.6818112445033,32.97212461246214],[-97.68147001340427,32.972171905317936],[-97.68142226209453,32.97192610024573],[-97.68176115798094,32.97186778725223],[-97.6818112445033,32.97212461246214]]]},"properties":{"prop_id":122531,"state_cd":"S50","ite_code":0,"ite_name":"Vacant/Agricultural","ite_unit":"N/A","units":1.0,"daily_trips":0.0,"am_peak_trips":0.0,"pm_peak_trips":0.0,"imprv_val":0.0,"acres":0.226,"city":"Springtown","city_code":"CSP","fill_color":[80,80,80,100]}},{"type":"Feature","geometry":{"type":"Polygon","coordinates":[[[-97.68834978243483,32.97025636454939],[-97.6883522770287,32.96994918582245],[-97.68872678689459,32.969952530655334],[-97.68872439909684,32.97021082589446],[-97.68872395697313,32.97025885046714],[-97.68834978243483,32.97025636454939]]]},"properties":{"prop_id":17202,"state_cd":"S50","ite_code":210,"ite_name":"Single-Family Detached","ite_unit":"DU","units":1,"daily_trips":9.4,"am_peak_trips":0.7,"pm_peak_trips":0.9,"imprv_val":118790.0,"acres":0.2941,"city":"Springtown","city_code":"CSP","fill_color":[34,139,34,180]}},{"type":"Feature","geometry":{"type":"Polygon","coordinates":[[[-97.69100212600942,32.959644866958946],[-97.69139142451033,32.95964372513069],[-97.69139187099915,32.959779704966216],[-97.69100248128763,32.959781983406906],[-97.69100212600942,32.959644866958946]]]},"properties":{"prop_id":121557,"state_cd":"S50","ite_code":0,"ite_name":"Vacant/Agricultural","ite_unit":"N/A","units":1.0,"daily_trips":0.0,"am_peak_trips":0.0,"pm_peak_trips":0.0,"imprv_val":0.0,"acres":0.137,"city":"Springtown","city_code":"CSP","fill_color":[80,80,80,100]}},{"type":"Feature","geometry":{"type":"Polygon","coordinates":[[[-97.6841161113903,32.96994007009563],[-97.68409500775454,32.969837961941394],[-97.6840864587599,32.96979659978677],[-97.68448842730669,32.96975017975896],[-97.6845362405487,32.96996147584238],[-97.68413251912527,32.970019454938885],[-97.6841161113903,32.96994007009563]]]},"properties":{"prop_id":17255,"state_cd":"S60","ite_code":210,"ite_name":"Single-Family Detached","ite_unit":"DU","units":1,"daily_trips":9.4,"am_peak_trips":0.7,"pm_peak_trips":0.9,"imprv_val":134960.0,"acres":0.24,"city":"Springtown","city_code":"CSP","fill_color":[34,139,34,180]}},{"type":"Feature","geometry":{"type":"Polygon","coordinates":[[[-97.68053854373795,32.96632526363704],[-97.68085490916569,32.96625870126139],[-97.68089224885838,32.96644572963856],[-97.68092946096975,32.96663211055296],[-97.68092958977854,32.96663275800688],[-97.68083558685686,32.966652536675475],[-97.68061322306228,32.96669932147052],[-97.68053854373795,32.96632526363704]]]},"properties":{"prop_id":34633,"state_cd":"S55","ite_code":210,"ite_name":"Single-Family Detached","ite_unit":"DU","units":1,"daily_trips":9.4,"am_peak_trips":0.7,"pm_peak_trips":0.9,"imprv_val":117800.0,"acres":0.32,"city":"Springtown","city_code":"CSP","fill_color":[34,139,34,180]}},{"type":"Feature","geometry":{"type":"Polygon","coordinates":[[[-97.67893763912674,32.961560232125365],[-97.67918316946475,32.960889366653404],[-97.67926730004285,32.96090459617181],[-97.67933232028922,32.96073388793956],[-97.67942381871102,32.96075170721635],[-97.67941074644598,32.96081127319204],[-97.67911660324415,32.961606862196],[-97.67903164408195,32.96159462749123],[-97.67894079986456,32.96156142892955],[-97.67893763912674,32.961560232125365]]]},"properties":{"prop_id":46193,"state_cd":"SF-OVR","ite_code":210,"ite_name":"Single-Family Detached","ite_unit":"DU","units":1,"daily_trips":9.4,"am_peak_trips":0.7,"pm_peak_trips":0.9,"imprv_val":77790.0,"acres":0.52,"city":"Springtown","city_code":"CSP","fill_color":[34,139,34,180]}},{"type":"Feature","geometry":{"type":"Polygon","coordinates":[[[-97.6823085532767,32.969931477264616],[-97.68235587814729,32.97014772291735],[-97.6823758718002,32.970255589445294],[-97.68200990115747,32.970301381324276],[-97.68194651465816,32.96998259025324],[-97.6823085532767,32.969931477264616]]]},"properties":{"prop_id":78932,"state_cd":"S50","ite_code":210,"ite_name":"Single-Family Detached","ite_unit":"DU","units":1,"daily_trips":9.4,"am_peak_trips":0.7,"pm_peak_trips":0.9,"imprv_val":235000.0,"acres":0.3088,"city":"Springtown","city_code":"CSP","fill_color":[34,139,34,180]}},{"type":"Feature","geometry":{"type":"Polygon","coordinates":[[[-97.6736356453542,32.97020996295859],[-97.67364090152596,32.96988930851668],[-97.67382656559042,32.969892448628045],[-97.67387367271823,32.9699404826915],[-97.67386889712564,32.97020960021563],[-97.6736356453542,32.97020996295859]]]},"properties":{"prop_id":109485,"state_cd":"S50","ite_code":210,"ite_name":"Single-Family Detached","ite_unit":"DU","units":1,"daily_trips":9.4,"am_peak_trips":0.7,"pm_peak_trips":0.9,"imprv_val":259920.0,"acres":0.192,"city":"Springtown","city_code":"CSP","fill_color":[34,139,34,180]}},{"type":"Feature","geometry":{"type":"Polygon","coordinates":[[[-97.68859137058705,32.95988606981163],[-97.68898212490814,32.959885765642056],[-97.68898246064276,32.96001124124606],[-97.68898249025005,32.96002237625425],[-97.68859182050981,32.96002365765457],[-97.68859137058705,32.95988606981163]]]},"properties":{"prop_id":121573,"state_cd":"S50","ite_code":210,"ite_name":"Single-Family Detached","ite_unit":"DU","units":1,"daily_trips":9.4,"am_peak_trips":0.7,"pm_peak_trips":0.9,"imprv_val":166700.0,"acres":0.138,"city":"Springtown","city_code":"CSP","fill_color":[34,139,34,180]}},{"type":"Feature","geometry":{"type":"Polygon","coordinates":[[[-97.66529193066276,32.95736514407882],[-97.66587243268387,32.957364468994975],[-97.66586415197439,32.95765864131969],[-97.66528716520692,32.957645927075816],[-97.66529193066276,32.95736514407882]]]},"properties":{"prop_id":26284,"state_cd":"S50","ite_code":210,"ite_name":"Single-Family Detached","ite_unit":"DU","units":1,"daily_trips":9.4,"am_peak_trips":0.7,"pm_peak_trips":0.9,"imprv_val":282290.0,"acres":0.4263,"city":"Springtown","city_code":"CSP","fill_color":[34,139,34,180]}},{"type":"Feature","geometry":{"type":"Polygon","coordinates":[[[-97.67237822356866,32.96937280258689],[-97.67254782384093,32.96936734545954],[-97.67254626200562,32.96979381644433],[-97.67235101744973,32.969798246538915],[-97.67235078534858,32.969373685422745],[-97.67237822356866,32.96937280258689]]]},"properties":{"prop_id":109346,"state_cd":"S50","ite_code":210,"ite_name":"Single-Family Detached","ite_unit":"DU","units":1,"daily_trips":9.4,"am_peak_trips":0.7,"pm_peak_trips":0.9,"imprv_val":259180.0,"acres":0.213,"city":"Springtown","city_code":"CSP","fill_color":[34,139,34,180]}},{"type":"Feature","geometry":{"type":"Polygon","coordinates":[[[-97.65849154412558,32.96734239538236],[-97.65890700556447,32.96734572224847],[-97.65890424110022,32.96752763229435],[-97.65848796261109,32.96752305809503],[-97.65849154412558,32.96734239538236]]]},"properties":{"prop_id":122959,"state_cd":"S60","ite_code":0,"ite_name":"Vacant/Agricultural","ite_unit":"N/A","units":1.0,"daily_trips":0.0,"am_peak_trips":0.0,"pm_peak_trips":0.0,"imprv_val":0.0,"acres":0.194,"city":"Springtown","city_code":"CSP","fill_color":[80,80,80,100]}},{"type":"Feature","geometry":{"type":"Polygon","coordinates":[[[-97.6592444570732,32.96965509194985],[-97.65903501310116,32.96965284461919],[-97.65904476710924,32.96902196428804],[-97.65945560089112,32.96965735670598],[-97.6592444570732,32.96965509194985]]]},"properties":{"prop_id":123020,"state_cd":"S60","ite_code":0,"ite_name":"Vacant/Agricultural","ite_unit":"N/A","units":1.0,"daily_trips":0.0,"am_peak_trips":0.0,"pm_peak_trips":0.0,"imprv_val":0.0,"acres":0.34,"city":"Springtown","city_code":"CSP","fill_color":[80,80,80,100]}},{"type":"Feature","geometry":{"type":"Polygon","coordinates":[[[-97.68425843286809,32.972565203362095],[-97.68453672286545,32.972529115549676],[-97.68457015819364,32.97270940929661],[-97.68457932071054,32.97276425224503],[-97.68430446264776,32.972801105719704],[-97.68425843286809,32.972565203362095]]]},"properties":{"prop_id":26914,"state_cd":"S50","ite_code":210,"ite_name":"Single-Family Detached","ite_unit":"DU","units":1,"daily_trips":9.4,"am_peak_trips":0.7,"pm_peak_trips":0.9,"imprv_val":151030.0,"acres":0.169,"city":"Springtown","city_code":"CSP","fill_color":[34,139,34,180]}},{"type":"Feature","geometry":{"type":"Polygon","coordinates":[[[-97.68292807242075,32.968620681890435],[-97.68292030467587,32.96859663886527],[-97.68297980974589,32.96858987031808],[-97.68290845337795,32.96827762786954],[-97.68322048985773,32.968227322521045],[-97.68330510044335,32.9685867827144],[-97.68293536575631,32.96865161714274],[-97.68292807242075,32.968620681890435]]]},"properties":{"prop_id":42,"state_cd":"S50","ite_code":210,"ite_name":"Single-Family Detached","ite_unit":"DU","units":1,"daily_trips":9.4,"am_peak_trips":0.7,"pm_peak_trips":0.9,"imprv_val":169790.0,"acres":0.3092,"city":"Springtown","city_code":"CSP","fill_color":[34,139,34,180]}},{"type":"Feature","geometry":{"type":"Polygon","coordinates":[[[-97.65845197854297,32.96933836931058],[-97.65887666521795,32.96934213096182],[-97.65887390767669,32.96952352426004],[-97.65844836551433,32.96952064242021],[-97.65845197854297,32.96933836931058]]]},"properties":{"prop_id":122970,"state_cd":"S60","ite_code":0,"ite_name":"Vacant/Agricultural","ite_unit":"N/A","units":1.0,"daily_trips":0.0,"am_peak_trips":0.0,"pm_peak_trips":0.0,"imprv_val":0.0,"acres":0.198,"city":"Springtown","city_code":"CSP","fill_color":[80,80,80,100]}},{"type":"Feature","geometry":{"type":"Polygon","coordinates":[[[-97.68073004421954,32.971762944574834],[-97.68118195431467,32.97170305022733],[-97.68118918393114,32.971735862747394],[-97.68126121889678,32.972060332915234],[-97.68078541962855,32.97206218073265],[-97.68073004421954,32.971762944574834]]]},"properties":{"prop_id":4713,"state_cd":"S55","ite_code":0,"ite_name":"Vacant/Agricultural","ite_unit":"N/A","units":1.0,"daily_trips":0.0,"am_peak_trips":0.0,"pm_peak_trips":0.0,"imprv_val":0.0,"acres":0.3953,"city":"Springtown","city_code":"CSP","fill_color":[80,80,80,100]}},{"type":"Feature","geometry":{"type":"Polygon","coordinates":[[[-97.67934592377628,32.96341992942279],[-97.6803563386469,32.963426579357254],[-97.68035123830016,32.964080164172934],[-97.6803396744997,32.96453687710945],[-97.67934252849552,32.96456277745191],[-97.67934592377628,32.96341992942279]]]},"properties":{"prop_id":88836,"state_cd":"SF-OVR","ite_code":0,"ite_name":"Vacant/Agricultural","ite_unit":"N/A","units":1.0,"daily_trips":0.0,"am_peak_trips":0.0,"pm_peak_trips":0.0,"imprv_val":0.0,"acres":2.89,"city":"Springtown","city_code":"CSP","fill_color":[80,80,80,100]}},{"type":"Feature","geometry":{"type":"Polygon","coordinates":[[[-97.64952012257342,32.96746230259733],[-97.64990481449401,32.9675257590505],[-97.64987029342153,32.967675391598405],[-97.64948567128873,32.96761128710806],[-97.64952012257342,32.96746230259733]]]},"properties":{"prop_id":127311,"state_cd":"S60","ite_code":0,"ite_name":"Vacant/Agricultural","ite_unit":"N/A","units":1.0,"daily_trips":0.0,"am_peak_trips":0.0,"pm_peak_trips":0.0,"imprv_val":0.0,"acres":0.152,"city":"Springtown","city_code":"CSP","fill_color":[80,80,80,100]}},{"type":"Feature","geometry":{"type":"Polygon","coordinates":[[[-97.68520768573964,32.96829699948304],[-97.68531730472073,32.96876726368481],[-97.68488944196015,32.9688191804474],[-97.68481737711595,32.9684706514756],[-97.68479295787812,32.96835991203162],[-97.68520768573964,32.96829699948304]]]},"properties":{"prop_id":59533,"state_cd":"S60","ite_code":210,"ite_name":"Single-Family Detached","ite_unit":"DU","units":1,"daily_trips":9.4,"am_peak_trips":0.7,"pm_peak_trips":0.9,"imprv_val":233210.0,"acres":0.39,"city":"Springtown","city_code":"CSP","fill_color":[34,139,34,180]}},{"type":"Feature","geometry":{"type":"Polygon","coordinates":[[[-97.67049162794028,32.96567767974914],[-97.67089999450774,32.96565126026715],[-97.67089934556901,32.96613855748609],[-97.67049332275931,32.96616510170065],[-97.67030985559234,32.966177129956485],[-97.67017931065533,32.96618566136696],[-97.67016894074715,32.965698538756975],[-97.67049162794028,32.96567767974914]]]},"properties":{"prop_id":26418,"state_cd":"S85","ite_code":210,"ite_name":"Single-Family Detached","ite_unit":"DU","units":1,"daily_trips":9.4,"am_peak_trips":0.7,"pm_peak_trips":0.9,"imprv_val":214690.0,"acres":0.906,"city":"Springtown","city_code":"CSP","fill_color":[34,139,34,180]}},{"type":"Feature","geometry":{"type":"Polygon","coordinates":[[[-97.66683947155688,32.95730639318569],[-97.6671242372555,32.956900901776784],[-97.6673451867451,32.95701864264161],[-97.66739878962844,32.957047203602066],[-97.66711044550884,32.957451212553515],[-97.66683947155688,32.95730639318569]]]},"properties":{"prop_id":26200,"state_cd":"S50","ite_code":210,"ite_name":"Single-Family Detached","ite_unit":"DU","units":1,"daily_trips":9.4,"am_peak_trips":0.7,"pm_peak_trips":0.9,"imprv_val":151000.0,"acres":0.3897,"city":"Springtown","city_code":"CSP","fill_color":[34,139,34,180]}},{"type":"Feature","geometry":{"type":"Polygon","coordinates":[[[-97.68650551186172,32.96933849508306],[-97.6865055161469,32.96933826153897],[-97.68652359322023,32.96933851751546],[-97.6865551722831,32.96933895631098],[-97.68691552266051,32.96934399888926],[-97.68690219974981,32.96963202804031],[-97.68650074009376,32.969626751363876],[-97.68650551186172,32.96933849508306]]]},"properties":{"prop_id":59551,"state_cd":"S60","ite_code":210,"ite_name":"Single-Family Detached","ite_unit":"DU","units":1,"daily_trips":9.4,"am_peak_trips":0.7,"pm_peak_trips":0.9,"imprv_val":198910.0,"acres":0.28,"city":"Springtown","city_code":"CSP","fill_color":[34,139,34,180]}},{"type":"Feature","geometry":{"type":"Polygon","coordinates":[[[-97.68498815133714,32.976190707466685],[-97.68491241067537,32.97580377606979],[-97.68523986606715,32.97579946190709],[-97.68527844618748,32.97617243167353],[-97.68498815133714,32.976190707466685]]]},"properties":{"prop_id":26933,"state_cd":"S50","ite_code":0,"ite_name":"Vacant/Agricultural","ite_unit":"N/A","units":1.0,"daily_trips":0.0,"am_peak_trips":0.0,"pm_peak_trips":0.0,"imprv_val":0.0,"acres":0.3022,"city":"Springtown","city_code":"CSP","fill_color":[80,80,80,100]}},{"type":"Feature","geometry":{"type":"Polygon","coordinates":[[[-97.66966808919976,32.97160919455896],[-97.66997294010876,32.971611225250726],[-97.66997337456573,32.97192726494478],[-97.66974579091465,32.97192646507508],[-97.66966405902063,32.97185791676509],[-97.66966808919976,32.97160919455896]]]},"properties":{"prop_id":109428,"state_cd":"S50","ite_code":210,"ite_name":"Single-Family Detached","ite_unit":"DU","units":1,"daily_trips":9.4,"am_peak_trips":0.7,"pm_peak_trips":0.9,"imprv_val":277740.0,"acres":0.24,"city":"Springtown","city_code":"CSP","fill_color":[34,139,34,180]}},{"type":"Feature","geometry":{"type":"Polygon","coordinates":[[[-97.6756402896146,32.96015548981907],[-97.67564100196616,32.96013504385877],[-97.67573435741664,32.960081923495224],[-97.6762369443632,32.95962600997519],[-97.67625840601042,32.95963985958119],[-97.67628157107691,32.95965159664699],[-97.67630614888373,32.95966107495835],[-97.6763318303323,32.959668173430515],[-97.67635829317717,32.95967280425945],[-97.6763852041991,32.95967490932925],[-97.67641222453679,32.959674462050714],[-97.6764390353928,32.959671463924174],[-97.67641780021718,32.96017022456705],[-97.67623344433774,32.960147545272804],[-97.67578049532459,32.96010284438074],[-97.6756402896146,32.96015548981907]]]},"properties":{"prop_id":1887,"state_cd":"S45","ite_code":0,"ite_name":"Vacant/Agricultural","ite_unit":"N/A","units":1.0,"daily_trips":0.0,"am_peak_trips":0.0,"pm_peak_trips":0.0,"imprv_val":0.0,"acres":0.5989,"city":"Springtown","city_code":"CSP","fill_color":[80,80,80,100]}},{"type":"Feature","geometry":{"type":"Polygon","coordinates":[[[-97.69426556215384,32.973466655496004],[-97.69455299785778,32.97319655560442],[-97.69473431125476,32.97324620646691],[-97.69458961087862,32.973582835878325],[-97.69450429579153,32.97356307661469],[-97.69442141251233,32.97353697967798],[-97.69434162250224,32.97350475316053],[-97.69426556215384,32.973466655496004]]]},"properties":{"prop_id":117479,"state_cd":"S55","ite_code":210,"ite_name":"Single-Family Detached","ite_unit":"DU","units":1,"daily_trips":9.4,"am_peak_trips":0.7,"pm_peak_trips":0.9,"imprv_val":300937.0,"acres":0.25,"city":"Springtown","city_code":"CSP","fill_color":[34,139,34,180]}},{"type":"Feature","geometry":{"type":"Polygon","coordinates":[[[-97.67730817337518,32.97629869189544],[-97.67731359971363,32.97611620968787],[-97.67802067578648,32.97613173378959],[-97.67801503696353,32.97631421100936],[-97.67730817337518,32.97629869189544]]]},"properties":{"prop_id":129086,"state_cd":"S60","ite_code":0,"ite_name":"Vacant/Agricultural","ite_unit":"N/A","units":1.0,"daily_trips":0.0,"am_peak_trips":0.0,"pm_peak_trips":0.0,"imprv_val":0.0,"acres":0.331,"city":"Springtown","city_code":"CSP","fill_color":[80,80,80,100]}},{"type":"Feature","geometry":{"type":"Polygon","coordinates":[[[-97.68288700578258,32.989705724555506],[-97.68306002687054,32.98936975636415],[-97.6841354384404,32.98978241944531],[-97.68398636459688,32.9900968660972],[-97.68398604266854,32.990097543962186],[-97.68288894910798,32.989706417266596],[-97.68288700578258,32.989705724555506]]]},"properties":{"prop_id":50319,"state_cd":"S100","ite_code":210,"ite_name":"Single-Family Detached","ite_unit":"DU","units":2,"daily_trips":18.9,"am_peak_trips":1.4,"pm_peak_trips":1.9,"imprv_val":169410.0,"acres":1.0,"city":"Springtown","city_code":"CSP","fill_color":[34,139,34,180]}},{"type":"Feature","geometry":{"type":"Polygon","coordinates":[[[-97.66742811051833,32.96096881564977],[-97.66761998612883,32.9607064083838],[-97.6680702327814,32.96096422572266],[-97.66795211164263,32.96126165071151],[-97.66742811051833,32.96096881564977]]]},"properties":{"prop_id":26248,"state_cd":"S50","ite_code":210,"ite_name":"Single-Family Detached","ite_unit":"DU","units":1,"daily_trips":9.4,"am_peak_trips":0.7,"pm_peak_trips":0.9,"imprv_val":230380.0,"acres":0.4586,"city":"Springtown","city_code":"CSP","fill_color":[34,139,34,180]}},{"type":"Feature","geometry":{"type":"Polygon","coordinates":[[[-97.68359864062043,32.95929753467362],[-97.68361130148706,32.95909926413511],[-97.68292360594182,32.95909501379316],[-97.68303276901689,32.95853520527263],[-97.68356961537681,32.95853947682407],[-97.68360604456814,32.95831773510241],[-97.68361443222071,32.95826667646725],[-97.68367988790945,32.95826822535352],[-97.68418921590518,32.9582748616221],[-97.68472620839715,32.95827587086732],[-97.68504725314732,32.95828170088222],[-97.68537128072813,32.95828620585213],[-97.68582995484171,32.95829141034173],[-97.68615935526583,32.9582964254317],[-97.68722389659037,32.95831328280357],[-97.68722052865859,32.95861324262442],[-97.68721682455515,32.958943069547125],[-97.68721312042409,32.95927289645538],[-97.68720941626543,32.959602723349114],[-97.68720848653082,32.9596854947827],[-97.68382400167893,32.959670851911845],[-97.68357483664781,32.959670290149425],[-97.68359864062043,32.95929753467362]]]},"properties":{"prop_id":46158,"state_cd":"8","ite_code":0,"ite_name":"Vacant/Agricultural","ite_unit":"N/A","units":1.0,"daily_trips":0.0,"am_peak_trips":0.0,"pm_peak_trips":0.0,"imprv_val":0.0,"acres":13.62,"city":"Springtown","city_code":"CSP","fill_color":[80,80,80,100]}},{"type":"Feature","geometry":{"type":"Polygon","coordinates":[[[-97.6815177659905,32.972417716683],[-97.68191119157859,32.97235141951848],[-97.68195238712794,32.97256792261848],[-97.68195623178947,32.97258813064191],[-97.68194375512688,32.9725901707352],[-97.68156559966828,32.97265200506414],[-97.6815177659905,32.972417716683]]]},"properties":{"prop_id":72037,"state_cd":"S50","ite_code":210,"ite_name":"Single-Family Detached","ite_unit":"DU","units":1,"daily_trips":9.4,"am_peak_trips":0.7,"pm_peak_trips":0.9,"imprv_val":261620.0,"acres":0.229,"city":"Springtown","city_code":"CSP","fill_color":[34,139,34,180]}},{"type":"Feature","geometry":{"type":"Polygon","coordinates":[[[-97.6769955303953,32.96134735371384],[-97.67700398015039,32.9610608629901],[-97.67771790630381,32.96124899712823],[-97.67758950239707,32.96160923204154],[-97.6769955303953,32.96134735371384]]]},"properties":{"prop_id":35539,"state_cd":"SF-OVR","ite_code":210,"ite_name":"Single-Family Detached","ite_unit":"DU","units":1,"daily_trips":9.4,"am_peak_trips":0.7,"pm_peak_trips":0.9,"imprv_val":423750.0,"acres":0.593,"city":"Springtown","city_code":"CSP","fill_color":[34,139,34,180]}},{"type":"Feature","geometry":{"type":"Polygon","coordinates":[[[-97.67069273351414,32.96272604599253],[-97.67082799769713,32.9625082816172],[-97.67125099775058,32.9627475448357],[-97.6711038182344,32.96296962860066],[-97.67069273351414,32.96272604599253]]]},"properties":{"prop_id":26325,"state_cd":"S50","ite_code":210,"ite_name":"Single-Family Detached","ite_unit":"DU","units":1,"daily_trips":9.4,"am_peak_trips":0.7,"pm_peak_trips":0.9,"imprv_val":182630.0,"acres":0.3223,"city":"Springtown","city_code":"CSP","fill_color":[34,139,34,180]}},{"type":"Feature","geometry":{"type":"Polygon","coordinates":[[[-97.67321448299872,32.97020526046254],[-97.67321974175663,32.969884606947],[-97.67342804797788,32.969887896959],[-97.67342509035723,32.970204749223875],[-97.67321448299872,32.97020526046254]]]},"properties":{"prop_id":109483,"state_cd":"S50","ite_code":210,"ite_name":"Single-Family Detached","ite_unit":"DU","units":1,"daily_trips":9.4,"am_peak_trips":0.7,"pm_peak_trips":0.9,"imprv_val":243710.0,"acres":0.173,"city":"Springtown","city_code":"CSP","fill_color":[34,139,34,180]}},{"type":"Feature","geometry":{"type":"Polygon","coordinates":[[[-97.64584489890264,32.964518543045195],[-97.64654089904654,32.964535528663],[-97.64653256874685,32.96468480676572],[-97.64583967121273,32.964671672430555],[-97.64584489890264,32.964518543045195]]]},"properties":{"prop_id":123421,"state_cd":"S60","ite_code":210,"ite_name":"Single-Family Detached","ite_unit":"DU","units":1,"daily_trips":9.4,"am_peak_trips":0.7,"pm_peak_trips":0.9,"imprv_val":263640.0,"acres":0.27,"city":"Springtown","city_code":"CSP","fill_color":[34,139,34,180]}},{"type":"Feature","geometry":{"type":"Polygon","coordinates":[[[-97.68617042170382,32.97135713011078],[-97.68617443320724,32.97117849807688],[-97.68639398323695,32.971179882861556],[-97.68661353328177,32.971181266357675],[-97.68660951556014,32.97136020588075],[-97.68617042170382,32.97135713011078]]]},"properties":{"prop_id":112934,"state_cd":"S50","ite_code":0,"ite_name":"Vacant/Agricultural","ite_unit":"N/A","units":1.0,"daily_trips":0.0,"am_peak_trips":0.0,"pm_peak_trips":0.0,"imprv_val":0.0,"acres":0.2011,"city":"Springtown","city_code":"CSP","fill_color":[80,80,80,100]}},{"type":"Feature","geometry":{"type":"Polygon","coordinates":[[[-97.68920620417464,32.96861621431525],[-97.68920699841141,32.96852946956748],[-97.68920859268458,32.96835534612546],[-97.68950857605199,32.968357297435325],[-97.68950696752876,32.96853304226149],[-97.6895061746505,32.96861967068293],[-97.68920620417464,32.96861621431525]]]},"properties":{"prop_id":74327,"state_cd":"S50","ite_code":210,"ite_name":"Single-Family Detached","ite_unit":"DU","units":1,"daily_trips":9.4,"am_peak_trips":0.7,"pm_peak_trips":0.9,"imprv_val":136100.0,"acres":0.2,"city":"Springtown","city_code":"CSP","fill_color":[34,139,34,180]}},{"type":"Feature","geometry":{"type":"Polygon","coordinates":[[[-97.68711898486312,32.96681601375944],[-97.68695817239933,32.966838634851065],[-97.68695921225766,32.966739824393045],[-97.68696258202206,32.96641975335539],[-97.68691895582997,32.96642594471665],[-97.68687645333404,32.966431976557324],[-97.68689440304743,32.96621266211586],[-97.68672864505845,32.96604863821387],[-97.6864632090159,32.965789027598696],[-97.68658512357106,32.96577118543932],[-97.68666154884882,32.96575869079095],[-97.68629645348032,32.965420316118646],[-97.68750921106644,32.965216899339566],[-97.6875141631063,32.96522751812644],[-97.68775730396106,32.966654750791065],[-97.6878102124117,32.966965317261185],[-97.687693117752,32.96696827589309],[-97.68768913711915,32.96682573759183],[-97.68712216119454,32.9667442178137],[-97.68711898486312,32.96681601375944]]]},"properties":{"prop_id":36571,"state_cd":"A25","ite_code":210,"ite_name":"Single-Family Detached","ite_unit":"DU","units":3,"daily_trips":28.3,"am_peak_trips":2.1,"pm_peak_trips":2.8,"imprv_val":48440.0,"acres":3.84,"city":"Springtown","city_code":"CSP","fill_color":[34,139,34,180]}},{"type":"Feature","geometry":{"type":"Polygon","coordinates":[[[-97.67126491673633,32.97018276752874],[-97.67147369503353,32.97018415568365],[-97.67147752365146,32.970501052149494],[-97.67126691556855,32.97050156099878],[-97.67126491673633,32.97018276752874]]]},"properties":{"prop_id":109497,"state_cd":"S50","ite_code":210,"ite_name":"Single-Family Detached","ite_unit":"DU","units":1,"daily_trips":9.4,"am_peak_trips":0.7,"pm_peak_trips":0.9,"imprv_val":258350.0,"acres":0.173,"city":"Springtown","city_code":"CSP","fill_color":[34,139,34,180]}},{"type":"Feature","geometry":{"type":"Polygon","coordinates":[[[-97.67981162263126,32.962580911987715],[-97.6803902670831,32.962646432757026],[-97.68038172467362,32.963343804696734],[-97.6797936558674,32.96334162371336],[-97.67981162263126,32.962580911987715]]]},"properties":{"prop_id":46177,"state_cd":"SF-OVR","ite_code":210,"ite_name":"Single-Family Detached","ite_unit":"DU","units":2,"daily_trips":18.9,"am_peak_trips":1.4,"pm_peak_trips":1.9,"imprv_val":70370.0,"acres":1.101,"city":"Springtown","city_code":"CSP","fill_color":[34,139,34,180]}},{"type":"Feature","geometry":{"type":"Polygon","coordinates":[[[-97.68042263581656,32.96626559521143],[-97.68037919746385,32.96593832188893],[-97.6803195924117,32.96548923841663],[-97.68065600974639,32.96544324015883],[-97.68071066409475,32.96571982169527],[-97.68102828175178,32.965682449225525],[-97.68112066880123,32.966080252722236],[-97.68083556017045,32.96611521211849],[-97.68061464253525,32.96615014292999],[-97.68057243390692,32.96616080090906],[-97.68053162685183,32.96617884410364],[-97.68049578046072,32.96620325070656],[-97.68046627169403,32.96623308376455],[-97.68044423340298,32.96626719639825],[-97.68043051431431,32.96630427843283],[-97.68042905531657,32.96631396343899],[-97.68042263581656,32.96626559521143]]]},"properties":{"prop_id":59576,"state_cd":"S90","ite_code":210,"ite_name":"Single-Family Detached","ite_unit":"DU","units":1,"daily_trips":9.4,"am_peak_trips":0.7,"pm_peak_trips":0.9,"imprv_val":98130.0,"acres":0.98,"city":"Springtown","city_code":"CSP","fill_color":[34,139,34,180]}},{"type":"Feature","geometry":{"type":"Polygon","coordinates":[[[-97.68207928929698,32.973301432154685],[-97.68240990602655,32.97324494514521],[-97.68240995806524,32.97324521873878],[-97.68244369465857,32.97342280416348],[-97.68211514863141,32.973477668046726],[-97.68210637713574,32.973430108793075],[-97.68207928929698,32.973301432154685]]]},"properties":{"prop_id":74314,"state_cd":"S50","ite_code":210,"ite_name":"Single-Family Detached","ite_unit":"DU","units":1,"daily_trips":9.4,"am_peak_trips":0.7,"pm_peak_trips":0.9,"imprv_val":195110.0,"acres":0.174,"city":"Springtown","city_code":"CSP","fill_color":[34,139,34,180]}},{"type":"Feature","geometry":{"type":"Polygon","coordinates":[[[-97.68722797059763,32.98531510998547],[-97.68674801004738,32.98530782836969],[-97.68675569383618,32.98418718415197],[-97.69046415514738,32.9842495320151],[-97.69047543805823,32.98469921870426],[-97.69049142073887,32.98533755612284],[-97.6901350924289,32.98533851238604],[-97.68897406628706,32.98534162844809],[-97.68722797059763,32.98531510998547]]]},"properties":{"prop_id":34976,"state_cd":"8","ite_code":0,"ite_name":"Vacant/Agricultural","ite_unit":"N/A","units":1.0,"daily_trips":0.0,"am_peak_trips":0.0,"pm_peak_trips":0.0,"imprv_val":0.0,"acres":14.47,"city":"Springtown","city_code":"CSP","fill_color":[80,80,80,100]}},{"type":"Feature","geometry":{"type":"Polygon","coordinates":[[[-97.67438794110531,32.96765933279401],[-97.67477160277176,32.96765801592655],[-97.67477658714768,32.967677414691856],[-97.67478489248451,32.96769598863517],[-97.67479633853202,32.96771333434883],[-97.67481067843647,32.96772907774431],[-97.67482760297779,32.96774287858936],[-97.67484674478087,32.96775443775039],[-97.67481598106212,32.96779388723575],[-97.6747162555907,32.96779421256019],[-97.67461745663016,32.96779453402111],[-97.67452068827352,32.967794849013956],[-97.6743887844284,32.96779527836988],[-97.67438869091845,32.967784194338364],[-97.67438763512692,32.96765933347238],[-97.67438794110531,32.96765933279401]]]},"properties":{"prop_id":89555,"state_cd":"S25","ite_code":0,"ite_name":"Vacant/Agricultural","ite_unit":"N/A","units":1.0,"daily_trips":0.0,"am_peak_trips":0.0,"pm_peak_trips":0.0,"imprv_val":0.0,"acres":0.146,"city":"Springtown","city_code":"CSP","fill_color":[80,80,80,100]}},{"type":"Feature","geometry":{"type":"Polygon","coordinates":[[[-97.67099501834656,32.96784870492598],[-97.67163735582909,32.967802042073245],[-97.67164726167678,32.96807478515495],[-97.67099463068233,32.96812701509385],[-97.67099501834656,32.96784870492598]]]},"properties":{"prop_id":26407,"state_cd":"S50","ite_code":0,"ite_name":"Vacant/Agricultural","ite_unit":"N/A","units":1.0,"daily_trips":0.0,"am_peak_trips":0.0,"pm_peak_trips":0.0,"imprv_val":0.0,"acres":0.4575,"city":"Springtown","city_code":"CSP","fill_color":[80,80,80,100]}},{"type":"Feature","geometry":{"type":"Polygon","coordinates":[[[-97.6798161264489,32.96073843318027],[-97.67987149027633,32.96053789009547],[-97.68007984850995,32.96057942124969],[-97.6800331232364,32.96078032337715],[-97.6798161264489,32.96073843318027]]]},"properties":{"prop_id":46176,"state_cd":"S60","ite_code":210,"ite_name":"Single-Family Detached","ite_unit":"DU","units":1,"daily_trips":9.4,"am_peak_trips":0.7,"pm_peak_trips":0.9,"imprv_val":142680.0,"acres":0.12,"city":"Springtown","city_code":"CSP","fill_color":[34,139,34,180]}},{"type":"Feature","geometry":{"type":"Polygon","coordinates":[[[-97.6999911690142,32.96563233650343],[-97.69990270507759,32.96573234067774],[-97.69982027423335,32.965835943921434],[-97.69974408209958,32.96594288694015],[-97.69967431831687,32.966052903121636],[-97.69961115868736,32.96616571854991],[-97.69955475875607,32.96628105196355],[-97.69950526022916,32.96639861479673],[-97.69947206913785,32.96647578333806],[-97.69944592372576,32.96655485398282],[-97.69942697471612,32.966635368676044],[-97.69941533222396,32.96671686459179],[-97.69941106364857,32.96679887051199],[-97.69939867741414,32.96683956141337],[-97.69937893605542,32.96687813267412],[-97.69935231981546,32.966913648579336],[-97.69931947520344,32.96694524302032],[-97.69567279651116,32.9660476056833],[-97.69573076107574,32.96475081006969],[-97.69641084571914,32.96477078448457],[-97.69645964316038,32.963221596582166],[-97.69646149394511,32.96318055935119],[-97.69651144393286,32.9631627574937],[-97.69853282032444,32.9628874724957],[-97.69996602006339,32.962692268490315],[-97.70008532965991,32.96267601611102],[-97.70004740472363,32.96386676086554],[-97.6999911690142,32.96563233650343]]]},"properties":{"prop_id":75085,"state_cd":"A50","ite_code":0,"ite_name":"Vacant/Agricultural","ite_unit":"N/A","units":1.0,"daily_trips":0.0,"am_peak_trips":0.0,"pm_peak_trips":0.0,"imprv_val":0.0,"acres":36.053,"city":"Springtown","city_code":"CSP","fill_color":[80,80,80,100]}},{"type":"Feature","geometry":{"type":"Polygon","coordinates":[[[-97.6831851732616,32.9765011993048],[-97.68393713476071,32.97648411887472],[-97.68400370885075,32.97683330731088],[-97.68324807955014,32.9768311652394],[-97.6831851732616,32.9765011993048]]]},"properties":{"prop_id":44223,"state_cd":"S80","ite_code":210,"ite_name":"Single-Family Detached","ite_unit":"DU","units":1,"daily_trips":9.4,"am_peak_trips":0.7,"pm_peak_trips":0.9,"imprv_val":162670.0,"acres":0.68,"city":"Springtown","city_code":"CSP","fill_color":[34,139,34,180]}},{"type":"Feature","geometry":{"type":"Polygon","coordinates":[[[-97.65059208123348,32.96757999154798],[-97.65056431325013,32.96755717548626],[-97.65086933015094,32.96733515146331],[-97.65091063342493,32.96737517271499],[-97.65094193179006,32.96740580903204],[-97.65097552165234,32.96743467082937],[-97.65099116352428,32.967447517478625],[-97.65071813063153,32.967683564006116],[-97.65059208123348,32.96757999154798]]]},"properties":{"prop_id":127359,"state_cd":"S60","ite_code":0,"ite_name":"Vacant/Agricultural","ite_unit":"N/A","units":1.0,"daily_trips":0.0,"am_peak_trips":0.0,"pm_peak_trips":0.0,"imprv_val":0.0,"acres":0.167,"city":"Springtown","city_code":"CSP","fill_color":[80,80,80,100]}},{"type":"Feature","geometry":{"type":"Polygon","coordinates":[[[-97.68132707349952,32.969339153657074],[-97.68173899342182,32.96930417805303],[-97.68177261517081,32.969647993326774],[-97.6813824771521,32.96966779286434],[-97.68137815753285,32.96964216714896],[-97.68132707349952,32.969339153657074]]]},"properties":{"prop_id":29550,"state_cd":"S50","ite_code":210,"ite_name":"Single-Family Detached","ite_unit":"DU","units":1,"daily_trips":9.4,"am_peak_trips":0.7,"pm_peak_trips":0.9,"imprv_val":181060.0,"acres":0.3485,"city":"Springtown","city_code":"CSP","fill_color":[34,139,34,180]}},{"type":"Feature","geometry":{"type":"Polygon","coordinates":[[[-97.69421250160134,32.972940274489694],[-97.69411820508607,32.97286930015076],[-97.69441130839944,32.972593700938134],[-97.69457936631144,32.972720436137266],[-97.69428587106778,32.97299549752382],[-97.69421250160134,32.972940274489694]]]},"properties":{"prop_id":117504,"state_cd":"S55","ite_code":210,"ite_name":"Single-Family Detached","ite_unit":"DU","units":1,"daily_trips":9.4,"am_peak_trips":0.7,"pm_peak_trips":0.9,"imprv_val":199900.0,"acres":0.217,"city":"Springtown","city_code":"CSP","fill_color":[34,139,34,180]}},{"type":"Feature","geometry":{"type":"Polygon","coordinates":[[[-97.68921211837275,32.96826484501792],[-97.68921460048428,32.96799375075668],[-97.68989282072042,32.96799816135026],[-97.68989033540524,32.96826983275696],[-97.68921211837275,32.96826484501792]]]},"properties":{"prop_id":17235,"state_cd":"S40","ite_code":210,"ite_name":"Single-Family Detached","ite_unit":"DU","units":1,"daily_trips":9.4,"am_peak_trips":0.7,"pm_peak_trips":0.9,"imprv_val":84810.0,"acres":0.4715,"city":"Springtown","city_code":"CSP","fill_color":[34,139,34,180]}},{"type":"Feature","geometry":{"type":"Polygon","coordinates":[[[-97.66918195811486,32.9605215068427],[-97.66935313328567,32.960287961604045],[-97.66981330296528,32.96053055826582],[-97.66964319913562,32.96076047690915],[-97.66918195811486,32.9605215068427]]]},"properties":{"prop_id":111523,"state_cd":"S50","ite_code":0,"ite_name":"Vacant/Agricultural","ite_unit":"N/A","units":1.0,"daily_trips":0.0,"am_peak_trips":0.0,"pm_peak_trips":0.0,"imprv_val":0.0,"acres":0.3787,"city":"Springtown","city_code":"CSP","fill_color":[80,80,80,100]}},{"type":"Feature","geometry":{"type":"Polygon","coordinates":[[[-97.68216454738098,32.96537302953773],[-97.68215079876039,32.96530486246611],[-97.68255088202554,32.96524571890075],[-97.68260584414419,32.96549549489584],[-97.68220171837822,32.965557384319446],[-97.68216454738098,32.96537302953773]]]},"properties":{"prop_id":26669,"state_cd":"S60","ite_code":210,"ite_name":"Single-Family Detached","ite_unit":"DU","units":1,"daily_trips":9.4,"am_peak_trips":0.7,"pm_peak_trips":0.9,"imprv_val":170270.0,"acres":0.2669,"city":"Springtown","city_code":"CSP","fill_color":[34,139,34,180]}},{"type":"Feature","geometry":{"type":"Polygon","coordinates":[[[-97.69005694359154,32.959236813172716],[-97.69044693724095,32.959236083743676],[-97.69044739551902,32.959373423625834],[-97.69005738574937,32.95937479685747],[-97.69005735267373,32.95936449421],[-97.69005694359154,32.959236813172716]]]},"properties":{"prop_id":121620,"state_cd":"S50","ite_code":210,"ite_name":"Single-Family Detached","ite_unit":"DU","units":1,"daily_trips":9.4,"am_peak_trips":0.7,"pm_peak_trips":0.9,"imprv_val":54220.0,"acres":0.138,"city":"Springtown","city_code":"CSP","fill_color":[34,139,34,180]}},{"type":"Feature","geometry":{"type":"Polygon","coordinates":[[[-97.67748666209462,32.95672153422706],[-97.67748871961082,32.95670800600835],[-97.6774938214024,32.95669506332854],[-97.67750177792426,32.95668318921578],[-97.67751229091428,32.95667282449688],[-97.67752496953861,32.95666435708161],[-97.677539341272,32.95665810219447],[-97.67755487125203,32.9566542916809],[-97.67757073234925,32.95665306798052],[-97.67786767682011,32.956655000465],[-97.67786355515123,32.95709900919709],[-97.67747208792497,32.95709719500943],[-97.67748666209462,32.95672153422706]]]},"properties":{"prop_id":1910,"state_cd":"S45","ite_code":210,"ite_name":"Single-Family Detached","ite_unit":"DU","units":1,"daily_trips":9.4,"am_peak_trips":0.7,"pm_peak_trips":0.9,"imprv_val":250890.0,"acres":0.435,"city":"Springtown","city_code":"CSP","fill_color":[34,139,34,180]}},{"type":"Feature","geometry":{"type":"Polygon","coordinates":[[[-97.6698319905099,32.9640514555014],[-97.67006019589455,32.963719382588984],[-97.67051314294929,32.963955115940585],[-97.6706780792045,32.96404095451762],[-97.66991629959624,32.96419491028464],[-97.669905950486,32.9641984432346],[-97.66989509079846,32.96420063718076],[-97.66988396596582,32.96420144415764],[-97.66987176755141,32.9642007153896],[-97.66985987253145,32.964198320266505],[-97.66984860017087,32.964194323140994],[-97.66983825008195,32.96418883062078],[-97.66982910225,32.964181988863174],[-97.66982139886451,32.964173981650475],[-97.66981534544833,32.964165024084394],[-97.66981110666309,32.96415535354015],[-97.6698087934645,32.96414523048249],[-97.66980846857723,32.96413492497485],[-97.66981014011948,32.96412471212782],[-97.6698319905099,32.9640514555014]]]},"properties":{"prop_id":26321,"state_cd":"S50","ite_code":210,"ite_name":"Single-Family Detached","ite_unit":"DU","units":1,"daily_trips":9.4,"am_peak_trips":0.7,"pm_peak_trips":0.9,"imprv_val":223470.0,"acres":0.5341,"city":"Springtown","city_code":"CSP","fill_color":[34,139,34,180]}},{"type":"Feature","geometry":{"type":"Polygon","coordinates":[[[-97.65903501310116,32.96965284461919],[-97.6592444570732,32.96965509194985],[-97.65934070939477,32.96995673055512],[-97.65903035808745,32.96995397295688],[-97.65903501310116,32.96965284461919]]]},"properties":{"prop_id":123021,"state_cd":"S60","ite_code":0,"ite_name":"Vacant/Agricultural","ite_unit":"N/A","units":1.0,"daily_trips":0.0,"am_peak_trips":0.0,"pm_peak_trips":0.0,"imprv_val":0.0,"acres":0.199,"city":"Springtown","city_code":"CSP","fill_color":[80,80,80,100]}},{"type":"Feature","geometry":{"type":"Polygon","coordinates":[[[-97.68711735847111,32.96267727804075],[-97.68713562032187,32.96240003326613],[-97.68751625253005,32.96240886889772],[-97.68752816102032,32.963357464462824],[-97.68711004089258,32.96335105916983],[-97.68711069002681,32.96329129596746],[-97.68711727350592,32.962685135975335],[-97.68711735847111,32.96267727804075]]]},"properties":{"prop_id":46045,"state_cd":"S90","ite_code":210,"ite_name":"Single-Family Detached","ite_unit":"DU","units":2,"daily_trips":18.9,"am_peak_trips":1.4,"pm_peak_trips":1.9,"imprv_val":191760.0,"acres":1.0,"city":"Springtown","city_code":"CSP","fill_color":[34,139,34,180]}},{"type":"Feature","geometry":{"type":"Polygon","coordinates":[[[-97.672978412288,32.97163843548583],[-97.67298049199115,32.971324918711765],[-97.67319533027543,32.97132634417781],[-97.67319238959915,32.97164128733376],[-97.672978412288,32.97163843548583]]]},"properties":{"prop_id":109406,"state_cd":"S50","ite_code":210,"ite_name":"Single-Family Detached","ite_unit":"DU","units":1,"daily_trips":9.4,"am_peak_trips":0.7,"pm_peak_trips":0.9,"imprv_val":260030.0,"acres":0.174,"city":"Springtown","city_code":"CSP","fill_color":[34,139,34,180]}},{"type":"Feature","geometry":{"type":"Polygon","coordinates":[[[-97.67740724023024,32.975012438856126],[-97.67741230161843,32.97472674512453],[-97.67805826688245,32.97473903491541],[-97.67805573281493,32.975024013046614],[-97.67792731214794,32.975021842180574],[-97.67740724023024,32.975012438856126]]]},"properties":{"prop_id":37968,"state_cd":"S60","ite_code":210,"ite_name":"Single-Family Detached","ite_unit":"DU","units":1,"daily_trips":9.4,"am_peak_trips":0.7,"pm_peak_trips":0.9,"imprv_val":196230.0,"acres":0.45,"city":"Springtown","city_code":"CSP","fill_color":[34,139,34,180]}},{"type":"Feature","geometry":{"type":"Polygon","coordinates":[[[-97.66971410693067,32.96937220939052],[-97.66999466506965,32.96937018055124],[-97.67000250882815,32.969769265420126],[-97.66978970931251,32.96976212142577],[-97.66970887129203,32.969689046500775],[-97.66971410693067,32.96937220939052]]]},"properties":{"prop_id":109332,"state_cd":"S50","ite_code":210,"ite_name":"Single-Family Detached","ite_unit":"DU","units":1,"daily_trips":9.4,"am_peak_trips":0.7,"pm_peak_trips":0.9,"imprv_val":269880.0,"acres":0.272,"city":"Springtown","city_code":"CSP","fill_color":[34,139,34,180]}},{"type":"Feature","geometry":{"type":"Polygon","coordinates":[[[-97.67298025692078,32.97195011782681],[-97.67276727833996,32.97194942039178],[-97.67276614053615,32.97163487944549],[-97.672978412288,32.97163843548583],[-97.67298025692078,32.97195011782681]]]},"properties":{"prop_id":109414,"state_cd":"S50","ite_code":210,"ite_name":"Single-Family Detached","ite_unit":"DU","units":1,"daily_trips":9.4,"am_peak_trips":0.7,"pm_peak_trips":0.9,"imprv_val":233380.0,"acres":0.174,"city":"Springtown","city_code":"CSP","fill_color":[34,139,34,180]}},{"type":"Feature","geometry":{"type":"Polygon","coordinates":[[[-97.69850676711772,32.96703906321735],[-97.69848846298942,32.96780776862651],[-97.69936715837831,32.96782263348227],[-97.69934445860855,32.96931164532226],[-97.69687630275003,32.969272481812716],[-97.69693868260944,32.96664585082492],[-97.69695325470562,32.96664949700482],[-97.69850676711772,32.96703906321735]]]},"properties":{"prop_id":103944,"state_cd":"SF-OVR","ite_code":0,"ite_name":"Vacant/Agricultural","ite_unit":"N/A","units":1.0,"daily_trips":0.0,"am_peak_trips":0.0,"pm_peak_trips":0.0,"imprv_val":0.0,"acres":5.0,"city":"Springtown","city_code":"CSP","fill_color":[80,80,80,100]}},{"type":"Feature","geometry":{"type":"Polygon","coordinates":[[[-97.67786767682011,32.956655000465],[-97.67805461910686,32.956656205779254],[-97.67831217994184,32.95665784945467],[-97.67829805826304,32.95710110505318],[-97.67804984976851,32.95709990812773],[-97.67786355515123,32.95709900919709],[-97.67786767682011,32.956655000465]]]},"properties":{"prop_id":1909,"state_cd":"S45","ite_code":210,"ite_name":"Single-Family Detached","ite_unit":"DU","units":1,"daily_trips":9.4,"am_peak_trips":0.7,"pm_peak_trips":0.9,"imprv_val":242720.0,"acres":0.4995,"city":"Springtown","city_code":"CSP","fill_color":[34,139,34,180]}},{"type":"Feature","geometry":{"type":"Polygon","coordinates":[[[-97.67254908465264,32.971223458835915],[-97.67233396312895,32.9712220303731],[-97.67233268145321,32.97090645042729],[-97.67254666036264,32.970908826342125],[-97.67254908465264,32.971223458835915]]]},"properties":{"prop_id":109454,"state_cd":"S50","ite_code":210,"ite_name":"Single-Family Detached","ite_unit":"DU","units":1,"daily_trips":9.4,"am_peak_trips":0.7,"pm_peak_trips":0.9,"imprv_val":265450.0,"acres":0.174,"city":"Springtown","city_code":"CSP","fill_color":[34,139,34,180]}},{"type":"Feature","geometry":{"type":"Polygon","coordinates":[[[-97.67175741282601,32.95811516496891],[-97.67191458586142,32.95790528713339],[-97.67177101553959,32.957831352768345],[-97.67167095508962,32.95683830856272],[-97.6731424624999,32.95736881354478],[-97.67280107032349,32.95782797364805],[-97.67234324510741,32.95843607055993],[-97.67213400605243,32.958318142293514],[-97.67192154065837,32.95820439924315],[-97.67175741282601,32.95811516496891]]]},"properties":{"prop_id":35527,"state_cd":"SF-OVR","ite_code":210,"ite_name":"Single-Family Detached","ite_unit":"DU","units":3,"daily_trips":28.3,"am_peak_trips":2.1,"pm_peak_trips":2.8,"imprv_val":211430.0,"acres":3.32,"city":"Springtown","city_code":"CSP","fill_color":[34,139,34,180]}},{"type":"Feature","geometry":{"type":"Polygon","coordinates":[[[-97.68970289511475,32.97585475571619],[-97.6897077194957,32.97556619514972],[-97.69027777647827,32.97557251078186],[-97.6902729852282,32.975861044518666],[-97.68970289511475,32.97585475571619]]]},"properties":{"prop_id":19200,"state_cd":"S55","ite_code":210,"ite_name":"Single-Family Detached","ite_unit":"DU","units":1,"daily_trips":9.4,"am_peak_trips":0.7,"pm_peak_trips":0.9,"imprv_val":218210.0,"acres":0.42,"city":"Springtown","city_code":"CSP","fill_color":[34,139,34,180]}},{"type":"Feature","geometry":{"type":"Polygon","coordinates":[[[-97.68295216191522,32.96426278377097],[-97.68314494367777,32.96423470315124],[-97.68321196592771,32.964558787042485],[-97.68301924278823,32.96458716485339],[-97.68295216191522,32.96426278377097]]]},"properties":{"prop_id":113756,"state_cd":"SF-OVR","ite_code":0,"ite_name":"Vacant/Agricultural","ite_unit":"N/A","units":1.0,"daily_trips":0.0,"am_peak_trips":0.0,"pm_peak_trips":0.0,"imprv_val":0.0,"acres":0.165,"city":"Springtown","city_code":"CSP","fill_color":[80,80,80,100]}},{"type":"Feature","geometry":{"type":"Polygon","coordinates":[[[-97.6850595968421,32.97654346232383],[-97.68534175621434,32.97654236879966],[-97.68534321558131,32.976542372025854],[-97.68564505293368,32.976544338258066],[-97.68567236078842,32.976761098195034],[-97.68509582445884,32.976759638621836],[-97.6850595968421,32.97654346232383]]]},"properties":{"prop_id":33911,"state_cd":"S36","ite_code":210,"ite_name":"Single-Family Detached","ite_unit":"DU","units":1,"daily_trips":9.4,"am_peak_trips":0.7,"pm_peak_trips":0.9,"imprv_val":105580.0,"acres":0.3231,"city":"Springtown","city_code":"CSP","fill_color":[34,139,34,180]}},{"type":"Feature","geometry":{"type":"Polygon","coordinates":[[[-97.68346655800397,32.97031356516962],[-97.68368387274192,32.970290383466256],[-97.68376065564975,32.970648925300836],[-97.68354779048724,32.97064753096383],[-97.68346655800397,32.97031356516962]]]},"properties":{"prop_id":49,"state_cd":"S50","ite_code":210,"ite_name":"Single-Family Detached","ite_unit":"DU","units":1,"daily_trips":9.4,"am_peak_trips":0.7,"pm_peak_trips":0.9,"imprv_val":144760.0,"acres":0.193,"city":"Springtown","city_code":"CSP","fill_color":[34,139,34,180]}},{"type":"Feature","geometry":{"type":"Polygon","coordinates":[[[-97.676788467669,32.958952551364334],[-97.67679504734211,32.95876383664778],[-97.67741926722108,32.95899646403311],[-97.67739901132505,32.95903280731303],[-97.6773757410461,32.95906786993933],[-97.67734957244402,32.95910147952627],[-97.6773206365208,32.95913346739401],[-97.67728907380577,32.95916367574722],[-97.67725504292943,32.95919195592857],[-97.67721871315274,32.95921816656533],[-97.67718023637966,32.959242192323266],[-97.676788467669,32.958952551364334]]]},"properties":{"prop_id":1934,"state_cd":"S45","ite_code":210,"ite_name":"Single-Family Detached","ite_unit":"DU","units":1,"daily_trips":9.4,"am_peak_trips":0.7,"pm_peak_trips":0.9,"imprv_val":174020.0,"acres":0.3792,"city":"Springtown","city_code":"CSP","fill_color":[34,139,34,180]}},{"type":"Feature","geometry":{"type":"Polygon","coordinates":[[[-97.68943451351514,32.97419242493514],[-97.69008842591421,32.973144534055685],[-97.69044177206386,32.9733038387698],[-97.68981241872007,32.9743161293706],[-97.68943451351514,32.97419242493514]]]},"properties":{"prop_id":38093,"state_cd":"S90","ite_code":210,"ite_name":"Single-Family Detached","ite_unit":"DU","units":2,"daily_trips":18.9,"am_peak_trips":1.4,"pm_peak_trips":1.9,"imprv_val":256130.0,"acres":1.2,"city":"Springtown","city_code":"CSP","fill_color":[34,139,34,180]}},{"type":"Feature","geometry":{"type":"Polygon","coordinates":[[[-97.66872947884151,32.960287072857966],[-97.66890362578036,32.96005098235705],[-97.66935313328567,32.960287961604045],[-97.66918195811486,32.9605215068427],[-97.66872947884151,32.960287072857966]]]},"properties":{"prop_id":111519,"state_cd":"S50","ite_code":210,"ite_name":"Single-Family Detached","ite_unit":"DU","units":1,"daily_trips":9.4,"am_peak_trips":0.7,"pm_peak_trips":0.9,"imprv_val":343430.0,"acres":0.3755,"city":"Springtown","city_code":"CSP","fill_color":[34,139,34,180]}},{"type":"Feature","geometry":{"type":"Polygon","coordinates":[[[-97.6912733902327,32.9720642908493],[-97.69127777649398,32.97187067919852],[-97.69171663512749,32.97187835546478],[-97.69171262878291,32.972071005540954],[-97.6912733902327,32.9720642908493]]]},"properties":{"prop_id":117448,"state_cd":"S55","ite_code":210,"ite_name":"Single-Family Detached","ite_unit":"DU","units":1,"daily_trips":9.4,"am_peak_trips":0.7,"pm_peak_trips":0.9,"imprv_val":249650.0,"acres":0.217,"city":"Springtown","city_code":"CSP","fill_color":[34,139,34,180]}},{"type":"Feature","geometry":{"type":"Polygon","coordinates":[[[-97.6803563386469,32.963426579357254],[-97.68095638353626,32.96342813838364],[-97.68095687429819,32.96352937763023],[-97.68095956043472,32.96408355869824],[-97.68035123830016,32.964080164172934],[-97.6803563386469,32.963426579357254]]]},"properties":{"prop_id":20857,"state_cd":"SF-OVR","ite_code":210,"ite_name":"Single-Family Detached","ite_unit":"DU","units":1,"daily_trips":9.4,"am_peak_trips":0.7,"pm_peak_trips":0.9,"imprv_val":493650.0,"acres":0.9,"city":"Springtown","city_code":"CSP","fill_color":[34,139,34,180]}},{"type":"Feature","geometry":{"type":"Polygon","coordinates":[[[-97.6720593117002,32.96152757292951],[-97.67221534979478,32.961292050165625],[-97.67260265065327,32.96156730069507],[-97.67244274876866,32.96179427603135],[-97.6720593117002,32.96152757292951]]]},"properties":{"prop_id":26310,"state_cd":"S50","ite_code":210,"ite_name":"Single-Family Detached","ite_unit":"DU","units":1,"daily_trips":9.4,"am_peak_trips":0.7,"pm_peak_trips":0.9,"imprv_val":235930.0,"acres":0.3379,"city":"Springtown","city_code":"CSP","fill_color":[34,139,34,180]}},{"type":"Feature","geometry":{"type":"Polygon","coordinates":[[[-97.68862179510265,32.98184831403593],[-97.68860209853119,32.98233589325507],[-97.6884269448256,32.98233259306298],[-97.68839996666834,32.983138029265106],[-97.68839806767654,32.98319472789862],[-97.6868843119437,32.9831943474945],[-97.68675922965456,32.98319157992022],[-97.68677183599966,32.981822589747516],[-97.68717062626222,32.98183141447525],[-97.68862179510265,32.98184831403593]]]},"properties":{"prop_id":73205,"state_cd":"A25","ite_code":0,"ite_name":"Vacant/Agricultural","ite_unit":"N/A","units":1.0,"daily_trips":0.0,"am_peak_trips":0.0,"pm_peak_trips":0.0,"imprv_val":0.0,"acres":6.036,"city":"Springtown","city_code":"CSP","fill_color":[80,80,80,100]}},{"type":"Feature","geometry":{"type":"Polygon","coordinates":[[[-97.68882849753099,32.97399395193496],[-97.68852485484634,32.9738945595844],[-97.68785150607823,32.973674067285025],[-97.6894376497455,32.972763310133665],[-97.68950863739981,32.97282803834008],[-97.68958852797996,32.97290337932094],[-97.68961007428697,32.97291860961171],[-97.68972691566232,32.97297937473128],[-97.68889056468322,32.974014312303495],[-97.68882849753099,32.97399395193496]]]},"properties":{"prop_id":38094,"state_cd":"S150","ite_code":210,"ite_name":"Single-Family Detached","ite_unit":"DU","units":2,"daily_trips":18.9,"am_peak_trips":1.4,"pm_peak_trips":1.9,"imprv_val":260060.0,"acres":2.66,"city":"Springtown","city_code":"CSP","fill_color":[34,139,34,180]}},{"type":"Feature","geometry":{"type":"Polygon","coordinates":[[[-97.6814398652875,32.96723581056819],[-97.68112167826692,32.967273549219016],[-97.6806638718092,32.96732784653301],[-97.68063806273025,32.96711770173211],[-97.68140521756044,32.96700276018821],[-97.6814398652875,32.96723581056819]]]},"properties":{"prop_id":59586,"state_cd":"S60","ite_code":210,"ite_name":"Single-Family Detached","ite_unit":"DU","units":1,"daily_trips":9.4,"am_peak_trips":0.7,"pm_peak_trips":0.9,"imprv_val":161650.0,"acres":0.408,"city":"Springtown","city_code":"CSP","fill_color":[34,139,34,180]}},{"type":"Feature","geometry":{"type":"Polygon","coordinates":[[[-97.67574132354204,32.95730148198667],[-97.67623698239811,32.95730132374942],[-97.67622629884906,32.95757714655514],[-97.67573142026639,32.957580882951135],[-97.67574132354204,32.95730148198667]]]},"properties":{"prop_id":1878,"state_cd":"S45","ite_code":210,"ite_name":"Single-Family Detached","ite_unit":"DU","units":1,"daily_trips":9.4,"am_peak_trips":0.7,"pm_peak_trips":0.9,"imprv_val":248020.0,"acres":0.3522,"city":"Springtown","city_code":"CSP","fill_color":[34,139,34,180]}},{"type":"Feature","geometry":{"type":"Polygon","coordinates":[[[-97.6890430478054,32.982350986227004],[-97.68908998852072,32.98186433993092],[-97.68932408529334,32.98187235221895],[-97.68926353103367,32.98235853488897],[-97.6890430478054,32.982350986227004]]]},"properties":{"prop_id":105663,"state_cd":"S45","ite_code":210,"ite_name":"Single-Family Detached","ite_unit":"DU","units":1,"daily_trips":9.4,"am_peak_trips":0.7,"pm_peak_trips":0.9,"imprv_val":300970.0,"acres":0.28,"city":"Springtown","city_code":"CSP","fill_color":[34,139,34,180]}},{"type":"Feature","geometry":{"type":"Polygon","coordinates":[[[-97.68675681810537,32.98402226560652],[-97.68675988555913,32.98328116567292],[-97.6891003947589,32.98333226164359],[-97.68908830054528,32.98406147990846],[-97.68675681810537,32.98402226560652]]]},"properties":{"prop_id":72286,"state_cd":"A45","ite_code":210,"ite_name":"Single-Family Detached","ite_unit":"DU","units":4,"daily_trips":37.8,"am_peak_trips":2.8,"pm_peak_trips":3.8,"imprv_val":1146600.0,"acres":5.49,"city":"Springtown","city_code":"CSP","fill_color":[34,139,34,180]}},{"type":"Feature","geometry":{"type":"Polygon","coordinates":[[[-97.67220096213164,32.96303545446408],[-97.67234876553881,32.96281729920781],[-97.67271928891954,32.963074772906936],[-97.67264738913853,32.96331570220348],[-97.67264671828978,32.9633595687942],[-97.67220096213164,32.96303545446408]]]},"properties":{"prop_id":26335,"state_cd":"S50","ite_code":210,"ite_name":"Single-Family Detached","ite_unit":"DU","units":1,"daily_trips":9.4,"am_peak_trips":0.7,"pm_peak_trips":0.9,"imprv_val":228380.0,"acres":0.3411,"city":"Springtown","city_code":"CSP","fill_color":[34,139,34,180]}},{"type":"Feature","geometry":{"type":"Polygon","coordinates":[[[-97.69509796029902,32.96472804320059],[-97.69507931069572,32.964727674741354],[-97.69505088280222,32.96472711055067],[-97.69501333117235,32.96472636837741],[-97.69474524462169,32.96472108587654],[-97.69473327789795,32.96472084982896],[-97.6946859725886,32.964719911961744],[-97.6947047258366,32.96364738450598],[-97.69470539665258,32.96360914343988],[-97.69529930637823,32.96360160979056],[-97.69540761178176,32.96358457747741],[-97.69538524700229,32.96441406934301],[-97.69538406591278,32.96445787406311],[-97.69538276699473,32.964733648435306],[-97.69509796029902,32.96472804320059]]]},"properties":{"prop_id":34086,"state_cd":"S200","ite_code":210,"ite_name":"Single-Family Detached","ite_unit":"DU","units":2,"daily_trips":18.9,"am_peak_trips":1.4,"pm_peak_trips":1.9,"imprv_val":49840.0,"acres":2.0055,"city":"Springtown","city_code":"CSP","fill_color":[34,139,34,180]}},{"type":"Feature","geometry":{"type":"Polygon","coordinates":[[[-97.67099618569253,32.96692988402121],[-97.67160418103661,32.966890028953074],[-97.67161588077009,32.9672114924052],[-97.67099576751923,32.96725670853905],[-97.67099618569253,32.96692988402121]]]},"properties":{"prop_id":26404,"state_cd":"S50","ite_code":210,"ite_name":"Single-Family Detached","ite_unit":"DU","units":1,"daily_trips":9.4,"am_peak_trips":0.7,"pm_peak_trips":0.9,"imprv_val":127960.0,"acres":0.5104,"city":"Springtown","city_code":"CSP","fill_color":[34,139,34,180]}},{"type":"Feature","geometry":{"type":"Polygon","coordinates":[[[-97.65032018018371,32.967818452797346],[-97.65059208123348,32.96757999154798],[-97.65071813063153,32.967683564006116],[-97.65072100403336,32.96768592472617],[-97.65044922679034,32.96792397315946],[-97.65032018018371,32.967818452797346]]]},"properties":{"prop_id":127368,"state_cd":"S60","ite_code":0,"ite_name":"Vacant/Agricultural","ite_unit":"N/A","units":1.0,"daily_trips":0.0,"am_peak_trips":0.0,"pm_peak_trips":0.0,"imprv_val":0.0,"acres":0.152,"city":"Springtown","city_code":"CSP","fill_color":[80,80,80,100]}},{"type":"Feature","geometry":{"type":"Polygon","coordinates":[[[-97.67400322555308,32.96983218110433],[-97.67438587434624,32.96953189337994],[-97.67438472772139,32.96981116244552],[-97.67404769431523,32.96994423519061],[-97.67404895591056,32.96992390833678],[-97.67404659751934,32.96990365128119],[-97.67404067482165,32.969883918009806],[-97.67403131954512,32.96986515309218],[-97.6740187428087,32.9698477772747],[-97.67400322555308,32.96983218110433]]]},"properties":{"prop_id":109356,"state_cd":"S50","ite_code":210,"ite_name":"Single-Family Detached","ite_unit":"DU","units":1,"daily_trips":9.4,"am_peak_trips":0.7,"pm_peak_trips":0.9,"imprv_val":114410.0,"acres":0.185,"city":"Springtown","city_code":"CSP","fill_color":[34,139,34,180]}},{"type":"Feature","geometry":{"type":"Polygon","coordinates":[[[-97.68662920886516,32.96852215374913],[-97.68692336908651,32.96847115071094],[-97.68691953303635,32.96888893741337],[-97.6866258763523,32.96888496862666],[-97.68662920886516,32.96852215374913]]]},"properties":{"prop_id":27417,"state_cd":"S50","ite_code":210,"ite_name":"Single-Family Detached","ite_unit":"DU","units":1,"daily_trips":9.4,"am_peak_trips":0.7,"pm_peak_trips":0.9,"imprv_val":253020.0,"acres":0.2936,"city":"Springtown","city_code":"CSP","fill_color":[34,139,34,180]}},{"type":"Feature","geometry":{"type":"Polygon","coordinates":[[[-97.69349927078764,32.96470561005699],[-97.69324517838466,32.96469151660953],[-97.6931465075134,32.964689571052844],[-97.6926101659049,32.96467899274034],[-97.69206474246863,32.96466822878744],[-97.69206629551613,32.96437288466902],[-97.6920703359212,32.96361540669897],[-97.69207058351681,32.963567746962404],[-97.69316329341477,32.96358198703177],[-97.69362030141916,32.96358780840205],[-97.69361987888665,32.963634211666815],[-97.69360901381756,32.964706407717124],[-97.69349927078764,32.96470561005699]]]},"properties":{"prop_id":34081,"state_cd":"A30","ite_code":210,"ite_name":"Single-Family Detached","ite_unit":"DU","units":3,"daily_trips":28.3,"am_peak_trips":2.1,"pm_peak_trips":2.8,"imprv_val":173520.0,"acres":4.025,"city":"Springtown","city_code":"CSP","fill_color":[34,139,34,180]}},{"type":"Feature","geometry":{"type":"Polygon","coordinates":[[[-97.69099962500464,32.958682026945446],[-97.69138825711998,32.95867971296654],[-97.69138871283069,32.95881854805271],[-97.69099998067045,32.95881910012599],[-97.69099962500464,32.958682026945446]]]},"properties":{"prop_id":121550,"state_cd":"S50","ite_code":0,"ite_name":"Vacant/Agricultural","ite_unit":"N/A","units":1.0,"daily_trips":0.0,"am_peak_trips":0.0,"pm_peak_trips":0.0,"imprv_val":0.0,"acres":0.137,"city":"Springtown","city_code":"CSP","fill_color":[80,80,80,100]}},{"type":"Feature","geometry":{"type":"Polygon","coordinates":[[[-97.67983797632458,32.97293753240805],[-97.6802724728665,32.97283604830052],[-97.68027143430436,32.97284953724456],[-97.68027242203594,32.97286257327392],[-97.68027624247196,32.97287969515455],[-97.68028313508513,32.97289606888857],[-97.68029284115073,32.972911442968915],[-97.68030691360248,32.97292714877876],[-97.67983776670006,32.97331224191839],[-97.67983797632458,32.97293753240805]]]},"properties":{"prop_id":70321,"state_cd":"S50","ite_code":210,"ite_name":"Single-Family Detached","ite_unit":"DU","units":1,"daily_trips":9.4,"am_peak_trips":0.7,"pm_peak_trips":0.9,"imprv_val":182730.0,"acres":0.261,"city":"Springtown","city_code":"CSP","fill_color":[34,139,34,180]}},{"type":"Feature","geometry":{"type":"Polygon","coordinates":[[[-97.6672914340674,32.9582148324719],[-97.6676029862583,32.9578113884963],[-97.66795172202106,32.95800297013398],[-97.66764665791621,32.95840318738387],[-97.6672914340674,32.9582148324719]]]},"properties":{"prop_id":26258,"state_cd":"S50","ite_code":210,"ite_name":"Single-Family Detached","ite_unit":"DU","units":1,"daily_trips":9.4,"am_peak_trips":0.7,"pm_peak_trips":0.9,"imprv_val":270820.0,"acres":0.5123,"city":"Springtown","city_code":"CSP","fill_color":[34,139,34,180]}},{"type":"Feature","geometry":{"type":"Polygon","coordinates":[[[-97.68505312487822,32.97296317932509],[-97.68478375011695,32.97300125741315],[-97.68475687283954,32.97288184085876],[-97.68479216117896,32.97285673859616],[-97.68480958547518,32.97281827170862],[-97.6850193072078,32.972790715547276],[-97.68505312487822,32.97296317932509]]]},"properties":{"prop_id":26918,"state_cd":"S60","ite_code":210,"ite_name":"Single-Family Detached","ite_unit":"DU","units":1,"daily_trips":9.4,"am_peak_trips":0.7,"pm_peak_trips":0.9,"imprv_val":85710.0,"acres":0.12,"city":"Springtown","city_code":"CSP","fill_color":[34,139,34,180]}},{"type":"Feature","geometry":{"type":"Polygon","coordinates":[[[-97.68331459963883,32.973098819592764],[-97.68337046206085,32.973358465872806],[-97.68297921806634,32.97340456580712],[-97.68292662195698,32.9731418033199],[-97.68331459963883,32.973098819592764]]]},"properties":{"prop_id":29531,"state_cd":"S50","ite_code":210,"ite_name":"Single-Family Detached","ite_unit":"DU","units":1,"daily_trips":9.4,"am_peak_trips":0.7,"pm_peak_trips":0.9,"imprv_val":188950.0,"acres":0.2668,"city":"Springtown","city_code":"CSP","fill_color":[34,139,34,180]}},{"type":"Feature","geometry":{"type":"Polygon","coordinates":[[[-97.66897638853422,32.95918525033091],[-97.66927333363421,32.958795145643954],[-97.66950400199534,32.95892186193273],[-97.66954986978176,32.95894707151967],[-97.66950341714555,32.95900852702411],[-97.66925738674647,32.95933426484743],[-97.66897638853422,32.95918525033091]]]},"properties":{"prop_id":26235,"state_cd":"S50","ite_code":210,"ite_name":"Single-Family Detached","ite_unit":"DU","units":1,"daily_trips":9.4,"am_peak_trips":0.7,"pm_peak_trips":0.9,"imprv_val":217380.0,"acres":0.3911,"city":"Springtown","city_code":"CSP","fill_color":[34,139,34,180]}},{"type":"Feature","geometry":{"type":"Polygon","coordinates":[[[-97.6679440731277,32.967006610367754],[-97.66794471714631,32.96700387943506],[-97.66843614026502,32.96702984762432],[-97.66843255259712,32.96741190219539],[-97.66825242002433,32.96741075870965],[-97.66789577626716,32.96708774606262],[-97.66790285422498,32.96708091601154],[-97.66791295618202,32.96707116800803],[-97.66791436184492,32.96706981113],[-97.66791984371353,32.967062174110275],[-97.6679276800831,32.96705125484006],[-97.66792898523886,32.96704943645859],[-97.6679327333739,32.967041295466544],[-97.66793815353928,32.96702952226862],[-97.66793920633314,32.96702723595904],[-97.66794117955536,32.96701887479477],[-97.6679440731277,32.967006610367754]]]},"properties":{"prop_id":87688,"state_cd":"S50","ite_code":0,"ite_name":"Vacant/Agricultural","ite_unit":"N/A","units":1.0,"daily_trips":0.0,"am_peak_trips":0.0,"pm_peak_trips":0.0,"imprv_val":0.0,"acres":0.394,"city":"Springtown","city_code":"CSP","fill_color":[80,80,80,100]}},{"type":"Feature","geometry":{"type":"Polygon","coordinates":[[[-97.6699851952251,32.95912925925098],[-97.66970408552658,32.959509754856086],[-97.6694135508255,32.95935967045592],[-97.66969485240865,32.95897830200181],[-97.6699851952251,32.95912925925098]]]},"properties":{"prop_id":26227,"state_cd":"S60","ite_code":210,"ite_name":"Single-Family Detached","ite_unit":"DU","units":1,"daily_trips":9.4,"am_peak_trips":0.7,"pm_peak_trips":0.9,"imprv_val":241510.0,"acres":0.3918,"city":"Springtown","city_code":"CSP","fill_color":[34,139,34,180]}},{"type":"Feature","geometry":{"type":"Polygon","coordinates":[[[-97.6877096628138,32.9712138297282],[-97.6877085370869,32.97085906443134],[-97.6877083663063,32.9707959240308],[-97.68804869384964,32.97079814174861],[-97.68812729652363,32.97080019323537],[-97.68812675309822,32.97086308188134],[-97.68812359647085,32.97121682455635],[-97.6877096628138,32.9712138297282]]]},"properties":{"prop_id":38111,"state_cd":"S60","ite_code":210,"ite_name":"Single-Family Detached","ite_unit":"DU","units":1,"daily_trips":9.4,"am_peak_trips":0.7,"pm_peak_trips":0.9,"imprv_val":281560.0,"acres":0.44,"city":"Springtown","city_code":"CSP","fill_color":[34,139,34,180]}},{"type":"Feature","geometry":{"type":"Polygon","coordinates":[[[-97.6728549997273,32.967379040892936],[-97.673431070726,32.96733948806374],[-97.67343545150946,32.96768415716275],[-97.67285965161794,32.96772582840479],[-97.6728549997273,32.967379040892936]]]},"properties":{"prop_id":26376,"state_cd":"S65","ite_code":210,"ite_name":"Single-Family Detached","ite_unit":"DU","units":1,"daily_trips":9.4,"am_peak_trips":0.7,"pm_peak_trips":0.9,"imprv_val":182500.0,"acres":0.5105,"city":"Springtown","city_code":"CSP","fill_color":[34,139,34,180]}},{"type":"Feature","geometry":{"type":"Polygon","coordinates":[[[-97.65302319212205,32.964267623972326],[-97.65301041409643,32.96485936729257],[-97.65275462047909,32.96485434313413],[-97.652709737905,32.96481198405772],[-97.65272360212214,32.964264244595405],[-97.65302319212205,32.964267623972326]]]},"properties":{"prop_id":123477,"state_cd":"S60","ite_code":0,"ite_name":"Vacant/Agricultural","ite_unit":"N/A","units":1.0,"daily_trips":0.0,"am_peak_trips":0.0,"pm_peak_trips":0.0,"imprv_val":0.0,"acres":0.454,"city":"Springtown","city_code":"CSP","fill_color":[80,80,80,100]}},{"type":"Feature","geometry":{"type":"Polygon","coordinates":[[[-97.68129326343885,32.969117157953505],[-97.6816985641587,32.96908439265994],[-97.68173899342182,32.96930417805303],[-97.68132707349952,32.969339153657074],[-97.68129326343885,32.969117157953505]]]},"properties":{"prop_id":29570,"state_cd":"S50","ite_code":210,"ite_name":"Single-Family Detached","ite_unit":"DU","units":1,"daily_trips":9.4,"am_peak_trips":0.7,"pm_peak_trips":0.9,"imprv_val":140000.0,"acres":0.23,"city":"Springtown","city_code":"CSP","fill_color":[34,139,34,180]}},{"type":"Feature","geometry":{"type":"Polygon","coordinates":[[[-97.65940617324094,32.97015958659714],[-97.65978276715101,32.970163339085296],[-97.6599015888458,32.970347104029585],[-97.65946494951089,32.970341718661984],[-97.65940617324094,32.97015958659714]]]},"properties":{"prop_id":123024,"state_cd":"S60","ite_code":0,"ite_name":"Vacant/Agricultural","ite_unit":"N/A","units":1.0,"daily_trips":0.0,"am_peak_trips":0.0,"pm_peak_trips":0.0,"imprv_val":0.0,"acres":0.188,"city":"Springtown","city_code":"CSP","fill_color":[80,80,80,100]}},{"type":"Feature","geometry":{"type":"Polygon","coordinates":[[[-97.68383863942802,32.961171555627196],[-97.6841131863412,32.96117398566443],[-97.6841048328421,32.96146622556931],[-97.68383832192751,32.96146590431019],[-97.68383863942802,32.961171555627196]]]},"properties":{"prop_id":46155,"state_cd":"S60","ite_code":210,"ite_name":"Single-Family Detached","ite_unit":"DU","units":1,"daily_trips":9.4,"am_peak_trips":0.7,"pm_peak_trips":0.9,"imprv_val":30660.0,"acres":0.17,"city":"Springtown","city_code":"CSP","fill_color":[34,139,34,180]}},{"type":"Feature","geometry":{"type":"Polygon","coordinates":[[[-97.64969822218491,32.96880171475184],[-97.64973662183904,32.968471057403676],[-97.64976421317441,32.968471609082584],[-97.64979152217991,32.96846824941702],[-97.64981777444434,32.96846107322674],[-97.64984222447191,32.96845028374839],[-97.64986418033915,32.968436187392726],[-97.64989957656648,32.968504567152536],[-97.64997775521934,32.968765727886144],[-97.64986885513473,32.968822813699504],[-97.64969822218491,32.96880171475184]]]},"properties":{"prop_id":127266,"state_cd":"S60","ite_code":0,"ite_name":"Vacant/Agricultural","ite_unit":"N/A","units":1.0,"daily_trips":0.0,"am_peak_trips":0.0,"pm_peak_trips":0.0,"imprv_val":0.0,"acres":0.192,"city":"Springtown","city_code":"CSP","fill_color":[80,80,80,100]}},{"type":"Feature","geometry":{"type":"Polygon","coordinates":[[[-97.68579549473229,32.96845306348719],[-97.68604029223287,32.96840840539118],[-97.6860409077526,32.96841034472295],[-97.68607402703697,32.9685146106339],[-97.68607068719375,32.96887797557573],[-97.68579163819679,32.96887249949059],[-97.68579549473229,32.96845306348719]]]},"properties":{"prop_id":27420,"state_cd":"S50","ite_code":210,"ite_name":"Single-Family Detached","ite_unit":"DU","units":1,"daily_trips":9.4,"am_peak_trips":0.7,"pm_peak_trips":0.9,"imprv_val":192150.0,"acres":0.32,"city":"Springtown","city_code":"CSP","fill_color":[34,139,34,180]}},{"type":"Feature","geometry":{"type":"Polygon","coordinates":[[[-97.65072134365937,32.96817402099378],[-97.65106220468216,32.96801185231672],[-97.65109682953613,32.968068482913374],[-97.65109851005303,32.96807185185574],[-97.6511086865426,32.96809225643072],[-97.65112612147759,32.96812721359825],[-97.65112886089746,32.968134179017],[-97.65114245461987,32.96816874207277],[-97.65114990526942,32.968187686058705],[-97.65115115464748,32.96819194757604],[-97.65116286311707,32.96823188980057],[-97.6511680356955,32.968249534971534],[-97.65116846415043,32.96825171309203],[-97.65118040292765,32.96831238623552],[-97.650837518827,32.96833511116807],[-97.65077844286054,32.96829676973754],[-97.65076392032627,32.96825443018689],[-97.65074483309579,32.96821339783635],[-97.65072134365937,32.96817402099378]]]},"properties":{"prop_id":127365,"state_cd":"S60","ite_code":0,"ite_name":"Vacant/Agricultural","ite_unit":"N/A","units":1.0,"daily_trips":0.0,"am_peak_trips":0.0,"pm_peak_trips":0.0,"imprv_val":0.0,"acres":0.243,"city":"Springtown","city_code":"CSP","fill_color":[80,80,80,100]}},{"type":"Feature","geometry":{"type":"Polygon","coordinates":[[[-97.66014659149819,32.95458998835249],[-97.66026759727565,32.95437971615364],[-97.66044862032584,32.954445716858515],[-97.66100735297805,32.954593389126366],[-97.66014659149819,32.95458998835249]]]},"properties":{"prop_id":108014,"state_cd":"A8","ite_code":0,"ite_name":"Vacant/Agricultural","ite_unit":"N/A","units":1.0,"daily_trips":0.0,"am_peak_trips":0.0,"pm_peak_trips":0.0,"imprv_val":0.0,"acres":0.2,"city":"Springtown","city_code":"CSP","fill_color":[80,80,80,100]}},{"type":"Feature","geometry":{"type":"Polygon","coordinates":[[[-97.68140849261347,32.9859017372579],[-97.68129672344996,32.98534410532957],[-97.68458666431542,32.98538378107536],[-97.68431880196697,32.98594359316188],[-97.68394991479336,32.98677834960597],[-97.68140849261347,32.9859017372579]]]},"properties":{"prop_id":50322,"state_cd":"8","ite_code":0,"ite_name":"Vacant/Agricultural","ite_unit":"N/A","units":1.0,"daily_trips":0.0,"am_peak_trips":0.0,"pm_peak_trips":0.0,"imprv_val":0.0,"acres":8.71,"city":"Springtown","city_code":"CSP","fill_color":[80,80,80,100]}},{"type":"Feature","geometry":{"type":"Polygon","coordinates":[[[-97.68107043636051,32.970307543985996],[-97.68136881415225,32.970318858903745],[-97.68139929108433,32.970633331714644],[-97.68112863899803,32.97063218944782],[-97.68107043636051,32.970307543985996]]]},"properties":{"prop_id":118140,"state_cd":"S50","ite_code":0,"ite_name":"Vacant/Agricultural","ite_unit":"N/A","units":1.0,"daily_trips":0.0,"am_peak_trips":0.0,"pm_peak_trips":0.0,"imprv_val":0.0,"acres":0.2322,"city":"Springtown","city_code":"CSP","fill_color":[80,80,80,100]}},{"type":"Feature","geometry":{"type":"Polygon","coordinates":[[[-97.67880829497538,32.96451864995349],[-97.67851665559242,32.964511224874734],[-97.67830076708697,32.9645082035153],[-97.67844867597562,32.96341878986849],[-97.67934592377628,32.96341992942279],[-97.67934252849552,32.96456277745191],[-97.67880857842844,32.964518654526834],[-97.67880829497538,32.96451864995349]]]},"properties":{"prop_id":20859,"state_cd":"SF-OVR","ite_code":210,"ite_name":"Single-Family Detached","ite_unit":"DU","units":2,"daily_trips":18.9,"am_peak_trips":1.4,"pm_peak_trips":1.9,"imprv_val":235600.0,"acres":2.25,"city":"Springtown","city_code":"CSP","fill_color":[34,139,34,180]}},{"type":"Feature","geometry":{"type":"Polygon","coordinates":[[[-97.66890362578036,32.96005098235705],[-97.6690685781181,32.95982735574693],[-97.66951869230267,32.960062078480696],[-97.66935313328567,32.960287961604045],[-97.66890362578036,32.96005098235705]]]},"properties":{"prop_id":26230,"state_cd":"S50","ite_code":210,"ite_name":"Single-Family Detached","ite_unit":"DU","units":1,"daily_trips":9.4,"am_peak_trips":0.7,"pm_peak_trips":0.9,"imprv_val":338590.0,"acres":0.3588,"city":"Springtown","city_code":"CSP","fill_color":[34,139,34,180]}},{"type":"Feature","geometry":{"type":"Polygon","coordinates":[[[-97.67481598106212,32.96779388723575],[-97.67481817514533,32.96802455305866],[-97.6747195467483,32.968025371734505],[-97.6747162555907,32.96779421256019],[-97.67481598106212,32.96779388723575]]]},"properties":{"prop_id":89549,"state_cd":"S25","ite_code":210,"ite_name":"Single-Family Detached","ite_unit":"DU","units":1,"daily_trips":9.4,"am_peak_trips":0.7,"pm_peak_trips":0.9,"imprv_val":155000.0,"acres":0.059,"city":"Springtown","city_code":"CSP","fill_color":[34,139,34,180]}},{"type":"Feature","geometry":{"type":"Polygon","coordinates":[[[-97.69573076107574,32.96475081006969],[-97.69572269335399,32.96441302454752],[-97.69538524700229,32.96441406934301],[-97.69540761178176,32.96358457747741],[-97.69566303907484,32.9634867174715],[-97.69597286275773,32.963343166266675],[-97.6964114956365,32.96319837891359],[-97.69646149394511,32.96318055935119],[-97.69645964316038,32.963221596582166],[-97.69641084571914,32.96477078448457],[-97.69573076107574,32.96475081006969]]]},"properties":{"prop_id":36576,"state_cd":"S90","ite_code":0,"ite_name":"Vacant/Agricultural","ite_unit":"N/A","units":1.0,"daily_trips":0.0,"am_peak_trips":0.0,"pm_peak_trips":0.0,"imprv_val":0.0,"acres":1.3,"city":"Springtown","city_code":"CSP","fill_color":[80,80,80,100]}},{"type":"Feature","geometry":{"type":"Polygon","coordinates":[[[-97.64705743844691,32.96550155049339],[-97.64704583930745,32.965830902633435],[-97.64686588332108,32.96582575327051],[-97.64687669262123,32.965496614878894],[-97.64705743844691,32.96550155049339]]]},"properties":{"prop_id":127373,"state_cd":"S60","ite_code":0,"ite_name":"Vacant/Agricultural","ite_unit":"N/A","units":1.0,"daily_trips":0.0,"am_peak_trips":0.0,"pm_peak_trips":0.0,"imprv_val":0.0,"acres":0.152,"city":"Springtown","city_code":"CSP","fill_color":[80,80,80,100]}},{"type":"Feature","geometry":{"type":"Polygon","coordinates":[[[-97.68953139266362,32.95832870912441],[-97.68965127008924,32.9583293570935],[-97.68977104275935,32.95833362148098],[-97.68989055778569,32.95834149498038],[-97.68989107879077,32.95849293260216],[-97.68989159239648,32.958642021823906],[-97.68989206326168,32.958778709787865],[-97.68989210479938,32.95879089189174],[-97.68989255515163,32.95892151946481],[-97.68989261584518,32.958939091892894],[-97.68989304753276,32.959064509507],[-97.68989312792986,32.959087997123895],[-97.68989354092764,32.95920785667521],[-97.6898935956095,32.95922386439957],[-97.68989403479162,32.95935126967687],[-97.68989407198426,32.95936205572869],[-97.6898945252056,32.95949377361518],[-97.6898945495461,32.959500936056166],[-97.68989501553304,32.95963617023327],[-97.68989549371652,32.95977498292295],[-97.68989550791652,32.95977904392663],[-97.68989597132408,32.95991385873399],[-97.68951891298812,32.95991425485024],[-97.6891442808428,32.95991464667473],[-97.68914389559485,32.95977644421459],[-97.68914388769878,32.95977345101073],[-97.6891435132663,32.95963885771633],[-97.68914348899652,32.95963005846555],[-97.68914313179033,32.959501411905634],[-97.68914309415415,32.95948799703448],[-97.68914274906417,32.959363985924384],[-97.68914269840296,32.95934556765074],[-97.68914236778043,32.959226519368],[-97.68914230158158,32.9592026711127],[-97.68914198535028,32.95908917815511],[-97.68914190491557,32.95906010824769],[-97.68914157470796,32.95894101487196],[-97.6891415095315,32.95891763917798],[-97.68914116212594,32.95879282992952],[-97.68914111441842,32.95877549115661],[-97.6891407472784,32.9586437242074],[-97.68914071467935,32.95863186230795],[-97.68914033518625,32.95849548605472],[-97.6891403161112,32.95848845621459],[-97.68913989778787,32.95833797788813],[-97.6894713634377,32.958329742654406],[-97.68951429479574,32.958329003737894],[-97.68953139266362,32.95832870912441]]]},"properties":{"prop_id":121635,"state_cd":"S50","ite_code":210,"ite_name":"Single-Family Detached","ite_unit":"DU","units":1,"daily_trips":9.4,"am_peak_trips":0.7,"pm_peak_trips":0.9,"imprv_val":162520.0,"acres":0.132,"city":"Springtown","city_code":"CSP","fill_color":[34,139,34,180]}},{"type":"Feature","geometry":{"type":"Polygon","coordinates":[[[-97.6937334885635,32.97425932546337],[-97.69402697922594,32.973982478848825],[-97.6940918502331,32.974031103409],[-97.69428062238728,32.97407181379021],[-97.69400717341561,32.97446518780311],[-97.6937334885635,32.97425932546337]]]},"properties":{"prop_id":117476,"state_cd":"S55","ite_code":210,"ite_name":"Single-Family Detached","ite_unit":"DU","units":1,"daily_trips":9.4,"am_peak_trips":0.7,"pm_peak_trips":0.9,"imprv_val":290570.0,"acres":0.323,"city":"Springtown","city_code":"CSP","fill_color":[34,139,34,180]}},{"type":"Feature","geometry":{"type":"Polygon","coordinates":[[[-97.68620456240362,32.9703059182674],[-97.68618022623588,32.969915356772894],[-97.68651381471076,32.96991802438719],[-97.68654547806095,32.96991827795847],[-97.68654377650456,32.9703081328367],[-97.68620456240362,32.9703059182674]]]},"properties":{"prop_id":59555,"state_cd":"S60","ite_code":0,"ite_name":"Vacant/Agricultural","ite_unit":"N/A","units":1.0,"daily_trips":0.0,"am_peak_trips":0.0,"pm_peak_trips":0.0,"imprv_val":0.0,"acres":0.35,"city":"Springtown","city_code":"CSP","fill_color":[80,80,80,100]}},{"type":"Feature","geometry":{"type":"Polygon","coordinates":[[[-97.69099998067045,32.95881910012599],[-97.69138871283069,32.95881854805271],[-97.69138916494688,32.958956019555764],[-97.69100033894487,32.95895705891162],[-97.69099998067045,32.95881910012599]]]},"properties":{"prop_id":121551,"state_cd":"S50","ite_code":0,"ite_name":"Vacant/Agricultural","ite_unit":"N/A","units":1.0,"daily_trips":0.0,"am_peak_trips":0.0,"pm_peak_trips":0.0,"imprv_val":0.0,"acres":0.137,"city":"Springtown","city_code":"CSP","fill_color":[80,80,80,100]}},{"type":"Feature","geometry":{"type":"Polygon","coordinates":[[[-97.69065531001304,32.957875415781565],[-97.69049338873313,32.957873298025916],[-97.69032993902262,32.95787116020857],[-97.69016651285231,32.95786902232967],[-97.69000436056795,32.95786690063354],[-97.68983838344832,32.95786472950938],[-97.68967576376777,32.957862601641196],[-97.68951152153623,32.95786045218537],[-97.68934808149997,32.95785831314267],[-97.68913891565971,32.95785557513462],[-97.68913857757589,32.957661399443964],[-97.69083400344918,32.957684688040295],[-97.69083426765651,32.957877755782384],[-97.69065531001304,32.957875415781565]]]},"properties":{"prop_id":121600,"state_cd":"S50","ite_code":0,"ite_name":"Vacant/Agricultural","ite_unit":"N/A","units":1.0,"daily_trips":0.0,"am_peak_trips":0.0,"pm_peak_trips":0.0,"imprv_val":0.0,"acres":0.833,"city":"Springtown","city_code":"CSP","fill_color":[80,80,80,100]}},{"type":"Feature","geometry":{"type":"Polygon","coordinates":[[[-97.64740518556218,32.96584118498517],[-97.64741618040871,32.9655113453084],[-97.64759443108119,32.965516212570705],[-97.64758458972834,32.9658463189725],[-97.64740518556218,32.96584118498517]]]},"properties":{"prop_id":127376,"state_cd":"S60","ite_code":0,"ite_name":"Vacant/Agricultural","ite_unit":"N/A","units":1.0,"daily_trips":0.0,"am_peak_trips":0.0,"pm_peak_trips":0.0,"imprv_val":0.0,"acres":0.152,"city":"Springtown","city_code":"CSP","fill_color":[80,80,80,100]}},{"type":"Feature","geometry":{"type":"Polygon","coordinates":[[[-97.67827080125618,32.972141588226215],[-97.67827720231271,32.97177612163808],[-97.67847510282242,32.97178279035875],[-97.67846897305442,32.97214827948149],[-97.67827080125618,32.972141588226215]]]},"properties":{"prop_id":70336,"state_cd":"S50","ite_code":210,"ite_name":"Single-Family Detached","ite_unit":"DU","units":1,"daily_trips":9.4,"am_peak_trips":0.7,"pm_peak_trips":0.9,"imprv_val":172130.0,"acres":0.198,"city":"Springtown","city_code":"CSP","fill_color":[34,139,34,180]}},{"type":"Feature","geometry":{"type":"Polygon","coordinates":[[[-97.6849411813907,32.96797118313291],[-97.68513500620055,32.96794298267199],[-97.68520768573964,32.96829699948304],[-97.6850176735277,32.96832538461597],[-97.6849411813907,32.96797118313291]]]},"properties":{"prop_id":59583,"state_cd":"S60","ite_code":210,"ite_name":"Single-Family Detached","ite_unit":"DU","units":1,"daily_trips":9.4,"am_peak_trips":0.7,"pm_peak_trips":0.9,"imprv_val":135660.0,"acres":0.18,"city":"Springtown","city_code":"CSP","fill_color":[34,139,34,180]}},{"type":"Feature","geometry":{"type":"Polygon","coordinates":[[[-97.67947203466888,32.97442336444811],[-97.67966928259129,32.97441231063248],[-97.67984253339466,32.97507815256607],[-97.67965225654149,32.97511751656324],[-97.67947203466888,32.97442336444811]]]},"properties":{"prop_id":103686,"state_cd":"S60","ite_code":0,"ite_name":"Vacant/Agricultural","ite_unit":"N/A","units":1.0,"daily_trips":0.0,"am_peak_trips":0.0,"pm_peak_trips":0.0,"imprv_val":0.0,"acres":0.34,"city":"Springtown","city_code":"CSP","fill_color":[80,80,80,100]}},{"type":"Feature","geometry":{"type":"Polygon","coordinates":[[[-97.65850951862454,32.966435618295485],[-97.65892077718111,32.966439465074615],[-97.65891803158445,32.966620183057536],[-97.6585059246208,32.96661692755432],[-97.65850951862454,32.966435618295485]]]},"properties":{"prop_id":122954,"state_cd":"S60","ite_code":210,"ite_name":"Single-Family Detached","ite_unit":"DU","units":1,"daily_trips":9.4,"am_peak_trips":0.7,"pm_peak_trips":0.9,"imprv_val":78630.0,"acres":0.192,"city":"Springtown","city_code":"CSP","fill_color":[34,139,34,180]}},{"type":"Feature","geometry":{"type":"Polygon","coordinates":[[[-97.67255500692937,32.97194586309729],[-97.67233948005577,32.97194514801218],[-97.6723366392841,32.9716313117899],[-97.67255046652043,32.97163201650236],[-97.67255500692937,32.97194586309729]]]},"properties":{"prop_id":109416,"state_cd":"S50","ite_code":210,"ite_name":"Single-Family Detached","ite_unit":"DU","units":1,"daily_trips":9.4,"am_peak_trips":0.7,"pm_peak_trips":0.9,"imprv_val":251260.0,"acres":0.174,"city":"Springtown","city_code":"CSP","fill_color":[34,139,34,180]}},{"type":"Feature","geometry":{"type":"Polygon","coordinates":[[[-97.68067479437035,32.9714642854679],[-97.68111599301199,32.97140583330415],[-97.68118195431467,32.97170305022733],[-97.68073004421954,32.971762944574834],[-97.68067479437035,32.9714642854679]]]},"properties":{"prop_id":4714,"state_cd":"S55","ite_code":210,"ite_name":"Single-Family Detached","ite_unit":"DU","units":1,"daily_trips":9.4,"am_peak_trips":0.7,"pm_peak_trips":0.9,"imprv_val":179210.0,"acres":0.3499,"city":"Springtown","city_code":"CSP","fill_color":[34,139,34,180]}},{"type":"Feature","geometry":{"type":"Polygon","coordinates":[[[-97.6735211315502,32.966724223617156],[-97.67437690579216,32.96668386703675],[-97.67437805291591,32.966794339025114],[-97.67437941559601,32.96692552462501],[-97.6743797456135,32.96695725477295],[-97.67352473425268,32.96700774933992],[-97.6735211315502,32.966724223617156]]]},"properties":{"prop_id":26365,"state_cd":"S65","ite_code":210,"ite_name":"Single-Family Detached","ite_unit":"DU","units":1,"daily_trips":9.4,"am_peak_trips":0.7,"pm_peak_trips":0.9,"imprv_val":180910.0,"acres":0.6105,"city":"Springtown","city_code":"CSP","fill_color":[34,139,34,180]}},{"type":"Feature","geometry":{"type":"Polygon","coordinates":[[[-97.67528304155253,32.96701173232971],[-97.67496060888952,32.967016366311505],[-97.67495855588693,32.96688213340202],[-97.67528021834141,32.96688295397197],[-97.67528304155253,32.96701173232971]]]},"properties":{"prop_id":89580,"state_cd":"S50","ite_code":210,"ite_name":"Single-Family Detached","ite_unit":"DU","units":1,"daily_trips":9.4,"am_peak_trips":0.7,"pm_peak_trips":0.9,"imprv_val":210410.0,"acres":0.115,"city":"Springtown","city_code":"CSP","fill_color":[34,139,34,180]}},{"type":"Feature","geometry":{"type":"Polygon","coordinates":[[[-97.66844096240168,32.96651632793531],[-97.66786992021056,32.96651251622211],[-97.66787154155807,32.96634760053538],[-97.6684425110126,32.96635141176299],[-97.66844096240168,32.96651632793531]]]},"properties":{"prop_id":87684,"state_cd":"S50","ite_code":210,"ite_name":"Single-Family Detached","ite_unit":"DU","units":1,"daily_trips":9.4,"am_peak_trips":0.7,"pm_peak_trips":0.9,"imprv_val":222800.0,"acres":0.241,"city":"Springtown","city_code":"CSP","fill_color":[34,139,34,180]}},{"type":"Feature","geometry":{"type":"Polygon","coordinates":[[[-97.65997273878986,32.96936371222179],[-97.65957098980002,32.96954863989446],[-97.6594596988528,32.969376213531426],[-97.65986175733295,32.969191196317176],[-97.65997273878986,32.96936371222179]]]},"properties":{"prop_id":122992,"state_cd":"S60","ite_code":0,"ite_name":"Vacant/Agricultural","ite_unit":"N/A","units":1.0,"daily_trips":0.0,"am_peak_trips":0.0,"pm_peak_trips":0.0,"imprv_val":0.0,"acres":0.228,"city":"Springtown","city_code":"CSP","fill_color":[80,80,80,100]}},{"type":"Feature","geometry":{"type":"Polygon","coordinates":[[[-97.65097228451278,32.967900404525636],[-97.65124994831999,32.967660044895624],[-97.65129200414279,32.96769458263408],[-97.651341267031,32.967738655736326],[-97.65138625588301,32.96778586421915],[-97.65142669106949,32.96783591489357],[-97.65106220468216,32.96801185231672],[-97.65101997106466,32.96795456475123],[-97.65101648181144,32.96795060090674],[-97.65099974774859,32.967931595471995],[-97.65097228451278,32.967900404525636]]]},"properties":{"prop_id":127362,"state_cd":"S60","ite_code":0,"ite_name":"Vacant/Agricultural","ite_unit":"N/A","units":1.0,"daily_trips":0.0,"am_peak_trips":0.0,"pm_peak_trips":0.0,"imprv_val":0.0,"acres":0.193,"city":"Springtown","city_code":"CSP","fill_color":[80,80,80,100]}},{"type":"Feature","geometry":{"type":"Polygon","coordinates":[[[-97.66953712199587,32.978105485430085],[-97.66954580700244,32.9775570899077],[-97.67022680633795,32.97756436258657],[-97.67021504128613,32.978125271152784],[-97.66953712199587,32.978105485430085]]]},"properties":{"prop_id":37925,"state_cd":"S90","ite_code":210,"ite_name":"Single-Family Detached","ite_unit":"DU","units":2,"daily_trips":18.9,"am_peak_trips":1.4,"pm_peak_trips":1.9,"imprv_val":169715.0,"acres":1.0,"city":"Springtown","city_code":"CSP","fill_color":[34,139,34,180]}},{"type":"Feature","geometry":{"type":"Polygon","coordinates":[[[-97.68338327717564,32.966421977322405],[-97.68380196979703,32.96635784283618],[-97.68383840531928,32.96654046166471],[-97.68341979029576,32.96660316739604],[-97.68338327717564,32.966421977322405]]]},"properties":{"prop_id":26693,"state_cd":"S60","ite_code":210,"ite_name":"Single-Family Detached","ite_unit":"DU","units":1,"daily_trips":9.4,"am_peak_trips":0.7,"pm_peak_trips":0.9,"imprv_val":391240.0,"acres":0.201,"city":"Springtown","city_code":"CSP","fill_color":[34,139,34,180]}},{"type":"Feature","geometry":{"type":"Polygon","coordinates":[[[-97.67828406669139,32.97110661570548],[-97.67828594364573,32.97094816065521],[-97.67870420324167,32.970953738601395],[-97.67870205037502,32.9711093781472],[-97.67828406669139,32.97110661570548]]]},"properties":{"prop_id":94731,"state_cd":"S50","ite_code":210,"ite_name":"Single-Family Detached","ite_unit":"DU","units":1,"daily_trips":9.4,"am_peak_trips":0.7,"pm_peak_trips":0.9,"imprv_val":236600.0,"acres":0.189,"city":"Springtown","city_code":"CSP","fill_color":[34,139,34,180]}},{"type":"Feature","geometry":{"type":"Polygon","coordinates":[[[-97.64618030683735,32.967777938502785],[-97.64629725872489,32.96746226838805],[-97.6464696043653,32.967509004613284],[-97.64635147486919,32.96782448104143],[-97.64618030683735,32.967777938502785]]]},"properties":{"prop_id":127244,"state_cd":"S60","ite_code":0,"ite_name":"Vacant/Agricultural","ite_unit":"N/A","units":1.0,"daily_trips":0.0,"am_peak_trips":0.0,"pm_peak_trips":0.0,"imprv_val":0.0,"acres":0.152,"city":"Springtown","city_code":"CSP","fill_color":[80,80,80,100]}},{"type":"Feature","geometry":{"type":"Polygon","coordinates":[[[-97.6864575366352,32.9809141588907],[-97.68725051177745,32.98090552348667],[-97.68727747162195,32.98057653095799],[-97.68743734856788,32.980578809732414],[-97.68734083538716,32.98166277908098],[-97.6871857383362,32.98165746788042],[-97.68678979114627,32.98163648716066],[-97.68645907972741,32.981271645455195],[-97.68645688611898,32.98109290642064],[-97.6864575366352,32.9809141588907]]]},"properties":{"prop_id":34958,"state_cd":"S110","ite_code":210,"ite_name":"Single-Family Detached","ite_unit":"DU","units":3,"daily_trips":28.3,"am_peak_trips":2.1,"pm_peak_trips":2.8,"imprv_val":181030.0,"acres":1.71,"city":"Springtown","city_code":"CSP","fill_color":[34,139,34,180]}},{"type":"Feature","geometry":{"type":"Polygon","coordinates":[[[-97.68953139266362,32.95832870912441],[-97.68965127008924,32.9583293570935],[-97.68977104275935,32.95833362148098],[-97.68989055778569,32.95834149498038],[-97.68989107879077,32.95849293260216],[-97.68989159239648,32.958642021823906],[-97.68989206326168,32.958778709787865],[-97.68989210479938,32.95879089189174],[-97.68989255515163,32.95892151946481],[-97.68989261584518,32.958939091892894],[-97.68989304753276,32.959064509507],[-97.68989312792986,32.959087997123895],[-97.68989354092764,32.95920785667521],[-97.6898935956095,32.95922386439957],[-97.68989403479162,32.95935126967687],[-97.68989407198426,32.95936205572869],[-97.6898945252056,32.95949377361518],[-97.6898945495461,32.959500936056166],[-97.68989501553304,32.95963617023327],[-97.68989549371652,32.95977498292295],[-97.68989550791652,32.95977904392663],[-97.68989597132408,32.95991385873399],[-97.68951891298812,32.95991425485024],[-97.6891442808428,32.95991464667473],[-97.68914389559485,32.95977644421459],[-97.68914388769878,32.95977345101073],[-97.6891435132663,32.95963885771633],[-97.68914348899652,32.95963005846555],[-97.68914313179033,32.959501411905634],[-97.68914309415415,32.95948799703448],[-97.68914274906417,32.959363985924384],[-97.68914269840296,32.95934556765074],[-97.68914236778043,32.959226519368],[-97.68914230158158,32.9592026711127],[-97.68914198535028,32.95908917815511],[-97.68914190491557,32.95906010824769],[-97.68914157470796,32.95894101487196],[-97.6891415095315,32.95891763917798],[-97.68914116212594,32.95879282992952],[-97.68914111441842,32.95877549115661],[-97.6891407472784,32.9586437242074],[-97.68914071467935,32.95863186230795],[-97.68914033518625,32.95849548605472],[-97.6891403161112,32.95848845621459],[-97.68913989778787,32.95833797788813],[-97.6894713634377,32.958329742654406],[-97.68951429479574,32.958329003737894],[-97.68953139266362,32.95832870912441]]]},"properties":{"prop_id":121630,"state_cd":"S50","ite_code":210,"ite_name":"Single-Family Detached","ite_unit":"DU","units":1,"daily_trips":9.4,"am_peak_trips":0.7,"pm_peak_trips":0.9,"imprv_val":177520.0,"acres":0.142,"city":"Springtown","city_code":"CSP","fill_color":[34,139,34,180]}},{"type":"Feature","geometry":{"type":"Polygon","coordinates":[[[-97.68920854865004,32.97036079328288],[-97.68921036870032,32.97016201462864],[-97.689550672449,32.97016422810599],[-97.68955016580743,32.970363015301295],[-97.68920854865004,32.97036079328288]]]},"properties":{"prop_id":75748,"state_cd":"S50","ite_code":210,"ite_name":"Single-Family Detached","ite_unit":"DU","units":1,"daily_trips":9.4,"am_peak_trips":0.7,"pm_peak_trips":0.9,"imprv_val":188630.0,"acres":0.17,"city":"Springtown","city_code":"CSP","fill_color":[34,139,34,180]}},{"type":"Feature","geometry":{"type":"Polygon","coordinates":[[[-97.67150147742403,32.96113959884467],[-97.67162544709987,32.96087276416613],[-97.67221534979478,32.961292050165625],[-97.6720593117002,32.96152757292951],[-97.67150147742403,32.96113959884467]]]},"properties":{"prop_id":26331,"state_cd":"S50","ite_code":0,"ite_name":"Vacant/Agricultural","ite_unit":"N/A","units":1.0,"daily_trips":0.0,"am_peak_trips":0.0,"pm_peak_trips":0.0,"imprv_val":0.0,"acres":0.514,"city":"Springtown","city_code":"CSP","fill_color":[80,80,80,100]}},{"type":"Feature","geometry":{"type":"Polygon","coordinates":[[[-97.67952055200519,32.972560320053226],[-97.67952690832942,32.97218400152831],[-97.6797384829181,32.97219113882533],[-97.67973217333707,32.97256597326225],[-97.67952055200519,32.972560320053226]]]},"properties":{"prop_id":70329,"state_cd":"S50","ite_code":210,"ite_name":"Single-Family Detached","ite_unit":"DU","units":1,"daily_trips":9.4,"am_peak_trips":0.7,"pm_peak_trips":0.9,"imprv_val":193270.0,"acres":0.198,"city":"Springtown","city_code":"CSP","fill_color":[34,139,34,180]}},{"type":"Feature","geometry":{"type":"Polygon","coordinates":[[[-97.6774605097011,32.957395937281376],[-97.67747208792497,32.95709719500943],[-97.67786355515123,32.95709900919709],[-97.67804984976851,32.95709990812773],[-97.67829805826304,32.95710110505318],[-97.67823129289829,32.95715630012719],[-97.6780475896743,32.95730827693425],[-97.67797487742249,32.95736843506481],[-97.6779360729622,32.95740055998411],[-97.6774605097011,32.957395937281376]]]},"properties":{"prop_id":1911,"state_cd":"S48","ite_code":210,"ite_name":"Single-Family Detached","ite_unit":"DU","units":1,"daily_trips":9.4,"am_peak_trips":0.7,"pm_peak_trips":0.9,"imprv_val":229780.0,"acres":0.5007,"city":"Springtown","city_code":"CSP","fill_color":[34,139,34,180]}},{"type":"Feature","geometry":{"type":"Polygon","coordinates":[[[-97.68195238712794,32.97256792261848],[-97.68227119820543,32.97251479173592],[-97.68231035914305,32.972720935649576],[-97.68197979622553,32.97277573993903],[-97.68194375512688,32.9725901707352],[-97.68195623178947,32.97258813064191],[-97.6819521181683,32.97256796774786],[-97.68195238712794,32.97256792261848]]]},"properties":{"prop_id":74319,"state_cd":"S50","ite_code":210,"ite_name":"Single-Family Detached","ite_unit":"DU","units":1,"daily_trips":9.4,"am_peak_trips":0.7,"pm_peak_trips":0.9,"imprv_val":219150.0,"acres":0.174,"city":"Springtown","city_code":"CSP","fill_color":[34,139,34,180]}},{"type":"Feature","geometry":{"type":"Polygon","coordinates":[[[-97.67683646070122,32.95757771488417],[-97.67728970583022,32.95758068115312],[-97.6772786027151,32.95786678204776],[-97.67682646534755,32.95786382306613],[-97.67683646070122,32.95757771488417]]]},"properties":{"prop_id":115525,"state_cd":"S36","ite_code":210,"ite_name":"Single-Family Detached","ite_unit":"DU","units":1,"daily_trips":9.4,"am_peak_trips":0.7,"pm_peak_trips":0.9,"imprv_val":114270.0,"acres":0.3319,"city":"Springtown","city_code":"CSP","fill_color":[34,139,34,180]}},{"type":"Feature","geometry":{"type":"Polygon","coordinates":[[[-97.6776568000746,32.971911739038575],[-97.67766067671609,32.97149430177831],[-97.67814979628471,32.9714975282053],[-97.678133288359,32.97191869778103],[-97.6776568000746,32.971911739038575]]]},"properties":{"prop_id":7210,"state_cd":"S50","ite_code":210,"ite_name":"Single-Family Detached","ite_unit":"DU","units":1,"daily_trips":9.4,"am_peak_trips":0.7,"pm_peak_trips":0.9,"imprv_val":219610.0,"acres":0.5186,"city":"Springtown","city_code":"CSP","fill_color":[34,139,34,180]}},{"type":"Feature","geometry":{"type":"Polygon","coordinates":[[[-97.68612122551814,32.976878817598674],[-97.68613390205388,32.97648457161451],[-97.68689713929459,32.97648805528807],[-97.68689642534346,32.97653061571237],[-97.68689355626441,32.97670102055022],[-97.68689112257962,32.97689135577747],[-97.68685489907612,32.976890487277046],[-97.68650407736929,32.97688154612225],[-97.68612122551814,32.976878817598674]]]},"properties":{"prop_id":75294,"state_cd":"S80","ite_code":210,"ite_name":"Single-Family Detached","ite_unit":"DU","units":1,"daily_trips":9.4,"am_peak_trips":0.7,"pm_peak_trips":0.9,"imprv_val":222640.0,"acres":0.72,"city":"Springtown","city_code":"CSP","fill_color":[34,139,34,180]}},{"type":"Feature","geometry":{"type":"Polygon","coordinates":[[[-97.67379212606478,32.963032070100894],[-97.67384682256555,32.962989422928516],[-97.67397541198103,32.962889161926604],[-97.67433816992583,32.96321979299543],[-97.67415488498041,32.96336270170402],[-97.67379212606478,32.963032070100894]]]},"properties":{"prop_id":86710,"state_cd":"S40","ite_code":210,"ite_name":"Single-Family Detached","ite_unit":"DU","units":1,"daily_trips":9.4,"am_peak_trips":0.7,"pm_peak_trips":0.9,"imprv_val":359330.0,"acres":0.31,"city":"Springtown","city_code":"CSP","fill_color":[34,139,34,180]}},{"type":"Feature","geometry":{"type":"Polygon","coordinates":[[[-97.68306718785905,32.97035689577909],[-97.68326705827252,32.970334106373926],[-97.68326721956888,32.97033482979093],[-97.68333652682674,32.97064614675767],[-97.68312449826361,32.97064475717972],[-97.68306718785905,32.97035689577909]]]},"properties":{"prop_id":16803,"state_cd":"S30","ite_code":210,"ite_name":"Single-Family Detached","ite_unit":"DU","units":1,"daily_trips":9.4,"am_peak_trips":0.7,"pm_peak_trips":0.9,"imprv_val":133000.0,"acres":0.169,"city":"Springtown","city_code":"CSP","fill_color":[34,139,34,180]}},{"type":"Feature","geometry":{"type":"Polygon","coordinates":[[[-97.65843756981869,32.97006525074166],[-97.65886563074523,32.97006815050216],[-97.65886289402614,32.97024824800156],[-97.65843399061919,32.970245759191414],[-97.65843756981869,32.97006525074166]]]},"properties":{"prop_id":122974,"state_cd":"S60","ite_code":0,"ite_name":"Vacant/Agricultural","ite_unit":"N/A","units":1.0,"daily_trips":0.0,"am_peak_trips":0.0,"pm_peak_trips":0.0,"imprv_val":0.0,"acres":0.2,"city":"Springtown","city_code":"CSP","fill_color":[80,80,80,100]}},{"type":"Feature","geometry":{"type":"Polygon","coordinates":[[[-97.67190176002096,32.97202309690555],[-97.67209651236215,32.9720234357604],[-97.67209697179804,32.972451015742735],[-97.67190345876014,32.972446875828226],[-97.67190345593609,32.97244626256969],[-97.67190176002096,32.97202309690555]]]},"properties":{"prop_id":109379,"state_cd":"S50","ite_code":210,"ite_name":"Single-Family Detached","ite_unit":"DU","units":1,"daily_trips":9.4,"am_peak_trips":0.7,"pm_peak_trips":0.9,"imprv_val":237450.0,"acres":0.213,"city":"Springtown","city_code":"CSP","fill_color":[34,139,34,180]}},{"type":"Feature","geometry":{"type":"Polygon","coordinates":[[[-97.6921331450462,32.972707032905134],[-97.69213949252108,32.97233589500381],[-97.69222744897469,32.97234211863797],[-97.69231448818466,32.97235448127964],[-97.6924000075196,32.972372898763396],[-97.6924834143698,32.972397243702865],[-97.69233764604157,32.97270870824829],[-97.6921331450462,32.972707032905134]]]},"properties":{"prop_id":117465,"state_cd":"S55","ite_code":210,"ite_name":"Single-Family Detached","ite_unit":"DU","units":1,"daily_trips":9.4,"am_peak_trips":0.7,"pm_peak_trips":0.9,"imprv_val":285000.0,"acres":0.255,"city":"Springtown","city_code":"CSP","fill_color":[34,139,34,180]}},{"type":"Feature","geometry":{"type":"Polygon","coordinates":[[[-97.67812452544656,32.977590051059174],[-97.6781271203453,32.97740247743842],[-97.67874719918059,32.97742369130595],[-97.67879305229198,32.977683447651714],[-97.67836856279015,32.97759403003451],[-97.67812452544656,32.977590051059174]]]},"properties":{"prop_id":95603,"state_cd":"S60","ite_code":0,"ite_name":"Vacant/Agricultural","ite_unit":"N/A","units":1.0,"daily_trips":0.0,"am_peak_trips":0.0,"pm_peak_trips":0.0,"imprv_val":0.0,"acres":0.35,"city":"Springtown","city_code":"CSP","fill_color":[80,80,80,100]}},{"type":"Feature","geometry":{"type":"Polygon","coordinates":[[[-97.68622858396084,32.9693380272236],[-97.68622915591276,32.96930221597472],[-97.68623281836483,32.96896689172868],[-97.68655881730626,32.96897301777814],[-97.68655515715821,32.96930834204046],[-97.6865551722831,32.96933895631098],[-97.68655517199318,32.96933898787288],[-97.68652359322023,32.96933851751546],[-97.68650551186172,32.96933849508306],[-97.68622858396084,32.9693380272236]]]},"properties":{"prop_id":27415,"state_cd":"S50","ite_code":210,"ite_name":"Single-Family Detached","ite_unit":"DU","units":1,"daily_trips":9.4,"am_peak_trips":0.7,"pm_peak_trips":0.9,"imprv_val":168350.0,"acres":0.3077,"city":"Springtown","city_code":"CSP","fill_color":[34,139,34,180]}},{"type":"Feature","geometry":{"type":"Polygon","coordinates":[[[-97.67869339538362,32.97165264594347],[-97.67869978448155,32.971273165816406],[-97.67891142354746,32.9712765705095],[-97.6789049688864,32.971659757602865],[-97.67869339538362,32.97165264594347]]]},"properties":{"prop_id":70354,"state_cd":"S50","ite_code":210,"ite_name":"Single-Family Detached","ite_unit":"DU","units":1,"daily_trips":9.4,"am_peak_trips":0.7,"pm_peak_trips":0.9,"imprv_val":226120.0,"acres":0.207,"city":"Springtown","city_code":"CSP","fill_color":[34,139,34,180]}},{"type":"Feature","geometry":{"type":"Polygon","coordinates":[[[-97.66969729684557,32.970628169999216],[-97.66977715943314,32.97056380050724],[-97.66997639228502,32.97056894589637],[-97.66997570497111,32.970883903190426],[-97.66968589423279,32.97087815527403],[-97.66969729684557,32.970628169999216]]]},"properties":{"prop_id":109429,"state_cd":"S50","ite_code":210,"ite_name":"Single-Family Detached","ite_unit":"DU","units":1,"daily_trips":9.4,"am_peak_trips":0.7,"pm_peak_trips":0.9,"imprv_val":234030.0,"acres":0.223,"city":"Springtown","city_code":"CSP","fill_color":[34,139,34,180]}},{"type":"Feature","geometry":{"type":"Polygon","coordinates":[[[-97.64586546881729,32.9639160568515],[-97.645872755389,32.96370262653381],[-97.64595464344083,32.963634945691965],[-97.64616689786013,32.96364001920168],[-97.64637923216915,32.96363869353943],[-97.64659137457932,32.963630970451256],[-97.64657455379464,32.963932415949174],[-97.64586546881729,32.9639160568515]]]},"properties":{"prop_id":123415,"state_cd":"S60","ite_code":210,"ite_name":"Single-Family Detached","ite_unit":"DU","units":1,"daily_trips":9.4,"am_peak_trips":0.7,"pm_peak_trips":0.9,"imprv_val":214690.0,"acres":0.518,"city":"Springtown","city_code":"CSP","fill_color":[34,139,34,180]}},{"type":"Feature","geometry":{"type":"Polygon","coordinates":[[[-97.68255334518044,32.96718574714053],[-97.68295905541052,32.96712428176971],[-97.68303280833543,32.96746437472243],[-97.6826218010903,32.967526635275384],[-97.68255334518044,32.96718574714053]]]},"properties":{"prop_id":26703,"state_cd":"S55","ite_code":210,"ite_name":"Single-Family Detached","ite_unit":"DU","units":1,"daily_trips":9.4,"am_peak_trips":0.7,"pm_peak_trips":0.9,"imprv_val":121950.0,"acres":0.3674,"city":"Springtown","city_code":"CSP","fill_color":[34,139,34,180]}},{"type":"Feature","geometry":{"type":"Polygon","coordinates":[[[-97.6882589770443,32.974471057426406],[-97.68852485484634,32.9738945595844],[-97.68882849753099,32.97399395193496],[-97.68856262115116,32.97457047837162],[-97.6882589770443,32.974471057426406]]]},"properties":{"prop_id":19162,"state_cd":"S55","ite_code":210,"ite_name":"Single-Family Detached","ite_unit":"DU","units":1,"daily_trips":9.4,"am_peak_trips":0.7,"pm_peak_trips":0.9,"imprv_val":233640.0,"acres":0.52,"city":"Springtown","city_code":"CSP","fill_color":[34,139,34,180]}},{"type":"Feature","geometry":{"type":"Polygon","coordinates":[[[-97.68617443320724,32.97117849807688],[-97.68617816998383,32.97079181290769],[-97.68640265213031,32.97079378992209],[-97.68639398323695,32.971179882861556],[-97.68617443320724,32.97117849807688]]]},"properties":{"prop_id":112933,"state_cd":"S50","ite_code":0,"ite_name":"Vacant/Agricultural","ite_unit":"N/A","units":1.0,"daily_trips":0.0,"am_peak_trips":0.0,"pm_peak_trips":0.0,"imprv_val":0.0,"acres":0.2197,"city":"Springtown","city_code":"CSP","fill_color":[80,80,80,100]}},{"type":"Feature","geometry":{"type":"Polygon","coordinates":[[[-97.68953139266362,32.95832870912441],[-97.68965127008924,32.9583293570935],[-97.68977104275935,32.95833362148098],[-97.68989055778569,32.95834149498038],[-97.68989107879077,32.95849293260216],[-97.68989159239648,32.958642021823906],[-97.68989206326168,32.958778709787865],[-97.68989210479938,32.95879089189174],[-97.68989255515163,32.95892151946481],[-97.68989261584518,32.958939091892894],[-97.68989304753276,32.959064509507],[-97.68989312792986,32.959087997123895],[-97.68989354092764,32.95920785667521],[-97.6898935956095,32.95922386439957],[-97.68989403479162,32.95935126967687],[-97.68989407198426,32.95936205572869],[-97.6898945252056,32.95949377361518],[-97.6898945495461,32.959500936056166],[-97.68989501553304,32.95963617023327],[-97.68989549371652,32.95977498292295],[-97.68989550791652,32.95977904392663],[-97.68989597132408,32.95991385873399],[-97.68951891298812,32.95991425485024],[-97.6891442808428,32.95991464667473],[-97.68914389559485,32.95977644421459],[-97.68914388769878,32.95977345101073],[-97.6891435132663,32.95963885771633],[-97.68914348899652,32.95963005846555],[-97.68914313179033,32.959501411905634],[-97.68914309415415,32.95948799703448],[-97.68914274906417,32.959363985924384],[-97.68914269840296,32.95934556765074],[-97.68914236778043,32.959226519368],[-97.68914230158158,32.9592026711127],[-97.68914198535028,32.95908917815511],[-97.68914190491557,32.95906010824769],[-97.68914157470796,32.95894101487196],[-97.6891415095315,32.95891763917798],[-97.68914116212594,32.95879282992952],[-97.68914111441842,32.95877549115661],[-97.6891407472784,32.9586437242074],[-97.68914071467935,32.95863186230795],[-97.68914033518625,32.95849548605472],[-97.6891403161112,32.95848845621459],[-97.68913989778787,32.95833797788813],[-97.6894713634377,32.958329742654406],[-97.68951429479574,32.958329003737894],[-97.68953139266362,32.95832870912441]]]},"properties":{"prop_id":121650,"state_cd":"S50","ite_code":210,"ite_name":"Single-Family Detached","ite_unit":"DU","units":1,"daily_trips":9.4,"am_peak_trips":0.7,"pm_peak_trips":0.9,"imprv_val":179600.0,"acres":0.142,"city":"Springtown","city_code":"CSP","fill_color":[34,139,34,180]}},{"type":"Feature","geometry":{"type":"Polygon","coordinates":[[[-97.67290038133872,32.96221667889218],[-97.67294192546191,32.962170086811646],[-97.67309836322724,32.96200047004766],[-97.67357565435269,32.96235173597269],[-97.67333209152197,32.962538777605346],[-97.67290038133872,32.96221667889218]]]},"properties":{"prop_id":26333,"state_cd":"S50","ite_code":210,"ite_name":"Single-Family Detached","ite_unit":"DU","units":1,"daily_trips":9.4,"am_peak_trips":0.7,"pm_peak_trips":0.9,"imprv_val":175820.0,"acres":0.39,"city":"Springtown","city_code":"CSP","fill_color":[34,139,34,180]}},{"type":"Feature","geometry":{"type":"Polygon","coordinates":[[[-97.6701916043159,32.971199432501955],[-97.66997728135918,32.97119887644925],[-97.66997570497111,32.970883903190426],[-97.67019265291329,32.97088362991675],[-97.6701916043159,32.971199432501955]]]},"properties":{"prop_id":109465,"state_cd":"S50","ite_code":210,"ite_name":"Single-Family Detached","ite_unit":"DU","units":1,"daily_trips":9.4,"am_peak_trips":0.7,"pm_peak_trips":0.9,"imprv_val":255800.0,"acres":0.174,"city":"Springtown","city_code":"CSP","fill_color":[34,139,34,180]}},{"type":"Feature","geometry":{"type":"Polygon","coordinates":[[[-97.65950500504452,32.965672792006906],[-97.65909514839377,32.965671074076134],[-97.65909803219468,32.96549040660182],[-97.65950687088389,32.96549266056173],[-97.65950500504452,32.965672792006906]]]},"properties":{"prop_id":123016,"state_cd":"S60","ite_code":210,"ite_name":"Single-Family Detached","ite_unit":"DU","units":1,"daily_trips":9.4,"am_peak_trips":0.7,"pm_peak_trips":0.9,"imprv_val":151450.0,"acres":0.19,"city":"Springtown","city_code":"CSP","fill_color":[34,139,34,180]}},{"type":"Feature","geometry":{"type":"Polygon","coordinates":[[[-97.69407978426683,32.97559966980792],[-97.69424625537323,32.97514757461057],[-97.69429121864202,32.97515370819088],[-97.69444088930541,32.97517412434778],[-97.69443755542622,32.975366760697376],[-97.69443422623188,32.975559115703824],[-97.69443126868488,32.975730023288],[-97.69429487818105,32.9757046599137],[-97.69407978426683,32.97559966980792]]]},"properties":{"prop_id":113067,"state_cd":"S55","ite_code":210,"ite_name":"Single-Family Detached","ite_unit":"DU","units":1,"daily_trips":9.4,"am_peak_trips":0.7,"pm_peak_trips":0.9,"imprv_val":332100.0,"acres":0.381,"city":"Springtown","city_code":"CSP","fill_color":[34,139,34,180]}},{"type":"Feature","geometry":{"type":"Polygon","coordinates":[[[-97.6798421835342,32.968212603333654],[-97.68022990366113,32.9681806028054],[-97.68028464514103,32.9685760975899],[-97.68033055974831,32.96890710352231],[-97.67992179650754,32.96894688211381],[-97.67988541586973,32.968611238461335],[-97.6798421835342,32.968212603333654]]]},"properties":{"prop_id":86474,"state_cd":"S65","ite_code":210,"ite_name":"Single-Family Detached","ite_unit":"DU","units":1,"daily_trips":9.4,"am_peak_trips":0.7,"pm_peak_trips":0.9,"imprv_val":215490.0,"acres":0.57,"city":"Springtown","city_code":"CSP","fill_color":[34,139,34,180]}},{"type":"Feature","geometry":{"type":"Polygon","coordinates":[[[-97.66997570497111,32.970883903190426],[-97.66997639228502,32.97056894589637],[-97.67019445449394,32.97057058830438],[-97.67019265291329,32.97088362991675],[-97.66997570497111,32.970883903190426]]]},"properties":{"prop_id":109430,"state_cd":"S50","ite_code":210,"ite_name":"Single-Family Detached","ite_unit":"DU","units":1,"daily_trips":9.4,"am_peak_trips":0.7,"pm_peak_trips":0.9,"imprv_val":248890.0,"acres":0.174,"city":"Springtown","city_code":"CSP","fill_color":[34,139,34,180]}},{"type":"Feature","geometry":{"type":"Polygon","coordinates":[[[-97.6784617023631,32.97016398305873],[-97.67840803508551,32.97016142160794],[-97.6783543473279,32.97016106766177],[-97.67828945248083,32.9701612052431],[-97.6782925594244,32.96999333062408],[-97.67865458528222,32.969991934834546],[-97.67865535774936,32.969991931809076],[-97.67863513304916,32.97024349912835],[-97.67857919497897,32.97020339161693],[-97.67854530226343,32.9701866107517],[-97.67850351308253,32.97017419315189],[-97.6784617023631,32.97016398305873]]]},"properties":{"prop_id":94736,"state_cd":"S50","ite_code":210,"ite_name":"Single-Family Detached","ite_unit":"DU","units":1,"daily_trips":9.4,"am_peak_trips":0.7,"pm_peak_trips":0.9,"imprv_val":223950.0,"acres":0.182,"city":"Springtown","city_code":"CSP","fill_color":[34,139,34,180]}},{"type":"Feature","geometry":{"type":"Polygon","coordinates":[[[-97.67092995136059,32.97201563307667],[-97.67112458037121,32.97201394533119],[-97.67112721055274,32.97242800071338],[-97.67092989768356,32.972424510382375],[-97.67092995136059,32.97201563307667]]]},"properties":{"prop_id":109384,"state_cd":"S50","ite_code":210,"ite_name":"Single-Family Detached","ite_unit":"DU","units":1,"daily_trips":9.4,"am_peak_trips":0.7,"pm_peak_trips":0.9,"imprv_val":259910.0,"acres":0.205,"city":"Springtown","city_code":"CSP","fill_color":[34,139,34,180]}},{"type":"Feature","geometry":{"type":"Polygon","coordinates":[[[-97.6777528317585,32.96216013216178],[-97.67773835766036,32.96303775219843],[-97.67752848757111,32.963035710692495],[-97.67752088689407,32.96334082873282],[-97.67739036200769,32.96333852066205],[-97.67740877922262,32.9620804155699],[-97.6777528317585,32.96216013216178]]]},"properties":{"prop_id":2914,"state_cd":"SF-OVR","ite_code":210,"ite_name":"Single-Family Detached","ite_unit":"DU","units":1,"daily_trips":9.4,"am_peak_trips":0.7,"pm_peak_trips":0.9,"imprv_val":257940.0,"acres":0.9,"city":"Springtown","city_code":"CSP","fill_color":[34,139,34,180]}},{"type":"Feature","geometry":{"type":"Polygon","coordinates":[[[-97.64744922556676,32.96598274554894],[-97.64743675367804,32.96631244163227],[-97.64725615325267,32.966307453465355],[-97.64726875811562,32.96597790530281],[-97.64744922556676,32.96598274554894]]]},"properties":{"prop_id":127291,"state_cd":"S60","ite_code":0,"ite_name":"Vacant/Agricultural","ite_unit":"N/A","units":1.0,"daily_trips":0.0,"am_peak_trips":0.0,"pm_peak_trips":0.0,"imprv_val":0.0,"acres":0.152,"city":"Springtown","city_code":"CSP","fill_color":[80,80,80,100]}},{"type":"Feature","geometry":{"type":"Polygon","coordinates":[[[-97.68566546289269,32.971431089886764],[-97.68606305934335,32.971436775040225],[-97.68606863731998,32.97165598676849],[-97.68572413631547,32.97165560587513],[-97.68565892036051,32.97165517976014],[-97.68566546289269,32.971431089886764]]]},"properties":{"prop_id":33846,"state_cd":"S50","ite_code":210,"ite_name":"Single-Family Detached","ite_unit":"DU","units":1,"daily_trips":9.4,"am_peak_trips":0.7,"pm_peak_trips":0.9,"imprv_val":125470.0,"acres":0.2293,"city":"Springtown","city_code":"CSP","fill_color":[34,139,34,180]}},{"type":"Feature","geometry":{"type":"Polygon","coordinates":[[[-97.67025457472067,32.96091645718196],[-97.67121759416409,32.961230302338684],[-97.67113780087077,32.96147675883252],[-97.67010649324831,32.96113895676957],[-97.67025457472067,32.96091645718196]]]},"properties":{"prop_id":26173,"state_cd":"S30","ite_code":0,"ite_name":"Vacant/Agricultural","ite_unit":"N/A","units":1.0,"daily_trips":0.0,"am_peak_trips":0.0,"pm_peak_trips":0.0,"imprv_val":0.0,"acres":0.694,"city":"Springtown","city_code":"CSP","fill_color":[80,80,80,100]}},{"type":"Feature","geometry":{"type":"Polygon","coordinates":[[[-97.6764682319783,32.973109882280404],[-97.6764714471874,32.97255859847992],[-97.6767040064228,32.97256445199898],[-97.67764933479252,32.97259370502278],[-97.67765046640906,32.97259374044613],[-97.67813959205013,32.97259696691268],[-97.67812072256305,32.97314309363861],[-97.6764682319783,32.973109882280404]]]},"properties":{"prop_id":37926,"state_cd":"S150","ite_code":210,"ite_name":"Single-Family Detached","ite_unit":"DU","units":2,"daily_trips":18.9,"am_peak_trips":1.4,"pm_peak_trips":1.9,"imprv_val":198450.0,"acres":2.29,"city":"Springtown","city_code":"CSP","fill_color":[34,139,34,180]}},{"type":"Feature","geometry":{"type":"Polygon","coordinates":[[[-97.67344517237352,32.97749424223841],[-97.67349438393693,32.97491952499897],[-97.67430140702143,32.974942077355145],[-97.6742194063753,32.97750902925585],[-97.67344517237352,32.97749424223841]]]},"properties":{"prop_id":85891,"state_cd":"S180","ite_code":0,"ite_name":"Vacant/Agricultural","ite_unit":"N/A","units":1.0,"daily_trips":0.0,"am_peak_trips":0.0,"pm_peak_trips":0.0,"imprv_val":0.0,"acres":4.0,"city":"Springtown","city_code":"CSP","fill_color":[80,80,80,100]}},{"type":"Feature","geometry":{"type":"Polygon","coordinates":[[[-97.65357810509549,32.96368643779292],[-97.65356652115271,32.964263895367466],[-97.6532511444302,32.96399387370336],[-97.65325669169191,32.96368156051836],[-97.65357810509549,32.96368643779292]]]},"properties":{"prop_id":123502,"state_cd":"S60","ite_code":210,"ite_name":"Single-Family Detached","ite_unit":"DU","units":1,"daily_trips":9.4,"am_peak_trips":0.7,"pm_peak_trips":0.9,"imprv_val":120190.0,"acres":0.366,"city":"Springtown","city_code":"CSP","fill_color":[34,139,34,180]}},{"type":"Feature","geometry":{"type":"Polygon","coordinates":[[[-97.67489866176484,32.958475732640665],[-97.6744782054373,32.95904152308789],[-97.67438361936156,32.95899294461373],[-97.67388261959361,32.9587356333682],[-97.67428324281524,32.9584714468962],[-97.67489866176484,32.958475732640665]]]},"properties":{"prop_id":35541,"state_cd":"SF-OVR","ite_code":210,"ite_name":"Single-Family Detached","ite_unit":"DU","units":1,"daily_trips":9.4,"am_peak_trips":0.7,"pm_peak_trips":0.9,"imprv_val":197020.0,"acres":0.81,"city":"Springtown","city_code":"CSP","fill_color":[34,139,34,180]}},{"type":"Feature","geometry":{"type":"Polygon","coordinates":[[[-97.67388182731506,32.96136115417249],[-97.67398068719432,32.961260517503845],[-97.67404096527204,32.961339139497916],[-97.67440066063358,32.96180829295717],[-97.6742713505752,32.961879706576326],[-97.67421186678716,32.9619092665006],[-97.67415335593505,32.9619341776273],[-97.67409036756237,32.96194939510155],[-97.6740014020118,32.961957625271985],[-97.67392416279479,32.961952824195585],[-97.6738704817024,32.961942771011415],[-97.67381714333928,32.96192682755604],[-97.67377306387027,32.96190858268723],[-97.67371991682651,32.96187924656298],[-97.67366214675077,32.961837366044755],[-97.67361338228828,32.96180061167017],[-97.67354737690427,32.96175086307781],[-97.6735111655924,32.961723570889106],[-97.67388182731506,32.96136115417249]]]},"properties":{"prop_id":26179,"state_cd":"S100","ite_code":210,"ite_name":"Single-Family Detached","ite_unit":"DU","units":1,"daily_trips":9.4,"am_peak_trips":0.7,"pm_peak_trips":0.9,"imprv_val":280620.0,"acres":0.8559,"city":"Springtown","city_code":"CSP","fill_color":[34,139,34,180]}},{"type":"Feature","geometry":{"type":"Polygon","coordinates":[[[-97.64647964555306,32.96658997962215],[-97.64647985660625,32.966584287842196],[-97.64648524143801,32.96643872677165],[-97.64687616154195,32.966448456714936],[-97.64687057135014,32.96659963206021],[-97.64647964555306,32.96658997962215]]]},"properties":{"prop_id":127286,"state_cd":"S60","ite_code":0,"ite_name":"Vacant/Agricultural","ite_unit":"N/A","units":1.0,"daily_trips":0.0,"am_peak_trips":0.0,"pm_peak_trips":0.0,"imprv_val":0.0,"acres":0.152,"city":"Springtown","city_code":"CSP","fill_color":[80,80,80,100]}},{"type":"Feature","geometry":{"type":"Polygon","coordinates":[[[-97.69005460376597,32.95850603133994],[-97.69005411927834,32.95835454706348],[-97.69018386946463,32.958362767275325],[-97.69031391545239,32.95836636562404],[-97.6904440262251,32.958365335197],[-97.69083517974,32.958353498038605],[-97.69083581968803,32.95854805891799],[-97.69083627129072,32.95868549255363],[-97.69083672122544,32.95882217225141],[-97.69083717592285,32.95896043828529],[-97.6908376278016,32.95909784215505],[-97.69083807979572,32.95923535063458],[-97.69083852959595,32.95937204565249],[-97.69083897939616,32.959508857905014],[-97.69083943423387,32.95964699226098],[-97.69083988592192,32.9597844177607],[-97.69084033826086,32.959921889255114],[-97.69084078779615,32.960058614019005],[-97.69084133613985,32.96022515190054],[-97.6904502823449,32.96023664437847],[-97.69041379007778,32.960237716746185],[-97.69023685702581,32.960237710623105],[-97.69006012492595,32.96023058656045],[-97.69005964332266,32.960079954560634],[-97.69005958565151,32.96006181400643],[-97.690059182197,32.959936207211555],[-97.69005914063067,32.95992308991857],[-97.69005872516698,32.959793415819256],[-97.69005870555382,32.95978737257238],[-97.6900582694729,32.959650946383924],[-97.69005826353703,32.95964913909095],[-97.69005782501698,32.95951216096817],[-97.6900578092045,32.95950733971666],[-97.69005738574937,32.95937479685747],[-97.69005735267373,32.95936449421],[-97.69005694359154,32.959236813172716],[-97.69005689167928,32.95922073332074],[-97.6900565062039,32.95910017954636],[-97.69005643413371,32.95907776515408],[-97.6900560631481,32.958961592530734],[-97.69005597960246,32.958935520266834],[-97.69005561769544,32.95882279988112],[-97.69005552337866,32.958793226667424],[-97.69005518030846,32.95868593267493],[-97.69005506467053,32.95864980126053],[-97.69005474767106,32.958551002614335],[-97.69005460376597,32.95850603133994]]]},"properties":{"prop_id":121624,"state_cd":"S50","ite_code":0,"ite_name":"Vacant/Agricultural","ite_unit":"N/A","units":1.0,"daily_trips":0.0,"am_peak_trips":0.0,"pm_peak_trips":0.0,"imprv_val":0.0,"acres":0.138,"city":"Springtown","city_code":"CSP","fill_color":[80,80,80,100]}},{"type":"Feature","geometry":{"type":"Polygon","coordinates":[[[-97.67351471185042,32.966217997251746],[-97.67437127671565,32.96614188596391],[-97.67437242325161,32.96625230474904],[-97.6743738147287,32.966386251933805],[-97.67437410966812,32.96641462977277],[-97.67351758738594,32.96644485928662],[-97.67351471185042,32.966217997251746]]]},"properties":{"prop_id":26367,"state_cd":"S65","ite_code":210,"ite_name":"Single-Family Detached","ite_unit":"DU","units":1,"daily_trips":9.4,"am_peak_trips":0.7,"pm_peak_trips":0.9,"imprv_val":203610.0,"acres":0.5484,"city":"Springtown","city_code":"CSP","fill_color":[34,139,34,180]}},{"type":"Feature","geometry":{"type":"Polygon","coordinates":[[[-97.69504101963587,32.97540697243489],[-97.69548083085542,32.975411262355564],[-97.69547733757345,32.97560308514222],[-97.69503760248489,32.97559914290838],[-97.69504101963587,32.97540697243489]]]},"properties":{"prop_id":117508,"state_cd":"S55","ite_code":210,"ite_name":"Single-Family Detached","ite_unit":"DU","units":1,"daily_trips":9.4,"am_peak_trips":0.7,"pm_peak_trips":0.9,"imprv_val":266360.0,"acres":0.217,"city":"Springtown","city_code":"CSP","fill_color":[34,139,34,180]}},{"type":"Feature","geometry":{"type":"Polygon","coordinates":[[[-97.67285158954604,32.96712277856171],[-97.67342770859197,32.967074346720075],[-97.673431070726,32.96733948806374],[-97.6728549997273,32.967379040892936],[-97.67285158954604,32.96712277856171]]]},"properties":{"prop_id":26377,"state_cd":"S50","ite_code":210,"ite_name":"Single-Family Detached","ite_unit":"DU","units":1,"daily_trips":9.4,"am_peak_trips":0.7,"pm_peak_trips":0.9,"imprv_val":220500.0,"acres":0.3851,"city":"Springtown","city_code":"CSP","fill_color":[34,139,34,180]}},{"type":"Feature","geometry":{"type":"Polygon","coordinates":[[[-97.6932333031792,32.98064111230993],[-97.69214789027652,32.98062892899961],[-97.6912146449237,32.980613570846685],[-97.69066093530219,32.98060825686461],[-97.69066079408042,32.98060825504582],[-97.69038022348046,32.98060586202919],[-97.68775452212115,32.980583434621806],[-97.6877508758878,32.980583403645795],[-97.68743734856788,32.980578809732414],[-97.68727747969912,32.98057646698136],[-97.68727439106186,32.980576421590825],[-97.68676508459629,32.98057641108416],[-97.68675816135595,32.97994296365252],[-97.68639761369151,32.97993967636807],[-97.68632982415566,32.97926610267004],[-97.68686988061792,32.97918372862151],[-97.6878130303661,32.979136190832214],[-97.69540724373286,32.97919219144355],[-97.6953937782364,32.97977336767774],[-97.69537877740302,32.980641333656855],[-97.69389353810526,32.98065391800985],[-97.6932333031792,32.98064111230993]]]},"properties":{"prop_id":26659,"state_cd":"A50","ite_code":0,"ite_name":"Vacant/Agricultural","ite_unit":"N/A","units":1.0,"daily_trips":0.0,"am_peak_trips":0.0,"pm_peak_trips":0.0,"imprv_val":0.0,"acres":33.608,"city":"Springtown","city_code":"CSP","fill_color":[80,80,80,100]}},{"type":"Feature","geometry":{"type":"Polygon","coordinates":[[[-97.6464908401822,32.96628739728235],[-97.64649095166882,32.966284376929806],[-97.64649644893326,32.96613580452526],[-97.64649650951559,32.96613418075207],[-97.64688741529419,32.966144147751734],[-97.64688180083914,32.96629595782257],[-97.6464908401822,32.96628739728235]]]},"properties":{"prop_id":127288,"state_cd":"S60","ite_code":210,"ite_name":"Single-Family Detached","ite_unit":"DU","units":1,"daily_trips":9.4,"am_peak_trips":0.7,"pm_peak_trips":0.9,"imprv_val":13120.0,"acres":0.152,"city":"Springtown","city_code":"CSP","fill_color":[34,139,34,180]}},{"type":"Feature","geometry":{"type":"Polygon","coordinates":[[[-97.67909970774404,32.96165772740207],[-97.67910061595299,32.96165530567467],[-97.67916894561053,32.96167009658623],[-97.67946370119367,32.96173390021221],[-97.67946332345988,32.961735066488906],[-97.67946290279652,32.96173636324734],[-97.67941674997105,32.961878731501244],[-97.67932905809586,32.9621492341881],[-97.67894842868428,32.96206089490565],[-97.67909970774404,32.96165772740207]]]},"properties":{"prop_id":46152,"state_cd":"SF-OVR","ite_code":210,"ite_name":"Single-Family Detached","ite_unit":"DU","units":1,"daily_trips":9.4,"am_peak_trips":0.7,"pm_peak_trips":0.9,"imprv_val":284500.0,"acres":0.54,"city":"Springtown","city_code":"CSP","fill_color":[34,139,34,180]}},{"type":"Feature","geometry":{"type":"Polygon","coordinates":[[[-97.67553129856154,32.96778816949864],[-97.67553285391391,32.968020648245464],[-97.67541969810401,32.96802067515783],[-97.67541748536296,32.96779000652685],[-97.67553129856154,32.96778816949864]]]},"properties":{"prop_id":89530,"state_cd":"S25","ite_code":210,"ite_name":"Single-Family Detached","ite_unit":"DU","units":1,"daily_trips":9.4,"am_peak_trips":0.7,"pm_peak_trips":0.9,"imprv_val":211820.0,"acres":0.068,"city":"Springtown","city_code":"CSP","fill_color":[34,139,34,180]}},{"type":"Feature","geometry":{"type":"Polygon","coordinates":[[[-97.67976204344532,32.97362224378677],[-97.68048709694376,32.9736306965426],[-97.68058125019088,32.974141073451904],[-97.67987969091348,32.97425726705233],[-97.67976204344532,32.97362224378677]]]},"properties":{"prop_id":44221,"state_cd":"S90","ite_code":210,"ite_name":"Single-Family Detached","ite_unit":"DU","units":2,"daily_trips":18.9,"am_peak_trips":1.4,"pm_peak_trips":1.9,"imprv_val":183160.0,"acres":1.0,"city":"Springtown","city_code":"CSP","fill_color":[34,139,34,180]}},{"type":"Feature","geometry":{"type":"Polygon","coordinates":[[[-97.68674713355975,32.95746803180157],[-97.68675783614252,32.95630086082028],[-97.6872442763381,32.956305761613514],[-97.68722654592762,32.957474313439754],[-97.68674713355975,32.95746803180157]]]},"properties":{"prop_id":46170,"state_cd":"S90","ite_code":210,"ite_name":"Single-Family Detached","ite_unit":"DU","units":1,"daily_trips":9.4,"am_peak_trips":0.7,"pm_peak_trips":0.9,"imprv_val":130270.0,"acres":0.96,"city":"Springtown","city_code":"CSP","fill_color":[34,139,34,180]}},{"type":"Feature","geometry":{"type":"Polygon","coordinates":[[[-97.68970369568005,32.9602061449315],[-97.68953618417326,32.96020248446595],[-97.6894307043401,32.96020320162759],[-97.68914509978258,32.96020947886291],[-97.68914468163746,32.96005909616524],[-97.68914465977012,32.96005108602624],[-97.68914428686925,32.95991690938926],[-97.6891442808428,32.95991464667473],[-97.68914389559485,32.95977644421459],[-97.68914388769878,32.95977345101073],[-97.6891435132663,32.95963885771633],[-97.68914348899652,32.95963005846555],[-97.68914313179033,32.959501411905634],[-97.68914309415415,32.95948799703448],[-97.68914274906417,32.959363985924384],[-97.68914269840296,32.95934556765074],[-97.68914236778043,32.959226519368],[-97.68914230158158,32.9592026711127],[-97.68914198535028,32.95908917815511],[-97.68914190491557,32.95906010824769],[-97.68914157470796,32.95894101487196],[-97.6891415095315,32.95891763917798],[-97.68914116212594,32.95879282992952],[-97.68914111441842,32.95877549115661],[-97.6891407472784,32.9586437242074],[-97.68914071467935,32.95863186230795],[-97.68914033518625,32.95849548605472],[-97.6891403161112,32.95848845621459],[-97.68913989778787,32.95833797788813],[-97.6894713634377,32.958329742654406],[-97.68951429479574,32.958329003737894],[-97.68953139266362,32.95832870912441],[-97.68965127008924,32.9583293570935],[-97.68977104275935,32.95833362148098],[-97.68989055778569,32.95834149498038],[-97.68989107879077,32.95849293260216],[-97.68989159239648,32.958642021823906],[-97.68989206326168,32.958778709787865],[-97.68989210479938,32.95879089189174],[-97.68989255515163,32.95892151946481],[-97.68989261584518,32.958939091892894],[-97.68989304753276,32.959064509507],[-97.68989312792986,32.959087997123895],[-97.68989354092764,32.95920785667521],[-97.6898935956095,32.95922386439957],[-97.68989403479162,32.95935126967687],[-97.68989407198426,32.95936205572869],[-97.6898945252056,32.95949377361518],[-97.6898945495461,32.959500936056166],[-97.68989501553304,32.95963617023327],[-97.68989549371652,32.95977498292295],[-97.68989550791652,32.95977904392663],[-97.68989597132408,32.95991385873399],[-97.68989600352516,32.95992308549971],[-97.68989643699898,32.96004889359861],[-97.68989649375287,32.96006537659565],[-97.68989701774588,32.960217659210684],[-97.6898708816692,32.960215688355554],[-97.68970369568005,32.9602061449315]]]},"properties":{"prop_id":121630,"state_cd":"S50","ite_code":210,"ite_name":"Single-Family Detached","ite_unit":"DU","units":1,"daily_trips":9.4,"am_peak_trips":0.7,"pm_peak_trips":0.9,"imprv_val":177520.0,"acres":0.142,"city":"Springtown","city_code":"CSP","fill_color":[34,139,34,180]}},{"type":"Feature","geometry":{"type":"MultiPolygon","coordinates":[[[[-97.6822585661005,32.96770132260192],[-97.68222692028547,32.967539964569816],[-97.68261286499194,32.96748639593713],[-97.68264463305854,32.967648376025835],[-97.6822585661005,32.96770132260192]]],[[[-97.68222692028547,32.967539964569816],[-97.68222651644257,32.96754002053826],[-97.68222679872106,32.96753934241593],[-97.68222692028547,32.967539964569816]]]]},"properties":{"prop_id":26723,"state_cd":"S55","ite_code":210,"ite_name":"Single-Family Detached","ite_unit":"DU","units":1,"daily_trips":9.4,"am_peak_trips":0.7,"pm_peak_trips":0.9,"imprv_val":82420.0,"acres":0.16,"city":"Springtown","city_code":"CSP","fill_color":[34,139,34,180]}},{"type":"Feature","geometry":{"type":"Polygon","coordinates":[[[-97.69314606506052,32.96542020418279],[-97.69268807221451,32.96530052505405],[-97.69260765031011,32.96528040562536],[-97.6926101659049,32.96467899274034],[-97.6931465075134,32.964689571052844],[-97.69314606506052,32.96542020418279]]]},"properties":{"prop_id":78606,"state_cd":"SF-OVR","ite_code":210,"ite_name":"Single-Family Detached","ite_unit":"DU","units":2,"daily_trips":18.9,"am_peak_trips":1.4,"pm_peak_trips":1.9,"imprv_val":255860.0,"acres":1.03,"city":"Springtown","city_code":"CSP","fill_color":[34,139,34,180]}},{"type":"Feature","geometry":{"type":"Polygon","coordinates":[[[-97.64913640125499,32.96872129811603],[-97.64922173744748,32.96835651975032],[-97.64939668533759,32.9683855100202],[-97.64931177747145,32.968750543032534],[-97.64913640125499,32.96872129811603]]]},"properties":{"prop_id":127263,"state_cd":"S60","ite_code":0,"ite_name":"Vacant/Agricultural","ite_unit":"N/A","units":1.0,"daily_trips":0.0,"am_peak_trips":0.0,"pm_peak_trips":0.0,"imprv_val":0.0,"acres":0.171,"city":"Springtown","city_code":"CSP","fill_color":[80,80,80,100]}},{"type":"Feature","geometry":{"type":"Polygon","coordinates":[[[-97.6915404020657,32.97322607185767],[-97.69190422622864,32.97301963170399],[-97.69196044427675,32.97308688883733],[-97.69202274525995,32.97315022367689],[-97.69209074651066,32.97320924594963],[-97.69180912948377,32.97347434938548],[-97.6915404020657,32.97322607185767]]]},"properties":{"prop_id":117442,"state_cd":"S55","ite_code":210,"ite_name":"Single-Family Detached","ite_unit":"DU","units":1,"daily_trips":9.4,"am_peak_trips":0.7,"pm_peak_trips":0.9,"imprv_val":313070.0,"acres":0.314,"city":"Springtown","city_code":"CSP","fill_color":[34,139,34,180]}},{"type":"Feature","geometry":{"type":"Polygon","coordinates":[[[-97.68106170875835,32.97332650212228],[-97.68101513281779,32.97312128756727],[-97.68148979332979,32.973130975586464],[-97.68149845064663,32.97313112352734],[-97.6815429104295,32.97332996614886],[-97.68106170875835,32.97332650212228]]]},"properties":{"prop_id":86212,"state_cd":"S50","ite_code":210,"ite_name":"Single-Family Detached","ite_unit":"DU","units":1,"daily_trips":9.4,"am_peak_trips":0.7,"pm_peak_trips":0.9,"imprv_val":218260.0,"acres":0.203,"city":"Springtown","city_code":"CSP","fill_color":[34,139,34,180]}},{"type":"Feature","geometry":{"type":"Polygon","coordinates":[[[-97.67396562490731,32.97183827129644],[-97.67396377556031,32.97167237859156],[-97.6743770710957,32.971677026393095],[-97.6743763427111,32.971854747456476],[-97.67398302428543,32.97184768982545],[-97.67396562490731,32.97183827129644]]]},"properties":{"prop_id":109367,"state_cd":"S50","ite_code":210,"ite_name":"Single-Family Detached","ite_unit":"DU","units":1,"daily_trips":9.4,"am_peak_trips":0.7,"pm_peak_trips":0.9,"imprv_val":258880.0,"acres":0.185,"city":"Springtown","city_code":"CSP","fill_color":[34,139,34,180]}},{"type":"Feature","geometry":{"type":"Polygon","coordinates":[[[-97.67635811661668,32.958397892862436],[-97.67636866596821,32.95812599934209],[-97.67681726533309,32.95812742424361],[-97.67680748302773,32.9584080913003],[-97.67635811661668,32.958397892862436]]]},"properties":{"prop_id":1921,"state_cd":"S45","ite_code":210,"ite_name":"Single-Family Detached","ite_unit":"DU","units":1,"daily_trips":9.4,"am_peak_trips":0.7,"pm_peak_trips":0.9,"imprv_val":99610.0,"acres":0.3179,"city":"Springtown","city_code":"CSP","fill_color":[34,139,34,180]}},{"type":"Feature","geometry":{"type":"Polygon","coordinates":[[[-97.67470854759978,32.9623175255905],[-97.67490605385431,32.962150996761835],[-97.67514781862772,32.961947148202924],[-97.67510376044409,32.962592018904964],[-97.67507130594018,32.962648154550365],[-97.67470854759978,32.9623175255905]]]},"properties":{"prop_id":26347,"state_cd":"S180","ite_code":0,"ite_name":"Vacant/Agricultural","ite_unit":"N/A","units":1.0,"daily_trips":0.0,"am_peak_trips":0.0,"pm_peak_trips":0.0,"imprv_val":0.0,"acres":1.23,"city":"Springtown","city_code":"CSP","fill_color":[80,80,80,100]}},{"type":"Feature","geometry":{"type":"Polygon","coordinates":[[[-97.68857080364329,32.96498148012269],[-97.68798023980395,32.96506589390306],[-97.68798354946867,32.96478801869959],[-97.68769531624577,32.964833158580426],[-97.68769255232858,32.965108236275505],[-97.68727267116127,32.96516540764849],[-97.68728395214347,32.96422866376239],[-97.68863010179462,32.96456215598207],[-97.68857080364329,32.96498148012269]]]},"properties":{"prop_id":95054,"state_cd":"SF-OVR","ite_code":210,"ite_name":"Single-Family Detached","ite_unit":"DU","units":2,"daily_trips":18.9,"am_peak_trips":1.4,"pm_peak_trips":1.9,"imprv_val":492450.0,"acres":2.08,"city":"Springtown","city_code":"CSP","fill_color":[34,139,34,180]}},{"type":"Feature","geometry":{"type":"Polygon","coordinates":[[[-97.67620337142425,32.96729860674237],[-97.67582731745881,32.96730134548465],[-97.6758266148158,32.96716487599309],[-97.67620235569917,32.96716329944133],[-97.67620337142425,32.96729860674237]]]},"properties":{"prop_id":89603,"state_cd":"S50","ite_code":210,"ite_name":"Single-Family Detached","ite_unit":"DU","units":1,"daily_trips":9.4,"am_peak_trips":0.7,"pm_peak_trips":0.9,"imprv_val":185550.0,"acres":0.126,"city":"Springtown","city_code":"CSP","fill_color":[34,139,34,180]}},{"type":"Feature","geometry":{"type":"Polygon","coordinates":[[[-97.66690790824045,32.96067814828702],[-97.66710812234535,32.96041324086577],[-97.66761998612883,32.9607064083838],[-97.66742811051833,32.96096881564977],[-97.66690790824045,32.96067814828702]]]},"properties":{"prop_id":26245,"state_cd":"S50","ite_code":210,"ite_name":"Single-Family Detached","ite_unit":"DU","units":1,"daily_trips":9.4,"am_peak_trips":0.7,"pm_peak_trips":0.9,"imprv_val":174690.0,"acres":0.4951,"city":"Springtown","city_code":"CSP","fill_color":[34,139,34,180]}},{"type":"Feature","geometry":{"type":"Polygon","coordinates":[[[-97.68046685536285,32.96086410001127],[-97.68051879586972,32.96066688802102],[-97.68073939248985,32.96071086132861],[-97.68068004355577,32.960905276839206],[-97.68046685536285,32.96086410001127]]]},"properties":{"prop_id":46173,"state_cd":"S60","ite_code":210,"ite_name":"Single-Family Detached","ite_unit":"DU","units":1,"daily_trips":9.4,"am_peak_trips":0.7,"pm_peak_trips":0.9,"imprv_val":150630.0,"acres":0.116,"city":"Springtown","city_code":"CSP","fill_color":[34,139,34,180]}},{"type":"Feature","geometry":{"type":"Polygon","coordinates":[[[-97.68802909533125,32.96861624942697],[-97.68774378527725,32.968614390198084],[-97.68774297554843,32.96833235071676],[-97.68802828469373,32.96833420994757],[-97.68802909533125,32.96861624942697]]]},"properties":{"prop_id":17240,"state_cd":"S50","ite_code":210,"ite_name":"Single-Family Detached","ite_unit":"DU","units":1,"daily_trips":9.4,"am_peak_trips":0.7,"pm_peak_trips":0.9,"imprv_val":153810.0,"acres":0.21,"city":"Springtown","city_code":"CSP","fill_color":[34,139,34,180]}},{"type":"Feature","geometry":{"type":"Polygon","coordinates":[[[-97.68654547806095,32.96991827795847],[-97.68690502743252,32.96992062969563],[-97.68690078271268,32.970310434608535],[-97.68654377650456,32.9703081328367],[-97.68654547806095,32.96991827795847]]]},"properties":{"prop_id":59538,"state_cd":"S60","ite_code":0,"ite_name":"Vacant/Agricultural","ite_unit":"N/A","units":1.0,"daily_trips":0.0,"am_peak_trips":0.0,"pm_peak_trips":0.0,"imprv_val":0.0,"acres":0.35,"city":"Springtown","city_code":"CSP","fill_color":[80,80,80,100]}},{"type":"Feature","geometry":{"type":"Polygon","coordinates":[[[-97.66821053714968,32.95752387009117],[-97.66853592585801,32.95708714500968],[-97.66880629786984,32.95723158240591],[-97.66848434354277,32.95767072183615],[-97.66821053714968,32.95752387009117]]]},"properties":{"prop_id":123357,"state_cd":"S70","ite_code":210,"ite_name":"Single-Family Detached","ite_unit":"DU","units":1,"daily_trips":9.4,"am_peak_trips":0.7,"pm_peak_trips":0.9,"imprv_val":67950.0,"acres":0.426,"city":"Springtown","city_code":"CSP","fill_color":[34,139,34,180]}},{"type":"Feature","geometry":{"type":"Polygon","coordinates":[[[-97.66745344281867,32.95995633918449],[-97.6676242693782,32.95973032238632],[-97.66812234390092,32.96001940970623],[-97.66795303108182,32.960250962762665],[-97.66745344281867,32.95995633918449]]]},"properties":{"prop_id":26242,"state_cd":"S50","ite_code":210,"ite_name":"Single-Family Detached","ite_unit":"DU","units":1,"daily_trips":9.4,"am_peak_trips":0.7,"pm_peak_trips":0.9,"imprv_val":182360.0,"acres":0.4195,"city":"Springtown","city_code":"CSP","fill_color":[34,139,34,180]}},{"type":"Feature","geometry":{"type":"Polygon","coordinates":[[[-97.64575824673896,32.967020814214294],[-97.64646293164529,32.96704173570481],[-97.64645731090978,32.96719367195614],[-97.64645136333922,32.96735443032892],[-97.64607535439585,32.9672542173827],[-97.64598584752125,32.96723464766255],[-97.64589474666543,32.967221286844676],[-97.64580265862385,32.96721422295463],[-97.64575296813813,32.96717164895317],[-97.64575824673896,32.967020814214294]]]},"properties":{"prop_id":123411,"state_cd":"S60","ite_code":210,"ite_name":"Single-Family Detached","ite_unit":"DU","units":1,"daily_trips":9.4,"am_peak_trips":0.7,"pm_peak_trips":0.9,"imprv_val":211070.0,"acres":0.429,"city":"Springtown","city_code":"CSP","fill_color":[34,139,34,180]}},{"type":"Feature","geometry":{"type":"Polygon","coordinates":[[[-97.68455376171649,32.97396534470111],[-97.68492022888618,32.97394056459495],[-97.68523727104957,32.973909203470306],[-97.68530383227626,32.97411489510389],[-97.68531520447887,32.97417988530101],[-97.68489885608848,32.97421443354948],[-97.68459187337288,32.97423716516757],[-97.68455376171649,32.97396534470111]]]},"properties":{"prop_id":26925,"state_cd":"S75","ite_code":210,"ite_name":"Single-Family Detached","ite_unit":"DU","units":1,"daily_trips":9.4,"am_peak_trips":0.7,"pm_peak_trips":0.9,"imprv_val":230250.0,"acres":0.4965,"city":"Springtown","city_code":"CSP","fill_color":[34,139,34,180]}},{"type":"Feature","geometry":{"type":"Polygon","coordinates":[[[-97.6515430986382,32.96365553824743],[-97.65153129278522,32.96424650987469],[-97.65128800163917,32.96424281323764],[-97.65128908109007,32.96419235532977],[-97.65129868707808,32.96365182407139],[-97.6515430986382,32.96365553824743]]]},"properties":{"prop_id":123499,"state_cd":"S60","ite_code":210,"ite_name":"Single-Family Detached","ite_unit":"DU","units":1,"daily_trips":9.4,"am_peak_trips":0.7,"pm_peak_trips":0.9,"imprv_val":295820.0,"acres":0.37,"city":"Springtown","city_code":"CSP","fill_color":[34,139,34,180]}},{"type":"Feature","geometry":{"type":"Polygon","coordinates":[[[-97.6896684848577,32.95819376170584],[-97.68967576376777,32.957862601641196],[-97.68983838344832,32.95786472950938],[-97.68983182119503,32.95819982077942],[-97.68970359567442,32.95819463483033],[-97.6896684848577,32.95819376170584]]]},"properties":{"prop_id":121593,"state_cd":"S50","ite_code":210,"ite_name":"Single-Family Detached","ite_unit":"DU","units":1,"daily_trips":9.4,"am_peak_trips":0.7,"pm_peak_trips":0.9,"imprv_val":170500.0,"acres":0.139,"city":"Springtown","city_code":"CSP","fill_color":[34,139,34,180]}},{"type":"Feature","geometry":{"type":"Polygon","coordinates":[[[-97.67447805051705,32.959041732186755],[-97.6744782054373,32.95904152308789],[-97.67489866176484,32.958475732640665],[-97.67534982534438,32.958478719206894],[-97.67501434729618,32.95892870594645],[-97.67456315860362,32.95911662527375],[-97.67453900070274,32.95908841399044],[-97.67451044849243,32.9590632884942],[-97.67447805051705,32.959041732186755]]]},"properties":{"prop_id":35536,"state_cd":"SF-OVR","ite_code":210,"ite_name":"Single-Family Detached","ite_unit":"DU","units":1,"daily_trips":9.4,"am_peak_trips":0.7,"pm_peak_trips":0.9,"imprv_val":78400.0,"acres":0.65,"city":"Springtown","city_code":"CSP","fill_color":[34,139,34,180]}},{"type":"Feature","geometry":{"type":"Polygon","coordinates":[[[-97.69008536427673,32.97743597397785],[-97.69006559746902,32.978037142113],[-97.68972395206053,32.978035122624775],[-97.68971988320202,32.97743191386298],[-97.69008536427673,32.97743597397785]]]},"properties":{"prop_id":82173,"state_cd":"S55","ite_code":210,"ite_name":"Single-Family Detached","ite_unit":"DU","units":1,"daily_trips":9.4,"am_peak_trips":0.7,"pm_peak_trips":0.9,"imprv_val":235338.0,"acres":0.52,"city":"Springtown","city_code":"CSP","fill_color":[34,139,34,180]}},{"type":"Feature","geometry":{"type":"Polygon","coordinates":[[[-97.65843399061919,32.970245759191414],[-97.65886289402614,32.97024824800156],[-97.65886086899503,32.97038146625623],[-97.65883532993422,32.97040694898176],[-97.6588153782083,32.97043575746631],[-97.65880160933831,32.97046703268631],[-97.65879443449184,32.97049983861987],[-97.65879406839784,32.9705331955326],[-97.65880052266095,32.970566107888786],[-97.65842480556054,32.97070913388373],[-97.65843399061919,32.970245759191414]]]},"properties":{"prop_id":122975,"state_cd":"S60","ite_code":0,"ite_name":"Vacant/Agricultural","ite_unit":"N/A","units":1.0,"daily_trips":0.0,"am_peak_trips":0.0,"pm_peak_trips":0.0,"imprv_val":0.0,"acres":0.197,"city":"Springtown","city_code":"CSP","fill_color":[80,80,80,100]}},{"type":"Feature","geometry":{"type":"Polygon","coordinates":[[[-97.6706868283204,32.958852059087846],[-97.67101038963578,32.95841812018415],[-97.67130070857291,32.958574642084876],[-97.67097913429616,32.959008842047425],[-97.6706868283204,32.958852059087846]]]},"properties":{"prop_id":26181,"state_cd":"S90","ite_code":210,"ite_name":"Single-Family Detached","ite_unit":"DU","units":1,"daily_trips":9.4,"am_peak_trips":0.7,"pm_peak_trips":0.9,"imprv_val":135960.0,"acres":0.4534,"city":"Springtown","city_code":"CSP","fill_color":[34,139,34,180]}},{"type":"Feature","geometry":{"type":"Polygon","coordinates":[[[-97.67979219479082,32.96181774368874],[-97.67979294088974,32.96181526677998],[-97.67993365941474,32.96185004286866],[-97.67993414504117,32.96185016330164],[-97.67999743791307,32.96185681952579],[-97.67999699550491,32.9618593101578],[-97.67992413317063,32.962269394134175],[-97.67992317965557,32.96226920118166],[-97.67967127995756,32.96221833788412],[-97.67967192229105,32.96221713186489],[-97.67979219479082,32.96181774368874]]]},"properties":{"prop_id":46178,"state_cd":"SF-OVR","ite_code":210,"ite_name":"Single-Family Detached","ite_unit":"DU","units":1,"daily_trips":9.4,"am_peak_trips":0.7,"pm_peak_trips":0.9,"imprv_val":190050.0,"acres":0.244,"city":"Springtown","city_code":"CSP","fill_color":[34,139,34,180]}},{"type":"Feature","geometry":{"type":"Polygon","coordinates":[[[-97.67891142354746,32.9712765705095],[-97.67869978448155,32.971273165816406],[-97.67870205037502,32.9711093781472],[-97.67870420324167,32.970953738601395],[-97.67870649300873,32.970788182607556],[-97.67870907374814,32.97060163499076],[-97.67876386648238,32.970624072689716],[-97.67882001986206,32.97064100017333],[-97.67891685904728,32.97064826120857],[-97.67898232180843,32.97064979721564],[-97.67906094522424,32.970646464363654],[-97.6790630337831,32.970758269895526],[-97.67907018464904,32.97114176939083],[-97.67907275384044,32.97127916910818],[-97.67891142354746,32.9712765705095]]]},"properties":{"prop_id":94729,"state_cd":"S50","ite_code":210,"ite_name":"Single-Family Detached","ite_unit":"DU","units":1,"daily_trips":9.4,"am_peak_trips":0.7,"pm_peak_trips":0.9,"imprv_val":251050.0,"acres":0.543,"city":"Springtown","city_code":"CSP","fill_color":[34,139,34,180]}},{"type":"Feature","geometry":{"type":"Polygon","coordinates":[[[-97.64656105432873,32.967873374124345],[-97.64663415206326,32.96754631543054],[-97.64670943725197,32.96755575810401],[-97.64678534336927,32.967560494748284],[-97.64677388776053,32.96789191655085],[-97.6467025601967,32.96788918534745],[-97.64663153661476,32.967882997683944],[-97.64656105432873,32.967873374124345]]]},"properties":{"prop_id":127246,"state_cd":"S60","ite_code":0,"ite_name":"Vacant/Agricultural","ite_unit":"N/A","units":1.0,"daily_trips":0.0,"am_peak_trips":0.0,"pm_peak_trips":0.0,"imprv_val":0.0,"acres":0.153,"city":"Springtown","city_code":"CSP","fill_color":[80,80,80,100]}},{"type":"Feature","geometry":{"type":"Polygon","coordinates":[[[-97.67215403202654,32.96979502902406],[-97.6721581624295,32.969376558036046],[-97.67235078534858,32.969373685422745],[-97.67235101744973,32.969798246538915],[-97.67215403202654,32.96979502902406]]]},"properties":{"prop_id":109345,"state_cd":"S50","ite_code":210,"ite_name":"Single-Family Detached","ite_unit":"DU","units":1,"daily_trips":9.4,"am_peak_trips":0.7,"pm_peak_trips":0.9,"imprv_val":144950.0,"acres":0.211,"city":"Springtown","city_code":"CSP","fill_color":[34,139,34,180]}},{"type":"Feature","geometry":{"type":"Polygon","coordinates":[[[-97.6735053676039,32.965482722447014],[-97.67397765015447,32.96545215444879],[-97.67398904779559,32.96590118588226],[-97.67351106585524,32.965930863915446],[-97.6735053676039,32.965482722447014]]]},"properties":{"prop_id":26370,"state_cd":"S50","ite_code":210,"ite_name":"Single-Family Detached","ite_unit":"DU","units":1,"daily_trips":9.4,"am_peak_trips":0.7,"pm_peak_trips":0.9,"imprv_val":171523.0,"acres":0.5466,"city":"Springtown","city_code":"CSP","fill_color":[34,139,34,180]}},{"type":"Feature","geometry":{"type":"Polygon","coordinates":[[[-97.65934070939477,32.96995673055512],[-97.65965095588173,32.96995948667354],[-97.65978276715101,32.970163339085296],[-97.65940617324094,32.97015958659714],[-97.65934070939477,32.96995673055512]]]},"properties":{"prop_id":123023,"state_cd":"S60","ite_code":0,"ite_name":"Vacant/Agricultural","ite_unit":"N/A","units":1.0,"daily_trips":0.0,"am_peak_trips":0.0,"pm_peak_trips":0.0,"imprv_val":0.0,"acres":0.178,"city":"Springtown","city_code":"CSP","fill_color":[80,80,80,100]}},{"type":"Feature","geometry":{"type":"Polygon","coordinates":[[[-97.65949331156396,32.96834791030774],[-97.6590550295847,32.968346877188154],[-97.65905774835007,32.96816580645133],[-97.65947967184056,32.96816861585561],[-97.6594838135799,32.96825840779933],[-97.65949331156396,32.96834791030774]]]},"properties":{"prop_id":122999,"state_cd":"S60","ite_code":0,"ite_name":"Vacant/Agricultural","ite_unit":"N/A","units":1.0,"daily_trips":0.0,"am_peak_trips":0.0,"pm_peak_trips":0.0,"imprv_val":0.0,"acres":0.198,"city":"Springtown","city_code":"CSP","fill_color":[80,80,80,100]}},{"type":"Feature","geometry":{"type":"Polygon","coordinates":[[[-97.65852751394088,32.9655277374047],[-97.65893456570774,32.96553218613706],[-97.65892904866465,32.96589522811815],[-97.65852030972768,32.96589117470989],[-97.65852751394088,32.9655277374047]]]},"properties":{"prop_id":122949,"state_cd":"S60","ite_code":210,"ite_name":"Single-Family Detached","ite_unit":"DU","units":1,"daily_trips":9.4,"am_peak_trips":0.7,"pm_peak_trips":0.9,"imprv_val":48992.0,"acres":0.19,"city":"Springtown","city_code":"CSP","fill_color":[34,139,34,180]}},{"type":"Feature","geometry":{"type":"Polygon","coordinates":[[[-97.68434147502033,32.96807461158526],[-97.68472156257225,32.968016597188324],[-97.68476526585762,32.96822479113281],[-97.684383115754,32.96828386263215],[-97.68434147502033,32.96807461158526]]]},"properties":{"prop_id":59556,"state_cd":"S60","ite_code":0,"ite_name":"Vacant/Agricultural","ite_unit":"N/A","units":1.0,"daily_trips":0.0,"am_peak_trips":0.0,"pm_peak_trips":0.0,"imprv_val":0.0,"acres":0.21,"city":"Springtown","city_code":"CSP","fill_color":[80,80,80,100]}},{"type":"Feature","geometry":{"type":"Polygon","coordinates":[[[-97.67950200611293,32.956521626911474],[-97.67953133770509,32.95641742212522],[-97.67954407194193,32.956384566828596],[-97.67956322555368,32.95635400565349],[-97.67958824372613,32.95632662324141],[-97.67961840456819,32.956303211147166],[-97.67965283429578,32.956284445394],[-97.67969053733157,32.956270870439006],[-97.67973042323767,32.95626287860938],[-97.6797713880982,32.95626070071812],[-97.68029727128375,32.95627040099481],[-97.680288241992,32.956573091319385],[-97.68010928966609,32.95664211740606],[-97.67950200611293,32.956521626911474]]]},"properties":{"prop_id":1892,"state_cd":"S48","ite_code":210,"ite_name":"Single-Family Detached","ite_unit":"DU","units":1,"daily_trips":9.4,"am_peak_trips":0.7,"pm_peak_trips":0.9,"imprv_val":297140.0,"acres":0.6157,"city":"Springtown","city_code":"CSP","fill_color":[34,139,34,180]}},{"type":"Feature","geometry":{"type":"Polygon","coordinates":[[[-97.68785802312209,32.976167001393655],[-97.6878625980368,32.97589218210712],[-97.68843268826048,32.97589847932712],[-97.68842808195708,32.97617329751653],[-97.68785802312209,32.976167001393655]]]},"properties":{"prop_id":19178,"state_cd":"S55","ite_code":210,"ite_name":"Single-Family Detached","ite_unit":"DU","units":1,"daily_trips":9.4,"am_peak_trips":0.7,"pm_peak_trips":0.9,"imprv_val":230390.0,"acres":0.4,"city":"Springtown","city_code":"CSP","fill_color":[34,139,34,180]}},{"type":"Feature","geometry":{"type":"Polygon","coordinates":[[[-97.69850676711772,32.96703906321735],[-97.69848846298942,32.96780776862651],[-97.69936715837831,32.96782263348227],[-97.69934445860855,32.96931164532226],[-97.69687630275003,32.969272481812716],[-97.69693868260944,32.96664585082492],[-97.69695325470562,32.96664949700482],[-97.69850676711772,32.96703906321735]]]},"properties":{"prop_id":56366,"state_cd":"SF-OVR","ite_code":0,"ite_name":"Vacant/Agricultural","ite_unit":"N/A","units":1.0,"daily_trips":0.0,"am_peak_trips":0.0,"pm_peak_trips":0.0,"imprv_val":0.0,"acres":1.0,"city":"Springtown","city_code":"CSP","fill_color":[80,80,80,100]}},{"type":"Feature","geometry":{"type":"Polygon","coordinates":[[[-97.65305890824177,32.96558274890003],[-97.65306744774617,32.96502532014261],[-97.65309236669813,32.965025650921135],[-97.65311048385554,32.96504835394814],[-97.65313280682385,32.96506821774911],[-97.6531587203496,32.965084695241906],[-97.6531875109434,32.96509733156517],[-97.65321838385796,32.96510577862297],[-97.65325048867588,32.96510980427736],[-97.65328294173138,32.965109297009754],[-97.653339574403,32.965571040296844],[-97.65333972027425,32.965572231697244],[-97.65305888284004,32.9655843981659],[-97.65305890824177,32.96558274890003]]]},"properties":{"prop_id":123483,"state_cd":"S60","ite_code":0,"ite_name":"Vacant/Agricultural","ite_unit":"N/A","units":1.0,"daily_trips":0.0,"am_peak_trips":0.0,"pm_peak_trips":0.0,"imprv_val":0.0,"acres":0.315,"city":"Springtown","city_code":"CSP","fill_color":[80,80,80,100]}},{"type":"Feature","geometry":{"type":"Polygon","coordinates":[[[-97.68378103021584,32.97029154828945],[-97.68417508012963,32.97022536355449],[-97.68421311856919,32.97040937154234],[-97.6842604434778,32.97063833933907],[-97.68387508647842,32.970653926803884],[-97.68378103021584,32.97029154828945]]]},"properties":{"prop_id":20870,"state_cd":"S55","ite_code":210,"ite_name":"Single-Family Detached","ite_unit":"DU","units":1,"daily_trips":9.4,"am_peak_trips":0.7,"pm_peak_trips":0.9,"imprv_val":47220.0,"acres":0.3964,"city":"Springtown","city_code":"CSP","fill_color":[34,139,34,180]}},{"type":"Feature","geometry":{"type":"Polygon","coordinates":[[[-97.67195881238979,32.969379530848606],[-97.6721581624295,32.969376558036046],[-97.67215403202654,32.96979502902406],[-97.67195702983611,32.96979372024679],[-97.67195881238979,32.969379530848606]]]},"properties":{"prop_id":109344,"state_cd":"S50","ite_code":210,"ite_name":"Single-Family Detached","ite_unit":"DU","units":1,"daily_trips":9.4,"am_peak_trips":0.7,"pm_peak_trips":0.9,"imprv_val":213750.0,"acres":0.208,"city":"Springtown","city_code":"CSP","fill_color":[34,139,34,180]}},{"type":"Feature","geometry":{"type":"Polygon","coordinates":[[[-97.68858598124802,32.958235716280505],[-97.68897770221174,32.95823454189393],[-97.6889780435469,32.958362208091756],[-97.68897807088752,32.95837218875321],[-97.68858642959417,32.95837277387097],[-97.68858598124802,32.958235716280505]]]},"properties":{"prop_id":121585,"state_cd":"S50","ite_code":210,"ite_name":"Single-Family Detached","ite_unit":"DU","units":1,"daily_trips":9.4,"am_peak_trips":0.7,"pm_peak_trips":0.9,"imprv_val":157500.0,"acres":0.138,"city":"Springtown","city_code":"CSP","fill_color":[34,139,34,180]}},{"type":"Feature","geometry":{"type":"Polygon","coordinates":[[[-97.68376485230151,32.96812835091053],[-97.68415209510094,32.96807804880198],[-97.6842142819453,32.96838946304456],[-97.68382567701832,32.968441154257604],[-97.68376485230151,32.96812835091053]]]},"properties":{"prop_id":59554,"state_cd":"S60","ite_code":210,"ite_name":"Single-Family Detached","ite_unit":"DU","units":1,"daily_trips":9.4,"am_peak_trips":0.7,"pm_peak_trips":0.9,"imprv_val":178590.0,"acres":0.32,"city":"Springtown","city_code":"CSP","fill_color":[34,139,34,180]}},{"type":"Feature","geometry":{"type":"Polygon","coordinates":[[[-97.67438079141684,32.96705794039707],[-97.67479886154521,32.96705947842696],[-97.67480120035802,32.967196767706675],[-97.67438225360239,32.96719876444107],[-97.67438079141684,32.96705794039707]]]},"properties":{"prop_id":89566,"state_cd":"S50","ite_code":210,"ite_name":"Single-Family Detached","ite_unit":"DU","units":1,"daily_trips":9.4,"am_peak_trips":0.7,"pm_peak_trips":0.9,"imprv_val":180180.0,"acres":0.146,"city":"Springtown","city_code":"CSP","fill_color":[34,139,34,180]}},{"type":"Feature","geometry":{"type":"Polygon","coordinates":[[[-97.67404726046689,32.96372312660012],[-97.6743525318001,32.96372316373053],[-97.67432587826198,32.964395179732406],[-97.67432587544147,32.96439525276143],[-97.67432559197228,32.964395249981465],[-97.67401642299907,32.964392596927745],[-97.67404726046689,32.96372312660012]]]},"properties":{"prop_id":26350,"state_cd":"S50","ite_code":0,"ite_name":"Vacant/Agricultural","ite_unit":"N/A","units":1.0,"daily_trips":0.0,"am_peak_trips":0.0,"pm_peak_trips":0.0,"imprv_val":0.0,"acres":0.5282,"city":"Springtown","city_code":"CSP","fill_color":[80,80,80,100]}},{"type":"Feature","geometry":{"type":"Polygon","coordinates":[[[-97.67130112796369,32.964638121799595],[-97.6714133434708,32.96465409617538],[-97.67163572385239,32.96468581094679],[-97.67171729603425,32.96469745821117],[-97.67184462161315,32.96471559419661],[-97.67193557853129,32.96468269134566],[-97.67208997457988,32.96462687250256],[-97.67226802681022,32.96456247011989],[-97.67239212614355,32.96451760973868],[-97.67259059213659,32.964445836584474],[-97.67266122213228,32.964420293302815],[-97.67268186140231,32.96537351858166],[-97.67129246732873,32.96550679320445],[-97.67130112796369,32.964638121799595]]]},"properties":{"prop_id":26357,"state_cd":"S50","ite_code":0,"ite_name":"Vacant/Agricultural","ite_unit":"N/A","units":1.0,"daily_trips":0.0,"am_peak_trips":0.0,"pm_peak_trips":0.0,"imprv_val":0.0,"acres":2.9239,"city":"Springtown","city_code":"CSP","fill_color":[80,80,80,100]}},{"type":"Feature","geometry":{"type":"Polygon","coordinates":[[[-97.6798770033392,32.95915381292538],[-97.67996206141645,32.958700634242135],[-97.68029342606769,32.95873258368423],[-97.68020483212027,32.95914184212168],[-97.6801978511685,32.959157316590016],[-97.680184628348,32.95916955482936],[-97.68016700548556,32.95917685007842],[-97.68014743523828,32.95917818768707],[-97.6798770033392,32.95915381292538]]]},"properties":{"prop_id":1940,"state_cd":"S48","ite_code":210,"ite_name":"Single-Family Detached","ite_unit":"DU","units":1,"daily_trips":9.4,"am_peak_trips":0.7,"pm_peak_trips":0.9,"imprv_val":268020.0,"acres":0.3821,"city":"Springtown","city_code":"CSP","fill_color":[34,139,34,180]}},{"type":"Feature","geometry":{"type":"Polygon","coordinates":[[[-97.66525559827663,32.95954135065],[-97.66580014061503,32.95950408865489],[-97.66579707068472,32.95983000395011],[-97.66524638814619,32.95982153203506],[-97.66525559827663,32.95954135065]]]},"properties":{"prop_id":26290,"state_cd":"S50","ite_code":210,"ite_name":"Single-Family Detached","ite_unit":"DU","units":1,"daily_trips":9.4,"am_peak_trips":0.7,"pm_peak_trips":0.9,"imprv_val":210280.0,"acres":0.4249,"city":"Springtown","city_code":"CSP","fill_color":[34,139,34,180]}},{"type":"Feature","geometry":{"type":"Polygon","coordinates":[[[-97.66959070088409,32.95877165008092],[-97.6698621140647,32.95840973353859],[-97.6701370284204,32.958557195006065],[-97.66986638702399,32.958917189175374],[-97.66959070088409,32.95877165008092]]]},"properties":{"prop_id":26210,"state_cd":"S50","ite_code":0,"ite_name":"Vacant/Agricultural","ite_unit":"N/A","units":1.0,"daily_trips":0.0,"am_peak_trips":0.0,"pm_peak_trips":0.0,"imprv_val":0.0,"acres":0.3563,"city":"Springtown","city_code":"CSP","fill_color":[80,80,80,100]}},{"type":"Feature","geometry":{"type":"Polygon","coordinates":[[[-97.67401396387305,32.96854331929777],[-97.67354476054423,32.968585740777264],[-97.67353883877115,32.968118526224735],[-97.67399774740032,32.96807866987318],[-97.67401396387305,32.96854331929777]]]},"properties":{"prop_id":26360,"state_cd":"S65","ite_code":210,"ite_name":"Single-Family Detached","ite_unit":"DU","units":1,"daily_trips":9.4,"am_peak_trips":0.7,"pm_peak_trips":0.9,"imprv_val":182860.0,"acres":0.555,"city":"Springtown","city_code":"CSP","fill_color":[34,139,34,180]}},{"type":"Feature","geometry":{"type":"Polygon","coordinates":[[[-97.67319254279946,32.9719522423976],[-97.67298025692078,32.97195011782681],[-97.672978412288,32.97163843548583],[-97.67319238959915,32.97164128733376],[-97.67319254279946,32.9719522423976]]]},"properties":{"prop_id":109413,"state_cd":"S50","ite_code":210,"ite_name":"Single-Family Detached","ite_unit":"DU","units":1,"daily_trips":9.4,"am_peak_trips":0.7,"pm_peak_trips":0.9,"imprv_val":241790.0,"acres":0.174,"city":"Springtown","city_code":"CSP","fill_color":[34,139,34,180]}},{"type":"Feature","geometry":{"type":"Polygon","coordinates":[[[-97.66049222082913,32.97017121520533],[-97.66009226244768,32.97035624770167],[-97.65998930635226,32.97019673893224],[-97.66038913950109,32.970010982658934],[-97.66049222082913,32.97017121520533]]]},"properties":{"prop_id":122987,"state_cd":"S60","ite_code":210,"ite_name":"Single-Family Detached","ite_unit":"DU","units":1,"daily_trips":9.4,"am_peak_trips":0.7,"pm_peak_trips":0.9,"imprv_val":242130.0,"acres":0.212,"city":"Springtown","city_code":"CSP","fill_color":[34,139,34,180]}},{"type":"Feature","geometry":{"type":"Polygon","coordinates":[[[-97.67877440800608,32.96150842349686],[-97.67901206229222,32.96085839178995],[-97.679103635408,32.960874969079605],[-97.67902808535031,32.96108464868835],[-97.67899500585308,32.96107744431923],[-97.6789921144004,32.96109139722987],[-97.67902515074205,32.961103257433145],[-97.67887531247418,32.961536622024376],[-97.67887198651269,32.96153536190389],[-97.67877440800608,32.96150842349686]]]},"properties":{"prop_id":46192,"state_cd":"SF-OVR","ite_code":210,"ite_name":"Single-Family Detached","ite_unit":"DU","units":1,"daily_trips":9.4,"am_peak_trips":0.7,"pm_peak_trips":0.9,"imprv_val":163640.0,"acres":0.18,"city":"Springtown","city_code":"CSP","fill_color":[34,139,34,180]}},{"type":"Feature","geometry":{"type":"Polygon","coordinates":[[[-97.68616641018419,32.97153576214027],[-97.68617042170382,32.97135713011078],[-97.68660951556014,32.97136020588075],[-97.68660544341867,32.97154215622898],[-97.68616641018419,32.97153576214027]]]},"properties":{"prop_id":112935,"state_cd":"S50","ite_code":0,"ite_name":"Vacant/Agricultural","ite_unit":"N/A","units":1.0,"daily_trips":0.0,"am_peak_trips":0.0,"pm_peak_trips":0.0,"imprv_val":0.0,"acres":0.2028,"city":"Springtown","city_code":"CSP","fill_color":[80,80,80,100]}},{"type":"Feature","geometry":{"type":"Polygon","coordinates":[[[-97.68858553135271,32.95809766035847],[-97.68897733541804,32.95809774095505],[-97.68897767740452,32.95822533591533],[-97.68897770221174,32.95823454189393],[-97.68858598124802,32.958235716280505],[-97.68858553135271,32.95809766035847]]]},"properties":{"prop_id":121586,"state_cd":"S50","ite_code":210,"ite_name":"Single-Family Detached","ite_unit":"DU","units":1,"daily_trips":9.4,"am_peak_trips":0.7,"pm_peak_trips":0.9,"imprv_val":164590.0,"acres":0.138,"city":"Springtown","city_code":"CSP","fill_color":[34,139,34,180]}},{"type":"Feature","geometry":{"type":"Polygon","coordinates":[[[-97.67727013430394,32.97757774154043],[-97.67727558557569,32.97739443526468],[-97.6779812053022,32.97740899938641],[-97.67797558699603,32.97759143883204],[-97.67727013430394,32.97757774154043]]]},"properties":{"prop_id":129082,"state_cd":"S60","ite_code":0,"ite_name":"Vacant/Agricultural","ite_unit":"N/A","units":1.0,"daily_trips":0.0,"am_peak_trips":0.0,"pm_peak_trips":0.0,"imprv_val":0.0,"acres":0.331,"city":"Springtown","city_code":"CSP","fill_color":[80,80,80,100]}},{"type":"Feature","geometry":{"type":"Polygon","coordinates":[[[-97.67752088689407,32.96334082873282],[-97.67752848757111,32.963035710692495],[-97.67773835766036,32.96303775219843],[-97.6780535723536,32.963035358657486],[-97.67806467351369,32.96224615012343],[-97.67808199788908,32.96225092952628],[-97.67811539766096,32.962260434094134],[-97.67811513531282,32.963340532484146],[-97.67808173279957,32.96333796473155],[-97.67752088689407,32.96334082873282]]]},"properties":{"prop_id":71689,"state_cd":"SF-OVR","ite_code":0,"ite_name":"Vacant/Agricultural","ite_unit":"N/A","units":1.0,"daily_trips":0.0,"am_peak_trips":0.0,"pm_peak_trips":0.0,"imprv_val":0.0,"acres":0.58,"city":"Springtown","city_code":"CSP","fill_color":[80,80,80,100]}},{"type":"Feature","geometry":{"type":"Polygon","coordinates":[[[-97.67454447790416,32.96109974620975],[-97.6746905069949,32.96103038106046],[-97.67513089684606,32.961114729011925],[-97.67520364022016,32.96123244677442],[-97.67518282899256,32.96128565013212],[-97.67515439932417,32.96133628516453],[-97.67511878415628,32.96138358006536],[-97.67507652613335,32.961426815157715],[-97.6750282700484,32.96146533005904],[-97.67497475094221,32.961498538032124],[-97.67497250297822,32.96150225579999],[-97.67442624956252,32.96180551442396],[-97.67440066063358,32.96180829295717],[-97.67404096527204,32.961339139497916],[-97.67405847988775,32.96133081992112],[-97.67405835622264,32.96133065947855],[-97.6745104309509,32.96111591944786],[-97.67454447790416,32.96109974620975]]]},"properties":{"prop_id":72044,"state_cd":"SF-OVR","ite_code":210,"ite_name":"Single-Family Detached","ite_unit":"DU","units":2,"daily_trips":18.9,"am_peak_trips":1.4,"pm_peak_trips":1.9,"imprv_val":341510.0,"acres":1.282,"city":"Springtown","city_code":"CSP","fill_color":[34,139,34,180]}},{"type":"Feature","geometry":{"type":"Polygon","coordinates":[[[-97.68297892266061,32.97996983473714],[-97.68565035785288,32.98013442980722],[-97.6860731872652,32.98016047581371],[-97.68616405649401,32.981196991211924],[-97.68616861927806,32.98127343681928],[-97.68459111790513,32.981243784498275],[-97.68457794811366,32.981741307961194],[-97.68610368133295,32.981769987479595],[-97.68604627336937,32.982039458208796],[-97.68586286923896,32.98256355581587],[-97.68282380291654,32.98251390924282],[-97.68297892266061,32.97996983473714]]]},"properties":{"prop_id":44180,"state_cd":"8","ite_code":0,"ite_name":"Vacant/Agricultural","ite_unit":"N/A","units":1.0,"daily_trips":0.0,"am_peak_trips":0.0,"pm_peak_trips":0.0,"imprv_val":0.0,"acres":16.71,"city":"Springtown","city_code":"CSP","fill_color":[80,80,80,100]}},{"type":"Feature","geometry":{"type":"Polygon","coordinates":[[[-97.68288166787372,32.966308821137986],[-97.68311387259826,32.96627319374935],[-97.68334607606624,32.9662375659209],[-97.68338327717564,32.966421977322405],[-97.68341979029576,32.96660316739604],[-97.6829604242482,32.966672009307736],[-97.68292154643406,32.966492700125194],[-97.68288166787372,32.966308821137986]]]},"properties":{"prop_id":26694,"state_cd":"S55","ite_code":210,"ite_name":"Single-Family Detached","ite_unit":"DU","units":1,"daily_trips":9.4,"am_peak_trips":0.7,"pm_peak_trips":0.9,"imprv_val":128670.0,"acres":0.4448,"city":"Springtown","city_code":"CSP","fill_color":[34,139,34,180]}},{"type":"Feature","geometry":{"type":"Polygon","coordinates":[[[-97.67973217333707,32.97256597326225],[-97.6797384829181,32.97219113882533],[-97.67995008963553,32.972198275974236],[-97.67994379494654,32.97257159905894],[-97.67973217333707,32.97256597326225]]]},"properties":{"prop_id":70328,"state_cd":"S50","ite_code":210,"ite_name":"Single-Family Detached","ite_unit":"DU","units":1,"daily_trips":9.4,"am_peak_trips":0.7,"pm_peak_trips":0.9,"imprv_val":188630.0,"acres":0.198,"city":"Springtown","city_code":"CSP","fill_color":[34,139,34,180]}},{"type":"Feature","geometry":{"type":"Polygon","coordinates":[[[-97.67293015440775,32.96300402935406],[-97.67294600574054,32.962991380056984],[-97.67307360585811,32.96289189078556],[-97.67348776678291,32.96326937882838],[-97.67342556645654,32.963317875805416],[-97.67334414340804,32.96338136071248],[-97.67293015440775,32.96300402935406]]]},"properties":{"prop_id":86717,"state_cd":"S50","ite_code":210,"ite_name":"Single-Family Detached","ite_unit":"DU","units":1,"daily_trips":9.4,"am_peak_trips":0.7,"pm_peak_trips":0.9,"imprv_val":200570.0,"acres":0.24,"city":"Springtown","city_code":"CSP","fill_color":[34,139,34,180]}},{"type":"Feature","geometry":{"type":"Polygon","coordinates":[[[-97.68615104997627,32.974420207708036],[-97.68615686317906,32.97409573944353],[-97.68692760848526,32.97410077001967],[-97.68692179810637,32.97442523831991],[-97.68615104997627,32.974420207708036]]]},"properties":{"prop_id":33863,"state_cd":"S65","ite_code":210,"ite_name":"Single-Family Detached","ite_unit":"DU","units":1,"daily_trips":9.4,"am_peak_trips":0.7,"pm_peak_trips":0.9,"imprv_val":141840.0,"acres":0.6406,"city":"Springtown","city_code":"CSP","fill_color":[34,139,34,180]}},{"type":"Feature","geometry":{"type":"Polygon","coordinates":[[[-97.69391859770977,32.973217709574946],[-97.69421250160134,32.972940274489694],[-97.69428587106778,32.97299549752382],[-97.6943817681582,32.97306767609099],[-97.69408741052492,32.97334478217647],[-97.69391859770977,32.973217709574946]]]},"properties":{"prop_id":117481,"state_cd":"S55","ite_code":210,"ite_name":"Single-Family Detached","ite_unit":"DU","units":1,"daily_trips":9.4,"am_peak_trips":0.7,"pm_peak_trips":0.9,"imprv_val":222120.0,"acres":0.217,"city":"Springtown","city_code":"CSP","fill_color":[34,139,34,180]}},{"type":"Feature","geometry":{"type":"Polygon","coordinates":[[[-97.67147921774173,32.97120799918613],[-97.67126579512946,32.97120658017352],[-97.67126393462546,32.970892667420536],[-97.67147541403958,32.97089598268315],[-97.67147921774173,32.97120799918613]]]},"properties":{"prop_id":109459,"state_cd":"S50","ite_code":210,"ite_name":"Single-Family Detached","ite_unit":"DU","units":1,"daily_trips":9.4,"am_peak_trips":0.7,"pm_peak_trips":0.9,"imprv_val":228110.0,"acres":0.174,"city":"Springtown","city_code":"CSP","fill_color":[34,139,34,180]}},{"type":"Feature","geometry":{"type":"Polygon","coordinates":[[[-97.6708356409392,32.97193085742399],[-97.67062181406473,32.97193014977659],[-97.67062170904254,32.97161490048629],[-97.67083725413376,32.97161347142717],[-97.6708356409392,32.97193085742399]]]},"properties":{"prop_id":109424,"state_cd":"S50","ite_code":210,"ite_name":"Single-Family Detached","ite_unit":"DU","units":1,"daily_trips":9.4,"am_peak_trips":0.7,"pm_peak_trips":0.9,"imprv_val":263860.0,"acres":0.174,"city":"Springtown","city_code":"CSP","fill_color":[34,139,34,180]}},{"type":"Feature","geometry":{"type":"Polygon","coordinates":[[[-97.68953139266362,32.95832870912441],[-97.68965127008924,32.9583293570935],[-97.68977104275935,32.95833362148098],[-97.68989055778569,32.95834149498038],[-97.68989107879077,32.95849293260216],[-97.68989159239648,32.958642021823906],[-97.68989206326168,32.958778709787865],[-97.68989210479938,32.95879089189174],[-97.68989255515163,32.95892151946481],[-97.68989261584518,32.958939091892894],[-97.68989304753276,32.959064509507],[-97.68989312792986,32.959087997123895],[-97.68989354092764,32.95920785667521],[-97.6898935956095,32.95922386439957],[-97.68989403479162,32.95935126967687],[-97.68989407198426,32.95936205572869],[-97.6898945252056,32.95949377361518],[-97.6898945495461,32.959500936056166],[-97.68989501553304,32.95963617023327],[-97.68989549371652,32.95977498292295],[-97.68989550791652,32.95977904392663],[-97.68989597132408,32.95991385873399],[-97.68951891298812,32.95991425485024],[-97.6891442808428,32.95991464667473],[-97.68914389559485,32.95977644421459],[-97.68914388769878,32.95977345101073],[-97.6891435132663,32.95963885771633],[-97.68914348899652,32.95963005846555],[-97.68914313179033,32.959501411905634],[-97.68914309415415,32.95948799703448],[-97.68914274906417,32.959363985924384],[-97.68914269840296,32.95934556765074],[-97.68914236778043,32.959226519368],[-97.68914230158158,32.9592026711127],[-97.68914198535028,32.95908917815511],[-97.68914190491557,32.95906010824769],[-97.68914157470796,32.95894101487196],[-97.6891415095315,32.95891763917798],[-97.68914116212594,32.95879282992952],[-97.68914111441842,32.95877549115661],[-97.6891407472784,32.9586437242074],[-97.68914071467935,32.95863186230795],[-97.68914033518625,32.95849548605472],[-97.6891403161112,32.95848845621459],[-97.68913989778787,32.95833797788813],[-97.6894713634377,32.958329742654406],[-97.68951429479574,32.958329003737894],[-97.68953139266362,32.95832870912441]]]},"properties":{"prop_id":121647,"state_cd":"S50","ite_code":210,"ite_name":"Single-Family Detached","ite_unit":"DU","units":1,"daily_trips":9.4,"am_peak_trips":0.7,"pm_peak_trips":0.9,"imprv_val":156220.0,"acres":0.132,"city":"Springtown","city_code":"CSP","fill_color":[34,139,34,180]}},{"type":"Feature","geometry":{"type":"Polygon","coordinates":[[[-97.67254847146101,32.970593875655176],[-97.67276492336342,32.97059817587789],[-97.67276313086899,32.970911217526115],[-97.67254666036264,32.970908826342125],[-97.67254847146101,32.970593875655176]]]},"properties":{"prop_id":109442,"state_cd":"S50","ite_code":210,"ite_name":"Single-Family Detached","ite_unit":"DU","units":1,"daily_trips":9.4,"am_peak_trips":0.7,"pm_peak_trips":0.9,"imprv_val":213900.0,"acres":0.174,"city":"Springtown","city_code":"CSP","fill_color":[34,139,34,180]}},{"type":"Feature","geometry":{"type":"Polygon","coordinates":[[[-97.68330894092045,32.96605321084795],[-97.68372831643453,32.96598897106993],[-97.68376512645798,32.96617340685217],[-97.68334607606624,32.9662375659209],[-97.68330894092045,32.96605321084795]]]},"properties":{"prop_id":26700,"state_cd":"S25","ite_code":210,"ite_name":"Single-Family Detached","ite_unit":"DU","units":1,"daily_trips":9.4,"am_peak_trips":0.7,"pm_peak_trips":0.9,"imprv_val":123350.0,"acres":0.2041,"city":"Springtown","city_code":"CSP","fill_color":[34,139,34,180]}},{"type":"Feature","geometry":{"type":"Polygon","coordinates":[[[-97.67946332345988,32.961735066488906],[-97.67946370119367,32.96173390021221],[-97.67951094809649,32.96174557699421],[-97.67979294088974,32.96181526677998],[-97.67979219479082,32.96181774368874],[-97.67967192229105,32.96221713186489],[-97.67967127995756,32.96221833788412],[-97.67932905809586,32.9621492341881],[-97.67941674997105,32.961878731501244],[-97.67946290279652,32.96173636324734],[-97.67946332345988,32.961735066488906]]]},"properties":{"prop_id":96406,"state_cd":"SF-OVR","ite_code":210,"ite_name":"Single-Family Detached","ite_unit":"DU","units":1,"daily_trips":9.4,"am_peak_trips":0.7,"pm_peak_trips":0.9,"imprv_val":192550.0,"acres":0.371,"city":"Springtown","city_code":"CSP","fill_color":[34,139,34,180]}},{"type":"Feature","geometry":{"type":"Polygon","coordinates":[[[-97.67501341953368,32.968118577510516],[-97.67511324123025,32.96811737871583],[-97.67511573906052,32.968445989969396],[-97.67501493310128,32.96845358069042],[-97.67501341953368,32.968118577510516]]]},"properties":{"prop_id":89539,"state_cd":"S25","ite_code":210,"ite_name":"Single-Family Detached","ite_unit":"DU","units":1,"daily_trips":9.4,"am_peak_trips":0.7,"pm_peak_trips":0.9,"imprv_val":155000.0,"acres":0.082,"city":"Springtown","city_code":"CSP","fill_color":[34,139,34,180]}},{"type":"Feature","geometry":{"type":"Polygon","coordinates":[[[-97.68784958685903,32.96516824080994],[-97.68825423669804,32.96511039111541],[-97.6882394028413,32.96539900680421],[-97.68823615815027,32.96546214213409],[-97.68817661481768,32.966620613806946],[-97.68798577957322,32.96663215293182],[-97.68785075023702,32.965172968533395],[-97.68784958685903,32.96516824080994]]]},"properties":{"prop_id":36565,"state_cd":"S110","ite_code":210,"ite_name":"Single-Family Detached","ite_unit":"DU","units":3,"daily_trips":28.3,"am_peak_trips":2.1,"pm_peak_trips":2.8,"imprv_val":186720.0,"acres":1.677,"city":"Springtown","city_code":"CSP","fill_color":[34,139,34,180]}},{"type":"Feature","geometry":{"type":"Polygon","coordinates":[[[-97.67148117965576,32.97193515058043],[-97.67126684915533,32.97193372554583],[-97.67126352304881,32.97161773880465],[-97.67147749919333,32.97162059268797],[-97.67148117965576,32.97193515058043]]]},"properties":{"prop_id":109421,"state_cd":"S50","ite_code":210,"ite_name":"Single-Family Detached","ite_unit":"DU","units":1,"daily_trips":9.4,"am_peak_trips":0.7,"pm_peak_trips":0.9,"imprv_val":238930.0,"acres":0.174,"city":"Springtown","city_code":"CSP","fill_color":[34,139,34,180]}},{"type":"Feature","geometry":{"type":"Polygon","coordinates":[[[-97.68745005417217,32.96861676357737],[-97.68774378527725,32.968614390198084],[-97.68774443743845,32.968913608361625],[-97.68744900135911,32.96890452470008],[-97.68745005417217,32.96861676357737]]]},"properties":{"prop_id":17238,"state_cd":"S50","ite_code":210,"ite_name":"Single-Family Detached","ite_unit":"DU","units":1,"daily_trips":9.4,"am_peak_trips":0.7,"pm_peak_trips":0.9,"imprv_val":170540.0,"acres":0.2214,"city":"Springtown","city_code":"CSP","fill_color":[34,139,34,180]}},{"type":"Feature","geometry":{"type":"Polygon","coordinates":[[[-97.66855213781275,32.96052748950015],[-97.66872947884151,32.960287072857966],[-97.66918195811486,32.9605215068427],[-97.66900610621627,32.96076143082846],[-97.66855213781275,32.96052748950015]]]},"properties":{"prop_id":111520,"state_cd":"S50","ite_code":210,"ite_name":"Single-Family Detached","ite_unit":"DU","units":1,"daily_trips":9.4,"am_peak_trips":0.7,"pm_peak_trips":0.9,"imprv_val":340460.0,"acres":0.3848,"city":"Springtown","city_code":"CSP","fill_color":[34,139,34,180]}},{"type":"Feature","geometry":{"type":"Polygon","coordinates":[[[-97.65152645611715,32.968428408789485],[-97.65158375151566,32.96842473162975],[-97.65164224840073,32.96842060179002],[-97.65170049202847,32.968414430270656],[-97.65176186503209,32.96875570992897],[-97.65155729639535,32.968769990204486],[-97.65152645611715,32.968428408789485]]]},"properties":{"prop_id":127276,"state_cd":"S60","ite_code":0,"ite_name":"Vacant/Agricultural","ite_unit":"N/A","units":1.0,"daily_trips":0.0,"am_peak_trips":0.0,"pm_peak_trips":0.0,"imprv_val":0.0,"acres":0.166,"city":"Springtown","city_code":"CSP","fill_color":[80,80,80,100]}},{"type":"Feature","geometry":{"type":"Polygon","coordinates":[[[-97.67846897305442,32.97214827948149],[-97.67847510282242,32.97178279035875],[-97.67868670846212,32.97178992965311],[-97.67868054746411,32.97215541947621],[-97.67846897305442,32.97214827948149]]]},"properties":{"prop_id":70337,"state_cd":"S50","ite_code":210,"ite_name":"Single-Family Detached","ite_unit":"DU","units":1,"daily_trips":9.4,"am_peak_trips":0.7,"pm_peak_trips":0.9,"imprv_val":205110.0,"acres":0.198,"city":"Springtown","city_code":"CSP","fill_color":[34,139,34,180]}},{"type":"Feature","geometry":{"type":"Polygon","coordinates":[[[-97.67361935946943,32.97092227825321],[-97.67362069533826,32.971234147511424],[-97.67340697799251,32.971233923323915],[-97.67340453329533,32.97091966047969],[-97.67361935946943,32.97092227825321]]]},"properties":{"prop_id":109449,"state_cd":"S50","ite_code":210,"ite_name":"Single-Family Detached","ite_unit":"DU","units":1,"daily_trips":9.4,"am_peak_trips":0.7,"pm_peak_trips":0.9,"imprv_val":249200.0,"acres":0.174,"city":"Springtown","city_code":"CSP","fill_color":[34,139,34,180]}},{"type":"Feature","geometry":{"type":"Polygon","coordinates":[[[-97.67000931177937,32.95967195053664],[-97.6702932360562,32.95928941593448],[-97.67060977629473,32.959453991445464],[-97.67032725177071,32.9598358741352],[-97.67000931177937,32.95967195053664]]]},"properties":{"prop_id":26226,"state_cd":"S80","ite_code":210,"ite_name":"Single-Family Detached","ite_unit":"DU","units":1,"daily_trips":9.4,"am_peak_trips":0.7,"pm_peak_trips":0.9,"imprv_val":328560.0,"acres":0.4298,"city":"Springtown","city_code":"CSP","fill_color":[34,139,34,180]}},{"type":"Feature","geometry":{"type":"Polygon","coordinates":[[[-97.67938707882728,32.972908506169965],[-97.6794042371702,32.97289391312446],[-97.67941705739784,32.97287940153613],[-97.67942505824368,32.97286760697071],[-97.67943130476633,32.9728550866107],[-97.67943717297713,32.97283767046992],[-97.67943993307502,32.97282141615459],[-97.67983797632458,32.97293753240805],[-97.67983776670006,32.97331224191839],[-97.67938707882728,32.972908506169965]]]},"properties":{"prop_id":70318,"state_cd":"S50","ite_code":210,"ite_name":"Single-Family Detached","ite_unit":"DU","units":1,"daily_trips":9.4,"am_peak_trips":0.7,"pm_peak_trips":0.9,"imprv_val":249810.0,"acres":0.262,"city":"Springtown","city_code":"CSP","fill_color":[34,139,34,180]}},{"type":"Feature","geometry":{"type":"Polygon","coordinates":[[[-97.67530478876331,32.966476543797654],[-97.67530454662261,32.96645647932341],[-97.67565523387209,32.96645407670368],[-97.67565678586321,32.96658995211659],[-97.67530617430681,32.96659117656156],[-97.67530478876331,32.966476543797654]]]},"properties":{"prop_id":89596,"state_cd":"S50","ite_code":210,"ite_name":"Single-Family Detached","ite_unit":"DU","units":1,"daily_trips":9.4,"am_peak_trips":0.7,"pm_peak_trips":0.9,"imprv_val":208170.0,"acres":0.125,"city":"Springtown","city_code":"CSP","fill_color":[34,139,34,180]}},{"type":"Feature","geometry":{"type":"Polygon","coordinates":[[[-97.68234190780484,32.962035571301925],[-97.68234569679663,32.961819378502284],[-97.68277707396041,32.96182352760137],[-97.68281276461093,32.96204052942256],[-97.68284802201352,32.962254998769595],[-97.68233815088567,32.962251764305776],[-97.68234190780484,32.962035571301925]]]},"properties":{"prop_id":79856,"state_cd":"SF-OVR","ite_code":210,"ite_name":"Single-Family Detached","ite_unit":"DU","units":1,"daily_trips":9.4,"am_peak_trips":0.7,"pm_peak_trips":0.9,"imprv_val":334280.0,"acres":0.53,"city":"Springtown","city_code":"CSP","fill_color":[34,139,34,180]}},{"type":"Feature","geometry":{"type":"Polygon","coordinates":[[[-97.681376697921,32.96614778957441],[-97.68180119859412,32.96608309573776],[-97.68187358239322,32.96644736917356],[-97.6819483325641,32.96682364330965],[-97.68148746239507,32.96689268997625],[-97.68143134247401,32.96651530062694],[-97.681376697921,32.96614778957441]]]},"properties":{"prop_id":26654,"state_cd":"S85","ite_code":210,"ite_name":"Single-Family Detached","ite_unit":"DU","units":1,"daily_trips":9.4,"am_peak_trips":0.7,"pm_peak_trips":0.9,"imprv_val":154600.0,"acres":0.8643,"city":"Springtown","city_code":"CSP","fill_color":[34,139,34,180]}},{"type":"Feature","geometry":{"type":"Polygon","coordinates":[[[-97.68129672344996,32.98534410532957],[-97.68126813487616,32.9852014496794],[-97.68115890003023,32.98515279403689],[-97.68124075951395,32.98391886498489],[-97.68137562808157,32.982498647413514],[-97.68197751535853,32.982512590267575],[-97.68282380291654,32.98251390924282],[-97.68586286923896,32.98256355581587],[-97.68458666431542,32.98538378107536],[-97.68129672344996,32.98534410532957]]]},"properties":{"prop_id":44195,"state_cd":"8","ite_code":0,"ite_name":"Vacant/Agricultural","ite_unit":"N/A","units":1.0,"daily_trips":0.0,"am_peak_trips":0.0,"pm_peak_trips":0.0,"imprv_val":0.0,"acres":27.4,"city":"Springtown","city_code":"CSP","fill_color":[80,80,80,100]}},{"type":"Feature","geometry":{"type":"Polygon","coordinates":[[[-97.69018549978843,32.97146566117433],[-97.69066885199905,32.97139602304936],[-97.69114526048821,32.97132784763851],[-97.69128992660146,32.97133444088631],[-97.69128458304613,32.971570321049946],[-97.69030668931434,32.97174773049921],[-97.69018549978843,32.97146566117433]]]},"properties":{"prop_id":38118,"state_cd":"S80","ite_code":210,"ite_name":"Single-Family Detached","ite_unit":"DU","units":1,"daily_trips":9.4,"am_peak_trips":0.7,"pm_peak_trips":0.9,"imprv_val":230520.0,"acres":0.75,"city":"Springtown","city_code":"CSP","fill_color":[34,139,34,180]}},{"type":"Feature","geometry":{"type":"Polygon","coordinates":[[[-97.68359713774429,32.961086908478165],[-97.68359660551096,32.96108696992252],[-97.68301085983337,32.9611621821996],[-97.68294894940466,32.961170131684625],[-97.68291814167466,32.9608102228122],[-97.6836032239342,32.96081869093986],[-97.68359713774429,32.961086908478165]]]},"properties":{"prop_id":46116,"state_cd":"S60","ite_code":210,"ite_name":"Single-Family Detached","ite_unit":"DU","units":1,"daily_trips":9.4,"am_peak_trips":0.7,"pm_peak_trips":0.9,"imprv_val":49000.0,"acres":0.53,"city":"Springtown","city_code":"CSP","fill_color":[34,139,34,180]}},{"type":"Feature","geometry":{"type":"Polygon","coordinates":[[[-97.65057844671881,32.96802963615226],[-97.65085007573286,32.96779198143019],[-97.65089649818901,32.967830125694135],[-97.65095181676293,32.96788028063515],[-97.65095839471478,32.967886244129005],[-97.650962834924,32.967891113573664],[-97.65099974774859,32.967931595471995],[-97.65101379147814,32.96794699782392],[-97.65101648181144,32.96795060090674],[-97.65106220468216,32.96801185231672],[-97.65072134365937,32.96817402099378],[-97.65069260620938,32.968135362307066],[-97.6506596276472,32.96809918809581],[-97.6506227086414,32.968065828670326],[-97.65057844671881,32.96802963615226]]]},"properties":{"prop_id":127366,"state_cd":"S60","ite_code":0,"ite_name":"Vacant/Agricultural","ite_unit":"N/A","units":1.0,"daily_trips":0.0,"am_peak_trips":0.0,"pm_peak_trips":0.0,"imprv_val":0.0,"acres":0.236,"city":"Springtown","city_code":"CSP","fill_color":[80,80,80,100]}},{"type":"Feature","geometry":{"type":"Polygon","coordinates":[[[-97.6822585661005,32.96770132260192],[-97.68264463305854,32.967648376025835],[-97.68269195566319,32.96786737396935],[-97.68277232301014,32.968211986171035],[-97.6823749857283,32.96826648249418],[-97.68230312612816,32.967926273540755],[-97.6822585661005,32.96770132260192]]]},"properties":{"prop_id":26722,"state_cd":"S55","ite_code":210,"ite_name":"Single-Family Detached","ite_unit":"DU","units":1,"daily_trips":9.4,"am_peak_trips":0.7,"pm_peak_trips":0.9,"imprv_val":187080.0,"acres":0.5827,"city":"Springtown","city_code":"CSP","fill_color":[34,139,34,180]}},{"type":"Feature","geometry":{"type":"Polygon","coordinates":[[[-97.65227727471421,32.96366669241881],[-97.65226474001501,32.96425765010503],[-97.65202006682874,32.96425393467406],[-97.65203320751529,32.963662984731876],[-97.65227727471421,32.96366669241881]]]},"properties":{"prop_id":123496,"state_cd":"S60","ite_code":0,"ite_name":"Vacant/Agricultural","ite_unit":"N/A","units":1.0,"daily_trips":0.0,"am_peak_trips":0.0,"pm_peak_trips":0.0,"imprv_val":0.0,"acres":0.37,"city":"Springtown","city_code":"CSP","fill_color":[80,80,80,100]}},{"type":"Feature","geometry":{"type":"Polygon","coordinates":[[[-97.66654790752494,32.958202577536],[-97.66672712173818,32.9579582559585],[-97.66689390666944,32.95804727657875],[-97.66719659245945,32.958208838200036],[-97.66700363231412,32.958458704056135],[-97.66654790752494,32.958202577536]]]},"properties":{"prop_id":26223,"state_cd":"S50","ite_code":210,"ite_name":"Single-Family Detached","ite_unit":"DU","units":1,"daily_trips":9.4,"am_peak_trips":0.7,"pm_peak_trips":0.9,"imprv_val":158620.0,"acres":0.4136,"city":"Springtown","city_code":"CSP","fill_color":[34,139,34,180]}},{"type":"Feature","geometry":{"type":"Polygon","coordinates":[[[-97.67849886071488,32.962353641000895],[-97.67875375896506,32.96239847789735],[-97.67893177911492,32.96242548101309],[-97.67893453880711,32.96332954878717],[-97.67849713154166,32.96334165616738],[-97.67849886071488,32.962353641000895]]]},"properties":{"prop_id":16823,"state_cd":"SF-OVR","ite_code":210,"ite_name":"Single-Family Detached","ite_unit":"DU","units":2,"daily_trips":18.9,"am_peak_trips":1.4,"pm_peak_trips":1.9,"imprv_val":703400.0,"acres":1.033,"city":"Springtown","city_code":"CSP","fill_color":[34,139,34,180]}},{"type":"Feature","geometry":{"type":"Polygon","coordinates":[[[-97.66771210534844,32.96611303188938],[-97.6670953490794,32.96610891129474],[-97.66710066458796,32.96594402389696],[-97.66771379434259,32.965948120253074],[-97.66771210534844,32.96611303188938]]]},"properties":{"prop_id":87697,"state_cd":"S50","ite_code":0,"ite_name":"Vacant/Agricultural","ite_unit":"N/A","units":1.0,"daily_trips":0.0,"am_peak_trips":0.0,"pm_peak_trips":0.0,"imprv_val":0.0,"acres":0.259,"city":"Springtown","city_code":"CSP","fill_color":[80,80,80,100]}},{"type":"Feature","geometry":{"type":"Polygon","coordinates":[[[-97.66959070088409,32.95877165008092],[-97.6698621140647,32.95840973353859],[-97.6701370284204,32.958557195006065],[-97.66986638702399,32.958917189175374],[-97.66959070088409,32.95877165008092]]]},"properties":{"prop_id":26211,"state_cd":"S50","ite_code":0,"ite_name":"Vacant/Agricultural","ite_unit":"N/A","units":1.0,"daily_trips":0.0,"am_peak_trips":0.0,"pm_peak_trips":0.0,"imprv_val":0.0,"acres":0.191,"city":"Springtown","city_code":"CSP","fill_color":[80,80,80,100]}},{"type":"Feature","geometry":{"type":"Polygon","coordinates":[[[-97.68553168123132,32.96750102939429],[-97.68581156065972,32.96745481001102],[-97.68586714005514,32.96772516895618],[-97.68558667748042,32.96776200209215],[-97.68553168123132,32.96750102939429]]]},"properties":{"prop_id":27665,"state_cd":"S085","ite_code":210,"ite_name":"Single-Family Detached","ite_unit":"DU","units":1,"daily_trips":9.4,"am_peak_trips":0.7,"pm_peak_trips":0.9,"imprv_val":105590.0,"acres":0.21,"city":"Springtown","city_code":"CSP","fill_color":[34,139,34,180]}},{"type":"Feature","geometry":{"type":"Polygon","coordinates":[[[-97.68706366596827,32.968327921333845],[-97.6874542819479,32.96832903667168],[-97.68745012782787,32.9685967273625],[-97.6870646838056,32.968587055895966],[-97.68706366596827,32.968327921333845]]]},"properties":{"prop_id":17239,"state_cd":"S50","ite_code":210,"ite_name":"Single-Family Detached","ite_unit":"DU","units":1,"daily_trips":9.4,"am_peak_trips":0.7,"pm_peak_trips":0.9,"imprv_val":174870.0,"acres":0.2618,"city":"Springtown","city_code":"CSP","fill_color":[34,139,34,180]}},{"type":"Feature","geometry":{"type":"Polygon","coordinates":[[[-97.67902435199817,32.97449384176212],[-97.67947203466888,32.97442336444811],[-97.67965225654149,32.97511751656324],[-97.6791679911941,32.97519281103226],[-97.67902435199817,32.97449384176212]]]},"properties":{"prop_id":103685,"state_cd":"S75","ite_code":210,"ite_name":"Single-Family Detached","ite_unit":"DU","units":1,"daily_trips":9.4,"am_peak_trips":0.7,"pm_peak_trips":0.9,"imprv_val":84510.0,"acres":0.82,"city":"Springtown","city_code":"CSP","fill_color":[34,139,34,180]}},{"type":"Feature","geometry":{"type":"Polygon","coordinates":[[[-97.66674403593984,32.95987041251622],[-97.66693634607157,32.95961727181813],[-97.66741138997531,32.959872509538734],[-97.66722068624577,32.96012486357652],[-97.66674403593984,32.95987041251622]]]},"properties":{"prop_id":26271,"state_cd":"S50","ite_code":210,"ite_name":"Single-Family Detached","ite_unit":"DU","units":1,"daily_trips":9.4,"am_peak_trips":0.7,"pm_peak_trips":0.9,"imprv_val":158180.0,"acres":0.4331,"city":"Springtown","city_code":"CSP","fill_color":[34,139,34,180]}},{"type":"Feature","geometry":{"type":"Polygon","coordinates":[[[-97.66979651132989,32.965722615142234],[-97.67016894074715,32.965698538756975],[-97.67017931065533,32.96618566136696],[-97.66978525606667,32.966211451488824],[-97.66979651132989,32.965722615142234]]]},"properties":{"prop_id":26419,"state_cd":"S50","ite_code":0,"ite_name":"Vacant/Agricultural","ite_unit":"N/A","units":1.0,"daily_trips":0.0,"am_peak_trips":0.0,"pm_peak_trips":0.0,"imprv_val":0.0,"acres":0.479,"city":"Springtown","city_code":"CSP","fill_color":[80,80,80,100]}},{"type":"Feature","geometry":{"type":"Polygon","coordinates":[[[-97.69312317820034,32.97448489204738],[-97.6928266784485,32.974762822688724],[-97.69265618928871,32.97463421888361],[-97.69295181101418,32.9743556724234],[-97.69312317820034,32.97448489204738]]]},"properties":{"prop_id":113035,"state_cd":"S55","ite_code":210,"ite_name":"Single-Family Detached","ite_unit":"DU","units":1,"daily_trips":9.4,"am_peak_trips":0.7,"pm_peak_trips":0.9,"imprv_val":270000.0,"acres":0.217,"city":"Springtown","city_code":"CSP","fill_color":[34,139,34,180]}},{"type":"Feature","geometry":{"type":"Polygon","coordinates":[[[-97.68367172628518,32.96780849470635],[-97.68364803649875,32.967693887367865],[-97.6840563428451,32.967632047641025],[-97.68412647545529,32.96798344128178],[-97.68372208130359,32.968052095793695],[-97.68367172628518,32.96780849470635]]]},"properties":{"prop_id":26714,"state_cd":"S65","ite_code":210,"ite_name":"Single-Family Detached","ite_unit":"DU","units":1,"daily_trips":9.4,"am_peak_trips":0.7,"pm_peak_trips":0.9,"imprv_val":323940.0,"acres":0.34,"city":"Springtown","city_code":"CSP","fill_color":[34,139,34,180]}},{"type":"Feature","geometry":{"type":"Polygon","coordinates":[[[-97.68707953423592,32.97022305076331],[-97.68708031846727,32.97013762443352],[-97.68708215237163,32.969937856564336],[-97.6873850739068,32.969941871136456],[-97.6873902209362,32.970226227672214],[-97.68707953423592,32.97022305076331]]]},"properties":{"prop_id":81003,"state_cd":"S50","ite_code":210,"ite_name":"Single-Family Detached","ite_unit":"DU","units":1,"daily_trips":9.4,"am_peak_trips":0.7,"pm_peak_trips":0.9,"imprv_val":109900.0,"acres":0.245,"city":"Springtown","city_code":"CSP","fill_color":[34,139,34,180]}},{"type":"Feature","geometry":{"type":"Polygon","coordinates":[[[-97.64851609634414,32.96634228462436],[-97.64852705734769,32.96601164655281],[-97.64870597411033,32.96601644281898],[-97.64869491496204,32.9663472326396],[-97.64851609634414,32.96634228462436]]]},"properties":{"prop_id":127298,"state_cd":"S60","ite_code":0,"ite_name":"Vacant/Agricultural","ite_unit":"N/A","units":1.0,"daily_trips":0.0,"am_peak_trips":0.0,"pm_peak_trips":0.0,"imprv_val":0.0,"acres":0.152,"city":"Springtown","city_code":"CSP","fill_color":[80,80,80,100]}},{"type":"Feature","geometry":{"type":"Polygon","coordinates":[[[-97.6717881207959,32.96873846527337],[-97.67141170775481,32.96876654943197],[-97.67141563732802,32.96834361392638],[-97.67165631503087,32.968323498876984],[-97.67178238095025,32.96831295663237],[-97.6717881207959,32.96873846527337]]]},"properties":{"prop_id":26393,"state_cd":"S50","ite_code":0,"ite_name":"Vacant/Agricultural","ite_unit":"N/A","units":1.0,"daily_trips":0.0,"am_peak_trips":0.0,"pm_peak_trips":0.0,"imprv_val":0.0,"acres":0.4038,"city":"Springtown","city_code":"CSP","fill_color":[80,80,80,100]}},{"type":"Feature","geometry":{"type":"Polygon","coordinates":[[[-97.68691486682954,32.975431398165625],[-97.68691947779074,32.97515658000407],[-97.68765243990507,32.9751647125147],[-97.68764786463217,32.97543950386616],[-97.68691486682954,32.975431398165625]]]},"properties":{"prop_id":19159,"state_cd":"S55","ite_code":210,"ite_name":"Single-Family Detached","ite_unit":"DU","units":1,"daily_trips":9.4,"am_peak_trips":0.7,"pm_peak_trips":0.9,"imprv_val":235270.0,"acres":0.52,"city":"Springtown","city_code":"CSP","fill_color":[34,139,34,180]}},{"type":"Feature","geometry":{"type":"Polygon","coordinates":[[[-97.69504444728594,32.97521423387678],[-97.695047890411,32.97502061523584],[-97.69548783419165,32.975026707839554],[-97.69548430237091,32.97522065598028],[-97.69504444728594,32.97521423387678]]]},"properties":{"prop_id":117510,"state_cd":"S55","ite_code":210,"ite_name":"Single-Family Detached","ite_unit":"DU","units":1,"daily_trips":9.4,"am_peak_trips":0.7,"pm_peak_trips":0.9,"imprv_val":290940.0,"acres":0.217,"city":"Springtown","city_code":"CSP","fill_color":[34,139,34,180]}},{"type":"Feature","geometry":{"type":"Polygon","coordinates":[[[-97.68442344285509,32.96401176293479],[-97.68458421198544,32.96398894915549],[-97.68485409152252,32.964323433486534],[-97.68493838973514,32.964305214316845],[-97.6850014659815,32.96429158185477],[-97.68529299307879,32.96426373334143],[-97.68544485979875,32.96424218142099],[-97.68552417424168,32.96425995712019],[-97.68555653896507,32.964421141393736],[-97.68568904676513,32.96508555442218],[-97.68561013099784,32.96509414082994],[-97.68537071722308,32.96513064648496],[-97.68502368713955,32.96517987699316],[-97.68466683271136,32.96523061323683],[-97.68442344285509,32.96401176293479]]]},"properties":{"prop_id":6241,"state_cd":"S60","ite_code":210,"ite_name":"Single-Family Detached","ite_unit":"DU","units":2,"daily_trips":18.9,"am_peak_trips":1.4,"pm_peak_trips":1.9,"imprv_val":50400.0,"acres":2.5534,"city":"Springtown","city_code":"CSP","fill_color":[34,139,34,180]}},{"type":"Feature","geometry":{"type":"Polygon","coordinates":[[[-97.68387938810164,32.973250273865496],[-97.68425349921404,32.97319226494102],[-97.68429075732092,32.97342292619347],[-97.68389260943293,32.973480522623056],[-97.68384818482838,32.97325511252259],[-97.6838482298279,32.973255105602746],[-97.6838793495294,32.9732502799257],[-97.68387938810164,32.973250273865496]]]},"properties":{"prop_id":29501,"state_cd":"S50","ite_code":210,"ite_name":"Single-Family Detached","ite_unit":"DU","units":1,"daily_trips":9.4,"am_peak_trips":0.7,"pm_peak_trips":0.9,"imprv_val":197710.0,"acres":0.24,"city":"Springtown","city_code":"CSP","fill_color":[34,139,34,180]}},{"type":"Feature","geometry":{"type":"Polygon","coordinates":[[[-97.66586861307817,32.96114426973031],[-97.66613481669793,32.96114807053869],[-97.66650114338827,32.96115330074976],[-97.66643032708359,32.961502745050346],[-97.66585969699398,32.961501203771164],[-97.66586861307817,32.96114426973031]]]},"properties":{"prop_id":26266,"state_cd":"S50","ite_code":210,"ite_name":"Single-Family Detached","ite_unit":"DU","units":1,"daily_trips":9.4,"am_peak_trips":0.7,"pm_peak_trips":0.9,"imprv_val":250050.0,"acres":0.5448,"city":"Springtown","city_code":"CSP","fill_color":[34,139,34,180]}},{"type":"Feature","geometry":{"type":"Polygon","coordinates":[[[-97.68362833915864,32.95660527458098],[-97.6843583261851,32.956608017796114],[-97.68428825817796,32.956725041582],[-97.68427246189361,32.95675140851985],[-97.68426719452343,32.95679741757693],[-97.68355154212082,32.956791534722],[-97.68362833915864,32.95660527458098]]]},"properties":{"prop_id":46111,"state_cd":"S60","ite_code":210,"ite_name":"Single-Family Detached","ite_unit":"DU","units":1,"daily_trips":9.4,"am_peak_trips":0.7,"pm_peak_trips":0.9,"imprv_val":150140.0,"acres":0.46,"city":"Springtown","city_code":"CSP","fill_color":[34,139,34,180]}},{"type":"Feature","geometry":{"type":"Polygon","coordinates":[[[-97.67390857087284,32.96209607483033],[-97.67357565435269,32.96235173597269],[-97.67309836322724,32.96200047004766],[-97.67333313778812,32.961741142547545],[-97.67361625475034,32.961951349018385],[-97.67380781570729,32.96202834810995],[-97.67390857087284,32.96209607483033]]]},"properties":{"prop_id":26332,"state_cd":"S50","ite_code":0,"ite_name":"Vacant/Agricultural","ite_unit":"N/A","units":1.0,"daily_trips":0.0,"am_peak_trips":0.0,"pm_peak_trips":0.0,"imprv_val":0.0,"acres":0.5844,"city":"Springtown","city_code":"CSP","fill_color":[80,80,80,100]}},{"type":"Feature","geometry":{"type":"Polygon","coordinates":[[[-97.68127890081432,32.974507119574916],[-97.68119437874547,32.974113603342175],[-97.68167875978608,32.97401858976557],[-97.6818426391695,32.974815209111014],[-97.68136336208605,32.97490034944721],[-97.68127890081432,32.974507119574916]]]},"properties":{"prop_id":44228,"state_cd":"S90","ite_code":210,"ite_name":"Single-Family Detached","ite_unit":"DU","units":2,"daily_trips":18.9,"am_peak_trips":1.4,"pm_peak_trips":1.9,"imprv_val":205740.0,"acres":1.0,"city":"Springtown","city_code":"CSP","fill_color":[34,139,34,180]}},{"type":"Feature","geometry":{"type":"Polygon","coordinates":[[[-97.6789049688864,32.971659757602865],[-97.67891142354746,32.9712765705095],[-97.67907275384044,32.97127916910818],[-97.67912309586065,32.97127996784741],[-97.67911657426683,32.97166689616753],[-97.6789049688864,32.971659757602865]]]},"properties":{"prop_id":70353,"state_cd":"S50","ite_code":210,"ite_name":"Single-Family Detached","ite_unit":"DU","units":1,"daily_trips":9.4,"am_peak_trips":0.7,"pm_peak_trips":0.9,"imprv_val":212960.0,"acres":0.209,"city":"Springtown","city_code":"CSP","fill_color":[34,139,34,180]}},{"type":"Feature","geometry":{"type":"Polygon","coordinates":[[[-97.65012648917013,32.96850427146644],[-97.65051845237247,32.96817472138427],[-97.65054901725189,32.96820376738723],[-97.65057526465377,32.9682356734027],[-97.65059682127998,32.968269985074656],[-97.65061338153778,32.96830621604255],[-97.65022428147994,32.96863649838394],[-97.65012648917013,32.96850427146644]]]},"properties":{"prop_id":127270,"state_cd":"S60","ite_code":0,"ite_name":"Vacant/Agricultural","ite_unit":"N/A","units":1.0,"daily_trips":0.0,"am_peak_trips":0.0,"pm_peak_trips":0.0,"imprv_val":0.0,"acres":0.216,"city":"Springtown","city_code":"CSP","fill_color":[80,80,80,100]}},{"type":"Feature","geometry":{"type":"Polygon","coordinates":[[[-97.68216212132903,32.967244965129396],[-97.68255334518044,32.96718574714053],[-97.68261286499194,32.96748639593713],[-97.68222692028547,32.967539964569816],[-97.68222651644257,32.96754002053826],[-97.68216212132903,32.967244965129396]]]},"properties":{"prop_id":26704,"state_cd":"S55","ite_code":210,"ite_name":"Single-Family Detached","ite_unit":"DU","units":1,"daily_trips":9.4,"am_peak_trips":0.7,"pm_peak_trips":0.9,"imprv_val":178780.0,"acres":0.32,"city":"Springtown","city_code":"CSP","fill_color":[34,139,34,180]}},{"type":"Feature","geometry":{"type":"Polygon","coordinates":[[[-97.68620582240327,32.97062830368337],[-97.68621186645423,32.97042185826882],[-97.68620456240362,32.9703059182674],[-97.68654377650456,32.9703081328367],[-97.68654080552774,32.97063177932913],[-97.68620582240327,32.97062830368337]]]},"properties":{"prop_id":95794,"state_cd":"S60","ite_code":210,"ite_name":"Single-Family Detached","ite_unit":"DU","units":1,"daily_trips":9.4,"am_peak_trips":0.7,"pm_peak_trips":0.9,"imprv_val":12430.0,"acres":0.28,"city":"Springtown","city_code":"CSP","fill_color":[34,139,34,180]}},{"type":"Feature","geometry":{"type":"Polygon","coordinates":[[[-97.68465415892544,32.97910988779214],[-97.68467939336014,32.97864820931019],[-97.6850879208978,32.97866923399591],[-97.68506407096204,32.97913870431714],[-97.68465415892544,32.97910988779214]]]},"properties":{"prop_id":44191,"state_cd":"S60","ite_code":0,"ite_name":"Vacant/Agricultural","ite_unit":"N/A","units":1.0,"daily_trips":0.0,"am_peak_trips":0.0,"pm_peak_trips":0.0,"imprv_val":0.0,"acres":0.4,"city":"Springtown","city_code":"CSP","fill_color":[80,80,80,100]}},{"type":"Feature","geometry":{"type":"Polygon","coordinates":[[[-97.6745252640496,32.96246043485398],[-97.67456492731222,32.962429508895816],[-97.67470854759978,32.9623175255905],[-97.67507130594018,32.962648154550365],[-97.67488802336084,32.96279106434818],[-97.6745252640496,32.96246043485398]]]},"properties":{"prop_id":26348,"state_cd":"S40","ite_code":210,"ite_name":"Single-Family Detached","ite_unit":"DU","units":1,"daily_trips":9.4,"am_peak_trips":0.7,"pm_peak_trips":0.9,"imprv_val":359330.0,"acres":0.31,"city":"Springtown","city_code":"CSP","fill_color":[34,139,34,180]}},{"type":"Feature","geometry":{"type":"Polygon","coordinates":[[[-97.67775662094509,32.958172631026834],[-97.67753481335372,32.958091371069294],[-97.67751376640625,32.95808207051396],[-97.67749458606366,32.958070241836175],[-97.67747769670532,32.958056147563525],[-97.67746347198411,32.95804009858737],[-97.67745222417999,32.95802244868153],[-97.67744420318061,32.958003589084626],[-97.67743958698038,32.95798393490978],[-97.67743847543021,32.95796390706664],[-97.6774469941785,32.95774535380469],[-97.67784754653249,32.95774516552234],[-97.6780196942953,32.95788992489362],[-97.67797925456127,32.95794204601592],[-97.67794182235292,32.95799571555874],[-97.67790748223653,32.958050812336275],[-97.67787630152239,32.95810723037991],[-97.67786419235301,32.958136727626545],[-97.67785641060468,32.958148548804274],[-97.67784604342117,32.958158864010905],[-97.67783348922066,32.958167275464426],[-97.67781923022955,32.95817346078732],[-97.67780381421485,32.95817718190424],[-97.67778783298183,32.95817829662417],[-97.67777190095592,32.958176761204456],[-97.67775662094509,32.958172631026834]]]},"properties":{"prop_id":1913,"state_cd":"S48","ite_code":210,"ite_name":"Single-Family Detached","ite_unit":"DU","units":1,"daily_trips":9.4,"am_peak_trips":0.7,"pm_peak_trips":0.9,"imprv_val":177940.0,"acres":0.4811,"city":"Springtown","city_code":"CSP","fill_color":[34,139,34,180]}},{"type":"Feature","geometry":{"type":"Polygon","coordinates":[[[-97.65934070939477,32.96995673055512],[-97.6592444570732,32.96965509194985],[-97.65945560089112,32.96965735670598],[-97.65965095588173,32.96995948667354],[-97.65934070939477,32.96995673055512]]]},"properties":{"prop_id":123022,"state_cd":"S60","ite_code":0,"ite_name":"Vacant/Agricultural","ite_unit":"N/A","units":1.0,"daily_trips":0.0,"am_peak_trips":0.0,"pm_peak_trips":0.0,"imprv_val":0.0,"acres":0.2,"city":"Springtown","city_code":"CSP","fill_color":[80,80,80,100]}},{"type":"Feature","geometry":{"type":"Polygon","coordinates":[[[-97.69235997327361,32.971483879426835],[-97.69235642226764,32.971843300089866],[-97.6921247719697,32.97183984894606],[-97.69213218215373,32.97148180693431],[-97.69235997327361,32.971483879426835]]]},"properties":{"prop_id":117493,"state_cd":"S55","ite_code":210,"ite_name":"Single-Family Detached","ite_unit":"DU","units":1,"daily_trips":9.4,"am_peak_trips":0.7,"pm_peak_trips":0.9,"imprv_val":297030.0,"acres":0.21,"city":"Springtown","city_code":"CSP","fill_color":[34,139,34,180]}},{"type":"Feature","geometry":{"type":"Polygon","coordinates":[[[-97.67105202678734,32.9701851690945],[-97.67105632535419,32.97050016045066],[-97.67084260000081,32.97049492126923],[-97.6708437378306,32.97017996606981],[-97.67105202678734,32.9701851690945]]]},"properties":{"prop_id":109499,"state_cd":"S50","ite_code":210,"ite_name":"Single-Family Detached","ite_unit":"DU","units":1,"daily_trips":9.4,"am_peak_trips":0.7,"pm_peak_trips":0.9,"imprv_val":236340.0,"acres":0.173,"city":"Springtown","city_code":"CSP","fill_color":[34,139,34,180]}},{"type":"Feature","geometry":{"type":"Polygon","coordinates":[[[-97.68171871494775,32.958425628397286],[-97.68171945764733,32.95820573425314],[-97.68176416934264,32.95820218428238],[-97.68229574666533,32.95820213856263],[-97.6822669610789,32.95843599288679],[-97.682721715956,32.95843533746937],[-97.68269941131716,32.958627166994916],[-97.681731338349,32.95862260747624],[-97.68171871494775,32.958425628397286]]]},"properties":{"prop_id":46126,"state_cd":"S90","ite_code":0,"ite_name":"Vacant/Agricultural","ite_unit":"N/A","units":1.0,"daily_trips":0.0,"am_peak_trips":0.0,"pm_peak_trips":0.0,"imprv_val":9560.0,"acres":1.026,"city":"Springtown","city_code":"CSP","fill_color":[80,80,80,100]}},{"type":"Feature","geometry":{"type":"Polygon","coordinates":[[[-97.67888571951389,32.97254343964073],[-97.67889215401091,32.972162558421424],[-97.67910372716817,32.97216972474372],[-97.67909734101569,32.97254906687467],[-97.67888571951389,32.97254343964073]]]},"properties":{"prop_id":70332,"state_cd":"S50","ite_code":210,"ite_name":"Single-Family Detached","ite_unit":"DU","units":1,"daily_trips":9.4,"am_peak_trips":0.7,"pm_peak_trips":0.9,"imprv_val":176710.0,"acres":0.198,"city":"Springtown","city_code":"CSP","fill_color":[34,139,34,180]}},{"type":"Feature","geometry":{"type":"Polygon","coordinates":[[[-97.6682086715181,32.960979945217595],[-97.66866852363223,32.96122200917947],[-97.66849069457406,32.96146462471825],[-97.66806593232413,32.96147098288246],[-97.66806744515907,32.96139796681758],[-97.66807538230466,32.96132524705393],[-97.66808969933591,32.96125322370402],[-97.66811031760696,32.961182295749175],[-97.66813712325792,32.96111285291654],[-97.66816996825976,32.96104527839138],[-97.6682086715181,32.960979945217595]]]},"properties":{"prop_id":26231,"state_cd":"S50","ite_code":210,"ite_name":"Single-Family Detached","ite_unit":"DU","units":1,"daily_trips":9.4,"am_peak_trips":0.7,"pm_peak_trips":0.9,"imprv_val":326520.0,"acres":0.4973,"city":"Springtown","city_code":"CSP","fill_color":[34,139,34,180]}},{"type":"Feature","geometry":{"type":"Polygon","coordinates":[[[-97.67158886726199,32.96646852918578],[-97.67215355638649,32.966431965618234],[-97.6721546805551,32.96657538022203],[-97.67215683858484,32.96685378939373],[-97.67160418103661,32.966890028953074],[-97.67159401684948,32.96661016420541],[-97.67158886726199,32.96646852918578]]]},"properties":{"prop_id":26398,"state_cd":"S65","ite_code":210,"ite_name":"Single-Family Detached","ite_unit":"DU","units":1,"daily_trips":9.4,"am_peak_trips":0.7,"pm_peak_trips":0.9,"imprv_val":140290.0,"acres":0.6043,"city":"Springtown","city_code":"CSP","fill_color":[34,139,34,180]}},{"type":"Feature","geometry":{"type":"Polygon","coordinates":[[[-97.67829775618196,32.95782243466606],[-97.67851320608767,32.957632953391716],[-97.67896206708664,32.95802439517297],[-97.67875446311405,32.95819754547811],[-97.67829775618196,32.95782243466606]]]},"properties":{"prop_id":1901,"state_cd":"S45","ite_code":210,"ite_name":"Single-Family Detached","ite_unit":"DU","units":1,"daily_trips":9.4,"am_peak_trips":0.7,"pm_peak_trips":0.9,"imprv_val":192290.0,"acres":0.418,"city":"Springtown","city_code":"CSP","fill_color":[34,139,34,180]}},{"type":"Feature","geometry":{"type":"Polygon","coordinates":[[[-97.66767728429124,32.957195605344616],[-97.6679633625986,32.956811518418114],[-97.66826617069393,32.956943068258475],[-97.6679369709027,32.95733732098982],[-97.66767728429124,32.957195605344616]]]},"properties":{"prop_id":26192,"state_cd":"S90","ite_code":210,"ite_name":"Single-Family Detached","ite_unit":"DU","units":1,"daily_trips":9.4,"am_peak_trips":0.7,"pm_peak_trips":0.9,"imprv_val":230120.0,"acres":0.3881,"city":"Springtown","city_code":"CSP","fill_color":[34,139,34,180]}},{"type":"Feature","geometry":{"type":"Polygon","coordinates":[[[-97.6786965309034,32.956660328356726],[-97.67915956486965,32.95666197799413],[-97.67917591159853,32.9566632923176],[-97.67919173465597,32.95666697859552],[-97.67920655905897,32.95667292548025],[-97.67921993186019,32.95668095232917],[-97.67923144990864,32.95669081479823],[-97.67924076083514,32.956702213866706],[-97.67924758224765,32.95671480227621],[-97.6792517069455,32.95672819899421],[-97.67925300928754,32.95674199466684],[-97.67925145141746,32.95675577240198],[-97.67924707893577,32.95676911315131],[-97.67924692709754,32.95676945304086],[-97.67916792253992,32.95686129119599],[-97.67888993776582,32.95710385236046],[-97.67868241777104,32.95710286979728],[-97.6786965309034,32.956660328356726]]]},"properties":{"prop_id":1907,"state_cd":"S45","ite_code":210,"ite_name":"Single-Family Detached","ite_unit":"DU","units":1,"daily_trips":9.4,"am_peak_trips":0.7,"pm_peak_trips":0.9,"imprv_val":184150.0,"acres":0.4843,"city":"Springtown","city_code":"CSP","fill_color":[34,139,34,180]}},{"type":"Feature","geometry":{"type":"Polygon","coordinates":[[[-97.65907198135923,32.96712271411056],[-97.65948995998528,32.967125043276624],[-97.6594880808022,32.96730634786636],[-97.65906910686056,32.967302841415076],[-97.65907198135923,32.96712271411056]]]},"properties":{"prop_id":123007,"state_cd":"S60","ite_code":0,"ite_name":"Vacant/Agricultural","ite_unit":"N/A","units":1.0,"daily_trips":0.0,"am_peak_trips":0.0,"pm_peak_trips":0.0,"imprv_val":0.0,"acres":0.193,"city":"Springtown","city_code":"CSP","fill_color":[80,80,80,100]}},{"type":"Feature","geometry":{"type":"Polygon","coordinates":[[[-97.673619467899,32.9706073171883],[-97.67382182756471,32.97061104416411],[-97.67387237620832,32.97065432948844],[-97.67386984977114,32.97092513207256],[-97.67361935946943,32.97092227825321],[-97.673619467899,32.9706073171883]]]},"properties":{"prop_id":109447,"state_cd":"S50","ite_code":210,"ite_name":"Single-Family Detached","ite_unit":"DU","units":1,"daily_trips":9.4,"am_peak_trips":0.7,"pm_peak_trips":0.9,"imprv_val":231990.0,"acres":0.202,"city":"Springtown","city_code":"CSP","fill_color":[34,139,34,180]}},{"type":"Feature","geometry":{"type":"Polygon","coordinates":[[[-97.68315961800397,32.961940136290735],[-97.68311022917088,32.961639651329335],[-97.68382774632954,32.961637230250005],[-97.68382816583104,32.96193877849135],[-97.68382818084108,32.961949221707734],[-97.68315961800397,32.961940136290735]]]},"properties":{"prop_id":46156,"state_cd":"S80","ite_code":210,"ite_name":"Single-Family Detached","ite_unit":"DU","units":1,"daily_trips":9.4,"am_peak_trips":0.7,"pm_peak_trips":0.9,"imprv_val":99520.0,"acres":0.86,"city":"Springtown","city_code":"CSP","fill_color":[34,139,34,180]}},{"type":"Feature","geometry":{"type":"Polygon","coordinates":[[[-97.67163735582909,32.967802042073245],[-97.672163951321,32.96776375973194],[-97.67216606214393,32.96803326303567],[-97.67164726167678,32.96807478515495],[-97.67163735582909,32.967802042073245]]]},"properties":{"prop_id":75629,"state_cd":"S50","ite_code":210,"ite_name":"Single-Family Detached","ite_unit":"DU","units":1,"daily_trips":9.4,"am_peak_trips":0.7,"pm_peak_trips":0.9,"imprv_val":200000.0,"acres":0.3636,"city":"Springtown","city_code":"CSP","fill_color":[34,139,34,180]}},{"type":"Feature","geometry":{"type":"Polygon","coordinates":[[[-97.68061954488547,32.97116562722613],[-97.68105006557467,32.97110858859716],[-97.68111599301199,32.97140583330415],[-97.68067479437035,32.9714642854679],[-97.68061954488547,32.97116562722613]]]},"properties":{"prop_id":4715,"state_cd":"S55","ite_code":210,"ite_name":"Single-Family Detached","ite_unit":"DU","units":1,"daily_trips":9.4,"am_peak_trips":0.7,"pm_peak_trips":0.9,"imprv_val":172420.0,"acres":0.3416,"city":"Springtown","city_code":"CSP","fill_color":[34,139,34,180]}},{"type":"Feature","geometry":{"type":"Polygon","coordinates":[[[-97.67846250868575,32.972532184306445],[-97.67846897305442,32.97214827948149],[-97.67868054746411,32.97215541947621],[-97.67867409803897,32.97253781204747],[-97.67846250868575,32.972532184306445]]]},"properties":{"prop_id":70334,"state_cd":"S50","ite_code":210,"ite_name":"Single-Family Detached","ite_unit":"DU","units":1,"daily_trips":9.4,"am_peak_trips":0.7,"pm_peak_trips":0.9,"imprv_val":244530.0,"acres":0.198,"city":"Springtown","city_code":"CSP","fill_color":[34,139,34,180]}},{"type":"Feature","geometry":{"type":"Polygon","coordinates":[[[-97.69370045867845,32.97255487182069],[-97.69360625330334,32.9724839653116],[-97.6939002168889,32.97220827545389],[-97.69407056429351,32.97233673872313],[-97.69377726929481,32.972612685812216],[-97.69370045867845,32.97255487182069]]]},"properties":{"prop_id":117501,"state_cd":"S55","ite_code":210,"ite_name":"Single-Family Detached","ite_unit":"DU","units":1,"daily_trips":9.4,"am_peak_trips":0.7,"pm_peak_trips":0.9,"imprv_val":360490.0,"acres":0.217,"city":"Springtown","city_code":"CSP","fill_color":[34,139,34,180]}},{"type":"Feature","geometry":{"type":"Polygon","coordinates":[[[-97.67528021834141,32.96688295397197],[-97.67495855588693,32.96688213340202],[-97.67495647699013,32.96674620218459],[-97.67530805582514,32.96674698085625],[-97.67530942738772,32.96686047361822],[-97.67527971905977,32.966860174209636],[-97.67528021834141,32.96688295397197]]]},"properties":{"prop_id":89581,"state_cd":"S50","ite_code":210,"ite_name":"Single-Family Detached","ite_unit":"DU","units":1,"daily_trips":9.4,"am_peak_trips":0.7,"pm_peak_trips":0.9,"imprv_val":198660.0,"acres":0.123,"city":"Springtown","city_code":"CSP","fill_color":[34,139,34,180]}},{"type":"Feature","geometry":{"type":"Polygon","coordinates":[[[-97.66794935636062,32.95856367586807],[-97.66826088590231,32.95817281870442],[-97.66853686657248,32.95832438603477],[-97.66826006879623,32.9587284223085],[-97.66794935636062,32.95856367586807]]]},"properties":{"prop_id":26256,"state_cd":"S50","ite_code":210,"ite_name":"Single-Family Detached","ite_unit":"DU","units":1,"daily_trips":9.4,"am_peak_trips":0.7,"pm_peak_trips":0.9,"imprv_val":223120.0,"acres":0.4178,"city":"Springtown","city_code":"CSP","fill_color":[34,139,34,180]}},{"type":"Feature","geometry":{"type":"Polygon","coordinates":[[[-97.67792060556205,32.95617950996598],[-97.67792071674596,32.95609377692479],[-97.67806067416802,32.956095167351236],[-97.6782515870939,32.95609705870507],[-97.67825214982305,32.95618397848091],[-97.67825430553637,32.95652093695632],[-97.67805608213101,32.956519656624636],[-97.67792009740458,32.95651878750881],[-97.67792060556205,32.95617950996598]]]},"properties":{"prop_id":1871,"state_cd":"S45","ite_code":210,"ite_name":"Single-Family Detached","ite_unit":"DU","units":1,"daily_trips":9.4,"am_peak_trips":0.7,"pm_peak_trips":0.9,"imprv_val":208620.0,"acres":0.3616,"city":"Springtown","city_code":"CSP","fill_color":[34,139,34,180]}},{"type":"Feature","geometry":{"type":"Polygon","coordinates":[[[-97.69030668931434,32.97174773049921],[-97.69128458304613,32.971570321049946],[-97.69128303004447,32.971638800746575],[-97.69127777649398,32.97187067919852],[-97.6912733902327,32.9720642908493],[-97.69127200859585,32.97212525136013],[-97.69053809605921,32.972286323718336],[-97.69030668931434,32.97174773049921]]]},"properties":{"prop_id":38123,"state_cd":"S90","ite_code":210,"ite_name":"Single-Family Detached","ite_unit":"DU","units":2,"daily_trips":18.9,"am_peak_trips":1.4,"pm_peak_trips":1.9,"imprv_val":372430.0,"acres":1.34,"city":"Springtown","city_code":"CSP","fill_color":[34,139,34,180]}},{"type":"Feature","geometry":{"type":"Polygon","coordinates":[[[-97.68565604747377,32.96266799235929],[-97.68570995243111,32.96170358823664],[-97.68717681393362,32.96175991173341],[-97.68713562032187,32.96240003326613],[-97.68711727350592,32.962685135975335],[-97.68711690423693,32.962690868261305],[-97.68711578266459,32.96272658036497],[-97.68668003762642,32.9627151887916],[-97.6866795681076,32.96271517670898],[-97.68633841213541,32.96270625630456],[-97.68633656452599,32.962706152254796],[-97.68565604747377,32.96266799235929]]]},"properties":{"prop_id":46147,"state_cd":"S180","ite_code":210,"ite_name":"Single-Family Detached","ite_unit":"DU","units":3,"daily_trips":28.3,"am_peak_trips":2.1,"pm_peak_trips":2.8,"imprv_val":243280.0,"acres":3.56,"city":"Springtown","city_code":"CSP","fill_color":[34,139,34,180]}},{"type":"Feature","geometry":{"type":"Polygon","coordinates":[[[-97.68667078654144,32.967442908094974],[-97.68708001035749,32.967389957343435],[-97.68708006712949,32.96738994959735],[-97.68706819983538,32.96756495657102],[-97.68670164797612,32.96761238615433],[-97.68667078654144,32.967442908094974]]]},"properties":{"prop_id":93860,"state_cd":"S50","ite_code":210,"ite_name":"Single-Family Detached","ite_unit":"DU","units":1,"daily_trips":9.4,"am_peak_trips":0.7,"pm_peak_trips":0.9,"imprv_val":245500.0,"acres":0.172,"city":"Springtown","city_code":"CSP","fill_color":[34,139,34,180]}},{"type":"Feature","geometry":{"type":"Polygon","coordinates":[[[-97.6823085532767,32.969931477264616],[-97.68229835238273,32.96987850670271],[-97.68262115402845,32.969839603059],[-97.6826801102895,32.9701109991887],[-97.68235587814729,32.97014772291735],[-97.6823085532767,32.969931477264616]]]},"properties":{"prop_id":16820,"state_cd":"S50","ite_code":210,"ite_name":"Single-Family Detached","ite_unit":"DU","units":1,"daily_trips":9.4,"am_peak_trips":0.7,"pm_peak_trips":0.9,"imprv_val":184770.0,"acres":0.21,"city":"Springtown","city_code":"CSP","fill_color":[34,139,34,180]}},{"type":"Feature","geometry":{"type":"Polygon","coordinates":[[[-97.64786860143872,32.967920117102096],[-97.6478798972867,32.96758930737703],[-97.6480599132815,32.96759404532926],[-97.64804825189528,32.96792477771541],[-97.64786860143872,32.967920117102096]]]},"properties":{"prop_id":127253,"state_cd":"S60","ite_code":0,"ite_name":"Vacant/Agricultural","ite_unit":"N/A","units":1.0,"daily_trips":0.0,"am_peak_trips":0.0,"pm_peak_trips":0.0,"imprv_val":0.0,"acres":0.152,"city":"Springtown","city_code":"CSP","fill_color":[80,80,80,100]}},{"type":"Feature","geometry":{"type":"Polygon","coordinates":[[[-97.67528608855112,32.96715071449663],[-97.6749626904229,32.96715247520053],[-97.67496060888952,32.967016366311505],[-97.67528304155253,32.96701173232971],[-97.67528608855112,32.96715071449663]]]},"properties":{"prop_id":89579,"state_cd":"S50","ite_code":210,"ite_name":"Single-Family Detached","ite_unit":"DU","units":1,"daily_trips":9.4,"am_peak_trips":0.7,"pm_peak_trips":0.9,"imprv_val":197370.0,"acres":0.115,"city":"Springtown","city_code":"CSP","fill_color":[34,139,34,180]}},{"type":"Feature","geometry":{"type":"Polygon","coordinates":[[[-97.69444088930541,32.97517412434778],[-97.69429121864202,32.97515370819088],[-97.694398926682,32.97478949143264],[-97.69447970023155,32.97480370406167],[-97.69456145349396,32.974813133396125],[-97.6946437878108,32.97481773176708],[-97.6946372534628,32.97517549528693],[-97.69444088930541,32.97517412434778]]]},"properties":{"prop_id":117426,"state_cd":"S55","ite_code":210,"ite_name":"Single-Family Detached","ite_unit":"DU","units":1,"daily_trips":9.4,"am_peak_trips":0.7,"pm_peak_trips":0.9,"imprv_val":348690.0,"acres":0.279,"city":"Springtown","city_code":"CSP","fill_color":[34,139,34,180]}},{"type":"Feature","geometry":{"type":"Polygon","coordinates":[[[-97.67253476076904,32.970195022661116],[-97.67253775723589,32.96987435413685],[-97.67279589935444,32.96987606782732],[-97.67279515074891,32.97019866043187],[-97.67253476076904,32.970195022661116]]]},"properties":{"prop_id":109480,"state_cd":"S50","ite_code":210,"ite_name":"Single-Family Detached","ite_unit":"DU","units":1,"daily_trips":9.4,"am_peak_trips":0.7,"pm_peak_trips":0.9,"imprv_val":222370.0,"acres":0.212,"city":"Springtown","city_code":"CSP","fill_color":[34,139,34,180]}},{"type":"Feature","geometry":{"type":"Polygon","coordinates":[[[-97.68421311856919,32.97040937154234],[-97.68461512644254,32.97035177145458],[-97.6846677031118,32.97061189625075],[-97.6842604434778,32.97063833933907],[-97.68421311856919,32.97040937154234]]]},"properties":{"prop_id":17256,"state_cd":"S60","ite_code":210,"ite_name":"Single-Family Detached","ite_unit":"DU","units":1,"daily_trips":9.4,"am_peak_trips":0.7,"pm_peak_trips":0.9,"imprv_val":157060.0,"acres":0.24,"city":"Springtown","city_code":"CSP","fill_color":[34,139,34,180]}},{"type":"Feature","geometry":{"type":"Polygon","coordinates":[[[-97.68289345543191,32.96494054120251],[-97.68270063933632,32.9649684570841],[-97.682565541383,32.96431867836104],[-97.68275938110018,32.964290864099404],[-97.68282687927915,32.964615509554115],[-97.68289345543191,32.96494054120251]]]},"properties":{"prop_id":73319,"state_cd":"S60","ite_code":210,"ite_name":"Single-Family Detached","ite_unit":"DU","units":1,"daily_trips":9.4,"am_peak_trips":0.7,"pm_peak_trips":0.9,"imprv_val":80830.0,"acres":0.3318,"city":"Springtown","city_code":"CSP","fill_color":[34,139,34,180]}},{"type":"Feature","geometry":{"type":"Polygon","coordinates":[[[-97.6701255605406,32.96896263522575],[-97.67012627880803,32.96936922813541],[-97.66999466506965,32.96937018055124],[-97.66971410693067,32.96937220939052],[-97.66971932462397,32.9690572822099],[-97.66979474686337,32.96898333911871],[-97.6701255605406,32.96896263522575]]]},"properties":{"prop_id":109331,"state_cd":"S65","ite_code":210,"ite_name":"Single-Family Detached","ite_unit":"DU","units":1,"daily_trips":9.4,"am_peak_trips":0.7,"pm_peak_trips":0.9,"imprv_val":257260.0,"acres":0.395,"city":"Springtown","city_code":"CSP","fill_color":[34,139,34,180]}},{"type":"Feature","geometry":{"type":"Polygon","coordinates":[[[-97.67225719416754,32.96717267987575],[-97.67285158954604,32.96712277856171],[-97.6728549997273,32.967379040892936],[-97.67225912131823,32.967419971861425],[-97.67225719416754,32.96717267987575]]]},"properties":{"prop_id":26388,"state_cd":"S50","ite_code":210,"ite_name":"Single-Family Detached","ite_unit":"DU","units":1,"daily_trips":9.4,"am_peak_trips":0.7,"pm_peak_trips":0.9,"imprv_val":193210.0,"acres":0.3841,"city":"Springtown","city_code":"CSP","fill_color":[34,139,34,180]}},{"type":"Feature","geometry":{"type":"Polygon","coordinates":[[[-97.69095084703382,32.96698574600082],[-97.6909515310682,32.965152417030936],[-97.69260625309637,32.9655654248433],[-97.69259922813545,32.96699805704809],[-97.6925992276339,32.96699811205599],[-97.69259874761144,32.96699643335985],[-97.69095084703382,32.96698574600082]]]},"properties":{"prop_id":96992,"state_cd":"SF-OVR","ite_code":210,"ite_name":"Single-Family Detached","ite_unit":"DU","units":2,"daily_trips":18.9,"am_peak_trips":1.4,"pm_peak_trips":1.9,"imprv_val":891860.0,"acres":3.0,"city":"Springtown","city_code":"CSP","fill_color":[34,139,34,180]}},{"type":"Feature","geometry":{"type":"Polygon","coordinates":[[[-97.67758173296916,32.956174222944234],[-97.67758316232413,32.95609045015002],[-97.67792071674596,32.95609377692479],[-97.67792060556205,32.95617950996598],[-97.67792009740458,32.95651878750881],[-97.67757584758351,32.95651657088843],[-97.67758173296916,32.956174222944234]]]},"properties":{"prop_id":1872,"state_cd":"S45","ite_code":210,"ite_name":"Single-Family Detached","ite_unit":"DU","units":1,"daily_trips":9.4,"am_peak_trips":0.7,"pm_peak_trips":0.9,"imprv_val":280350.0,"acres":0.3717,"city":"Springtown","city_code":"CSP","fill_color":[34,139,34,180]}},{"type":"Feature","geometry":{"type":"Polygon","coordinates":[[[-97.67262090242058,32.965539937787085],[-97.67296048881305,32.96551797524475],[-97.67296675051158,32.96596826412898],[-97.67283620613003,32.965976799224606],[-97.67263146701015,32.96599014524353],[-97.67262090242058,32.965539937787085]]]},"properties":{"prop_id":26383,"state_cd":"S50","ite_code":210,"ite_name":"Single-Family Detached","ite_unit":"DU","units":1,"daily_trips":9.4,"am_peak_trips":0.7,"pm_peak_trips":0.9,"imprv_val":183580.0,"acres":0.3896,"city":"Springtown","city_code":"CSP","fill_color":[34,139,34,180]}},{"type":"Feature","geometry":{"type":"Polygon","coordinates":[[[-97.67111213040477,32.96889857368102],[-97.67143839721268,32.9688797452261],[-97.6714382648294,32.9693756084656],[-97.67143826424511,32.96937795771224],[-97.67137313200169,32.96937676803673],[-97.67117835892552,32.9693732074626],[-97.67110996420236,32.96937195717376],[-97.67111213040477,32.96889857368102]]]},"properties":{"prop_id":109327,"state_cd":"S65","ite_code":210,"ite_name":"Single-Family Detached","ite_unit":"DU","units":1,"daily_trips":9.4,"am_peak_trips":0.7,"pm_peak_trips":0.9,"imprv_val":273020.0,"acres":0.401,"city":"Springtown","city_code":"CSP","fill_color":[34,139,34,180]}},{"type":"Feature","geometry":{"type":"Polygon","coordinates":[[[-97.68161071665553,32.96461381263547],[-97.68202587513181,32.96455023810608],[-97.68204004774998,32.964620428067306],[-97.6820631051335,32.96473462219922],[-97.68210020504084,32.96491897746532],[-97.68213743078003,32.96510385659825],[-97.6817180692275,32.965166908811554],[-97.6816823672977,32.96498300270305],[-97.68164654218677,32.9647984347333],[-97.6816342687925,32.96473518500723],[-97.68161071665553,32.96461381263547]]]},"properties":{"prop_id":26671,"state_cd":"S65","ite_code":210,"ite_name":"Single-Family Detached","ite_unit":"DU","units":1,"daily_trips":9.4,"am_peak_trips":0.7,"pm_peak_trips":0.9,"imprv_val":163570.0,"acres":0.6092,"city":"Springtown","city_code":"CSP","fill_color":[34,139,34,180]}},{"type":"Feature","geometry":{"type":"Polygon","coordinates":[[[-97.6910031938701,32.96005634617116],[-97.6913927751278,32.960054895935464],[-97.69139345442008,32.9602618029774],[-97.69106742549256,32.96026057254032],[-97.69106522651826,32.96023253680876],[-97.69105742194178,32.960205221317224],[-97.69104423668061,32.96017941662007],[-97.69102605437513,32.96015586921056],[-97.69100339938475,32.960135261563686],[-97.6910031938701,32.96005634617116]]]},"properties":{"prop_id":121560,"state_cd":"S50","ite_code":0,"ite_name":"Vacant/Agricultural","ite_unit":"N/A","units":1.0,"daily_trips":0.0,"am_peak_trips":0.0,"pm_peak_trips":0.0,"imprv_val":0.0,"acres":0.191,"city":"Springtown","city_code":"CSP","fill_color":[80,80,80,100]}},{"type":"Feature","geometry":{"type":"Polygon","coordinates":[[[-97.65854190842961,32.964801522782864],[-97.65894560899959,32.9648054564774],[-97.65894283576367,32.964987968945074],[-97.6585383045143,32.96498332621477],[-97.65854190842961,32.964801522782864]]]},"properties":{"prop_id":122945,"state_cd":"S60","ite_code":210,"ite_name":"Single-Family Detached","ite_unit":"DU","units":1,"daily_trips":9.4,"am_peak_trips":0.7,"pm_peak_trips":0.9,"imprv_val":39066.0,"acres":0.188,"city":"Springtown","city_code":"CSP","fill_color":[34,139,34,180]}},{"type":"Feature","geometry":{"type":"Polygon","coordinates":[[[-97.67169168446861,32.970895511109134],[-97.67169004842461,32.970586264081966],[-97.67190312149101,32.970588635086465],[-97.67190359072815,32.970901691771274],[-97.67169168446861,32.970895511109134]]]},"properties":{"prop_id":109438,"state_cd":"S50","ite_code":210,"ite_name":"Single-Family Detached","ite_unit":"DU","units":1,"daily_trips":9.4,"am_peak_trips":0.7,"pm_peak_trips":0.9,"imprv_val":262980.0,"acres":0.174,"city":"Springtown","city_code":"CSP","fill_color":[34,139,34,180]}},{"type":"Feature","geometry":{"type":"Polygon","coordinates":[[[-97.69506839240444,32.973867756353265],[-97.69507184439304,32.973673621891955],[-97.69551237984157,32.97367862346339],[-97.69550887738647,32.973870999954734],[-97.69506839240444,32.973867756353265]]]},"properties":{"prop_id":117517,"state_cd":"S55","ite_code":210,"ite_name":"Single-Family Detached","ite_unit":"DU","units":1,"daily_trips":9.4,"am_peak_trips":0.7,"pm_peak_trips":0.9,"imprv_val":249200.0,"acres":0.218,"city":"Springtown","city_code":"CSP","fill_color":[34,139,34,180]}},{"type":"Feature","geometry":{"type":"Polygon","coordinates":[[[-97.68298094190861,32.96676667382866],[-97.68344213728942,32.96669754171478],[-97.68350722086414,32.96701256372514],[-97.68304934799734,32.96708191085812],[-97.68298094190861,32.96676667382866]]]},"properties":{"prop_id":26728,"state_cd":"S40","ite_code":0,"ite_name":"Vacant/Agricultural","ite_unit":"N/A","units":1.0,"daily_trips":0.0,"am_peak_trips":0.0,"pm_peak_trips":0.0,"imprv_val":0.0,"acres":0.3828,"city":"Springtown","city_code":"CSP","fill_color":[80,80,80,100]}},{"type":"Feature","geometry":{"type":"Polygon","coordinates":[[[-97.67006019589455,32.963719382588984],[-97.67022168015504,32.96348439550552],[-97.67063814000632,32.96369948889345],[-97.6706641530707,32.96371374941371],[-97.67051314294929,32.963955115940585],[-97.67006019589455,32.963719382588984]]]},"properties":{"prop_id":26320,"state_cd":"S50","ite_code":0,"ite_name":"Vacant/Agricultural","ite_unit":"N/A","units":1.0,"daily_trips":0.0,"am_peak_trips":0.0,"pm_peak_trips":0.0,"imprv_val":0.0,"acres":0.3666,"city":"Springtown","city_code":"CSP","fill_color":[80,80,80,100]}},{"type":"Feature","geometry":{"type":"Polygon","coordinates":[[[-97.68511317592032,32.96709816192551],[-97.6853222495183,32.96706875415068],[-97.68551644815552,32.96704143843521],[-97.68571048492362,32.96701414480756],[-97.68590436195417,32.966986874184215],[-97.68602501858798,32.96696990182038],[-97.68606429989947,32.967187609529454],[-97.68607133307985,32.967226586256984],[-97.68516209796282,32.96734371272223],[-97.68511317592032,32.96709816192551]]]},"properties":{"prop_id":27662,"state_cd":"S65","ite_code":210,"ite_name":"Single-Family Detached","ite_unit":"DU","units":1,"daily_trips":9.4,"am_peak_trips":0.7,"pm_peak_trips":0.9,"imprv_val":179350.0,"acres":0.6006,"city":"Springtown","city_code":"CSP","fill_color":[34,139,34,180]}},{"type":"Feature","geometry":{"type":"Polygon","coordinates":[[[-97.67149725677761,32.9774567965227],[-97.67151122332757,32.97685732249829],[-97.67152830659639,32.97486455916623],[-97.6724372076448,32.9748899732639],[-97.67240018661307,32.97747427645708],[-97.67233328061513,32.97747299708782],[-97.67149725677761,32.9774567965227]]]},"properties":{"prop_id":37938,"state_cd":"8","ite_code":0,"ite_name":"Vacant/Agricultural","ite_unit":"N/A","units":1.0,"daily_trips":0.0,"am_peak_trips":0.0,"pm_peak_trips":0.0,"imprv_val":0.0,"acres":5.0,"city":"Springtown","city_code":"CSP","fill_color":[80,80,80,100]}},{"type":"Feature","geometry":{"type":"Polygon","coordinates":[[[-97.67097115845908,32.96316984575483],[-97.6711038182344,32.96296962860066],[-97.67146421328889,32.9631831856632],[-97.67132373518369,32.96338258104378],[-97.67097115845908,32.96316984575483]]]},"properties":{"prop_id":26317,"state_cd":"S50","ite_code":210,"ite_name":"Single-Family Detached","ite_unit":"DU","units":1,"daily_trips":9.4,"am_peak_trips":0.7,"pm_peak_trips":0.9,"imprv_val":237710.0,"acres":0.257,"city":"Springtown","city_code":"CSP","fill_color":[34,139,34,180]}},{"type":"Feature","geometry":{"type":"Polygon","coordinates":[[[-97.68359526581082,32.96116940046519],[-97.68383863942802,32.961171555627196],[-97.68383832192751,32.96146590431019],[-97.68361009238227,32.96146440930271],[-97.68359526581082,32.96116940046519]]]},"properties":{"prop_id":46151,"state_cd":"S60","ite_code":0,"ite_name":"Vacant/Agricultural","ite_unit":"N/A","units":1.0,"daily_trips":0.0,"am_peak_trips":0.0,"pm_peak_trips":0.0,"imprv_val":300.0,"acres":0.16,"city":"Springtown","city_code":"CSP","fill_color":[80,80,80,100]}},{"type":"Feature","geometry":{"type":"Polygon","coordinates":[[[-97.67303939335721,32.96980281620685],[-97.67303645006089,32.96935604054192],[-97.67323165032407,32.96935269307797],[-97.67323186822337,32.96980409323868],[-97.67303939335721,32.96980281620685]]]},"properties":{"prop_id":109351,"state_cd":"S50","ite_code":210,"ite_name":"Single-Family Detached","ite_unit":"DU","units":1,"daily_trips":9.4,"am_peak_trips":0.7,"pm_peak_trips":0.9,"imprv_val":271650.0,"acres":0.223,"city":"Springtown","city_code":"CSP","fill_color":[34,139,34,180]}},{"type":"Feature","geometry":{"type":"Polygon","coordinates":[[[-97.69040290926601,32.976311067804176],[-97.69116883292358,32.97631604070378],[-97.69116086659936,32.976588434666],[-97.69039841403696,32.97658002128604],[-97.69040290926601,32.976311067804176]]]},"properties":{"prop_id":83070,"state_cd":"S55","ite_code":210,"ite_name":"Single-Family Detached","ite_unit":"DU","units":1,"daily_trips":9.4,"am_peak_trips":0.7,"pm_peak_trips":0.9,"imprv_val":238360.0,"acres":0.5,"city":"Springtown","city_code":"CSP","fill_color":[34,139,34,180]}},{"type":"Feature","geometry":{"type":"Polygon","coordinates":[[[-97.68301066851896,32.96908221090215],[-97.68298579536005,32.968963266044796],[-97.68296862071986,32.968965858016574],[-97.68295208336454,32.96889346668924],[-97.68336279102324,32.968831754970864],[-97.68340488346429,32.969018378051636],[-97.68301368143622,32.969081722927385],[-97.68301066851896,32.96908221090215]]]},"properties":{"prop_id":44,"state_cd":"S50","ite_code":210,"ite_name":"Single-Family Detached","ite_unit":"DU","units":1,"daily_trips":9.4,"am_peak_trips":0.7,"pm_peak_trips":0.9,"imprv_val":123980.0,"acres":0.22,"city":"Springtown","city_code":"CSP","fill_color":[34,139,34,180]}},{"type":"Feature","geometry":{"type":"Polygon","coordinates":[[[-97.67530641610908,32.96661116257454],[-97.67530617430681,32.96659117656156],[-97.67565678586321,32.96658995211659],[-97.67565833816123,32.96672579506334],[-97.67530781662154,32.966727175225564],[-97.67530641610908,32.96661116257454]]]},"properties":{"prop_id":89595,"state_cd":"S50","ite_code":210,"ite_name":"Single-Family Detached","ite_unit":"DU","units":1,"daily_trips":9.4,"am_peak_trips":0.7,"pm_peak_trips":0.9,"imprv_val":201210.0,"acres":0.125,"city":"Springtown","city_code":"CSP","fill_color":[34,139,34,180]}},{"type":"Feature","geometry":{"type":"Polygon","coordinates":[[[-97.69296844138694,32.97318638439829],[-97.69326282443606,32.97290975364949],[-97.69343235201808,32.97303735573855],[-97.69313862366442,32.97331447720266],[-97.69296844138694,32.97318638439829]]]},"properties":{"prop_id":117461,"state_cd":"S55","ite_code":210,"ite_name":"Single-Family Detached","ite_unit":"DU","units":1,"daily_trips":9.4,"am_peak_trips":0.7,"pm_peak_trips":0.9,"imprv_val":296650.0,"acres":0.217,"city":"Springtown","city_code":"CSP","fill_color":[34,139,34,180]}},{"type":"Feature","geometry":{"type":"Polygon","coordinates":[[[-97.68844189946363,32.975348869962595],[-97.68844650517705,32.97507410674938],[-97.6890165904231,32.975080374246254],[-97.68901201914018,32.97535519270392],[-97.68844189946363,32.975348869962595]]]},"properties":{"prop_id":19184,"state_cd":"S55","ite_code":210,"ite_name":"Single-Family Detached","ite_unit":"DU","units":1,"daily_trips":9.4,"am_peak_trips":0.7,"pm_peak_trips":0.9,"imprv_val":186050.0,"acres":0.4,"city":"Springtown","city_code":"CSP","fill_color":[34,139,34,180]}},{"type":"Feature","geometry":{"type":"Polygon","coordinates":[[[-97.65947967184056,32.96816861585561],[-97.65905774835007,32.96816580645133],[-97.65906046315716,32.96798503869642],[-97.65948103681815,32.967986259898574],[-97.6594795108449,32.96813361676176],[-97.65947967184056,32.96816861585561]]]},"properties":{"prop_id":123000,"state_cd":"S60","ite_code":0,"ite_name":"Vacant/Agricultural","ite_unit":"N/A","units":1.0,"daily_trips":0.0,"am_peak_trips":0.0,"pm_peak_trips":0.0,"imprv_val":0.0,"acres":0.195,"city":"Springtown","city_code":"CSP","fill_color":[80,80,80,100]}},{"type":"Feature","geometry":{"type":"Polygon","coordinates":[[[-97.66976155096454,32.96459179946265],[-97.66976177940876,32.964292086886516],[-97.66980107425677,32.96432651609247],[-97.67013008058758,32.9642605106329],[-97.67045637543586,32.964195090480125],[-97.67077032209495,32.964132088969386],[-97.6711311798102,32.96405969597206],[-97.67142049199875,32.96400166937264],[-97.67174678519306,32.96393621878584],[-97.67209042499285,32.96386728160894],[-97.67240926826048,32.963803319212026],[-97.67268420504008,32.96374816302417],[-97.67272320878921,32.963747542680636],[-97.67274992956585,32.964388210014924],[-97.67266122213228,32.964420293302815],[-97.67259059213659,32.964445836584474],[-97.67239212614355,32.96451760973868],[-97.67226802681022,32.96456247011989],[-97.67208997457988,32.96462687250256],[-97.67193557853129,32.96468269134566],[-97.67184462161315,32.96471559419661],[-97.67171729603425,32.96469745821117],[-97.67163572385239,32.96468581094679],[-97.6714133434708,32.96465409617538],[-97.67130112796369,32.964638121799595],[-97.67113140442322,32.96461393068714],[-97.6709783869616,32.96459213299839],[-97.6709342942738,32.964585847041825],[-97.67079205172483,32.964635587671864],[-97.67064460704226,32.96468710798963],[-97.670457774967,32.9647523848088],[-97.67031929390559,32.964800803516994],[-97.6701272911943,32.964867886942976],[-97.66996855963097,32.96492337147374],[-97.66976619361564,32.96499406476273],[-97.66976155096454,32.96459179946265]]]},"properties":{"prop_id":26355,"state_cd":"S50","ite_code":0,"ite_name":"Vacant/Agricultural","ite_unit":"N/A","units":1.0,"daily_trips":0.0,"am_peak_trips":0.0,"pm_peak_trips":0.0,"imprv_val":0.0,"acres":4.8835,"city":"Springtown","city_code":"CSP","fill_color":[80,80,80,100]}},{"type":"Feature","geometry":{"type":"Polygon","coordinates":[[[-97.69099855396014,32.95826972878162],[-97.69138691033785,32.958269884025086],[-97.69138735785712,32.95840598383463],[-97.69099891221944,32.95840792295324],[-97.69099855396014,32.95826972878162]]]},"properties":{"prop_id":121547,"state_cd":"S50","ite_code":0,"ite_name":"Vacant/Agricultural","ite_unit":"N/A","units":1.0,"daily_trips":0.0,"am_peak_trips":0.0,"pm_peak_trips":0.0,"imprv_val":0.0,"acres":0.137,"city":"Springtown","city_code":"CSP","fill_color":[80,80,80,100]}},{"type":"Feature","geometry":{"type":"Polygon","coordinates":[[[-97.68357816057349,32.97189754325893],[-97.68355626103019,32.97179022089897],[-97.68394642758095,32.97173264005299],[-97.68398076917428,32.971894999967546],[-97.68361896461477,32.97194839557956],[-97.68361669680412,32.97194882261724],[-97.6835896641823,32.971953914884956],[-97.68357816057349,32.97189754325893]]]},"properties":{"prop_id":70705,"state_cd":"S50","ite_code":0,"ite_name":"Vacant/Agricultural","ite_unit":"N/A","units":1.0,"daily_trips":0.0,"am_peak_trips":0.0,"pm_peak_trips":0.0,"imprv_val":0.0,"acres":0.163,"city":"Springtown","city_code":"CSP","fill_color":[80,80,80,100]}},{"type":"Feature","geometry":{"type":"Polygon","coordinates":[[[-97.68498815133714,32.976190707466685],[-97.68527844618748,32.97617243167353],[-97.68534321558131,32.976542372025854],[-97.68534175621434,32.97654236879966],[-97.6850595968421,32.97654346232383],[-97.68498815133714,32.976190707466685]]]},"properties":{"prop_id":33908,"state_cd":"S50","ite_code":210,"ite_name":"Single-Family Detached","ite_unit":"DU","units":1,"daily_trips":9.4,"am_peak_trips":0.7,"pm_peak_trips":0.9,"imprv_val":18130.0,"acres":0.2672,"city":"Springtown","city_code":"CSP","fill_color":[34,139,34,180]}},{"type":"Feature","geometry":{"type":"Polygon","coordinates":[[[-97.68377101651994,32.96555642701185],[-97.68418357592562,32.96549565096689],[-97.68421159531624,32.9656346466279],[-97.68379917870885,32.965697504209984],[-97.68377101651994,32.96555642701185]]]},"properties":{"prop_id":26679,"state_cd":"S25","ite_code":210,"ite_name":"Single-Family Detached","ite_unit":"DU","units":1,"daily_trips":9.4,"am_peak_trips":0.7,"pm_peak_trips":0.9,"imprv_val":217350.0,"acres":0.082,"city":"Springtown","city_code":"CSP","fill_color":[34,139,34,180]}},{"type":"Feature","geometry":{"type":"Polygon","coordinates":[[[-97.64836487065776,32.96633809938399],[-97.64833553869114,32.96633728749287],[-97.64834600046242,32.96600679211633],[-97.64852705734769,32.96601164655281],[-97.64851609634414,32.96634228462436],[-97.64836487065776,32.96633809938399]]]},"properties":{"prop_id":127297,"state_cd":"S60","ite_code":0,"ite_name":"Vacant/Agricultural","ite_unit":"N/A","units":1.0,"daily_trips":0.0,"am_peak_trips":0.0,"pm_peak_trips":0.0,"imprv_val":0.0,"acres":0.152,"city":"Springtown","city_code":"CSP","fill_color":[80,80,80,100]}},{"type":"Feature","geometry":{"type":"Polygon","coordinates":[[[-97.67255046652043,32.97163201650236],[-97.67255084781827,32.97131848754695],[-97.6727631187946,32.97132204485591],[-97.67276614053615,32.97163487944549],[-97.67255046652043,32.97163201650236]]]},"properties":{"prop_id":109404,"state_cd":"S50","ite_code":210,"ite_name":"Single-Family Detached","ite_unit":"DU","units":1,"daily_trips":9.4,"am_peak_trips":0.7,"pm_peak_trips":0.9,"imprv_val":258730.0,"acres":0.174,"city":"Springtown","city_code":"CSP","fill_color":[34,139,34,180]}},{"type":"Feature","geometry":{"type":"Polygon","coordinates":[[[-97.68911343102329,32.977002623855036],[-97.68911825714001,32.976714090409985],[-97.68968838591076,32.97672038210148],[-97.68968356032579,32.97700894351617],[-97.68911343102329,32.977002623855036]]]},"properties":{"prop_id":19193,"state_cd":"S55","ite_code":210,"ite_name":"Single-Family Detached","ite_unit":"DU","units":1,"daily_trips":9.4,"am_peak_trips":0.7,"pm_peak_trips":0.9,"imprv_val":115240.0,"acres":0.42,"city":"Springtown","city_code":"CSP","fill_color":[34,139,34,180]}},{"type":"Feature","geometry":{"type":"Polygon","coordinates":[[[-97.66945576954929,32.96121342194748],[-97.66967534551176,32.96092359312982],[-97.670095967348,32.96115477321291],[-97.67010649324831,32.96113895676957],[-97.67113780087077,32.96147675883252],[-97.67107901808691,32.961604948172166],[-97.67062101397121,32.96149168332531],[-97.67049161408687,32.96145968201882],[-97.67033808405478,32.961421713074884],[-97.67020156345527,32.96138795058961],[-97.67004050398015,32.961348120274444],[-97.66945576954929,32.96121342194748]]]},"properties":{"prop_id":26171,"state_cd":"S70","ite_code":210,"ite_name":"Single-Family Detached","ite_unit":"DU","units":1,"daily_trips":9.4,"am_peak_trips":0.7,"pm_peak_trips":0.9,"imprv_val":220570.0,"acres":0.857,"city":"Springtown","city_code":"CSP","fill_color":[34,139,34,180]}},{"type":"Feature","geometry":{"type":"Polygon","coordinates":[[[-97.68327041762709,32.972877331075324],[-97.68331459963883,32.973098819592764],[-97.68292662195698,32.9731418033199],[-97.68288342080406,32.972929254543565],[-97.68327041762709,32.972877331075324]]]},"properties":{"prop_id":29538,"state_cd":"S50","ite_code":210,"ite_name":"Single-Family Detached","ite_unit":"DU","units":1,"daily_trips":9.4,"am_peak_trips":0.7,"pm_peak_trips":0.9,"imprv_val":199300.0,"acres":0.22,"city":"Springtown","city_code":"CSP","fill_color":[34,139,34,180]}},{"type":"Feature","geometry":{"type":"Polygon","coordinates":[[[-97.66463024418138,32.95592450481997],[-97.66462717887387,32.95501889611121],[-97.6654564861697,32.95545946506251],[-97.66545205650576,32.955930016139895],[-97.66531267488601,32.95592908164962],[-97.66463024418138,32.95592450481997]]]},"properties":{"prop_id":54253,"state_cd":"A65","ite_code":0,"ite_name":"Vacant/Agricultural","ite_unit":"N/A","units":1.0,"daily_trips":0.0,"am_peak_trips":0.0,"pm_peak_trips":0.0,"imprv_val":0.0,"acres":1.62,"city":"Springtown","city_code":"CSP","fill_color":[80,80,80,100]}},{"type":"Feature","geometry":{"type":"Polygon","coordinates":[[[-97.67575106255043,32.95702581708703],[-97.67578221188099,32.95614597734602],[-97.67578481003027,32.95607265813009],[-97.67587736228467,32.95614745891542],[-97.67639827957188,32.9565684416718],[-97.67636778542736,32.9565897486353],[-97.67634035944555,32.956613785855765],[-97.67631634997794,32.95664024811565],[-97.67629606288541,32.95666879835256],[-97.67627975506184,32.95669907392941],[-97.67626763440033,32.9567306902409],[-97.67625985548082,32.956763244292645],[-97.67625651506494,32.95679633902031],[-97.67624740244587,32.957032892350796],[-97.67575106255043,32.95702581708703]]]},"properties":{"prop_id":1876,"state_cd":"S85","ite_code":210,"ite_name":"Single-Family Detached","ite_unit":"DU","units":2,"daily_trips":18.9,"am_peak_trips":1.4,"pm_peak_trips":1.9,"imprv_val":308710.0,"acres":1.0113,"city":"Springtown","city_code":"CSP","fill_color":[34,139,34,180]}},{"type":"Feature","geometry":{"type":"Polygon","coordinates":[[[-97.6776862458334,32.9688764023167],[-97.67817535094328,32.96887962864452],[-97.67817320820367,32.96911051101352],[-97.67768410181864,32.969107284677435],[-97.6776862458334,32.9688764023167]]]},"properties":{"prop_id":7219,"state_cd":"S50","ite_code":210,"ite_name":"Single-Family Detached","ite_unit":"DU","units":1,"daily_trips":9.4,"am_peak_trips":0.7,"pm_peak_trips":0.9,"imprv_val":259950.0,"acres":0.2893,"city":"Springtown","city_code":"CSP","fill_color":[34,139,34,180]}},{"type":"Feature","geometry":{"type":"Polygon","coordinates":[[[-97.64899869971865,32.967994276718464],[-97.64938229216476,32.96805834861645],[-97.64934139989722,32.968235183472444],[-97.64900619597753,32.96817931121543],[-97.64896702002468,32.96813227683808],[-97.64899869971865,32.967994276718464]]]},"properties":{"prop_id":127316,"state_cd":"S60","ite_code":0,"ite_name":"Vacant/Agricultural","ite_unit":"N/A","units":1.0,"daily_trips":0.0,"am_peak_trips":0.0,"pm_peak_trips":0.0,"imprv_val":0.0,"acres":0.177,"city":"Springtown","city_code":"CSP","fill_color":[80,80,80,100]}},{"type":"Feature","geometry":{"type":"Polygon","coordinates":[[[-97.68478375011695,32.97300125741315],[-97.68505312487822,32.97296317932509],[-97.68508919623038,32.97309096351502],[-97.6848082497013,32.97313106633779],[-97.68480614244187,32.9731313672904],[-97.68478375011695,32.97300125741315]]]},"properties":{"prop_id":26921,"state_cd":"S60","ite_code":210,"ite_name":"Single-Family Detached","ite_unit":"DU","units":1,"daily_trips":9.4,"am_peak_trips":0.7,"pm_peak_trips":0.9,"imprv_val":123240.0,"acres":0.076,"city":"Springtown","city_code":"CSP","fill_color":[34,139,34,180]}},{"type":"Feature","geometry":{"type":"Polygon","coordinates":[[[-97.6797703478551,32.97115907892128],[-97.67955869290061,32.97115383766562],[-97.6795727047656,32.97076437489492],[-97.67957792189226,32.970620099539516],[-97.6796151473521,32.970618200055824],[-97.67971876420873,32.97061633444618],[-97.67982225649426,32.97062110264157],[-97.67981705428625,32.97076727553813],[-97.67980291819565,32.971159870443934],[-97.6797703478551,32.97115907892128]]]},"properties":{"prop_id":70359,"state_cd":"S50","ite_code":210,"ite_name":"Single-Family Detached","ite_unit":"DU","units":1,"daily_trips":9.4,"am_peak_trips":0.7,"pm_peak_trips":0.9,"imprv_val":220230.0,"acres":0.338,"city":"Springtown","city_code":"CSP","fill_color":[34,139,34,180]}},{"type":"Feature","geometry":{"type":"Polygon","coordinates":[[[-97.68286276777337,32.970380203341755],[-97.68281797878034,32.97019577459877],[-97.6832295776989,32.97014690026783],[-97.68323250912862,32.97016139824348],[-97.68326742558799,32.97033406819909],[-97.68326757189885,32.970334792419706],[-97.68326721956888,32.97033482979093],[-97.68326705827252,32.970334106373926],[-97.68306718785905,32.97035689577909],[-97.68286276777337,32.970380203341755]]]},"properties":{"prop_id":16805,"state_cd":"S50","ite_code":210,"ite_name":"Single-Family Detached","ite_unit":"DU","units":1,"daily_trips":9.4,"am_peak_trips":0.7,"pm_peak_trips":0.9,"imprv_val":110810.0,"acres":0.172,"city":"Springtown","city_code":"CSP","fill_color":[34,139,34,180]}},{"type":"Feature","geometry":{"type":"Polygon","coordinates":[[[-97.66521996845404,32.96062518245585],[-97.6652298579054,32.960366010962915],[-97.66577330722185,32.96036957637276],[-97.66576061029672,32.960635778669385],[-97.66521996845404,32.96062518245585]]]},"properties":{"prop_id":26293,"state_cd":"S50","ite_code":210,"ite_name":"Single-Family Detached","ite_unit":"DU","units":1,"daily_trips":9.4,"am_peak_trips":0.7,"pm_peak_trips":0.9,"imprv_val":229670.0,"acres":0.3649,"city":"Springtown","city_code":"CSP","fill_color":[34,139,34,180]}},{"type":"Feature","geometry":{"type":"Polygon","coordinates":[[[-97.67201080537042,32.962564583239775],[-97.67218121051295,32.96232697448432],[-97.6725495724374,32.962598200712],[-97.67245002401806,32.96270681733024],[-97.67234876553881,32.96281729920781],[-97.67201080537042,32.962564583239775]]]},"properties":{"prop_id":26342,"state_cd":"S50","ite_code":210,"ite_name":"Single-Family Detached","ite_unit":"DU","units":1,"daily_trips":9.4,"am_peak_trips":0.7,"pm_peak_trips":0.9,"imprv_val":292390.0,"acres":0.32,"city":"Springtown","city_code":"CSP","fill_color":[34,139,34,180]}},{"type":"Feature","geometry":{"type":"Polygon","coordinates":[[[-97.67371990400846,32.96238797279712],[-97.67379205846127,32.96233171293299],[-97.67386435374335,32.96227674537328],[-97.67427768671713,32.96265347501188],[-97.67415869624448,32.96274625257116],[-97.67413406533989,32.96276545781563],[-97.67371990400846,32.96238797279712]]]},"properties":{"prop_id":87321,"state_cd":"S50","ite_code":210,"ite_name":"Single-Family Detached","ite_unit":"DU","units":1,"daily_trips":9.4,"am_peak_trips":0.7,"pm_peak_trips":0.9,"imprv_val":225000.0,"acres":0.24,"city":"Springtown","city_code":"CSP","fill_color":[34,139,34,180]}},{"type":"Feature","geometry":{"type":"Polygon","coordinates":[[[-97.67394509107253,32.97491355706065],[-97.6739498853922,32.97439964093156],[-97.67512246002053,32.974426128981015],[-97.67511738357985,32.97497105962818],[-97.67511733897217,32.97497584801133],[-97.6750250494246,32.97497094448241],[-97.67473194214507,32.97495537023312],[-97.67394509107253,32.97491355706065]]]},"properties":{"prop_id":37894,"state_cd":"S90","ite_code":210,"ite_name":"Single-Family Detached","ite_unit":"DU","units":2,"daily_trips":18.9,"am_peak_trips":1.4,"pm_peak_trips":1.9,"imprv_val":250330.0,"acres":1.377,"city":"Springtown","city_code":"CSP","fill_color":[34,139,34,180]}},{"type":"Feature","geometry":{"type":"Polygon","coordinates":[[[-97.67089594593372,32.968805027863745],[-97.6705575159637,32.96883027609473],[-97.67055601205578,32.96845754954162],[-97.67089640123798,32.9684311997031],[-97.67089594593372,32.968805027863745]]]},"properties":{"prop_id":26409,"state_cd":"S50","ite_code":210,"ite_name":"Single-Family Detached","ite_unit":"DU","units":1,"daily_trips":9.4,"am_peak_trips":0.7,"pm_peak_trips":0.9,"imprv_val":192510.0,"acres":0.3245,"city":"Springtown","city_code":"CSP","fill_color":[34,139,34,180]}},{"type":"Feature","geometry":{"type":"Polygon","coordinates":[[[-97.68028464514103,32.9685760975899],[-97.68065972548273,32.968543050332215],[-97.68070626002006,32.96887056833547],[-97.68033055974831,32.96890710352231],[-97.68028464514103,32.9685760975899]]]},"properties":{"prop_id":29557,"state_cd":"S55","ite_code":210,"ite_name":"Single-Family Detached","ite_unit":"DU","units":1,"daily_trips":9.4,"am_peak_trips":0.7,"pm_peak_trips":0.9,"imprv_val":213850.0,"acres":0.327,"city":"Springtown","city_code":"CSP","fill_color":[34,139,34,180]}},{"type":"Feature","geometry":{"type":"Polygon","coordinates":[[[-97.69506872753652,32.972904734861245],[-97.69552641229377,32.97290802278207],[-97.69552291282096,32.97310019550132],[-97.69508210509034,32.97309662788956],[-97.69508529576744,32.97291722748504],[-97.69506872753652,32.972904734861245]]]},"properties":{"prop_id":117521,"state_cd":"S55","ite_code":210,"ite_name":"Single-Family Detached","ite_unit":"DU","units":1,"daily_trips":9.4,"am_peak_trips":0.7,"pm_peak_trips":0.9,"imprv_val":245550.0,"acres":0.247,"city":"Springtown","city_code":"CSP","fill_color":[34,139,34,180]}},{"type":"Feature","geometry":{"type":"Polygon","coordinates":[[[-97.67637892454002,32.9578608657709],[-97.67682646534755,32.95786382306613],[-97.67681726533309,32.95812742424361],[-97.67636866596821,32.95812599934209],[-97.67637892454002,32.9578608657709]]]},"properties":{"prop_id":1922,"state_cd":"S45","ite_code":210,"ite_name":"Single-Family Detached","ite_unit":"DU","units":1,"daily_trips":9.4,"am_peak_trips":0.7,"pm_peak_trips":0.9,"imprv_val":314590.0,"acres":0.3035,"city":"Springtown","city_code":"CSP","fill_color":[34,139,34,180]}},{"type":"Feature","geometry":{"type":"Polygon","coordinates":[[[-97.69424625537323,32.97514757461057],[-97.6940575457334,32.975086815309105],[-97.6939678678313,32.975057941627945],[-97.69416385821124,32.97471791828549],[-97.69424014917588,32.97474642391354],[-97.69431863586506,32.97477032095201],[-97.694398926682,32.97478949143264],[-97.69429121864202,32.97515370819088],[-97.69424625537323,32.97514757461057]]]},"properties":{"prop_id":117427,"state_cd":"S55","ite_code":210,"ite_name":"Single-Family Detached","ite_unit":"DU","units":1,"daily_trips":9.4,"am_peak_trips":0.7,"pm_peak_trips":0.9,"imprv_val":274330.0,"acres":0.283,"city":"Springtown","city_code":"CSP","fill_color":[34,139,34,180]}},{"type":"Feature","geometry":{"type":"Polygon","coordinates":[[[-97.6791635699835,32.95716205979834],[-97.67915319370574,32.95715180263161],[-97.67914536988566,32.95714003007841],[-97.67914039599025,32.95712719410931],[-97.67913846325746,32.95711378206797],[-97.67913964608361,32.95710030758264],[-97.67914389690081,32.957087286183665],[-97.67915105601338,32.95707521282224],[-97.67916085498214,32.9570645429546],[-97.67928627545166,32.956956517960165],[-97.67936465682817,32.95686855166932],[-97.67998239264791,32.95699076013353],[-97.67942673659913,32.95737520060796],[-97.6791635699835,32.95716205979834]]]},"properties":{"prop_id":1895,"state_cd":"S45","ite_code":0,"ite_name":"Vacant/Agricultural","ite_unit":"N/A","units":1.0,"daily_trips":0.0,"am_peak_trips":0.0,"pm_peak_trips":0.0,"imprv_val":0.0,"acres":0.5718,"city":"Springtown","city_code":"CSP","fill_color":[80,80,80,100]}},{"type":"Feature","geometry":{"type":"Polygon","coordinates":[[[-97.67147369503353,32.97018415568365],[-97.671476641774,32.96986921250595],[-97.671685437184,32.969868692166294],[-97.67168472023945,32.97018746758301],[-97.67147369503353,32.97018415568365]]]},"properties":{"prop_id":109475,"state_cd":"S50","ite_code":210,"ite_name":"Single-Family Detached","ite_unit":"DU","units":1,"daily_trips":9.4,"am_peak_trips":0.7,"pm_peak_trips":0.9,"imprv_val":244190.0,"acres":0.173,"city":"Springtown","city_code":"CSP","fill_color":[34,139,34,180]}},{"type":"Feature","geometry":{"type":"Polygon","coordinates":[[[-97.67276614053615,32.97163487944549],[-97.6727631187946,32.97132204485591],[-97.67298049199115,32.971324918711765],[-97.672978412288,32.97163843548583],[-97.67276614053615,32.97163487944549]]]},"properties":{"prop_id":109405,"state_cd":"S50","ite_code":210,"ite_name":"Single-Family Detached","ite_unit":"DU","units":1,"daily_trips":9.4,"am_peak_trips":0.7,"pm_peak_trips":0.9,"imprv_val":241210.0,"acres":0.174,"city":"Springtown","city_code":"CSP","fill_color":[34,139,34,180]}},{"type":"Feature","geometry":{"type":"Polygon","coordinates":[[[-97.67443912668017,32.96734014224293],[-97.67479228405695,32.967338590775086],[-97.67479310713051,32.967476316415734],[-97.67443998186064,32.967478266708255],[-97.67443912668017,32.96734014224293]]]},"properties":{"prop_id":89564,"state_cd":"S50","ite_code":210,"ite_name":"Single-Family Detached","ite_unit":"DU","units":1,"daily_trips":9.4,"am_peak_trips":0.7,"pm_peak_trips":0.9,"imprv_val":199480.0,"acres":0.126,"city":"Springtown","city_code":"CSP","fill_color":[34,139,34,180]}},{"type":"Feature","geometry":{"type":"Polygon","coordinates":[[[-97.67396723650215,32.970573087139186],[-97.6739665216931,32.97040691604745],[-97.67438227048844,32.97040966195394],[-97.67438158440147,32.970576767064614],[-97.67396723650215,32.970573087139186]]]},"properties":{"prop_id":109360,"state_cd":"S50","ite_code":210,"ite_name":"Single-Family Detached","ite_unit":"DU","units":1,"daily_trips":9.4,"am_peak_trips":0.7,"pm_peak_trips":0.9,"imprv_val":252880.0,"acres":0.173,"city":"Springtown","city_code":"CSP","fill_color":[34,139,34,180]}},{"type":"Feature","geometry":{"type":"Polygon","coordinates":[[[-97.68340496912747,32.96453181220299],[-97.68321196592771,32.964558787042485],[-97.68314494367777,32.96423470315124],[-97.68332278381537,32.96420879871405],[-97.68332897064471,32.964239166679334],[-97.68338881874372,32.964453703157204],[-97.68340496912747,32.96453181220299]]]},"properties":{"prop_id":113757,"state_cd":"SF-OVR","ite_code":0,"ite_name":"Vacant/Agricultural","ite_unit":"N/A","units":1.0,"daily_trips":0.0,"am_peak_trips":0.0,"pm_peak_trips":0.0,"imprv_val":0.0,"acres":0.159,"city":"Springtown","city_code":"CSP","fill_color":[80,80,80,100]}},{"type":"Feature","geometry":{"type":"Polygon","coordinates":[[[-97.66607683276777,32.956515142417906],[-97.666133608458,32.95638160759641],[-97.66656922840023,32.956601356928594],[-97.66628738305094,32.957011332474586],[-97.66604721503347,32.95688297467617],[-97.66605407131618,32.956588004585136],[-97.66607683276777,32.956515142417906]]]},"properties":{"prop_id":26197,"state_cd":"S50","ite_code":210,"ite_name":"Single-Family Detached","ite_unit":"DU","units":1,"daily_trips":9.4,"am_peak_trips":0.7,"pm_peak_trips":0.9,"imprv_val":202540.0,"acres":0.5062,"city":"Springtown","city_code":"CSP","fill_color":[34,139,34,180]}},{"type":"Feature","geometry":{"type":"Polygon","coordinates":[[[-97.67149725677761,32.9774567965227],[-97.67052001895429,32.97743785238536],[-97.67053309201825,32.97684080649818],[-97.67151122332757,32.97685732249829],[-97.67149725677761,32.9774567965227]]]},"properties":{"prop_id":37934,"state_cd":"S90","ite_code":210,"ite_name":"Single-Family Detached","ite_unit":"DU","units":2,"daily_trips":18.9,"am_peak_trips":1.4,"pm_peak_trips":1.9,"imprv_val":239990.0,"acres":1.0,"city":"Springtown","city_code":"CSP","fill_color":[34,139,34,180]}},{"type":"Feature","geometry":{"type":"Polygon","coordinates":[[[-97.67817749367171,32.96864874626821],[-97.67768838983696,32.96864551994873],[-97.67769082732497,32.9683830315051],[-97.67817992971005,32.96838625781515],[-97.67817749367171,32.96864874626821]]]},"properties":{"prop_id":89762,"state_cd":"S50","ite_code":210,"ite_name":"Single-Family Detached","ite_unit":"DU","units":1,"daily_trips":9.4,"am_peak_trips":0.7,"pm_peak_trips":0.9,"imprv_val":231980.0,"acres":0.3289,"city":"Springtown","city_code":"CSP","fill_color":[34,139,34,180]}},{"type":"Feature","geometry":{"type":"Polygon","coordinates":[[[-97.6844430960287,32.97339321611218],[-97.6847795215238,32.973343422597154],[-97.68481502668432,32.97350641751128],[-97.68483752899287,32.973612279897225],[-97.6848375464247,32.973612362077056],[-97.68449331070454,32.9736559993121],[-97.6844430960287,32.97339321611218]]]},"properties":{"prop_id":26920,"state_cd":"S50","ite_code":210,"ite_name":"Single-Family Detached","ite_unit":"DU","units":1,"daily_trips":9.4,"am_peak_trips":0.7,"pm_peak_trips":0.9,"imprv_val":226600.0,"acres":0.25,"city":"Springtown","city_code":"CSP","fill_color":[34,139,34,180]}},{"type":"Feature","geometry":{"type":"Polygon","coordinates":[[[-97.68644981396658,32.96373578010606],[-97.68644746329373,32.96345470972442],[-97.68672276676031,32.96345893713974],[-97.68671475422748,32.963574595990785],[-97.68670499125984,32.96360233458445],[-97.68664132426449,32.96378321980136],[-97.68644981396658,32.96373578010606]]]},"properties":{"prop_id":59595,"state_cd":"S60","ite_code":210,"ite_name":"Single-Family Detached","ite_unit":"DU","units":1,"daily_trips":9.4,"am_peak_trips":0.7,"pm_peak_trips":0.9,"imprv_val":108970.0,"acres":0.185,"city":"Springtown","city_code":"CSP","fill_color":[34,139,34,180]}},{"type":"Feature","geometry":{"type":"Polygon","coordinates":[[[-97.67568311738485,32.95894521622344],[-97.67569288883647,32.95866955250211],[-97.67618379652505,32.95867268892526],[-97.67617295222472,32.958951727423994],[-97.67568311738485,32.95894521622344]]]},"properties":{"prop_id":1883,"state_cd":"S45","ite_code":210,"ite_name":"Single-Family Detached","ite_unit":"DU","units":1,"daily_trips":9.4,"am_peak_trips":0.7,"pm_peak_trips":0.9,"imprv_val":261070.0,"acres":0.3485,"city":"Springtown","city_code":"CSP","fill_color":[34,139,34,180]}},{"type":"Feature","geometry":{"type":"Polygon","coordinates":[[[-97.67652610975028,32.963442231817666],[-97.67769579560878,32.963416210347006],[-97.67768087002408,32.96452082622347],[-97.67731664062849,32.96461165819693],[-97.67699402408219,32.964791055192016],[-97.6766296309672,32.96488180923359],[-97.67662934748799,32.9648818073606],[-97.67651505523642,32.9648810350292],[-97.67652610975028,32.963442231817666]]]},"properties":{"prop_id":93553,"state_cd":"SF-OVR","ite_code":0,"ite_name":"Vacant/Agricultural","ite_unit":"N/A","units":1.0,"daily_trips":0.0,"am_peak_trips":0.0,"pm_peak_trips":0.0,"imprv_val":0.0,"acres":2.88,"city":"Springtown","city_code":"CSP","fill_color":[80,80,80,100]}},{"type":"Feature","geometry":{"type":"Polygon","coordinates":[[[-97.67587736228467,32.95614745891542],[-97.67578481003027,32.95607265813009],[-97.67661731656618,32.95608091078995],[-97.67661597076764,32.956159049529624],[-97.6766093140446,32.956510324931294],[-97.67657969005866,32.95651110675273],[-97.67655183240987,32.956513815715674],[-97.67652432615793,32.956518422630374],[-97.67649735451006,32.9565248962422],[-97.6764710964873,32.95653319534891],[-97.67644572162689,32.95654326335457],[-97.67642140168924,32.956555034660106],[-97.67639827957188,32.9565684416718],[-97.67587736228467,32.95614745891542]]]},"properties":{"prop_id":1875,"state_cd":"S48","ite_code":210,"ite_name":"Single-Family Detached","ite_unit":"DU","units":1,"daily_trips":9.4,"am_peak_trips":0.7,"pm_peak_trips":0.9,"imprv_val":291100.0,"acres":0.77,"city":"Springtown","city_code":"CSP","fill_color":[34,139,34,180]}},{"type":"Feature","geometry":{"type":"Polygon","coordinates":[[[-97.68232984874936,32.96619154042473],[-97.68274302183528,32.96612822550387],[-97.68278296452395,32.96631218702875],[-97.68282281003107,32.96649614789795],[-97.68286409716184,32.966686440883656],[-97.68244234608173,32.96674961787747],[-97.68204465969906,32.96680923949483],[-97.68200730078772,32.96662111654953],[-97.68197065709137,32.966436654273494],[-97.68193401487568,32.9662521640343],[-97.68232984874936,32.96619154042473]]]},"properties":{"prop_id":26661,"state_cd":"S90","ite_code":210,"ite_name":"Single-Family Detached","ite_unit":"DU","units":1,"daily_trips":9.4,"am_peak_trips":0.7,"pm_peak_trips":0.9,"imprv_val":198190.0,"acres":0.092,"city":"Springtown","city_code":"CSP","fill_color":[34,139,34,180]}},{"type":"Feature","geometry":{"type":"Polygon","coordinates":[[[-97.68365256141584,32.964963145987625],[-97.68406379076755,32.964901298389364],[-97.68409332392133,32.96504791719396],[-97.68410053432682,32.965083685622005],[-97.68368944631918,32.96514786728809],[-97.68365256141584,32.964963145987625]]]},"properties":{"prop_id":26685,"state_cd":"S35","ite_code":210,"ite_name":"Single-Family Detached","ite_unit":"DU","units":2,"daily_trips":18.9,"am_peak_trips":1.4,"pm_peak_trips":1.9,"imprv_val":178700.0,"acres":2.98,"city":"Springtown","city_code":"CSP","fill_color":[34,139,34,180]}},{"type":"Feature","geometry":{"type":"Polygon","coordinates":[[[-97.67254736856067,32.972462277503716],[-97.67254737011959,32.97246211067682],[-97.67267813951787,32.97246532988054],[-97.6728327909007,32.97246913491883],[-97.67287109702312,32.97247007724271],[-97.67306807969209,32.97247491594484],[-97.67316240527691,32.97247723539615],[-97.6732584273136,32.972479597593434],[-97.67345513501265,32.97248444107408],[-97.67348328272446,32.97248513367016],[-97.67352516361699,32.97248616352945],[-97.67352195724693,32.97303682788703],[-97.67254049941393,32.97301761335277],[-97.67254736856067,32.972462277503716]]]},"properties":{"prop_id":37929,"state_cd":"S90","ite_code":210,"ite_name":"Single-Family Detached","ite_unit":"DU","units":2,"daily_trips":18.9,"am_peak_trips":1.4,"pm_peak_trips":1.9,"imprv_val":224390.0,"acres":1.373,"city":"Springtown","city_code":"CSP","fill_color":[34,139,34,180]}},{"type":"Feature","geometry":{"type":"Polygon","coordinates":[[[-97.65984886158469,32.95111199156777],[-97.6613335867621,32.951087158254715],[-97.66133917347847,32.951730031275765],[-97.66134680958403,32.95254801392918],[-97.65940771964735,32.95150784723586],[-97.6595325623393,32.95129741579188],[-97.65993833985054,32.951265683541685],[-97.65984886158469,32.95111199156777]]]},"properties":{"prop_id":60550,"state_cd":"SF-OVR","ite_code":210,"ite_name":"Single-Family Detached","ite_unit":"DU","units":2,"daily_trips":18.9,"am_peak_trips":1.4,"pm_peak_trips":1.9,"imprv_val":1492010.0,"acres":2.275,"city":"Springtown","city_code":"CSP","fill_color":[34,139,34,180]}},{"type":"Feature","geometry":{"type":"Polygon","coordinates":[[[-97.67700398015039,32.9610608629901],[-97.67703007321667,32.96055599569149],[-97.67728561351257,32.96053074017803],[-97.67791867752449,32.96068573385598],[-97.67771790630381,32.96124899712823],[-97.67700398015039,32.9610608629901]]]},"properties":{"prop_id":35545,"state_cd":"SF-OVR","ite_code":210,"ite_name":"Single-Family Detached","ite_unit":"DU","units":2,"daily_trips":18.9,"am_peak_trips":1.4,"pm_peak_trips":1.9,"imprv_val":321900.0,"acres":1.24,"city":"Springtown","city_code":"CSP","fill_color":[34,139,34,180]}},{"type":"Feature","geometry":{"type":"Polygon","coordinates":[[[-97.64963815271584,32.96664257138693],[-97.64993442278924,32.9664238050555],[-97.65005220677138,32.966539385557816],[-97.64992021529446,32.966634691103025],[-97.64987006677461,32.96668044491755],[-97.649867796647,32.966682781392],[-97.64985154487758,32.966699506704096],[-97.6498232422843,32.96672863557552],[-97.64981901522901,32.966733557759554],[-97.6498010867717,32.96675443264888],[-97.64977990714239,32.9667790928616],[-97.64963815271584,32.96664257138693]]]},"properties":{"prop_id":127305,"state_cd":"S60","ite_code":0,"ite_name":"Vacant/Agricultural","ite_unit":"N/A","units":1.0,"daily_trips":0.0,"am_peak_trips":0.0,"pm_peak_trips":0.0,"imprv_val":0.0,"acres":0.159,"city":"Springtown","city_code":"CSP","fill_color":[80,80,80,100]}},{"type":"Feature","geometry":{"type":"Polygon","coordinates":[[[-97.67397765015447,32.96545215444879],[-97.67436383455022,32.96542524472452],[-97.67436815907705,32.96584161749713],[-97.67436847390108,32.96587199300972],[-97.67398904779559,32.96590118588226],[-97.67397765015447,32.96545215444879]]]},"properties":{"prop_id":26369,"state_cd":"S50","ite_code":0,"ite_name":"Vacant/Agricultural","ite_unit":"N/A","units":1.0,"daily_trips":0.0,"am_peak_trips":0.0,"pm_peak_trips":0.0,"imprv_val":0.0,"acres":0.4397,"city":"Springtown","city_code":"CSP","fill_color":[80,80,80,100]}},{"type":"Feature","geometry":{"type":"Polygon","coordinates":[[[-97.6939694029288,32.9647090260136],[-97.69397998300744,32.96363863086096],[-97.69398046345245,32.96358584396721],[-97.69434993250057,32.963596821200305],[-97.6943491522208,32.9636430796642],[-97.69433296485457,32.96471166738762],[-97.6939694029288,32.9647090260136]]]},"properties":{"prop_id":34083,"state_cd":"S50","ite_code":210,"ite_name":"Single-Family Detached","ite_unit":"DU","units":2,"daily_trips":18.9,"am_peak_trips":1.4,"pm_peak_trips":1.9,"imprv_val":125220.0,"acres":1.0,"city":"Springtown","city_code":"CSP","fill_color":[34,139,34,180]}},{"type":"Feature","geometry":{"type":"Polygon","coordinates":[[[-97.68891264176965,32.982346524112636],[-97.6888225785075,32.98234343906908],[-97.68885589179052,32.98185632720328],[-97.68908998852072,32.98186433993092],[-97.6890430478054,32.982350986227004],[-97.68891264176965,32.982346524112636]]]},"properties":{"prop_id":105662,"state_cd":"S45","ite_code":210,"ite_name":"Single-Family Detached","ite_unit":"DU","units":1,"daily_trips":9.4,"am_peak_trips":0.7,"pm_peak_trips":0.9,"imprv_val":330000.0,"acres":0.28,"city":"Springtown","city_code":"CSP","fill_color":[34,139,34,180]}},{"type":"Feature","geometry":{"type":"Polygon","coordinates":[[[-97.69127777649398,32.97187067919852],[-97.69128303004447,32.971638800746575],[-97.69172148817019,32.97164498549643],[-97.69171663512749,32.97187835546478],[-97.69127777649398,32.97187067919852]]]},"properties":{"prop_id":117449,"state_cd":"S55","ite_code":210,"ite_name":"Single-Family Detached","ite_unit":"DU","units":1,"daily_trips":9.4,"am_peak_trips":0.7,"pm_peak_trips":0.9,"imprv_val":214090.0,"acres":0.263,"city":"Springtown","city_code":"CSP","fill_color":[34,139,34,180]}},{"type":"Feature","geometry":{"type":"Polygon","coordinates":[[[-97.68872395697313,32.97025885046714],[-97.68872439909684,32.97021082589446],[-97.68903123729037,32.970212621828104],[-97.68902915631139,32.97043984766933],[-97.6887223094575,32.97043844397207],[-97.68872395697313,32.97025885046714]]]},"properties":{"prop_id":101798,"state_cd":"S50","ite_code":210,"ite_name":"Single-Family Detached","ite_unit":"DU","units":1,"daily_trips":9.4,"am_peak_trips":0.7,"pm_peak_trips":0.9,"imprv_val":224290.0,"acres":0.199,"city":"Springtown","city_code":"CSP","fill_color":[34,139,34,180]}},{"type":"Feature","geometry":{"type":"Polygon","coordinates":[[[-97.6827709039108,32.97000193114564],[-97.68318976135275,32.96994999776864],[-97.6831969891254,32.96998574289154],[-97.6832295776989,32.97014690026783],[-97.68281797878034,32.97019577459877],[-97.6827709039108,32.97000193114564]]]},"properties":{"prop_id":16806,"state_cd":"S50","ite_code":210,"ite_name":"Single-Family Detached","ite_unit":"DU","units":1,"daily_trips":9.4,"am_peak_trips":0.7,"pm_peak_trips":0.9,"imprv_val":84350.0,"acres":0.21,"city":"Springtown","city_code":"CSP","fill_color":[34,139,34,180]}},{"type":"Feature","geometry":{"type":"Polygon","coordinates":[[[-97.65020077445546,32.967722824327645],[-97.6504262802858,32.96744375530848],[-97.65043685777314,32.967452447062996],[-97.65056431325013,32.96755717548626],[-97.65059208123348,32.96757999154798],[-97.65032018018371,32.967818452797346],[-97.65022556170594,32.967741083062315],[-97.65020077445546,32.967722824327645]]]},"properties":{"prop_id":127369,"state_cd":"S60","ite_code":0,"ite_name":"Vacant/Agricultural","ite_unit":"N/A","units":1.0,"daily_trips":0.0,"am_peak_trips":0.0,"pm_peak_trips":0.0,"imprv_val":0.0,"acres":0.168,"city":"Springtown","city_code":"CSP","fill_color":[80,80,80,100]}},{"type":"Feature","geometry":{"type":"Polygon","coordinates":[[[-97.68989501553304,32.95963617023327],[-97.68951810691443,32.95963751873658],[-97.68951770941581,32.959501175756856],[-97.6898945495461,32.959500936056166],[-97.68989501553304,32.95963617023327]]]},"properties":{"prop_id":121635,"state_cd":"S50","ite_code":210,"ite_name":"Single-Family Detached","ite_unit":"DU","units":1,"daily_trips":9.4,"am_peak_trips":0.7,"pm_peak_trips":0.9,"imprv_val":162520.0,"acres":0.132,"city":"Springtown","city_code":"CSP","fill_color":[34,139,34,180]}},{"type":"Feature","geometry":{"type":"Polygon","coordinates":[[[-97.67061029710496,32.972414430714636],[-97.67073472451017,32.972417488908846],[-97.67092190266591,32.972424367014575],[-97.67091675563105,32.97297408872764],[-97.6705992297518,32.97297383107639],[-97.67061029710496,32.972414430714636]]]},"properties":{"prop_id":129161,"state_cd":"S90","ite_code":0,"ite_name":"Vacant/Agricultural","ite_unit":"N/A","units":1.0,"daily_trips":0.0,"am_peak_trips":0.0,"pm_peak_trips":0.0,"imprv_val":0.0,"acres":0.459,"city":"Springtown","city_code":"CSP","fill_color":[80,80,80,100]}},{"type":"Feature","geometry":{"type":"Polygon","coordinates":[[[-97.66837244143598,32.96076162609441],[-97.66855213781275,32.96052748950015],[-97.66900610621627,32.96076143082846],[-97.66883260374382,32.96099814891734],[-97.66837244143598,32.96076162609441]]]},"properties":{"prop_id":110083,"state_cd":"S50","ite_code":210,"ite_name":"Single-Family Detached","ite_unit":"DU","units":1,"daily_trips":9.4,"am_peak_trips":0.7,"pm_peak_trips":0.9,"imprv_val":272200.0,"acres":0.382,"city":"Springtown","city_code":"CSP","fill_color":[34,139,34,180]}},{"type":"Feature","geometry":{"type":"Polygon","coordinates":[[[-97.64920421103291,32.96709904636126],[-97.6495892860039,32.9671632017263],[-97.64955453800292,32.96731347474782],[-97.64916955411543,32.967250017915724],[-97.64920421103291,32.96709904636126]]]},"properties":{"prop_id":127322,"state_cd":"S60","ite_code":0,"ite_name":"Vacant/Agricultural","ite_unit":"N/A","units":1.0,"daily_trips":0.0,"am_peak_trips":0.0,"pm_peak_trips":0.0,"imprv_val":0.0,"acres":0.152,"city":"Springtown","city_code":"CSP","fill_color":[80,80,80,100]}},{"type":"Feature","geometry":{"type":"Polygon","coordinates":[[[-97.6798375786081,32.9597951157164],[-97.67984874469323,32.959290075654735],[-97.68013129494797,32.95931560247634],[-97.6801503815545,32.9593204058166],[-97.68016614097927,32.9593306748643],[-97.6801764657586,32.95934503309907],[-97.68017997524795,32.95936135936667],[-97.68017569795961,32.95982699987544],[-97.6798375786081,32.9597951157164]]]},"properties":{"prop_id":1954,"state_cd":"S48","ite_code":210,"ite_name":"Single-Family Detached","ite_unit":"DU","units":1,"daily_trips":9.4,"am_peak_trips":0.7,"pm_peak_trips":0.9,"imprv_val":312370.0,"acres":0.4335,"city":"Springtown","city_code":"CSP","fill_color":[34,139,34,180]}},{"type":"Feature","geometry":{"type":"Polygon","coordinates":[[[-97.65409725432617,32.96488040669433],[-97.65345774885844,32.96492965870234],[-97.6534525927524,32.96490466746263],[-97.65344294926383,32.964880638648786],[-97.65342904617508,32.96485814105528],[-97.65341121322807,32.964837708997734],[-97.65338987159056,32.96481982510682],[-97.6536845593062,32.96452613354286],[-97.65409725432617,32.96488040669433]]]},"properties":{"prop_id":123480,"state_cd":"S60","ite_code":0,"ite_name":"Vacant/Agricultural","ite_unit":"N/A","units":1.0,"daily_trips":0.0,"am_peak_trips":0.0,"pm_peak_trips":0.0,"imprv_val":0.0,"acres":0.383,"city":"Springtown","city_code":"CSP","fill_color":[80,80,80,100]}},{"type":"Feature","geometry":{"type":"Polygon","coordinates":[[[-97.68970369568005,32.9602061449315],[-97.68953618417326,32.96020248446595],[-97.6894307043401,32.96020320162759],[-97.68914509978258,32.96020947886291],[-97.68914468163746,32.96005909616524],[-97.68914465977012,32.96005108602624],[-97.68914428686925,32.95991690938926],[-97.6891442808428,32.95991464667473],[-97.68914389559485,32.95977644421459],[-97.68914388769878,32.95977345101073],[-97.6891435132663,32.95963885771633],[-97.68914348899652,32.95963005846555],[-97.68914313179033,32.959501411905634],[-97.68914309415415,32.95948799703448],[-97.68914274906417,32.959363985924384],[-97.68914269840296,32.95934556765074],[-97.68914236778043,32.959226519368],[-97.68914230158158,32.9592026711127],[-97.68914198535028,32.95908917815511],[-97.68914190491557,32.95906010824769],[-97.68914157470796,32.95894101487196],[-97.6891415095315,32.95891763917798],[-97.68914116212594,32.95879282992952],[-97.68914111441842,32.95877549115661],[-97.6891407472784,32.9586437242074],[-97.68914071467935,32.95863186230795],[-97.68914033518625,32.95849548605472],[-97.6891403161112,32.95848845621459],[-97.68913989778787,32.95833797788813],[-97.6894713634377,32.958329742654406],[-97.68951429479574,32.958329003737894],[-97.68953139266362,32.95832870912441],[-97.68965127008924,32.9583293570935],[-97.68977104275935,32.95833362148098],[-97.68989055778569,32.95834149498038],[-97.68989107879077,32.95849293260216],[-97.68989159239648,32.958642021823906],[-97.68989206326168,32.958778709787865],[-97.68989210479938,32.95879089189174],[-97.68989255515163,32.95892151946481],[-97.68989261584518,32.958939091892894],[-97.68989304753276,32.959064509507],[-97.68989312792986,32.959087997123895],[-97.68989354092764,32.95920785667521],[-97.6898935956095,32.95922386439957],[-97.68989403479162,32.95935126967687],[-97.68989407198426,32.95936205572869],[-97.6898945252056,32.95949377361518],[-97.6898945495461,32.959500936056166],[-97.68989501553304,32.95963617023327],[-97.68989549371652,32.95977498292295],[-97.68989550791652,32.95977904392663],[-97.68989597132408,32.95991385873399],[-97.68989600352516,32.95992308549971],[-97.68989643699898,32.96004889359861],[-97.68989649375287,32.96006537659565],[-97.68989701774588,32.960217659210684],[-97.6898708816692,32.960215688355554],[-97.68970369568005,32.9602061449315]]]},"properties":{"prop_id":121631,"state_cd":"S50","ite_code":210,"ite_name":"Single-Family Detached","ite_unit":"DU","units":1,"daily_trips":9.4,"am_peak_trips":0.7,"pm_peak_trips":0.9,"imprv_val":158570.0,"acres":0.142,"city":"Springtown","city_code":"CSP","fill_color":[34,139,34,180]}},{"type":"Feature","geometry":{"type":"Polygon","coordinates":[[[-97.68034264625592,32.96472656187913],[-97.6803396744997,32.96453687710945],[-97.68035123830016,32.964080164172934],[-97.68095956043472,32.96408355869824],[-97.68095724498608,32.96433691983686],[-97.68095430958415,32.96465823560905],[-97.68096938915406,32.96469192493904],[-97.68092483892107,32.96473514511817],[-97.68080997629794,32.96483942008656],[-97.68034264625592,32.96472656187913]]]},"properties":{"prop_id":85584,"state_cd":"SF-OVR","ite_code":0,"ite_name":"Vacant/Agricultural","ite_unit":"N/A","units":1.0,"daily_trips":0.0,"am_peak_trips":0.0,"pm_peak_trips":0.0,"imprv_val":500.0,"acres":1.32,"city":"Springtown","city_code":"CSP","fill_color":[80,80,80,100]}},{"type":"Feature","geometry":{"type":"Polygon","coordinates":[[[-97.68954353810945,32.960339075586816],[-97.68970434956948,32.96034267443703],[-97.6897067277439,32.960342776476246],[-97.68970837778826,32.960739074583344],[-97.68954452159787,32.96073986405384],[-97.68954353810945,32.960339075586816]]]},"properties":{"prop_id":121570,"state_cd":"S50","ite_code":210,"ite_name":"Single-Family Detached","ite_unit":"DU","units":1,"daily_trips":9.4,"am_peak_trips":0.7,"pm_peak_trips":0.9,"imprv_val":284390.0,"acres":0.167,"city":"Springtown","city_code":"CSP","fill_color":[34,139,34,180]}},{"type":"Feature","geometry":{"type":"Polygon","coordinates":[[[-97.6853085516158,32.96649207415397],[-97.68525833515508,32.96624884974342],[-97.68545765659523,32.96622232966036],[-97.68554483400945,32.96664010982095],[-97.68534496645515,32.966668446356756],[-97.6853085516158,32.96649207415397]]]},"properties":{"prop_id":101300,"state_cd":"S50","ite_code":210,"ite_name":"Single-Family Detached","ite_unit":"DU","units":1,"daily_trips":9.4,"am_peak_trips":0.7,"pm_peak_trips":0.9,"imprv_val":244020.0,"acres":0.22,"city":"Springtown","city_code":"CSP","fill_color":[34,139,34,180]}},{"type":"Feature","geometry":{"type":"Polygon","coordinates":[[[-97.68019236008456,32.96060184856444],[-97.68017913818349,32.96007880910795],[-97.68019879305226,32.960092272787705],[-97.6802202104998,32.96010161499969],[-97.68024273739188,32.96010655278283],[-97.68026568942378,32.96010693463752],[-97.68028836815218,32.9601027496565],[-97.6803100813531,32.960094124050826],[-97.68033017082537,32.960081322235226],[-97.68034803510491,32.960064719922144],[-97.68036450333081,32.96004708124627],[-97.680376385423,32.96002691615413],[-97.68038317277244,32.96000508615103],[-97.68038457644006,32.959982528136194],[-97.68038053509447,32.95996020575655],[-97.68037122067636,32.959939075173985],[-97.68035703452816,32.95992004085154],[-97.68033856824087,32.95990390930225],[-97.68033914265257,32.95984184593494],[-97.68065982708403,32.959872762772235],[-97.68098041385481,32.95990362132588],[-97.68097684319828,32.959930096155155],[-97.68099390773264,32.960626910689165],[-97.68099728702441,32.96076225429791],[-97.68073939248985,32.96071086132861],[-97.68051879586972,32.96066688802102],[-97.68030122535474,32.960623538449056],[-97.68019236008456,32.96060184856444]]]},"properties":{"prop_id":1951,"state_cd":"S95","ite_code":210,"ite_name":"Single-Family Detached","ite_unit":"DU","units":2,"daily_trips":18.9,"am_peak_trips":1.4,"pm_peak_trips":1.9,"imprv_val":352870.0,"acres":1.5548,"city":"Springtown","city_code":"CSP","fill_color":[34,139,34,180]}},{"type":"Feature","geometry":{"type":"Polygon","coordinates":[[[-97.66994417753384,32.97201205471784],[-97.67014093015376,32.9720103817503],[-97.67014793981011,32.9724031246962],[-97.67014794816046,32.97240360362003],[-97.66997584802124,32.97239889806291],[-97.66994752781369,32.97239812236139],[-97.66994417753384,32.97201205471784]]]},"properties":{"prop_id":109389,"state_cd":"S50","ite_code":210,"ite_name":"Single-Family Detached","ite_unit":"DU","units":1,"daily_trips":9.4,"am_peak_trips":0.7,"pm_peak_trips":0.9,"imprv_val":264160.0,"acres":0.197,"city":"Springtown","city_code":"CSP","fill_color":[34,139,34,180]}},{"type":"Feature","geometry":{"type":"Polygon","coordinates":[[[-97.69424625537323,32.97514757461057],[-97.69407978426683,32.97559966980792],[-97.6938104954323,32.97543045367395],[-97.69380506439316,32.97542729192859],[-97.6940575457334,32.975086815309105],[-97.69424625537323,32.97514757461057]]]},"properties":{"prop_id":113066,"state_cd":"S55","ite_code":210,"ite_name":"Single-Family Detached","ite_unit":"DU","units":1,"daily_trips":9.4,"am_peak_trips":0.7,"pm_peak_trips":0.9,"imprv_val":292450.0,"acres":0.298,"city":"Springtown","city_code":"CSP","fill_color":[34,139,34,180]}},{"type":"Feature","geometry":{"type":"Polygon","coordinates":[[[-97.69346253283094,32.97474077999299],[-97.6931680730967,32.97501841711586],[-97.69299750436004,32.974891510501415],[-97.69329369473542,32.97461346923815],[-97.69346253283094,32.97474077999299]]]},"properties":{"prop_id":113037,"state_cd":"S55","ite_code":210,"ite_name":"Single-Family Detached","ite_unit":"DU","units":1,"daily_trips":9.4,"am_peak_trips":0.7,"pm_peak_trips":0.9,"imprv_val":306710.0,"acres":0.216,"city":"Springtown","city_code":"CSP","fill_color":[34,139,34,180]}},{"type":"Feature","geometry":{"type":"Polygon","coordinates":[[[-97.65946494951089,32.970341718661984],[-97.6599015888458,32.970347104029585],[-97.65990673324872,32.97035505943023],[-97.65991659672606,32.97037419048376],[-97.65992240845836,32.97039446659611],[-97.6599239955099,32.97041528328172],[-97.65992130921241,32.97043601885573],[-97.65991443137885,32.97045605611988],[-97.65990356666994,32.97047479764173],[-97.6598890392137,32.97049168376863],[-97.65987128065863,32.97050621148584],[-97.65985082256542,32.97051794699062],[-97.65982827379563,32.9705265408712],[-97.6598043075882,32.97053173703802],[-97.65977963796401,32.970533378877604],[-97.65946091175695,32.970527361720684],[-97.65946494951089,32.970341718661984]]]},"properties":{"prop_id":123025,"state_cd":"S60","ite_code":0,"ite_name":"Vacant/Agricultural","ite_unit":"N/A","units":1.0,"daily_trips":0.0,"am_peak_trips":0.0,"pm_peak_trips":0.0,"imprv_val":0.0,"acres":0.211,"city":"Springtown","city_code":"CSP","fill_color":[80,80,80,100]}},{"type":"Feature","geometry":{"type":"Polygon","coordinates":[[[-97.68323250912862,32.97016139824348],[-97.68364188092349,32.97010513375296],[-97.68368387274192,32.970290383466256],[-97.68326742558799,32.97033406819909],[-97.68326705827252,32.970334106373926],[-97.68323250912862,32.97016139824348]]]},"properties":{"prop_id":48,"state_cd":"S50","ite_code":210,"ite_name":"Single-Family Detached","ite_unit":"DU","units":1,"daily_trips":9.4,"am_peak_trips":0.7,"pm_peak_trips":0.9,"imprv_val":101040.0,"acres":0.1943,"city":"Springtown","city_code":"CSP","fill_color":[34,139,34,180]}},{"type":"Feature","geometry":{"type":"Polygon","coordinates":[[[-97.6584411669632,32.969883753107254],[-97.65886839738869,32.9698861404308],[-97.65886563074523,32.97006815050216],[-97.65843756981869,32.97006525074166],[-97.6584411669632,32.969883753107254]]]},"properties":{"prop_id":122973,"state_cd":"S60","ite_code":0,"ite_name":"Vacant/Agricultural","ite_unit":"N/A","units":1.0,"daily_trips":0.0,"am_peak_trips":0.0,"pm_peak_trips":0.0,"imprv_val":0.0,"acres":0.199,"city":"Springtown","city_code":"CSP","fill_color":[80,80,80,100]}},{"type":"Feature","geometry":{"type":"Polygon","coordinates":[[[-97.67873800726947,32.97287957399863],[-97.67874150479693,32.972622093297396],[-97.67923151724716,32.972635162010114],[-97.67923184134088,32.97269877059982],[-97.67921143823236,32.97270814685213],[-97.67919838392716,32.972716169165736],[-97.67918659123792,32.97272543798956],[-97.6791727340313,32.972739282590716],[-97.6791614386975,32.9727546834747],[-97.67915467184805,32.97276700830627],[-97.67914972558492,32.97277995025153],[-97.67914564729496,32.972797708235404],[-97.679144543352,32.972811306763035],[-97.6791453907178,32.97282538618862],[-97.67873708676325,32.97294721545579],[-97.67873800726947,32.97287957399863]]]},"properties":{"prop_id":70314,"state_cd":"S50","ite_code":210,"ite_name":"Single-Family Detached","ite_unit":"DU","units":1,"daily_trips":9.4,"am_peak_trips":0.7,"pm_peak_trips":0.9,"imprv_val":188250.0,"acres":0.224,"city":"Springtown","city_code":"CSP","fill_color":[34,139,34,180]}},{"type":"Feature","geometry":{"type":"Polygon","coordinates":[[[-97.68548825397193,32.97736788172185],[-97.68575307129187,32.97735593772922],[-97.68579055939077,32.97765179615971],[-97.68533406783735,32.9776502435068],[-97.68532694538592,32.97765021949743],[-97.68529716846868,32.97737650054329],[-97.68548825397193,32.97736788172185]]]},"properties":{"prop_id":33914,"state_cd":"S65","ite_code":210,"ite_name":"Single-Family Detached","ite_unit":"DU","units":1,"daily_trips":9.4,"am_peak_trips":0.7,"pm_peak_trips":0.9,"imprv_val":109000.0,"acres":0.336,"city":"Springtown","city_code":"CSP","fill_color":[34,139,34,180]}},{"type":"Feature","geometry":{"type":"Polygon","coordinates":[[[-97.68411192226928,32.97247030779106],[-97.68373487359389,32.972525232644706],[-97.6836682474317,32.97220026283306],[-97.68404529476469,32.97214533817848],[-97.68411192226928,32.97247030779106]]]},"properties":{"prop_id":29498,"state_cd":"S50","ite_code":210,"ite_name":"Single-Family Detached","ite_unit":"DU","units":1,"daily_trips":9.4,"am_peak_trips":0.7,"pm_peak_trips":0.9,"imprv_val":175710.0,"acres":0.323,"city":"Springtown","city_code":"CSP","fill_color":[34,139,34,180]}},{"type":"Feature","geometry":{"type":"Polygon","coordinates":[[[-97.6817750409153,32.95930885076905],[-97.68121012700556,32.95931008752443],[-97.68125511128513,32.95903527892772],[-97.6817904813556,32.959033052585006],[-97.68179018867882,32.95903427984955],[-97.6817750409153,32.95930885076905]]]},"properties":{"prop_id":46134,"state_cd":"S60","ite_code":210,"ite_name":"Single-Family Detached","ite_unit":"DU","units":1,"daily_trips":9.4,"am_peak_trips":0.7,"pm_peak_trips":0.9,"imprv_val":175710.0,"acres":0.34,"city":"Springtown","city_code":"CSP","fill_color":[34,139,34,180]}},{"type":"Feature","geometry":{"type":"Polygon","coordinates":[[[-97.67491676597535,32.968119738581855],[-97.67501341953368,32.968118577510516],[-97.67501493310128,32.96845358069042],[-97.67491700273624,32.96846095499226],[-97.67491676597535,32.968119738581855]]]},"properties":{"prop_id":89540,"state_cd":"S25","ite_code":210,"ite_name":"Single-Family Detached","ite_unit":"DU","units":1,"daily_trips":9.4,"am_peak_trips":0.7,"pm_peak_trips":0.9,"imprv_val":155000.0,"acres":0.084,"city":"Springtown","city_code":"CSP","fill_color":[34,139,34,180]}},{"type":"Feature","geometry":{"type":"Polygon","coordinates":[[[-97.6798161264489,32.96073843318027],[-97.67948883638608,32.96067521786174],[-97.67917920025211,32.96061541052758],[-97.6785431859702,32.960492637717046],[-97.67921620546925,32.9597677970457],[-97.67932087495343,32.959777722016526],[-97.6793060981368,32.95978736169301],[-97.67929310669965,32.959798733807155],[-97.67928217565611,32.95981159758009],[-97.67927353537891,32.959825681276946],[-97.67926736939287,32.95984068940676],[-97.67926380688714,32.959856302673145],[-97.67926292364275,32.95987219331147],[-97.6792647377537,32.95988802506046],[-97.67926921058798,32.95990346489243],[-97.6792762489098,32.95991818483082],[-97.6792857036764,32.959931876371506],[-97.67929737539436,32.959944249616306],[-97.67931101723683,32.95995504321365],[-97.67932634141964,32.95996402890974],[-97.6793430255526,32.959971018804914],[-97.67936074149559,32.95997586824954],[-97.67937756499633,32.95997901638486],[-97.67939461224964,32.95997995201305],[-97.67941164802622,32.959978662762964],[-97.67942844110809,32.95997516514861],[-97.67944476211595,32.95996950816172],[-97.67946038782965,32.959961768791395],[-97.67947510439734,32.95995205204504],[-97.67948872131645,32.959940482923855],[-97.67950182811234,32.95997242796925],[-97.6798161264489,32.96073843318027]]]},"properties":{"prop_id":1957,"state_cd":"S95","ite_code":210,"ite_name":"Single-Family Detached","ite_unit":"DU","units":2,"daily_trips":18.9,"am_peak_trips":1.4,"pm_peak_trips":1.9,"imprv_val":333370.0,"acres":1.5526,"city":"Springtown","city_code":"CSP","fill_color":[34,139,34,180]}},{"type":"Feature","geometry":{"type":"Polygon","coordinates":[[[-97.66036674150968,32.95423647806561],[-97.66104500495973,32.953134815251836],[-97.66219556941243,32.953727048367284],[-97.66164886745428,32.95445845781975],[-97.66105077927016,32.95445611516396],[-97.66097177333683,32.954453046358935],[-97.66089339625086,32.954444119868796],[-97.66081625602642,32.95442940381915],[-97.66074095487582,32.95440901409482],[-97.66066807856396,32.954383108856874],[-97.66059819319068,32.95435188942309],[-97.66036674150968,32.95423647806561]]]},"properties":{"prop_id":108013,"state_cd":"SF-OVR","ite_code":210,"ite_name":"Single-Family Detached","ite_unit":"DU","units":3,"daily_trips":28.3,"am_peak_trips":2.1,"pm_peak_trips":2.8,"imprv_val":1937888.0,"acres":3.53,"city":"Springtown","city_code":"CSP","fill_color":[34,139,34,180]}},{"type":"Feature","geometry":{"type":"Polygon","coordinates":[[[-97.68164556638338,32.96795620674696],[-97.68160562619731,32.96768752854169],[-97.68210490940626,32.96761188869189],[-97.68217264996971,32.96795293289274],[-97.68191716980586,32.967991640601625],[-97.68165671092413,32.96803110148488],[-97.68164556638338,32.96795620674696]]]},"properties":{"prop_id":26657,"state_cd":"S55","ite_code":210,"ite_name":"Single-Family Detached","ite_unit":"DU","units":1,"daily_trips":9.4,"am_peak_trips":0.7,"pm_peak_trips":0.9,"imprv_val":256680.0,"acres":0.399,"city":"Springtown","city_code":"CSP","fill_color":[34,139,34,180]}},{"type":"Feature","geometry":{"type":"Polygon","coordinates":[[[-97.69435854809765,32.96570872099312],[-97.69349128481122,32.96550520001039],[-97.69349927078764,32.96470561005699],[-97.69360901381756,32.964706407717124],[-97.6939694029288,32.9647090260136],[-97.69433296485457,32.96471166738762],[-97.69436849469,32.96471192504225],[-97.69435854809765,32.96570872099312]]]},"properties":{"prop_id":97199,"state_cd":"SF-OVR","ite_code":210,"ite_name":"Single-Family Detached","ite_unit":"DU","units":3,"daily_trips":28.3,"am_peak_trips":2.1,"pm_peak_trips":2.8,"imprv_val":1412480.0,"acres":1.983,"city":"Springtown","city_code":"CSP","fill_color":[34,139,34,180]}},{"type":"Feature","geometry":{"type":"Polygon","coordinates":[[[-97.68304934799734,32.96708191085812],[-97.68350722086414,32.96701256372514],[-97.683577612493,32.96735321149169],[-97.68312313256959,32.96742208603062],[-97.68304934799734,32.96708191085812]]]},"properties":{"prop_id":26727,"state_cd":"S55","ite_code":210,"ite_name":"Single-Family Detached","ite_unit":"DU","units":1,"daily_trips":9.4,"am_peak_trips":0.7,"pm_peak_trips":0.9,"imprv_val":136170.0,"acres":0.4105,"city":"Springtown","city_code":"CSP","fill_color":[34,139,34,180]}},{"type":"Feature","geometry":{"type":"Polygon","coordinates":[[[-97.6869375741048,32.96821239682692],[-97.68677832088991,32.96821115031169],[-97.68655396793172,32.96824392200375],[-97.6865052238584,32.96797701059572],[-97.68694957024903,32.967962919099776],[-97.6869375741048,32.96821239682692]]]},"properties":{"prop_id":59548,"state_cd":"S60","ite_code":210,"ite_name":"Single-Family Detached","ite_unit":"DU","units":1,"daily_trips":9.4,"am_peak_trips":0.7,"pm_peak_trips":0.9,"imprv_val":146660.0,"acres":0.267,"city":"Springtown","city_code":"CSP","fill_color":[34,139,34,180]}},{"type":"Feature","geometry":{"type":"Polygon","coordinates":[[[-97.68970369568005,32.9602061449315],[-97.68953618417326,32.96020248446595],[-97.68951975226315,32.96020244252452],[-97.68951930853198,32.96004999358803],[-97.68951891298812,32.95991425485024],[-97.68951850990177,32.95977571680064],[-97.68989549371652,32.95977498292295],[-97.68989550791652,32.95977904392663],[-97.68989597132408,32.95991385873399],[-97.68989600352516,32.95992308549971],[-97.68989643699898,32.96004889359861],[-97.68989649375287,32.96006537659565],[-97.68989701774588,32.960217659210684],[-97.6898708816692,32.960215688355554],[-97.68970369568005,32.9602061449315]]]},"properties":{"prop_id":121639,"state_cd":"S50","ite_code":210,"ite_name":"Single-Family Detached","ite_unit":"DU","units":1,"daily_trips":9.4,"am_peak_trips":0.7,"pm_peak_trips":0.9,"imprv_val":173420.0,"acres":0.15,"city":"Springtown","city_code":"CSP","fill_color":[34,139,34,180]}},{"type":"Feature","geometry":{"type":"Polygon","coordinates":[[[-97.68970369568005,32.9602061449315],[-97.68953618417326,32.96020248446595],[-97.6894307043401,32.96020320162759],[-97.68914509978258,32.96020947886291],[-97.68914468163746,32.96005909616524],[-97.68914465977012,32.96005108602624],[-97.68951930853198,32.96004999358803],[-97.68989643699898,32.96004889359861],[-97.68989649375287,32.96006537659565],[-97.68989701774588,32.960217659210684],[-97.6898708816692,32.960215688355554],[-97.68970369568005,32.9602061449315]]]},"properties":{"prop_id":121639,"state_cd":"S50","ite_code":210,"ite_name":"Single-Family Detached","ite_unit":"DU","units":1,"daily_trips":9.4,"am_peak_trips":0.7,"pm_peak_trips":0.9,"imprv_val":173420.0,"acres":0.15,"city":"Springtown","city_code":"CSP","fill_color":[34,139,34,180]}},{"type":"Feature","geometry":{"type":"Polygon","coordinates":[[[-97.68857080364329,32.96498148012269],[-97.68863010179462,32.96456215598207],[-97.68867911323773,32.96457220845484],[-97.68966385618094,32.96482523451182],[-97.68857080364329,32.96498148012269]]]},"properties":{"prop_id":36562,"state_cd":"SF-OVR","ite_code":210,"ite_name":"Single-Family Detached","ite_unit":"DU","units":1,"daily_trips":9.4,"am_peak_trips":0.7,"pm_peak_trips":0.9,"imprv_val":184100.0,"acres":0.543,"city":"Springtown","city_code":"CSP","fill_color":[34,139,34,180]}},{"type":"Feature","geometry":{"type":"Polygon","coordinates":[[[-97.66739878962844,32.957047203602066],[-97.6673451867451,32.95701864264161],[-97.66761393092072,32.9566578295118],[-97.66767042657087,32.956687938275635],[-97.6679633625986,32.956811518418114],[-97.66767728429124,32.957195605344616],[-97.66739878962844,32.957047203602066]]]},"properties":{"prop_id":26193,"state_cd":"S90","ite_code":0,"ite_name":"Vacant/Agricultural","ite_unit":"N/A","units":1.0,"daily_trips":0.0,"am_peak_trips":0.0,"pm_peak_trips":0.0,"imprv_val":1500.0,"acres":0.44,"city":"Springtown","city_code":"CSP","fill_color":[80,80,80,100]}},{"type":"Feature","geometry":{"type":"Polygon","coordinates":[[[-97.64583967121273,32.964671672430555],[-97.64653256874685,32.96468480676572],[-97.646523955288,32.96483915299087],[-97.64583451072573,32.9648228236673],[-97.64583967121273,32.964671672430555]]]},"properties":{"prop_id":123422,"state_cd":"S60","ite_code":210,"ite_name":"Single-Family Detached","ite_unit":"DU","units":1,"daily_trips":9.4,"am_peak_trips":0.7,"pm_peak_trips":0.9,"imprv_val":222390.0,"acres":0.268,"city":"Springtown","city_code":"CSP","fill_color":[34,139,34,180]}},{"type":"Feature","geometry":{"type":"Polygon","coordinates":[[[-97.66924191277465,32.95959236408999],[-97.6694135508255,32.95935967045592],[-97.66970408552658,32.959509754856086],[-97.66986076403018,32.959595361943954],[-97.66969171107124,32.95982601454079],[-97.66924191277465,32.95959236408999]]]},"properties":{"prop_id":26228,"state_cd":"S60","ite_code":0,"ite_name":"Vacant/Agricultural","ite_unit":"N/A","units":1.0,"daily_trips":0.0,"am_peak_trips":0.0,"pm_peak_trips":0.0,"imprv_val":0.0,"acres":0.3703,"city":"Springtown","city_code":"CSP","fill_color":[80,80,80,100]}},{"type":"Feature","geometry":{"type":"Polygon","coordinates":[[[-97.67276727833996,32.97194942039178],[-97.67255500692937,32.97194586309729],[-97.67255046652043,32.97163201650236],[-97.67276614053615,32.97163487944549],[-97.67276727833996,32.97194942039178]]]},"properties":{"prop_id":109415,"state_cd":"S50","ite_code":210,"ite_name":"Single-Family Detached","ite_unit":"DU","units":1,"daily_trips":9.4,"am_peak_trips":0.7,"pm_peak_trips":0.9,"imprv_val":249180.0,"acres":0.174,"city":"Springtown","city_code":"CSP","fill_color":[34,139,34,180]}},{"type":"Feature","geometry":{"type":"Polygon","coordinates":[[[-97.69324629882682,32.974078191993044],[-97.69295181101418,32.9743556724234],[-97.69278198191564,32.974227612342794],[-97.69307704737048,32.97395086021082],[-97.69324629882682,32.974078191993044]]]},"properties":{"prop_id":117434,"state_cd":"S55","ite_code":0,"ite_name":"Vacant/Agricultural","ite_unit":"N/A","units":1.0,"daily_trips":0.0,"am_peak_trips":0.0,"pm_peak_trips":0.0,"imprv_val":0.0,"acres":0.217,"city":"Springtown","city_code":"CSP","fill_color":[80,80,80,100]}},{"type":"Feature","geometry":{"type":"Polygon","coordinates":[[[-97.66923866768634,32.961489097400985],[-97.66945207898237,32.96121272819595],[-97.66945576954929,32.96121342194748],[-97.66997706469967,32.96133243074512],[-97.67004050398015,32.961348120274444],[-97.67020156345527,32.96138795058961],[-97.67033808405478,32.961421713074884],[-97.67049161408687,32.96145968201882],[-97.67062101397121,32.96149168332531],[-97.67107901808691,32.961604948172166],[-97.67102023513296,32.96173313748185],[-97.67086541801665,32.96168242867215],[-97.67072647562243,32.96163956206508],[-97.67058536930568,32.961602056675666],[-97.67044238821211,32.96156999107665],[-97.67029782696116,32.96154343035121],[-97.6701519856205,32.96152242879827],[-97.67000516327165,32.961507031692996],[-97.66985766234788,32.96149726900354],[-97.66970978857553,32.9614931617031],[-97.66923866768634,32.961489097400985]]]},"properties":{"prop_id":26172,"state_cd":"S70","ite_code":210,"ite_name":"Single-Family Detached","ite_unit":"DU","units":1,"daily_trips":9.4,"am_peak_trips":0.7,"pm_peak_trips":0.9,"imprv_val":276800.0,"acres":0.753,"city":"Springtown","city_code":"CSP","fill_color":[34,139,34,180]}},{"type":"Feature","geometry":{"type":"Polygon","coordinates":[[[-97.65846275776478,32.968794575171856],[-97.65888491280612,32.96879945331108],[-97.65888217478734,32.968979583298214],[-97.65845917962639,32.96897509538361],[-97.65846275776478,32.968794575171856]]]},"properties":{"prop_id":122967,"state_cd":"S60","ite_code":0,"ite_name":"Vacant/Agricultural","ite_unit":"N/A","units":1.0,"daily_trips":0.0,"am_peak_trips":0.0,"pm_peak_trips":0.0,"imprv_val":0.0,"acres":0.197,"city":"Springtown","city_code":"CSP","fill_color":[80,80,80,100]}},{"type":"Feature","geometry":{"type":"Polygon","coordinates":[[[-97.68970369568005,32.9602061449315],[-97.68953618417326,32.96020248446595],[-97.6894307043401,32.96020320162759],[-97.68914509978258,32.96020947886291],[-97.68914468163746,32.96005909616524],[-97.68914465977012,32.96005108602624],[-97.68914428686925,32.95991690938926],[-97.6891442808428,32.95991464667473],[-97.68914389559485,32.95977644421459],[-97.68914388769878,32.95977345101073],[-97.6891435132663,32.95963885771633],[-97.68914348899652,32.95963005846555],[-97.68914313179033,32.959501411905634],[-97.68914309415415,32.95948799703448],[-97.68914274906417,32.959363985924384],[-97.68914269840296,32.95934556765074],[-97.68914236778043,32.959226519368],[-97.68914230158158,32.9592026711127],[-97.68914198535028,32.95908917815511],[-97.68914190491557,32.95906010824769],[-97.68914157470796,32.95894101487196],[-97.6891415095315,32.95891763917798],[-97.68914116212594,32.95879282992952],[-97.68914111441842,32.95877549115661],[-97.6891407472784,32.9586437242074],[-97.68914071467935,32.95863186230795],[-97.68914033518625,32.95849548605472],[-97.6891403161112,32.95848845621459],[-97.68913989778787,32.95833797788813],[-97.6894713634377,32.958329742654406],[-97.68951429479574,32.958329003737894],[-97.68953139266362,32.95832870912441],[-97.68965127008924,32.9583293570935],[-97.68977104275935,32.95833362148098],[-97.68989055778569,32.95834149498038],[-97.68989107879077,32.95849293260216],[-97.68989159239648,32.958642021823906],[-97.68989206326168,32.958778709787865],[-97.68989210479938,32.95879089189174],[-97.68989255515163,32.95892151946481],[-97.68989261584518,32.958939091892894],[-97.68989304753276,32.959064509507],[-97.68989312792986,32.959087997123895],[-97.68989354092764,32.95920785667521],[-97.6898935956095,32.95922386439957],[-97.68989403479162,32.95935126967687],[-97.68989407198426,32.95936205572869],[-97.6898945252056,32.95949377361518],[-97.6898945495461,32.959500936056166],[-97.68989501553304,32.95963617023327],[-97.68989549371652,32.95977498292295],[-97.68989550791652,32.95977904392663],[-97.68989597132408,32.95991385873399],[-97.68989600352516,32.95992308549971],[-97.68989643699898,32.96004889359861],[-97.68989649375287,32.96006537659565],[-97.68989701774588,32.960217659210684],[-97.6898708816692,32.960215688355554],[-97.68970369568005,32.9602061449315]]]},"properties":{"prop_id":121639,"state_cd":"S50","ite_code":210,"ite_name":"Single-Family Detached","ite_unit":"DU","units":1,"daily_trips":9.4,"am_peak_trips":0.7,"pm_peak_trips":0.9,"imprv_val":173420.0,"acres":0.15,"city":"Springtown","city_code":"CSP","fill_color":[34,139,34,180]}},{"type":"Feature","geometry":{"type":"Polygon","coordinates":[[[-97.68545765659523,32.96622232966036],[-97.68565651732663,32.96619587117997],[-97.68574346739535,32.96661194797146],[-97.68554483400945,32.96664010982095],[-97.68545765659523,32.96622232966036]]]},"properties":{"prop_id":101301,"state_cd":"S50","ite_code":210,"ite_name":"Single-Family Detached","ite_unit":"DU","units":1,"daily_trips":9.4,"am_peak_trips":0.7,"pm_peak_trips":0.9,"imprv_val":244020.0,"acres":0.219,"city":"Springtown","city_code":"CSP","fill_color":[34,139,34,180]}},{"type":"Feature","geometry":{"type":"Polygon","coordinates":[[[-97.69005460376597,32.95850603133994],[-97.69005411927834,32.95835454706348],[-97.69018386946463,32.958362767275325],[-97.69031391545239,32.95836636562404],[-97.6904440262251,32.958365335197],[-97.69083517974,32.958353498038605],[-97.69083581968803,32.95854805891799],[-97.69083627129072,32.95868549255363],[-97.69083672122544,32.95882217225141],[-97.69083717592285,32.95896043828529],[-97.6908376278016,32.95909784215505],[-97.69083807979572,32.95923535063458],[-97.69083852959595,32.95937204565249],[-97.69083897939616,32.959508857905014],[-97.69083943423387,32.95964699226098],[-97.69083988592192,32.9597844177607],[-97.69084033826086,32.959921889255114],[-97.69084078779615,32.960058614019005],[-97.69084133613985,32.96022515190054],[-97.6904502823449,32.96023664437847],[-97.69041379007778,32.960237716746185],[-97.69023685702581,32.960237710623105],[-97.69006012492595,32.96023058656045],[-97.69005964332266,32.960079954560634],[-97.69005958565151,32.96006181400643],[-97.690059182197,32.959936207211555],[-97.69005914063067,32.95992308991857],[-97.69005872516698,32.959793415819256],[-97.69005870555382,32.95978737257238],[-97.6900582694729,32.959650946383924],[-97.69005826353703,32.95964913909095],[-97.69005782501698,32.95951216096817],[-97.6900578092045,32.95950733971666],[-97.69005738574937,32.95937479685747],[-97.69005735267373,32.95936449421],[-97.69005694359154,32.959236813172716],[-97.69005689167928,32.95922073332074],[-97.6900565062039,32.95910017954636],[-97.69005643413371,32.95907776515408],[-97.6900560631481,32.958961592530734],[-97.69005597960246,32.958935520266834],[-97.69005561769544,32.95882279988112],[-97.69005552337866,32.958793226667424],[-97.69005518030846,32.95868593267493],[-97.69005506467053,32.95864980126053],[-97.69005474767106,32.958551002614335],[-97.69005460376597,32.95850603133994]]]},"properties":{"prop_id":121608,"state_cd":"S50","ite_code":0,"ite_name":"Vacant/Agricultural","ite_unit":"N/A","units":1.0,"daily_trips":0.0,"am_peak_trips":0.0,"pm_peak_trips":0.0,"imprv_val":0.0,"acres":0.138,"city":"Springtown","city_code":"CSP","fill_color":[80,80,80,100]}},{"type":"Feature","geometry":{"type":"Polygon","coordinates":[[[-97.68781905406966,32.97177608393184],[-97.68854334493105,32.97178080190456],[-97.68904912995094,32.97178409405142],[-97.68904605580055,32.97199149584104],[-97.68904921517007,32.97201334139569],[-97.68908801584918,32.97213855213619],[-97.68781645365442,32.97229429008471],[-97.68781905406966,32.97177608393184]]]},"properties":{"prop_id":96337,"state_cd":"S85","ite_code":0,"ite_name":"Vacant/Agricultural","ite_unit":"N/A","units":1.0,"daily_trips":0.0,"am_peak_trips":0.0,"pm_peak_trips":0.0,"imprv_val":0.0,"acres":1.317,"city":"Springtown","city_code":"CSP","fill_color":[80,80,80,100]}},{"type":"Feature","geometry":{"type":"Polygon","coordinates":[[[-97.65841797616251,32.97105364507528],[-97.65889868889148,32.97068072677294],[-97.65892705761459,32.97069378816401],[-97.6589573264934,32.970703351569774],[-97.65898889178995,32.97070922623716],[-97.6590211233878,32.97071129518502],[-97.65905337974432,32.970709518011034],[-97.65893406560122,32.97106535279135],[-97.65864514825829,32.971058798838875],[-97.65841797616251,32.97105364507528]]]},"properties":{"prop_id":122978,"state_cd":"S60","ite_code":0,"ite_name":"Vacant/Agricultural","ite_unit":"N/A","units":1.0,"daily_trips":0.0,"am_peak_trips":0.0,"pm_peak_trips":0.0,"imprv_val":0.0,"acres":0.326,"city":"Springtown","city_code":"CSP","fill_color":[80,80,80,100]}},{"type":"Feature","geometry":{"type":"Polygon","coordinates":[[[-97.67122005167558,32.96393141907207],[-97.6706780792045,32.96404095451762],[-97.67051314294929,32.963955115940585],[-97.6706641530707,32.96371374941371],[-97.67063814000632,32.96369948889345],[-97.6708000656004,32.963428053168386],[-97.67124477926862,32.9636837604032],[-97.67122005167558,32.96393141907207]]]},"properties":{"prop_id":26319,"state_cd":"S50","ite_code":0,"ite_name":"Vacant/Agricultural","ite_unit":"N/A","units":1.0,"daily_trips":0.0,"am_peak_trips":0.0,"pm_peak_trips":0.0,"imprv_val":0.0,"acres":0.6991,"city":"Springtown","city_code":"CSP","fill_color":[80,80,80,100]}},{"type":"Feature","geometry":{"type":"Polygon","coordinates":[[[-97.67040440592739,32.97193085092082],[-97.67018922708931,32.97192941838584],[-97.67018948393715,32.971612023350964],[-97.67040348014883,32.97161273197065],[-97.67040440592739,32.97193085092082]]]},"properties":{"prop_id":109426,"state_cd":"S50","ite_code":210,"ite_name":"Single-Family Detached","ite_unit":"DU","units":1,"daily_trips":9.4,"am_peak_trips":0.7,"pm_peak_trips":0.9,"imprv_val":263070.0,"acres":0.174,"city":"Springtown","city_code":"CSP","fill_color":[34,139,34,180]}},{"type":"Feature","geometry":{"type":"Polygon","coordinates":[[[-97.66661968343968,32.959117930426345],[-97.66676773317693,32.95890426895399],[-97.66727246302274,32.95917487806071],[-97.66710521328908,32.95939503659621],[-97.66701690159861,32.95951125789337],[-97.66652544707135,32.95925383106716],[-97.66661968343968,32.959117930426345]]]},"properties":{"prop_id":26261,"state_cd":"S60","ite_code":210,"ite_name":"Single-Family Detached","ite_unit":"DU","units":1,"daily_trips":9.4,"am_peak_trips":0.7,"pm_peak_trips":0.9,"imprv_val":178700.0,"acres":0.6059,"city":"Springtown","city_code":"CSP","fill_color":[34,139,34,180]}},{"type":"Feature","geometry":{"type":"Polygon","coordinates":[[[-97.68208651598343,32.9687517381256],[-97.68211912088621,32.96892777151205],[-97.68181367864464,32.96897012996535],[-97.68178754242429,32.96879075983534],[-97.68208651598343,32.9687517381256]]]},"properties":{"prop_id":16816,"state_cd":"S50","ite_code":210,"ite_name":"Single-Family Detached","ite_unit":"DU","units":1,"daily_trips":9.4,"am_peak_trips":0.7,"pm_peak_trips":0.9,"imprv_val":175590.0,"acres":0.1406,"city":"Springtown","city_code":"CSP","fill_color":[34,139,34,180]}},{"type":"Feature","geometry":{"type":"Polygon","coordinates":[[[-97.66844715679379,32.96585666502761],[-97.66787640554745,32.96585285525678],[-97.66787802686233,32.96568794045716],[-97.66844870537315,32.96569174974242],[-97.66844715679379,32.96585666502761]]]},"properties":{"prop_id":87680,"state_cd":"S50","ite_code":210,"ite_name":"Single-Family Detached","ite_unit":"DU","units":1,"daily_trips":9.4,"am_peak_trips":0.7,"pm_peak_trips":0.9,"imprv_val":227150.0,"acres":0.241,"city":"Springtown","city_code":"CSP","fill_color":[34,139,34,180]}},{"type":"Feature","geometry":{"type":"Polygon","coordinates":[[[-97.67105067366748,32.97120514949564],[-97.67083668514006,32.97120372598397],[-97.67083800492343,32.97088888024407],[-97.67104994684973,32.97089124427494],[-97.67105067366748,32.97120514949564]]]},"properties":{"prop_id":109461,"state_cd":"S50","ite_code":210,"ite_name":"Single-Family Detached","ite_unit":"DU","units":1,"daily_trips":9.4,"am_peak_trips":0.7,"pm_peak_trips":0.9,"imprv_val":253370.0,"acres":0.174,"city":"Springtown","city_code":"CSP","fill_color":[34,139,34,180]}},{"type":"Feature","geometry":{"type":"Polygon","coordinates":[[[-97.67574130976053,32.97753808221145],[-97.67576049902605,32.976949051281466],[-97.67647956757219,32.976948876990114],[-97.67646415101792,32.9775518750996],[-97.67574130976053,32.97753808221145]]]},"properties":{"prop_id":37922,"state_cd":"9C","ite_code":210,"ite_name":"Single-Family Detached","ite_unit":"DU","units":2,"daily_trips":18.9,"am_peak_trips":1.4,"pm_peak_trips":1.9,"imprv_val":317110.0,"acres":1.0,"city":"Springtown","city_code":"CSP","fill_color":[34,139,34,180]}},{"type":"Feature","geometry":{"type":"Polygon","coordinates":[[[-97.67169290154067,32.97121180579376],[-97.67147921774173,32.97120799918613],[-97.67147541403958,32.97089598268315],[-97.67169168446861,32.970895511109134],[-97.67169290154067,32.97121180579376]]]},"properties":{"prop_id":109458,"state_cd":"S50","ite_code":210,"ite_name":"Single-Family Detached","ite_unit":"DU","units":1,"daily_trips":9.4,"am_peak_trips":0.7,"pm_peak_trips":0.9,"imprv_val":242210.0,"acres":0.174,"city":"Springtown","city_code":"CSP","fill_color":[34,139,34,180]}},{"type":"Feature","geometry":{"type":"Polygon","coordinates":[[[-97.64750656461267,32.96791072497881],[-97.64751995734582,32.96757983222363],[-97.64770005137747,32.96758457303334],[-97.64768629417654,32.96791538845895],[-97.64750656461267,32.96791072497881]]]},"properties":{"prop_id":127251,"state_cd":"S60","ite_code":0,"ite_name":"Vacant/Agricultural","ite_unit":"N/A","units":1.0,"daily_trips":0.0,"am_peak_trips":0.0,"pm_peak_trips":0.0,"imprv_val":0.0,"acres":0.152,"city":"Springtown","city_code":"CSP","fill_color":[80,80,80,100]}},{"type":"Feature","geometry":{"type":"Polygon","coordinates":[[[-97.68512953207006,32.970186101947625],[-97.68477012695556,32.97023954901815],[-97.68470213103069,32.96996551918199],[-97.685098419005,32.96996607203581],[-97.68512953207006,32.970186101947625]]]},"properties":{"prop_id":59570,"state_cd":"S60","ite_code":210,"ite_name":"Single-Family Detached","ite_unit":"DU","units":1,"daily_trips":9.4,"am_peak_trips":0.7,"pm_peak_trips":0.9,"imprv_val":122020.0,"acres":0.21,"city":"Springtown","city_code":"CSP","fill_color":[34,139,34,180]}},{"type":"Feature","geometry":{"type":"Polygon","coordinates":[[[-97.68588738800982,32.97062622394561],[-97.68566141106584,32.969623350267426],[-97.68650074009376,32.969626751363876],[-97.68651200976764,32.969917102666564],[-97.68618022623588,32.969915356772894],[-97.68620456240362,32.9703059182674],[-97.68621186645423,32.97042185826882],[-97.68620582240327,32.97062830368337],[-97.68588738800982,32.97062622394561]]]},"properties":{"prop_id":59588,"state_cd":"S80","ite_code":210,"ite_name":"Single-Family Detached","ite_unit":"DU","units":1,"daily_trips":9.4,"am_peak_trips":0.7,"pm_peak_trips":0.9,"imprv_val":225320.0,"acres":0.71,"city":"Springtown","city_code":"CSP","fill_color":[34,139,34,180]}},{"type":"Feature","geometry":{"type":"Polygon","coordinates":[[[-97.68161200258464,32.968410670200534],[-97.68117654973152,32.968450561695214],[-97.68113684399773,32.968117901442824],[-97.68152654336657,32.96808695420218],[-97.68157315921732,32.968127254397416],[-97.68161200258464,32.968410670200534]]]},"properties":{"prop_id":29554,"state_cd":"S50","ite_code":0,"ite_name":"Vacant/Agricultural","ite_unit":"N/A","units":1.0,"daily_trips":0.0,"am_peak_trips":0.0,"pm_peak_trips":0.0,"imprv_val":0.0,"acres":0.26,"city":"Springtown","city_code":"CSP","fill_color":[80,80,80,100]}},{"type":"Feature","geometry":{"type":"Polygon","coordinates":[[[-97.68360297291066,32.969927742864186],[-97.6831969891254,32.96998574289154],[-97.68316115623988,32.9697946138022],[-97.6831348290363,32.96979822529006],[-97.68312838349387,32.96976374243055],[-97.68355340591151,32.96970174963619],[-97.68360297291066,32.969927742864186]]]},"properties":{"prop_id":97144,"state_cd":"S1","ite_code":0,"ite_name":"Vacant/Agricultural","ite_unit":"N/A","units":1.0,"daily_trips":0.0,"am_peak_trips":0.0,"pm_peak_trips":0.0,"imprv_val":0.0,"acres":0.238,"city":"Springtown","city_code":"CSP","fill_color":[80,80,80,100]}},{"type":"Feature","geometry":{"type":"Polygon","coordinates":[[[-97.68772961951045,32.981100088872445],[-97.68840891763085,32.981123345730964],[-97.6883811091281,32.98169628722055],[-97.68770190289607,32.98167513208273],[-97.68772961951045,32.981100088872445]]]},"properties":{"prop_id":34972,"state_cd":"S90","ite_code":210,"ite_name":"Single-Family Detached","ite_unit":"DU","units":2,"daily_trips":18.9,"am_peak_trips":1.4,"pm_peak_trips":1.9,"imprv_val":150440.0,"acres":1.0,"city":"Springtown","city_code":"CSP","fill_color":[34,139,34,180]}},{"type":"Feature","geometry":{"type":"Polygon","coordinates":[[[-97.67565422468681,32.96132467013887],[-97.67617797593854,32.961591362742205],[-97.67609257784851,32.96173248284816],[-97.67607675436923,32.96218581903843],[-97.67562461433413,32.962172848282535],[-97.67565422468681,32.96132467013887]]]},"properties":{"prop_id":2989,"state_cd":"SF-OVR","ite_code":210,"ite_name":"Single-Family Detached","ite_unit":"DU","units":1,"daily_trips":9.4,"am_peak_trips":0.7,"pm_peak_trips":0.9,"imprv_val":540964.0,"acres":0.87,"city":"Springtown","city_code":"CSP","fill_color":[34,139,34,180]}},{"type":"Feature","geometry":{"type":"Polygon","coordinates":[[[-97.66849971079614,32.96430319672618],[-97.66793123486751,32.96391334839348],[-97.66813831087394,32.96363348517239],[-97.66826245840548,32.963582669958015],[-97.66849491395685,32.963487521299754],[-97.66859480389296,32.96345230417964],[-97.6686383190155,32.963436963168334],[-97.66867540163489,32.96342388970482],[-97.66880297411615,32.963315617213425],[-97.66888102057193,32.96323359286325],[-97.66995232235072,32.96367494276239],[-97.6696755142669,32.964128732837366],[-97.66965395627075,32.964172500826535],[-97.66964051613587,32.96421851794408],[-97.66963550659203,32.96426572122182],[-97.66963904059422,32.96431301840216],[-97.66964257230684,32.965025379422435],[-97.66880145852068,32.96477541015387],[-97.66865638509793,32.964410544575806],[-97.66849971079614,32.96430319672618]]]},"properties":{"prop_id":26306,"state_cd":"S180","ite_code":210,"ite_name":"Single-Family Detached","ite_unit":"DU","units":4,"daily_trips":37.8,"am_peak_trips":2.8,"pm_peak_trips":3.8,"imprv_val":137830.0,"acres":5.0228,"city":"Springtown","city_code":"CSP","fill_color":[34,139,34,180]}},{"type":"Feature","geometry":{"type":"Polygon","coordinates":[[[-97.6667312999204,32.96091182161157],[-97.66690790824045,32.96067814828702],[-97.66742811051833,32.96096881564977],[-97.66725730840602,32.96120239142075],[-97.66721139766311,32.961177030109084],[-97.6667312999204,32.96091182161157]]]},"properties":{"prop_id":26246,"state_cd":"S50","ite_code":210,"ite_name":"Single-Family Detached","ite_unit":"DU","units":1,"daily_trips":9.4,"am_peak_trips":0.7,"pm_peak_trips":0.9,"imprv_val":242210.0,"acres":0.4424,"city":"Springtown","city_code":"CSP","fill_color":[34,139,34,180]}},{"type":"Feature","geometry":{"type":"Polygon","coordinates":[[[-97.67511067177284,32.9677445469572],[-97.67522288806256,32.967744045161616],[-97.6752249136296,32.96802117450977],[-97.67510995077292,32.96802212978347],[-97.67511067177284,32.9677445469572]]]},"properties":{"prop_id":89554,"state_cd":"S25","ite_code":210,"ite_name":"Single-Family Detached","ite_unit":"DU","units":1,"daily_trips":9.4,"am_peak_trips":0.7,"pm_peak_trips":0.9,"imprv_val":155000.0,"acres":0.082,"city":"Springtown","city_code":"CSP","fill_color":[34,139,34,180]}},{"type":"Feature","geometry":{"type":"Polygon","coordinates":[[[-97.67931629788043,32.968256009971306],[-97.67956779855471,32.96823526193586],[-97.67961293733393,32.96863215025858],[-97.67965174623687,32.968973142460605],[-97.67937007422856,32.96900053684506],[-97.67931629788043,32.968256009971306]]]},"properties":{"prop_id":87309,"state_cd":"S65","ite_code":210,"ite_name":"Single-Family Detached","ite_unit":"DU","units":1,"daily_trips":9.4,"am_peak_trips":0.7,"pm_peak_trips":0.9,"imprv_val":202700.0,"acres":0.567,"city":"Springtown","city_code":"CSP","fill_color":[34,139,34,180]}},{"type":"Feature","geometry":{"type":"Polygon","coordinates":[[[-97.69358225258718,32.975297591624056],[-97.6938200199154,32.97501033865886],[-97.6939678678313,32.975057941627945],[-97.6940575457334,32.975086815309105],[-97.69380506439316,32.97542729192859],[-97.69358225258718,32.975297591624056]]]},"properties":{"prop_id":113068,"state_cd":"S55","ite_code":210,"ite_name":"Single-Family Detached","ite_unit":"DU","units":1,"daily_trips":9.4,"am_peak_trips":0.7,"pm_peak_trips":0.9,"imprv_val":292360.0,"acres":0.249,"city":"Springtown","city_code":"CSP","fill_color":[34,139,34,180]}},{"type":"Feature","geometry":{"type":"Polygon","coordinates":[[[-97.65893406560122,32.97106535279135],[-97.65905337974432,32.970709518011034],[-97.6590878947082,32.97070322259785],[-97.65912085199042,32.97069252748638],[-97.65915146495605,32.970677687095886],[-97.65917900699974,32.970659056353746],[-97.65923748174089,32.97066019034899],[-97.65922443663112,32.971071939328255],[-97.65893406560122,32.97106535279135]]]},"properties":{"prop_id":122979,"state_cd":"S60","ite_code":0,"ite_name":"Vacant/Agricultural","ite_unit":"N/A","units":1.0,"daily_trips":0.0,"am_peak_trips":0.0,"pm_peak_trips":0.0,"imprv_val":0.0,"acres":0.232,"city":"Springtown","city_code":"CSP","fill_color":[80,80,80,100]}},{"type":"Feature","geometry":{"type":"Polygon","coordinates":[[[-97.68937486450115,32.98315767788361],[-97.68940146650895,32.98236325753065],[-97.68949762911205,32.98236654865403],[-97.68970452756975,32.98237363033586],[-97.68979228109725,32.98188837639161],[-97.68987401978957,32.98189117396171],[-97.68973407108787,32.98266505368058],[-97.69013502384455,32.98275280940003],[-97.69049219330446,32.982762170986504],[-97.69047678055207,32.98317987717766],[-97.68937486450115,32.98315767788361]]]},"properties":{"prop_id":105658,"state_cd":"S90","ite_code":210,"ite_name":"Single-Family Detached","ite_unit":"DU","units":3,"daily_trips":28.3,"am_peak_trips":2.1,"pm_peak_trips":2.8,"imprv_val":18360.0,"acres":1.673,"city":"Springtown","city_code":"CSP","fill_color":[34,139,34,180]}},{"type":"Feature","geometry":{"type":"Polygon","coordinates":[[[-97.68012778606884,32.97163438280847],[-97.68025879639657,32.97117114315578],[-97.68041894184283,32.97145674855238],[-97.68042135210358,32.97166841859127],[-97.68025410084216,32.97172424616195],[-97.68024563453814,32.971707409356995],[-97.68023457748212,32.97169167467224],[-97.68022112923198,32.97167732839565],[-97.68020553345816,32.97166463005064],[-97.68018807261922,32.97165380965558],[-97.68016906479444,32.971645063193975],[-97.68014885194913,32.97163854893004],[-97.68012778606884,32.97163438280847]]]},"properties":{"prop_id":70347,"state_cd":"S50","ite_code":210,"ite_name":"Single-Family Detached","ite_unit":"DU","units":1,"daily_trips":9.4,"am_peak_trips":0.7,"pm_peak_trips":0.9,"imprv_val":185970.0,"acres":0.2453,"city":"Springtown","city_code":"CSP","fill_color":[34,139,34,180]}},{"type":"Feature","geometry":{"type":"Polygon","coordinates":[[[-97.67640087809244,32.95729528722622],[-97.6764114287076,32.95702322954074],[-97.67685557341309,32.95702973734283],[-97.67684614763127,32.95730015395168],[-97.67640087809244,32.95729528722622]]]},"properties":{"prop_id":1925,"state_cd":"S45","ite_code":210,"ite_name":"Single-Family Detached","ite_unit":"DU","units":1,"daily_trips":9.4,"am_peak_trips":0.7,"pm_peak_trips":0.9,"imprv_val":277200.0,"acres":0.3091,"city":"Springtown","city_code":"CSP","fill_color":[34,139,34,180]}},{"type":"Feature","geometry":{"type":"Polygon","coordinates":[[[-97.68321716176298,32.95756686648713],[-97.68379072287262,32.95756525980264],[-97.68367988790945,32.95826822535352],[-97.68361443222071,32.95826667646725],[-97.68309200584915,32.958265231258224],[-97.68321716176298,32.95756686648713]]]},"properties":{"prop_id":46129,"state_cd":"S90","ite_code":210,"ite_name":"Single-Family Detached","ite_unit":"DU","units":2,"daily_trips":18.9,"am_peak_trips":1.4,"pm_peak_trips":1.9,"imprv_val":219720.0,"acres":1.06,"city":"Springtown","city_code":"CSP","fill_color":[34,139,34,180]}},{"type":"Feature","geometry":{"type":"Polygon","coordinates":[[[-97.68339181053928,32.97501355142115],[-97.68339212272399,32.97501508476056],[-97.68343932510511,32.9752453099619],[-97.68369417193715,32.97520971880163],[-97.68384432996473,32.9759973407914],[-97.68308817202019,32.97599238686975],[-97.68291428232268,32.97508024075949],[-97.68339181053928,32.97501355142115]]]},"properties":{"prop_id":44212,"state_cd":"S110","ite_code":210,"ite_name":"Single-Family Detached","ite_unit":"DU","units":3,"daily_trips":28.3,"am_peak_trips":2.1,"pm_peak_trips":2.8,"imprv_val":225330.0,"acres":1.939,"city":"Springtown","city_code":"CSP","fill_color":[34,139,34,180]}},{"type":"Feature","geometry":{"type":"Polygon","coordinates":[[[-97.67281284259695,32.96313999161468],[-97.67284591026068,32.96309111128746],[-97.6728851746135,32.9630456052235],[-97.67293015440775,32.96300402935406],[-97.67334414340804,32.96338136071248],[-97.67320052073966,32.963493342436536],[-97.67281284259695,32.96313999161468]]]},"properties":{"prop_id":86716,"state_cd":"S50","ite_code":210,"ite_name":"Single-Family Detached","ite_unit":"DU","units":1,"daily_trips":9.4,"am_peak_trips":0.7,"pm_peak_trips":0.9,"imprv_val":199510.0,"acres":0.23,"city":"Springtown","city_code":"CSP","fill_color":[34,139,34,180]}},{"type":"Feature","geometry":{"type":"Polygon","coordinates":[[[-97.68459187337288,32.97423716516757],[-97.68489885608848,32.97421443354948],[-97.6849492929283,32.97447850127002],[-97.68465785805235,32.97450719387027],[-97.68464231522124,32.9745087244863],[-97.68459187337288,32.97423716516757]]]},"properties":{"prop_id":26927,"state_cd":"S50","ite_code":210,"ite_name":"Single-Family Detached","ite_unit":"DU","units":1,"daily_trips":9.4,"am_peak_trips":0.7,"pm_peak_trips":0.9,"imprv_val":169590.0,"acres":0.215,"city":"Springtown","city_code":"CSP","fill_color":[34,139,34,180]}},{"type":"Feature","geometry":{"type":"Polygon","coordinates":[[[-97.6923951807301,32.97343786939948],[-97.6921017789254,32.97371469655663],[-97.6919198249396,32.97357749066224],[-97.69221352048089,32.97330119880794],[-97.6923951807301,32.97343786939948]]]},"properties":{"prop_id":117439,"state_cd":"S55","ite_code":0,"ite_name":"Vacant/Agricultural","ite_unit":"N/A","units":1.0,"daily_trips":0.0,"am_peak_trips":0.0,"pm_peak_trips":0.0,"imprv_val":0.0,"acres":0.232,"city":"Springtown","city_code":"CSP","fill_color":[80,80,80,100]}},{"type":"Feature","geometry":{"type":"Polygon","coordinates":[[[-97.66963764909809,32.972954781866115],[-97.6696455334729,32.972390672663074],[-97.66994752781369,32.97239812236139],[-97.66997584982644,32.9723988196163],[-97.66997584802124,32.97239889806291],[-97.66996365457618,32.972961240760405],[-97.66963764909809,32.972954781866115]]]},"properties":{"prop_id":26999,"state_cd":"S110","ite_code":210,"ite_name":"Single-Family Detached","ite_unit":"DU","units":1,"daily_trips":9.4,"am_peak_trips":0.7,"pm_peak_trips":0.9,"imprv_val":255900.0,"acres":0.918,"city":"Springtown","city_code":"CSP","fill_color":[34,139,34,180]}},{"type":"Feature","geometry":{"type":"Polygon","coordinates":[[[-97.68739124631415,32.9703991903714],[-97.68739214993907,32.9706564212618],[-97.68707557470213,32.970654360290354],[-97.68707536121474,32.970396172550586],[-97.6872236550586,32.97039792886234],[-97.68739124631415,32.9703991903714]]]},"properties":{"prop_id":17197,"state_cd":"S50","ite_code":210,"ite_name":"Single-Family Detached","ite_unit":"DU","units":1,"daily_trips":9.4,"am_peak_trips":0.7,"pm_peak_trips":0.9,"imprv_val":210300.0,"acres":0.15,"city":"Springtown","city_code":"CSP","fill_color":[34,139,34,180]}},{"type":"Feature","geometry":{"type":"Polygon","coordinates":[[[-97.68734083538716,32.98166277908098],[-97.68743734856788,32.980578809732414],[-97.6877508758878,32.980583403645795],[-97.68775452212115,32.980583434621806],[-97.68772961951045,32.981100088872445],[-97.68770190289607,32.98167513208273],[-97.6876989088132,32.981675039522635],[-97.68734083538716,32.98166277908098]]]},"properties":{"prop_id":91445,"state_cd":"8","ite_code":210,"ite_name":"Single-Family Detached","ite_unit":"DU","units":2,"daily_trips":18.9,"am_peak_trips":1.4,"pm_peak_trips":1.9,"imprv_val":106120.0,"acres":1.01,"city":"Springtown","city_code":"CSP","fill_color":[34,139,34,180]}},{"type":"Feature","geometry":{"type":"Polygon","coordinates":[[[-97.67613503040035,32.97375820546554],[-97.67614947133228,32.97320860566883],[-97.67679721979698,32.97322697681444],[-97.67679210922329,32.97377669510195],[-97.67613503040035,32.97375820546554]]]},"properties":{"prop_id":37901,"state_cd":"S80","ite_code":210,"ite_name":"Single-Family Detached","ite_unit":"DU","units":1,"daily_trips":9.4,"am_peak_trips":0.7,"pm_peak_trips":0.9,"imprv_val":296030.0,"acres":0.88,"city":"Springtown","city_code":"CSP","fill_color":[34,139,34,180]}},{"type":"Feature","geometry":{"type":"Polygon","coordinates":[[[-97.65903035808745,32.96995397295688],[-97.65934070939477,32.96995673055512],[-97.65940617324094,32.97015958659714],[-97.659027237658,32.97015580905282],[-97.65903035808745,32.96995397295688]]]},"properties":{"prop_id":123028,"state_cd":"S60","ite_code":0,"ite_name":"Vacant/Agricultural","ite_unit":"N/A","units":1.0,"daily_trips":0.0,"am_peak_trips":0.0,"pm_peak_trips":0.0,"imprv_val":0.0,"acres":0.178,"city":"Springtown","city_code":"CSP","fill_color":[80,80,80,100]}},{"type":"Feature","geometry":{"type":"Polygon","coordinates":[[[-97.69057444049709,32.971203399357904],[-97.69008597088616,32.97123175631542],[-97.68999795151315,32.9710389780185],[-97.69048556138746,32.971010577049135],[-97.69057444049709,32.971203399357904]]]},"properties":{"prop_id":38106,"state_cd":"S60","ite_code":210,"ite_name":"Single-Family Detached","ite_unit":"DU","units":1,"daily_trips":9.4,"am_peak_trips":0.7,"pm_peak_trips":0.9,"imprv_val":180990.0,"acres":0.25,"city":"Springtown","city_code":"CSP","fill_color":[34,139,34,180]}},{"type":"Feature","geometry":{"type":"Polygon","coordinates":[[[-97.67681726533309,32.95812742424361],[-97.67733851368196,32.95812836492962],[-97.67735957941949,32.95814980690268],[-97.67738319574305,32.958169366467445],[-97.67740911636126,32.958186840889844],[-97.67743707871965,32.95820205077574],[-97.67746982985764,32.95821799027777],[-97.67769111265109,32.95829957695249],[-97.67770513459922,32.95830613646776],[-97.67771737019727,32.95831487652883],[-97.6777273476171,32.95832546034776],[-97.67773468446426,32.958337481384326],[-97.67773909834061,32.958350477845016],[-97.67774042057428,32.9583639517118],[-97.67773859929473,32.95837738319163],[-97.6777337001844,32.958390264990626],[-97.67757704467662,32.958691762617526],[-97.67718096767636,32.958545764095724],[-97.67680748302773,32.9584080913003],[-97.67681726533309,32.95812742424361]]]},"properties":{"prop_id":1932,"state_cd":"S80","ite_code":210,"ite_name":"Single-Family Detached","ite_unit":"DU","units":1,"daily_trips":9.4,"am_peak_trips":0.7,"pm_peak_trips":0.9,"imprv_val":243560.0,"acres":0.8829,"city":"Springtown","city_code":"CSP","fill_color":[34,139,34,180]}},{"type":"Feature","geometry":{"type":"Polygon","coordinates":[[[-97.6878533818634,32.97644181843387],[-97.68785802312209,32.976167001393655],[-97.68842808195708,32.97617329751653],[-97.68842347561686,32.97644811659726],[-97.6878533818634,32.97644181843387]]]},"properties":{"prop_id":19177,"state_cd":"S55","ite_code":210,"ite_name":"Single-Family Detached","ite_unit":"DU","units":1,"daily_trips":9.4,"am_peak_trips":0.7,"pm_peak_trips":0.9,"imprv_val":261180.0,"acres":0.4,"city":"Springtown","city_code":"CSP","fill_color":[34,139,34,180]}},{"type":"Feature","geometry":{"type":"Polygon","coordinates":[[[-97.6850601948684,32.96682742549841],[-97.68526866053767,32.96679809590691],[-97.6853222495183,32.96706875415068],[-97.68511317592032,32.96709816192551],[-97.6850601948684,32.96682742549841]]]},"properties":{"prop_id":93850,"state_cd":"S40","ite_code":210,"ite_name":"Single-Family Detached","ite_unit":"DU","units":1,"daily_trips":9.4,"am_peak_trips":0.7,"pm_peak_trips":0.9,"imprv_val":239070.0,"acres":0.148,"city":"Springtown","city_code":"CSP","fill_color":[34,139,34,180]}},{"type":"Feature","geometry":{"type":"Polygon","coordinates":[[[-97.6864849245131,32.96690519151222],[-97.6862915651632,32.96693239787835],[-97.68623796711603,32.96666171475501],[-97.68643132696111,32.966634508478066],[-97.6864849245131,32.96690519151222]]]},"properties":{"prop_id":93856,"state_cd":"S40","ite_code":210,"ite_name":"Single-Family Detached","ite_unit":"DU","units":1,"daily_trips":9.4,"am_peak_trips":0.7,"pm_peak_trips":0.9,"imprv_val":239070.0,"acres":0.138,"city":"Springtown","city_code":"CSP","fill_color":[34,139,34,180]}},{"type":"Feature","geometry":{"type":"Polygon","coordinates":[[[-97.65848076971923,32.96788594526599],[-97.65889873803086,32.967889739982205],[-97.65889597175195,32.96807172485395],[-97.65847713609367,32.96806927250535],[-97.65848076971923,32.96788594526599]]]},"properties":{"prop_id":122962,"state_cd":"S60","ite_code":0,"ite_name":"Vacant/Agricultural","ite_unit":"N/A","units":1.0,"daily_trips":0.0,"am_peak_trips":0.0,"pm_peak_trips":0.0,"imprv_val":0.0,"acres":0.195,"city":"Springtown","city_code":"CSP","fill_color":[80,80,80,100]}},{"type":"Feature","geometry":{"type":"Polygon","coordinates":[[[-97.68133083521342,32.96763456055615],[-97.6813684554305,32.967994168871115],[-97.68137027126234,32.96799968913457],[-97.68121589498752,32.96801855024314],[-97.68116857695573,32.96765215867584],[-97.68133083521342,32.96763456055615]]]},"properties":{"prop_id":59587,"state_cd":"S60","ite_code":210,"ite_name":"Single-Family Detached","ite_unit":"DU","units":1,"daily_trips":9.4,"am_peak_trips":0.7,"pm_peak_trips":0.9,"imprv_val":158560.0,"acres":0.137,"city":"Springtown","city_code":"CSP","fill_color":[34,139,34,180]}},{"type":"Feature","geometry":{"type":"Polygon","coordinates":[[[-97.68570869099445,32.97441871252983],[-97.68601176621854,32.9744180310455],[-97.68600487206862,32.975167982647555],[-97.68600247631667,32.975168003975256],[-97.68585513372213,32.97516932678843],[-97.68585509589516,32.975169135355074],[-97.68570869099445,32.97441871252983]]]},"properties":{"prop_id":33856,"state_cd":"S65","ite_code":210,"ite_name":"Single-Family Detached","ite_unit":"DU","units":1,"daily_trips":9.4,"am_peak_trips":0.7,"pm_peak_trips":0.9,"imprv_val":173070.0,"acres":0.43,"city":"Springtown","city_code":"CSP","fill_color":[34,139,34,180]}},{"type":"Feature","geometry":{"type":"Polygon","coordinates":[[[-97.68512113247307,32.969589351577],[-97.68548593663184,32.96952506461743],[-97.68553961201721,32.969734817725666],[-97.685162906645,32.96974182532483],[-97.68516221417144,32.96973929749748],[-97.68512113247307,32.969589351577]]]},"properties":{"prop_id":59542,"state_cd":"S60","ite_code":210,"ite_name":"Single-Family Detached","ite_unit":"DU","units":1,"daily_trips":9.4,"am_peak_trips":0.7,"pm_peak_trips":0.9,"imprv_val":149900.0,"acres":0.18,"city":"Springtown","city_code":"CSP","fill_color":[34,139,34,180]}},{"type":"Feature","geometry":{"type":"Polygon","coordinates":[[[-97.67726493091314,32.95616921780491],[-97.6772656917994,32.95608731008151],[-97.67758316232413,32.95609045015002],[-97.67758173296916,32.956174222944234],[-97.67757584758351,32.95651657088843],[-97.67726172289464,32.95651455222742],[-97.67726493091314,32.95616921780491]]]},"properties":{"prop_id":1873,"state_cd":"S45","ite_code":210,"ite_name":"Single-Family Detached","ite_unit":"DU","units":1,"daily_trips":9.4,"am_peak_trips":0.7,"pm_peak_trips":0.9,"imprv_val":277580.0,"acres":0.3452,"city":"Springtown","city_code":"CSP","fill_color":[34,139,34,180]}},{"type":"Feature","geometry":{"type":"Polygon","coordinates":[[[-97.68334607606624,32.9662375659209],[-97.68376512645798,32.96617340685217],[-97.68380196979703,32.96635784283618],[-97.68338327717564,32.966421977322405],[-97.68334607606624,32.9662375659209]]]},"properties":{"prop_id":26701,"state_cd":"S25","ite_code":210,"ite_name":"Single-Family Detached","ite_unit":"DU","units":1,"daily_trips":9.4,"am_peak_trips":0.7,"pm_peak_trips":0.9,"imprv_val":107930.0,"acres":0.204,"city":"Springtown","city_code":"CSP","fill_color":[34,139,34,180]}},{"type":"Feature","geometry":{"type":"Polygon","coordinates":[[[-97.67062170904254,32.97161490048629],[-97.67062298788863,32.971297082980556],[-97.6708385187973,32.97129708592554],[-97.67083725413376,32.97161347142717],[-97.67062170904254,32.97161490048629]]]},"properties":{"prop_id":109395,"state_cd":"S50","ite_code":210,"ite_name":"Single-Family Detached","ite_unit":"DU","units":1,"daily_trips":9.4,"am_peak_trips":0.7,"pm_peak_trips":0.9,"imprv_val":264470.0,"acres":0.174,"city":"Springtown","city_code":"CSP","fill_color":[34,139,34,180]}},{"type":"Feature","geometry":{"type":"Polygon","coordinates":[[[-97.68442344285509,32.96401176293479],[-97.68427033206304,32.96352451562906],[-97.68426269533589,32.96348625808503],[-97.68444694648662,32.96352638675358],[-97.68465730552083,32.96357828522291],[-97.68501406165706,32.963666654654915],[-97.68501250922961,32.963679343979095],[-97.68493838973514,32.964305214316845],[-97.68485409152252,32.964323433486534],[-97.68458421198544,32.96398894915549],[-97.68442344285509,32.96401176293479]]]},"properties":{"prop_id":59593,"state_cd":"SF-OVR","ite_code":210,"ite_name":"Single-Family Detached","ite_unit":"DU","units":1,"daily_trips":9.4,"am_peak_trips":0.7,"pm_peak_trips":0.9,"imprv_val":79150.0,"acres":0.91,"city":"Springtown","city_code":"CSP","fill_color":[34,139,34,180]}},{"type":"Feature","geometry":{"type":"Polygon","coordinates":[[[-97.69278198191564,32.974227612342794],[-97.69248563474565,32.97450556481596],[-97.69231635475279,32.974377871994676],[-97.69261203960771,32.97409946652072],[-97.69278198191564,32.974227612342794]]]},"properties":{"prop_id":113033,"state_cd":"S55","ite_code":210,"ite_name":"Single-Family Detached","ite_unit":"DU","units":1,"daily_trips":9.4,"am_peak_trips":0.7,"pm_peak_trips":0.9,"imprv_val":260000.0,"acres":0.217,"city":"Springtown","city_code":"CSP","fill_color":[34,139,34,180]}},{"type":"Feature","geometry":{"type":"Polygon","coordinates":[[[-97.67109353515013,32.962009498617746],[-97.67122882731057,32.96172645090778],[-97.67171611215247,32.96204555116844],[-97.67154565066478,32.962302829521946],[-97.67109353515013,32.962009498617746]]]},"properties":{"prop_id":26328,"state_cd":"S50","ite_code":210,"ite_name":"Single-Family Detached","ite_unit":"DU","units":1,"daily_trips":9.4,"am_peak_trips":0.7,"pm_peak_trips":0.9,"imprv_val":249380.0,"acres":0.445,"city":"Springtown","city_code":"CSP","fill_color":[34,139,34,180]}},{"type":"Feature","geometry":{"type":"Polygon","coordinates":[[[-97.67874220782113,32.97708950715976],[-97.67872883404992,32.977088755294716],[-97.67874091204597,32.97694405003597],[-97.6781169008067,32.97691574440508],[-97.67814204595648,32.97635259505788],[-97.67930410673203,32.97632686064966],[-97.67927608637692,32.9771195076912],[-97.67874220782113,32.97708950715976]]]},"properties":{"prop_id":44203,"state_cd":"S150","ite_code":210,"ite_name":"Single-Family Detached","ite_unit":"DU","units":2,"daily_trips":18.9,"am_peak_trips":1.4,"pm_peak_trips":1.9,"imprv_val":262860.0,"acres":2.1,"city":"Springtown","city_code":"CSP","fill_color":[34,139,34,180]}},{"type":"Feature","geometry":{"type":"Polygon","coordinates":[[[-97.6767040064228,32.97256445199898],[-97.67678053613213,32.97188209091659],[-97.6776568000746,32.971911739038575],[-97.67765046640906,32.97259374044613],[-97.67764933479252,32.97259370502278],[-97.6767040064228,32.97256445199898]]]},"properties":{"prop_id":37909,"state_cd":"S110","ite_code":0,"ite_name":"Vacant/Agricultural","ite_unit":"N/A","units":1.0,"daily_trips":0.0,"am_peak_trips":0.0,"pm_peak_trips":0.0,"imprv_val":0.0,"acres":1.5,"city":"Springtown","city_code":"CSP","fill_color":[80,80,80,100]}},{"type":"Feature","geometry":{"type":"Polygon","coordinates":[[[-97.6701255605406,32.96896263522575],[-97.67045229817866,32.96894190512771],[-97.67045282125925,32.96936949388801],[-97.67038898144973,32.96936944228597],[-97.67019417974717,32.96936928346538],[-97.67012627880803,32.96936922813541],[-97.6701255605406,32.96896263522575]]]},"properties":{"prop_id":109330,"state_cd":"S55","ite_code":210,"ite_name":"Single-Family Detached","ite_unit":"DU","units":1,"daily_trips":9.4,"am_peak_trips":0.7,"pm_peak_trips":0.9,"imprv_val":257440.0,"acres":0.345,"city":"Springtown","city_code":"CSP","fill_color":[34,139,34,180]}},{"type":"Feature","geometry":{"type":"Polygon","coordinates":[[[-97.67351758738594,32.96644485928662],[-97.67437410966812,32.96641462977277],[-97.67437525141764,32.96652452997332],[-97.6743766638974,32.9666605857562],[-97.67437690579216,32.96668386703675],[-97.6735211315502,32.966724223617156],[-97.67351758738594,32.96644485928662]]]},"properties":{"prop_id":26366,"state_cd":"S65","ite_code":210,"ite_name":"Single-Family Detached","ite_unit":"DU","units":1,"daily_trips":9.4,"am_peak_trips":0.7,"pm_peak_trips":0.9,"imprv_val":171870.0,"acres":0.6018,"city":"Springtown","city_code":"CSP","fill_color":[34,139,34,180]}},{"type":"Feature","geometry":{"type":"Polygon","coordinates":[[[-97.66986638702399,32.958917189175374],[-97.6701370284204,32.958557195006065],[-97.67041194395343,32.95870462790932],[-97.67014369098621,32.95906358163146],[-97.66986638702399,32.958917189175374]]]},"properties":{"prop_id":26212,"state_cd":"S50","ite_code":210,"ite_name":"Single-Family Detached","ite_unit":"DU","units":1,"daily_trips":9.4,"am_peak_trips":0.7,"pm_peak_trips":0.9,"imprv_val":277160.0,"acres":0.3557,"city":"Springtown","city_code":"CSP","fill_color":[34,139,34,180]}},{"type":"Feature","geometry":{"type":"Polygon","coordinates":[[[-97.67911657426683,32.97166689616753],[-97.67912309586065,32.97127996784741],[-97.67907275384044,32.97127916910818],[-97.67907018464904,32.97114176939083],[-97.67931443662278,32.97114780330259],[-97.67934703904936,32.971148595155725],[-97.679328146258,32.97167406210932],[-97.67911657426683,32.97166689616753]]]},"properties":{"prop_id":70352,"state_cd":"S50","ite_code":210,"ite_name":"Single-Family Detached","ite_unit":"DU","units":1,"daily_trips":9.4,"am_peak_trips":0.7,"pm_peak_trips":0.9,"imprv_val":294920.0,"acres":0.486,"city":"Springtown","city_code":"CSP","fill_color":[34,139,34,180]}},{"type":"Feature","geometry":{"type":"Polygon","coordinates":[[[-97.67212097760944,32.97162701608999],[-97.67212135479512,32.9713142040478],[-97.67233618634721,32.971316346998094],[-97.6723366392841,32.9716313117899],[-97.67212097760944,32.97162701608999]]]},"properties":{"prop_id":109402,"state_cd":"S50","ite_code":210,"ite_name":"Single-Family Detached","ite_unit":"DU","units":1,"daily_trips":9.4,"am_peak_trips":0.7,"pm_peak_trips":0.9,"imprv_val":265820.0,"acres":0.174,"city":"Springtown","city_code":"CSP","fill_color":[34,139,34,180]}},{"type":"Feature","geometry":{"type":"Polygon","coordinates":[[[-97.64647404230114,32.96674143983889],[-97.64647424644177,32.96673591034034],[-97.64647964555306,32.96658997962215],[-97.64687057135014,32.96659963206021],[-97.64686497533994,32.9667509651819],[-97.64647404230114,32.96674143983889]]]},"properties":{"prop_id":127285,"state_cd":"S60","ite_code":210,"ite_name":"Single-Family Detached","ite_unit":"DU","units":1,"daily_trips":9.4,"am_peak_trips":0.7,"pm_peak_trips":0.9,"imprv_val":12440.0,"acres":0.152,"city":"Springtown","city_code":"CSP","fill_color":[34,139,34,180]}},{"type":"Feature","geometry":{"type":"Polygon","coordinates":[[[-97.68803744192377,32.96377544934682],[-97.68804636794796,32.96349148099712],[-97.68835009737235,32.96350100697036],[-97.6883514479676,32.96382146961116],[-97.68803744192377,32.96377544934682]]]},"properties":{"prop_id":34067,"state_cd":"S36","ite_code":210,"ite_name":"Single-Family Detached","ite_unit":"DU","units":1,"daily_trips":9.4,"am_peak_trips":0.7,"pm_peak_trips":0.9,"imprv_val":96580.0,"acres":0.2394,"city":"Springtown","city_code":"CSP","fill_color":[34,139,34,180]}},{"type":"Feature","geometry":{"type":"Polygon","coordinates":[[[-97.68873212273137,32.969321533190424],[-97.68903937963802,32.969323532956395],[-97.68903799299463,32.96947494623113],[-97.68873541843834,32.96947538481162],[-97.68836068238791,32.9694759271767],[-97.68835971308431,32.96947592898039],[-97.6883599464699,32.96935183431776],[-97.6883599467344,32.969351805461145],[-97.68836000890019,32.96931911029208],[-97.68873212273137,32.969321533190424]]]},"properties":{"prop_id":17211,"state_cd":"S50","ite_code":0,"ite_name":"Vacant/Agricultural","ite_unit":"N/A","units":1.0,"daily_trips":0.0,"am_peak_trips":0.0,"pm_peak_trips":0.0,"imprv_val":0.0,"acres":0.268,"city":"Springtown","city_code":"CSP","fill_color":[80,80,80,100]}},{"type":"Feature","geometry":{"type":"Polygon","coordinates":[[[-97.68514126825393,32.96270577117795],[-97.68555789468752,32.962708494797816],[-97.68555258631186,32.96328570105064],[-97.68508723483241,32.9632828968902],[-97.68514126825393,32.96270577117795]]]},"properties":{"prop_id":93534,"state_cd":"SF-OVR","ite_code":210,"ite_name":"Single-Family Detached","ite_unit":"DU","units":1,"daily_trips":9.4,"am_peak_trips":0.7,"pm_peak_trips":0.9,"imprv_val":829560.0,"acres":0.579,"city":"Springtown","city_code":"CSP","fill_color":[34,139,34,180]}},{"type":"Feature","geometry":{"type":"Polygon","coordinates":[[[-97.6602882188499,32.96985410764233],[-97.65988675971907,32.97003786410904],[-97.65978285859626,32.9698768905366],[-97.66018393315935,32.96969200363038],[-97.6602882188499,32.96985410764233]]]},"properties":{"prop_id":122989,"state_cd":"S60","ite_code":210,"ite_name":"Single-Family Detached","ite_unit":"DU","units":1,"daily_trips":9.4,"am_peak_trips":0.7,"pm_peak_trips":0.9,"imprv_val":150160.0,"acres":0.212,"city":"Springtown","city_code":"CSP","fill_color":[34,139,34,180]}},{"type":"Feature","geometry":{"type":"Polygon","coordinates":[[[-97.6749626904229,32.96715247520053],[-97.67528608855112,32.96715071449663],[-97.67528904090437,32.96728538621952],[-97.67496473069919,32.967285893673974],[-97.6749626904229,32.96715247520053]]]},"properties":{"prop_id":89577,"state_cd":"S50","ite_code":210,"ite_name":"Single-Family Detached","ite_unit":"DU","units":1,"daily_trips":9.4,"am_peak_trips":0.7,"pm_peak_trips":0.9,"imprv_val":186770.0,"acres":0.115,"city":"Springtown","city_code":"CSP","fill_color":[34,139,34,180]}},{"type":"Feature","geometry":{"type":"Polygon","coordinates":[[[-97.67092190266591,32.972424367014575],[-97.67073472451017,32.972417488908846],[-97.67073178337377,32.972017297872085],[-97.67092995136059,32.97201563307667],[-97.67092989768356,32.972424510382375],[-97.67092190266591,32.972424367014575]]]},"properties":{"prop_id":109385,"state_cd":"S50","ite_code":210,"ite_name":"Single-Family Detached","ite_unit":"DU","units":1,"daily_trips":9.4,"am_peak_trips":0.7,"pm_peak_trips":0.9,"imprv_val":264010.0,"acres":0.203,"city":"Springtown","city_code":"CSP","fill_color":[34,139,34,180]}},{"type":"Feature","geometry":{"type":"Polygon","coordinates":[[[-97.6946372534628,32.97517549528693],[-97.6946437878108,32.97481773176708],[-97.6946584139786,32.97481804091167],[-97.69488790029945,32.97482206851694],[-97.69488156555605,32.975178462564],[-97.6946372534628,32.97517549528693]]]},"properties":{"prop_id":117425,"state_cd":"S55","ite_code":210,"ite_name":"Single-Family Detached","ite_unit":"DU","units":1,"daily_trips":9.4,"am_peak_trips":0.7,"pm_peak_trips":0.9,"imprv_val":307310.0,"acres":0.224,"city":"Springtown","city_code":"CSP","fill_color":[34,139,34,180]}},{"type":"Feature","geometry":{"type":"Polygon","coordinates":[[[-97.66597994446907,32.95937042786472],[-97.66599463344849,32.95882728470295],[-97.66606346994331,32.958862998652975],[-97.6665293118642,32.95910448851597],[-97.66650439109716,32.95914044263174],[-97.6664640062985,32.95918730639127],[-97.66641747300423,32.959229926502125],[-97.66636541381554,32.959267732659995],[-97.66630852562015,32.95930021818564],[-97.66624756880209,32.95932694987302],[-97.66618335866706,32.959347569736146],[-97.66611675361608,32.95936180124308],[-97.66604864546692,32.959369454662365],[-97.66597994446907,32.95937042786472]]]},"properties":{"prop_id":26221,"state_cd":"S50","ite_code":210,"ite_name":"Single-Family Detached","ite_unit":"DU","units":1,"daily_trips":9.4,"am_peak_trips":0.7,"pm_peak_trips":0.9,"imprv_val":224980.0,"acres":0.461,"city":"Springtown","city_code":"CSP","fill_color":[34,139,34,180]}},{"type":"Feature","geometry":{"type":"Polygon","coordinates":[[[-97.667717172312,32.965618296969346],[-97.66711129661545,32.965614249096824],[-97.66712016217392,32.96538845455174],[-97.66771876126573,32.96546311714224],[-97.667717172312,32.965618296969346]]]},"properties":{"prop_id":87700,"state_cd":"S50","ite_code":0,"ite_name":"Vacant/Agricultural","ite_unit":"N/A","units":1.0,"daily_trips":0.0,"am_peak_trips":0.0,"pm_peak_trips":0.0,"imprv_val":0.0,"acres":0.294,"city":"Springtown","city_code":"CSP","fill_color":[80,80,80,100]}},{"type":"Feature","geometry":{"type":"Polygon","coordinates":[[[-97.67386435374335,32.96227674537328],[-97.6739387139364,32.96222300170823],[-97.67401465843788,32.96217085571113],[-97.67442130773112,32.96254149204102],[-97.67434198097769,32.96260334385228],[-97.67427768671713,32.96265347501188],[-97.67386435374335,32.96227674537328]]]},"properties":{"prop_id":87322,"state_cd":"S50","ite_code":210,"ite_name":"Single-Family Detached","ite_unit":"DU","units":1,"daily_trips":9.4,"am_peak_trips":0.7,"pm_peak_trips":0.9,"imprv_val":254180.0,"acres":0.24,"city":"Springtown","city_code":"CSP","fill_color":[34,139,34,180]}},{"type":"Feature","geometry":{"type":"Polygon","coordinates":[[[-97.66762029735004,32.95871703043188],[-97.66779784478557,32.95848333413968],[-97.66794935636062,32.95856367586807],[-97.66826006879623,32.9587284223085],[-97.66810561887073,32.9589538891798],[-97.66809175263855,32.958972268691554],[-97.66762029735004,32.95871703043188]]]},"properties":{"prop_id":26275,"state_cd":"S50","ite_code":210,"ite_name":"Single-Family Detached","ite_unit":"DU","units":1,"daily_trips":9.4,"am_peak_trips":0.7,"pm_peak_trips":0.9,"imprv_val":158660.0,"acres":0.3967,"city":"Springtown","city_code":"CSP","fill_color":[34,139,34,180]}},{"type":"Feature","geometry":{"type":"Polygon","coordinates":[[[-97.64581365898657,32.965433521683636],[-97.64652186688544,32.96544890371633],[-97.64652046096681,32.96548688620469],[-97.64651599513897,32.96560759115383],[-97.64580826413763,32.96559154771994],[-97.64581365898657,32.965433521683636]]]},"properties":{"prop_id":123428,"state_cd":"S60","ite_code":210,"ite_name":"Single-Family Detached","ite_unit":"DU","units":1,"daily_trips":9.4,"am_peak_trips":0.7,"pm_peak_trips":0.9,"imprv_val":235620.0,"acres":0.286,"city":"Springtown","city_code":"CSP","fill_color":[34,139,34,180]}},{"type":"Feature","geometry":{"type":"Polygon","coordinates":[[[-97.6673544947023,32.96386606789631],[-97.66777397939985,32.9638663214803],[-97.66748744540891,32.9652850417472],[-97.66664353239076,32.96521262646892],[-97.66692556115763,32.96386961765996],[-97.6673544947023,32.96386606789631]]]},"properties":{"prop_id":100643,"state_cd":"S180","ite_code":0,"ite_name":"Vacant/Agricultural","ite_unit":"N/A","units":1.0,"daily_trips":0.0,"am_peak_trips":0.0,"pm_peak_trips":0.0,"imprv_val":0.0,"acres":3.55,"city":"Springtown","city_code":"CSP","fill_color":[80,80,80,100]}},{"type":"Feature","geometry":{"type":"Polygon","coordinates":[[[-97.670392003567,32.969769950564896],[-97.67038898144973,32.96936944228597],[-97.67058732789869,32.96937116560999],[-97.67058806488446,32.96977507297417],[-97.670392003567,32.969769950564896]]]},"properties":{"prop_id":109335,"state_cd":"S50","ite_code":210,"ite_name":"Single-Family Detached","ite_unit":"DU","units":1,"daily_trips":9.4,"am_peak_trips":0.7,"pm_peak_trips":0.9,"imprv_val":252540.0,"acres":0.197,"city":"Springtown","city_code":"CSP","fill_color":[34,139,34,180]}},{"type":"Feature","geometry":{"type":"Polygon","coordinates":[[[-97.68375572983665,32.965479847766],[-97.68416765831167,32.965416684124044],[-97.68418357592562,32.96549565096689],[-97.68377101651994,32.96555642701185],[-97.68375572983665,32.965479847766]]]},"properties":{"prop_id":26680,"state_cd":"S25","ite_code":210,"ite_name":"Single-Family Detached","ite_unit":"DU","units":1,"daily_trips":9.4,"am_peak_trips":0.7,"pm_peak_trips":0.9,"imprv_val":205000.0,"acres":0.0846,"city":"Springtown","city_code":"CSP","fill_color":[34,139,34,180]}},{"type":"Feature","geometry":{"type":"Polygon","coordinates":[[[-97.68297892266061,32.97996983473714],[-97.68306183524048,32.978551700093746],[-97.68326089933872,32.9785635794596],[-97.68345695640643,32.97857527918481],[-97.68364904293607,32.97858674156886],[-97.68384509047729,32.97859844062041],[-97.68404193048349,32.978610186034985],[-97.68422400673647,32.97862104992327],[-97.68420308868569,32.97908176097136],[-97.68418216643482,32.9795425558299],[-97.6852047707166,32.979601611081605],[-97.68601211184051,32.979648229330614],[-97.68604677398181,32.97993894858132],[-97.68562375598954,32.97996272056207],[-97.68565035785288,32.98013442980722],[-97.68297892266061,32.97996983473714]]]},"properties":{"prop_id":116308,"state_cd":"A85","ite_code":0,"ite_name":"Vacant/Agricultural","ite_unit":"N/A","units":1.0,"daily_trips":0.0,"am_peak_trips":0.0,"pm_peak_trips":0.0,"imprv_val":1500.0,"acres":6.481,"city":"Springtown","city_code":"CSP","fill_color":[80,80,80,100]}},{"type":"Feature","geometry":{"type":"Polygon","coordinates":[[[-97.6671242372555,32.956900901776784],[-97.66685049045438,32.95675502768004],[-97.66711923259416,32.95639422009198],[-97.66761393092072,32.9566578295118],[-97.6673451867451,32.95701864264161],[-97.6671242372555,32.956900901776784]]]},"properties":{"prop_id":79920,"state_cd":"S150","ite_code":0,"ite_name":"Vacant/Agricultural","ite_unit":"N/A","units":1.0,"daily_trips":0.0,"am_peak_trips":0.0,"pm_peak_trips":0.0,"imprv_val":960.0,"acres":0.639,"city":"Springtown","city_code":"CSP","fill_color":[80,80,80,100]}},{"type":"Feature","geometry":{"type":"Polygon","coordinates":[[[-97.67766322925326,32.97121944208548],[-97.67815234730377,32.97122266850257],[-97.67814979628471,32.9714975282053],[-97.67766067671609,32.97149430177831],[-97.67766322925326,32.97121944208548]]]},"properties":{"prop_id":7211,"state_cd":"S50","ite_code":210,"ite_name":"Single-Family Detached","ite_unit":"DU","units":1,"daily_trips":9.4,"am_peak_trips":0.7,"pm_peak_trips":0.9,"imprv_val":188800.0,"acres":0.48,"city":"Springtown","city_code":"CSP","fill_color":[34,139,34,180]}},{"type":"Feature","geometry":{"type":"Polygon","coordinates":[[[-97.67226185768885,32.967769083311616],[-97.67285965161794,32.96772582840479],[-97.67286315358673,32.96798624241819],[-97.6722639130836,32.96803413303792],[-97.67226185768885,32.967769083311616]]]},"properties":{"prop_id":26390,"state_cd":"S50","ite_code":210,"ite_name":"Single-Family Detached","ite_unit":"DU","units":1,"daily_trips":9.4,"am_peak_trips":0.7,"pm_peak_trips":0.9,"imprv_val":294190.0,"acres":0.4031,"city":"Springtown","city_code":"CSP","fill_color":[34,139,34,180]}},{"type":"Feature","geometry":{"type":"Polygon","coordinates":[[[-97.66701010500746,32.96874069767418],[-97.66960966858213,32.96909706242913],[-97.66959115320616,32.969827155644595],[-97.66942940004651,32.96982819341813],[-97.66708198256863,32.96981431427459],[-97.66701010500746,32.96874069767418]]]},"properties":{"prop_id":41613,"state_cd":"S150","ite_code":0,"ite_name":"Vacant/Agricultural","ite_unit":"N/A","units":1.0,"daily_trips":0.0,"am_peak_trips":0.0,"pm_peak_trips":0.0,"imprv_val":4800.0,"acres":2.348,"city":"Springtown","city_code":"CSP","fill_color":[80,80,80,100]}},{"type":"Feature","geometry":{"type":"Polygon","coordinates":[[[-97.68289345543191,32.96494054120251],[-97.68270063933632,32.9649684570841],[-97.682565541383,32.96431867836104],[-97.68275938110018,32.964290864099404],[-97.68282687927915,32.964615509554115],[-97.68289345543191,32.96494054120251]]]},"properties":{"prop_id":73319,"state_cd":"S60","ite_code":210,"ite_name":"Single-Family Detached","ite_unit":"DU","units":1,"daily_trips":9.4,"am_peak_trips":0.7,"pm_peak_trips":0.9,"imprv_val":80830.0,"acres":0.3318,"city":"Springtown","city_code":"CSP","fill_color":[34,139,34,180]}},{"type":"Feature","geometry":{"type":"Polygon","coordinates":[[[-97.6655157071457,32.963840387837564],[-97.66524865616641,32.96383403694026],[-97.6652381050844,32.963833785898],[-97.66518068537718,32.96383242006629],[-97.66519403129732,32.96158776644169],[-97.66641950750133,32.96159514850538],[-97.6663417883913,32.96385751613726],[-97.6655157071457,32.963840387837564]]]},"properties":{"prop_id":26302,"state_cd":"S135","ite_code":0,"ite_name":"Vacant/Agricultural","ite_unit":"N/A","units":1.0,"daily_trips":0.0,"am_peak_trips":0.0,"pm_peak_trips":0.0,"imprv_val":0.0,"acres":6.8911,"city":"Springtown","city_code":"CSP","fill_color":[80,80,80,100]}},{"type":"Feature","geometry":{"type":"Polygon","coordinates":[[[-97.65191585667695,32.96561280859684],[-97.65192706800147,32.96501016429177],[-97.65215431107892,32.96501318503919],[-97.65214457646158,32.96561718131701],[-97.65191585667695,32.96561280859684]]]},"properties":{"prop_id":123488,"state_cd":"S60","ite_code":0,"ite_name":"Vacant/Agricultural","ite_unit":"N/A","units":1.0,"daily_trips":0.0,"am_peak_trips":0.0,"pm_peak_trips":0.0,"imprv_val":0.0,"acres":0.354,"city":"Springtown","city_code":"CSP","fill_color":[80,80,80,100]}},{"type":"Feature","geometry":{"type":"Polygon","coordinates":[[[-97.6585383045143,32.96498332621477],[-97.65894283576367,32.964987968945074],[-97.6589400668577,32.96517013694035],[-97.65853468708814,32.965165874458414],[-97.6585383045143,32.96498332621477]]]},"properties":{"prop_id":122946,"state_cd":"S60","ite_code":0,"ite_name":"Vacant/Agricultural","ite_unit":"N/A","units":1.0,"daily_trips":0.0,"am_peak_trips":0.0,"pm_peak_trips":0.0,"imprv_val":0.0,"acres":0.189,"city":"Springtown","city_code":"CSP","fill_color":[80,80,80,100]}},{"type":"Feature","geometry":{"type":"Polygon","coordinates":[[[-97.6850595968421,32.97654346232383],[-97.68534175621434,32.97654236879966],[-97.68534321558131,32.976542372025854],[-97.68564505293368,32.976544338258066],[-97.68567236078842,32.976761098195034],[-97.68509582445884,32.976759638621836],[-97.6850595968421,32.97654346232383]]]},"properties":{"prop_id":33910,"state_cd":"S50","ite_code":210,"ite_name":"Single-Family Detached","ite_unit":"DU","units":1,"daily_trips":9.4,"am_peak_trips":0.7,"pm_peak_trips":0.9,"imprv_val":105460.0,"acres":0.3,"city":"Springtown","city_code":"CSP","fill_color":[34,139,34,180]}},{"type":"Feature","geometry":{"type":"Polygon","coordinates":[[[-97.64930691925898,32.96683840030981],[-97.6496338384417,32.96663841609662],[-97.64963815271584,32.96664257138693],[-97.64977990714239,32.9667790928616],[-97.64977447457974,32.96678633533281],[-97.64976893796913,32.96679371777865],[-97.64975165948726,32.96681675696726],[-97.64973612793506,32.96683746512995],[-97.6497318023728,32.966844177664164],[-97.64971124865302,32.96687606936447],[-97.64969701981369,32.966898147265184],[-97.64969366361932,32.96690429104754],[-97.64967552254754,32.96693749693039],[-97.64966275114283,32.96696087528379],[-97.6493381093051,32.9669322452415],[-97.6493385348308,32.966912337644494],[-97.64933553005021,32.96689258789902],[-97.64932915834069,32.96687341488459],[-97.64931955274344,32.96685522442835],[-97.64930691925898,32.96683840030981]]]},"properties":{"prop_id":127324,"state_cd":"S60","ite_code":0,"ite_name":"Vacant/Agricultural","ite_unit":"N/A","units":1.0,"daily_trips":0.0,"am_peak_trips":0.0,"pm_peak_trips":0.0,"imprv_val":0.0,"acres":0.233,"city":"Springtown","city_code":"CSP","fill_color":[80,80,80,100]}},{"type":"Feature","geometry":{"type":"Polygon","coordinates":[[[-97.64584489890264,32.964518543045195],[-97.64585001915583,32.96436856480195],[-97.6465493119723,32.96438477844107],[-97.64654089904654,32.964535528663],[-97.64584489890264,32.964518543045195]]]},"properties":{"prop_id":123419,"state_cd":"S60","ite_code":210,"ite_name":"Single-Family Detached","ite_unit":"DU","units":1,"daily_trips":9.4,"am_peak_trips":0.7,"pm_peak_trips":0.9,"imprv_val":213380.0,"acres":0.271,"city":"Springtown","city_code":"CSP","fill_color":[34,139,34,180]}},{"type":"Feature","geometry":{"type":"Polygon","coordinates":[[[-97.68674713355975,32.95746803180157],[-97.68675783614252,32.95630086082028],[-97.6872442763381,32.956305761613514],[-97.68722654592762,32.957474313439754],[-97.68674713355975,32.95746803180157]]]},"properties":{"prop_id":46169,"state_cd":"S60","ite_code":0,"ite_name":"Vacant/Agricultural","ite_unit":"N/A","units":1.0,"daily_trips":0.0,"am_peak_trips":0.0,"pm_peak_trips":0.0,"imprv_val":0.0,"acres":0.482,"city":"Springtown","city_code":"CSP","fill_color":[80,80,80,100]}},{"type":"Feature","geometry":{"type":"Polygon","coordinates":[[[-97.67344703130026,32.96859457621363],[-97.67299835688647,32.96863513966502],[-97.67299836265634,32.968229223482524],[-97.67344192748058,32.96819222623337],[-97.67344703130026,32.96859457621363]]]},"properties":{"prop_id":26371,"state_cd":"S50","ite_code":210,"ite_name":"Single-Family Detached","ite_unit":"DU","units":1,"daily_trips":9.4,"am_peak_trips":0.7,"pm_peak_trips":0.9,"imprv_val":230260.0,"acres":0.462,"city":"Springtown","city_code":"CSP","fill_color":[34,139,34,180]}},{"type":"Feature","geometry":{"type":"Polygon","coordinates":[[[-97.6774605097011,32.957395937281376],[-97.6779360729622,32.95740055998411],[-97.67787364481643,32.957452182495054],[-97.67784754653249,32.95774516552234],[-97.6774469941785,32.95774535380469],[-97.6774605097011,32.957395937281376]]]},"properties":{"prop_id":1912,"state_cd":"S45","ite_code":210,"ite_name":"Single-Family Detached","ite_unit":"DU","units":1,"daily_trips":9.4,"am_peak_trips":0.7,"pm_peak_trips":0.9,"imprv_val":182670.0,"acres":0.368,"city":"Springtown","city_code":"CSP","fill_color":[34,139,34,180]}},{"type":"Feature","geometry":{"type":"Polygon","coordinates":[[[-97.6791635699835,32.95716205979834],[-97.67915319370574,32.95715180263161],[-97.67914536988566,32.95714003007841],[-97.67914039599025,32.95712719410931],[-97.67913846325746,32.95711378206797],[-97.67913964608361,32.95710030758264],[-97.67914389690081,32.957087286183665],[-97.67915105601338,32.95707521282224],[-97.67916085498214,32.9570645429546],[-97.67928627545166,32.956956517960165],[-97.67936465682817,32.95686855166932],[-97.67998239264791,32.95699076013353],[-97.67942673659913,32.95737520060796],[-97.6791635699835,32.95716205979834]]]},"properties":{"prop_id":1894,"state_cd":"S48","ite_code":210,"ite_name":"Single-Family Detached","ite_unit":"DU","units":1,"daily_trips":9.4,"am_peak_trips":0.7,"pm_peak_trips":0.9,"imprv_val":210870.0,"acres":0.5718,"city":"Springtown","city_code":"CSP","fill_color":[34,139,34,180]}},{"type":"Feature","geometry":{"type":"Polygon","coordinates":[[[-97.69172784052375,32.97133948309136],[-97.69128992660146,32.97133444088631],[-97.69114526048821,32.97132784763851],[-97.69105976426727,32.97113546705421],[-97.69057444049709,32.971203399357904],[-97.69048556138746,32.971010577049135],[-97.68999795151315,32.9710389780185],[-97.68996884817594,32.9709685278959],[-97.69047296721197,32.97097145085386],[-97.69055974526569,32.97077871343091],[-97.69243745538827,32.9707949575476],[-97.69242852365423,32.9713475479141],[-97.69172784052375,32.97133948309136]]]},"properties":{"prop_id":78031,"state_cd":"S120","ite_code":210,"ite_name":"Single-Family Detached","ite_unit":"DU","units":2,"daily_trips":18.9,"am_peak_trips":1.4,"pm_peak_trips":1.9,"imprv_val":167490.0,"acres":2.57,"city":"Springtown","city_code":"CSP","fill_color":[34,139,34,180]}},{"type":"Feature","geometry":{"type":"Polygon","coordinates":[[[-97.6699758989373,32.97129556706825],[-97.67019244870349,32.971295649160254],[-97.67018948393715,32.971612023350964],[-97.66997294010876,32.971611225250726],[-97.6699758989373,32.97129556706825]]]},"properties":{"prop_id":109392,"state_cd":"S50","ite_code":210,"ite_name":"Single-Family Detached","ite_unit":"DU","units":1,"daily_trips":9.4,"am_peak_trips":0.7,"pm_peak_trips":0.9,"imprv_val":266210.0,"acres":0.174,"city":"Springtown","city_code":"CSP","fill_color":[34,139,34,180]}},{"type":"Feature","geometry":{"type":"Polygon","coordinates":[[[-97.6684425110126,32.96635141176299],[-97.66787154155807,32.96634760053538],[-97.66787316289106,32.966182685746745],[-97.66844405960927,32.9661864964888],[-97.6684425110126,32.96635141176299]]]},"properties":{"prop_id":87683,"state_cd":"S50","ite_code":210,"ite_name":"Single-Family Detached","ite_unit":"DU","units":1,"daily_trips":9.4,"am_peak_trips":0.7,"pm_peak_trips":0.9,"imprv_val":259610.0,"acres":0.241,"city":"Springtown","city_code":"CSP","fill_color":[34,139,34,180]}},{"type":"Feature","geometry":{"type":"Polygon","coordinates":[[[-97.69099926532871,32.958543753409224],[-97.69138780991011,32.958543696131684],[-97.69138825711998,32.95867971296654],[-97.69099962500464,32.958682026945446],[-97.69099926532871,32.958543753409224]]]},"properties":{"prop_id":121549,"state_cd":"S50","ite_code":0,"ite_name":"Vacant/Agricultural","ite_unit":"N/A","units":1.0,"daily_trips":0.0,"am_peak_trips":0.0,"pm_peak_trips":0.0,"imprv_val":0.0,"acres":0.137,"city":"Springtown","city_code":"CSP","fill_color":[80,80,80,100]}},{"type":"Feature","geometry":{"type":"Polygon","coordinates":[[[-97.69005518030846,32.95868593267493],[-97.6904450973387,32.95868571320157],[-97.69044555436143,32.9588224876422],[-97.69005561769544,32.95882279988112],[-97.69005552337866,32.958793226667424],[-97.69005518030846,32.95868593267493]]]},"properties":{"prop_id":121624,"state_cd":"S50","ite_code":0,"ite_name":"Vacant/Agricultural","ite_unit":"N/A","units":1.0,"daily_trips":0.0,"am_peak_trips":0.0,"pm_peak_trips":0.0,"imprv_val":0.0,"acres":0.138,"city":"Springtown","city_code":"CSP","fill_color":[80,80,80,100]}},{"type":"Feature","geometry":{"type":"Polygon","coordinates":[[[-97.67325170591718,32.964383100678546],[-97.67305262879401,32.96438062545182],[-97.6730480905169,32.96374230494963],[-97.67341513880898,32.96373638382417],[-97.6733877612947,32.96438480044586],[-97.67325170591718,32.964383100678546]]]},"properties":{"prop_id":26353,"state_cd":"S50","ite_code":0,"ite_name":"Vacant/Agricultural","ite_unit":"N/A","units":1.0,"daily_trips":0.0,"am_peak_trips":0.0,"pm_peak_trips":0.0,"imprv_val":0.0,"acres":0.5786,"city":"Springtown","city_code":"CSP","fill_color":[80,80,80,100]}},{"type":"Feature","geometry":{"type":"Polygon","coordinates":[[[-97.68683339557161,32.97801753016636],[-97.68683637391999,32.97766724423905],[-97.68683749956313,32.9775348885272],[-97.6868419381437,32.97701301258351],[-97.68689091399459,32.97701834893958],[-97.68693244047681,32.97702792574395],[-97.68697724697162,32.9770412800176],[-97.68701974197606,32.97705479685637],[-97.68705973587618,32.97707293002478],[-97.68709652755936,32.97709536292189],[-97.68712946800184,32.977121699025304],[-97.68715798044728,32.977151478254804],[-97.68722222723889,32.9772410251675],[-97.68721658666679,32.97784909566792],[-97.6876080323904,32.97781508159645],[-97.68760456909719,32.97802217404665],[-97.68683339557161,32.97801753016636]]]},"properties":{"prop_id":19172,"state_cd":"S85","ite_code":210,"ite_name":"Single-Family Detached","ite_unit":"DU","units":2,"daily_trips":18.9,"am_peak_trips":1.4,"pm_peak_trips":1.9,"imprv_val":329300.0,"acres":1.0,"city":"Springtown","city_code":"CSP","fill_color":[34,139,34,180]}},{"type":"Feature","geometry":{"type":"Polygon","coordinates":[[[-97.66978525606667,32.966211451488824],[-97.67017931065533,32.96618566136696],[-97.67030985559234,32.966177129956485],[-97.67031647407308,32.966466068847325],[-97.66978361237905,32.96649894837025],[-97.66978525606667,32.966211451488824]]]},"properties":{"prop_id":26420,"state_cd":"S50","ite_code":210,"ite_name":"Single-Family Detached","ite_unit":"DU","units":1,"daily_trips":9.4,"am_peak_trips":0.7,"pm_peak_trips":0.9,"imprv_val":217580.0,"acres":0.3906,"city":"Springtown","city_code":"CSP","fill_color":[34,139,34,180]}},{"type":"Feature","geometry":{"type":"Polygon","coordinates":[[[-97.68435799807621,32.96623425768595],[-97.6847921667987,32.96616771951491],[-97.68483800287649,32.96637797007158],[-97.68440018912041,32.966443605273994],[-97.68397569767764,32.966507208697365],[-97.68393418090153,32.96629921270017],[-97.68435799807621,32.96623425768595]]]},"properties":{"prop_id":26686,"state_cd":"S75","ite_code":210,"ite_name":"Single-Family Detached","ite_unit":"DU","units":1,"daily_trips":9.4,"am_peak_trips":0.7,"pm_peak_trips":0.9,"imprv_val":30130.0,"acres":0.4753,"city":"Springtown","city_code":"CSP","fill_color":[34,139,34,180]}},{"type":"Feature","geometry":{"type":"Polygon","coordinates":[[[-97.68054386156993,32.97282491350014],[-97.68053482892928,32.972807289310836],[-97.68052581031928,32.97279161765895],[-97.68051403999053,32.97277732844324],[-97.6805036941632,32.97276761271725],[-97.68049200118945,32.97275906951975],[-97.68047152820132,32.97274780279899],[-97.68047017843305,32.972668107075556],[-97.68087115466223,32.97267876936175],[-97.68091510736681,32.97268057149186],[-97.68097799002074,32.97295763595016],[-97.68093446387758,32.97295654818461],[-97.68054386156993,32.97282491350014]]]},"properties":{"prop_id":70325,"state_cd":"S50","ite_code":210,"ite_name":"Single-Family Detached","ite_unit":"DU","units":1,"daily_trips":9.4,"am_peak_trips":0.7,"pm_peak_trips":0.9,"imprv_val":178610.0,"acres":0.188,"city":"Springtown","city_code":"CSP","fill_color":[34,139,34,180]}},{"type":"Feature","geometry":{"type":"Polygon","coordinates":[[[-97.6867775392013,32.96406172785425],[-97.68675192607333,32.965194885474475],[-97.68641819845938,32.96519846981103],[-97.68642312252811,32.96466249345361],[-97.685999797028,32.96448500709468],[-97.68620206261868,32.963913434084894],[-97.6867775392013,32.96406172785425]]]},"properties":{"prop_id":59582,"state_cd":"SF-OVR","ite_code":210,"ite_name":"Single-Family Detached","ite_unit":"DU","units":2,"daily_trips":18.9,"am_peak_trips":1.4,"pm_peak_trips":1.9,"imprv_val":115900.0,"acres":1.65,"city":"Springtown","city_code":"CSP","fill_color":[34,139,34,180]}},{"type":"Feature","geometry":{"type":"Polygon","coordinates":[[[-97.67867409803897,32.97253781204747],[-97.67868054746411,32.97215541947621],[-97.67889215401091,32.972162558421424],[-97.67888571951389,32.97254343964073],[-97.67867409803897,32.97253781204747]]]},"properties":{"prop_id":70333,"state_cd":"S50","ite_code":210,"ite_name":"Single-Family Detached","ite_unit":"DU","units":1,"daily_trips":9.4,"am_peak_trips":0.7,"pm_peak_trips":0.9,"imprv_val":197820.0,"acres":0.198,"city":"Springtown","city_code":"CSP","fill_color":[34,139,34,180]}},{"type":"Feature","geometry":{"type":"Polygon","coordinates":[[[-97.64840759779527,32.967934098472156],[-97.64841645961977,32.967603428997805],[-97.64851345509554,32.967605981987745],[-97.64856660148891,32.96760918224429],[-97.64861922073213,32.96761624860958],[-97.6486674990812,32.967624377409244],[-97.64859106571379,32.967955982198085],[-97.6484772613728,32.96793698957799],[-97.64840759779527,32.967934098472156]]]},"properties":{"prop_id":127256,"state_cd":"S60","ite_code":0,"ite_name":"Vacant/Agricultural","ite_unit":"N/A","units":1.0,"daily_trips":0.0,"am_peak_trips":0.0,"pm_peak_trips":0.0,"imprv_val":0.0,"acres":0.185,"city":"Springtown","city_code":"CSP","fill_color":[80,80,80,100]}},{"type":"Feature","geometry":{"type":"Polygon","coordinates":[[[-97.68787753992052,32.97499904305469],[-97.68788411948856,32.97460876210553],[-97.68788780261387,32.97458584556046],[-97.68789785817648,32.97456432597648],[-97.68791370769705,32.97454544860587],[-97.68793443283023,32.974530302274715],[-97.68795883792968,32.9745197638775],[-97.68798551262802,32.97451444106937],[-97.68801291450418,32.97451464124118],[-97.6880394740599,32.974520357774566],[-97.68845350162013,32.97465592884342],[-97.68844765730444,32.97500536837787],[-97.68787753992052,32.97499904305469]]]},"properties":{"prop_id":19182,"state_cd":"S50","ite_code":210,"ite_name":"Single-Family Detached","ite_unit":"DU","units":1,"daily_trips":9.4,"am_peak_trips":0.7,"pm_peak_trips":0.9,"imprv_val":294030.0,"acres":0.63,"city":"Springtown","city_code":"CSP","fill_color":[34,139,34,180]}},{"type":"Feature","geometry":{"type":"Polygon","coordinates":[[[-97.6861139253218,32.97476344762696],[-97.6869174928077,32.97476802701659],[-97.68691282461064,32.97518388885686],[-97.68611008585138,32.97518116090329],[-97.68611091957592,32.975090456590536],[-97.6861139253218,32.97476344762696]]]},"properties":{"prop_id":33885,"state_cd":"S65","ite_code":0,"ite_name":"Vacant/Agricultural","ite_unit":"N/A","units":1.0,"daily_trips":0.0,"am_peak_trips":0.0,"pm_peak_trips":0.0,"imprv_val":0.0,"acres":0.8574,"city":"Springtown","city_code":"CSP","fill_color":[80,80,80,100]}},{"type":"Feature","geometry":{"type":"Polygon","coordinates":[[[-97.66761998612883,32.9607064083838],[-97.66778599742938,32.96047939696746],[-97.6682064534423,32.960725552674425],[-97.66811895992288,32.96084135182579],[-97.6680702327814,32.96096422572266],[-97.66761998612883,32.9607064083838]]]},"properties":{"prop_id":26249,"state_cd":"S50","ite_code":0,"ite_name":"Vacant/Agricultural","ite_unit":"N/A","units":1.0,"daily_trips":0.0,"am_peak_trips":0.0,"pm_peak_trips":0.0,"imprv_val":0.0,"acres":0.3507,"city":"Springtown","city_code":"CSP","fill_color":[80,80,80,100]}},{"type":"Feature","geometry":{"type":"Polygon","coordinates":[[[-97.67168472023945,32.97018746758301],[-97.671685437184,32.969868692166294],[-97.67189600913217,32.96987199979862],[-97.67189302818592,32.97019076016767],[-97.67168472023945,32.97018746758301]]]},"properties":{"prop_id":109476,"state_cd":"S50","ite_code":210,"ite_name":"Single-Family Detached","ite_unit":"DU","units":1,"daily_trips":9.4,"am_peak_trips":0.7,"pm_peak_trips":0.9,"imprv_val":243710.0,"acres":0.173,"city":"Springtown","city_code":"CSP","fill_color":[34,139,34,180]}},{"type":"Feature","geometry":{"type":"Polygon","coordinates":[[[-97.65844475691573,32.9697026729645],[-97.65887113424807,32.96970602578884],[-97.65886839738869,32.9698861404308],[-97.6584411669632,32.969883753107254],[-97.65844475691573,32.9697026729645]]]},"properties":{"prop_id":122972,"state_cd":"S60","ite_code":0,"ite_name":"Vacant/Agricultural","ite_unit":"N/A","units":1.0,"daily_trips":0.0,"am_peak_trips":0.0,"pm_peak_trips":0.0,"imprv_val":0.0,"acres":0.199,"city":"Springtown","city_code":"CSP","fill_color":[80,80,80,100]}},{"type":"Feature","geometry":{"type":"Polygon","coordinates":[[[-97.6891407472784,32.9586437242074],[-97.68951520920918,32.958642875900374],[-97.68951564287455,32.958791864502444],[-97.68914116212594,32.95879282992952],[-97.68914111441842,32.95877549115661],[-97.6891407472784,32.9586437242074]]]},"properties":{"prop_id":121650,"state_cd":"S50","ite_code":210,"ite_name":"Single-Family Detached","ite_unit":"DU","units":1,"daily_trips":9.4,"am_peak_trips":0.7,"pm_peak_trips":0.9,"imprv_val":179600.0,"acres":0.142,"city":"Springtown","city_code":"CSP","fill_color":[34,139,34,180]}},{"type":"Feature","geometry":{"type":"Polygon","coordinates":[[[-97.67307360585811,32.96289189078556],[-97.6734326614111,32.962611936966724],[-97.67384682256555,32.962989422928516],[-97.67379212606478,32.963032070100894],[-97.6736088406267,32.96317497801003],[-97.67348776678291,32.96326937882838],[-97.67307360585811,32.96289189078556]]]},"properties":{"prop_id":86718,"state_cd":"S50","ite_code":210,"ite_name":"Single-Family Detached","ite_unit":"DU","units":1,"daily_trips":9.4,"am_peak_trips":0.7,"pm_peak_trips":0.9,"imprv_val":172870.0,"acres":0.6,"city":"Springtown","city_code":"CSP","fill_color":[34,139,34,180]}},{"type":"Feature","geometry":{"type":"Polygon","coordinates":[[[-97.69330922085315,32.97344288177966],[-97.69360266537471,32.9731655470563],[-97.69377276350103,32.97329357712117],[-97.69347934459978,32.97357093044167],[-97.69330922085315,32.97344288177966]]]},"properties":{"prop_id":117459,"state_cd":"S55","ite_code":210,"ite_name":"Single-Family Detached","ite_unit":"DU","units":1,"daily_trips":9.4,"am_peak_trips":0.7,"pm_peak_trips":0.9,"imprv_val":330970.0,"acres":0.217,"city":"Springtown","city_code":"CSP","fill_color":[34,139,34,180]}},{"type":"Feature","geometry":{"type":"Polygon","coordinates":[[[-97.65908067976281,32.96657770360956],[-97.65908356421362,32.96639697393567],[-97.65949746254458,32.96640085917108],[-97.65949558989692,32.96658159116379],[-97.65908067976281,32.96657770360956]]]},"properties":{"prop_id":123011,"state_cd":"S60","ite_code":0,"ite_name":"Vacant/Agricultural","ite_unit":"N/A","units":1.0,"daily_trips":0.0,"am_peak_trips":0.0,"pm_peak_trips":0.0,"imprv_val":0.0,"acres":0.192,"city":"Springtown","city_code":"CSP","fill_color":[80,80,80,100]}},{"type":"Feature","geometry":{"type":"Polygon","coordinates":[[[-97.66866852363223,32.96122200917947],[-97.66883260374382,32.96099814891734],[-97.66929248000285,32.96123452111294],[-97.6692329290516,32.96131501148095],[-97.6691960830667,32.961353365734325],[-97.66915356076481,32.96138728934241],[-97.66910610369398,32.96141619023607],[-97.66905454029978,32.96143956440294],[-97.66899977194335,32.961457003911136],[-97.66849069457406,32.96146462471825],[-97.66866852363223,32.96122200917947]]]},"properties":{"prop_id":26232,"state_cd":"S50","ite_code":210,"ite_name":"Single-Family Detached","ite_unit":"DU","units":1,"daily_trips":9.4,"am_peak_trips":0.7,"pm_peak_trips":0.9,"imprv_val":172810.0,"acres":0.5433,"city":"Springtown","city_code":"CSP","fill_color":[34,139,34,180]}},{"type":"Feature","geometry":{"type":"Polygon","coordinates":[[[-97.6922719227062,32.9738429968044],[-97.69197622146712,32.97412129766689],[-97.6918065125948,32.97399327940599],[-97.6921017789254,32.97371469655663],[-97.6922719227062,32.9738429968044]]]},"properties":{"prop_id":113030,"state_cd":"S55","ite_code":210,"ite_name":"Single-Family Detached","ite_unit":"DU","units":1,"daily_trips":9.4,"am_peak_trips":0.7,"pm_peak_trips":0.9,"imprv_val":291630.0,"acres":0.217,"city":"Springtown","city_code":"CSP","fill_color":[34,139,34,180]}},{"type":"Feature","geometry":{"type":"Polygon","coordinates":[[[-97.69044739551902,32.959373423625834],[-97.69083852959595,32.95937204565249],[-97.69083897939616,32.959508857905014],[-97.69044785395067,32.959510512799575],[-97.69044739551902,32.959373423625834]]]},"properties":{"prop_id":121608,"state_cd":"S50","ite_code":0,"ite_name":"Vacant/Agricultural","ite_unit":"N/A","units":1.0,"daily_trips":0.0,"am_peak_trips":0.0,"pm_peak_trips":0.0,"imprv_val":0.0,"acres":0.138,"city":"Springtown","city_code":"CSP","fill_color":[80,80,80,100]}},{"type":"Feature","geometry":{"type":"Polygon","coordinates":[[[-97.69005826353703,32.95964913909095],[-97.69044831454838,32.95964806732579],[-97.69044877476443,32.95978589780497],[-97.69005870555382,32.95978737257238],[-97.6900582694729,32.959650946383924],[-97.69005826353703,32.95964913909095]]]},"properties":{"prop_id":121617,"state_cd":"S50","ite_code":210,"ite_name":"Single-Family Detached","ite_unit":"DU","units":1,"daily_trips":9.4,"am_peak_trips":0.7,"pm_peak_trips":0.9,"imprv_val":55830.0,"acres":0.138,"city":"Springtown","city_code":"CSP","fill_color":[34,139,34,180]}},{"type":"Feature","geometry":{"type":"Polygon","coordinates":[[[-97.68993240992508,32.96893470612166],[-97.68954764643352,32.968932204534475],[-97.68955026262371,32.96864635013912],[-97.68993502487331,32.968648851718314],[-97.68993240992508,32.96893470612166]]]},"properties":{"prop_id":17231,"state_cd":"S50","ite_code":210,"ite_name":"Single-Family Detached","ite_unit":"DU","units":1,"daily_trips":9.4,"am_peak_trips":0.7,"pm_peak_trips":0.9,"imprv_val":140000.0,"acres":0.28,"city":"Springtown","city_code":"CSP","fill_color":[34,139,34,180]}},{"type":"Feature","geometry":{"type":"Polygon","coordinates":[[[-97.6842497305341,32.96569726545453],[-97.68467543646491,32.965632376750754],[-97.68471197950464,32.96579987787203],[-97.68428365766222,32.96586551973851],[-97.6842497305341,32.96569726545453]]]},"properties":{"prop_id":26691,"state_cd":"S50","ite_code":0,"ite_name":"Vacant/Agricultural","ite_unit":"N/A","units":1.0,"daily_trips":0.0,"am_peak_trips":0.0,"pm_peak_trips":0.0,"imprv_val":0.0,"acres":0.1895,"city":"Springtown","city_code":"CSP","fill_color":[80,80,80,100]}},{"type":"Feature","geometry":{"type":"Polygon","coordinates":[[[-97.67190631301541,32.97121441711314],[-97.67169290154067,32.97121180579376],[-97.67169168446861,32.970895511109134],[-97.67190359072815,32.970901691771274],[-97.67190631301541,32.97121441711314]]]},"properties":{"prop_id":109457,"state_cd":"S50","ite_code":210,"ite_name":"Single-Family Detached","ite_unit":"DU","units":1,"daily_trips":9.4,"am_peak_trips":0.7,"pm_peak_trips":0.9,"imprv_val":223000.0,"acres":0.174,"city":"Springtown","city_code":"CSP","fill_color":[34,139,34,180]}},{"type":"Feature","geometry":{"type":"Polygon","coordinates":[[[-97.6679369709027,32.95733732098982],[-97.66826617069393,32.956943068258475],[-97.66853592585801,32.95708714500968],[-97.66821053714968,32.95752387009117],[-97.6679369709027,32.95733732098982]]]},"properties":{"prop_id":88482,"state_cd":"S90","ite_code":0,"ite_name":"Vacant/Agricultural","ite_unit":"N/A","units":1.0,"daily_trips":0.0,"am_peak_trips":0.0,"pm_peak_trips":0.0,"imprv_val":0.0,"acres":0.4277,"city":"Springtown","city_code":"CSP","fill_color":[80,80,80,100]}},{"type":"Feature","geometry":{"type":"Polygon","coordinates":[[[-97.67887531247418,32.961536622024376],[-97.67902515074205,32.961103257433145],[-97.6789921144004,32.96109139722987],[-97.67899500585308,32.96107744431923],[-97.67902808535031,32.96108464868835],[-97.679103635408,32.960874969079605],[-97.67918316946475,32.960889366653404],[-97.67893763912674,32.961560232125365],[-97.67887531247418,32.961536622024376]]]},"properties":{"prop_id":46196,"state_cd":"SF-OVR","ite_code":210,"ite_name":"Single-Family Detached","ite_unit":"DU","units":1,"daily_trips":9.4,"am_peak_trips":0.7,"pm_peak_trips":0.9,"imprv_val":109090.0,"acres":0.117,"city":"Springtown","city_code":"CSP","fill_color":[34,139,34,180]}},{"type":"Feature","geometry":{"type":"Polygon","coordinates":[[[-97.69100105364377,32.95923235961613],[-97.69139006979009,32.95923136477157],[-97.6913905190268,32.959368097655],[-97.69100141303815,32.95937054746475],[-97.69100105364377,32.95923235961613]]]},"properties":{"prop_id":121554,"state_cd":"S50","ite_code":0,"ite_name":"Vacant/Agricultural","ite_unit":"N/A","units":1.0,"daily_trips":0.0,"am_peak_trips":0.0,"pm_peak_trips":0.0,"imprv_val":0.0,"acres":0.137,"city":"Springtown","city_code":"CSP","fill_color":[80,80,80,100]}},{"type":"Feature","geometry":{"type":"Polygon","coordinates":[[[-97.68546739095198,32.977199708040494],[-97.68571448829174,32.97718079357969],[-97.68575307129187,32.97735593772922],[-97.68548825397193,32.97736788172185],[-97.68546739095198,32.977199708040494]]]},"properties":{"prop_id":33915,"state_cd":"S60","ite_code":210,"ite_name":"Single-Family Detached","ite_unit":"DU","units":1,"daily_trips":9.4,"am_peak_trips":0.7,"pm_peak_trips":0.9,"imprv_val":178700.0,"acres":0.1137,"city":"Springtown","city_code":"CSP","fill_color":[34,139,34,180]}},{"type":"Feature","geometry":{"type":"Polygon","coordinates":[[[-97.6705614929922,32.97582695617997],[-97.67053309201825,32.97684080649818],[-97.67052001895429,32.97743785238536],[-97.66957524758166,32.97741952993922],[-97.66958330075153,32.97581781997489],[-97.6705614929922,32.97582695617997]]]},"properties":{"prop_id":121720,"state_cd":"A60","ite_code":0,"ite_name":"Vacant/Agricultural","ite_unit":"N/A","units":1.0,"daily_trips":0.0,"am_peak_trips":0.0,"pm_peak_trips":0.0,"imprv_val":0.0,"acres":4.027,"city":"Springtown","city_code":"CSP","fill_color":[80,80,80,100]}},{"type":"Feature","geometry":{"type":"Polygon","coordinates":[[[-97.64577404726064,32.96656929453045],[-97.6457793626847,32.966417407600716],[-97.64648524143801,32.96643872677165],[-97.64647985660625,32.966584287842196],[-97.64647964555306,32.96658997962215],[-97.64577404726064,32.96656929453045]]]},"properties":{"prop_id":123407,"state_cd":"S60","ite_code":210,"ite_name":"Single-Family Detached","ite_unit":"DU","units":1,"daily_trips":9.4,"am_peak_trips":0.7,"pm_peak_trips":0.9,"imprv_val":266400.0,"acres":0.273,"city":"Springtown","city_code":"CSP","fill_color":[34,139,34,180]}},{"type":"Feature","geometry":{"type":"Polygon","coordinates":[[[-97.68665288199016,32.96727633188194],[-97.68709044973785,32.96723682197764],[-97.68708006712949,32.96738994959735],[-97.68708001035749,32.967389957343435],[-97.68667078654144,32.967442908094974],[-97.68665386178395,32.967349964896655],[-97.68665288199016,32.96727633188194]]]},"properties":{"prop_id":93861,"state_cd":"S50","ite_code":210,"ite_name":"Single-Family Detached","ite_unit":"DU","units":1,"daily_trips":9.4,"am_peak_trips":0.7,"pm_peak_trips":0.9,"imprv_val":244020.0,"acres":0.172,"city":"Springtown","city_code":"CSP","fill_color":[34,139,34,180]}},{"type":"Feature","geometry":{"type":"Polygon","coordinates":[[[-97.68310988095786,32.96951282152874],[-97.68350043567136,32.969460239865775],[-97.68355340591151,32.96970174963619],[-97.68312838349387,32.96976374243055],[-97.68309974632997,32.96961069125048],[-97.68310876249551,32.969609477877874],[-97.68308830730517,32.96951572557187],[-97.68310988095786,32.96951282152874]]]},"properties":{"prop_id":97146,"state_cd":"S50","ite_code":210,"ite_name":"Single-Family Detached","ite_unit":"DU","units":1,"daily_trips":9.4,"am_peak_trips":0.7,"pm_peak_trips":0.9,"imprv_val":158370.0,"acres":0.261,"city":"Springtown","city_code":"CSP","fill_color":[34,139,34,180]}},{"type":"Feature","geometry":{"type":"Polygon","coordinates":[[[-97.64575824673896,32.967020814214294],[-97.64576352980112,32.96686984783624],[-97.64646846525632,32.96689217696772],[-97.64646306342974,32.96703816357437],[-97.64646293164529,32.96704173570481],[-97.64575824673896,32.967020814214294]]]},"properties":{"prop_id":123410,"state_cd":"S60","ite_code":210,"ite_name":"Single-Family Detached","ite_unit":"DU","units":1,"daily_trips":9.4,"am_peak_trips":0.7,"pm_peak_trips":0.9,"imprv_val":239790.0,"acres":0.272,"city":"Springtown","city_code":"CSP","fill_color":[34,139,34,180]}},{"type":"Feature","geometry":{"type":"Polygon","coordinates":[[[-97.68970369568005,32.9602061449315],[-97.68953618417326,32.96020248446595],[-97.6894307043401,32.96020320162759],[-97.68914509978258,32.96020947886291],[-97.68914468163746,32.96005909616524],[-97.68914465977012,32.96005108602624],[-97.68914428686925,32.95991690938926],[-97.6891442808428,32.95991464667473],[-97.68914389559485,32.95977644421459],[-97.68914388769878,32.95977345101073],[-97.6891435132663,32.95963885771633],[-97.68914348899652,32.95963005846555],[-97.68914313179033,32.959501411905634],[-97.68914309415415,32.95948799703448],[-97.68914274906417,32.959363985924384],[-97.68914269840296,32.95934556765074],[-97.68914236778043,32.959226519368],[-97.68914230158158,32.9592026711127],[-97.68914198535028,32.95908917815511],[-97.68914190491557,32.95906010824769],[-97.68914157470796,32.95894101487196],[-97.6891415095315,32.95891763917798],[-97.68914116212594,32.95879282992952],[-97.68914111441842,32.95877549115661],[-97.6891407472784,32.9586437242074],[-97.68914071467935,32.95863186230795],[-97.68914033518625,32.95849548605472],[-97.6891403161112,32.95848845621459],[-97.68913989778787,32.95833797788813],[-97.6894713634377,32.958329742654406],[-97.68951429479574,32.958329003737894],[-97.68953139266362,32.95832870912441],[-97.68965127008924,32.9583293570935],[-97.68977104275935,32.95833362148098],[-97.68989055778569,32.95834149498038],[-97.68989107879077,32.95849293260216],[-97.68989159239648,32.958642021823906],[-97.68989206326168,32.958778709787865],[-97.68989210479938,32.95879089189174],[-97.68989255515163,32.95892151946481],[-97.68989261584518,32.958939091892894],[-97.68989304753276,32.959064509507],[-97.68989312792986,32.959087997123895],[-97.68989354092764,32.95920785667521],[-97.6898935956095,32.95922386439957],[-97.68989403479162,32.95935126967687],[-97.68989407198426,32.95936205572869],[-97.6898945252056,32.95949377361518],[-97.6898945495461,32.959500936056166],[-97.68989501553304,32.95963617023327],[-97.68989549371652,32.95977498292295],[-97.68989550791652,32.95977904392663],[-97.68989597132408,32.95991385873399],[-97.68989600352516,32.95992308549971],[-97.68989643699898,32.96004889359861],[-97.68989649375287,32.96006537659565],[-97.68989701774588,32.960217659210684],[-97.6898708816692,32.960215688355554],[-97.68970369568005,32.9602061449315]]]},"properties":{"prop_id":121647,"state_cd":"S50","ite_code":210,"ite_name":"Single-Family Detached","ite_unit":"DU","units":1,"daily_trips":9.4,"am_peak_trips":0.7,"pm_peak_trips":0.9,"imprv_val":156220.0,"acres":0.132,"city":"Springtown","city_code":"CSP","fill_color":[34,139,34,180]}},{"type":"Feature","geometry":{"type":"Polygon","coordinates":[[[-97.695047890411,32.97502061523584],[-97.695051282854,32.974829863152536],[-97.69549137914261,32.97483201938308],[-97.69548783419165,32.975026707839554],[-97.695047890411,32.97502061523584]]]},"properties":{"prop_id":117511,"state_cd":"S55","ite_code":210,"ite_name":"Single-Family Detached","ite_unit":"DU","units":1,"daily_trips":9.4,"am_peak_trips":0.7,"pm_peak_trips":0.9,"imprv_val":238930.0,"acres":0.217,"city":"Springtown","city_code":"CSP","fill_color":[34,139,34,180]}},{"type":"Feature","geometry":{"type":"Polygon","coordinates":[[[-97.68605827753674,32.982946653993636],[-97.68633709415998,32.98217629108185],[-97.68638494259477,32.98169843445737],[-97.68641364492035,32.981532550556246],[-97.68665805943145,32.98176795904595],[-97.68665787093998,32.98179558330015],[-97.68664842482403,32.98317539701196],[-97.68658872474585,32.98315227523368],[-97.68605827753674,32.982946653993636]]]},"properties":{"prop_id":44186,"state_cd":"S100","ite_code":210,"ite_name":"Single-Family Detached","ite_unit":"DU","units":1,"daily_trips":9.4,"am_peak_trips":0.7,"pm_peak_trips":0.9,"imprv_val":26670.0,"acres":0.79,"city":"Springtown","city_code":"CSP","fill_color":[34,139,34,180]}},{"type":"Feature","geometry":{"type":"Polygon","coordinates":[[[-97.69086555902761,32.96042247754351],[-97.6908937011682,32.96042149782322],[-97.69092138649393,32.960417126078255],[-97.69094804079629,32.9604094523705],[-97.69097311492192,32.96039863456175],[-97.69099609012092,32.96038489834828],[-97.69139499577189,32.96073093607267],[-97.6908691403672,32.960733475648986],[-97.69086555902761,32.96042247754351]]]},"properties":{"prop_id":121562,"state_cd":"S50","ite_code":0,"ite_name":"Vacant/Agricultural","ite_unit":"N/A","units":1.0,"daily_trips":0.0,"am_peak_trips":0.0,"pm_peak_trips":0.0,"imprv_val":0.0,"acres":0.285,"city":"Springtown","city_code":"CSP","fill_color":[80,80,80,100]}},{"type":"Feature","geometry":{"type":"Polygon","coordinates":[[[-97.68422225193981,32.957573316243106],[-97.68418921590518,32.9582748616221],[-97.68367988790945,32.95826822535352],[-97.68379072287262,32.95756525980264],[-97.68422225193981,32.957573316243106]]]},"properties":{"prop_id":46159,"state_cd":"S80","ite_code":210,"ite_name":"Single-Family Detached","ite_unit":"DU","units":1,"daily_trips":9.4,"am_peak_trips":0.7,"pm_peak_trips":0.9,"imprv_val":257930.0,"acres":0.81,"city":"Springtown","city_code":"CSP","fill_color":[34,139,34,180]}},{"type":"Feature","geometry":{"type":"Polygon","coordinates":[[[-97.65911184155169,32.96462511665618],[-97.6591147262007,32.964444352667],[-97.65951770811033,32.9644465120929],[-97.65951582985386,32.96462784380853],[-97.65911184155169,32.96462511665618]]]},"properties":{"prop_id":122934,"state_cd":"S60","ite_code":0,"ite_name":"Vacant/Agricultural","ite_unit":"N/A","units":1.0,"daily_trips":0.0,"am_peak_trips":0.0,"pm_peak_trips":0.0,"imprv_val":0.0,"acres":0.187,"city":"Springtown","city_code":"CSP","fill_color":[80,80,80,100]}},{"type":"Feature","geometry":{"type":"Polygon","coordinates":[[[-97.66693634607157,32.95961727181813],[-97.66701690159861,32.95951125789337],[-97.66710521328908,32.95939503659621],[-97.66757125532276,32.95966101470969],[-97.66741138997531,32.959872509538734],[-97.66693634607157,32.95961727181813]]]},"properties":{"prop_id":85730,"state_cd":"S50","ite_code":210,"ite_name":"Single-Family Detached","ite_unit":"DU","units":1,"daily_trips":9.4,"am_peak_trips":0.7,"pm_peak_trips":0.9,"imprv_val":350000.0,"acres":0.3711,"city":"Springtown","city_code":"CSP","fill_color":[34,139,34,180]}},{"type":"Feature","geometry":{"type":"Polygon","coordinates":[[[-97.67806024694295,32.95812611870826],[-97.67808342296165,32.958084674021144],[-97.67810854088086,32.95804410969319],[-97.67813556163902,32.958004484986056],[-97.67816444725274,32.95796585826652],[-97.67819515439908,32.95792828696455],[-97.6782276365631,32.957891826684936],[-97.67826184831667,32.95785653123646],[-97.67829775618196,32.95782243466606],[-97.67875446311405,32.95819754547811],[-97.67867523993512,32.958263626669755],[-97.67859110284763,32.958398970708586],[-97.67806024694295,32.95812611870826]]]},"properties":{"prop_id":1902,"state_cd":"S45","ite_code":210,"ite_name":"Single-Family Detached","ite_unit":"DU","units":1,"daily_trips":9.4,"am_peak_trips":0.7,"pm_peak_trips":0.9,"imprv_val":172390.0,"acres":0.49,"city":"Springtown","city_code":"CSP","fill_color":[34,139,34,180]}},{"type":"Feature","geometry":{"type":"Polygon","coordinates":[[[-97.69355915058534,32.97195106803576],[-97.69326545330344,32.97222744961931],[-97.69309451105472,32.972098782986805],[-97.69338935403132,32.971823017043555],[-97.69355915058534,32.97195106803576]]]},"properties":{"prop_id":117498,"state_cd":"S55","ite_code":210,"ite_name":"Single-Family Detached","ite_unit":"DU","units":1,"daily_trips":9.4,"am_peak_trips":0.7,"pm_peak_trips":0.9,"imprv_val":346290.0,"acres":0.217,"city":"Springtown","city_code":"CSP","fill_color":[34,139,34,180]}},{"type":"Feature","geometry":{"type":"Polygon","coordinates":[[[-97.68160324437349,32.972862397655305],[-97.6819847271204,32.97280112974788],[-97.68200881018947,32.97293515704887],[-97.68202262288155,32.973012024360415],[-97.68163720879835,32.97306387769979],[-97.68160324437349,32.972862397655305]]]},"properties":{"prop_id":72039,"state_cd":"S50","ite_code":210,"ite_name":"Single-Family Detached","ite_unit":"DU","units":1,"daily_trips":9.4,"am_peak_trips":0.7,"pm_peak_trips":0.9,"imprv_val":220630.0,"acres":0.2,"city":"Springtown","city_code":"CSP","fill_color":[34,139,34,180]}},{"type":"Feature","geometry":{"type":"Polygon","coordinates":[[[-97.67225041934657,32.966306691870265],[-97.67284010433795,32.96626819358166],[-97.67284381693649,32.96654441441051],[-97.67284581765573,32.96669420890734],[-97.67225368880374,32.96672569285401],[-97.67225253014506,32.966576222278555],[-97.67225041934657,32.966306691870265]]]},"properties":{"prop_id":26386,"state_cd":"S65","ite_code":210,"ite_name":"Single-Family Detached","ite_unit":"DU","units":1,"daily_trips":9.4,"am_peak_trips":0.7,"pm_peak_trips":0.9,"imprv_val":146180.0,"acres":0.6399,"city":"Springtown","city_code":"CSP","fill_color":[34,139,34,180]}},{"type":"Feature","geometry":{"type":"Polygon","coordinates":[[[-97.66661927236089,32.961060055733],[-97.6667312999204,32.96091182161157],[-97.66721139766311,32.961177030109084],[-97.66725730840602,32.96120239142075],[-97.66719266507874,32.96129079908756],[-97.66703649581304,32.961504379688535],[-97.66652951248199,32.96150302430819],[-97.66661927236089,32.961060055733]]]},"properties":{"prop_id":26247,"state_cd":"S70","ite_code":210,"ite_name":"Single-Family Detached","ite_unit":"DU","units":1,"daily_trips":9.4,"am_peak_trips":0.7,"pm_peak_trips":0.9,"imprv_val":253790.0,"acres":0.708,"city":"Springtown","city_code":"CSP","fill_color":[34,139,34,180]}},{"type":"Feature","geometry":{"type":"Polygon","coordinates":[[[-97.65084662383282,32.96778914421496],[-97.65112023998027,32.96755352163294],[-97.65124994831999,32.967660044895624],[-97.65097228451278,32.967900404525636],[-97.650962834924,32.967891113573664],[-97.65095181676293,32.96788028063515],[-97.65093560218952,32.96786433772178],[-97.65089649818901,32.967830125694135],[-97.65085007573286,32.96779198143019],[-97.65084662383282,32.96778914421496]]]},"properties":{"prop_id":127361,"state_cd":"S60","ite_code":0,"ite_name":"Vacant/Agricultural","ite_unit":"N/A","units":1.0,"daily_trips":0.0,"am_peak_trips":0.0,"pm_peak_trips":0.0,"imprv_val":0.0,"acres":0.152,"city":"Springtown","city_code":"CSP","fill_color":[80,80,80,100]}},{"type":"Feature","geometry":{"type":"Polygon","coordinates":[[[-97.67683646070122,32.95757771488417],[-97.67728970583022,32.95758068115312],[-97.6772786027151,32.95786678204776],[-97.67682646534755,32.95786382306613],[-97.67683646070122,32.95757771488417]]]},"properties":{"prop_id":1930,"state_cd":"S36","ite_code":210,"ite_name":"Single-Family Detached","ite_unit":"DU","units":1,"daily_trips":9.4,"am_peak_trips":0.7,"pm_peak_trips":0.9,"imprv_val":114270.0,"acres":0.3319,"city":"Springtown","city_code":"CSP","fill_color":[34,139,34,180]}},{"type":"Feature","geometry":{"type":"Polygon","coordinates":[[[-97.66128482721338,32.98229488837481],[-97.66131118512719,32.98214235648658],[-97.66135518193663,32.98182761427755],[-97.66214253736794,32.98183111931745],[-97.66218614785424,32.982304767456185],[-97.66128482721338,32.98229488837481]]]},"properties":{"prop_id":37851,"state_cd":"S90","ite_code":0,"ite_name":"Vacant/Agricultural","ite_unit":"N/A","units":1.0,"daily_trips":0.0,"am_peak_trips":0.0,"pm_peak_trips":0.0,"imprv_val":0.0,"acres":1.04,"city":"Springtown","city_code":"CSP","fill_color":[80,80,80,100]}},{"type":"Feature","geometry":{"type":"Polygon","coordinates":[[[-97.68197979622553,32.97277573993903],[-97.68231035914305,32.972720935649576],[-97.68234040695461,32.97287910502763],[-97.6823404559166,32.97287936417189],[-97.68200881018947,32.97293515704887],[-97.6819847271204,32.97280112974788],[-97.68197979622553,32.97277573993903]]]},"properties":{"prop_id":74318,"state_cd":"S50","ite_code":210,"ite_name":"Single-Family Detached","ite_unit":"DU","units":1,"daily_trips":9.4,"am_peak_trips":0.7,"pm_peak_trips":0.9,"imprv_val":216770.0,"acres":0.174,"city":"Springtown","city_code":"CSP","fill_color":[34,139,34,180]}},{"type":"Feature","geometry":{"type":"Polygon","coordinates":[[[-97.67396753587094,32.970905135942026],[-97.67396794240564,32.97074021319896],[-97.6743808977739,32.97074392988466],[-97.67438021339495,32.97091073649557],[-97.67396753587094,32.970905135942026]]]},"properties":{"prop_id":109362,"state_cd":"S50","ite_code":210,"ite_name":"Single-Family Detached","ite_unit":"DU","units":1,"daily_trips":9.4,"am_peak_trips":0.7,"pm_peak_trips":0.9,"imprv_val":239180.0,"acres":0.173,"city":"Springtown","city_code":"CSP","fill_color":[34,139,34,180]}},{"type":"Feature","geometry":{"type":"Polygon","coordinates":[[[-97.67326040661294,32.97203498035612],[-97.67345266737662,32.972035300563334],[-97.67345513501265,32.97248444107408],[-97.6732584273136,32.972479597593434],[-97.67326040661294,32.97203498035612]]]},"properties":{"prop_id":109372,"state_cd":"S50","ite_code":210,"ite_name":"Single-Family Detached","ite_unit":"DU","units":1,"daily_trips":9.4,"am_peak_trips":0.7,"pm_peak_trips":0.9,"imprv_val":238840.0,"acres":0.225,"city":"Springtown","city_code":"CSP","fill_color":[34,139,34,180]}},{"type":"Feature","geometry":{"type":"Polygon","coordinates":[[[-97.68534332082095,32.96893941766134],[-97.68543927626021,32.9693405777025],[-97.68506547598923,32.969391195388134],[-97.6845956882048,32.969454809598034],[-97.68452206009621,32.96899751764182],[-97.68534332082095,32.96893941766134]]]},"properties":{"prop_id":59592,"state_cd":"S100","ite_code":210,"ite_name":"Single-Family Detached","ite_unit":"DU","units":2,"daily_trips":18.9,"am_peak_trips":1.4,"pm_peak_trips":1.9,"imprv_val":264410.0,"acres":1.02,"city":"Springtown","city_code":"CSP","fill_color":[34,139,34,180]}},{"type":"Feature","geometry":{"type":"Polygon","coordinates":[[[-97.67220096213164,32.96303545446408],[-97.67184527039885,32.962795399119535],[-97.67201080537042,32.962564583239775],[-97.67234876553881,32.96281729920781],[-97.67220096213164,32.96303545446408]]]},"properties":{"prop_id":118014,"state_cd":"S50","ite_code":210,"ite_name":"Single-Family Detached","ite_unit":"DU","units":1,"daily_trips":9.4,"am_peak_trips":0.7,"pm_peak_trips":0.9,"imprv_val":527850.0,"acres":0.31,"city":"Springtown","city_code":"CSP","fill_color":[34,139,34,180]}},{"type":"Feature","geometry":{"type":"Polygon","coordinates":[[[-97.69100141303815,32.95937054746475],[-97.6913905190268,32.959368097655],[-97.69139097049063,32.95950552405264],[-97.69100176798004,32.959507349179134],[-97.69100141303815,32.95937054746475]]]},"properties":{"prop_id":121555,"state_cd":"S50","ite_code":0,"ite_name":"Vacant/Agricultural","ite_unit":"N/A","units":1.0,"daily_trips":0.0,"am_peak_trips":0.0,"pm_peak_trips":0.0,"imprv_val":0.0,"acres":0.137,"city":"Springtown","city_code":"CSP","fill_color":[80,80,80,100]}},{"type":"Feature","geometry":{"type":"Polygon","coordinates":[[[-97.69099819564188,32.958131775394016],[-97.69138645369492,32.95813103449359],[-97.69138691033785,32.958269884025086],[-97.69099855396014,32.95826972878162],[-97.69099819564188,32.958131775394016]]]},"properties":{"prop_id":121546,"state_cd":"S50","ite_code":0,"ite_name":"Vacant/Agricultural","ite_unit":"N/A","units":1.0,"daily_trips":0.0,"am_peak_trips":0.0,"pm_peak_trips":0.0,"imprv_val":0.0,"acres":0.137,"city":"Springtown","city_code":"CSP","fill_color":[80,80,80,100]}},{"type":"Feature","geometry":{"type":"Polygon","coordinates":[[[-97.67284744350472,32.96681598936329],[-97.67342394968436,32.96677836216504],[-97.67342770859197,32.967074346720075],[-97.67285158954604,32.96712277856171],[-97.67284744350472,32.96681598936329]]]},"properties":{"prop_id":26378,"state_cd":"S50","ite_code":210,"ite_name":"Single-Family Detached","ite_unit":"DU","units":1,"daily_trips":9.4,"am_peak_trips":0.7,"pm_peak_trips":0.9,"imprv_val":187970.0,"acres":0.4453,"city":"Springtown","city_code":"CSP","fill_color":[34,139,34,180]}},{"type":"Feature","geometry":{"type":"Polygon","coordinates":[[[-97.6759251350516,32.96811585469971],[-97.67602297157934,32.96811575489954],[-97.67602585894731,32.968377455194364],[-97.67593018020834,32.968384660304686],[-97.6759251350516,32.96811585469971]]]},"properties":{"prop_id":89524,"state_cd":"S25","ite_code":210,"ite_name":"Single-Family Detached","ite_unit":"DU","units":1,"daily_trips":9.4,"am_peak_trips":0.7,"pm_peak_trips":0.9,"imprv_val":198900.0,"acres":0.066,"city":"Springtown","city_code":"CSP","fill_color":[34,139,34,180]}},{"type":"Feature","geometry":{"type":"Polygon","coordinates":[[[-97.67381576047556,32.96131640682902],[-97.67443177387759,32.960519794726736],[-97.67483875972533,32.960762637212326],[-97.67454447790416,32.96109974620975],[-97.67454415242331,32.9611001201145],[-97.67405847988775,32.96133081992112],[-97.67404096527204,32.961339139497916],[-97.67391126245688,32.96140074911436],[-97.67388182731506,32.96136115417249],[-97.67381576047556,32.96131640682902]]]},"properties":{"prop_id":26159,"state_cd":"S50","ite_code":0,"ite_name":"Vacant/Agricultural","ite_unit":"N/A","units":1.0,"daily_trips":0.0,"am_peak_trips":0.0,"pm_peak_trips":0.0,"imprv_val":0.0,"acres":0.31,"city":"Springtown","city_code":"CSP","fill_color":[80,80,80,100]}},{"type":"Feature","geometry":{"type":"Polygon","coordinates":[[[-97.68705688762152,32.969324759965254],[-97.68705928548387,32.969044103168024],[-97.68741150416982,32.96904852583301],[-97.68740343102645,32.96930840460821],[-97.68740465796493,32.96930842433196],[-97.68740337930272,32.96933304476833],[-97.68705688762152,32.969324759965254]]]},"properties":{"prop_id":17217,"state_cd":"S50","ite_code":210,"ite_name":"Single-Family Detached","ite_unit":"DU","units":1,"daily_trips":9.4,"am_peak_trips":0.7,"pm_peak_trips":0.9,"imprv_val":168540.0,"acres":0.2527,"city":"Springtown","city_code":"CSP","fill_color":[34,139,34,180]}},{"type":"Feature","geometry":{"type":"Polygon","coordinates":[[[-97.68373487359389,32.972525232644706],[-97.68411192226928,32.97247030779106],[-97.68419145100907,32.97283220935919],[-97.683814400842,32.97288713445077],[-97.68381437618014,32.972887024266896],[-97.68379039023507,32.97277745088115],[-97.68373487359389,32.972525232644706]]]},"properties":{"prop_id":29500,"state_cd":"S50","ite_code":210,"ite_name":"Single-Family Detached","ite_unit":"DU","units":1,"daily_trips":9.4,"am_peak_trips":0.7,"pm_peak_trips":0.9,"imprv_val":204260.0,"acres":0.36,"city":"Springtown","city_code":"CSP","fill_color":[34,139,34,180]}},{"type":"Feature","geometry":{"type":"Polygon","coordinates":[[[-97.66707940162809,32.966603545502885],[-97.66770703966077,32.96660773882863],[-97.66770535196551,32.96677262340432],[-97.6670740862948,32.96676840583211],[-97.66707940162809,32.966603545502885]]]},"properties":{"prop_id":87693,"state_cd":"S50","ite_code":210,"ite_name":"Single-Family Detached","ite_unit":"DU","units":1,"daily_trips":9.4,"am_peak_trips":0.7,"pm_peak_trips":0.9,"imprv_val":218780.0,"acres":0.266,"city":"Springtown","city_code":"CSP","fill_color":[34,139,34,180]}},{"type":"Feature","geometry":{"type":"Polygon","coordinates":[[[-97.69099609012092,32.96038489834828],[-97.69102020650115,32.96036498032524],[-97.69103990727366,32.960341867330335],[-97.6910546085118,32.96031624546985],[-97.69106387322292,32.960288876654936],[-97.69106742549256,32.96026057254032],[-97.69139345442008,32.9602618029774],[-97.69139499577189,32.96073093607267],[-97.69099609012092,32.96038489834828]]]},"properties":{"prop_id":121561,"state_cd":"S50","ite_code":0,"ite_name":"Vacant/Agricultural","ite_unit":"N/A","units":1.0,"daily_trips":0.0,"am_peak_trips":0.0,"pm_peak_trips":0.0,"imprv_val":0.0,"acres":0.287,"city":"Springtown","city_code":"CSP","fill_color":[80,80,80,100]}},{"type":"Feature","geometry":{"type":"Polygon","coordinates":[[[-97.67320052073966,32.963493342436536],[-97.67334414340804,32.96338136071248],[-97.67342556645654,32.963317875805416],[-97.67371515054211,32.963581814969736],[-97.67314865592805,32.96358347473003],[-97.67308467899332,32.96358366255471],[-97.67320052073966,32.963493342436536]]]},"properties":{"prop_id":86714,"state_cd":"S40","ite_code":210,"ite_name":"Single-Family Detached","ite_unit":"DU","units":1,"daily_trips":9.4,"am_peak_trips":0.7,"pm_peak_trips":0.9,"imprv_val":354350.0,"acres":0.225,"city":"Springtown","city_code":"CSP","fill_color":[34,139,34,180]}},{"type":"Feature","geometry":{"type":"Polygon","coordinates":[[[-97.6747162555907,32.96779421256019],[-97.6747195467483,32.968025371734505],[-97.67462136985162,32.96802618700985],[-97.67461745663016,32.96779453402111],[-97.6747162555907,32.96779421256019]]]},"properties":{"prop_id":89548,"state_cd":"S25","ite_code":210,"ite_name":"Single-Family Detached","ite_unit":"DU","units":1,"daily_trips":9.4,"am_peak_trips":0.7,"pm_peak_trips":0.9,"imprv_val":155000.0,"acres":0.059,"city":"Springtown","city_code":"CSP","fill_color":[34,139,34,180]}},{"type":"Feature","geometry":{"type":"Polygon","coordinates":[[[-97.64580826413763,32.96559154771994],[-97.64651599513897,32.96560759115383],[-97.64650830297036,32.96581551933383],[-97.64584999713661,32.96579821119472],[-97.64580265924386,32.96575570923772],[-97.64580826413763,32.96559154771994]]]},"properties":{"prop_id":123429,"state_cd":"S60","ite_code":210,"ite_name":"Single-Family Detached","ite_unit":"DU","units":1,"daily_trips":9.4,"am_peak_trips":0.7,"pm_peak_trips":0.9,"imprv_val":298800.0,"acres":0.371,"city":"Springtown","city_code":"CSP","fill_color":[34,139,34,180]}},{"type":"Feature","geometry":{"type":"Polygon","coordinates":[[[-97.68486934389396,32.97198488453262],[-97.68492550180063,32.97231896757701],[-97.68451912742471,32.972379021049825],[-97.68451081289935,32.97238034463002],[-97.68448077868402,32.97224829355571],[-97.68420372446352,32.97228481679198],[-97.68416380980487,32.97208024674392],[-97.68444591956467,32.97204176094936],[-97.68486934389396,32.97198488453262]]]},"properties":{"prop_id":26912,"state_cd":"S50","ite_code":210,"ite_name":"Single-Family Detached","ite_unit":"DU","units":1,"daily_trips":9.4,"am_peak_trips":0.7,"pm_peak_trips":0.9,"imprv_val":56970.0,"acres":0.128,"city":"Springtown","city_code":"CSP","fill_color":[34,139,34,180]}},{"type":"Feature","geometry":{"type":"Polygon","coordinates":[[[-97.680789496331,32.95877344840711],[-97.68045709477481,32.95874416016126],[-97.68049643558025,32.95856247854957],[-97.68051493693225,32.95855213455271],[-97.6805310648011,32.9585392218799],[-97.6805443320722,32.958524129622035],[-97.68055433982914,32.958507310578185],[-97.68056078815063,32.958489270503804],[-97.68056348266163,32.95847055372491],[-97.68056234222068,32.95845172154469],[-97.68055739591958,32.958433329678115],[-97.68117126640654,32.958470625218816],[-97.68117910715816,32.95867348078352],[-97.68115590926413,32.95880570892921],[-97.680789496331,32.95877344840711]]]},"properties":{"prop_id":1946,"state_cd":"S48","ite_code":210,"ite_name":"Single-Family Detached","ite_unit":"DU","units":1,"daily_trips":9.4,"am_peak_trips":0.7,"pm_peak_trips":0.9,"imprv_val":331530.0,"acres":0.5583,"city":"Springtown","city_code":"CSP","fill_color":[34,139,34,180]}},{"type":"Feature","geometry":{"type":"Polygon","coordinates":[[[-97.67126352304881,32.97161773880465],[-97.67126648398649,32.971301363686905],[-97.6714779121402,32.97130420153318],[-97.67147749919333,32.97162059268797],[-97.67126352304881,32.97161773880465]]]},"properties":{"prop_id":109398,"state_cd":"S50","ite_code":210,"ite_name":"Single-Family Detached","ite_unit":"DU","units":1,"daily_trips":9.4,"am_peak_trips":0.7,"pm_peak_trips":0.9,"imprv_val":265720.0,"acres":0.174,"city":"Springtown","city_code":"CSP","fill_color":[34,139,34,180]}},{"type":"Feature","geometry":{"type":"Polygon","coordinates":[[[-97.65214457646158,32.96561718131701],[-97.65215431107892,32.96501318503919],[-97.65238364964864,32.965016233152426],[-97.6523727208078,32.96561137260395],[-97.65237266988663,32.96561412192314],[-97.65220551984866,32.965618346253],[-97.65214457646158,32.96561718131701]]]},"properties":{"prop_id":123487,"state_cd":"S60","ite_code":210,"ite_name":"Single-Family Detached","ite_unit":"DU","units":1,"daily_trips":9.4,"am_peak_trips":0.7,"pm_peak_trips":0.9,"imprv_val":250510.0,"acres":0.352,"city":"Springtown","city_code":"CSP","fill_color":[34,139,34,180]}},{"type":"Feature","geometry":{"type":"Polygon","coordinates":[[[-97.66793123486751,32.96391334839348],[-97.66789816588998,32.963862651567375],[-97.66777397939985,32.9638663214803],[-97.6673544947023,32.96386606789631],[-97.66739171323894,32.961600550584855],[-97.66892995304082,32.9616090819482],[-97.66894817827455,32.963163011246095],[-97.66888102057193,32.96323359286325],[-97.66880297411615,32.963315617213425],[-97.66867540163489,32.96342388970482],[-97.6686383190155,32.963436963168334],[-97.66859480389296,32.96345230417964],[-97.66849491395685,32.963487521299754],[-97.66826245840548,32.963582669958015],[-97.66813831087394,32.96363348517239],[-97.66793123486751,32.96391334839348]]]},"properties":{"prop_id":26299,"state_cd":"S25","ite_code":210,"ite_name":"Single-Family Detached","ite_unit":"DU","units":7,"daily_trips":66.1,"am_peak_trips":5.0,"pm_peak_trips":6.6,"imprv_val":122360.0,"acres":8.1751,"city":"Springtown","city_code":"CSP","fill_color":[255,200,0,200]}},{"type":"Feature","geometry":{"type":"Polygon","coordinates":[[[-97.68596475506406,32.96782277962498],[-97.6862037240649,32.96778759016024],[-97.68635261527594,32.968570111700735],[-97.68611211229221,32.9686118107191],[-97.68607402703697,32.9685146106339],[-97.6860409077526,32.96841034472295],[-97.68604029223287,32.96840840539118],[-97.68609165016838,32.96840151180617],[-97.68596475506406,32.96782277962498]]]},"properties":{"prop_id":59584,"state_cd":"S60","ite_code":210,"ite_name":"Single-Family Detached","ite_unit":"DU","units":1,"daily_trips":9.4,"am_peak_trips":0.7,"pm_peak_trips":0.9,"imprv_val":47300.0,"acres":0.51,"city":"Springtown","city_code":"CSP","fill_color":[34,139,34,180]}},{"type":"Feature","geometry":{"type":"Polygon","coordinates":[[[-97.6690685781181,32.95982735574693],[-97.66924191277465,32.95959236408999],[-97.66969171107124,32.95982601454079],[-97.66951869230267,32.960062078480696],[-97.6690685781181,32.95982735574693]]]},"properties":{"prop_id":26229,"state_cd":"S50","ite_code":0,"ite_name":"Vacant/Agricultural","ite_unit":"N/A","units":1.0,"daily_trips":0.0,"am_peak_trips":0.0,"pm_peak_trips":0.0,"imprv_val":0.0,"acres":0.3754,"city":"Springtown","city_code":"CSP","fill_color":[80,80,80,100]}},{"type":"Feature","geometry":{"type":"Polygon","coordinates":[[[-97.64669868159683,32.96549175364135],[-97.64668704393162,32.965820635642594],[-97.64650830297036,32.96581551933383],[-97.64651599513897,32.96560759115383],[-97.64652046096681,32.96548688620469],[-97.64669868159683,32.96549175364135]]]},"properties":{"prop_id":127371,"state_cd":"S60","ite_code":0,"ite_name":"Vacant/Agricultural","ite_unit":"N/A","units":1.0,"daily_trips":0.0,"am_peak_trips":0.0,"pm_peak_trips":0.0,"imprv_val":0.0,"acres":0.152,"city":"Springtown","city_code":"CSP","fill_color":[80,80,80,100]}},{"type":"Feature","geometry":{"type":"Polygon","coordinates":[[[-97.65849871816664,32.966980469402785],[-97.65891249813757,32.966984261973415],[-97.65890974367062,32.96716557238215],[-97.6584951593831,32.96715998154943],[-97.65849871816664,32.966980469402785]]]},"properties":{"prop_id":122957,"state_cd":"S60","ite_code":210,"ite_name":"Single-Family Detached","ite_unit":"DU","units":1,"daily_trips":9.4,"am_peak_trips":0.7,"pm_peak_trips":0.9,"imprv_val":165330.0,"acres":0.193,"city":"Springtown","city_code":"CSP","fill_color":[34,139,34,180]}},{"type":"Feature","geometry":{"type":"Polygon","coordinates":[[[-97.67911466472228,32.9851242742117],[-97.67912954610243,32.98425058053264],[-97.68007715235257,32.983892690053956],[-97.68124075951395,32.98391886498489],[-97.68115890003023,32.98515279403689],[-97.67911466472228,32.9851242742117]]]},"properties":{"prop_id":21260,"state_cd":"A28","ite_code":210,"ite_name":"Single-Family Detached","ite_unit":"DU","units":5,"daily_trips":47.2,"am_peak_trips":3.5,"pm_peak_trips":4.7,"imprv_val":230380.0,"acres":5.68,"city":"Springtown","city_code":"CSP","fill_color":[34,139,34,180]}},{"type":"Feature","geometry":{"type":"Polygon","coordinates":[[[-97.67396806881199,32.9713334883705],[-97.67437846469123,32.97133719439404],[-97.67437776425902,32.9715080167037],[-97.67396533444254,32.9715052684658],[-97.67396806881199,32.9713334883705]]]},"properties":{"prop_id":109365,"state_cd":"S50","ite_code":210,"ite_name":"Single-Family Detached","ite_unit":"DU","units":1,"daily_trips":9.4,"am_peak_trips":0.7,"pm_peak_trips":0.9,"imprv_val":253540.0,"acres":0.178,"city":"Springtown","city_code":"CSP","fill_color":[34,139,34,180]}},{"type":"Feature","geometry":{"type":"Polygon","coordinates":[[[-97.68840965776725,32.97727254402455],[-97.68841426419323,32.97699772497557],[-97.68898439341432,32.97700404783487],[-97.68897978876572,32.977278866002955],[-97.68840965776725,32.97727254402455]]]},"properties":{"prop_id":19191,"state_cd":"S55","ite_code":210,"ite_name":"Single-Family Detached","ite_unit":"DU","units":1,"daily_trips":9.4,"am_peak_trips":0.7,"pm_peak_trips":0.9,"imprv_val":197240.0,"acres":0.4,"city":"Springtown","city_code":"CSP","fill_color":[34,139,34,180]}},{"type":"Feature","geometry":{"type":"Polygon","coordinates":[[[-97.66967534551176,32.96092359312982],[-97.66984671947355,32.960692293195585],[-97.66999728124264,32.96047645146228],[-97.67017534992107,32.96024619669065],[-97.67076334316602,32.96056936588954],[-97.67054688422017,32.96071703837839],[-97.67049697279653,32.96075108911402],[-97.67025457472067,32.96091645718196],[-97.67010649324831,32.96113895676957],[-97.670095967348,32.96115477321291],[-97.66967534551176,32.96092359312982]]]},"properties":{"prop_id":26169,"state_cd":"S43","ite_code":0,"ite_name":"Vacant/Agricultural","ite_unit":"N/A","units":1.0,"daily_trips":0.0,"am_peak_trips":0.0,"pm_peak_trips":0.0,"imprv_val":0.0,"acres":1.1496,"city":"Springtown","city_code":"CSP","fill_color":[80,80,80,100]}},{"type":"Feature","geometry":{"type":"Polygon","coordinates":[[[-97.6876907083963,32.969339913116386],[-97.68790259849402,32.96934497798878],[-97.68789460551295,32.96987018068075],[-97.68768265683138,32.969868799366196],[-97.6876907083963,32.969339913116386]]]},"properties":{"prop_id":84193,"state_cd":"S50","ite_code":210,"ite_name":"Single-Family Detached","ite_unit":"DU","units":1,"daily_trips":9.4,"am_peak_trips":0.7,"pm_peak_trips":0.9,"imprv_val":258170.0,"acres":0.29,"city":"Springtown","city_code":"CSP","fill_color":[34,139,34,180]}},{"type":"Feature","geometry":{"type":"Polygon","coordinates":[[[-97.67530692618566,32.96342267475109],[-97.6753061584652,32.96332854989915],[-97.6753286733578,32.96262786702497],[-97.67526317335407,32.962622011778656],[-97.67531802568301,32.96129094132121],[-97.67548075295899,32.96111119784664],[-97.6756825921122,32.961229547589674],[-97.67565422468681,32.96132467013887],[-97.67562461433413,32.962172848282535],[-97.67560475945918,32.96274157949925],[-97.67595881542039,32.962751735565796],[-97.67596021222988,32.96334891105696],[-97.67530692618566,32.96342267475109]]]},"properties":{"prop_id":35549,"state_cd":"A25","ite_code":0,"ite_name":"Vacant/Agricultural","ite_unit":"N/A","units":1.0,"daily_trips":0.0,"am_peak_trips":0.0,"pm_peak_trips":0.0,"imprv_val":0.0,"acres":2.59,"city":"Springtown","city_code":"CSP","fill_color":[80,80,80,100]}},{"type":"Feature","geometry":{"type":"Polygon","coordinates":[[[-97.67566435669569,32.959475466857654],[-97.67615292207748,32.95946811498969],[-97.67615390401211,32.959490432619376],[-97.67615778275085,32.95951252410445],[-97.6761645115573,32.95953412399928],[-97.67617401049317,32.959554971147575],[-97.67618616315902,32.95957481407205],[-97.67620082309497,32.95959341282014],[-97.67621781480041,32.959610544381995],[-97.6762369443632,32.95962600997519],[-97.67573435741664,32.960081923495224],[-97.67564100196616,32.96013504385877],[-97.67566435669569,32.959475466857654]]]},"properties":{"prop_id":76913,"state_cd":"S45","ite_code":210,"ite_name":"Single-Family Detached","ite_unit":"DU","units":1,"daily_trips":9.4,"am_peak_trips":0.7,"pm_peak_trips":0.9,"imprv_val":297960.0,"acres":0.6014,"city":"Springtown","city_code":"CSP","fill_color":[34,139,34,180]}},{"type":"Feature","geometry":{"type":"Polygon","coordinates":[[[-97.68038382745047,32.9700150124388],[-97.68048349674943,32.97000992237218],[-97.68086514181788,32.96999046932422],[-97.68090968444845,32.97030436828359],[-97.68066489930476,32.970316887179635],[-97.68042507325872,32.970329136998984],[-97.68038382745047,32.9700150124388]]]},"properties":{"prop_id":4711,"state_cd":"S55","ite_code":210,"ite_name":"Single-Family Detached","ite_unit":"DU","units":1,"daily_trips":9.4,"am_peak_trips":0.7,"pm_peak_trips":0.9,"imprv_val":118300.0,"acres":0.3912,"city":"Springtown","city_code":"CSP","fill_color":[34,139,34,180]}},{"type":"Feature","geometry":{"type":"Polygon","coordinates":[[[-97.6652381050844,32.963833785898],[-97.66524865616641,32.96383403694026],[-97.6655157071457,32.963840387837564],[-97.6655110271462,32.96386271904491],[-97.66548997806146,32.964580646938295],[-97.66523298666243,32.96478273717535],[-97.6652381050844,32.963833785898]]]},"properties":{"prop_id":98933,"state_cd":"8","ite_code":0,"ite_name":"Vacant/Agricultural","ite_unit":"N/A","units":1.0,"daily_trips":0.0,"am_peak_trips":0.0,"pm_peak_trips":0.0,"imprv_val":0.0,"acres":1.178,"city":"Springtown","city_code":"CSP","fill_color":[80,80,80,100]}},{"type":"Feature","geometry":{"type":"Polygon","coordinates":[[[-97.68139929108433,32.970633331714644],[-97.68136881415225,32.970318858903745],[-97.68107043636051,32.970307543985996],[-97.68106956874736,32.97029851554729],[-97.68186083585903,32.97030787804669],[-97.68189735891396,32.97063663470612],[-97.68139929108433,32.970633331714644]]]},"properties":{"prop_id":29543,"state_cd":"S50","ite_code":210,"ite_name":"Single-Family Detached","ite_unit":"DU","units":1,"daily_trips":9.4,"am_peak_trips":0.7,"pm_peak_trips":0.9,"imprv_val":182930.0,"acres":0.423,"city":"Springtown","city_code":"CSP","fill_color":[34,139,34,180]}},{"type":"Feature","geometry":{"type":"Polygon","coordinates":[[[-97.68523986606715,32.97579946190709],[-97.6855796652748,32.975789206982704],[-97.68561116354431,32.976162675963245],[-97.68527844618748,32.97617243167353],[-97.68523986606715,32.97579946190709]]]},"properties":{"prop_id":33906,"state_cd":"S65","ite_code":0,"ite_name":"Vacant/Agricultural","ite_unit":"N/A","units":1.0,"daily_trips":0.0,"am_peak_trips":0.0,"pm_peak_trips":0.0,"imprv_val":0.0,"acres":0.3223,"city":"Springtown","city_code":"CSP","fill_color":[80,80,80,100]}},{"type":"Feature","geometry":{"type":"Polygon","coordinates":[[[-97.68305772979473,32.96926883420592],[-97.68344828346316,32.96921625270467],[-97.68350043567136,32.969460239865775],[-97.68310988095786,32.96951282152874],[-97.6830989562426,32.96944131382883],[-97.68305772979473,32.96926883420592]]]},"properties":{"prop_id":46,"state_cd":"S50","ite_code":210,"ite_name":"Single-Family Detached","ite_unit":"DU","units":1,"daily_trips":9.4,"am_peak_trips":0.7,"pm_peak_trips":0.9,"imprv_val":314040.0,"acres":0.22,"city":"Springtown","city_code":"CSP","fill_color":[34,139,34,180]}},{"type":"Feature","geometry":{"type":"Polygon","coordinates":[[[-97.68658228002433,32.96772541532319],[-97.68682881961823,32.96769140045279],[-97.6869114743319,32.96769226982085],[-97.68693153646578,32.96770210342404],[-97.68694687859353,32.967714490854256],[-97.68695119630108,32.96773081856816],[-97.68694971843203,32.9679414197106],[-97.68694957024903,32.967962919099776],[-97.6865052238584,32.96797701059572],[-97.68646003340409,32.96776478634419],[-97.68645537008334,32.96774288489535],[-97.68658228002433,32.96772541532319]]]},"properties":{"prop_id":59594,"state_cd":"S60","ite_code":210,"ite_name":"Single-Family Detached","ite_unit":"DU","units":1,"daily_trips":9.4,"am_peak_trips":0.7,"pm_peak_trips":0.9,"imprv_val":215540.0,"acres":0.276,"city":"Springtown","city_code":"CSP","fill_color":[34,139,34,180]}},{"type":"Feature","geometry":{"type":"Polygon","coordinates":[[[-97.66628738305094,32.957011332474586],[-97.66656922840023,32.956601356928594],[-97.66685049045438,32.95675502768004],[-97.66656908707377,32.95716188829231],[-97.66628738305094,32.957011332474586]]]},"properties":{"prop_id":26198,"state_cd":"S50","ite_code":210,"ite_name":"Single-Family Detached","ite_unit":"DU","units":1,"daily_trips":9.4,"am_peak_trips":0.7,"pm_peak_trips":0.9,"imprv_val":186690.0,"acres":0.4042,"city":"Springtown","city_code":"CSP","fill_color":[34,139,34,180]}},{"type":"Feature","geometry":{"type":"Polygon","coordinates":[[[-97.68372090011248,32.97001747472458],[-97.6841161113903,32.96994007009563],[-97.68413251912527,32.970019454938885],[-97.68417508012963,32.97022536355449],[-97.68378103021584,32.97029154828945],[-97.68372090011248,32.97001747472458]]]},"properties":{"prop_id":20869,"state_cd":"S50","ite_code":210,"ite_name":"Single-Family Detached","ite_unit":"DU","units":1,"daily_trips":9.4,"am_peak_trips":0.7,"pm_peak_trips":0.9,"imprv_val":119370.0,"acres":0.2936,"city":"Springtown","city_code":"CSP","fill_color":[34,139,34,180]}},{"type":"Feature","geometry":{"type":"Polygon","coordinates":[[[-97.66018393315935,32.96969200363038],[-97.65978285859626,32.9698768905366],[-97.65968096324849,32.96971902275181],[-97.66008256304747,32.96953442829655],[-97.66018393315935,32.96969200363038]]]},"properties":{"prop_id":122990,"state_cd":"S60","ite_code":0,"ite_name":"Vacant/Agricultural","ite_unit":"N/A","units":1.0,"daily_trips":0.0,"am_peak_trips":0.0,"pm_peak_trips":0.0,"imprv_val":0.0,"acres":0.212,"city":"Springtown","city_code":"CSP","fill_color":[80,80,80,100]}},{"type":"Feature","geometry":{"type":"Polygon","coordinates":[[[-97.67501036388084,32.96775606389925],[-97.67501372969325,32.96802292945525],[-97.67491359271298,32.96802376084359],[-97.67491598489327,32.96777367575936],[-97.674940507435,32.967773925589356],[-97.67496478873952,32.96777101653321],[-97.67498825689297,32.967765015147165],[-97.67501036388084,32.96775606389925]]]},"properties":{"prop_id":89551,"state_cd":"S25","ite_code":210,"ite_name":"Single-Family Detached","ite_unit":"DU","units":1,"daily_trips":9.4,"am_peak_trips":0.7,"pm_peak_trips":0.9,"imprv_val":155000.0,"acres":0.064,"city":"Springtown","city_code":"CSP","fill_color":[34,139,34,180]}},{"type":"Feature","geometry":{"type":"Polygon","coordinates":[[[-97.67821822051071,32.97329316586732],[-97.67822099370984,32.97308853533555],[-97.67873514630803,32.9730896437558],[-97.67873228968212,32.97329924458767],[-97.67821822051071,32.97329316586732]]]},"properties":{"prop_id":70311,"state_cd":"S50","ite_code":210,"ite_name":"Single-Family Detached","ite_unit":"DU","units":1,"daily_trips":9.4,"am_peak_trips":0.7,"pm_peak_trips":0.9,"imprv_val":214210.0,"acres":0.263,"city":"Springtown","city_code":"CSP","fill_color":[34,139,34,180]}},{"type":"Feature","geometry":{"type":"Polygon","coordinates":[[[-97.69002324728517,32.96799900911554],[-97.69070146653199,32.968003415301496],[-97.69070007750142,32.96815540304854],[-97.69070007631464,32.96815553290327],[-97.6906989545559,32.96827827537901],[-97.69001792932377,32.968273850955946],[-97.69002324728517,32.96799900911554]]]},"properties":{"prop_id":17234,"state_cd":"S70","ite_code":210,"ite_name":"Single-Family Detached","ite_unit":"DU","units":1,"daily_trips":9.4,"am_peak_trips":0.7,"pm_peak_trips":0.9,"imprv_val":59630.0,"acres":0.75,"city":"Springtown","city_code":"CSP","fill_color":[34,139,34,180]}},{"type":"Feature","geometry":{"type":"Polygon","coordinates":[[[-97.68016166321421,32.972205413447526],[-97.68013446066192,32.97190320055245],[-97.68015972207456,32.971906624115164],[-97.6801824707067,32.9719053849529],[-97.68020251815,32.971899494453204],[-97.68021969812918,32.971889000222106],[-97.68023386860014,32.97187399060688],[-97.68024491180857,32.971854588383714],[-97.6802527374656,32.97183095438577],[-97.68025728187882,32.971803265853794],[-97.68043591154068,32.97194163134185],[-97.68040723996448,32.972213707566475],[-97.68016166321421,32.972205413447526]]]},"properties":{"prop_id":70346,"state_cd":"S50","ite_code":210,"ite_name":"Single-Family Detached","ite_unit":"DU","units":1,"daily_trips":9.4,"am_peak_trips":0.7,"pm_peak_trips":0.9,"imprv_val":249960.0,"acres":0.241,"city":"Springtown","city_code":"CSP","fill_color":[34,139,34,180]}},{"type":"Feature","geometry":{"type":"Polygon","coordinates":[[[-97.6590777846502,32.966759104164765],[-97.65908067976281,32.96657770360956],[-97.65949558989692,32.96658159116379],[-97.65949370489965,32.96676351077193],[-97.6590777846502,32.966759104164765]]]},"properties":{"prop_id":123010,"state_cd":"S60","ite_code":0,"ite_name":"Vacant/Agricultural","ite_unit":"N/A","units":1.0,"daily_trips":0.0,"am_peak_trips":0.0,"pm_peak_trips":0.0,"imprv_val":0.0,"acres":0.192,"city":"Springtown","city_code":"CSP","fill_color":[80,80,80,100]}},{"type":"Feature","geometry":{"type":"Polygon","coordinates":[[[-97.68859091839627,32.95974756209127],[-97.68898175538526,32.9597479763168],[-97.68898209226722,32.95987356014931],[-97.68898212490814,32.959885765642056],[-97.68859137058705,32.95988606981163],[-97.68859091839627,32.95974756209127]]]},"properties":{"prop_id":121574,"state_cd":"S50","ite_code":210,"ite_name":"Single-Family Detached","ite_unit":"DU","units":1,"daily_trips":9.4,"am_peak_trips":0.7,"pm_peak_trips":0.9,"imprv_val":226920.0,"acres":0.138,"city":"Springtown","city_code":"CSP","fill_color":[34,139,34,180]}},{"type":"Feature","geometry":{"type":"Polygon","coordinates":[[[-97.66613481669793,32.96114807053869],[-97.66627009617672,32.960621452279526],[-97.66668233087356,32.96082315588857],[-97.6665261729728,32.96102980180995],[-97.66650114338827,32.96115330074976],[-97.66613481669793,32.96114807053869]]]},"properties":{"prop_id":26278,"state_cd":"S50","ite_code":210,"ite_name":"Single-Family Detached","ite_unit":"DU","units":1,"daily_trips":9.4,"am_peak_trips":0.7,"pm_peak_trips":0.9,"imprv_val":237370.0,"acres":0.405,"city":"Springtown","city_code":"CSP","fill_color":[34,139,34,180]}},{"type":"Feature","geometry":{"type":"Polygon","coordinates":[[[-97.69053809605921,32.972286323718336],[-97.69127200859585,32.97212525136013],[-97.69126899345655,32.97225834882858],[-97.6912646380356,32.97245057096169],[-97.69125888109312,32.972704638153935],[-97.69125305942912,32.97296157090712],[-97.69124552924649,32.97329392635107],[-97.69123951584089,32.97355930971281],[-97.69116200638493,32.973488020013825],[-97.69106094474245,32.973370417648475],[-97.69098220698856,32.97323241931569],[-97.69053809605921,32.972286323718336]]]},"properties":{"prop_id":38122,"state_cd":"S110","ite_code":210,"ite_name":"Single-Family Detached","ite_unit":"DU","units":2,"daily_trips":18.9,"am_peak_trips":1.4,"pm_peak_trips":1.9,"imprv_val":149170.0,"acres":1.46,"city":"Springtown","city_code":"CSP","fill_color":[34,139,34,180]}},{"type":"Feature","geometry":{"type":"Polygon","coordinates":[[[-97.6936480863699,32.97369793824088],[-97.69394239776062,32.97342125674704],[-97.69403650664178,32.973492089313176],[-97.69407642004495,32.97352080890848],[-97.69411783585126,32.97354797444692],[-97.69382107912683,32.97382814410854],[-97.6936480863699,32.97369793824088]]]},"properties":{"prop_id":117457,"state_cd":"S55","ite_code":210,"ite_name":"Single-Family Detached","ite_unit":"DU","units":1,"daily_trips":9.4,"am_peak_trips":0.7,"pm_peak_trips":0.9,"imprv_val":288480.0,"acres":0.217,"city":"Springtown","city_code":"CSP","fill_color":[34,139,34,180]}},{"type":"Feature","geometry":{"type":"Polygon","coordinates":[[[-97.66892995304082,32.9616090819482],[-97.67006438188183,32.96161536189201],[-97.67026789272578,32.96207541577402],[-97.67024665978003,32.96209964710565],[-97.67021651088592,32.96213363722849],[-97.67004932006441,32.962322128833144],[-97.6698666970804,32.96255102105747],[-97.66967164773284,32.96277455003302],[-97.669613989796,32.9628375631998],[-97.6693478238841,32.96293925291927],[-97.66933736824507,32.96294411981197],[-97.6693276443164,32.96294864618251],[-97.66900886324576,32.96309703984468],[-97.66898361111505,32.963125771319206],[-97.66894817827455,32.963163011246095],[-97.66892995304082,32.9616090819482]]]},"properties":{"prop_id":88683,"state_cd":"A60","ite_code":210,"ite_name":"Single-Family Detached","ite_unit":"DU","units":2,"daily_trips":18.9,"am_peak_trips":1.4,"pm_peak_trips":1.9,"imprv_val":260260.0,"acres":1.31,"city":"Springtown","city_code":"CSP","fill_color":[34,139,34,180]}},{"type":"Feature","geometry":{"type":"Polygon","coordinates":[[[-97.69005460376597,32.95850603133994],[-97.69005411927834,32.95835454706348],[-97.69018386946463,32.958362767275325],[-97.69031391545239,32.95836636562404],[-97.6904440262251,32.958365335197],[-97.69083517974,32.958353498038605],[-97.69083581968803,32.95854805891799],[-97.69083627129072,32.95868549255363],[-97.69083672122544,32.95882217225141],[-97.69083717592285,32.95896043828529],[-97.6908376278016,32.95909784215505],[-97.69083807979572,32.95923535063458],[-97.69083852959595,32.95937204565249],[-97.69083897939616,32.959508857905014],[-97.69083943423387,32.95964699226098],[-97.69083988592192,32.9597844177607],[-97.69084033826086,32.959921889255114],[-97.69084078779615,32.960058614019005],[-97.69084133613985,32.96022515190054],[-97.6904502823449,32.96023664437847],[-97.69041379007778,32.960237716746185],[-97.69023685702581,32.960237710623105],[-97.69006012492595,32.96023058656045],[-97.69005964332266,32.960079954560634],[-97.69005958565151,32.96006181400643],[-97.690059182197,32.959936207211555],[-97.69005914063067,32.95992308991857],[-97.69005872516698,32.959793415819256],[-97.69005870555382,32.95978737257238],[-97.6900582694729,32.959650946383924],[-97.69005826353703,32.95964913909095],[-97.69005782501698,32.95951216096817],[-97.6900578092045,32.95950733971666],[-97.69005738574937,32.95937479685747],[-97.69005735267373,32.95936449421],[-97.69005694359154,32.959236813172716],[-97.69005689167928,32.95922073332074],[-97.6900565062039,32.95910017954636],[-97.69005643413371,32.95907776515408],[-97.6900560631481,32.958961592530734],[-97.69005597960246,32.958935520266834],[-97.69005561769544,32.95882279988112],[-97.69005552337866,32.958793226667424],[-97.69005518030846,32.95868593267493],[-97.69005506467053,32.95864980126053],[-97.69005474767106,32.958551002614335],[-97.69005460376597,32.95850603133994]]]},"properties":{"prop_id":121620,"state_cd":"S50","ite_code":210,"ite_name":"Single-Family Detached","ite_unit":"DU","units":1,"daily_trips":9.4,"am_peak_trips":0.7,"pm_peak_trips":0.9,"imprv_val":54220.0,"acres":0.138,"city":"Springtown","city_code":"CSP","fill_color":[34,139,34,180]}},{"type":"Feature","geometry":{"type":"Polygon","coordinates":[[[-97.69538524700229,32.96441406934301],[-97.69572269335399,32.96441302454752],[-97.69573076107574,32.96475081006969],[-97.69567279651116,32.9660476056833],[-97.69510891401696,32.96590882688801],[-97.69509796029902,32.96472804320059],[-97.69538276699473,32.964733648435306],[-97.69538406591278,32.96445787406311],[-97.69538524700229,32.96441406934301]]]},"properties":{"prop_id":102940,"state_cd":"SF-OVR","ite_code":0,"ite_name":"Vacant/Agricultural","ite_unit":"N/A","units":1.0,"daily_trips":0.0,"am_peak_trips":0.0,"pm_peak_trips":0.0,"imprv_val":0.0,"acres":2.35,"city":"Springtown","city_code":"CSP","fill_color":[80,80,80,100]}},{"type":"Feature","geometry":{"type":"Polygon","coordinates":[[[-97.68705688762152,32.969324759965254],[-97.68740337930272,32.96933304476833],[-97.68747881725307,32.96933484787682],[-97.68747497237335,32.969587378206235],[-97.68705291749336,32.96958462579914],[-97.68705688762152,32.969324759965254]]]},"properties":{"prop_id":84196,"state_cd":"S50","ite_code":210,"ite_name":"Single-Family Detached","ite_unit":"DU","units":1,"daily_trips":9.4,"am_peak_trips":0.7,"pm_peak_trips":0.9,"imprv_val":232550.0,"acres":0.28,"city":"Springtown","city_code":"CSP","fill_color":[34,139,34,180]}},{"type":"Feature","geometry":{"type":"Polygon","coordinates":[[[-97.69055974526569,32.97077871343091],[-97.69047296721197,32.97097145085386],[-97.68996884817594,32.9709685278959],[-97.68988468692937,32.97077473388229],[-97.69055974526569,32.97077871343091]]]},"properties":{"prop_id":38105,"state_cd":"S60","ite_code":210,"ite_name":"Single-Family Detached","ite_unit":"DU","units":1,"daily_trips":9.4,"am_peak_trips":0.7,"pm_peak_trips":0.9,"imprv_val":139920.0,"acres":0.25,"city":"Springtown","city_code":"CSP","fill_color":[34,139,34,180]}},{"type":"Feature","geometry":{"type":"Polygon","coordinates":[[[-97.68914198535028,32.95908917815511],[-97.68951650775855,32.95908858995069],[-97.68951690498307,32.959225196268655],[-97.68914236778043,32.959226519368],[-97.68914230158158,32.9592026711127],[-97.68914198535028,32.95908917815511]]]},"properties":{"prop_id":121647,"state_cd":"S50","ite_code":210,"ite_name":"Single-Family Detached","ite_unit":"DU","units":1,"daily_trips":9.4,"am_peak_trips":0.7,"pm_peak_trips":0.9,"imprv_val":156220.0,"acres":0.132,"city":"Springtown","city_code":"CSP","fill_color":[34,139,34,180]}},{"type":"Feature","geometry":{"type":"Polygon","coordinates":[[[-97.67530942738772,32.96686047361822],[-97.67530805582514,32.96674698085625],[-97.67530781662154,32.966727175225564],[-97.67565833816123,32.96672579506334],[-97.67565984574534,32.96685770756441],[-97.67533519379643,32.966860732505495],[-97.67530942738772,32.96686047361822]]]},"properties":{"prop_id":89594,"state_cd":"S50","ite_code":210,"ite_name":"Single-Family Detached","ite_unit":"DU","units":1,"daily_trips":9.4,"am_peak_trips":0.7,"pm_peak_trips":0.9,"imprv_val":205120.0,"acres":0.125,"city":"Springtown","city_code":"CSP","fill_color":[34,139,34,180]}},{"type":"Feature","geometry":{"type":"Polygon","coordinates":[[[-97.67936465682817,32.95686855166932],[-97.67939314817444,32.95682804627354],[-97.67941744009504,32.95678578261511],[-97.67943737163988,32.95674204551488],[-97.67945281079048,32.95669711457312],[-97.67950200611293,32.956521626911474],[-97.68010928966609,32.95664211740606],[-97.67998239264791,32.95699076013353],[-97.67936465682817,32.95686855166932]]]},"properties":{"prop_id":1893,"state_cd":"S48","ite_code":210,"ite_name":"Single-Family Detached","ite_unit":"DU","units":1,"daily_trips":9.4,"am_peak_trips":0.7,"pm_peak_trips":0.9,"imprv_val":233560.0,"acres":0.5749,"city":"Springtown","city_code":"CSP","fill_color":[34,139,34,180]}},{"type":"Feature","geometry":{"type":"Polygon","coordinates":[[[-97.68547354028065,32.95759662001047],[-97.68537128072813,32.95828620585213],[-97.68504725314732,32.95828170088222],[-97.68516408023672,32.95759620112193],[-97.68547354028065,32.95759662001047]]]},"properties":{"prop_id":77400,"state_cd":"S60","ite_code":210,"ite_name":"Single-Family Detached","ite_unit":"DU","units":1,"daily_trips":9.4,"am_peak_trips":0.7,"pm_peak_trips":0.9,"imprv_val":233850.0,"acres":0.515,"city":"Springtown","city_code":"CSP","fill_color":[34,139,34,180]}},{"type":"Feature","geometry":{"type":"Polygon","coordinates":[[[-97.67910372716817,32.97216972474372],[-97.6791098874904,32.97180423490746],[-97.67932146113804,32.97181137291276],[-97.67931533485307,32.97217686297751],[-97.67910372716817,32.97216972474372]]]},"properties":{"prop_id":70341,"state_cd":"S50","ite_code":210,"ite_name":"Single-Family Detached","ite_unit":"DU","units":1,"daily_trips":9.4,"am_peak_trips":0.7,"pm_peak_trips":0.9,"imprv_val":234330.0,"acres":0.1982,"city":"Springtown","city_code":"CSP","fill_color":[34,139,34,180]}},{"type":"Feature","geometry":{"type":"Polygon","coordinates":[[[-97.6742194063753,32.97750902925585],[-97.67430140702143,32.974942077355145],[-97.67463724139427,32.97495146139396],[-97.67473194214507,32.97495537023312],[-97.67502515346794,32.97496747135015],[-97.6750250494246,32.97497094448241],[-97.67494840363564,32.97752294837916],[-97.6742194063753,32.97750902925585]]]},"properties":{"prop_id":86165,"state_cd":"S180","ite_code":0,"ite_name":"Vacant/Agricultural","ite_unit":"N/A","units":1.0,"daily_trips":0.0,"am_peak_trips":0.0,"pm_peak_trips":0.0,"imprv_val":0.0,"acres":4.0,"city":"Springtown","city_code":"CSP","fill_color":[80,80,80,100]}},{"type":"Feature","geometry":{"type":"Polygon","coordinates":[[[-97.6804079631588,32.959201698605895],[-97.68039020637403,32.95919688060432],[-97.68037620344322,32.95918649598091],[-97.68036827042917,32.959172268026116],[-97.68036772273618,32.9591565474308],[-97.68045709477481,32.95874416016126],[-97.680789496331,32.95877344840711],[-97.68068882021979,32.959227075048794],[-97.6804079631588,32.959201698605895]]]},"properties":{"prop_id":1948,"state_cd":"S48","ite_code":210,"ite_name":"Single-Family Detached","ite_unit":"DU","units":1,"daily_trips":9.4,"am_peak_trips":0.7,"pm_peak_trips":0.9,"imprv_val":371550.0,"acres":0.3909,"city":"Springtown","city_code":"CSP","fill_color":[34,139,34,180]}},{"type":"Feature","geometry":{"type":"Polygon","coordinates":[[[-97.6900565062039,32.95910017954636],[-97.69044647863902,32.95909901350214],[-97.69044693724095,32.959236083743676],[-97.69005694359154,32.959236813172716],[-97.69005689167928,32.95922073332074],[-97.6900565062039,32.95910017954636]]]},"properties":{"prop_id":121621,"state_cd":"","ite_code":0,"ite_name":"Vacant/Agricultural","ite_unit":"N/A","units":1.0,"daily_trips":0.0,"am_peak_trips":0.0,"pm_peak_trips":0.0,"imprv_val":0.0,"acres":0.138,"city":"Springtown","city_code":"CSP","fill_color":[80,80,80,100]}},{"type":"Feature","geometry":{"type":"Polygon","coordinates":[[[-97.68306718785905,32.97035689577909],[-97.68312449826361,32.97064475717972],[-97.68292822576701,32.970643470541255],[-97.68286276777337,32.970380203341755],[-97.68306718785905,32.97035689577909]]]},"properties":{"prop_id":16804,"state_cd":"S50","ite_code":210,"ite_name":"Single-Family Detached","ite_unit":"DU","units":1,"daily_trips":9.4,"am_peak_trips":0.7,"pm_peak_trips":0.9,"imprv_val":138180.0,"acres":0.16,"city":"Springtown","city_code":"CSP","fill_color":[34,139,34,180]}},{"type":"Feature","geometry":{"type":"Polygon","coordinates":[[[-97.65959494664958,32.968725541245476],[-97.65915101457455,32.968897959767084],[-97.65904912464609,32.96874009597523],[-97.65954784272374,32.96859407034991],[-97.6595698937973,32.968660187521465],[-97.65959494664958,32.968725541245476]]]},"properties":{"prop_id":122996,"state_cd":"S60","ite_code":0,"ite_name":"Vacant/Agricultural","ite_unit":"N/A","units":1.0,"daily_trips":0.0,"am_peak_trips":0.0,"pm_peak_trips":0.0,"imprv_val":0.0,"acres":0.203,"city":"Springtown","city_code":"CSP","fill_color":[80,80,80,100]}},{"type":"Feature","geometry":{"type":"Polygon","coordinates":[[[-97.66996407177825,32.95714835449145],[-97.66997794619087,32.956754539582874],[-97.67022009438888,32.956858325516215],[-97.67022056862542,32.95689642086862],[-97.67019898344056,32.95725910033237],[-97.66996407177825,32.95714835449145]]]},"properties":{"prop_id":35525,"state_cd":"SF-OVR","ite_code":0,"ite_name":"Vacant/Agricultural","ite_unit":"N/A","units":1.0,"daily_trips":0.0,"am_peak_trips":0.0,"pm_peak_trips":0.0,"imprv_val":0.0,"acres":0.22,"city":"Springtown","city_code":"CSP","fill_color":[80,80,80,100]}},{"type":"Feature","geometry":{"type":"Polygon","coordinates":[[[-97.65853468708814,32.965165874458414],[-97.6589400668577,32.96517013694035],[-97.65893731131399,32.96535146001145],[-97.65853108920574,32.96534737761442],[-97.65853468708814,32.965165874458414]]]},"properties":{"prop_id":122947,"state_cd":"S60","ite_code":0,"ite_name":"Vacant/Agricultural","ite_unit":"N/A","units":1.0,"daily_trips":0.0,"am_peak_trips":0.0,"pm_peak_trips":0.0,"imprv_val":0.0,"acres":0.189,"city":"Springtown","city_code":"CSP","fill_color":[80,80,80,100]}},{"type":"Feature","geometry":{"type":"Polygon","coordinates":[[[-97.68064719271628,32.97064818976537],[-97.68066489930476,32.970316887179635],[-97.68090968444845,32.97030436828359],[-97.6809609971315,32.97066561772154],[-97.68088228628629,32.97066557116527],[-97.6808036544821,32.97066264736222],[-97.68072524932595,32.97065685089013],[-97.68064719271628,32.97064818976537]]]},"properties":{"prop_id":70361,"state_cd":"S50","ite_code":210,"ite_name":"Single-Family Detached","ite_unit":"DU","units":1,"daily_trips":9.4,"am_peak_trips":0.7,"pm_peak_trips":0.9,"imprv_val":228290.0,"acres":0.231,"city":"Springtown","city_code":"CSP","fill_color":[34,139,34,180]}},{"type":"Feature","geometry":{"type":"Polygon","coordinates":[[[-97.67396581685635,32.97023979088896],[-97.67438295278257,32.97024353709627],[-97.67438227048844,32.97040966195394],[-97.6739665216931,32.97040691604745],[-97.67396581685635,32.97023979088896]]]},"properties":{"prop_id":109359,"state_cd":"S50","ite_code":210,"ite_name":"Single-Family Detached","ite_unit":"DU","units":1,"daily_trips":9.4,"am_peak_trips":0.7,"pm_peak_trips":0.9,"imprv_val":254880.0,"acres":0.185,"city":"Springtown","city_code":"CSP","fill_color":[34,139,34,180]}},{"type":"Feature","geometry":{"type":"Polygon","coordinates":[[[-97.68432076291516,32.966049847262425],[-97.6847520900557,32.96598381279156],[-97.6847921667987,32.96616771951491],[-97.68435799807621,32.96623425768595],[-97.68432076291516,32.966049847262425]]]},"properties":{"prop_id":99138,"state_cd":"S50","ite_code":210,"ite_name":"Single-Family Detached","ite_unit":"DU","units":1,"daily_trips":9.4,"am_peak_trips":0.7,"pm_peak_trips":0.9,"imprv_val":188100.0,"acres":0.2107,"city":"Springtown","city_code":"CSP","fill_color":[34,139,34,180]}},{"type":"Feature","geometry":{"type":"Polygon","coordinates":[[[-97.67821163218875,32.973604184504964],[-97.67924844635013,32.973616278850734],[-97.67924593483527,32.974362221036856],[-97.6782050443016,32.97453455863028],[-97.67821163218875,32.973604184504964]]]},"properties":{"prop_id":44219,"state_cd":"S150","ite_code":210,"ite_name":"Single-Family Detached","ite_unit":"DU","units":3,"daily_trips":28.3,"am_peak_trips":2.1,"pm_peak_trips":2.8,"imprv_val":565000.0,"acres":2.0,"city":"Springtown","city_code":"CSP","fill_color":[34,139,34,180]}},{"type":"Feature","geometry":{"type":"Polygon","coordinates":[[[-97.65072100403336,32.96768592472617],[-97.65071813063153,32.967683564006116],[-97.65099116352428,32.967447517478625],[-97.65112023998027,32.96755352163294],[-97.65084662383282,32.96778914421496],[-97.65072100403336,32.96768592472617]]]},"properties":{"prop_id":127361,"state_cd":"S60","ite_code":0,"ite_name":"Vacant/Agricultural","ite_unit":"N/A","units":1.0,"daily_trips":0.0,"am_peak_trips":0.0,"pm_peak_trips":0.0,"imprv_val":0.0,"acres":0.152,"city":"Springtown","city_code":"CSP","fill_color":[80,80,80,100]}},{"type":"Feature","geometry":{"type":"Polygon","coordinates":[[[-97.66530646308328,32.9565047664082],[-97.66589654310351,32.95650418246367],[-97.66589033584955,32.95672609550427],[-97.6653026924755,32.95672699064846],[-97.66530646308328,32.9565047664082]]]},"properties":{"prop_id":114822,"state_cd":"S50","ite_code":0,"ite_name":"Vacant/Agricultural","ite_unit":"N/A","units":1.0,"daily_trips":0.0,"am_peak_trips":0.0,"pm_peak_trips":0.0,"imprv_val":0.0,"acres":0.335,"city":"Springtown","city_code":"CSP","fill_color":[80,80,80,100]}},{"type":"Feature","geometry":{"type":"Polygon","coordinates":[[[-97.69100283757892,32.959919106171796],[-97.69139232260719,32.95991711602626],[-97.6913927751278,32.960054895935464],[-97.6910031938701,32.96005634617116],[-97.69100283757892,32.959919106171796]]]},"properties":{"prop_id":121559,"state_cd":"S50","ite_code":0,"ite_name":"Vacant/Agricultural","ite_unit":"N/A","units":1.0,"daily_trips":0.0,"am_peak_trips":0.0,"pm_peak_trips":0.0,"imprv_val":0.0,"acres":0.137,"city":"Springtown","city_code":"CSP","fill_color":[80,80,80,100]}},{"type":"Feature","geometry":{"type":"Polygon","coordinates":[[[-97.6722639130836,32.96803413303792],[-97.67286315358673,32.96798624241819],[-97.6728665530517,32.96824022303384],[-97.67259941028851,32.968262501337925],[-97.67226592097116,32.96829030308307],[-97.6722639130836,32.96803413303792]]]},"properties":{"prop_id":26391,"state_cd":"S50","ite_code":210,"ite_name":"Single-Family Detached","ite_unit":"DU","units":1,"daily_trips":9.4,"am_peak_trips":0.7,"pm_peak_trips":0.9,"imprv_val":214200.0,"acres":0.3923,"city":"Springtown","city_code":"CSP","fill_color":[34,139,34,180]}},{"type":"Feature","geometry":{"type":"Polygon","coordinates":[[[-97.68858778092843,32.958786763063905],[-97.68897917771531,32.95878550989096],[-97.68897951901731,32.958913063351325],[-97.6889795449825,32.95892284379825],[-97.68858822828487,32.9589238125215],[-97.68858778092843,32.958786763063905]]]},"properties":{"prop_id":121581,"state_cd":"S50","ite_code":210,"ite_name":"Single-Family Detached","ite_unit":"DU","units":1,"daily_trips":9.4,"am_peak_trips":0.7,"pm_peak_trips":0.9,"imprv_val":163306.0,"acres":0.138,"city":"Springtown","city_code":"CSP","fill_color":[34,139,34,180]}},{"type":"Feature","geometry":{"type":"Polygon","coordinates":[[[-97.67841944997872,32.961933875723844],[-97.6785777851378,32.96144352461558],[-97.6785910606165,32.961447352889905],[-97.67860293888873,32.96145199982756],[-97.67868188299222,32.96148288007448],[-97.67868960078997,32.961485010547946],[-97.67877440800608,32.96150842349686],[-97.67887198651269,32.96153536190389],[-97.67887531247418,32.961536622024376],[-97.67893763912674,32.961560232125365],[-97.67894079986456,32.96156142892955],[-97.67903164408195,32.96159462749123],[-97.67911660324415,32.961606862196],[-97.67909793870457,32.96165734419689],[-97.67909970774404,32.96165772740207],[-97.67894842868428,32.96206089490565],[-97.67841944997872,32.961933875723844]]]},"properties":{"prop_id":46127,"state_cd":"SF-OVR","ite_code":210,"ite_name":"Single-Family Detached","ite_unit":"DU","units":1,"daily_trips":9.4,"am_peak_trips":0.7,"pm_peak_trips":0.9,"imprv_val":53900.0,"acres":0.5,"city":"Springtown","city_code":"CSP","fill_color":[34,139,34,180]}},{"type":"Feature","geometry":{"type":"Polygon","coordinates":[[[-97.68431723288045,32.96888747417452],[-97.68436651716586,32.96913131413989],[-97.68398064856986,32.96918606651033],[-97.68393193950943,32.96894214448098],[-97.68431723288045,32.96888747417452]]]},"properties":{"prop_id":59558,"state_cd":"S60","ite_code":210,"ite_name":"Single-Family Detached","ite_unit":"DU","units":1,"daily_trips":9.4,"am_peak_trips":0.7,"pm_peak_trips":0.9,"imprv_val":168980.0,"acres":0.248,"city":"Springtown","city_code":"CSP","fill_color":[34,139,34,180]}},{"type":"Feature","geometry":{"type":"Polygon","coordinates":[[[-97.669183341356,32.95673194436915],[-97.66837703115517,32.95631564264139],[-97.66862587485322,32.95596838964067],[-97.66941795881321,32.95597263574161],[-97.66943224409737,32.95662182243919],[-97.66930815549364,32.956557754763935],[-97.669183341356,32.95673194436915]]]},"properties":{"prop_id":80290,"state_cd":"SF-OVR","ite_code":0,"ite_name":"Vacant/Agricultural","ite_unit":"N/A","units":1.0,"daily_trips":0.0,"am_peak_trips":0.0,"pm_peak_trips":0.0,"imprv_val":0.0,"acres":0.249,"city":"Springtown","city_code":"CSP","fill_color":[80,80,80,100]}},{"type":"Feature","geometry":{"type":"Polygon","coordinates":[[[-97.67224464080489,32.96556429454086],[-97.67262090242058,32.965539937787085],[-97.67263146701015,32.96599014524353],[-97.67224812256794,32.966015170141446],[-97.67224464080489,32.96556429454086]]]},"properties":{"prop_id":26384,"state_cd":"S55","ite_code":210,"ite_name":"Single-Family Detached","ite_unit":"DU","units":1,"daily_trips":9.4,"am_peak_trips":0.7,"pm_peak_trips":0.9,"imprv_val":180820.0,"acres":0.4387,"city":"Springtown","city_code":"CSP","fill_color":[34,139,34,180]}},{"type":"Feature","geometry":{"type":"Polygon","coordinates":[[[-97.6703567608249,32.96822557459267],[-97.67089676153336,32.96818384085712],[-97.67089640123798,32.9684311997031],[-97.67055601205578,32.96845754954162],[-97.6703624035167,32.96847253331865],[-97.6703567608249,32.96822557459267]]]},"properties":{"prop_id":26412,"state_cd":"S50","ite_code":210,"ite_name":"Single-Family Detached","ite_unit":"DU","units":1,"daily_trips":9.4,"am_peak_trips":0.7,"pm_peak_trips":0.9,"imprv_val":168690.0,"acres":0.3402,"city":"Springtown","city_code":"CSP","fill_color":[34,139,34,180]}},{"type":"Feature","geometry":{"type":"Polygon","coordinates":[[[-97.659027237658,32.97015580905282],[-97.65940617324094,32.97015958659714],[-97.65946494951089,32.970341718661984],[-97.65902442558897,32.97033767902963],[-97.659027237658,32.97015580905282]]]},"properties":{"prop_id":123027,"state_cd":"S60","ite_code":0,"ite_name":"Vacant/Agricultural","ite_unit":"N/A","units":1.0,"daily_trips":0.0,"am_peak_trips":0.0,"pm_peak_trips":0.0,"imprv_val":0.0,"acres":0.189,"city":"Springtown","city_code":"CSP","fill_color":[80,80,80,100]}},{"type":"Feature","geometry":{"type":"Polygon","coordinates":[[[-97.67352195724693,32.97303682788703],[-97.67352516361699,32.97248616352945],[-97.6736973786652,32.9724903978005],[-97.67381237627397,32.972493222660894],[-97.67398527919646,32.97249746650487],[-97.67415020687561,32.9725015120681],[-97.67419823916897,32.97250270871817],[-97.6741870030111,32.973052123138956],[-97.67352195724693,32.97303682788703]]]},"properties":{"prop_id":37905,"state_cd":"S90","ite_code":210,"ite_name":"Single-Family Detached","ite_unit":"DU","units":1,"daily_trips":9.4,"am_peak_trips":0.7,"pm_peak_trips":0.9,"imprv_val":207740.0,"acres":0.915,"city":"Springtown","city_code":"CSP","fill_color":[34,139,34,180]}},{"type":"Feature","geometry":{"type":"Polygon","coordinates":[[[-97.6696746978409,32.971357269111664],[-97.66975938876581,32.97129126162439],[-97.6699758989373,32.97129556706825],[-97.66997294010876,32.971611225250726],[-97.66966808919976,32.97160919455896],[-97.6696746978409,32.971357269111664]]]},"properties":{"prop_id":109391,"state_cd":"S50","ite_code":210,"ite_name":"Single-Family Detached","ite_unit":"DU","units":1,"daily_trips":9.4,"am_peak_trips":0.7,"pm_peak_trips":0.9,"imprv_val":288240.0,"acres":0.235,"city":"Springtown","city_code":"CSP","fill_color":[34,139,34,180]}},{"type":"Feature","geometry":{"type":"Polygon","coordinates":[[[-97.68308817202019,32.97599238686975],[-97.68384432996473,32.9759973407914],[-97.68393713476071,32.97648411887472],[-97.6831851732616,32.9765011993048],[-97.68308817202019,32.97599238686975]]]},"properties":{"prop_id":44207,"state_cd":"S90","ite_code":210,"ite_name":"Single-Family Detached","ite_unit":"DU","units":2,"daily_trips":18.9,"am_peak_trips":1.4,"pm_peak_trips":1.9,"imprv_val":105100.0,"acres":1.0,"city":"Springtown","city_code":"CSP","fill_color":[34,139,34,180]}},{"type":"Feature","geometry":{"type":"Polygon","coordinates":[[[-97.66523151308027,32.965055843973744],[-97.66523298666243,32.96478273717535],[-97.66548997806146,32.964580646938295],[-97.6655110271462,32.96386271904491],[-97.6655157071457,32.963840387837564],[-97.6663417883913,32.96385751613726],[-97.66676951925922,32.963866382975425],[-97.66689407703714,32.963868965287965],[-97.66692556115763,32.96386961765996],[-97.66664353239076,32.96521262646892],[-97.66523151308027,32.965055843973744]]]},"properties":{"prop_id":129203,"state_cd":"8","ite_code":0,"ite_name":"Vacant/Agricultural","ite_unit":"N/A","units":1.0,"daily_trips":0.0,"am_peak_trips":0.0,"pm_peak_trips":0.0,"imprv_val":0.0,"acres":4.554,"city":"Springtown","city_code":"CSP","fill_color":[80,80,80,100]}},{"type":"Feature","geometry":{"type":"Polygon","coordinates":[[[-97.67042031100716,32.970175239063394],[-97.6704210514491,32.969854555520804],[-97.67063162224659,32.96985786528232],[-97.67063544782849,32.970174762689815],[-97.67042031100716,32.970175239063394]]]},"properties":{"prop_id":109470,"state_cd":"S50","ite_code":210,"ite_name":"Single-Family Detached","ite_unit":"DU","units":1,"daily_trips":9.4,"am_peak_trips":0.7,"pm_peak_trips":0.9,"imprv_val":214300.0,"acres":0.173,"city":"Springtown","city_code":"CSP","fill_color":[34,139,34,180]}},{"type":"Feature","geometry":{"type":"Polygon","coordinates":[[[-97.68413251912527,32.970019454938885],[-97.6845362405487,32.96996147584238],[-97.68457788544679,32.970167516300606],[-97.68417508012963,32.97022536355449],[-97.68413251912527,32.970019454938885]]]},"properties":{"prop_id":17252,"state_cd":"S60","ite_code":210,"ite_name":"Single-Family Detached","ite_unit":"DU","units":1,"daily_trips":9.4,"am_peak_trips":0.7,"pm_peak_trips":0.9,"imprv_val":90680.0,"acres":0.219,"city":"Springtown","city_code":"CSP","fill_color":[34,139,34,180]}},{"type":"Feature","geometry":{"type":"Polygon","coordinates":[[[-97.68801609804952,32.9693427550515],[-97.68801684153718,32.969318026511736],[-97.68801713356436,32.96931803111992],[-97.68802237342733,32.96905250738627],[-97.68836517189882,32.969054740383065],[-97.68836215491883,32.96920928409317],[-97.68836000890019,32.96931911029208],[-97.6883624388856,32.96935187129194],[-97.6883599467344,32.969351805461145],[-97.68801609804952,32.9693427550515]]]},"properties":{"prop_id":17196,"state_cd":"S50","ite_code":210,"ite_name":"Single-Family Detached","ite_unit":"DU","units":1,"daily_trips":9.4,"am_peak_trips":0.7,"pm_peak_trips":0.9,"imprv_val":149940.0,"acres":0.293,"city":"Springtown","city_code":"CSP","fill_color":[34,139,34,180]}},{"type":"Feature","geometry":{"type":"Polygon","coordinates":[[[-97.67802597222759,32.96039274544859],[-97.67812610579193,32.960125647980966],[-97.67801742894021,32.960104755544535],[-97.6774337849797,32.95999254825762],[-97.6772007523948,32.960002966167735],[-97.67731623357933,32.95990213450668],[-97.67767038243734,32.95959105837173],[-97.67778415897195,32.9594910934063],[-97.67802633770167,32.95927836986572],[-97.67817163884447,32.95915068659721],[-97.67817125498219,32.95926582990425],[-97.67825419805132,32.95941750372574],[-97.67853743618326,32.95955177887041],[-97.6791255448544,32.95968163116035],[-97.67933861951047,32.959639795740884],[-97.67932087495343,32.959777722016526],[-97.67921620546925,32.9597677970457],[-97.6785431859702,32.960492637717046],[-97.67802597222759,32.96039274544859]]]},"properties":{"prop_id":1959,"state_cd":"S3","ite_code":0,"ite_name":"Vacant/Agricultural","ite_unit":"N/A","units":1.0,"daily_trips":0.0,"am_peak_trips":0.0,"pm_peak_trips":0.0,"imprv_val":0.0,"acres":3.1012,"city":"Springtown","city_code":"CSP","fill_color":[80,80,80,100]}},{"type":"Feature","geometry":{"type":"Polygon","coordinates":[[[-97.6490325633473,32.96784676191328],[-97.64941660092512,32.9679099818203],[-97.64938229216476,32.96805834861645],[-97.64899869971865,32.967994276718464],[-97.6490325633473,32.96784676191328]]]},"properties":{"prop_id":127317,"state_cd":"S60","ite_code":0,"ite_name":"Vacant/Agricultural","ite_unit":"N/A","units":1.0,"daily_trips":0.0,"am_peak_trips":0.0,"pm_peak_trips":0.0,"imprv_val":0.0,"acres":0.152,"city":"Springtown","city_code":"CSP","fill_color":[80,80,80,100]}},{"type":"Feature","geometry":{"type":"Polygon","coordinates":[[[-97.66727246302274,32.95917487806071],[-97.66745288468879,32.958937408392835],[-97.66792198482243,32.959196891769096],[-97.667746537923,32.95942903578254],[-97.66727246302274,32.95917487806071]]]},"properties":{"prop_id":26273,"state_cd":"S50","ite_code":210,"ite_name":"Single-Family Detached","ite_unit":"DU","units":1,"daily_trips":9.4,"am_peak_trips":0.7,"pm_peak_trips":0.9,"imprv_val":177260.0,"acres":0.4007,"city":"Springtown","city_code":"CSP","fill_color":[34,139,34,180]}},{"type":"Feature","geometry":{"type":"Polygon","coordinates":[[[-97.68956773684252,32.9697163813816],[-97.68956201233048,32.96948232215311],[-97.68987384837375,32.96948576820265],[-97.6898776651233,32.96971958955444],[-97.68956773684252,32.9697163813816]]]},"properties":{"prop_id":17225,"state_cd":"S50","ite_code":210,"ite_name":"Single-Family Detached","ite_unit":"DU","units":1,"daily_trips":9.4,"am_peak_trips":0.7,"pm_peak_trips":0.9,"imprv_val":188950.0,"acres":0.1862,"city":"Springtown","city_code":"CSP","fill_color":[34,139,34,180]}},{"type":"Feature","geometry":{"type":"Polygon","coordinates":[[[-97.67767646348004,32.96984514657967],[-97.67816510216149,32.96984836983433],[-97.67816255122163,32.97012322958859],[-97.67767376339171,32.97012000534996],[-97.6776734392434,32.97012000321111],[-97.67767599170134,32.96984514346669],[-97.67767646348004,32.96984514657967]]]},"properties":{"prop_id":7215,"state_cd":"S50","ite_code":210,"ite_name":"Single-Family Detached","ite_unit":"DU","units":1,"daily_trips":9.4,"am_peak_trips":0.7,"pm_peak_trips":0.9,"imprv_val":268540.0,"acres":0.3444,"city":"Springtown","city_code":"CSP","fill_color":[34,139,34,180]}},{"type":"Feature","geometry":{"type":"Polygon","coordinates":[[[-97.68804573878464,32.969947796887205],[-97.6883522770287,32.96994918582245],[-97.68834978243483,32.97025636454939],[-97.68834969500836,32.970267186750256],[-97.68834960515353,32.970267185263204],[-97.68804629245452,32.97026090241147],[-97.68804573878464,32.969947796887205]]]},"properties":{"prop_id":17198,"state_cd":"S50","ite_code":210,"ite_name":"Single-Family Detached","ite_unit":"DU","units":1,"daily_trips":9.4,"am_peak_trips":0.7,"pm_peak_trips":0.9,"imprv_val":250390.0,"acres":0.25,"city":"Springtown","city_code":"CSP","fill_color":[34,139,34,180]}},{"type":"Feature","geometry":{"type":"Polygon","coordinates":[[[-97.68185363205197,32.96924433991806],[-97.68221470207547,32.96919225229988],[-97.68221999537235,32.969222755121116],[-97.68227654048704,32.96954862469239],[-97.68223356291904,32.96955388529236],[-97.6818984311497,32.969600413965814],[-97.68185363205197,32.96924433991806]]]},"properties":{"prop_id":16817,"state_cd":"S55","ite_code":210,"ite_name":"Single-Family Detached","ite_unit":"DU","units":1,"daily_trips":9.4,"am_peak_trips":0.7,"pm_peak_trips":0.9,"imprv_val":132170.0,"acres":0.34,"city":"Springtown","city_code":"CSP","fill_color":[34,139,34,180]}},{"type":"Feature","geometry":{"type":"Polygon","coordinates":[[[-97.64951909220285,32.96654777607173],[-97.64974065416246,32.96627458017991],[-97.64980233132802,32.9663132428847],[-97.64985995628474,32.96635611829818],[-97.64991312538689,32.96640290607013],[-97.64993442278924,32.9664238050555],[-97.64963815271584,32.96664257138693],[-97.6496338384417,32.96663841609662],[-97.649616066041,32.96662031062014],[-97.64957093221835,32.966582118745585],[-97.649570229698,32.96658152505949],[-97.64955423029504,32.96657096552288],[-97.64952065387185,32.966548806694014],[-97.64951909220285,32.96654777607173]]]},"properties":{"prop_id":127304,"state_cd":"S60","ite_code":0,"ite_name":"Vacant/Agricultural","ite_unit":"N/A","units":1.0,"daily_trips":0.0,"am_peak_trips":0.0,"pm_peak_trips":0.0,"imprv_val":0.0,"acres":0.181,"city":"Springtown","city_code":"CSP","fill_color":[80,80,80,100]}},{"type":"Feature","geometry":{"type":"Polygon","coordinates":[[[-97.65022428147994,32.96863649838394],[-97.65061338153778,32.96830621604255],[-97.6506029840241,32.96832760140072],[-97.65059697345116,32.9683501520563],[-97.65059551747326,32.96837323156227],[-97.65059865761549,32.96839619178938],[-97.65060630486485,32.968418386423906],[-97.65061824481062,32.9684391926461],[-97.65063414073231,32.96845802377703],[-97.65065354729894,32.96847435101618],[-97.6506759168749,32.96848771520797],[-97.65040588182373,32.96888256131601],[-97.65022428147994,32.96863649838394]]]},"properties":{"prop_id":127271,"state_cd":"S60","ite_code":0,"ite_name":"Vacant/Agricultural","ite_unit":"N/A","units":1.0,"daily_trips":0.0,"am_peak_trips":0.0,"pm_peak_trips":0.0,"imprv_val":0.0,"acres":0.277,"city":"Springtown","city_code":"CSP","fill_color":[80,80,80,100]}},{"type":"Feature","geometry":{"type":"Polygon","coordinates":[[[-97.65984886158469,32.95111199156777],[-97.6613335867621,32.951087158254715],[-97.66133917347847,32.951730031275765],[-97.66134680958403,32.95254801392918],[-97.65940771964735,32.95150784723586],[-97.6595325623393,32.95129741579188],[-97.65993833985054,32.951265683541685],[-97.65984886158469,32.95111199156777]]]},"properties":{"prop_id":45939,"state_cd":"SF-OVR","ite_code":0,"ite_name":"Vacant/Agricultural","ite_unit":"N/A","units":1.0,"daily_trips":0.0,"am_peak_trips":0.0,"pm_peak_trips":0.0,"imprv_val":0.0,"acres":2.075,"city":"Springtown","city_code":"CSP","fill_color":[80,80,80,100]}},{"type":"Feature","geometry":{"type":"Polygon","coordinates":[[[-97.6852047707166,32.979601611081605],[-97.68525134522339,32.979172478991366],[-97.68594947848243,32.97919355660479],[-97.68601211184051,32.979648229330614],[-97.6852047707166,32.979601611081605]]]},"properties":{"prop_id":44192,"state_cd":"S80","ite_code":0,"ite_name":"Vacant/Agricultural","ite_unit":"N/A","units":1.0,"daily_trips":0.0,"am_peak_trips":0.0,"pm_peak_trips":0.0,"imprv_val":0.0,"acres":0.72,"city":"Springtown","city_code":"CSP","fill_color":[80,80,80,100]}},{"type":"Feature","geometry":{"type":"Polygon","coordinates":[[[-97.69507867509165,32.97328952520901],[-97.69551938090817,32.97329417074726],[-97.69551589207941,32.973485757341045],[-97.69507526774449,32.97348110601023],[-97.69507867509165,32.97328952520901]]]},"properties":{"prop_id":117519,"state_cd":"S55","ite_code":210,"ite_name":"Single-Family Detached","ite_unit":"DU","units":1,"daily_trips":9.4,"am_peak_trips":0.7,"pm_peak_trips":0.9,"imprv_val":218850.0,"acres":0.218,"city":"Springtown","city_code":"CSP","fill_color":[34,139,34,180]}},{"type":"Feature","geometry":{"type":"Polygon","coordinates":[[[-97.67353512215378,32.967826677761295],[-97.67438869091845,32.967784194338364],[-97.6743887844284,32.96779527836988],[-97.67439089190177,32.96804452390487],[-97.67399774740032,32.96807866987318],[-97.67353883877115,32.968118526224735],[-97.67353512215378,32.967826677761295]]]},"properties":{"prop_id":26361,"state_cd":"S65","ite_code":210,"ite_name":"Single-Family Detached","ite_unit":"DU","units":1,"daily_trips":9.4,"am_peak_trips":0.7,"pm_peak_trips":0.9,"imprv_val":276040.0,"acres":0.6035,"city":"Springtown","city_code":"CSP","fill_color":[34,139,34,180]}},{"type":"Feature","geometry":{"type":"Polygon","coordinates":[[[-97.65119796817886,32.96611018817089],[-97.65121890356916,32.966091642234986],[-97.6512451167341,32.96610453289962],[-97.65127337967976,32.96611385095917],[-97.65130301091841,32.96611937443127],[-97.6513333003014,32.96612096951774],[-97.65136351644695,32.96611859696831],[-97.65139293558919,32.96611231588408],[-97.65142084807519,32.96610227564555],[-97.65144658401307,32.96608871879249],[-97.65146952407362,32.96607197027549],[-97.65218069486147,32.96648301973997],[-97.65216633729455,32.96698312214139],[-97.65180235400143,32.966689659684285],[-97.65119796817886,32.96611018817089]]]},"properties":{"prop_id":123492,"state_cd":"S90","ite_code":0,"ite_name":"Vacant/Agricultural","ite_unit":"N/A","units":1.0,"daily_trips":0.0,"am_peak_trips":0.0,"pm_peak_trips":0.0,"imprv_val":0.0,"acres":0.851,"city":"Springtown","city_code":"CSP","fill_color":[80,80,80,100]}},{"type":"Feature","geometry":{"type":"Polygon","coordinates":[[[-97.68842347561686,32.97644811659726],[-97.68842808195708,32.97617329751653],[-97.68899820587092,32.97617962031343],[-97.68899356921185,32.9764544383043],[-97.68842347561686,32.97644811659726]]]},"properties":{"prop_id":19188,"state_cd":"S55","ite_code":210,"ite_name":"Single-Family Detached","ite_unit":"DU","units":1,"daily_trips":9.4,"am_peak_trips":0.7,"pm_peak_trips":0.9,"imprv_val":186580.0,"acres":0.4,"city":"Springtown","city_code":"CSP","fill_color":[34,139,34,180]}},{"type":"Feature","geometry":{"type":"Polygon","coordinates":[[[-97.64896142948204,32.96868938901649],[-97.64904286531613,32.96832687927716],[-97.64922173744748,32.96835651975032],[-97.64913640125499,32.96872129811603],[-97.64908522900866,32.9687127646651],[-97.64896142948204,32.96868938901649]]]},"properties":{"prop_id":127262,"state_cd":"S60","ite_code":0,"ite_name":"Vacant/Agricultural","ite_unit":"N/A","units":1.0,"daily_trips":0.0,"am_peak_trips":0.0,"pm_peak_trips":0.0,"imprv_val":0.0,"acres":0.171,"city":"Springtown","city_code":"CSP","fill_color":[80,80,80,100]}},{"type":"Feature","geometry":{"type":"Polygon","coordinates":[[[-97.66843786517104,32.96684615936708],[-97.66786667857563,32.96684234668981],[-97.66786829886549,32.96667743100332],[-97.66843941379348,32.96668124320212],[-97.66843786517104,32.96684615936708]]]},"properties":{"prop_id":87686,"state_cd":"S50","ite_code":0,"ite_name":"Vacant/Agricultural","ite_unit":"N/A","units":1.0,"daily_trips":0.0,"am_peak_trips":0.0,"pm_peak_trips":0.0,"imprv_val":0.0,"acres":0.241,"city":"Springtown","city_code":"CSP","fill_color":[80,80,80,100]}},{"type":"Feature","geometry":{"type":"Polygon","coordinates":[[[-97.64576352980112,32.96686984783624],[-97.64576875814599,32.966720448453025],[-97.64647404230114,32.96674143983889],[-97.64646871103305,32.96688554662538],[-97.64646846525632,32.96689217696772],[-97.64576352980112,32.96686984783624]]]},"properties":{"prop_id":123409,"state_cd":"S60","ite_code":210,"ite_name":"Single-Family Detached","ite_unit":"DU","units":1,"daily_trips":9.4,"am_peak_trips":0.7,"pm_peak_trips":0.9,"imprv_val":296650.0,"acres":0.272,"city":"Springtown","city_code":"CSP","fill_color":[34,139,34,180]}},{"type":"Feature","geometry":{"type":"Polygon","coordinates":[[[-97.67352516361699,32.97248616352945],[-97.67348328272446,32.97248513367016],[-97.67345513501265,32.97248444107408],[-97.67345266737662,32.972035300563334],[-97.6736938235213,32.972037854728654],[-97.6736973786652,32.9724903978005],[-97.67352516361699,32.97248616352945]]]},"properties":{"prop_id":109371,"state_cd":"S50","ite_code":210,"ite_name":"Single-Family Detached","ite_unit":"DU","units":1,"daily_trips":9.4,"am_peak_trips":0.7,"pm_peak_trips":0.9,"imprv_val":253720.0,"acres":0.282,"city":"Springtown","city_code":"CSP","fill_color":[34,139,34,180]}},{"type":"Feature","geometry":{"type":"Polygon","coordinates":[[[-97.6855636732148,32.96158031705293],[-97.68555789468752,32.962708494797816],[-97.68514126825393,32.96270577117795],[-97.68492249384374,32.96270434042204],[-97.6852572710102,32.962116591887266],[-97.68530542417047,32.96188810595247],[-97.68544017470275,32.961656760956274],[-97.6855555295633,32.96157817791035],[-97.6855636732148,32.96158031705293]]]},"properties":{"prop_id":108311,"state_cd":"SF-OVR","ite_code":0,"ite_name":"Vacant/Agricultural","ite_unit":"N/A","units":1.0,"daily_trips":0.0,"am_peak_trips":0.0,"pm_peak_trips":0.0,"imprv_val":0.0,"acres":1.0,"city":"Springtown","city_code":"CSP","fill_color":[80,80,80,100]}},{"type":"Feature","geometry":{"type":"Polygon","coordinates":[[[-97.65081227654011,32.96849926433427],[-97.65083282156434,32.968491929098505],[-97.65085199024146,32.96848230556925],[-97.65086942674567,32.96847057168774],[-97.65098920316059,32.96846288532845],[-97.65102269235018,32.968845432301514],[-97.6508458939553,32.96887215458706],[-97.65081227654011,32.96849926433427]]]},"properties":{"prop_id":127273,"state_cd":"S60","ite_code":0,"ite_name":"Vacant/Agricultural","ite_unit":"N/A","units":1.0,"daily_trips":0.0,"am_peak_trips":0.0,"pm_peak_trips":0.0,"imprv_val":0.0,"acres":0.177,"city":"Springtown","city_code":"CSP","fill_color":[80,80,80,100]}},{"type":"Feature","geometry":{"type":"Polygon","coordinates":[[[-97.67780570327426,32.96176773662926],[-97.67763140020489,32.96170339204501],[-97.67765688199742,32.96163437316054],[-97.67777636200923,32.96131075288046],[-97.67793044346152,32.96135808623145],[-97.67798841225496,32.96137966150291],[-97.67789455984412,32.961679455316656],[-97.67786263707498,32.961781443927016],[-97.67780570327426,32.96176773662926]]]},"properties":{"prop_id":35529,"state_cd":"SF-OVR","ite_code":210,"ite_name":"Single-Family Detached","ite_unit":"DU","units":1,"daily_trips":9.4,"am_peak_trips":0.7,"pm_peak_trips":0.9,"imprv_val":135020.0,"acres":0.569,"city":"Springtown","city_code":"CSP","fill_color":[34,139,34,180]}},{"type":"Feature","geometry":{"type":"Polygon","coordinates":[[[-97.67825214982305,32.95618397848091],[-97.6782515870939,32.95609705870507],[-97.67851868966163,32.956099672125376],[-97.67857241630915,32.95610021930442],[-97.67857297455988,32.95618777122631],[-97.67857514624004,32.95652302444274],[-97.67825430553637,32.95652093695632],[-97.67825214982305,32.95618397848091]]]},"properties":{"prop_id":1870,"state_cd":"S45","ite_code":210,"ite_name":"Single-Family Detached","ite_unit":"DU","units":1,"daily_trips":9.4,"am_peak_trips":0.7,"pm_peak_trips":0.9,"imprv_val":224310.0,"acres":0.3479,"city":"Springtown","city_code":"CSP","fill_color":[34,139,34,180]}},{"type":"Feature","geometry":{"type":"Polygon","coordinates":[[[-97.69213218215373,32.97148180693431],[-97.6921247719697,32.97183984894606],[-97.69188055656805,32.971836210384026],[-97.69188835705235,32.97147958857511],[-97.69213218215373,32.97148180693431]]]},"properties":{"prop_id":117492,"state_cd":"S55","ite_code":210,"ite_name":"Single-Family Detached","ite_unit":"DU","units":1,"daily_trips":9.4,"am_peak_trips":0.7,"pm_peak_trips":0.9,"imprv_val":292960.0,"acres":0.224,"city":"Springtown","city_code":"CSP","fill_color":[34,139,34,180]}},{"type":"Feature","geometry":{"type":"Polygon","coordinates":[[[-97.68543927626021,32.9693405777025],[-97.68548593663184,32.96952506461743],[-97.68512113247307,32.969589351577],[-97.68506547598923,32.969391195388134],[-97.68543927626021,32.9693405777025]]]},"properties":{"prop_id":59541,"state_cd":"S60","ite_code":210,"ite_name":"Single-Family Detached","ite_unit":"DU","units":1,"daily_trips":9.4,"am_peak_trips":0.7,"pm_peak_trips":0.9,"imprv_val":151520.0,"acres":0.18,"city":"Springtown","city_code":"CSP","fill_color":[34,139,34,180]}},{"type":"Feature","geometry":{"type":"Polygon","coordinates":[[[-97.68549201419509,32.965536724978975],[-97.6862279128599,32.96543141821093],[-97.68658512357106,32.96577118543932],[-97.6864632090159,32.965789027598696],[-97.68557860448048,32.96591848340849],[-97.68553945135368,32.96572878786293],[-97.68552337772635,32.9657310879738],[-97.68549201419509,32.965536724978975]]]},"properties":{"prop_id":59561,"state_cd":"S80","ite_code":210,"ite_name":"Single-Family Detached","ite_unit":"DU","units":1,"daily_trips":9.4,"am_peak_trips":0.7,"pm_peak_trips":0.9,"imprv_val":252950.0,"acres":0.879,"city":"Springtown","city_code":"CSP","fill_color":[34,139,34,180]}},{"type":"Feature","geometry":{"type":"Polygon","coordinates":[[[-97.67572204164476,32.957845857278315],[-97.67573142026639,32.957580882951135],[-97.67622629884906,32.95757714655514],[-97.67621571239347,32.95784942401756],[-97.67572204164476,32.957845857278315]]]},"properties":{"prop_id":1879,"state_cd":"S45","ite_code":210,"ite_name":"Single-Family Detached","ite_unit":"DU","units":1,"daily_trips":9.4,"am_peak_trips":0.7,"pm_peak_trips":0.9,"imprv_val":233810.0,"acres":0.3401,"city":"Springtown","city_code":"CSP","fill_color":[34,139,34,180]}},{"type":"Feature","geometry":{"type":"Polygon","coordinates":[[[-97.67730281579767,32.97647883793059],[-97.67730817337518,32.97629869189544],[-97.67801503696353,32.97631421100936],[-97.67800939943828,32.97649666117828],[-97.67730281579767,32.97647883793059]]]},"properties":{"prop_id":129085,"state_cd":"S60","ite_code":0,"ite_name":"Vacant/Agricultural","ite_unit":"N/A","units":1.0,"daily_trips":0.0,"am_peak_trips":0.0,"pm_peak_trips":0.0,"imprv_val":0.0,"acres":0.328,"city":"Springtown","city_code":"CSP","fill_color":[80,80,80,100]}},{"type":"Feature","geometry":{"type":"Polygon","coordinates":[[[-97.67533628960446,32.96696190903868],[-97.67566102346454,32.966960812733035],[-97.67566008555114,32.96704559327937],[-97.67533721752785,32.96704756858402],[-97.67533628960446,32.96696190903868]]]},"properties":{"prop_id":89592,"state_cd":"S50","ite_code":210,"ite_name":"Single-Family Detached","ite_unit":"DU","units":1,"daily_trips":9.4,"am_peak_trips":0.7,"pm_peak_trips":0.9,"imprv_val":147360.0,"acres":0.069,"city":"Springtown","city_code":"CSP","fill_color":[34,139,34,180]}},{"type":"Feature","geometry":{"type":"Polygon","coordinates":[[[-97.68690502743252,32.96992062969563],[-97.68654547806095,32.96991827795847],[-97.68651381641959,32.969918071293094],[-97.68651381471076,32.96991802438719],[-97.68650074009376,32.969626751363876],[-97.68690219974981,32.96963202804031],[-97.68690502743252,32.96992062969563]]]},"properties":{"prop_id":59552,"state_cd":"S60","ite_code":210,"ite_name":"Single-Family Detached","ite_unit":"DU","units":1,"daily_trips":9.4,"am_peak_trips":0.7,"pm_peak_trips":0.9,"imprv_val":159810.0,"acres":0.29,"city":"Springtown","city_code":"CSP","fill_color":[34,139,34,180]}},{"type":"Feature","geometry":{"type":"Polygon","coordinates":[[[-97.67437410966812,32.96641462977277],[-97.6743738147287,32.966386251933805],[-97.6747874227116,32.96638778751559],[-97.67478974035417,32.96652390068984],[-97.67437525141764,32.96652452997332],[-97.67437410966812,32.96641462977277]]]},"properties":{"prop_id":89571,"state_cd":"S50","ite_code":210,"ite_name":"Single-Family Detached","ite_unit":"DU","units":1,"daily_trips":9.4,"am_peak_trips":0.7,"pm_peak_trips":0.9,"imprv_val":199880.0,"acres":0.146,"city":"Springtown","city_code":"CSP","fill_color":[34,139,34,180]}},{"type":"Feature","geometry":{"type":"Polygon","coordinates":[[[-97.66588772313068,32.96057524145158],[-97.6661979020955,32.96058202482571],[-97.66627009617672,32.960621452279526],[-97.66613481669793,32.96114807053869],[-97.66586861307817,32.96114426973031],[-97.66588772313068,32.96057524145158]]]},"properties":{"prop_id":26277,"state_cd":"S50","ite_code":210,"ite_name":"Single-Family Detached","ite_unit":"DU","units":1,"daily_trips":9.4,"am_peak_trips":0.7,"pm_peak_trips":0.9,"imprv_val":239640.0,"acres":0.421,"city":"Springtown","city_code":"CSP","fill_color":[34,139,34,180]}},{"type":"Feature","geometry":{"type":"Polygon","coordinates":[[[-97.68842378983183,32.96891373980393],[-97.68842141033414,32.9686173727949],[-97.68842063780313,32.96833103909524],[-97.68878237066028,32.968333394266885],[-97.68877432315296,32.968638218327925],[-97.68876676476712,32.968924562708004],[-97.68842378983183,32.96891373980393]]]},"properties":{"prop_id":17244,"state_cd":"S60","ite_code":210,"ite_name":"Single-Family Detached","ite_unit":"DU","units":1,"daily_trips":9.4,"am_peak_trips":0.7,"pm_peak_trips":0.9,"imprv_val":145350.0,"acres":0.26,"city":"Springtown","city_code":"CSP","fill_color":[34,139,34,180]}},{"type":"Feature","geometry":{"type":"Polygon","coordinates":[[[-97.68269195566319,32.96786737396935],[-97.6831065939747,32.967804577849044],[-97.68317987709158,32.968142606029225],[-97.68277232301014,32.968211986171035],[-97.68269195566319,32.96786737396935]]]},"properties":{"prop_id":26720,"state_cd":"S55","ite_code":210,"ite_name":"Single-Family Detached","ite_unit":"DU","units":1,"daily_trips":9.4,"am_peak_trips":0.7,"pm_peak_trips":0.9,"imprv_val":111820.0,"acres":0.3724,"city":"Springtown","city_code":"CSP","fill_color":[34,139,34,180]}},{"type":"Feature","geometry":{"type":"Polygon","coordinates":[[[-97.68209227973679,32.966899802899725],[-97.6824812961044,32.96684151576657],[-97.68255334518044,32.96718574714053],[-97.68216212132903,32.967244965129396],[-97.68209227973679,32.966899802899725]]]},"properties":{"prop_id":26705,"state_cd":"S55","ite_code":210,"ite_name":"Single-Family Detached","ite_unit":"DU","units":1,"daily_trips":9.4,"am_peak_trips":0.7,"pm_peak_trips":0.9,"imprv_val":147100.0,"acres":0.3551,"city":"Springtown","city_code":"CSP","fill_color":[34,139,34,180]}},{"type":"Feature","geometry":{"type":"Polygon","coordinates":[[[-97.6878625980368,32.97589218210712],[-97.68786717291485,32.97561736371184],[-97.68843729320915,32.97562368907491],[-97.68843268826048,32.97589847932712],[-97.6878625980368,32.97589218210712]]]},"properties":{"prop_id":19179,"state_cd":"S55","ite_code":210,"ite_name":"Single-Family Detached","ite_unit":"DU","units":1,"daily_trips":9.4,"am_peak_trips":0.7,"pm_peak_trips":0.9,"imprv_val":222730.0,"acres":0.4,"city":"Springtown","city_code":"CSP","fill_color":[34,139,34,180]}},{"type":"Feature","geometry":{"type":"Polygon","coordinates":[[[-97.69003899697155,32.97003086956182],[-97.69006096807549,32.96959873555422],[-97.69045225592417,32.96960127791898],[-97.69045185387934,32.96964525537745],[-97.69073685172285,32.96964710635714],[-97.69073874311452,32.96964711863903],[-97.69073987388431,32.96964712598175],[-97.69073178598349,32.97003400661532],[-97.69003899697155,32.97003086956182]]]},"properties":{"prop_id":17214,"state_cd":"S55","ite_code":210,"ite_name":"Single-Family Detached","ite_unit":"DU","units":1,"daily_trips":9.4,"am_peak_trips":0.7,"pm_peak_trips":0.9,"imprv_val":39150.0,"acres":0.55,"city":"Springtown","city_code":"CSP","fill_color":[34,139,34,180]}},{"type":"Feature","geometry":{"type":"Polygon","coordinates":[[[-97.69850676711772,32.96703906321735],[-97.69848846298942,32.96780776862651],[-97.69936715837831,32.96782263348227],[-97.69934445860855,32.96931164532226],[-97.69687630275003,32.969272481812716],[-97.69693868260944,32.96664585082492],[-97.69695325470562,32.96664949700482],[-97.69850676711772,32.96703906321735]]]},"properties":{"prop_id":56367,"state_cd":"SF-OVR","ite_code":0,"ite_name":"Vacant/Agricultural","ite_unit":"N/A","units":1.0,"daily_trips":0.0,"am_peak_trips":0.0,"pm_peak_trips":0.0,"imprv_val":0.0,"acres":7.583,"city":"Springtown","city_code":"CSP","fill_color":[80,80,80,100]}},{"type":"Feature","geometry":{"type":"Polygon","coordinates":[[[-97.65192706800147,32.96501016429177],[-97.65191585667695,32.96561280859684],[-97.65150514965056,32.96560495635962],[-97.65150636950999,32.965407634436374],[-97.65150945702862,32.9650207452733],[-97.65155074503038,32.96501214250129],[-97.65159288703295,32.96500730433848],[-97.65163540109174,32.96500628702337],[-97.65192706800147,32.96501016429177]]]},"properties":{"prop_id":123489,"state_cd":"S90","ite_code":0,"ite_name":"Vacant/Agricultural","ite_unit":"N/A","units":1.0,"daily_trips":0.0,"am_peak_trips":0.0,"pm_peak_trips":0.0,"imprv_val":0.0,"acres":0.625,"city":"Springtown","city_code":"CSP","fill_color":[80,80,80,100]}},{"type":"Feature","geometry":{"type":"Polygon","coordinates":[[[-97.67149725677761,32.9774567965227],[-97.67151122332757,32.97685732249829],[-97.67152830659639,32.97486455916623],[-97.6724372076448,32.9748899732639],[-97.67240018661307,32.97747427645708],[-97.67233328061513,32.97747299708782],[-97.67149725677761,32.9774567965227]]]},"properties":{"prop_id":37937,"state_cd":"S90","ite_code":210,"ite_name":"Single-Family Detached","ite_unit":"DU","units":2,"daily_trips":18.9,"am_peak_trips":1.4,"pm_peak_trips":1.9,"imprv_val":238850.0,"acres":1.0,"city":"Springtown","city_code":"CSP","fill_color":[34,139,34,180]}},{"type":"Feature","geometry":{"type":"Polygon","coordinates":[[[-97.6883514479676,32.96382146961116],[-97.68835009737235,32.96350100697036],[-97.6886231051505,32.96350956923598],[-97.68862318405165,32.96357346662628],[-97.68862355025196,32.96386615210402],[-97.6883514479676,32.96382146961116]]]},"properties":{"prop_id":34066,"state_cd":"","ite_code":210,"ite_name":"Single-Family Detached","ite_unit":"DU","units":1,"daily_trips":9.4,"am_peak_trips":0.7,"pm_peak_trips":0.9,"imprv_val":108400.0,"acres":0.2363,"city":"Springtown","city_code":"CSP","fill_color":[34,139,34,180]}},{"type":"Feature","geometry":{"type":"Polygon","coordinates":[[[-97.68285614034312,32.97476851809657],[-97.68284349983591,32.974702836673906],[-97.68357798165509,32.97460026118181],[-97.68364990168874,32.97497750725315],[-97.68339181053928,32.97501355142115],[-97.68291428232268,32.97508024075949],[-97.68285614034312,32.97476851809657]]]},"properties":{"prop_id":44209,"state_cd":"S80","ite_code":210,"ite_name":"Single-Family Detached","ite_unit":"DU","units":1,"daily_trips":9.4,"am_peak_trips":0.7,"pm_peak_trips":0.9,"imprv_val":259230.0,"acres":0.761,"city":"Springtown","city_code":"CSP","fill_color":[34,139,34,180]}},{"type":"Feature","geometry":{"type":"Polygon","coordinates":[[[-97.69005460376597,32.95850603133994],[-97.69005411927834,32.95835454706348],[-97.69018386946463,32.958362767275325],[-97.69031391545239,32.95836636562404],[-97.6904440262251,32.958365335197],[-97.69083517974,32.958353498038605],[-97.69083581968803,32.95854805891799],[-97.69083627129072,32.95868549255363],[-97.69083672122544,32.95882217225141],[-97.69083717592285,32.95896043828529],[-97.6908376278016,32.95909784215505],[-97.69083807979572,32.95923535063458],[-97.69083852959595,32.95937204565249],[-97.69083897939616,32.959508857905014],[-97.69083943423387,32.95964699226098],[-97.69083988592192,32.9597844177607],[-97.69084033826086,32.959921889255114],[-97.69084078779615,32.960058614019005],[-97.69084133613985,32.96022515190054],[-97.6904502823449,32.96023664437847],[-97.69041379007778,32.960237716746185],[-97.69023685702581,32.960237710623105],[-97.69006012492595,32.96023058656045],[-97.69005964332266,32.960079954560634],[-97.69005958565151,32.96006181400643],[-97.690059182197,32.959936207211555],[-97.69005914063067,32.95992308991857],[-97.69005872516698,32.959793415819256],[-97.69005870555382,32.95978737257238],[-97.6900582694729,32.959650946383924],[-97.69005826353703,32.95964913909095],[-97.69005782501698,32.95951216096817],[-97.6900578092045,32.95950733971666],[-97.69005738574937,32.95937479685747],[-97.69005735267373,32.95936449421],[-97.69005694359154,32.959236813172716],[-97.69005689167928,32.95922073332074],[-97.6900565062039,32.95910017954636],[-97.69005643413371,32.95907776515408],[-97.6900560631481,32.958961592530734],[-97.69005597960246,32.958935520266834],[-97.69005561769544,32.95882279988112],[-97.69005552337866,32.958793226667424],[-97.69005518030846,32.95868593267493],[-97.69005506467053,32.95864980126053],[-97.69005474767106,32.958551002614335],[-97.69005460376597,32.95850603133994]]]},"properties":{"prop_id":121618,"state_cd":"S50","ite_code":210,"ite_name":"Single-Family Detached","ite_unit":"DU","units":1,"daily_trips":9.4,"am_peak_trips":0.7,"pm_peak_trips":0.9,"imprv_val":45320.0,"acres":0.138,"city":"Springtown","city_code":"CSP","fill_color":[34,139,34,180]}},{"type":"Feature","geometry":{"type":"Polygon","coordinates":[[[-97.66848866229464,32.95818669747039],[-97.66876113516173,32.957819188213286],[-97.66904006901221,32.95796882258832],[-97.66876497619825,32.95833414878254],[-97.66848866229464,32.95818669747039]]]},"properties":{"prop_id":26206,"state_cd":"S100","ite_code":210,"ite_name":"Single-Family Detached","ite_unit":"DU","units":1,"daily_trips":9.4,"am_peak_trips":0.7,"pm_peak_trips":0.9,"imprv_val":206920.0,"acres":0.3648,"city":"Springtown","city_code":"CSP","fill_color":[34,139,34,180]}},{"type":"Feature","geometry":{"type":"Polygon","coordinates":[[[-97.67019445449394,32.97057058830438],[-97.67040841465791,32.970574876030035],[-97.67040662277184,32.9708869635755],[-97.67019265291329,32.97088362991675],[-97.67019445449394,32.97057058830438]]]},"properties":{"prop_id":109431,"state_cd":"S50","ite_code":210,"ite_name":"Single-Family Detached","ite_unit":"DU","units":1,"daily_trips":9.4,"am_peak_trips":0.7,"pm_peak_trips":0.9,"imprv_val":215730.0,"acres":0.174,"city":"Springtown","city_code":"CSP","fill_color":[34,139,34,180]}},{"type":"Feature","geometry":{"type":"Polygon","coordinates":[[[-97.68436651716586,32.96913131413989],[-97.68441887022593,32.96937374206442],[-97.68403300060594,32.96942849459514],[-97.68398064856986,32.96918606651033],[-97.68436651716586,32.96913131413989]]]},"properties":{"prop_id":59536,"state_cd":"S60","ite_code":210,"ite_name":"Single-Family Detached","ite_unit":"DU","units":1,"daily_trips":9.4,"am_peak_trips":0.7,"pm_peak_trips":0.9,"imprv_val":148680.0,"acres":0.24,"city":"Springtown","city_code":"CSP","fill_color":[34,139,34,180]}},{"type":"Feature","geometry":{"type":"Polygon","coordinates":[[[-97.68607068719375,32.96887797557573],[-97.68607402703697,32.9685146106339],[-97.68611211229221,32.9686118107191],[-97.68635261527594,32.968570111700735],[-97.68634973622517,32.968883451036156],[-97.68607068719375,32.96887797557573]]]},"properties":{"prop_id":27419,"state_cd":"S50","ite_code":210,"ite_name":"Single-Family Detached","ite_unit":"DU","units":1,"daily_trips":9.4,"am_peak_trips":0.7,"pm_peak_trips":0.9,"imprv_val":171960.0,"acres":0.23,"city":"Springtown","city_code":"CSP","fill_color":[34,139,34,180]}},{"type":"Feature","geometry":{"type":"Polygon","coordinates":[[[-97.6950581490964,32.97444375930539],[-97.69549837060984,32.974448054551],[-97.69549486820034,32.97464041929878],[-97.69505469693293,32.974637906370596],[-97.6950581490964,32.97444375930539]]]},"properties":{"prop_id":117513,"state_cd":"S55","ite_code":210,"ite_name":"Single-Family Detached","ite_unit":"DU","units":1,"daily_trips":9.4,"am_peak_trips":0.7,"pm_peak_trips":0.9,"imprv_val":255930.0,"acres":0.217,"city":"Springtown","city_code":"CSP","fill_color":[34,139,34,180]}},{"type":"Feature","geometry":{"type":"Polygon","coordinates":[[[-97.6912646380356,32.97245057096169],[-97.69126899345655,32.97225834882858],[-97.69170865442024,32.97226214256231],[-97.69170465722586,32.97245437243874],[-97.6912646380356,32.97245057096169]]]},"properties":{"prop_id":117446,"state_cd":"S55","ite_code":210,"ite_name":"Single-Family Detached","ite_unit":"DU","units":1,"daily_trips":9.4,"am_peak_trips":0.7,"pm_peak_trips":0.9,"imprv_val":220630.0,"acres":0.218,"city":"Springtown","city_code":"CSP","fill_color":[34,139,34,180]}},{"type":"Feature","geometry":{"type":"Polygon","coordinates":[[[-97.69016025501219,32.95822453738482],[-97.69016651285231,32.95786902232967],[-97.69032993902262,32.95787116020857],[-97.69032327921465,32.958229762303645],[-97.69024454546192,32.958228287539804],[-97.69016025501219,32.95822453738482]]]},"properties":{"prop_id":121596,"state_cd":"S50","ite_code":0,"ite_name":"Vacant/Agricultural","ite_unit":"N/A","units":1.0,"daily_trips":0.0,"am_peak_trips":0.0,"pm_peak_trips":0.0,"imprv_val":0.0,"acres":0.149,"city":"Springtown","city_code":"CSP","fill_color":[80,80,80,100]}},{"type":"Feature","geometry":{"type":"Polygon","coordinates":[[[-97.68133083521342,32.96763456055615],[-97.6815201316158,32.96761402941843],[-97.68156134147517,32.96797634507215],[-97.68137027126234,32.96799968913457],[-97.6813684554305,32.967994168871115],[-97.68133083521342,32.96763456055615]]]},"properties":{"prop_id":59591,"state_cd":"S60","ite_code":210,"ite_name":"Single-Family Detached","ite_unit":"DU","units":1,"daily_trips":9.4,"am_peak_trips":0.7,"pm_peak_trips":0.9,"imprv_val":153750.0,"acres":0.18,"city":"Springtown","city_code":"CSP","fill_color":[34,139,34,180]}},{"type":"Feature","geometry":{"type":"Polygon","coordinates":[[[-97.68385882060126,32.978130600517204],[-97.68384509047729,32.97859844062041],[-97.68364904293607,32.97858674156886],[-97.68366318697973,32.97812750215892],[-97.68385882060126,32.978130600517204]]]},"properties":{"prop_id":106804,"state_cd":"S50","ite_code":0,"ite_name":"Vacant/Agricultural","ite_unit":"N/A","units":1.0,"daily_trips":0.0,"am_peak_trips":0.0,"pm_peak_trips":0.0,"imprv_val":0.0,"acres":0.227,"city":"Springtown","city_code":"CSP","fill_color":[80,80,80,100]}},{"type":"Feature","geometry":{"type":"Polygon","coordinates":[[[-97.68951564287455,32.958791864502444],[-97.68989210479938,32.95879089189174],[-97.68989255515163,32.95892151946481],[-97.68989261584518,32.958939091892894],[-97.68951607527107,32.95894005678309],[-97.68951564287455,32.958791864502444]]]},"properties":{"prop_id":121630,"state_cd":"S50","ite_code":210,"ite_name":"Single-Family Detached","ite_unit":"DU","units":1,"daily_trips":9.4,"am_peak_trips":0.7,"pm_peak_trips":0.9,"imprv_val":177520.0,"acres":0.142,"city":"Springtown","city_code":"CSP","fill_color":[34,139,34,180]}},{"type":"Feature","geometry":{"type":"Polygon","coordinates":[[[-97.68799918706294,32.97802663038079],[-97.68800212867319,32.97741290141774],[-97.68838268270953,32.9774171188342],[-97.68837430604579,32.978030866505556],[-97.68799918706294,32.97802663038079]]]},"properties":{"prop_id":19171,"state_cd":"S55","ite_code":210,"ite_name":"Single-Family Detached","ite_unit":"DU","units":1,"daily_trips":9.4,"am_peak_trips":0.7,"pm_peak_trips":0.9,"imprv_val":215070.0,"acres":0.62,"city":"Springtown","city_code":"CSP","fill_color":[34,139,34,180]}},{"type":"Feature","geometry":{"type":"Polygon","coordinates":[[[-97.67203964250618,32.96010032284867],[-97.67209889719486,32.960023698910234],[-97.67254404150796,32.959448062902496],[-97.67281717261469,32.959598174141846],[-97.6728065904895,32.959601528124274],[-97.67335285440413,32.959901747935476],[-97.67278662292622,32.960633973056716],[-97.67250878810425,32.96048994132031],[-97.67225506451314,32.96031473161426],[-97.67203964250618,32.96010032284867]]]},"properties":{"prop_id":26164,"state_cd":"S175","ite_code":210,"ite_name":"Single-Family Detached","ite_unit":"DU","units":2,"daily_trips":18.9,"am_peak_trips":1.4,"pm_peak_trips":1.9,"imprv_val":61230.0,"acres":2.1266,"city":"Springtown","city_code":"CSP","fill_color":[34,139,34,180]}},{"type":"Feature","geometry":{"type":"Polygon","coordinates":[[[-97.68472994959151,32.974954037629104],[-97.68510634871801,32.974951099118684],[-97.68512001578064,32.97495099278269],[-97.68516744806492,32.97526624167874],[-97.68481032487857,32.975265759596226],[-97.68472994959151,32.974954037629104]]]},"properties":{"prop_id":26934,"state_cd":"S50","ite_code":210,"ite_name":"Single-Family Detached","ite_unit":"DU","units":1,"daily_trips":9.4,"am_peak_trips":0.7,"pm_peak_trips":0.9,"imprv_val":153010.0,"acres":0.27,"city":"Springtown","city_code":"CSP","fill_color":[34,139,34,180]}},{"type":"Feature","geometry":{"type":"Polygon","coordinates":[[[-97.6882394028413,32.96539900680421],[-97.68856694745017,32.96535084170267],[-97.68857515774741,32.96506203856082],[-97.68895031095568,32.96504054002155],[-97.68892070162251,32.96660519125531],[-97.68817661481768,32.966620613806946],[-97.68823615815027,32.96546214213409],[-97.6882394028413,32.96539900680421]]]},"properties":{"prop_id":102256,"state_cd":"A85","ite_code":210,"ite_name":"Single-Family Detached","ite_unit":"DU","units":2,"daily_trips":18.9,"am_peak_trips":1.4,"pm_peak_trips":1.9,"imprv_val":223760.0,"acres":2.631,"city":"Springtown","city_code":"CSP","fill_color":[34,139,34,180]}},{"type":"Feature","geometry":{"type":"Polygon","coordinates":[[[-97.69124552924649,32.97329392635107],[-97.69166542112677,32.97360963035917],[-97.69150094135408,32.973764463190506],[-97.69123951584089,32.97355930971281],[-97.69124552924649,32.97329392635107]]]},"properties":{"prop_id":117440,"state_cd":"S55","ite_code":210,"ite_name":"Single-Family Detached","ite_unit":"DU","units":1,"daily_trips":9.4,"am_peak_trips":0.7,"pm_peak_trips":0.9,"imprv_val":313970.0,"acres":0.245,"city":"Springtown","city_code":"CSP","fill_color":[34,139,34,180]}},{"type":"Feature","geometry":{"type":"Polygon","coordinates":[[[-97.67758950239707,32.96160923204154],[-97.67771790630381,32.96124899712823],[-97.67791867752449,32.96068573385598],[-97.67796743000699,32.96054895654559],[-97.67801256408265,32.96055513597205],[-97.67805711172005,32.96056133947054],[-97.67801106316823,32.960695752933304],[-97.67816658412526,32.96072492644577],[-97.6780060822128,32.96115517695432],[-97.67793044346152,32.96135808623145],[-97.67777636200923,32.96131075288046],[-97.67765688199742,32.96163437316054],[-97.67758950239707,32.96160923204154]]]},"properties":{"prop_id":35550,"state_cd":"SF-OVR","ite_code":210,"ite_name":"Single-Family Detached","ite_unit":"DU","units":1,"daily_trips":9.4,"am_peak_trips":0.7,"pm_peak_trips":0.9,"imprv_val":227740.0,"acres":0.474,"city":"Springtown","city_code":"CSP","fill_color":[34,139,34,180]}},{"type":"Feature","geometry":{"type":"Polygon","coordinates":[[[-97.67417171657338,32.962071120483905],[-97.67429321132627,32.96200085100189],[-97.67434579089833,32.96198689555298],[-97.67470854759978,32.9623175255905],[-97.67456492731222,32.962429508895816],[-97.67417171657338,32.962071120483905]]]},"properties":{"prop_id":87324,"state_cd":"S50","ite_code":210,"ite_name":"Single-Family Detached","ite_unit":"DU","units":1,"daily_trips":9.4,"am_peak_trips":0.7,"pm_peak_trips":0.9,"imprv_val":215000.0,"acres":0.22,"city":"Springtown","city_code":"CSP","fill_color":[34,139,34,180]}},{"type":"Feature","geometry":{"type":"Polygon","coordinates":[[[-97.68639761369151,32.97993967636807],[-97.68675816135595,32.97994296365252],[-97.68676508459629,32.98057641108416],[-97.6867647942745,32.9806080198263],[-97.68646515230593,32.980610743062506],[-97.68639761369151,32.97993967636807]]]},"properties":{"prop_id":44185,"state_cd":"SF-OVR","ite_code":0,"ite_name":"Vacant/Agricultural","ite_unit":"N/A","units":1.0,"daily_trips":0.0,"am_peak_trips":0.0,"pm_peak_trips":0.0,"imprv_val":0.0,"acres":0.485,"city":"Springtown","city_code":"CSP","fill_color":[80,80,80,100]}},{"type":"Feature","geometry":{"type":"Polygon","coordinates":[[[-97.66880047718138,32.95909196555118],[-97.66863378110352,32.95900355233661],[-97.66892537101474,32.958603985055326],[-97.66927333363421,32.958795145643954],[-97.66897638853422,32.95918525033091],[-97.66880047718138,32.95909196555118]]]},"properties":{"prop_id":26236,"state_cd":"S50","ite_code":210,"ite_name":"Single-Family Detached","ite_unit":"DU","units":1,"daily_trips":9.4,"am_peak_trips":0.7,"pm_peak_trips":0.9,"imprv_val":272210.0,"acres":0.4898,"city":"Springtown","city_code":"CSP","fill_color":[34,139,34,180]}},{"type":"Feature","geometry":{"type":"Polygon","coordinates":[[[-97.67233948005577,32.97194514801218],[-97.6721248237648,32.97194229109629],[-97.67212097760944,32.97162701608999],[-97.6723366392841,32.9716313117899],[-97.67233948005577,32.97194514801218]]]},"properties":{"prop_id":109417,"state_cd":"S50","ite_code":210,"ite_name":"Single-Family Detached","ite_unit":"DU","units":1,"daily_trips":9.4,"am_peak_trips":0.7,"pm_peak_trips":0.9,"imprv_val":243150.0,"acres":0.174,"city":"Springtown","city_code":"CSP","fill_color":[34,139,34,180]}},{"type":"Feature","geometry":{"type":"Polygon","coordinates":[[[-97.69360901381756,32.964706407717124],[-97.69361987888665,32.963634211666815],[-97.69362030141916,32.96358780840205],[-97.69398046345245,32.96358584396721],[-97.69397998300744,32.96363863086096],[-97.6939694029288,32.9647090260136],[-97.69360901381756,32.964706407717124]]]},"properties":{"prop_id":34082,"state_cd":"S50","ite_code":210,"ite_name":"Single-Family Detached","ite_unit":"DU","units":2,"daily_trips":18.9,"am_peak_trips":1.4,"pm_peak_trips":1.9,"imprv_val":62670.0,"acres":1.0,"city":"Springtown","city_code":"CSP","fill_color":[34,139,34,180]}},{"type":"Feature","geometry":{"type":"Polygon","coordinates":[[[-97.68970369568005,32.9602061449315],[-97.68953618417326,32.96020248446595],[-97.6894307043401,32.96020320162759],[-97.68914509978258,32.96020947886291],[-97.68914468163746,32.96005909616524],[-97.68914465977012,32.96005108602624],[-97.68914428686925,32.95991690938926],[-97.6891442808428,32.95991464667473],[-97.68914389559485,32.95977644421459],[-97.68914388769878,32.95977345101073],[-97.6891435132663,32.95963885771633],[-97.68914348899652,32.95963005846555],[-97.68914313179033,32.959501411905634],[-97.68914309415415,32.95948799703448],[-97.68914274906417,32.959363985924384],[-97.68914269840296,32.95934556765074],[-97.68914236778043,32.959226519368],[-97.68914230158158,32.9592026711127],[-97.68914198535028,32.95908917815511],[-97.68914190491557,32.95906010824769],[-97.68914157470796,32.95894101487196],[-97.6891415095315,32.95891763917798],[-97.68914116212594,32.95879282992952],[-97.68914111441842,32.95877549115661],[-97.6891407472784,32.9586437242074],[-97.68914071467935,32.95863186230795],[-97.68914033518625,32.95849548605472],[-97.6891403161112,32.95848845621459],[-97.68913989778787,32.95833797788813],[-97.6894713634377,32.958329742654406],[-97.68951429479574,32.958329003737894],[-97.68953139266362,32.95832870912441],[-97.68965127008924,32.9583293570935],[-97.68977104275935,32.95833362148098],[-97.68989055778569,32.95834149498038],[-97.68989107879077,32.95849293260216],[-97.68989159239648,32.958642021823906],[-97.68989206326168,32.958778709787865],[-97.68989210479938,32.95879089189174],[-97.68989255515163,32.95892151946481],[-97.68989261584518,32.958939091892894],[-97.68989304753276,32.959064509507],[-97.68989312792986,32.959087997123895],[-97.68989354092764,32.95920785667521],[-97.6898935956095,32.95922386439957],[-97.68989403479162,32.95935126967687],[-97.68989407198426,32.95936205572869],[-97.6898945252056,32.95949377361518],[-97.6898945495461,32.959500936056166],[-97.68989501553304,32.95963617023327],[-97.68989549371652,32.95977498292295],[-97.68989550791652,32.95977904392663],[-97.68989597132408,32.95991385873399],[-97.68989600352516,32.95992308549971],[-97.68989643699898,32.96004889359861],[-97.68989649375287,32.96006537659565],[-97.68989701774588,32.960217659210684],[-97.6898708816692,32.960215688355554],[-97.68970369568005,32.9602061449315]]]},"properties":{"prop_id":121642,"state_cd":"S50","ite_code":210,"ite_name":"Single-Family Detached","ite_unit":"DU","units":1,"daily_trips":9.4,"am_peak_trips":0.7,"pm_peak_trips":0.9,"imprv_val":70600.0,"acres":0.132,"city":"Springtown","city_code":"CSP","fill_color":[34,139,34,180]}},{"type":"Feature","geometry":{"type":"Polygon","coordinates":[[[-97.68335168684594,32.972587541745874],[-97.68373487359389,32.972525232644706],[-97.68379039023507,32.97277745088115],[-97.6833945322567,32.97283262037319],[-97.68335168684594,32.972587541745874]]]},"properties":{"prop_id":29508,"state_cd":"S50","ite_code":210,"ite_name":"Single-Family Detached","ite_unit":"DU","units":1,"daily_trips":9.4,"am_peak_trips":0.7,"pm_peak_trips":0.9,"imprv_val":211480.0,"acres":0.242,"city":"Springtown","city_code":"CSP","fill_color":[34,139,34,180]}},{"type":"Feature","geometry":{"type":"Polygon","coordinates":[[[-97.66100735297805,32.954593389126366],[-97.6616145445335,32.95459578421765],[-97.66160579831376,32.95603884441537],[-97.6598189447877,32.95598523570367],[-97.65981045218557,32.955985155894545],[-97.65980036411635,32.95545743396405],[-97.65980036404768,32.95545732844997],[-97.65980001729434,32.95543919309496],[-97.65981615183848,32.9552839875959],[-97.65981962470433,32.95526553710519],[-97.65986704971527,32.95501378384967],[-97.66014659149819,32.95458998835249],[-97.66100735297805,32.954593389126366]]]},"properties":{"prop_id":110256,"state_cd":"SF-OVR","ite_code":210,"ite_name":"Single-Family Detached","ite_unit":"DU","units":5,"daily_trips":47.2,"am_peak_trips":3.5,"pm_peak_trips":4.7,"imprv_val":5599470.0,"acres":6.13,"city":"Springtown","city_code":"CSP","fill_color":[34,139,34,180]}},{"type":"Feature","geometry":{"type":"Polygon","coordinates":[[[-97.66519436414328,32.96140401822343],[-97.66521996845404,32.96062518245585],[-97.66576061029672,32.960635778669385],[-97.66573121719819,32.961480383593],[-97.66519423235863,32.961476783795526],[-97.66519436414328,32.96140401822343]]]},"properties":{"prop_id":26295,"state_cd":"S50","ite_code":210,"ite_name":"Single-Family Detached","ite_unit":"DU","units":2,"daily_trips":18.9,"am_peak_trips":1.4,"pm_peak_trips":1.9,"imprv_val":212760.0,"acres":1.1733,"city":"Springtown","city_code":"CSP","fill_color":[34,139,34,180]}},{"type":"Feature","geometry":{"type":"Polygon","coordinates":[[[-97.6739525864603,32.95953737022952],[-97.67425291589714,32.95910914982658],[-97.67426476631172,32.959099173009534],[-97.67427833278533,32.959090893974846],[-97.67429327536266,32.95908451879085],[-97.67430922243611,32.95908020642124],[-97.6743257761277,32.959078065153776],[-97.67434252409727,32.95907814816915],[-97.6743590470383,32.959080452688966],[-97.67437493255814,32.95908492277346],[-97.67438978591653,32.95909144488295],[-97.6744269059931,32.95912214723999],[-97.67445842789043,32.959157014099],[-97.67448370255957,32.959195326919186],[-97.67450220998872,32.959236294966445],[-97.67451356756767,32.959279076110626],[-97.67451754176277,32.95932278682218],[-97.67451460241804,32.95937635286693],[-97.67450430081013,32.959429268622415],[-97.67448677733387,32.95948081626277],[-97.67446227059314,32.95953030025544],[-97.67443111097548,32.95957704822039],[-97.67429077308046,32.95978442362441],[-97.6739525864603,32.95953737022952]]]},"properties":{"prop_id":35534,"state_cd":"SF-OVR","ite_code":0,"ite_name":"Vacant/Agricultural","ite_unit":"N/A","units":1.0,"daily_trips":0.0,"am_peak_trips":0.0,"pm_peak_trips":0.0,"imprv_val":0.0,"acres":0.43,"city":"Springtown","city_code":"CSP","fill_color":[80,80,80,100]}},{"type":"Feature","geometry":{"type":"Polygon","coordinates":[[[-97.64762809515258,32.965987542138876],[-97.64761610382276,32.96631739663629],[-97.64743675367804,32.96631244163227],[-97.64744922556676,32.96598274554894],[-97.64762809515258,32.965987542138876]]]},"properties":{"prop_id":127292,"state_cd":"S60","ite_code":0,"ite_name":"Vacant/Agricultural","ite_unit":"N/A","units":1.0,"daily_trips":0.0,"am_peak_trips":0.0,"pm_peak_trips":0.0,"imprv_val":0.0,"acres":0.152,"city":"Springtown","city_code":"CSP","fill_color":[80,80,80,100]}},{"type":"Feature","geometry":{"type":"Polygon","coordinates":[[[-97.69273609446795,32.973694351177286],[-97.69244224975138,32.97397143417697],[-97.6922719227062,32.9738429968044],[-97.69256590406867,32.97356631098572],[-97.69273609446795,32.973694351177286]]]},"properties":{"prop_id":117437,"state_cd":"S55","ite_code":210,"ite_name":"Single-Family Detached","ite_unit":"DU","units":1,"daily_trips":9.4,"am_peak_trips":0.7,"pm_peak_trips":0.9,"imprv_val":300060.0,"acres":0.217,"city":"Springtown","city_code":"CSP","fill_color":[34,139,34,180]}},{"type":"Feature","geometry":{"type":"Polygon","coordinates":[[[-97.68983182119503,32.95819982077942],[-97.68983838344832,32.95786472950938],[-97.69000436056795,32.95786690063354],[-97.6899977233921,32.95821188983821],[-97.68990764608799,32.95820436563984],[-97.6898848308315,32.9582028817131],[-97.68983182119503,32.95819982077942]]]},"properties":{"prop_id":121594,"state_cd":"S50","ite_code":210,"ite_name":"Single-Family Detached","ite_unit":"DU","units":1,"daily_trips":9.4,"am_peak_trips":0.7,"pm_peak_trips":0.9,"imprv_val":165960.0,"acres":0.142,"city":"Springtown","city_code":"CSP","fill_color":[34,139,34,180]}},{"type":"Feature","geometry":{"type":"Polygon","coordinates":[[[-97.67342660570559,32.96980538497994],[-97.67342294401563,32.96934447299868],[-97.67362296621324,32.96932620557237],[-97.67362224324945,32.969807446229495],[-97.67342660570559,32.96980538497994]]]},"properties":{"prop_id":109353,"state_cd":"S50","ite_code":210,"ite_name":"Single-Family Detached","ite_unit":"DU","units":1,"daily_trips":9.4,"am_peak_trips":0.7,"pm_peak_trips":0.9,"imprv_val":270690.0,"acres":0.235,"city":"Springtown","city_code":"CSP","fill_color":[34,139,34,180]}},{"type":"Feature","geometry":{"type":"Polygon","coordinates":[[[-97.67811597780803,32.977726391684975],[-97.67837860092152,32.97773575803315],[-97.67855258496951,32.97777889998636],[-97.67861220114769,32.977805493523256],[-97.67867409819353,32.97782808354252],[-97.67873789862232,32.97784653137832],[-97.67880321294516,32.977860723537496],[-97.68039036517597,32.97790743929397],[-97.68166963852222,32.97794066062878],[-97.68180081964374,32.977950130648],[-97.68193106412183,32.97796636706322],[-97.68205988036874,32.97798930893449],[-97.68218678452615,32.978018869221664],[-97.68230725290914,32.97805365018873],[-97.68249689932142,32.97811788648742],[-97.68307628619742,32.978118205241685],[-97.68306183524048,32.978551700093746],[-97.68297892266061,32.97996983473714],[-97.68282380291654,32.98251390924282],[-97.68197751535853,32.982512590267575],[-97.68137562808157,32.982498647413514],[-97.6788129977398,32.98253191636207],[-97.67799368734075,32.98254254209165],[-97.67801060733224,32.98171675825445],[-97.67801117851954,32.98168888761633],[-97.67811597780803,32.977726391684975]]]},"properties":{"prop_id":44177,"state_cd":"A15","ite_code":0,"ite_name":"Vacant/Agricultural","ite_unit":"N/A","units":1.0,"daily_trips":0.0,"am_peak_trips":0.0,"pm_peak_trips":0.0,"imprv_val":2900.0,"acres":1.0,"city":"Springtown","city_code":"CSP","fill_color":[80,80,80,100]}},{"type":"Feature","geometry":{"type":"Polygon","coordinates":[[[-97.68518915137169,32.97793219584791],[-97.68478429737566,32.977932530794135],[-97.68472743625017,32.97765229835129],[-97.68472079888033,32.977612722678934],[-97.68511883138592,32.97761263734322],[-97.68518915137169,32.97793219584791]]]},"properties":{"prop_id":29528,"state_cd":"S50","ite_code":210,"ite_name":"Single-Family Detached","ite_unit":"DU","units":1,"daily_trips":9.4,"am_peak_trips":0.7,"pm_peak_trips":0.9,"imprv_val":135330.0,"acres":0.31,"city":"Springtown","city_code":"CSP","fill_color":[34,139,34,180]}},{"type":"Feature","geometry":{"type":"Polygon","coordinates":[[[-97.66876497619825,32.95833414878254],[-97.66904006901221,32.95796882258832],[-97.66931345556037,32.95811545054131],[-97.66904221172156,32.95848209080065],[-97.66876497619825,32.95833414878254]]]},"properties":{"prop_id":26207,"state_cd":"S50","ite_code":210,"ite_name":"Single-Family Detached","ite_unit":"DU","units":1,"daily_trips":9.4,"am_peak_trips":0.7,"pm_peak_trips":0.9,"imprv_val":217110.0,"acres":0.3612,"city":"Springtown","city_code":"CSP","fill_color":[34,139,34,180]}},{"type":"Feature","geometry":{"type":"Polygon","coordinates":[[[-97.6826218010903,32.967526635275384],[-97.68303280833543,32.96746437472243],[-97.6831065939747,32.967804577849044],[-97.68269195566319,32.96786737396935],[-97.68264463305854,32.967648376025835],[-97.6826218010903,32.967526635275384]]]},"properties":{"prop_id":26724,"state_cd":"S55","ite_code":210,"ite_name":"Single-Family Detached","ite_unit":"DU","units":1,"daily_trips":9.4,"am_peak_trips":0.7,"pm_peak_trips":0.9,"imprv_val":127910.0,"acres":0.3725,"city":"Springtown","city_code":"CSP","fill_color":[34,139,34,180]}},{"type":"Feature","geometry":{"type":"Polygon","coordinates":[[[-97.65677791736944,32.96694072257618],[-97.65684671455848,32.96344628838704],[-97.65773942771409,32.963487607393745],[-97.65856276463711,32.96352570912493],[-97.65944104471926,32.96356634761948],[-97.65959569756119,32.9635735032537],[-97.65959506092419,32.963675873245165],[-97.65952570643664,32.96367443874793],[-97.6593512644504,32.963669545683764],[-97.65904436483545,32.963660937666944],[-97.65856478271358,32.963647483581],[-97.65776341757811,32.96362686525725],[-97.65697867776524,32.9636032682018],[-97.6569067674969,32.96705867015444],[-97.65684415571373,32.970289967795175],[-97.65575794709078,32.97027770209027],[-97.65575794526184,32.97027744505792],[-97.65574130948886,32.968200180280945],[-97.65623386296542,32.96819658739132],[-97.65670415342824,32.967334317314865],[-97.65677791736944,32.96694072257618]]]},"properties":{"prop_id":96651,"state_cd":"8","ite_code":0,"ite_name":"Vacant/Agricultural","ite_unit":"N/A","units":1.0,"daily_trips":0.0,"am_peak_trips":0.0,"pm_peak_trips":0.0,"imprv_val":0.0,"acres":8.77,"city":"Springtown","city_code":"CSP","fill_color":[80,80,80,100]}},{"type":"Feature","geometry":{"type":"Polygon","coordinates":[[[-97.68367172628518,32.96780849470635],[-97.68372208130359,32.968052095793695],[-97.68327611266926,32.96812770645793],[-97.68322153476659,32.96787602513081],[-97.68367172628518,32.96780849470635]]]},"properties":{"prop_id":26716,"state_cd":"S50","ite_code":210,"ite_name":"Single-Family Detached","ite_unit":"DU","units":1,"daily_trips":9.4,"am_peak_trips":0.7,"pm_peak_trips":0.9,"imprv_val":140000.0,"acres":0.187,"city":"Springtown","city_code":"CSP","fill_color":[34,139,34,180]}},{"type":"Feature","geometry":{"type":"Polygon","coordinates":[[[-97.66771379434259,32.965948120253074],[-97.66710066458796,32.96594402389696],[-97.66710598007676,32.96577913649522],[-97.66771548333044,32.965783208613004],[-97.66771379434259,32.965948120253074]]]},"properties":{"prop_id":87698,"state_cd":"S50","ite_code":210,"ite_name":"Single-Family Detached","ite_unit":"DU","units":1,"daily_trips":9.4,"am_peak_trips":0.7,"pm_peak_trips":0.9,"imprv_val":238730.0,"acres":0.258,"city":"Springtown","city_code":"CSP","fill_color":[34,139,34,180]}},{"type":"Feature","geometry":{"type":"Polygon","coordinates":[[[-97.67832320063376,32.96833795124843],[-97.67898584245592,32.9682832706929],[-97.67900549240937,32.96868562682171],[-97.6790206816186,32.969034516910725],[-97.67902102306893,32.96923390323484],[-97.67903606032802,32.969767565918694],[-97.67867110637982,32.96977827828372],[-97.67829401791727,32.96978934605574],[-97.67830104719721,32.96925503514539],[-97.67831390727872,32.968840031466875],[-97.67832320063376,32.96833795124843]]]},"properties":{"prop_id":29568,"state_cd":"S105","ite_code":210,"ite_name":"Single-Family Detached","ite_unit":"DU","units":2,"daily_trips":18.9,"am_peak_trips":1.4,"pm_peak_trips":1.9,"imprv_val":317320.0,"acres":2.624,"city":"Springtown","city_code":"CSP","fill_color":[34,139,34,180]}},{"type":"Feature","geometry":{"type":"Polygon","coordinates":[[[-97.67741749977617,32.974433350719636],[-97.67806085620158,32.97444775700522],[-97.67805826688245,32.97473903491541],[-97.67741230161843,32.97472674512453],[-97.67741749977617,32.974433350719636]]]},"properties":{"prop_id":37893,"state_cd":"S60","ite_code":210,"ite_name":"Single-Family Detached","ite_unit":"DU","units":1,"daily_trips":9.4,"am_peak_trips":0.7,"pm_peak_trips":0.9,"imprv_val":239080.0,"acres":0.454,"city":"Springtown","city_code":"CSP","fill_color":[34,139,34,180]}},{"type":"Feature","geometry":{"type":"Polygon","coordinates":[[[-97.6663768205631,32.95602266254223],[-97.66642865035524,32.95596151920346],[-97.66654560132983,32.95602398367465],[-97.66685477035662,32.956234909519054],[-97.66656922840023,32.956601356928594],[-97.666133608458,32.95638160759641],[-97.66632301317502,32.95608615631311],[-97.6663768205631,32.95602266254223]]]},"properties":{"prop_id":26196,"state_cd":"S80","ite_code":210,"ite_name":"Single-Family Detached","ite_unit":"DU","units":1,"daily_trips":9.4,"am_peak_trips":0.7,"pm_peak_trips":0.9,"imprv_val":85850.0,"acres":0.52,"city":"Springtown","city_code":"CSP","fill_color":[34,139,34,180]}},{"type":"Feature","geometry":{"type":"Polygon","coordinates":[[[-97.65904436483545,32.963660937666944],[-97.659042279968,32.96393760264545],[-97.65901398182748,32.963939189174006],[-97.65898643738285,32.96394488408703],[-97.65896048055998,32.963954515353564],[-97.65893689399998,32.96396779155631],[-97.65891639292785,32.96398431080087],[-97.65889959614202,32.96400357404682],[-97.65856478271358,32.963647483581],[-97.65904436483545,32.963660937666944]]]},"properties":{"prop_id":122939,"state_cd":"S60","ite_code":0,"ite_name":"Vacant/Agricultural","ite_unit":"N/A","units":1.0,"daily_trips":0.0,"am_peak_trips":0.0,"pm_peak_trips":0.0,"imprv_val":0.0,"acres":0.258,"city":"Springtown","city_code":"CSP","fill_color":[80,80,80,100]}},{"type":"Feature","geometry":{"type":"Polygon","coordinates":[[[-97.67983776670006,32.97331224191839],[-97.68030691360248,32.97292714877876],[-97.68031992682307,32.97293754219826],[-97.68033669158979,32.972947767299516],[-97.6803550107884,32.972955694857404],[-97.68037462309393,32.972961238381444],[-97.680392501213,32.97296399558975],[-97.68039622764617,32.97331885750605],[-97.67983776670006,32.97331224191839]]]},"properties":{"prop_id":70322,"state_cd":"S50","ite_code":210,"ite_name":"Single-Family Detached","ite_unit":"DU","units":1,"daily_trips":9.4,"am_peak_trips":0.7,"pm_peak_trips":0.9,"imprv_val":249290.0,"acres":0.299,"city":"Springtown","city_code":"CSP","fill_color":[34,139,34,180]}},{"type":"Feature","geometry":{"type":"Polygon","coordinates":[[[-97.65950874844955,32.965311405517454],[-97.65910092439069,32.96530919177203],[-97.65910379943637,32.96512899317888],[-97.65951062105204,32.96513067259198],[-97.65950874844955,32.965311405517454]]]},"properties":{"prop_id":123018,"state_cd":"S60","ite_code":210,"ite_name":"Single-Family Detached","ite_unit":"DU","units":1,"daily_trips":9.4,"am_peak_trips":0.7,"pm_peak_trips":0.9,"imprv_val":141450.0,"acres":0.189,"city":"Springtown","city_code":"CSP","fill_color":[34,139,34,180]}},{"type":"Feature","geometry":{"type":"Polygon","coordinates":[[[-97.65150945702862,32.9650207452733],[-97.65150636950999,32.965407634436374],[-97.65149527177078,32.965349529111855],[-97.65147602456707,32.96529295550953],[-97.6514489036512,32.965238723538874],[-97.65141429744047,32.96518760780229],[-97.65137270065847,32.96514034123926],[-97.65137582230416,32.96508039651215],[-97.65141723182411,32.9650557673689],[-97.65146201811228,32.96503577584582],[-97.65150945702862,32.9650207452733]]]},"properties":{"prop_id":123493,"state_cd":"S60","ite_code":0,"ite_name":"Vacant/Agricultural","ite_unit":"N/A","units":1.0,"daily_trips":0.0,"am_peak_trips":0.0,"pm_peak_trips":0.0,"imprv_val":0.0,"acres":0.076,"city":"Springtown","city_code":"CSP","fill_color":[80,80,80,100]}},{"type":"Feature","geometry":{"type":"Polygon","coordinates":[[[-97.68953139266362,32.95832870912441],[-97.68965127008924,32.9583293570935],[-97.68977104275935,32.95833362148098],[-97.68989055778569,32.95834149498038],[-97.68989107879077,32.95849293260216],[-97.68989159239648,32.958642021823906],[-97.68989206326168,32.958778709787865],[-97.68989210479938,32.95879089189174],[-97.68989255515163,32.95892151946481],[-97.68989261584518,32.958939091892894],[-97.68989304753276,32.959064509507],[-97.68989312792986,32.959087997123895],[-97.68989354092764,32.95920785667521],[-97.6898935956095,32.95922386439957],[-97.68989403479162,32.95935126967687],[-97.68989407198426,32.95936205572869],[-97.6898945252056,32.95949377361518],[-97.6898945495461,32.959500936056166],[-97.68989501553304,32.95963617023327],[-97.68989549371652,32.95977498292295],[-97.68989550791652,32.95977904392663],[-97.68989597132408,32.95991385873399],[-97.68951891298812,32.95991425485024],[-97.6891442808428,32.95991464667473],[-97.68914389559485,32.95977644421459],[-97.68914388769878,32.95977345101073],[-97.6891435132663,32.95963885771633],[-97.68914348899652,32.95963005846555],[-97.68914313179033,32.959501411905634],[-97.68914309415415,32.95948799703448],[-97.68914274906417,32.959363985924384],[-97.68914269840296,32.95934556765074],[-97.68914236778043,32.959226519368],[-97.68914230158158,32.9592026711127],[-97.68914198535028,32.95908917815511],[-97.68914190491557,32.95906010824769],[-97.68914157470796,32.95894101487196],[-97.6891415095315,32.95891763917798],[-97.68914116212594,32.95879282992952],[-97.68914111441842,32.95877549115661],[-97.6891407472784,32.9586437242074],[-97.68914071467935,32.95863186230795],[-97.68914033518625,32.95849548605472],[-97.6891403161112,32.95848845621459],[-97.68913989778787,32.95833797788813],[-97.6894713634377,32.958329742654406],[-97.68951429479574,32.958329003737894],[-97.68953139266362,32.95832870912441]]]},"properties":{"prop_id":121642,"state_cd":"S50","ite_code":210,"ite_name":"Single-Family Detached","ite_unit":"DU","units":1,"daily_trips":9.4,"am_peak_trips":0.7,"pm_peak_trips":0.9,"imprv_val":70600.0,"acres":0.132,"city":"Springtown","city_code":"CSP","fill_color":[34,139,34,180]}},{"type":"Feature","geometry":{"type":"Polygon","coordinates":[[[-97.64941660092512,32.9679099818203],[-97.64980155018694,32.967973350149514],[-97.64976711029597,32.96812262519135],[-97.64938229216476,32.96805834861645],[-97.64941660092512,32.9679099818203]]]},"properties":{"prop_id":127314,"state_cd":"S60","ite_code":0,"ite_name":"Vacant/Agricultural","ite_unit":"N/A","units":1.0,"daily_trips":0.0,"am_peak_trips":0.0,"pm_peak_trips":0.0,"imprv_val":0.0,"acres":0.152,"city":"Springtown","city_code":"CSP","fill_color":[80,80,80,100]}},{"type":"Feature","geometry":{"type":"Polygon","coordinates":[[[-97.68670499125984,32.96360233458445],[-97.68711746466245,32.96361264175528],[-97.68711532926041,32.96390063770226],[-97.68664132426449,32.96378321980136],[-97.68670499125984,32.96360233458445]]]},"properties":{"prop_id":59589,"state_cd":"SF-OVR","ite_code":210,"ite_name":"Single-Family Detached","ite_unit":"DU","units":1,"daily_trips":9.4,"am_peak_trips":0.7,"pm_peak_trips":0.9,"imprv_val":132520.0,"acres":0.21,"city":"Springtown","city_code":"CSP","fill_color":[34,139,34,180]}},{"type":"Feature","geometry":{"type":"Polygon","coordinates":[[[-97.68156559966828,32.97265200506414],[-97.68194375512688,32.9725901707352],[-97.68197979622553,32.97277573993903],[-97.6819847271204,32.97280112974788],[-97.68160324437349,32.972862397655305],[-97.68156559966828,32.97265200506414]]]},"properties":{"prop_id":72038,"state_cd":"S50","ite_code":210,"ite_name":"Single-Family Detached","ite_unit":"DU","units":1,"daily_trips":9.4,"am_peak_trips":0.7,"pm_peak_trips":0.9,"imprv_val":216770.0,"acres":0.2,"city":"Springtown","city_code":"CSP","fill_color":[34,139,34,180]}},{"type":"Feature","geometry":{"type":"Polygon","coordinates":[[[-97.67766785220431,32.970721633832284],[-97.67766834818748,32.97066972276068],[-97.67815744929437,32.97067294906623],[-97.67815489830699,32.970947808789596],[-97.67766578177455,32.970944582382366],[-97.67766785220431,32.970721633832284]]]},"properties":{"prop_id":7213,"state_cd":"S50","ite_code":0,"ite_name":"Vacant/Agricultural","ite_unit":"N/A","units":1.0,"daily_trips":0.0,"am_peak_trips":0.0,"pm_peak_trips":0.0,"imprv_val":5400.0,"acres":0.3444,"city":"Springtown","city_code":"CSP","fill_color":[80,80,80,100]}},{"type":"Feature","geometry":{"type":"Polygon","coordinates":[[[-97.67634739989325,32.95867374337424],[-97.67635811661668,32.958397892862436],[-97.67680748302773,32.9584080913003],[-97.67680565922362,32.95846033277079],[-97.67679797565677,32.958680348845064],[-97.67634739989325,32.95867374337424]]]},"properties":{"prop_id":1920,"state_cd":"S45","ite_code":210,"ite_name":"Single-Family Detached","ite_unit":"DU","units":1,"daily_trips":9.4,"am_peak_trips":0.7,"pm_peak_trips":0.9,"imprv_val":179160.0,"acres":0.3161,"city":"Springtown","city_code":"CSP","fill_color":[34,139,34,180]}},{"type":"Feature","geometry":{"type":"Polygon","coordinates":[[[-97.64886857033406,32.96635610955936],[-97.64891548825837,32.96602617877199],[-97.64899193141298,32.96603546655719],[-97.64906765386627,32.96604828182488],[-97.64914242598694,32.96606458603376],[-97.64903289831175,32.966383656166634],[-97.64902236045755,32.96638155510133],[-97.64895592362342,32.96636830811904],[-97.64895132258661,32.96636739110539],[-97.64892842422846,32.96636426952511],[-97.64887702900276,32.96635726304804],[-97.64886857033406,32.96635610955936]]]},"properties":{"prop_id":127300,"state_cd":"S60","ite_code":0,"ite_name":"Vacant/Agricultural","ite_unit":"N/A","units":1.0,"daily_trips":0.0,"am_peak_trips":0.0,"pm_peak_trips":0.0,"imprv_val":0.0,"acres":0.169,"city":"Springtown","city_code":"CSP","fill_color":[80,80,80,100]}},{"type":"Feature","geometry":{"type":"Polygon","coordinates":[[[-97.69005782501698,32.95951216096817],[-97.69044785395067,32.959510512799575],[-97.69044831454838,32.95964806732579],[-97.69005826353703,32.95964913909095],[-97.69005782501698,32.95951216096817]]]},"properties":{"prop_id":121618,"state_cd":"S50","ite_code":210,"ite_name":"Single-Family Detached","ite_unit":"DU","units":1,"daily_trips":9.4,"am_peak_trips":0.7,"pm_peak_trips":0.9,"imprv_val":45320.0,"acres":0.138,"city":"Springtown","city_code":"CSP","fill_color":[34,139,34,180]}},{"type":"Feature","geometry":{"type":"Polygon","coordinates":[[[-97.69022127385473,32.97511364494691],[-97.69002001434669,32.975047659392736],[-97.69028584924942,32.97447115762421],[-97.69081195435295,32.9746434036639],[-97.69121382125142,32.97477187761714],[-97.69036940139227,32.97521636613533],[-97.69034006352635,32.97518355125087],[-97.69030499859524,32.97515504322755],[-97.69026507747526,32.97513154843395],[-97.69022127385473,32.97511364494691]]]},"properties":{"prop_id":19164,"state_cd":"S85","ite_code":210,"ite_name":"Single-Family Detached","ite_unit":"DU","units":2,"daily_trips":18.9,"am_peak_trips":1.4,"pm_peak_trips":1.9,"imprv_val":200390.0,"acres":1.15,"city":"Springtown","city_code":"CSP","fill_color":[34,139,34,180]}},{"type":"Feature","geometry":{"type":"Polygon","coordinates":[[[-97.69128303004447,32.971638800746575],[-97.69128458304613,32.971570321049946],[-97.69128992660146,32.97133444088631],[-97.69172784052375,32.97133948309136],[-97.69172148817019,32.97164498549643],[-97.69128303004447,32.971638800746575]]]},"properties":{"prop_id":117450,"state_cd":"","ite_code":210,"ite_name":"Single-Family Detached","ite_unit":"DU","units":1,"daily_trips":9.4,"am_peak_trips":0.7,"pm_peak_trips":0.9,"imprv_val":296347.0,"acres":0.342,"city":"Springtown","city_code":"CSP","fill_color":[34,139,34,180]}},{"type":"Feature","geometry":{"type":"Polygon","coordinates":[[[-97.66762473585521,32.95772566649151],[-97.6679369709027,32.95733732098982],[-97.66821053714968,32.95752387009117],[-97.66793630759959,32.95789193729307],[-97.66762473585521,32.95772566649151]]]},"properties":{"prop_id":26203,"state_cd":"S50","ite_code":210,"ite_name":"Single-Family Detached","ite_unit":"DU","units":1,"daily_trips":9.4,"am_peak_trips":0.7,"pm_peak_trips":0.9,"imprv_val":139000.0,"acres":0.41,"city":"Springtown","city_code":"CSP","fill_color":[34,139,34,180]}},{"type":"Feature","geometry":{"type":"Polygon","coordinates":[[[-97.67018376685385,32.968858157841616],[-97.66979147585604,32.968887420995635],[-97.66974058971343,32.96852067369078],[-97.67017864885428,32.968486758142085],[-97.67018376685385,32.968858157841616]]]},"properties":{"prop_id":26411,"state_cd":"S50","ite_code":210,"ite_name":"Single-Family Detached","ite_unit":"DU","units":1,"daily_trips":9.4,"am_peak_trips":0.7,"pm_peak_trips":0.9,"imprv_val":210690.0,"acres":0.3947,"city":"Springtown","city_code":"CSP","fill_color":[34,139,34,180]}},{"type":"Feature","geometry":{"type":"Polygon","coordinates":[[[-97.66863919438833,32.95931255010068],[-97.66880047718138,32.95909196555118],[-97.66897638853422,32.95918525033091],[-97.66925738674647,32.95933426484743],[-97.66909158251788,32.95955374845949],[-97.66889358661388,32.95981589712069],[-97.66845277570336,32.95956749127339],[-97.66863919438833,32.95931255010068]]]},"properties":{"prop_id":26252,"state_cd":"","ite_code":0,"ite_name":"Vacant/Agricultural","ite_unit":"N/A","units":1.0,"daily_trips":0.0,"am_peak_trips":0.0,"pm_peak_trips":0.0,"imprv_val":0.0,"acres":0.7738,"city":"Springtown","city_code":"CSP","fill_color":[80,80,80,100]}},{"type":"Feature","geometry":{"type":"Polygon","coordinates":[[[-97.67176459178323,32.9697886240715],[-97.67176392639882,32.96938243561286],[-97.67195881238979,32.969379530848606],[-97.67195702983611,32.96979372024679],[-97.67176459178323,32.9697886240715]]]},"properties":{"prop_id":109343,"state_cd":"S50","ite_code":210,"ite_name":"Single-Family Detached","ite_unit":"DU","units":1,"daily_trips":9.4,"am_peak_trips":0.7,"pm_peak_trips":0.9,"imprv_val":259240.0,"acres":0.206,"city":"Springtown","city_code":"CSP","fill_color":[34,139,34,180]}},{"type":"Feature","geometry":{"type":"Polygon","coordinates":[[[-97.68382413782214,32.968541177978665],[-97.68344991845636,32.96860362809622],[-97.68339852731874,32.96840572360892],[-97.68377956533989,32.96834045592231],[-97.68382413782214,32.968541177978665]]]},"properties":{"prop_id":20862,"state_cd":"S50","ite_code":210,"ite_name":"Single-Family Detached","ite_unit":"DU","units":1,"daily_trips":9.4,"am_peak_trips":0.7,"pm_peak_trips":0.9,"imprv_val":231960.0,"acres":0.245,"city":"Springtown","city_code":"CSP","fill_color":[34,139,34,180]}},{"type":"Feature","geometry":{"type":"Polygon","coordinates":[[[-97.65146952407362,32.96607197027549],[-97.65149030910882,32.96605102170967],[-97.6515067093053,32.96602746947594],[-97.65151827557872,32.96600195893092],[-97.65152469098469,32.96597518953814],[-97.65152577839662,32.965947895080006],[-97.65152150926194,32.965920822975576],[-97.65151200164333,32.96589471532845],[-97.65149751399801,32.965870288143],[-97.65149780131208,32.96586028795368],[-97.65219818476815,32.965873844802125],[-97.65218069486147,32.96648301973997],[-97.65146952407362,32.96607197027549]]]},"properties":{"prop_id":123491,"state_cd":"S90","ite_code":0,"ite_name":"Vacant/Agricultural","ite_unit":"N/A","units":1.0,"daily_trips":0.0,"am_peak_trips":0.0,"pm_peak_trips":0.0,"imprv_val":0.0,"acres":0.74,"city":"Springtown","city_code":"CSP","fill_color":[80,80,80,100]}},{"type":"Feature","geometry":{"type":"Polygon","coordinates":[[[-97.6950581490964,32.97444375930539],[-97.69506156363737,32.97425174840705],[-97.69550187291394,32.974255699717595],[-97.69549837060984,32.974448054551],[-97.6950581490964,32.97444375930539]]]},"properties":{"prop_id":117514,"state_cd":"S55","ite_code":210,"ite_name":"Single-Family Detached","ite_unit":"DU","units":1,"daily_trips":9.4,"am_peak_trips":0.7,"pm_peak_trips":0.9,"imprv_val":122170.0,"acres":0.217,"city":"Springtown","city_code":"CSP","fill_color":[34,139,34,180]}},{"type":"Feature","geometry":{"type":"Polygon","coordinates":[[[-97.68133515992089,32.9663525399261],[-97.68089224885838,32.96644572963856],[-97.68085490916569,32.96625870126139],[-97.68129781933209,32.96616551167928],[-97.68133515992089,32.9663525399261]]]},"properties":{"prop_id":84968,"state_cd":"S50","ite_code":210,"ite_name":"Single-Family Detached","ite_unit":"DU","units":1,"daily_trips":9.4,"am_peak_trips":0.7,"pm_peak_trips":0.9,"imprv_val":189230.0,"acres":0.22,"city":"Springtown","city_code":"CSP","fill_color":[34,139,34,180]}},{"type":"Feature","geometry":{"type":"Polygon","coordinates":[[[-97.69038595849409,32.977241670775356],[-97.69038606298173,32.97724112585219],[-97.69038767413568,32.97721961525274],[-97.69039175264308,32.9769767027879],[-97.69114937375545,32.976981462214965],[-97.69114156542932,32.97724849404574],[-97.69038595849409,32.977241670775356]]]},"properties":{"prop_id":83453,"state_cd":"S40","ite_code":210,"ite_name":"Single-Family Detached","ite_unit":"DU","units":1,"daily_trips":9.4,"am_peak_trips":0.7,"pm_peak_trips":0.9,"imprv_val":166510.0,"acres":0.53,"city":"Springtown","city_code":"CSP","fill_color":[34,139,34,180]}},{"type":"Feature","geometry":{"type":"Polygon","coordinates":[[[-97.65205735791632,32.9683952863563],[-97.65208499750847,32.96839202583536],[-97.65211157899421,32.96838485771592],[-97.65213633223547,32.96837398959],[-97.65215853633845,32.968359737603876],[-97.65217754865012,32.968342514931855],[-97.65249167389146,32.96855890443933],[-97.65245712064592,32.96857560753075],[-97.65215956060315,32.96871323924191],[-97.65205735791632,32.9683952863563]]]},"properties":{"prop_id":127279,"state_cd":"S60","ite_code":0,"ite_name":"Vacant/Agricultural","ite_unit":"N/A","units":1.0,"daily_trips":0.0,"am_peak_trips":0.0,"pm_peak_trips":0.0,"imprv_val":0.0,"acres":0.207,"city":"Springtown","city_code":"CSP","fill_color":[80,80,80,100]}},{"type":"Feature","geometry":{"type":"Polygon","coordinates":[[[-97.67139237030928,32.95993071510102],[-97.67157043427181,32.959700457417455],[-97.67174849730006,32.959470200374184],[-97.67204229895655,32.95909027513805],[-97.67235366500998,32.95926140236278],[-97.67230915037283,32.95931896686943],[-97.67254404150796,32.959448062902496],[-97.67209889719486,32.960023698910234],[-97.67203964250618,32.96010032284867],[-97.67182289024029,32.9603806089111],[-97.67154975946703,32.96023049641688],[-97.67127662855845,32.96008038241212],[-97.67139237030928,32.95993071510102]]]},"properties":{"prop_id":26166,"state_cd":"S100","ite_code":0,"ite_name":"Vacant/Agricultural","ite_unit":"N/A","units":1.0,"daily_trips":0.0,"am_peak_trips":0.0,"pm_peak_trips":0.0,"imprv_val":0.0,"acres":1.9249,"city":"Springtown","city_code":"CSP","fill_color":[80,80,80,100]}},{"type":"Feature","geometry":{"type":"Polygon","coordinates":[[[-97.69095084703382,32.96698574600082],[-97.6909515310682,32.965152417030936],[-97.69260625309637,32.9655654248433],[-97.69259922813545,32.96699805704809],[-97.6925992276339,32.96699811205599],[-97.69259874761144,32.96699643335985],[-97.69095084703382,32.96698574600082]]]},"properties":{"prop_id":98255,"state_cd":"A30","ite_code":0,"ite_name":"Vacant/Agricultural","ite_unit":"N/A","units":1.0,"daily_trips":0.0,"am_peak_trips":0.0,"pm_peak_trips":0.0,"imprv_val":0.0,"acres":3.13,"city":"Springtown","city_code":"CSP","fill_color":[80,80,80,100]}},{"type":"Feature","geometry":{"type":"Polygon","coordinates":[[[-97.66770872841104,32.966442855158164],[-97.66708471693312,32.96643868607158],[-97.66709003248127,32.9662737986815],[-97.66771041634803,32.96627794352203],[-97.66770872841104,32.966442855158164]]]},"properties":{"prop_id":87695,"state_cd":"S50","ite_code":210,"ite_name":"Single-Family Detached","ite_unit":"DU","units":1,"daily_trips":9.4,"am_peak_trips":0.7,"pm_peak_trips":0.9,"imprv_val":227310.0,"acres":0.262,"city":"Springtown","city_code":"CSP","fill_color":[34,139,34,180]}},{"type":"Feature","geometry":{"type":"Polygon","coordinates":[[[-97.68001964146829,32.964930373771494],[-97.68023464065888,32.964849179422735],[-97.6803195924117,32.96548923841663],[-97.68037919746385,32.96593832188893],[-97.67980380160338,32.966001162920016],[-97.6797180556144,32.96543830438368],[-97.67981672468086,32.96539511887865],[-97.67995739804445,32.965130624450396],[-97.68001963693888,32.964930400796376],[-97.68001964146829,32.964930373771494]]]},"properties":{"prop_id":59566,"state_cd":"S150","ite_code":210,"ite_name":"Single-Family Detached","ite_unit":"DU","units":2,"daily_trips":18.9,"am_peak_trips":1.4,"pm_peak_trips":1.9,"imprv_val":167450.0,"acres":2.87,"city":"Springtown","city_code":"CSP","fill_color":[34,139,34,180]}},{"type":"Feature","geometry":{"type":"Polygon","coordinates":[[[-97.64992021529446,32.966634691103025],[-97.65005220677138,32.966539385557816],[-97.65027379525667,32.96675682702278],[-97.65026959872716,32.966816546143384],[-97.65023495442964,32.96684109207713],[-97.65018423865342,32.966881748638734],[-97.65013793464513,32.96692598755639],[-97.65009639655726,32.96697347036017],[-97.64976893796913,32.96679371777865],[-97.64976851228403,32.96679348400713],[-97.64977447457974,32.96678633533281],[-97.6498010867717,32.96675443264888],[-97.6498149507812,32.96673781189829],[-97.64981901522901,32.966733557759554],[-97.64985154487758,32.966699506704096],[-97.64986558942077,32.966684806263906],[-97.649867796647,32.966682781392],[-97.64992021529446,32.966634691103025]]]},"properties":{"prop_id":127306,"state_cd":"S60","ite_code":0,"ite_name":"Vacant/Agricultural","ite_unit":"N/A","units":1.0,"daily_trips":0.0,"am_peak_trips":0.0,"pm_peak_trips":0.0,"imprv_val":0.0,"acres":0.301,"city":"Springtown","city_code":"CSP","fill_color":[80,80,80,100]}},{"type":"Feature","geometry":{"type":"Polygon","coordinates":[[[-97.67309503899357,32.96272081806116],[-97.67292681813082,32.962863901593686],[-97.6725495724374,32.962598200712],[-97.67270033654042,32.96244026958863],[-97.67309503899357,32.96272081806116]]]},"properties":{"prop_id":26334,"state_cd":"S50","ite_code":210,"ite_name":"Single-Family Detached","ite_unit":"DU","units":1,"daily_trips":9.4,"am_peak_trips":0.7,"pm_peak_trips":0.9,"imprv_val":249200.0,"acres":0.2604,"city":"Springtown","city_code":"CSP","fill_color":[34,139,34,180]}},{"type":"Feature","geometry":{"type":"Polygon","coordinates":[[[-97.68266471836276,32.96831691733682],[-97.68274983237951,32.96864767619475],[-97.68245664366836,32.968692078036845],[-97.68238041221161,32.96836274261014],[-97.68260630271581,32.96832633341593],[-97.68266471836276,32.96831691733682]]]},"properties":{"prop_id":16811,"state_cd":"S50","ite_code":210,"ite_name":"Single-Family Detached","ite_unit":"DU","units":1,"daily_trips":9.4,"am_peak_trips":0.7,"pm_peak_trips":0.9,"imprv_val":64710.0,"acres":0.2534,"city":"Springtown","city_code":"CSP","fill_color":[34,139,34,180]}},{"type":"Feature","geometry":{"type":"Polygon","coordinates":[[[-97.6802471670088,32.974292752654634],[-97.68042855375991,32.97424960657479],[-97.68053069201478,32.97463999351176],[-97.680913607477,32.9745719926317],[-97.68127890081432,32.974507119574916],[-97.68136336208605,32.97490034944721],[-97.6818426391695,32.974815209111014],[-97.68195847790643,32.9753808537756],[-97.68195724218319,32.975381081040396],[-97.68057788244809,32.97563467107034],[-97.6802471670088,32.974292752654634]]]},"properties":{"prop_id":13103,"state_cd":"S180","ite_code":0,"ite_name":"Vacant/Agricultural","ite_unit":"N/A","units":1.0,"daily_trips":0.0,"am_peak_trips":0.0,"pm_peak_trips":0.0,"imprv_val":0.0,"acres":3.198,"city":"Springtown","city_code":"CSP","fill_color":[80,80,80,100]}},{"type":"Feature","geometry":{"type":"Polygon","coordinates":[[[-97.67083863663022,32.9705796482733],[-97.67105057674662,32.970582012296106],[-97.67104994684973,32.97089124427494],[-97.67083800492343,32.97088888024407],[-97.67083863663022,32.9705796482733]]]},"properties":{"prop_id":109434,"state_cd":"S50","ite_code":210,"ite_name":"Single-Family Detached","ite_unit":"DU","units":1,"daily_trips":9.4,"am_peak_trips":0.7,"pm_peak_trips":0.9,"imprv_val":253840.0,"acres":0.174,"city":"Springtown","city_code":"CSP","fill_color":[34,139,34,180]}},{"type":"Feature","geometry":{"type":"Polygon","coordinates":[[[-97.66599463344849,32.95882728470295],[-97.66601172968979,32.95819513482865],[-97.66640386816158,32.958398919883635],[-97.66622521429527,32.95864250344295],[-97.66606346994331,32.958862998652975],[-97.66599463344849,32.95882728470295]]]},"properties":{"prop_id":26220,"state_cd":"S50","ite_code":210,"ite_name":"Single-Family Detached","ite_unit":"DU","units":1,"daily_trips":9.4,"am_peak_trips":0.7,"pm_peak_trips":0.9,"imprv_val":183500.0,"acres":0.3785,"city":"Springtown","city_code":"CSP","fill_color":[34,139,34,180]}},{"type":"Feature","geometry":{"type":"Polygon","coordinates":[[[-97.65339384945901,32.96506787755809],[-97.65341505964918,32.96504904814553],[-97.65410107876282,32.96552899023907],[-97.65408765612015,32.96553982834753],[-97.65333972027425,32.965572231697244],[-97.653339574403,32.965571040296844],[-97.65328294173138,32.965109297009754],[-97.65331324461529,32.965104635746506],[-97.65334230260433,32.965096020532165],[-97.65336939473896,32.96508366561311],[-97.65339384945901,32.96506787755809]]]},"properties":{"prop_id":123482,"state_cd":"S90","ite_code":0,"ite_name":"Vacant/Agricultural","ite_unit":"N/A","units":1.0,"daily_trips":0.0,"am_peak_trips":0.0,"pm_peak_trips":0.0,"imprv_val":0.0,"acres":0.592,"city":"Springtown","city_code":"CSP","fill_color":[80,80,80,100]}},{"type":"Feature","geometry":{"type":"Polygon","coordinates":[[[-97.65845917962639,32.96897509538361],[-97.65888217478734,32.968979583298214],[-97.65887943000963,32.96916019841696],[-97.65845555854327,32.96915776885788],[-97.65845917962639,32.96897509538361]]]},"properties":{"prop_id":122968,"state_cd":"S60","ite_code":0,"ite_name":"Vacant/Agricultural","ite_unit":"N/A","units":1.0,"daily_trips":0.0,"am_peak_trips":0.0,"pm_peak_trips":0.0,"imprv_val":0.0,"acres":0.197,"city":"Springtown","city_code":"CSP","fill_color":[80,80,80,100]}},{"type":"Feature","geometry":{"type":"Polygon","coordinates":[[[-97.67831217994184,32.95665784945467],[-97.6786965309034,32.956660328356726],[-97.67868241777104,32.95710286979728],[-97.67829805826304,32.95710110505318],[-97.67831217994184,32.95665784945467]]]},"properties":{"prop_id":1908,"state_cd":"S45","ite_code":210,"ite_name":"Single-Family Detached","ite_unit":"DU","units":1,"daily_trips":9.4,"am_peak_trips":0.7,"pm_peak_trips":0.9,"imprv_val":253750.0,"acres":0.4361,"city":"Springtown","city_code":"CSP","fill_color":[34,139,34,180]}},{"type":"Feature","geometry":{"type":"Polygon","coordinates":[[[-97.68712752135934,32.96099689640477],[-97.6862884840703,32.96103619503088],[-97.68530049623412,32.96145593879972],[-97.68418456191567,32.96148711795589],[-97.68416478161343,32.96064678361211],[-97.68719736258386,32.96067597180725],[-97.68719733366031,32.9607361196453],[-97.68713995482199,32.96073876828343],[-97.68712752135934,32.96099689640477]]]},"properties":{"prop_id":46154,"state_cd":"S180","ite_code":0,"ite_name":"Vacant/Agricultural","ite_unit":"N/A","units":1.0,"daily_trips":0.0,"am_peak_trips":0.0,"pm_peak_trips":0.0,"imprv_val":0.0,"acres":3.638,"city":"Springtown","city_code":"CSP","fill_color":[80,80,80,100]}},{"type":"Feature","geometry":{"type":"Polygon","coordinates":[[[-97.683849527455,32.97524807887937],[-97.68422293649398,32.97524048267209],[-97.6842345123508,32.97529084584009],[-97.6843319308957,32.97571305906443],[-97.68394388287207,32.97570989932328],[-97.683849527455,32.97524807887937]]]},"properties":{"prop_id":29520,"state_cd":"S50","ite_code":210,"ite_name":"Single-Family Detached","ite_unit":"DU","units":1,"daily_trips":9.4,"am_peak_trips":0.7,"pm_peak_trips":0.9,"imprv_val":170000.0,"acres":0.54,"city":"Springtown","city_code":"CSP","fill_color":[34,139,34,180]}},{"type":"Feature","geometry":{"type":"Polygon","coordinates":[[[-97.68089224885838,32.96644572963856],[-97.68133515992089,32.9663525399261],[-97.68137250173716,32.966539568163995],[-97.68133602271979,32.966547243832885],[-97.68098816404968,32.966620433576445],[-97.68092958977854,32.96663275800688],[-97.68092946096975,32.96663211055296],[-97.68089224885838,32.96644572963856]]]},"properties":{"prop_id":34634,"state_cd":"S50","ite_code":210,"ite_name":"Single-Family Detached","ite_unit":"DU","units":1,"daily_trips":9.4,"am_peak_trips":0.7,"pm_peak_trips":0.9,"imprv_val":189230.0,"acres":0.2211,"city":"Springtown","city_code":"CSP","fill_color":[34,139,34,180]}},{"type":"Feature","geometry":{"type":"Polygon","coordinates":[[[-97.68825423669804,32.96511039111541],[-97.68857515774741,32.96506203856082],[-97.68856694745017,32.96535084170267],[-97.6882394028413,32.96539900680421],[-97.68825423669804,32.96511039111541]]]},"properties":{"prop_id":102257,"state_cd":"S50","ite_code":210,"ite_name":"Single-Family Detached","ite_unit":"DU","units":1,"daily_trips":9.4,"am_peak_trips":0.7,"pm_peak_trips":0.9,"imprv_val":244130.0,"acres":0.241,"city":"Springtown","city_code":"CSP","fill_color":[34,139,34,180]}},{"type":"Feature","geometry":{"type":"Polygon","coordinates":[[[-97.68353503731936,32.96341910547461],[-97.68414408623298,32.96341847793507],[-97.68417153430164,32.96356018890579],[-97.68343468823983,32.96355536281041],[-97.68341278633842,32.963448074543635],[-97.68347792113796,32.9634470169408],[-97.68351352403843,32.96344138295224],[-97.68353503731936,32.96341910547461]]]},"properties":{"prop_id":111712,"state_cd":"S1","ite_code":0,"ite_name":"Vacant/Agricultural","ite_unit":"N/A","units":1.0,"daily_trips":0.0,"am_peak_trips":0.0,"pm_peak_trips":0.0,"imprv_val":0.0,"acres":0.25,"city":"Springtown","city_code":"CSP","fill_color":[80,80,80,100]}},{"type":"Feature","geometry":{"type":"Polygon","coordinates":[[[-97.68402108813163,32.97440986466834],[-97.68447072453642,32.97440056814392],[-97.68453773447494,32.97474802954852],[-97.68414468291246,32.97475874827238],[-97.68375329128666,32.97476708048729],[-97.68373774179513,32.97465314795512],[-97.68406374295387,32.974646314908526],[-97.68402108813163,32.97440986466834]]]},"properties":{"prop_id":29511,"state_cd":"S50","ite_code":210,"ite_name":"Single-Family Detached","ite_unit":"DU","units":1,"daily_trips":9.4,"am_peak_trips":0.7,"pm_peak_trips":0.9,"imprv_val":168620.0,"acres":0.514,"city":"Springtown","city_code":"CSP","fill_color":[34,139,34,180]}},{"type":"Feature","geometry":{"type":"Polygon","coordinates":[[[-97.6711038182344,32.96296962860066],[-97.67125099775058,32.9627475448357],[-97.67162293185378,32.96295790727139],[-97.67146421328889,32.9631831856632],[-97.6711038182344,32.96296962860066]]]},"properties":{"prop_id":26316,"state_cd":"S50","ite_code":210,"ite_name":"Single-Family Detached","ite_unit":"DU","units":1,"daily_trips":9.4,"am_peak_trips":0.7,"pm_peak_trips":0.9,"imprv_val":151050.0,"acres":0.2928,"city":"Springtown","city_code":"CSP","fill_color":[34,139,34,180]}},{"type":"Feature","geometry":{"type":"Polygon","coordinates":[[[-97.67860293888873,32.96145199982756],[-97.67882840675202,32.96082514437114],[-97.67891646728403,32.960841086313046],[-97.67868960078997,32.961485010547946],[-97.67868188299222,32.96148288007448],[-97.67860293888873,32.96145199982756]]]},"properties":{"prop_id":46197,"state_cd":"SF-OVR","ite_code":210,"ite_name":"Single-Family Detached","ite_unit":"DU","units":1,"daily_trips":9.4,"am_peak_trips":0.7,"pm_peak_trips":0.9,"imprv_val":109090.0,"acres":0.113,"city":"Springtown","city_code":"CSP","fill_color":[34,139,34,180]}},{"type":"Feature","geometry":{"type":"Polygon","coordinates":[[[-97.69052344221505,32.96037191068353],[-97.69067388276629,32.96036741468405],[-97.69068597586958,32.96036710093216],[-97.69068921053076,32.9607343444228],[-97.69052614600649,32.96073513130732],[-97.69052344221505,32.96037191068353]]]},"properties":{"prop_id":121564,"state_cd":"S50","ite_code":0,"ite_name":"Vacant/Agricultural","ite_unit":"N/A","units":1.0,"daily_trips":0.0,"am_peak_trips":0.0,"pm_peak_trips":0.0,"imprv_val":0.0,"acres":0.153,"city":"Springtown","city_code":"CSP","fill_color":[80,80,80,100]}},{"type":"Feature","geometry":{"type":"Polygon","coordinates":[[[-97.67161588077009,32.9672114924052],[-97.67215934365716,32.96717186577774],[-97.67216119041886,32.96741033288692],[-97.67162438738053,32.96744544057112],[-97.67161588077009,32.9672114924052]]]},"properties":{"prop_id":26396,"state_cd":"S50","ite_code":210,"ite_name":"Single-Family Detached","ite_unit":"DU","units":1,"daily_trips":9.4,"am_peak_trips":0.7,"pm_peak_trips":0.9,"imprv_val":106530.0,"acres":0.3273,"city":"Springtown","city_code":"CSP","fill_color":[34,139,34,180]}},{"type":"Feature","geometry":{"type":"Polygon","coordinates":[[[-97.68689642534346,32.97653061571237],[-97.68689713929459,32.97648805528807],[-97.68690102867329,32.976255825498946],[-97.68763403947037,32.97626395837486],[-97.6876293988212,32.97653874925874],[-97.68689642534346,32.97653061571237]]]},"properties":{"prop_id":75662,"state_cd":"S55","ite_code":210,"ite_name":"Single-Family Detached","ite_unit":"DU","units":1,"daily_trips":9.4,"am_peak_trips":0.7,"pm_peak_trips":0.9,"imprv_val":239380.0,"acres":0.52,"city":"Springtown","city_code":"CSP","fill_color":[34,139,34,180]}},{"type":"Feature","geometry":{"type":"Polygon","coordinates":[[[-97.68858822828487,32.9589238125215],[-97.6889795449825,32.95892284379825],[-97.68897988413548,32.95904923028247],[-97.68897991471711,32.95906049245553],[-97.68858867743826,32.95906124977247],[-97.68858822828487,32.9589238125215]]]},"properties":{"prop_id":121580,"state_cd":"S50","ite_code":210,"ite_name":"Single-Family Detached","ite_unit":"DU","units":1,"daily_trips":9.4,"am_peak_trips":0.7,"pm_peak_trips":0.9,"imprv_val":256880.0,"acres":0.138,"city":"Springtown","city_code":"CSP","fill_color":[34,139,34,180]}},{"type":"Feature","geometry":{"type":"Polygon","coordinates":[[[-97.66640386816158,32.958398919883635],[-97.66654790752494,32.958202577536],[-97.66700363231412,32.958458704056135],[-97.66686483699992,32.95863848028133],[-97.66640386816158,32.958398919883635]]]},"properties":{"prop_id":26225,"state_cd":"S50","ite_code":210,"ite_name":"Single-Family Detached","ite_unit":"DU","units":1,"daily_trips":9.4,"am_peak_trips":0.7,"pm_peak_trips":0.9,"imprv_val":214630.0,"acres":0.3106,"city":"Springtown","city_code":"CSP","fill_color":[34,139,34,180]}},{"type":"Feature","geometry":{"type":"Polygon","coordinates":[[[-97.6736088406267,32.96317497801003],[-97.67379212606478,32.963032070100894],[-97.67415488498041,32.96336270170402],[-97.67397159944345,32.96350561014039],[-97.6736088406267,32.96317497801003]]]},"properties":{"prop_id":86712,"state_cd":"S40","ite_code":210,"ite_name":"Single-Family Detached","ite_unit":"DU","units":1,"daily_trips":9.4,"am_peak_trips":0.7,"pm_peak_trips":0.9,"imprv_val":359330.0,"acres":0.31,"city":"Springtown","city_code":"CSP","fill_color":[34,139,34,180]}},{"type":"Feature","geometry":{"type":"Polygon","coordinates":[[[-97.68389600205425,32.971429182068036],[-97.6831222236558,32.97153916723116],[-97.68299746004384,32.97076349529653],[-97.68378713158278,32.970752352881796],[-97.68389600205425,32.971429182068036]]]},"properties":{"prop_id":29492,"state_cd":"S50","ite_code":210,"ite_name":"Single-Family Detached","ite_unit":"DU","units":2,"daily_trips":18.9,"am_peak_trips":1.4,"pm_peak_trips":1.9,"imprv_val":137260.0,"acres":1.47,"city":"Springtown","city_code":"CSP","fill_color":[34,139,34,180]}},{"type":"Feature","geometry":{"type":"Polygon","coordinates":[[[-97.68516209796282,32.96734371272223],[-97.68607133307985,32.967226586256984],[-97.68610176044103,32.967406842935134],[-97.68581156065972,32.96745481001102],[-97.68553168123132,32.96750102939429],[-97.68518566670132,32.96755818233476],[-97.68516209796282,32.96734371272223]]]},"properties":{"prop_id":27661,"state_cd":"S55","ite_code":210,"ite_name":"Single-Family Detached","ite_unit":"DU","units":1,"daily_trips":9.4,"am_peak_trips":0.7,"pm_peak_trips":0.9,"imprv_val":180050.0,"acres":0.39,"city":"Springtown","city_code":"CSP","fill_color":[34,139,34,180]}},{"type":"Feature","geometry":{"type":"Polygon","coordinates":[[[-97.67034192978659,32.967577536156185],[-97.67089758231306,32.967538903399635],[-97.67089710185323,32.96789667987567],[-97.67035004707341,32.967932731144565],[-97.67034192978659,32.967577536156185]]]},"properties":{"prop_id":26414,"state_cd":"S50","ite_code":210,"ite_name":"Single-Family Detached","ite_unit":"DU","units":1,"daily_trips":9.4,"am_peak_trips":0.7,"pm_peak_trips":0.9,"imprv_val":216870.0,"acres":0.5038,"city":"Springtown","city_code":"CSP","fill_color":[34,139,34,180]}},{"type":"Feature","geometry":{"type":"Polygon","coordinates":[[[-97.66789437968926,32.96708870529669],[-97.66789577626716,32.96708774606262],[-97.66825242002433,32.96741075870965],[-97.66775191818563,32.96740758050283],[-97.66777360397627,32.967125798872146],[-97.66778435567282,32.967125577578976],[-97.6677971447166,32.96712531397688],[-97.66780036658412,32.967125248015016],[-97.66781135539178,32.96712347445995],[-97.66782384315663,32.9671214593044],[-97.66782665893311,32.96712100464945],[-97.6678375903172,32.96711760021061],[-97.66784940689575,32.96711392031243],[-97.66785177064261,32.967113183974824],[-97.66786230149725,32.967108115699325],[-97.6678731461524,32.96710289710991],[-97.66787501932642,32.9671019960697],[-97.66788482440985,32.96709526539334],[-97.66789437968926,32.96708870529669]]]},"properties":{"prop_id":87689,"state_cd":"S50","ite_code":0,"ite_name":"Vacant/Agricultural","ite_unit":"N/A","units":1.0,"daily_trips":0.0,"am_peak_trips":0.0,"pm_peak_trips":0.0,"imprv_val":0.0,"acres":0.239,"city":"Springtown","city_code":"CSP","fill_color":[80,80,80,100]}},{"type":"Feature","geometry":{"type":"Polygon","coordinates":[[[-97.67553415802651,32.9681162537703],[-97.67563193143857,32.9681161538596],[-97.67563490675768,32.96840689617325],[-97.6755379432421,32.968414197997525],[-97.67553415802651,32.9681162537703]]]},"properties":{"prop_id":89528,"state_cd":"S25","ite_code":210,"ite_name":"Single-Family Detached","ite_unit":"DU","units":1,"daily_trips":9.4,"am_peak_trips":0.7,"pm_peak_trips":0.9,"imprv_val":198900.0,"acres":0.073,"city":"Springtown","city_code":"CSP","fill_color":[34,139,34,180]}},{"type":"Feature","geometry":{"type":"Polygon","coordinates":[[[-97.67544584876771,32.96734088225055],[-97.67554366661894,32.967340054035326],[-97.67554676333599,32.96761588463265],[-97.67544894793099,32.96761687700038],[-97.67544584876771,32.96734088225055]]]},"properties":{"prop_id":89557,"state_cd":"S25","ite_code":210,"ite_name":"Single-Family Detached","ite_unit":"DU","units":1,"daily_trips":9.4,"am_peak_trips":0.7,"pm_peak_trips":0.9,"imprv_val":183430.0,"acres":0.069,"city":"Springtown","city_code":"CSP","fill_color":[34,139,34,180]}},{"type":"Feature","geometry":{"type":"Polygon","coordinates":[[[-97.68284865686553,32.97271301399257],[-97.68323484633856,32.97265618935194],[-97.68327041762709,32.972877331075324],[-97.68288342080406,32.972929254543565],[-97.68284869838178,32.97271326857873],[-97.68284865686553,32.97271301399257]]]},"properties":{"prop_id":29536,"state_cd":"S50","ite_code":210,"ite_name":"Single-Family Detached","ite_unit":"DU","units":1,"daily_trips":9.4,"am_peak_trips":0.7,"pm_peak_trips":0.9,"imprv_val":149050.0,"acres":0.221,"city":"Springtown","city_code":"CSP","fill_color":[34,139,34,180]}},{"type":"Feature","geometry":{"type":"Polygon","coordinates":[[[-97.68546739095198,32.977199708040494],[-97.68548825397193,32.97736788172185],[-97.68529716846868,32.97737650054329],[-97.68523326266194,32.97738090754351],[-97.68520550284482,32.977219753601084],[-97.68546739095198,32.977199708040494]]]},"properties":{"prop_id":26931,"state_cd":"S50","ite_code":0,"ite_name":"Vacant/Agricultural","ite_unit":"N/A","units":1.0,"daily_trips":0.0,"am_peak_trips":0.0,"pm_peak_trips":0.0,"imprv_val":0.0,"acres":0.1096,"city":"Springtown","city_code":"CSP","fill_color":[80,80,80,100]}},{"type":"Feature","geometry":{"type":"Polygon","coordinates":[[[-97.64916955411543,32.967250017915724],[-97.64955453800292,32.96731347474782],[-97.64952012257342,32.96746230259733],[-97.64913539060515,32.96739883926802],[-97.64916955411543,32.967250017915724]]]},"properties":{"prop_id":127321,"state_cd":"S60","ite_code":0,"ite_name":"Vacant/Agricultural","ite_unit":"N/A","units":1.0,"daily_trips":0.0,"am_peak_trips":0.0,"pm_peak_trips":0.0,"imprv_val":0.0,"acres":0.152,"city":"Springtown","city_code":"CSP","fill_color":[80,80,80,100]}},{"type":"Feature","geometry":{"type":"Polygon","coordinates":[[[-97.68476251434106,32.965631346593916],[-97.6852200395167,32.96555998618495],[-97.6853040448594,32.965971303199154],[-97.68484344892181,32.96603678920419],[-97.68476251434106,32.965631346593916]]]},"properties":{"prop_id":95101,"state_cd":"S55","ite_code":210,"ite_name":"Single-Family Detached","ite_unit":"DU","units":1,"daily_trips":9.4,"am_peak_trips":0.7,"pm_peak_trips":0.9,"imprv_val":72660.0,"acres":0.403,"city":"Springtown","city_code":"CSP","fill_color":[34,139,34,180]}},{"type":"Feature","geometry":{"type":"Polygon","coordinates":[[[-97.67124792343964,32.97243013276934],[-97.67118624990748,32.97242861520175],[-97.67112721055274,32.97242800071338],[-97.67112458037121,32.97201394533119],[-97.67131620794873,32.97201538649157],[-97.67131899913831,32.972431882366074],[-97.67131868253801,32.972431873046396],[-97.67124792343964,32.97243013276934]]]},"properties":{"prop_id":109383,"state_cd":"S50","ite_code":210,"ite_name":"Single-Family Detached","ite_unit":"DU","units":1,"daily_trips":9.4,"am_peak_trips":0.7,"pm_peak_trips":0.9,"imprv_val":241870.0,"acres":0.207,"city":"Springtown","city_code":"CSP","fill_color":[34,139,34,180]}},{"type":"Feature","geometry":{"type":"Polygon","coordinates":[[[-97.6725495724374,32.962598200712],[-97.67292681813082,32.962863901593686],[-97.67276409303261,32.963002311154355],[-97.67271928891954,32.963074772906936],[-97.67234876553881,32.96281729920781],[-97.67245002401806,32.96270681733024],[-97.6725495724374,32.962598200712]]]},"properties":{"prop_id":104354,"state_cd":"S50","ite_code":210,"ite_name":"Single-Family Detached","ite_unit":"DU","units":1,"daily_trips":9.4,"am_peak_trips":0.7,"pm_peak_trips":0.9,"imprv_val":229320.0,"acres":0.429,"city":"Springtown","city_code":"CSP","fill_color":[34,139,34,180]}},{"type":"Feature","geometry":{"type":"Polygon","coordinates":[[[-97.6762044052792,32.967436335556876],[-97.67582802492153,32.96743879168041],[-97.67582731745881,32.96730134548465],[-97.67620337142425,32.96729860674237],[-97.6762044052792,32.967436335556876]]]},"properties":{"prop_id":89602,"state_cd":"S50","ite_code":210,"ite_name":"Single-Family Detached","ite_unit":"DU","units":1,"daily_trips":9.4,"am_peak_trips":0.7,"pm_peak_trips":0.9,"imprv_val":213130.0,"acres":0.115,"city":"Springtown","city_code":"CSP","fill_color":[34,139,34,180]}},{"type":"Feature","geometry":{"type":"Polygon","coordinates":[[[-97.67819806182371,32.975006309140454],[-97.67855602574718,32.97493751877961],[-97.67853930050991,32.97533093048071],[-97.67815954834268,32.975407416671466],[-97.67817357359093,32.975011022920214],[-97.67819806182371,32.975006309140454]]]},"properties":{"prop_id":44216,"state_cd":"S60","ite_code":210,"ite_name":"Single-Family Detached","ite_unit":"DU","units":1,"daily_trips":9.4,"am_peak_trips":0.7,"pm_peak_trips":0.9,"imprv_val":145000.0,"acres":0.385,"city":"Springtown","city_code":"CSP","fill_color":[34,139,34,180]}},{"type":"Feature","geometry":{"type":"Polygon","coordinates":[[[-97.68968356032579,32.97700894351617],[-97.68968838591076,32.97672038210148],[-97.69025851343703,32.97672669913284],[-97.69025372288421,32.9770152598831],[-97.68968356032579,32.97700894351617]]]},"properties":{"prop_id":19204,"state_cd":"S55","ite_code":210,"ite_name":"Single-Family Detached","ite_unit":"DU","units":1,"daily_trips":9.4,"am_peak_trips":0.7,"pm_peak_trips":0.9,"imprv_val":227590.0,"acres":0.42,"city":"Springtown","city_code":"CSP","fill_color":[34,139,34,180]}},{"type":"Feature","geometry":{"type":"Polygon","coordinates":[[[-97.68922569564297,32.970825468656905],[-97.68958234650513,32.970824507548606],[-97.68968862064952,32.97087808413682],[-97.68973494086727,32.970901447596205],[-97.6898788191501,32.9711326460972],[-97.69013407245022,32.97173301213956],[-97.68922427642977,32.971753656296954],[-97.68922569564297,32.970825468656905]]]},"properties":{"prop_id":38121,"state_cd":"S110","ite_code":210,"ite_name":"Single-Family Detached","ite_unit":"DU","units":2,"daily_trips":18.9,"am_peak_trips":1.4,"pm_peak_trips":1.9,"imprv_val":130940.0,"acres":1.63,"city":"Springtown","city_code":"CSP","fill_color":[34,139,34,180]}},{"type":"Feature","geometry":{"type":"Polygon","coordinates":[[[-97.6796174857726,32.95913038961219],[-97.67959917813491,32.959125571478175],[-97.67958443577797,32.95911522428254],[-97.67957549062801,32.95910091385932],[-97.6795736951206,32.95908480176857],[-97.67960330177026,32.95885236840655],[-97.67962731046465,32.95883507075915],[-97.67964559090953,32.95881313879744],[-97.67965698675161,32.958787956426114],[-97.67966078270108,32.958761102541715],[-97.67996206141645,32.958700634242135],[-97.6798770033392,32.95915381292538],[-97.6796174857726,32.95913038961219]]]},"properties":{"prop_id":1939,"state_cd":"S48","ite_code":210,"ite_name":"Single-Family Detached","ite_unit":"DU","units":1,"daily_trips":9.4,"am_peak_trips":0.7,"pm_peak_trips":0.9,"imprv_val":331140.0,"acres":0.328,"city":"Springtown","city_code":"CSP","fill_color":[34,139,34,180]}},{"type":"Feature","geometry":{"type":"Polygon","coordinates":[[[-97.68303476489133,32.96589506375179],[-97.6832698396804,32.96585922132099],[-97.68330894092045,32.96605321084795],[-97.68334607606624,32.9662375659209],[-97.68311387259826,32.96627319374935],[-97.68303476489133,32.96589506375179]]]},"properties":{"prop_id":26696,"state_cd":"S25","ite_code":210,"ite_name":"Single-Family Detached","ite_unit":"DU","units":1,"daily_trips":9.4,"am_peak_trips":0.7,"pm_peak_trips":0.9,"imprv_val":115640.0,"acres":0.2335,"city":"Springtown","city_code":"CSP","fill_color":[34,139,34,180]}},{"type":"Feature","geometry":{"type":"Polygon","coordinates":[[[-97.67170846194414,32.97244146229753],[-97.67170793168351,32.972020853825704],[-97.67190176002096,32.97202309690555],[-97.67190345593609,32.97244626256969],[-97.67190345876014,32.972446875828226],[-97.67190002316009,32.97244678085453],[-97.67170846194414,32.97244146229753]]]},"properties":{"prop_id":109380,"state_cd":"","ite_code":210,"ite_name":"Single-Family Detached","ite_unit":"DU","units":1,"daily_trips":9.4,"am_peak_trips":0.7,"pm_peak_trips":0.9,"imprv_val":244540.0,"acres":0.212,"city":"Springtown","city_code":"CSP","fill_color":[34,139,34,180]}},{"type":"Feature","geometry":{"type":"Polygon","coordinates":[[[-97.6885538017094,32.971284399734806],[-97.68905639821273,32.971289633475564],[-97.68904912995094,32.97178409405142],[-97.68854334493105,32.97178080190456],[-97.6885538017094,32.971284399734806]]]},"properties":{"prop_id":38115,"state_cd":"","ite_code":0,"ite_name":"Vacant/Agricultural","ite_unit":"N/A","units":1.0,"daily_trips":0.0,"am_peak_trips":0.0,"pm_peak_trips":0.0,"imprv_val":0.0,"acres":0.63,"city":"Springtown","city_code":"CSP","fill_color":[80,80,80,100]}},{"type":"Feature","geometry":{"type":"Polygon","coordinates":[[[-97.6835481812779,32.96921074234331],[-97.68394997163671,32.969136268091425],[-97.68397766075508,32.969270206852336],[-97.68402176440046,32.96948359364109],[-97.68361965259513,32.96954600414564],[-97.6835738925926,32.969331351022035],[-97.6835481812779,32.96921074234331]]]},"properties":{"prop_id":20866,"state_cd":"S55","ite_code":210,"ite_name":"Single-Family Detached","ite_unit":"DU","units":1,"daily_trips":9.4,"am_peak_trips":0.7,"pm_peak_trips":0.9,"imprv_val":324980.0,"acres":0.3639,"city":"Springtown","city_code":"CSP","fill_color":[34,139,34,180]}},{"type":"Feature","geometry":{"type":"Polygon","coordinates":[[[-97.67849713154166,32.96334165616738],[-97.67843304796159,32.96334033187125],[-97.67828259610746,32.96334403658375],[-97.67811513531282,32.963340532484146],[-97.67811539766096,32.962260434094134],[-97.67827829941425,32.962306112606285],[-97.67849886071488,32.962353641000895],[-97.67849713154166,32.96334165616738]]]},"properties":{"prop_id":72045,"state_cd":"SF-OVR","ite_code":210,"ite_name":"Single-Family Detached","ite_unit":"DU","units":2,"daily_trips":18.9,"am_peak_trips":1.4,"pm_peak_trips":1.9,"imprv_val":1154840.0,"acres":1.013,"city":"Springtown","city_code":"CSP","fill_color":[34,139,34,180]}},{"type":"Feature","geometry":{"type":"Polygon","coordinates":[[[-97.68533401680294,32.97764881288406],[-97.68579055939077,32.97765179615971],[-97.68580039416706,32.977926539034954],[-97.68534385016228,32.97792355579541],[-97.68533406783735,32.9776502435068],[-97.68533401680294,32.97764881288406]]]},"properties":{"prop_id":33916,"state_cd":"S65","ite_code":210,"ite_name":"Single-Family Detached","ite_unit":"DU","units":1,"daily_trips":9.4,"am_peak_trips":0.7,"pm_peak_trips":0.9,"imprv_val":168460.0,"acres":0.3212,"city":"Springtown","city_code":"CSP","fill_color":[34,139,34,180]}},{"type":"Feature","geometry":{"type":"Polygon","coordinates":[[[-97.689550672449,32.97016422810599],[-97.68957241181063,32.97016436947625],[-97.6898955827644,32.97016647059804],[-97.68989413654263,32.97036525168216],[-97.68955016580743,32.970363015301295],[-97.689550672449,32.97016422810599]]]},"properties":{"prop_id":75749,"state_cd":"S50","ite_code":210,"ite_name":"Single-Family Detached","ite_unit":"DU","units":1,"daily_trips":9.4,"am_peak_trips":0.7,"pm_peak_trips":0.9,"imprv_val":190230.0,"acres":0.18,"city":"Springtown","city_code":"CSP","fill_color":[34,139,34,180]}},{"type":"Feature","geometry":{"type":"Polygon","coordinates":[[[-97.68200990115747,32.970301381324276],[-97.6823758718002,32.970255589445294],[-97.6824453225468,32.97063028075926],[-97.68204152322815,32.97062717755186],[-97.68200990115747,32.970301381324276]]]},"properties":{"prop_id":16822,"state_cd":"S55","ite_code":210,"ite_name":"Single-Family Detached","ite_unit":"DU","units":1,"daily_trips":9.4,"am_peak_trips":0.7,"pm_peak_trips":0.9,"imprv_val":120200.0,"acres":0.348,"city":"Springtown","city_code":"CSP","fill_color":[34,139,34,180]}},{"type":"Feature","geometry":{"type":"Polygon","coordinates":[[[-97.67766578177455,32.970944582382366],[-97.67815489830699,32.970947808789596],[-97.67815234730377,32.97122266850257],[-97.67766322925326,32.97121944208548],[-97.67766578177455,32.970944582382366]]]},"properties":{"prop_id":7212,"state_cd":"S50","ite_code":210,"ite_name":"Single-Family Detached","ite_unit":"DU","units":1,"daily_trips":9.4,"am_peak_trips":0.7,"pm_peak_trips":0.9,"imprv_val":176790.0,"acres":0.3444,"city":"Springtown","city_code":"CSP","fill_color":[34,139,34,180]}},{"type":"Feature","geometry":{"type":"Polygon","coordinates":[[[-97.68116452265478,32.9675728662897],[-97.68116857695573,32.96765215867584],[-97.68121589498752,32.96801855024314],[-97.68075539324404,32.96807305566032],[-97.6807004893026,32.96762600998202],[-97.68116452265478,32.9675728662897]]]},"properties":{"prop_id":59585,"state_cd":"S60","ite_code":210,"ite_name":"Single-Family Detached","ite_unit":"DU","units":1,"daily_trips":9.4,"am_peak_trips":0.7,"pm_peak_trips":0.9,"imprv_val":61710.0,"acres":0.5,"city":"Springtown","city_code":"CSP","fill_color":[34,139,34,180]}},{"type":"Feature","geometry":{"type":"Polygon","coordinates":[[[-97.67210816503697,32.97019028125186],[-97.67231918921986,32.97019359116801],[-97.6723148868184,32.97050852532854],[-97.67210654349046,32.97050905063767],[-97.67210816503697,32.97019028125186]]]},"properties":{"prop_id":109493,"state_cd":"S50","ite_code":210,"ite_name":"Single-Family Detached","ite_unit":"DU","units":1,"daily_trips":9.4,"am_peak_trips":0.7,"pm_peak_trips":0.9,"imprv_val":264500.0,"acres":0.173,"city":"Springtown","city_code":"CSP","fill_color":[34,139,34,180]}},{"type":"Feature","geometry":{"type":"Polygon","coordinates":[[[-97.67768410181864,32.969107284677435],[-97.67817320820367,32.96911051101352],[-97.67817106545289,32.969341393375316],[-97.67768195779273,32.9693381670309],[-97.67768410181864,32.969107284677435]]]},"properties":{"prop_id":7218,"state_cd":"S50","ite_code":210,"ite_name":"Single-Family Detached","ite_unit":"DU","units":1,"daily_trips":9.4,"am_peak_trips":0.7,"pm_peak_trips":0.9,"imprv_val":272510.0,"acres":0.2893,"city":"Springtown","city_code":"CSP","fill_color":[34,139,34,180]}},{"type":"Feature","geometry":{"type":"Polygon","coordinates":[[[-97.6477770946459,32.96552119993862],[-97.64776625703026,32.96585151597502],[-97.64758458972834,32.9658463189725],[-97.64759443108119,32.965516212570705],[-97.6477770946459,32.96552119993862]]]},"properties":{"prop_id":127377,"state_cd":"S60","ite_code":0,"ite_name":"Vacant/Agricultural","ite_unit":"N/A","units":1.0,"daily_trips":0.0,"am_peak_trips":0.0,"pm_peak_trips":0.0,"imprv_val":0.0,"acres":0.152,"city":"Springtown","city_code":"CSP","fill_color":[80,80,80,100]}},{"type":"Feature","geometry":{"type":"Polygon","coordinates":[[[-97.67076334316602,32.96056936588954],[-97.67017534992107,32.96024619669065],[-97.67035341768207,32.96001594075576],[-97.67102971245077,32.960387641189556],[-97.67076334316602,32.96056936588954]]]},"properties":{"prop_id":26168,"state_cd":"","ite_code":0,"ite_name":"Vacant/Agricultural","ite_unit":"N/A","units":1.0,"daily_trips":0.0,"am_peak_trips":0.0,"pm_peak_trips":0.0,"imprv_val":0.0,"acres":0.5313,"city":"Springtown","city_code":"CSP","fill_color":[80,80,80,100]}},{"type":"Feature","geometry":{"type":"Polygon","coordinates":[[[-97.69008536427673,32.97743597397785],[-97.69012336073799,32.977436395834765],[-97.69014897797688,32.977435637923904],[-97.6901743738481,32.977432761994706],[-97.6901993126947,32.9774277971781],[-97.6902235522836,32.97742078969709],[-97.69024685980504,32.97741180838164],[-97.69026900977363,32.977400940145806],[-97.69028978724643,32.9773882891069],[-97.69030900501562,32.97737396858075],[-97.6910855159643,32.97804316509801],[-97.69006559746902,32.978037142113],[-97.69008536427673,32.97743597397785]]]},"properties":{"prop_id":19169,"state_cd":"S85","ite_code":210,"ite_name":"Single-Family Detached","ite_unit":"DU","units":2,"daily_trips":18.9,"am_peak_trips":1.4,"pm_peak_trips":1.9,"imprv_val":281450.0,"acres":1.03,"city":"Springtown","city_code":"CSP","fill_color":[34,139,34,180]}},{"type":"Feature","geometry":{"type":"Polygon","coordinates":[[[-97.66531029966997,32.95627746893257],[-97.66531267488601,32.95592908164962],[-97.66545205650576,32.955930016139895],[-97.66603826696897,32.95595474963794],[-97.66624559620713,32.95596855702212],[-97.66620539488163,32.956021295526305],[-97.66600239576167,32.956287600631896],[-97.66531029966997,32.95627746893257]]]},"properties":{"prop_id":26279,"state_cd":"S50","ite_code":210,"ite_name":"Single-Family Detached","ite_unit":"DU","units":1,"daily_trips":9.4,"am_peak_trips":0.7,"pm_peak_trips":0.9,"imprv_val":171570.0,"acres":0.7121,"city":"Springtown","city_code":"CSP","fill_color":[34,139,34,180]}},{"type":"Feature","geometry":{"type":"Polygon","coordinates":[[[-97.68381437618014,32.972887024266896],[-97.68419145100907,32.97283220935919],[-97.68425349921404,32.97319226494102],[-97.68387944003682,32.97325055918148],[-97.6838793495294,32.9732502799257],[-97.68387581037778,32.97323936003127],[-97.6838352708065,32.973007325320445],[-97.68381425512308,32.97288704151058],[-97.68381437618014,32.972887024266896]]]},"properties":{"prop_id":29492,"state_cd":"S50","ite_code":210,"ite_name":"Single-Family Detached","ite_unit":"DU","units":2,"daily_trips":18.9,"am_peak_trips":1.4,"pm_peak_trips":1.9,"imprv_val":137260.0,"acres":1.47,"city":"Springtown","city_code":"CSP","fill_color":[34,139,34,180]}},{"type":"Feature","geometry":{"type":"Polygon","coordinates":[[[-97.67530297063679,32.96632599574533],[-97.67530454662261,32.96645647932341],[-97.67530478876331,32.966476543797654],[-97.67495235429267,32.96647654583522],[-97.67495005660687,32.96632632196088],[-97.67530297063679,32.96632599574533]]]},"properties":{"prop_id":89584,"state_cd":"S50","ite_code":210,"ite_name":"Single-Family Detached","ite_unit":"DU","units":1,"daily_trips":9.4,"am_peak_trips":0.7,"pm_peak_trips":0.9,"imprv_val":196950.0,"acres":0.137,"city":"Springtown","city_code":"CSP","fill_color":[34,139,34,180]}},{"type":"Feature","geometry":{"type":"Polygon","coordinates":[[[-97.69066885199905,32.97139602304936],[-97.69018522741798,32.97146502722727],[-97.69008597088616,32.97123175631542],[-97.69057444049709,32.971203399357904],[-97.69105976426727,32.97113546705421],[-97.69114526048821,32.97132784763851],[-97.69066885199905,32.97139602304936]]]},"properties":{"prop_id":38107,"state_cd":"S60","ite_code":210,"ite_name":"Single-Family Detached","ite_unit":"DU","units":1,"daily_trips":9.4,"am_peak_trips":0.7,"pm_peak_trips":0.9,"imprv_val":190090.0,"acres":0.53,"city":"Springtown","city_code":"CSP","fill_color":[34,139,34,180]}},{"type":"Feature","geometry":{"type":"Polygon","coordinates":[[[-97.68506461829595,32.962098442803025],[-97.68420370508812,32.96205814004895],[-97.68418456191567,32.96148711795589],[-97.68530049623412,32.96145593879972],[-97.68550515533515,32.96144969231658],[-97.68536889525913,32.96152317321469],[-97.68519520834634,32.96193884339581],[-97.68519543503133,32.96210442419534],[-97.68506461829595,32.962098442803025]]]},"properties":{"prop_id":109170,"state_cd":"S85","ite_code":210,"ite_name":"Single-Family Detached","ite_unit":"DU","units":1,"daily_trips":9.4,"am_peak_trips":0.7,"pm_peak_trips":0.9,"imprv_val":150000.0,"acres":0.96,"city":"Springtown","city_code":"CSP","fill_color":[34,139,34,180]}},{"type":"Feature","geometry":{"type":"Polygon","coordinates":[[[-97.67388182731506,32.96136115417249],[-97.67391126245688,32.96140074911436],[-97.6742713505752,32.961879706576326],[-97.67421186678716,32.9619092665006],[-97.67415335593505,32.9619341776273],[-97.67409036756237,32.96194939510155],[-97.6740014020118,32.961957625271985],[-97.67392416279479,32.961952824195585],[-97.6738704817024,32.961942771011415],[-97.67381714333928,32.96192682755604],[-97.67377306387027,32.96190858268723],[-97.67371991682651,32.96187924656298],[-97.67366214675077,32.961837366044755],[-97.67361338228828,32.96180061167017],[-97.67354737690427,32.96175086307781],[-97.6735111655924,32.961723570889106],[-97.67388182731506,32.96136115417249]]]},"properties":{"prop_id":26179,"state_cd":"S100","ite_code":210,"ite_name":"Single-Family Detached","ite_unit":"DU","units":1,"daily_trips":9.4,"am_peak_trips":0.7,"pm_peak_trips":0.9,"imprv_val":280620.0,"acres":0.6107,"city":"Springtown","city_code":"CSP","fill_color":[34,139,34,180]}},{"type":"Feature","geometry":{"type":"Polygon","coordinates":[[[-97.67224812256794,32.966015170141446],[-97.67263146701015,32.96599014524353],[-97.67283620613003,32.965976799224606],[-97.67284010433795,32.96626819358166],[-97.67225041934657,32.966306691870265],[-97.67224812256794,32.966015170141446]]]},"properties":{"prop_id":26385,"state_cd":"S65","ite_code":210,"ite_name":"Single-Family Detached","ite_unit":"DU","units":1,"daily_trips":9.4,"am_peak_trips":0.7,"pm_peak_trips":0.9,"imprv_val":285000.0,"acres":0.4399,"city":"Springtown","city_code":"CSP","fill_color":[34,139,34,180]}},{"type":"Feature","geometry":{"type":"Polygon","coordinates":[[[-97.68969321038617,32.97643182156988],[-97.6896980698883,32.97614328830927],[-97.69026816160341,32.97614960508839],[-97.69026333819455,32.976438138593416],[-97.68969321038617,32.97643182156988]]]},"properties":{"prop_id":19202,"state_cd":"S55","ite_code":210,"ite_name":"Single-Family Detached","ite_unit":"DU","units":1,"daily_trips":9.4,"am_peak_trips":0.7,"pm_peak_trips":0.9,"imprv_val":233960.0,"acres":0.42,"city":"Springtown","city_code":"CSP","fill_color":[34,139,34,180]}},{"type":"Feature","geometry":{"type":"Polygon","coordinates":[[[-97.65850232060922,32.966798725530225],[-97.65891527574499,32.96680152773517],[-97.65891249813757,32.966984261973415],[-97.65849871816664,32.966980469402785],[-97.65850232060922,32.966798725530225]]]},"properties":{"prop_id":122956,"state_cd":"S60","ite_code":0,"ite_name":"Vacant/Agricultural","ite_unit":"N/A","units":1.0,"daily_trips":0.0,"am_peak_trips":0.0,"pm_peak_trips":0.0,"imprv_val":0.0,"acres":0.193,"city":"Springtown","city_code":"CSP","fill_color":[80,80,80,100]}},{"type":"Feature","geometry":{"type":"Polygon","coordinates":[[[-97.67340697799251,32.971233923323915],[-97.67319185642951,32.971232496341905],[-97.67319083898825,32.97091704984489],[-97.67340453329533,32.97091966047969],[-97.67340697799251,32.971233923323915]]]},"properties":{"prop_id":109450,"state_cd":"S50","ite_code":210,"ite_name":"Single-Family Detached","ite_unit":"DU","units":1,"daily_trips":9.4,"am_peak_trips":0.7,"pm_peak_trips":0.9,"imprv_val":258810.0,"acres":0.174,"city":"Springtown","city_code":"CSP","fill_color":[34,139,34,180]}},{"type":"Feature","geometry":{"type":"Polygon","coordinates":[[[-97.68710171548665,32.96707069582941],[-97.68709044973785,32.96723682197764],[-97.68665288199016,32.96727633188194],[-97.68665068755679,32.967111421956844],[-97.68710171548665,32.96707069582941]]]},"properties":{"prop_id":93862,"state_cd":"S50","ite_code":210,"ite_name":"Single-Family Detached","ite_unit":"DU","units":1,"daily_trips":9.4,"am_peak_trips":0.7,"pm_peak_trips":0.9,"imprv_val":252730.0,"acres":0.188,"city":"Springtown","city_code":"CSP","fill_color":[34,139,34,180]}},{"type":"Feature","geometry":{"type":"Polygon","coordinates":[[[-97.67254626200562,32.96979381644433],[-97.67254782384093,32.96936734545954],[-97.67279488026256,32.96936018376001],[-97.67279529139908,32.9698011962121],[-97.67254626200562,32.96979381644433]]]},"properties":{"prop_id":109347,"state_cd":"S50","ite_code":210,"ite_name":"Single-Family Detached","ite_unit":"DU","units":1,"daily_trips":9.4,"am_peak_trips":0.7,"pm_peak_trips":0.9,"imprv_val":237450.0,"acres":0.276,"city":"Springtown","city_code":"CSP","fill_color":[34,139,34,180]}},{"type":"Feature","geometry":{"type":"Polygon","coordinates":[[[-97.68910931116086,32.97742515000392],[-97.68943862856243,32.97742878824695],[-97.68943871707545,32.978033435702905],[-97.68909392154688,32.978032604245364],[-97.68910931116086,32.97742515000392]]]},"properties":{"prop_id":83068,"state_cd":"S55","ite_code":210,"ite_name":"Single-Family Detached","ite_unit":"DU","units":1,"daily_trips":9.4,"am_peak_trips":0.7,"pm_peak_trips":0.9,"imprv_val":243450.0,"acres":0.52,"city":"Springtown","city_code":"CSP","fill_color":[34,139,34,180]}},{"type":"Feature","geometry":{"type":"Polygon","coordinates":[[[-97.65908934787366,32.96603451996152],[-97.65909225295512,32.9658525152333],[-97.65950310873703,32.96585579465257],[-97.65950121807047,32.96603831485553],[-97.65908934787366,32.96603451996152]]]},"properties":{"prop_id":123014,"state_cd":"S60","ite_code":210,"ite_name":"Single-Family Detached","ite_unit":"DU","units":1,"daily_trips":9.4,"am_peak_trips":0.7,"pm_peak_trips":0.9,"imprv_val":158650.0,"acres":0.19,"city":"Springtown","city_code":"CSP","fill_color":[34,139,34,180]}},{"type":"Feature","geometry":{"type":"Polygon","coordinates":[[[-97.66843255259712,32.96741190219539],[-97.66843614026502,32.96702984762432],[-97.66843786517104,32.96684615936708],[-97.66843941379348,32.96668124320212],[-97.66844096240168,32.96651632793531],[-97.6684425110126,32.96635141176299],[-97.66844405960927,32.9661864964888],[-97.66844560820017,32.966021581210924],[-97.66844715679379,32.96585666502761],[-97.66844870537315,32.96569174974242],[-97.66844999585155,32.965554320335286],[-97.66844999611406,32.965554292380475],[-97.66941589302554,32.96567475594036],[-97.66963990685369,32.96589562472526],[-97.66963037884598,32.96689212555906],[-97.66907539056886,32.96687413063959],[-97.6690920606512,32.967265427808385],[-97.66908587170205,32.96726622524019],[-97.66908715557706,32.967416718468165],[-97.66843255259712,32.96741190219539]]]},"properties":{"prop_id":86836,"state_cd":"A25","ite_code":210,"ite_name":"Single-Family Detached","ite_unit":"DU","units":4,"daily_trips":37.8,"am_peak_trips":2.8,"pm_peak_trips":3.8,"imprv_val":3574520.0,"acres":4.662,"city":"Springtown","city_code":"CSP","fill_color":[34,139,34,180]}},{"type":"Feature","geometry":{"type":"Polygon","coordinates":[[[-97.69233764604157,32.97270870824829],[-97.6924834143698,32.972397243702865],[-97.69256487970941,32.97242765789417],[-97.69264303040364,32.97246372482199],[-97.69271731671031,32.972505191127055],[-97.69278721384347,32.972551764833995],[-97.69286098694985,32.972607293442366],[-97.69256136182108,32.97287997989597],[-97.69233764604157,32.97270870824829]]]},"properties":{"prop_id":117464,"state_cd":"S55","ite_code":210,"ite_name":"Single-Family Detached","ite_unit":"DU","units":1,"daily_trips":9.4,"am_peak_trips":0.7,"pm_peak_trips":0.9,"imprv_val":291750.0,"acres":0.351,"city":"Springtown","city_code":"CSP","fill_color":[34,139,34,180]}},{"type":"Feature","geometry":{"type":"Polygon","coordinates":[[[-97.67505457948396,32.96734419435789],[-97.67515239627275,32.96734336644266],[-97.67515550064981,32.967619851832275],[-97.67505768416629,32.96762084388583],[-97.67505457948396,32.96734419435789]]]},"properties":{"prop_id":89561,"state_cd":"S25","ite_code":210,"ite_name":"Single-Family Detached","ite_unit":"DU","units":1,"daily_trips":9.4,"am_peak_trips":0.7,"pm_peak_trips":0.9,"imprv_val":195000.0,"acres":0.069,"city":"Springtown","city_code":"CSP","fill_color":[34,139,34,180]}},{"type":"Feature","geometry":{"type":"Polygon","coordinates":[[[-97.65382038936102,32.963690114113845],[-97.65380699779556,32.96446978656175],[-97.65356652115271,32.964263895367466],[-97.65357810509549,32.96368643779292],[-97.65382038936102,32.963690114113845]]]},"properties":{"prop_id":123503,"state_cd":"S60","ite_code":210,"ite_name":"Single-Family Detached","ite_unit":"DU","units":1,"daily_trips":9.4,"am_peak_trips":0.7,"pm_peak_trips":0.9,"imprv_val":62220.0,"acres":0.427,"city":"Springtown","city_code":"CSP","fill_color":[34,139,34,180]}},{"type":"Feature","geometry":{"type":"Polygon","coordinates":[[[-97.68327667961302,32.97210410446944],[-97.68324439435422,32.971945933272],[-97.68357816057349,32.97189754325893],[-97.6835896641823,32.971953914884956],[-97.68361669680412,32.97194882261724],[-97.68361896461477,32.97194839557956],[-97.68361898197861,32.971948484973744],[-97.68363928251993,32.972054027469916],[-97.683638293754,32.97205416438294],[-97.68327667961302,32.97210410446944]]]},"properties":{"prop_id":11895,"state_cd":"S50","ite_code":210,"ite_name":"Single-Family Detached","ite_unit":"DU","units":1,"daily_trips":9.4,"am_peak_trips":0.7,"pm_peak_trips":0.9,"imprv_val":203780.0,"acres":0.155,"city":"Springtown","city_code":"CSP","fill_color":[34,139,34,180]}},{"type":"Feature","geometry":{"type":"Polygon","coordinates":[[[-97.684178750397,32.976842130405196],[-97.68457294798915,32.976850294144725],[-97.68462630477013,32.9771262643059],[-97.68502567841945,32.97711693626657],[-97.68508483389797,32.97744241536053],[-97.68468993666853,32.977441386600404],[-97.684678338182,32.97738679921214],[-97.68428701609531,32.97738423872203],[-97.684178750397,32.976842130405196]]]},"properties":{"prop_id":29526,"state_cd":"S50","ite_code":210,"ite_name":"Single-Family Detached","ite_unit":"DU","units":1,"daily_trips":9.4,"am_peak_trips":0.7,"pm_peak_trips":0.9,"imprv_val":262660.0,"acres":0.8671,"city":"Springtown","city_code":"CSP","fill_color":[34,139,34,180]}},{"type":"Feature","geometry":{"type":"Polygon","coordinates":[[[-97.68711298011519,32.96690457057125],[-97.68710171548665,32.96707069582941],[-97.68665068755679,32.967111421956844],[-97.68664849207019,32.9669465111193],[-97.68711298011519,32.96690457057125]]]},"properties":{"prop_id":93863,"state_cd":"S50","ite_code":210,"ite_name":"Single-Family Detached","ite_unit":"DU","units":1,"daily_trips":9.4,"am_peak_trips":0.7,"pm_peak_trips":0.9,"imprv_val":255160.0,"acres":0.193,"city":"Springtown","city_code":"CSP","fill_color":[34,139,34,180]}},{"type":"Feature","geometry":{"type":"Polygon","coordinates":[[[-97.68403300060594,32.96942849459514],[-97.68441887022593,32.96937374206442],[-97.68448459019501,32.969698898655686],[-97.68409884601205,32.96975428619911],[-97.68403300060594,32.96942849459514]]]},"properties":{"prop_id":17254,"state_cd":"S60","ite_code":210,"ite_name":"Single-Family Detached","ite_unit":"DU","units":1,"daily_trips":9.4,"am_peak_trips":0.7,"pm_peak_trips":0.9,"imprv_val":120000.0,"acres":0.33,"city":"Springtown","city_code":"CSP","fill_color":[34,139,34,180]}},{"type":"Feature","geometry":{"type":"Polygon","coordinates":[[[-97.672291681549,32.97202759539886],[-97.67248529310862,32.97202888110051],[-97.67248353266773,32.97246053880252],[-97.67248353141161,32.972460787697386],[-97.67229443136368,32.9724558759708],[-97.672291681549,32.97202759539886]]]},"properties":{"prop_id":109377,"state_cd":"S50","ite_code":210,"ite_name":"Single-Family Detached","ite_unit":"DU","units":1,"daily_trips":9.4,"am_peak_trips":0.7,"pm_peak_trips":0.9,"imprv_val":241760.0,"acres":0.217,"city":"Springtown","city_code":"CSP","fill_color":[34,139,34,180]}},{"type":"Feature","geometry":{"type":"Polygon","coordinates":[[[-97.6671149123899,32.9584434495199],[-97.6672914340674,32.9582148324719],[-97.66764665791621,32.95840318738387],[-97.66779784478557,32.95848333413968],[-97.66762029735004,32.95871703043188],[-97.6671149123899,32.9584434495199]]]},"properties":{"prop_id":26259,"state_cd":"S50","ite_code":210,"ite_name":"Single-Family Detached","ite_unit":"DU","units":1,"daily_trips":9.4,"am_peak_trips":0.7,"pm_peak_trips":0.9,"imprv_val":209470.0,"acres":0.4225,"city":"Springtown","city_code":"CSP","fill_color":[34,139,34,180]}},{"type":"Feature","geometry":{"type":"Polygon","coordinates":[[[-97.67827776598322,32.971638595564784],[-97.67828217351686,32.97126647207822],[-97.67848814620892,32.97126979233292],[-97.67848179033074,32.971645478705504],[-97.67827776598322,32.971638595564784]]]},"properties":{"prop_id":70356,"state_cd":"S50","ite_code":210,"ite_name":"Single-Family Detached","ite_unit":"DU","units":1,"daily_trips":9.4,"am_peak_trips":0.7,"pm_peak_trips":0.9,"imprv_val":190910.0,"acres":0.207,"city":"Springtown","city_code":"CSP","fill_color":[34,139,34,180]}},{"type":"Feature","geometry":{"type":"Polygon","coordinates":[[[-97.67728561351257,32.96053074017803],[-97.67703007321667,32.96055599569149],[-97.67669025810444,32.96054903356269],[-97.67668532149445,32.960176181352445],[-97.67690476375184,32.960156647374134],[-97.6772007523948,32.960002966167735],[-97.6774337849797,32.95999254825762],[-97.67801742894021,32.960104755544535],[-97.67812610579193,32.960125647980966],[-97.67802597222759,32.96039274544859],[-97.67801396983585,32.96042477122029],[-97.67796743000699,32.96054895654559],[-97.67791867752449,32.96068573385598],[-97.67728561351257,32.96053074017803]]]},"properties":{"prop_id":35540,"state_cd":"S110","ite_code":0,"ite_name":"Vacant/Agricultural","ite_unit":"N/A","units":1.0,"daily_trips":0.0,"am_peak_trips":0.0,"pm_peak_trips":0.0,"imprv_val":0.0,"acres":1.82,"city":"Springtown","city_code":"CSP","fill_color":[80,80,80,100]}},{"type":"Feature","geometry":{"type":"Polygon","coordinates":[[[-97.67592144820186,32.9677673098148],[-97.67601622355865,32.96776686422188],[-97.67602027474325,32.96802053066451],[-97.67592290654903,32.968020554198255],[-97.67592144820186,32.9677673098148]]]},"properties":{"prop_id":89535,"state_cd":"S25","ite_code":210,"ite_name":"Single-Family Detached","ite_unit":"DU","units":1,"daily_trips":9.4,"am_peak_trips":0.7,"pm_peak_trips":0.9,"imprv_val":198900.0,"acres":0.064,"city":"Springtown","city_code":"CSP","fill_color":[34,139,34,180]}},{"type":"Feature","geometry":{"type":"Polygon","coordinates":[[[-97.67098046859145,32.962265016141714],[-97.67109353515013,32.962009498617746],[-97.67154565066478,32.962302829521946],[-97.67139572825434,32.962529073552545],[-97.67098046859145,32.962265016141714]]]},"properties":{"prop_id":26327,"state_cd":"S50","ite_code":210,"ite_name":"Single-Family Detached","ite_unit":"DU","units":1,"daily_trips":9.4,"am_peak_trips":0.7,"pm_peak_trips":0.9,"imprv_val":443380.0,"acres":0.3615,"city":"Springtown","city_code":"CSP","fill_color":[34,139,34,180]}},{"type":"Feature","geometry":{"type":"Polygon","coordinates":[[[-97.67875446311405,32.95819754547811],[-97.67896206708664,32.95802439517297],[-97.67952171441564,32.958251528233326],[-97.67953220167765,32.95865049855776],[-97.6795105691544,32.95865240867289],[-97.67948961835208,32.95865740300335],[-97.67946991645455,32.958665340992425],[-97.67945201318891,32.95867600350996],[-97.67943640660492,32.95868909172535],[-97.67942353116703,32.958704242359644],[-97.67941374592948,32.95872103392081],[-97.67940731826585,32.95873901094523],[-97.67875446311405,32.95819754547811]]]},"properties":{"prop_id":1937,"state_cd":"S48","ite_code":210,"ite_name":"Single-Family Detached","ite_unit":"DU","units":1,"daily_trips":9.4,"am_peak_trips":0.7,"pm_peak_trips":0.9,"imprv_val":274490.0,"acres":0.7298,"city":"Springtown","city_code":"CSP","fill_color":[34,139,34,180]}},{"type":"Feature","geometry":{"type":"Polygon","coordinates":[[[-97.67943993307502,32.97282141615459],[-97.67944017229723,32.97280610748655],[-97.6794384059028,32.97279259917887],[-97.67943500705113,32.97277930016774],[-97.67942984400396,32.97276645668505],[-97.67942047331832,32.97275012249949],[-97.67940841533019,32.97273514499705],[-97.67939392960778,32.97272180004018],[-97.67937724171813,32.972710338016334],[-97.67935721240296,32.9727003933994],[-97.67935468941698,32.97263841976531],[-97.67983814874589,32.97265127790789],[-97.67983797632458,32.97293753240805],[-97.67943993307502,32.97282141615459]]]},"properties":{"prop_id":70319,"state_cd":"S50","ite_code":210,"ite_name":"Single-Family Detached","ite_unit":"DU","units":1,"daily_trips":9.4,"am_peak_trips":0.7,"pm_peak_trips":0.9,"imprv_val":178220.0,"acres":0.198,"city":"Springtown","city_code":"CSP","fill_color":[34,139,34,180]}},{"type":"Feature","geometry":{"type":"Polygon","coordinates":[[[-97.69126899345655,32.97225834882858],[-97.69127200859585,32.97212525136013],[-97.6912733902327,32.9720642908493],[-97.69171262878291,32.972071005540954],[-97.69170865442024,32.97226214256231],[-97.69126899345655,32.97225834882858]]]},"properties":{"prop_id":117447,"state_cd":"S55","ite_code":210,"ite_name":"Single-Family Detached","ite_unit":"DU","units":1,"daily_trips":9.4,"am_peak_trips":0.7,"pm_peak_trips":0.9,"imprv_val":247090.0,"acres":0.217,"city":"Springtown","city_code":"CSP","fill_color":[34,139,34,180]}},{"type":"Feature","geometry":{"type":"Polygon","coordinates":[[[-97.67225368880374,32.96672569285401],[-97.67284581765573,32.96669420890734],[-97.67284744350472,32.96681598936329],[-97.67285158954604,32.96712277856171],[-97.67225719416754,32.96717267987575],[-97.67225468796829,32.96685468645641],[-97.67225368880374,32.96672569285401]]]},"properties":{"prop_id":26387,"state_cd":"S45","ite_code":210,"ite_name":"Single-Family Detached","ite_unit":"DU","units":1,"daily_trips":9.4,"am_peak_trips":0.7,"pm_peak_trips":0.9,"imprv_val":77550.0,"acres":0.6657,"city":"Springtown","city_code":"CSP","fill_color":[34,139,34,180]}},{"type":"Feature","geometry":{"type":"Polygon","coordinates":[[[-97.67684614763127,32.95730015395168],[-97.67685557341309,32.95702973734283],[-97.67689273732294,32.95703028495002],[-97.67731083498224,32.957036426980856],[-97.67730041586192,32.95730510555312],[-97.67684614763127,32.95730015395168]]]},"properties":{"prop_id":1928,"state_cd":"S45","ite_code":210,"ite_name":"Single-Family Detached","ite_unit":"DU","units":1,"daily_trips":9.4,"am_peak_trips":0.7,"pm_peak_trips":0.9,"imprv_val":217510.0,"acres":0.3142,"city":"Springtown","city_code":"CSP","fill_color":[34,139,34,180]}},{"type":"Feature","geometry":{"type":"Polygon","coordinates":[[[-97.69507184439304,32.973673621891955],[-97.69507526774449,32.97348110601023],[-97.69551589207941,32.973485757341045],[-97.69551237984157,32.97367862346339],[-97.69507184439304,32.973673621891955]]]},"properties":{"prop_id":117518,"state_cd":"","ite_code":210,"ite_name":"Single-Family Detached","ite_unit":"DU","units":1,"daily_trips":9.4,"am_peak_trips":0.7,"pm_peak_trips":0.9,"imprv_val":241620.0,"acres":0.218,"city":"Springtown","city_code":"CSP","fill_color":[34,139,34,180]}},{"type":"Feature","geometry":{"type":"Polygon","coordinates":[[[-97.68904931174633,32.96823899009507],[-97.68840040552251,32.96823818193567],[-97.68840269418591,32.967988465923035],[-97.68875158624567,32.96799073756788],[-97.68905156729808,32.96799268997096],[-97.68911289643916,32.96799224853925],[-97.68911064608689,32.968237999487286],[-97.68904931174633,32.96823899009507]]]},"properties":{"prop_id":17246,"state_cd":"","ite_code":210,"ite_name":"Single-Family Detached","ite_unit":"DU","units":1,"daily_trips":9.4,"am_peak_trips":0.7,"pm_peak_trips":0.9,"imprv_val":134160.0,"acres":0.45,"city":"Springtown","city_code":"CSP","fill_color":[34,139,34,180]}},{"type":"Feature","geometry":{"type":"Polygon","coordinates":[[[-97.68783955870681,32.9772662457986],[-97.68784416689363,32.97699142767225],[-97.68841426419323,32.97699772497557],[-97.68840965776725,32.97727254402455],[-97.68783955870681,32.9772662457986]]]},"properties":{"prop_id":19174,"state_cd":"S55","ite_code":210,"ite_name":"Single-Family Detached","ite_unit":"DU","units":1,"daily_trips":9.4,"am_peak_trips":0.7,"pm_peak_trips":0.9,"imprv_val":230420.0,"acres":0.4,"city":"Springtown","city_code":"CSP","fill_color":[34,139,34,180]}},{"type":"Feature","geometry":{"type":"Polygon","coordinates":[[[-97.680288241992,32.956573091319385],[-97.68029727128375,32.95627040099481],[-97.68104789040414,32.956284325052245],[-97.68110579277547,32.95677475612462],[-97.6803909544201,32.95653344187554],[-97.680288241992,32.956573091319385]]]},"properties":{"prop_id":1891,"state_cd":"S48","ite_code":0,"ite_name":"Vacant/Agricultural","ite_unit":"N/A","units":1.0,"daily_trips":0.0,"am_peak_trips":0.0,"pm_peak_trips":0.0,"imprv_val":0.0,"acres":0.7217,"city":"Springtown","city_code":"CSP","fill_color":[80,80,80,100]}},{"type":"Feature","geometry":{"type":"Polygon","coordinates":[[[-97.67811597780803,32.977726391684975],[-97.67837860092152,32.97773575803315],[-97.67855258496951,32.97777889998636],[-97.67861220114769,32.977805493523256],[-97.67867409819353,32.97782808354252],[-97.67873789862232,32.97784653137832],[-97.67880321294516,32.977860723537496],[-97.68039036517597,32.97790743929397],[-97.68166963852222,32.97794066062878],[-97.68180081964374,32.977950130648],[-97.68193106412183,32.97796636706322],[-97.68205988036874,32.97798930893449],[-97.68218678452615,32.978018869221664],[-97.68230725290914,32.97805365018873],[-97.68249689932142,32.97811788648742],[-97.68307628619742,32.978118205241685],[-97.68306183524048,32.978551700093746],[-97.68297892266061,32.97996983473714],[-97.68282380291654,32.98251390924282],[-97.68197751535853,32.982512590267575],[-97.68137562808157,32.982498647413514],[-97.6788129977398,32.98253191636207],[-97.67799368734075,32.98254254209165],[-97.67801060733224,32.98171675825445],[-97.67801117851954,32.98168888761633],[-97.67811597780803,32.977726391684975]]]},"properties":{"prop_id":44178,"state_cd":"S110","ite_code":0,"ite_name":"Vacant/Agricultural","ite_unit":"N/A","units":1.0,"daily_trips":0.0,"am_peak_trips":0.0,"pm_peak_trips":0.0,"imprv_val":0.0,"acres":1.722,"city":"Springtown","city_code":"CSP","fill_color":[80,80,80,100]}},{"type":"Feature","geometry":{"type":"Polygon","coordinates":[[[-97.67582279131531,32.96776777385498],[-97.67592144820186,32.9677673098148],[-97.67592290654903,32.968020554198255],[-97.67582396569091,32.968020578077265],[-97.67582279131531,32.96776777385498]]]},"properties":{"prop_id":89534,"state_cd":"S25","ite_code":210,"ite_name":"Single-Family Detached","ite_unit":"DU","units":1,"daily_trips":9.4,"am_peak_trips":0.7,"pm_peak_trips":0.9,"imprv_val":198900.0,"acres":0.064,"city":"Springtown","city_code":"CSP","fill_color":[34,139,34,180]}},{"type":"Feature","geometry":{"type":"Polygon","coordinates":[[[-97.68465760583119,32.97450588548004],[-97.6849492929283,32.97447850127002],[-97.6849902915871,32.97466209447379],[-97.68469425428358,32.97469579734905],[-97.68465785805235,32.97450719387027],[-97.68465760583119,32.97450588548004]]]},"properties":{"prop_id":26928,"state_cd":"S50","ite_code":210,"ite_name":"Single-Family Detached","ite_unit":"DU","units":1,"daily_trips":9.4,"am_peak_trips":0.7,"pm_peak_trips":0.9,"imprv_val":92300.0,"acres":0.1436,"city":"Springtown","city_code":"CSP","fill_color":[34,139,34,180]}},{"type":"Feature","geometry":{"type":"Polygon","coordinates":[[[-97.68418357592562,32.96549565096689],[-97.68416765831167,32.965416684124044],[-97.68415270789748,32.96534247080769],[-97.6841336695557,32.965247962247936],[-97.68413051858228,32.965232330156375],[-97.68411583035817,32.96515950735774],[-97.68410053432682,32.965083685622005],[-97.68409332392133,32.96504791719396],[-97.68406379076755,32.964901298389364],[-97.68448703569851,32.964837686545756],[-97.6845186324898,32.96498275318579],[-97.68455874226918,32.96516668818772],[-97.6845988193106,32.96535059500043],[-97.68464627989013,32.965568360356485],[-97.68421159531624,32.9656346466279],[-97.68418357592562,32.96549565096689]]]},"properties":{"prop_id":26678,"state_cd":"S45","ite_code":0,"ite_name":"Vacant/Agricultural","ite_unit":"N/A","units":1.0,"daily_trips":0.0,"am_peak_trips":0.0,"pm_peak_trips":0.0,"imprv_val":0.0,"acres":0.8298,"city":"Springtown","city_code":"CSP","fill_color":[80,80,80,100]}},{"type":"Feature","geometry":{"type":"Polygon","coordinates":[[[-97.68843729320915,32.97562368907491],[-97.68844189946363,32.975348869962595],[-97.68901201914018,32.97535519270392],[-97.68900741466308,32.97563001093534],[-97.68843729320915,32.97562368907491]]]},"properties":{"prop_id":19185,"state_cd":"S55","ite_code":210,"ite_name":"Single-Family Detached","ite_unit":"DU","units":1,"daily_trips":9.4,"am_peak_trips":0.7,"pm_peak_trips":0.9,"imprv_val":210670.0,"acres":0.4,"city":"Springtown","city_code":"CSP","fill_color":[34,139,34,180]}},{"type":"Feature","geometry":{"type":"Polygon","coordinates":[[[-97.67889215401091,32.972162558421424],[-97.67889831494661,32.971797096550105],[-97.6791098874904,32.97180423490746],[-97.67910372716817,32.97216972474372],[-97.67889215401091,32.972162558421424]]]},"properties":{"prop_id":70340,"state_cd":"S50","ite_code":210,"ite_name":"Single-Family Detached","ite_unit":"DU","units":1,"daily_trips":9.4,"am_peak_trips":0.7,"pm_peak_trips":0.9,"imprv_val":219720.0,"acres":0.198,"city":"Springtown","city_code":"CSP","fill_color":[34,139,34,180]}},{"type":"Feature","geometry":{"type":"Polygon","coordinates":[[[-97.68268373650018,32.97387268166028],[-97.68341892517488,32.973765938139806],[-97.68350792171535,32.9742327642057],[-97.68277279258352,32.97433543061929],[-97.68268373650018,32.97387268166028]]]},"properties":{"prop_id":44222,"state_cd":"S150","ite_code":210,"ite_name":"Single-Family Detached","ite_unit":"DU","units":3,"daily_trips":28.3,"am_peak_trips":2.1,"pm_peak_trips":2.8,"imprv_val":278360.0,"acres":2.0,"city":"Springtown","city_code":"CSP","fill_color":[34,139,34,180]}},{"type":"Feature","geometry":{"type":"Polygon","coordinates":[[[-97.67652945191577,32.97499764747113],[-97.6765294788874,32.97499658800784],[-97.67672878450169,32.9750001899133],[-97.67735027961999,32.97501141899453],[-97.6773458142065,32.97523628150648],[-97.67731915624034,32.975929386060095],[-97.67731359971363,32.97611620968787],[-97.67730817337518,32.97629869189544],[-97.67730281579767,32.97647883793059],[-97.67728647515217,32.97702828975736],[-97.67728101310998,32.97721195399488],[-97.67727558557569,32.97739443526468],[-97.67727013430394,32.97757774154043],[-97.67646415101792,32.9775518750996],[-97.67647956757219,32.976948876990114],[-97.67652945191577,32.97499764747113]]]},"properties":{"prop_id":100549,"state_cd":"9C","ite_code":0,"ite_name":"Vacant/Agricultural","ite_unit":"N/A","units":1.0,"daily_trips":0.0,"am_peak_trips":0.0,"pm_peak_trips":0.0,"imprv_val":0.0,"acres":5.0,"city":"Springtown","city_code":"CSP","fill_color":[80,80,80,100]}},{"type":"Feature","geometry":{"type":"Polygon","coordinates":[[[-97.65908356421362,32.96639697393567],[-97.65908646275287,32.966215322687496],[-97.65949933300215,32.96622024439656],[-97.65949746254458,32.96640085917108],[-97.65908356421362,32.96639697393567]]]},"properties":{"prop_id":123012,"state_cd":"S60","ite_code":0,"ite_name":"Vacant/Agricultural","ite_unit":"N/A","units":1.0,"daily_trips":0.0,"am_peak_trips":0.0,"pm_peak_trips":0.0,"imprv_val":0.0,"acres":0.191,"city":"Springtown","city_code":"CSP","fill_color":[80,80,80,100]}},{"type":"Feature","geometry":{"type":"Polygon","coordinates":[[[-97.66602822504964,32.95758519283878],[-97.66604376502129,32.95701057161407],[-97.66655919872574,32.95729374478116],[-97.66627734590024,32.957718138616116],[-97.66602822504964,32.95758519283878]]]},"properties":{"prop_id":26217,"state_cd":"S50","ite_code":210,"ite_name":"Single-Family Detached","ite_unit":"DU","units":1,"daily_trips":9.4,"am_peak_trips":0.7,"pm_peak_trips":0.9,"imprv_val":203010.0,"acres":0.5684,"city":"Springtown","city_code":"CSP","fill_color":[34,139,34,180]}},{"type":"Feature","geometry":{"type":"Polygon","coordinates":[[[-97.67188627411558,32.961788737734146],[-97.6720593117002,32.96152757292951],[-97.67244274876866,32.96179427603135],[-97.67225964785905,32.962054138109394],[-97.67188627411558,32.961788737734146]]]},"properties":{"prop_id":26311,"state_cd":"S50","ite_code":210,"ite_name":"Single-Family Detached","ite_unit":"DU","units":1,"daily_trips":9.4,"am_peak_trips":0.7,"pm_peak_trips":0.9,"imprv_val":260140.0,"acres":0.3739,"city":"Springtown","city_code":"CSP","fill_color":[34,139,34,180]}},{"type":"Feature","geometry":{"type":"Polygon","coordinates":[[[-97.68712224870227,32.96418302203899],[-97.68709736088944,32.96518508098553],[-97.68675192607333,32.965194885474475],[-97.6867775392013,32.96406172785425],[-97.68711824453024,32.96414758673412],[-97.68712224870227,32.96418302203899]]]},"properties":{"prop_id":59559,"state_cd":"SF-OVR","ite_code":210,"ite_name":"Single-Family Detached","ite_unit":"DU","units":1,"daily_trips":9.4,"am_peak_trips":0.7,"pm_peak_trips":0.9,"imprv_val":485180.0,"acres":0.934,"city":"Springtown","city_code":"CSP","fill_color":[34,139,34,180]}},{"type":"Feature","geometry":{"type":"Polygon","coordinates":[[[-97.68405445422808,32.978133699470135],[-97.68404193048349,32.978610186034985],[-97.68384509047729,32.97859844062041],[-97.68385882060126,32.978130600517204],[-97.68405445422808,32.978133699470135]]]},"properties":{"prop_id":106803,"state_cd":"S50","ite_code":210,"ite_name":"Single-Family Detached","ite_unit":"DU","units":1,"daily_trips":9.4,"am_peak_trips":0.7,"pm_peak_trips":0.9,"imprv_val":281970.0,"acres":0.231,"city":"Springtown","city_code":"CSP","fill_color":[34,139,34,180]}},{"type":"Feature","geometry":{"type":"Polygon","coordinates":[[[-97.671820744094,32.96064991556192],[-97.67182289024029,32.9603806089111],[-97.67203964250618,32.96010032284867],[-97.67225506451314,32.96031473161426],[-97.67250878810425,32.96048994132031],[-97.67278662292622,32.960633973056716],[-97.67283228392897,32.960659067316904],[-97.67254385361429,32.96098406020232],[-97.67214104405649,32.960697259560256],[-97.67207392277946,32.96067573708096],[-97.6720393519829,32.960667242164796],[-97.67199039559851,32.96065802037487],[-97.67191095997818,32.960649712484056],[-97.67187404298869,32.96064856713242],[-97.671820744094,32.96064991556192]]]},"properties":{"prop_id":26176,"state_cd":"S30","ite_code":0,"ite_name":"Vacant/Agricultural","ite_unit":"N/A","units":1.0,"daily_trips":0.0,"am_peak_trips":0.0,"pm_peak_trips":0.0,"imprv_val":0.0,"acres":1.0302,"city":"Springtown","city_code":"CSP","fill_color":[80,80,80,100]}},{"type":"Feature","geometry":{"type":"Polygon","coordinates":[[[-97.67533808761195,32.96712795117565],[-97.67566039235885,32.967127560252294],[-97.6756606958351,32.96720885083452],[-97.67533899483892,32.96721169781422],[-97.67533808761195,32.96712795117565]]]},"properties":{"prop_id":89590,"state_cd":"S50","ite_code":210,"ite_name":"Single-Family Detached","ite_unit":"DU","units":1,"daily_trips":9.4,"am_peak_trips":0.7,"pm_peak_trips":0.9,"imprv_val":175790.0,"acres":0.069,"city":"Springtown","city_code":"CSP","fill_color":[34,139,34,180]}},{"type":"Feature","geometry":{"type":"Polygon","coordinates":[[[-97.68914389559485,32.95977644421459],[-97.68951850990177,32.95977571680064],[-97.68951891298812,32.95991425485024],[-97.68951930853198,32.96004999358803],[-97.68951975226315,32.96020244252452],[-97.6894307043401,32.96020320162759],[-97.68914509978258,32.96020947886291],[-97.68914468163746,32.96005909616524],[-97.68914465977012,32.96005108602624],[-97.68914428686925,32.95991690938926],[-97.6891442808428,32.95991464667473],[-97.68914389559485,32.95977644421459]]]},"properties":{"prop_id":121642,"state_cd":"S50","ite_code":210,"ite_name":"Single-Family Detached","ite_unit":"DU","units":1,"daily_trips":9.4,"am_peak_trips":0.7,"pm_peak_trips":0.9,"imprv_val":70600.0,"acres":0.132,"city":"Springtown","city_code":"CSP","fill_color":[34,139,34,180]}},{"type":"Feature","geometry":{"type":"Polygon","coordinates":[[[-97.68262361888613,32.963417794014795],[-97.68249907267801,32.96341642692396],[-97.6825069983284,32.963077144337966],[-97.68268631266223,32.9631149886775],[-97.68267904474081,32.963418432604726],[-97.68262361888613,32.963417794014795]]]},"properties":{"prop_id":4357,"state_cd":"S50","ite_code":0,"ite_name":"Vacant/Agricultural","ite_unit":"N/A","units":1.0,"daily_trips":0.0,"am_peak_trips":0.0,"pm_peak_trips":0.0,"imprv_val":0.0,"acres":0.1483,"city":"Springtown","city_code":"CSP","fill_color":[80,80,80,100]}},{"type":"Feature","geometry":{"type":"Polygon","coordinates":[[[-97.65103736361587,32.963647852616404],[-97.6510280009738,32.96418838822903],[-97.65068139809715,32.9641831207859],[-97.65068139203935,32.96415307732452],[-97.65069142731585,32.96368384464699],[-97.65074122693444,32.963643351175214],[-97.65103736361587,32.963647852616404]]]},"properties":{"prop_id":123501,"state_cd":"S60","ite_code":210,"ite_name":"Single-Family Detached","ite_unit":"DU","units":1,"daily_trips":9.4,"am_peak_trips":0.7,"pm_peak_trips":0.9,"imprv_val":404730.0,"acres":0.479,"city":"Springtown","city_code":"CSP","fill_color":[34,139,34,180]}},{"type":"Feature","geometry":{"type":"Polygon","coordinates":[[[-97.66588772313068,32.96057524145158],[-97.66589962403155,32.960080486986364],[-97.66638652003228,32.96034097448978],[-97.6661979020955,32.96058202482571],[-97.66588772313068,32.96057524145158]]]},"properties":{"prop_id":26276,"state_cd":"","ite_code":210,"ite_name":"Single-Family Detached","ite_unit":"DU","units":1,"daily_trips":9.4,"am_peak_trips":0.7,"pm_peak_trips":0.9,"imprv_val":239330.0,"acres":0.342,"city":"Springtown","city_code":"CSP","fill_color":[34,139,34,180]}},{"type":"Feature","geometry":{"type":"Polygon","coordinates":[[[-97.68409028174476,32.97380930819801],[-97.68433839660636,32.97377092922927],[-97.68443247749371,32.97419400982369],[-97.68397214664334,32.974264909094536],[-97.68397191523768,32.974263781203554],[-97.68392975976421,32.97405817379997],[-97.68388523830846,32.973841024692284],[-97.68409028174476,32.97380930819801]]]},"properties":{"prop_id":29509,"state_cd":"","ite_code":210,"ite_name":"Single-Family Detached","ite_unit":"DU","units":1,"daily_trips":9.4,"am_peak_trips":0.7,"pm_peak_trips":0.9,"imprv_val":131960.0,"acres":0.52,"city":"Springtown","city_code":"CSP","fill_color":[34,139,34,180]}},{"type":"Feature","geometry":{"type":"Polygon","coordinates":[[[-97.69005460376597,32.95850603133994],[-97.69005411927834,32.95835454706348],[-97.69018386946463,32.958362767275325],[-97.69031391545239,32.95836636562404],[-97.6904440262251,32.958365335197],[-97.69083517974,32.958353498038605],[-97.69083581968803,32.95854805891799],[-97.69083627129072,32.95868549255363],[-97.69083672122544,32.95882217225141],[-97.69083717592285,32.95896043828529],[-97.6908376278016,32.95909784215505],[-97.69083807979572,32.95923535063458],[-97.69083852959595,32.95937204565249],[-97.69083897939616,32.959508857905014],[-97.69083943423387,32.95964699226098],[-97.69083988592192,32.9597844177607],[-97.69084033826086,32.959921889255114],[-97.69084078779615,32.960058614019005],[-97.69084133613985,32.96022515190054],[-97.6904502823449,32.96023664437847],[-97.69041379007778,32.960237716746185],[-97.69023685702581,32.960237710623105],[-97.69006012492595,32.96023058656045],[-97.69005964332266,32.960079954560634],[-97.69005958565151,32.96006181400643],[-97.690059182197,32.959936207211555],[-97.69005914063067,32.95992308991857],[-97.69005872516698,32.959793415819256],[-97.69005870555382,32.95978737257238],[-97.6900582694729,32.959650946383924],[-97.69005826353703,32.95964913909095],[-97.69005782501698,32.95951216096817],[-97.6900578092045,32.95950733971666],[-97.69005738574937,32.95937479685747],[-97.69005735267373,32.95936449421],[-97.69005694359154,32.959236813172716],[-97.69005689167928,32.95922073332074],[-97.6900565062039,32.95910017954636],[-97.69005643413371,32.95907776515408],[-97.6900560631481,32.958961592530734],[-97.69005597960246,32.958935520266834],[-97.69005561769544,32.95882279988112],[-97.69005552337866,32.958793226667424],[-97.69005518030846,32.95868593267493],[-97.69005506467053,32.95864980126053],[-97.69005474767106,32.958551002614335],[-97.69005460376597,32.95850603133994]]]},"properties":{"prop_id":121621,"state_cd":"","ite_code":0,"ite_name":"Vacant/Agricultural","ite_unit":"N/A","units":1.0,"daily_trips":0.0,"am_peak_trips":0.0,"pm_peak_trips":0.0,"imprv_val":0.0,"acres":0.138,"city":"Springtown","city_code":"CSP","fill_color":[80,80,80,100]}},{"type":"Feature","geometry":{"type":"Polygon","coordinates":[[[-97.67062181406473,32.97193014977659],[-97.67040440592739,32.97193085092082],[-97.67040348014883,32.97161273197065],[-97.67062170904254,32.97161490048629],[-97.67062181406473,32.97193014977659]]]},"properties":{"prop_id":109425,"state_cd":"S50","ite_code":210,"ite_name":"Single-Family Detached","ite_unit":"DU","units":1,"daily_trips":9.4,"am_peak_trips":0.7,"pm_peak_trips":0.9,"imprv_val":242400.0,"acres":0.174,"city":"Springtown","city_code":"CSP","fill_color":[34,139,34,180]}},{"type":"Feature","geometry":{"type":"Polygon","coordinates":[[[-97.65098920316059,32.96846288532845],[-97.65116824792123,32.96845139554126],[-97.65120052560889,32.968818553583745],[-97.65102269235018,32.968845432301514],[-97.65098920316059,32.96846288532845]]]},"properties":{"prop_id":127417,"state_cd":"S60","ite_code":0,"ite_name":"Vacant/Agricultural","ite_unit":"N/A","units":1.0,"daily_trips":0.0,"am_peak_trips":0.0,"pm_peak_trips":0.0,"imprv_val":0.0,"acres":0.172,"city":"Springtown","city_code":"CSP","fill_color":[80,80,80,100]}},{"type":"Feature","geometry":{"type":"Polygon","coordinates":[[[-97.67298117522884,32.97059961110787],[-97.67319525879746,32.97060284514435],[-97.67319083898825,32.97091704984489],[-97.6729771008909,32.970914546771844],[-97.67298117522884,32.97059961110787]]]},"properties":{"prop_id":109444,"state_cd":"S50","ite_code":210,"ite_name":"Single-Family Detached","ite_unit":"DU","units":1,"daily_trips":9.4,"am_peak_trips":0.7,"pm_peak_trips":0.9,"imprv_val":238320.0,"acres":0.174,"city":"Springtown","city_code":"CSP","fill_color":[34,139,34,180]}},{"type":"Feature","geometry":{"type":"Polygon","coordinates":[[[-97.64585001915583,32.96436856480195],[-97.64585521089083,32.964216497514734],[-97.64655772246921,32.96423405525383],[-97.6465493119723,32.96438477844107],[-97.64585001915583,32.96436856480195]]]},"properties":{"prop_id":123418,"state_cd":"S60","ite_code":0,"ite_name":"Vacant/Agricultural","ite_unit":"N/A","units":1.0,"daily_trips":0.0,"am_peak_trips":0.0,"pm_peak_trips":0.0,"imprv_val":0.0,"acres":0.272,"city":"Springtown","city_code":"CSP","fill_color":[80,80,80,100]}},{"type":"Feature","geometry":{"type":"Polygon","coordinates":[[[-97.68448077868402,32.97224829355571],[-97.68420372446352,32.97228481679198],[-97.68416380980487,32.97208024674392],[-97.68444591956467,32.97204176094936],[-97.68448077868402,32.97224829355571]]]},"properties":{"prop_id":26912,"state_cd":"S50","ite_code":210,"ite_name":"Single-Family Detached","ite_unit":"DU","units":1,"daily_trips":9.4,"am_peak_trips":0.7,"pm_peak_trips":0.9,"imprv_val":56970.0,"acres":0.128,"city":"Springtown","city_code":"CSP","fill_color":[34,139,34,180]}},{"type":"Feature","geometry":{"type":"Polygon","coordinates":[[[-97.67189302818592,32.97019076016767],[-97.67189821694302,32.97050766654986],[-97.67168809708708,32.97050436103459],[-97.67168472023945,32.97018746758301],[-97.67189302818592,32.97019076016767]]]},"properties":{"prop_id":109495,"state_cd":"S50","ite_code":210,"ite_name":"Single-Family Detached","ite_unit":"DU","units":1,"daily_trips":9.4,"am_peak_trips":0.7,"pm_peak_trips":0.9,"imprv_val":220900.0,"acres":0.173,"city":"Springtown","city_code":"CSP","fill_color":[34,139,34,180]}},{"type":"Feature","geometry":{"type":"Polygon","coordinates":[[[-97.66821053714968,32.95752387009117],[-97.66853592585801,32.95708714500968],[-97.66880629786984,32.95723158240591],[-97.66848434354277,32.95767072183615],[-97.66821053714968,32.95752387009117]]]},"properties":{"prop_id":26190,"state_cd":"S70","ite_code":210,"ite_name":"Single-Family Detached","ite_unit":"DU","units":1,"daily_trips":9.4,"am_peak_trips":0.7,"pm_peak_trips":0.9,"imprv_val":135490.0,"acres":0.426,"city":"Springtown","city_code":"CSP","fill_color":[34,139,34,180]}},{"type":"Feature","geometry":{"type":"Polygon","coordinates":[[[-97.69063539140662,32.96478646875048],[-97.69074017585274,32.96445270733308],[-97.69094269522763,32.96448898689076],[-97.69086692821898,32.964844458884926],[-97.69063539140662,32.96478646875048]]]},"properties":{"prop_id":34073,"state_cd":"SF-OVR","ite_code":210,"ite_name":"Single-Family Detached","ite_unit":"DU","units":1,"daily_trips":9.4,"am_peak_trips":0.7,"pm_peak_trips":0.9,"imprv_val":200620.0,"acres":0.339,"city":"Springtown","city_code":"CSP","fill_color":[34,139,34,180]}},{"type":"Feature","geometry":{"type":"Polygon","coordinates":[[[-97.68610459536215,32.96741093047453],[-97.68649099538933,32.967361388480825],[-97.68654049716416,32.967633237835685],[-97.68615373619116,32.967683280848576],[-97.68610459536215,32.96741093047453]]]},"properties":{"prop_id":93859,"state_cd":"S50","ite_code":210,"ite_name":"Single-Family Detached","ite_unit":"DU","units":1,"daily_trips":9.4,"am_peak_trips":0.7,"pm_peak_trips":0.9,"imprv_val":145650.0,"acres":0.275,"city":"Springtown","city_code":"CSP","fill_color":[34,139,34,180]}},{"type":"Feature","geometry":{"type":"Polygon","coordinates":[[[-97.68229816762047,32.969878587556295],[-97.68223356291904,32.96955388529236],[-97.68227654048704,32.96954862469239],[-97.68255626086358,32.96951438503724],[-97.68262115402845,32.969839603059],[-97.68229835238273,32.96987850670271],[-97.68229816762047,32.969878587556295]]]},"properties":{"prop_id":78188,"state_cd":"S55","ite_code":210,"ite_name":"Single-Family Detached","ite_unit":"DU","units":1,"daily_trips":9.4,"am_peak_trips":0.7,"pm_peak_trips":0.9,"imprv_val":224790.0,"acres":0.2752,"city":"Springtown","city_code":"CSP","fill_color":[34,139,34,180]}},{"type":"Feature","geometry":{"type":"Polygon","coordinates":[[[-97.68303276901689,32.95853520527263],[-97.68309200584915,32.958265231258224],[-97.68361443222071,32.95826667646725],[-97.68360604456814,32.95831773510241],[-97.68356961537681,32.95853947682407],[-97.68303276901689,32.95853520527263]]]},"properties":{"prop_id":46125,"state_cd":"S60","ite_code":210,"ite_name":"Single-Family Detached","ite_unit":"DU","units":1,"daily_trips":9.4,"am_peak_trips":0.7,"pm_peak_trips":0.9,"imprv_val":128990.0,"acres":0.37,"city":"Springtown","city_code":"CSP","fill_color":[34,139,34,180]}},{"type":"Feature","geometry":{"type":"Polygon","coordinates":[[[-97.68370502625368,32.965225929260946],[-97.68411583035817,32.96515950735774],[-97.68413051858228,32.965232330156375],[-97.6841336695557,32.965247962247936],[-97.68372203281015,32.965311127684814],[-97.68370502625368,32.965225929260946]]]},"properties":{"prop_id":26684,"state_cd":"S25","ite_code":210,"ite_name":"Single-Family Detached","ite_unit":"DU","units":1,"daily_trips":9.4,"am_peak_trips":0.7,"pm_peak_trips":0.9,"imprv_val":182940.0,"acres":0.0943,"city":"Springtown","city_code":"CSP","fill_color":[34,139,34,180]}},{"type":"Feature","geometry":{"type":"Polygon","coordinates":[[[-97.64635147486919,32.96782448104143],[-97.6464696043653,32.967509004613284],[-97.64651061513065,32.967520126332346],[-97.64657190430681,32.967534830078655],[-97.64663415206326,32.96754631543054],[-97.64656105432873,32.967873374124345],[-97.64647672128893,32.96785715891264],[-97.64639393558822,32.96783602666744],[-97.64635147486919,32.96782448104143]]]},"properties":{"prop_id":127245,"state_cd":"S60","ite_code":0,"ite_name":"Vacant/Agricultural","ite_unit":"N/A","units":1.0,"daily_trips":0.0,"am_peak_trips":0.0,"pm_peak_trips":0.0,"imprv_val":0.0,"acres":0.164,"city":"Springtown","city_code":"CSP","fill_color":[80,80,80,100]}},{"type":"Feature","geometry":{"type":"Polygon","coordinates":[[[-97.67162817270471,32.96384893371458],[-97.67132025885225,32.963911165853396],[-97.67136235409488,32.963489270252715],[-97.67143346996073,32.96338831403388],[-97.67145161148181,32.963362568529],[-97.6714994270641,32.96338902671615],[-97.6718276784686,32.963570593211344],[-97.67162817270471,32.96384893371458]]]},"properties":{"prop_id":26338,"state_cd":"S50","ite_code":210,"ite_name":"Single-Family Detached","ite_unit":"DU","units":1,"daily_trips":9.4,"am_peak_trips":0.7,"pm_peak_trips":0.9,"imprv_val":240410.0,"acres":0.4345,"city":"Springtown","city_code":"CSP","fill_color":[34,139,34,180]}},{"type":"Feature","geometry":{"type":"Polygon","coordinates":[[[-97.68722389659037,32.95831328280357],[-97.68615935526583,32.9582964254317],[-97.68616599724807,32.95759539714912],[-97.68723164081176,32.95762376086765],[-97.68722793679105,32.957953587833764],[-97.68722389659037,32.95831328280357]]]},"properties":{"prop_id":46112,"state_cd":"S110","ite_code":210,"ite_name":"Single-Family Detached","ite_unit":"DU","units":3,"daily_trips":28.3,"am_peak_trips":2.1,"pm_peak_trips":2.8,"imprv_val":180170.0,"acres":1.82,"city":"Springtown","city_code":"CSP","fill_color":[34,139,34,180]}},{"type":"Feature","geometry":{"type":"Polygon","coordinates":[[[-97.68516225055265,32.969739296833524],[-97.68553961201721,32.969734817725666],[-97.68559208220805,32.96996675858484],[-97.685098419005,32.96996607203581],[-97.68470213103069,32.96996551918199],[-97.68465236318681,32.96974534636215],[-97.68516221417144,32.96973929749748],[-97.68516225055265,32.969739296833524]]]},"properties":{"prop_id":59546,"state_cd":"S60","ite_code":210,"ite_name":"Single-Family Detached","ite_unit":"DU","units":1,"daily_trips":9.4,"am_peak_trips":0.7,"pm_peak_trips":0.9,"imprv_val":59150.0,"acres":0.4,"city":"Springtown","city_code":"CSP","fill_color":[34,139,34,180]}},{"type":"Feature","geometry":{"type":"Polygon","coordinates":[[[-97.68268099782337,32.969660958463045],[-97.68309974632997,32.96961069125048],[-97.68312838349387,32.96976374243055],[-97.6831348290363,32.96979822529006],[-97.68272788780457,32.96985404411981],[-97.68268099782337,32.969660958463045]]]},"properties":{"prop_id":97147,"state_cd":"S50","ite_code":210,"ite_name":"Single-Family Detached","ite_unit":"DU","units":1,"daily_trips":9.4,"am_peak_trips":0.7,"pm_peak_trips":0.9,"imprv_val":97040.0,"acres":0.191,"city":"Springtown","city_code":"CSP","fill_color":[34,139,34,180]}},{"type":"Feature","geometry":{"type":"Polygon","coordinates":[[[-97.6584951593831,32.96715998154943],[-97.65890974367062,32.96716557238215],[-97.65890700556447,32.96734572224847],[-97.65849154412558,32.96734239538236],[-97.6584951593831,32.96715998154943]]]},"properties":{"prop_id":122958,"state_cd":"S60","ite_code":0,"ite_name":"Vacant/Agricultural","ite_unit":"N/A","units":1.0,"daily_trips":0.0,"am_peak_trips":0.0,"pm_peak_trips":0.0,"imprv_val":0.0,"acres":0.193,"city":"Springtown","city_code":"CSP","fill_color":[80,80,80,100]}},{"type":"Feature","geometry":{"type":"Polygon","coordinates":[[[-97.6837400808166,32.96540149496309],[-97.68372203281015,32.965311127684814],[-97.6841336695557,32.965247962247936],[-97.68415270789748,32.96534247080769],[-97.6837400808166,32.96540149496309]]]},"properties":{"prop_id":26682,"state_cd":"S7","ite_code":210,"ite_name":"Single-Family Detached","ite_unit":"DU","units":1,"daily_trips":9.4,"am_peak_trips":0.7,"pm_peak_trips":0.9,"imprv_val":355320.0,"acres":0.1005,"city":"Springtown","city_code":"CSP","fill_color":[34,139,34,180]}},{"type":"Feature","geometry":{"type":"Polygon","coordinates":[[[-97.68913760055067,32.975559875604816],[-97.6891485848146,32.974905192949144],[-97.68971643747518,32.97509112889518],[-97.6897077194957,32.97556619514972],[-97.68913760055067,32.975559875604816]]]},"properties":{"prop_id":19198,"state_cd":"S75","ite_code":0,"ite_name":"Vacant/Agricultural","ite_unit":"N/A","units":1.0,"daily_trips":0.0,"am_peak_trips":0.0,"pm_peak_trips":0.0,"imprv_val":0.0,"acres":0.83,"city":"Springtown","city_code":"CSP","fill_color":[80,80,80,100]}},{"type":"Feature","geometry":{"type":"Polygon","coordinates":[[[-97.69329369473542,32.97461346923815],[-97.69299750436004,32.974891510501415],[-97.69298111520921,32.974879317266435],[-97.6928266784485,32.974762822688724],[-97.69312317820034,32.97448489204738],[-97.69329369473542,32.97461346923815]]]},"properties":{"prop_id":113036,"state_cd":"S55","ite_code":210,"ite_name":"Single-Family Detached","ite_unit":"DU","units":1,"daily_trips":9.4,"am_peak_trips":0.7,"pm_peak_trips":0.9,"imprv_val":318680.0,"acres":0.217,"city":"Springtown","city_code":"CSP","fill_color":[34,139,34,180]}},{"type":"Feature","geometry":{"type":"Polygon","coordinates":[[[-97.68415270789748,32.96534247080769],[-97.68416765831167,32.965416684124044],[-97.68375572983665,32.965479847766],[-97.6837400808166,32.96540149496309],[-97.68415270789748,32.96534247080769]]]},"properties":{"prop_id":26681,"state_cd":"S25","ite_code":210,"ite_name":"Single-Family Detached","ite_unit":"DU","units":1,"daily_trips":9.4,"am_peak_trips":0.7,"pm_peak_trips":0.9,"imprv_val":124020.0,"acres":0.083,"city":"Springtown","city_code":"CSP","fill_color":[34,139,34,180]}},{"type":"Feature","geometry":{"type":"Polygon","coordinates":[[[-97.68472011720871,32.97268632252836],[-97.68498852911435,32.97264499984187],[-97.6850193072078,32.972790715547276],[-97.68480958547518,32.97281827170862],[-97.68478114274369,32.97280405060419],[-97.68474409383613,32.972809115481276],[-97.68472011720871,32.97268632252836]]]},"properties":{"prop_id":26919,"state_cd":"S60","ite_code":210,"ite_name":"Single-Family Detached","ite_unit":"DU","units":1,"daily_trips":9.4,"am_peak_trips":0.7,"pm_peak_trips":0.9,"imprv_val":109690.0,"acres":0.105,"city":"Springtown","city_code":"CSP","fill_color":[34,139,34,180]}},{"type":"Feature","geometry":{"type":"Polygon","coordinates":[[[-97.68970369568005,32.9602061449315],[-97.68953618417326,32.96020248446595],[-97.6894307043401,32.96020320162759],[-97.68914509978258,32.96020947886291],[-97.68914468163746,32.96005909616524],[-97.68914465977012,32.96005108602624],[-97.68914428686925,32.95991690938926],[-97.6891442808428,32.95991464667473],[-97.68914389559485,32.95977644421459],[-97.68914388769878,32.95977345101073],[-97.6891435132663,32.95963885771633],[-97.68914348899652,32.95963005846555],[-97.68914313179033,32.959501411905634],[-97.68914309415415,32.95948799703448],[-97.68914274906417,32.959363985924384],[-97.68914269840296,32.95934556765074],[-97.68914236778043,32.959226519368],[-97.68914230158158,32.9592026711127],[-97.68914198535028,32.95908917815511],[-97.68914190491557,32.95906010824769],[-97.68914157470796,32.95894101487196],[-97.6891415095315,32.95891763917798],[-97.68914116212594,32.95879282992952],[-97.68914111441842,32.95877549115661],[-97.6891407472784,32.9586437242074],[-97.68914071467935,32.95863186230795],[-97.68914033518625,32.95849548605472],[-97.6891403161112,32.95848845621459],[-97.68913989778787,32.95833797788813],[-97.6894713634377,32.958329742654406],[-97.68951429479574,32.958329003737894],[-97.68953139266362,32.95832870912441],[-97.68965127008924,32.9583293570935],[-97.68977104275935,32.95833362148098],[-97.68989055778569,32.95834149498038],[-97.68989107879077,32.95849293260216],[-97.68989159239648,32.958642021823906],[-97.68989206326168,32.958778709787865],[-97.68989210479938,32.95879089189174],[-97.68989255515163,32.95892151946481],[-97.68989261584518,32.958939091892894],[-97.68989304753276,32.959064509507],[-97.68989312792986,32.959087997123895],[-97.68989354092764,32.95920785667521],[-97.6898935956095,32.95922386439957],[-97.68989403479162,32.95935126967687],[-97.68989407198426,32.95936205572869],[-97.6898945252056,32.95949377361518],[-97.6898945495461,32.959500936056166],[-97.68989501553304,32.95963617023327],[-97.68989549371652,32.95977498292295],[-97.68989550791652,32.95977904392663],[-97.68989597132408,32.95991385873399],[-97.68989600352516,32.95992308549971],[-97.68989643699898,32.96004889359861],[-97.68989649375287,32.96006537659565],[-97.68989701774588,32.960217659210684],[-97.6898708816692,32.960215688355554],[-97.68970369568005,32.9602061449315]]]},"properties":{"prop_id":121650,"state_cd":"S50","ite_code":210,"ite_name":"Single-Family Detached","ite_unit":"DU","units":1,"daily_trips":9.4,"am_peak_trips":0.7,"pm_peak_trips":0.9,"imprv_val":179600.0,"acres":0.142,"city":"Springtown","city_code":"CSP","fill_color":[34,139,34,180]}}]}