{"type": "FeatureCollection", "features": [{"type": "Feature", "id": 948, "geometry": {"type": "Polygon", "coordinates": [[[-97.6723130434674, 32.7174335243708], [-97.6722915180365, 32.7171876437407], [-97.6729701862505, 32.7171935034298], [-97.6729830653968, 32.7165684213955], [-97.6725549525869, 32.7165622865535], [-97.6712352843153, 32.7165534935563], [-97.6678657432105, 32.7137438688974], [-97.6675581007684, 32.7131235584342], [-97.6675682373581, 32.7118401227736], [-97.667669806274, 32.7118443826973], [-97.6691373049019, 32.7130349342034], [-97.6704152221739, 32.7140713410585], [-97.6709492975598, 32.7145447683006], [-97.6719936456715, 32.71547049638], [-97.6727338790252, 32.7160832914178], [-97.6729757755682, 32.7162953596748], [-97.6729828165634, 32.716084948144], [-97.6730212267283, 32.7132332921523], [-97.6729355319418, 32.7132312899589], [-97.6720238308616, 32.7132252191329], [-97.6718761927447, 32.7132215306827], [-97.6719130865534, 32.7113987804265], [-97.6719140863783, 32.7112915153133], [-97.6719274883441, 32.709854111502], [-97.6719357762009, 32.7089651743701], [-97.6717724526008, 32.7089631970245], [-97.6711426644163, 32.7089527585135], [-97.6694287965335, 32.7089417924066], [-97.6677824819601, 32.7089145184806], [-97.6677819932766, 32.7091402773718], [-97.6677765027735, 32.7094070140204], [-97.6669607040365, 32.709787947402], [-97.6657479891827, 32.7101346025992], [-97.6644473238727, 32.7106927189827], [-97.6642617418165, 32.7107384449583], [-97.6616104190526, 32.7085272713691], [-97.6612929948554, 32.7082652154732], [-97.6610492585626, 32.7080738715671], [-97.6607431782908, 32.7078200654796], [-97.6604084112187, 32.707560965257], [-97.6600691058578, 32.707306120643], [-97.6597253394632, 32.7070555876092], [-97.65937718929, 32.706809419104], [-97.6590247334916, 32.7065676726108], [-97.6569586514573, 32.7051720089889], [-97.6567332048637, 32.7050205911153], [-97.6567303616958, 32.7048889896766], [-97.6567713590088, 32.7029761975197], [-97.6567795300846, 32.7028312753033], [-97.6558116789093, 32.7017759946645], [-97.6548141779397, 32.7033941761928], [-97.6546935090442, 32.7036188446655], [-97.6490821430961, 32.6998813404017], [-97.6489082292571, 32.6997686677821], [-97.6487297402984, 32.6996612344742], [-97.6485468936121, 32.6995591720315], [-97.6483599191672, 32.6994626067157], [-97.6481690469323, 32.6993716572282], [-97.6479745086727, 32.6992864377343], [-97.6477600403902, 32.6992010216123], [-97.6475754141414, 32.6991335992725], [-97.6473713501465, 32.6990661693222], [-97.6471646064771, 32.6990048451328], [-97.6469554427464, 32.6989497045798], [-97.6467441176691, 32.6989008134424], [-97.6465308890616, 32.6988582314511], [-97.6463160228255, 32.6988220160671], [-97.6460997821669, 32.6987922073639], [-97.6458824383772, 32.6987688446573], [-97.6457733487657, 32.6987604006682], [-97.6453193716621, 32.6983254782146], [-97.6394227834248, 32.6982795017038], [-97.6392692065455, 32.698278820587], [-97.639269264936, 32.6981817965316], [-97.6392694679552, 32.6980770124593], [-97.6392691373752, 32.6963637564163], [-97.639263042306, 32.6961439162328], [-97.6392565133505, 32.6959085968873], [-97.6392519346375, 32.6957437167156], [-97.6392473550262, 32.6955788377514], [-97.6392427763132, 32.6954139577266], [-97.639253537232, 32.6951803600976], [-97.6392484994799, 32.6949987373088], [-97.6392105438625, 32.6949551895753], [-97.6392234391784, 32.6936129520409], [-97.6391822972367, 32.6934903770184], [-97.6391877023998, 32.6929326512455], [-97.63467800157, 32.6928977609971], [-97.6346543336572, 32.695327870367], [-97.6290878529306, 32.695277580191], [-97.6291817708952, 32.6878563581904], [-97.6308005548001, 32.6878734810923], [-97.6307312039619, 32.6931583167574], [-97.63348583478, 32.6931805439089], [-97.6335335748475, 32.6893711643407], [-97.6401819442815, 32.6894092320565], [-97.6401624445516, 32.6914238772814], [-97.6427315642805, 32.6914416307712], [-97.6428288904533, 32.691440835444], [-97.642850953975, 32.690250896245], [-97.6420147428197, 32.6902779347033], [-97.6419924160916, 32.6900331987066], [-97.641906347606, 32.6890841113767], [-97.6414308289019, 32.6843122051926], [-97.6414438886095, 32.6840163170791], [-97.6398125660198, 32.6839331810429], [-97.6398636765662, 32.6807512764656], [-97.6396274519859, 32.6807436745857], [-97.6396323657704, 32.6806005392466], [-97.6396866500648, 32.6804577461949], [-97.639694301016, 32.6801073040565], [-97.6397019618488, 32.679752593039], [-97.6397081287832, 32.6794671083399], [-97.6397097394625, 32.6793924932828], [-97.6397175188729, 32.6790322559733], [-97.6397249919577, 32.6786833129257], [-97.6397226509481, 32.6785610070029], [-97.6397284594547, 32.6782933366015], [-97.6397332268139, 32.6780730783959], [-97.6397359999132, 32.6779444504014], [-97.6397103440287, 32.6774807086265], [-97.6397898745757, 32.6774459476881], [-97.6397746517249, 32.6765070494133], [-97.639784037323, 32.6761352246579], [-97.6397912175571, 32.6758502191362], [-97.6398317791871, 32.6738461347509], [-97.6398394067822, 32.6734226459212], [-97.6398749001174, 32.6733990300656], [-97.6398855002377, 32.6726767324259], [-97.6408110928655, 32.6726984126692], [-97.6412498767626, 32.6727086754508], [-97.6416886319137, 32.6727189374749], [-97.642026106508, 32.6727268515811], [-97.6425662033013, 32.6727394857173], [-97.643004957554, 32.6727497447133], [-97.6434437450445, 32.6727600279056], [-97.6440246370297, 32.6727715066055], [-97.6440130945766, 32.6723782892127], [-97.6440202119285, 32.6720072987301], [-97.6440273283823, 32.6716363082194], [-97.6440344457342, 32.6712653169243], [-97.6440667599316, 32.6700962521105], [-97.6469586272741, 32.6701044749765], [-97.6472263683479, 32.6701047729174], [-97.6472903876849, 32.6701048439997], [-97.6472861781795, 32.6700502368654], [-97.6472883682721, 32.6698220250679], [-97.6472907883335, 32.6695698426745], [-97.6472932766668, 32.6693105784957], [-97.6492184588472, 32.6693112235359], [-97.6492766184736, 32.6693112424409], [-97.6493829816982, 32.6693112779824], [-97.649435534939, 32.6693112946188], [-97.6494233250376, 32.6701764987513], [-97.6495567958242, 32.6701774870975], [-97.649546238823, 32.6709035011911], [-97.6495190584975, 32.672366521603], [-97.6495123319126, 32.6726447674606], [-97.6494825419812, 32.6738738194028], [-97.649481555631, 32.6739145493687], [-97.6493918004594, 32.6745114925885], [-97.6494084956489, 32.6755851818392], [-97.6550280775886, 32.6756076046707], [-97.6559957473043, 32.67562136128], [-97.6579496180815, 32.6756288955425], [-97.6595171755574, 32.6756470287345], [-97.6595185751326, 32.6757973652375], [-97.660212616216, 32.6757972873544], [-97.6605971086324, 32.6757104597163], [-97.6627892072331, 32.6757192355656], [-97.6635989162908, 32.6757199183669], [-97.6643885075778, 32.6756887870092], [-97.6650782394428, 32.6756970055798], [-97.665164369014, 32.677883009626], [-97.6651024795825, 32.6808738674648], [-97.6651213873226, 32.6821285655335], [-97.6651783198503, 32.682128942068], [-97.665177689233, 32.6821487917841], [-97.6644672574889, 32.6821587737255], [-97.6626691168526, 32.6821378715298], [-97.6626605163821, 32.6823018612017], [-97.662718836807, 32.6839725545551], [-97.6621722451943, 32.6839621577297], [-97.6621945871937, 32.685707922063], [-97.6622398299447, 32.686146682507], [-97.6622540709369, 32.6868805182237], [-97.6622910222378, 32.687450459475], [-97.657794345183, 32.6874111063975], [-97.6578001258418, 32.6875453654086], [-97.6558846912806, 32.6875681579689], [-97.6558863908932, 32.6873892089589], [-97.6551809888163, 32.6873873959539], [-97.6551851623891, 32.6870566194506], [-97.6552324874349, 32.6870409147451], [-97.6553015319476, 32.6870205966083], [-97.6553671026752, 32.6870042855427], [-97.6554335151241, 32.6869905223701], [-97.6555309311285, 32.6869364079196], [-97.6558342688437, 32.6869354870475], [-97.6558429672306, 32.6867625496681], [-97.6558459155014, 32.686452370374], [-97.6560505274686, 32.6864477969867], [-97.6564189319565, 32.6862802856487], [-97.6568846428543, 32.6862655515856], [-97.6570714097884, 32.6861299796431], [-97.6572492645366, 32.686124855828], [-97.6575340035322, 32.6862252166217], [-97.657716154024, 32.6863576893399], [-97.6576655303645, 32.6853730626311], [-97.65763763498, 32.6849672274783], [-97.6576205553115, 32.6841647704756], [-97.6575841367115, 32.6839139781704], [-97.6571349817644, 32.6839080248103], [-97.6565161161955, 32.6839163847673], [-97.6542577345033, 32.6838799130597], [-97.6538952606929, 32.6838799591805], [-97.6526679284528, 32.6838745759014], [-97.6526595956802, 32.6840087404276], [-97.6525759481542, 32.6840064260746], [-97.6525676692805, 32.6855113847741], [-97.6541442314688, 32.6855131804277], [-97.6541352869435, 32.6864526644801], [-97.6541104449327, 32.6875799500375], [-97.6540853208508, 32.6909591576589], [-97.6559581087922, 32.6909778615562], [-97.6664331477246, 32.6910694667476], [-97.6663739819851, 32.6938294433553], [-97.6663507802979, 32.6963032173383], [-97.6627599509009, 32.6962790700356], [-97.6556491718778, 32.6962000065108], [-97.6556113429228, 32.6992296750897], [-97.6570145572107, 32.7007961620595], [-97.6602131111877, 32.7008280844437], [-97.6602464198202, 32.6980212892448], [-97.6670595169211, 32.6980612280489], [-97.6670114947826, 32.7028812293754], [-97.6677610310894, 32.702884343], [-97.6677975215545, 32.6996585334831], [-97.6678546642881, 32.6996379082804], [-97.6678708842689, 32.6979066329065], [-97.6678854028405, 32.6963566926062], [-97.6669170737614, 32.6963387503447], [-97.6667238650084, 32.6938317907174], [-97.6709632987018, 32.6938601533487], [-97.6722136197283, 32.6938849310486], [-97.672179644546, 32.6970460827578], [-97.6754982008686, 32.6970766820295], [-97.6754971911622, 32.6974894774787], [-97.6754825315551, 32.7029358398692], [-97.6757730098871, 32.7029375127138], [-97.675723225254, 32.7057056783156], [-97.6756935772564, 32.7089001630632], [-97.6761346033485, 32.7089030882669], [-97.6769591885073, 32.7088539357616], [-97.6779385965088, 32.7088484867163], [-97.6789997583876, 32.7088531171576], [-97.6792058004727, 32.7088520929579], [-97.6801344078466, 32.7088462916784], [-97.6803320012765, 32.7088428230044], [-97.680817849708, 32.7088433747874], [-97.6813010517027, 32.7088530098246], [-97.681840231316, 32.7088744439425], [-97.6823310420411, 32.7088862770368], [-97.6828091559781, 32.7088958735201], [-97.6832948804421, 32.7089076688183], [-97.6834275014224, 32.708910926603], [-97.6834538265518, 32.7065049423354], [-97.6850451085343, 32.7065153879358], [-97.6916261600176, 32.7065565096803], [-97.6915913826397, 32.7102946905192], [-97.6894472226341, 32.7102825915508], [-97.6894048769499, 32.714303662541], [-97.6849051249619, 32.7142496477899], [-97.682931527181, 32.71358551272], [-97.6807164523703, 32.7134911234946], [-97.680740487694, 32.7108858388102], [-97.6828793602158, 32.710941807957], [-97.6828830810377, 32.7102307625659], [-97.6810004628322, 32.7102016659103], [-97.6801710761781, 32.7101961972951], [-97.6772528953844, 32.7101769093692], [-97.6771895345125, 32.7158832981928], [-97.6768837758375, 32.7158773620811], [-97.6765037309802, 32.7158699831323], [-97.6763485964222, 32.7158705832435], [-97.6763486664908, 32.7161267774462], [-97.6763487302712, 32.7164178791886], [-97.6763299204474, 32.7181374222978], [-97.6763177886995, 32.7184132437998], [-97.6763087363764, 32.7186190788547], [-97.6763044064967, 32.7187175408609], [-97.6752314614163, 32.7187104236482], [-97.6750358541615, 32.718709125968], [-97.6746640962627, 32.7187066575791], [-97.6744651661396, 32.7187119714928], [-97.6743866812316, 32.7187048149789], [-97.6741091494195, 32.7185646691742], [-97.6738359573686, 32.718418557731], [-97.6737784094948, 32.7183860037569], [-97.6735672874367, 32.7182665758492], [-97.6733033085073, 32.7181088247743], [-97.6730442002434, 32.7179454095307], [-97.6727901315282, 32.7177764328747], [-97.6725522414713, 32.7176096990916], [-97.6723130434674, 32.7174335243708]], [[-97.683966735833, 32.7102467209381], [-97.6839461500399, 32.7109512039192], [-97.6849964791347, 32.7109205028301], [-97.6850026002551, 32.7102535190994], [-97.683966735833, 32.7102467209381]], [[-97.6510949217964, 32.6879255710444], [-97.6510955407357, 32.6875699188029], [-97.6502635166279, 32.6878785171058], [-97.6494099185803, 32.6862972326913], [-97.6493786976326, 32.6862393942325], [-97.6491479159446, 32.686468823679], [-97.6488511979146, 32.6868053166141], [-97.6485424855791, 32.687132660065], [-97.6481247743618, 32.687670221269], [-97.6477059168943, 32.6885248815323], [-97.6476373592684, 32.6886647660596], [-97.645691294851, 32.688651400819], [-97.6456004266667, 32.6886507755754], [-97.6457326245406, 32.6889151934654], [-97.6455589406703, 32.6892671093261], [-97.6456327696103, 32.6898448315047], [-97.6454777132057, 32.6901995765268], [-97.6451834332034, 32.6903716620149], [-97.64521786473, 32.6906818140854], [-97.6449528078222, 32.6910629589476], [-97.6449810616346, 32.6913850150969], [-97.6449873929607, 32.6914571782076], [-97.6479454562581, 32.6914775021391], [-97.6482482064751, 32.6914795766419], [-97.6483380290204, 32.691211501179], [-97.6483675126263, 32.6911455198209], [-97.6483902435963, 32.6911065297482], [-97.6484140803923, 32.6910723615391], [-97.648444289837, 32.6910357740595], [-97.6484894211969, 32.6909901536587], [-97.6485353673287, 32.690951887028], [-97.6485714526537, 32.6909265346958], [-97.6486095178656, 32.6909033438148], [-97.6486493779113, 32.6908824240096], [-97.6486908486364, 32.6908638750762], [-97.6487337315131, 32.6908477847145], [-97.648783461349, 32.6908328593761], [-97.6488515419694, 32.6908179158907], [-97.6489152316247, 32.6908093554786], [-97.6489620221729, 32.6908064606786], [-97.6503742824957, 32.6907807885085], [-97.6503756236804, 32.6906404877047], [-97.6504016361961, 32.6879208298908], [-97.6510949217964, 32.6879255710444]]]}, "properties": {"CITY_NM": "Annetta", "TXDOT_CITY_NBR": 1320, "CITY_FIPS": "4803336", "CNTY_SEAT_FLAG": "N", "POP1990": 672, "POP2000": 1108, "POP2010": 1288, "POP2020": 3319, "POP2022": 3274, "POP_CD": "1", "MAP_COLOR_CD": 2, "COLOR_CD": 2, "GID": 540, "OBJECTID": 948}}, {"type": "Feature", "id": 722, "geometry": {"type": "Polygon", "coordinates": [[[-97.5474622648575, 32.9800416833079], [-97.545982649753, 32.9798588534023], [-97.5443774510701, 32.9796604838715], [-97.5443777142765, 32.979644946883], [-97.5439020949611, 32.9796097742596], [-97.5439327948859, 32.9793559733183], [-97.5443771609143, 32.9793799623613], [-97.5446636713876, 32.9793954270541], [-97.5460484666189, 32.9795752120099], [-97.5475111296156, 32.9797656060183], [-97.5481534124674, 32.9798432011535], [-97.5489418269613, 32.9798941630747], [-97.549684231543, 32.9798981901112], [-97.5503919881043, 32.979857405055], [-97.5517460375966, 32.9797279918968], [-97.5537846401664, 32.9795252920855], [-97.5544110434989, 32.9795075456191], [-97.5560136460506, 32.9795013920027], [-97.5582953533975, 32.979474566571], [-97.5597626606843, 32.9794586354348], [-97.5620386798989, 32.9794542361167], [-97.5660364613909, 32.97942751617], [-97.5681431032586, 32.9794114644546], [-97.5727182185091, 32.9793623002652], [-97.5746091344529, 32.9793503901416], [-97.5778356332219, 32.9793165549826], [-97.5787248871997, 32.9792678587058], [-97.5795486063826, 32.9792775247165], [-97.5806679000401, 32.9793117735988], [-97.5822363405599, 32.9793670484892], [-97.586867248376, 32.9793941633231], [-97.5902252892486, 32.979412104986], [-97.5936726828475, 32.9794424337654], [-97.5953480552255, 32.9794612171517], [-97.5981075486243, 32.9794813170133], [-97.6004044878051, 32.9794962986528], [-97.60318101416, 32.9795216516111], [-97.6054320161922, 32.9795215792688], [-97.6093331326715, 32.9794911894777], [-97.6124693121268, 32.9794692004287], [-97.6129351937045, 32.9794635388883], [-97.6130235259447, 32.9793145301476], [-97.6128877617592, 32.9787445127631], [-97.6127284194924, 32.9783567357962], [-97.6127006561602, 32.9779428637078], [-97.6127038290098, 32.9767930945453], [-97.6127276711958, 32.9752887333134], [-97.6127473784365, 32.9743345683893], [-97.6127569661555, 32.9724208870145], [-97.6127776911874, 32.971089848359], [-97.612707006351, 32.9706523178294], [-97.6124625972201, 32.9696297354976], [-97.6119460955761, 32.9676442129342], [-97.6118572584827, 32.9671019359769], [-97.6119057252872, 32.9662556298006], [-97.6119856528896, 32.9657980899289], [-97.611709626654, 32.9657153347968], [-97.6114663583835, 32.9653980946413], [-97.6112321873518, 32.9650809475576], [-97.6110266016109, 32.9646485568405], [-97.6108371532056, 32.9644240587468], [-97.6106551365628, 32.9643688837896], [-97.6103903716075, 32.9643746894997], [-97.6100794934337, 32.9644263477162], [-97.6095753849474, 32.9646304983708], [-97.6093550695307, 32.964752014617], [-97.6090897601964, 32.9648117175102], [-97.6089070491559, 32.9648258047462], [-97.6085038681884, 32.9649767990331], [-97.6080642443664, 32.965119860493], [-97.6077527751012, 32.965233077969], [-97.6073678811379, 32.9653842268192], [-97.606973745307, 32.9655429755675], [-97.6065613045056, 32.9657093166361], [-97.6062593178565, 32.9657840887678], [-97.6059392256629, 32.9658433666404], [-97.6057657960158, 32.9658421230649], [-97.6055826924115, 32.9658946577088], [-97.6053078259008, 32.9659927380207], [-97.6050247182458, 32.9660061000275], [-97.6046877655726, 32.9659267117852], [-97.6045705138685, 32.9657873589966], [-97.604518226529, 32.9655407491829], [-97.604502846473, 32.9652559192143], [-97.6045044014568, 32.965102025965], [-97.6044512912606, 32.9649400694742], [-97.6043885520228, 32.9648241714982], [-97.6043163265757, 32.9647467131513], [-97.6041894045075, 32.9646611646048], [-97.6040063009031, 32.9647136720643], [-97.6037490728131, 32.964873450805], [-97.6036475128803, 32.9649881397985], [-97.6035735429049, 32.9650799406297], [-97.6034189958451, 32.9650172849636], [-97.6031724873513, 32.9650232059455], [-97.6029999946471, 32.9649296316231], [-97.6028280472203, 32.9647821878948], [-97.602603462111, 32.9644265836225], [-97.6025599989226, 32.964210818795], [-97.6025885572638, 32.9640956049729], [-97.6026628838705, 32.9639653260833], [-97.6026731839535, 32.9638499506494], [-97.6026201680804, 32.9636726028049], [-97.6024846967456, 32.963533114563], [-97.6022402193427, 32.9633389675408], [-97.6018949608465, 32.9631825769431], [-97.6016492051409, 32.9631115613387], [-97.6014027460545, 32.963109784855], [-97.6010012332585, 32.9630991907706], [-97.6006719396214, 32.9631660866338], [-97.6003707372016, 32.9631639114412], [-97.5998682528693, 32.9632064354661], [-97.5996131331253, 32.9631584410503], [-97.5994228151508, 32.9630262237539], [-97.5992231744604, 32.9629093585221], [-97.5991144405818, 32.9628316346988], [-97.5988794601681, 32.9625990914124], [-97.5987995999393, 32.9623753403153], [-97.5987189249386, 32.9622285503156], [-97.5987208051125, 32.9620439017526], [-97.5987504620933, 32.9618209414054], [-97.5987521060103, 32.9616593783704], [-97.598690787009, 32.9614050035169], [-97.598592591267, 32.9611888152559], [-97.5984844853107, 32.9610495220757], [-97.5976558963606, 32.9609946796643], [-97.5994395319, 32.9595866813155], [-97.600833811544, 32.9595554638469], [-97.6008505489544, 32.9559286473375], [-97.599947719636, 32.9558656964893], [-97.5999327033977, 32.9542439137133], [-97.598113733525, 32.9541929671438], [-97.5981110017482, 32.9549062563942], [-97.5921353599692, 32.9548235528703], [-97.5921432283128, 32.9604462529247], [-97.5916601565738, 32.960444161329], [-97.5916638549378, 32.9639938859626], [-97.5894083478545, 32.963954416302], [-97.5893890026348, 32.9648336107215], [-97.5900374730822, 32.9648558023888], [-97.5899553940147, 32.968187855213], [-97.5900024262097, 32.9686630778468], [-97.5900158641081, 32.9690530633823], [-97.5900562433801, 32.9693696339814], [-97.5900801583296, 32.969590481638], [-97.5902241798292, 32.9700108305191], [-97.5902635763443, 32.9704230523744], [-97.5903132244334, 32.9706882318349], [-97.5902582861656, 32.9709379149362], [-97.5900984210793, 32.971208931272], [-97.590045749261, 32.9712379583247], [-97.5900952383483, 32.9714392286736], [-97.5900731344024, 32.971533901681], [-97.5900990804427, 32.9717474774092], [-97.5899616840183, 32.9721198965653], [-97.5898057454682, 32.9722432496503], [-97.5898088922666, 32.9733043018395], [-97.587344812544, 32.9733045618379], [-97.5873742754886, 32.9721894052085], [-97.5842958469263, 32.9721749121876], [-97.5823770535643, 32.972165840012], [-97.5781379360779, 32.9721456955284], [-97.5780106537853, 32.9721396001821], [-97.5780161317119, 32.9716135064522], [-97.5781528885358, 32.9716111611466], [-97.5823047652351, 32.9716093690075], [-97.5823226848284, 32.971519915748], [-97.5823884442021, 32.9680415775642], [-97.5824665518177, 32.9663882854263], [-97.5824408465259, 32.9643489425329], [-97.57394907484, 32.9642421989245], [-97.5737969146039, 32.9642504549078], [-97.573759270702, 32.96622586552], [-97.5736858729534, 32.9715892055562], [-97.5594496256556, 32.9715366320954], [-97.5594784804408, 32.9754797786313], [-97.5576269762834, 32.9754899039991], [-97.5444174278969, 32.9754681656561], [-97.5439665598625, 32.9754673992449], [-97.5441611331564, 32.9678231588665], [-97.5441967055434, 32.9605935290243], [-97.5441972786685, 32.9600953435282], [-97.5436730595979, 32.9601718238421], [-97.5436748777881, 32.9581941854673], [-97.543673603977, 32.9531095865324], [-97.5436749730095, 32.9529675662123], [-97.5436772448489, 32.9498554949181], [-97.5436781108248, 32.947720405649], [-97.5436784782357, 32.9468171297784], [-97.5436792705498, 32.9448633440233], [-97.5436796325709, 32.9439687265452], [-97.5436801787466, 32.9426233765712], [-97.5436810357394, 32.9405086156614], [-97.5436815001684, 32.9393640739487], [-97.5436818523079, 32.938498397927], [-97.5436854293994, 32.9374718382421], [-97.5436964723892, 32.9359062588165], [-97.5436836183958, 32.9341437715399], [-97.5436845957628, 32.9317334590301], [-97.5436847323067, 32.9313968169878], [-97.5436856090625, 32.9292342060715], [-97.5436869843831, 32.9258429205383], [-97.5436881054806, 32.9230751129516], [-97.5436886543513, 32.9217242112377], [-97.5436887576575, 32.9214673084819], [-97.5443683421531, 32.9215331266268], [-97.5484552886237, 32.921583898975], [-97.5484673799474, 32.9210471170822], [-97.549630215845, 32.9210416780178], [-97.5565875194985, 32.9211555921477], [-97.5847440577441, 32.9212225069314], [-97.5909158089361, 32.9212472364099], [-97.591019685624, 32.9212476503902], [-97.5953031412579, 32.9212191792532], [-97.595312179208, 32.9212191423041], [-97.5953894801365, 32.9212188157951], [-97.604003505346, 32.9212180428808], [-97.6111344632253, 32.9250524488529], [-97.6118633607384, 32.9254394244629], [-97.6114930185845, 32.9259829794822], [-97.6169002720287, 32.9289523225933], [-97.616636736867, 32.9293719426261], [-97.610096418592, 32.9258682444037], [-97.6099685218518, 32.9299931719651], [-97.612798116182, 32.9299751803057], [-97.6127865809155, 32.9357968277474], [-97.6183060258539, 32.935807465817], [-97.6183763729237, 32.9333327381572], [-97.618439586472, 32.9331139660224], [-97.6185090118704, 32.932897086548], [-97.6185845907285, 32.9326822731595], [-97.6186662628592, 32.9324697015464], [-97.6187539617871, 32.9322595443837], [-97.6188476138504, 32.9320519713318], [-97.6189471471839, 32.9318471528067], [-97.6190524773459, 32.9316452562095], [-97.6191635189965, 32.9314464429112], [-97.6192801849991, 32.9312508765455], [-97.6194023756407, 32.9310587147155], [-97.6195299956998, 32.9308701150253], [-97.6198156384006, 32.9310104540309], [-97.6196962594859, 32.9311551191392], [-97.6195817278804, 32.9313036519113], [-97.619472171145, 32.931455890223], [-97.6193677069589, 32.9316116681808], [-97.6192684521032, 32.9317708138602], [-97.6191745107823, 32.9319331560917], [-97.6190859916925, 32.9320985154128], [-97.6190029873603, 32.9322667101001], [-97.6189255921087, 32.9324375584315], [-97.6188538849894, 32.9326108719001], [-97.6187879495459, 32.9327864612466], [-97.6187278549483, 32.9329641364588], [-97.6186736676721, 32.9331436992324], [-97.6186254479043, 32.9333249565423], [-97.6185583958548, 32.9358069787729], [-97.6216043377432, 32.9357797103293], [-97.6214903127876, 32.9503209781193], [-97.6129368403164, 32.9503667301262], [-97.6129325364879, 32.9520539113702], [-97.6129290779741, 32.9533394976862], [-97.6129586738694, 32.9552998107093], [-97.6130662983287, 32.9559741899097], [-97.6133606627725, 32.9567459166092], [-97.6143006077836, 32.9583324030304], [-97.61452624482, 32.9587983684542], [-97.6147296413666, 32.9594471421527], [-97.6147789579774, 32.9597381880505], [-97.6148104106905, 32.9604377787585], [-97.6147388356235, 32.9610290208071], [-97.6145441024295, 32.9615980618973], [-97.6141123119168, 32.9624780598559], [-97.6130612938142, 32.9640889633944], [-97.6130115307407, 32.9641627992991], [-97.6130085402492, 32.9654475643104], [-97.6126599867324, 32.9656143796259], [-97.612365515389, 32.96585082131], [-97.6122333372781, 32.9658554519325], [-97.6121464396474, 32.9663241504646], [-97.6121255969362, 32.9667765829767], [-97.612124394092, 32.9669976428688], [-97.6121826992455, 32.9675506391269], [-97.6123859484685, 32.968294620432], [-97.6124145454372, 32.9683670743765], [-97.6126298266951, 32.9690789875943], [-97.6130189454351, 32.9705879365081], [-97.6130270886631, 32.9717512538578], [-97.6130260394309, 32.9736383749985], [-97.6129976535662, 32.976164686754], [-97.6129782796005, 32.9778756647924], [-97.6130447603214, 32.9784736152557], [-97.6134696859087, 32.979463523817], [-97.61347990694, 32.9796069205102], [-97.6131301595622, 32.9796072935247], [-97.6125322013832, 32.9796754180061], [-97.6090399764617, 32.9797197215353], [-97.6053016275254, 32.9797553839311], [-97.6043270515618, 32.9797646625569], [-97.6041781189726, 32.9798480556041], [-97.6040794794628, 32.9798465319005], [-97.5961958232069, 32.9797245277646], [-97.5953835395775, 32.9797213168297], [-97.5926534740891, 32.9797104798294], [-97.5907274744419, 32.9797074798919], [-97.5864704705998, 32.9797004815444], [-97.5829051237125, 32.9796947514444], [-97.5805276909906, 32.9795899283786], [-97.5793818161838, 32.9795242046906], [-97.5782686463416, 32.9795804010579], [-97.5774023506075, 32.979581150855], [-97.5759581264303, 32.9796205585228], [-97.5750146465486, 32.9796946610168], [-97.5731114641096, 32.9796744813259], [-97.5681108231972, 32.9796628689023], [-97.5677898452647, 32.9796621168452], [-97.5660636426148, 32.9796971394885], [-97.5620502906239, 32.979712736753], [-97.5597579660886, 32.9796999028073], [-97.5582830356984, 32.9797010632957], [-97.5560289344784, 32.9797315019961], [-97.5544187079249, 32.9797533575991], [-97.5538005637031, 32.9798061115449], [-97.5532504893221, 32.9798582467844], [-97.5516644543992, 32.9800684836998], [-97.5497334906617, 32.9802549370373], [-97.5492210251483, 32.9802589821427], [-97.5481189252453, 32.9801228184268], [-97.5474622648575, 32.9800416833079]], [[-97.6126613431885, 32.9500500273657], [-97.6125164449331, 32.9430663320732], [-97.6084967113105, 32.9430661126952], [-97.6083559309324, 32.9358069003633], [-97.6038868321568, 32.9357954472863], [-97.6038857389071, 32.9503398280033], [-97.6073528792727, 32.9503517420385], [-97.6073225153178, 32.9524070115718], [-97.6072645874567, 32.9554143719281], [-97.6124933968579, 32.9554985417362], [-97.6124607871148, 32.9610682777173], [-97.6130187253478, 32.9610711139764], [-97.6130175386733, 32.9615810301223], [-97.613013409118, 32.9636655933887], [-97.6136106118138, 32.9628267167551], [-97.6139129604839, 32.9623566022864], [-97.6142740203461, 32.9615881648212], [-97.6143879294191, 32.9611747990436], [-97.614456085498, 32.9609852400308], [-97.6145254992183, 32.9604541188315], [-97.6145167343561, 32.9599041398159], [-97.6144723126653, 32.9595502306593], [-97.6143691330701, 32.9591319010192], [-97.6143217882613, 32.9589816776187], [-97.6142130364164, 32.9586774500293], [-97.613982054404, 32.9582478809065], [-97.6139423946826, 32.9581741214637], [-97.6134788891488, 32.9575089669006], [-97.6132175773174, 32.9570933667492], [-97.6131302916145, 32.9568868982088], [-97.6128881165937, 32.9563140790683], [-97.6128302516147, 32.9560779359824], [-97.6127324080123, 32.9556786331226], [-97.6127046788161, 32.9554014326927], [-97.6126449794773, 32.9548046127356], [-97.6126516045525, 32.9541018522502], [-97.6126598780362, 32.9532250295092], [-97.6126625792703, 32.9521092809593], [-97.6126582502889, 32.9503682400159], [-97.6126613431885, 32.9500500273657]]]}, "properties": {"CITY_NM": "Reno (Parker)", "TXDOT_CITY_NBR": 35070, "CITY_FIPS": "4861604", "CNTY_SEAT_FLAG": "N", "POP1990": 1784, "POP2000": 2441, "POP2010": 3166, "POP2020": 3473, "POP2022": 3474, "POP_CD": "1", "MAP_COLOR_CD": 4, "COLOR_CD": 4, "GID": 769, "OBJECTID": 722}}, {"type": "Feature", "id": 516, "geometry": {"type": "Polygon", "coordinates": [[[-97.7017105593622, 32.7261256897265], [-97.6967622641798, 32.7221975404286], [-97.6935888567425, 32.7195736284984], [-97.682940670234, 32.7196014372779], [-97.6829385376335, 32.7208616235112], [-97.6765565034099, 32.7208933059404], [-97.6696007709098, 32.725394330531], [-97.6696015308845, 32.7277750989783], [-97.662111453504, 32.7277637777363], [-97.6621306325354, 32.7220676118752], [-97.6559771656526, 32.7220649228988], [-97.6559798498187, 32.721782554228], [-97.6474300146261, 32.7218215565937], [-97.6474396517525, 32.7271380904092], [-97.6471552460319, 32.7270007033645], [-97.6467809054766, 32.7270142699271], [-97.6465551696255, 32.727293074724], [-97.6455796728888, 32.7270953269213], [-97.6454720403447, 32.7269928794653], [-97.6453038200279, 32.7266307197667], [-97.645101733225, 32.7264321006634], [-97.6449828861129, 32.7265826335225], [-97.6447763095302, 32.7265464664227], [-97.6447080438568, 32.7264728232759], [-97.6446448042574, 32.7264884953479], [-97.6445972348699, 32.7256031534793], [-97.644748030565, 32.7252349952113], [-97.6452678910098, 32.7249610765779], [-97.6454575406377, 32.7248027010191], [-97.6455141991793, 32.724585492087], [-97.644780648393, 32.7239080528623], [-97.6445230034847, 32.7232121448786], [-97.6446866199356, 32.7236732609399], [-97.6417940222628, 32.7234805549838], [-97.6417950948513, 32.7238276043641], [-97.6409099839035, 32.7262416187071], [-97.6402423532894, 32.726540116132], [-97.6401868787273, 32.7266638420524], [-97.6401767080017, 32.7266865588745], [-97.639938328363, 32.7262876208615], [-97.6394027500956, 32.7262714885211], [-97.6392722015286, 32.7265648205211], [-97.6392357586742, 32.7270131779217], [-97.6389024783139, 32.7272123043242], [-97.6386702961523, 32.7276635112649], [-97.6383394214803, 32.7276612169366], [-97.6384746844059, 32.7273318268064], [-97.6385257653079, 32.7270175497218], [-97.6382084866378, 32.7263049124722], [-97.6381768901943, 32.7258479748101], [-97.6384693933289, 32.7254034257029], [-97.6387714985556, 32.7252025465046], [-97.6390509096432, 32.7250413116932], [-97.6391438664105, 32.7249289784306], [-97.6389671138952, 32.7248292347602], [-97.6386325821817, 32.7246923618346], [-97.6381701806774, 32.7243580031105], [-97.6377153025636, 32.7243409385987], [-97.6377446047099, 32.7234835046489], [-97.6355753493685, 32.7223420442403], [-97.6355931979949, 32.7223658912578], [-97.6356061139721, 32.7223919019877], [-97.6356137173127, 32.7224193599751], [-97.6356158490148, 32.7224474951078], [-97.6356124542813, 32.7224755659926], [-97.6356035726381, 32.722502745082], [-97.6355895032242, 32.7225283212151], [-97.6355705793144, 32.722551554513], [-97.6355473578643, 32.7225718161929], [-97.635520497339, 32.722588563628], [-97.6354907496283, 32.7226012753523], [-97.6354588639273, 32.7226096573807], [-97.6354258202979, 32.7226134693858], [-97.6353924640548, 32.7226125760889], [-97.6353597402256, 32.7226070439957], [-97.6353285875499, 32.7225969592611], [-97.6352998172063, 32.7225826853996], [-97.6352742403735, 32.7225645564509], [-97.635252596365, 32.7225431021943], [-97.6352354663909, 32.7225189030442], [-97.6352233014053, 32.7224926225481], [-97.6324781235589, 32.7236062032231], [-97.6333301118255, 32.7217181984358], [-97.6335579173951, 32.7214032848635], [-97.6331489198361, 32.7208453601974], [-97.6338795888269, 32.719469657823], [-97.6339585660118, 32.7195137498447], [-97.634347428732, 32.7190215587564], [-97.6311865752507, 32.7173632256482], [-97.6312598795746, 32.7162518321593], [-97.6311612041322, 32.7163006215816], [-97.6311963102935, 32.7131607286744], [-97.6326075797745, 32.7126568566254], [-97.6325559715614, 32.7100377856891], [-97.6339744087001, 32.7094597580766], [-97.6339801417483, 32.7089484871138], [-97.634893325947, 32.7089447047593], [-97.6346835495652, 32.7087377407882], [-97.633850766381, 32.708678802719], [-97.6342422387071, 32.7082176915215], [-97.6345750968592, 32.7081322945304], [-97.6344506029373, 32.7075418566604], [-97.6347868261785, 32.707237675673], [-97.6347389235159, 32.7066914761288], [-97.6336756236467, 32.7061047484601], [-97.6334305380844, 32.706105266245], [-97.6322155783407, 32.7050898322357], [-97.6323718690305, 32.7049496597487], [-97.6312521989789, 32.7044491890033], [-97.6312316823561, 32.7044061636756], [-97.6318056321608, 32.7041750402309], [-97.6319824745077, 32.7039511721538], [-97.6313557711379, 32.7034929036996], [-97.6316936975848, 32.7029475316387], [-97.6321166441835, 32.7027706574613], [-97.6319652789565, 32.7023639806815], [-97.6318611462487, 32.7022508803201], [-97.6318625062981, 32.7021116059468], [-97.6311583762357, 32.7021320007771], [-97.630948662736, 32.7021368568323], [-97.6307149390653, 32.7020273846223], [-97.6304523516263, 32.7013593653073], [-97.6303845854162, 32.7011680390971], [-97.6303384362651, 32.701010316748], [-97.6301540238154, 32.7009584748177], [-97.6298535086068, 32.700893861346], [-97.6296295909458, 32.7008457007507], [-97.6289902042625, 32.7007726622972], [-97.6295128755359, 32.700703180463], [-97.6321811324411, 32.7003763720835], [-97.6321568887083, 32.700282247069], [-97.6340344458055, 32.7000611730132], [-97.6369043044235, 32.6997231342422], [-97.6383041787751, 32.6995575021474], [-97.6382897410519, 32.7002955682358], [-97.6385675333754, 32.7002994537647], [-97.6391172628034, 32.7007512141381], [-97.6438896678532, 32.7003227155308], [-97.6439162741552, 32.7032660540969], [-97.6444544575369, 32.7032302600343], [-97.6444761662241, 32.7046387234927], [-97.657357177355, 32.7147488927997], [-97.6573551804001, 32.719129889293], [-97.6597978927954, 32.7192423628784], [-97.6597577839163, 32.7196115896153], [-97.6594847140363, 32.7201532426892], [-97.6596321994396, 32.7206565070762], [-97.6606218221842, 32.720263651731], [-97.6604586369246, 32.7142076936526], [-97.6654964258689, 32.7141355776583], [-97.6690733852779, 32.7226643789853], [-97.6752314614163, 32.7187104236482], [-97.6763044064967, 32.7187175408609], [-97.6763087363764, 32.7186190788547], [-97.6763177886995, 32.7184132437998], [-97.6774374479713, 32.7184113120108], [-97.6937816307109, 32.7183869462223], [-97.6936778402613, 32.7158653507877], [-97.7025430272377, 32.715889435349], [-97.7025174297437, 32.7192904470349], [-97.7032209453584, 32.7193046904366], [-97.7052272445106, 32.7190741013807], [-97.7051865598114, 32.7218976537446], [-97.700040525672, 32.7220009504784], [-97.7038933460267, 32.7252487139439], [-97.7223044992344, 32.7252260881985], [-97.7222506524196, 32.7233133965566], [-97.7278492694772, 32.7233096601559], [-97.727817263402, 32.7230487080008], [-97.7287314474256, 32.7230350599699], [-97.7286841196849, 32.7232088490732], [-97.7327490736006, 32.7233793964521], [-97.7327831898185, 32.7240299792434], [-97.7328031719437, 32.7250783356452], [-97.7328398357837, 32.7261191829717], [-97.7331368152233, 32.726155952554], [-97.733231875845, 32.7262116536624], [-97.7333195334504, 32.7263680520258], [-97.7353760565118, 32.7264358074602], [-97.7371285061378, 32.7264976508657], [-97.7371220876751, 32.7276156099704], [-97.7371111318219, 32.7287053108196], [-97.7371017004097, 32.729617667313], [-97.73708675424, 32.7308007496893], [-97.737074776104, 32.7320093572834], [-97.7370634366702, 32.7331474619617], [-97.7372121078497, 32.7334224866637], [-97.7371158443838, 32.7340769648588], [-97.7361750810076, 32.7338441092576], [-97.7358624403393, 32.7337763246935], [-97.7350061356677, 32.7336313081873], [-97.7334454817449, 32.7334012088214], [-97.7317303687971, 32.7331582633809], [-97.7300491762344, 32.7328938420868], [-97.7287259191934, 32.7327021263343], [-97.727786255355, 32.7325639634831], [-97.7266274394183, 32.732390784303], [-97.725803109381, 32.7322708620539], [-97.7247828118644, 32.7321237634951], [-97.7224535378249, 32.7318067874169], [-97.7223889327863, 32.7343970348093], [-97.7228668320258, 32.734949457449], [-97.7194504356941, 32.7350700267045], [-97.7114911987834, 32.7311297672995], [-97.7107076890909, 32.7311442559167], [-97.7017105593622, 32.7261256897265]]]}, "properties": {"CITY_NM": "Annetta North", "TXDOT_CITY_NBR": 1330, "CITY_FIPS": "4803340", "CNTY_SEAT_FLAG": "N", "POP1990": 265, "POP2000": 467, "POP2010": 518, "POP2020": 583, "POP2022": 593, "POP_CD": "2", "MAP_COLOR_CD": 3, "COLOR_CD": 3, "GID": 527, "OBJECTID": 516}}, {"type": "Feature", "id": 771, "geometry": {"type": "Polygon", "coordinates": [[[-97.5264295437831, 32.9277387890078], [-97.5262650092539, 32.9277396010734], [-97.5262337110511, 32.9277397563989], [-97.5262867089579, 32.92555188294], [-97.526321757627, 32.9236369785721], [-97.5263631780465, 32.9210211101627], [-97.5263663643708, 32.9201162291467], [-97.5264297189545, 32.9201160587264], [-97.5267454704887, 32.9201152096413], [-97.5283047032768, 32.9201220830074], [-97.5298204576051, 32.9201287429706], [-97.5312134086409, 32.9201348456742], [-97.5312071949941, 32.919821884948], [-97.5311959373069, 32.9192547904484], [-97.5311909220127, 32.9190021576742], [-97.5311898413394, 32.9189476895974], [-97.5311779117124, 32.9183467671892], [-97.5311736716643, 32.91813319062], [-97.5311658141005, 32.9177373692287], [-97.5311647361222, 32.9176830202742], [-97.5309140908865, 32.9166199369433], [-97.5301808958331, 32.9154257340516], [-97.5287799309267, 32.9142124855278], [-97.5283543540609, 32.9138917167649], [-97.5268478999906, 32.9127562264403], [-97.5279829420134, 32.9087237348603], [-97.5285920204373, 32.9065596874304], [-97.5284277895387, 32.9065177772218], [-97.5283658857342, 32.906478206485], [-97.5283471549622, 32.9064553892728], [-97.5282909608496, 32.9063869376008], [-97.5281541186857, 32.9063077756296], [-97.528144346812, 32.906265862285], [-97.5281345731418, 32.9062239481663], [-97.5281117855779, 32.906204172539], [-97.5279782294514, 32.906092847161], [-97.5279619277239, 32.9060282589345], [-97.527971712174, 32.9058996374265], [-97.5279293862528, 32.9057894082638], [-97.5279537045458, 32.9056457590692], [-97.5277322258109, 32.9053651120046], [-97.5276883664654, 32.9053095351614], [-97.5276036481476, 32.9052762720004], [-97.5275450160073, 32.9052237790207], [-97.5274537822087, 32.9051904932016], [-97.5272908673421, 32.9052009313172], [-97.5272461878348, 32.9052150318218], [-97.5271785213377, 32.905250574194], [-97.5270537076155, 32.905316131378], [-97.5269748238555, 32.9053575632398], [-97.5269520165287, 32.9053572758905], [-97.526922704501, 32.9053440721499], [-97.5268999034624, 32.9053372142287], [-97.5268249740863, 32.9052525434066], [-97.5267595264279, 32.9052232118631], [-97.5267207228009, 32.905205822298], [-97.5267071303924, 32.9051963178814], [-97.5266443031197, 32.9051523857729], [-97.526561103853, 32.9050942098231], [-97.5264470842873, 32.9050024138344], [-97.5263656430236, 32.9049499078708], [-97.5263134922281, 32.9048976847017], [-97.5262385763267, 32.9048770603012], [-97.5259084912739, 32.904722147866], [-97.5256279339359, 32.904528932878], [-97.5255120854002, 32.9045174953616], [-97.5250462244838, 32.9043500737866], [-97.5242447251294, 32.9043373359954], [-97.5241697768886, 32.904446977177], [-97.5238472278027, 32.9044986281703], [-97.5234573688509, 32.9043996032553], [-97.5232912218458, 32.9043574009006], [-97.5231370233323, 32.9043182342074], [-97.5230294761282, 32.9043698920636], [-97.5229832182809, 32.9044408281395], [-97.5229157467183, 32.9045442960281], [-97.5228698095696, 32.9046147424858], [-97.5228127917019, 32.9046842544295], [-97.5227058409791, 32.9048146380113], [-97.5226163588953, 32.9049237272807], [-97.5225883404416, 32.9049578850566], [-97.52256345082, 32.9049887612913], [-97.5225475030288, 32.9050076713677], [-97.5225249229758, 32.9050351981809], [-97.5224893955047, 32.9050785096408], [-97.5224706126304, 32.9051014063989], [-97.5224045702873, 32.9051826525469], [-97.522394531614, 32.9051941593636], [-97.5223516298727, 32.9052468069717], [-97.5223353497048, 32.9052663052678], [-97.5222425321764, 32.9053161721047], [-97.5221072647592, 32.9053888443393], [-97.5220140393956, 32.9054648093376], [-97.5218856755314, 32.9055694050611], [-97.5217390668838, 32.9055372197441], [-97.5216897960871, 32.9054582191656], [-97.521670674548, 32.905427555024], [-97.5216692040058, 32.9053689576584], [-97.5216642030847, 32.9051694721603], [-97.5216350401773, 32.9051508984915], [-97.5215209379665, 32.9050782290784], [-97.5213947228725, 32.9049978463945], [-97.5212942795456, 32.9049338750603], [-97.5211796095996, 32.9048608442063], [-97.5211244521428, 32.9049011495041], [-97.5210254515103, 32.9049734879682], [-97.520927616891, 32.9050449741269], [-97.5208627225949, 32.9050923906927], [-97.520732450709, 32.9050606192584], [-97.5206540277847, 32.9050414942462], [-97.5206248999117, 32.9050343904321], [-97.5205681524368, 32.9050124846765], [-97.5204471143338, 32.9049657626871], [-97.5204380665022, 32.9049622692276], [-97.5204187114011, 32.9049547973571], [-97.5203577607091, 32.9049312692946], [-97.5203301851248, 32.9049090331732], [-97.52027409881, 32.90486380822], [-97.520217991834, 32.9048185651429], [-97.5201625325433, 32.9047738454593], [-97.5200655683916, 32.9046956572309], [-97.5200059714607, 32.9046476001336], [-97.5199998763915, 32.904638605499], [-97.519932809969, 32.9045396335348], [-97.5199013024587, 32.904493136049], [-97.5198487447264, 32.9044155750719], [-97.5198381059785, 32.9043998785405], [-97.5197905617437, 32.9043297132308], [-97.5197019240763, 32.9041989080871], [-97.5196372902916, 32.9041569688554], [-97.5195715991899, 32.9041147844861], [-97.5195324892373, 32.9040889679318], [-97.5194731779707, 32.9040710479352], [-97.5193207141041, 32.9040243789979], [-97.5192605179969, 32.9039792305222], [-97.5191741207278, 32.9039144273127], [-97.5191704897374, 32.9038789854683], [-97.5191562325756, 32.9037398991711], [-97.5191319250623, 32.9035027792815], [-97.5191277703541, 32.9034276460066], [-97.5191185266898, 32.9032604908718], [-97.5191154939774, 32.9032056209165], [-97.51914879183, 32.9031043552856], [-97.5191902742332, 32.9029781928065], [-97.5192154063999, 32.9029017580594], [-97.5192425507929, 32.9028192027565], [-97.5192045430732, 32.9027758426756], [-97.5191754807771, 32.9027426909418], [-97.5191232832692, 32.9026831407275], [-97.5190503149153, 32.9025998996338], [-97.519050747005, 32.9025259519839], [-97.5190515572854, 32.9023871365903], [-97.5190520253076, 32.9023071059488], [-97.5190529999797, 32.9021400407143], [-97.5190535892745, 32.9020392211209], [-97.5191649372506, 32.9019134576189], [-97.5191349874191, 32.901875438533], [-97.5190950231687, 32.901824707676], [-97.5190297955976, 32.9017419039822], [-97.5187951969679, 32.9014440948409], [-97.5187862560359, 32.9015058535212], [-97.5187739688794, 32.9015907217628], [-97.5187600908066, 32.9016865745148], [-97.5187437019426, 32.9017997676213], [-97.5187343001748, 32.9018647119105], [-97.518700298043, 32.9019094941556], [-97.5186414476121, 32.9019870037775], [-97.5185955050735, 32.902047513081], [-97.5185485950494, 32.9021092947215], [-97.5185095084531, 32.9021285319923], [-97.5183978352868, 32.902152950785], [-97.5183094895719, 32.9021722702568], [-97.5183332419263, 32.9022339990144], [-97.5183525287555, 32.9022841187155], [-97.5183678728788, 32.902323993016], [-97.5183814607958, 32.902359305002], [-97.518386826433, 32.902373250589], [-97.5183902714721, 32.9023822039716], [-97.5183954691244, 32.9023926469435], [-97.5183857098271, 32.9024764908557], [-97.5183807385503, 32.9024891308658], [-97.5183629096869, 32.902534476953], [-97.5183384341887, 32.9025517297744], [-97.5182716758883, 32.9025987946997], [-97.5182622588492, 32.9026032182071], [-97.5182032485182, 32.902630938094], [-97.5181958715531, 32.9026326577178], [-97.5181137125355, 32.9026518013515], [-97.5181050159452, 32.9026538271885], [-97.5180664306088, 32.9026628182537], [-97.5180175514776, 32.9026628167452], [-97.5179545193891, 32.9026432107765], [-97.5179132813276, 32.9026303837416], [-97.5178807003306, 32.9026240513023], [-97.5178286025357, 32.9025853220449], [-97.5177992545754, 32.9025402301565], [-97.5177779330621, 32.9024919893677], [-97.5177709810001, 32.9024776146469], [-97.5177438779297, 32.9024239849028], [-97.5177074674146, 32.9023519369946], [-97.517561434587, 32.9023593781616], [-97.5174767216591, 32.9023527998261], [-97.5174246112878, 32.9023269616398], [-97.5173692247606, 32.902320366709], [-97.5173431026505, 32.9023014160849], [-97.5172714736847, 32.9022494470359], [-97.5172258662177, 32.9022043632728], [-97.5171896452471, 32.9021685587162], [-97.5171118565334, 32.9021010419869], [-97.5170890563932, 32.9020944296919], [-97.5170141216271, 32.9020172022446], [-97.5170206227348, 32.901933385804], [-97.5170085754286, 32.9019251345614], [-97.5168944947774, 32.9018469988764], [-97.516792568332, 32.9018622048583], [-97.5167078706754, 32.9018748411849], [-97.5166557432361, 32.9018360829393], [-97.5165547420555, 32.9018231637717], [-97.5164895962311, 32.9014364665477], [-97.5165124323039, 32.9012754018532], [-97.5165336334429, 32.901215499934], [-97.516590216526, 32.9010556144601], [-97.5161377494905, 32.9011074846509], [-97.5161149484519, 32.901100873036], [-97.516053046444, 32.9010942810308], [-97.5159543781882, 32.9010522988458], [-97.5158250225839, 32.9009972585737], [-97.5157109949333, 32.9009134260831], [-97.5157479758786, 32.9008017735031], [-97.5157728960429, 32.9007265278181], [-97.5158115801939, 32.900659005464], [-97.5158575954961, 32.900578679862], [-97.5158507494353, 32.9005535048881], [-97.5158085941939, 32.9003985283215], [-97.5157818387715, 32.9003001685875], [-97.515752584236, 32.9002922845081], [-97.5156403289614, 32.9002620364271], [-97.5155220702459, 32.9002301697338], [-97.5154638692969, 32.9002316088264], [-97.5153233125994, 32.9002350813537], [-97.5152538952858, 32.900236798007], [-97.5152228629843, 32.9002375643162], [-97.5151987539987, 32.9002381609211], [-97.5151677082225, 32.9002387778905], [-97.5151269354884, 32.9002390245274], [-97.514991829768, 32.9002398436335], [-97.5146912894065, 32.9002224447931], [-97.5145837772367, 32.9002416877534], [-97.5145183071204, 32.9002038776291], [-97.5142482295286, 32.9000479056042], [-97.514119072452, 32.9000809580326], [-97.5137725814671, 32.9001696237392], [-97.5136748285945, 32.900169619968], [-97.5134696120611, 32.9000146087887], [-97.5134240072891, 32.8999373900872], [-97.5134083011447, 32.8998879644712], [-97.5133871503113, 32.8998213963518], [-97.5133686315417, 32.8997631158309], [-97.5133668816235, 32.8997452213576], [-97.5133627700345, 32.8997031985581], [-97.5133588614647, 32.8996632159747], [-97.513349089591, 32.8995633144973], [-97.5132798752967, 32.8994768038239], [-97.5132252990499, 32.8994085926424], [-97.5131556338013, 32.8992990055628], [-97.5130982655907, 32.8992087618476], [-97.5130976080239, 32.8992056166246], [-97.5130736005479, 32.8990905979318], [-97.5130591960623, 32.8990215877004], [-97.5130519996586, 32.8990097512279], [-97.5129577987246, 32.8988548247577], [-97.5128805759495, 32.8987278212652], [-97.512808366672, 32.8986090623547], [-97.5127953716432, 32.8983834183267], [-97.5126658633253, 32.8982624618004], [-97.5127114734872, 32.8980406892605], [-97.5127180392736, 32.8976473855221], [-97.512786438796, 32.8976086465459], [-97.5129167403262, 32.8977372800961], [-97.5131610623206, 32.8978268766454], [-97.5133435182396, 32.8978716993995], [-97.5147150237946, 32.8979910272569], [-97.5150831641778, 32.897846217426], [-97.5151581025371, 32.8977643173901], [-97.5151418097928, 32.8976354063102], [-97.5150115055676, 32.8975713730877], [-97.5141677862932, 32.8969482718648], [-97.514242717466, 32.8968320132372], [-97.5143828007514, 32.8967608553452], [-97.5146271335255, 32.8966764757691], [-97.515373731443, 32.8960812561287], [-97.5154649724281, 32.8957783697565], [-97.5152103063332, 32.8955304890923], [-97.515222346453, 32.8954723181359], [-97.5148689231691, 32.8953512037606], [-97.5146165774226, 32.895449351003], [-97.5144089345396, 32.8955301111973], [-97.5143177411653, 32.8956205396879], [-97.5142756434161, 32.8956206000304], [-97.5141839137475, 32.895801741852], [-97.5141646062571, 32.8958398668813], [-97.5141599691536, 32.8958454357214], [-97.5141163218106, 32.8958978867407], [-97.5140900505801, 32.8959294570528], [-97.5140733616788, 32.8959495087775], [-97.5138355659449, 32.8959824812733], [-97.5138160230959, 32.8960082926479], [-97.5137769014653, 32.8960599726997], [-97.5136824301384, 32.8960728866737], [-97.5136140440908, 32.8960344110059], [-97.5135570325113, 32.8959604827652], [-97.5135000209318, 32.8958865552172], [-97.5134573042434, 32.8958578707598], [-97.5134234709949, 32.8958351511303], [-97.5133469192613, 32.8957837462592], [-97.5133347452926, 32.8957706791243], [-97.5133149275591, 32.895749409952], [-97.5131612347971, 32.8955844692255], [-97.5131384409451, 32.8955715612146], [-97.5131123709373, 32.8955587776581], [-97.5130635070774, 32.8955330875918], [-97.5129625472192, 32.8954236820248], [-97.5129690564118, 32.8953013826038], [-97.5129480106813, 32.8952519875894], [-97.5129169496337, 32.8951790867853], [-97.5129390140537, 32.8950673824738], [-97.5129462670513, 32.8950306631005], [-97.5130167596483, 32.8948323317576], [-97.512958725786, 32.8947833618999], [-97.512900692822, 32.8947343905065], [-97.5128811230235, 32.8946622390396], [-97.5128290539747, 32.8944702655406], [-97.5128681297913, 32.8943347835585], [-97.5128133936444, 32.8941933205818], [-97.5127834761522, 32.8941159927127], [-97.512793205805, 32.8940389265161], [-97.5128062735974, 32.8939354388111], [-97.5127671986792, 32.8938777058073], [-97.5127583296124, 32.8938144882796], [-97.5127509301894, 32.8937617403426], [-97.5127053236208, 32.8936908168334], [-97.512697181291, 32.8936392945562], [-97.5126965839113, 32.8936288965642], [-97.5126925585606, 32.8935588984727], [-97.5126890641141, 32.8934981276626], [-97.5126846255383, 32.8934921671938], [-97.5126369366748, 32.893433286612], [-97.5126504221839, 32.893372164212], [-97.512680359439, 32.8932364844322], [-97.5126608938451, 32.8932241697141], [-97.512648177294, 32.8932161235843], [-97.5125872104323, 32.8931775493707], [-97.5125628975291, 32.8931621653913], [-97.512537570428, 32.8931461417612], [-97.5125131739815, 32.8931307042209], [-97.5124903747396, 32.8930597968012], [-97.5123893906269, 32.8929762275927], [-97.5123372560011, 32.8928860935985], [-97.5123144594541, 32.8928088634022], [-97.5123203335378, 32.8927981583108], [-97.5123516667749, 32.8927410393245], [-97.5123888731973, 32.8926732167035], [-97.5123503049289, 32.8926477913161], [-97.5123128954872, 32.892623131542], [-97.5122819287627, 32.8926027177517], [-97.5122668011334, 32.8925682912033], [-97.5122281807627, 32.8924804084016], [-97.5121744327626, 32.892358099637], [-97.5121649618245, 32.8922912113117], [-97.5121516281308, 32.892197057658], [-97.5121393499575, 32.8921788720011], [-97.5121287049213, 32.8921631091846], [-97.5121101466259, 32.8921356296637], [-97.5120850764429, 32.8920985062733], [-97.5120734854808, 32.8920813434416], [-97.5120734899724, 32.8920502401852], [-97.512074158319, 32.8920484992352], [-97.5120807645296, 32.8920313130103], [-97.5120926519357, 32.8920003892624], [-97.5121288603299, 32.8919061900409], [-97.5121229934328, 32.891891490002], [-97.5121060808509, 32.8918491051779], [-97.5120957538184, 32.8917986242904], [-97.5120790289844, 32.8917168665085], [-97.5120554571914, 32.8916016472498], [-97.5120438150253, 32.8915511782904], [-97.5120079399061, 32.8914250589453], [-97.5119895711552, 32.8913604871771], [-97.5119594946612, 32.8912553059171], [-97.511935549169, 32.8911984054427], [-97.5119058149331, 32.8911263001266], [-97.5118878917465, 32.8910828430488], [-97.511835755324, 32.8910251172378], [-97.5118319931796, 32.8910231612866], [-97.5117773783053, 32.8909940550981], [-97.5117510585658, 32.8909800511454], [-97.5117299355802, 32.8909591700522], [-97.5117078783467, 32.8909346810389], [-97.5116472708111, 32.8908594450753], [-97.511604492139, 32.8908063438649], [-97.5116045002238, 32.8907354240244], [-97.5115654190174, 32.8906582017594], [-97.5115606857942, 32.8906338929462], [-97.511549148731, 32.8905746461263], [-97.5115350505709, 32.8905613044035], [-97.5114742211514, 32.8905037359065], [-97.5113960344841, 32.8904652638543], [-97.5113602150604, 32.8904138513413], [-97.5114107758379, 32.8903565610946], [-97.5114351534197, 32.8903289376915], [-97.5114351480298, 32.890259136889], [-97.5114188804384, 32.8902074677853], [-97.5113178981223, 32.8901153772659], [-97.5112791960049, 32.8899934046841], [-97.5112544725717, 32.8899154877895], [-97.5111517825583, 32.8898924747104], [-97.511137877536, 32.8898372977589], [-97.5110736363151, 32.8897830840529], [-97.5110736264336, 32.8897635672615], [-97.5110893325781, 32.8897325989709], [-97.5111183095342, 32.8896754576413], [-97.5111127211148, 32.8896088426217], [-97.5111183939758, 32.889601128824], [-97.5112258432636, 32.8894549761428], [-97.5111902430289, 32.8894409515798], [-97.5110630963819, 32.8893908615737], [-97.5109954909702, 32.8893642290643], [-97.5109955062416, 32.8892869867458], [-97.5110013309179, 32.8892727532055], [-97.5110117909011, 32.8892471955879], [-97.511007813161, 32.8892305406258], [-97.5109922085262, 32.8891652061335], [-97.5109844973878, 32.8891329250894], [-97.5108905740332, 32.8890961708199], [-97.5108521692582, 32.8890811429327], [-97.51084386613, 32.8890637449179], [-97.5107968078839, 32.8889651417702], [-97.5107642897689, 32.8889343225594], [-97.5107180849223, 32.8888905340064], [-97.5106274556899, 32.8888046390107], [-97.510583255883, 32.8887085324384], [-97.5105488917301, 32.8886338120618], [-97.5105297423432, 32.8885921754937], [-97.5104669527998, 32.888550901744], [-97.5104222679026, 32.888521528461], [-97.5104150984483, 32.8885132269368], [-97.5103947300476, 32.8884896417028], [-97.5103278019656, 32.8884121444086], [-97.5102691662321, 32.8883736616418], [-97.5102302745702, 32.8883620244016], [-97.5101786753403, 32.8883465815015], [-97.5101616855033, 32.8883414979867], [-97.5101443803576, 32.8883289706178], [-97.5101307412367, 32.8883190955166], [-97.5101117185122, 32.888305326496], [-97.5100997942752, 32.8882966945493], [-97.5101022637439, 32.8882813504569], [-97.5101121209575, 32.8882201098423], [-97.5101211256699, 32.8881641503488], [-97.5101226222631, 32.8881548719154], [-97.5101106809581, 32.8881334055394], [-97.5100983479876, 32.8881112346004], [-97.5100868756031, 32.8880906123257], [-97.5100488903413, 32.8880223169419], [-97.5100268061583, 32.8879826157374], [-97.5100151478226, 32.8879616547315], [-97.5099888128117, 32.8879247393004], [-97.5099351636263, 32.8878495407613], [-97.5099141690998, 32.8878201114241], [-97.5099060375498, 32.8877911158268], [-97.5099044780745, 32.8877855494977], [-97.509897983255, 32.8877623902764], [-97.5098979068982, 32.8877621187113], [-97.5098979895432, 32.8877617935875], [-97.5099043289542, 32.8877367658405], [-97.509907653619, 32.8877236318904], [-97.5099142167105, 32.8876977238084], [-97.5098913995023, 32.8876526877062], [-97.5098848741401, 32.8876398026787], [-97.5098723498284, 32.8876150849346], [-97.509868584989, 32.8876076493181], [-97.5098458064084, 32.8875818219176], [-97.5098282075136, 32.8875297084493], [-97.5098239971099, 32.8875172398049], [-97.5098237509715, 32.8875156798099], [-97.5098234410527, 32.8875155892879], [-97.5098132299029, 32.887485354194], [-97.5098295244438, 32.8874207478719], [-97.5098028471748, 32.8873235384457], [-97.5097853641628, 32.8872598364735], [-97.509746911777, 32.8871197245614], [-97.5097262550171, 32.8870444521667], [-97.5097115531891, 32.8870201551861], [-97.5096726534424, 32.8869558653536], [-97.5096447005657, 32.8869096671679], [-97.5096261710163, 32.8868790426201], [-97.5095988595368, 32.8868339072813], [-97.5095860756119, 32.8868127777822], [-97.5096311737341, 32.88670775331], [-97.5096447364983, 32.8866761714137], [-97.5096638769021, 32.8866315987219], [-97.5096902334725, 32.8865702204284], [-97.5097033830116, 32.8865395972719], [-97.5096966195959, 32.8865265431064], [-97.5096367756283, 32.8864110342133], [-97.5095836456691, 32.8863084813025], [-97.5095715229043, 32.8862850810543], [-97.509553588938, 32.8862504664784], [-97.5095678344218, 32.8862394384826], [-97.5096485615248, 32.8861769449718], [-97.5097622478156, 32.8860889351325], [-97.5098421745197, 32.8860270623557], [-97.5098858694734, 32.8859932352336], [-97.5099343183116, 32.8859557283162], [-97.5098975278092, 32.8859232899496], [-97.5098858533037, 32.8859129959085], [-97.5098534331051, 32.8858844115697], [-97.509809192874, 32.8858454034222], [-97.5097939367855, 32.8858319523589], [-97.509762807466, 32.8858045055751], [-97.5097258992842, 32.8857719630509], [-97.5097034818263, 32.8857521964356], [-97.5096862135116, 32.885660628587], [-97.5096631286054, 32.8855382100772], [-97.5096595308527, 32.8855191313922], [-97.5096482120801, 32.8854591109433], [-97.5096470703214, 32.8854530601641], [-97.5096155807775, 32.8852860649814], [-97.5095903947118, 32.8852041699298], [-97.509547152509, 32.8850635523565], [-97.5095394755066, 32.8850385917408], [-97.5095326033946, 32.8850162427502], [-97.5095295365463, 32.8850062684572], [-97.5095243972845, 32.8849895598918], [-97.5095230525066, 32.8849851852934], [-97.5095067543724, 32.884932189192], [-97.5094781286575, 32.8848391026988], [-97.5094657947887, 32.8847989919525], [-97.5094533656984, 32.88475857793], [-97.5094017089763, 32.8845905969799], [-97.5093918589492, 32.8845585632128], [-97.5094611558885, 32.8844136212859], [-97.5094853493158, 32.8843630162162], [-97.509615918544, 32.8840899171704], [-97.5096748983323, 32.8839253590847], [-97.5096749675026, 32.8839191890086], [-97.509682148635, 32.8839015538592], [-97.5096839713167, 32.8839000458527], [-97.5097132977174, 32.8838182249583], [-97.5097619873041, 32.8836823781627], [-97.5098106786875, 32.8835465326676], [-97.5095800137804, 32.8829672548131], [-97.5095557008772, 32.8829552887039], [-97.5095285466028, 32.8829419247109], [-97.5093743391062, 32.8828660279052], [-97.5094525796725, 32.8826704009805], [-97.5095450226034, 32.8824392575689], [-97.5095735827413, 32.882367848974], [-97.5096475033094, 32.8823581052273], [-97.5096854885712, 32.8823530975627], [-97.5096936964779, 32.8823270113824], [-97.5097158543227, 32.8822565803922], [-97.5097230022174, 32.8822190779285], [-97.5097414230707, 32.8821224444351], [-97.5097506685316, 32.8820739405588], [-97.5097625370731, 32.8820116734469], [-97.5097526070959, 32.8819918343252], [-97.5097171110658, 32.8819209225176], [-97.5097006700995, 32.8818880752994], [-97.5096860643913, 32.8818588967056], [-97.5096635732715, 32.8818139632517], [-97.5095998629549, 32.8816866826057], [-97.50959546121, 32.8816778878184], [-97.5095431990234, 32.8816450985989], [-97.5095123697412, 32.8816257557902], [-97.5094378086743, 32.8815789731832], [-97.5094292324583, 32.8815735943097], [-97.5093970377368, 32.8815533937321], [-97.5093317715382, 32.881563858774], [-97.5093070588847, 32.8815678201301], [-97.509253175239, 32.8815764602762], [-97.5092145890043, 32.8815826463577], [-97.5091666782569, 32.8815903291686], [-97.5091509469597, 32.8816023128134], [-97.5091264813429, 32.8816209502634], [-97.5091176580902, 32.8816276727201], [-97.5091084009512, 32.8815690513113], [-97.5091013815155, 32.8815245982637], [-97.509101855826, 32.8815140404259], [-97.5091010141046, 32.8815079825876], [-97.5090908074464, 32.8814345853947], [-97.5090644948933, 32.8812453782979], [-97.5090437806412, 32.8810964137495], [-97.509039215403, 32.8810635843314], [-97.5089776888908, 32.8808891560131], [-97.50900385951, 32.8806184196311], [-97.5090125147778, 32.8805288720667], [-97.5090200884739, 32.8804505319244], [-97.5089874454931, 32.8803127599907], [-97.5089712479703, 32.8802443944876], [-97.5089847550389, 32.8801788225198], [-97.5089936330888, 32.8801357342615], [-97.5090257999625, 32.8799795978995], [-97.5090271842664, 32.8799573600409], [-97.5090344228909, 32.8798410142378], [-97.5090363614553, 32.8798098621742], [-97.5090430152766, 32.8797029433623], [-97.5090494795534, 32.8795990677399], [-97.5091051005408, 32.8795620764011], [-97.5091081287617, 32.8795600628611], [-97.5091109943874, 32.8795559890072], [-97.5091765525385, 32.8794627761601], [-97.5091634802545, 32.8793882411187], [-97.5091515371528, 32.879320136686], [-97.5091326860066, 32.8792126499593], [-97.5091212145204, 32.8791472371654], [-97.5091281611925, 32.8790634043673], [-97.5091311471925, 32.8790273490425], [-97.5091339688008, 32.8789932966941], [-97.5091481109783, 32.8788226213314], [-97.5091496974031, 32.8788034846188], [-97.5091538242635, 32.8787536722633], [-97.5091364517443, 32.8787378617931], [-97.5091254563652, 32.8787278535987], [-97.5091082248814, 32.8787121721304], [-97.5090626272959, 32.8786706742414], [-97.5090542136749, 32.8786223970668], [-97.509041702838, 32.8785505961129], [-97.5090300858247, 32.8784839206749], [-97.5090214413367, 32.8784343057997], [-97.5090059642627, 32.878345481788], [-97.5089975452519, 32.8782971659606], [-97.5089977886953, 32.8782691050019], [-97.5089985432801, 32.8781824611248], [-97.5090001494679, 32.8779977751787], [-97.5090008546454, 32.8779165071145], [-97.5089737111508, 32.8778654675545], [-97.5089582538397, 32.8778364045733], [-97.5089548582079, 32.8778300205691], [-97.5088908002433, 32.8777095716296], [-97.5088905118841, 32.8777091996941], [-97.508890431934, 32.87770887906], [-97.5088608225639, 32.8776532094214], [-97.508868931656, 32.8775651247272], [-97.5088706133022, 32.8775468515707], [-97.508876926662, 32.8774782485504], [-97.5088804031422, 32.8774404958556], [-97.5088738885597, 32.8774083365311], [-97.5088598011795, 32.8773782005923], [-97.5088297219905, 32.877287251783], [-97.5088250390729, 32.8772730894956], [-97.5088971639087, 32.8771142306047], [-97.508898594925, 32.8771110793163], [-97.5089023031705, 32.8771029147855], [-97.5089405157061, 32.8770187496095], [-97.5089456208318, 32.877007503941], [-97.5089941298572, 32.876900660965], [-97.5090134391442, 32.8768581316623], [-97.5090335407453, 32.8768138527911], [-97.5090370262086, 32.8767962094379], [-97.5090387527706, 32.876787464713], [-97.5090628931972, 32.8766651825716], [-97.5091294098507, 32.8765932706381], [-97.5091663782196, 32.8765533025219], [-97.5092909089725, 32.8764186682993], [-97.509291881848, 32.8763757155221], [-97.5092925483979, 32.876346249179], [-97.5092941896199, 32.876273830754], [-97.5089562452067, 32.876122896289], [-97.5089806820774, 32.8760713705867], [-97.5089846759871, 32.8760629502025], [-97.5089982782771, 32.8760342744164], [-97.5090051207447, 32.8760198463633], [-97.5090491211256, 32.8758545384607], [-97.5090829382045, 32.8757274884175], [-97.5090931206082, 32.8756892302498], [-97.5090686837375, 32.875546191634], [-97.5090372121599, 32.8753619724829], [-97.5090247561201, 32.87528906135], [-97.5090391058085, 32.8752732691231], [-97.509113235684, 32.8751916801813], [-97.5091470509663, 32.8751544651934], [-97.5091823421806, 32.8751156213212], [-97.5092364926259, 32.8750560246211], [-97.5093031242637, 32.8750276842421], [-97.5093558086585, 32.875005276143], [-97.5093944667585, 32.8749888350332], [-97.5095524399928, 32.8749216461487], [-97.5095891810879, 32.8749457623589], [-97.5097486392373, 32.8750504303318], [-97.509823609936, 32.8750996389407], [-97.5098439046749, 32.8751129611121], [-97.5098683352574, 32.875127242194], [-97.509917178456, 32.875161056111], [-97.5099450262298, 32.8752040803956], [-97.5099959184856, 32.8752827050771], [-97.5100202430668, 32.875320285921], [-97.5100669788178, 32.8753924893515], [-97.5102917013693, 32.8754667086196], [-97.5104594518671, 32.8754450452759], [-97.5105678291146, 32.8754310494283], [-97.5106532184739, 32.8754200215951], [-97.5109854478054, 32.8754815962239], [-97.511080095202, 32.8754820602119], [-97.5111553201239, 32.875482429139], [-97.5112118016974, 32.8754827060229], [-97.5114381510978, 32.8754838173308], [-97.5115197567532, 32.8755103129292], [-97.5115431075607, 32.8755178959244], [-97.5116123523977, 32.8755403785847], [-97.5119239375456, 32.8756415489764], [-97.5119651199115, 32.8756549201057], [-97.512096037686, 32.8756974281066], [-97.512111919002, 32.8757151335434], [-97.5121469236536, 32.8757541574665], [-97.5121741929124, 32.8757845542426], [-97.5122135939191, 32.8758755294905], [-97.5122366860118, 32.8759288463668], [-97.5122604940617, 32.8759838139429], [-97.5123038764017, 32.8760839773963], [-97.5123210638681, 32.87612365828], [-97.5123407028368, 32.8761690035285], [-97.5123450174451, 32.8761789629728], [-97.5123467970077, 32.8761830739498], [-97.5125643465117, 32.8762843899704], [-97.5125591470628, 32.8763394689839], [-97.5125580196771, 32.876351406563], [-97.5125545000778, 32.8763886942295], [-97.5125479118335, 32.8764584810609], [-97.5126583866472, 32.8764594633466], [-97.5127275209914, 32.8764600774639], [-97.5127670558471, 32.8764604290347], [-97.5129517746223, 32.8764620691954], [-97.5129751155484, 32.8764814697142], [-97.513019545324, 32.876518398211], [-97.5130592562494, 32.8765514066067], [-97.5131668447761, 32.8766408321977], [-97.513215090595, 32.8766809323018], [-97.5132438492605, 32.8767048375441], [-97.5132843641782, 32.8767385112877], [-97.5133404774424, 32.8767123593274], [-97.5133906249948, 32.8766889897407], [-97.5134980401466, 32.8766389294944], [-97.5135412751629, 32.8766187806031], [-97.5136576411282, 32.8766326321647], [-97.5137056587751, 32.8766383493283], [-97.5137953214202, 32.8766490224221], [-97.5139498271575, 32.8766106401691], [-97.513969576619, 32.8766057340295], [-97.514036122917, 32.8765892034378], [-97.5140651582636, 32.8765819902112], [-97.5140828712443, 32.8765775903011], [-97.5141438318178, 32.8765624463702], [-97.5143504560113, 32.876595685609], [-97.5144084925685, 32.8766050233447], [-97.5144890669579, 32.8766179854208], [-97.5146277336001, 32.8766077340566], [-97.5147058663686, 32.8766019580446], [-97.5147789353338, 32.8765965562357], [-97.5148276222256, 32.8766045156048], [-97.5148829701252, 32.8766135643882], [-97.5150822425064, 32.8766461419619], [-97.5151304982068, 32.876654030409], [-97.5151925771828, 32.8766641791637], [-97.5152935559056, 32.8767087123565], [-97.5153068015644, 32.8767088443838], [-97.5153606349045, 32.8767093815462], [-97.5154088394009, 32.8767098621256], [-97.5154537893011, 32.8767103110183], [-97.5156518139223, 32.8767122876554], [-97.5157430180765, 32.8767201745877], [-97.5157886300351, 32.8767241172992], [-97.5159882671322, 32.876835087278], [-97.5160915688983, 32.8768925092402], [-97.516122444893, 32.876909671996], [-97.516166422816, 32.8769341173555], [-97.51623482683, 32.8769433162387], [-97.5163032326405, 32.8769525166297], [-97.5163574190185, 32.8769502706631], [-97.5164073500769, 32.8769482004808], [-97.5164953858731, 32.8769445512564], [-97.5166079447782, 32.8769943510486], [-97.5166334281861, 32.877005626142], [-97.5167103401441, 32.8770396543576], [-97.516774134004, 32.8770448003847], [-97.5167967616677, 32.8770466261265], [-97.5168568966895, 32.8770514779222], [-97.5170039796476, 32.8771490954502], [-97.5170490795664, 32.8771790285233], [-97.5171689669276, 32.8771441259676], [-97.5172086607851, 32.8771325694865], [-97.5172559714578, 32.877158992166], [-97.5173454472534, 32.8772089676217], [-97.5174754730008, 32.8771790202244], [-97.5175592229348, 32.877159733024], [-97.517635329104, 32.8771422044141], [-97.5176920235782, 32.8771627145621], [-97.5177011953772, 32.8771660310706], [-97.5177255055854, 32.8771748263055], [-97.5177972504339, 32.8772007812212], [-97.5178275047944, 32.8772117265992], [-97.5179460878018, 32.8771874261683], [-97.5179656019047, 32.877183429158], [-97.5180139052159, 32.8771735301816], [-97.518029790125, 32.8771702755373], [-97.5180554990101, 32.877165008053], [-97.5181144994597, 32.8771903526316], [-97.5181867374832, 32.8772213818881], [-97.5182203183052, 32.8772358074823], [-97.5182934393727, 32.8772672162046], [-97.5183041445959, 32.8772642354244], [-97.5184045825329, 32.8772362503368], [-97.5184914136883, 32.8772120570428], [-97.5185286533484, 32.8772016812651], [-97.5185695239988, 32.8771902930311], [-97.5186059255308, 32.8771801511265], [-97.5187915812489, 32.8772559984817], [-97.5188302222808, 32.8772438052702], [-97.5188615330601, 32.8772339244071], [-97.5189214884188, 32.8772150038751], [-97.5189964923551, 32.8771913371726], [-97.5190089645645, 32.8771873990085], [-97.5190250210519, 32.8771823329601], [-97.5190423782998, 32.8771768564973], [-97.519078105197, 32.8771815890846], [-97.5191003923992, 32.877184541199], [-97.5191182185677, 32.877186903343], [-97.5191791584799, 32.8771949773337], [-97.5192975546377, 32.8771678190881], [-97.5193622144736, 32.8771529868408], [-97.5194085702372, 32.8771423545473], [-97.5194618187739, 32.877130140196], [-97.5194636666085, 32.8771285324884], [-97.5195039569473, 32.8770934933596], [-97.5195470293685, 32.8770566941114], [-97.5195628478024, 32.8770431768324], [-97.5196136089041, 32.8769998063984], [-97.5196645550588, 32.87695505381], [-97.5197321928098, 32.8769214344683], [-97.5197586248388, 32.8769136939153], [-97.5197936088292, 32.8769327140976], [-97.5198452080591, 32.8770307187836], [-97.5198518115748, 32.8770432613295], [-97.5199248095731, 32.877181910475], [-97.5200168078379, 32.8773429789885], [-97.5200193869011, 32.8773474935349], [-97.5200478464276, 32.8773921599196], [-97.5200890162171, 32.8774567780794], [-97.5201071235583, 32.8774851968974], [-97.5201372171203, 32.8775184078761], [-97.5201589168243, 32.8775384479242], [-97.5203572855003, 32.8776611641691], [-97.5205463242738, 32.8779945914812], [-97.5206479542751, 32.8781001106232], [-97.5207143298931, 32.8781690285136], [-97.5208614856148, 32.8783218184051], [-97.5209507601877, 32.8783300084742], [-97.5210612062553, 32.8783205871787], [-97.5211054860122, 32.8783168105124], [-97.5211716514245, 32.8783111673911], [-97.5212639084042, 32.8783467484722], [-97.5213561635872, 32.878382329539], [-97.5214012410482, 32.8784248731989], [-97.5214463185091, 32.8784674153295], [-97.5214499926186, 32.8786822312764], [-97.5214504660308, 32.8787100303189], [-97.5216490296412, 32.87871885256], [-97.521715549888, 32.878627039046], [-97.5217512354626, 32.8785777871296], [-97.5219979415858, 32.8784726812276], [-97.5220191211652, 32.8784776974102], [-97.5220422662585, 32.8784831783192], [-97.5220865891346, 32.8784936776728], [-97.5224649065317, 32.8786540044661], [-97.5224797224457, 32.8786602835459], [-97.5226665863978, 32.8787248336375], [-97.5228728288073, 32.878699470637], [-97.5228670795894, 32.8785773201401], [-97.5227227275098, 32.8784808916523], [-97.5226931828184, 32.8784658182082], [-97.5225834104873, 32.8784116744968], [-97.5224651760263, 32.8783578649637], [-97.5224643576611, 32.878357643162], [-97.522415470445, 32.8783444082374], [-97.5223154520212, 32.8783157701562], [-97.522194706769, 32.8782686644157], [-97.5220550232339, 32.8782007522565], [-97.5220200760744, 32.878180272526], [-97.5219705052403, 32.8781512232278], [-97.5219162676584, 32.8781062139601], [-97.5218851652884, 32.8780552514612], [-97.521877217893, 32.8779888698785], [-97.5219322262295, 32.8779193452852], [-97.5219645125791, 32.8778847583735], [-97.5220211172218, 32.8778557640521], [-97.5220367434162, 32.8778477595294], [-97.5221142374824, 32.8778242272848], [-97.5222105045415, 32.8777908308303], [-97.5222851293888, 32.877742111079], [-97.5223047333233, 32.8777140039242], [-97.522307949292, 32.8776622497989], [-97.5223133023528, 32.8775761319238], [-97.5223000180663, 32.8775226877843], [-97.5222741735356, 32.8774043334953], [-97.5222575421265, 32.8773119128072], [-97.5222543072931, 32.877293930811], [-97.5222558676668, 32.8772305083155], [-97.5222510706631, 32.8772185882068], [-97.5222231851601, 32.8771493142372], [-97.5221994004663, 32.8771109442719], [-97.5221048015787, 32.8769583310953], [-97.5220749290022, 32.876818989778], [-97.5220751715474, 32.876726034335], [-97.5220979106022, 32.8766629818642], [-97.5221702061179, 32.876615826961], [-97.5222831477053, 32.8766032670024], [-97.5223654127241, 32.876631805296], [-97.5225691703935, 32.876760710723], [-97.5225385459271, 32.8766260700254], [-97.5225255149656, 32.8765818219705], [-97.5225266100119, 32.8765337239702], [-97.5225277032616, 32.8764856282072], [-97.5225470053621, 32.8763950028931], [-97.5225200990228, 32.8762964769371], [-97.5225240156774, 32.8762603299534], [-97.522537537119, 32.8761354608423], [-97.5225333186305, 32.876075269569], [-97.5225314151004, 32.8760703777343], [-97.5225027866906, 32.8760325995431], [-97.5225100792141, 32.8759847637927], [-97.5225112596003, 32.8759770291934], [-97.5225173726359, 32.8759369280165], [-97.522522490338, 32.8759263996909], [-97.5225356865896, 32.875899251619], [-97.5225313064042, 32.8758110927547], [-97.5225165704403, 32.8757097158371], [-97.5225153343585, 32.8756940594862], [-97.522514330042, 32.8756813575603], [-97.5225112730751, 32.8756426640546], [-97.5225088036064, 32.8756113988568], [-97.5225046111689, 32.8755960178632], [-97.5224842858873, 32.8755214448655], [-97.5224673939667, 32.875484248123], [-97.5223649869226, 32.8754538640696], [-97.522337396067, 32.8754373966371], [-97.5222769349568, 32.8753868950834], [-97.5222713923515, 32.8753420451107], [-97.5222637198407, 32.8752886728063], [-97.5222628044574, 32.8752823104977], [-97.5222597600669, 32.8752674266321], [-97.5221928059338, 32.8752539279417], [-97.5221111508711, 32.8752105385254], [-97.5220682590112, 32.8751822404453], [-97.5220530074144, 32.8751721790377], [-97.5220246044817, 32.8751542788431], [-97.5220041579275, 32.8751413927529], [-97.5219936898595, 32.8751393459164], [-97.5219732244407, 32.8751353465504], [-97.5219206900646, 32.8751250776623], [-97.5218812243792, 32.8751234819897], [-97.5218067980596, 32.8750860866583], [-97.521787219278, 32.8750661977013], [-97.5217561573321, 32.8750346395713], [-97.5217275648549, 32.875005593769], [-97.5217260089728, 32.8750040116745], [-97.5216635437212, 32.8749718733453], [-97.5215806606616, 32.8749301677385], [-97.5215319522102, 32.8748994688867], [-97.521445098597, 32.8748400599011], [-97.521415335615, 32.8748129854333], [-97.5214014045415, 32.8748048576592], [-97.5213607063676, 32.8747811126041], [-97.5213434623074, 32.8747710519055], [-97.5212363849222, 32.8747147278152], [-97.5211923971177, 32.874693408321], [-97.5211744577614, 32.8746875235422], [-97.5211262236206, 32.8746541055356], [-97.5210121079351, 32.8746270559081], [-97.5209251114897, 32.8746121304373], [-97.5208779014283, 32.8745937895252], [-97.5207986843933, 32.8745611425413], [-97.5207303567361, 32.8745378629228], [-97.5206538597998, 32.8745326496032], [-97.5205599580048, 32.8745456014199], [-97.5203955716977, 32.8745574245627], [-97.5203591890304, 32.8745526729738], [-97.520266536792, 32.8745296279902], [-97.5201490308646, 32.8744862299203], [-97.5200639145931, 32.8744629827239], [-97.519924846404, 32.8744527363918], [-97.5198595559508, 32.8744999588381], [-97.5196236341027, 32.8744792398429], [-97.5196004755347, 32.8744807925229], [-97.5194269533611, 32.874492439885], [-97.5193670132738, 32.8744964626683], [-97.5193635664381, 32.8744966935333], [-97.5191763431598, 32.8743572487576], [-97.5188975375366, 32.8740686908457], [-97.518716188342, 32.8737593796347], [-97.5186717810243, 32.8737009076879], [-97.5185010193736, 32.873476065601], [-97.5179164892115, 32.8731597372434], [-97.517998038273, 32.8729718486557], [-97.5181296773947, 32.8728685702339], [-97.5184942999753, 32.8725779545453], [-97.5186965089491, 32.8723996624439], [-97.5187974732988, 32.8723106769629], [-97.5189809802468, 32.8721829111205], [-97.5188989380102, 32.8717497833714], [-97.5188951183736, 32.8717296160158], [-97.5188873120138, 32.8716884053345], [-97.5186721574184, 32.871684655547], [-97.518646741384, 32.8718841870225], [-97.5186421267384, 32.8719204029395], [-97.5182535541741, 32.8720786864149], [-97.5175376355202, 32.8721560576584], [-97.5172439564909, 32.8721877933615], [-97.5166878984317, 32.8718025383754], [-97.5165874227655, 32.8720145713465], [-97.5163099628186, 32.8726000765568], [-97.5160753138833, 32.8725436371613], [-97.5156100781943, 32.8724317353115], [-97.5149133071306, 32.8723488626497], [-97.5144514724633, 32.8722939312981], [-97.5143084453987, 32.8722769177901], [-97.5142284108968, 32.8722612306538], [-97.5141685588443, 32.8722282025532], [-97.514076684547, 32.8721886542233], [-97.5139173261105, 32.8721639185893], [-97.5138744046063, 32.8721543065094], [-97.513776022913, 32.8721263658321], [-97.5137116056222, 32.872120203234], [-97.5136348679374, 32.8721250703888], [-97.5135945434626, 32.87213828738], [-97.5135851767292, 32.8721461867909], [-97.5134663889059, 32.8721675657471], [-97.5134224046946, 32.8721636364137], [-97.5133590770604, 32.872146838662], [-97.5133240544424, 32.8721123053297], [-97.513289033621, 32.8720777742473], [-97.513274736035, 32.8720188341674], [-97.5132604366523, 32.8719598925394], [-97.5132649641613, 32.8719216757512], [-97.5132694898737, 32.8718834581922], [-97.5132705040717, 32.8718810121592], [-97.5132926098142, 32.8718276777588], [-97.5133184435651, 32.8717425901221], [-97.513323227094, 32.8716476707138], [-97.5133242574616, 32.8716272181397], [-97.5133384346734, 32.871473222358], [-97.513392642611, 32.8712376465544], [-97.5133871709725, 32.8712119645265], [-97.5134161506236, 32.871141872524], [-97.513445128478, 32.8710717782026], [-97.5134830481628, 32.8709979325004], [-97.5135058572862, 32.8709297771066], [-97.5135190948602, 32.8708969031807], [-97.5134943085449, 32.8708663855191], [-97.5134428808932, 32.8708442789193], [-97.5134175088763, 32.8708396003171], [-97.513345393922, 32.8708421942591], [-97.5133158887564, 32.8708432550742], [-97.5132732789676, 32.8708447882011], [-97.5132654330819, 32.8709400110196], [-97.5132620185855, 32.8709814574498], [-97.513220566725, 32.8710523976256], [-97.5131642504415, 32.8711247456215], [-97.513113347406, 32.871193258493], [-97.5130721803114, 32.8712820692999], [-97.5130396747729, 32.8713143281757], [-97.513007168336, 32.8713465885487], [-97.512887241449, 32.8713819234445], [-97.5127673136636, 32.8714172560628], [-97.5127687958838, 32.8713600523733], [-97.5127693726022, 32.8713377753824], [-97.5127878248964, 32.870625001522], [-97.5127910723062, 32.8704995510575], [-97.5127977512803, 32.870241609388], [-97.5128092272581, 32.8697982781004], [-97.5128150950535, 32.8695716070112], [-97.5128189362497, 32.8694232679457], [-97.5128245067028, 32.8692080726814], [-97.5128263114182, 32.8691383488027], [-97.5128321145349, 32.8689142081553], [-97.5128380515006, 32.8686848676134], [-97.5128436417166, 32.8684689107638], [-97.5128580497955, 32.8679123569929], [-97.5128637091818, 32.867693715949], [-97.5127992820096, 32.8676040180061], [-97.5130178600845, 32.8607531203694], [-97.5130435779528, 32.8607448683104], [-97.513072201871, 32.8607356843474], [-97.5160464546065, 32.8607658282067], [-97.516498177837, 32.8607674739398], [-97.5172140300155, 32.8607701051508], [-97.5199383741338, 32.8607800414237], [-97.5211241898348, 32.8607841500964], [-97.521128473002, 32.8607841470781], [-97.5213505059976, 32.8607840218183], [-97.5215274112265, 32.8608655402596], [-97.5216739650769, 32.8607794030514], [-97.5217811547515, 32.8608381800676], [-97.5226717957282, 32.8613265392482], [-97.5226730452847, 32.8613272251546], [-97.5227723926669, 32.8613816969743], [-97.5229867872876, 32.8614992539423], [-97.5232154893758, 32.861624653001], [-97.5232546792784, 32.8616461423974], [-97.523485679257, 32.8617728013782], [-97.5235578202626, 32.8618123551081], [-97.5236491483842, 32.8618624312715], [-97.5237417215709, 32.8619131895356], [-97.5240074782662, 32.8620589039545], [-97.5240953865016, 32.8621071033733], [-97.5241192179078, 32.86212017019], [-97.5242079040842, 32.8621687959049], [-97.5242423293225, 32.8621876698465], [-97.524415888327, 32.8622828325415], [-97.5244686859095, 32.8623117814], [-97.5244760332302, 32.8623158092634], [-97.5249042448548, 32.8625505930876], [-97.5249043185166, 32.8625506323248], [-97.5252088905171, 32.8627176235563], [-97.5252520177356, 32.8627412714855], [-97.5253928951317, 32.8628185105284], [-97.5254362657936, 32.8628422889696], [-97.5255046275867, 32.8628797702027], [-97.5255796971001, 32.8629209291404], [-97.5256009916639, 32.8629326029215], [-97.5256463952133, 32.8629574973243], [-97.5257294193085, 32.863003017573], [-97.5257510660119, 32.8630148860193], [-97.5257650905101, 32.8630225749667], [-97.5258040342743, 32.8630439274495], [-97.5258286741642, 32.8630574355444], [-97.525956911366, 32.8631277444587], [-97.5259713868185, 32.8631356816457], [-97.5260386086495, 32.8631725372272], [-97.5261478967886, 32.863232456565], [-97.5261598830095, 32.8632390272412], [-97.5262687776865, 32.8632987299765], [-97.5262742816643, 32.8633017481994], [-97.5264575119311, 32.8634022066745], [-97.5269016794318, 32.8636457245902], [-97.5269943307718, 32.8636965210705], [-97.5270401619193, 32.8637216491701], [-97.5270861799164, 32.8637387820297], [-97.527220562493, 32.8637888156051], [-97.527390661187, 32.8638521466063], [-97.5276887132151, 32.8639631176052], [-97.5282248762857, 32.8641627396472], [-97.5292261726374, 32.8645355287859], [-97.5292712024876, 32.8645522925157], [-97.5297276167205, 32.8647222143986], [-97.5299697603003, 32.864812363455], [-97.5299875361631, 32.8648278074373], [-97.5300583287974, 32.8649412513579], [-97.5301664482284, 32.8651145151092], [-97.5302450633922, 32.8652404968424], [-97.5304142844321, 32.8655116725478], [-97.5304629237132, 32.8655896146693], [-97.5306344507285, 32.865864487278], [-97.5306456823645, 32.8658856444068], [-97.5306573775312, 32.8659012255273], [-97.5306924306919, 32.8659573982736], [-97.5306868773068, 32.8662108003204], [-97.5306865709813, 32.8662248398773], [-97.5306633118019, 32.8672860396857], [-97.5306625329626, 32.8673215957654], [-97.5306469624638, 32.8680320481286], [-97.5306245081749, 32.8690565399351], [-97.5306180879156, 32.8693494661407], [-97.5305917609896, 32.8705506431461], [-97.5305877401303, 32.8707341178024], [-97.5305745816081, 32.871334392261], [-97.5305719477477, 32.8714545639122], [-97.5305543901754, 32.8722556188351], [-97.5305416376916, 32.8728374006305], [-97.530540194099, 32.8729032428494], [-97.5305125035304, 32.8741665289439], [-97.5314653366708, 32.8741763829883], [-97.5317300621001, 32.8741791179173], [-97.5320582427246, 32.8741825099837], [-97.5321572047295, 32.8741835322813], [-97.5322898814054, 32.8741849038952], [-97.5339094513362, 32.8742016243054], [-97.5339505438706, 32.8742899982831], [-97.5342757744276, 32.8749894378437], [-97.5343641731431, 32.8751795462878], [-97.5347270305342, 32.8759598866272], [-97.5352220408833, 32.8770244026209], [-97.5356640569188, 32.8770353955503], [-97.5360748600915, 32.877045610652], [-97.5373498120248, 32.8770773061284], [-97.537368417931, 32.8770777685991], [-97.5370524876321, 32.8773009214209], [-97.5370595960009, 32.8774591862368], [-97.537069115448, 32.8776711242001], [-97.5370720044299, 32.8777354426467], [-97.5365895525285, 32.8781673008707], [-97.5363228642802, 32.878406021574], [-97.5361469391133, 32.8785362808789], [-97.5361453607733, 32.8785374479761], [-97.5356983438166, 32.8788684261518], [-97.5356786015416, 32.8788886575183], [-97.5356759865458, 32.8788913379834], [-97.5355118400889, 32.8790595681334], [-97.5355114277622, 32.8790599566605], [-97.5352023920331, 32.879350333827], [-97.536475949781, 32.8793581481004], [-97.5380778866811, 32.8793679578114], [-97.5399440360726, 32.8793793616085], [-97.5407968283314, 32.8793845625724], [-97.5410044514514, 32.8793858277328], [-97.5424130367664, 32.879394403966], [-97.5433996762058, 32.8804230057697], [-97.5439391738228, 32.8809854370351], [-97.543983724871, 32.8810318812275], [-97.5439898091604, 32.8810382227545], [-97.5443166351254, 32.8813789369561], [-97.5444407903825, 32.8815083658233], [-97.5450227531595, 32.8821150460775], [-97.5453509831913, 32.8824572121175], [-97.5453517063351, 32.8824579650014], [-97.5457271311569, 32.8828493249715], [-97.5458565478467, 32.8829842338307], [-97.5459331974966, 32.8830641348245], [-97.5463003236818, 32.8834468385758], [-97.546455883143, 32.8836089963493], [-97.5475280700453, 32.8831342762426], [-97.5484983691297, 32.8827009983159], [-97.5495541024893, 32.8822127968376], [-97.550020944366, 32.881985478533], [-97.5502543653044, 32.8818863130267], [-97.5503377873533, 32.8818359147277], [-97.5504238612289, 32.8813295258812], [-97.5504430097175, 32.8813296993938], [-97.5505552533139, 32.8813307216089], [-97.5558885763085, 32.8813791745928], [-97.5576809237095, 32.8813954063024], [-97.5591863438188, 32.8814090202355], [-97.5592109450812, 32.8814069659998], [-97.5598728857663, 32.8813516841834], [-97.5598732298211, 32.8813191724632], [-97.5598850094294, 32.8813191075846], [-97.5598860236273, 32.8812514550141], [-97.5599480289415, 32.8812584664352], [-97.5599636865769, 32.8800513826076], [-97.5616973901595, 32.8800175690473], [-97.5617843596554, 32.8788660964927], [-97.5618219649298, 32.8786163556283], [-97.5619201004847, 32.8779646496304], [-97.5620406867352, 32.877163819059], [-97.5622127868756, 32.8760208648675], [-97.5675620576615, 32.8736443286622], [-97.5677541444187, 32.8761685998998], [-97.5675385954629, 32.8763936320678], [-97.5691006480627, 32.8763955181786], [-97.5712209524076, 32.8763980448126], [-97.571273889229, 32.8763981074314], [-97.5712811053957, 32.8770281959399], [-97.5712824007663, 32.8771413926389], [-97.5723321181084, 32.877132830522], [-97.5720377689359, 32.8778027606697], [-97.5720431210983, 32.8778193098958], [-97.5724507792692, 32.8790797489099], [-97.5720664278884, 32.8791773453438], [-97.5721506736924, 32.8794135752542], [-97.5721693433789, 32.8796943694222], [-97.5721880085739, 32.8799751627007], [-97.5710200962966, 32.8799742687202], [-97.5710745629489, 32.8800840894313], [-97.5710262533495, 32.8802712983084], [-97.5709617004132, 32.8802395556918], [-97.5706642080355, 32.8803233043923], [-97.5704682576243, 32.8804468888794], [-97.5705118959842, 32.8807051229884], [-97.5701482094481, 32.8809134237441], [-97.5702677177203, 32.8810080993658], [-97.5702372881884, 32.8812579647573], [-97.5700983412718, 32.8812491125929], [-97.5699988456675, 32.8810139067757], [-97.5696924078662, 32.8810663258376], [-97.5696429484233, 32.8813629421256], [-97.5693072255438, 32.8815558168662], [-97.5691944429582, 32.8817034657248], [-97.569284503557, 32.8819542306603], [-97.5690346596186, 32.8819132872624], [-97.5684814043031, 32.8822578553188], [-97.5686547189658, 32.8825248758379], [-97.5683490132914, 32.8825069567594], [-97.5682639518172, 32.882662629245], [-97.5680522494474, 32.8825203668359], [-97.5677745783965, 32.8826182514306], [-97.5677266110553, 32.8826351603567], [-97.567286456329, 32.8830617102228], [-97.5672846552069, 32.8831310022032], [-97.5672767886599, 32.883433543306], [-97.5672726635961, 32.8835921743632], [-97.5672711373584, 32.8836510026433], [-97.5672682510714, 32.8837619895988], [-97.567265765433, 32.883857665504], [-97.5672648796942, 32.8838916895803], [-97.5672615361647, 32.8840203023111], [-97.5672603441003, 32.8840661263224], [-97.5672602991845, 32.8840678991131], [-97.5672595194469, 32.884097870586], [-97.5672574272706, 32.8841783816219], [-97.5672542274716, 32.8843014462483], [-97.5672509971298, 32.8844257456172], [-97.5672505039547, 32.8844446661187], [-97.5672438914559, 32.8846990231689], [-97.5672401589559, 32.8848425961974], [-97.5672397358494, 32.8848589027101], [-97.565870773425, 32.8855134849576], [-97.5658742624815, 32.8856505434748], [-97.5658754437661, 32.8856969007336], [-97.5658861516843, 32.8861175126161], [-97.565897032079, 32.8865448068679], [-97.5673714935487, 32.8865739816558], [-97.5673656634825, 32.8868827019965], [-97.5673596753128, 32.8871998066427], [-97.5673477115499, 32.8878333132511], [-97.5673466245884, 32.887890869905], [-97.5673406660631, 32.888206366454], [-97.5673381373056, 32.8883402978276], [-97.5673381364073, 32.888340360438], [-97.5673321446443, 32.8886576635394], [-97.5673279441221, 32.888880017026], [-97.5673204952917, 32.889274476106], [-97.567318077027, 32.8894025047135], [-97.5673139366918, 32.8896217552731], [-97.5673133725498, 32.8896516320849], [-97.567308919601, 32.8898873528135], [-97.5673082826954, 32.8899211731687], [-97.5672958140793, 32.8899333503037], [-97.5589653753269, 32.8897411530816], [-97.5589617946422, 32.8899292037567], [-97.5589532624436, 32.8903769912433], [-97.5589197004863, 32.8921386582196], [-97.5585962521868, 32.8921342952887], [-97.5582306163066, 32.8921293613446], [-97.5577773219226, 32.8921232446416], [-97.5569893008908, 32.8921126050924], [-97.5565745559106, 32.8921070035823], [-97.5561391011699, 32.8921011192053], [-97.5558366554817, 32.8920970331046], [-97.5556544376163, 32.8920945710346], [-97.5555529154127, 32.8920931981892], [-97.5554430748097, 32.8920917137057], [-97.5553301853246, 32.8920901884894], [-97.5552161837251, 32.8920886474327], [-97.5549885335641, 32.8920855690906], [-97.5546141579745, 32.8920805076653], [-97.552959218676, 32.8920581151922], [-97.5509386264294, 32.8920307472768], [-97.5472796921574, 32.8919811030244], [-97.5472643857633, 32.8927832819125], [-97.5484989117122, 32.8932033887175], [-97.5491077125566, 32.8926962645126], [-97.549338181631, 32.8928276576534], [-97.5496564035322, 32.8930090774896], [-97.5501019319805, 32.8932605971675], [-97.5507773464965, 32.8938397602102], [-97.5508052041518, 32.8944785484036], [-97.5503982673281, 32.8953042654748], [-97.5496708134076, 32.8967803027108], [-97.5504721753198, 32.8979324936084], [-97.5504071813107, 32.89822981901], [-97.5502252257532, 32.8990621739745], [-97.5507529590332, 32.8994964429263], [-97.5508758288011, 32.8996867733439], [-97.5509712020365, 32.8998345058811], [-97.5511485654062, 32.9000297162794], [-97.5513458040016, 32.9002467969839], [-97.5515982737155, 32.9004378242148], [-97.5525970520895, 32.8995627337271], [-97.5535958089038, 32.8986876361013], [-97.5538850295944, 32.8984412539898], [-97.5541593211832, 32.8982075857314], [-97.5549075396615, 32.8977279641979], [-97.5550273407844, 32.8976516825606], [-97.5558376642898, 32.8972236891166], [-97.556587378463, 32.896872378005], [-97.5581095548473, 32.8961590718075], [-97.5592839260115, 32.895617263847], [-97.5610708951989, 32.8947949786852], [-97.561663950373, 32.8944843473878], [-97.5621490657793, 32.8941694147767], [-97.5628946521937, 32.8935728333767], [-97.5634643664419, 32.893111468013], [-97.5639779314932, 32.8926928128103], [-97.5649163278086, 32.8919132851019], [-97.5651171012746, 32.891745605863], [-97.5659737284414, 32.8910370784858], [-97.5666815263251, 32.8904543932826], [-97.5673380133381, 32.8899086256562], [-97.5681042268681, 32.8892697720747], [-97.5709143295533, 32.8869506437121], [-97.5721512028001, 32.8859280047196], [-97.5732357235712, 32.8850277770811], [-97.573815078539, 32.8845464524784], [-97.5751432080422, 32.8834430206368], [-97.5760447258203, 32.8826923899638], [-97.5765325352741, 32.8822856449416], [-97.5769724663198, 32.8819188177492], [-97.5775710676926, 32.8814196776669], [-97.5778818784927, 32.8811605071615], [-97.5782358982579, 32.8808653024444], [-97.5784444735922, 32.8806913799435], [-97.5787597903417, 32.8804780512808], [-97.5788975946013, 32.8803848190344], [-97.5790751088879, 32.8802647213502], [-97.5793842317536, 32.8800884499379], [-97.5795468798206, 32.8799957023697], [-97.5796702391704, 32.879931866125], [-97.5803809790367, 32.8795678869234], [-97.5809565107746, 32.8792797171474], [-97.5826367044106, 32.8784486565082], [-97.583950873196, 32.8778017557658], [-97.5847304347928, 32.8774180031152], [-97.5852540978062, 32.8775594974011], [-97.5841819674978, 32.8780970325495], [-97.5819275581557, 32.8792272759052], [-97.5800484793124, 32.8801692958031], [-97.5795993423315, 32.8804247884406], [-97.579277970937, 32.8806232742489], [-97.5791058923561, 32.8807396959747], [-97.5787905720132, 32.8809530240077], [-97.5783454172641, 32.8813242262048], [-97.5776520130862, 32.8819024254487], [-97.5769855404005, 32.8824581566171], [-97.5768359179051, 32.8825828357673], [-97.575724432404, 32.8835090307497], [-97.5738954939266, 32.8850288445158], [-97.5734947626649, 32.8853617673508], [-97.5730654910283, 32.8857183601562], [-97.5727875172451, 32.8859490846416], [-97.5718307297208, 32.8867420425798], [-97.5711846101645, 32.887274831478], [-97.5709129371647, 32.887498849513], [-97.5701155538909, 32.8881563542018], [-97.5694260555879, 32.8887248850087], [-97.5679664244052, 32.8899347163937], [-97.5665966085813, 32.8910693346979], [-97.565711273953, 32.8918001072701], [-97.5643801791111, 32.8929117874497], [-97.5624951695903, 32.8944311042805], [-97.5622526127855, 32.8945885713923], [-97.5620100550823, 32.8947460389784], [-97.5617135283936, 32.8949013565673], [-97.5612079601449, 32.8951528655926], [-97.5604061598549, 32.895521872181], [-97.5596654135632, 32.8958632072809], [-97.5588779036728, 32.8962260831763], [-97.5580103341276, 32.896629458987], [-97.5568425242582, 32.8971827693682], [-97.5559136500847, 32.8976280665718], [-97.5552238984568, 32.8980086105751], [-97.5545203451128, 32.898456582746], [-97.5541977627892, 32.8987320458429], [-97.5529799661659, 32.8997947058842], [-97.5519653828328, 32.9006862998153], [-97.5555647040042, 32.9024899280786], [-97.5571260684945, 32.9029491516379], [-97.5607312799192, 32.9040094124716], [-97.5625566889159, 32.9045461996406], [-97.5652299916581, 32.9053322621651], [-97.5679939793282, 32.9061449142619], [-97.5731059933695, 32.9076477183762], [-97.5759834607179, 32.9084935078651], [-97.5759754279826, 32.9091365177721], [-97.5759616828605, 32.9102368580644], [-97.5759354349862, 32.9123378375509], [-97.5739836518936, 32.912611783132], [-97.5739803703479, 32.9131471433672], [-97.5739611688587, 32.9131473515074], [-97.5739298886222, 32.9131476886041], [-97.5738891805668, 32.913148129771], [-97.5737709703602, 32.9131494072695], [-97.5737333111869, 32.9131498145005], [-97.5736797275785, 32.9131503936733], [-97.5736632884088, 32.9131505716483], [-97.5734529254271, 32.9131528453543], [-97.5732080635453, 32.9131554916011], [-97.572979187184, 32.9131579636435], [-97.5726322164987, 32.9131617116759], [-97.5723740200248, 32.9131644099574], [-97.5723489705031, 32.913164769678], [-97.5718516919079, 32.913170138338], [-97.5696312631381, 32.9131940857703], [-97.5696375279889, 32.9126269472961], [-97.5696370231357, 32.9126269427712], [-97.5695669823913, 32.9126263922521], [-97.5679003622992, 32.9126130508345], [-97.565300073725, 32.912592781921], [-97.5646257075429, 32.9125874547034], [-97.5646263938557, 32.912515906008], [-97.5609103491896, 32.9124911801229], [-97.5609142739291, 32.9147646513978], [-97.5609163400542, 32.9159619904922], [-97.5584173895289, 32.9159703248867], [-97.5567015534373, 32.9159760168886], [-97.5541783142633, 32.9159843452489], [-97.5537029994768, 32.9159859092672], [-97.5531078440415, 32.915987863913], [-97.552286211645, 32.9159905583379], [-97.5521707835209, 32.9159909361456], [-97.5520013379021, 32.9159914911685], [-97.5508259956591, 32.915995331836], [-97.548470963327, 32.9160029958263], [-97.5464490298957, 32.916009539967], [-97.5436909675131, 32.9160184142975], [-97.5436901635209, 32.9180017181401], [-97.5436895212255, 32.9195825790802], [-97.5436887576575, 32.9214673084819], [-97.5436886543513, 32.9217242112377], [-97.5436881054806, 32.9230751129516], [-97.5436869843831, 32.9258429205383], [-97.5436856090625, 32.9292342060715], [-97.5436847323067, 32.9313968169878], [-97.5436845957628, 32.9317334590301], [-97.5436836183958, 32.9341437715399], [-97.5436964723892, 32.9359062588165], [-97.5436854293994, 32.9374718382421], [-97.5436818523079, 32.938498397927], [-97.5436815001684, 32.9393640739487], [-97.5436810357394, 32.9405086156614], [-97.5436801787466, 32.9426233765712], [-97.5436796325709, 32.9439687265452], [-97.5436792705498, 32.9448633440233], [-97.5436784782357, 32.9468171297784], [-97.5436781108248, 32.947720405649], [-97.5436772448489, 32.9498554949181], [-97.5436749730095, 32.9529675662123], [-97.543673603977, 32.9531095865324], [-97.5436748777881, 32.9581941854673], [-97.5436730595979, 32.9601718238421], [-97.5433575946264, 32.9601694013522], [-97.543330369385, 32.9294807151148], [-97.5419344790617, 32.9294844436061], [-97.5419534658535, 32.9345507729839], [-97.5419546597145, 32.9348695797351], [-97.5419564338872, 32.9353425070961], [-97.5419547118168, 32.9353425063421], [-97.5417656056697, 32.9353423728944], [-97.5405398400915, 32.9353415028451], [-97.5392857820734, 32.9353406003762], [-97.5386253640327, 32.9353401201149], [-97.5374270159353, 32.9353392395104], [-97.5366537793764, 32.9353386650064], [-97.5365284967336, 32.9353385722715], [-97.5363956520727, 32.9353384719972], [-97.5362619540124, 32.9353383724768], [-97.5361713373564, 32.935338304622], [-97.5360250215596, 32.9353381930385], [-97.5357907840526, 32.935338018124], [-97.5356355120524, 32.9353379012629], [-97.5356379285205, 32.9330140012628], [-97.5356386408845, 32.9323284065627], [-97.5356391906534, 32.9318004585529], [-97.5356398051011, 32.93121010824], [-97.5356399641029, 32.9310574698966], [-97.5356426671336, 32.9284601091641], [-97.5356354437804, 32.9278257289929], [-97.535634616432, 32.9277531468087], [-97.5267626354971, 32.9277393085187], [-97.5264295437831, 32.9277387890078]]]}, "properties": {"CITY_NM": "Azle", "TXDOT_CITY_NBR": 2300, "CITY_FIPS": "4805168", "CNTY_SEAT_FLAG": "N", "POP1990": 8868, "POP2000": 9600, "POP2010": 10947, "POP2020": 13607, "POP2022": 13956, "POP_CD": "4", "MAP_COLOR_CD": 5, "COLOR_CD": 5, "GID": 947, "OBJECTID": 771}}, {"type": "Feature", "id": 883, "geometry": {"type": "Polygon", "coordinates": [[[-97.6076492074338, 32.7133200795212], [-97.6076482713893, 32.7130212944658], [-97.6076472176654, 32.7126845579655], [-97.6076459914651, 32.7122936848362], [-97.6076452261004, 32.7120489857758], [-97.6076437142358, 32.7115660692716], [-97.6076432345354, 32.7114134385358], [-97.6076414370065, 32.710838454575], [-97.6076412465637, 32.7107778262998], [-97.6075378298133, 32.7107784355154], [-97.6071055461255, 32.7107809865114], [-97.60656987623, 32.7107841505023], [-97.6061418676247, 32.7107866765551], [-97.6060342216059, 32.7107873122255], [-97.6057799426849, 32.7107888133448], [-97.605498519371, 32.7107904747044], [-97.6051793272893, 32.710792358284], [-97.6049628018648, 32.7107936364273], [-97.6044271328676, 32.7107967981501], [-97.6040220744212, 32.7107991896612], [-97.6038914180564, 32.7107999613846], [-97.6034634471803, 32.7108024874369], [-97.603355742771, 32.7108031231072], [-97.6029412214713, 32.7108055697952], [-97.602819997417, 32.7108062855856], [-97.6028290587233, 32.7107164028278], [-97.6028467097203, 32.7105850652684], [-97.6028561743701, 32.7104536700707], [-97.60286563902, 32.7103222784587], [-97.6028751045681, 32.7101908836299], [-97.6028845701163, 32.7100594863399], [-97.602885244751, 32.7099903004744], [-97.6028855133473, 32.7099626270203], [-97.6028858511139, 32.7099280336788], [-97.6028860541331, 32.7099072785744], [-97.6028863236277, 32.7098796035828], [-97.602886390103, 32.7098726852115], [-97.6028865185621, 32.7097810275118], [-97.6028878848997, 32.7087946432673], [-97.6028891048118, 32.7079146572329], [-97.6028892692035, 32.7077972826256], [-97.602890490014, 32.7069147590799], [-97.602891817724, 32.7059565537791], [-97.6028918868943, 32.7059496328359], [-97.6028921563888, 32.7059219596402], [-97.6028926962763, 32.7058666117112], [-97.6028929648726, 32.7058389362221], [-97.6028945854334, 32.7056728914218], [-97.6028947857577, 32.7056521353276], [-97.6028948531313, 32.7056452166285], [-97.6028953930188, 32.7055898692837], [-97.6028956625134, 32.7055621967323], [-97.6028962024009, 32.7055068455566], [-97.6028964727938, 32.7054791707118], [-97.6028966057444, 32.7054653332862], [-97.6029066120784, 32.7052785905695], [-97.6029166166157, 32.7050918467062], [-97.60292560965, 32.7050088837436], [-97.6029500078931, 32.7046650931546], [-97.6029590970472, 32.7045369963165], [-97.6029635634708, 32.7044740733697], [-97.6029773633902, 32.704279620608], [-97.6029825376862, 32.7042066741619], [-97.6029895050196, 32.7040846178779], [-97.6029924092729, 32.7040337649491], [-97.6030024138102, 32.7038470222601], [-97.6030124210424, 32.7036602829598], [-97.603013835889, 32.7035149914575], [-97.6030140371116, 32.7034942348613], [-97.6030312596123, 32.7025671435515], [-97.6030415066947, 32.7020153979216], [-97.603048476723, 32.7016402187415], [-97.6030592798626, 32.7010586624581], [-97.6030656992236, 32.7007131444555], [-97.6025899262963, 32.7007153207951], [-97.6024686070206, 32.700715875652], [-97.6018715273939, 32.7007186083604], [-97.6007580880572, 32.7007237026123], [-97.6006774013783, 32.7007240730209], [-97.6000802696494, 32.7007268034612], [-97.599613363094, 32.7007289404918], [-97.5994832259554, 32.7007295354133], [-97.59888616699, 32.7007322681212], [-97.5982958768303, 32.7007349675679], [-97.5977793365588, 32.700737332135], [-97.5976920481609, 32.700737732025], [-97.5970949631444, 32.7007404624649], [-97.5966367756371, 32.7007425601865], [-97.5964979023824, 32.7007431951725], [-97.5959008002979, 32.7007459271241], [-97.5953192812886, 32.7007485872617], [-97.5948005913486, 32.7007509608996], [-97.5947066581126, 32.7007513917829], [-97.5941096216051, 32.7007541207105], [-97.5936601980617, 32.7007561798791], [-97.5935133720218, 32.7007568519058], [-97.5929154255209, 32.7007595868807], [-97.5923426830519, 32.7007622061974], [-97.5923183045718, 32.7007623180759], [-97.5923184788449, 32.700542505357], [-97.5923190313088, 32.6998481696167], [-97.5923192487011, 32.6995692026749], [-97.5923197544526, 32.6989339566094], [-97.5923200437102, 32.6985675705852], [-97.5923204802914, 32.6980198136133], [-97.5923207830236, 32.6976375887018], [-97.5923212052318, 32.697105647647], [-97.5923216624743, 32.6965264945316], [-97.5923219292739, 32.6961914042802], [-97.5923223990928, 32.6955995100069], [-97.5923231941019, 32.694597874192], [-97.5923233809514, 32.694363117763], [-97.5923239693479, 32.6936180459424], [-97.5923241040952, 32.6934489438301], [-97.5924189760707, 32.6934485733913], [-97.5929584512297, 32.6934464724743], [-97.5933675296371, 32.6934448788315], [-97.5935928316019, 32.6934440026304], [-97.593592464191, 32.6929086315513], [-97.593592296206, 32.6926593531331], [-97.5935918883709, 32.6920668245844], [-97.5935917581152, 32.6918747564641], [-97.5935912209226, 32.6910901460955], [-97.5935907088829, 32.6903458921928], [-97.5935906810351, 32.6903055348794], [-97.5935901429443, 32.6895208955992], [-97.5935250689851, 32.6894789260546], [-97.5934599977209, 32.6894369542222], [-97.5933461569198, 32.6893600468893], [-97.5932778598054, 32.6893139054818], [-97.5932038853384, 32.6892639324758], [-97.5931184753178, 32.6892062320247], [-97.5928696374926, 32.6890384211795], [-97.5927037671686, 32.6889265627322], [-97.5925818091907, 32.6888426820353], [-97.5925411595258, 32.6888147185094], [-97.5924599221797, 32.6887518774708], [-97.59232179273, 32.6886471269354], [-97.5922223141938, 32.6885677307985], [-97.5922080884729, 32.6885563788749], [-97.5921106185696, 32.6884795864575], [-97.5920862661406, 32.688458658524], [-97.5920294485972, 32.6884098289281], [-97.5919807464341, 32.6883679699992], [-97.5919726274605, 32.6883609925011], [-97.5918590588491, 32.6882564123724], [-97.5917941214338, 32.6882006059113], [-97.5917536056179, 32.6881588073677], [-97.5916482179637, 32.6880542814374], [-97.5915346475556, 32.6879497017055], [-97.5914291943244, 32.6878520948534], [-97.5913238039752, 32.6877475685641], [-97.5912184172194, 32.6876430466886], [-97.591153550771, 32.6875803174764], [-97.5911129648865, 32.6875454395013], [-97.5911048486079, 32.6875384657191], [-97.5909994627503, 32.6874339398186], [-97.5908940759945, 32.6873294145518], [-97.5907886901369, 32.687224892943], [-97.5906833024827, 32.6871203644073], [-97.5905860086492, 32.6870241886108], [-97.5903590286314, 32.686799816323], [-97.590329289904, 32.6867719307869], [-97.5902698079574, 32.6867161634688], [-97.5901192485192, 32.6865493897887], [-97.5900594027549, 32.6864831018065], [-97.5900126202916, 32.6864312824373], [-97.58979205155, 32.6861869645822], [-97.5900130955004, 32.6861815973194], [-97.5906477570452, 32.6861812555807], [-97.5909298235529, 32.686181105125], [-97.5909952981606, 32.6861815640528], [-97.5910280363629, 32.6861817931387], [-97.5910935100724, 32.6861822543347], [-97.5911262500712, 32.6861824834206], [-97.5911917237807, 32.6861829415923], [-97.5912244610846, 32.6861831706782], [-97.5912490147362, 32.6861833430596], [-97.5914127740193, 32.6861775750853], [-97.5914209603665, 32.6861776302776], [-97.591453696772, 32.6861778623877], [-97.5915191713798, 32.6861783213156], [-97.5915519104804, 32.6861785504015], [-97.5915600950309, 32.686178608618], [-97.5915764632337, 32.6861787220269], [-97.5916173850882, 32.6861790093293], [-97.5916501232904, 32.6861792384152], [-97.5917401524482, 32.6861798704806], [-97.5918465489104, 32.6861806151987], [-97.591879288011, 32.6861808465528], [-97.5919038407643, 32.6861810181782], [-97.5920675973524, 32.6861752456673], [-97.5920757801063, 32.686175305396], [-97.5922149165674, 32.686176277688], [-97.592223101118, 32.6861763366606], [-97.5922722066246, 32.6861766814235], [-97.5923049439285, 32.6861769105094], [-97.5923704185363, 32.6861773694373], [-97.5923949730863, 32.6861775425748], [-97.592656946976, 32.6861724611017], [-97.593295398513, 32.6861700190308], [-97.5933199512664, 32.6861701914123], [-97.5933526894686, 32.6861704212543], [-97.5935491141903, 32.68617179955], [-97.5935818532908, 32.6861720278799], [-97.5935900387397, 32.6861720853403], [-97.5938537850054, 32.6861712763571], [-97.5942762950229, 32.6861699804718], [-97.5945582276816, 32.686169114028], [-97.594962887276, 32.6861678740911], [-97.5950922195241, 32.68616747716], [-97.5956491552373, 32.6861657699785], [-97.5963357403039, 32.6861636628415], [-97.5970219696377, 32.686161560241], [-97.597248045052, 32.6861608669347], [-97.5977085762638, 32.686159453104], [-97.597851855755, 32.6861590153457], [-97.5983947813431, 32.6861573482351], [-97.5983918213942, 32.6859284910826], [-97.5983901154935, 32.6857964630485], [-97.598387170816, 32.6855688630619], [-97.598385446949, 32.6854356051337], [-97.5983825193395, 32.6852092320806], [-97.5983807810994, 32.685074704177], [-97.5983778687612, 32.6848495988949], [-97.5983761116565, 32.6847138040298], [-97.5983732172847, 32.6844899710655], [-97.5983714440103, 32.6843529447643], [-97.5983685649098, 32.6841303478365], [-97.5983667763641, 32.6839920417002], [-97.5983639134333, 32.6837707133302], [-97.5983621087179, 32.683631141714], [-97.5983592628551, 32.6834110864486], [-97.59835744197, 32.6832702803419], [-97.5983546113785, 32.6830514596309], [-97.5983527752221, 32.6829093744145], [-97.598349957207, 32.682691822292], [-97.5983481057792, 32.6825484783701], [-97.5983453093237, 32.682332201651], [-97.5983434399296, 32.6821876111109], [-97.5983406578472, 32.6819725704888], [-97.5983387704868, 32.6818267121497], [-97.5983360054723, 32.6816129378784], [-97.5983341028406, 32.6814658208033], [-97.5983313548941, 32.6812533091125], [-97.5983294351944, 32.6811049521938], [-97.5983267025193, 32.6808936857034], [-97.5983247666498, 32.6807440533943], [-97.5983220510427, 32.6805340563097], [-97.5983201008003, 32.6803831508681], [-97.5983173986679, 32.680174426224], [-97.5983154322557, 32.6800222862014], [-97.5983127480896, 32.679814799983], [-97.5983107637112, 32.6796613837831], [-97.5983080975114, 32.679455165489], [-97.598306096065, 32.6793004844433], [-97.5983034460349, 32.6790955393764], [-97.5983014293171, 32.6789396176706], [-97.5982987945583, 32.6787359095475], [-97.5982967625691, 32.6785787214634], [-97.5982941430818, 32.678376280539], [-97.5982920940246, 32.6782178177489], [-97.5982894916052, 32.6780166485703], [-97.5982874263784, 32.6778569511389], [-97.5982848419253, 32.6776570234711], [-97.5982827569356, 32.6774960550941], [-97.5982801904488, 32.6772973931433], [-97.5982780928826, 32.6771351500297], [-97.5982755371756, 32.6769377613676], [-97.5982734234398, 32.6767742926562], [-97.5990222635522, 32.6767726261266], [-97.5991167124212, 32.6767724151638], [-97.599771267158, 32.6767709595969], [-97.5998520391768, 32.6767707781236], [-97.6005201027788, 32.6767692923111], [-97.601269153097, 32.6767676242691], [-97.601466527338, 32.6767671849525], [-97.6020180596848, 32.6767659592516], [-97.6020902941151, 32.6767657974379], [-97.6027670875451, 32.6767642912095], [-97.6038870109216, 32.6769105260549], [-97.6038777088668, 32.6771252688491], [-97.603865887936, 32.6773981714132], [-97.6038467026165, 32.6778410792232], [-97.6038447640521, 32.6778857974745], [-97.603834298679, 32.6781274053962], [-97.6038130813703, 32.678617273162], [-97.6038032951236, 32.6788432084957], [-97.6038025189792, 32.6788611013447], [-97.6038204897765, 32.6788610597581], [-97.6045391851229, 32.6788593494124], [-97.6045750961747, 32.6788592632146], [-97.6052758207239, 32.67885759748], [-97.6060125201052, 32.6788558440353], [-97.6060570819332, 32.6788557396906], [-97.6067492015203, 32.6788540913467], [-97.6069500872757, 32.6788536142343], [-97.6074860760731, 32.6788523386581], [-97.6078429785321, 32.6788514880219], [-97.6082225230279, 32.6788505852133], [-97.6085279645975, 32.678849859337], [-97.6089593903942, 32.6788488332807], [-97.6096958589085, 32.6788470813481], [-97.6096964823393, 32.6789256581759], [-97.6096995258315, 32.6793106791719], [-97.6097001232112, 32.6793861524896], [-97.6097031936528, 32.6797742632478], [-97.6097068596775, 32.6802378683569], [-97.6097079160963, 32.6803714637043], [-97.6097117204615, 32.6808524417444], [-97.6097178595481, 32.6816286397579], [-97.6097215264711, 32.6820922276805], [-97.6097233177118, 32.6823186940733], [-97.6097251942924, 32.6825559409758], [-97.6097257045355, 32.6826205329409], [-97.6097288612154, 32.6830195271093], [-97.6097300416017, 32.6831687730273], [-97.6097325263418, 32.6834830858856], [-97.6097373026842, 32.6840868242887], [-97.6097398592894, 32.684410354995], [-97.6097435253141, 32.6848739466234], [-97.6097449545338, 32.6850546063647], [-97.6097471922371, 32.6853375237481], [-97.6097488972395, 32.6855530945854], [-97.6097508582618, 32.6858010916616], [-97.6097512858599, 32.6858549693967], [-97.6097545269814, 32.6862646889231], [-97.6100206447995, 32.686259633917], [-97.6105527654513, 32.6862495276844], [-97.6108187736749, 32.6862444757017], [-97.6113400363899, 32.6862345758713], [-97.6113508970217, 32.6862343694673], [-97.6113512725175, 32.6867181896949], [-97.6113515006896, 32.6870123133031], [-97.6113521043574, 32.6877901755127], [-97.6113524870397, 32.6882828798676], [-97.611352707127, 32.6885680490908], [-97.6113531104705, 32.6890873827377], [-97.6113533125915, 32.6893459347929], [-97.6113538111564, 32.6899906805274], [-97.6113543564338, 32.6906944252694], [-97.6113545181306, 32.6909018083402], [-97.6113549026095, 32.6913981637082], [-97.6113551200018, 32.6916796752211], [-97.6115789702892, 32.6916783491752], [-97.6118901188558, 32.6916765105529], [-97.6121012741515, 32.6916752593522], [-97.6124253728313, 32.6916733436165], [-97.6127002716813, 32.6916717174335], [-97.6129603456342, 32.69167017668], [-97.6130624445561, 32.691669572626], [-97.6134956049996, 32.6916670104994], [-97.613705482891, 32.6916657683707], [-97.6140305598361, 32.6916638450747], [-97.6145658272864, 32.6916606773818], [-97.6148213458824, 32.6916591661126], [-97.6151008629712, 32.691657512713], [-97.6156361250316, 32.6916543442639], [-97.6156381812753, 32.6922830867979], [-97.6156383384805, 32.6923313321502], [-97.6156402384173, 32.6929119163802], [-97.6156403938258, 32.6929593282788], [-97.6156422937627, 32.6935406629093], [-97.6156464080467, 32.6947982379367], [-97.6156465805232, 32.6948511471169], [-97.6156484642904, 32.6954270490458], [-97.6156486322753, 32.6954782440461], [-97.6156505223307, 32.6960558050751], [-97.6156507190617, 32.6961155664226], [-97.615654634818, 32.697313488302], [-97.6156548234642, 32.6973709234616], [-97.6156566928584, 32.697942268841], [-97.6156568734197, 32.6979971507225], [-97.6156587500004, 32.6985710184919], [-97.6156589566129, 32.6986344717447], [-97.615662863386, 32.6998285664932], [-97.6156630673036, 32.6998907670105], [-97.6156649187314, 32.7004573217542], [-97.6156651127675, 32.7005160792934], [-97.6156669767717, 32.7010860869482], [-97.6156671959607, 32.7011533951792], [-97.615669034812, 32.7017148454445], [-97.615341182971, 32.701707302044], [-97.6152364969011, 32.7017048929029], [-97.6149169122556, 32.7016975399953], [-97.6148039419221, 32.701694941872], [-97.614492632557, 32.7016877779455], [-97.6143714309606, 32.7016849893281], [-97.6140683627399, 32.7016780151387], [-97.6139388768799, 32.7016750352713], [-97.6136440857363, 32.7016682530867], [-97.6135063290874, 32.7016650834811], [-97.6132198186141, 32.7016584910337], [-97.6130737570405, 32.7016551316899], [-97.612641260452, 32.7016451791415], [-97.6125839685981, 32.7016447769878], [-97.6125430458453, 32.7016444904911], [-97.6125103085414, 32.7016442614449], [-97.6124612012381, 32.7016439159858], [-97.6123303184978, 32.7016360792791], [-97.612199433961, 32.7016282425717], [-97.6120685503224, 32.7016204073755], [-97.6119459204046, 32.7016057053253], [-97.6118151014447, 32.70159094809], [-97.6116924679337, 32.7015762513265], [-97.611643416326, 32.7015707186846], [-97.6115616534654, 32.701561496354], [-97.6114390882264, 32.7015398805682], [-97.6113083411317, 32.7015182050587], [-97.6111858459613, 32.7014896702411], [-97.6110633445026, 32.7014611346584], [-97.6109326647816, 32.7014325431278], [-97.6108101669162, 32.7014040075268], [-97.6106877382211, 32.7013685543979], [-97.610565306831, 32.701333098987], [-97.6104510608898, 32.7012977040366], [-97.6103287004666, 32.701255330314], [-97.6102879133595, 32.7012412080031], [-97.6102063382468, 32.7012129595951], [-97.6100921614759, 32.7011706455509], [-97.6099779838066, 32.7011283299749], [-97.6098556898588, 32.7010790401424], [-97.6097415804615, 32.7010298069778], [-97.6096601391979, 32.7009877211387], [-97.6094060102956, 32.7008655704956], [-97.6092365035913, 32.7007840950643], [-97.609200687761, 32.7007644755159], [-97.6091469460491, 32.7007350356021], [-97.6090492066512, 32.70068591715], [-97.6089596482107, 32.7006368561221], [-97.6088700924651, 32.7005877950671], [-97.6088253482791, 32.7005598049828], [-97.6087806013981, 32.7005318156455], [-97.6086911130262, 32.700475833921], [-97.6086342263125, 32.7004339224425], [-97.6082257452848, 32.700157552476], [-97.6081382098503, 32.7000983282851], [-97.6081381299002, 32.7001480608846], [-97.6081366009676, 32.7011032874414], [-97.6081339356661, 32.7027672278588], [-97.6081333805073, 32.7031132670495], [-97.6081318533713, 32.7040669878479], [-97.6081317716246, 32.7041182406326], [-97.6086708775761, 32.7041151005944], [-97.6091105418222, 32.7041125418487], [-97.6092099511882, 32.7041119620679], [-97.6097490499531, 32.7041088250531], [-97.6102881235652, 32.7041056880382], [-97.6112226472435, 32.7041002447501], [-97.6113662914507, 32.7040994094726], [-97.6117841392118, 32.7040969754512], [-97.6123059103733, 32.7040939367038], [-97.6124444036406, 32.7040931324184], [-97.612974175198, 32.7040900475605], [-97.6133347885974, 32.7040879476499], [-97.6139084859755, 32.704084608807], [-97.614061602019, 32.7040837168362], [-97.6144302481538, 32.7040815708151], [-97.6146006846143, 32.7040805798205], [-97.6150863219418, 32.704077749703], [-97.6151397914641, 32.7040774397809], [-97.6154469443244, 32.7040756490362], [-97.6156787770413, 32.7040743004972], [-97.6156786270227, 32.7035357888681], [-97.6156785497675, 32.703257931797], [-97.6156783206971, 32.7024414089797], [-97.6161493334518, 32.7024379256942], [-97.6165372089234, 32.7024350584845], [-97.6166387086691, 32.7024343063427], [-97.6169250736154, 32.7024321882509], [-97.6171189866475, 32.702430755024], [-97.617135288375, 32.7024377896283], [-97.6176671188709, 32.7024553572387], [-97.618198997876, 32.7024729240897], [-97.6195411114531, 32.7024961739505], [-97.6195492942071, 32.7024962314005], [-97.6195820333076, 32.7024964619563], [-97.6196475088137, 32.7024969215562], [-97.6196802470159, 32.7024971490884], [-97.6197457207254, 32.7024976102001], [-97.619778459826, 32.7024978392441], [-97.6199748863443, 32.7024992180437], [-97.6200076254448, 32.7024994463317], [-97.6200567309515, 32.7024997910317], [-97.620226919477, 32.7026739595548], [-97.6206820113899, 32.7030092666053], [-97.6207957857155, 32.7030930924151], [-97.6209463972561, 32.7032364834793], [-97.6210216922466, 32.7033081713658], [-97.6212476149473, 32.7035232626486], [-97.6213229189209, 32.7035949563521], [-97.6213991733121, 32.7037011815147], [-97.6214787622496, 32.7038120523721], [-97.6216131672841, 32.7039992781596], [-97.6218642059819, 32.7043489824923], [-97.6219833612161, 32.7045149677721], [-97.6220916665983, 32.7046658384744], [-97.6221466057645, 32.7047423712994], [-97.6222672809482, 32.7049577063045], [-97.6223719930693, 32.7051314187589], [-97.62245482223, 32.7052703686744], [-97.6225169542066, 32.7053746008113], [-97.6226829916173, 32.705718400005], [-97.6227416012996, 32.7058397533419], [-97.622805254124, 32.7060270134253], [-97.6229325669594, 32.7064015346807], [-97.6231273136281, 32.7067150211973], [-97.6231743215686, 32.7067906898005], [-97.6233640852825, 32.7070500341423], [-97.6233977146135, 32.707095997064], [-97.6236400800771, 32.7074272352302], [-97.6236831983125, 32.7074861642998], [-97.6238049047621, 32.707636360271], [-97.6242906085649, 32.7082357621607], [-97.6244838837932, 32.7084742818596], [-97.624838606041, 32.7090302929625], [-97.6249037069496, 32.7091741045724], [-97.6249988565045, 32.7093842859937], [-97.6251661856925, 32.7094597225511], [-97.6253574199485, 32.7095459383809], [-97.6254881356021, 32.7096202304288], [-97.6257888349654, 32.709791132592], [-97.6258480420274, 32.709835038922], [-97.626203276315, 32.7100984756916], [-97.6262771950864, 32.7101311740357], [-97.6265211209238, 32.710239083021], [-97.6265864634792, 32.7102533792662], [-97.6265862586633, 32.7102741350458], [-97.6265857205725, 32.7103294832641], [-97.6265855184515, 32.710350239026], [-97.6263080836575, 32.7103552163266], [-97.6260307890006, 32.7103601906034], [-97.625899625986, 32.7103625435776], [-97.6256870791999, 32.7103663553503], [-97.6254761556695, 32.7103701384004], [-97.625385186874, 32.7103717702895], [-97.6251988322666, 32.7103751126764], [-97.6249215331181, 32.7103800877079], [-97.6247884827431, 32.7103824746951], [-97.6246442195967, 32.7103850612276], [-97.6245277799695, 32.7103871496522], [-97.6243669258381, 32.7103900362586], [-97.6240896123167, 32.7103950082659], [-97.6238897236912, 32.7103985963045], [-97.6236703757601, 32.7104025297682], [-97.6232576600742, 32.7104099333565], [-97.6229910715389, 32.7104147148876], [-97.6224257464592, 32.7104248546653], [-97.6212267659478, 32.7104463617235], [-97.6207618680254, 32.7104547018106], [-97.6204845796567, 32.7104596768378], [-97.620369363535, 32.7104617433409], [-97.6201826693645, 32.7104650925271], [-97.6199299445289, 32.7104696246237], [-97.6199300325638, 32.7106357610254], [-97.619930374822, 32.7112653101168], [-97.6199304116529, 32.711335267468], [-97.6199312345097, 32.7128566938246], [-97.6199312920019, 32.7129608059914], [-97.6199316755825, 32.7136747032734], [-97.6199320941974, 32.714448077108], [-97.6199321094688, 32.7144778246507], [-97.6199325235921, 32.7152437694402], [-97.6198922916438, 32.7152437528123], [-97.6188787126273, 32.7152432963014], [-97.6185643247357, 32.715243156476], [-97.6178248711197, 32.7152428269416], [-97.6172363739973, 32.7152425654303], [-97.6167710314088, 32.7152423560701], [-97.615717263563, 32.7152418859546], [-97.6157169257965, 32.7152764779912], [-97.6157166572002, 32.7153041520644], [-97.6157150393344, 32.7154701955672], [-97.6157147698398, 32.7154978710919], [-97.6157142281557, 32.7155532175806], [-97.615713961356, 32.7155808930796], [-97.6157134205702, 32.7156362440517], [-97.6157131501773, 32.7156639180132], [-97.6157115341081, 32.7158299631137], [-97.6157112619186, 32.7158576355036], [-97.6157107220311, 32.7159129840365], [-97.6157104543332, 32.7159406586679], [-97.6157099135474, 32.7159960079052], [-97.6157096440528, 32.7160236809993], [-97.615708026187, 32.7161897239185], [-97.6157077566924, 32.7162173999757], [-97.6157072168049, 32.7162727528202], [-97.6157069473103, 32.7163004265842], [-97.6157064083211, 32.7163557748424], [-97.6157061361316, 32.7163834478249], [-97.6157045200624, 32.7165494946091], [-97.6157042487712, 32.7165771682873], [-97.615703709782, 32.7166325163737], [-97.6157034411857, 32.7166601900261], [-97.6157029012982, 32.7167155388168], [-97.615702632702, 32.7167432116877], [-97.6157010139379, 32.7169092570463], [-97.6157007435449, 32.7169369343919], [-97.6157002036575, 32.716992282255], [-97.6156999350612, 32.7170199573075], [-97.6156993951737, 32.7170753051191], [-97.6156991247808, 32.7171029793899], [-97.615697506915, 32.7172690202998], [-97.6156972356238, 32.7172966952664], [-97.6156966957363, 32.7173520421505], [-97.6156964280383, 32.7173797163354], [-97.6156958872525, 32.7174350654354], [-97.6156956186562, 32.7174627388388], [-97.6156940007904, 32.7176287858811], [-97.6156937303975, 32.7176564622475], [-97.6156931896117, 32.7177118089084], [-97.6156929210155, 32.7177394829817], [-97.615692381128, 32.7177948341258], [-97.6156921089384, 32.7178225081733], [-97.6156904928692, 32.7179885530342], [-97.6156902233747, 32.7180162285333], [-97.6156896834872, 32.7180715764824], [-97.6156894148909, 32.7180992489326], [-97.6156888750034, 32.7181545990976], [-97.6156886073055, 32.7181822745451], [-97.6156869867447, 32.7183483202477], [-97.6156867190467, 32.7183759963909], [-97.6156861782609, 32.7184313441168], [-97.615685907868, 32.7184590172111], [-97.6156853679805, 32.7185143656412], [-97.615685098486, 32.7185420402213], [-97.6156834797218, 32.7187080844983], [-97.6156832111255, 32.7187357575067], [-97.6156826712381, 32.7187911072767], [-97.6156824008452, 32.7188187802594], [-97.6156818636526, 32.7188741284663], [-97.6156815932597, 32.7189018044463], [-97.6156812563915, 32.7189363995981], [-97.6154181820656, 32.7188439531055], [-97.6145963655144, 32.718555161402], [-97.6147370506711, 32.718397010271], [-97.6147540926103, 32.718327941217], [-97.6147544330718, 32.7182933480965], [-97.6147547007698, 32.718265674195], [-97.614755239759, 32.7182103225873], [-97.6147555101519, 32.7181826471485], [-97.6147571271194, 32.7180166041606], [-97.6147573984106, 32.7179889301732], [-97.6147579400947, 32.7179335806612], [-97.6147582077926, 32.7179059074039], [-97.6147587458835, 32.7178505593519], [-97.6147590171747, 32.7178228845573], [-97.6147606341422, 32.7176568371206], [-97.6147609054335, 32.7176291622658], [-97.614761442626, 32.7175738102631], [-97.6147617148155, 32.7175461368942], [-97.6147617803925, 32.7175392183617], [-97.6147674245075, 32.7173801214414], [-97.6147730677241, 32.7172210234815], [-97.6143915918505, 32.7172206040147], [-97.613602623096, 32.717219731826], [-97.6136021056664, 32.7169565481167], [-97.6136012495719, 32.7165209048903], [-97.6136351340245, 32.7164035196881], [-97.6137420712725, 32.7163489181934], [-97.6141350617514, 32.7163378358462], [-97.6141863618424, 32.7163391403631], [-97.614511477415, 32.7163473952494], [-97.6145849353508, 32.7163686673364], [-97.6145931199013, 32.7163687240216], [-97.6145959262383, 32.7152409404326], [-97.6134362685801, 32.7152385868313], [-97.613207826105, 32.7152381250296], [-97.6119359419184, 32.7152355446844], [-97.6118212638876, 32.7152353126498], [-97.6106774587993, 32.7152329907925], [-97.6090433352626, 32.7152296773085], [-97.6076647168472, 32.7152268800446], [-97.6076551776371, 32.7152268611492], [-97.6076531869705, 32.7145912723061], [-97.6076511981004, 32.7139557310859], [-97.6076505495168, 32.7137489034513], [-97.6076492074338, 32.7133200795212]]]}, "properties": {"CITY_NM": "Aledo", "TXDOT_CITY_NBR": 520, "CITY_FIPS": "4801744", "CNTY_SEAT_FLAG": "N", "POP1990": 1169, "POP2000": 1726, "POP2010": 2716, "POP2020": 5335, "POP2022": 5864, "POP_CD": "1", "MAP_COLOR_CD": 4, "COLOR_CD": 4, "GID": 998, "OBJECTID": 883}}, {"type": "Feature", "id": 448, "geometry": {"type": "Polygon", "coordinates": [[[-97.6749221175651, 32.6960220553028], [-97.6749431210748, 32.6935539344305], [-97.6720326954369, 32.6935333970247], [-97.6720141658875, 32.6935858155571], [-97.6713665191952, 32.6935886550792], [-97.6714023826363, 32.6916631790276], [-97.6714016433228, 32.6907495784823], [-97.6705215189232, 32.6907610881352], [-97.6666834839398, 32.6907323729697], [-97.666428299517, 32.6907304587259], [-97.6663595694146, 32.69083316632], [-97.6652334791037, 32.6908542380967], [-97.6652516205809, 32.690721629162], [-97.6652687334871, 32.6862014952785], [-97.6652803783481, 32.684061203112], [-97.6652985270118, 32.6821297405026], [-97.6651783198503, 32.682128942068], [-97.6651213873226, 32.6821285655335], [-97.6651024795825, 32.6808738674648], [-97.665164369014, 32.677883009626], [-97.6650782394428, 32.6756970055798], [-97.6643885075778, 32.6756887870092], [-97.6643954497583, 32.6745679193353], [-97.6643638218738, 32.6742640917759], [-97.6626960133106, 32.6742929128062], [-97.6615830393011, 32.6743097789459], [-97.6614101495415, 32.6742705040117], [-97.6608141326219, 32.6741721562945], [-97.6607551186976, 32.673312743025], [-97.660839804676, 32.670109915044], [-97.6602772625771, 32.6700810586356], [-97.6602766283666, 32.6701480771762], [-97.6602671412588, 32.6702563725164], [-97.6495567958242, 32.6701774870975], [-97.6494233250376, 32.6701764987513], [-97.649435534939, 32.6693112946188], [-97.6493829816982, 32.6693112779824], [-97.6492766184736, 32.6693112424409], [-97.6492184588472, 32.6693112235359], [-97.6472932766668, 32.6693105784957], [-97.6472907883335, 32.6695698426745], [-97.6472883682721, 32.6698220250679], [-97.6472861781795, 32.6700502368654], [-97.6472903876849, 32.6701048439997], [-97.6472263683479, 32.6701047729174], [-97.6469586272741, 32.6701044749765], [-97.6440667599316, 32.6700962521105], [-97.6439337984898, 32.6700958717443], [-97.641218006333, 32.6701427422221], [-97.6354226231938, 32.6731540338153], [-97.6313360046084, 32.6731299460388], [-97.6313468805115, 32.6742780172157], [-97.6313544766655, 32.6800445703069], [-97.6313538146072, 32.6801123722647], [-97.6296476066588, 32.6800856346846], [-97.6296503285541, 32.6800363468435], [-97.6297260978551, 32.6744920926015], [-97.6292462807124, 32.6745125905296], [-97.629240809074, 32.6747789845274], [-97.6269148848521, 32.6748080148465], [-97.6250355688536, 32.6748425136695], [-97.6248775174658, 32.6748485591286], [-97.6246097395611, 32.6748887911004], [-97.6238489797032, 32.67508947658], [-97.6238803093471, 32.6733488152541], [-97.6237874792422, 32.6733991737374], [-97.6219942470007, 32.6743357409232], [-97.6218498176659, 32.6744073885007], [-97.6197026474058, 32.6755670342679], [-97.6186474422557, 32.6761393849625], [-97.6185198509426, 32.676202907088], [-97.6182825205361, 32.6762370144463], [-97.6181303567068, 32.6762180382743], [-97.6178013864632, 32.6761047452413], [-97.6127037849924, 32.674214393152], [-97.6126895260339, 32.6741587382221], [-97.6125764335295, 32.6734176998325], [-97.6124229491767, 32.6727408445599], [-97.6123322247229, 32.6723335961829], [-97.6122947488059, 32.6720183555789], [-97.6121937215741, 32.67173892964], [-97.6120966532177, 32.6715148925061], [-97.6119536504076, 32.671370701869], [-97.6117379146023, 32.6712107755312], [-97.6125556132762, 32.671208926657], [-97.6125576255024, 32.6711749013158], [-97.6125739892136, 32.6667718828878], [-97.6125620910277, 32.6660064303665], [-97.6175152640621, 32.6660057285852], [-97.6174767371161, 32.6682113325499], [-97.6243928440307, 32.668268112645], [-97.6243475141432, 32.6704570071503], [-97.6299371336749, 32.6705004405472], [-97.6366863731355, 32.6705369207429], [-97.6380689028157, 32.6697731701585], [-97.6380720541057, 32.6696998552278], [-97.63805242951, 32.6685632770572], [-97.6380077832404, 32.6682217486014], [-97.6378727044694, 32.6681874052701], [-97.6377122923091, 32.6679729691881], [-97.6371073991361, 32.6677463787038], [-97.6363927542933, 32.6675505195418], [-97.6362910641049, 32.6675641299294], [-97.635512037904, 32.6677228762925], [-97.6355724540984, 32.6643254571352], [-97.6356238161731, 32.6643258231573], [-97.6361662467894, 32.6643272025464], [-97.6377685663718, 32.6643252136246], [-97.6399323428882, 32.6643139697878], [-97.639909873328, 32.6688406000885], [-97.6399831138715, 32.6687976150712], [-97.6421492718217, 32.6676860750687], [-97.6449485821471, 32.6676953946691], [-97.6527676109066, 32.6677210938931], [-97.653177002826, 32.6677224263444], [-97.6552764348152, 32.667763965996], [-97.6636662701742, 32.6677994498618], [-97.663668073093, 32.6677416047179], [-97.6636927570004, 32.665794549651], [-97.6637408923265, 32.6624783687456], [-97.6637812994463, 32.6624757687249], [-97.6653538326905, 32.662482776983], [-97.6653204144637, 32.667542175446], [-97.6699958113442, 32.6675765114632], [-97.6699490675084, 32.6714655938864], [-97.6699932250945, 32.6714670434903], [-97.6754680282548, 32.6714754719121], [-97.6754319330484, 32.6738453445601], [-97.6754184439461, 32.6788705150507], [-97.672981678398, 32.6788539597816], [-97.672743808104, 32.6788587808094], [-97.6698947912989, 32.6788442874805], [-97.6698925562905, 32.6789165408751], [-97.6698214276863, 32.6837690688574], [-97.669831265137, 32.686866500998], [-97.6698305285184, 32.6868990800814], [-97.6731852986251, 32.6869069967115], [-97.6740992392053, 32.6869180169375], [-97.6740846011577, 32.6882107920636], [-97.6741091332498, 32.6890624101614], [-97.6718647284451, 32.6890657616628], [-97.6718239655924, 32.6890644242376], [-97.6718242755112, 32.6890826975923], [-97.6718138802067, 32.6894198134754], [-97.6718278975184, 32.6894205982362], [-97.6765999073095, 32.6894351359666], [-97.676584600017, 32.6912366946669], [-97.6765548460182, 32.6959727203157], [-97.6765527807913, 32.6960391887342], [-97.6749221175651, 32.6960220553028]]]}, "properties": {"CITY_NM": "Annetta South", "TXDOT_CITY_NBR": 1340, "CITY_FIPS": "4803342", "CNTY_SEAT_FLAG": "N", "POP1990": 413, "POP2000": 555, "POP2010": 526, "POP2020": 579, "POP2022": 666, "POP_CD": "1", "MAP_COLOR_CD": 1, "COLOR_CD": 1, "GID": 534, "OBJECTID": 448}}, {"type": "Feature", "id": 909, "geometry": {"type": "Polygon", "coordinates": [[[-97.6824347723036, 32.9898549387475], [-97.682656135156, 32.9893648856062], [-97.6836386953457, 32.9874145204249], [-97.6838785625946, 32.9869383784543], [-97.6810631436795, 32.986004329289], [-97.6810925985393, 32.9852846518937], [-97.6735587013393, 32.9851817652218], [-97.6736240088604, 32.9781848759879], [-97.6695140834849, 32.9781575580705], [-97.669583459476, 32.9748500818726], [-97.6695766753989, 32.9748458066698], [-97.6693921695244, 32.9748473364885], [-97.6693782222813, 32.9735414765567], [-97.6693736318902, 32.9731116398221], [-97.6684436518906, 32.9730905256449], [-97.6684963102343, 32.9674828474577], [-97.668484214419, 32.9674403367962], [-97.6671188263911, 32.967423759856], [-97.6671432434988, 32.965483429935], [-97.667144343935, 32.9654275125053], [-97.6662368451738, 32.9653104914219], [-97.666232588956, 32.9653711292622], [-97.6662153305227, 32.965910340316], [-97.6658449021305, 32.9658962766171], [-97.6658324945998, 32.9652603019049], [-97.6648444331272, 32.9651319933663], [-97.6634321647196, 32.9649650392148], [-97.6629191350642, 32.9648900123963], [-97.6600846269493, 32.9642660684668], [-97.6596138917741, 32.9637673512157], [-97.6596026502566, 32.9636395010202], [-97.6581225159259, 32.9635809233649], [-97.6569677603743, 32.9635352091004], [-97.6569673372678, 32.9636123934085], [-97.6569044749608, 32.9666189496239], [-97.6568907046858, 32.967277576658], [-97.6568292554288, 32.9702161921874], [-97.655437865665, 32.9701853048028], [-97.6554294870784, 32.9692235361518], [-97.6553368096872, 32.9692216550332], [-97.6553320126835, 32.9685843974169], [-97.6553125776324, 32.9682247514881], [-97.6553081669043, 32.968143131384], [-97.6562735333396, 32.9681250751359], [-97.6566930699335, 32.9673558429802], [-97.6567668288048, 32.9669622519189], [-97.6567713509239, 32.9667460636899], [-97.6568392653561, 32.9634985791846], [-97.6568555985245, 32.9634240945404], [-97.6582119009917, 32.9634819758789], [-97.6595922073415, 32.9635408671398], [-97.6595922100364, 32.9619540016517], [-97.6596085997988, 32.9602059256186], [-97.65944645389, 32.9599161151217], [-97.6593225537544, 32.9598069934044], [-97.6593404149572, 32.9597158707316], [-97.6593562863917, 32.9596349045458], [-97.6595642508715, 32.9596705886187], [-97.6595638681892, 32.959519344068], [-97.6595632609281, 32.9592801410793], [-97.659560408777, 32.9581547478883], [-97.659553391138, 32.9553852258567], [-97.6595683355111, 32.9553084248159], [-97.6596429693415, 32.9548732553464], [-97.6599902903697, 32.9541362684347], [-97.6608480907362, 32.9530251860504], [-97.6597311937839, 32.9524156357597], [-97.6556424821239, 32.9501840506204], [-97.6523788874253, 32.9484528017065], [-97.6469223721675, 32.9455579232454], [-97.6389698187225, 32.9413223040343], [-97.6374606867745, 32.940532564742], [-97.637967075185, 32.9398438506179], [-97.6380096795839, 32.9397857796464], [-97.638074479557, 32.9398148615021], [-97.6477887298854, 32.9451331625471], [-97.6520760060542, 32.9474396997854], [-97.6571356824503, 32.9501908304385], [-97.6595944297735, 32.9515073762211], [-97.6597426437105, 32.9512583188946], [-97.6601198750444, 32.951221144164], [-97.6600979345919, 32.9511513205158], [-97.6600591103036, 32.9510874616953], [-97.6615452301091, 32.9510527307393], [-97.6615513224833, 32.9511196447676], [-97.6615872020941, 32.9526025221067], [-97.6634225671191, 32.9536799434721], [-97.6650039137346, 32.9545964413399], [-97.6658816567003, 32.9551051360457], [-97.6659320647642, 32.9550302146748], [-97.6662509074013, 32.9545886329526], [-97.6677635787115, 32.9554237345182], [-97.6712199797179, 32.9573138832919], [-97.6753057467004, 32.9595508208345], [-97.6753950778672, 32.9560724621377], [-97.6835512883703, 32.9561941755798], [-97.6973886863769, 32.9381980089018], [-97.697714145106, 32.938380974783], [-97.6961124777005, 32.9404635272609], [-97.6839978705424, 32.956211586029], [-97.6872136757662, 32.9562570674005], [-97.6872083379768, 32.9573949835114], [-97.6880826547681, 32.9574106608434], [-97.6880870583096, 32.9576712505735], [-97.6872464103751, 32.9576772225491], [-97.6872244384816, 32.9588684498707], [-97.6872090018317, 32.9629227858141], [-97.6888041914857, 32.9629378705054], [-97.6888268326241, 32.9633531235986], [-97.6952853431229, 32.9634741562175], [-97.6952877676758, 32.9636056319552], [-97.6957625264052, 32.9636105588999], [-97.695744749644, 32.9647998325572], [-97.6963955269651, 32.9648143659801], [-97.6964168529699, 32.9630571927808], [-97.6999776013813, 32.9625639142616], [-97.6999277026622, 32.9671165579543], [-97.7055125889707, 32.9684480039213], [-97.708703268316, 32.9692085369429], [-97.7121617965329, 32.9700782389033], [-97.7201827126693, 32.9720947962085], [-97.7200444493707, 32.9724902718262], [-97.713323511333, 32.9707945735008], [-97.7082109627942, 32.9695301278057], [-97.7060209949973, 32.9689884269135], [-97.7047342706422, 32.9686696361791], [-97.6998138492848, 32.9674504382145], [-97.6997027061246, 32.9674228953981], [-97.6997028633298, 32.9677759070584], [-97.6997037275091, 32.9697347135796], [-97.6996620825108, 32.9701138305819], [-97.6994840445063, 32.9705529275859], [-97.6991877307183, 32.9709232340539], [-97.6983282280443, 32.9715906027919], [-97.6979306534625, 32.9718851032713], [-97.6975407118657, 32.9722762984718], [-97.6971145501966, 32.9729177798793], [-97.6969050343262, 32.9735463630056], [-97.6968137268658, 32.9742508581405], [-97.6968295003839, 32.9748522507486], [-97.6969099013984, 32.9753502663643], [-97.6969314421006, 32.9757834720875], [-97.6969677313432, 32.9761008286776], [-97.696963026866, 32.9766518688966], [-97.697067829717, 32.9768080419758], [-97.6968833840295, 32.9768740163695], [-97.6968680578725, 32.9773926408935], [-97.6968303627665, 32.9784273570819], [-97.6967981644518, 32.9784659242755], [-97.6965827448534, 32.9788075332169], [-97.6960949120434, 32.9791414212796], [-97.6954375348, 32.9792355261294], [-97.6953403873919, 32.9806863086589], [-97.6911859594772, 32.9806449339325], [-97.6911446863815, 32.9853340697342], [-97.6850086674765, 32.9853044090868], [-97.6842754553551, 32.9868507604326], [-97.683931992591, 32.9875751027673], [-97.6830544733057, 32.9894256892731], [-97.6841224857369, 32.9898451066229], [-97.6839747559918, 32.9901505439377], [-97.6828552161959, 32.9897298787723], [-97.6827696759196, 32.9899192261529], [-97.6815822980485, 32.9925474688229], [-97.680567935701, 32.9946037148661], [-97.6797655218617, 32.9962935117153], [-97.6786201348401, 32.9987333221357], [-97.6775064331953, 33.0011055177173], [-97.6768818812906, 33.0026588659782], [-97.676785040208, 33.0029627047496], [-97.6764301454837, 33.0028650617737], [-97.6766590478962, 33.0022165497773], [-97.6769393519092, 33.001568403675], [-97.6771392306532, 33.001065765552], [-97.6782856552289, 32.9986238890069], [-97.6795333504799, 32.995968566133], [-97.681227343137, 32.9924038497831], [-97.6824347723036, 32.9898549387475]], [[-97.696076650192, 32.9773355772658], [-97.695463910235, 32.9773113269272], [-97.6954528304143, 32.9790292276464], [-97.6960588383966, 32.9790092776423], [-97.696418289376, 32.978706178545], [-97.6966314470166, 32.9783019199545], [-97.6966405262891, 32.9782194131603], [-97.6966709989402, 32.9773784313204], [-97.6966851671689, 32.9769874230019], [-97.6967040434679, 32.9764665277876], [-97.6964846461294, 32.976339001177], [-97.6961814476531, 32.9762177488028], [-97.696051249429, 32.9761804225501], [-97.696076650192, 32.9773355772658]], [[-97.6695885098045, 32.9736429449236], [-97.6695835699688, 32.9748407560068], [-97.6695890254375, 32.9748458511325], [-97.6737967737541, 32.9749234166788], [-97.6738330773697, 32.9731494933985], [-97.6696130562696, 32.9731080857495], [-97.6696127930633, 32.9731487073731], [-97.6695885098045, 32.9736429449236]], [[-97.6994699463463, 32.9673652148565], [-97.6954760294065, 32.9663754193972], [-97.6954326524564, 32.9697251904713], [-97.6968562099922, 32.9697897864576], [-97.6968816736372, 32.9693229098036], [-97.6991589361202, 32.9693764047911], [-97.6993283386198, 32.9693803795516], [-97.6994065154057, 32.9693798542561], [-97.6994297126013, 32.9685769083096], [-97.6994699463463, 32.9673652148565]], [[-97.6954090393409, 32.9708784369996], [-97.6924310145795, 32.9708214422657], [-97.692427639609, 32.9713736745162], [-97.691271358718, 32.9713703818851], [-97.6912702726548, 32.9714995940132], [-97.6912514143221, 32.9737322340056], [-97.6927818345458, 32.9748632631815], [-97.6931117138844, 32.9751654538135], [-97.6937615758222, 32.975607537084], [-97.6942809251256, 32.9758678221942], [-97.6946670937982, 32.9759307075466], [-97.6954327845088, 32.9760415071977], [-97.6961977619569, 32.9760710722361], [-97.696593351262, 32.9760863581528], [-97.6966365961597, 32.9759891556836], [-97.6966431080472, 32.9757386774984], [-97.6965676576482, 32.9751619427789], [-97.696519223183, 32.9748824665462], [-97.696515162798, 32.9743956906345], [-97.6965283824057, 32.9738732080948], [-97.6965740536531, 32.973519187594], [-97.6968605569399, 32.9728302444071], [-97.6974696030244, 32.9720515680507], [-97.697224819296, 32.9717868260213], [-97.6968750898845, 32.9716200879279], [-97.6962130728426, 32.9714623019407], [-97.6954036907717, 32.9711396517164], [-97.6954090393409, 32.9708784369996]], [[-97.6649557981713, 32.9616261793555], [-97.6650530488856, 32.95960447927], [-97.6650678046125, 32.9595447540147], [-97.6650595958074, 32.9595452710776], [-97.6642756261775, 32.959594692016], [-97.6598264520349, 32.9598750721061], [-97.6598181965175, 32.9599463691928], [-97.6598055742895, 32.9618465240451], [-97.6597930329097, 32.9637343723196], [-97.6601370310697, 32.9641125179327], [-97.6631323232474, 32.9647948069453], [-97.663628505898, 32.9648554029328], [-97.66483790507, 32.9649641295114], [-97.6649557981713, 32.9616261793555]], [[-97.6643198601204, 32.9594297232961], [-97.6650775369603, 32.9593830421003], [-97.6652293594298, 32.9560375756035], [-97.6653512671021, 32.9558654002587], [-97.666291978376, 32.9559015245462], [-97.6663333961005, 32.9558612387097], [-97.6662482843206, 32.9558167181882], [-97.665615968277, 32.9554859771371], [-97.6651858162914, 32.9552609763641], [-97.663928255742, 32.9546031650399], [-97.6624157910442, 32.9538229320146], [-97.6610695829459, 32.9531284380831], [-97.6602464099387, 32.954131015328], [-97.6598572885037, 32.9548740453033], [-97.6597684837497, 32.9552850458209], [-97.6597546200499, 32.9567464299196], [-97.6598025559501, 32.9582900063042], [-97.6598196589748, 32.9588406579052], [-97.659834264683, 32.9595386871946], [-97.6598383412377, 32.9597057405408], [-97.6620890477242, 32.9595671399669], [-97.6643198601204, 32.9594297232961]]]}, "properties": {"CITY_NM": "Springtown", "TXDOT_CITY_NBR": 40450, "CITY_FIPS": "4869800", "CNTY_SEAT_FLAG": "N", "POP1990": 1740, "POP2000": 2062, "POP2010": 2658, "POP2020": 3304, "POP2022": 3807, "POP_CD": "1", "MAP_COLOR_CD": 1, "COLOR_CD": 1, "GID": 907, "OBJECTID": 909}}, {"type": "Feature", "id": 735, "geometry": {"type": "Polygon", "coordinates": [[[-97.7693735260747, 32.7296348615494], [-97.7700551641191, 32.7298028318265], [-97.7704095899228, 32.7298458426374], [-97.7707728749119, 32.729903813796], [-97.7711013771332, 32.7298690317099], [-97.7713448547112, 32.7297569546633], [-97.7716926805926, 32.7296796596493], [-97.7720675601371, 32.7296564720389], [-97.7724231151232, 32.7295985007194], [-97.7729448539452, 32.7295173409598], [-97.7732340521779, 32.729561776387], [-97.7742120938418, 32.7292362382514], [-97.7761097381671, 32.7288463905986], [-97.7761233988476, 32.7279083843716], [-97.7730333721367, 32.7279140702997], [-97.7704479794265, 32.7279191282363], [-97.7704436989542, 32.7262171092042], [-97.7730491303834, 32.7262062351505], [-97.7730520220603, 32.7256997381123], [-97.7805508436418, 32.7218876747357], [-97.777966660064, 32.7180768284593], [-97.777913735819, 32.7180060200858], [-97.7779063642438, 32.7180114980476], [-97.7778889306391, 32.7179878554404], [-97.7779344904953, 32.7179539885021], [-97.7803093342726, 32.7168830791974], [-97.7811689591174, 32.716495423777], [-97.7811707826975, 32.7164927777133], [-97.7811951036854, 32.7165120907266], [-97.7811924087396, 32.7165160027582], [-97.7815777141313, 32.716348050531], [-97.781660694209, 32.716319135752], [-97.7811007635126, 32.7154279109587], [-97.7884520871144, 32.7118508632835], [-97.7895028384173, 32.7133932959054], [-97.7920594374277, 32.7122166634143], [-97.7940757608802, 32.7150187508213], [-97.795729088601, 32.7142057186906], [-97.7962182140867, 32.7147351611145], [-97.7969595981823, 32.7143611479866], [-97.7993607149867, 32.7131504455998], [-97.8049152283571, 32.7116789507246], [-97.8049454872091, 32.7138078222986], [-97.8129672863895, 32.7139117247478], [-97.8129129751457, 32.7148377171305], [-97.8163716587711, 32.7148225970243], [-97.8175789540888, 32.7147764559314], [-97.8178719171608, 32.7147722097525], [-97.8228966374144, 32.7146969689093], [-97.8255185331661, 32.7146643584021], [-97.8255250306806, 32.7142797823791], [-97.825527630405, 32.7142800998239], [-97.8275526405662, 32.7142590766598], [-97.8274855031769, 32.7206259567022], [-97.8306993114458, 32.7210912526604], [-97.8309436253552, 32.720926072125], [-97.8312112981571, 32.7207205575493], [-97.8314895665877, 32.7205240573025], [-97.8317353609208, 32.7203994015797], [-97.8319173281563, 32.7202654134315], [-97.8321102979575, 32.7200864612051], [-97.8324002786228, 32.7197460669763], [-97.8332820163966, 32.718571949648], [-97.8335081960155, 32.7182221967673], [-97.833594702879, 32.7180426690643], [-97.8336706132155, 32.7178540956968], [-97.8337898609762, 32.71756677005], [-97.8338769759992, 32.7173062674153], [-97.8340491776492, 32.7170552334071], [-97.8342209759558, 32.7168581854435], [-97.8343925038694, 32.716697118448], [-97.834517028334, 32.7166201877456], [-97.8346617577061, 32.7166200811776], [-97.8355818355763, 32.7165458947251], [-97.8414298896355, 32.7166573172271], [-97.8418881714659, 32.7166702172355], [-97.8427432068179, 32.7168294990813], [-97.8431071942896, 32.7168424761563], [-97.8455114012986, 32.7167364684385], [-97.8455940741525, 32.7169602900742], [-97.8457896230168, 32.7191517683633], [-97.8458593188081, 32.7200361910287], [-97.845866242124, 32.7203112153672], [-97.8499663525067, 32.7203253936095], [-97.8498983751925, 32.7226253762326], [-97.8498932961179, 32.7227972223483], [-97.8499044433123, 32.722907291053], [-97.8499987789935, 32.7229076802631], [-97.8499023053219, 32.7275286279372], [-97.8517422059407, 32.727501037007], [-97.8527143645378, 32.7273533917559], [-97.8639601481026, 32.7274496314008], [-97.863944948608, 32.7264187561934], [-97.8647577721248, 32.7264420013247], [-97.864787045525, 32.7255067977266], [-97.8657360320794, 32.7254352886484], [-97.8657664490349, 32.7211769191449], [-97.8659114326302, 32.7211681152662], [-97.8745284914504, 32.7211275935312], [-97.8744960892181, 32.7257278412251], [-97.8755577128309, 32.7256950034998], [-97.8785162279809, 32.7256716546394], [-97.8788323765704, 32.725673235615], [-97.8798277188884, 32.7254300522195], [-97.8798711497374, 32.7256784229076], [-97.8802329956255, 32.7256038729295], [-97.8800396063111, 32.7306614488563], [-97.8779813144669, 32.7311092959745], [-97.8780086996083, 32.7336482485043], [-97.8784741455031, 32.7349104389125], [-97.8746795656233, 32.7349486730887], [-97.8742397163242, 32.7332666432403], [-97.8743472814946, 32.7276168878727], [-97.8709146031983, 32.7276186501837], [-97.8661211146888, 32.7284342034762], [-97.8651497852367, 32.7284674225773], [-97.8578324323258, 32.7285061847289], [-97.8498860152725, 32.7286892869816], [-97.846302381381, 32.7286725512723], [-97.8463068531944, 32.7290191172014], [-97.8461034270034, 32.7290163974511], [-97.8459397449755, 32.7295658737462], [-97.8458279945542, 32.7299410186053], [-97.845808958355, 32.7303707208223], [-97.8458130762322, 32.7310833384183], [-97.8449692608381, 32.7309793887202], [-97.8446649583322, 32.731186692521], [-97.844383499984, 32.7312555785647], [-97.8442622974893, 32.7313299794826], [-97.8443657223246, 32.7315050756041], [-97.844535714119, 32.7316060291967], [-97.8445292651136, 32.73186718603], [-97.8443937677277, 32.7319395612382], [-97.8445436938537, 32.7320933772523], [-97.844392942176, 32.7322933258097], [-97.8441029022219, 32.7332780144126], [-97.843170596484, 32.7332765499435], [-97.8431930741291, 32.7320971321766], [-97.8428683088994, 32.7320710600461], [-97.8428900364511, 32.7306980888549], [-97.843957201771, 32.7306894098483], [-97.8439432931554, 32.7293522954336], [-97.8439363958907, 32.7286894426556], [-97.8436716596815, 32.7287370864355], [-97.8417757392233, 32.7287409336965], [-97.8410554835032, 32.7290418394689], [-97.8410602921849, 32.7293675876414], [-97.8410592177998, 32.7299730083961], [-97.8410520465489, 32.7302916187412], [-97.8410453999141, 32.7305526917662], [-97.8410354726319, 32.7309427858655], [-97.8410329959767, 32.7310400629611], [-97.8410276339327, 32.7312507210719], [-97.841024500609, 32.7313738260901], [-97.8410224641283, 32.7314538181522], [-97.8409259500325, 32.7314710528408], [-97.8409082020174, 32.7315383457024], [-97.8406890714786, 32.7322147695164], [-97.8405219138688, 32.7325964382258], [-97.8404010194962, 32.7328724764613], [-97.8403623200738, 32.7329416309738], [-97.8401702449946, 32.7332848652259], [-97.8400462388579, 32.7335064592054], [-97.8396274290011, 32.7341118934109], [-97.8391477735551, 32.7346841694508], [-97.8389077257449, 32.7349456013883], [-97.8385644165928, 32.7353386874982], [-97.8383595656737, 32.7355830899154], [-97.8382179471675, 32.7357878040144], [-97.8380194895582, 32.736074677259], [-97.8378489156555, 32.7363794603678], [-97.8376625143357, 32.7367325521855], [-97.8376634710415, 32.7366564238701], [-97.8376324908423, 32.7367300344239], [-97.8374367182975, 32.7371952032663], [-97.8372663878381, 32.7377486331859], [-97.8371537723391, 32.7383125038117], [-97.8370997350816, 32.738882524578], [-97.8370951024696, 32.7390475456573], [-97.8370825988192, 32.7399966387475], [-97.8370770660954, 32.7404166117469], [-97.8370623355213, 32.7410388253391], [-97.8370786004179, 32.7410390943306], [-97.8370455307373, 32.7414067558844], [-97.8369380437203, 32.7420283444936], [-97.8367668616581, 32.7426396513595], [-97.8366490610833, 32.7429483485769], [-97.8375874187712, 32.7427973121837], [-97.8375643985437, 32.7444110638064], [-97.8375538765768, 32.7452544500932], [-97.8375476153193, 32.7457562581119], [-97.8375733736117, 32.7470203593066], [-97.8382168287649, 32.7466819839871], [-97.838221467665, 32.7469960708473], [-97.8382118386235, 32.7477597409014], [-97.8382129857721, 32.7481337710739], [-97.8370259205147, 32.7487459245508], [-97.8370140322102, 32.74943019759], [-97.8366500285689, 32.7496243924854], [-97.8377123968851, 32.7509483167694], [-97.8378056348251, 32.7511319954537], [-97.8381921556373, 32.7511340534591], [-97.8381847292649, 32.7526219192329], [-97.8365142886379, 32.7529806650119], [-97.8363740804866, 32.753144623445], [-97.836399112042, 32.7533118165849], [-97.8364504642352, 32.7539279317474], [-97.8365301753437, 32.7539900174734], [-97.8365241009357, 32.7544158391688], [-97.8364611056781, 32.7550369615402], [-97.8363342833229, 32.7556510778817], [-97.836144602254, 32.756253518808], [-97.8358935015725, 32.7568396951354], [-97.8355828910968, 32.757405147732], [-97.8353774571711, 32.7577400472737], [-97.83655159118, 32.757775620016], [-97.8378078931897, 32.7578136713819], [-97.8378077081368, 32.7576771150327], [-97.8411295819377, 32.7576119095873], [-97.8411952820226, 32.7586530153033], [-97.8412729377857, 32.7598835886055], [-97.8413045962129, 32.7603851986287], [-97.841276522962, 32.7625468356295], [-97.8419641042602, 32.762666348489], [-97.8419270262969, 32.7637840819662], [-97.8398464598269, 32.7634004521178], [-97.8377919777378, 32.7630215910163], [-97.8378158172288, 32.7646124994854], [-97.8369929469538, 32.7640906670852], [-97.8366168322258, 32.7638878476006], [-97.8362965190467, 32.7637493992212], [-97.8357038797925, 32.7636937404614], [-97.8350210083613, 32.763733874207], [-97.8349966738985, 32.764588360104], [-97.8349679089448, 32.7655984783958], [-97.8350080878925, 32.7661832924387], [-97.8364653771673, 32.7661531240309], [-97.8364164728832, 32.7675781399462], [-97.8363753255516, 32.7687771322203], [-97.836346022507, 32.7698238616363], [-97.8350840557212, 32.7698263573127], [-97.8337542328937, 32.7698116362954], [-97.8327917545421, 32.7711030747057], [-97.832644657211, 32.7713062720375], [-97.8326360190112, 32.7718251956507], [-97.8357250674568, 32.7718374924716], [-97.8357133677985, 32.7735384383807], [-97.8332341721246, 32.7735074922215], [-97.8334109515894, 32.7736498538308], [-97.8329686714491, 32.7739977063377], [-97.8326338639528, 32.7742289063234], [-97.8326487831731, 32.7756997756328], [-97.8326115480045, 32.7763732795114], [-97.8305120180989, 32.7763929949597], [-97.8271855009063, 32.7764241531084], [-97.8258811004013, 32.7764363450633], [-97.8255240865512, 32.7764396789305], [-97.8255219072383, 32.7771754763751], [-97.8255177561234, 32.7785755744998], [-97.8255157870163, 32.7792397456428], [-97.8230862600927, 32.7792705206282], [-97.8225654662983, 32.7791386277587], [-97.8220491011983, 32.7781768476843], [-97.8216363118505, 32.7779349042629], [-97.8209379399891, 32.7769155075069], [-97.8199764533775, 32.7767504772819], [-97.8196789133892, 32.7769703347338], [-97.819676912841, 32.7772312686988], [-97.8184063222284, 32.7784776929763], [-97.8225760933682, 32.7803180956287], [-97.8225844234458, 32.779248035487], [-97.8230116693814, 32.7794236869536], [-97.8239560197306, 32.7798119175482], [-97.8259716299207, 32.780640525005], [-97.831201744574, 32.7827903709749], [-97.8311841483743, 32.7851253723523], [-97.8326864378548, 32.7858270174247], [-97.8333401634466, 32.7859653785962], [-97.8334937484108, 32.785975328527], [-97.83377233215, 32.785993396239], [-97.8342293168132, 32.7860230005745], [-97.8344972312618, 32.7860403508252], [-97.8349018486355, 32.7860665672634], [-97.8352216210289, 32.7860902937602], [-97.8355703560053, 32.78611763847], [-97.8358321412488, 32.7861671146411], [-97.8361754584857, 32.7862319751839], [-97.8365067877052, 32.786337511291], [-97.8367722488548, 32.786422050196], [-97.8371694892634, 32.7866041316852], [-97.8375724178043, 32.7868049607895], [-97.8391170394943, 32.7876142017401], [-97.8396612891991, 32.787852416864], [-97.8401590933087, 32.7880702894161], [-97.8407236943463, 32.7882724337779], [-97.8418812292854, 32.7891754109411], [-97.840896259814, 32.7899249560704], [-97.8411147130231, 32.7903861497216], [-97.8420989530625, 32.7906176137224], [-97.842577188272, 32.7911782293541], [-97.8426466657727, 32.7937394748888], [-97.8415462241597, 32.7935926522927], [-97.8416726296966, 32.794285412774], [-97.8383233491947, 32.7942717900048], [-97.8383764504078, 32.7895267596618], [-97.8297531698559, 32.789466786047], [-97.8290177245227, 32.7874285532407], [-97.8282842321269, 32.7874182311585], [-97.827930176429, 32.7873892548594], [-97.8279233330632, 32.7865956439068], [-97.8287323405367, 32.786601413693], [-97.8287439674314, 32.7842556883129], [-97.828556604016, 32.7841600915622], [-97.8285517099943, 32.7843594897433], [-97.8272062987017, 32.7843522176657], [-97.8271893447974, 32.7865882942256], [-97.8269127544197, 32.7865865232635], [-97.8269305204011, 32.7842444301355], [-97.8269353919649, 32.7836019541739], [-97.8225461309602, 32.7825306941755], [-97.8226209758947, 32.7892275957715], [-97.8098630061099, 32.789137726409], [-97.8103910825463, 32.7899961603957], [-97.8085203903745, 32.7907427398425], [-97.8070560232736, 32.7907503074252], [-97.8055545737179, 32.7907580675762], [-97.8037919443831, 32.7907671779745], [-97.8032526291242, 32.79076996456], [-97.8032682813697, 32.7915745667033], [-97.8018249114903, 32.7916095957976], [-97.8018035010438, 32.7894754011774], [-97.8017809587201, 32.7885881025552], [-97.7975148261982, 32.7886016884355], [-97.7962747118299, 32.7884333336312], [-97.7962663404297, 32.7884513759226], [-97.7951743573535, 32.7884282338191], [-97.79600088467, 32.7866411315625], [-97.7970114255843, 32.786829945262], [-97.797232453365, 32.7863348778742], [-97.797688448983, 32.7853766918882], [-97.7978583554375, 32.7850157392434], [-97.7980717017242, 32.7845670514588], [-97.7981206347544, 32.784446620953], [-97.7982448277407, 32.7841599465584], [-97.7982901207974, 32.7832882366013], [-97.7981286845577, 32.7832791616883], [-97.7981755748189, 32.782868692345], [-97.7981978018339, 32.7826746462361], [-97.7982124614411, 32.7824586886033], [-97.7975245324948, 32.7824156201184], [-97.7971706932909, 32.7824127162085], [-97.7971698596543, 32.7820538284645], [-97.7971446250797, 32.7815123243465], [-97.7926950017795, 32.7814873565066], [-97.7927002730936, 32.7808260260459], [-97.7971143374816, 32.7808510529814], [-97.797078230597, 32.7800074086781], [-97.7918044416512, 32.779977834817], [-97.7910527493877, 32.7799736030737], [-97.7906372165851, 32.7799712602451], [-97.7906390383685, 32.7800813051468], [-97.7911181907579, 32.7800840369329], [-97.7911173490365, 32.7809511145826], [-97.7884979119736, 32.7809026596378], [-97.7885242317131, 32.7783380180605], [-97.7900975527798, 32.7783616597616], [-97.7901171665957, 32.7759095962554], [-97.788050325485, 32.7758977796116], [-97.7879495937989, 32.7758972033189], [-97.7879359492881, 32.7763366039169], [-97.7874156810081, 32.7764402227421], [-97.7875098540943, 32.777683575789], [-97.7831597030421, 32.7789055402623], [-97.7831712706481, 32.7765952421403], [-97.7857841203649, 32.7753732618017], [-97.7857850267651, 32.7766595666068], [-97.7869208664918, 32.7761166429341], [-97.787936567329, 32.7756311293972], [-97.7881222688612, 32.7756217462957], [-97.7881243430711, 32.7754096492677], [-97.7881272814604, 32.7751091085651], [-97.788128032452, 32.7750321572869], [-97.7881289011229, 32.7749436822306], [-97.7881297545224, 32.7748560734239], [-97.7881327683702, 32.7745479324343], [-97.7875311333868, 32.774538384561], [-97.7875329012712, 32.7744477933885], [-97.7849396680652, 32.7744329092332], [-97.7849664037247, 32.7711144644641], [-97.7832051739652, 32.7711043240366], [-97.7831780852678, 32.7700030818431], [-97.7816389028768, 32.7699408176897], [-97.7817081333408, 32.7680215601265], [-97.7817700263656, 32.766305652731], [-97.7817639214149, 32.766223842032], [-97.7817039974973, 32.7663085820941], [-97.7816373326217, 32.7664007391428], [-97.7815110267978, 32.766572712351], [-97.7812777145556, 32.766896494552], [-97.7811678748509, 32.7670253009793], [-97.7810586972045, 32.7671460760975], [-97.7804656303523, 32.7678021451179], [-97.7804576910418, 32.7671491376232], [-97.7803959300694, 32.7620690885309], [-97.7732099378024, 32.7619954868266], [-97.7732360446412, 32.7671856968996], [-97.7669896218895, 32.7671212938253], [-97.7669764831302, 32.7701305505869], [-97.767354845443, 32.7701261824127], [-97.7670889908313, 32.7774354686529], [-97.7609112182319, 32.777551024225], [-97.7609271309888, 32.7782854892326], [-97.7596658891434, 32.7783173506377], [-97.7594811775547, 32.7784562476509], [-97.7584982373775, 32.7780209435869], [-97.7579428557498, 32.7778940994328], [-97.7579845573419, 32.7727235736482], [-97.7466340113504, 32.7726351076267], [-97.7459608309444, 32.7726329421066], [-97.7456586269031, 32.7726426465367], [-97.7451783686876, 32.77265226788], [-97.7446713209137, 32.7726285166504], [-97.7426358876002, 32.7724380148671], [-97.74218605712, 32.7724163898287], [-97.7416560286445, 32.7724285241724], [-97.7408712163948, 32.7736944258633], [-97.7397473467193, 32.7751383524654], [-97.7385673287452, 32.776246763828], [-97.7388002645933, 32.7763176120286], [-97.739980614944, 32.7766766097691], [-97.7399628857936, 32.7782794130193], [-97.7393185835291, 32.7782339928396], [-97.7394104183006, 32.7774391891888], [-97.7370723677207, 32.7775636533351], [-97.7337959890973, 32.7806093366119], [-97.7326847003274, 32.7805776240582], [-97.7322190253622, 32.7810871458254], [-97.7316356818746, 32.7817254158409], [-97.7305938724019, 32.7828653194463], [-97.731098071618, 32.7831715820584], [-97.7322861932943, 32.7836390406412], [-97.7417382119166, 32.7864900439132], [-97.7459152010196, 32.7865604217701], [-97.7455219967416, 32.7998223911943], [-97.7402649883253, 32.7997948543734], [-97.7401058391963, 32.799785208782], [-97.7400004901697, 32.799717042496], [-97.7399947571216, 32.7995348043646], [-97.74013062641, 32.7928941706528], [-97.7400996417192, 32.7927702308878], [-97.7400066867485, 32.7926586860844], [-97.7397778858457, 32.7925373308943], [-97.7396596558762, 32.7924851706607], [-97.7393931868168, 32.7924232008924], [-97.733382118178, 32.7923550342485], [-97.734795028881, 32.7893371066356], [-97.7391453065956, 32.7894300614767], [-97.7393250190598, 32.7896965313822], [-97.739479943412, 32.7897399089869], [-97.7399509139458, 32.7902356672889], [-97.7412150968755, 32.7905455165236], [-97.7420950676632, 32.7899691982436], [-97.7420876862065, 32.789464289411], [-97.742169431999, 32.7894734392114], [-97.7421927953829, 32.7882318542056], [-97.7416592751559, 32.7882485258615], [-97.7417229944556, 32.7870987127338], [-97.7322082842063, 32.7844278747338], [-97.7312831066003, 32.7844083974517], [-97.7312344143186, 32.7841454529703], [-97.7310396398021, 32.783921462502], [-97.7306890471096, 32.7837461658114], [-97.7300073165388, 32.783502098712], [-97.7298055513327, 32.7836616334261], [-97.7294689822402, 32.783942108987], [-97.7291822741375, 32.7841540225471], [-97.7289018003428, 32.7843410055695], [-97.7286026272172, 32.7844968245804], [-97.7278048334134, 32.7848707910566], [-97.7242334561356, 32.7862918626202], [-97.7228123851365, 32.7868403451985], [-97.7223386954023, 32.7869961658731], [-97.7217715126067, 32.787102122477], [-97.7210173490779, 32.7871893808951], [-97.7202818812868, 32.78726417462], [-97.7194342255948, 32.7873452009583], [-97.7189356031199, 32.7874262264677], [-97.718418284009, 32.7875508820571], [-97.717969525219, 32.7876942346739], [-97.7174958336882, 32.7878874512003], [-97.7169722820659, 32.7881492269075], [-97.7164798930008, 32.7884483997113], [-97.7160062023683, 32.7888099010426], [-97.7156571673545, 32.7891153064422], [-97.7136065866487, 32.7912095167448], [-97.7109638931015, 32.7938148143623], [-97.7098045983627, 32.7950738337818], [-97.7092810449438, 32.7957095756934], [-97.7086328377028, 32.7964824390988], [-97.7071182745405, 32.7983211055237], [-97.7069936198201, 32.7984893902627], [-97.7069698468044, 32.7987009565493], [-97.7094082409981, 32.8012688574197], [-97.7097995354578, 32.8033872388201], [-97.7092192695983, 32.8076264701281], [-97.7088976808114, 32.8081044490417], [-97.7089757435113, 32.8117871377335], [-97.7105895857839, 32.8138808714134], [-97.710635581323, 32.8146929681118], [-97.7100021064527, 32.8180896288117], [-97.7076272267428, 32.8177037395607], [-97.7039348949052, 32.8174543300596], [-97.7039685727452, 32.8084078930659], [-97.7043570518848, 32.8079426644053], [-97.7046744455393, 32.8075625599164], [-97.7047583068643, 32.8073795292298], [-97.7047455534822, 32.8067919582754], [-97.7047304626838, 32.8060949884805], [-97.7047279204515, 32.8059776276859], [-97.7047252497602, 32.805887019453], [-97.7047035159202, 32.805216584067], [-97.7046723767192, 32.8048556575835], [-97.704625996701, 32.8043186293409], [-97.7043998997272, 32.8035870710933], [-97.7042283053382, 32.8030319263909], [-97.7039549893198, 32.8035190987535], [-97.7037723914669, 32.8038313843438], [-97.7034192313894, 32.8038216191357], [-97.7028512185504, 32.8038158096933], [-97.7023002611254, 32.8038101875058], [-97.7014231712348, 32.8026397529833], [-97.701278414015, 32.8024465715294], [-97.7010901909118, 32.8022837323269], [-97.7009148568364, 32.8021319999906], [-97.7008190263585, 32.8020606845705], [-97.7006129770868, 32.8019620790985], [-97.6999813509493, 32.8016597728714], [-97.6985725051229, 32.8009854373], [-97.698348151779, 32.8011948803923], [-97.6976983697913, 32.8007673728829], [-97.6977019028653, 32.7994841697584], [-97.6975082099204, 32.7992905578365], [-97.6947326375763, 32.7992937851332], [-97.693484530897, 32.7992265729172], [-97.6931365334374, 32.799295592087], [-97.6930722203512, 32.7992956691072], [-97.6925364264882, 32.7991538997601], [-97.6917044886188, 32.7991552581868], [-97.6911138130818, 32.7991562111243], [-97.6911101542436, 32.799156217165], [-97.6910771950559, 32.7991576571427], [-97.6910335638825, 32.7991563394914], [-97.6911310948712, 32.803743764724], [-97.698030087083, 32.8039169939061], [-97.6982440720719, 32.8069603372146], [-97.6985531616999, 32.8077211733711], [-97.6981270934556, 32.807991269214], [-97.697135798048, 32.8083394419529], [-97.6961489196566, 32.808234737568], [-97.6920856949978, 32.8083796167172], [-97.6920251889718, 32.8078391026641], [-97.6908535010754, 32.8078391026641], [-97.6908839342006, 32.8082195208154], [-97.6835190424448, 32.8083108212918], [-97.6835038249839, 32.8034262545332], [-97.6835038249839, 32.8018132827133], [-97.6796996448086, 32.8017828492721], [-97.6796539951208, 32.8003829110419], [-97.6710108977338, 32.8003829110419], [-97.6710261151947, 32.8018437168991], [-97.6657915628639, 32.8019045837294], [-97.6657915628639, 32.8080217050598], [-97.6651907148046, 32.8080798246533], [-97.6652086326013, 32.8190742729203], [-97.6656544359341, 32.8190371227195], [-97.6655801344803, 32.8212661344498], [-97.6561811353244, 32.8212661344498], [-97.6546951278084, 32.8193714754777], [-97.6544722270403, 32.8175139662083], [-97.6468192859971, 32.8174025151117], [-97.6314569376085, 32.8174931621853], [-97.6301730267769, 32.8157812817413], [-97.6289842205844, 32.815400864251], [-97.6280807283093, 32.8152344309924], [-97.626535279271, 32.8151393273196], [-97.6268443697973, 32.8130232516326], [-97.6277003097528, 32.8101938927096], [-97.62682059229, 32.8085295648439], [-97.6463170154639, 32.8086959955599], [-97.6465309995544, 32.7954051436509], [-97.6555183744774, 32.7954051428958], [-97.6515715373435, 32.7891995753714], [-97.6528581556973, 32.7883585265409], [-97.6532322375378, 32.7881139940581], [-97.6553150192533, 32.7881237489083], [-97.6556395841587, 32.7881252683599], [-97.6556290505137, 32.7870349856288], [-97.6556280596719, 32.7869323941376], [-97.6556298356413, 32.7868845911718], [-97.6556554088808, 32.7861962831619], [-97.6559457336008, 32.786202220631], [-97.6641271750852, 32.7863695367138], [-97.6665083349173, 32.7864148039641], [-97.6754189910201, 32.7865842002445], [-97.6755140956592, 32.7930037540279], [-97.6797700215229, 32.7929324252446], [-97.6797462458123, 32.7916009619948], [-97.6809826043243, 32.7916247383665], [-97.681006380035, 32.7920764844451], [-97.6807923950461, 32.7931939625782], [-97.6808637239746, 32.7937170379585], [-97.6804119782862, 32.7944065450772], [-97.6799364550906, 32.7947631870403], [-97.6799364550906, 32.7950484997318], [-97.6844301425521, 32.7949771718335], [-97.6843825902325, 32.7929799772697], [-97.686290526556, 32.7928392943372], [-97.6858798266896, 32.7918692257043], [-97.687084300399, 32.7898737413001], [-97.6841698233591, 32.7898424534394], [-97.6841676512328, 32.7892787399264], [-97.6852286765677, 32.7892866716327], [-97.6852286873475, 32.7887289054909], [-97.6855305419442, 32.7887289054909], [-97.6855219181175, 32.7877457233256], [-97.6868293387584, 32.7877521938608], [-97.6866961994501, 32.786634805191], [-97.6858747413268, 32.7858685300279], [-97.6853323116088, 32.7858002722658], [-97.6854471917605, 32.7867247624206], [-97.6850974084502, 32.7867234619549], [-97.6849239779048, 32.7857685139839], [-97.6839768284052, 32.7857660912552], [-97.681091668783, 32.7857587120521], [-97.6808023169384, 32.7862423004245], [-97.6794860640616, 32.7869685080235], [-97.678351364297, 32.7881939850064], [-97.6766871364185, 32.7892530379607], [-97.6760517041191, 32.7893892022594], [-97.6760097599819, 32.7856508990384], [-97.6762622791032, 32.7856243184635], [-97.6765174141186, 32.7856154914997], [-97.6807689624919, 32.7857536370088], [-97.6805859720753, 32.785236369252], [-97.6804183841725, 32.7851271531614], [-97.6802736404274, 32.7854159790751], [-97.6800893249957, 32.7853103368994], [-97.6802250810964, 32.7849869547431], [-97.6788915652948, 32.7845438977715], [-97.6780769164013, 32.7841035657247], [-97.6778663063829, 32.7843905446572], [-97.6766291690315, 32.7837017611888], [-97.6763750554006, 32.7833540259167], [-97.676820096962, 32.7831181044853], [-97.6767595181725, 32.7828908404898], [-97.6766312881573, 32.7821389182382], [-97.6765051161824, 32.7813990585555], [-97.6762003681121, 32.7798697209994], [-97.6759296976322, 32.7798753734006], [-97.675904287886, 32.7796289203682], [-97.6761596501752, 32.7796253683484], [-97.6761244335211, 32.7794720430086], [-97.6759595648187, 32.7792273259805], [-97.6758096090483, 32.7791578342971], [-97.675676589216, 32.7791535753249], [-97.6754968183614, 32.779186041391], [-97.6751900957941, 32.7793761042677], [-97.6750716610087, 32.7794593620558], [-97.6748453996432, 32.779618393459], [-97.6745188764105, 32.7798099379979], [-97.6744045747737, 32.7798769904223], [-97.6741362695579, 32.780034391976], [-97.6740231285445, 32.7801007660053], [-97.6738500995461, 32.7802022732663], [-97.6731428999403, 32.7805597621872], [-97.6724519840957, 32.7808867637637], [-97.6720069308562, 32.7810711623748], [-97.6717403459142, 32.7811009156229], [-97.6713391645965, 32.7811456598974], [-97.6708918817384, 32.7810572188641], [-97.6705887129065, 32.780830258504], [-97.6704749376825, 32.7803481557645], [-97.6704696699616, 32.7801737077451], [-97.6704671331193, 32.7800201696106], [-97.670464228866, 32.7798437852041], [-97.6704616695657, 32.7796892850463], [-97.6704585416319, 32.7794981103289], [-97.6704573136349, 32.7794243523452], [-97.67029223832, 32.7791913592508], [-97.6701352262831, 32.7789697475019], [-97.6697783355021, 32.7786462478882], [-97.6693957079883, 32.7783265061163], [-97.6690294828133, 32.7780204239539], [-97.6687895859201, 32.7779148598535], [-97.6683040545938, 32.7774675380658], [-97.6681268313613, 32.7773042588635], [-97.668076413416, 32.77718441898], [-97.6680590355068, 32.7771431092735], [-97.6680058175127, 32.7770166090351], [-97.6679611299206, 32.7769103707806], [-97.667844383968, 32.7765005382235], [-97.6680022449129, 32.7758148009729], [-97.6680690346542, 32.775236346426], [-97.668177461309, 32.7750073356685], [-97.6682916075372, 32.7747662477018], [-97.6685921496953, 32.7741315472274], [-97.6684538028534, 32.7734090016229], [-97.6680346839761, 32.7714278442698], [-97.6675476919892, 32.7709235288959], [-97.667305171117, 32.7706723800306], [-97.6667921261903, 32.7701410748418], [-97.6676853722812, 32.7691262614394], [-97.6682338862886, 32.7685030830584], [-97.6693007857072, 32.7686999126021], [-97.6693074278504, 32.7687011385507], [-97.6693074871392, 32.768668986666], [-97.6693100913552, 32.7672831330878], [-97.6693106815484, 32.7669689651862], [-97.6693116032199, 32.7664767189134], [-97.6693116256777, 32.7664657409982], [-97.6681036629118, 32.7664565012077], [-97.6622929410392, 32.766411888537], [-97.6618841464995, 32.765836086215], [-97.661913999313, 32.7637160829845], [-97.6619146685579, 32.7636685961459], [-97.6617497720077, 32.7634353450012], [-97.6608556401779, 32.7621705445944], [-97.6608584662778, 32.7614795918035], [-97.6609280812207, 32.7614786633913], [-97.6609842474855, 32.7614779155247], [-97.6613993598766, 32.7614723820669], [-97.661385952521, 32.7608943782146], [-97.6613096190781, 32.7608955959609], [-97.6612997780341, 32.7604152012856], [-97.6605426096407, 32.7604126471773], [-97.6605429878314, 32.7603642701907], [-97.6605681496426, 32.7571512546796], [-97.6605525387195, 32.7571511292737], [-97.660454318723, 32.7571503413314], [-97.6600868862122, 32.7571473995797], [-97.6600871808596, 32.7571441148501], [-97.6600981232381, 32.7570222564341], [-97.6601419736004, 32.756533986316], [-97.6601733867876, 32.7561845463236], [-97.6604698407128, 32.7559336845057], [-97.6606153444326, 32.7558069841439], [-97.6611892726778, 32.7557911480026], [-97.661427098056, 32.7557883263255], [-97.6639694722438, 32.7557919812849], [-97.6643341074008, 32.7562207761867], [-97.6643340984177, 32.7568298605542], [-97.6646466070337, 32.7571466456331], [-97.6647787231608, 32.7572806055365], [-97.6649119406225, 32.7574187217533], [-97.6650107139812, 32.7575319485618], [-97.6650995106504, 32.7576338116963], [-97.6652040134641, 32.7577536476848], [-97.6652990848655, 32.7578626994425], [-97.665593220239, 32.7582000033674], [-97.6664094474725, 32.7583965225385], [-97.6675535364284, 32.7591409278108], [-97.6678889763387, 32.7596227888644], [-97.6684166772793, 32.7605225727316], [-97.669256348745, 32.7608519157211], [-97.6695481053796, 32.7614496997967], [-97.6703915488713, 32.7623234910629], [-97.6707276831792, 32.7622709769561], [-97.6730178292999, 32.7619242668915], [-97.6730516230226, 32.7590409217647], [-97.6732973733383, 32.7589777094186], [-97.6731905340066, 32.7585239112044], [-97.6750216185592, 32.7585482509124], [-97.6750150824172, 32.758820920306], [-97.6766704538053, 32.7587310663148], [-97.6769667469321, 32.7590157716024], [-97.6770788081706, 32.7591748742858], [-97.6773913383461, 32.759182576], [-97.6776523474452, 32.7591890055523], [-97.6778151661921, 32.7591930222279], [-97.6780566971209, 32.7592231242492], [-97.6782071128287, 32.7592418772889], [-97.6783244498728, 32.7592565056241], [-97.6783240249696, 32.7593024355892], [-97.680512373104, 32.7593288638734], [-97.6812550606551, 32.7593378241357], [-97.6815217318354, 32.7593370800283], [-97.6817172043429, 32.7593209944644], [-97.6816524420991, 32.7644700244646], [-97.6823048777102, 32.7644694760475], [-97.6823002576747, 32.7649779773517], [-97.6816357100786, 32.7649785265211], [-97.6816403876063, 32.7645589019821], [-97.6763792873639, 32.764502627326], [-97.6769251666126, 32.7665208813463], [-97.6768183120095, 32.7670725488402], [-97.6774132213064, 32.7670752485446], [-97.6773930900609, 32.7665196055128], [-97.6779916420263, 32.7665184799994], [-97.6780087333729, 32.767079324539], [-97.6804043893187, 32.7670918395631], [-97.6804167124077, 32.7665324008607], [-97.6810109542564, 32.7665363167399], [-97.6810023501926, 32.7670949562328], [-97.6837119179228, 32.7671090635811], [-97.6842893343262, 32.7673901812616], [-97.6849355194596, 32.7670985903331], [-97.6852494941261, 32.7669872323996], [-97.6854088166299, 32.7667996244724], [-97.6856756917278, 32.7668607486959], [-97.6859121768196, 32.7669148811295], [-97.6862750584651, 32.766724481179], [-97.6867273512275, 32.7668244755734], [-97.6869574681623, 32.7667217723995], [-97.687118722044, 32.7666386854957], [-97.6865187372657, 32.7654614807535], [-97.686992207811, 32.7653161419037], [-97.6874718372058, 32.7666014914777], [-97.6878409540577, 32.7667140494315], [-97.687902042192, 32.7667329738745], [-97.6881460677423, 32.7666565849084], [-97.6883230115987, 32.7666011409826], [-97.6884755140929, 32.7665533731715], [-97.6885335129209, 32.7663872828191], [-97.6885656941677, 32.7663832324759], [-97.6886815525848, 32.7663687601644], [-97.6887395298533, 32.7660982961829], [-97.6887841410886, 32.7660582632138], [-97.6890226887123, 32.7658440932834], [-97.6892618444954, 32.7657911151812], [-97.6894928543556, 32.7655150452319], [-97.6897616850858, 32.7654402150953], [-97.6898234622279, 32.7654229696035], [-97.6904275738666, 32.7655031577126], [-97.6905284025707, 32.7653849826759], [-97.690853722061, 32.7653839107807], [-97.6909081491874, 32.7652485837285], [-97.6907315395042, 32.7650415971258], [-97.6913959307934, 32.7650368615821], [-97.6929651645256, 32.7650256644259], [-97.6929647144696, 32.7643559128446], [-97.6945201294178, 32.7643626162322], [-97.6952658056637, 32.764365823645], [-97.6960491590494, 32.7643691874248], [-97.696359629388, 32.7643008527384], [-97.6963611619139, 32.7648788835767], [-97.696360575314, 32.7649336426796], [-97.6972894620638, 32.7645156133234], [-97.6977571887812, 32.7637782532899], [-97.6978989186785, 32.7635076515088], [-97.6985575445802, 32.7626590580196], [-97.6987397175299, 32.762384264071], [-97.698979736594, 32.7620308607053], [-97.699116242788, 32.7620328278089], [-97.6993445981265, 32.7620361191569], [-97.6993581797552, 32.7617247436516], [-97.7004512066738, 32.761727769859], [-97.7040238604577, 32.7617375955897], [-97.7040247794342, 32.7643912812531], [-97.7071187838852, 32.7644462038214], [-97.7071248115808, 32.7644957970426], [-97.7071008310543, 32.7653613594338], [-97.7040251154041, 32.7653622553238], [-97.7039843067374, 32.7708249145831], [-97.7038578392168, 32.770798747283], [-97.7039706972609, 32.7724658932576], [-97.7039744306592, 32.7725210404634], [-97.705038362044, 32.772480378929], [-97.7101463731924, 32.7725495593451], [-97.7102148221221, 32.7725504846205], [-97.7143593515006, 32.772606458101], [-97.7147088680114, 32.7733245009591], [-97.7186171566399, 32.7733586882602], [-97.7186407167549, 32.7723382299623], [-97.7188916359766, 32.77233513387], [-97.7189506409178, 32.7697082726145], [-97.7199344964782, 32.7697556263112], [-97.7200879332203, 32.7696335525073], [-97.7204015764085, 32.7689854508961], [-97.7216012486226, 32.7682778642712], [-97.7220720538664, 32.7672731788006], [-97.7221550087913, 32.7665911125921], [-97.721663425515, 32.7655804042762], [-97.7218972219492, 32.7652568197326], [-97.7213223720326, 32.7649606924901], [-97.7214025125357, 32.7646036296459], [-97.7213277915687, 32.7643431504213], [-97.7218301914593, 32.7641187769759], [-97.7217577791626, 32.7635982470177], [-97.7219248604155, 32.7621040778738], [-97.7220052470571, 32.761714550786], [-97.721851277614, 32.761713587627], [-97.7216596804386, 32.7616148611296], [-97.7217004432913, 32.7613550764584], [-97.7220083812791, 32.7613570050504], [-97.7218193469972, 32.7609657644116], [-97.7229413302107, 32.7603227154721], [-97.7226072126205, 32.7590574364699], [-97.7239705533879, 32.7582055748009], [-97.7240939944843, 32.7560488298218], [-97.7246985642638, 32.7557560587234], [-97.7244683134801, 32.7545831054703], [-97.7247155073884, 32.7544492963827], [-97.7280925467309, 32.7544769069228], [-97.7279609615081, 32.7546824720995], [-97.7278477980368, 32.7555715034076], [-97.7290133755927, 32.7555517433075], [-97.7290137690548, 32.7558475467731], [-97.7297008625678, 32.7558456225946], [-97.7297226799511, 32.7561318525726], [-97.7300500188542, 32.7561338802438], [-97.7300380362266, 32.7568141364029], [-97.7332017661133, 32.7567241504474], [-97.7333929563519, 32.7481541727569], [-97.7245068781552, 32.7504767495022], [-97.7244283860606, 32.7505693165596], [-97.7240068695799, 32.7506597454201], [-97.7215710185167, 32.7512439390924], [-97.7214849446411, 32.7512664305522], [-97.7215094955978, 32.7506747106125], [-97.721605628808, 32.7483577571658], [-97.7234660568294, 32.7478715875361], [-97.7327923526344, 32.745433925266], [-97.7328135358071, 32.7429827175469], [-97.733613136123, 32.7427133461294], [-97.7339543054881, 32.7426523640025], [-97.7340883862307, 32.7426134689759], [-97.7341153653337, 32.7408849053792], [-97.7363318558893, 32.7409529142376], [-97.7362977729091, 32.7419581943685], [-97.7378468951587, 32.7415191235406], [-97.7379033452911, 32.7411835373778], [-97.7382751849367, 32.741220120915], [-97.7388777335068, 32.7412256533644], [-97.7391533779585, 32.7411466092749], [-97.7411284606545, 32.7404859923746], [-97.7411403795017, 32.7399553246308], [-97.7417545765261, 32.7399590731791], [-97.7417327133287, 32.7402838769998], [-97.7466822948986, 32.7385920591109], [-97.7467202541092, 32.7367248840446], [-97.743201005169, 32.7356758621128], [-97.7431920121347, 32.7339072480054], [-97.743184083604, 32.7335706077508], [-97.7452118479999, 32.7336290638859], [-97.7452243543453, 32.7321892120311], [-97.7452714350493, 32.7267682169602], [-97.7480141074944, 32.7303002456444], [-97.7512724362688, 32.7284805226493], [-97.7585601384871, 32.7284520009901], [-97.7586079073007, 32.7292665113584], [-97.7586103462267, 32.7297417690745], [-97.7585899966906, 32.7304457285373], [-97.758612238977, 32.7306018277793], [-97.7586386287851, 32.7307869811804], [-97.758788907949, 32.7317533976295], [-97.7590017745353, 32.7317517804894], [-97.759003101347, 32.7315382882711], [-97.7590113721358, 32.7313578503394], [-97.7591535053767, 32.7307753996108], [-97.7592508638889, 32.7305544260589], [-97.7593529116068, 32.7302196510212], [-97.7597093918577, 32.7302529744972], [-97.759600492689, 32.72978112011], [-97.759544915719, 32.7295403003876], [-97.7594644464325, 32.7291916280965], [-97.7590521107339, 32.7291962348109], [-97.7589984435823, 32.7292517972392], [-97.7589694459649, 32.7290321892316], [-97.7590353050516, 32.7290589408657], [-97.7596698758666, 32.7290518388366], [-97.7596427045242, 32.7292370831175], [-97.759692471191, 32.7296182000752], [-97.7598695695577, 32.7302788325448], [-97.7618191374047, 32.7303469704064], [-97.761750671407, 32.7317599742507], [-97.7651328437231, 32.7318018430518], [-97.7651310390077, 32.7323225671472], [-97.7667455999324, 32.7317739020562], [-97.7675785079824, 32.7314908492649], [-97.7676213773844, 32.729437607874], [-97.7676271355854, 32.728984780631], [-97.7678076960592, 32.7290020943894], [-97.7683172231833, 32.7291455533824], [-97.7686733962103, 32.7292766459701], [-97.7691195561742, 32.7295194410276], [-97.7693735260747, 32.7296348615494]]]}, "properties": {"CITY_NM": "Weatherford", "TXDOT_CITY_NBR": 44600, "CITY_FIPS": "4876864", "CNTY_SEAT_FLAG": "Y", "POP1990": 14804, "POP2000": 19000, "POP2010": 25250, "POP2020": 34698, "POP2022": 36251, "POP_CD": "2", "MAP_COLOR_CD": 4, "COLOR_CD": 4, "GID": 1005, "OBJECTID": 735}}, {"type": "Feature", "id": 601, "geometry": {"type": "Polygon", "coordinates": [[[-98.1584952835614, 32.8107505351515], [-98.1444814869757, 32.8106782677921], [-98.1444671301008, 32.81123264145], [-98.1447718871542, 32.8112347237356], [-98.1447568915772, 32.8117615834581], [-98.1446433148809, 32.8120998978536], [-98.1445106471881, 32.8123540727748], [-98.1443152645122, 32.8126406577882], [-98.1438066581612, 32.8133359802228], [-98.1435323504027, 32.8136472264458], [-98.1431531266055, 32.8140532179024], [-98.1430798618076, 32.8141481815576], [-98.1430000743423, 32.8142409919288], [-98.1429537500198, 32.81421891199], [-98.1429066064337, 32.8141982030771], [-98.1428594646442, 32.8141774941594], [-98.1428115098794, 32.8141567852368], [-98.1427627295628, 32.8141388229038], [-98.1427143678612, 32.8141181109524], [-98.1426655866463, 32.8141015234194], [-98.1426164029862, 32.8140835603203], [-98.1425664018592, 32.8140669690059], [-98.1425163953422, 32.814051752497], [-98.1424663942152, 32.8140351619317], [-98.1424159780665, 32.8140213194713], [-98.1423651540827, 32.8140074762538], [-98.142313923162, 32.8139936315242], [-98.1422626877498, 32.8139825349016], [-98.1422114586258, 32.8139686901681], [-98.1421594003567, 32.8139589668424], [-98.1421073519692, 32.8139478694605], [-98.1420552963951, 32.8139381461325], [-98.1420028347825, 32.8139284235585], [-98.1419507720219, 32.8139214475845], [-98.1418978953876, 32.8139144701], [-98.1418446109183, 32.813907494125], [-98.1417921421191, 32.8139005189044], [-98.1417388567514, 32.8138949162292], [-98.141685971134, 32.8138906898746], [-98.1416326812747, 32.8138864604999], [-98.1415793851272, 32.813883607446], [-98.1415256865345, 32.8138807513722], [-98.1414723832005, 32.8138806464306], [-98.1414190879513, 32.8138777918666], [-98.1413657882106, 32.813877685415], [-98.1413120734481, 32.8138789545295], [-98.1412587629276, 32.8138815984552], [-98.1412058656321, 32.8138828683247], [-98.1411525551116, 32.8138855114952], [-98.1410992418961, 32.8138895294767], [-98.1410455199472, 32.8138935451931], [-98.1409930215036, 32.8138975631742], [-98.1409401080385, 32.8139043322867], [-98.14088719098, 32.8139110983788], [-98.1408346844517, 32.8139178652254], [-98.1407817736814, 32.8139232580159], [-98.1407296651067, 32.8139327752372], [-98.1406767390651, 32.8139436672677], [-98.1406254488557, 32.8139518089218], [-98.1405729297509, 32.8139627009499], [-98.14052162966, 32.8139735952416], [-98.140469919039, 32.8139872361311], [-98.1404186126598, 32.8140008770185], [-98.1403677168108, 32.8140131453596], [-98.1403168191651, 32.8140267892629], [-98.1402667291049, 32.8140418064629], [-98.1402166363497, 32.8140581992237], [-98.1401669532262, 32.8140732194382], [-98.1400838231299, 32.8140901504898], [-98.140038392631, 32.8141018563629], [-98.1398562538172, 32.8141387240023], [-98.1396763212658, 32.8141902124402], [-98.1394027537191, 32.8142684933206], [-98.1393109126594, 32.8142742363971], [-98.1392192126352, 32.8142572276185], [-98.1387267112807, 32.8140503965629], [-98.1382994698366, 32.8138068860081], [-98.1377039595668, 32.8136056331938], [-98.137055906836, 32.8132419639562], [-98.1361859028563, 32.8129025516316], [-98.135561568344, 32.8126589760225], [-98.1348571166847, 32.8126941923511], [-98.134583047878, 32.8125913903788], [-98.1342884444823, 32.8124808859022], [-98.1339104774282, 32.8123360240087], [-98.1334892484083, 32.8121743603241], [-98.1331621745083, 32.8119624244481], [-98.1330647468259, 32.8117154389728], [-98.1327356202754, 32.8109987162092], [-98.1326433821604, 32.8108117318587], [-98.1263212772443, 32.8108426204947], [-98.1263156546889, 32.8141788146078], [-98.1262988454133, 32.8170974431785], [-98.1262947598754, 32.8182525236085], [-98.1222312360776, 32.818219400664], [-98.1222375404543, 32.8189241553632], [-98.1203057475717, 32.8189034868035], [-98.1202991844803, 32.8206706712987], [-98.1202733920518, 32.821819111901], [-98.1202522789477, 32.8254253413344], [-98.1189575092809, 32.8254233582703], [-98.1189515992647, 32.8273387027165], [-98.1176429093043, 32.8273318719741], [-98.1175407501952, 32.8334193866605], [-98.1175802976273, 32.8381088444016], [-98.1175892610172, 32.8397041647604], [-98.1173836564116, 32.8396991010994], [-98.1171784731158, 32.8396869457456], [-98.1169740470999, 32.8396677220935], [-98.1167707224185, 32.8396414603288], [-98.1165688404314, 32.8396082042212], [-98.1163834919372, 32.839567860173], [-98.1162003901294, 32.8395207617774], [-98.1160198835546, 32.8394670011043], [-98.1158423108774, 32.8394066762602], [-98.1156680053729, 32.8393399027099], [-98.1154973003161, 32.8392668072386], [-98.115330511914, 32.8391875234234], [-98.1151679572717, 32.8391022037094], [-98.1150099436132, 32.8390110103532], [-98.114856765586, 32.8389141116489], [-98.114708714244, 32.8388116940045], [-98.1145660671667, 32.8387039483565], [-98.1143726877338, 32.838553051094], [-98.1127790809114, 32.836967376513], [-98.1108508606288, 32.835004107144], [-98.1059967008033, 32.8349659506687], [-98.109123966276, 32.8288112736613], [-98.1091262462002, 32.8276883991888], [-98.1058391066581, 32.8276905950724], [-98.1058307873602, 32.8270765140034], [-98.1049427227518, 32.8270720361514], [-98.1049416250105, 32.8271788863052], [-98.0990926025675, 32.8271794124446], [-98.0928561403356, 32.8271473526565], [-98.0894100708534, 32.8271261493023], [-98.083138746802, 32.8270990798983], [-98.0830362625028, 32.8304524308805], [-98.0826762860089, 32.8304482649456], [-98.0822386294974, 32.8304882070369], [-98.0810734103693, 32.8305999398749], [-98.0804620592078, 32.8306742079442], [-98.0792309738065, 32.8308131258273], [-98.0785918045155, 32.8309530481731], [-98.0783765277492, 32.8310418441626], [-98.0780035184972, 32.8312263953944], [-98.0778062511557, 32.8313423618861], [-98.0776567095087, 32.8314357694777], [-98.0774572835156, 32.8315637472371], [-98.0773344011713, 32.83163372332], [-98.0772070820477, 32.831697794356], [-98.0770757205054, 32.8317557610843], [-98.0769407279728, 32.8318074416042], [-98.0768025302511, 32.8318526751496], [-98.0766615522437, 32.8318913213332], [-98.0765182395148, 32.8319232586371], [-98.0763730367306, 32.8319483866771], [-98.0762263975403, 32.8319666277126], [-98.0760787809829, 32.8319779251359], [-98.075313923909, 32.8320026334795], [-98.0744889776274, 32.8320046994271], [-98.0744894618193, 32.8319581163369], [-98.0669247389303, 32.8320150261447], [-98.0666162745297, 32.8320671767675], [-98.066309376791, 32.8321255440645], [-98.0660042172923, 32.832190091792], [-98.0657009765951, 32.8322607829504], [-98.0657016593147, 32.8438015583198], [-98.0653709274749, 32.8437967009316], [-98.0652753602034, 32.8437974201812], [-98.0606474824047, 32.8442038036389], [-98.0563715483647, 32.8445840328577], [-98.0552837199967, 32.8446827434789], [-98.05173974403, 32.8445547468944], [-98.0481900359134, 32.8444351969095], [-98.0457085998411, 32.8443552022389], [-98.0452074117778, 32.8409949066143], [-98.0448442094337, 32.8409081274489], [-98.0445150927648, 32.8410617362803], [-98.044216739801, 32.8411128513632], [-98.0410726955954, 32.8414491965535], [-98.0391933804952, 32.8416498836257], [-98.039053186717, 32.8415054617666], [-98.0397371675676, 32.8389287623552], [-98.0394314313505, 32.8388624556441], [-98.039527448678, 32.8385567562412], [-98.0383997629591, 32.8380574173784], [-98.0382374858963, 32.8380055752014], [-98.0359214449392, 32.834986403393], [-98.0358023022814, 32.8350246255267], [-98.0348229041614, 32.8366065329658], [-98.0339803113743, 32.8379785143972], [-98.0340638286446, 32.8383065954294], [-98.0371541374266, 32.8382187184659], [-98.0372297926415, 32.8418091600148], [-98.0364352112131, 32.8418763588894], [-98.0342816476432, 32.8421243805316], [-98.0342476419181, 32.8422570018617], [-98.0345618169089, 32.8442864324099], [-98.03246734362, 32.8490779023823], [-98.0310191569741, 32.8519923450798], [-98.0314399386329, 32.8566187577544], [-98.0320053023401, 32.8593922944579], [-98.0325034954203, 32.863130208088], [-98.0329742117309, 32.8665974128527], [-98.0334407993844, 32.8700530914008], [-98.0338047329571, 32.8737438957123], [-98.0317679854084, 32.8795745114616], [-98.0310891114802, 32.8815985144093], [-98.021100415951, 32.880414379845], [-98.0138562442947, 32.8795738717158], [-98.0137669885864, 32.8696874253151], [-98.0138910144861, 32.8686001361078], [-98.013900490814, 32.867437481897], [-98.0138606154969, 32.8616296716459], [-98.0179957215481, 32.8616469256409], [-98.0178713875262, 32.8588065209366], [-98.0208683406889, 32.8588395600729], [-98.0208336845836, 32.8545816682608], [-98.0208384546377, 32.8518824103365], [-98.0189292804358, 32.8518903666413], [-98.0203378370046, 32.8505076523269], [-98.0218245416133, 32.8487328627597], [-98.0223033005406, 32.847358125386], [-98.0225847876349, 32.8465429757449], [-98.0225884797107, 32.8459165430197], [-98.0226055503961, 32.8440152506886], [-98.0256576143031, 32.8440309390471], [-98.0241823712991, 32.8394334211399], [-98.0241437608099, 32.836781931476], [-98.0227439053228, 32.8367767348069], [-98.0227225335039, 32.8317916974929], [-98.0206242675279, 32.8318008799227], [-98.0206345289834, 32.8304954134442], [-98.0206710248384, 32.8251925518101], [-98.0281471927051, 32.8252395566524], [-98.0247122587391, 32.8215203359936], [-98.0248770160504, 32.8215223304685], [-98.0252964735926, 32.8215274034701], [-98.025290531237, 32.8194573531689], [-98.0256907540522, 32.8194570315693], [-98.0256964754223, 32.8188086920514], [-98.0265131823561, 32.8188093171368], [-98.0265679301811, 32.8182261777516], [-98.0266765257192, 32.8182203398082], [-98.0267167801254, 32.8178464380982], [-98.0277790945427, 32.8177792776583], [-98.0276190300304, 32.8163556344001], [-98.0289074153705, 32.8140554299775], [-98.0288911639487, 32.8137307299819], [-98.0316794214028, 32.8131134237601], [-98.0326404606534, 32.8128878679422], [-98.0330612881263, 32.8127890970599], [-98.0336185795724, 32.8126582950248], [-98.0340204507962, 32.8125639684965], [-98.034509237617, 32.8124492405826], [-98.034767132257, 32.8123887056181], [-98.0352403584604, 32.8122776263425], [-98.0363025201642, 32.8120283012691], [-98.0372697101795, 32.8118012591345], [-98.0380664565477, 32.811614222113], [-98.0388839468124, 32.8114223081735], [-98.0391573966798, 32.8113581130374], [-98.0400104260939, 32.8111578792108], [-98.0400109471167, 32.8108827261772], [-98.0431719344469, 32.8108890432736], [-98.044195322168, 32.8108854086971], [-98.0445275182618, 32.8097452964778], [-98.0447199059546, 32.8090255807926], [-98.044895955089, 32.808230380325], [-98.0450733346284, 32.8070563111344], [-98.0453121364753, 32.8066576417754], [-98.0458955149973, 32.806966616838], [-98.0456076067453, 32.8060880677648], [-98.0461609141631, 32.8063548086432], [-98.04626649765, 32.8063997591742], [-98.0463753060888, 32.8064388452938], [-98.0464868795421, 32.8064719061863], [-98.0466007508858, 32.8064988006663], [-98.0467164449112, 32.8065194177486], [-98.0477813428833, 32.8065353498136], [-98.0492888129481, 32.8064963996434], [-98.0503922324762, 32.8065677802134], [-98.0517714680342, 32.8066607125119], [-98.0530024357563, 32.8067290244811], [-98.0534800996372, 32.8067120165233], [-98.0545209479125, 32.8066081898401], [-98.0557237363824, 32.8064551684834], [-98.0576932459305, 32.806208246227], [-98.0588411500314, 32.8060490547301], [-98.0601704482428, 32.8059250079648], [-98.0609746560177, 32.8059000409379], [-98.0610130221652, 32.805906127345], [-98.0616449276788, 32.805926330046], [-98.0616450956637, 32.8059102929208], [-98.0617090350507, 32.8059131681269], [-98.0619803307581, 32.8059392714905], [-98.0622507622862, 32.8059711441309], [-98.0625201553618, 32.8060087709413], [-98.0627883402033, 32.8060521232225], [-98.0630551416394, 32.8061011775601], [-98.0633203943798, 32.8061558984574], [-98.0635839295414, 32.8062162541925], [-98.0638455764444, 32.8062822039816], [-98.0641051697985, 32.8063537093051], [-98.0645869847944, 32.8065077342828], [-98.0655499518296, 32.8068810283337], [-98.0658820239558, 32.8070147668949], [-98.0658695526447, 32.8040796307812], [-98.0658314766531, 32.8037107073471], [-98.0731003340134, 32.8037429605829], [-98.0730960966602, 32.8031266820984], [-98.0729561642918, 32.7962439397541], [-98.0645774267198, 32.7961731391377], [-98.0645935856152, 32.7898093002723], [-98.0484050764228, 32.7897433888606], [-98.0484480563175, 32.7855642379976], [-98.0484874043236, 32.7814132006438], [-98.0477111287641, 32.7814044374585], [-98.0477791141631, 32.7743855006213], [-98.0516203004365, 32.7743550698791], [-98.0557999808922, 32.77795986026], [-98.057207047156, 32.7779708790533], [-98.0572067399321, 32.7780669839603], [-98.0600822291903, 32.7780907715024], [-98.0600761601722, 32.777333199928], [-98.0615698195379, 32.7773384748472], [-98.0615771920114, 32.7747699033928], [-98.0659691632333, 32.7748108795997], [-98.0659098322037, 32.7798253378552], [-98.0658436973342, 32.7804224499723], [-98.0658197239942, 32.7806618867256], [-98.0656990173695, 32.7811822194664], [-98.0656761588388, 32.7816393204344], [-98.0681883541247, 32.7816578391558], [-98.0682189749978, 32.7852586104544], [-98.0748817929348, 32.7853559566203], [-98.0830823209241, 32.7853921678141], [-98.0917523623797, 32.7854619559597], [-98.096477560063, 32.7857878542744], [-98.0965555535926, 32.7858537142419], [-98.097956951487, 32.7859001070229], [-98.0982117433459, 32.7857377442671], [-98.0979567287048, 32.7854743347252], [-98.1003114151854, 32.7855244766], [-98.1096914428208, 32.785815462647], [-98.1092856863834, 32.7846165994834], [-98.109017809664, 32.7838265398136], [-98.1085657271073, 32.7824700195099], [-98.1124667681281, 32.7822917828147], [-98.1178916366368, 32.7820778143257], [-98.1187799285189, 32.7815541901546], [-98.1184088829841, 32.7820726031281], [-98.1182537574093, 32.7823033682598], [-98.1182046608857, 32.7824229263403], [-98.1181680401648, 32.7827441948367], [-98.1181648089248, 32.7828885128429], [-98.1181564195583, 32.78547974208], [-98.1240756103066, 32.7854869098455], [-98.130363935873, 32.7855055251889], [-98.1303497936955, 32.7872499624728], [-98.1303503856853, 32.7876598255659], [-98.1322762981959, 32.7876502715477], [-98.1322778747393, 32.7869293332925], [-98.1340011129488, 32.7869336228558], [-98.1340212010752, 32.7852337274952], [-98.1339243788572, 32.7842157873684], [-98.1368815537208, 32.7842453001577], [-98.1368363118681, 32.7873526215659], [-98.1354487480291, 32.7873600142304], [-98.1354799132813, 32.7886169546126], [-98.1343732149024, 32.788614078092], [-98.1343781439584, 32.7907769551889], [-98.130785455947, 32.7907928092716], [-98.1297829001574, 32.7908011471254], [-98.1282543771755, 32.7908257362757], [-98.1274942650029, 32.790824150415], [-98.1267639858809, 32.7908332215377], [-98.1267447089332, 32.791821917003], [-98.1267662137028, 32.7963231206922], [-98.1260881096308, 32.7963221397848], [-98.1261493289191, 32.8009192457291], [-98.1284833613347, 32.8002137381232], [-98.1294476327236, 32.7999033449284], [-98.1295830178201, 32.7998593312056], [-98.1297338844822, 32.7998230519028], [-98.1298592075491, 32.7998062834992], [-98.1299641190962, 32.799799505762], [-98.1302055853463, 32.7997994408238], [-98.1322099522223, 32.7997946822116], [-98.134708302673, 32.799799782882], [-98.136820407196, 32.7998005855485], [-98.13901881197, 32.7997980537132], [-98.1433360640215, 32.7997570006693], [-98.1433343015269, 32.7976974482415], [-98.1461041704673, 32.7976994138016], [-98.1461174233127, 32.7961603095405], [-98.1467867813871, 32.7961621497837], [-98.1467993658859, 32.7998783656389], [-98.1606873435345, 32.7999232348744], [-98.1607145202669, 32.8034177962977], [-98.158641393644, 32.8034329262848], [-98.1584952835614, 32.8107505351515]], [[-98.1357192613039, 32.8124794295307], [-98.1358519658276, 32.8125325534777], [-98.135906888824, 32.8125545394621], [-98.1364491227093, 32.8127716025414], [-98.1371573553776, 32.8130551119178], [-98.1376765834085, 32.8132629584748], [-98.1378778743041, 32.8133435330478], [-98.1384611576046, 32.813476426122], [-98.1386323208022, 32.813556484096], [-98.138981999908, 32.8137200342194], [-98.1389879126192, 32.8108697544975], [-98.1347833326605, 32.8108609579747], [-98.132798965876, 32.8107915400833], [-98.1328360357545, 32.8108722497774], [-98.1328866746854, 32.8109773157204], [-98.1329552493793, 32.8111195924459], [-98.1329869877566, 32.8111854442217], [-98.1330187279305, 32.8112512951938], [-98.1330498716231, 32.8113159139608], [-98.1330760718866, 32.8113702722688], [-98.1331325372905, 32.8114874228487], [-98.1331548460522, 32.8115337093916], [-98.1331659007201, 32.8115566469177], [-98.1331788032225, 32.8115834145297], [-98.1331917039283, 32.8116101828887], [-98.1332038392695, 32.8116353559352], [-98.1332110024356, 32.8116502202754], [-98.1332199262996, 32.8116687342575], [-98.1332279689163, 32.8116854234139], [-98.1332346748399, 32.8116993319227], [-98.1332419493971, 32.8117144272804], [-98.1332530049633, 32.8117373640048], [-98.1332651385079, 32.8117625370153], [-98.1332870681806, 32.8118080352017], [-98.1333083780157, 32.8118507882096], [-98.1333446349189, 32.8118652032928], [-98.1333625850549, 32.8118723402418], [-98.1333849342409, 32.8118812249987], [-98.1334225053793, 32.811896162532], [-98.133477716735, 32.8119181124342], [-98.1335117359348, 32.8119316358604], [-98.1335454434192, 32.8119450362208], [-98.1338019196194, 32.8120470024103], [-98.1340039381503, 32.8121273153491], [-98.1341187051144, 32.812172942452], [-98.1343106481412, 32.8122492493013], [-98.1347618135179, 32.8124286090211], [-98.135441256978, 32.8124285078527], [-98.1355410508229, 32.8124459050452], [-98.135595625273, 32.8124554201598], [-98.135638995935, 32.8124629821195], [-98.1357192613039, 32.8124794295307]]]}, "properties": {"CITY_NM": "Mineral Wells", "TXDOT_CITY_NBR": 28350, "CITY_FIPS": "4848684", "CNTY_SEAT_FLAG": "N", "POP1990": 14870, "POP2000": 16946, "POP2010": 16788, "POP2020": 15219, "POP2022": 15173, "POP_CD": "2", "MAP_COLOR_CD": 1, "COLOR_CD": 1, "GID": 543, "OBJECTID": 601}}, {"type": "Feature", "id": 807, "geometry": {"type": "Polygon", "coordinates": [[[-97.6757641048876, 32.7374366891704], [-97.6760297771413, 32.7373719615761], [-97.6763676469944, 32.7373462181744], [-97.6786973387506, 32.7373494363834], [-97.6786909032199, 32.7379350774535], [-97.6786973387506, 32.7403516498141], [-97.6786812499238, 32.7414457035736], [-97.6787230808734, 32.7418125338144], [-97.6788228333958, 32.742053868934], [-97.679028773073, 32.7423949562391], [-97.6796723342273, 32.7433699525499], [-97.6799335804816, 32.7438634825775], [-97.6800441927375, 32.7442506253513], [-97.6800592754511, 32.7445774331516], [-97.6799788304191, 32.7449696033475], [-97.6799184968697, 32.7453165237314], [-97.6799486640936, 32.7456634435199], [-97.680024081255, 32.7461159465144], [-97.6801799443466, 32.7466790630449], [-97.6803408344106, 32.7471567060882], [-97.6804112237014, 32.747594126993], [-97.6804162506737, 32.7479862967537], [-97.6803358056417, 32.7483734389893], [-97.6801412853484, 32.7486338123117], [-97.6801278959591, 32.7486335191661], [-97.6801001658646, 32.7486329132312], [-97.6800995038062, 32.7486338493326], [-97.6800670512682, 32.7486859483849], [-97.6800668680119, 32.7486862422858], [-97.6799643810178, 32.7488331654228], [-97.6797971416614, 32.7490729175865], [-97.679757376837, 32.7491298245469], [-97.6797073963712, 32.7492020761844], [-97.6796597155925, 32.7491842170834], [-97.6794288827005, 32.7490739451019], [-97.6791975045311, 32.7489696733791], [-97.6791380144997, 32.7489428635017], [-97.6789071636414, 32.7488390071658], [-97.678326496235, 32.7485777784274], [-97.6777010594898, 32.7482971241808], [-97.6776173832177, 32.7482600932517], [-97.6775916662477, 32.7482484708875], [-97.6774427147939, 32.7481811581555], [-97.6773061924302, 32.7481199599107], [-97.6768866738027, 32.7478983501372], [-97.6766679205562, 32.7477939871294], [-97.6764620230999, 32.7476980240682], [-97.6761616102992, 32.747560383877], [-97.6760087107496, 32.7474914688814], [-97.6757898928245, 32.7473928422148], [-97.6755267071075, 32.747274217018], [-97.6749242986746, 32.7470074448011], [-97.674742436542, 32.7469254743292], [-97.6746832492428, 32.7468987953013], [-97.674572087218, 32.7468486890869], [-97.6744803171252, 32.7468073260147], [-97.6743229358807, 32.7467363863292], [-97.674202309206, 32.7466820149645], [-97.6737968087885, 32.7465647858282], [-97.6738214127458, 32.746678819759], [-97.6738292891742, 32.7467153292631], [-97.6740177161949, 32.7478583460068], [-97.67403247821, 32.7480306715962], [-97.6740422411005, 32.7482775483279], [-97.6740471108676, 32.7484006963129], [-97.6740517416829, 32.7485177945931], [-97.6740690513201, 32.7487141167811], [-97.6741018991168, 32.7488252905531], [-97.6740601418292, 32.7488940957208], [-97.6740629652341, 32.7489014742028], [-97.6743184218464, 32.7496520868731], [-97.6743765320655, 32.750185524762], [-97.6744574738658, 32.7505236737186], [-97.6743323717844, 32.7515445543231], [-97.674222285043, 32.7520769020238], [-97.6742265098198, 32.7527521250891], [-97.6742659045382, 32.7533080874857], [-97.6669959314703, 32.7533890843022], [-97.6670380974915, 32.7488953400747], [-97.6670880590926, 32.7478708395552], [-97.6666207105661, 32.7471232332907], [-97.6658700989759, 32.7475276199269], [-97.6665977604072, 32.7483797144378], [-97.6639871187493, 32.7485372298645], [-97.6647256830332, 32.7492675786639], [-97.6634969530145, 32.7502137720131], [-97.6621076698001, 32.7490208928021], [-97.660495643921, 32.7498881151455], [-97.6606955046987, 32.7502521575259], [-97.6610635642335, 32.7504128526251], [-97.6618023144687, 32.7502596250463], [-97.6622194606456, 32.7505275600813], [-97.6622015123062, 32.7510449683757], [-97.6627635181109, 32.7513350917991], [-97.6631220519105, 32.7517672346397], [-97.6641150361508, 32.7517450568402], [-97.6640675224588, 32.7519928948522], [-97.6641085664841, 32.7524322207945], [-97.6639759068762, 32.7527204464286], [-97.6642589947683, 32.7535206088751], [-97.6643064635446, 32.7553923848449], [-97.6642195811853, 32.7555265203901], [-97.6640204812806, 32.7556797759261], [-97.6615778730899, 32.7556675939711], [-97.6605114946942, 32.7556622603518], [-97.6603914564161, 32.7557032053148], [-97.6566298429105, 32.7558360054786], [-97.6555958954932, 32.7558308176749], [-97.6555918081587, 32.7570540181758], [-97.6574556201337, 32.7571258614818], [-97.6600713327814, 32.7571439886887], [-97.6600871808596, 32.7571441148501], [-97.6600868862122, 32.7571473995797], [-97.660454318723, 32.7571503413314], [-97.6605525387195, 32.7571511292737], [-97.6605681496426, 32.7571512546796], [-97.6605429878314, 32.7603642701907], [-97.6605426096407, 32.7604126471773], [-97.6606981556271, 32.7613978484347], [-97.6608561800654, 32.7614108454608], [-97.6608584662778, 32.7614795918035], [-97.6608556401779, 32.7621705445944], [-97.6617497720077, 32.7634353450012], [-97.6619146685579, 32.7636685961459], [-97.661913999313, 32.7637160829845], [-97.6618841464995, 32.765836086215], [-97.6622929410392, 32.766411888537], [-97.6681036629118, 32.7664565012077], [-97.6693116256777, 32.7664657409982], [-97.6693116032199, 32.7664767189134], [-97.6693106815484, 32.7669689651862], [-97.6693100913552, 32.7672831330878], [-97.6693074871392, 32.768668986666], [-97.6693074278504, 32.7687011385507], [-97.6693007857072, 32.7686999126021], [-97.6682338862886, 32.7685030830584], [-97.6676853722812, 32.7691262614394], [-97.6667921261903, 32.7701410748418], [-97.667305171117, 32.7706723800306], [-97.6675476919892, 32.7709235288959], [-97.6680346839761, 32.7714278442698], [-97.6684538028534, 32.7734090016229], [-97.6685921496953, 32.7741315472274], [-97.6682916075372, 32.7747662477018], [-97.668177461309, 32.7750073356685], [-97.6680690346542, 32.775236346426], [-97.6680022449129, 32.7758148009729], [-97.667844383968, 32.7765005382235], [-97.6679611299206, 32.7769103707806], [-97.6680058175127, 32.7770166090351], [-97.6680590355068, 32.7771431092735], [-97.668076413416, 32.77718441898], [-97.6681268313613, 32.7773042588635], [-97.6683040545938, 32.7774675380658], [-97.664247200787, 32.7774574754013], [-97.6641271750852, 32.7863695367138], [-97.6556554088808, 32.7861962831619], [-97.6556280596719, 32.7869323941376], [-97.6556395841587, 32.7881252683599], [-97.6467300051359, 32.7880835393137], [-97.6468271687137, 32.768764964143], [-97.6363159474382, 32.7687837136621], [-97.6363534835424, 32.7543822640872], [-97.6349178912767, 32.7542769635682], [-97.6350109881812, 32.7502788551929], [-97.6276753707239, 32.7502954085433], [-97.6276604955211, 32.743050253324], [-97.6255387251257, 32.7430493073414], [-97.6254917046088, 32.7380552202786], [-97.6215496249525, 32.7380456934275], [-97.6215176476233, 32.73708638992], [-97.6214295776912, 32.7334804101569], [-97.6213982749968, 32.7325558294933], [-97.6213950545365, 32.7323480868109], [-97.6214369250119, 32.7321741613658], [-97.6214498086497, 32.7320243928632], [-97.6214395813302, 32.7319783709987], [-97.6214337045516, 32.7319519232649], [-97.6216865389816, 32.7320066784306], [-97.6216140709893, 32.7320904195597], [-97.6215560964158, 32.7322562927633], [-97.6215496545969, 32.7323819044536], [-97.6216721219196, 32.7363669584073], [-97.6254354781568, 32.73623825423], [-97.627967766959, 32.7363377259529], [-97.6280349510608, 32.7338088843835], [-97.6252522182456, 32.7330120549454], [-97.623486363959, 32.7325091383828], [-97.6235243150848, 32.7286645771356], [-97.6254910874662, 32.729228887613], [-97.6255381879331, 32.7271145084116], [-97.6226734712719, 32.7271140580072], [-97.6226945223922, 32.7247661455067], [-97.6238247341737, 32.724766641267], [-97.6238250755335, 32.7235851097061], [-97.6252824887757, 32.7235743486928], [-97.6257455083209, 32.7235897560088], [-97.6263869000439, 32.7235944869544], [-97.6266395539125, 32.7236723495157], [-97.6271739895228, 32.7239948049045], [-97.6288338300295, 32.7251721798187], [-97.6284041496594, 32.728864598374], [-97.6341939461758, 32.7289437946719], [-97.6357622106257, 32.7299158685398], [-97.6361001442592, 32.7300859534555], [-97.6363948240118, 32.7301625483516], [-97.6385406288326, 32.730060916784], [-97.6394255493375, 32.7300900001596], [-97.6402370038219, 32.7302228861125], [-97.6418380361185, 32.730737594383], [-97.6423519263599, 32.7310322976036], [-97.6429145367308, 32.7315830597216], [-97.6433414808325, 32.7322037745316], [-97.6435984672757, 32.7330235727487], [-97.6438837461588, 32.7337192069222], [-97.6440508417848, 32.7339763019688], [-97.6440572818071, 32.734826423866], [-97.6523228612976, 32.7373823219538], [-97.6537608457769, 32.7386104235746], [-97.6568648224259, 32.7407715576703], [-97.6582261833064, 32.7413429469508], [-97.6583093394539, 32.7413098354087], [-97.6590577214255, 32.741323148937], [-97.6594924215814, 32.7412478028034], [-97.6599200259448, 32.741145605847], [-97.6611280488979, 32.7409187394281], [-97.6624204901315, 32.7407617553168], [-97.6635369720621, 32.740632217262], [-97.6642477568441, 32.7405170384162], [-97.664983269551, 32.7404556256059], [-97.6667062391642, 32.7402426899573], [-97.6680820027337, 32.7401054764976], [-97.6686488495594, 32.7400116571121], [-97.6693079991789, 32.7399282128217], [-97.6694699115257, 32.7398999910222], [-97.6699693146366, 32.7397694868071], [-97.6700594120663, 32.7397381752877], [-97.6700558232968, 32.7392554555819], [-97.6705087116422, 32.739079832913], [-97.6707380955517, 32.739502401966], [-97.6708603643467, 32.7394598136659], [-97.6712556284616, 32.7392833088482], [-97.6720747482703, 32.7389253987754], [-97.6736478088255, 32.7383353022944], [-97.6737059810284, 32.7405786559513], [-97.6743312497887, 32.7405329142974], [-97.6743138359468, 32.7380092937138], [-97.6757641048876, 32.7374366891704]], [[-97.6573148613152, 32.751813681454], [-97.6572550694499, 32.7509733566389], [-97.6558997811808, 32.7509641613269], [-97.6558613198119, 32.7502576032855], [-97.6526071996446, 32.7503881775116], [-97.6525257673641, 32.7518193039058], [-97.6539258806676, 32.7518670191813], [-97.6539464134601, 32.7528690378414], [-97.6576507476882, 32.7529225947853], [-97.6580013170244, 32.7518814734514], [-97.6573148613152, 32.751813681454]]]}, "properties": {"CITY_NM": "Willow Park", "TXDOT_CITY_NBR": 46120, "CITY_FIPS": "4879492", "CNTY_SEAT_FLAG": "N", "POP1990": 2328, "POP2000": 2849, "POP2010": 3982, "POP2020": 5994, "POP2022": 5650, "POP_CD": "2", "MAP_COLOR_CD": 5, "COLOR_CD": 5, "GID": 1006, "OBJECTID": 807}}, {"type": "Feature", "id": 947, "geometry": {"type": "MultiPolygon", "coordinates": [[[[-97.7039744306592, 32.7725210404634], [-97.7039706972609, 32.7724658932576], [-97.7038578392168, 32.770798747283], [-97.7039843067374, 32.7708249145831], [-97.7040251154041, 32.7653622553238], [-97.7071008310543, 32.7653613594338], [-97.7071248115808, 32.7644957970426], [-97.7071187838852, 32.7644462038214], [-97.7040247794342, 32.7643912812531], [-97.7040238604577, 32.7617375955897], [-97.7004512066738, 32.761727769859], [-97.7004528236413, 32.7613103887107], [-97.7004548367659, 32.7607363513101], [-97.700455295805, 32.7605989412765], [-97.7004325217159, 32.7605453972586], [-97.6998046379599, 32.7605270901966], [-97.6998072655321, 32.7597705385374], [-97.6996499040505, 32.7597702544937], [-97.6995485911544, 32.7597700716783], [-97.6993566822637, 32.7597697234226], [-97.6990544952903, 32.7597691764875], [-97.6989716571464, 32.7597690337102], [-97.6989712241584, 32.7600349903647], [-97.6989708001536, 32.7602934863452], [-97.6989703024869, 32.7605970247549], [-97.6989516283088, 32.7606694876748], [-97.6976388447256, 32.7606800893464], [-97.6976316824579, 32.7609933880398], [-97.697650755488, 32.7616950315168], [-97.69508366685, 32.7616999137897], [-97.695114176332, 32.7602040100449], [-97.6963055678759, 32.760218065605], [-97.6962186630587, 32.7598580073281], [-97.695073563498, 32.7598140689761], [-97.6950816770816, 32.7595421036693], [-97.6962306861104, 32.7595682047781], [-97.6962427109588, 32.7592783997741], [-97.6951010438609, 32.7592749814103], [-97.6950606457242, 32.7593701652284], [-97.6941965212181, 32.7593693402893], [-97.6942065886375, 32.7588826354757], [-97.6950594554565, 32.7588786165196], [-97.6950502351484, 32.7586494881314], [-97.6941354663215, 32.7586292452295], [-97.6941682350665, 32.7578028759733], [-97.6925783903884, 32.7578174033142], [-97.692577033034, 32.7582824212652], [-97.6925724345581, 32.7586983155391], [-97.6925678091327, 32.7591174268042], [-97.6925619611002, 32.7596316637328], [-97.6925492939564, 32.7604983400789], [-97.6925455758294, 32.7607517302942], [-97.6925490244618, 32.7609141786776], [-97.692558635537, 32.7613240898031], [-97.6925683678848, 32.7616397484271], [-97.6916546321205, 32.7616411459531], [-97.6916604406271, 32.7608928507436], [-97.6916889244082, 32.757240751423], [-97.6917046134846, 32.7552383378333], [-97.6905256142001, 32.7552309130368], [-97.6905281402626, 32.7549538229364], [-97.6904536726205, 32.7549530561281], [-97.6904557342541, 32.7546815511712], [-97.6899460400434, 32.7546783411431], [-97.6899463337925, 32.7544939739749], [-97.689960775109, 32.7540878564212], [-97.6897965325323, 32.7540276315206], [-97.6896523367596, 32.7539797836817], [-97.689312747531, 32.7538631904469], [-97.6887538795416, 32.7536713619123], [-97.6883737008353, 32.7535585230492], [-97.688327311834, 32.7536589024189], [-97.6882134234223, 32.7536197575983], [-97.6881304074119, 32.753591287803], [-97.6878382222809, 32.7534909869279], [-97.6871734941235, 32.7532627996177], [-97.6868288321086, 32.7531444829235], [-97.6868557591092, 32.7530884586761], [-97.686889083013, 32.7530208897122], [-97.6864208119166, 32.7528925548512], [-97.6863458160651, 32.7530217887484], [-97.6863230455693, 32.7530788465509], [-97.6862960089742, 32.7531465884784], [-97.6862736256523, 32.7532142268521], [-97.6862452092449, 32.7533194236145], [-97.6862252289163, 32.7533758738127], [-97.6861763767346, 32.7533741444971], [-97.6855751855189, 32.7531136996604], [-97.6854068124885, 32.7531114936244], [-97.6852572025695, 32.7531474081867], [-97.6851044224959, 32.7532567647591], [-97.6849636816437, 32.7532081194632], [-97.6848373030563, 32.7531327252081], [-97.6846792714315, 32.7530451908831], [-97.6845744003086, 32.7529341447678], [-97.6845085726629, 32.7527994938485], [-97.6843967530713, 32.7526764705575], [-97.6841686807021, 32.7525288239499], [-97.6839507018035, 32.7524349300088], [-97.6837630149945, 32.7525264456461], [-97.6837099344427, 32.7525679004998], [-97.6836419921628, 32.7526209589975], [-97.6836032199768, 32.7527024271125], [-97.6835603119473, 32.7527925908954], [-97.6835407232842, 32.7529431086955], [-97.6835393362854, 32.753093748631], [-97.6835202012715, 32.7531950789323], [-97.6834527755229, 32.7532564822057], [-97.6833285663669, 32.7533017821647], [-97.6831977554919, 32.7533247838162], [-97.6830425113394, 32.7533177993109], [-97.6830399152082, 32.7532163716909], [-97.6830478796716, 32.7531179961421], [-97.6818760893672, 32.7531102908813], [-97.6818634500711, 32.7537156870825], [-97.6818451837281, 32.754165949208], [-97.6812796583242, 32.754248724405], [-97.680998613201, 32.7543683670126], [-97.6808867522869, 32.7543684244292], [-97.6807924031309, 32.7513279764351], [-97.6807859936514, 32.7508787115914], [-97.6805346630012, 32.7507739199227], [-97.6804713165023, 32.7507474702119], [-97.6801702712876, 32.7506219622267], [-97.6797635500596, 32.7504486201947], [-97.6794949582812, 32.7503383392013], [-97.6792699671335, 32.750243574863], [-97.6792112218055, 32.7502188324617], [-97.6788834067954, 32.7500784196385], [-97.6786855681254, 32.7499974205668], [-97.6783047084961, 32.7498370087935], [-97.6780100538964, 32.7497108286232], [-97.6775439171971, 32.7495076061797], [-97.6774799975731, 32.7494796926456], [-97.6772654116113, 32.7493861452976], [-97.6770513852999, 32.7492928373525], [-97.6766867465496, 32.7491338635866], [-97.6766215935387, 32.7491055865275], [-97.6763041190358, 32.7489693961007], [-97.6758469600995, 32.7487732882899], [-97.6750165457728, 32.7484170346858], [-97.6750080773546, 32.7488356835979], [-97.6748980795464, 32.7488341551646], [-97.6742590018836, 32.748822259374], [-97.6741018991168, 32.7488252905531], [-97.6740690513201, 32.7487141167811], [-97.6740517416829, 32.7485177945931], [-97.6740471108676, 32.7484006963129], [-97.6740422411005, 32.7482775483279], [-97.67403247821, 32.7480306715962], [-97.6740177161949, 32.7478583460068], [-97.6738292891742, 32.7467153292631], [-97.6738214127458, 32.746678819759], [-97.6737968087885, 32.7465647858282], [-97.674202309206, 32.7466820149645], [-97.6743229358807, 32.7467363863292], [-97.6744803171252, 32.7468073260147], [-97.674572087218, 32.7468486890869], [-97.6746832492428, 32.7468987953013], [-97.674742436542, 32.7469254743292], [-97.6749242986746, 32.7470074448011], [-97.6755267071075, 32.747274217018], [-97.6757898928245, 32.7473928422148], [-97.6760087107496, 32.7474914688814], [-97.6761616102992, 32.747560383877], [-97.6764620230999, 32.7476980240682], [-97.6766679205562, 32.7477939871294], [-97.6768866738027, 32.7478983501372], [-97.6773061924302, 32.7481199599107], [-97.6774427147939, 32.7481811581555], [-97.6775916662477, 32.7482484708875], [-97.6776173832177, 32.7482600932517], [-97.6777010594898, 32.7482971241808], [-97.678326496235, 32.7485777784274], [-97.6789071636414, 32.7488390071658], [-97.6791380144997, 32.7489428635017], [-97.6791975045311, 32.7489696733791], [-97.6794288827005, 32.7490739451019], [-97.6796597155925, 32.7491842170834], [-97.6797073963712, 32.7492020761844], [-97.679757376837, 32.7491298245469], [-97.6797971416614, 32.7490729175865], [-97.6799643810178, 32.7488331654228], [-97.6800668680119, 32.7486862422858], [-97.6801000877111, 32.7486329109647], [-97.6801412853484, 32.7486338123117], [-97.6811894369269, 32.7486466857828], [-97.6812071220599, 32.7485612957776], [-97.6811274926982, 32.7438829604207], [-97.6811414543143, 32.7414568545811], [-97.6787495164955, 32.7414315075335], [-97.6787491374065, 32.7413848271175], [-97.6787438400412, 32.7409005560275], [-97.6787680217904, 32.7401938237194], [-97.6799431978451, 32.7401985998755], [-97.6807876914673, 32.7402072054185], [-97.6807839742386, 32.7372109641285], [-97.6808478669132, 32.7372041559321], [-97.6810093022546, 32.7371830119829], [-97.6811770275996, 32.7371595119835], [-97.6812786369397, 32.7371451172863], [-97.6817857440024, 32.7370732639101], [-97.6821698860758, 32.7370183085929], [-97.6824893467538, 32.7369582995967], [-97.6824915000155, 32.7361112364464], [-97.682501180261, 32.7355709195694], [-97.6825103080426, 32.7342729236603], [-97.6825230928657, 32.7328842769007], [-97.6835024137306, 32.7329169623567], [-97.6834829921542, 32.7302195074408], [-97.6854366751835, 32.7302036932001], [-97.6867168598033, 32.7301846378183], [-97.686727212887, 32.7313658416156], [-97.6867383969123, 32.7332270980274], [-97.6867403471548, 32.7338859249396], [-97.6867214007871, 32.7349541515208], [-97.6867366460958, 32.7360638028966], [-97.6867131515579, 32.7367794889303], [-97.6867171176198, 32.7368806269676], [-97.6847598458209, 32.7367497586507], [-97.6845597218368, 32.7367388110744], [-97.6844237501405, 32.7367525567506], [-97.6842891681379, 32.7368011936527], [-97.6842596054802, 32.7372448290418], [-97.6842716141589, 32.7379470109674], [-97.6833654844301, 32.7379315169695], [-97.6832672392808, 32.7397109251366], [-97.6832911596202, 32.7401826604642], [-97.6877881690516, 32.7402440243486], [-97.6879604263972, 32.7402403770628], [-97.6879681195693, 32.7381644918581], [-97.6892299426247, 32.738184660071], [-97.6892377256284, 32.7379508699208], [-97.6892768185129, 32.7370706418815], [-97.6918996799536, 32.7373740576806], [-97.6919748662479, 32.737405586895], [-97.6919318477256, 32.7402718508599], [-97.7004972309591, 32.7402799259642], [-97.7004948836612, 32.7410024736949], [-97.7054300257113, 32.7410150286523], [-97.7054206086721, 32.7400235382114], [-97.7054198118665, 32.7395659333988], [-97.7054187204134, 32.738940490615], [-97.7059701907764, 32.7391459699912], [-97.7060346071688, 32.7391694989356], [-97.7064134869113, 32.7393075472731], [-97.7065845153616, 32.7393497321511], [-97.7066625151794, 32.7393810830987], [-97.7066484385789, 32.7409252647482], [-97.7066339298887, 32.7425167515531], [-97.7065840554242, 32.7425204410583], [-97.7059111723606, 32.7425190016753], [-97.7059107663221, 32.7426300781524], [-97.7059104483185, 32.7430727453415], [-97.7059071434165, 32.7435123517709], [-97.7059092194232, 32.7440464535466], [-97.706185568154, 32.7440458815811], [-97.707070303606, 32.7440439964372], [-97.7081812608976, 32.7440415952398], [-97.7090699974459, 32.7440396942288], [-97.7090684748015, 32.7435056709922], [-97.7090660637233, 32.7426738081305], [-97.7090643955518, 32.7420942368406], [-97.7090626662949, 32.7414926446363], [-97.7090610178863, 32.7409147234395], [-97.7090581414808, 32.7399230414704], [-97.7095422121463, 32.7400176550878], [-97.7098446560379, 32.7400767545455], [-97.7101895102923, 32.74013631337], [-97.7104972560407, 32.740187802332], [-97.7107454740284, 32.7402293460436], [-97.7108291242493, 32.7402371075773], [-97.711048610521, 32.7402575193803], [-97.7112399022692, 32.7402753115111], [-97.7113050283307, 32.7402813336482], [-97.7116667628276, 32.7403055211763], [-97.7121030925274, 32.7403317578857], [-97.7123533128599, 32.7403468049067], [-97.7123515090428, 32.7402777898812], [-97.7125321180256, 32.7402899369164], [-97.7132281749286, 32.7403428092934], [-97.7134768726167, 32.740359662952], [-97.7139054570421, 32.7404583631416], [-97.7151064542713, 32.7408854743426], [-97.7156463210958, 32.7411106332047], [-97.716661375146, 32.7417513500845], [-97.7171678551847, 32.740900017288], [-97.7170177134631, 32.740812152081], [-97.7169880061766, 32.7406366458197], [-97.7168748570784, 32.7403533620038], [-97.7166888034066, 32.7400323848086], [-97.7166843019487, 32.739757703147], [-97.7172519240206, 32.740096942727], [-97.7174868244842, 32.740207589264], [-97.717632248254, 32.7402749548675], [-97.7177721015707, 32.740337538227], [-97.7179771168814, 32.7404018269308], [-97.7181417421404, 32.740453778166], [-97.7183657900571, 32.7405216347225], [-97.7185128694219, 32.7405859610734], [-97.7203771476226, 32.7412530587042], [-97.7200261264338, 32.7418722055724], [-97.7200282186101, 32.7420196809463], [-97.7202518317422, 32.7420196514785], [-97.7207311566081, 32.7420298163747], [-97.7218692394281, 32.742058425115], [-97.7219096941586, 32.7428618431648], [-97.7219142072946, 32.7440866694367], [-97.7206390155111, 32.743649179176], [-97.7207686846274, 32.7447989129182], [-97.7182690971965, 32.7439277914045], [-97.7183364223338, 32.7430155217029], [-97.7176969494123, 32.7430114982529], [-97.7158420568097, 32.7429998117355], [-97.7113191399655, 32.7429747749136], [-97.7113004837536, 32.7434451510632], [-97.7112891982187, 32.7437154050426], [-97.711278631336, 32.7439045629222], [-97.711267254173, 32.7440792180213], [-97.7112242203793, 32.7442286058606], [-97.711193009313, 32.7443410417369], [-97.7111625267805, 32.7444519806965], [-97.7111295002191, 32.7445689118983], [-97.7110652778628, 32.7447967769436], [-97.7109246421135, 32.7450613110112], [-97.7108055497613, 32.7452648012433], [-97.7106269835475, 32.7455610211836], [-97.7104567078854, 32.7457933920815], [-97.7103282658677, 32.7459796276065], [-97.7100965652031, 32.746265479782], [-97.7101796638585, 32.746815029554], [-97.7103829337427, 32.7471176475641], [-97.7104166008029, 32.7474317736875], [-97.7105131634077, 32.7476388843332], [-97.7105890917105, 32.7478017344046], [-97.7104818975442, 32.7482277821234], [-97.7104545833697, 32.7483766205345], [-97.7091406032306, 32.7482104305455], [-97.7090126184554, 32.7481942507967], [-97.7087767936253, 32.7481897871046], [-97.7084934595948, 32.7489324553588], [-97.7084950064938, 32.7490756329471], [-97.7081651289518, 32.7490647911478], [-97.7074159986835, 32.7490602398583], [-97.7073504584987, 32.7490601008414], [-97.7073471122743, 32.7491145848391], [-97.7073517179367, 32.749382802862], [-97.7073639233465, 32.7499637184036], [-97.7073719812346, 32.7503469550977], [-97.7073831463953, 32.7508780165216], [-97.7073843160018, 32.7509330003106], [-97.7073969166702, 32.7515325417912], [-97.707409999734, 32.7521547653909], [-97.7074111711372, 32.7522097778563], [-97.7073943205391, 32.7535468326269], [-97.7073917738152, 32.7544894841567], [-97.7077740402063, 32.7543815410919], [-97.7080265314798, 32.7543569252499], [-97.7124209200682, 32.7531331414839], [-97.712667226441, 32.7530663915075], [-97.7131305002094, 32.7529408437267], [-97.7135604958881, 32.7528243103269], [-97.7139603971065, 32.7527159315896], [-97.7143427712954, 32.7526123025243], [-97.7147624812642, 32.7524985534565], [-97.7151321586648, 32.7523983616536], [-97.7154208071286, 32.7523201283051], [-97.7158197552344, 32.7522120012912], [-97.7161828812217, 32.7521135725035], [-97.7166141677795, 32.7519966655591], [-97.7169176438353, 32.7519144095655], [-97.717150387444, 32.7518513304178], [-97.7176317056715, 32.7517208792172], [-97.7182088418005, 32.7515644384596], [-97.718582063055, 32.7514632687369], [-97.7189636593029, 32.7513598270907], [-97.7195912421233, 32.7511897019372], [-97.7204081565679, 32.750968247125], [-97.7207596691352, 32.7508742699436], [-97.7215094955978, 32.7506747106125], [-97.7214849446411, 32.7512664305522], [-97.7215710185167, 32.7512439390924], [-97.7240068695799, 32.7506597454201], [-97.7244283860606, 32.7505693165596], [-97.7244210567062, 32.7520546336413], [-97.7228005076118, 32.752024230774], [-97.7227998949608, 32.7514491717533], [-97.7225373048268, 32.7514475285279], [-97.7225365107161, 32.7515381967475], [-97.7216115172647, 32.7515324088223], [-97.7207383269607, 32.751528026892], [-97.7206691414125, 32.7515289040336], [-97.7205779444448, 32.7548480516754], [-97.720515774739, 32.7567880609279], [-97.7198155766026, 32.7567741249447], [-97.7198898295473, 32.7548318406469], [-97.7192132112888, 32.75481587439], [-97.7186976825203, 32.7548036749409], [-97.7180087366811, 32.7547874963898], [-97.7179466568068, 32.7547962153562], [-97.7179035089271, 32.7571624324287], [-97.716319886879, 32.757176219526], [-97.7162641014998, 32.7571777893663], [-97.7162610005155, 32.7572732149058], [-97.7162434070106, 32.7582657606147], [-97.7154827154247, 32.7582674694383], [-97.713616907393, 32.7582787014395], [-97.7135570032383, 32.7582754922964], [-97.7135839994092, 32.7610931977491], [-97.7136429441632, 32.7610668160694], [-97.7143836679971, 32.760688556934], [-97.714383901559, 32.7607199721377], [-97.7143478315054, 32.7624719146148], [-97.7140888229545, 32.7624652836045], [-97.7138068211256, 32.7624580633719], [-97.7136021875988, 32.7624578231507], [-97.7131037555668, 32.7624572422385], [-97.7130282530655, 32.762460510153], [-97.7130255141022, 32.7614502633408], [-97.7130260369217, 32.7614046358966], [-97.7128246391265, 32.7615417085249], [-97.7123492057624, 32.7618086162438], [-97.710691924556, 32.761804738683], [-97.7106294350499, 32.7618012886886], [-97.7106559982328, 32.7621486383134], [-97.7108969362735, 32.7626834676057], [-97.7115190833881, 32.7633856764042], [-97.712551262921, 32.763386984765], [-97.7134663946672, 32.7633881382678], [-97.7134977988712, 32.7631723997334], [-97.7135736723767, 32.7631650111025], [-97.7148639127378, 32.7631643183947], [-97.7149039937692, 32.7631642972434], [-97.7142745505378, 32.7644336045765], [-97.7141924175714, 32.7645790604425], [-97.7140043301138, 32.7645823177036], [-97.7134133239968, 32.7645784848319], [-97.7133066113276, 32.7656237770204], [-97.7122264249277, 32.7656196722546], [-97.7122196480372, 32.7659059637263], [-97.7122202310438, 32.7659904419732], [-97.7122167761232, 32.7660794018203], [-97.7122137739535, 32.7661398678459], [-97.7122020203964, 32.7662304191303], [-97.712184302924, 32.7663669102404], [-97.7121505639986, 32.7666268049248], [-97.7121212744287, 32.7668524403242], [-97.7120932981958, 32.7672227811446], [-97.7120569236133, 32.7675256364926], [-97.7120205193865, 32.7677829603005], [-97.7119223505939, 32.7681448424578], [-97.7110074622911, 32.768133824714], [-97.710273305142, 32.7681198708671], [-97.7102491692069, 32.7689754303279], [-97.7102381980824, 32.7693642458281], [-97.7101968001208, 32.7704438265979], [-97.7101820946996, 32.7709648460216], [-97.7101670721731, 32.771404053436], [-97.7101882571425, 32.7714426934269], [-97.7101478006153, 32.7723792571405], [-97.7101463731924, 32.7725495593451], [-97.705038362044, 32.772480378929], [-97.7039744306592, 32.7725210404634]]], [[[-97.7145835036219, 32.7488413228593], [-97.7145773214161, 32.7469003713671], [-97.7124510648342, 32.7468972811901], [-97.7124190919966, 32.7455479319332], [-97.7143724893617, 32.7456256038074], [-97.7143703226252, 32.7453486198261], [-97.7186468208072, 32.7454281648998], [-97.71873958803, 32.7501540038472], [-97.719752709804, 32.750210518004], [-97.7189948739623, 32.7504152808493], [-97.7186291132163, 32.7505141058918], [-97.7165004527427, 32.751089220813], [-97.7149930419667, 32.7514964618775], [-97.7125249054522, 32.7521632050801], [-97.7124098573154, 32.752198941727], [-97.7124312021849, 32.748838217639], [-97.7145835036219, 32.7488413228593]]]]}, "properties": {"CITY_NM": "Hudson Oaks", "TXDOT_CITY_NBR": 19890, "CITY_FIPS": "4835254", "CNTY_SEAT_FLAG": "N", "POP1990": 711, "POP2000": 1637, "POP2010": 1662, "POP2020": 3564, "POP2022": 2572, "POP_CD": "2", "MAP_COLOR_CD": 1, "COLOR_CD": 1, "GID": 872, "OBJECTID": 947}}]}